ticker,volume,open,close,high,low,window_start,transactions
A,1121448,161.25,157.78,162.33,157.5,1636952400000000000,18393
AA,6349900,50.99,50.63,51,49.44,1636952400000000000,52480
AAA,493,25.02,25.04,25.04,25.02,1636952400000000000,7
AAAU,272219,18.53,18.53,18.57,18.48,1636952400000000000,832
AAC,103627,9.85,9.84,9.85,9.82,1636952400000000000,398
AAC.U,9175,10.08,10.08,10.1,10.07,1636952400000000000,44
AAC.WS,298899,1.34,1.35,1.38,1.28,1636952400000000000,211
AACG,11621,2.19,2.16,2.24,2.146,1636952400000000000,142
AACI,13630,9.78,9.79,9.79,9.73,1636952400000000000,86
AACIU,400,9.96,9.95,9.96,9.95,1636952400000000000,4
AACIW,305020,0.5,0.518,0.519899,0.5,1636952400000000000,117
AADI,201956,22.05,23.77,23.87,22,1636952400000000000,1912
AADR,1440,65.36,65.53,65.53,65.36,1636952400000000000,24
AAIC,80956,3.8,3.82,3.85,3.79,1636952400000000000,607
AAICpC,312,25.65,25.6501,25.6501,25.65,1636952400000000000,2
AAIN,1742,25.01,25.01,25.01,24.98,1636952400000000000,18
AAL,20860685,20.4,20.32,20.565,20.2,1636952400000000000,86507
AAMC,4631,24.8,24.705,25.0599,23.48,1636952400000000000,84
AAME,6422,4.295,4.27,4.3338,4.16,1636952400000000000,127
AAN,117088,26.4,25.75,26.4,25.62,1636952400000000000,2969
AAOI,653458,6.09,6.04,6.3,5.99,1636952400000000000,4866
AAON,289982,77.34,76.75,77.8,76.34,1636952400000000000,3114
AAP,1084228,240.02,241.91,243.05,239.5,1636952400000000000,19872
AAPL,58872792,150.37,150,151.88,149.43,1636952400000000000,422046
AAQC,16114,9.74,9.78,9.78,9.74,1636952400000000000,96
AAQC.U,2614,10.1,10.07,10.1,10.07,1636952400000000000,24
AAQC.WS,13169,1.05,1.01,1.05,1.01,1636952400000000000,68
AAT,239818,39.07,38.94,39.07,38.45,1636952400000000000,2739
AATC,24663,6.96,6.9,6.96,6.86,1636952400000000000,170
AAU,1043254,0.4089,0.3943,0.415,0.3787,1636952400000000000,1934
AAWW,320502,86.06,87.72,87.86,84.95,1636952400000000000,7076
AAXJ,554433,88.03,87.69,88.298,87.635,1636952400000000000,3452
AB,141647,56.51,55.99,56.51,55.55,1636952400000000000,1421
ABB,626734,35.06,34.88,35.085,34.87,1636952400000000000,6372
ABBV,3928500,116.95,116.84,117.8,116.22,1636952400000000000,43477
ABC,655978,125.34,124.42,125.68,124.02,1636952400000000000,11992
ABCB,311833,54.25,53.96,54.45,53.37,1636952400000000000,4157
ABCL,3111083,15.57,16.39,16.77,15.51,1636952400000000000,23290
ABCM,23702,22.79,22.77,22.9479,22.6672,1636952400000000000,465
ABEO,624733,0.92,0.9106,0.942,0.9004,1636952400000000000,2528
ABEQ,3155,28.345,28.2362,28.345,28.23,1636952400000000000,22
ABEV,14506511,3.15,3.14,3.19,3.13,1636952400000000000,15182
ABG,189927,185,184,185,181.32,1636952400000000000,5046
ABIO,110131,2.46,2.44,2.481,2.41,1636952400000000000,647
ABM,281714,48.78,48.87,49.04,48.465,1636952400000000000,4108
ABMD,201427,361.35,348.36,366.49,346.505,1636952400000000000,5596
ABNB,7467103,206.2,207.21,209.24,204.16,1636952400000000000,114395
ABOS,70684,13.21,11.85,13.21,11.65,1636952400000000000,1594
ABR,1146068,19.21,19.2,19.32,19.12,1636952400000000000,8469
ABRpD,13840,25.35,25.28,25.35,25.21,1636952400000000000,131
ABRpE,3696,25.37,25.31,25.37,25.2548,1636952400000000000,70
ABRpF,6611,25.22,25.22,25.26,25.18,1636952400000000000,94
ABSI,250720,11.41,11.33,11.41,10.75,1636952400000000000,3957
ABST,341986,10.51,9.8,10.51,9.77,1636952400000000000,3722
ABT,4551512,128.77,129.44,130.195,128.26,1636952400000000000,47104
ABTX,126451,42.55,43.09,43.3,42,1636952400000000000,3405
ABUS,1297852,3.47,3.36,3.47,3.325,1636952400000000000,6956
ABVC,3787498,3.36,3.56,4.18,3.25,1636952400000000000,10348
AC,30245,41.14,42,43.7,40.85,1636952400000000000,411
ACA,293733,55.87,55.69,55.9,55.15,1636952400000000000,3154
ACAD,1273802,20.91,19.77,20.93,19.745,1636952400000000000,11629
ACAH,12165,9.74,9.7563,9.7563,9.74,1636952400000000000,43
ACAHU,1224,9.96,9.96,9.96,9.96,1636952400000000000,5
ACAHW,2961,0.67,0.69,0.69,0.6413,1636952400000000000,13
ACB,14281494,8.61,8.11,8.69,8.075,1636952400000000000,71060
ACBAU,282,9.76,9.76,9.76,9.76,1636952400000000000,3
ACBAW,4870,0.5105,0.54,0.5501,0.5105,1636952400000000000,8
ACBI,71947,29.8,29.97,30.15,29.77,1636952400000000000,2118
ACC,736957,53.45,54.73,54.78,53.35,1636952400000000000,8612
ACCD,436275,36.15,34.9,36.58,34.81,1636952400000000000,7585
ACCO,298749,9.15,9.14,9.15,9.02,1636952400000000000,2921
ACDI.U,121647,10.07,10.11,10.12,10.07,1636952400000000000,206
ACEL,140844,12.82,12.84,13.04,12.78,1636952400000000000,1855
ACER,41803,2.47,2.4004,2.4737,2.39,1636952400000000000,171
ACES,38948,80.86,79.98,80.86,79.2158,1636952400000000000,690
ACET,88481,9.7,9.35,9.7047,9.22,1636952400000000000,1146
ACEV,36373,9.9698,9.95,9.9698,9.95,1636952400000000000,343
ACEVU,101,10.55,10.55,10.55,10.55,1636952400000000000,2
ACEVW,15390,1.24,1.19,1.25,1.15,1636952400000000000,59
ACGL,1749036,42.18,42.36,42.905,42.18,1636952400000000000,16420
ACGLN,54154,25.79,25.68,25.79,25.53,1636952400000000000,406
ACGLO,18109,25.82,25.82,25.84,25.74,1636952400000000000,193
ACH,150579,13.39,13.27,13.39,13.2,1636952400000000000,1499
ACHC,373975,64.89,64.91,65.53,64.525,1636952400000000000,7098
ACHL,337119,6.19,5.7,6.2,5.63,1636952400000000000,1682
ACHR,1788109,5.74,5.8,5.8558,5.65,1636952400000000000,8395
ACHR.WS,76150,1.23,1.2987,1.43,1.225,1636952400000000000,206
ACHV,43600,8.22,8.1,8.365,8.0505,1636952400000000000,419
ACI,851979,35.12,34.81,35.96,34.73,1636952400000000000,8910
ACII,23609,9.7556,9.76,9.77,9.75,1636952400000000000,57
ACII.U,2859,9.92,9.97,9.97,9.92,1636952400000000000,20
ACII.WS,812,0.89,0.9001,0.9001,0.89,1636952400000000000,4
ACIO,59411,32.0414,32.02,32.1,31.98,1636952400000000000,73
ACIU,521051,5.85,5.78,5.96,5.6246,1636952400000000000,3611
ACIW,643572,36.0091,34.71,36.0091,34.57,1636952400000000000,9438
ACKIT,616,10.08,10.08,10.08,10.08,1636952400000000000,2
ACKIW,9128,0.669899,0.6401,0.67,0.6401,1636952400000000000,32
ACLS,355574,62.13,61.81,62.73,61.0544,1636952400000000000,7334
ACM,1939422,73.5,72.66,73.86,71.08,1636952400000000000,23072
ACMR,234574,107,110.29,111.35,107,1636952400000000000,5345
ACN,1953533,371.77,368.45,372.12,368.06,1636952400000000000,28017
ACNB,5107,28.22,28.24,28.35,28.22,1636952400000000000,122
ACOR,104370,3.63,3.57,3.7,3.53,1636952400000000000,639
ACP,118352,11.4,11.45,11.45,11.35,1636952400000000000,587
ACPpA,502,26.87,26.8986,26.8986,26.87,1636952400000000000,5
ACQR,352756,9.75,9.75,9.76,9.73,1636952400000000000,36
ACQRU,8170,9.97,9.96,9.98,9.92,1636952400000000000,59
ACQRW,15929,1.24,1.19,1.2401,1.19,1636952400000000000,50
ACR,37004,14.91,14.99,15.15,14.8801,1636952400000000000,350
ACRpC,4799,25.834,25.7,25.8399,25.65,1636952400000000000,50
ACRpD,2438,25.4699,25.28,25.4699,25.24,1636952400000000000,61
ACRE,479641,15.99,15.98,16.18,15.92,1636952400000000000,4076
ACRO,133998,9.69,9.71,9.72,9.68,1636952400000000000,691
ACRO.U,90763,10,9.98,10.04,9.98,1636952400000000000,527
ACRO.WS,33443,0.9501,0.9995,1.06,0.95,1636952400000000000,507
ACRS,265602,15.68,14.54,15.68,14.47,1636952400000000000,3305
ACRX,2698020,0.78,0.7461,0.815,0.7302,1636952400000000000,4579
ACSI,2118,53.314,53.06,53.314,53.0502,1636952400000000000,28
ACST,336555,1.62,1.59,1.64,1.58,1636952400000000000,1866
ACT,233164,22.48,22.8,22.81,22.4066,1636952400000000000,2900
ACTD,1497,9.77,9.77,9.77,9.7601,1636952400000000000,27
ACTDU,155,9.97,9.97,9.97,9.97,1636952400000000000,3
ACTDW,6150,1.66,1.65,1.7,1.65,1636952400000000000,25
ACTG,273602,5.54,5.52,5.6,5.42,1636952400000000000,2306
ACTV,5454,38.95,38.9657,39.14,38.95,1636952400000000000,40
ACU,2604,36,35.9,36.08,35.775,1636952400000000000,75
ACV,20464,36.76,37.08,37.24,36.76,1636952400000000000,206
ACVA,1372966,19.75,20.44,20.47,19.725,1636952400000000000,12128
ACVF,21193,35.33,35.12,35.33,35.08,1636952400000000000,119
ACWF,7106,39.205,38.9968,39.23,38.9968,1636952400000000000,123
ACWI,2585523,107.29,107.01,107.3,106.84,1636952400000000000,12787
ACWV,74471,107.31,107.35,107.54,107.275,1636952400000000000,608
ACWX,623126,57.98,57.81,58.08,57.77,1636952400000000000,2630
ACXP,43231,4.91,4.97,5.18,4.8301,1636952400000000000,268
ACY,3488,44.48,44.17,45,44.17,1636952400000000000,140
ADAG,19360,11,10.29,11,10.06,1636952400000000000,323
ADALU,26710,10.0735,10.08,10.08,10.0735,1636952400000000000,23
ADAP,907266,4.6252,4.35,4.69,4.33,1636952400000000000,5346
ADBE,1068621,658.37,659.73,663.665,655.19,1636952400000000000,40922
ADC,354695,70.22,70.65,70.65,69.86,1636952400000000000,6711
ADCpA,3845,24.35,24.25,24.35,24.2245,1636952400000000000,68
ADCT,47407,26.23,26.28,26.69,25.9001,1636952400000000000,752
ADER,28937,9.86,9.88,9.9,9.86,1636952400000000000,191
ADERU,28053,10.3,10.285,10.3,10.28,1636952400000000000,92
ADERW,61941,0.86,0.9,0.9,0.8011,1636952400000000000,142
ADES,270448,7.8,7.83,8,7.76,1636952400000000000,2369
ADEX,20274,9.73,9.75,9.75,9.73,1636952400000000000,60
ADF,119180,10.16,10.17,10.17,10.1,1636952400000000000,175
ADF.WS,11922,1.95,1.9912,1.9912,1.95,1636952400000000000,60
ADFI,557,9.65,9.625,9.65,9.625,1636952400000000000,17
ADGI,487064,19.25,20.35,21.48,19.25,1636952400000000000,6855
ADI,1326482,185.72,185.06,185.72,183.74,1636952400000000000,29073
ADIL,230552,3.27,3.16,3.33,3.0938,1636952400000000000,774
ADILW,3205,0.8498,0.78,0.8499,0.7581,1636952400000000000,7
ADIV,4,17.9052,17.9052,17.9052,17.9052,1636952400000000000,2
ADM,2011683,66.43,66.95,66.98,65.88,1636952400000000000,22460
ADMA,3953233,1.67,1.55,1.67,1.515,1636952400000000000,8068
ADME,18027,42.67,42.53,42.67,42.53,1636952400000000000,60
ADMP,1806760,1,0.9927,1.01,0.98,1636952400000000000,4918
ADMS,348050,8.17,8.13,8.17,8.13,1636952400000000000,1532
ADN,428218,9.2,9.75,9.85,8.94,1636952400000000000,5676
ADNT,891732,47.43,46.44,47.93,45.52,1636952400000000000,11045
ADNWW,86267,1.6,1.89,1.9,1.6,1636952400000000000,415
ADOCR,109,0.4,0.4,0.4,0.4,1636952400000000000,2
ADOCW,1493,0.26,0.28,0.289,0.26,1636952400000000000,5
ADP,1013610,231.8,233.06,233.24,229.77,1636952400000000000,21764
ADPT,515949,33.25,32.58,33.82,32.5007,1636952400000000000,8428
ADRA,28593,9.81,9.87,9.87,9.81,1636952400000000000,92
ADRA.WS,1100,0.600501,0.61,0.61,0.600501,1636952400000000000,2
ADRE,4143,51.36,50.971,51.36,50.957,1636952400000000000,63
ADS,568848,80.57,79.92,80.89,79.42,1636952400000000000,10296
ADSK,861656,330.74,326.39,332.46,325.09,1636952400000000000,25758
ADT,1819268,9.14,8.95,9.22,8.91,1636952400000000000,14119
ADTN,470916,21.4,21.42,22.6,21.34,1636952400000000000,5588
ADTX,1106267,1.44,1.35,1.44,1.325,1636952400000000000,2417
ADUS,69283,103.16,102.89,104.48,102.415,1636952400000000000,3879
ADV,525969,9.04,8.97,9.12,8.91,1636952400000000000,3302
ADVM,698718,2.2,2.17,2.2099,2.15,1636952400000000000,4226
ADVWW,2621,1.98,1.99,2.04,1.96,1636952400000000000,15
ADX,437688,22.18,22.03,22.18,21.98,1636952400000000000,2198
ADXN,1033,7.95,8.0409,8.0409,7.95,1636952400000000000,17
ADXS,6657079,0.444,0.4085,0.449,0.4051,1636952400000000000,9116
AE,10381,29.39,29.3,29.85,29.0001,1636952400000000000,218
AEAC,1769,9.745,9.745,9.745,9.745,1636952400000000000,10
AEACW,6819,0.68,0.6878,0.6878,0.659999,1636952400000000000,32
AEAEU,61442,10.08,10.08,10.08,10.05,1636952400000000000,182
AEE,793774,85.03,85.79,85.83,84.7,1636952400000000000,11662
AEF,88399,8.47,8.41,8.5133,8.41,1636952400000000000,235
AEFC,21999,26.83,26.61,26.8462,26.56,1636952400000000000,232
AEG,1368108,4.88,4.91,4.925,4.85,1636952400000000000,2487
AEHAW,55751,0.5087,0.518,0.52,0.5,1636952400000000000,106
AEHL,137393,2.83,2.75,2.83,2.72,1636952400000000000,583
AEHR,1326981,25.12,25.1,26.15,24.13,1636952400000000000,10605
AEI,1776327,1.88,1.92,1.97,1.84,1636952400000000000,4767
AEIS,193239,92.23,90.67,92.63,89.88,1636952400000000000,4146
AEL,354706,37.6,37.31,38.4288,37.24,1636952400000000000,5439
AELpA,62549,26.97,26.695,27.05,26.659,1636952400000000000,394
AELpB,8216,27.91,27.635,27.91,27.59,1636952400000000000,126
AEM,1167514,56.88,57.37,57.43,56.58,1636952400000000000,12923
AEMB,3,48.7,48.7,48.7,48.7,1636952400000000000,3
AEMD,146622,3.14,3.03,3.15,2.971,1636952400000000000,721
AENZ,38716,1.82,1.84,1.85,1.82,1636952400000000000,114
AEO,3338982,27.17,27.17,27.64,27,1636952400000000000,26638
AEP,2098958,82.25,82.88,82.9,81.81,1636952400000000000,26180
AEPPL,17140,48.7945,48.95,49.22,48.73,1636952400000000000,100
AEPPZ,7291,49.9,49.8884,50.021,49.793,1636952400000000000,84
AER,656194,65.36,65.36,65.86,64.67,1636952400000000000,10452
AERI,429079,12.06,11.63,12.27,11.54,1636952400000000000,5115
AES,3193721,25,25.03,25.09,24.67,1636952400000000000,21123
AESC,5759,99.23,99.35,99.53,98.58,1636952400000000000,112
AESE,2605332,2.23,2.14,2.27,2.125,1636952400000000000,6775
AESR,13146,14.79,14.8043,14.83,14.79,1636952400000000000,36
AEVA,2161443,8.85,9,9.01,8.68,1636952400000000000,14007
AEVA.WS,10677,2.12,2.37,2.37,2.12,1636952400000000000,71
AEY,85368,2.17,2.03,2.17,2.0001,1636952400000000000,295
AEYE,73312,8.78,9.13,9.45,8.7712,1636952400000000000,784
AEZS,1069022,0.564,0.5535,0.569699,0.55,1636952400000000000,1964
AFACU,9645,10.08,10.08,10.085,10.07,1636952400000000000,126
AFAQ,12336,9.755,9.75,9.755,9.75,1636952400000000000,13
AFAQW,3307,0.7,0.69,0.719299,0.69,1636952400000000000,19
AFB,31486,14.91,14.86,14.91,14.8135,1636952400000000000,144
AFBI,4356,14.68,14.85,14.9,14.68,1636952400000000000,49
AFCG,205980,25.34,24.87,25.5,24.81,1636952400000000000,2780
AFG,216777,140.08,139.47,140.28,138.619,1636952400000000000,4670
AFGB,12150,27.2,27.11,27.2,27,1636952400000000000,154
AFGC,4016,27.09,26.935,27.15,26.935,1636952400000000000,86
AFGD,38175,29.06,28.965,29.1,28.81,1636952400000000000,192
AFGE,1434,27.03,26.98,27.1,26.98,1636952400000000000,36
AFI,102532,2.25,2.1,2.25,2.09,1636952400000000000,476
AFIB,2309096,3.53,3.72,3.83,3.53,1636952400000000000,12533
AFIF,30594,9.5992,9.582,9.6051,9.58,1636952400000000000,47
AFIN,580228,8.53,8.51,8.59,8.452,1636952400000000000,3903
AFINO,2522,26.625,26.44,26.625,26.4,1636952400000000000,19
AFINP,15499,27.45,27.84,27.85,27.17,1636952400000000000,166
AFK,6478,21.79,21.75,21.81,21.69,1636952400000000000,135
AFL,3430742,57.24,57.57,57.76,56.97,1636952400000000000,29754
AFLG,60,27.4572,27.4572,27.4572,27.4572,1636952400000000000,12
AFMC,6,27.1324,27.1324,27.1324,27.1324,1636952400000000000,6
AFMD,2325968,5.92,6.04,6.04,5.846,1636952400000000000,7892
AFRM,6722619,150.62,147.99,150.68,144.51,1636952400000000000,87841
AFSM,2204,28.82,28.79,28.82,28.75,1636952400000000000,17
AFT,61368,16.18,16.25,16.26,16.1631,1636952400000000000,182
AFTR,4635,9.71,9.7098,9.71,9.7,1636952400000000000,26
AFTR.U,899,10,10.03,10.03,10,1636952400000000000,10
AFTR.WS,7982,0.8902,0.8902,0.8937,0.890198,1636952400000000000,27
AFTY,947,21.09,21.04,21.09,21.04,1636952400000000000,17
AFYA,93143,15.56,15.33,15.655,15.115,1636952400000000000,1788
AG,3687059,13.84,13.8,13.96,13.63,1636952400000000000,21514
AGAC,462,9.75,9.74,9.75,9.74,1636952400000000000,53
AGAC.U,555,10.1862,10.14,10.195,10.14,1636952400000000000,9
AGAC.WS,49756,0.5659,0.5699,0.58,0.54,1636952400000000000,52
AGBA,1766,11,11,11.03,11,1636952400000000000,20
AGBAR,295053,0.322,0.285,0.3309,0.25,1636952400000000000,293
AGBAW,21848,0.27,0.2844,0.2915,0.253501,1636952400000000000,60
AGC,4232472,15.56,14.93,16.325,14.82,1636952400000000000,20935
AGCB,156784,10.35,10.38,10.515,10.32,1636952400000000000,705
AGCO,485828,129,127.45,129.23,126.765,1636952400000000000,9662
AGCUU,37090,17.46,15.78,17.6,15.78,1636952400000000000,458
AGCWW,202745,5.38,4.7,5.71,4.26,1636952400000000000,951
AGD,22016,12.3,12.25,12.3,12.1838,1636952400000000000,126
AGE,120773,0.81,0.81,0.8379,0.7981,1636952400000000000,419
AGEN,5894259,3.85,3.65,3.87,3.57,1636952400000000000,24496
AGFS,62906,2.07,1.97,2.1,1.95,1636952400000000000,328
AGFY,729516,21.98,22.32,23.55,21.14,1636952400000000000,7149
AGG,6385530,114.3,113.9,114.31,113.9,1636952400000000000,22995
AGGR,1100,9.75,9.77,9.77,9.75,1636952400000000000,12
AGGRU,1114,9.99,10.01,10.01,9.99,1636952400000000000,9
AGGRW,4795,0.99,0.9899,0.99,0.89,1636952400000000000,19
AGGY,73994,51.8,51.61,51.8042,51.61,1636952400000000000,344
AGI,2004725,8.62,8.61,8.695,8.545,1636952400000000000,9053
AGIL,49892,10.41,10.42,10.42,9.5895,1636952400000000000,651
AGILW,49422,1.18,1.13,1.18,1.1,1636952400000000000,45
AGIO,523222,42.24,40.58,42.24,40.43,1636952400000000000,9047
AGL,1336136,25.46,25.34,25.64,25.17,1636952400000000000,6693
AGLE,160808,7.01,7.19,7.235,7,1636952400000000000,1316
AGM,41323,131.53,131.25,131.835,130.62,1636952400000000000,1047
AGMpC,1400,28.4998,28.4998,28.89,28.4998,1636952400000000000,6
AGMpD,3335,26.88,26.89,26.89,26.86,1636952400000000000,38
AGMpE,1937,26.91,26.83,26.93,26.83,1636952400000000000,16
AGMpF,9811,26,25.87,26.25,25.87,1636952400000000000,87
AGMpG,15147,25.85,25.82,25.85,25.7,1636952400000000000,73
AGMH,96190,10.91,10.9,11,10.73,1636952400000000000,452
AGNC,3346995,16.05,16.02,16.105,15.99,1636952400000000000,18891
AGNCM,7710,25.6366,25.4,25.6366,25.4,1636952400000000000,83
AGNCN,10794,25.58,25.5,25.58,25.5,1636952400000000000,99
AGNCO,20281,25.8658,25.71,25.8658,25.6709,1636952400000000000,211
AGNCP,36679,25.48,25.35,25.48,25.24,1636952400000000000,226
AGNG,6423,30,29.7366,30,29.7101,1636952400000000000,99
AGO,569342,54.05,53.76,54.19,53.46,1636952400000000000,6835
AGOV,3013,98.85,98.965,98.965,98.78,1636952400000000000,21
AGOX,48295,26.37,26.4,26.48,26.3206,1636952400000000000,145
AGQ,778234,40.85,40.99,41.25,40.3604,1636952400000000000,4185
AGR,237625,50.64,51.03,51.08,50.23,1636952400000000000,5029
AGRI,1486327,2.46,2.35,2.75,2.33,1636952400000000000,3085
AGRIW,151745,0.4501,0.41,0.5,0.4,1636952400000000000,326
AGRO,1095860,10.3,10.21,10.31,10,1636952400000000000,8264
AGRX,726630,0.7585,0.7446,0.76,0.7201,1636952400000000000,1670
AGS,243721,8.1,7.69,8.1,7.555,1636952400000000000,2822
AGT,1955,30.08,30.1027,30.26,30.01,1636952400000000000,22
AGTC,461798,2.632,2.46,2.632,2.45,1636952400000000000,3191
AGTI,246939,25.03,24.93,25.525,24.27,1636952400000000000,4053
AGX,53615,45.24,44.83,45.24,44.415,1636952400000000000,775
AGYS,65790,48.05,47.53,48.05,47,1636952400000000000,1438
AGZ,22972,117.81,117.73,117.88,117.6928,1636952400000000000,307
AGZD,15074,46.76,46.87,46.89,46.76,1636952400000000000,110
AHCO,3310060,25.4,25.29,25.44,24.98,1636952400000000000,6206
AHH,176079,14.96,14.99,15.04,14.89,1636952400000000000,1650
AHHpA,24554,26.78,26.79,27.35,26.56,1636952400000000000,130
AHHX,3,10.395,10.395,10.395,10.395,1636952400000000000,3
AHLpC,8284,27.26,27.08,27.26,26.874,1636952400000000000,112
AHLpD,4566,27.28,27.1298,27.28,27.05,1636952400000000000,78
AHLpE,6639,26.16,26.18,26.185,26.05,1636952400000000000,136
AHPAU,400109,10.15,10.13,10.15,10.13,1636952400000000000,3
AHPI,83411,5.24,5.04,5.24,4.92,1636952400000000000,431
AHT,1498193,13.48,13.73,13.73,13.31,1636952400000000000,9888
AHTpD,2024,28.25,28.06,28.25,27.9332,1636952400000000000,10
AHTpF,774,26.16,26.69,26.69,26.16,1636952400000000000,9
AHTpG,8850,26.49,26.8,26.8,26.27,1636952400000000000,72
AHTpH,2435,25.715,26.84,26.85,25.715,1636952400000000000,21
AHTpI,924,26.8,26.83,26.83,26.8,1636952400000000000,3
AI,4896421,50.25,48.28,51.6486,47.78,1636952400000000000,43935
AIA,125439,82.22,81.8,82.26,81.63,1636952400000000000,477
AIC,3525,25.34,25.33,25.3427,25.33,1636952400000000000,20
AIEQ,34650,44.65,44.52,44.65,44.16,1636952400000000000,627
AIF,28090,15.96,15.94,15.9682,15.81,1636952400000000000,166
AIG,3819806,58.39,58.09,58.59,57.87,1636952400000000000,29367
AIGpA,30996,26.78,26.75,26.88,26.67,1636952400000000000,275
AIH,14290,3.8,3.7999,3.85,3.75,1636952400000000000,68
AIHS,691460,0.6999,0.6772,0.6999,0.6603,1636952400000000000,942
AIIQ,1544,34.43,34.2495,34.43,34.2495,1636952400000000000,30
AIKI,1178843,0.8098,0.7836,0.8098,0.7719,1636952400000000000,2189
AIM,194334,1.74,1.71,1.74,1.7,1636952400000000000,484
AIMC,184520,59.72,59.59,59.72,59.01,1636952400000000000,2629
AIN,129925,88.81,88.08,89,87.84,1636952400000000000,2252
AINC,18094,24.2,24.23,25.1475,23.74,1636952400000000000,381
AINV,450456,13.2,13.07,13.25,13.06,1636952400000000000,3153
AIO,58101,28.32,28.28,28.47,28.13,1636952400000000000,469
AIP,129958,22,22.9,22.99,21.1485,1636952400000000000,1925
AIQ,26052,33.2,32.99,33.2,32.94,1636952400000000000,420
AIR,162551,38.82,38.02,38.82,37.84,1636952400000000000,3533
AIRC,375416,54.11,54.3,54.55,53.42,1636952400000000000,5430
AIRG,29663,10.67,10.27,10.69,10.21,1636952400000000000,458
AIRI,1396620,1.05,1.06,1.08,1.04,1636952400000000000,2894
AIRR,20835,47.69,47.3161,47.69,47.1301,1636952400000000000,186
AIRS,658024,15.17,16.59,16.95,14.96,1636952400000000000,5196
AIRT,2126,28.575,28.53,29.4,28.53,1636952400000000000,160
AIRTP,1324,25.1001,25.103,25.24,25.1,1636952400000000000,13
AIT,100548,105.42,104.56,105.42,103.47,1636952400000000000,2845
AIV,1164342,8.02,8.14,8.15,7.9299,1636952400000000000,7085
AIZ,392983,160.96,160.11,161.48,159.57,1636952400000000000,7601
AIZN,6132,26.65,26.532,26.65,26.45,1636952400000000000,136
AJG,731952,166.41,165.38,166.68,164.69,1636952400000000000,10819
AJRD,347104,43.85,43.6,43.85,43,1636952400000000000,4365
AJX,87114,13.95,13.99,14.1,13.91,1636952400000000000,771
AJXA,2369,26.51,26.43,26.55,26.43,1636952400000000000,38
AKA,411788,13,14.27,14.37,12.99,1636952400000000000,5502
AKAM,2106620,109.26,108.48,109.77,107.77,1636952400000000000,26745
AKBA,2591558,2.89,2.87,2.92,2.8426,1636952400000000000,9333
AKIC,758,9.78,9.78,9.78,9.78,1636952400000000000,17
AKICW,8042,0.73,0.8,0.8,0.73,1636952400000000000,42
AKO.A,697,11.37,11.19,11.37,10.97,1636952400000000000,29
AKO.B,5355,13,12.61,13,12.46,1636952400000000000,78
AKR,430321,22.38,22.46,22.53,22.25,1636952400000000000,4402
AKRO,169345,26.71,25.93,26.98,25.72,1636952400000000000,2918
AKTS,365660,7.93,7.79,7.93,7.65,1636952400000000000,3544
AKTX,24333,1.66,1.65,1.6742,1.6201,1636952400000000000,125
AKU,299550,1.91,2.15,2.15,1.91,1636952400000000000,995
AKUS,137068,9.25,9.06,9.25,8.91,1636952400000000000,1688
AKYA,513788,13.4,13.07,13.43,12.72,1636952400000000000,2133
AL,365680,47.83,47.01,47.99,46.89,1636952400000000000,5365
ALpA,12310,26.74,26.53,26.7749,26.45,1636952400000000000,103
ALACR,25348,0.545,0.51,0.5699,0.5,1636952400000000000,48
ALACW,58922,0.41,0.36,0.419511,0.36,1636952400000000000,188
ALB,941294,275.83,271.29,276.53,265.32,1636952400000000000,21988
ALBO,207410,29.15,27.75,29.18,27.42,1636952400000000000,3164
ALC,589014,83,81.64,83,81.36,1636952400000000000,8781
ALCC,7020,9.9,9.91,9.91,9.85,1636952400000000000,49
ALCO,18750,37.65,37.24,37.65,36.65,1636952400000000000,394
ALDX,366098,8.83,8.66,8.965,8.62,1636952400000000000,3822
ALE,167473,64.51,64.51,64.68,63.92,1636952400000000000,2997
ALEC,695400,23.4,21.91,23.59,21.67,1636952400000000000,7784
ALEX,235507,24.62,24.5,24.73,24.34,1636952400000000000,2643
ALF,307152,4.83,4.61,4.87,4.54,1636952400000000000,2007
ALFA,1253,88.8499,88.14,88.8499,88.12,1636952400000000000,34
ALFIW,912,2.05,2.25,2.25,2.05,1636952400000000000,19
ALG,26130,157.67,154.96,157.67,154.08,1636952400000000000,1189
ALGM,404175,33.06,33.08,33.36,32.89,1636952400000000000,5033
ALGN,320886,692.06,680.19,692.06,674.51,1636952400000000000,12353
ALGS,76804,17.19,16.85,17.43,16.46,1636952400000000000,1891
ALGT,69630,188.49,188.23,189.7468,186.18,1636952400000000000,3499
ALHC,563944,21.8,22.48,22.55,21.63,1636952400000000000,9008
ALIM,37825,6.18,5.79,6.1939,5.7385,1636952400000000000,348
ALINpA,7138,4.94,4.73,5.36,4.71,1636952400000000000,73
ALINpB,5545,5.07,4.89,5.32,4.8306,1636952400000000000,65
ALINpE,14605,5.1,4.85,5.17,4.85,1636952400000000000,103
ALIT,1501421,11.15,11,11.17,10.97,1636952400000000000,7469
ALIT.WS,47813,2.97,3.01,3.04,2.97,1636952400000000000,212
ALJJ,34562,1.11,1.14,1.15,1.1,1636952400000000000,90
ALK,1216629,56.05,55.67,56.4,55.3778,1636952400000000000,16523
ALKS,1355151,24.01,23.16,24.1,23.105,1636952400000000000,12028
ALKT,382629,27.96,28.91,29.27,27.96,1636952400000000000,7622
ALL,1773286,115.15,114.8,115.44,114.43,1636952400000000000,25009
ALLpB,45375,26.8,26.595,26.8,26.55,1636952400000000000,331
ALLpG,12677,26.86,26.735,26.885,26.6803,1636952400000000000,177
ALLpH,34159,27.06,26.9,27.06,26.81,1636952400000000000,330
ALLpI,6362,27.02,26.92,27.02,26.84,1636952400000000000,120
ALLE,382437,135.58,134.04,135.685,133.62,1636952400000000000,7400
ALLK,369396,82.72,82.85,84.65,81.75,1636952400000000000,4020
ALLO,742249,19.49,18.87,19.49,18.75,1636952400000000000,8767
ALLT,202975,12.31,11.84,12.35,11.63,1636952400000000000,2745
ALLY,2629205,50.5,49.93,50.81,49.91,1636952400000000000,22279
ALNA,1077146,0.8546,0.8331,0.8713,0.83,1636952400000000000,2426
ALNY,553991,169.74,173.31,174.6,169.27,1636952400000000000,9233
ALOT,17359,16.84,17.6,17.87,16.84,1636952400000000000,174
ALPpQ,31146,25.94,26.02,26.02,25.87,1636952400000000000,364
ALPA,2215,9.73,9.73,9.73,9.73,1636952400000000000,9
ALPAU,2803,9.94,9.95,9.95,9.94,1636952400000000000,5
ALPN,49309,13.15,13.24,13.26,12.74,1636952400000000000,857
ALPP,1438926,3,2.85,3,2.8,1636952400000000000,4814
ALRM,195849,85.17,83.65,85.2857,83.1,1636952400000000000,4833
ALRN,454894,0.875,0.8384,0.881901,0.83,1636952400000000000,985
ALRS,27281,34.88,35.01,35.73,34,1636952400000000000,712
ALSN,608032,36.53,36.55,36.765,36.33,1636952400000000000,8138
ALT,702950,11.09,11.16,11.257,10.9,1636952400000000000,5622
ALTG,244246,17.38,16.57,17.38,16.52,1636952400000000000,1285
ALTGpA,7203,27.82,27.55,28,27.31,1636952400000000000,116
ALTL,43091,44.77,44.84,44.98,44.7307,1636952400000000000,189
ALTM,69765,64.35,65,66.4874,64.05,1636952400000000000,1305
ALTO,2091686,5.73,5.43,5.79,5.29,1636952400000000000,12651
ALTR,190336,79.26,78.18,79.26,77.2,1636952400000000000,3907
ALTS,298,39.702,39.702,39.7319,39.702,1636952400000000000,4
ALTU,18711,9.89,9.91,9.93,9.89,1636952400000000000,90
ALTUW,86798,0.7821,0.78,0.82,0.75,1636952400000000000,168
ALTY,11987,13.59,13.56,13.59,13.5501,1636952400000000000,193
ALV,874085,103.11,101.99,103.67,101.62,1636952400000000000,13232
ALVR,108709,22.35,21.73,22.35,21.53,1636952400000000000,2097
ALX,9854,272,273.29,273.29,267.645,1636952400000000000,548
ALXO,166815,45.31,46.39,47.03,44.263,1636952400000000000,4428
ALYA,118508,2.86,2.93,3,2.86,1636952400000000000,908
ALZN,2111648,2.32,2.29,2.39,2.25,1636952400000000000,5697
AM,2260200,10.61,10.53,10.63,10.415,1636952400000000000,12355
AMAL,53499,18.93,18.89,19.77,18.66,1636952400000000000,567
AMAM,9220,11.64,11.33,12.53,11.1401,1636952400000000000,250
AMAOW,103,0.65,0.65,0.65,0.65,1636952400000000000,1
AMAT,7265105,156.9628,156.27,158.14,155.2,1636952400000000000,69681
AMAX,52,9.8066,9.8066,9.8066,9.8066,1636952400000000000,52
AMBA,621926,198.49,190.26,198.49,187.5,1636952400000000000,12658
AMBC,858138,16.75,16.77,17,16.57,1636952400000000000,4361
AMBC.WS,600,4.83,4.8101,4.83,4.78,1636952400000000000,5
AMBO,99341,1.28,1.27,1.305,1.2219,1636952400000000000,399
AMBP,652833,9.64,9.58,9.72,9.54,1636952400000000000,3889
AMBP.WS,52508,2.02,2.01,2.02,1.95,1636952400000000000,221
AMC,39874057,40.35,42.68,43.23,40.21,1636952400000000000,314121
AMCI,9599,9.71,9.71,9.7263,9.71,1636952400000000000,20
AMCIW,41763,0.6612,0.6901,0.6901,0.6,1636952400000000000,99
AMCR,2850732,12.38,12.39,12.45,12.33,1636952400000000000,12008
AMCX,307873,46.8,48.61,48.93,46.7,1636952400000000000,6621
AMD,52209162,148,146.49,148.98,142.86,1636952400000000000,386060
AME,703465,140.74,140.09,140.74,139.37,1636952400000000000,9520
AMED,241302,183.87,180.03,185.23,179.2,1636952400000000000,9118
AMEH,2426600,110,119.12,133.23,109.45,1636952400000000000,30105
AMER,581,32.16,32.0987,32.2,32.0987,1636952400000000000,14
AMG,84101,186.21,183.28,186.94,182.92,1636952400000000000,2981
AMGN,3115062,210.69,207.4,210.89,207.08,1636952400000000000,50471
AMH,1249770,39.92,40,40.1,39.72,1636952400000000000,13730
AMHpF,5918,25.6,25.46,25.6,25.46,1636952400000000000,54
AMHpG,13060,25.58,25.51,25.58,25.5,1636952400000000000,96
AMHpH,6897,27.07,26.7,27.07,26.64,1636952400000000000,95
AMJ,464809,19.38,19.44,19.54,19.3,1636952400000000000,2078
AMK,68899,27.8,27.33,27.855,27.23,1636952400000000000,1145
AMKR,505456,23.54,23.39,23.54,23.12,1636952400000000000,7569
AMLP,1116152,35.03,35.01,35.31,34.86,1636952400000000000,5741
AMN,475773,110,111.37,111.79,106.94,1636952400000000000,9112
AMNA,2,34.4402,34.4402,34.4402,34.4402,1636952400000000000,2
AMNB,17359,38.45,38.7,38.86,37.88,1636952400000000000,654
AMND,204,35.57,35.7534,35.7534,35.57,1636952400000000000,6
AMOM,6253,38.31,38.1132,38.3305,38.03,1636952400000000000,172
AMOT,20161,41.96,40.73,41.96,40.28,1636952400000000000,508
AMOV,2279,18.43,18.7193,18.7193,18.3,1636952400000000000,70
AMP,375117,308.85,307.68,310.545,306.83,1636952400000000000,8891
AMPE,1429233,1.34,1.31,1.34,1.27,1636952400000000000,2964
AMPG,690275,4.35,4.15,4.4,4.01,1636952400000000000,2742
AMPH,306201,21.38,21.15,21.5,21.04,1636952400000000000,2750
AMPI,4610,9.7501,9.75,9.78,9.75,1636952400000000000,32
AMPI.U,13779,9.89,9.9,9.9,9.86,1636952400000000000,198
AMPI.WS,6383,0.905,0.8801,0.9298,0.8801,1636952400000000000,20
AMPL,2045709,72.08,72.69,73.63,67.07,1636952400000000000,20459
AMPY,1573741,3.16,3.03,3.2,2.9,1636952400000000000,6406
AMR,430190,50.9,50.08,52.155,48.2,1636952400000000000,6516
AMRC,341450,97.5,93.3,97.66,91.95,1636952400000000000,7304
AMRK,59612,74.9,74.53,75.7614,73,1636952400000000000,2012
AMRN,3668074,4.02,3.98,4.09,3.97,1636952400000000000,13466
AMRS,8183870,8.085,7.87,8.16,7.76,1636952400000000000,34392
AMRX,616602,5.23,5.16,5.23,5.14,1636952400000000000,3579
AMS,50498,2.74,2.66,2.77,2.65,1636952400000000000,236
AMSC,173019,16.05,15.65,16.05,15.38,1636952400000000000,2946
AMSF,158079,56.88,56.5,56.88,56.34,1636952400000000000,1232
AMST,171848,1.46,1.39,1.46,1.36,1636952400000000000,586
AMSWA,64358,31.55,31.09,31.55,31.01,1636952400000000000,1949
AMT,3466577,267.33,260.5,268.535,259.14,1636952400000000000,64872
AMTB,52053,30,30.1,30.11,29.75,1636952400000000000,1003
AMTBB,9105,28.21,28.18,28.71,28.18,1636952400000000000,238
AMTI,172821,22.21,22.58,22.91,21.63,1636952400000000000,2579
AMTR,0,41.4642,41.4642,41.4642,41.4642,1636952400000000000,0
AMTX,712514,21.25,19.82,21.25,18.93,1636952400000000000,8830
AMUB,116,12.21,12.21,12.21,12.21,1636952400000000000,5
AMWD,59078,75.02,73.86,75.4554,73.65,1636952400000000000,2227
AMWL,1894773,8.66,8.54,8.78,8.415,1636952400000000000,15439
AMX,1278794,18.42,18.64,18.68,18.38,1636952400000000000,7668
AMYT,71147,11.11,11.18,11.3599,11.03,1636952400000000000,631
AMZA,96758,28.24,28.27,28.491,28.03,1636952400000000000,808
AMZN,2874268,3537,3545.68,3593.88,3525.81,1636952400000000000,160896
AN,441335,128.96,129.02,130.115,127.23,1636952400000000000,11142
ANAB,107973,32.75,32.15,32.8,31.99,1636952400000000000,2292
ANAC,217262,9.74,9.76,9.76,9.73,1636952400000000000,675
ANAC.U,89273,9.9,9.94,9.94,9.9,1636952400000000000,182
ANAC.WS,16500,0.838,0.8222,0.8442,0.8191,1636952400000000000,29
ANAT,34413,190,189.7,190,189.4,1636952400000000000,1289
ANDE,153764,37.79,37.35,37.82,36.62,1636952400000000000,3517
ANEB,3928,6.4,6.54,6.63,6.4,1636952400000000000,35
ANET,354985,525,528.17,532.43,521.539,1636952400000000000,11315
ANEW,2277,47.5,47.2,47.51,47.19,1636952400000000000,39
ANF,1195470,46.63,46.16,46.99,45.65,1636952400000000000,14779
ANGI,1126772,11.04,11.02,11.27,10.82,1636952400000000000,9309
ANGL,954637,33.16,33.015,33.16,33.01,1636952400000000000,3579
ANGN,606501,4.45,4.21,4.5199,4,1636952400000000000,3612
ANGO,262745,29.83,29.07,29.83,28.91,1636952400000000000,3891
ANIK,104070,38.89,39.01,39.75,38.5,1636952400000000000,1772
ANIP,185684,45.88,45.01,45.88,44.04,1636952400000000000,3970
ANIX,135541,4.68,4.55,4.79,4.47,1636952400000000000,689
ANNX,210087,16.5,15.34,16.54,15.25,1636952400000000000,3575
ANPC,265300,1.65,1.63,1.76,1.63,1636952400000000000,1176
ANSS,350073,393.41,394.43,396.29,389.35,1636952400000000000,12250
ANTE,84459,2.29,2.18,2.32,2.1,1636952400000000000,382
ANTM,1110912,436.44,434.39,438.17,433.01,1636952400000000000,22438
ANVS,249814,29.01,27.89,29.78,27.65,1636952400000000000,3689
ANY,9642077,6.8603,6.76,7.18,6.56,1636952400000000000,32640
ANZU,160802,9.74,9.77,9.77,9.733,1636952400000000000,70
ANZUU,250611,9.99,10,10.015,9.98,1636952400000000000,41
ANZUW,334127,0.698,0.78,0.8119,0.6691,1636952400000000000,1114
AOA,50767,73.61,73.37,73.61,73.2925,1636952400000000000,887
AOD,167972,10.22,10.2,10.22,10.17,1636952400000000000,585
AOK,131412,40.2,40.01,40.2293,40.01,1636952400000000000,508
AOM,83703,45.83,45.69,45.83,45.63,1636952400000000000,644
AOMR,34151,17.57,17.67,17.73,17.5,1636952400000000000,494
AON,1108658,299.86,300.44,303.66,298.57,1636952400000000000,22480
AOR,145154,57.61,57.52,57.69,57.39,1636952400000000000,780
AOS,781528,82,81.76,82,81.06,1636952400000000000,12182
AOSL,325782,45.89,44.33,45.92,43.59,1636952400000000000,6298
AOUT,72722,24.25,24.71,24.74,24.1101,1636952400000000000,1704
AP,21483,5.15,5.1,5.27,5.02,1636952400000000000,278
AP.WS,303,0.8497,0.7997,0.8497,0.7997,1636952400000000000,6
APA,6313816,29.12,29.61,29.925,29.08,1636952400000000000,43699
APACU,14407,10.08,10.06,10.09,10.06,1636952400000000000,144
APACW,26531,0.55,0.5312,0.55,0.5312,1636952400000000000,24
APAM,441070,50.19,50.02,50.61,49.24,1636952400000000000,6485
APD,1499244,308.5,303.8,308.63,303.055,1636952400000000000,27437
APDN,526212,5.15,5.29,5.5699,5.1319,1636952400000000000,1729
APEI,88652,25.13,24.99,25.18,24.94,1636952400000000000,2516
APEN,359251,9.65,9.95,10,9.63,1636952400000000000,2677
APG,678610,25.57,24.84,25.65,24.66,1636952400000000000,7029
APGB,1484560,9.85,9.85,9.85,9.79,1636952400000000000,4039
APGB.U,145917,10,10,10.02,9.9999,1636952400000000000,2253
APGB.WS,33212,1.03,1.08,1.09,1.03,1636952400000000000,1710
APH,2543701,84.05,84.96,85,83.57,1636952400000000000,24474
API,1567499,26.6,26.37,27.58,26.08,1636952400000000000,18548
APLE,1489589,16,16,16.02,15.785,1636952400000000000,11476
APLS,1184158,44,42.08,44,41.89,1636952400000000000,13676
APLT,41910,14.67,14.17,14.855,14.11,1636952400000000000,1168
APM,92474,2.22,2.17,2.28,2.12,1636952400000000000,288
APMIU,625,9.9043,9.9043,9.9043,9.9043,1636952400000000000,1
APMIW,100,0.7999,0.7999,0.7999,0.7999,1636952400000000000,1
APN.U,110022,10.25,10.08,10.25,10.07,1636952400000000000,758
APO,1540907,75.1,76.1,76.42,74.78,1636952400000000000,18501
APOpA,8825,25.76,25.735,25.79,25.71,1636952400000000000,95
APOpB,18915,26.82,26.85,27,26.82,1636952400000000000,201
APOG,57275,47.83,46.96,47.83,46.74,1636952400000000000,1695
APP,2608044,113,102.77,113.55,101.54,1636952400000000000,36608
APPF,80368,127.1,127.53,127.83,125.1913,1636952400000000000,2308
APPH,3191555,6.47,5.82,6.49,5.61,1636952400000000000,16759
APPHW,78271,1.8,1.42,1.93,1.26,1636952400000000000,402
APPN,398328,89.68,88.24,90.2622,86.79,1636952400000000000,9515
APPS,5416093,70.05,66.43,70.4,63.54,1636952400000000000,65720
APR,358791,30.38,30.34,30.93,30.13,1636952400000000000,4383
APRE,436983,4.93,4.82,4.93,4.78,1636952400000000000,2543
APRN,537328,8.36,7.98,8.48,7.95,1636952400000000000,4122
APRZ,0,27.9705,27.9705,27.9705,27.9705,1636952400000000000,0
APSG,91059,9.83,9.85,9.85,9.8274,1636952400000000000,314
APSG.WS,176936,0.9999,1.01,1.0202,0.9703,1636952400000000000,326
APT,198212,5.34,5.22,5.35,5.17,1636952400000000000,1427
APTM,93582,9.73,9.72,9.8,9.67,1636952400000000000,184
APTMU,51956,10.13,9.9792,11.88,9.84,1636952400000000000,184
APTMW,79300,0.7501,0.7,0.77,0.65,1636952400000000000,103
APTO,964513,2.64,2.58,2.65,2.53,1636952400000000000,5007
APTS,436451,13.85,14.5,14.5,13.81,1636952400000000000,3744
APTV,1769014,172.12,172.13,174.0562,170.1306,1636952400000000000,23574
APTVpA,80325,191.1,192.12,193.41,191.01,1636952400000000000,191
APTX,149343,2.44,2.31,2.46,2.29,1636952400000000000,846
APVO,278643,11.48,9.72,11.5998,9.5,1636952400000000000,2459
APWC,49971,2.95,2.83,2.95,2.7961,1636952400000000000,473
APXH,27,9.8515,9.8515,9.8515,9.8515,1636952400000000000,7
APYX,71262,16.51,16.3,16.56,16.13,1636952400000000000,1401
AQB,898616,3.79,3.65,3.79,3.63,1636952400000000000,6362
AQGX,1031,17.55,17.5466,17.55,17.53,1636952400000000000,114
AQMS,1284882,2.13,2.1,2.2,2.05,1636952400000000000,4858
AQN,3276476,14.2,14.27,14.31,14.15,1636952400000000000,12381
AQNA,5824,27.19,27.1,27.2895,27.0201,1636952400000000000,104
AQNB,6505,27.4,27.24,27.4,27.1691,1636952400000000000,139
AQNU,291867,48.25,47.59,48.25,47.32,1636952400000000000,163
AQST,391087,6.3,6.1,6.38,6.08,1636952400000000000,2416
AQUA,2138026,45.45,42.81,45.543,42.65,1636952400000000000,20506
AQWA,2672,17.41,17.32,17.44,17.3,1636952400000000000,65
AR,4810040,19.43,19.63,19.97,18.9,1636952400000000000,33651
ARAV,114608,4.05,3.96,4.07,3.85,1636952400000000000,509
ARAY,998712,5.895,5.69,5.9,5.66,1636952400000000000,5577
ARB,1206,26.11,26.1,26.11,26.1,1636952400000000000,4
ARBE,312326,14.99,12.97,15,12.27,1636952400000000000,2156
ARBEW,99867,2.84,2.24,2.84,2.02,1636952400000000000,448
ARBGW,1485,0.7001,0.7,0.7001,0.6856,1636952400000000000,7
ARBK,630910,19.31,18.1,19.4079,17.7644,1636952400000000000,8318
ARC,121490,3.09,3.05,3.125,3.02,1636952400000000000,670
ARCB,250942,111.56,110.51,112,109.24,1636952400000000000,5541
ARCC,2552613,20.97,20.83,21.015,20.79,1636952400000000000,12261
ARCE,83364,18.16,18.6,18.9,17.155,1636952400000000000,1446
ARCH,858660,85,81.5,85.315,78.09,1636952400000000000,12266
ARCKU,15028,10.08,10.08,10.08,10.06,1636952400000000000,70
ARCM,2002,99.96,99.99,99.99,99.96,1636952400000000000,17
ARCO,703567,5.25,5.3,5.365,5.2466,1636952400000000000,4965
ARCT,915010,37.93,35.53,37.996,35.51,1636952400000000000,8045
ARDC,66926,16.4,16.25,16.4659,16.24,1636952400000000000,245
ARDS,15494,2.9,2.79,2.9,2.757,1636952400000000000,151
ARDX,2580548,1.13,1.12,1.18,1.12,1636952400000000000,7213
ARE,456692,205.94,206.04,206.09,203.65,1636952400000000000,10931
AREC,1607644,2.18,2.27,2.29,2.065,1636952400000000000,5226
ARES,233310,86.87,86.48,86.9555,86.02,1636952400000000000,4900
ARGD,2580,25.9037,25.97,25.97,25.801,1636952400000000000,25
ARGO,113952,59.23,59.32,59.77,58.86,1636952400000000000,1898
ARGOpA,19638,27.66,27.285,27.66,27.265,1636952400000000000,105
ARGT,31369,35.07,35.17,35.29,34.99,1636952400000000000,136
ARGU,275000,9.86,9.86,9.86,9.86,1636952400000000000,2
ARGUU,200205,10.17,10.2,10.2,10.17,1636952400000000000,8
ARGUW,25450,0.71,0.6651,0.7495,0.65,1636952400000000000,119
ARGX,188422,308.77,301.2,311.42,299.41,1636952400000000000,3674
ARHS,273393,11.67,11.5,11.8777,11.1,1636952400000000000,2201
ARI,2352461,15.15,14.86,15.25,14.71,1636952400000000000,13373
ARIS,250931,13.23,13.74,13.92,13.23,1636952400000000000,2730
ARKF,790676,52.99,52.8,53.5,52.53,1636952400000000000,9029
ARKG,3945329,73.62,71.72,73.73,71.61,1636952400000000000,41383
ARKK,3671341,118.85,117.53,119.05,116.64,1636952400000000000,49618
ARKO,761995,10.31,10.26,10.37,10.08,1636952400000000000,6149
ARKOW,7370,2.22,2.18,2.2301,2.165,1636952400000000000,90
ARKQ,464828,87.75,87.3,87.78,86.64,1636952400000000000,6950
ARKR,13990,16.5,17.35,17.35,16.2856,1636952400000000000,184
ARKW,697523,157.12,155.83,157.85,154.67,1636952400000000000,10038
ARKX,196641,20.9,20.92,20.98,20.8314,1636952400000000000,2921
ARL,2312,11.67,11.76,11.96,11.67,1636952400000000000,51
ARLO,652316,7.8,7.59,7.849,7.53,1636952400000000000,5444
ARLP,509635,10.91,10.64,11,10.2,1636952400000000000,2876
ARMK,2555946,38.27,37.97,38.62,37.67,1636952400000000000,16200
ARMP,9300,3.34,3.42,3.5599,3.3,1636952400000000000,75
ARMR,14229,27.12,26.9304,27.12,26.91,1636952400000000000,90
ARNA,276415,60.41,58.85,60.48,58.47,1636952400000000000,6734
ARNC,713501,32.29,31.47,32.44,30.85,1636952400000000000,9687
AROC,1002076,8.27,8.2,8.28,8.1091,1636952400000000000,5499
AROW,10280,37.07,37.3,37.3982,36.571,1636952400000000000,353
ARQQ,360441,23.13,22.27,23.35,21.2,1636952400000000000,3890
ARQQW,110748,4.6,4.38,4.6,4.2,1636952400000000000,433
ARQT,127731,21.24,20.25,21.58,20.25,1636952400000000000,2068
ARR,1884785,10.495,10.38,10.54,10.36,1636952400000000000,11123
ARRpC,2074,26.13,26,26.13,25.9211,1636952400000000000,54
ARRW,1682,9.73,9.72,9.74,9.7047,1636952400000000000,18
ARRY,3490985,25.9,27.09,27.6708,25.84,1636952400000000000,35662
ARTA,56506,9.89,9.89,9.9,9.87,1636952400000000000,148
ARTAU,9042,10.21,10.18,10.21,10.175,1636952400000000000,57
ARTAW,4317,0.92,0.97,0.9779,0.9011,1636952400000000000,24
ARTEU,100013,10.1,10.1,10.1,10.09,1636952400000000000,88
ARTL,2481548,0.87,0.8522,0.89,0.831,1636952400000000000,3972
ARTLW,3035,0.29,0.22,0.29,0.22,1636952400000000000,17
ARTNA,24786,43.46,43.08,43.65,42.47,1636952400000000000,908
ARTW,10368,3.88,3.875,3.93,3.7101,1636952400000000000,85
ARVL,1520964,13.61,13.52,13.915,13.06,1636952400000000000,12520
ARVN,378830,84.85,82.97,85.57,82.69,1636952400000000000,7996
ARW,382793,125.2,125.95,126.25,124.18,1636952400000000000,8663
ARWR,1388462,73.38,65.9,74.01,65.54,1636952400000000000,19769
ARYD,8410,9.975,10,10,9.95,1636952400000000000,38
ARYE,340,9.85,9.85,9.85,9.85,1636952400000000000,3
ASA,91674,22.35,22.55,22.69,22.31,1636952400000000000,682
ASAI,38092,14.39,14.37,14.46,14.27,1636952400000000000,494
ASAN,2308839,141.5,136.4,145.7899,135.05,1636952400000000000,30499
ASAQ,1363,9.81,9.82,9.82,9.81,1636952400000000000,14
ASAQ.WS,17693,0.7,0.718,0.718,0.6999,1636952400000000000,51
ASAX,17640,9.905,9.9,9.91,9.9,1636952400000000000,18
ASAXW,7451,0.68,0.7,0.7275,0.68,1636952400000000000,31
ASB,1256751,23.85,23.64,23.85,23.57,1636952400000000000,10007
ASBpE,6465,26.62,26.52,26.62,26.45,1636952400000000000,78
ASBpF,48572,27.09,27.03,27.09,26.9,1636952400000000000,136
ASC,108865,4.13,4.08,4.15,3.97,1636952400000000000,765
ASEA,2209,15.29,15.2027,15.29,15.2027,1636952400000000000,52
ASET,2354,33.94,33.9971,33.9999,33.94,1636952400000000000,20
ASG,314370,10.16,9.96,10.2,9.93,1636952400000000000,1235
ASGI,20669,20.98,21,21.1,20.98,1636952400000000000,163
ASGN,169138,127.54,126.8,127.54,125.5,1636952400000000000,3483
ASH,678552,107.53,108.17,108.18,106.02,1636952400000000000,10840
ASHR,1307231,38.91,38.82,38.94,38.7735,1636952400000000000,3998
ASHS,1554,40.47,40.461,40.47,40.46,1636952400000000000,45
ASHX,624,30.07,30.07,30.07,30.07,1636952400000000000,5
ASIX,171004,50.31,49.74,50.35,49.3,1636952400000000000,3383
ASLE,346382,19.05,18.36,19.11,18.0299,1636952400000000000,4244
ASLEW,246706,7.25,7.1,7.75,6.77,1636952400000000000,1659
ASLN,346402,1.7,1.67,1.72,1.65,1636952400000000000,1600
ASM,530267,1.05,1.05,1.07,1.01,1636952400000000000,1803
ASMB,846695,2.845,2.81,2.86,2.77,1636952400000000000,4436
ASML,638041,855,856.72,861.6,852.99,1636952400000000000,23438
ASND,168090,156,153.14,158.06,150.53,1636952400000000000,3516
ASO,1579496,47.59,47.88,48.44,46.5,1636952400000000000,16715
ASPA,20202,9.85,9.86,9.86,9.85,1636952400000000000,5
ASPAW,5000,0.6999,0.7,0.7,0.6999,1636952400000000000,4
ASPC,16799,9.76,9.77,9.79,9.76,1636952400000000000,61
ASPCW,172693,0.7399,0.7799,0.7799,0.7199,1636952400000000000,472
ASPN,376434,59.4,60.48,62.31,58.77,1636952400000000000,7421
ASPS,29507,12.57,13.2,13.2,12.5558,1636952400000000000,535
ASPU,154283,4.89,4.75,4.89,4.6583,1636952400000000000,924
ASPY,1410,29,29.065,29.09,29,1636952400000000000,24
ASR,20022,207.885,204.5,207.885,203.84,1636952400000000000,489
ASRT,741692,1.64,1.56,1.65,1.53,1636952400000000000,2384
ASRV,14910,3.82,3.78,3.8201,3.78,1636952400000000000,89
ASTC,805117,0.938,0.9235,0.9399,0.9,1636952400000000000,985
ASTE,101639,71.51,70.95,71.93,70.07,1636952400000000000,2289
ASTL,586484,12.21,11.79,12.41,11.74,1636952400000000000,3755
ASTLW,266137,3.3,3.16,3.44,3.13,1636952400000000000,1023
ASTR,2845910,10.235,10.56,10.59,9.91,1636952400000000000,23276
ASTRW,73550,3.14,3.12,3.34,2.92,1636952400000000000,518
ASTS,1022433,13.14,12.52,13.15,12.2284,1636952400000000000,9200
ASTSW,52640,5.55,5.18,5.55,5.15,1636952400000000000,338
ASUR,196035,9.25,8.81,9.26,8.62,1636952400000000000,749
ASX,1901956,7.66,7.6,7.68,7.55,1636952400000000000,8838
ASXC,2674334,1.8,1.77,1.84,1.72,1636952400000000000,8036
ASYS,117199,15.62,15.51,15.78,15.25,1636952400000000000,1157
ASZ,196015,9.8,9.81,9.811,9.7901,1636952400000000000,496
ASZ.WS,167722,1.15,1.25,1.25,1.15,1636952400000000000,95
ATA,6989,10.08,10.08,10.09,10.0793,1636952400000000000,58
ATA.WS,924,0.6197,0.5953,0.62,0.5953,1636952400000000000,5
ATAI,1552640,14.75,12.85,15.115,12.38,1636952400000000000,16463
ATAX,137873,6.72,6.7,6.75,6.62,1636952400000000000,445
ATC,202306,25.15,25.11,25.29,25.01,1636952400000000000,1640
ATCO,606892,14.67,14.5,14.74,14.31,1636952400000000000,4802
ATCOL,455,26.23,26.1054,26.23,26.1054,1636952400000000000,4
ATCOpD,8129,25.3665,25.5,25.5,25.32,1636952400000000000,122
ATCOpH,10230,25.36,25.35,25.38,25.35,1636952400000000000,102
ATCOpI,14661,26.575,27.24,27.24,26.575,1636952400000000000,174
ATCX,116292,11.84,11.34,12,11.27,1636952400000000000,1853
ATEC,1005330,11.62,11.6,11.7,11.09,1636952400000000000,7702
ATEN,1154885,16.66,16.08,16.72,15.67,1636952400000000000,11806
ATER,4458674,6.6,6.44,6.97,6.39,1636952400000000000,20376
ATEX,30252,61.8,61.45,61.8,60.56,1636952400000000000,818
ATFV,7470,23.86,22.765,23.86,22.642,1636952400000000000,44
ATGE,329152,33.06,32.68,33.25,32.18,1636952400000000000,5175
ATH,1262687,85.1,86.42,86.84,84.99,1636952400000000000,6831
ATHpA,42356,29.53,29.28,29.54,29.25,1636952400000000000,266
ATHpB,32321,26.79,26.65,26.86,26.65,1636952400000000000,178
ATHpC,16833,28.48,28.305,28.48,28.2504,1636952400000000000,215
ATHpD,28638,25.25,25.62,25.8019,23.85,1636952400000000000,162
ATHA,229214,16.6421,15.69,16.6421,15.6,1636952400000000000,3549
ATHE,173845,1.14,1.1644,1.1784,1.14,1636952400000000000,600
ATHM,1092574,39.09,38.7,39.21,38.15,1636952400000000000,11776
ATHN,72557,10.01,10.02,10.02,9.97,1636952400000000000,370
ATHN.WS,57262,1.57,1.71,1.79,1.57,1636952400000000000,118
ATHX,1439514,1.15,1.15,1.17,1.13,1636952400000000000,4246
ATI,970562,17.28,17.45,17.61,17.11,1636952400000000000,11983
ATIF,30699,3.87,4,4.02,3.87,1636952400000000000,249
ATIP,1706099,4.055,3.94,4.2664,3.91,1636952400000000000,7886
ATIP.WS,22741,0.73,0.6096,0.73,0.593901,1636952400000000000,75
ATKR,378568,104.76,105.91,106.2748,103.625,1636952400000000000,7833
ATLC,147985,81.85,75.81,84.885,74.535,1636952400000000000,3397
ATLCP,20591,25.07,25.005,25.07,25,1636952400000000000,107
ATLO,11647,24.85,24.76,24.89,24.56,1636952400000000000,123
ATMP,10466,16.7911,16.78,16.91,16.78,1636952400000000000,13
ATMR,163226,9.91,9.91,9.9217,9.91,1636952400000000000,506
ATMR.WS,36057,1.33,1.23,1.44,1.23,1636952400000000000,276
ATNF,314506,4.23,4.28,4.36,4.06,1636952400000000000,1918
ATNFW,11110,0.9699,0.94,0.9699,0.93,1636952400000000000,51
ATNI,27638,43.11,42.88,43.15,42.525,1636952400000000000,869
ATNM,317575,7.87,8.09,8.2499,7.7015,1636952400000000000,1567
ATNX,1437361,2.11,2.1,2.15,2.065,1636952400000000000,7452
ATO,971261,95.87,96.21,96.28,95.12,1636952400000000000,13332
ATOM,375227,31.95,31.06,33.13,30.13,1636952400000000000,5233
ATOS,3010447,2.64,2.57,2.75,2.56,1636952400000000000,7994
ATR,190070,132.42,132.32,132.995,130.8,1636952400000000000,4774
ATRA,1572934,17.64,17.07,18,16.95,1636952400000000000,6098
ATRC,289343,77.83,75,77.83,73.99,1636952400000000000,4600
ATRI,2548,782,782.12,782.12,780,1636952400000000000,401
ATRO,140229,14.32,14,14.47,13.83,1636952400000000000,2066
ATRS,619992,3.63,3.6,3.64,3.53,1636952400000000000,3672
ATSG,210403,27.33,27.43,27.56,27.07,1636952400000000000,3312
ATSPT,113897,9.83,9.82,9.84,9.82,1636952400000000000,221
ATSPU,8079,9.97,9.97,10.01,9.9,1636952400000000000,47
ATSPW,858,0.7111,0.7111,0.7111,0.7111,1636952400000000000,28
ATTO,30768,26.57,27.9299,27.9499,26.47,1636952400000000000,264
ATUS,6270402,17.43,17.3,17.49,16.99,1636952400000000000,31000
ATVCU,102,10.035,10.035,10.035,10.035,1636952400000000000,3
ATVI,11626673,69.315,70.43,70.68,68.14,1636952400000000000,107920
ATXI,185269,1.37,1.37,1.3738,1.3116,1636952400000000000,483
ATXS,29834,7.3,7.43,7.76,7.29,1636952400000000000,468
ATY,279612,4.24,4.11,4.26,4.06,1636952400000000000,1852
AU,1829244,20.72,21.03,21.14,20.69,1636952400000000000,13580
AUB,189165,36.61,36.28,36.83,36.17,1636952400000000000,3158
AUBAP,5417,27.735,27.654,27.76,27.6,1636952400000000000,74
AUBN,1915,34,34,34,33.74,1636952400000000000,41
AUD,415787,3.4,3.24,3.4,3.205,1636952400000000000,3640
AUDC,36452,36.32,36.42,36.615,36,1636952400000000000,784
AUGX,86900,4.04,4.08,4.08,3.9399,1636952400000000000,615
AUGZ,0,33.172,33.172,33.172,33.172,1636952400000000000,0
AUID,114625,16.5,15.97,16.84,15.1,1636952400000000000,1183
AUMN,897872,0.482,0.49,0.491,0.47,1636952400000000000,1698
AUPH,5475911,29.31,27.03,29.7,26.78,1636952400000000000,28626
AUR,1250887,10,9.78,10.0365,9.76,1636952400000000000,7420
AURA,217226,16.8775,20.7,20.84,16.8775,1636952400000000000,2630
AURC,56754,9.98,9.95,10,9.95,1636952400000000000,272
AURCU,743,10.3213,10.3213,10.3213,10.3213,1636952400000000000,4
AURCW,9664,1.62,1.5844,1.62,1.5844,1636952400000000000,21
AUROW,83080,2.36,2.37,2.43,2.29,1636952400000000000,409
AUS,964297,9.83,9.86,9.86,9.8,1636952400000000000,2067
AUS.U,54590,10.06,10.1,10.105,10.06,1636952400000000000,207
AUS.WS,295006,1.11,1.1,1.15,1.075,1636952400000000000,788
AUSF,1757,31.1,31.1146,31.2099,31.1,1636952400000000000,15
AUTL,760719,6.99,6.79,7.17,6.7,1636952400000000000,4531
AUTO,35489,3,2.98,3.02,2.8962,1636952400000000000,249
AUUD,581591,2.57,2.47,2.7996,2.45,1636952400000000000,1957
AUUDW,39980,0.689,0.63,0.73,0.63,1636952400000000000,113
AUVI,30787,5.2,5.25,5.28,5.2,1636952400000000000,238
AUVIP,1105,25.49,25.49,25.49,25.49,1636952400000000000,33
AUY,13460044,4.45,4.56,4.59,4.425,1636952400000000000,21549
AVA,284848,40.44,40.54,40.66,40.12,1636952400000000000,3850
AVACU,2227,10.11,10.1,10.11,10.1,1636952400000000000,15
AVAH,409875,8.94,8.57,9.04,8.5,1636952400000000000,4610
AVAL,126165,5.64,5.53,5.64,5.45,1636952400000000000,1200
AVAN,43379,9.86,9.85,9.87,9.83,1636952400000000000,258
AVAN.WS,125312,0.799699,0.8,0.83,0.7711,1636952400000000000,217
AVAV,113712,91.75,92.05,92.3799,91.33,1636952400000000000,2786
AVB,382543,241.05,245.43,245.47,240.38,1636952400000000000,7642
AVCO,186753,1.03,1.06,1.07,1.02,1636952400000000000,995
AVCT,205582,1.842,1.85,1.86,1.8,1636952400000000000,858
AVCTW,95070,0.2605,0.2303,0.2605,0.226,1636952400000000000,99
AVD,180044,17.38,17.12,17.4143,16.97,1636952400000000000,1585
AVDE,41956,65.44,65.18,65.44,65.11,1636952400000000000,322
AVDG,371,32.58,32.5637,32.58,32.56,1636952400000000000,9
AVDL,617913,11.14,11.03,11.5899,11.03,1636952400000000000,3762
AVDR,559,32.245,32.206,32.245,32.206,1636952400000000000,14
AVDV,54882,66.74,66.44,66.74,66.44,1636952400000000000,767
AVDX,1555481,25.88,25.32,25.9829,25.1,1636952400000000000,8360
AVEM,35877,66.1,65.74,66.1,65.74,1636952400000000000,317
AVEO,207231,7.4,7.23,7.42,7.16,1636952400000000000,2131
AVES,18240,50.829,50.65,50.83,50.65,1636952400000000000,142
AVGO,1383959,567.69,565.77,567.69,559.8301,1636952400000000000,43381
AVGOP,1276,1770.58,1770.58,1770.58,1770.58,1636952400000000000,139
AVGR,593639,0.715,0.7115,0.7496,0.71,1636952400000000000,1252
AVID,274860,33.83,33.72,34.5628,33.37,1636952400000000000,4970
AVIG,4074,48.8,48.6552,48.8,48.6552,1636952400000000000,36
AVIR,1563615,11.32,11.5,11.72,11.12,1636952400000000000,11118
AVIV,5126,51.809,51.6466,51.825,51.6466,1636952400000000000,29
AVK,46369,19.35,19.36,19.45,19.27,1636952400000000000,248
AVLR,499813,156.73,154.07,157.8,153.61,1636952400000000000,8326
AVLV,3263,54.52,54.35,54.52,54.35,1636952400000000000,54
AVMU,269,49.861,49.885,49.885,49.86,1636952400000000000,4
AVNS,281334,33.37,33.57,33.89,33.1,1636952400000000000,4334
AVNT,306990,59.5,59.58,59.6,58.56,1636952400000000000,4902
AVNW,100442,32.06,32.01,32.377,30.81,1636952400000000000,1934
AVO,114942,20.31,20.15,20.34,20.1,1636952400000000000,1662
AVPT,3176581,8.53,8.33,8.5925,7.8,1636952400000000000,26441
AVPTW,328699,1.92,2.03,2.1,1.85,1636952400000000000,1503
AVRE,8175,53.18,53.1646,53.18,53.005,1636952400000000000,33
AVRO,306379,5.35,5.17,5.35,5.115,1636952400000000000,3306
AVSF,12270,49.53,49.5051,49.5382,49.5051,1636952400000000000,55
AVT,387811,39.99,39.74,40.025,39.36,1636952400000000000,7662
AVTE,136604,19.34,17.46,21.66,17,1636952400000000000,2407
AVTR,3882682,37.84,38.49,39.04,37.84,1636952400000000000,27524
AVTRpA,58173,115.85,118.07,119.53,115.85,1636952400000000000,352
AVTX,236635,2.29,2.25,2.31,2.19,1636952400000000000,2014
AVUS,61142,80.66,80.33,80.66,80.2303,1636952400000000000,322
AVUV,253166,83.99,83.59,84.1199,83.1906,1636952400000000000,1332
AVXL,459036,22.5,21.5,22.55,21.22,1636952400000000000,4992
AVY,312305,226.63,224.59,226.64,223.67,1636952400000000000,6555
AVYA,910660,21.26,20.89,21.37,20.8,1636952400000000000,6007
AWAY,159385,28.32,28.01,28.32,27.96,1636952400000000000,1919
AWF,183205,12.58,12.47,12.5985,12.45,1636952400000000000,957
AWH,1950805,2.28,2.55,2.5899,2.28,1636952400000000000,6985
AWI,70670,113.52,112.41,113.665,112.065,1636952400000000000,2249
AWK,482222,171.22,172.68,173.12,170.88,1636952400000000000,12839
AWP,236733,6.61,6.62,6.62,6.585,1636952400000000000,667
AWR,115625,93.04,93.17,93.25,92.42,1636952400000000000,2747
AWRE,19509,3.23,3.18,3.2301,3.15,1636952400000000000,149
AWTM,1152,49.68,49.63,49.68,49.63,1636952400000000000,18
AWX,52133,4.32,4.48,4.5851,4.155,1636952400000000000,352
AWYX,1228,7.86,7.86,7.9432,7.86,1636952400000000000,16
AX,192232,59.49,59.84,60.09,59.19,1636952400000000000,2636
AXDX,409297,6.95,6.69,7.19,6.64,1636952400000000000,3615
AXGN,137909,12.27,11.69,12.27,11.5,1636952400000000000,2170
AXL,753934,9.77,9.84,9.9,9.715,1636952400000000000,7269
AXLA,59561,2.99,3.03,3.0653,2.9601,1636952400000000000,373
AXNX,862703,61.81,59.08,61.895,58.94,1636952400000000000,12205
AXON,749352,172.23,167.41,173.5752,167.25,1636952400000000000,14074
AXP,1724778,182.53,183.13,183.93,182.04,1636952400000000000,30439
AXR,7303,15.74,14.24,15.74,14.06,1636952400000000000,103
AXS,264169,52.87,53.31,53.38,52.59,1636952400000000000,4812
AXSpE,23404,25.19,25.24,25.28,25.18,1636952400000000000,212
AXSM,649217,39.25,38.48,39.36,36.81,1636952400000000000,8720
AXTA,933007,32.9,32.8,32.9,32.555,1636952400000000000,10646
AXTI,232308,9.235,9.17,9.33,9,1636952400000000000,4227
AXU,719771,2.18,2.16,2.19,2.092,1636952400000000000,2690
AY,449600,41,40.62,41.32,40.09,1636952400000000000,8352
AYI,333141,223.93,220.56,223.93,219.82,1636952400000000000,6371
AYLA,44268,11.2,11.25,12.4,11.2,1636952400000000000,454
AYRO,3053196,2.715,2.65,2.795,2.61,1636952400000000000,14053
AYTU,377985,2.49,2.45,2.54,2.42,1636952400000000000,1427
AYX,575230,72,71.27,72.28,71.08,1636952400000000000,11699
AZAA,8,29.0267,29.0267,29.0267,29.0267,1636952400000000000,2
AZAJ,2590,28.09,28.09,28.129,28.05,1636952400000000000,28
AZAL,2980,29.129,29.0512,29.13,29.0512,1636952400000000000,45
AZAO,306,30.1259,30.1259,30.1259,30.1259,1636952400000000000,21
AZBA,2336,26.959,26.9159,26.96,26.9159,1636952400000000000,25
AZBJ,8783,26.589,26.57,26.59,26.5199,1636952400000000000,32
AZBL,0,27.0506,27.0506,27.0506,27.0506,1636952400000000000,0
AZBO,2326,27.56,27.5317,27.59,27.5317,1636952400000000000,5
AZEK,714846,42.12,41.83,42.17,41.48,1636952400000000000,8734
AZN,7941906,59.92,59.78,60.365,59.19,1636952400000000000,59255
AZO,151807,1895.24,1911.84,1921.365,1886.09,1636952400000000000,8406
AZPN,264468,149.82,146.73,150.16,146.46,1636952400000000000,6013
AZRE,105071,24.43,23.54,24.44,23.5,1636952400000000000,1583
AZUL,1148199,16.05,16.11,16.4686,16.02,1636952400000000000,9255
AZYO,4320,6.155,6.12,6.25,6.05,1636952400000000000,44
AZZ,83798,56.28,56.22,56.28,55.6,1636952400000000000,1911
B,229233,44.52,44.2,44.55,43.81,1636952400000000000,2873
BA,21879370,227.37,233.09,233.94,226.92,1636952400000000000,243388
BAB,139519,32.96,32.87,32.96,32.81,1636952400000000000,637
BABA,9615464,167.22,166.54,168.46,165.67,1636952400000000000,128119
BAC,35164058,47.26,47.05,47.39,46.9,1636952400000000000,132373
BACpB,60382,26.45,26.35,26.45,26.29,1636952400000000000,461
BACpE,38805,25.16,25.01,25.16,24.9792,1636952400000000000,270
BACpK,48135,26.64,26.54,26.651,26.52,1636952400000000000,371
BACpL,3302,1448.5,1445.25,1448.5,1442.0201,1636952400000000000,366
BACpM,50769,26.79,26.62,26.84,26.58,1636952400000000000,397
BACpN,47102,26.53,26.34,26.53,26.26,1636952400000000000,397
BACpO,77491,25.24,25.15,25.24,25.04,1636952400000000000,431
BACpP,113532,25.12,25.01,25.12,24.9,1636952400000000000,685
BACpQ,677480,25.18,25.15,25.23,25.08,1636952400000000000,2441
BACA.U,27308,9.91,9.92,9.92,9.9,1636952400000000000,141
BAH,669538,89.89,89.03,90.09,88.9,1636952400000000000,10456
BAK,49271,17.93,17.82,18.01,17.82,1636952400000000000,614
BAL,2518,64.74,65.18,65.3,64.74,1636952400000000000,104
BALT,13555,25.88,25.875,25.9,25.8601,1636952400000000000,43
BALY,360053,46.7,46.03,47.1099,45.45,1636952400000000000,6651
BAM,1499162,60.55,59.22,61.21,59.12,1636952400000000000,14405
BAMH,45050,25.33,25.27,25.34,25.22,1636952400000000000,314
BAMI,117793,25.07,25.05,25.1,24.94,1636952400000000000,322
BAMR,25932,62.49,61.48,62.49,60.84,1636952400000000000,697
BANC,231987,21.31,21.65,21.67,21.31,1636952400000000000,2445
BAND,592126,80.09,78.27,80.34,77.93,1636952400000000000,7679
BANF,76233,67.99,67.53,68.14,67.34,1636952400000000000,1141
BANR,95523,61.96,62.12,62.33,61.65,1636952400000000000,2408
BANX,6786,22.13,22.0501,22.4999,22.005,1636952400000000000,44
BAOS,352129,1.68,1.61,1.7,1.58,1636952400000000000,1233
BAP,310933,127.55,126.32,129.16,126.07,1636952400000000000,4493
BAPR,9363,33.03,33.0261,33.045,32.9601,1636952400000000000,52
BAR,340678,18.49,18.5,18.54,18.445,1636952400000000000,732
BARK,1765837,6.46,6.6,6.89,6.46,1636952400000000000,13818
BARK.WS,43058,1.59,1.47,1.59,1.46,1636952400000000000,171
BASE,159778,44,43.06,44,41.75,1636952400000000000,3751
BATL,7222,12.45,12.6,12.93,12.42,1636952400000000000,100
BATRA,83801,31.07,31.15,31.42,30.74,1636952400000000000,1247
BATRK,111645,31.13,30.76,31.24,30.48,1636952400000000000,2363
BATT,174574,20.12,19.95,20.12,19.72,1636952400000000000,1949
BAUG,3679,32.971,32.9651,33.0065,32.91,1636952400000000000,29
BAX,1609672,79.58,79.55,79.71,78.66,1636952400000000000,19872
BB,5355536,10.8,10.82,10.99,10.615,1636952400000000000,27121
BBAR,544037,4.03,3.86,4.03,3.8199,1636952400000000000,2570
BBAX,251939,56.72,56.59,56.79,56.545,1636952400000000000,885
BBBY,6248368,22.58,21.58,23.07,20.91,1636952400000000000,48175
BBC,3407,45.315,44.4631,45.315,44.45,1636952400000000000,60
BBCA,261432,69.3199,69.24,69.49,69.12,1636952400000000000,733
BBCP,87278,8.99,9.22,9.27,8.99,1636952400000000000,980
BBD,15090238,3.83,3.82,3.8799,3.82,1636952400000000000,18538
BBDC,122672,11.42,11.35,11.45,11.32,1636952400000000000,1191
BBDO,29439,3.27,3.23,3.37,3.23,1636952400000000000,117
BBEU,209591,60.74,60.38,60.74,60.33,1636952400000000000,1465
BBGI,43323,2.4,2.33,2.4,2.306,1636952400000000000,204
BBH,11276,191.38,190.4454,191.38,190.0811,1636952400000000000,436
BBI,1873459,0.3792,0.375,0.38,0.3619,1636952400000000000,2967
BBIG,11260746,4.39,4.27,4.42,4.23,1636952400000000000,36417
BBIN,49825,61.43,61.15,61.43,61.15,1636952400000000000,76
BBIO,751432,48.44,48.16,48.84,47.405,1636952400000000000,8554
BBJP,273785,58.53,58.39,58.53,58.36,1636952400000000000,2119
BBL,2476201,52.14,52.02,52.1975,51.75,1636952400000000000,19348
BBLG,8607656,3.7,3.81,6.47,3.5601,1636952400000000000,30144
BBLGW,1258211,0.7201,0.8352,1.49,0.72,1636952400000000000,3729
BBLN,366185,9.92,9.51,10.1,9.35,1636952400000000000,2127
BBLN.WS,68615,1.54,1.5,1.54,1.5,1636952400000000000,207
BBMC,8035,96.97,96.65,96.97,96.5,1636952400000000000,52
BBN,97834,26.1,25.99,26.18,25.7844,1636952400000000000,458
BBP,781,50.74,50.3037,50.74,50.29,1636952400000000000,14
BBQ,6879,13.66,13.86,13.9132,13.625,1636952400000000000,160
BBRE,10372,105.7,106.59,106.59,105.58,1636952400000000000,257
BBSA,1587,51.1101,51.0999,51.1101,51.0999,1636952400000000000,21
BBSC,351,70.66,70.3046,70.66,70.3046,1636952400000000000,14
BBSI,37934,79.86,78,79.86,77.65,1636952400000000000,1083
BBU,15882,51.0467,50.58,51.1058,49.7,1636952400000000000,171
BBUS,36832,85.76,85.63,85.8488,85.49,1636952400000000000,206
BBVA,1374690,6.67,6.65,6.7,6.63,1636952400000000000,4205
BBW,153867,18.37,17.96,18.43,17.83,1636952400000000000,2577
BBWI,1911092,75.01,74.81,75.57,73.39,1636952400000000000,25213
BBY,2670535,136.74,132.36,136.779,131.81,1636952400000000000,41735
BC,451233,102.38,102.98,103.93,102.005,1636952400000000000,8401
BCpA,7932,27.13,27.1805,27.23,27.13,1636952400000000000,70
BCpB,2093,28,27.8225,28,27.64,1636952400000000000,21
BCpC,5047,28.04,27.65,28.04,27.6486,1636952400000000000,51
BCAB,97172,28.31,27.18,28.355,26.66,1636952400000000000,2654
BCAC,2902,9.95,9.95,9.95,9.95,1636952400000000000,10
BCACU,2001,10.35,10.31,10.35,10.3001,1636952400000000000,20
BCACW,2162,0.75,0.8101,0.95,0.75,1636952400000000000,9
BCAT,258176,19.85,20,20.02,19.85,1636952400000000000,915
BCBP,26381,15.2,15.46,15.46,15.2,1636952400000000000,342
BCC,227909,69.33,69.12,69.91,68.75,1636952400000000000,4010
BCD,20020,34,33.94,34,33.77,1636952400000000000,199
BCDA,54111,2.48,2.45,2.49,2.4211,1636952400000000000,264
BCDAW,500,1.21,1.21,1.21,1.21,1636952400000000000,5
BCE,991945,51.08,51.31,51.34,50.85,1636952400000000000,9647
BCEL,1456396,5.55,5.19,5.67,5.17,1636952400000000000,4067
BCH,106592,19.28,19.45,19.56,19.14,1636952400000000000,1101
BCI,98753,28.49,28.75,28.77,28.45,1636952400000000000,443
BCIM,681,25.52,25.0042,25.52,25.0042,1636952400000000000,5
BCLI,215954,3.05,3.04,3.06,2.97,1636952400000000000,789
BCM,189,39.6,39.6,39.6,39.6,1636952400000000000,49
BCML,2095,19.59,19.33,19.59,19.33,1636952400000000000,132
BCO,158536,66.66,66.98,67.43,66.15,1636952400000000000,3433
BCOR,188625,18.1,18.07,18.1,17.7,1636952400000000000,2646
BCOV,285548,10.21,10.21,10.21,10.06,1636952400000000000,3100
BCOW,12849,11.21,11.18,11.24,11.18,1636952400000000000,90
BCPC,51983,165.52,164.19,165.52,163.44,1636952400000000000,1496
BCRX,2033062,12.25,11.87,12.35,11.8101,1636952400000000000,13826
BCS,1681220,10.75,10.68,10.77,10.66,1636952400000000000,6609
BCSAU,256646,10.1,10.15,10.18,10.09,1636952400000000000,1213
BCSF,152428,15.84,15.5,15.84,15.44,1636952400000000000,1040
BCTX,639575,9.98,9.53,10.17,9.5,1636952400000000000,3606
BCTXW,12870,4.75,4.47,4.75,4.41,1636952400000000000,109
BCV,41551,31.31,31.49,31.65,31.31,1636952400000000000,370
BCVpA,350,25.6322,25.6105,25.6322,25.6105,1636952400000000000,2
BCX,448607,9.85,9.69,9.85,9.61,1636952400000000000,1406
BCYC,192426,58.21,61.14,62.075,57.395,1636952400000000000,2806
BDC,148625,68,68.05,68.089,67.46,1636952400000000000,3140
BDCX,568,40.05,39.8715,40.05,39.8715,1636952400000000000,16
BDCZ,1955,20.12,19.9879,20.12,19.98,1636952400000000000,21
BDEC,3926,34.17,34.095,34.17,34.041,1636952400000000000,7
BDJ,220435,10.32,10.29,10.34,10.29,1636952400000000000,909
BDL,1123,33.19,33.18,33.19,32.88,1636952400000000000,64
BDN,1585977,14.32,14.66,14.66,14.255,1636952400000000000,9348
BDR,159909,1.12,1.15,1.16,1.1102,1636952400000000000,330
BDRY,244698,21.6,21.67,21.9813,21.2,1636952400000000000,1631
BDSI,2292013,3.3,3.18,3.3512,3.16,1636952400000000000,9694
BDSX,67759,7.51,7.69,7.9598,7.5,1636952400000000000,765
BDTX,249530,7.77,7.65,7.77,7.56,1636952400000000000,2926
BDX,1346854,244.7,243.68,245,242.85,1636952400000000000,19846
BDXB,24010,52.26,52.18,52.31,52.01,1636952400000000000,278
BE,6087284,32.53,30.37,32.95,30.07,1636952400000000000,56717
BEAM,501749,92.54,86.44,92.82,85.4,1636952400000000000,12498
BEAT,225947,4.2,4.11,4.25,4.0601,1636952400000000000,1485
BEATW,396416,1.3,1.23,1.35,1.16,1636952400000000000,4423
BECN,347055,60.02,59.66,60.82,59.45,1636952400000000000,4897
BECO,443,26.19,26.1318,26.19,26.1318,1636952400000000000,11
BEDU,18094,2.75,2.72,2.765,2.68,1636952400000000000,194
BEDZ,4695,27.03,26.8379,27.03,26.68,1636952400000000000,59
BEEM,327912,33.4,34.08,34.51,32.57,1636952400000000000,4547
BEKE,7072196,22.255,23.12,24.02,22.255,1636952400000000000,41144
BELFB,44421,14.37,14.21,14.38,14.01,1636952400000000000,718
BEN,1760428,36.02,35.74,36.199,35.63,1636952400000000000,16661
BENE,513269,10.59,10.49,10.6872,10.45,1636952400000000000,2318
BENER,58791,0.4,0.425,0.425,0.39,1636952400000000000,92
BENEU,1648,12.02,11.97,12.09,11.9,1636952400000000000,19
BENEW,144446,1.57,1.58,1.61,1.52,1636952400000000000,301
BEP,229072,38.59,38.31,38.84,38.21,1636952400000000000,2935
BEPpA,26608,26.14,26.01,26.1699,25.9986,1636952400000000000,159
BEPC,389606,40,39.65,40.07,39.48,1636952400000000000,5411
BEPH,46145,24.93,24.66,25.08,24.66,1636952400000000000,406
BERY,472302,68.89,68.46,69.25,68.41,1636952400000000000,6047
BERZ,19032,17.07,17.1413,17.41,17.06,1636952400000000000,81
BEST,2198354,1.3,1.26,1.3,1.23,1636952400000000000,4146
BETZ,80653,28.78,28.52,28.85,28.505,1636952400000000000,1147
BF.A,25164,66.64,66.92,67.01,66.22,1636952400000000000,678
BF.B,632640,71.89,72.15,72.3,71.41,1636952400000000000,8767
BFAM,220535,138.96,136.45,139.2884,136.37,1636952400000000000,6318
BFC,3799,73.23,72.68,73.23,72.12,1636952400000000000,175
BFEB,1094,31.81,31.815,31.815,31.81,1636952400000000000,8
BFI,157767,8.35,8.85,8.8899,8.35,1636952400000000000,1079
BFIIW,108991,1.33,1.55,1.55,1.33,1636952400000000000,225
BFIN,16925,11.25,11.36,11.39,11.25,1636952400000000000,307
BFIT,4474,30.22,30.2,30.26,30.1354,1636952400000000000,51
BFK,40900,15.14,15.18,15.21,15.12,1636952400000000000,338
BFLY,12026751,7.625,7.52,7.65,6.75,1636952400000000000,63280
BFLY.WS,481208,1.57,1.3977,1.67,1.3,1636952400000000000,1087
BFOR,2276,65.9383,65.78,65.9383,65.68,1636952400000000000,38
BFRA,12744,4.64,4.55,4.64,4.55,1636952400000000000,238
BFRI,849405,3.19,3.13,3.2229,3,1636952400000000000,3453
BFRIW,8359,0.97,0.9499,1,0.9499,1636952400000000000,34
BFS,20934,51.07,51.86,51.87,50.67,1636952400000000000,758
BFSpD,1886,25.7895,25.7444,25.8,25.7444,1636952400000000000,22
BFSpE,13197,26.9,26.91,26.911,26.9,1636952400000000000,44
BFST,28128,28.29,28.02,28.29,27.71,1636952400000000000,668
BFTR,1228,51.89,51.3357,51.89,51.25,1636952400000000000,31
BFZ,23205,14.9,14.84,14.9,14.8,1636952400000000000,80
BG,966346,95.37,96.15,96.23,94.76,1636952400000000000,13505
BGB,135470,13.99,13.97,14,13.94,1636952400000000000,433
BGCP,2024808,5.01,4.86,5.01,4.85,1636952400000000000,10745
BGFV,7778554,44.12,35.27,44.2899,32.64,1636952400000000000,61657
BGH,45448,17.33,17.31,17.37,17.28,1636952400000000000,205
BGI,132812,2.87,2.85,2.89,2.8301,1636952400000000000,530
BGIO,476776,2.61,2.6,2.61,2.58,1636952400000000000,362
BGLD,2,19.5647,19.5647,19.5647,19.5647,1636952400000000000,1
BGNE,136926,375.57,382.37,383.975,370.97,1636952400000000000,3438
BGR,137317,10.06,10.13,10.175,10.01,1636952400000000000,488
BGRN,23304,55.03,54.82,55.03,54.82,1636952400000000000,212
BGRY,1400639,6.14,6.59,6.81,6.1204,1636952400000000000,7298
BGRYW,31005,1.59,1.36,1.59,1.34,1636952400000000000,181
BGS,505699,33.14,33.09,33.17,32.41,1636952400000000000,6499
BGSF,43250,15,15.64,15.65,14.92,1636952400000000000,685
BGSX.WS,39902,0.77,0.7654,0.77,0.74995,1636952400000000000,81
BGT,94315,13.75,13.7,13.89,13.68,1636952400000000000,370
BGX,28710,15.46,15.5,15.52,15.4,1636952400000000000,200
BGY,154578,6.33,6.32,6.34,6.29,1636952400000000000,323
BH,10241,150.97,151.65,154.9,146.4,1636952400000000000,644
BH.A,239,733.55,732,740,732,1636952400000000000,46
BHACU,2759868,9.98,9.97,9.98,9.97,1636952400000000000,46
BHAT,767579,0.69,0.6925,0.705,0.6601,1636952400000000000,2136
BHB,11865,31.97,31.84,32.5284,30.3212,1636952400000000000,276
BHC,1943306,26.59,26.84,27.021,26.46,1636952400000000000,14951
BHE,194239,26.43,26.08,26.43,25.9075,1636952400000000000,2580
BHF,978886,55.14,55.37,55.855,54.67,1636952400000000000,8313
BHFAL,5745,26.72,26.7,26.82,26.7,1636952400000000000,65
BHFAN,108857,25.87,25.559,25.9779,25.51,1636952400000000000,748
BHFAO,13379,27.93,27.69,27.93,27.572,1636952400000000000,110
BHFAP,10333,27.01,26.83,27.09,26.74,1636952400000000000,102
BHG,4126186,4.8,4.58,4.86,4.57,1636952400000000000,23859
BHIL,304888,7.4,7.62,7.81,7.16,1636952400000000000,2703
BHIL.WS,21757,1.31,1.39,1.555,1.31,1636952400000000000,158
BHK,85834,16.49,16.46,16.57,16.3704,1636952400000000000,615
BHLB,191732,27.61,27.7,27.91,27.475,1636952400000000000,1932
BHP,3046578,53.84,53.74,53.92,53.44,1636952400000000000,28178
BHR,402337,5.24,5.12,5.24,5.025,1636952400000000000,2543
BHRpB,8052,21.97,22,22,21.422,1636952400000000000,92
BHRpD,267,26.2,26.2,26.2,26.2,1636952400000000000,7
BHSE,470,9.96,9.96,9.96,9.96,1636952400000000000,10
BHSEW,16450,0.42,0.397,0.42,0.38,1636952400000000000,29
BHTG,148995,1.19,1.18,1.21,1.18,1636952400000000000,377
BHV,501,18.25,18.25,18.25,18.25,1636952400000000000,2
BHVN,605353,123.13,118,123.13,117.79,1636952400000000000,10135
BIB,17705,86.9417,84.92,86.9417,84.715,1636952400000000000,624
BIBL,21144,46.37,46.19,46.37,46.08,1636952400000000000,137
BICK,1664,35.48,35.638,35.638,35.1678,1636952400000000000,12
BIDS,154,28.86,28.8066,28.86,28.8066,1636952400000000000,9
BIDU,1903384,171.405,168.67,171.99,167.69,1636952400000000000,34479
BIF,72323,13.51,13.45,13.51,13.44,1636952400000000000,274
BIG,476899,49.84,49.13,50.89,49.1,1636952400000000000,8644
BIGC,1115858,58.2,57.27,59.94,57.11,1636952400000000000,16343
BIGY,2291,29.78,29.4457,29.79,29.39,1636952400000000000,36
BIGZ,1007285,17.97,17.72,18.055,17.6,1636952400000000000,3322
BIIB,755330,273.82,271.82,276.5,270.7,1636952400000000000,17887
BIL,670212,91.44,91.44,91.44,91.43,1636952400000000000,1986
BILI,2669965,86.56,85.35,87.65,83.72,1636952400000000000,35621
BILL,1300380,335,325.81,336.77,320.89,1636952400000000000,21851
BILS,0,100.025,100.025,100.025,100.025,1636952400000000000,0
BIMI,16907969,0.65,0.653,0.66,0.645201,1636952400000000000,17621
BIO,56700,759.95,753.84,766.955,752.275,1636952400000000000,3791
BIOC,253469,3.99,3.99,4.09,3.9027,1636952400000000000,1457
BIOL,6857648,0.55,0.502,0.550601,0.492,1636952400000000000,8878
BIOT,18946,9.87,9.91,9.91,9.87,1636952400000000000,192
BIOTW,24429,0.9799,0.8567,0.9799,0.8335,1636952400000000000,56
BIOX,123073,15,15,15.35,14.9,1636952400000000000,716
BIP,405981,58.94,58.67,58.99,58.53,1636952400000000000,3139
BIPpA,22652,25.18,25.14,25.21,25.02,1636952400000000000,148
BIPpB,38096,25.2,25.21,25.28,25.17,1636952400000000000,122
BIPC,533589,63.42,62.75,63.42,62.53,1636952400000000000,5954
BIPH,7091,25.51,25.45,25.6192,25.43,1636952400000000000,121
BIRD,1663794,21.22,21.04,22.616,20.69,1636952400000000000,13847
BIS,7763,19.421,19.7349,19.74,19.421,1636952400000000000,78
BIT,73038,18.77,18.69,18.77,18.68,1636952400000000000,302
BITE,31331,9.77,9.755,9.77,9.7401,1636952400000000000,57
BITE.WS,3740,0.67,0.67,0.671,0.6415,1636952400000000000,12
BITF,9703990,8.83,8.61,9.19,8.38,1636952400000000000,35211
BITO,6204297,41.79,40.89,41.86,40.73,1636952400000000000,36230
BITQ,201186,34.04,32.99,34.51,32.6989,1636952400000000000,2606
BIV,577911,88.59,88.31,88.63,88.31,1636952400000000000,3768
BIVI,72571,6.3,5.89,6.3,5.79,1636952400000000000,759
BIZD,67323,17.68,17.52,17.68,17.5001,1636952400000000000,436
BJ,1516639,62.99,62.42,62.99,61.86,1636952400000000000,18682
BJAN,4187,37.06,37.0701,37.0899,37.045,1636952400000000000,23
BJDX,3358627,4.44,3.63,4.4679,3.58,1636952400000000000,9970
BJK,11080,48.52,48.42,48.7,48.38,1636952400000000000,133
BJRI,231263,35.14,34.85,35.53,34.63,1636952400000000000,4518
BJUL,8124,33.035,32.96,33.035,32.94,1636952400000000000,45
BJUN,6014,34.3,34.16,34.3,34.111,1636952400000000000,30
BK,2370661,60.29,59.91,60.38,59.73,1636952400000000000,26290
BKAG,15407,49.18,49.015,49.18,49.01,1636952400000000000,129
BKCC,446101,4.34,4.24,4.35,4.23,1636952400000000000,2433
BKCH,220119,39.1,36.89,39.25,36.73,1636952400000000000,3116
BKD,1782371,7.2,6.96,7.2,6.9101,1636952400000000000,9738
BKE,533548,50.05,50.55,50.72,49.58,1636952400000000000,9192
BKEM,682,71.49,71.4416,71.5192,71.4416,1636952400000000000,6
BKEP,76934,3.51,3.42,3.51,3.36,1636952400000000000,344
BKEPP,8571,8.2503,8.32,8.32,8.2501,1636952400000000000,34
BKF,14010,50.02,49.8126,50.06,49.69,1636952400000000000,153
BKH,266016,65.48,66.12,66.12,65.15,1636952400000000000,4286
BKHY,1287,56.25,56.135,56.25,56.135,1636952400000000000,24
BKI,728432,77.88,76.87,78.64,76.77,1636952400000000000,11063
BKIE,3037,75.93,75.576,75.93,75.576,1636952400000000000,68
BKKT,8302798,23.36,21.51,24.25,20.3701,1636952400000000000,63225
BKKT.WS,1263999,9.97,9.92,11.42,8.99,1636952400000000000,6067
BKLC,5882,88.65,88.2737,88.66,88.2397,1636952400000000000,94
BKLN,5171048,22.15,22.15,22.15,22.12,1636952400000000000,9486
BKMC,707,96.66,96.483,96.66,96.483,1636952400000000000,16
BKN,20579,17.32,17.31,17.41,17.3,1636952400000000000,129
BKNG,334329,2455,2405.01,2464,2400.23,1636952400000000000,17248
BKR,6218861,24.45,24.73,24.78,24.09,1636952400000000000,41117
BKSB,1044,50.79,50.785,50.79,50.785,1636952400000000000,20
BKSE,555,102.6,101.8195,102.6,101.79,1636952400000000000,16
BKSY,423928,9.1,9.38,9.45,8.9,1636952400000000000,3690
BKSY.WS,105731,1.58,1.49,1.58,1.45,1636952400000000000,283
BKT,306750,6,5.95,6.01,5.93,1636952400000000000,714
BKTI,36633,2.75,2.77,2.78,2.72,1636952400000000000,134
BKU,554859,43.47,43.1,43.53,42.945,1636952400000000000,5739
BKUI,1,49.855,49.855,49.855,49.855,1636952400000000000,1
BKYI,75579,3.14,3.1,3.14,3.05,1636952400000000000,385
BL,246980,128.3,127.35,128.97,126.1,1636952400000000000,5481
BLBD,52655,25.27,25.22,25.4299,24.5604,1636952400000000000,983
BLBX,495708,4.18,3.84,4.19,3.61,1636952400000000000,2667
BLCM,164823,2,2.08,2.09,2,1636952400000000000,453
BLCN,51742,51.37,50.59,51.71,50.5,1636952400000000000,565
BLCT,38999,2.77,2.8,2.84,2.73,1636952400000000000,448
BLD,209320,270.21,267.72,271.76,266.68,1636952400000000000,4812
BLDE,2452351,10.08,10.9,10.98,10.08,1636952400000000000,12858
BLDEW,61985,2.95,3.05,3.16,2.93,1636952400000000000,314
BLDG,537,33.15,33.36,33.36,33.15,1636952400000000000,18
BLDP,3210752,18.28,17.81,18.33,17.58,1636952400000000000,25130
BLDR,2005048,68.9,67,68.9,66.684,1636952400000000000,20105
BLE,58166,15.49,15.57,15.6,15.455,1636952400000000000,295
BLES,6246,40.795,40.7,40.86,40.7,1636952400000000000,87
BLFS,505926,46.96,49.24,49.34,45.8332,1636952400000000000,6972
BLFY,75596,14.46,14.48,14.481,14.39,1636952400000000000,935
BLHY,203,24.29,24.5443,24.5443,24.29,1636952400000000000,4
BLI,704562,26.05,24.72,26.67,24.45,1636952400000000000,9466
BLIN,411822,3.35,3.35,3.3899,3.2,1636952400000000000,1936
BLK,670251,971.01,953.24,971.5,951.01,1636952400000000000,19541
BLKB,103461,83.56,82.48,83.87,82.04,1636952400000000000,3254
BLKC,10804,30.17,29.59,30.35,29.59,1636952400000000000,105
BLL,1571206,93.62,95.88,95.98,93.61,1636952400000000000,17799
BLMN,2646159,20.48,19.79,20.6,19.742,1636952400000000000,16118
BLND,771007,12.88,12.98,13.16,12.81,1636952400000000000,6637
BLNG,24924,9.72,9.76,9.76,9.72,1636952400000000000,192
BLNGW,1315,0.55,0.548,0.55,0.548,1636952400000000000,6
BLNK,21762303,41.7,46.85,47.42,40,1636952400000000000,158513
BLNKW,30606,37.34,42.81,42.87,35.9,1636952400000000000,427
BLOK,499388,62.69,60.74,62.77,60.4,1636952400000000000,7441
BLPH,45593,3.26,3.39,3.4,3.26,1636952400000000000,262
BLRX,207272,2.8,2.86,2.91,2.8,1636952400000000000,746
BLTS,4291,9.77,9.78,9.78,9.765,1636952400000000000,30
BLTSW,36939,0.7,0.72,0.7371,0.7,1636952400000000000,197
BLU,1753638,7.105,6.47,7.105,6.4,1636952400000000000,8123
BLUA,18387,9.7776,9.79,9.79,9.77,1636952400000000000,5
BLUA.U,104,10.035,10.035,10.035,10.035,1636952400000000000,2
BLUA.WS,2536,0.7597,0.75,0.76,0.75,1636952400000000000,6
BLUE,1312747,11.8,11.48,11.81,11.12,1636952400000000000,11967
BLV,180439,103.28,102.26,103.4399,102.2582,1636952400000000000,1951
BLW,30990,17.26,17.19,17.2918,17.18,1636952400000000000,110
BLX,135109,17.14,17.36,17.38,17.11,1636952400000000000,2031
BLZE,4275350,26.5,25.5,28.59,24.55,1636952400000000000,34697
BMA,456147,17.25,17.06,17.52,16.68,1636952400000000000,4350
BMAC,1904365,9.86,9.87,9.88,9.83,1636952400000000000,241
BMAC.U,71550,10.21,10.24,10.24,10.18,1636952400000000000,153
BMAC.WS,215207,0.54,0.52,0.54,0.5,1636952400000000000,436
BMAQ,48510,9.78,9.78,9.78,9.75,1636952400000000000,174
BMAQR,65063,0.38,0.3651,0.389499,0.36,1636952400000000000,110
BMAQU,770,10.63,10.77,10.99,10.63,1636952400000000000,24
BMAQW,395342,0.63,0.6,0.6401,0.5903,1636952400000000000,526
BMAR,5044,34.23,34.2407,34.2407,34.215,1636952400000000000,16
BMAY,350,32.77,32.7752,32.7752,32.77,1636952400000000000,3
BMBL,4209760,36.9,38.47,39.21,36.8,1636952400000000000,45874
BME,11926,48.08,48.06,48.396,48,1636952400000000000,149
BMEA,135544,12.03,11.68,12.03,11.62,1636952400000000000,1936
BMED,5136,29.58,29.2621,29.61,29.24,1636952400000000000,30
BMEZ,123502,27.08,26.76,27.23,26.76,1636952400000000000,644
BMI,85625,108.9,108.63,109.51,108.16,1636952400000000000,2058
BMLpG,6356,24,24.0799,24.08,23.92,1636952400000000000,34
BMLpH,12415,23.7,23.79,23.79,23.62,1636952400000000000,85
BMLpJ,15854,25.39,25.26,25.48,25.24,1636952400000000000,92
BMLpL,10849,25.3,25.2,25.3452,25.17,1636952400000000000,102
BMO,645680,112.17,112.07,112.56,111.88,1636952400000000000,6074
BMRA,192967,4.8,4.7,4.9298,4.57,1636952400000000000,1147
BMRC,53904,38.2,38.52,38.62,38.2,1636952400000000000,830
BMRN,1111588,82.46,82.07,82.98,81.9,1636952400000000000,15483
BMTC,71887,49.41,49.65,49.7,49.15,1636952400000000000,2238
BMTX,1401882,12.25,12.23,13.93,11.53,1636952400000000000,9016
BMTX.WS,826250,2.64,3.02,3.638,2.35,1636952400000000000,2910
BMY,10480314,59.8,59.62,60.06,59.49,1636952400000000000,85029
BND,6239698,85.1,84.83,85.1177,84.82,1636952400000000000,22934
BNDC,8304,26.12,26.055,26.12,26.04,1636952400000000000,51
BNDD,28689,26.07,25.8145,26.07,25.8145,1636952400000000000,197
BNDW,29502,79.73,79.52,79.73,79.5,1636952400000000000,652
BNDX,2103468,57.01,56.94,57.03,56.91,1636952400000000000,10895
BNE,1519,32.04,31.742,32.04,31.675,1636952400000000000,11
BNED,516182,10.57,10.34,10.64,10.01,1636952400000000000,6223
BNFT,249026,10.85,10.54,10.85,10.49,1636952400000000000,2939
BNGO,7590611,5.11,5,5.2,4.98,1636952400000000000,25657
BNGOW,3065,1.95,1.94,1.99,1.9201,1636952400000000000,21
BNIXR,6002,0.3403,0.35,0.35,0.34,1636952400000000000,14
BNIXW,69292,0.479899,0.5,0.5,0.479899,1636952400000000000,87
BNKD,5410,9.22,9.34,9.34,9.16,1636952400000000000,114
BNKU,49267,65.47,65.44,66.2081,64.99,1636952400000000000,1545
BNL,395035,26.15,26.03,26.2,25.91,1636952400000000000,4580
BNNR,14128,9.76,9.81,9.81,9.75,1636952400000000000,42
BNNRU,2236,10.02,10.06,10.06,10.02,1636952400000000000,17
BNNRW,21119,0.550201,0.568,0.568,0.550201,1636952400000000000,60
BNO,482635,21.51,21.79,21.81,21.43,1636952400000000000,1796
BNOV,21147,32.6,32.5372,32.63,32.51,1636952400000000000,91
BNR,314951,14.8,13.75,14.87,13.6,1636952400000000000,3992
BNS,810395,66.76,66.26,66.8,66.15,1636952400000000000,8647
BNSO,1546,5.42,5.52,5.59,5.42,1636952400000000000,13
BNTC,58745,3.43,3.44,3.57,3.42,1636952400000000000,231
BNTX,2628005,241.72,250.48,250.88,239.47,1636952400000000000,46749
BNY,44986,15.13,15.19,15.21,15.09,1636952400000000000,143
BOAC,361962,9.82,9.82,9.84,9.8,1636952400000000000,313
BOAC.U,100,10.3,10.3,10.3,10.3,1636952400000000000,1
BOAC.WS,36256,1.05,1.09,1.12,1.05,1636952400000000000,144
BOAS,631,9.7334,9.75,9.75,9.7334,1636952400000000000,12
BOAS.WS,4006,0.65,0.652476,0.652476,0.6487,1636952400000000000,9
BOAT,14881,27.51,27.05,27.51,26.99,1636952400000000000,170
BOB,371,27.8,27.7898,27.8,27.7898,1636952400000000000,2
BOCT,6620,34.34,34.2251,34.34,34.1601,1636952400000000000,38
BODY,4557129,4.89,4.62,4.89,4.48,1636952400000000000,20882
BODY.WS,79316,1.3,1.22,1.3,1.12,1636952400000000000,204
BOE,67813,12.35,12.29,12.3518,12.28,1636952400000000000,406
BOH,99414,88.04,88.41,88.5528,87.51,1636952400000000000,2938
BOHpA,12705,25.85,25.73,25.85,25.68,1636952400000000000,102
BOIL,1936711,50.8,53.8,54.25,49.6091,1636952400000000000,13647
BOKF,88067,108.35,107.75,108.38,107.055,1636952400000000000,2116
BOLT,114490,10.58,9.96,10.74,9.91,1636952400000000000,1818
BOMN,165200,34.6,33.07,34.64,32.81,1636952400000000000,2724
BON,14458,6.1,6.39,6.71,6.06,1636952400000000000,197
BOND,109380,109.62,109.4,109.671,109.39,1636952400000000000,880
BOOM,73606,44.4,42.26,45.289,41.49,1636952400000000000,2144
BOOT,274189,120,121.11,121.18,118.71,1636952400000000000,7382
BORR,927588,1.28,1.3,1.31,1.2797,1636952400000000000,1899
BOSC,3862,3.41,3.47,3.51,3.33,1636952400000000000,35
BOSS,1830,37.4,37.3984,37.4117,37.35,1636952400000000000,24
BOTJ,2534,16.02,16.45,16.5,15.9801,1636952400000000000,88
BOTZ,607999,38.72,38.06,38.76,37.92,1636952400000000000,5933
BOUT,2476,38.12,37.587,38.44,37.56,1636952400000000000,49
BOX,1202409,25.95,25.84,26.11,25.66,1636952400000000000,14168
BOXL,2778147,1.94,1.86,2,1.85,1636952400000000000,8908
BP,7649714,27.44,27.55,27.65,27.075,1636952400000000000,36034
BPMC,234262,115.49,115.16,115.49,112.14,1636952400000000000,4276
BPMP,241447,13.1,13.04,13.22,13.02,1636952400000000000,1409
BPOP,184438,85.26,84.41,85.26,84.18,1636952400000000000,4937
BPOPM,1587,25.56,25.5,25.56,25.41,1636952400000000000,22
BPRN,41446,30.34,30.17,30.35,30,1636952400000000000,884
BPT,199388,4.41,4.18,4.4472,4.18,1636952400000000000,637
BPTH,37740,4.74,4.66,4.82,4.56,1636952400000000000,231
BPTS,4622,5.84,5.89,6.1999,5.7761,1636952400000000000,92
BPYPM,26433,24.81,24.885,24.935,24.81,1636952400000000000,262
BPYPN,3642,24.2824,24.31,24.37,24.2824,1636952400000000000,92
BPYPO,5812,26.05,25.9434,26.05,25.885,1636952400000000000,77
BPYPP,10160,25.5635,25.6,25.68,25.55,1636952400000000000,98
BQ,305565,2.05,2,2.11,2,1636952400000000000,1279
BR,300536,177.35,177.08,178.23,176.48,1636952400000000000,7574
BRAG,111593,7.78,7.03,7.81,6.97,1636952400000000000,688
BRBR,185685,27.08,27.1,27.249,26.65,1636952400000000000,2980
BRBS,39935,18.31,18.58,18.58,18.15,1636952400000000000,686
BRC,242212,54.97,54.53,55.04,53.58,1636952400000000000,3364
BRCN,91078,1.37,1.32,1.38,1.295,1636952400000000000,274
BRDG,246081,21.25,21.5,22.005,21.18,1636952400000000000,3377
BRDS,886109,7.98,7.91,7.99,7.52,1636952400000000000,4728
BRDS.WS,96520,1.65,1.59,1.85,1.53,1636952400000000000,342
BREZ,2627,10.1801,10.17,10.1801,10.17,1636952400000000000,24
BREZR,4115,0.245,0.25,0.25,0.24,1636952400000000000,16
BREZW,85781,0.7189,0.7,0.72,0.6704,1636952400000000000,152
BRF,2036,18.19,18.13,18.19,18.12,1636952400000000000,43
BRFS,924937,4.26,4.21,4.29,4.21,1636952400000000000,2976
BRG,143931,14.66,15.2,15.27,14.53,1636952400000000000,1938
BRGpD,516,25.3362,25.3362,25.3362,25.3362,1636952400000000000,2
BRID,1030,12.167,12.4,12.4,12.167,1636952400000000000,28
BRIV,169647,9.74,9.77,9.77,9.71,1636952400000000000,55
BRIVW,1151,1.18,1.2,1.24,1.18,1636952400000000000,8
BRK.A,1801,432193,429302,434335,429078.51,1636952400000000000,1780
BRK.B,3214458,286.6,284.67,286.99,284.24,1636952400000000000,59874
BRKL,207258,16.57,16.47,16.675,16.4,1636952400000000000,2272
BRKR,338477,82.93,82.42,83.86,82.23,1636952400000000000,6584
BRKS,432491,116.23,114.41,117.62,114.17,1636952400000000000,11551
BRLI,6010,10.16,10.15,10.1693,10.15,1636952400000000000,40
BRLIR,8000,0.37,0.35,0.37,0.35,1636952400000000000,15
BRLIU,5869,10.97,10.97,10.97,10.82,1636952400000000000,20
BRLIW,6320,0.47,0.4746,0.487,0.47,1636952400000000000,19
BRLT,1222216,18.88,18.79,20.39,18.57,1636952400000000000,22307
BRMK,842061,10.14,10.04,10.14,10.01,1636952400000000000,4592
BRMK.WS,52900,0.0951,0.1,0.11,0.0875,1636952400000000000,28
BRN,46428,2.65,2.64,2.65,2.58,1636952400000000000,153
BRO,996109,64.61,64.3,65.029,64.03,1636952400000000000,13052
BROG,2562,9.1001,9.24,9.3401,9.1,1636952400000000000,46
BROGW,19580,0.6298,0.6,0.63,0.6,1636952400000000000,61
BROS,2034022,63.49,62.56,63.805,60.85,1636952400000000000,24508
BRP,294891,40.74,41.66,42.05,40.55,1636952400000000000,5940
BRPM,680785,10.47,10.4,10.55,10.36,1636952400000000000,3224
BRPMU,6163,10.88,11.09,11.25,10.88,1636952400000000000,88
BRPMW,88703,2.16,2.2,2.3,2.12,1636952400000000000,164
BRQS,1531949,0.57,0.5679,0.5792,0.5447,1636952400000000000,2849
BRSP,476443,9.7,9.65,9.79,9.6,1636952400000000000,2770
BRT,37479,19.86,20.08,20.284,19.65,1636952400000000000,361
BRTX,101281,7.76,7.12,7.76,7.1,1636952400000000000,821
BRW,95260,4.64,4.62,4.64,4.62,1636952400000000000,209
BRX,1832387,24.55,24.64,24.71,24.45,1636952400000000000,14007
BRY,368959,9.55,9.7,9.7,9.26,1636952400000000000,4437
BRZU,118964,74.25,73.89,75.0501,73.49,1636952400000000000,1671
BSA,4086,25.13,25.1178,25.15,25.09,1636952400000000000,54
BSAC,182739,19.51,19.3,19.52,19.23,1636952400000000000,1728
BSAE,866,24.9,24.905,24.905,24.9,1636952400000000000,3
BSAQ.U,200,10,10,10,10,1636952400000000000,4
BSAQ.WS,300,0.8,0.73,0.808,0.73,1636952400000000000,3
BSBE,1471,25.57,25.56,25.57,25.56,1636952400000000000,13
BSBK,712,10.19,10.19,10.19,10.19,1636952400000000000,28
BSBR,459646,6.385,6.35,6.43,6.35,1636952400000000000,2544
BSCE,1299,25.996,25.995,25.996,25.9901,1636952400000000000,12
BSCL,563280,21.08,21.07,21.09,21.07,1636952400000000000,649
BSCM,242085,21.49,21.48,21.5,21.48,1636952400000000000,529
BSCN,229331,21.5925,21.58,21.5925,21.57,1636952400000000000,625
BSCO,222531,21.93,21.91,21.94,21.89,1636952400000000000,742
BSCP,269127,22.02,21.96,22.02,21.96,1636952400000000000,1230
BSCQ,192693,21.2,21.16,21.21,21.149,1636952400000000000,779
BSCR,65699,21.575,21.52,21.58,21.515,1636952400000000000,406
BSCS,24722,22.89,22.71,22.89,22.705,1636952400000000000,145
BSCT,20444,20.99,20.895,20.99,20.89,1636952400000000000,103
BSCU,9166,19.47,19.31,19.52,19.31,1636952400000000000,47
BSCV,4170,19.58,19.475,19.58,19.475,1636952400000000000,31
BSDE,1031,25.97,25.97,25.99,25.961,1636952400000000000,17
BSEA,803,29,28.8519,29,28.8519,1636952400000000000,7
BSEP,5872,33.05,33.03,33.05,32.96,1636952400000000000,26
BSET,33489,18.25,18.12,18.4739,18.0301,1636952400000000000,1020
BSFC,57729,3.49,3.4,3.6723,3.26898,1636952400000000000,255
BSGA,1858,10,9.99,10,9.99,1636952400000000000,6
BSGAR,62350,0.4141,0.42,0.43,0.4141,1636952400000000000,20
BSGAU,4350,10.41,10.43,10.43,10.41,1636952400000000000,18
BSGM,149515,3.37,3.26,3.45,3.26,1636952400000000000,653
BSIG,1603753,30.75,30.63,30.85,30.49,1636952400000000000,11286
BSJL,89256,22.98,22.985,22.99,22.98,1636952400000000000,234
BSJM,198548,23.21,23.2,23.23,23.2,1636952400000000000,742
BSJN,147672,25.3,25.28,25.3,25.25,1636952400000000000,612
BSJO,67299,24.94,24.96,24.98,24.94,1636952400000000000,326
BSJP,106265,24.51,24.53,24.55,24.51,1636952400000000000,535
BSJQ,73523,25.64,25.64,25.645,25.6,1636952400000000000,547
BSJR,5220,25.47,25.49,25.49,25.4439,1636952400000000000,65
BSJS,706,25.3524,25.3,25.3524,25.29,1636952400000000000,28
BSJT,2227,24.67,24.645,24.67,24.645,1636952400000000000,9
BSKY,17980,9.74,9.73,9.75,9.72,1636952400000000000,55
BSKYU,514,9.91,9.92,9.92,9.91,1636952400000000000,16
BSKYW,365,0.949799,0.949799,0.9499,0.949799,1636952400000000000,5
BSL,33211,16.65,16.79,16.85,16.65,1636952400000000000,139
BSM,553894,11.6,11.84,11.845,11.45,1636952400000000000,2934
BSML,7469,25.245,25.245,25.276,25.22,1636952400000000000,34
BSMM,10659,25.4499,25.4,25.4499,25.36,1636952400000000000,11
BSMN,2896,25.634,25.6144,25.634,25.6144,1636952400000000000,15
BSMO,3387,25.7699,25.735,25.7699,25.735,1636952400000000000,7
BSMP,5672,25.946,25.925,25.946,25.9244,1636952400000000000,9
BSMQ,5531,25.87,25.84,25.89,25.81,1636952400000000000,17
BSMR,5426,25.73,25.7792,25.7999,25.73,1636952400000000000,15
BSMS,1748,26.1795,26.155,26.1894,26.13,1636952400000000000,8
BSMT,2606,26.045,26.03,26.0743,26.01,1636952400000000000,12
BSMU,3754,25.528,25.49,25.53,25.49,1636952400000000000,31
BSMX,30583,6.39,6.34,6.39,6.32,1636952400000000000,283
BSN,44386,9.96,9.95,9.96,9.94,1636952400000000000,472
BSN.WS,15433,1.08,1.22,1.2685,1.08,1636952400000000000,112
BSQR,287790,2.33,2.32,2.42,2.28,1636952400000000000,1187
BSRR,62492,27.08,27.03,27.08,26.85,1636952400000000000,358
BST,92862,55.51,55.2,55.51,55.0204,1636952400000000000,1377
BSTZ,66629,43.36,43.17,43.62,43.0316,1636952400000000000,651
BSV,2631155,81.29,81.25,81.31,81.2302,1636952400000000000,7654
BSVN,10952,25.78,26.08,26.1655,25.5975,1636952400000000000,152
BSX,9619737,42.18,41.34,42.27,41.16,1636952400000000000,59716
BSXpA,163674,112.02,112.88,114.22,112.02,1636952400000000000,261
BSY,469453,57.71,58.13,58.535,57.05,1636952400000000000,9596
BTA,18225,14.42,14.45,14.59,14.42,1636952400000000000,132
BTAI,1509286,29.6521,27.21,29.85,26.55,1636952400000000000,21126
BTAL,20885,16.44,16.48,16.54,16.44,1636952400000000000,172
BTAQ,76026,9.97,9.98,10,9.97,1636952400000000000,416
BTAQW,147390,0.9,0.92,0.98,0.8818,1636952400000000000,304
BTB,77082668,2.98,1.89,2.99,1.77,1636952400000000000,172791
BTBD,123179,4.3,4.49,4.49,4.3,1636952400000000000,594
BTBDW,109890,1.5,1.1664,1.65,1.11,1636952400000000000,397
BTBT,3730245,11.9258,11.52,11.94,11.21,1636952400000000000,19696
BTCM,458372,7.88,7.76,7.99,7.67,1636952400000000000,2839
BTCR,62996,27.66,25.78,27.7,25.73,1636952400000000000,519
BTCS,141927,8,7.8,8.0957,7.6,1636952400000000000,1078
BTCY,257856,4.29,4.15,4.4,4.05,1636952400000000000,1220
BTEC,7662,54,53.3,54.046,53.3,1636952400000000000,78
BTEK,2274,38.809,38.6711,38.82,38.45,1636952400000000000,40
BTF,729256,25.73,25.2,25.76,25.08,1636952400000000000,2995
BTG,6659753,4.55,4.5,4.55,4.44,1636952400000000000,15582
BTI,3579350,35.47,35.41,35.5,35.29,1636952400000000000,21443
BTN,39452,3.31,3.2,3.31,3.14,1636952400000000000,212
BTNB,29712,10,10,10.015,10,1636952400000000000,120
BTO,35484,45.13,44.8,45.3005,44.71,1636952400000000000,514
BTRS,1024710,8.93,8.82,9.13,8.615,1636952400000000000,8148
BTT,46177,25.67,25.65,25.68,25.65,1636952400000000000,171
BTTR,98954,3.94,3.91,4.0485,3.86,1636952400000000000,891
BTTX,726202,9.41,8.73,9.41,8.11,1636952400000000000,4425
BTU,6787210,11.22,10.61,11.55,10.4,1636952400000000000,36685
BTWN,371275,10.01,10.01,10.05,9.945,1636952400000000000,1601
BTWNU,2438,10.3651,10.43,10.43,10.3651,1636952400000000000,14
BTWNW,137968,1.33,1.3,1.3899,1.3,1636952400000000000,273
BTX,361714,8.33,8.18,8.35,8.05,1636952400000000000,3161
BTZ,161965,15.15,15.17,15.1876,15.1001,1636952400000000000,735
BUD,881715,59.95,60.01,60.23,59.8,1636952400000000000,9059
BUDX,4073,19.6,19.455,19.8,19.11,1636952400000000000,102
BUFD,360976,21.22,21.2021,21.22,21.15,1636952400000000000,273
BUFF,17264,35.76,35.71,35.76,35.71,1636952400000000000,85
BUFG,258103,20.27,20.22,20.27,20.1801,1636952400000000000,277
BUFR,1417672,23.84,23.8,23.84,23.7301,1636952400000000000,699
BUFT,2794,20.0766,20.08,20.0999,20.06,1636952400000000000,17
BUG,248856,34.74,34.27,34.78,34.02,1636952400000000000,3046
BUI,86106,27.23,27.77,27.77,27.17,1636952400000000000,568
BUL,154,43.145,43.155,43.155,43.145,1636952400000000000,5
BULZ,410304,32.32,32.29,32.5,31.36,1636952400000000000,6626
BUR,117749,11.26,11.32,11.41,11.15,1636952400000000000,711
BURL,854986,272.21,270.66,275.365,269.83,1636952400000000000,18039
BUSE,176603,27.64,27.39,27.92,27.225,1636952400000000000,2853
BUYZ,2658,52.0731,51.8634,52.44,51.64,1636952400000000000,39
BUZZ,26278,26.61,26.57,26.75,26.3719,1636952400000000000,560
BV,131359,16.89,16.66,16.89,16.6,1636952400000000000,1905
BVH,114530,30.84,31.47,32.1799,30.84,1636952400000000000,2333
BVN,659439,7.87,7.77,7.915,7.62,1636952400000000000,4610
BVS,527162,15.7,15.74,15.88,15.37,1636952400000000000,5477
BVXV,102968,2.21,2.25,2.27,2.21,1636952400000000000,331
BW,1375738,9.87,10,10.17,9.52,1636952400000000000,10517
BWpA,12531,25.2,25.22,25.27,25.2,1636952400000000000,108
BWA,1394872,48.64,48.55,48.715,48.03,1636952400000000000,15090
BWAC,1580,10.1139,10.11,10.125,10.11,1636952400000000000,32
BWACW,19034,0.77,0.7216,0.77,0.68,1636952400000000000,89
BWAY,84824,8.1,8.7,8.7,8.1,1636952400000000000,319
BWB,55608,19.69,19.3,19.91,18.98,1636952400000000000,560
BWCAW,76565,0.96,0.9601,0.9827,0.7311,1636952400000000000,112
BWEN,501908,3.32,3.1,3.39,3.06,1636952400000000000,3544
BWFG,9617,31.1,31.17,31.61,31.03,1636952400000000000,153
BWG,25205,12.49,12.45,12.49,12.38,1636952400000000000,268
BWMN,10608,17.05,17,18.6999,16.71,1636952400000000000,175
BWMX,29249,26,25.4,26,24.79,1636952400000000000,552
BWSN,16336,26.2,26.0712,26.22,26.0712,1636952400000000000,149
BWX,258752,28.48,28.26,28.48,28.26,1636952400000000000,1283
BWXT,285322,53.77,53.36,54.01,53.19,1636952400000000000,5279
BWZ,14599,30.73,30.67,30.79,30.67,1636952400000000000,85
BX,2184562,143.5,142.8,144.5796,142.425,1636952400000000000,28591
BXC,103665,73.44,72.56,74.29,72.41,1636952400000000000,1964
BXMT,648353,33.73,33.48,33.8498,33.425,1636952400000000000,6531
BXMX,119934,15.01,14.95,15.037,14.92,1636952400000000000,607
BXP,537180,118.72,120.66,120.7,118.11,1636952400000000000,8309
BXRX,1438098,0.52,0.4988,0.52,0.49,1636952400000000000,2329
BXSL,90933,32,31.53,32.41,31,1636952400000000000,446
BY,143620,27.12,27.16,27.22,26.9,1636952400000000000,1063
BYD,1031812,62.93,61.99,63,61.95,1636952400000000000,11449
BYFC,53572,2.75,2.8,2.81,2.75,1636952400000000000,808
BYLD,19668,24.96,24.9,24.97,24.9,1636952400000000000,55
BYM,41534,15.27,15.25,15.31,15.2,1636952400000000000,280
BYND,3250947,85,83.82,85.4396,82.7,1636952400000000000,50971
BYRN,243640,16.24,16.62,16.62,15.84,1636952400000000000,1821
BYSI,472109,14.79,14.82,15.41,14.55,1636952400000000000,4755
BYTE,3453,15.05,15.016,15.05,15,1636952400000000000,72
BYTS,4661,9.72,9.74,9.74,9.72,1636952400000000000,35
BYTSW,451,0.7601,0.7601,0.7601,0.7601,1636952400000000000,3
BZ,644525,38.85,39.42,40.6909,38.39,1636952400000000000,8476
BZH,425163,21.47,21.49,21.58,21.23,1636952400000000000,5536
BZQ,61110,18.03,18.09,18.17,17.84,1636952400000000000,642
BZUN,1519335,18.79,18.19,18.79,17.9,1636952400000000000,12375
C,12900707,69.43,68.74,69.67,68.54,1636952400000000000,81480
CpJ,51775,27.8,27.66,27.9,27.66,1636952400000000000,304
CpK,64061,27.86,27.65,27.89,27.63,1636952400000000000,438
CpN,86665,27.11,27.02,27.1712,27.01,1636952400000000000,628
CAAP,79277,6.1,6.06,6.25,5.93,1636952400000000000,666
CAAS,93889,3.93,3.95,4.08,3.9,1636952400000000000,355
CABA,574105,12.65,12.08,13.2,11.665,1636952400000000000,1668
CABO,14238,1811.69,1841.02,1841.02,1810.12,1636952400000000000,1424
CAC,18783,50,49.83,50.8308,49.49,1636952400000000000,566
CACC,65804,679.32,672.67,681.27,670.9,1636952400000000000,2822
CACG,4100,53.43,53.089,53.4609,52.96,1636952400000000000,67
CACI,52301,282.23,281.93,284.52,281.82,1636952400000000000,2336
CADE,1463939,31.73,31.2,31.73,31.11,1636952400000000000,13455
CADEpA,24740,27,27.36,27.48,26.649,1636952400000000000,255
CADL,33636,11.05,10.01,11.05,9.84,1636952400000000000,425
CAE,373266,30,29.35,30,28.99,1636952400000000000,5240
CAF,12011,21.16,21.26,21.34,21.16,1636952400000000000,117
CAG,3438843,32.32,32.3,32.375,32.025,1636952400000000000,26911
CAH,2539928,51.41,50.46,51.48,50.35,1636952400000000000,25009
CAI,118415,55.98,55.96,55.98,55.94,1636952400000000000,1200
CAIpA,3492,25.35,25.59,25.65,25.35,1636952400000000000,21
CAIpB,2733,25.69,25.6,25.69,25.565,1636952400000000000,35
CAJ,152122,22.72,22.72,22.82,22.71,1636952400000000000,1582
CAKE,764671,44.98,44.72,45.39,44.51,1636952400000000000,11807
CAL,363714,27.02,26.68,27.14,26.365,1636952400000000000,6435
CALA,2944876,1.0354,1.01,1.07,0.9501,1636952400000000000,5777
CALB,24528,19.19,19.3,19.41,19.15,1636952400000000000,226
CALF,156294,47.07,46.77,47.11,46.4457,1636952400000000000,883
CALM,150055,36.41,37.06,37.15,36.33,1636952400000000000,2724
CALT,22805,17.07,17.14,17.14,16.5,1636952400000000000,311
CALX,692641,74.75,71.28,74.99,70.37,1636952400000000000,10543
CAMP,220281,9.95,10.21,10.24,9.95,1636952400000000000,2072
CAMT,371863,49,47.49,49.6,46.91,1636952400000000000,5766
CAN,5258262,10.6084,10.15,10.71,10.145,1636952400000000000,24081
CANE,44605,9.73,9.53,9.73,9.53,1636952400000000000,254
CANF,1550951,1.35,1.35,1.5187,1.32,1636952400000000000,3095
CANG,160747,4.49,4.48,4.55,4.39,1636952400000000000,1545
CANO,1604838,11.69,11.49,11.749,11.4117,1636952400000000000,12610
CANO.WS,23546,3.5,3.49,3.55,3.42,1636952400000000000,112
CAPE,31463,22.57,22.5,22.57,22.4443,1636952400000000000,143
CAPL,28118,20.37,20.1,20.4,20,1636952400000000000,319
CAPR,126750,3.5,3.42,3.5,3.355,1636952400000000000,619
CAR,682820,269.84,273.91,279.4,266.5257,1636952400000000000,15950
CARA,537665,16.13,15.64,16.28,15.425,1636952400000000000,6786
CARE,33962,16.08,15.9,16.08,15.81,1636952400000000000,444
CARG,699905,38.85,38.18,39.49,37.805,1636952400000000000,9919
CARR,2943019,56.06,55.7,56.3299,55.5,1636952400000000000,34908
CARS,750291,13.37,13.16,13.45,12.975,1636952400000000000,6939
CARV,80327,14.65,14.88,15.25,14.26,1636952400000000000,626
CARZ,9793,65.46,65.28,65.46,64.53,1636952400000000000,190
CAS,136,9.9601,9.9601,9.9601,9.9601,1636952400000000000,8
CAS.U,300,10.25,10.25,10.25,10.25,1636952400000000000,4
CAS.WS,17957,0.64,0.65,0.66,0.6301,1636952400000000000,52
CASA,250343,5.96,5.98,6.08,5.92,1636952400000000000,1797
CASH,232579,64.21,65.48,65.885,64.06,1636952400000000000,4221
CASI,1296604,1.06,1.02,1.074,1.01,1636952400000000000,4605
CASS,41167,45.12,45.1,45.13,44.32,1636952400000000000,1312
CASY,110304,199.52,198.48,200.58,198.01,1636952400000000000,4317
CAT,2380075,210,207.71,210.69,206.76,1636952400000000000,40166
CATC,8935,93.59,93.3,93.69,92.825,1636952400000000000,417
CATH,8711,58.27,58.195,58.38,58.1699,1636952400000000000,145
CATO,70562,19.15,19.41,19.4339,19.0697,1636952400000000000,1518
CATY,198822,44.7,44.87,45.03,44.57,1636952400000000000,4259
CB,1053724,193.35,193.16,194.15,192.195,1636952400000000000,15195
CBAH,1937654,10.25,10.33,10.36,10.15,1636952400000000000,3867
CBAH.U,2857,11,11.01,11.01,10.98,1636952400000000000,20
CBAH.WS,18762,3.06,3.05,3.0608,3.01,1636952400000000000,128
CBAN,15920,18.68,18.29,18.94,18,1636952400000000000,260
CBAT,4577146,2.33,2.16,2.33,2.1,1636952400000000000,11947
CBAY,484161,4.41,4.29,4.55,4.1772,1636952400000000000,4617
CBD,429774,4.41,4.44,4.51,4.37,1636952400000000000,2241
CBFV,2435,24,23.95,24.32,23.95,1636952400000000000,45
CBH,33318,10.82,10.79,10.84,10.6,1636952400000000000,86
CBIO,1488722,1.76,1.67,1.78,1.66,1636952400000000000,4685
CBL,108212,30.8,32.1,32.1,30.751,1636952400000000000,1155
CBLS,1,26.0903,26.0903,26.0903,26.0903,1636952400000000000,1
CBNK,25332,27.73,27.63,28,27.48,1636952400000000000,420
CBOE,608749,131.69,131,132.28,131,1636952400000000000,9164
CBON,31250,24.66,24.6,24.66,24.58,1636952400000000000,206
CBRE,784206,105.55,104.59,105.77,104.13,1636952400000000000,11376
CBRGU,19463,10.1,10.07,10.1101,10.07,1636952400000000000,73
CBRL,228342,146,143.95,147.7,143.4,1636952400000000000,6485
CBSE,544,30,29.9118,30.02,29.9118,1636952400000000000,12
CBSH,222725,74.1,73.98,74.56,73.88,1636952400000000000,4655
CBT,302139,58.88,58.38,58.88,57.7,1636952400000000000,5408
CBTG,298,21.8202,21.8202,22.55,21.8202,1636952400000000000,29
CBTX,134622,30.1,30.14,30.42,29.89,1636952400000000000,2453
CBU,152652,74.63,74.09,74.91,73.84,1636952400000000000,2491
CBZ,122280,39.72,39.45,39.79,38.95,1636952400000000000,2125
CC,914443,33.42,33.1,33.74,32.95,1636952400000000000,11643
CCAC,639982,10,10,10.02,9.98,1636952400000000000,794
CCAC.WS,74681,1.07,1.01,1.07,0.99,1636952400000000000,91
CCAI,9746,9.76,9.75,9.76,9.7495,1636952400000000000,12
CCAIW,218245,0.5528,0.5201,0.5528,0.5,1636952400000000000,93
CCAP,22703,20.87,20.37,20.91,20.32,1636952400000000000,190
CCB,13172,44.24,44.02,44.26,43.2472,1636952400000000000,242
CCBG,87835,28.32,27.96,28.32,27.59,1636952400000000000,316
CCCC,340356,42.25,41.7,43.61,40.81,1636952400000000000,5776
CCCS,887185,12.68,12.88,12.98,12.47,1636952400000000000,4057
CCCS.WS,32487,3.7,3.84,3.87,3.65,1636952400000000000,196
CCD,32549,32.95,32.98,33.1999,32.88,1636952400000000000,280
CCEL,8136,12.4,12.39,12.4,11.7301,1636952400000000000,111
CCEP,623516,56.27,56.02,56.5,55.88,1636952400000000000,8804
CCF,12609,108.2,109.52,109.63,107.21,1636952400000000000,463
CCI,1079556,180.67,182.78,182.84,179.72,1636952400000000000,16238
CCJ,3428706,27.65,27.13,27.96,26.8,1636952400000000000,26148
CCK,2009354,110.14,111.88,112.02,109.94,1636952400000000000,13432
CCL,22500761,22.505,22.3,22.72,22.14,1636952400000000000,111016
CCLP,386430,1.52,1.44,1.52,1.4,1636952400000000000,433
CCM,6425,2.46,2.48,2.48,2.46,1636952400000000000,32
CCMP,349187,148.44,149.3,152.645,147.08,1636952400000000000,8724
CCNC,225825,1.56,1.59,1.605,1.53,1636952400000000000,927
CCNE,17838,27.31,27.52,27.64,27.2853,1636952400000000000,415
CCNEP,756,28.8,28.04,28.8,28.04,1636952400000000000,19
CCO,3421494,3.67,3.64,3.7,3.58,1636952400000000000,12188
CCOI,185134,77.95,78.59,78.965,77.455,1636952400000000000,4416
CCOR,7563,29.66,29.6736,29.75,29.66,1636952400000000000,52
CCRN,184859,25.33,25.42,25.495,24.81,1636952400000000000,4399
CCRV,606,28.47,28.4449,28.499,28.39,1636952400000000000,61
CCS,169667,72.66,72.09,72.66,71.775,1636952400000000000,4324
CCSI,162372,61.78,65.17,66.29,61.78,1636952400000000000,3366
CCU,299821,18.92,18.73,18.96,18.52,1636952400000000000,3122
CCV,33093,9.82,9.86,9.86,9.82,1636952400000000000,387
CCV.U,2385,10.1,10.12,10.12,10.1,1636952400000000000,13
CCV.WS,25237,1.13,1.1599,1.2,1.12,1636952400000000000,95
CCVI,24591,9.83,9.89,9.89,9.83,1636952400000000000,186
CCVI.U,9653,10.06,10.08,10.11,10.06,1636952400000000000,60
CCVI.WS,28054,1.21,1.22,1.235,1.18,1636952400000000000,69
CCXI,1260374,39.53,39.76,40.22,38.86,1636952400000000000,12415
CD,1337620,10.35,10.15,10.4,9.69,1636952400000000000,12146
CDAK,37066,14.65,14.79,14.95,14.2401,1636952400000000000,1066
CDAQU,94216,9.91,9.92,9.92,9.9,1636952400000000000,383
CDAY,643196,119.6,120.35,120.4,118.56,1636952400000000000,12012
CDC,209025,67.99,68.18,68.2285,67.88,1636952400000000000,359
CDE,2795036,7.16,7.01,7.16,6.92,1636952400000000000,14667
CDEV,4004784,7.17,7.28,7.39,6.9692,1636952400000000000,18722
CDK,758648,42.52,42,42.6599,41.89,1636952400000000000,11207
CDL,4989,59.58,59.74,59.855,59.58,1636952400000000000,93
CDLX,283181,91.15,88.29,91.15,87.3,1636952400000000000,5694
CDMO,840311,33.9,32.51,33.9,31.64,1636952400000000000,10035
CDNA,467323,47.71,46.99,48.3,46.85,1636952400000000000,8423
CDNS,771484,182.78,182.34,183.178,179.85,1636952400000000000,18047
CDOR,10179,7.22,7.27,7.29,7.1915,1636952400000000000,83
CDR,20421,23.25,23.35,23.57,23,1636952400000000000,589
CDRpB,3483,25.18,25.2,25.24,25.18,1636952400000000000,48
CDRpC,14103,25.22,25.08,25.22,25.0025,1636952400000000000,109
CDRE,180579,19.65,21.71,21.95,19.52,1636952400000000000,2202
CDTX,334949,1.61,1.59,1.61,1.57,1636952400000000000,1544
CDW,529177,191.47,190.85,192.75,190.31,1636952400000000000,10944
CDXC,180746,6.16,6.13,6.18,6.02,1636952400000000000,1859
CDXS,647636,37.05,36.25,37.66,36.09,1636952400000000000,7716
CDZI,304223,5.935,5.72,5.935,5.46,1636952400000000000,2762
CDZIP,1876,23.01,23,23.1815,23,1636952400000000000,7
CE,1040423,170.37,167.42,171.25,166.05,1636952400000000000,18656
CEA,5441,19.22,19.27,19.46,19.19,1636952400000000000,111
CECE,59785,6.72,6.8,6.84,6.7,1636952400000000000,866
CEE,5658,29.93,29.69,29.93,29.69,1636952400000000000,42
CEF,344993,18.64,18.67,18.88,18.6,1636952400000000000,1268
CEFD,1349,32.74,32.6085,32.74,32.6085,1636952400000000000,17
CEFS,7647,21.76,21.91,21.95,21.76,1636952400000000000,64
CEI,27897250,1.08,1.04,1.09,1.02,1636952400000000000,36687
CEIX,562850,25.74,24.78,25.95,23.98,1636952400000000000,6453
CELC,14540,17.4,17.6,17.6,16.83,1636952400000000000,385
CELGr,11051,0.183,0.1827,0.183137,0.1827,1636952400000000000,15
CELH,3216889,83.14,77.77,83.34,75.82,1636952400000000000,49753
CELP,14477,1.53,1.49,1.53,1.4755,1636952400000000000,89
CELU,89641,7.11,6.81,7.11,6.8,1636952400000000000,1141
CELUW,14866,1.34,1.16,1.34,1.15,1636952400000000000,46
CEM,33208,30.15,30.25,30.39,30,1636952400000000000,499
CEMB,57760,51.54,51.22,51.54,51.21,1636952400000000000,213
CEMI,716556,2.07,2.03,2.08,2.01,1636952400000000000,3009
CEN,10247,15.69,15.62,15.7,15.59,1636952400000000000,68
CENQ,273528,9.92,9.92,9.93,9.915,1636952400000000000,211
CENQU,797,10.24,10.25,10.25,10.24,1636952400000000000,7
CENQW,6490,0.4801,0.4967,0.4967,0.4801,1636952400000000000,31
CENT,69629,56.16,56.14,56.49,55.486,1636952400000000000,1364
CENTA,125899,50.86,50.66,51.03,50.1,1636952400000000000,2729
CENX,1493814,15.79,15.34,15.85,14.82,1636952400000000000,13966
CEPU,373583,3.76,3.86,3.94,3.55,1636952400000000000,3441
CEQP,563134,28.78,29.2,29.24,28.32,1636952400000000000,4747
CEQPp,167159,10.1,10.0782,10.125,10.07,1636952400000000000,690
CERE,475252,39.29,38.78,39.5,38.03,1636952400000000000,5500
CERN,1757299,74.625,73.91,75.32,73.74,1636952400000000000,22767
CERS,824270,7.31,7.13,7.31,7.04,1636952400000000000,7074
CERT,816154,39.09,38.04,40.65,37.37,1636952400000000000,10827
CET,20382,41.92,41.8,42.0799,41.8,1636952400000000000,221
CETX,973461,1.3,1.27,1.31,1.24,1636952400000000000,1852
CETXW,23549,0.190101,0.1971,0.1971,0.1901,1636952400000000000,9
CEV,10850,14.33,14.13,14.33,14.13,1636952400000000000,73
CEVA,91606,48.33,48.15,48.49,46.95,1636952400000000000,3068
CEW,1793,17.7313,17.71,17.7387,17.71,1636952400000000000,18
CEY,633,23.98,23.9784,23.9801,23.9784,1636952400000000000,12
CF,2738300,64.58,65.55,65.58,63.47,1636952400000000000,26593
CFA,13116,76.59,76.6,76.83,76.56,1636952400000000000,166
CFB,51413,15.11,15.18,15.19,15.015,1636952400000000000,847
CFBK,24677,21.01,21.22,21.22,20.1,1636952400000000000,239
CFCV,1,36.8092,36.8092,36.8092,36.8092,1636952400000000000,1
CFFE,537,9.93,9.94,9.94,9.93,1636952400000000000,27
CFFEW,41008,0.81,0.9517,0.9517,0.809801,1636952400000000000,77
CFFI,588,53,53,53,53,1636952400000000000,43
CFFN,329475,12.65,12.59,12.67,12.56,1636952400000000000,3331
CFFVU,3902,10.3,10.3,10.345,10.3,1636952400000000000,16
CFFVW,29418,1.11,1.15,1.15,1.09,1636952400000000000,133
CFG,5322422,49.54,49.95,50.04,49.23,1636952400000000000,46229
CFGpD,10042,27.44,27.4468,27.69,27.389,1636952400000000000,158
CFGpE,31877,26,25.94,26.07,25.92,1636952400000000000,275
CFIV,21014,9.81,9.82,9.82,9.805,1636952400000000000,258
CFIVU,200,10.01,10.01,10.01,10.01,1636952400000000000,1
CFIVW,26532,0.792,0.909,0.909,0.792,1636952400000000000,110
CFLT,5691831,87,80,87,78.19,1636952400000000000,62473
CFMS,4247753,1.08,1.04,1.16,1.03,1636952400000000000,8949
CFO,14107,76.91,76.69,76.91,76.58,1636952400000000000,164
CFR,184765,133.5,133.16,133.66,132.56,1636952400000000000,4520
CFRpB,32209,26.51,26.09,26.51,26.04,1636952400000000000,255
CFRX,201955,4.09,3.77,4.09,3.69,1636952400000000000,1215
CFV,58705,9.97,9.98,9.98,9.97,1636952400000000000,173
CFVI,719,9.7502,9.75,9.7502,9.75,1636952400000000000,9
CFVIU,382,9.85,9.94,9.94,9.85,1636952400000000000,10
CFVIW,40397,0.81,0.85,0.856699,0.79,1636952400000000000,66
CFX,443174,52.25,52.17,52.345,51.73,1636952400000000000,6524
CG,1563921,60.43,59.23,60.62,59.15,1636952400000000000,9785
CGA,14031,11.75,11.38,11.75,10.98,1636952400000000000,118
CGABL,77329,25.45,25.26,25.48,25.18,1636952400000000000,544
CGAU,32704,8.69,8.62,8.69,8.58,1636952400000000000,260
CGBD,101665,14.07,13.89,14.14,13.85,1636952400000000000,909
CGC,17970614,15.45,14.45,15.96,14.43,1636952400000000000,109059
CGEM,117347,21.42,20.96,21.54,20.8,1636952400000000000,3860
CGEN,3249187,5.92,5.45,6.05,5.36,1636952400000000000,21099
CGNT,253125,22.12,21.99,22.2203,21.64,1636952400000000000,3107
CGNX,653022,82.65,83.16,83.695,82.35,1636952400000000000,11381
CGO,15913,16.29,16.17,16.3428,15.92,1636952400000000000,103
CGRN,87148,5.39,5.41,5.47,5.2101,1636952400000000000,858
CGTX,60129,11.81,11.52,12.05,11.21,1636952400000000000,885
CGW,108023,60.83,60.47,60.83,60.4,1636952400000000000,1011
CHAA,138,9.72,9.72,9.72,9.72,1636952400000000000,4
CHAA.WS,100,0.75,0.75,0.75,0.75,1636952400000000000,1
CHAD,10782,16.65,16.66,16.69,16.63,1636952400000000000,86
CHAU,30713,39.57,39.38,39.58,39.31,1636952400000000000,354
CHB,903,15.29,15.335,15.355,15.29,1636952400000000000,10
CHCI,87723,4.78,4.9,4.98,4.78,1636952400000000000,599
CHCO,41386,82.28,81.89,82.35,81.23,1636952400000000000,1582
CHCT,65708,46.36,46.33,46.52,46.07,1636952400000000000,1086
CHD,863258,90.04,91.16,91.385,89.81,1636952400000000000,11647
CHDN,107355,232.25,232,233.89,230.62,1636952400000000000,4026
CHE,56750,501.49,498.79,504.61,498.02,1636952400000000000,3009
CHEF,193115,33.71,33.4,33.94,33.3,1636952400000000000,4291
CHEK,715703,0.9223,0.918,0.9477,0.912,1636952400000000000,1991
CHEKZ,6641,0.1899,0.1798,0.1899,0.1679,1636952400000000000,24
CHGG,4989892,29.35,29.31,29.4872,28.91,1636952400000000000,31700
CHGX,18771,35.4,35.34,35.49,35.31,1636952400000000000,168
CHH,277265,148.35,149.76,150.03,148.03,1636952400000000000,5837
CHI,113099,16.19,16.2698,16.28,16.14,1636952400000000000,558
CHIC,5706,22.21,22.0564,22.234,22.0335,1636952400000000000,50
CHIE,3389,11.3563,11.37,11.42,11.33,1636952400000000000,40
CHIH,14846,24.22,24.4,24.44,24.21,1636952400000000000,45
CHII,358,16.41,16.35,16.41,16.35,1636952400000000000,18
CHIK,7891,29.76,29.5886,29.9,29.57,1636952400000000000,51
CHIM,14112,24.2253,24.1533,24.3699,24.06,1636952400000000000,37
CHIQ,59323,30.76,30.4,30.81,30.36,1636952400000000000,512
CHIR,15263,12.01,12.18,12.34,11.96,1636952400000000000,75
CHIS,517,29.07,29.02,29.07,29.02,1636952400000000000,25
CHIU,209,18.0571,18.0571,18.0571,18.0571,1636952400000000000,13
CHIX,63751,14.5,14.43,14.5,14.43,1636952400000000000,176
CHK,1558854,63.66,62.41,63.83,61.41,1636952400000000000,15782
CHKEL,6125,30.05,30.5,30.59,29.9,1636952400000000000,46
CHKEW,2141,36.33,37.5,37.5,36.33,1636952400000000000,31
CHKEZ,351037,32.45,32.9,32.9,32.45,1636952400000000000,18
CHKP,806433,118.33,116.98,118.33,116.115,1636952400000000000,14251
CHLD,106,9.915,9.915,9.915,9.915,1636952400000000000,4
CHMG,3458,48.05,47.68,49.3191,47.68,1636952400000000000,103
CHMI,99177,9.1,9.01,9.14,9.01,1636952400000000000,952
CHMIpA,1559,25.93,25.88,25.93,25.8501,1636952400000000000,10
CHMIpB,4250,25.7,25.701,25.7205,25.7,1636952400000000000,22
CHN,12616,27.23,27.13,27.23,27.0272,1636952400000000000,79
CHNA,703,33.835,33.8138,33.835,33.59,1636952400000000000,11
CHNG,1196512,21.34,20.78,21.34,20.78,1636952400000000000,8474
CHNR,32597,1.21,1.21,1.25,1.21,1636952400000000000,159
CHPM,798526,10.04,10.03,10.0498,10.02,1636952400000000000,1171
CHPMU,9117,10.45,10.4,10.45,10.39,1636952400000000000,41
CHPMW,2188210,0.88,0.85,0.895,0.760001,1636952400000000000,3019
CHPT,9357341,27.04,26.93,27.16,26.18,1636952400000000000,71026
CHRA,24807,4.62,4.41,4.66,4.37,1636952400000000000,269
CHRB,19712,24.59,24.525,24.59,24.3629,1636952400000000000,132
CHRS,644850,18.78,18.92,19.12,18.53,1636952400000000000,7059
CHRW,903522,94.84,95.62,95.69,94.11,1636952400000000000,15690
CHS,1385198,6.32,6.55,6.58,6.2802,1636952400000000000,9734
CHSCL,22232,28.9,28.83,28.9,28.67,1636952400000000000,236
CHSCM,5560,27.84,27.62,27.84,27.62,1636952400000000000,91
CHSCN,5857,27.6601,27.77,27.8547,27.66,1636952400000000000,90
CHSCO,19509,28.14,28.11,28.25,28.05,1636952400000000000,226
CHSCP,42087,30.66,30.22,30.66,30.1992,1636952400000000000,264
CHT,130212,40.62,40.39,42.21,40.21,1636952400000000000,1575
CHTR,729241,689.71,692.91,696.98,689.71,1636952400000000000,23829
CHUY,188619,32.99,32.75,33.23,32.6,1636952400000000000,2980
CHW,74098,10.49,10.48,10.52,10.45,1636952400000000000,424
CHWA,290000,9.78,9.78,9.78,9.78,1636952400000000000,1
CHWAW,175000,0.5,0.5,0.5,0.5,1636952400000000000,1
CHWY,2103989,77.03,74.76,77.59,74.4012,1636952400000000000,26260
CHX,1401931,24.57,24.3,24.675,24.08,1636952400000000000,16051
CHY,101122,17.02,16.96,17.04,16.8806,1636952400000000000,396
CI,1537027,217.98,215.53,218.42,215.14,1636952400000000000,22934
CIA,47424,6.49,6.45,6.49,6.41,1636952400000000000,478
CIAN,176114,15.17,15.13,15.58,14.98,1636952400000000000,1797
CIB,161653,33.1,32.55,33.22,32.4505,1636952400000000000,2166
CIBR,798551,55.99,55.24,55.99,55.01,1636952400000000000,7254
CID,283,32.1704,32.1704,32.1704,32.1704,1636952400000000000,9
CIDM,5921828,2.17,2.23,2.27,2.16,1636952400000000000,10373
CIEN,580288,61.44,61.55,62.185,61.335,1636952400000000000,8771
CIF,28062,3.03,3.04,3.05,3.01,1636952400000000000,112
CIFR,801148,8.85,8.68,8.87,8.31,1636952400000000000,5900
CIFRW,10366,2.72,2.73,2.75,2.6101,1636952400000000000,41
CIG,4796376,2.52,2.53,2.575,2.49,1636952400000000000,7037
CIG.C,28784,3.32,3.16,3.32,3.16,1636952400000000000,208
CIGI,27700,144.35,145.87,146.02,143.955,1636952400000000000,983
CIH,17797,1.465,1.42,1.5,1.42,1636952400000000000,100
CII,56214,21.59,21.65,21.72,21.59,1636952400000000000,273
CIIG,172896,9.83,9.88,9.9,9.83,1636952400000000000,376
CIIGU,84074,10.29,10.28,10.31,10.26,1636952400000000000,282
CIIGW,167405,0.83,0.83,0.92,0.8155,1636952400000000000,254
CIK,394805,3.47,3.52,3.52,3.46,1636952400000000000,780
CIL,329,45.62,45.5163,45.62,45.5163,1636952400000000000,4
CIM,1105696,16.53,16.59,16.66,16.53,1636952400000000000,7111
CIMpA,14660,25.46,25.49,25.49,25.39,1636952400000000000,127
CIMpB,49902,25.8,25.78,26.001,25.65,1636952400000000000,389
CIMpC,10101,25.67,25.73,25.73,25.554,1636952400000000000,112
CIMpD,6826,25.82,25.78,25.87,25.75,1636952400000000000,88
CINF,377629,122.22,121.48,122.54,121.15,1636952400000000000,9804
CINR,36072,18.63,18.3,18.63,17.4,1636952400000000000,315
CINT,385208,19.78,19.64,19.925,19.1407,1636952400000000000,3029
CIO,199770,18.89,18.82,18.93,18.74,1636952400000000000,2056
CIOpA,10967,25.31,25.14,25.32,25.14,1636952400000000000,85
CION,65595,12.4,12.63,12.65,12.4,1636952400000000000,424
CIR,88343,32.18,31.52,32.5,31.11,1636952400000000000,1667
CIT,286802,50.48,50.84,50.95,49.96,1636952400000000000,4608
CITpB,31995,26.27,26.23,26.29,26.1,1636952400000000000,172
CIVB,24761,25.28,25.29,25.375,24.99,1636952400000000000,525
CIVI,498138,56.18,56.72,57.02,54.81,1636952400000000000,6798
CIX,4167,21.63,21.51,21.71,21.43,1636952400000000000,77
CIXX,56640,23.57,23.71,23.83,23.0108,1636952400000000000,857
CIZ,279,34.7077,34.6384,34.7077,34.6384,1636952400000000000,8
CIZN,2104,18.49,18.49,18.5,18.16,1636952400000000000,85
CJJD,196199,0.6032,0.6027,0.63,0.602,1636952400000000000,410
CKPT,923594,4.23,3.95,4.24,3.91,1636952400000000000,4065
CL,3172073,78.25,78.3,78.35,77.875,1636952400000000000,30035
CLAA,280,9.8,9.76,9.8,9.76,1636952400000000000,3
CLAQ,920,9.9561,9.9582,9.9582,9.9561,1636952400000000000,3
CLAQR,2609,0.3,0.299799,0.3,0.299799,1636952400000000000,4
CLAQW,4420,0.5049,0.539701,0.5498,0.5049,1636952400000000000,12
CLAR,115775,28.3,28.43,28.55,28.1,1636952400000000000,3165
CLAS,116788,9.76,9.76,9.77,9.75,1636952400000000000,50
CLAS.U,1000,10.07,10.07,10.07,10.07,1636952400000000000,3
CLAS.WS,21037,0.62,0.67,0.67,0.534,1636952400000000000,89
CLAYW,26210,0.52,0.548899,0.549,0.515,1636952400000000000,70
CLB,380468,26.07,26.49,26.73,25.81,1636952400000000000,4124
CLBK,55922,19.39,19.2,19.45,19.15,1636952400000000000,1038
CLBR,268002,9.71,9.76,9.78,9.7,1636952400000000000,384
CLBR.U,7159,9.94,9.98,10,9.93,1636952400000000000,37
CLBR.WS,13376,0.6612,0.6992,0.72,0.66,1636952400000000000,50
CLBS,202108,1.06,1.06,1.09,1.05,1636952400000000000,628
CLBT,579853,10.01,9.95,10.47,9.89,1636952400000000000,3732
CLBTW,86852,2.65,2.29,2.65,2.29,1636952400000000000,462
CLDL,6156,32.25,31.4764,32.26,31.4764,1636952400000000000,76
CLDS,1041,15.41,15.5799,15.5799,15.41,1636952400000000000,35
CLDT,124429,12.92,13.03,13.04,12.8896,1636952400000000000,1461
CLDTpA,10254,25.84,26,26.14,25.79,1636952400000000000,81
CLDX,367490,42.11,43.01,44.4,42.11,1636952400000000000,5870
CLEU,74365,2.22,2.19,2.24,2.19,1636952400000000000,314
CLF,17029687,22.12,21.72,22.24,21.46,1636952400000000000,76852
CLFD,369940,71,66.1,72,62.22,1636952400000000000,6720
CLGN,26191,21.81,21.43,21.94,21.09,1636952400000000000,325
CLH,136522,106.47,106.89,106.9099,106.2,1636952400000000000,3651
CLI,421615,19.28,19.45,19.55,19.21,1636952400000000000,3517
CLIM,235367,9.89,9.81,9.89,9.77,1636952400000000000,153
CLIM.U,10841,10.05,10.05,10.15,10.05,1636952400000000000,154
CLIM.WS,66283,1.16,1.2101,1.32,1.15,1636952400000000000,403
CLIR,84528,1.83,1.78,1.83,1.73,1636952400000000000,422
CLIX,2984,68.86,69.03,69.45,68.76,1636952400000000000,72
CLLS,124297,10.56,9.98,10.56,9.92,1636952400000000000,1741
CLM,1566705,14.57,14.44,14.59,14.33,1636952400000000000,5679
CLMA,5998,22.11,21.89,22.11,21.8359,1636952400000000000,44
CLMT,176908,14.34,14.01,14.6599,13.95,1636952400000000000,1502
CLNE,4373295,8.55,8.32,8.62,8.16,1636952400000000000,29285
CLNN,125351,5.12,6.03,6.05,5.12,1636952400000000000,1392
CLNNW,13210,0.591,0.599,0.599,0.5201,1636952400000000000,57
CLNR,322,26.47,26.2229,26.47,26.2229,1636952400000000000,13
CLOE,920,10.05,10.0089,10.05,10.0089,1636952400000000000,18
CLOU,414933,31.44,31.37,31.55,31.24,1636952400000000000,3825
CLOV,26756519,7.28,7.56,7.68,7.25,1636952400000000000,83384
CLPR,54601,9.42,8.99,9.42,8.91,1636952400000000000,550
CLPS,29288,3.2,3.08,3.2,3.07,1636952400000000000,210
CLPT,547386,16.45,15.91,16.73,15.175,1636952400000000000,5694
CLR,1549760,47.99,48.03,48.85,46.39,1636952400000000000,18901
CLRB,377951,0.875,0.8433,0.8798,0.832,1636952400000000000,1195
CLRG,466,35.79,35.764,35.79,35.75,1636952400000000000,21
CLRM,29525,9.78,9.8,9.8,9.74,1636952400000000000,24
CLRMW,6541,0.6,0.584,0.600001,0.584,1636952400000000000,30
CLRO,919149,1.35,1.39,1.41,1.255,1636952400000000000,2314
CLS,428552,11.69,11.55,11.88,11.53,1636952400000000000,3899
CLSA,26652,26.9,26.86,26.9,26.79,1636952400000000000,34
CLSC,29411,25.74,25.66,25.74,25.66,1636952400000000000,43
CLSD,200519,4.97,4.83,4.97,4.78,1636952400000000000,1593
CLSK,2646594,21.84,20.69,22.6,20.5,1636952400000000000,18989
CLSM,26268,26.92,26.85,26.92,26.81,1636952400000000000,32
CLSN,822050,0.848,0.8494,0.87,0.816,1636952400000000000,2293
CLST,2899,13.795,13.76,13.86,13.76,1636952400000000000,105
CLTL,1528,105.66,105.655,105.66,105.65,1636952400000000000,33
CLVR,489500,5.87,5.94,6.24,5.64,1636952400000000000,3216
CLVRW,60760,0.8999,0.9296,0.989899,0.87,1636952400000000000,68
CLVS,2813361,3.96,3.88,4,3.87,1636952400000000000,11358
CLVT,5002618,23.34,23.91,23.95,22.98,1636952400000000000,24534
CLVTpA,7955,89.42,91.24,91.24,88.86,1636952400000000000,213
CLW,108880,39.27,40.54,40.68,39.1066,1636952400000000000,2202
CLWT,10836,3.362,3.4,3.4742,3.36,1636952400000000000,73
CLX,1259962,166.04,169.88,169.94,166.04,1636952400000000000,20924
CLXT,110320,3.59,3.59,3.74,3.51,1636952400000000000,849
CM,2482605,120.05,119.28,120.335,119.15,1636952400000000000,6854
CMA,937310,89.39,89.58,90.465,88.74,1636952400000000000,15101
CMAX,352753,9,8.95,9.65,8.68,1636952400000000000,3785
CMAXW,10381,2.4,2.45,2.55,2.4,1636952400000000000,9
CMBM,138575,30.34,29.47,30.34,29.05,1636952400000000000,2544
CMBS,33375,53.58,53.46,53.6,53.39,1636952400000000000,247
CMC,584759,34.25,33.46,34.325,33.2,1636952400000000000,8081
CMCL,65993,14.34,13.97,14.37,13.67,1636952400000000000,425
CMCM,586445,1.69,1.71,1.83,1.68,1636952400000000000,1397
CMCO,60406,52.4,51.75,52.55,51.34,1636952400000000000,1460
CMCSA,9906757,53.45,53.38,53.73,53.24,1636952400000000000,77567
CMCT,28844,7.84,7.8,7.9,7.61,1636952400000000000,423
CMCTP,1025,27.5,26.7,27.5,26.55,1636952400000000000,4
CMDY,13782,59.28,59.7925,59.95,59.24,1636952400000000000,146
CME,1488412,224.43,226.68,226.8,223.99,1636952400000000000,19936
CMF,109456,62.24,62.14,62.24,62.1396,1636952400000000000,656
CMG,233518,1870,1839.38,1895.99,1832.81,1636952400000000000,13202
CMI,546554,237,236.03,237.6897,234.435,1636952400000000000,11031
CMLS,17646,13.32,12.93,13.85,12.875,1636952400000000000,342
CMLT,36557,9.96,9.965,9.98,9.9514,1636952400000000000,281
CMLTU,14381,10.35,10.41,10.4197,10.35,1636952400000000000,89
CMLTW,5602,2.22,2.27,2.27,2.15,1636952400000000000,74
CMMB,160873,10.7,10.2,10.7,9.82,1636952400000000000,1248
CMP,183865,72.32,71.97,72.32,71.31,1636952400000000000,3944
CMPI,16348,4.25,4.03,4.4099,3.95,1636952400000000000,202
CMPR,61098,88.33,88.97,92.11,85.15,1636952400000000000,2378
CMPS,520594,35.93,34.91,35.95,34.28,1636952400000000000,6448
CMPX,130174,3.52,3.6,3.65,3.51,1636952400000000000,816
CMRE,588983,13.15,12.87,13.15,12.73,1636952400000000000,5353
CMREpB,264,25.8554,25.87,25.87,25.8554,1636952400000000000,6
CMREpC,1601,25.99,25.99,25.99,25.9248,1636952400000000000,12
CMREpD,3277,26.1161,26.2,26.2,26.1,1636952400000000000,15
CMREpE,8776,26.93,26.9,26.995,26.9,1636952400000000000,29
CMRX,478788,6.17,5.89,6.17,5.855,1636952400000000000,4658
CMS,1071046,60.35,61.17,61.18,60.085,1636952400000000000,10559
CMSpB,157,109.5,109.3225,109.6094,109.05,1636952400000000000,14
CMSpC,66511,24.88,24.81,24.88,24.65,1636952400000000000,491
CMSA,121431,26.5342,26.34,26.5342,26.31,1636952400000000000,234
CMSC,30436,27.2,27.21,27.24,27.17,1636952400000000000,279
CMSD,43991,27.07,27.01,27.18,27.01,1636952400000000000,372
CMT,75300,10,10.01,10.31,9.76,1636952400000000000,522
CMTG,255293,16.55,17.04,17.42,16.55,1636952400000000000,1961
CMTL,121781,27.125,26.81,27.24,26.75,1636952400000000000,2133
CMU,36566,4.6,4.56,4.6,4.56,1636952400000000000,163
CN,1119,41.85,41.6081,41.85,41.6081,1636952400000000000,21
CNA,167756,45.46,45.11,45.46,44.9467,1636952400000000000,2619
CNBS,242896,20.27,19.16,20.44,19.1501,1636952400000000000,1860
CNC,2613811,75.68,75.1,76.05,74.8,1636952400000000000,21442
CNCE,229345,4.01,4.01,4.12,3.96,1636952400000000000,2006
CNCR,1377,28.56,28.56,28.5701,28.56,1636952400000000000,51
CND,633878,12.4,12.15,12.4412,11.78,1636952400000000000,3674
CND.U,813,13.8,13.8,13.8,13.8,1636952400000000000,33
CND.WS,123988,3.3,3.27,3.51,3.22,1636952400000000000,683
CNDA,22867,9.81,9.8,9.81,9.75,1636952400000000000,136
CNDA.U,22754,10.09,10.1,10.2,10.08,1636952400000000000,131
CNDA.WS,75576,0.9601,1.12,1.12,0.951,1636952400000000000,213
CNDB.U,5300,10.18,10.18,10.18,10.18,1636952400000000000,4
CNDT,1197292,5.82,5.74,5.9,5.72,1636952400000000000,7689
CNET,222034,1.46,1.41,1.4864,1.38,1636952400000000000,837
CNEY,1247231,4.05,3.9,4.23,3.8,1636952400000000000,2471
CNF,766734,4.96,4.3,5.15,3.8582,1636952400000000000,4660
CNFR,12052,2.52,2.54,2.63,2.52,1636952400000000000,99
CNHI,3477902,18.67,18.65,18.7,18.555,1636952400000000000,13906
CNI,689124,129.95,129.13,130.29,128.95,1636952400000000000,10339
CNK,3147579,20.61,20.53,20.83,20.232,1636952400000000000,14655
CNM,521578,30.42,30.89,31.9277,30.2,1636952400000000000,6156
CNMD,188343,152.31,150.9,152.82,150.28,1636952400000000000,4826
CNNE,437708,33.44,33.59,33.79,33.27,1636952400000000000,5604
CNO,774138,24.99,24.87,25.18,24.82,1636952400000000000,8063
CNOpA,834,26.42,26.08,26.42,26.08,1636952400000000000,27
CNOB,138199,34.82,35.2,35.25,34.69,1636952400000000000,1780
CNOBP,2878,26.49,26.67,26.69,26.46,1636952400000000000,37
CNP,2800194,26.78,26.95,26.96,26.685,1636952400000000000,18907
CNQ,3002388,41.24,41.74,41.875,40.86,1636952400000000000,27558
CNR,746853,17.1,16.61,17.5,16.41,1636952400000000000,8824
CNRG,34166,112.87,111.03,112.87,110.22,1636952400000000000,683
CNS,59149,99.97,99.7,100.2646,98.97,1636952400000000000,1529
CNSL,244558,8.86,8.84,8.99,8.75,1636952400000000000,3375
CNSP,423868,1.21,1.13,1.23,1.1,1636952400000000000,1040
CNTA,337396,12.32,11.92,12.49,11.06,1636952400000000000,2014
CNTB,41567,14.44,13.02,14.82,13.01,1636952400000000000,679
CNTG,25949,9.82,9.83,9.84,9.49,1636952400000000000,198
CNTQ,706,9.9999,9.9999,9.9999,9.9999,1636952400000000000,3
CNTQU,100,10.36,10.36,10.36,10.36,1636952400000000000,1
CNTQW,1407,0.75,0.75,0.75,0.75,1636952400000000000,11
CNTX,674166,5.32,5.21,5.48,5.12,1636952400000000000,3105
CNTY,131535,15.1,15.56,15.59,15,1636952400000000000,1887
CNVY,66254,7.61,7.29,7.61,7.17,1636952400000000000,701
CNX,2440814,14.73,15,15.24,14.52,1636952400000000000,17858
CNXC,130641,183.25,184.84,185.21,181.04,1636952400000000000,3721
CNXN,39090,49.44,48.68,49.44,48.53,1636952400000000000,970
CNXT,8585,53.99,53.96,54.06,53.88,1636952400000000000,101
CNYA,34784,43.36,43.29,43.36,43.24,1636952400000000000,206
CO,21149,4.25,4.3,4.33,4.24,1636952400000000000,121
COCO,8663081,15.23,17.57,18.61,15.215,1636952400000000000,55638
COCP,342790,0.9,0.91,0.9299,0.8931,1636952400000000000,1181
CODA,15437,8.6,8.68,8.77,8.5233,1636952400000000000,123
CODI,135241,31.26,31.55,31.75,30.78,1636952400000000000,2117
CODIpA,4887,25.501,25.5,25.5399,25.4077,1636952400000000000,76
CODIpB,8310,27.0218,26.869,27.05,26.79,1636952400000000000,90
CODIpC,13877,26.7,26.55,26.704,26.4,1636952400000000000,153
CODX,823352,9.6,9.68,9.88,9.35,1636952400000000000,7995
COE,124800,2.42,2.3,2.4299,2.29,1636952400000000000,664
COF,1768123,156.8,156.36,158.43,155.835,1636952400000000000,24950
COFpG,15723,24.98,24.98,24.99,24.98,1636952400000000000,105
COFpH,23489,24.99,24.98,24.9917,24.98,1636952400000000000,129
COFpI,50262,26.05,25.98,26.0684,25.9,1636952400000000000,435
COFpJ,51607,25.64,25.61,25.64,25.5126,1636952400000000000,390
COFpK,4683,26.04,25.96,26.07,25.94,1636952400000000000,49
COFpL,106411,24.88,24.77,24.8988,24.68,1636952400000000000,612
COFpN,70754,24.87,24.78,24.87,24.7,1636952400000000000,320
COFS,2464,26.182,25.75,26.182,25.55,1636952400000000000,129
COGT,1705197,10.28,10.32,10.68,10.07,1636952400000000000,2614
COHN,11243,17.81,18.245,18.245,17.644,1636952400000000000,220
COHR,87877,258.85,258.45,259.9,258.18,1636952400000000000,2301
COHU,773161,37.4227,37.29,38.89,36.52,1636952400000000000,11049
COIN,4458241,345.1,345.36,355.1999,339.03,1636952400000000000,103328
COKE,27256,510.8,512.01,513.13,493.945,1636952400000000000,2436
COLB,572614,36,36.01,36.43,35.82,1636952400000000000,7359
COLD,3808016,29.88,31.16,31.19,29.88,1636952400000000000,25225
COLI,7718,9.7518,9.73,9.76,9.73,1636952400000000000,77
COLIU,12515,9.972,9.93,9.972,9.93,1636952400000000000,118
COLIW,6560,1.07,1.02,1.08,1.02,1636952400000000000,66
COLL,314160,20.5,20.01,20.64,19.75,1636952400000000000,5121
COLM,147796,106.42,105.79,107.5,105.52,1636952400000000000,5069
COM,32678,33,33,33.0082,32.88,1636952400000000000,252
COMB,22356,30.63,30.8,30.8511,30.5713,1636952400000000000,263
COMM,2832670,10.13,10,10.35,9.93,1636952400000000000,17399
COMP,2268052,11.46,11.18,11.485,11.155,1636952400000000000,14709
COMS,741445,1.3,1.24,1.32,1.23,1636952400000000000,1998
COMSP,758,20.81,19.8,20.81,19.8,1636952400000000000,17
COMSW,188702,0.79,0.5602,0.79,0.5254,1636952400000000000,1094
COMT,257835,37.18,37.45,37.48,37.04,1636952400000000000,1717
CONE,17625503,89.15,89.45,89.63,88.7,1636952400000000000,92179
CONN,275910,24.31,24.14,24.45,23.44,1636952400000000000,5383
CONX,35051,9.85,9.86,9.86,9.84,1636952400000000000,338
CONXW,15607,1.06,1.07,1.18,1.06,1636952400000000000,110
COO,192405,420.42,416.44,422.875,415.345,1636952400000000000,7028
COOK,838691,20.3,19.7,20.5,19.26,1636952400000000000,9407
COOLU,665,10.06,10.06,10.06,10.06,1636952400000000000,4
COOLW,7617,0.87,0.87,0.898,0.87,1636952400000000000,19
COOP,765979,42.91,42.42,43.22,42.32,1636952400000000000,8152
COP,6134583,72.23,72.72,73.39,71.74,1636952400000000000,57908
COPX,348242,37.52,36.72,37.52,36.54,1636952400000000000,2811
COR,4645148,170.55,172.51,173.574,170.5,1636952400000000000,37459
CORN,71290,21.42,21.47,21.56,21.3399,1636952400000000000,514
CORP,16878,113.34,112.77,113.34,112.77,1636952400000000000,256
CORR,132486,4.64,4.75,4.77,4.56,1636952400000000000,789
CORRpA,20166,24.21,23.45,24.2806,23.4,1636952400000000000,201
CORS,18031,9.74,9.74,9.74,9.7,1636952400000000000,95
CORS.U,1131,9.96,9.98,9.98,9.95,1636952400000000000,5
CORS.WS,20000,0.8,0.8,0.8,0.8,1636952400000000000,1
CORT,734684,23,22.89,23.44,22.76,1636952400000000000,8737
COST,1359899,518.49,519.89,523.1,518.01,1636952400000000000,48542
COTY,8040865,10.9,10.96,11.02,10.785,1636952400000000000,38188
COUP,1539739,217.05,229.14,230.81,216,1636952400000000000,27173
COUR,1075313,35.3,35.74,35.93,34.26,1636952400000000000,13860
COVA,11849,9.745,9.75,9.75,9.745,1636952400000000000,55
COVAU,1549,10.05,10.07,10.07,10.05,1636952400000000000,13
COVAW,1150,0.7,0.7,0.7,0.7,1636952400000000000,1
COW,13235,36.905,37.1399,37.2,36.905,1636952400000000000,124
COWN,228372,38.73,39.27,39.35,38.45,1636952400000000000,4618
COWNL,11353,27.015,27,27.015,26.85,1636952400000000000,100
COWZ,137032,47.6,47.37,47.6,47.28,1636952400000000000,691
CP,1319237,77.96,76.96,78.18,76.915,1636952400000000000,14435
CPA,388928,75.9,76.54,77.84,75.611,1636952400000000000,6437
CPAA,300000,9.79,9.79,9.79,9.79,1636952400000000000,1
CPAC,80529,6.54,6.69,6.85,6.4,1636952400000000000,520
CPAR,7737,9.8002,9.8,9.8355,9.8,1636952400000000000,46
CPARU,19175,9.98,10,10.05,9.9637,1636952400000000000,280
CPARW,1071,1.11,1.11,1.15,1.1,1636952400000000000,30
CPB,1779548,41.7,41.73,41.87,41.21,1636952400000000000,17863
CPE,1432341,62.75,64.43,65.39,60.01,1636952400000000000,18324
CPER,182177,27.16,26.94,27.19,26.8201,1636952400000000000,1026
CPF,246976,28.73,28.38,28.8,28.23,1636952400000000000,1732
CPG,2775995,4.64,4.69,4.715,4.54,1636952400000000000,5433
CPHC,2838,16.17,16,16.295,16,1636952400000000000,66
CPHI,292608,0.6171,0.63,0.6395,0.603,1636952400000000000,876
CPI,127,27.6551,27.6551,27.6551,27.6551,1636952400000000000,19
CPIX,25814,2.69,2.71,2.75,2.69,1636952400000000000,177
CPK,53180,131.81,133.69,133.87,131.81,1636952400000000000,1528
CPLG,419450,15.59,15.56,15.7,15.55,1636952400000000000,3661
CPLP,329159,14.87,14.77,15.14,14.4065,1636952400000000000,1904
CPNG,7482207,26.72,28.15,28.26,26.58,1636952400000000000,51646
CPOP,162342,2.87,2.81,2.92,2.79,1636952400000000000,747
CPRI,698506,64.2,64.06,64.82,63.9,1636952400000000000,10355
CPRT,832351,156.5,156.53,158.47,155.27,1636952400000000000,15914
CPRX,879530,7.44,7.3,7.51,7.245,1636952400000000000,8416
CPS,117738,24.18,24.66,24.8,24,1636952400000000000,2042
CPSH,131736,4.98,4.86,4.9883,4.77,1636952400000000000,1436
CPSI,170941,31.89,31.4,31.97,30.4405,1636952400000000000,3534
CPSR,612,9.96,9.96,9.96,9.96,1636952400000000000,15
CPSR.WS,19359,1.14,1.12,1.15,1.11,1636952400000000000,76
CPSS,183470,8.43,8.69,8.92,8.25,1636952400000000000,972
CPT,357272,165.3,167.93,167.95,164.66,1636952400000000000,8556
CPTAG,3083,25.2,25.27,25.27,25.2,1636952400000000000,78
CPTAL,3690,25.25,25.18,25.25,25.02,1636952400000000000,21
CPTK,61014,9.85,9.8503,9.86,9.85,1636952400000000000,88
CPTK.U,501,10.052,10.052,10.052,10.052,1636952400000000000,2
CPTK.WS,84879,0.905512,0.94,0.9499,0.9012,1636952400000000000,125
CPUH,218811,9.78,9.78,9.8,9.77,1636952400000000000,636
CPUH.U,87598,10.03,10.04,10.07,10.03,1636952400000000000,292
CPUH.WS,130002,1.05,1.05,1.21,1.01,1636952400000000000,735
CPZ,53822,20.67,20.62,20.74,20.52,1636952400000000000,297
CQP,80809,42.72,42.31,43.19,42.21,1636952400000000000,1595
CQQQ,178387,72.74,71.96,72.99,71.75,1636952400000000000,2173
CR,170547,107.49,107.8,107.83,106.4,1636952400000000000,3888
CRAI,57132,103.75,98.25,103.75,97.5107,1636952400000000000,1892
CRAK,4530,29.44,29.47,29.5542,29.44,1636952400000000000,38
CRBN,16154,176.37,175.6492,176.37,175.554,1636952400000000000,426
CRBP,1179973,1.09,1.11,1.11,1.06,1636952400000000000,4239
CRBU,295707,22.45,21.73,23.44,21.15,1636952400000000000,4474
CRC,403198,43.35,44.37,44.83,42.31,1636952400000000000,6405
CRCT,600625,23.8,25.7,25.911,23.8,1636952400000000000,8495
CRD.A,23035,8.59,8.37,8.59,8.27,1636952400000000000,641
CRD.B,28014,8.25,7.88,8.33,7.86,1636952400000000000,149
CRDF,452903,5.54,5.42,5.64,5.38,1636952400000000000,3137
CRDL,428039,2.39,2.37,2.43,2.28,1636952400000000000,2339
CREG,39888,5.97,5.89,6.05,5.77,1636952400000000000,426
CRESW,1000,0.2112,0.2113,0.2113,0.2112,1636952400000000000,2
CRESY,146233,5.17,5.05,5.229,5,1636952400000000000,640
CREX,134269459,2.55,2.62,3.59,2.38,1636952400000000000,388741
CREXW,647589,0.4101,0.395,0.6373,0.331,1636952400000000000,1418
CRF,911604,13.97,13.8,14.02,13.77,1636952400000000000,2937
CRH,260650,50.62,50.56,50.81,50.55,1636952400000000000,4743
CRHC,119818,9.87,9.88,9.89,9.86,1636952400000000000,600
CRHC.U,890,10.12,10.29,10.29,10.12,1636952400000000000,9
CRHC.WS,200614,1.06,1.06,1.09,1.02,1636952400000000000,378
CRI,318640,110,108.36,110.03,108.09,1636952400000000000,6832
CRIS,1053806,5.93,5.71,5.97,5.69,1636952400000000000,9112
CRK,1520209,9.33,9.28,9.38,9.025,1636952400000000000,9892
CRKN,61313,3.96,3.82,4.0299,3.75,1636952400000000000,268
CRL,329674,384.45,384.54,390.705,383.42,1636952400000000000,7771
CRM,3570004,306.9,305.49,307.76,303.23,1636952400000000000,56484
CRMD,163575,5.26,5.2,5.3649,5.14,1636952400000000000,1769
CRMT,75915,126.49,126.5,127.21,124.95,1636952400000000000,1860
CRNC,279422,105.82,105.66,106.54,103.03,1636952400000000000,6851
CRNT,691822,3.15,3.06,3.16,3.04,1636952400000000000,3290
CRNX,134509,26.75,26.99,27.07,26.08,1636952400000000000,2058
CROC,413,47.5,47.5579,47.5579,47.495,1636952400000000000,21
CRON,7352459,6.29,5.94,6.4388,5.92,1636952400000000000,33312
CROX,1169324,181.51,177.5,183.88,176.315,1636952400000000000,20459
CRPT,131369,26.71,25.63,26.72,25.5001,1636952400000000000,726
CRS,234084,34.1,33.53,34.27,33.3,1636952400000000000,4931
CRSP,1815998,89.03,85.08,89.68,84.31,1636952400000000000,37288
CRSR,742485,26.5,26.32,26.6,25.96,1636952400000000000,11195
CRT,66177,13.95,13.4,13.95,13.28,1636952400000000000,486
CRTD,458699,3.22,3.13,3.29,3.095,1636952400000000000,2798
CRTDW,23402,1.01,0.9786,1.0792,0.92,1636952400000000000,91
CRTO,416190,42.33,42.13,43.26,41.02,1636952400000000000,5157
CRTX,1923465,14.64,14.75,15.37,14.28,1636952400000000000,16035
CRU,10510,9.76,9.76,9.77,9.76,1636952400000000000,62
CRU.U,3426,9.97,10.03,10.05,9.97,1636952400000000000,32
CRU.WS,4210,0.84,0.885101,0.8899,0.84,1636952400000000000,20
CRUS,367132,79.62,79.02,80.43,78.75,1636952400000000000,6619
CRUZ,21207,22.7,22.5862,22.7699,22.55,1636952400000000000,135
CRVL,49051,193.15,193.76,197.47,191.15,1636952400000000000,1866
CRVS,1205059,4.26,3.7,4.29,3.68,1636952400000000000,6738
CRWD,12630355,270.86,254.15,272.37,247.75,1636952400000000000,247355
CRWS,22882,8,7.96,8.03,7.96,1636952400000000000,201
CRXT,206999,4.615,4.46,4.72,4.3,1636952400000000000,927
CRXTW,30675,0.5202,0.5231,0.555366,0.52,1636952400000000000,57
CRY,173165,20.35,19.87,20.35,19.69,1636952400000000000,2568
CRZN,6225,9.77,9.77,9.77,9.75,1636952400000000000,64
CRZNU,15823,9.96,9.96,10.025,9.95,1636952400000000000,245
CRZNW,2533,0.85,0.85,0.85,0.85,1636952400000000000,123
CS,2434479,10.09,10.03,10.12,10.03,1636952400000000000,7801
CSA,1114,70.86,70.91,70.91,70.86,1636952400000000000,16
CSAN,55603,15.5,15.6,15.729,15.42,1636952400000000000,887
CSB,5525,63.16,62.665,63.16,62.3401,1636952400000000000,220
CSBR,7698,9.87,9.87,9.87,9.58,1636952400000000000,82
CSCO,19010677,56.9287,57.27,57.7,56.83,1636952400000000000,119961
CSCW,3692003,0.58,0.5709,0.5899,0.560501,1636952400000000000,5119
CSD,357,65.04,64.9225,65.04,64.9225,1636952400000000000,12
CSF,5204,66.11,65.9806,66.11,65.89,1636952400000000000,39
CSGP,1512004,82.53,83.81,84.045,82.53,1636952400000000000,19853
CSGS,114465,52.68,51.84,52.93,51.72,1636952400000000000,2917
CSII,300218,27.28,25.9,27.3,25.66,1636952400000000000,5352
CSIQ,858934,39.6,39.57,40.1,38.89,1636952400000000000,13683
CSL,157223,243.38,239.75,243.99,239.28,1636952400000000000,4603
CSLT,1025359,1.81,1.84,1.88,1.76,1636952400000000000,5235
CSM,2951,109.11,108.5601,109.11,108.5601,1636952400000000000,44
CSML,1160,38.41,38.24,38.42,38.24,1636952400000000000,28
CSPI,22098,8.95,8.9314,9.2114,8.5,1636952400000000000,165
CSPR,20193484,6.78,6.69,6.79,6.56,1636952400000000000,67288
CSQ,153494,19.25,19.23,19.29,19.11,1636952400000000000,764
CSR,47962,102.88,104.41,104.62,102.285,1636952400000000000,1621
CSRpC,4490,25.56,25.72,25.75,25.55,1636952400000000000,8
CSSE,235885,17.51,16.81,17.52,16.77,1636952400000000000,2030
CSSEN,1926,25.67,25.75,25.76,25.67,1636952400000000000,21
CSSEP,671,27.7399,27.61,27.7399,27.61,1636952400000000000,26
CSTA,451604,9.74,9.79,9.79,9.74,1636952400000000000,136
CSTA.U,9397,9.98,10.02,10.02,9.98,1636952400000000000,73
CSTA.WS,9230,0.7751,0.7501,0.8,0.7501,1636952400000000000,30
CSTE,74062,12.51,12.34,12.5595,12.26,1636952400000000000,1102
CSTL,252457,51.59,52.4,53.25,51.0304,1636952400000000000,5773
CSTM,405737,19.85,19.45,19.89,19.145,1636952400000000000,4254
CSTR,30239,22.3,22.23,22.3526,22.1,1636952400000000000,893
CSV,168529,50.45,50.47,51.36,50.19,1636952400000000000,3289
CSWC,121446,27.6,27.72,27.92,27.4,1636952400000000000,1590
CSWI,31181,143.24,141.07,143.24,139.18,1636952400000000000,1446
CSX,13002795,35.3,35.19,35.45,35.155,1636952400000000000,51833
CTApA,963,94,93.75,94,93.75,1636952400000000000,13
CTApB,479,115.4999,112.5,115.4999,112.5,1636952400000000000,29
CTAQ,167,9.81,9.81,9.81,9.81,1636952400000000000,8
CTAQW,2541,0.840201,0.84,0.87,0.84,1636952400000000000,24
CTAS,166090,439.29,438.92,441.52,435.91,1636952400000000000,6755
CTBB,46665,25.57,25.54,25.61,25.5,1636952400000000000,261
CTBI,34334,45.23,44.77,45.2365,44.66,1636952400000000000,857
CTDD,15351,26.13,26.12,26.14,26.1079,1636952400000000000,153
CTEC,98299,22.56,22.12,22.6,22,1636952400000000000,473
CTEK,25203,1.76,1.75,1.78,1.725,1636952400000000000,142
CTEX,10468,51.26,50.2279,51.26,50.08,1636952400000000000,149
CTG,11374,8.33,8.71,8.79,8.3013,1636952400000000000,169
CTHR,393614,3.18,3.1,3.2,3.03,1636952400000000000,856
CTIB,66521,1.86,1.825,1.865,1.81,1636952400000000000,233
CTIC,1013084,2.71,2.61,2.75,2.61,1636952400000000000,4908
CTK,468499,1.06,1.05,1.09,0.9962,1636952400000000000,701
CTKB,64492,23.64,23.16,23.64,22.9,1636952400000000000,1210
CTLP,241257,10.06,10.02,10.24,9.8,1636952400000000000,2582
CTLT,680696,128.48,128.21,129.03,127.43,1636952400000000000,9704
CTMX,953729,7.16,7.26,7.41,7.095,1636952400000000000,7829
CTO,33544,55.99,56.29,56.39,55.57,1636952400000000000,519
CTOpA,6969,25.6,25.92,25.92,25.6,1636952400000000000,32
CTOS,243234,11.12,11.17,11.27,11.03,1636952400000000000,4077
CTOS.WS,19120,2.75,2.95,2.96,2.75,1636952400000000000,103
CTR,30491,26.96,26.77,27.4271,26.58,1636952400000000000,390
CTRA,6408174,20.63,20.82,20.96,20.42,1636952400000000000,41141
CTRE,571316,20.72,20.83,20.87,20.54,1636952400000000000,5449
CTRM,3015313,2.29,2.18,2.3,2.16,1636952400000000000,10230
CTRN,238575,85.69,88.02,88.23,84.3401,1636952400000000000,4973
CTS,82225,37.65,37.93,37.98,37.365,1636952400000000000,1813
CTSH,2001967,82.29,81.95,82.68,81.72,1636952400000000000,22679
CTSO,264726,6.28,6.13,6.3,6.03,1636952400000000000,2299
CTT,450874,8.59,8.55,8.66,8.52,1636952400000000000,3359
CTVA,1788347,49.065,48.37,49.4,48.09,1636952400000000000,17840
CTXR,1437681,1.83,1.81,1.84,1.8,1636952400000000000,4050
CTXRW,666,0.5701,0.57,0.5701,0.57,1636952400000000000,6
CTXS,2659570,89.42,87.16,89.42,85.2,1636952400000000000,24926
CUBA,87343,6.4,6.15,6.4,6.12,1636952400000000000,259
CUBB,1460,27.2,27.19,27.2,27.19,1636952400000000000,34
CUBE,472700,54.74,55.04,55.06,54.13,1636952400000000000,7255
CUBI,334714,59.45,58.48,59.7748,58.02,1636952400000000000,4656
CUBIpE,300,25.385,25.35,25.385,25.35,1636952400000000000,3
CUBIpF,625,25.29,25.29,25.29,25.29,1636952400000000000,2
CUBS,236,27.75,27.75,27.75,27.75,1636952400000000000,4
CUE,1110703,17.91,17.85,18.21,17.23,1636952400000000000,8780
CUEN,158962,2.77,2.76,2.87,2.69,1636952400000000000,484
CUENW,4427,1.16,1.18,1.18,1.13,1636952400000000000,19
CUK,1476648,20.61,20.49,20.85,20.38,1636952400000000000,11638
CULL,4179,12.6,12.6,12.6,12.6,1636952400000000000,38
CULP,21077,12.64,12.43,12.64,12.35,1636952400000000000,116
CURE,33811,124.5,121.48,124.5,121.19,1636952400000000000,1106
CURI,465601,8.85,9.09,9.22,8.81,1636952400000000000,5006
CURIW,15026,2.29,2.4206,2.49,2.29,1636952400000000000,92
CURO,129247,17.8,17.59,18.19,17.54,1636952400000000000,1847
CURV,359406,18.84,18.82,19.42,18.43,1636952400000000000,4340
CUT,4630,37.27,37.24,37.2839,37.101,1636952400000000000,104
CUTR,96479,44.12,44.94,45.07,43.7329,1636952400000000000,3673
CUZ,608867,40.16,40.46,40.5,39.933,1636952400000000000,7567
CVA,344746,20.23,20.24,20.24,20.23,1636952400000000000,2797
CVAC,486488,36.75,36,38,35.96,1636952400000000000,6222
CVBF,477572,20.72,20.67,20.855,20.6,1636952400000000000,4311
CVCO,52800,295.57,290.04,295.57,285.84,1636952400000000000,2127
CVCY,7112,21.42,21.33,21.46,21.26,1636952400000000000,176
CVE,6895731,12.59,12.55,12.75,12.26,1636952400000000000,28706
CVE.WS,2264,7.8,7.98,7.98,7.7,1636952400000000000,22
CVEO,28192,21.49,21.03,21.5,20.75,1636952400000000000,343
CVET,834081,17.91,17.53,18.01,17.475,1636952400000000000,7217
CVGI,165113,9,9.04,9.128,8.935,1636952400000000000,2177
CVGW,123454,41.25,42.1,42.79,41.2401,1636952400000000000,3898
CVI,438092,18.54,18.75,18.98,18.04,1636952400000000000,5459
CVII,93589,9.82,9.82,9.83,9.79,1636952400000000000,634
CVII.U,53140,10,10.055,10.07,10,1636952400000000000,240
CVII.WS,129317,1.25,1.2201,1.275,1.2,1636952400000000000,398
CVLG,156002,30.01,30.59,30.6,29.745,1636952400000000000,2594
CVLT,247699,67.16,66.33,67.16,65.69,1636952400000000000,6059
CVLY,6045,23.16,22.91,23.24,22.805,1636952400000000000,158
CVM,575984,12.06,11.53,12.22,11.43,1636952400000000000,3995
CVNA,761468,296.22,298.18,302.46,295.84,1636952400000000000,18134
CVR,11328,29.29,26.52,29.29,26.52,1636952400000000000,119
CVRX,53947,18.71,18.43,19.49,18,1636952400000000000,1449
CVS,3560387,94.11,93.49,94.3,93.43,1636952400000000000,35335
CVU,11352,2.93,2.92,2.9611,2.9,1636952400000000000,99
CVV,24255,5.9,5.84,5.9,5.6637,1636952400000000000,139
CVX,11024318,114.95,116.82,116.95,114.27,1636952400000000000,108847
CVY,6111,24.9892,24.9594,25.03,24.95,1636952400000000000,52
CW,157268,134,131.04,134,130.63,1636952400000000000,3942
CWAN,204577,22.88,22.5,22.98,22.1605,1636952400000000000,2783
CWB,538568,89.39,88.74,89.39,88.605,1636952400000000000,5149
CWBC,9902,12.85,12.9,13,12.85,1636952400000000000,55
CWBR,3560909,0.7075,0.66,0.71,0.6515,1636952400000000000,5820
CWCO,51481,11.29,11.4,11.52,11.26,1636952400000000000,463
CWEB,1840320,22.9,22.09,22.91,21.92,1636952400000000000,10586
CWEN,386995,37.59,37.9,37.92,37.45,1636952400000000000,4852
CWEN.A,213877,35.19,35.29,35.33,34.7988,1636952400000000000,1339
CWH,686092,41.61,42.33,42.73,41.2176,1636952400000000000,9070
CWI,74245,30.4,30.27,30.44,30.245,1636952400000000000,455
CWK,495700,19,18.56,19.03,18.49,1636952400000000000,5724
CWS,2251,51.06,50.494,51.06,50.48,1636952400000000000,223
CWST,159246,87.24,86.87,87.35,86.34,1636952400000000000,2553
CWT,259929,63.1,63.49,63.51,62.575,1636952400000000000,4023
CX,2339287,6.58,6.54,6.66,6.53,1636952400000000000,10030
CXDO,93992,5.86,5.35,5.9,5.29,1636952400000000000,479
CXE,50177,5.18,5.17,5.19,5.1573,1636952400000000000,277
CXH,38095,9.93,9.97,9.981,9.92,1636952400000000000,128
CXM,235100,17.99,18.06,18.25,17.66,1636952400000000000,3423
CXP,951494,19.15,19.17,19.17,19.15,1636952400000000000,3019
CXSE,101050,56.6,56.13,56.69,56.061,1636952400000000000,780
CXW,1027348,11.46,11.45,11.86,11.4,1636952400000000000,8568
CYA,12288,24.75,24.67,24.75,24.65,1636952400000000000,69
CYAD,36017,4.13,4,4.3,3.98,1636952400000000000,252
CYAN,29092,3.35,3.355,3.37,3.26,1636952400000000000,125
CYB,3509,28.26,28.27,28.32,28.26,1636952400000000000,96
CYBE,36050,46.69,46.35,48.39,45.88,1636952400000000000,1220
CYBN,3191399,1.95,1.79,2,1.72,1636952400000000000,10308
CYBR,326371,196.38,197.08,197.1,192.57,1636952400000000000,6644
CYCC,47083,4.83,4.78,4.87,4.7,1636952400000000000,372
CYCN,220013,2.69,2.69,2.74,2.5601,1636952400000000000,1268
CYD,45280,12.77,12.38,12.89,12.285,1636952400000000000,554
CYH,902283,15.09,14.7,15.13,14.62,1636952400000000000,9330
CYN,693136,7.29,6.88,7.37,6.81,1636952400000000000,4265
CYRN,2431088,0.5072,0.4977,0.5072,0.4852,1636952400000000000,2899
CYRX,302572,77.37,76.96,77.7,75.52,1636952400000000000,7420
CYT,26504,16.72,16.03,17.0548,15.8201,1636952400000000000,630
CYTH,47957,7.11,7.29,7.45,7.06,1636952400000000000,298
CYTHW,183,2.6485,2.6485,2.6485,2.6485,1636952400000000000,2
CYTK,511194,39.27,39.2,39.535,38.39,1636952400000000000,7224
CYTO,6750580,2.2006,2.4,2.43,2.13,1636952400000000000,25949
CYXT,648624,10,10.32,10.4,9.91,1636952400000000000,4059
CYXTW,58886,2.27,2.5,2.55,2.27,1636952400000000000,490
CZA,3437,95.49,95.8725,95.9,95.49,1636952400000000000,58
CZNC,17456,27.75,27.34,27.8422,27.05,1636952400000000000,381
CZOO,501006,9.04,9.21,9.44,9.04,1636952400000000000,3557
CZOO.WS,42220,2.14,2.02,2.14,1.98,1636952400000000000,213
CZR,1816395,106.45,103.23,106.69,102.91,1636952400000000000,25008
CZWI,18984,13.85,13.8,13.85,13.72,1636952400000000000,196
D,3155345,74.95,75.88,75.9,74.55,1636952400000000000,32064
DAC,233211,74.59,72.33,74.69,71.5,1636952400000000000,3972
DADA,613329,24.11,23.98,24.83,23.86,1636952400000000000,8366
DAIO,22026,5.35,5.26,5.41,5.12,1636952400000000000,153
DAKT,7615356,5.17,5.21,5.35,5.085,1636952400000000000,9994
DAL,6891640,42.64,42.38,42.94,42.14,1636952400000000000,58965
DALI,390,27.64,27.6532,27.6532,27.64,1636952400000000000,6
DALN,8736,6.66,6.7,6.7105,6.63,1636952400000000000,99
DALS,20433,9.77,9.78,9.9,9.75,1636952400000000000,125
DALT,8074,10.8906,10.865,10.92,10.865,1636952400000000000,32
DAN,620182,24.24,23.98,24.25,23.81,1636952400000000000,8261
DAO,446516,15.21,15.08,15.9,14.96,1636952400000000000,5316
DAPP,49099,34.49,32.75,34.49,32.5512,1636952400000000000,1029
DAPR,805,31.45,31.396,31.45,31.3775,1636952400000000000,6
DAR,1138013,76.67,77.69,77.71,76.155,1636952400000000000,15661
DARE,2827657,1.68,1.73,1.75,1.66,1636952400000000000,4019
DASH,5218798,247.52,242.72,257.2499,241.21,1636952400000000000,63340
DAT,737,44.82,44.16,44.82,44.16,1636952400000000000,30
DATS,1907999,6.73,6.46,6.94,6.28,1636952400000000000,8730
DATSW,5761,3.45,3.52,3.52,3.1743,1636952400000000000,40
DAUG,2773,35.13,35.11,35.1699,35.11,1636952400000000000,21
DAVA,243326,171.5,166.38,172.41,164.2,1636952400000000000,5117
DAWN,77992,22.59,21.26,22.67,21.01,1636952400000000000,1519
DAX,8782,33.34,33.1514,33.43,33.11,1636952400000000000,107
DB,1985235,12.81,12.72,12.85,12.69,1636952400000000000,8969
DBA,1997869,19.82,19.86,19.88,19.7817,1636952400000000000,6659
DBAW,5999,34.51,34.44,34.51,34.42,1636952400000000000,70
DBB,270968,21.18,21.02,21.22,21,1636952400000000000,1354
DBC,2165336,21.18,21.34,21.3498,21.125,1636952400000000000,4417
DBD,706164,9.14,8.89,9.18,8.79,1636952400000000000,6653
DBDR,229208,10.1617,10.16,10.2,10.16,1636952400000000000,167
DBDRW,6676,2.09,2.07,2.1,2.07,1636952400000000000,18
DBE,129523,17.74,17.95,17.97,17.6421,1636952400000000000,158
DBEF,320345,39.83,39.84,39.8752,39.79,1636952400000000000,1572
DBEH,1,32.9059,32.9059,32.9059,32.9059,1636952400000000000,1
DBEM,2802,27.93,27.815,27.96,27.815,1636952400000000000,39
DBEU,175155,36.59,36.58,36.6104,36.52,1636952400000000000,430
DBEZ,4057,40.598,40.5589,40.6,40.5589,1636952400000000000,12
DBGI,924210,3.569,3.51,3.65,3.42,1636952400000000000,2529
DBGIW,13641,0.99,0.9555,1.04,0.95,1636952400000000000,30
DBGR,304,33.24,33.24,33.24,33.24,1636952400000000000,2
DBI,1521739,15.23,15.87,16.1,15,1636952400000000000,13663
DBJA,18,28.2452,28.2452,28.2452,28.2452,1636952400000000000,4
DBJP,4495,51.65,51.6796,51.71,51.6,1636952400000000000,108
DBL,32538,19.3,19.27,19.31,19.27,1636952400000000000,127
DBLV,674,100.43,100.2256,100.43,100.2256,1636952400000000000,17
DBMF,1539,28.93,29.19,29.25,28.93,1636952400000000000,23
DBO,805387,14.54,14.77,14.7804,14.5,1636952400000000000,2006
DBOC,128,29.9899,29.9899,29.9899,29.9899,1636952400000000000,5
DBP,14981,50.54,50.6203,50.72,50.468,1636952400000000000,42
DBRG,18303408,7.52,8.17,8.24,7.5,1636952400000000000,30196
DBRGpH,12565,25.1,25.108,25.13,25.0942,1636952400000000000,92
DBRGpI,16801,25.2186,25.14,25.2186,25.12,1636952400000000000,136
DBRGpJ,57938,25.38,25.39,25.445,25.32,1636952400000000000,301
DBS,1023,34.96,34.909,34.96,34.875,1636952400000000000,21
DBTX,54345,7.66,7.51,7.6999,7.26,1636952400000000000,609
DBV,2308,25.5,25.4,25.73,25.39,1636952400000000000,41
DBVT,46505,3.09,3.1,3.16,3.08,1636952400000000000,220
DBX,5902522,27.04,26.61,27.21,26.41,1636952400000000000,45975
DCBO,48973,73.66,71.93,73.66,70.01,1636952400000000000,1066
DCF,6428,9.55,9.5599,9.56,9.5342,1636952400000000000,21
DCGO,1595775,9.65,9.45,9.85,9.01,1636952400000000000,7936
DCGOW,125485,2.75,2.5,2.95,2.41,1636952400000000000,599
DCI,236994,62.86,62.12,62.89,62.04,1636952400000000000,5439
DCO,50015,51.4,50.56,51.86,50.05,1636952400000000000,729
DCOM,70509,37.56,37.27,37.56,37.08,1636952400000000000,1674
DCOMP,3291,26.0001,25.96,26.03,25.93,1636952400000000000,46
DCP,754706,30.47,30.39,31,30.16,1636952400000000000,6876
DCPpB,34257,25.2437,25.09,25.37,25.08,1636952400000000000,202
DCPpC,34972,25.28,25.06,25.349,25,1636952400000000000,144
DCPH,1205318,9.19,9.24,9.44,9.055,1636952400000000000,10014
DCRC,7124690,12.55,14.17,14.37,12.48,1636952400000000000,31600
DCRCU,18428,14.32,15.83,15.83,14.265,1636952400000000000,207
DCRCW,694617,4.85,5.03,5.18,4.51,1636952400000000000,4100
DCRD,133039,9.96,9.94,9.96,9.9,1636952400000000000,506
DCRDW,165428,1.04,1.19,1.3,1.035,1636952400000000000,345
DCRN,4212506,10.2391,10.32,10.43,10.2,1636952400000000000,19601
DCRNU,43623,11.07,11.15,11.3,11.07,1636952400000000000,578
DCRNW,406520,2.43,2.65,2.85,2.43,1636952400000000000,1474
DCT,336310,30.49,29.75,30.5071,29.53,1636952400000000000,5131
DCTH,10758,10.66,10.5,10.8453,10.21,1636952400000000000,178
DCUE,3864,99.34,100.46,100.57,99.34,1636952400000000000,117
DD,2438295,80.67,78.77,80.75,78.45,1636952400000000000,29277
DDD,4830349,25.64,26.04,26.5,25.45,1636952400000000000,34064
DDEC,22647,32.43,32.44,32.44,32.4,1636952400000000000,201
DDF,6112,11.375,11.395,11.4,11.34,1636952400000000000,45
DDG,1934,14.7699,14.6287,14.79,14.58,1636952400000000000,18
DDI,31057,16.84,17.06,17.2994,16.65,1636952400000000000,309
DDIV,1053,33.97,34.09,34.1,33.9634,1636952400000000000,18
DDL,260401,31.2,29.23,33.8,28,1636952400000000000,4183
DDLS,10065,35.41,35.3178,35.41,35.19,1636952400000000000,56
DDM,273730,79.61,78.98,79.63,78.75,1636952400000000000,1978
DDMX,120193,9.98,9.97,10.01,9.95,1636952400000000000,540
DDMXU,250,10.84,10.84,10.84,10.84,1636952400000000000,1
DDMXW,42718,1.92,1.87,1.92,1.79,1636952400000000000,52
DDOG,2445299,194.585,191,194.669,186.32,1636952400000000000,37886
DDS,339000,332.78,342.13,349.35,332.37,1636952400000000000,11184
DDT,779,27.35,26.7964,27.35,26.7964,1636952400000000000,25
DDWM,16100,30.97,30.974,31.0399,30.941,1636952400000000000,122
DE,967943,362.11,361.15,363.75,359.64,1636952400000000000,24383
DEA,838042,21.5,21.44,21.51,21.27,1636952400000000000,6997
DECK,312020,431.03,417.69,432.35,417.26,1636952400000000000,8826
DECZ,1115,30.285,30.285,30.36,30.285,1636952400000000000,5
DEED,187121,25.78,25.76,25.8199,25.76,1636952400000000000,101
DEEF,6041,32.04,32.0709,32.1899,31.98,1636952400000000000,48
DEEP,5699,38.83,38.73,38.83,38.581,1636952400000000000,78
DEF,6395,70.65,70.4491,70.679,70.4491,1636952400000000000,137
DEI,592278,36.43,36.92,36.93,36.37,1636952400000000000,6789
DELL,7052788,56.47,56.7,57.54,56.28,1636952400000000000,40592
DEM,109833,43.74,43.6,43.782,43.57,1636952400000000000,713
DEMZ,7510,30.06,29.81,30.22,29.81,1636952400000000000,159
DEN,541943,85.21,85.35,86.35,82.6,1636952400000000000,8583
DENN,404942,15.08,15.02,15.28,14.9551,1636952400000000000,6324
DEO,176274,205.21,205.05,205.7,204.53,1636952400000000000,4119
DERM,328688,9.3,9,9.62,9,1636952400000000000,1545
DES,165368,33.89,33.79,33.95,33.681,1636952400000000000,1025
DESP,489885,11.69,11.49,11.69,11.33,1636952400000000000,3333
DEUS,2882,48.159,47.9763,48.159,47.93,1636952400000000000,67
DEW,2876,48.924,48.86,48.99,48.83,1636952400000000000,47
DEX,25852,10.29,10.2,10.33,10.2,1636952400000000000,206
DFAC,667774,29.09,28.98,29.09,28.9228,1636952400000000000,1178
DFAE,128710,28.18,28.03,28.18,27.9805,1636952400000000000,720
DFAI,234223,30.29,30.14,30.29,30.12,1636952400000000000,713
DFAS,86869,64,63.61,64,63.3536,1636952400000000000,398
DFAT,241764,49.36,49.28,49.36,49.0701,1636952400000000000,617
DFAU,236568,32.91,32.81,32.91,32.74,1636952400000000000,849
DFAX,348152,26.82,26.67,26.8399,26.67,1636952400000000000,987
DFE,4108,75.13,74.72,75.16,74.69,1636952400000000000,83
DFEB,8269,35.0631,35.13,35.13,35.011,1636952400000000000,39
DFEN,1168933,22.54,22.82,22.8761,22.391,1636952400000000000,8239
DFFN,665105,0.4222,0.4297,0.4307,0.42,1636952400000000000,1263
DFH,485434,18.31,18.2,18.44,17.9001,1636952400000000000,3961
DFHY,3920,24.68,24.65,24.7,24.65,1636952400000000000,38
DFIN,298205,50.51,51.5,52.03,50.2688,1636952400000000000,4347
DFIV,129000,34.07,33.95,34.12,33.9,1636952400000000000,525
DFJ,6107,73.87,73.7132,73.87,73.7132,1636952400000000000,96
DFND,32246,41.0911,41.15,41.16,40.95,1636952400000000000,67
DFNL,3973,32.52,32.38,32.55,32.38,1636952400000000000,33
DFNV,6497,31.13,31.01,31.16,30.99,1636952400000000000,34
DFP,33056,28.86,28.76,28.8717,28.7,1636952400000000000,364
DFS,1049541,119.29,118.18,120.605,117.86,1636952400000000000,17044
DFUS,95109,51.5,51.29,51.5,51.22,1636952400000000000,364
DG,1792534,227.98,227,231.73,225.575,1636952400000000000,32211
DGHI,215824,7.6,7.5368,7.85,7.5,1636952400000000000,1254
DGICA,38935,14.49,14.35,14.49,14.26,1636952400000000000,680
DGICB,184,14.2,14.2,14.2,14.2,1636952400000000000,9
DGII,378388,24.9,24.18,24.9,23.93,1636952400000000000,3760
DGL,231,53.472,53.472,53.472,53.472,1636952400000000000,19
DGLY,3671414,1.2,1.29,1.35,1.19,1636952400000000000,8379
DGNS,6120359,10.08,10.27,10.56,10.05,1636952400000000000,21490
DGNU,25718,9.9627,9.98,9.98,9.9627,1636952400000000000,56
DGP,5424,41.008,41.0528,41.18,40.9108,1636952400000000000,53
DGRE,25792,28.65,28.62,28.66,28.53,1636952400000000000,121
DGRO,1514210,54.26,54.16,54.26,54.04,1636952400000000000,5475
DGRS,9154,48.81,48.55,48.81,48.388,1636952400000000000,118
DGRW,315441,63.8072,63.64,63.85,63.56,1636952400000000000,1838
DGS,182427,53.36,53.24,53.44,53.215,1636952400000000000,1209
DGT,5356,114.73,114.39,114.73,114.39,1636952400000000000,26
DGX,1224588,149.83,146.6,150.57,146.39,1636952400000000000,21193
DGZ,422,9.79,9.8064,9.8098,9.79,1636952400000000000,8
DH,161050,42.04,43.92,44.09,41.4901,1636952400000000000,2532
DHACU,806,10.22,10.24,10.24,10.22,1636952400000000000,17
DHBCU,20236,9.93,9.96,9.96,9.93,1636952400000000000,74
DHBCW,7604,0.69,0.73,0.73,0.69,1636952400000000000,41
DHC,867035,3.42,3.45,3.48,3.415,1636952400000000000,3679
DHCA,89701,9.76,9.75,9.77,9.75,1636952400000000000,45
DHCAU,1500,10.03,10.0426,10.0426,10.03,1636952400000000000,7
DHCAW,76256,0.92,0.85,0.92,0.821,1636952400000000000,254
DHCNI,17109,24.05,23.9297,24.1147,23.9005,1636952400000000000,126
DHCNL,16697,24.83,24.9,24.9686,24.83,1636952400000000000,138
DHF,176405,3.31,3.305,3.32,3.3,1636952400000000000,437
DHHC,108,9.79,9.79,9.79,9.79,1636952400000000000,8
DHHCU,103,9.9,9.9,9.9,9.9,1636952400000000000,4
DHHCW,300,0.69955,0.69955,0.69955,0.69955,1636952400000000000,1
DHI,2042955,98,97.3,98.39,97,1636952400000000000,23430
DHIL,5525,217,216.64,218.2,216.5668,1636952400000000000,270
DHR,3104941,304.06,299.68,308.295,299.12,1636952400000000000,41113
DHRpA,4681,2041.63,2007.08,2041.63,2007.08,1636952400000000000,75
DHRpB,33642,1633.53,1648,1648,1617.775,1636952400000000000,85
DHS,11871,80.59,80.53,80.6,80.3754,1636952400000000000,261
DHT,1619325,6.27,6.08,6.27,6.01,1636952400000000000,10519
DHX,142486,5.71,5.64,5.89,5.55,1636952400000000000,1153
DHY,271512,2.52,2.5,2.53,2.49,1636952400000000000,1192
DIA,2554951,362.6,361.24,362.73,360.67,1636952400000000000,34300
DIAL,203225,21.28,21.25,21.29,21.2001,1636952400000000000,445
DIAX,53283,17.86,17.85,17.89,17.8049,1636952400000000000,563
DIBS,984639,15.01,13.38,15.23,13.25,1636952400000000000,10996
DICE,266830,29.73,31.71,32.665,29.26,1636952400000000000,3608
DIDI,19863305,9.43,9.01,9.47,8.91,1636952400000000000,54637
DIG,39168,82.78,84.07,84.885,81.7,1636952400000000000,501
DILAW,100,0.58,0.58,0.58,0.58,1636952400000000000,1
DIM,745,68.3,67.8925,68.3,67.8925,1636952400000000000,35
DIN,189656,86.83,85.02,86.83,84.56,1636952400000000000,4155
DINT,6964,21.16,21.09,21.25,21.09,1636952400000000000,38
DIOD,302985,109.62,108.64,109.62,107.4,1636952400000000000,5540
DIS,19576519,160.09,158.43,160.72,157.66,1636952400000000000,263442
DISAW,22145,0.72,0.7005,0.72,0.6955,1636952400000000000,65
DISCA,4125335,28,28.02,28.88,27.88,1636952400000000000,37968
DISCB,2618,42.69,42.924,44.025,42.69,1636952400000000000,123
DISCK,2696145,27.1,27.19,27.99,27.06,1636952400000000000,26465
DISH,1941111,37.14,36.19,37.21,36,1636952400000000000,19520
DIT,1378,157.7,161.17,164.99,157.7,1636952400000000000,77
DIV,159446,20.69,20.78,20.8,20.67,1636952400000000000,1454
DIVA,571,23.84,23.9009,23.9009,23.84,1636952400000000000,9
DIVB,21583,42.05,42.03,42.12,41.98,1636952400000000000,249
DIVO,143565,37.33,37.21,37.37,37.21,1636952400000000000,1040
DIVS,5487,26.7,26.7,26.7359,26.7,1636952400000000000,25
DIVZ,5260,29.08,29.1003,29.165,29.07,1636952400000000000,38
DJAN,1396,32.155,32.15,32.19,32.15,1636952400000000000,13
DJCB,325,19.48,19.605,19.605,19.48,1636952400000000000,6
DJCO,2616,353.8,368.25,371.54,353.8,1636952400000000000,112
DJD,46952,44.56,44.66,44.7491,44.56,1636952400000000000,204
DJP,80385,29.84,30.04,30.1,29.75,1636952400000000000,475
DJUL,11621,33.47,33.4857,33.4857,33.44,1636952400000000000,18
DJUN,71,34.3014,34.3014,34.3014,34.3014,1636952400000000000,13
DK,1238068,18.5,18.46,18.77,18.16,1636952400000000000,9742
DKDCA,17310,10.11,10.14,10.17,10.11,1636952400000000000,153
DKDCW,8620,0.4811,0.487,0.49,0.48,1636952400000000000,13
DKL,39667,46.58,45.85,47.47,45.75,1636952400000000000,811
DKNG,15746329,40.7864,39.36,41.265,39.17,1636952400000000000,131037
DKS,1333491,133.25,134.44,135.28,131.9232,1636952400000000000,20592
DLA,6407,27.05,27.2,27.25,26.97,1636952400000000000,130
DLB,436365,90.23,88.48,90.82,87.95,1636952400000000000,7745
DLCA,4585,9.78,9.76,9.78,9.76,1636952400000000000,13
DLCAU,18476,10.12,10.12,10.1201,10.12,1636952400000000000,177
DLCAW,13024,0.72,0.77,0.77,0.72,1636952400000000000,23
DLHC,52040,16.2,15.9,16.295,15.75,1636952400000000000,571
DLN,33934,128.2,127.87,128.2,127.675,1636952400000000000,447
DLNG,24072,3.13,3.24,3.26,3.13,1636952400000000000,149
DLNGpA,2742,25.75,25.555,25.75,25.555,1636952400000000000,36
DLNGpB,4797,25.48,25.2,25.48,25.2,1636952400000000000,21
DLO,1373359,46.95,46.25,47.38,45.03,1636952400000000000,13004
DLPN,126576,10.3,9.79,10.4699,9.79,1636952400000000000,1043
DLR,1836756,158,161.2,162.58,158,1636952400000000000,25664
DLRpJ,66757,25.92,25.9,25.92,25.8,1636952400000000000,97
DLRpK,73134,27.78,27.79,27.81,27.71,1636952400000000000,400
DLRpL,9121,26.92,26.91,26.92,26.8,1636952400000000000,157
DLS,33423,74.85,74.6,74.85,74.5161,1636952400000000000,360
DLTH,100200,16.58,16.43,16.645,16.13,1636952400000000000,1980
DLTR,19410889,123.14,129.23,131.7,121.41,1636952400000000000,163254
DLX,160904,37.89,37.76,37.9158,37.42,1636952400000000000,2095
DLY,73865,19.36,19.29,19.36,19.25,1636952400000000000,347
DM,12114553,8.55,8.02,8.6,8.01,1636952400000000000,50821
DMAC,313079,4.16,4.03,4.22,3.89,1636952400000000000,1458
DMAQU,216030,10.05,10.05,10.055,10.04,1636952400000000000,233
DMAR,1187,31.73,31.7302,31.7302,31.71,1636952400000000000,11
DMAY,4115,34.52,34.5506,34.5506,34.48,1636952400000000000,6
DMB,29237,14.74,14.6,14.7729,14.59,1636952400000000000,153
DMCY,0,26.7373,26.7373,26.7373,26.7373,1636952400000000000,0
DMDV,95,23.9553,23.9553,23.9553,23.9553,1636952400000000000,8
DMF,55432,8.91,8.88,8.94,8.88,1636952400000000000,261
DMLP,80377,18.8,18.84,19.26,18.51,1636952400000000000,699
DMO,23679,16.09,16.07,16.17,15.96,1636952400000000000,130
DMRC,105362,51,49.26,51.29,47.55,1636952400000000000,2584
DMRE,0,54.9581,54.9581,54.9581,54.9581,1636952400000000000,0
DMRI,0,53.94,53.94,53.94,53.94,1636952400000000000,0
DMRL,165,79.35,79.2833,79.35,79.2833,1636952400000000000,12
DMRM,0,62.8104,62.8104,62.8104,62.8104,1636952400000000000,0
DMRS,637,59.95,60.4032,60.59,59.95,1636952400000000000,7
DMS,40899,6.76,6.7,6.87,6.61,1636952400000000000,500
DMS.WS,26387,0.72,0.6999,0.72,0.6111,1636952400000000000,88
DMTK,568272,25.1044,23.91,25.43,23.42,1636952400000000000,7129
DMXF,15033,71.12,70.67,71.14,70.67,1636952400000000000,192
DMYQ,2254016,10.5,10.54,10.75,10.4307,1636952400000000000,9574
DMYQ.U,19322,11.5,11.25,11.5,11.11,1636952400000000000,125
DMYQ.WS,255290,3.1,3.52,3.52,3.1,1636952400000000000,724
DMYS.U,242133,10.3799,10.3988,10.41,10.36,1636952400000000000,165
DNA,6061653,12.95,12.97,13.25,12.24,1636952400000000000,34882
DNA.WS,295143,3.77,3.45,3.77,3.23,1636952400000000000,1630
DNAA,293494,10,9.99,10.01,9.91,1636952400000000000,97
DNAB,51988,9.92,9.95,9.965,9.92,1636952400000000000,142
DNAC,19722,9.89,9.92,9.955,9.89,1636952400000000000,134
DNAD,12618,9.91,9.92,9.96,9.91,1636952400000000000,141
DNAY,53897,8.41,8.13,8.4141,7.82,1636952400000000000,1195
DNB,1538696,20.32,20.25,20.33,19.9,1636952400000000000,12430
DNL,43651,43.35,43.0956,43.35,43.0956,1636952400000000000,228
DNLI,302234,51.19,50.12,51.3948,49.65,1636952400000000000,5713
DNMR,1999873,17.98,17.73,18.07,17.36,1636952400000000000,18280
DNN,10932751,2.04,1.94,2.04,1.88,1636952400000000000,15083
DNOV,18645,35.15,35.1348,35.17,35.09,1636952400000000000,75
DNOW,1885624,9.79,9.87,9.96,9.5952,1636952400000000000,7774
DNP,357733,10.97,10.97,10.98,10.91,1636952400000000000,1263
DNUT,841425,14.69,14.35,14.73,14.18,1636952400000000000,8698
DNZ.U,100,10,10,10,10,1636952400000000000,1
DNZ.WS,7224,0.7301,0.739999,0.739999,0.7,1636952400000000000,22
DOC,1004019,18.34,18.52,18.52,18.275,1636952400000000000,7289
DOCN,1976073,122.13,119.01,124.11,118.88,1636952400000000000,24805
DOCS,3747045,70.04,70.77,72.6,68.68,1636952400000000000,38395
DOCT,21695,32.93,32.92,32.97,32.87,1636952400000000000,106
DOCU,1531996,266.095,263.71,267.59,262.5001,1636952400000000000,27982
DOG,344906,32,32.12,32.16,31.981,1636952400000000000,874
DOGZ,456879,4.08,3.91,4.1,3.91,1636952400000000000,1513
DOL,17565,49.538,49.337,49.538,49.337,1636952400000000000,141
DOLE,236670,14.01,14.25,14.28,14,1636952400000000000,2304
DOMA,1031843,8.04,7.55,8.04,7.48,1636952400000000000,8878
DOMA.WS,4843,1.68,1.52,1.68,1.51,1636952400000000000,67
DOMO,132232,88.52,85.1,88.52,84.55,1636952400000000000,4034
DON,167270,45.16,45.13,45.22,45.04,1636952400000000000,807
DOO,3909,41.65,41.4441,41.65,41.4441,1636952400000000000,44
DOOO,23341,90.85,90.82,91.005,90.23,1636952400000000000,668
DOOR,125674,117.41,115.68,117.68,115.15,1636952400000000000,3066
DORM,58781,118.57,117.64,118.57,116.84,1636952400000000000,2561
DOV,641492,173,173.5,174.97,172,1636952400000000000,10724
DOW,3431385,60.5,59.92,60.82,59.78,1636952400000000000,35025
DOX,632883,74.11,73.89,74.58,73.71,1636952400000000000,10534
DOYU,6094018,3.97,3.77,4,3.61,1636952400000000000,22043
DOZR,7836,30.73,30.0405,30.73,30,1636952400000000000,78
DPCSU,200392,10.145,10.07,10.145,10.07,1636952400000000000,14
DPG,87047,14.27,14.31,14.34,14.21,1636952400000000000,299
DPRO,135527,3.16,3.09,3.18,3.06,1636952400000000000,872
DPST,365914,59.35,59.56,60.3,58.9009,1636952400000000000,3426
DPW,7736563,2.03,2.16,2.18,1.96,1636952400000000000,16230
DPZ,760746,515,517.32,522.975,507.02,1636952400000000000,17550
DQ,1175254,72.71,71.13,72.91,69.82,1636952400000000000,16096
DRAY,152983,9.81,9.84,9.84,9.81,1636952400000000000,22
DRAYW,12914,0.6319,0.6894,0.6998,0.6319,1636952400000000000,22
DRD,124414,10.04,10.07,10.12,9.93,1636952400000000000,1506
DRE,1253807,57.35,57.87,57.91,57.2,1636952400000000000,12046
DRH,1715155,9.99,10.16,10.21,9.95,1636952400000000000,9758
DRHpA,12175,27.23,26.87,27.28,26.77,1636952400000000000,135
DRI,1069005,151.11,147.68,151.38,146.92,1636952400000000000,20359
DRIO,203014,17.06,16.7,17.29,16.6,1636952400000000000,2261
DRIP,6301520,4.7,4.63,4.85,4.5201,1636952400000000000,6828
DRIV,810522,31.985,31.62,31.99,31.47,1636952400000000000,8129
DRMA,236712,5.05,4.94,5.201,4.7037,1636952400000000000,789
DRMAW,3801,1.02,1.01,1.02,1.01,1636952400000000000,9
DRN,61442,26.7,27.12,27.16,26.4179,1636952400000000000,1127
DRNA,538276,22.26,21.19,22.26,21.11,1636952400000000000,7139
DRQ,758924,21.15,20.29,21.15,20.12,1636952400000000000,8364
DRRX,451985,1.17,1.14,1.18,1.14,1636952400000000000,2434
DRSK,67291,29.67,29.61,29.68,29.59,1636952400000000000,129
DRTT,389082,2.6,2.4994,2.61,2.47,1636952400000000000,265
DRUG,8165245,8.21,6.47,8.2999,5.56,1636952400000000000,53837
DRV,11881,40.48,39.4,40.48,39.39,1636952400000000000,231
DRVN,288610,32.5,31.93,32.7437,31.7,1636952400000000000,3150
DRW,2711,25.42,25.3677,25.469,25.3677,1636952400000000000,71
DS,809748,2.49,2.51,2.51,2.425,1636952400000000000,3839
DSpB,4755,25.89,25.55,25.95,25.544,1636952400000000000,112
DSAC,157166,9.92,9.92,9.92,9.9057,1636952400000000000,469
DSACU,1515,10.54,10.51,10.54,10.51,1636952400000000000,9
DSACW,131183,1.3496,1.3,1.35,1.3,1636952400000000000,516
DSAQ,1667941,9.92,9.92,9.92,9.92,1636952400000000000,196
DSAQ.U,608404,10.15,10.18,10.19,10.15,1636952400000000000,182
DSAQ.WS,452879,0.53,0.5301,0.54,0.5,1636952400000000000,190
DSCF,13250,25.4,25.23,25.4,25.23,1636952400000000000,47
DSEP,69,32.93,32.93,32.93,32.93,1636952400000000000,10
DSEY,3583577,14.57,14.33,14.57,14.18,1636952400000000000,22564
DSGN,130277,20.11,19.9,20.11,19.39,1636952400000000000,2939
DSGX,68360,88,88.24,88.79,87.68,1636952400000000000,1788
DSI,115278,92.71,92.37,92.72,92.0501,1636952400000000000,1018
DSJA,359,29.95,30.0165,30.0165,29.95,1636952400000000000,4
DSKE,443760,10.09,10.19,10.27,9.74,1636952400000000000,3701
DSKEW,272934,0.22,0.21,0.245,0.19,1636952400000000000,249
DSL,264629,17.31,17.27,17.38,17.25,1636952400000000000,1044
DSM,41458,8.25,8.24,8.25,8.21,1636952400000000000,139
DSOC,11,32.9935,32.9935,32.9935,32.9935,1636952400000000000,2
DSP,140583,12.51,12.9,13.31,12.405,1636952400000000000,2324
DSPC,3091,25.83,25.989,26.02,25.7,1636952400000000000,48
DSPG,131583,21.94,21.95,21.97,21.91,1636952400000000000,1427
DSS,419294,1.14,1.13,1.15,1.11,1636952400000000000,878
DSTL,40752,44.85,44.59,44.85,44.55,1636952400000000000,334
DSTX,110,26.26,26.1847,26.26,26.1847,1636952400000000000,2
DSU,80955,11.78,11.72,11.82,11.71,1636952400000000000,551
DSWL,2854,4.4785,4.22,4.4799,4.22,1636952400000000000,44
DSX,740709,4.94,4.66,4.95,4.61,1636952400000000000,3552
DSXpB,779,26.1,26.0999,26.1,26.0999,1636952400000000000,5
DT,3944327,72,70.68,72.55,68.26,1636952400000000000,42970
DTB,84461,25.5,25.32,25.5,25.16,1636952400000000000,348
DTC,891678,20.92,21.93,21.95,20.55,1636952400000000000,7418
DTD,13078,126.65,126.12,126.65,126.07,1636952400000000000,201
DTE,1581771,112.62,113.2,113.35,111.904,1636952400000000000,17202
DTEA,269582,4.41,4.5,4.69,4.24,1636952400000000000,1081
DTEC,8679,52.22,51.7623,52.22,51.63,1636952400000000000,116
DTF,9336,14.32,14.31,14.355,14.31,1636952400000000000,64
DTH,7155,38.768,38.6231,38.77,38.6231,1636952400000000000,95
DTIL,330582,9.91,9.48,9.91,9.46,1636952400000000000,4039
DTLAp,9498,13.75,13.215,13.75,13.2,1636952400000000000,114
DTM,297543,49.52,49.09,49.6,48.2955,1636952400000000000,4015
DTN,6262,99.2,99.0441,99.2097,98.9886,1636952400000000000,51
DTOC,47201,9.7302,9.73,9.75,9.73,1636952400000000000,115
DTOCU,52424,9.9,9.9,9.9,9.8999,1636952400000000000,128
DTOCW,21095,0.71,0.71,0.8548,0.7,1636952400000000000,113
DTOX,19,25.0002,25.0002,25.0002,25.0002,1636952400000000000,8
DTP,13523,49.5,49.75,49.7799,49.5,1636952400000000000,158
DTRTU,113,10.17,10.17,10.17,10.17,1636952400000000000,1
DTRTW,28860,0.576,0.576,0.5779,0.54,1636952400000000000,199
DTSS,63355,2.075,2.04,2.0899,2.01,1636952400000000000,330
DTST,183110,4.3,4.25,4.35,4.2,1636952400000000000,837
DTSTW,1230,1.06,1.08,1.1,1.03,1636952400000000000,12
DTW,20936,25.85,25.86,25.8917,25.81,1636952400000000000,260
DTY,71445,25.45,25.37,25.45,25.33,1636952400000000000,419
DUDE,7203,30.3,30.1947,30.309,30.15,1636952400000000000,32
DUG,198361,8.92,8.79,9.09,8.695,1636952400000000000,1074
DUK,2347797,100.24,100.6,101.01,99.73,1636952400000000000,30381
DUKpA,55682,27.68,27.46,27.7283,27.4,1636952400000000000,397
DUKB,16789,27.26,27.02,27.26,27.02,1636952400000000000,171
DUNE,13644,9.94,9.92,9.94,9.92,1636952400000000000,29
DUNEU,400,10.3,10.31,10.31,10.3,1636952400000000000,5
DUNEW,113831,0.85415,0.8001,0.864051,0.764201,1636952400000000000,250
DUO,265025,1.08,1.09,1.09,1.04,1636952400000000000,717
DUOL,1683830,147.96,140.48,151.05,137.695,1636952400000000000,28640
DUOT,39192,6.51,6.875,6.9,6.19,1636952400000000000,256
DURA,7677,31.549,31.51,31.55,31.47,1636952400000000000,36
DUSA,33680,35.97,35.7702,36.01,35.7702,1636952400000000000,234
DUSL,34077,49.2,48.72,49.24,48.547,1636952400000000000,507
DUST,1701693,17,16.89,17.308,16.78,1636952400000000000,6004
DV,707827,34.8,33.74,34.99,33.39,1636952400000000000,8563
DVA,796552,106.23,106.47,106.98,105.53,1636952400000000000,11727
DVAX,1134106,16.99,17.05,17.47,16.8038,1636952400000000000,11852
DVD,167101,3.58,3.59,3.61,3.58,1636952400000000000,440
DVLU,2021,25.541,25.605,25.62,25.541,1636952400000000000,30
DVN,8633209,42.55,43.18,43.755,41.67,1636952400000000000,76300
DVOL,8110,30.3101,30.2979,30.345,30.24,1636952400000000000,71
DVY,315750,121.09,121.33,121.43,120.74,1636952400000000000,3294
DVYA,1792,37.92,37.8513,37.9599,37.851,1636952400000000000,60
DVYE,104413,38.78,38.66,38.78,38.562,1636952400000000000,713
DWAC,2791742,60,59.9,61.8,58.5,1636952400000000000,40777
DWACU,11082,72,70.38,72.92,69.61,1636952400000000000,259
DWACW,548659,22.52,21.5,22.8,21.5,1636952400000000000,4075
DWAS,32023,99.13,97.68,99.13,97.285,1636952400000000000,290
DWAW,3153,39.02,38.9063,39.02,38.84,1636952400000000000,27
DWCR,1036,37.64,37.6412,37.645,37.64,1636952400000000000,5
DWEQ,1946,30.41,30.39,30.48,30.23,1636952400000000000,38
DWIN,262,9.88,9.88,9.88,9.88,1636952400000000000,6
DWIN.U,272,10.19,10.19,10.19,10.19,1636952400000000000,7
DWIN.WS,1422,0.65,0.6704,0.6704,0.65,1636952400000000000,7
DWLD,4303,31.84,31.6,31.84,31.6,1636952400000000000,60
DWM,15722,54.508,54.32,54.535,54.27,1636952400000000000,163
DWMC,37505,42.54,41.9956,42.54,41.84,1636952400000000000,32
DWMF,4101,26.76,26.7057,26.76,26.7,1636952400000000000,31
DWSH,2981,8.55,8.5492,8.5551,8.52,1636952400000000000,23
DWSN,215341,2.32,2.34,2.34,2.32,1636952400000000000,335
DWUS,159,40.49,40.5116,40.5116,40.49,1636952400000000000,5
DWX,33608,39.01,38.91,39.065,38.9074,1636952400000000000,214
DX,457681,17.83,17.89,17.905,17.82,1636952400000000000,3696
DXpC,5681,26.19,26.08,26.26,26.01,1636952400000000000,73
DXC,1236008,33.52,33.05,33.55,32.75,1636952400000000000,12109
DXCM,279285,650,641.95,653.99,635.1601,1636952400000000000,12559
DXD,831908,8.27,8.33,8.36,8.27,1636952400000000000,948
DXF,1264992,1.43,1.32,1.45,1.3,1636952400000000000,6026
DXJ,448833,63.79,63.9,63.92,63.73,1636952400000000000,1087
DXJS,458,44.76,44.7717,44.7717,44.7357,1636952400000000000,17
DXLG,742848,8.33,8.45,8.6833,8.2074,1636952400000000000,5063
DXPE,79174,35.18,33.86,35.66,33.5201,1636952400000000000,1484
DXR,1913,10.625,10.75,10.75,10.625,1636952400000000000,26
DXYN,248837,5.4,5.68,5.83,5.28,1636952400000000000,1515
DY,134690,85.55,83.45,85.55,82.78,1636952400000000000,3364
DYAI,98023,4.23,3.9,4.309,3.86,1636952400000000000,579
DYFN,9005,20.5,20.4,20.5,20.31,1636952400000000000,96
DYHG,910,60.62,60.6645,60.7,60.605,1636952400000000000,15
DYLD,8243,25.05,24.975,25.05,24.975,1636952400000000000,73
DYN,351236,14.42,14.61,14.66,14.02,1636952400000000000,1959
DYNF,1952,39.52,39.4504,39.52,39.4504,1636952400000000000,20
DYNS,75790,9.99,10.03,10.08,9.97,1636952400000000000,496
DYNT,572246,1.56,1.43,1.56,1.37,1636952400000000000,1185
DZSI,92739,14.05,14.05,14.5789,13.83,1636952400000000000,1132
DZZ,4025,2.54,2.54,2.56,2.54,1636952400000000000,8
E,282321,28.66,28.57,28.7411,28.54,1636952400000000000,2303
EA,3844666,143.61,141.28,144.39,137.64,1636952400000000000,50433
EACPW,1565,0.5208,0.52,0.5208,0.52,1636952400000000000,4
EAD,130400,8.99,8.95,8.99,8.92,1636952400000000000,508
EAF,1632685,12.76,12.59,12.83,12.4,1636952400000000000,10108
EAGG,102660,54.95,54.8,54.97,54.7745,1636952400000000000,494
EAI,11585,25.31,25.33,25.34,25.31,1636952400000000000,153
EAOA,3711,34.83,34.7266,34.85,34.7266,1636952400000000000,28
EAOK,2019,28.06,27.9901,28.06,27.9901,1636952400000000000,18
EAOM,1681,29.32,29.2765,29.32,29.2765,1636952400000000000,12
EAOR,806,32.02,31.9282,32.02,31.9282,1636952400000000000,14
EAPR,2110,25.02,25.0149,25.03,25,1636952400000000000,15
EAR,1136614,7.2,6.89,7.23,6.89,1636952400000000000,8825
EARN,104495,11.86,11.86,12,11.82,1636952400000000000,1144
EASG,329,32.34,32.2167,32.34,32.2167,1636952400000000000,14
EAST,149301,2.9,2.83,2.9726,2.82,1636952400000000000,606
EAT,922642,42.75,41.33,43.2,41.3,1636952400000000000,13636
EATZ,2460,23.28,23.341,23.49,23.28,1636952400000000000,28
EB,682935,21.52,21.03,21.52,20.845,1636952400000000000,6607
EBAC,500,9.78,9.78,9.78,9.78,1636952400000000000,7
EBACU,989,9.94,9.94,9.94,9.94,1636952400000000000,14
EBAY,5072732,74.47,74.21,76.24,74,1636952400000000000,63443
EBC,772600,20.73,20.82,21.12,20.65,1636952400000000000,6193
EBET,69901,33.13,33.1,33.22,31.37,1636952400000000000,1297
EBF,46847,19.89,19.98,20,19.73,1636952400000000000,1358
EBIX,164193,36.39,36.34,37.41,36.0598,1636952400000000000,3652
EBIZ,22199,32.72,32.71,32.78,32.54,1636952400000000000,238
EBLU,9297,50,49.5971,50,49.52,1636952400000000000,158
EBMT,3239,22.8,22.66,22.9617,22.66,1636952400000000000,46
EBND,151555,24.85,24.83,24.9,24.82,1636952400000000000,796
EBON,2699132,2.07,2,2.08,1.95,1636952400000000000,7320
EBR,477023,6.75,6.57,6.75,6.52,1636952400000000000,2801
EBR.B,5523,6.4301,6.445,6.465,6.42,1636952400000000000,91
EBS,574571,37.06,37.91,37.94,36.91,1636952400000000000,7551
EBTC,30046,40.32,40.41,40.6,39.1701,1636952400000000000,242
EC,664546,14.59,14.54,14.63,14.395,1636952400000000000,3980
ECAT,105103,19.34,19.49,19.6436,19.34,1636952400000000000,257
ECC,82233,14.41,14.58,14.58,14.3583,1636952400000000000,532
ECCB,1515,25.3872,25.42,25.49,25.35,1636952400000000000,24
ECCC,12025,25.3699,25.2,25.3699,25.19,1636952400000000000,66
ECCX,1207,25.506,25.4799,25.506,25.465,1636952400000000000,35
ECF,76962,14.38,14.44,14.59,14.36,1636952400000000000,422
ECH,727191,27,26.75,27,26.49,1636952400000000000,3612
ECHO,206321,48.15,48.18,48.18,48.13,1636952400000000000,2069
ECL,742355,236,235.46,236.765,234.81,1636952400000000000,15433
ECLN,2661,24.2801,24.3783,24.3783,24.2801,1636952400000000000,13
ECNS,20359,53.19,53.06,53.195,53.06,1636952400000000000,72
ECOL,152637,35.99,35.5,36.025,35.4,1636952400000000000,1834
ECOM,167940,27.09,27.18,27.23,26.79,1636952400000000000,2611
ECON,24037,26.51,26.38,26.52,26.37,1636952400000000000,72
ECOR,939010,0.915,0.9239,0.9249,0.891,1636952400000000000,2262
ECOZ,78,42.175,42.175,42.175,42.175,1636952400000000000,6
ECPG,267731,59.31,59.08,59.72,58.71,1636952400000000000,6201
ECVT,170903,12.93,12.85,12.94,12.75,1636952400000000000,2234
ED,1880257,77.7,78.77,78.81,77.45,1636952400000000000,19933
EDAP,101982,5.73,5.87,6.09,5.66,1636952400000000000,521
EDC,24393,86.87,85.52,87,85.31,1636952400000000000,423
EDD,99259,5.88,5.87,5.89,5.85,1636952400000000000,462
EDEN,4833,114.71,113.8,114.7999,113.8,1636952400000000000,88
EDF,138366,7.27,7.22,7.27,7.14,1636952400000000000,570
EDI,81591,8.48,8.27,8.5,8.2,1636952400000000000,406
EDIT,1164551,38.07,35.99,38.07,35.9175,1636952400000000000,15216
EDIV,8958,30.11,30.23,30.32,30.0538,1636952400000000000,98
EDN,109826,5.88,5.81,6.23,5.25,1636952400000000000,517
EDNC,500,9.7316,9.7316,9.7316,9.7316,1636952400000000000,1
EDNCW,21484,0.588,0.5959,0.5999,0.561,1636952400000000000,54
EDOC,424266,18.2,18,18.22,17.95,1636952400000000000,950
EDOG,5998,24.86,24.775,24.86,24.73,1636952400000000000,32
EDOW,25276,31.68,31.61,31.7,31.58,1636952400000000000,195
EDR,1741463,27.55,26.89,27.645,26.535,1636952400000000000,18689
EDRY,74835,24.1,22.2,24.131,21.75,1636952400000000000,1110
EDSA,105377,6.92,6.86,6.9951,6.78,1636952400000000000,654
EDTK,105589,1.42,1.47,1.49,1.38,1636952400000000000,320
EDTX,8073,9.99,9.96,9.99,9.96,1636952400000000000,46
EDU,26888143,2.2,2.13,2.2,2.09,1636952400000000000,33345
EDUC,8141,9.74,9.74,9.8166,9.6001,1636952400000000000,96
EDUT,2869,10.22,10.1701,10.35,10.1701,1636952400000000000,28
EDV,111675,138.71,136.99,138.83,136.75,1636952400000000000,1687
EDZ,89454,8.4,8.53,8.5381,8.3879,1636952400000000000,437
EEA,6374,11.54,11.41,11.55,11.41,1636952400000000000,26
EEFT,265837,119.28,117.71,119.28,117.05,1636952400000000000,4959
EEH,0,33.1907,33.1907,33.1907,33.1907,1636952400000000000,0
EEIQ,68867,4.11,4.05,4.11,4,1636952400000000000,248
EELV,29170,25.42,25.3729,25.43,25.35,1636952400000000000,109
EEM,31610660,52.12,51.83,52.14,51.78,1636952400000000000,35909
EEMA,27661,87.37,86.82,87.919,86.75,1636952400000000000,272
EEMD,3033,22.669,22.6212,22.67,22.59,1636952400000000000,28
EEMO,10265,18.18,18.15,18.2,18.15,1636952400000000000,21
EEMS,15630,63.2,63.05,63.2999,63,1636952400000000000,218
EEMV,111992,64.51,64.38,64.71,64.3475,1636952400000000000,872
EEMX,3375,77.62,77.2004,77.62,77.14,1636952400000000000,79
EERN,2,24.5356,24.5356,24.5356,24.5356,1636952400000000000,2
EES,111033,53.88,53.62,53.88,53.46,1636952400000000000,328
EET,3562,94.74,93.7126,94.84,93.7126,1636952400000000000,71
EEV,4404,15.73,15.91,15.939,15.73,1636952400000000000,27
EEX,108106,4.71,4.63,4.78,4.49,1636952400000000000,850
EFA,14064487,81.58,81.23,81.595,81.18,1636952400000000000,30222
EFAD,2969,47.8,47.5666,47.8,47.5666,1636952400000000000,49
EFAS,3700,15.47,15.45,15.5,15.44,1636952400000000000,47
EFAV,298754,77.68,77.46,77.77,77.42,1636952400000000000,2405
EFAX,4434,86.59,86.1883,86.65,86.1883,1636952400000000000,126
EFC,805497,17.94,17.99,18.1,17.93,1636952400000000000,6388
EFCpA,512,26.33,26.42,26.42,26.33,1636952400000000000,16
EFG,376776,113.3,112.7,113.32,112.67,1636952400000000000,3111
EFIV,3789,44.61,44.3888,44.61,44.3888,1636952400000000000,70
EFIX,304,19.09,19.09,19.09,19.09,1636952400000000000,8
EFL,112079,9.28,9.41,9.55,9.28,1636952400000000000,625
EFNL,706,48.0148,47.902,48.0148,47.902,1636952400000000000,38
EFO,221,54.0078,54.0078,54.0078,54.0078,1636952400000000000,12
EFOI,92274,2.54,2.63,2.74,2.54,1636952400000000000,346
EFR,105423,15.35,15.39,15.47,15.31,1636952400000000000,411
EFSC,100882,48.64,48.41,48.64,48.15,1636952400000000000,2209
EFT,44896,15.04,14.99,15.1,14.94,1636952400000000000,307
EFTR,92686,10.22,9.76,10.22,9.5,1636952400000000000,1165
EFTRW,8398,1.4,1.5,1.5699,1.4,1636952400000000000,50
EFU,574,9.6277,9.6277,9.6277,9.6277,1636952400000000000,4
EFV,1711460,52.3,52.13,52.34,52.1,1636952400000000000,6839
EFX,922248,280.15,282.37,282.63,277.56,1636952400000000000,9113
EFZ,23285,17.6,17.6586,17.66,17.59,1636952400000000000,61
EGAN,79916,11.45,11.06,11.45,10.94,1636952400000000000,1903
EGBN,65718,60.58,60.35,60.605,59.79,1636952400000000000,1242
EGF,5854,12.6,12.55,12.6,12.49,1636952400000000000,38
EGGF.U,4213,9.95,9.95,9.96,9.95,1636952400000000000,18
EGHT,774135,22.4,22.98,23.15,22.34,1636952400000000000,8539
EGIS,20427,35.96,35.68,35.96,35.68,1636952400000000000,48
EGLE,323907,39.39,38.78,39.39,37.8,1636952400000000000,5557
EGLX,2482035,3.48,4,4.065,3.46,1636952400000000000,10793
EGO,2317251,10.16,10.17,10.2,9.94,1636952400000000000,12034
EGP,228109,203.08,205.86,206.07,201.5,1636952400000000000,4559
EGPT,2534,26.46,26.12,26.56,25.96,1636952400000000000,42
EGRX,74049,52.04,50.98,52.04,50.635,1636952400000000000,1685
EGY,372042,3.92,3.85,4.06,3.79,1636952400000000000,1480
EH,445949,25.3,24.43,25.58,24.3,1636952400000000000,5017
EHC,1096431,64.01,62.74,64.01,62.43,1636952400000000000,11858
EHI,17335,10.12,10.09,10.15,10.08,1636952400000000000,76
EHTH,782136,28.1,27.47,28.29,27.3,1636952400000000000,11180
EIC,23596,17.99,18.09,18.09,17.9,1636952400000000000,88
EICA,14677,25.3398,25.26,25.39,25.22,1636952400000000000,81
EIDO,550068,23.81,23.63,23.81,23.555,1636952400000000000,4765
EIG,136786,40.41,40.02,40.5285,39.88,1636952400000000000,1515
EIGR,196606,7.6,8,8.02,7.6,1636952400000000000,3215
EIM,129782,13.6,13.48,13.6,13.45,1636952400000000000,483
EINC,1943,56.17,56.4605,56.4605,56.17,1636952400000000000,34
EIRL,12278,57.2,56.85,57.31,56.85,1636952400000000000,87
EIS,17654,80.03,79.585,80.03,79.32,1636952400000000000,205
EIX,1907771,64.7,64.58,65.29,64.4,1636952400000000000,18344
EJAN,9730,30.25,30.23,30.285,30.23,1636952400000000000,36
EJFA,278092,10.2,10.07,10.244,10.05,1636952400000000000,981
EJFAU,1230,10.8,10.71,11.26,10.67,1636952400000000000,19
EJFAW,153282,1.98,1.87,1.98,1.83,1636952400000000000,456
EJH,728054,2.57,2.38,2.575,2.36,1636952400000000000,1903
EJUL,6486,26.2,26.19,26.2,26.06,1636952400000000000,40
EKAR,832,44.86,44.8343,44.86,44.7,1636952400000000000,17
EKSO,94401,3.92,3.84,3.96,3.81,1636952400000000000,803
EL,1034567,347.11,348.07,350.68,346.61,1636952400000000000,22992
ELA,79422,4.51,4.39,4.67,4.37,1636952400000000000,424
ELAN,5554600,33,32.16,33.02,31.65,1636952400000000000,27428
ELAT,23981,50.08,49.09,50.08,48.66,1636952400000000000,66
ELC,9162,25.3799,25.32,25.3799,25.3114,1636952400000000000,150
ELD,11880,30.89,30.84,30.9,30.78,1636952400000000000,128
ELDN,164065,5.55,5.56,5.9375,5.42,1636952400000000000,962
ELEV,4747,8.04,7.64,8.04,7.56,1636952400000000000,80
ELF,363235,31.69,31.63,31.69,31.145,1636952400000000000,4297
ELMD,24660,12.49,12.6,12.67,12.25,1636952400000000000,206
ELMS,703078,9.03,8.98,9.099,8.655,1636952400000000000,6498
ELMSW,36318,2.05,1.99,2.05,1.91,1636952400000000000,214
ELOX,503926,1.26,1.23,1.26,1.21,1636952400000000000,1607
ELP,592037,5.62,5.58,5.62,5.55,1636952400000000000,3031
ELQD,0,98.397,98.397,98.397,98.397,1636952400000000000,0
ELS,538808,84.51,83.87,84.615,83.38,1636952400000000000,7895
ELSE,166954,5.1,5.405,5.52,5.1,1636952400000000000,517
ELTK,15079,5.45,5.6,5.6599,5.4474,1636952400000000000,82
ELVT,157571,3.54,3.42,3.57,3.41,1636952400000000000,1054
ELY,1888562,29.56,29.78,30.2,29.49,1636952400000000000,15741
ELYM,16109,18,17.99,18,17.03,1636952400000000000,413
ELYS,374485,4.78,4.74,4.849,4.58,1636952400000000000,1605
EM,86211,2.7,2.76,2.8,2.63,1636952400000000000,461
EMAN,661069,2.67,2.35,2.68,2.35,1636952400000000000,3684
EMB,4157829,109.51,109.29,109.758,109.19,1636952400000000000,23121
EMBD,6970,26.31,26.2735,26.31,26.235,1636952400000000000,76
EMBH,520,23.72,23.69,23.72,23.6897,1636952400000000000,3
EMBK,1369524,8.6,8.65,9.09,8,1636952400000000000,7989
EMBKW,485033,1.55,1.48,1.65,1.3901,1636952400000000000,761
EMCB,1407,74.89,74.65,74.89,74.62,1636952400000000000,37
EMCF,2636,28.2792,28.9999,29,28.1385,1636952400000000000,50
EMCR,498,34.26,34.1397,34.26,34.1397,1636952400000000000,9
EMD,153698,13.76,13.7,13.84,13.68,1636952400000000000,718
EMDV,1299,58.5,58.515,58.515,58.3,1636952400000000000,11
EME,137910,131.3,129.05,131.3,127.8175,1636952400000000000,3966
EMF,7259,17.9,17.81,17.9303,17.81,1636952400000000000,65
EMFM,18549,21.31,21.2051,21.31,21.2051,1636952400000000000,37
EMGF,107219,52.57,52.43,52.9,52.36,1636952400000000000,308
EMHC,1037,29.97,29.92,29.97,29.92,1636952400000000000,6
EMHY,69777,43.66,43.62,43.82,43.61,1636952400000000000,301
EMIF,12590,24.11,24.01,24.11,23.8317,1636952400000000000,113
EMKR,157896,8.67,8.52,8.71,8.41,1636952400000000000,2039
EML,3693,25.775,26.34,26.46,25.775,1636952400000000000,79
EMLC,855241,29.38,29.34,29.385,29.32,1636952400000000000,4040
EMLP,168603,24.96,25.07,25.08,24.8766,1636952400000000000,1016
EMMF,0,25.2773,25.2773,25.2773,25.2773,1636952400000000000,0
EMN,813630,116.22,115.11,116.35,114.78,1636952400000000000,10415
EMNT,8194,100.5,100.495,100.5,100.49,1636952400000000000,72
EMO,37530,24.15,24.16,24.29,23.96,1636952400000000000,251
EMP,22542,25.23,25.27,25.27,25.23,1636952400000000000,292
EMQQ,110160,53.4,52.93,53.42,52.71,1636952400000000000,1207
EMR,1537358,97.66,96.38,97.66,96.01,1636952400000000000,23205
EMSG,2479,33.49,33.24,33.49,33.24,1636952400000000000,25
EMSH,19373,72.51,72.42,72.56,72.42,1636952400000000000,39
EMTL,3414,50.12,49.89,50.12,49.89,1636952400000000000,38
EMTY,12638,13.88,13.9724,13.9724,13.81,1636952400000000000,83
EMX,178699,2.85,2.8,2.85,2.76,1636952400000000000,633
EMXC,341201,62.41,62.12,62.41,62.095,1636952400000000000,1389
EMXF,2395,45.35,45.11,45.35,45.11,1636952400000000000,56
ENB,7407881,40.6,40.43,40.75,40.24,1636952400000000000,28304
ENBA,12666,26.6,26.55,26.62,26.4301,1636952400000000000,206
ENBL,515272,7.73,7.92,7.99,7.73,1636952400000000000,3381
ENDP,4304403,6.79,6.7,6.91,6.57,1636952400000000000,19171
ENERU,254916,10.19,10.16,10.2,10.16,1636952400000000000,234
ENFA,187964,9.98,9.98,9.9899,9.97,1636952400000000000,136
ENFAU,467,10.4,10.4209,10.4209,10.4,1636952400000000000,6
ENFAW,69568,1.25,1.32,1.32,1.2,1636952400000000000,214
ENFN,213109,22.83,22.91,23.21,22.74,1636952400000000000,3081
ENFR,5996,20.02,20.06,20.111,19.87,1636952400000000000,74
ENG,757959,2.41,2.36,2.42,2.33,1636952400000000000,3221
ENIA,475644,6.12,6.11,6.12,5.98,1636952400000000000,2732
ENIC,1831787,2.14,2.14,2.16,2.07,1636952400000000000,5646
ENJ,506,25.31,25.31,25.31,25.31,1636952400000000000,12
ENJY,1657259,8.14,7.69,8.14,7.42,1636952400000000000,3113
ENJYW,3605,0.7701,1.06,1.36,0.7701,1636952400000000000,21
ENLC,992210,7.26,7.27,7.405,7.24,1636952400000000000,7041
ENLV,31792,8.27,8.21,8.39,8.1101,1636952400000000000,323
ENNV,30367,9.95,9.93,9.95,9.925,1636952400000000000,138
ENNVU,885,10.15,10.17,10.17,10.15,1636952400000000000,11
ENNVW,26887,1.02,1.06,1.06,0.9601,1636952400000000000,43
ENO,2451,25.42,25.44,25.4945,25.41,1636952400000000000,25
ENOB,159215,10,10.48,10.52,10,1636952400000000000,1777
ENOR,10645,30.95,30.79,30.95,30.79,1636952400000000000,77
ENPC,569108,9.85,9.85,9.87,9.8226,1636952400000000000,183
ENPC.WS,27498,0.76,0.72,0.76,0.72,1636952400000000000,105
ENPH,1714577,253.64,244.71,253.99,241.61,1636952400000000000,39233
ENR,719533,38.44,38.75,38.81,38.19,1636952400000000000,8296
ENRpA,14056,84.28,84.76,84.76,83.88,1636952400000000000,89
ENS,372665,81.01,82.59,83.07,80.05,1636952400000000000,6972
ENSC,261266,2.23,2.14,2.23,2.07,1636952400000000000,884
ENSG,255945,81.75,81.4,83.24,80.975,1636952400000000000,4665
ENSV,187159,1.32,1.28,1.33,1.28,1636952400000000000,489
ENTA,130185,92.24,89.88,92.25,89.22,1636952400000000000,4015
ENTFU,5149,10.11,10.1,10.16,10.1,1636952400000000000,18
ENTG,680937,150.7,149.97,152.45,147.45,1636952400000000000,12962
ENTR,142,26.98,26.98,26.98,26.98,1636952400000000000,12
ENTX,42736,3.79,3.78,3.88,3.76,1636952400000000000,352
ENTXW,15327,0.4726,0.4708,0.488,0.4703,1636952400000000000,19
ENV,344140,84.13,82.91,84.13,82.46,1636952400000000000,4903
ENVA,452722,42.86,42.23,42.86,41.65,1636952400000000000,5674
ENVB,469281,1.81,1.8,1.84,1.755,1636952400000000000,1684
ENVI,26610,9.92,9.94,9.97,9.92,1636952400000000000,49
ENVIU,802,10.47,10.47,10.47,10.47,1636952400000000000,13
ENVIW,1919,1.11,1.1,1.11,1.1,1636952400000000000,7
ENVX,1019397,33.89,32.61,33.89,31.41,1636952400000000000,11080
ENVXW,22567,22,20.94,22,19.96,1636952400000000000,283
ENX,78188,12.45,12.34,12.46,12.29,1636952400000000000,159
ENZ,161989,3.39,3.38,3.4,3.345,1636952400000000000,939
ENZL,6958,62.01,62,62.15,61.8,1636952400000000000,85
EOCT,4041,25.61,25.5409,25.61,25.5409,1636952400000000000,33
EOCW,42221,9.86,9.82,9.86,9.79,1636952400000000000,103
EOCW.U,15236,10.08,10.06,10.08,10.05,1636952400000000000,171
EOCW.WS,25888,1.2805,1.2,1.2805,1.1999,1636952400000000000,68
EOD,102861,5.84,5.83,5.85,5.81,1636952400000000000,492
EOG,6139144,94.45,93.2,94.71,92.32,1636952400000000000,57041
EOI,52341,20.18,20.1,20.18,20.0001,1636952400000000000,280
EOLS,401474,7.2,7.1,7.24,6.93,1636952400000000000,3976
EOPS,4317,29.3,29.2114,29.39,29.2114,1636952400000000000,14
EOS,63370,24.53,24.5,24.6897,24.44,1636952400000000000,490
EOSE,618571,10.78,10.99,11,10.48,1636952400000000000,5952
EOSEW,2815,3.6,3.87,3.87,3.6,1636952400000000000,21
EOT,19309,22.52,22.59,22.59,22.2801,1636952400000000000,124
EPpC,1943,50.4859,50.19,50.4859,50.16,1636952400000000000,34
EPAC,158281,23.22,22.96,23.2899,22.89,1636952400000000000,1913
EPAM,239379,672,660.68,675.8699,654.78,1636952400000000000,10047
EPAY,742439,45.3,47.78,47.94,45.285,1636952400000000000,6523
EPC,676964,43.45,42.94,43.79,42.15,1636952400000000000,9852
EPD,6071577,23.3,22.92,23.4,22.88,1636952400000000000,30098
EPHE,203870,33.1,32.91,33.22,32.86,1636952400000000000,1470
EPHY,82033,9.78,9.82,9.82,9.76,1636952400000000000,369
EPHYU,28312,10.07,10.2,10.2,10.07,1636952400000000000,65
EPHYW,195148,0.9,1.21,1.25,0.8998,1636952400000000000,394
EPI,281362,38.7,38.67,38.7079,38.62,1636952400000000000,2091
EPIX,511355,12.84,12.99,13.24,12.23,1636952400000000000,5587
EPM,207909,5.7,5.68,5.81,5.52,1636952400000000000,2219
EPOL,504550,22.5,22.13,22.5299,22.12,1636952400000000000,1539
EPP,211727,50.98,50.82,50.98,50.75,1636952400000000000,1476
EPR,333995,51.18,51.73,51.75,50.9,1636952400000000000,4840
EPRpC,9584,26.36,26.13,26.36,26.13,1636952400000000000,55
EPRpE,1398,35.47,35.27,35.86,35.27,1636952400000000000,25
EPRpG,4717,25.92,25.65,25.934,25.48,1636952400000000000,54
EPRE,0,22.1448,22.1448,22.1448,22.1448,1636952400000000000,0
EPRF,27054,23.9501,23.85,23.9941,23.85,1636952400000000000,171
EPRT,1964782,28.91,29.04,29.34,28.66,1636952400000000000,9101
EPS,197050,49.61,49.47,49.6398,49.43,1636952400000000000,266
EPSN,38797,5.5,5.28,5.6461,5.26,1636952400000000000,215
EPU,41290,30.25,30.22,30.43,30.04,1636952400000000000,359
EPV,2720,10.92,11.06,11.09,10.92,1636952400000000000,19
EPWR,13951,9.74,9.78,9.78,9.74,1636952400000000000,9
EPWR.WS,2048,0.58,0.5999,0.5999,0.58,1636952400000000000,4
EPZM,793724,4.48,4.33,4.55,4.32,1636952400000000000,6347
EQ,39753,5.49,5.61,5.6799,5.4001,1636952400000000000,615
EQAL,80328,48.03,48.05,48.07,47.9112,1636952400000000000,290
EQBK,85223,34.96,35.15,35.23,34.81,1636952400000000000,1277
EQC,561163,26.05,26.07,26.17,25.93,1636952400000000000,5867
EQCpD,7506,29.74,29.6281,30.12,29.6281,1636952400000000000,67
EQD,323107,9.88,9.9,9.9,9.8376,1636952400000000000,213
EQD.U,100,10.19,10.19,10.19,10.19,1636952400000000000,1
EQD.WS,32115,0.9999,0.98,1,0.9513,1636952400000000000,96
EQH,1445143,34.955,34.97,35.11,34.76,1636952400000000000,13009
EQHpA,29937,26.39,26.26,26.47,26.22,1636952400000000000,245
EQHpC,21816,25.13,24.99,25.13,24.99,1636952400000000000,199
EQHA,5879,9.75,9.75,9.76,9.75,1636952400000000000,26
EQHA.U,302297,10.07,10.02,10.07,10.02,1636952400000000000,8
EQHA.WS,100,0.601,0.601,0.601,0.601,1636952400000000000,1
EQIX,736754,775.75,797.84,800,775.39,1636952400000000000,20029
EQL,4343,108.09,107.93,108.09,107.775,1636952400000000000,34
EQNR,2454738,25.99,26.2,26.395,25.82,1636952400000000000,18571
EQOP,0,36.9826,36.9826,36.9826,36.9826,1636952400000000000,0
EQOS,706722,5.6,5.21,5.69,5.13,1636952400000000000,3932
EQR,758969,86.47,88,88.02,86.34,1636952400000000000,10433
EQRR,4859,52.635,52.8,52.8,52.5,1636952400000000000,51
EQS,3594,2.37,2.37,2.38,2.32,1636952400000000000,28
EQT,7303662,21.53,21.86,22.08,20.97,1636952400000000000,48085
EQUL,105,25.7175,25.7175,25.7175,25.7175,1636952400000000000,8
EQWL,3347,86.03,85.8618,86.04,85.8618,1636952400000000000,36
EQX,1472625,8.3,8.53,8.555,8.23,1636952400000000000,7535
ERAS,93823,19.51,18.96,19.51,18.56,1636952400000000000,2415
ERC,77237,13.67,13.67,13.68,13.4917,1636952400000000000,358
ERES,13305,9.86,9.89,9.89,9.86,1636952400000000000,55
ERESU,320,10.3015,10.22,10.3015,10.22,1636952400000000000,7
ERESW,48210,0.74,0.75,0.7979,0.7101,1636952400000000000,198
ERF,2336867,10.04,10.19,10.285,9.66,1636952400000000000,11028
ERH,24668,14.67,14.28,14.67,14.28,1636952400000000000,79
ERIC,4852697,10.83,10.85,10.89,10.8,1636952400000000000,17381
ERIE,61345,230.04,227.7,231.195,227.11,1636952400000000000,2971
ERII,290945,22.86,22.1,22.92,21.95,1636952400000000000,3394
ERJ,1730888,16.62,16.79,17.2,16.58,1636952400000000000,11915
ERM,472,26.17,26.1864,26.22,26.17,1636952400000000000,6
ERO,42179,19.11,18.33,19.11,18.1447,1636952400000000000,489
ERSX,635,24.4435,24.4126,24.45,24.4126,1636952400000000000,10
ERTH,19487,72.01,71.2304,72.01,70.94,1636952400000000000,261
ERUS,293722,49.17,48.77,49.26,48.57,1636952400000000000,1549
ERX,1992073,31.63,32.16,32.54,31.06,1636952400000000000,12140
ERY,840085,10.93,10.72,11.11,10.6,1636952400000000000,3038
ERYP,56830,2.5,2.5,2.5695,2.45,1636952400000000000,312
ES,970822,82.54,83.5,83.59,82.1,1636952400000000000,11948
ESBA,8503,10.4,10.505,10.5082,10.37,1636952400000000000,41
ESBK,706,22.84,22.84,22.84,22.84,1636952400000000000,23
ESCA,13729,18.95,19.52,19.52,18.86,1636952400000000000,373
ESCR,100,21.98,21.905,21.98,21.905,1636952400000000000,1
ESE,64206,91.98,91.83,91.98,90.59,1636952400000000000,1533
ESEA,228285,35.45,33.06,35.8158,32.3,1636952400000000000,2771
ESEB,1951,21.07,21.175,21.2382,21.07,1636952400000000000,27
ESG,3740,114.85,114.401,114.85,114.2,1636952400000000000,94
ESGA,2794,60,59.7062,60,59.64,1636952400000000000,30
ESGB,800,24.9,24.855,24.9,24.855,1636952400000000000,7
ESGC,1511885,0.825,0.8363,0.8499,0.773,1636952400000000000,3509
ESGD,409119,81.96,81.59,81.96,81.54,1636952400000000000,2563
ESGE,808075,42.73,42.51,42.75,42.4799,1636952400000000000,4821
ESGG,2903,151.59,151.05,151.81,150.81,1636952400000000000,48
ESGN,184,27.2558,27.2768,27.2768,27.2558,1636952400000000000,4
ESGR,32613,234.21,232,236.49,230.98,1636952400000000000,1425
ESGRO,3671,26.86,26.76,26.86,26.7,1636952400000000000,64
ESGRP,4612,28.92,28.7335,28.92,28.54,1636952400000000000,80
ESGS,810,37.876,37.7381,37.876,37.7381,1636952400000000000,13
ESGU,801406,107.39,107.06,107.39,106.8,1636952400000000000,4710
ESGV,210766,87.75,87.42,87.83,87.185,1636952400000000000,2091
ESGY,600,46.04,45.9661,46.07,45.9661,1636952400000000000,6
ESHY,618,21.14,21.075,21.14,21.075,1636952400000000000,11
ESI,796340,25.91,25.62,25.92,25.38,1636952400000000000,8217
ESLT,14356,153.08,152.19,153.62,152.19,1636952400000000000,436
ESM.U,75608,9.94,9.94,9.94,9.94,1636952400000000000,6
ESM.WS,76414,0.7315,0.7566,0.8145,0.7315,1636952400000000000,146
ESML,101466,42.63,42.35,42.63,42.21,1636952400000000000,673
ESMT,703968,28.69,28.52,29.42,27.88,1636952400000000000,6255
ESMV,4242,25.31,25.2908,25.32,25.28,1636952400000000000,19
ESNT,836703,46.61,46.35,46.73,46.095,1636952400000000000,5972
ESP,1562,15.4,15.1665,15.5724,14.8165,1636952400000000000,27
ESPO,117556,76.5,75.82,76.5091,75.25,1636952400000000000,1710
ESPR,816488,8.87,8.72,8.975,8.5738,1636952400000000000,4461
ESQ,23190,36.66,36.98,37.51,36.26,1636952400000000000,601
ESRT,1092428,10.575,10.54,10.64,10.465,1636952400000000000,7691
ESS,179904,346.89,351.47,351.52,345.08,1636952400000000000,5934
ESSA,9024,16.9,16.9,16.9999,16.75,1636952400000000000,126
ESSC,1299060,10.25,10.26,10.27,10.24,1636952400000000000,244
ESSCR,157188,0.43,0.41,0.4467,0.39,1636952400000000000,86
ESSCU,701,10.71,10.66,10.86,10.66,1636952400000000000,8
ESSCW,145472,0.2001,0.232,0.24,0.2001,1636952400000000000,170
ESTA,177655,67.78,67.89,69.3799,66,1636952400000000000,2424
ESTC,1372266,183.87,182.47,189.84,180.395,1636952400000000000,20163
ESTE,525613,11.27,11.38,11.45,10.63,1636952400000000000,5024
ESUS,1,27.412,27.412,27.412,27.412,1636952400000000000,1
ESXB,102920,12.11,12.17,12.25,12.09,1636952400000000000,1176
ET,18241787,9.14,9.29,9.37,9.11,1636952400000000000,33445
ETpC,22083,24.98,24.83,25.05,24.83,1636952400000000000,239
ETpD,52622,25.2,24.96,25.2,24.93,1636952400000000000,378
ETpE,20136,25.38,25.1,25.38,25.1,1636952400000000000,272
ETAC,68040,9.84,9.86,9.87,9.84,1636952400000000000,353
ETACW,32354,0.8211,0.84,0.84,0.79,1636952400000000000,40
ETB,59116,16.91,16.98,16.9999,16.87,1636952400000000000,364
ETD,183738,25,25.16,25.465,24.95,1636952400000000000,3307
ETG,95386,22.69,22.72,22.7875,22.68,1636952400000000000,493
ETHO,8233,65.87,65.664,65.88,65.65,1636952400000000000,140
ETIp,4367,26.68,26.63,26.68,26.35,1636952400000000000,32
ETJ,128614,11.55,11.56,11.59,11.5,1636952400000000000,634
ETN,1019587,171.99,172.74,173.21,171.56,1636952400000000000,17707
ETNB,53171,17.84,17.05,17.9,16.95,1636952400000000000,1076
ETO,41792,33.4,33.07,33.415,33.07,1636952400000000000,370
ETON,313452,5.23,5.11,5.23,5,1636952400000000000,2239
ETR,1536340,102.41,105.04,105.07,102.25,1636952400000000000,18050
ETRN,2463108,10.41,10.42,10.5,10.325,1636952400000000000,14752
ETSY,2178797,272.39,272.72,279.49,270.625,1636952400000000000,47898
ETTX,136805,2.87,2.8,2.875,2.77,1636952400000000000,653
ETV,217650,16.69,16.65,16.69,16.6,1636952400000000000,1362
ETW,319522,11.11,11.06,11.1301,10.95,1636952400000000000,656
ETWO,2171545,12.28,12.5,12.58,12.2,1636952400000000000,14244
ETWO.WS,622,3.33,3.49,3.49,3.31,1636952400000000000,6
ETX,10011,21.96,22.01,22.08,21.95,1636952400000000000,37
ETY,202660,14.9,14.89,14.91,14.84,1636952400000000000,1074
EUCG,40299,27.47,27.46,27.52,27.4,1636952400000000000,10
EUCR,3603,9.77,9.8,9.8,9.77,1636952400000000000,11
EUCRU,503,10.04,10,10.05,10,1636952400000000000,12
EUCRW,44472,0.74,0.7,0.74,0.7,1636952400000000000,316
EUDG,5986,33.96,33.81,33.96,33.78,1636952400000000000,58
EUDV,1369,55.21,54.81,55.21,54.81,1636952400000000000,22
EUFN,674722,20.98,20.92,21.025,20.91,1636952400000000000,2860
EUFX,100,45.05,45.014,45.05,45.014,1636952400000000000,1
EUM,112852,12.19,12.26,12.26,12.181,1636952400000000000,181
EUO,14355,25.62,25.95,25.95,25.56,1636952400000000000,160
EURL,10648,39.56,38.96,39.56,38.91,1636952400000000000,132
EURN,1174377,10.03,10.08,10.18,9.99,1636952400000000000,6902
EURZ,41,27.7777,27.7777,27.7777,27.7777,1636952400000000000,2
EUSA,13975,90.62,90.6,90.6947,90.45,1636952400000000000,172
EUSB,55821,49.37,49.22,49.37,49.2161,1636952400000000000,446
EUSC,2748,37.75,37.72,37.8,37.72,1636952400000000000,10
EUSG,299216,10.1,10.075,10.1,10.07,1636952400000000000,124
EUSGW,7712,1.91,2,2,1.91,1636952400000000000,40
EVA,354338,66.43,66.98,67.19,66.11,1636952400000000000,1454
EVAX,379781,6.21,6.205,6.33,6.1,1636952400000000000,2471
EVBG,487178,132.6,131.47,133.18,130.01,1636952400000000000,9526
EVBN,4413,39.65,39.57,39.89,39.57,1636952400000000000,100
EVC,576949,8.51,8.52,8.76,8.35,1636952400000000000,4361
EVCM,99784,20.25,20.05,20.25,19.51,1636952400000000000,1001
EVER,395590,15.74,15.88,15.99,15.58,1636952400000000000,5773
EVF,34051,6.98,6.99,7.009,6.96,1636952400000000000,87
EVFM,5503412,0.669,0.665,0.672,0.65,1636952400000000000,7861
EVG,62982,13.5,13.51,13.5199,13.4821,1636952400000000000,245
EVGN,469963,2.61,2.45,2.61,2.38,1636952400000000000,2374
EVGO,21176558,18,16.19,18.11,15.77,1636952400000000000,120381
EVGOW,729166,6.8,6.28,7.2,5.82,1636952400000000000,3569
EVH,654032,28.66,27.55,28.69,27.15,1636952400000000000,6455
EVI,26939,34.05,35.5,35.5,31.7801,1636952400000000000,429
EVK,118082,2.92,3.05,3.151,2.92,1636952400000000000,497
EVLO,170687,10.32,10.27,10.37,9.9,1636952400000000000,2474
EVLV,506702,7.72,6.96,7.72,6.88,1636952400000000000,4355
EVLVW,29295,1.6,1.49,1.77,1.4,1636952400000000000,175
EVM,63291,12.01,11.86,12.04,11.86,1636952400000000000,322
EVN,87423,13.66,13.65,13.7298,13.63,1636952400000000000,246
EVNT,93,10.422,10.422,10.422,10.422,1636952400000000000,2
EVO,570620,24.12,23.75,24.315,23.55,1636952400000000000,3966
EVOJ,2424,9.73,9.745,9.76,9.73,1636952400000000000,14
EVOJU,3944,9.96,10.01,10.01,9.96,1636952400000000000,13
EVOJW,300,0.571,0.571,0.571,0.571,1636952400000000000,2
EVOK,426543,1.08,1,1.0801,0.9901,1636952400000000000,775
EVOL,122057,2.68,2.63,2.6974,2.61,1636952400000000000,331
EVOP,263318,23.81,24.13,24.34,23.7805,1636952400000000000,3607
EVR,755551,157.03,155.32,157.7,154.79,1636952400000000000,6157
EVRG,841053,64.99,65.6,65.64,64.67,1636952400000000000,9992
EVRI,803526,24.54,24.75,24.78,24.32,1636952400000000000,9718
EVT,50002,29.34,29.27,29.52,29.235,1636952400000000000,367
EVTC,143037,44.13,43.78,44.13,43.56,1636952400000000000,2838
EVV,217460,13.2,13.17,13.21,13.17,1636952400000000000,881
EVX,1905,159.4,158.2739,159.4,158.2739,1636952400000000000,126
EW,1699261,116.35,116.69,117.14,115.61,1636952400000000000,21147
EWA,2119632,26.22,26.09,26.23,26.07,1636952400000000000,6501
EWBC,409560,83.65,83.98,84.46,83.28,1636952400000000000,7843
EWC,2426595,40.02,39.9,40.08,39.85,1636952400000000000,7630
EWCO,6791,38.09,38.0533,38.15,38.01,1636952400000000000,87
EWCZ,184747,26.95,27.05,27.71,26.38,1636952400000000000,3513
EWD,178780,48.96,48.65,48.96,48.64,1636952400000000000,1448
EWEB,1467,12.61,12.4899,12.6172,12.45,1636952400000000000,20
EWG,2900789,34.15,33.96,34.2,33.93,1636952400000000000,5162
EWGS,5952,83.55,83.059,84.5,83.059,1636952400000000000,48
EWH,3319161,24.54,24.53,24.55,24.49,1636952400000000000,5175
EWI,320874,34.08,33.85,34.09,33.85,1636952400000000000,1515
EWJ,4211057,70.11,70.02,70.165,69.95,1636952400000000000,17117
EWJE,2212,39.48,39.4624,39.5242,39.45,1636952400000000000,20
EWJV,8968,28.14,28.0843,28.14,28.06,1636952400000000000,51
EWK,9054,22.01,21.88,22.01,21.88,1636952400000000000,44
EWL,1081195,51.13,50.83,51.17,50.795,1636952400000000000,3353
EWM,255663,25.52,25.42,25.52,25.415,1636952400000000000,2496
EWMC,1501,98.62,98.4503,98.62,98.45,1636952400000000000,40
EWN,98087,53.01,52.79,53.1,52.77,1636952400000000000,941
EWO,9428,26.13,25.88,26.13,25.87,1636952400000000000,142
EWP,417811,27.88,27.71,27.905,27.7,1636952400000000000,2202
EWQ,300856,40.26,39.96,40.29,39.94,1636952400000000000,1913
EWRE,8867,40.03,40.26,40.26,39.8827,1636952400000000000,146
EWS,590393,24.17,24.14,24.2362,24.14,1636952400000000000,2943
EWSC,5201,88.2,88.06,88.2001,87.8,1636952400000000000,74
EWT,2975230,65.7,65.46,65.81,65.44,1636952400000000000,16219
EWTX,84947,19.17,19.63,19.735,18.485,1636952400000000000,2395
EWU,1211810,33.55,33.48,33.6,33.45,1636952400000000000,4963
EWUS,5256,47.27,47.15,47.27,47.15,1636952400000000000,64
EWV,10399,12.46,12.4893,12.49,12.46,1636952400000000000,39
EWW,1463937,48.79,48.51,48.855,48.43,1636952400000000000,11847
EWX,13864,61.24,61.02,61.24,60.995,1636952400000000000,194
EWY,2364707,80.34,79.86,80.44,79.745,1636952400000000000,18006
EWZ,7620834,30.91,30.86,31.06,30.71,1636952400000000000,31694
EWZS,90757,15.2,15.21,15.38,15.18,1636952400000000000,389
EXAI,91378,21,19.92,21.6702,19.9,1636952400000000000,842
EXAS,1472446,91.67,89.97,92.77,89.35,1636952400000000000,19343
EXC,3346085,54.45,54.77,54.79,54.03,1636952400000000000,31408
EXD,30605,12.18,12.18,12.25,12.14,1636952400000000000,111
EXEL,1500362,18.0968,18.07,18.29,17.94,1636952400000000000,13680
EXFY,1075792,47.94,45.69,50.83,44.01,1636952400000000000,12542
EXG,693875,10.6,10.51,10.64,10.49,1636952400000000000,3282
EXI,8705,125.73,125.19,125.735,125.19,1636952400000000000,127
EXK,2331389,5.8,5.77,5.815,5.62,1636952400000000000,7629
EXLS,107031,136.86,136.31,137.04,135.28,1636952400000000000,2804
EXN,15403,1.42,1.48,1.48,1.41,1636952400000000000,99
EXP,449289,164.6,161.96,165.69,161.16,1636952400000000000,9920
EXPD,606621,128.29,128.89,128.9,126.975,1636952400000000000,13030
EXPE,1877919,179.16,177.61,179.19,176.5,1636952400000000000,29248
EXPI,617193,45.49,44.72,46.49,44.561,1636952400000000000,10144
EXPO,139515,125.25,123.15,125.26,122.8,1636952400000000000,3926
EXPR,1815085,4.28,4.31,4.39,4.26,1636952400000000000,7930
EXR,445215,197.96,199.93,199.99,195.91,1636952400000000000,9219
EXTN,174457,4.43,4.26,4.43,4.23,1636952400000000000,1191
EXTR,1436244,11.93,11.95,12.098,11.68,1636952400000000000,11034
EYE,986915,50.49,49.36,51.11,49.275,1636952400000000000,16000
EYEN,439001,3.8,3.65,3.8,3.59,1636952400000000000,1595
EYES,510789,2.705,2.72,2.8,2.66,1636952400000000000,2367
EYESW,8255,0.48,0.440501,0.49,0.440501,1636952400000000000,17
EYLD,6225,36.18,35.98,36.2,35.88,1636952400000000000,77
EYPT,16604064,19.25,14.3,21.5,14.0326,1636952400000000000,112325
EZA,193497,48.31,48.42,48.52,48.15,1636952400000000000,1598
EZFL,167970,2.71,2.74,2.78,2.65,1636952400000000000,730
EZGO,136009,3.24,3.14,3.25,3.05,1636952400000000000,654
EZJ,1761,48.92,48.83,49.03,48.75,1636952400000000000,30
EZM,19756,57.15,56.95,57.17,56.88,1636952400000000000,301
EZPW,300753,8.15,8.1,8.18,8.045,1636952400000000000,2505
EZU,1602766,51.125,50.79,51.125,50.76,1636952400000000000,4669
F,84593544,19.46,19.86,19.95,19.14,1636952400000000000,212495
FpB,42263,27.15,27.11,27.2278,27.01,1636952400000000000,310
FpC,45030,26.92,26.84,27.03,26.74,1636952400000000000,211
FA,3407933,19.8,19.36,19.8,18.93,1636952400000000000,17089
FAAR,10693,31.02,31.25,31.25,30.9536,1636952400000000000,158
FAB,2192,75.41,75.4108,75.569,75.41,1636952400000000000,36
FACA,662,9.91,9.9,9.91,9.8601,1636952400000000000,10
FACA.U,375,10.15,10.15,10.15,10.15,1636952400000000000,3
FACA.WS,3777,1.37,1.36,1.37,1.34,1636952400000000000,15
FACT,115,9.72,9.72,9.72,9.72,1636952400000000000,3
FACT.U,230,9.97,9.97,9.97,9.97,1636952400000000000,1
FACT.WS,5736,0.815,0.7889,0.83,0.7889,1636952400000000000,29
FAD,1970,131.13,130.035,131.13,130.035,1636952400000000000,91
FAF,386665,76.14,75.32,76.84,75.25,1636952400000000000,6503
FAIL,4321,21.76,21.74,22,21.74,1636952400000000000,31
FALN,2547625,30.09,30.01,30.14,29.99,1636952400000000000,13400
FAM,37727,10.02,10.03,10.05,10.0001,1636952400000000000,134
FAMI,48645993,0.3419,0.3286,0.3445,0.3213,1636952400000000000,28445
FAN,91802,20.91,20.82,21.1,20.82,1636952400000000000,777
FANG,1705363,109.74,111.17,111.87,106.76,1636952400000000000,26219
FANH,310827,14.42,14.51,14.9,14.1813,1636952400000000000,2097
FAPR,5297,32.26,32.2709,32.3,32.2501,1636952400000000000,14
FARM,48309,8.3,8.03,8.4925,8.03,1636952400000000000,501
FARO,37474,79.01,77.9,79.48,77.23,1636952400000000000,1305
FAS,686962,144.5,143.56,145.68,142.6501,1636952400000000000,8512
FAST,2523248,60.31,60.64,60.68,60.12,1636952400000000000,25582
FAT,51048,11.55,11.4,11.7,11.06,1636952400000000000,598
FATBB,113724,17.17,15.53,17.17,14.1101,1636952400000000000,1417
FATBP,9023,21.56,21.7,22.21,21.47,1636952400000000000,103
FATBW,656,7.585,7.5,7.585,7.1881,1636952400000000000,9
FATE,604938,56.39,53.73,56.86,53.415,1636952400000000000,11519
FATT,1,24.3487,24.3487,24.3487,24.3487,1636952400000000000,1
FAUG,4989,38.4,38.33,38.4,38.26,1636952400000000000,33
FAX,962982,4.18,4.16,4.19,4.1,1636952400000000000,2527
FAZ,645915,18.24,18.37,18.49,18.1077,1636952400000000000,3558
FB,25050635,344.34,347.56,353.65,343.2,1636952400000000000,402756
FBC,284990,48.68,48.71,49.08,48.56,1636952400000000000,4470
FBCG,120242,36.26,35.97,36.26,35.8,1636952400000000000,847
FBCV,18148,29.83,29.69,29.83,29.629,1636952400000000000,214
FBGX,82,852.8687,852.8687,852.8687,852.8687,1636952400000000000,19
FBHS,801051,106.28,106.9,107.5125,105.79,1636952400000000000,13436
FBIO,422464,3.47,3.36,3.509,3.308,1636952400000000000,2715
FBIOP,4110,25.96,26.02,26.075,25.9019,1636952400000000000,33
FBIZ,8628,30.93,31,31.8942,30.93,1636952400000000000,239
FBK,79862,46.83,46.92,47.22,46.61,1636952400000000000,1992
FBMS,35971,42.38,42.13,42.445,41.72,1636952400000000000,576
FBNC,199244,50.55,50.13,50.7,50,1636952400000000000,3179
FBND,257689,53.01,52.87,53.07,52.87,1636952400000000000,1143
FBP,1181018,14.37,14.4,14.51,14.325,1636952400000000000,6924
FBRT,331541,17.1,16.75,17.1,16.66,1636952400000000000,3426
FBRTpE,9376,25.12,25.17,25.17,25.08,1636952400000000000,119
FBRX,254902,3.38,3.33,3.38,3.26,1636952400000000000,1897
FBT,131055,160.51,159.31,160.538,159.18,1636952400000000000,759
FBZ,382,12.16,12.1184,12.16,12.1184,1636952400000000000,16
FC,60202,50.44,49.19,50.44,48.19,1636952400000000000,1319
FCAL,9277,54.7022,54.66,54.71,54.65,1636952400000000000,88
FCAP,2733,41.05,41,41.05,41,1636952400000000000,48
FCAX,20163,9.85,9.85,9.85,9.83,1636952400000000000,244
FCAX.U,988,9.99,9.99,9.99,9.99,1636952400000000000,7
FCAX.WS,993,0.9651,0.9675,0.9675,0.9651,1636952400000000000,6
FCBC,22262,34.105,34.69,34.71,34.09,1636952400000000000,698
FCCO,4879,21.18,21.15,21.58,21.01,1636952400000000000,129
FCCY,4523,25.75,25.74,25.78,25.58,1636952400000000000,90
FCEF,6147,25.86,25.76,25.86,25.76,1636952400000000000,40
FCEL,31673343,11.4,10.77,11.54,10.51,1636952400000000000,120923
FCF,342045,15.87,15.72,16,15.675,1636952400000000000,4040
FCFS,737615,78.64,73.49,79.055,73.06,1636952400000000000,12091
FCG,1117532,18.58,18.78,18.93,18.275,1636952400000000000,3681
FCLD,28760,28.06,27.4005,28.06,27.345,1636952400000000000,480
FCN,220840,146.68,147.01,147.58,145.2,1636952400000000000,4829
FCNCA,31415,838.86,845.52,847.22,836.395,1636952400000000000,2060
FCNCP,5734,27.33,27.03,27.3528,27.03,1636952400000000000,64
FCO,33653,8.48,8.39,8.48,8.35,1636952400000000000,164
FCOM,141201,54.49,54.55,54.88,54.4513,1636952400000000000,654
FCOR,14838,55.3,55.02,55.3,55.02,1636952400000000000,144
FCPI,91592,33.6,33.5,33.6,33.3906,1636952400000000000,399
FCPT,299168,28.48,28.6,28.62,28.3302,1636952400000000000,3876
FCRD,97929,4.75,4.76,4.8298,4.7,1636952400000000000,270
FCRW,237,25.3215,25.3215,25.3215,25.3215,1636952400000000000,1
FCRX,1785,25.84,26.05,26.115,25.8,1636952400000000000,10
FCT,94475,12.12,12.11,12.16,12.09,1636952400000000000,293
FCTR,57566,36.68,36.44,36.68,36.4,1636952400000000000,267
FCUV,129155,8.65,8,9.175,7.91,1636952400000000000,1320
FCVT,27922,53.06,53,53.15,52.95,1636952400000000000,142
FCX,13787804,41.02,40.86,41.235,40.2,1636952400000000000,97101
FDBC,2934,53.25,52.3,53.25,49.9001,1636952400000000000,99
FDD,71033,14.32,14.24,14.32,14.24,1636952400000000000,125
FDEC,4060,34.17,34.16,34.21,34.16,1636952400000000000,25
FDEM,3516,26.58,26.345,26.58,26.29,1636952400000000000,46
FDEU,47316,13.22,13.15,13.2899,13.1,1636952400000000000,202
FDEV,1723,30.105,29.95,30.105,29.93,1636952400000000000,20
FDG,16013,88.5,87.87,88.5,87.49,1636952400000000000,74
FDHT,19855,27.44,27.1728,27.47,27.1609,1636952400000000000,274
FDHY,27090,55.75,55.69,55.75,55.6674,1636952400000000000,268
FDIS,63543,89.85,89.64,90.02,89.335,1636952400000000000,1244
FDIV,679,50.5484,50.5484,50.5484,50.5484,1636952400000000000,25
FDL,181332,34.35,34.4,34.438,34.26,1636952400000000000,831
FDLO,16900,51.22,51.11,51.22,51.01,1636952400000000000,191
FDM,7142,66.33,66.1221,66.4914,65.9785,1636952400000000000,96
FDMO,6900,54.17,53.8379,54.17,53.8,1636952400000000000,89
FDMT,174623,25,23.99,25.05,23.92,1636952400000000000,2911
FDN,148706,248.8,249.21,250.38,248.4001,1636952400000000000,4371
FDNI,9857,43.78,43.985,44.5038,43.73,1636952400000000000,77
FDP,120156,29.24,29.06,29.3391,28.74,1636952400000000000,1955
FDRR,39787,44.4,44.23,44.4,44.1682,1636952400000000000,326
FDRV,111841,30.09,29.62,30.09,29.37,1636952400000000000,1225
FDS,189211,457.16,462.97,463.615,453.46,1636952400000000000,5324
FDT,24310,62.62,62.23,62.62,62.23,1636952400000000000,157
FDTS,1865,48.12,47.86,48.12,45.4928,1636952400000000000,14
FDUS,49994,18.05,17.86,18.18,17.78,1636952400000000000,531
FDVV,85289,39.87,39.78,39.87,39.725,1636952400000000000,891
FDWM,1148,21.74,21.61,21.74,21.61,1636952400000000000,30
FDX,1971121,254.5,252.3,255.25,250.25,1636952400000000000,34558
FE,2255796,39.18,39.45,39.46,38.99,1636952400000000000,19172
FEBZ,0,29.658,29.658,29.658,29.658,1636952400000000000,0
FEDL,2,29.9256,29.9256,29.9256,29.9256,1636952400000000000,2
FEDM,202,52.03,51.8308,52.03,51.8308,1636952400000000000,3
FEDU,65058,1.46,1.44,1.46,1.41,1636952400000000000,471
FEDX,642,28.73,28.7339,28.7339,28.73,1636952400000000000,52
FEHY,1010,49.62,49.59,49.62,49.59,1636952400000000000,11
FEI,181888,7.78,7.79,7.82,7.73,1636952400000000000,724
FEIG,57,48.8011,48.8011,48.8011,48.8011,1636952400000000000,6
FEIM,2343,9.8099,10.1,10.1,9.8,1636952400000000000,45
FELE,152079,93.96,93.14,94.515,92.7,1636952400000000000,2867
FEM,91666,25.95,25.91,26.0825,25.9,1636952400000000000,348
FEMB,17800,32.24,32.15,32.24,32.12,1636952400000000000,103
FEMS,3098,42.2,42.09,42.28,41.92,1636952400000000000,56
FEMY,42775,7.1504,6.86,7.1684,6.8,1636952400000000000,214
FEN,30324,14.44,14.52,14.64,14.44,1636952400000000000,232
FENC,77868,9.63,9.65,9.82,9.5147,1636952400000000000,618
FENG,616686,1.6,1.6,1.61,1.51,1636952400000000000,1600
FENY,776211,15.82,15.94,16.045,15.67,1636952400000000000,2383
FEO,24152,14.3442,14.4421,14.59,14.2185,1636952400000000000,64
FEP,22433,44.26,44.03,44.3,43.95,1636952400000000000,215
FERG,10058,158.43,158.03,159.5,158.03,1636952400000000000,342
FET,19182,20.25,20.17,20.5,20.1,1636952400000000000,308
FEUL,704,117.74,115.5,117.74,113.93,1636952400000000000,8
FEUS,9,54.2153,54.2153,54.2153,54.2153,1636952400000000000,3
FEUZ,3309,47.53,47.4029,47.585,47.29,1636952400000000000,34
FEVR,1266,31.541,31.5389,31.541,31.5201,1636952400000000000,33
FEX,12563,92.86,92.57,92.86,92.49,1636952400000000000,151
FEXDU,24286,10.23,10.23,10.23,10.23,1636952400000000000,14
FEZ,1138725,48.58,48.28,48.58,48.23,1636952400000000000,7269
FF,304889,8.89,8.98,9,8.68,1636952400000000000,2493
FFA,30483,21.31,21.3,21.39,21.16,1636952400000000000,178
FFBC,212077,25.5,25.31,25.53,25.19,1636952400000000000,3467
FFBW,1928,11.97,12,12,11.97,1636952400000000000,15
FFC,89098,22.51,22.48,22.6235,22.45,1636952400000000000,645
FFEB,33999,38.08,38.0604,38.1,38.01,1636952400000000000,50
FFHG,1298,37.95,38.0481,38.0481,37.95,1636952400000000000,11
FFHL,4217,9.6334,9.47,9.77,9.47,1636952400000000000,63
FFIC,166398,24.17,24.05,24.17,23.85,1636952400000000000,981
FFIE,3940973,8.57,9.11,9.22,8.42,1636952400000000000,21147
FFIEW,160536,2.04,2.19,2.25,1.9101,1636952400000000000,488
FFIN,221220,54.82,54.41,54.82,54.07,1636952400000000000,5123
FFIU,763,26.29,26.26,26.29,26.26,1636952400000000000,15
FFIV,372508,228.46,230.97,231.3,228.26,1636952400000000000,8831
FFND,16376,26.83,26.56,26.83,26.455,1636952400000000000,203
FFNW,12855,16.81,17.12,17.16,16.81,1636952400000000000,91
FFR,2629,53.7888,53.7569,53.7888,53.65,1636952400000000000,11
FFSG,2330,38.13,38.165,38.26,38.1274,1636952400000000000,28
FFTG,1058,30.78,30.81,30.9199,30.78,1636952400000000000,10
FFTI,25354,23.96,23.89,23.96,23.86,1636952400000000000,161
FFTY,44926,51.37,50.31,51.37,49.9561,1636952400000000000,532
FFWM,117359,28.91,28.76,28.91,28.58,1636952400000000000,1611
FGB,88065,4.19,4.195,4.24,4.18,1636952400000000000,223
FGBI,6849,22.225,22.58,22.62,22.07,1636952400000000000,161
FGD,40682,25.85,25.79,25.8771,25.75,1636952400000000000,210
FGEN,1390640,12.07,12.21,12.45,11.96,1636952400000000000,8367
FGF,168173,4.11,3.96,4.151,3.96,1636952400000000000,605
FGFPP,3658,25.18,25.2104,25.255,25.15,1636952400000000000,22
FGM,531,56.5,56.45,56.5,56.45,1636952400000000000,27
FGRO,23236,22.5,22.3,22.5,22.2091,1636952400000000000,229
FHB,398553,28.67,28.53,28.84,28.33,1636952400000000000,5700
FHI,501453,35.96,35.71,36.01,35.39,1636952400000000000,5494
FHLC,95518,66.82,66.22,66.82,66.16,1636952400000000000,1800
FHLTU,17408,9.9978,9.9978,10,9.99,1636952400000000000,50
FHN,2466031,17.29,17.23,17.35,17.18,1636952400000000000,15669
FHNpB,3393,27.75,27.85,27.85,27.75,1636952400000000000,27
FHNpD,4991,26.79,26.6,26.8,26.55,1636952400000000000,60
FHNpE,3470,27.8155,27.71,27.93,27.6151,1636952400000000000,47
FHNpF,11454,25.4531,25.3,25.475,25.3,1636952400000000000,133
FHS,176918,2.73,2.48,2.8096,2.48,1636952400000000000,738
FHTX,50872,14.6,13.63,14.6,13.405,1636952400000000000,1005
FIACU,2566,10.09,10.08,10.09,10.08,1636952400000000000,105
FIBK,274774,43.31,43.65,43.67,43.09,1636952400000000000,4244
FIBR,7157,99.735,99.64,99.735,99.5701,1636952400000000000,64
FICO,442019,376.21,390.66,394.5,376.21,1636952400000000000,12062
FICS,2173,36.2,36.1003,36.38,36.08,1636952400000000000,17
FICV,2719,9.71,9.71,9.71,9.7098,1636952400000000000,22
FICVW,200,0.65,0.639899,0.65,0.639899,1636952400000000000,2
FID,6346,17.951,17.9133,17.9789,17.89,1636952400000000000,47
FIDI,9981,21.22,21.135,21.22,21.12,1636952400000000000,123
FIDU,53307,57.61,57.31,57.61,57.255,1636952400000000000,629
FIEE,1058,209.72,206.6392,209.73,206.6392,1636952400000000000,11
FIF,52179,13.65,13.7,13.76,13.56,1636952400000000000,246
FIGB,2202,50.02,50.065,50.0949,50.02,1636952400000000000,31
FIGS,2804577,34.91,33.72,35.2,33.48,1636952400000000000,22556
FIHD,91,231.651,231.651,231.651,231.651,1636952400000000000,3
FILL,32430,18.64,18.83,18.8706,18.58,1636952400000000000,131
FINM,29692,9.75,9.76,9.76,9.75,1636952400000000000,161
FINMU,47593,10.02,10.01,10.03,10,1636952400000000000,142
FINMW,44901,0.852,0.8115,0.852,0.8115,1636952400000000000,45
FINS,116493,16.83,16.66,16.83,16.63,1636952400000000000,624
FINV,883280,7.22,6.69,7.33,6.69,1636952400000000000,5668
FINX,197933,51.39,50.74,51.39,50.64,1636952400000000000,3014
FIS,3440634,117.44,115.67,117.56,115.441,1636952400000000000,36010
FISI,25597,33.16,33.25,33.34,32.655,1636952400000000000,626
FISK,1950,10.38,10.685,10.685,10.38,1636952400000000000,7
FISR,23593,31.17,30.97,31.17,30.94,1636952400000000000,132
FISV,3672786,100.76,101.84,102.381,100.75,1636952400000000000,48668
FITB,3040048,44.28,44.62,44.94,44.18,1636952400000000000,31788
FITBI,9386,28.38,28.23,28.48,28.21,1636952400000000000,139
FITBO,17994,26.43,26.24,26.43,26.11,1636952400000000000,167
FITBP,4666,26.21,26.21,26.31,26.21,1636952400000000000,58
FITE,2346,54.81,54.7571,54.81,54.755,1636952400000000000,35
FIV,28554,9.73,9.72,9.73,9.72,1636952400000000000,65
FIVA,4399,24.71,24.6108,24.752,24.5901,1636952400000000000,37
FIVE,354010,211.33,211.65,214.48,209.94,1636952400000000000,9022
FIVG,58241,40.84,40.62,40.84,40.4218,1636952400000000000,1368
FIVN,721385,160.23,161.72,163.1,159,1636952400000000000,12068
FIW,82100,94.28,93.47,94.28,93.33,1636952400000000000,1495
FIX,106809,100.77,100.65,101,99.97,1636952400000000000,2495
FIXD,393638,53.46,53.1,53.46,53.09,1636952400000000000,1761
FIXX,550142,5.77,5.49,5.85,5.4715,1636952400000000000,5715
FIZZ,141956,62.35,63.25,63.33,62.08,1636952400000000000,3752
FJAN,4689,33.91,33.8997,33.94,33.85,1636952400000000000,29
FJP,302,51.68,51.7693,51.7693,51.68,1636952400000000000,15
FJUL,8074,36.19,36.2,36.25,36.18,1636952400000000000,27
FJUN,1295,37.71,37.6366,37.71,37.5801,1636952400000000000,8
FKU,17262,43.74,43.595,43.775,43.47,1636952400000000000,65
FKWL,169803,4.17,4.57,4.72,4.15,1636952400000000000,889
FL,1546216,55.89,55.53,56.3,55.14,1636952400000000000,19539
FLAC,100,9.801,9.801,9.801,9.801,1636952400000000000,1
FLACW,21068,0.7601,0.703,0.7601,0.68,1636952400000000000,65
FLAG,501,9.81,9.81,9.81,9.81,1636952400000000000,6
FLAG.U,500,10.56,10.56,10.56,10.56,1636952400000000000,6
FLAG.WS,4600,0.634,0.58,0.634,0.58,1636952400000000000,4
FLAU,1175,30.98,30.7616,30.98,30.7616,1636952400000000000,26
FLAX,342,27.74,27.6291,27.74,27.6291,1636952400000000000,9
FLBL,8314,25.03,25.035,25.0599,25.025,1636952400000000000,43
FLBR,7246,19.31,19.22,19.37,19.22,1636952400000000000,59
FLC,12121,23.83,23.74,23.8731,23.62,1636952400000000000,114
FLCA,1900,35.81,35.63,35.81,35.63,1636952400000000000,33
FLCB,54062,25.205,25.16,25.205,25.15,1636952400000000000,70
FLCH,26469,27.93,27.6889,27.94,27.66,1636952400000000000,186
FLCO,21481,25.91,25.78,25.91,25.78,1636952400000000000,55
FLDM,642963,5,4.76,5,4.705,1636952400000000000,4588
FLDR,4057,50.79,50.745,50.79,50.7414,1636952400000000000,49
FLEE,5626,30,29.83,30,29.83,1636952400000000000,34
FLEH,5504,29.4301,29.5162,29.56,29.4301,1636952400000000000,24
FLEX,3958429,19.07,18.96,19.32,18.92,1636952400000000000,17817
FLFR,106,32.25,32.1791,32.25,32.1791,1636952400000000000,3
FLGB,57616,25.44,25.35,25.48,25.32,1636952400000000000,174
FLGC,1039385,5.2,4.75,5.6092,4.64,1636952400000000000,6152
FLGE,280,847.9345,847.9345,847.9345,847.9345,1636952400000000000,46
FLGR,602,26.6927,26.5266,26.6927,26.5266,1636952400000000000,7
FLGT,607713,89.26,93.44,94.45,89.26,1636952400000000000,12498
FLGV,15097,23.91,23.91,23.9499,23.9,1636952400000000000,13
FLHK,2702,26.09,26.1825,26.2394,26.09,1636952400000000000,18
FLHY,7714,26.22,26.2235,26.25,26.2,1636952400000000000,36
FLIA,11627,25.0901,25.08,25.095,25.07,1636952400000000000,59
FLIC,46551,21.8,21.83,21.9,21.64,1636952400000000000,660
FLIN,6292,34.03,33.9877,34.03,33.97,1636952400000000000,63
FLIY,125,28.5445,28.5445,28.5445,28.5445,1636952400000000000,10
FLJH,2140,32.6,32.6902,32.6902,32.55,1636952400000000000,22
FLJP,71892,30.72,30.65,30.72,30.63,1636952400000000000,377
FLKR,6203,28.7,28.4161,28.7,28.4161,1636952400000000000,83
FLL,144839,10.84,10.7,10.88,10.6,1636952400000000000,1937
FLLA,316,21.54,21.4636,21.54,21.4636,1636952400000000000,7
FLLV,3865,49.9974,49.93,49.9974,49.905,1636952400000000000,34
FLM,92,55.92,55.92,55.92,55.92,1636952400000000000,5
FLMB,738,27.04,27.035,27.04,27.035,1636952400000000000,6
FLME,97204,9.78,9.77,9.78,9.76,1636952400000000000,218
FLME.WS,11000,0.68,0.69,0.69,0.68,1636952400000000000,6
FLMI,1310,26.71,26.7,26.7219,26.7,1636952400000000000,7
FLMN,942759,5.64,5.52,5.64,5.22,1636952400000000000,6314
FLMNW,31107,0.165,0.1599,0.171079,0.1503,1636952400000000000,19
FLMX,1479,24.3902,24.3494,24.3902,24.29,1636952400000000000,12
FLN,250,17.46,17.46,17.46,17.46,1636952400000000000,11
FLNC,523976,38.13,37.61,39.4,37.38,1636952400000000000,5986
FLNG,154881,20.83,21.11,21.2,20.5,1636952400000000000,1302
FLNT,190531,2.55,2.58,2.72,2.55,1636952400000000000,1506
FLO,2782179,26.39,27.04,27.62,26.29,1636952400000000000,23769
FLOT,555297,50.79,50.8,50.8,50.79,1636952400000000000,1658
FLOW,202668,80.64,79.66,80.87,79.38,1636952400000000000,2750
FLQD,532,36.36,36.2022,36.39,36.2022,1636952400000000000,19
FLQE,3,31.1461,31.1461,31.1461,31.1461,1636952400000000000,3
FLQG,138,41.5021,41.4696,41.5021,41.4696,1636952400000000000,2
FLQH,983,29.12,29.1311,29.1311,29.09,1636952400000000000,8
FLQL,28148,45.98,45.84,45.98,45.78,1636952400000000000,147
FLQM,6455,48.01,47.8478,48.05,47.83,1636952400000000000,59
FLQS,402,41.64,41.6634,41.6634,41.61,1636952400000000000,6
FLR,2906159,23.095,23.63,23.88,22.68,1636952400000000000,24503
FLRG,3132,26.85,26.6692,26.85,26.66,1636952400000000000,37
FLRN,354471,30.62,30.64,30.64,30.62,1636952400000000000,740
FLRT,2104,49.09,49.085,49.09,49.085,1636952400000000000,23
FLRU,6717,33.78,33.73,33.78,33.5452,1636952400000000000,92
FLS,480635,34.29,33.63,34.29,33.59,1636952400000000000,5273
FLSA,1310,37.36,37.3619,37.46,37.31,1636952400000000000,13
FLSP,1200,21,21.0056,21.0056,20.99,1636952400000000000,2
FLSW,1298,35.21,34.9956,35.21,34.9956,1636952400000000000,28
FLT,741855,243.9,241.64,245.145,240.63,1636952400000000000,12609
FLTB,21074,51.85,51.82,51.89,51.59,1636952400000000000,163
FLTR,397069,25.31,25.33,25.34,25.31,1636952400000000000,595
FLTW,4842,45.81,45.6922,45.89,45.6922,1636952400000000000,34
FLUD,12,24.81,24.81,24.81,24.81,1636952400000000000,2
FLUX,98988,6.25,6.21,6.25,6,1636952400000000000,876
FLV,3205,61.62,61.569,61.62,61.49,1636952400000000000,28
FLWS,358668,35.49,35.26,35.53,34.94,1636952400000000000,6972
FLXN,896362,9.18,9.16,9.2,9.14,1636952400000000000,4970
FLXS,23431,30.265,29.45,30.265,29,1636952400000000000,534
FLYA,35912,10.04,10.05,10.08,10.03,1636952400000000000,92
FLYA.U,51600,10.27,10.26,10.295,10.25,1636952400000000000,139
FLYA.WS,16594,0.692,0.68,0.7,0.64,1636952400000000000,93
FLYT,14,50.1437,50.1437,50.1437,50.1437,1636952400000000000,9
FLYW,960394,44.43,43.41,45.54,42.23,1636952400000000000,15769
FLZA,388,26.1668,26.1225,26.1668,26.1225,1636952400000000000,6
FM,70108,36.15,36.08,36.265,36,1636952400000000000,614
FMAC,38336,9.88,9.89,9.9,9.86,1636952400000000000,251
FMAC.U,1653,10.3,10.31,10.31,10.3,1636952400000000000,10
FMAC.WS,240622,1.3199,1.3,1.32,1.26,1636952400000000000,797
FMAG,25208,25.3,25.18,25.31,25.13,1636952400000000000,196
FMAO,10307,26.2,25.98,26.34,25.81,1636952400000000000,466
FMAR,9816,32.93,32.8889,32.93,32.885,1636952400000000000,69
FMAT,62788,50.55,50.14,50.55,49.9991,1636952400000000000,866
FMAY,3029,37.88,37.92,37.92,37.88,1636952400000000000,15
FMB,147883,56.87,56.86,56.8999,56.8449,1636952400000000000,1027
FMBH,14166,44.85,44.94,45,44.64,1636952400000000000,374
FMBI,362536,20.7,20.77,20.87,20.67,1636952400000000000,4375
FMBIO,5412,28.23,28.19,28.23,27.97,1636952400000000000,76
FMBIP,10284,28.12,28.24,28.24,28,1636952400000000000,80
FMC,642506,106.08,106.35,107.3399,105.3,1636952400000000000,11073
FMF,5717,47.39,47.54,48.17,47.39,1636952400000000000,75
FMHI,20763,55.95,55.98,56.052,55.95,1636952400000000000,99
FMIL,9408,30.27,30.17,30.29,30.14,1636952400000000000,118
FMIV,2678,9.7706,9.79,9.8,9.7706,1636952400000000000,34
FMIVW,12200,1.34,1.19,1.34,1.19,1636952400000000000,96
FMN,16104,15.21,15.08,15.23,15,1636952400000000000,86
FMNB,52640,18.15,18.43,18.5,18.15,1636952400000000000,985
FMNY,0,30.1348,30.1348,30.1348,30.1348,1636952400000000000,0
FMO,18057,11.4,11.42,11.49,11.36,1636952400000000000,107
FMQQ,5764,25.48,25.5759,25.68,25.48,1636952400000000000,29
FMS,175418,33.05,32.96,33.21,32.93,1636952400000000000,2260
FMTX,281072,19.74,18.25,19.74,18.02,1636952400000000000,3318
FMX,140194,80.64,79.98,80.705,79.98,1636952400000000000,2230
FMY,4057,13.46,13.4898,13.4898,13.41,1636952400000000000,29
FN,145767,121.74,118.99,122.15,118.41,1636952400000000000,2903
FNA,187278,23.15,22.26,23.535,22.02,1636952400000000000,3221
FNB,1724531,12.7,12.7,12.77,12.6,1636952400000000000,10735
FNBpE,3287,27.8448,27.65,27.94,27.62,1636952400000000000,79
FNCB,3056,8.97,8.9,8.99,8.9,1636952400000000000,118
FNCH,111950,15.14,14.54,15.38,14.33,1636952400000000000,2341
FNCL,97915,58.15,57.96,58.29,57.89,1636952400000000000,1263
FND,448792,132.16,130,132.89,129.87,1636952400000000000,7968
FNDA,186327,57.78,57.63,57.78,57.4546,1636952400000000000,712
FNDB,14234,57.87,57.7402,57.8896,57.7,1636952400000000000,144
FNDC,131385,39.52,39.34,39.52,39.33,1636952400000000000,392
FNDE,695259,32.77,32.7,32.785,32.66,1636952400000000000,1523
FNDF,741812,33.88,33.75,33.89,33.72,1636952400000000000,3395
FNDX,270674,58.26,58.17,58.29,58.07,1636952400000000000,867
FNF,727265,51.01,51.07,51.84,50.85,1636952400000000000,9639
FNGD,4728693,1.73,1.74,1.79,1.7133,1636952400000000000,2965
FNGG,13434,33.02,32.4652,33.04,32.0301,1636952400000000000,179
FNGO,8802,54.5,54.1599,54.5,53.66,1636952400000000000,128
FNGS,16096,34.53,34.39,34.53,34.211,1636952400000000000,163
FNGU,1035733,46.9,46.41,47.27,45.3,1636952400000000000,13929
FNGZ,16,2.2949,2.2949,2.2949,2.2949,1636952400000000000,5
FNHC,190937,1.88,1.74,1.93,1.71,1636952400000000000,823
FNI,17030,56.63,55.873,56.63,55.873,1636952400000000000,49
FNK,25159,48.17,48.01,48.1707,47.94,1636952400000000000,139
FNKO,337147,17.81,18.18,18.39,17.81,1636952400000000000,4298
FNLC,17672,30.85,30.96,31.14,30.51,1636952400000000000,254
FNOV,63622,38.6,38.56,38.62,38.481,1636952400000000000,119
FNV,636546,149.11,147.63,149.615,147.385,1636952400000000000,12562
FNVTU,35380,10.1,10.1098,10.11,10.095,1636952400000000000,67
FNWB,2049,18.99,19.03,19.03,18.99,1636952400000000000,55
FNWD,1132,46,46.79,46.79,46,1636952400000000000,29
FNX,14960,107.15,106.76,107.35,106.5501,1636952400000000000,264
FNY,20008,78.94,78.66,78.94,78.37,1636952400000000000,166
FOA,257598,5.78,5.64,5.78,5.5,1636952400000000000,2448
FOA.WS,16964,0.6965,0.698831,0.7765,0.68505,1636952400000000000,44
FOCS,274435,67.8,68,68.63,67.2,1636952400000000000,4167
FOCT,37821,35.44,35.36,35.44,35.33,1636952400000000000,263
FOE,609498,21.41,21.39,21.43,21.37,1636952400000000000,2959
FOF,40792,14.47,14.52,14.56,14.45,1636952400000000000,289
FOLD,3904576,11.85,11.51,12.22,11.46,1636952400000000000,26084
FOMO,1189,26.27,26.142,26.27,26.142,1636952400000000000,35
FONR,24537,18.75,18.6,18.94,18.02,1636952400000000000,281
FOR,85083,21.95,21.34,22.1,21.33,1636952400000000000,893
FORA,73897,10.49,10,10.52,9.79,1636952400000000000,907
FORD,150068,2.21,2.13,2.24,2.1,1636952400000000000,526
FORE,19856,9.97,9.9563,9.97,9.93,1636952400000000000,115
FOREU,2001,10.24,10.03,10.24,10.03,1636952400000000000,8
FOREW,11055,1.5001,1.5,1.5101,1.5,1636952400000000000,28
FORG,803064,31.29,28.01,31.7,27.75,1636952400000000000,7902
FORH,2286,25.33,25.3842,25.3842,25.33,1636952400000000000,30
FORM,354215,43.06,42.66,43.3956,41.97,1636952400000000000,4831
FORR,96145,58.31,58.86,59.34,57.76,1636952400000000000,1575
FORTY,6919,122.8,125.78,125.78,121.24,1636952400000000000,84
FOSL,1035421,17.3,16.44,17.7191,16.39,1636952400000000000,12060
FOSLL,49976,25.4,25.35,25.4,25.29,1636952400000000000,330
FOUNU,1000391,10.06,10.08,10.08,10.06,1636952400000000000,4
FOUR,1426710,69,70.92,71.44,68.67,1636952400000000000,14139
FOVL,1374,59.4599,59.0805,59.4599,59.03,1636952400000000000,36
FOX,725871,38.17,38.42,38.93,38.17,1636952400000000000,9278
FOXA,2241483,41.16,41.27,41.84,41.08,1636952400000000000,25417
FOXF,120430,184.88,187.93,187.94,182.09,1636952400000000000,4290
FOXW,9100,9.93,9.92,9.93,9.92,1636952400000000000,27
FOXWW,2013,0.5,0.5,0.5,0.4957,1636952400000000000,4
FPAC,1340024,10.84,10.96,11,10.65,1636952400000000000,5828
FPAC.U,1484,11.73,11.88,11.88,11.7,1636952400000000000,16
FPAC.WS,131764,2.95,2.92,3.01,2.79,1636952400000000000,575
FPAY,245410,2.67,2.69,2.7157,2.55,1636952400000000000,609
FPE,1284880,20.49,20.43,20.4998,20.42,1636952400000000000,2188
FPEI,36888,20.58,20.57,20.58,20.55,1636952400000000000,152
FPF,65712,25.1,25.07,25.16,24.94,1636952400000000000,413
FPFD,52637,25.27,25.1,25.27,25.1,1636952400000000000,314
FPH,122924,6.84,6.56,6.84,6.52,1636952400000000000,1188
FPI,297197,12.55,12.77,12.78,12.43,1636952400000000000,2945
FPL,68586,5.82,5.84,5.87,5.79,1636952400000000000,230
FPRO,7403,25.6,25.7,25.7,25.52,1636952400000000000,91
FPX,50109,134.78,133.5253,134.78,133.06,1636952400000000000,585
FPXE,5374,32.7586,32.658,32.76,32.65,1636952400000000000,16
FPXI,74492,65.61,65.495,65.75,65.31,1636952400000000000,703
FQAL,11709,54.89,54.4878,54.89,54.4878,1636952400000000000,120
FR,615442,60.61,61.02,61.04,60.28,1636952400000000000,6401
FRA,245680,13.71,13.6,13.72,13.51,1636952400000000000,830
FRAF,1576,32.22,32.1,32.25,32.1,1636952400000000000,35
FRBA,19690,15.41,15.44,15.48,15.2264,1636952400000000000,311
FRBK,172760,3.52,3.48,3.57,3.42,1636952400000000000,976
FRC,483135,219.52,219.76,220.75,218.58,1636952400000000000,8519
FRCpH,3506,25.6864,25.68,25.6864,25.59,1636952400000000000,87
FRCpI,29212,26.37,26.4,26.47,26.35,1636952400000000000,272
FRCpJ,10597,26.6217,26.5722,26.65,26.53,1636952400000000000,159
FRCpK,22535,24.77,24.66,24.77,24.59,1636952400000000000,197
FRCpL,35506,24.9,24.7,24.9,24.63,1636952400000000000,166
FRCpM,235788,24.05,24.0059,24.1,23.95,1636952400000000000,444
FRD,31103,13.85,13.9755,14.09,13.75,1636952400000000000,353
FRDM,19420,34,33.76,34,33.644,1636952400000000000,149
FREE,106637,12.37,12.44,12.5,12.24,1636952400000000000,1451
FREEW,44711,1.68,1.68,1.73,1.64,1636952400000000000,254
FREL,300011,32.72,32.94,32.96,32.64,1636952400000000000,2156
FREQ,176864,6.26,6.44,6.45,6.145,1636952400000000000,2186
FREY,3889924,10.92,12.2,12.83,10.55,1636952400000000000,16997
FREY.WS,661520,3.8,4.12,4.15,3.58,1636952400000000000,1892
FRG,176922,44.68,44.96,45.25,44.23,1636952400000000000,4349
FRGAP,6866,27.05,27.0424,27.19,27,1636952400000000000,39
FRGI,77309,10.81,11.36,11.36,10.81,1636952400000000000,1477
FRHC,227439,70.1,70.19,70.41,69.4,1636952400000000000,3272
FRI,51311,31.12,31.32,31.35,31.0446,1636952400000000000,196
FRLAU,63353,10.05,10.07,10.075,10.05,1636952400000000000,306
FRLG,1018,380,366.3856,380,366.3856,1636952400000000000,10
FRLN,134155,3.07,2.98,3.15,2.95,1636952400000000000,714
FRME,134031,42.9,42.89,43.3,42.67,1636952400000000000,2416
FRNW,48841,28.9,28.15,28.9,28.085,1636952400000000000,521
FRO,1546779,8.2,7.99,8.225,7.99,1636952400000000000,9604
FROG,919509,36.93,36.01,36.98,35.88,1636952400000000000,12905
FRON,3564,9.85,9.8999,9.9,9.81,1636952400000000000,46
FRONU,14593,10.6366,10.005,10.6366,9.97,1636952400000000000,42
FRPH,7289,59.69,60.61,64.18,59.69,1636952400000000000,197
FRPT,300582,124.41,126.06,126.365,122.045,1636952400000000000,7789
FRSG,948536,10.08,10.125,10.22,10.08,1636952400000000000,4157
FRSGU,109206,10.65,10.6,10.8,10.57,1636952400000000000,635
FRSGW,483120,1.92,1.85,1.92,1.69,1636952400000000000,2833
FRSH,1893240,38,34.7,38.49,34.59,1636952400000000000,19398
FRST,71048,16.01,15.98,16.0909,15.95,1636952400000000000,745
FRSX,1714865,2.94,2.98,2.99,2.8701,1636952400000000000,6203
FRT,394110,128.48,129.11,129.17,127.86,1636952400000000000,5759
FRTpC,4382,25.58,25.55,25.63,25.54,1636952400000000000,90
FRTA,132899,23.68,23.82,23.87,23.68,1636952400000000000,1877
FRTY,10100,25.47,24.6,25.47,24.3956,1636952400000000000,66
FRW,89359,9.78,9.77,9.78,9.77,1636952400000000000,7
FRWAU,208,9.92,9.92,9.92,9.92,1636952400000000000,11
FRXB.U,838,9.92,9.92,9.9354,9.92,1636952400000000000,14
FRXB.WS,11686,0.921,0.94,0.94,0.92,1636952400000000000,20
FSBC,29773,28.43,28.35,28.43,28.27,1636952400000000000,606
FSBW,11434,35.52,35.62,35.62,34.865,1636952400000000000,234
FSD,108463,15.82,15.79,15.83,15.76,1636952400000000000,607
FSEA,6780,9.8,9.89,9.89,9.7711,1636952400000000000,44
FSEC,105,49.3299,49.3299,49.3299,49.3299,1636952400000000000,7
FSEP,10361,35.67,35.64,35.67,35.6201,1636952400000000000,85
FSFG,8057,27.61,27.7,27.7,27.22,1636952400000000000,192
FSI,63126,3.61,3.82,3.82,3.61,1636952400000000000,187
FSII,41681,12.63,12.79,12.8,12.45,1636952400000000000,41
FSK,2430127,21.97,21.59,21.9937,21.515,1636952400000000000,11852
FSLR,1214997,111.4008,112.31,112.32,109.14,1636952400000000000,24684
FSLY,2454751,50.77,49.6,51.03,49.285,1636952400000000000,24966
FSM,16795207,3.89,4,4.04,3.74,1636952400000000000,33708
FSMB,24798,20.85,20.86,20.86,20.85,1636952400000000000,45
FSMD,9230,36.77,36.46,36.77,36.41,1636952400000000000,120
FSMO,21107,25.16,24.96,25.16,24.93,1636952400000000000,110
FSNB.U,587,10,10,10,10,1636952400000000000,8
FSNB.WS,7551,0.7,0.7101,0.73,0.690001,1636952400000000000,24
FSP,713861,6.12,6.11,6.18,6.0725,1636952400000000000,4946
FSR,10963546,21.24,21.59,21.8,20.35,1636952400000000000,62778
FSRX,13490,9.74,9.72,9.75,9.72,1636952400000000000,103
FSRXU,15300,9.91,9.91,9.935,9.9,1636952400000000000,166
FSRXW,3674,0.8,0.81,0.81,0.8,1636952400000000000,75
FSS,225060,48.66,47.97,48.88,47.69,1636952400000000000,3647
FSSI,6413,9.77,9.77,9.78,9.77,1636952400000000000,33
FSSIU,3166,10.1,10.12,10.12,10.095,1636952400000000000,29
FSSIW,479244,0.6815,0.73,0.73,0.68,1636952400000000000,175
FSST,6453,22.69,22.5495,22.69,22.5495,1636952400000000000,62
FST,64436,12.23,12.15,12.5,12.07,1636952400000000000,504
FST.U,100,15.1866,15.1866,15.1866,15.1866,1636952400000000000,1
FST.WS,7725,6.4,6.2,6.45,6.1,1636952400000000000,79
FSTA,62806,44.48,44.57,44.61,44.375,1636952400000000000,736
FSTR,29548,16.75,17.14,17.22,16.75,1636952400000000000,445
FSTX,152521,6.43,6.65,6.83,6.35,1636952400000000000,1028
FSV,34282,196.01,194.32,196.26,194,1636952400000000000,754
FSZ,372,71.57,71.57,71.57,71.57,1636952400000000000,26
FT,34746,8.27,8.22,8.27,8.2,1636952400000000000,150
FTA,32500,69,68.94,69.14,68.84,1636952400000000000,346
FTAA,113741,9.93,9.94,9.95,9.93,1636952400000000000,311
FTAAU,278,10.24,10.35,10.35,10.24,1636952400000000000,3
FTAAW,26233,1.94,1.71,1.94,1.64,1636952400000000000,113
FTAG,1716,31.07,31.03,31.08,31.03,1636952400000000000,18
FTAI,545058,25.53,25.32,25.88,25.27,1636952400000000000,4085
FTAIpA,5310,26.17,26.08,26.2,26.08,1636952400000000000,57
FTAIpB,2537,26,25.82,26,25.82,1636952400000000000,33
FTAIpC,9398,26.55,26.41,26.6,26.39,1636952400000000000,112
FTC,29837,123.39,122.72,123.39,122.47,1636952400000000000,419
FTCH,5868600,46.14,45.91,46.26,45.05,1636952400000000000,51950
FTCI,1914891,10.575,10.8,11.2,10.575,1636952400000000000,13906
FTCS,226466,81.63,81.35,81.63,81.1978,1636952400000000000,1768
FTCV,526426,10.55,10.48,10.6499,10.4201,1636952400000000000,2316
FTCVU,1070,11.4,11.44,11.9123,11.4,1636952400000000000,36
FTCVW,40586,3.03,2.98,3.19,2.89,1636952400000000000,260
FTDR,880492,36.86,38.03,38.415,36.86,1636952400000000000,8415
FTEC,196119,133.34,132.63,133.37,131.88,1636952400000000000,3404
FTEK,990246,2.21,2.14,2.27,2.04,1636952400000000000,4316
FTEV,6826,9.73,9.735,9.735,9.73,1636952400000000000,78
FTEV.U,1703,9.98,9.95,9.98,9.95,1636952400000000000,9
FTEV.WS,112,0.765,0.765,0.765,0.765,1636952400000000000,3
FTF,151531,9.18,9.12,9.2,9.1,1636952400000000000,527
FTFT,1034020,1.95,1.91,2.02,1.89,1636952400000000000,4497
FTGC,438488,25.11,25.19,25.21,25.02,1636952400000000000,1428
FTHI,711,22.66,22.7273,22.7273,22.6501,1636952400000000000,13
FTHM,75137,27.81,24.93,27.81,24.44,1636952400000000000,1042
FTHY,82031,20.87,20.72,20.9622,20.67,1636952400000000000,270
FTI,4156746,6.86,6.88,6.935,6.735,1636952400000000000,16302
FTK,275455,1.02,0.9801,1.05,0.9642,1636952400000000000,805
FTLB,323,22.26,22.2843,22.2843,22.26,1636952400000000000,3
FTLS,39268,51.65,51.54,51.65,51.5,1636952400000000000,176
FTNT,738514,344.7523,335.13,344.7523,331.79,1636952400000000000,24293
FTPA,500,9.75,9.75,9.75,9.75,1636952400000000000,1
FTRI,8890,13.11,13.16,13.209,13.11,1636952400000000000,73
FTRP,94954,5.09,5.01,5.18,4.9472,1636952400000000000,924
FTS,741729,44.75,45.1,45.11,44.75,1636952400000000000,3506
FTSD,12762,94.25,94.255,94.269,94.25,1636952400000000000,95
FTSI,125862,26.27,26.44,26.4509,26.1,1636952400000000000,1161
FTSL,282980,48.02,47.96,48.02,47.95,1636952400000000000,1196
FTSM,345924,59.8736,59.87,59.89,59.87,1636952400000000000,1640
FTV,1771354,78.48,78.03,78.86,77.86,1636952400000000000,15173
FTVIU,13652,10.01,10,10.01,10,1636952400000000000,155
FTXD,3718,38.18,38.2673,38.62,38.18,1636952400000000000,61
FTXG,1306,25.6,25.84,25.86,25.6,1636952400000000000,32
FTXH,1144,27.13,27,27.13,27,1636952400000000000,36
FTXL,5760,78.04,77.039,78.04,76.72,1636952400000000000,139
FTXN,17696,20.8,20.96,21.15,20.59,1636952400000000000,151
FTXO,26782,35.08,34.95,35.11,34.92,1636952400000000000,295
FTXR,34894,35.85,35.96,35.96,35.565,1636952400000000000,286
FUBO,7401675,24.61,24.55,25.3,24.37,1636952400000000000,59267
FUE,12,9.975,9.975,9.975,9.975,1636952400000000000,3
FUL,243221,78.81,78.99,79.01,77.75,1636952400000000000,4639
FULC,334826,18.85,17.86,18.85,17.8,1636952400000000000,4129
FULT,624492,16.92,16.87,16.95,16.76,1636952400000000000,6627
FULTP,9791,26.14,25.84,26.14,25.84,1636952400000000000,68
FUMB,17168,20.149,20.15,20.15,20.14,1636952400000000000,68
FUN,181995,47.1,46.79,47.6299,46.51,1636952400000000000,2673
FUNC,3510,20.17,20.02,20.4899,19.86,1636952400000000000,58
FUND,33078,9.18,9.17,9.21,9.1592,1636952400000000000,185
FUNL,2955,35.5,35.3993,35.5,35.3993,1636952400000000000,14
FURY,355042,0.7726,0.755,0.775,0.7229,1636952400000000000,622
FUSN,10338,6.47,6.43,6.6016,6.42,1636952400000000000,98
FUT,104,40.8453,40.8453,40.8453,40.8453,1636952400000000000,6
FUTU,4342790,59.5,61.24,62.85,58.1,1636952400000000000,48360
FUTY,106432,43.44,43.8,43.8,43.355,1636952400000000000,1005
FUV,1125347,11.55,11.39,11.6778,10.75,1636952400000000000,8183
FV,65012,51.34,51.21,51.38,50.99,1636952400000000000,506
FVAL,42109,51.49,51.31,51.49,51.27,1636952400000000000,291
FVC,8877,39.375,39.2688,39.3757,39.14,1636952400000000000,89
FVCB,6161,20.47,20.77,20.77,20.47,1636952400000000000,129
FVD,2651432,41.88,41.95,41.95,41.81,1636952400000000000,3268
FVE,113975,4.05,4.01,4.05,3.9161,1636952400000000000,1042
FVIV,34880,9.83,9.8,9.83,9.785,1636952400000000000,42
FVIV.U,370,9.97,9.97,9.97,9.97,1636952400000000000,9
FVIV.WS,5900,1,1.02,1.02,1,1636952400000000000,16
FVRR,641642,193.35,183.87,194.475,182.51,1636952400000000000,19601
FVT,22401,9.79,9.8,9.8016,9.785,1636952400000000000,126
FVT.U,17540,9.96,10,10,9.96,1636952400000000000,258
FVT.WS,1898,1.06,1.08,1.08,1.06,1636952400000000000,61
FWAC,38796,9.91,9.91,9.9101,9.91,1636952400000000000,104
FWBI,231967,2.38,2.31,2.38,2.27,1636952400000000000,1009
FWONA,146079,54.22,54.19,54.415,53.61,1636952400000000000,1825
FWONK,542846,58.72,59.63,59.63,58.395,1636952400000000000,8573
FWP,12009,6.67,6.77,6.78,6.48,1636952400000000000,149
FWRD,96414,106.65,106.11,106.65,105.7,1636952400000000000,3102
FWRG,203280,20.43,20.38,20.455,19.7816,1636952400000000000,2594
FXA,18815,73.05,72.9116,73.08,72.9116,1636952400000000000,102
FXB,3816,129.365,129.0969,129.365,129.0969,1636952400000000000,118
FXC,32848,78.3299,78.29,78.38,78.19,1636952400000000000,283
FXD,296388,65.07,65.01,65.4205,64.95,1636952400000000000,1043
FXE,70111,106.51,105.72,106.51,105.71,1636952400000000000,766
FXF,13511,97.95,97.41,98,97.41,1636952400000000000,168
FXG,23891,59.89,60.25,60.34,59.8541,1636952400000000000,120
FXH,23431,121.54,120.64,121.54,120.5,1636952400000000000,669
FXI,24685617,41.46,41.11,41.47,41.11,1636952400000000000,45472
FXL,23443,137.73,136.49,137.73,135.96,1636952400000000000,509
FXLV,944625,13,11.72,13.13,11.6,1636952400000000000,12560
FXN,1344377,12.74,12.8,12.86,12.6,1636952400000000000,1200
FXO,392089,48.28,48.06,48.34,48.0156,1636952400000000000,804
FXP,9242,33,33.51,33.53,33,1636952400000000000,107
FXR,287084,63.25,62.74,63.25,62.64,1636952400000000000,792
FXU,39615,30.85,31.15,31.155,30.85,1636952400000000000,193
FXY,17322,82.43,82.28,82.43,82.24,1636952400000000000,277
FXZ,41967,63.51,63.06,63.52,62.855,1636952400000000000,382
FYBR,1916628,32.54,32.93,33.26,32.46,1636952400000000000,15583
FYC,20114,80.32,79.61,80.32,79.43,1636952400000000000,160
FYLD,3683,27.51,27.3,27.51,27.255,1636952400000000000,87
FYT,9366,54.36,54.1366,54.36,54.06,1636952400000000000,133
FYX,27872,101.5,100.64,101.5,100.3234,1636952400000000000,293
FZT.WS,100,1.02,1.02,1.02,1.02,1636952400000000000,1
G,442773,51.04,51.17,51.5,50.98,1636952400000000000,5634
GAA,1470,32.2863,32.38,32.39,32.2801,1636952400000000000,29
GAB,577459,7.1,7.09,7.13,7.08,1636952400000000000,1674
GABpG,7788,25.3,25.2798,25.3,25.27,1636952400000000000,50
GABpH,392,25.28,25.28,25.28,25.28,1636952400000000000,5
GABpJ,3929,25.26,25.3,25.3,25.26,1636952400000000000,25
GABpK,6600,26.53,26.5067,26.54,26.5,1636952400000000000,20
GABC,26128,41.86,41.9,42.09,41.48,1636952400000000000,454
GACQ,4828,9.94,9.94,9.94,9.93,1636952400000000000,18
GACQW,3212,0.578,0.578,0.578,0.578,1636952400000000000,6
GAIA,62991,10,9.82,10.14,9.5,1636952400000000000,564
GAIN,135643,16.57,16.6,16.72,16.54,1636952400000000000,1701
GAINN,805,25.745,25.745,25.745,25.745,1636952400000000000,18
GAINZ,1390,26.16,26.16,26.17,26.15,1636952400000000000,32
GAL,5862,47.6664,47.5,47.6664,47.49,1636952400000000000,53
GALT,268735,3.01,2.86,3.0384,2.76,1636952400000000000,1434
GAM,22639,43.89,43.81,44.07,43.78,1636952400000000000,264
GAMpB,1759,26.4,26.5,26.5,26.2631,1636952400000000000,8
GAMB,84335,15.04,14.71,15.04,14.08,1636952400000000000,1442
GAMC,1851,9.8,9.8,9.81,9.8,1636952400000000000,26
GAMCW,37939,0.54,0.56,0.56,0.531,1636952400000000000,78
GAME,49042,3.64,3.53,3.74,3.45,1636952400000000000,395
GAMR,5666,98.68,97.5341,98.68,97.47,1636952400000000000,294
GAN,728544,13.6836,13.2,13.6836,13.08,1636952400000000000,7919
GANX,762849,8.6,8.56,9.7,7.61,1636952400000000000,3730
GAPA.WS,220,0.6693,0.6693,0.6693,0.6693,1636952400000000000,2
GASS,114252,2.8,2.76,2.8,2.75,1636952400000000000,133
GATEU,25250,9.97,9.98,10,9.97,1636952400000000000,53
GATO,455170,13.97,13.71,14.25,13.67,1636952400000000000,5327
GATX,145392,105.37,102.41,105.37,102.06,1636952400000000000,3339
GAU,469035,0.8522,0.8475,0.879899,0.8355,1636952400000000000,939
GAZ,98326,25,25.98,26.08,25,1636952400000000000,166
GB,12364,9.25,9,9.26,8.8591,1636952400000000000,108
GB.WS,64635,1.18,1.15,1.18,1.1294,1636952400000000000,88
GBAB,52438,23.69,23.56,23.6999,23.49,1636952400000000000,219
GBCI,302037,59.62,59.85,60.01,59.15,1636952400000000000,4986
GBDC,1150865,15.52,15.39,15.55,15.37,1636952400000000000,3754
GBDV,104,21.71,21.697,21.71,21.697,1636952400000000000,5
GBF,5566,121.58,121.17,121.58,121.13,1636952400000000000,79
GBGR,935,25.19,24.7826,25.19,24.72,1636952400000000000,60
GBIL,184608,100.06,100.08,100.08,100.06,1636952400000000000,677
GBIO,142410,21.15,20.5,21.295,20.3875,1636952400000000000,2390
GBL,27096,27.73,27.81,28.151,27.5,1636952400000000000,594
GBLD,2738,24.22,24.1655,24.22,24.15,1636952400000000000,26
GBLI,43111,26.545,26.25,26.9,25.8,1636952400000000000,189
GBLIL,2521,25.8283,25.7874,25.8283,25.61,1636952400000000000,37
GBLO,3,24.8353,24.8353,24.8353,24.8353,1636952400000000000,2
GBNH,24183,6.94,7.16,7.35,6.89,1636952400000000000,270
GBOX,398345,7.15,6.6,7.2353,6.54,1636952400000000000,4070
GBR,54844,3.37,3.47,3.54,3.37,1636952400000000000,426
GBRGW,6190,0.2785,0.259,0.2785,0.251,1636952400000000000,10
GBS,113331,1.95,1.91,1.96,1.91,1636952400000000000,662
GBT,1041078,33.24,33.87,34.19,32.76,1636952400000000000,11345
GBUG,300,30.4,30.38,30.4,30.33,1636952400000000000,2
GBUY,34607,40.43,40.2838,40.509,40.2543,1636952400000000000,101
GBX,168367,42.4,42.47,42.81,42.195,1636952400000000000,3282
GCAC,126761,9.98,9.97,9.98,9.95,1636952400000000000,32
GCACU,1038,10.4,10.37,10.4,10.37,1636952400000000000,8
GCACW,12912,0.98,0.9499,1.055,0.87,1636952400000000000,25
GCBC,3985,34.03,34.45,34.65,33.335,1636952400000000000,112
GCC,112154,21.42,21.35,21.42,21.2309,1636952400000000000,395
GCI,1288602,5.445,5.5,5.55,5.37,1636952400000000000,7928
GCMG,513239,11.93,12.1,12.13,11.83,1636952400000000000,4753
GCMGW,53056,2.11,2.145,2.15,2.04,1636952400000000000,167
GCO,96473,71.95,71.35,71.95,69.53,1636952400000000000,3265
GCOR,18651,48.6301,48.57,48.68,48.57,1636952400000000000,131
GCOW,14618,30.58,30.53,30.63,30.53,1636952400000000000,90
GCP,443885,22.48,22.7,22.72,22.17,1636952400000000000,6141
GCV,145442,6.65,6.5,6.71,6.38,1636952400000000000,480
GD,669958,202.04,201.07,202.04,200.15,1636952400000000000,12832
GDDY,1479673,70.96,72.98,72.99,70.78,1636952400000000000,15020
GDEN,88012,50.33,50.16,50.77,49.805,1636952400000000000,1977
GDEV,9812,8.4,8.84,8.84,8.26,1636952400000000000,81
GDEVW,34257,0.802,0.81,0.8817,0.8,1636952400000000000,27
GDL,4716,8.99,8.9817,9.0044,8.972,1636952400000000000,35
GDMA,2427,32.5629,32.629,32.65,32.5629,1636952400000000000,13
GDO,81256,17.71,17.78,17.93,17.71,1636952400000000000,477
GDOC,16502,39.27,38.8144,39.27,38.81,1636952400000000000,82
GDOT,324205,43.73,43.95,44.5,43.61,1636952400000000000,4633
GDP,158440,21.4,21.37,21.52,20.42,1636952400000000000,880
GDRX,835868,41.7,40.04,41.7,39.95,1636952400000000000,10862
GDS,1437729,62.4,58.92,62.595,58.47,1636952400000000000,15573
GDV,104196,27.48,27.44,27.4965,27.35,1636952400000000000,725
GDVpG,1948,25.2659,25.28,25.28,25.25,1636952400000000000,12
GDVpH,6377,26.91,26.91,26.91,26.87,1636952400000000000,97
GDVpK,416243,25.16,25.12,25.18,25.05,1636952400000000000,118
GDX,12669970,34.79,34.9,35.01,34.47,1636952400000000000,58853
GDXD,64357,15,14.8,15.51,14.8,1636952400000000000,546
GDXJ,3918909,47.948,47.93,48.109,47.33,1636952400000000000,31636
GDXU,316844,15,15.11,15.2887,14.6,1636952400000000000,1532
GDYN,678786,38.17,39.51,40.2,36.894,1636952400000000000,9040
GE,6059186,108.03,106.67,108.67,106.2,1636952400000000000,73755
GECC,64124,3.48,3.48,3.49,3.45,1636952400000000000,497
GECCM,1332,25.2599,25.2935,25.2935,25.2231,1636952400000000000,9
GECCN,7414,25.05,25.17,25.31,25.05,1636952400000000000,49
GECCO,2071,25.75,25.75,25.75,25.55,1636952400000000000,13
GEF,104527,69.69,70.56,70.8,69.0501,1636952400000000000,2444
GEF.B,8913,69.08,70.3,70.4776,69.08,1636952400000000000,236
GEG,12016,1.98,1.96,2,1.91,1636952400000000000,82
GEL,767863,12.34,12.58,12.72,12.13,1636952400000000000,4616
GEM,73803,37.96,37.83,37.96,37.78,1636952400000000000,510
GENC,6304,12.76,12.5,12.76,12.5,1636952400000000000,99
GENE,60536,2.66,2.65,2.7,2.64,1636952400000000000,250
GENI,1155638,16.06,15.58,16.24,15.51,1636952400000000000,12525
GENI.WS,194210,5.65,5.5,5.81,5.5,1636952400000000000,1106
GENY,4537,65.2,64.9,65.2,64.9,1636952400000000000,43
GEO,1548927,9.68,9.61,9.805,9.485,1636952400000000000,10429
GEOS,3235,9.5399,9.52,9.5399,9.3178,1636952400000000000,102
GER,22689,11.6,11.55,11.6,11.5,1636952400000000000,252
GERM,10167,36.45,36.36,36.5297,36.36,1636952400000000000,116
GERN,1315830,1.59,1.51,1.6,1.51,1636952400000000000,4950
GES,579262,22.64,22.06,22.88,22.01,1636952400000000000,6986
GET,113159,1.75,1.75,1.79,1.74,1636952400000000000,999
GEVO,6467543,7.63,7.24,7.64,7.18,1636952400000000000,29393
GF,39636,19.97,19.88,20.095,19.7413,1636952400000000000,92
GFAI,1219271,1.75,1.91,2.15,1.71,1636952400000000000,3317
GFAIW,30647,0.65,0.7474,0.7474,0.635,1636952400000000000,64
GFED,2995,32.51,32.21,32.51,32.17,1636952400000000000,57
GFF,304133,28.87,28.81,29.09,28.6,1636952400000000000,4070
GFI,4167404,10.55,10.76,10.8,10.545,1636952400000000000,20163
GFL,1107015,39.84,39.12,40.21,38.99,1636952400000000000,7169
GFLU,2970,91.88,90.31,91.88,90.31,1636952400000000000,90
GFS,1429924,55.69,59.6,60.12,53.85,1636952400000000000,12881
GFX,8530,9.78,9.81,9.82,9.78,1636952400000000000,30
GFX.U,218,10.361,10.361,10.361,10.361,1636952400000000000,11
GFX.WS,25432,0.88,0.82,0.88,0.79,1636952400000000000,95
GGAL,1271105,11.6588,11.39,11.72,10.9412,1636952400000000000,8116
GGB,2821136,4.65,4.61,4.67,4.55,1636952400000000000,5719
GGG,416645,78.67,77.68,78.67,77.54,1636952400000000000,6901
GGGVR,2000,0.38,0.38,0.38,0.38,1636952400000000000,1
GGMC,11454,9.73,9.74,9.75,9.73,1636952400000000000,38
GGMCU,1170,9.96,9.96,9.96,9.96,1636952400000000000,10
GGMCW,17648,0.6795,0.69,0.69,0.67,1636952400000000000,105
GGN,659687,3.98,4.02,4.02,3.971,1636952400000000000,1137
GGNpB,1488,25.2999,25.32,25.35,25.2999,1636952400000000000,10
GGPI,130836676,15.01,14.78,16.41,14,1636952400000000000,582592
GGPIU,784405,16.62,15.96,17.73,15.23,1636952400000000000,4820
GGPIW,7706718,6.4,5.97,7,5.4,1636952400000000000,35153
GGRW,301,28.78,28.6368,28.78,28.5999,1636952400000000000,4
GGT,32303,9.35,9.38,9.4,9.33,1636952400000000000,121
GGTpE,200,25.95,25.95,25.95,25.95,1636952400000000000,1
GGTpG,1000,26.49,26.54,26.54,26.49,1636952400000000000,5
GGZ,7347,16.93,16.7,17.02,16.7,1636952400000000000,62
GGZpA,187,25.26,25.26,25.26,25.26,1636952400000000000,1
GH,528720,103.95,103.65,104.9899,101.54,1636952400000000000,9485
GHAC,5889,9.75,9.77,9.77,9.75,1636952400000000000,33
GHACU,3113,10.01,10.02,10.02,10.01,1636952400000000000,16
GHACW,1138,0.78,0.83,0.83,0.78,1636952400000000000,18
GHC,16354,598,591.56,598,590.16,1636952400000000000,1324
GHG,119980,8.48,8.29,8.6,8.21,1636952400000000000,945
GHL,107902,18.3,18.87,19.02,18.25,1636952400000000000,1587
GHLD,142246,15.84,15.79,16,15.28,1636952400000000000,988
GHM,9536,13.16,13.29,13.29,13.14,1636952400000000000,206
GHRS,28555,22.26,22.1,23.95,21.59,1636952400000000000,498
GHSI,274605,1.35,1.3,1.38,1.2712,1636952400000000000,1005
GHY,94529,15.54,15.51,15.54,15.4462,1636952400000000000,475
GHYB,11921,49.7398,49.67,49.75,49.6406,1636952400000000000,151
GHYG,49238,49.42,49.41,49.56,49.35,1636952400000000000,72
GIA,139573,9.91,9.91,9.93,9.9,1636952400000000000,58
GIA.U,4800,10.49,10.49,10.49,10.49,1636952400000000000,39
GIA.WS,596520,0.58,0.58,0.6,0.5501,1636952400000000000,319
GIACW,11413,0.5611,0.5702,0.5706,0.56,1636952400000000000,19
GIB,239648,88.97,88.35,89.4,88.27,1636952400000000000,3008
GIC,29419,44.92,43.54,44.92,43.25,1636952400000000000,829
GIFI,31248,4.21,4.15,4.21,4.11,1636952400000000000,107
GIG,417643,9.98,9.98,9.99,9.97,1636952400000000000,1309
GIGB,46559,53.93,53.9414,54.21,53.93,1636952400000000000,323
GIGE,2246,37.4483,36.97,37.5,36.945,1636952400000000000,102
GIGGU,5902,10.38,10.48,10.48,10.38,1636952400000000000,33
GIGGW,588153,1.33,1.48,1.55,1.22,1636952400000000000,1382
GIGM,37211,2.7,2.69,2.8,2.69,1636952400000000000,200
GII,11556,54.98,54.92,55.0837,54.91,1636952400000000000,154
GIII,207230,33.05,32.5,33.35,32.2075,1636952400000000000,4045
GIIX,102718,9.96,9.88,9.96,9.84,1636952400000000000,540
GIIXU,208783,10.09,10.02,10.09,10,1636952400000000000,450
GIIXW,8199,1.32,1.3,1.32,1.3,1636952400000000000,222
GIL,849284,42.69,42.66,42.96,42.48,1636952400000000000,6950
GILD,4868909,67.47,67.2,67.825,67.005,1636952400000000000,44211
GILT,469996,8.03,7.83,8.04,7.82,1636952400000000000,3753
GIM,1108119,5.42,5.4,5.42,5.38,1636952400000000000,1473
GINN,6272,64.58,64.2031,64.6399,64.1101,1636952400000000000,104
GIPR,25266,6.88,6.84,7.131,6.83,1636952400000000000,192
GIPRW,30298,0.5,0.4033,0.6499,0.4032,1636952400000000000,61
GIS,1739862,63.23,63.7,63.83,63,1636952400000000000,19888
GIWWW,2083,0.68,0.68,0.68,0.68,1636952400000000000,2
GJH,100,10.88,10.88,10.88,10.88,1636952400000000000,1
GJO,102,23.93,23.93,23.93,23.93,1636952400000000000,3
GJS,183,21.31,21.31,21.31,21.31,1636952400000000000,4
GK,16213,28.19,27.7548,28.19,27.67,1636952400000000000,136
GKOS,900652,50.99,49,50.99,48.96,1636952400000000000,6099
GL,341844,95.01,94.58,95.03,93.72,1636952400000000000,6865
GLpD,4292,25.73,25.57,25.73,25.55,1636952400000000000,124
GLAD,104949,11.75,11.76,11.835,11.73,1636952400000000000,1303
GLAQ,44951,10.08,10.1,10.1,10.08,1636952400000000000,400
GLAQW,27297,0.89,0.88,0.89,0.7814,1636952400000000000,71
GLBE,1078360,55.91,55.45,57.299,54.63,1636952400000000000,14029
GLBL,42340,9.95,9.93,9.96,9.93,1636952400000000000,63
GLBLW,111999,1.44,1.25,1.44,1.25,1636952400000000000,64
GLBS,552716,2.83,2.72,2.83,2.69,1636952400000000000,1785
GLCN,6491,40.68,40.3907,40.68,40.39,1636952400000000000,24
GLD,5561808,174.1,174.18,174.59,173.69,1636952400000000000,48366
GLDB,1030,24.9109,24.9,24.955,24.9,1636952400000000000,12
GLDD,198308,15.77,15.95,15.96,15.69,1636952400000000000,2206
GLDG,368832,1.6,1.57,1.63,1.55,1636952400000000000,860
GLDI,71980,8.7,8.68,8.7,8.66,1636952400000000000,339
GLDM,2238861,18.52,18.53,18.567,18.47,1636952400000000000,2163
GLDX,2301,25.9045,25.9235,25.9235,25.86,1636952400000000000,47
GLEEU,410,10.285,10.285,10.285,10.285,1636952400000000000,3
GLG,6942230,0.7001,0.6648,0.71,0.6312,1636952400000000000,6906
GLHA,1674,9.7,9.71,9.72,9.7,1636952400000000000,23
GLHAU,10012,10.05,10.05,10.05,10.05,1636952400000000000,8
GLHAW,138,0.6701,0.6701,0.6701,0.6701,1636952400000000000,1
GLIF,595,27.87,27.76,27.87,27.76,1636952400000000000,12
GLIN,3424,42.92,42.845,43.13,42.79,1636952400000000000,56
GLL,39293,30.64,30.6145,30.77,30.47,1636952400000000000,211
GLMD,185666,3.06,2.98,3.11,2.93,1636952400000000000,377
GLNG,764827,13.18,13.3,13.5,13.01,1636952400000000000,7391
GLO,175615,12.84,12.79,12.9,12.79,1636952400000000000,799
GLOB,359959,325.12,314.77,326.8699,310.815,1636952400000000000,9056
GLOGpA,4812,25.57,25.35,25.57,25.32,1636952400000000000,42
GLOP,409995,5.41,5.22,5.44,5.13,1636952400000000000,2106
GLOPpA,18311,26.12,26.08,26.15,26,1636952400000000000,100
GLOPpB,5303,25.3577,25.45,25.45,25.29,1636952400000000000,43
GLOPpC,6165,25.4907,25.38,25.4907,25.24,1636952400000000000,28
GLP,133507,22.95,23.17,23.49,22.6405,1636952400000000000,1059
GLPpA,9646,26.19,26.16,26.33,26.1229,1636952400000000000,71
GLPpB,2315,26.92,26.85,26.95,26.85,1636952400000000000,18
GLPG,218067,53,52.79,53.92,52.6,1636952400000000000,3768
GLPI,1248765,48.11,48.17,48.41,47.87,1636952400000000000,12104
GLQ,85059,15.72,15.605,15.72,15.6,1636952400000000000,491
GLRE,100880,7.4,7.44,7.46,7.29,1636952400000000000,978
GLRY,1584,31.8,31.7878,31.87,31.77,1636952400000000000,33
GLSI,23545,36.1,35.11,36.1,35.0481,1636952400000000000,688
GLSPW,68917,0.55,0.5498,0.55,0.5498,1636952400000000000,60
GLT,178334,18.09,17.53,18.09,17.41,1636952400000000000,1829
GLTA.WS,14400,0.56,0.5799,0.58,0.547611,1636952400000000000,39
GLTO,211193,3.53,3.51,3.56,3.46,1636952400000000000,757
GLTR,18869,94.07,94.3,94.58,94.01,1636952400000000000,341
GLU,7882,20.38,20.2401,20.42,20.2401,1636952400000000000,41
GLUpB,1038,51.145,51.1611,51.1611,51.145,1636952400000000000,3
GLUE,91256,25.34,23,25.34,22.68,1636952400000000000,1785
GLV,59338,11.43,11.46,11.52,11.41,1636952400000000000,339
GLW,3065177,39.24,38.7,39.24,38.605,1636952400000000000,25815
GLYC,316304,2.14,2.14,2.2,2.1,1636952400000000000,2009
GM,14324709,63.655,62.97,63.73,62.625,1636952400000000000,118596
GMAB,440838,42.29,41.17,42.34,41.13,1636952400000000000,5499
GMBL,1484307,6.68,6.47,6.75,6.3,1636952400000000000,6906
GMBLW,2352,4.86,4.69,4.9,4.53,1636952400000000000,30
GMBT,38117,9.92,9.94,9.94,9.905,1636952400000000000,234
GMBTU,1808,10.2038,10.22,10.23,10.2038,1636952400000000000,31
GMBTW,18216,0.86,0.9499,0.95,0.86,1636952400000000000,52
GMDA,652002,3.65,3.4,3.65,3.2839,1636952400000000000,3303
GME,1466424,203.86,209.14,211.5,201.69,1636952400000000000,46698
GMED,1950769,73.71,70.79,77.15,68.21,1636952400000000000,22015
GMET,10549,35,34.2937,35,34.275,1636952400000000000,102
GMF,4550,130.23,129.5187,130.23,129.34,1636952400000000000,109
GMII,276974,9.99,10,10.03,9.96,1636952400000000000,670
GMIIU,28547,10.32,10.32,10.365,10.32,1636952400000000000,154
GMIIW,5423,1.94,1.855,1.94,1.81,1636952400000000000,69
GMOM,4821,31.1,31.1617,31.18,31.1,1636952400000000000,47
GMRE,283650,16.76,16.82,16.83,16.56,1636952400000000000,3062
GMREpA,4913,26.06,26.26,26.28,25.82,1636952400000000000,58
GMS,315555,59.21,57.37,59.67,56.98,1636952400000000000,4947
GMTX,227097,3.41,3.58,3.85,3.365,1636952400000000000,1540
GMVD,52845,2.095,2.1,2.1199,2.02,1636952400000000000,179
GMVDW,17770,0.469399,0.4062,0.4793,0.3951,1636952400000000000,19
GNAC,723,9.78,9.78,9.78,9.7682,1636952400000000000,9
GNACW,610,0.7099,0.7099,0.7099,0.7099,1636952400000000000,2
GNAF,2552,12.37,12.3288,12.37,12.31,1636952400000000000,7
GNCA,115614,1.67,1.63,1.67,1.615,1636952400000000000,618
GNE,32355,5.27,5.32,5.44,5.27,1636952400000000000,234
GNEpA,4286,9.45,9.4299,9.45,9.24,1636952400000000000,29
GNFT,5145,3.52,3.53,3.55,3.52,1636952400000000000,50
GNK,761284,15.28,14.92,15.38,14.42,1636952400000000000,7199
GNL,747445,15.71,15.88,15.88,15.6895,1636952400000000000,5956
GNLpA,12321,26.31,26.58,26.58,26.23,1636952400000000000,136
GNLpB,24516,26.55,26.305,26.55,26.2,1636952400000000000,135
GNLN,2704006,2.08,2,2.14,1.98,1636952400000000000,10711
GNMA,77340,49.72,49.67,49.76,49.66,1636952400000000000,126
GNOG,353548,14.76,14.24,14.92,14.17,1636952400000000000,4646
GNOM,131804,21.69,21.02,21.69,21.01,1636952400000000000,918
GNPX,508285,2.1,2.05,2.14,2,1636952400000000000,1277
GNR,112266,54.65,54.58,54.71,54.2076,1636952400000000000,788
GNRC,537749,443.94,434.16,446.51,431.45,1636952400000000000,14703
GNSS,203045,5.33,5.11,5.35,4.95,1636952400000000000,960
GNT,53123,5.52,5.57,5.6,5.51,1636952400000000000,171
GNTpA,379,25.83,25.83,25.83,25.83,1636952400000000000,6
GNTX,800485,37.56,37.69,37.825,37.42,1636952400000000000,10275
GNTY,20167,40.16,39.64,40.16,39.15,1636952400000000000,307
GNUS,15284240,1.46,1.38,1.47,1.36,1636952400000000000,21119
GNW,3007584,4.41,4.33,4.48,4.32,1636952400000000000,15310
GO,1493983,27.22,27.82,28.22,27.22,1636952400000000000,17572
GOAC,65363,9.84,9.86,9.86,9.84,1636952400000000000,38
GOAC.WS,17000,0.85,0.85,0.87,0.820101,1636952400000000000,60
GOAT,1868,40.84,40.6889,40.8412,40.685,1636952400000000000,19
GOAU,34427,20.17,20.19,20.2398,20,1636952400000000000,223
GOCO,2211875,4.46,4.37,4.56,4.36,1636952400000000000,9955
GOED,5592761,2.8,2.52,2.82,2.5,1636952400000000000,17144
GOED.WS,815037,1.39,1.23,1.4,1.17,1636952400000000000,1888
GOEV,2292169,8.57,8.45,8.61,8.17,1636952400000000000,20700
GOEVW,139190,2.45,2.3,2.45,2.25,1636952400000000000,520
GOEX,28672,33.65,33.6296,33.796,33.29,1636952400000000000,197
GOF,476812,19.09,18.98,19.1,18.95,1636952400000000000,2655
GOGL,2172135,8.6,8.5,8.62,8.44,1636952400000000000,13849
GOGN.U,100010,10.09,10.09,10.09,10.09,1636952400000000000,3
GOGO,702610,15.79,15.19,15.8,15.0871,1636952400000000000,8826
GOL,891009,6.42,6.5,6.599,6.42,1636952400000000000,5745
GOLD,15531705,20.75,20.9,20.96,20.6,1636952400000000000,51036
GOLF,130825,55.27,55.47,55.84,55.185,1636952400000000000,2539
GOOD,109147,22.75,23,23,22.67,1636952400000000000,1725
GOODN,10096,26.62,26.69,26.755,26.48,1636952400000000000,84
GOODO,2932,27.1,27.27,27.345,27.1,1636952400000000000,39
GOOG,808753,3000,2987.76,3009.54,2973.05,1636952400000000000,50685
GOOGL,1161393,2978.01,2969.04,2990.99,2951.5,1636952400000000000,68236
GOOS,995745,50.815,51.83,51.87,50.29,1636952400000000000,13534
GORO,1080163,2.3,2.27,2.3,2.18,1636952400000000000,5632
GOSS,412633,12.05,11.66,12.08,11.63,1636952400000000000,3656
GOTU,5432293,3.06,3.07,3.18,3.01,1636952400000000000,14437
GOVT,3323475,26.41,26.335,26.42,26.33,1636952400000000000,5073
GOVX,75802,3.9,3.86,3.94,3.81,1636952400000000000,431
GOVXW,8633,1.19,1.2499,1.4,1.1752,1636952400000000000,16
GOVZ,16875,21.83,21.5,21.84,21.5,1636952400000000000,88
GP,199019,14.01,13.96,14.81,13.9144,1636952400000000000,2519
GPAC,898,9.78,9.78,9.78,9.78,1636952400000000000,11
GPACU,157,9.9,9.9,9.9,9.9,1636952400000000000,7
GPACW,9729,0.95,0.95,0.95,0.95,1636952400000000000,5
GPC,543500,136.6,137.01,137.16,135.7,1636952400000000000,9558
GPCO,4600,10.02,10.02,10.02,10.02,1636952400000000000,12
GPCOW,7010,0.2493,0.248,0.2493,0.2272,1636952400000000000,23
GPI,106469,207.5,205.3,209.715,204.5,1636952400000000000,4313
GPJA,6226,26,25.8888,26.01,25.83,1636952400000000000,125
GPK,3099546,21.55,20.94,21.56,20.94,1636952400000000000,20791
GPL,14001249,0.2791,0.2793,0.285,0.2763,1636952400000000000,17929
GPMT,535641,13.52,13.24,13.58,13.19,1636952400000000000,4007
GPN,2492859,132.95,131.79,133.395,131.62,1636952400000000000,26019
GPOR,148412,79.76,80.22,81.01,78.86,1636952400000000000,2610
GPP,36942,14.68,14.7,14.8676,14.6,1636952400000000000,409
GPRE,936902,39.9,39.53,40.08,38.45,1636952400000000000,10706
GPRK,160470,13.42,13.26,13.59,13,1636952400000000000,1672
GPRO,7396114,11.2,11.62,11.65,10.75,1636952400000000000,49503
GPS,4348840,25.19,24.84,25.65,24.805,1636952400000000000,31814
GQRE,30905,71.62,71.9273,71.9273,71.54,1636952400000000000,93
GRAY,151133,3.18,3.21,3.3,3.1,1636952400000000000,1206
GRBK,323970,27,26.66,27.09,26.35,1636952400000000000,4500
GRC,45214,45.77,45.81,46.23,45.265,1636952400000000000,1014
GRCL,88891,10.84,10.92,11.075,10.7424,1636952400000000000,1104
GRCY,2003,10.27,10.27,10.27,10.27,1636952400000000000,2
GRCYW,2972,0.2701,0.3,0.3,0.2701,1636952400000000000,2
GREE,1370178,25.5,24.18,26.25,23.8194,1636952400000000000,10462
GREEL,4399,25.16,25.15,25.4,25.15,1636952400000000000,35
GREI,6609,40.24,40.1997,40.2499,40.1441,1636952400000000000,95
GREK,140407,27.9,27.95,28.03,27.82,1636952400000000000,1214
GRES,3170,30.5,30.3735,30.5,30.2666,1636952400000000000,33
GRF,7106,9.98,9.95,10.0988,9.92,1636952400000000000,30
GRFS,632917,12.01,11.83,12.085,11.8,1636952400000000000,4449
GRID,94339,104.72,104.23,104.82,103.899,1636952400000000000,992
GRIL,8334802,1.4,1.45,1.59,1.34,1636952400000000000,8277
GRIN,207554,14.74,13.93,14.7675,13.82,1636952400000000000,1731
GRMN,610305,143.5,145.28,145.49,142.84,1636952400000000000,13968
GRN,214105,25.45,26.36,26.48,25.45,1636952400000000000,643
GRNB,67372,26.82,26.73,26.82,26.71,1636952400000000000,327
GRNQ,1433206,1.08,1,1.08,0.99,1636952400000000000,2086
GROM,281418,3.36,3.38,3.38,3.21,1636952400000000000,1066
GROMW,4698,1.09,1,1.09,0.99,1636952400000000000,17
GROW,39285,6.35,6.19,6.45,6.15,1636952400000000000,356
GROY,760057,5.26,5.27,5.29,5.14,1636952400000000000,3522
GROY.WS,3695,1.075,1.07,1.0761,1.05,1636952400000000000,12
GRP.U,918,78.82,79.7099,79.7099,78.82,1636952400000000000,26
GRPH,92558,12.19,11.77,12.19,11.451,1636952400000000000,2103
GRPN,939872,27.75,26.92,27.88,26.57,1636952400000000000,11616
GRTS,729036,11.29,11.24,11.3,10.86,1636952400000000000,6889
GRTX,972740,1.68,1.68,1.7787,1.66,1636952400000000000,2371
GRU,2669,4.645,4.65,4.65,4.645,1636952400000000000,23
GRUB,3085086,13.653,13.46,13.7,13.405,1636952400000000000,11014
GRVI,628952,5.49,5.12,5.72,4.98,1636952400000000000,3438
GRVY,81928,99.79,92.67,99.79,90.1,1636952400000000000,2839
GRWG,2969918,24.275,24.09,25.4419,23.67,1636952400000000000,27203
GRX,29948,13.53,13.51,13.5479,13.4565,1636952400000000000,193
GS,1384246,406,404.81,407.34,403.9149,1636952400000000000,28864
GSpA,53655,24.95,24.99,25.1359,24.84,1636952400000000000,246
GSpC,30296,25.14,25.02,25.14,24.97,1636952400000000000,152
GSpD,93719,25.06,25.0273,25.1,24.95,1636952400000000000,384
GSpJ,60173,26.54,26.2794,26.55,26.2531,1636952400000000000,465
GSpK,33748,28.15,28.06,28.27,28,1636952400000000000,301
GSAQ,16106,9.83,9.83,9.85,9.83,1636952400000000000,172
GSAQU,16676,10.1,10.1,10.12,10.045,1636952400000000000,307
GSAQW,14683,0.61,0.61,0.614478,0.61,1636952400000000000,242
GSAT,5828687,1.66,1.6,1.67,1.57,1636952400000000000,13738
GSBC,27251,58.88,58.27,58.88,57.54,1636952400000000000,626
GSBD,466007,19.07,18.92,19.11,18.875,1636952400000000000,2992
GSEE,330,53.97,53.8142,53.97,53.8022,1636952400000000000,11
GSEU,470,37.83,37.6394,37.83,37.6394,1636952400000000000,9
GSEV,629026,9.86,9.88,9.9017,9.83,1636952400000000000,2198
GSEVU,137893,10.03,10,10.05,10,1636952400000000000,807
GSEVW,66050,1.285,1.31,1.38,1.285,1636952400000000000,335
GSEW,35799,72.54,72.34,72.54,72.26,1636952400000000000,293
GSFP,47546,42,42,42.1,42,1636952400000000000,61
GSG,1512773,17.53,17.68,17.69,17.461,1636952400000000000,2369
GSHD,123174,144.29,141,145.99,140.655,1636952400000000000,3809
GSID,257085,57.48,57.5314,57.5314,57.48,1636952400000000000,6
GSIE,339523,35.93,35.77,35.94,35.755,1636952400000000000,1279
GSIG,69,49.6595,49.6595,49.6595,49.6595,1636952400000000000,33
GSIT,105260,5.91,6.1,6.195,5.89,1636952400000000000,598
GSJY,995,38.33,38.29,38.369,38.29,1636952400000000000,10
GSK,4144352,43.15,43.17,43.38,42.98,1636952400000000000,19339
GSKY,1273377,12,11.99,12.08,11.97,1636952400000000000,8232
GSL,766641,26.14,24.73,26.44,24.54,1636952400000000000,7228
GSLpB,14108,26.08,26.18,26.18,25.91,1636952400000000000,84
GSLC,1111836,94.08,93.84,94.089,93.65,1636952400000000000,1797
GSLD,9292,25.89,25.9,25.9,25.81,1636952400000000000,32
GSM,1408486,6.98,6.8,6.98,6.745,1636952400000000000,9995
GSMG,355138,1.66,1.63,1.66,1.57,1636952400000000000,688
GSMGW,500,0.092654,0.099,0.099,0.092654,1636952400000000000,2
GSP,2149,17.15,17.32,17.35,17.14,1636952400000000000,13
GSPY,649,25.06,25.0175,25.06,25.01,1636952400000000000,30
GSQB.U,383,10.02,10.013,10.02,10.01,1636952400000000000,3
GSQB.WS,8800,0.76,0.86,0.8602,0.76,1636952400000000000,24
GSQD,11188,9.93,9.94,9.94,9.92,1636952400000000000,87
GSQD.U,4851,10.155,10.16,10.16,10.13,1636952400000000000,22
GSQD.WS,60614,1.25,1.25,1.27,1.24,1636952400000000000,83
GSS,1449482,3.71,3.75,3.75,3.7,1636952400000000000,2533
GSSC,18453,70.2,69.92,70.2,69.66,1636952400000000000,270
GSST,25373,50.5968,50.58,50.61,50.58,1636952400000000000,231
GSUS,137385,65.2747,65.2,65.279,65.1,1636952400000000000,104
GSV,568239,0.53,0.54,0.54,0.52,1636952400000000000,1293
GSY,371045,50.36,50.36,50.37,50.36,1636952400000000000,758
GT,4746157,23.55,22.76,23.695,22.69,1636952400000000000,27844
GTACU,50000,10.1,10.1,10.1,10.1,1636952400000000000,6
GTBP,341796,5.1,4.91,5.15,4.81,1636952400000000000,2522
GTE,3208578,0.88,0.874,0.88,0.845,1636952400000000000,7205
GTEC,25608,5.88,5.8,5.88,5.71,1636952400000000000,218
GTEK,161677,42.41,41.99,42.41,41.771,1636952400000000000,852
GTES,818352,17.34,16.59,17.3695,16.49,1636952400000000000,5903
GTH,98733,13.09,12.67,13.09,12.67,1636952400000000000,821
GTHX,1321791,15.28,14.61,15.299,14.59,1636952400000000000,8823
GTIM,31864,5.04,4.91,5.04,4.9,1636952400000000000,244
GTIP,50719,59.08,59.01,59.13,59,1636952400000000000,332
GTLB,281660,127.42,119.55,127.57,117.01,1636952400000000000,6289
GTLS,189044,191.7,192.98,193.31,189.575,1636952400000000000,5096
GTN,350399,23.01,23.56,23.625,23,1636952400000000000,5124
GTN.A,644,21.63,21.63,21.63,21.63,1636952400000000000,13
GTO,94915,56.59,56.41,56.598,56.4,1636952400000000000,1239
GTPA,4521,9.93,9.9389,9.94,9.93,1636952400000000000,10
GTPAU,14184,10.11,10.02,10.13,10.02,1636952400000000000,179
GTPAW,863,1.35,1.3,1.35,1.3,1636952400000000000,23
GTPB,2644,9.83,9.865,9.87,9.83,1636952400000000000,21
GTPBU,1168,10.11,10.11,10.11,10.11,1636952400000000000,8
GTPBW,1100,1.47,1.31,1.47,1.31,1636952400000000000,2
GTR,5501,26.5,26.3918,26.51,26.3918,1636952400000000000,45
GTS,67247,35.73,35.75,35.79,35.6,1636952400000000000,1206
GTX,682392,7.58,7.82,7.87,7.54,1636952400000000000,3970
GTXAP,213918,8.12,8.35,8.4,8.12,1636952400000000000,859
GTY,150197,32.37,32.19,32.37,31.97,1636952400000000000,2121
GTYH,55494,8.01,7.65,8.01,7.49,1636952400000000000,1248
GUNR,782789,39.27,39.33,39.42,39.015,1636952400000000000,4788
GURE,14001,6.6,6.7,6.74,6.5,1636952400000000000,111
GURU,3116,50.99,50.3474,50.99,50.3474,1636952400000000000,51
GUSH,1562570,112.12,113.61,116,108.01,1636952400000000000,18359
GUT,154197,8.23,8.17,8.3,8.15,1636952400000000000,317
GUTpA,605,27.16,26.84,27.16,26.84,1636952400000000000,8
GUTpC,787,25.8,25.8,25.8035,25.8,1636952400000000000,4
GVA,205149,42.8,42.02,43.124,41.51,1636952400000000000,3961
GVAL,10834,24.15,23.93,24.15,23.93,1636952400000000000,76
GVCIU,132711,10.08,10.1,10.115,10.08,1636952400000000000,59
GVI,40224,114.06,113.96,114.13,113.9428,1636952400000000000,253
GVIP,5889,105.87,105.4844,106.025,105.3311,1636952400000000000,122
GVP,90767,1.48,1.51,1.57,1.475,1636952400000000000,377
GWB,202528,36.24,36.12,36.26,35.8,1636952400000000000,2685
GWGH,12406,9.99,9.68,9.99,9.65,1636952400000000000,83
GWH,785645,15.02,15.26,15.63,14.94,1636952400000000000,6233
GWH.WS,77011,4.35,4.23,4.38,4,1636952400000000000,555
GWIIW,1837,0.628454,0.6257,0.628454,0.62,1636952400000000000,4
GWRE,361466,125.21,122.67,125.86,122.5,1636952400000000000,6364
GWRS,12475,18.63,18.75,18.75,18.42,1636952400000000000,355
GWW,188653,490.33,484.42,491.38,484.25,1636952400000000000,5680
GWX,24906,39.7,39.43,39.7,39.41,1636952400000000000,320
GXC,15356,114.87,114.07,114.8921,113.9122,1636952400000000000,339
GXG,8843,29.2,29.14,29.3401,28.88,1636952400000000000,70
GXIIW,1145,0.651,0.669,0.669,0.651,1636952400000000000,4
GXO,314271,98.22,98.63,98.85,96.18,1636952400000000000,5997
GXTG,12246,52.24,51.45,52.24,51.43,1636952400000000000,219
GYLD,4124,14.84,14.82,14.84,14.81,1636952400000000000,42
GYRO,2021,12.3,12.32,12.32,12.3,1636952400000000000,8
H,428942,85.3,84.15,85.46,84.1,1636952400000000000,8147
HA,442360,22.53,22.31,22.64,22.11,1636952400000000000,6699
HAAC,86089,9.8402,9.84,9.87,9.83,1636952400000000000,873
HAACU,44981,10.1308,10.09,10.1319,10.085,1636952400000000000,239
HAACW,55146,1.12,1.09,1.13,1.03,1636952400000000000,162
HACK,145926,67.27,66.23,67.27,66.01,1636952400000000000,1719
HAE,397529,59.93,57.9,59.93,57.1,1636952400000000000,8626
HAFC,147423,24.15,24.42,24.53,24,1636952400000000000,2094
HAIL,37303,63.34,63.02,63.34,62.49,1636952400000000000,511
HAIN,4982408,42.12,42.05,43,41.921,1636952400000000000,31846
HAL,5931243,23.45,23.4,23.665,23.15,1636952400000000000,34564
HALL,53135,3.56,3.48,3.57,3.4777,1636952400000000000,303
HALO,552579,39.17,38.19,39.17,38,1636952400000000000,8574
HAP,2769,48.77,48.86,48.86,48.665,1636952400000000000,57
HAPP,89411,0.9096,0.8848,0.9096,0.8653,1636952400000000000,277
HARP,250557,7.62,7.33,7.85,7.26,1636952400000000000,3020
HART,138,28.94,28.94,28.94,28.94,1636952400000000000,6
HAS,605580,98.75,99.09,99.7867,98.33,1636952400000000000,11095
HASI,655802,63.86,62.55,64.37,62.48,1636952400000000000,7207
HAUZ,74353,28.92,28.735,28.92,28.71,1636952400000000000,191
HAWX,3572,33.6384,33.5846,33.65,33.5846,1636952400000000000,31
HAYN,57848,45.17,43.77,45.17,43.12,1636952400000000000,1072
HAYW,1502432,25.58,25.84,25.92,25.2806,1636952400000000000,12541
HBAN,8717820,16.3,16.46,16.53,16.205,1636952400000000000,36677
HBANM,4684,26.08,25.96,26.11,25.96,1636952400000000000,66
HBANP,18857,25.39,25.23,25.39,25.1706,1636952400000000000,226
HBB,19581,16.96,17.97,18.01,16.8,1636952400000000000,509
HBCP,8556,42.85,42.58,43.1458,42.46,1636952400000000000,299
HBI,3189443,17.78,17.75,18,17.725,1636952400000000000,21821
HBIO,118015,8.1,7.77,8.12,7.7,1636952400000000000,1683
HBM,980252,7.34,7.42,7.4411,7.21,1636952400000000000,4904
HBMD,84150,22.41,22.46,22.57,22.335,1636952400000000000,1104
HBNC,95538,20.03,19.88,20.06,19.71,1636952400000000000,1805
HBP,357908,9,9.4,9.65,9,1636952400000000000,2469
HBT,51084,18.62,18.49,18.8979,18.23,1636952400000000000,419
HCA,979256,245.72,242.56,246.23,242.36,1636952400000000000,16822
HCAQ,212134,10,9.95,10,9.94,1636952400000000000,640
HCAR,12561,9.7601,9.77,9.77,9.76,1636952400000000000,162
HCARU,14615,10.05,10.03,10.14,10.02,1636952400000000000,179
HCARW,16137,0.7899,0.7899,0.7899,0.6699,1636952400000000000,44
HCAT,364988,48.75,49.51,49.51,48.315,1636952400000000000,6223
HCC,1334029,22.5,22.17,22.77,21.7,1636952400000000000,9249
HCCC,29462,9.94,9.92,9.9423,9.92,1636952400000000000,143
HCCCW,69471,0.75,0.73,0.75,0.6951,1636952400000000000,119
HCCI,75494,34.5,34.33,34.6,34.1038,1636952400000000000,1545
HCDI,877412,2.2,2.28,2.28,2.12,1636952400000000000,2710
HCDIP,73323,15.43,15.45,15.6,15.31,1636952400000000000,326
HCDIW,121118,0.39,0.3551,0.41,0.349899,1636952400000000000,73
HCDIZ,70750,0.47,0.48,0.485,0.4602,1636952400000000000,78
HCI,80162,132.53,132.34,136.47,131.44,1636952400000000000,2421
HCIC,127094,9.78,9.81,9.83,9.78,1636952400000000000,663
HCICU,9083,10,10.0414,10.0695,10,1636952400000000000,40
HCICW,46488,0.97,0.9866,0.9994,0.950201,1636952400000000000,119
HCIIW,11094,0.94,0.95,0.95,0.94,1636952400000000000,51
HCKT,77983,22.15,21.98,22.86,21.6,1636952400000000000,1629
HCM,94091,31.01,31.13,31.19,30.71,1636952400000000000,1746
HCNE,13083,9.88,9.82,9.88,9.82,1636952400000000000,80
HCNEU,646,10.1,10.07,10.1,10.07,1636952400000000000,5
HCNEW,649,1.0601,1.12,1.12,1.0601,1636952400000000000,9
HCOM,38,20.845,20.845,20.845,20.845,1636952400000000000,5
HCRB,282,40.785,40.7577,40.785,40.7577,1636952400000000000,3
HCSG,521487,19.71,19.37,19.71,19.17,1636952400000000000,6628
HCTI,163646,2.67,2.57,2.74,2.53,1636952400000000000,732
HCVIU,6560,9.96,9.98,9.98,9.95,1636952400000000000,38
HCWB,267610,2.95,2.96,3.1,2.86,1636952400000000000,1089
HCXY,1564,27.06,27.25,27.33,27.06,1636952400000000000,13
HD,3630450,374.39,371.08,374.87,369.29,1636952400000000000,82176
HDAW,3202,25.06,24.9501,25.06,24.95,1636952400000000000,21
HDB,670192,71.84,70.98,72.34,70.96,1636952400000000000,7213
HDEF,169894,23.41,23.33,23.44,23.32,1636952400000000000,301
HDG,5971,52.91,52.61,52.98,52.61,1636952400000000000,74
HDGE,50682,23.7,24.02,24.07,23.7,1636952400000000000,215
HDIV,169,31.6193,31.6193,31.6193,31.6193,1636952400000000000,37
HDLB,39325,15.08,15.1502,15.2,15.08,1636952400000000000,171
HDMV,3312,31.97,31.8765,31.9845,31.8765,1636952400000000000,75
HDRO,82674,26.13,25.22,26.13,25.14,1636952400000000000,1094
HDSN,748634,4.77,3.95,4.78,3.9,1636952400000000000,3453
HDV,213341,99.38,99.44,99.5456,98.91,1636952400000000000,2567
HE,237536,40.19,40.56,40.57,40.075,1636952400000000000,3673
HEAR,185368,28.85,28.31,28.9,27.93,1636952400000000000,3304
HEDJ,42584,81.68,81.72,81.74,81.6,1636952400000000000,581
HEEM,7908,31.32,31.29,31.37,31.23,1636952400000000000,65
HEES,122131,47.69,46.45,47.69,46.3,1636952400000000000,2997
HEET,0,25.8318,25.8318,25.8318,25.8318,1636952400000000000,0
HEFA,168275,36.23,36.26,36.275,36.2,1636952400000000000,833
HEGD,34891,19.43,19.27,19.43,19.27,1636952400000000000,69
HEI,193097,146.03,146.6,147.17,145.66,1636952400000000000,4771
HEI.A,170592,135.06,136.26,136.48,135.06,1636952400000000000,2840
HELE,73660,249.57,245.71,249.57,244.35,1636952400000000000,3294
HELX,8375,51.17,50.1671,51.17,50.1671,1636952400000000000,58
HEP,158513,17.29,17.53,17.69,17.22,1636952400000000000,1986
HEPA,501629,1.46,1.47,1.49,1.4352,1636952400000000000,2090
HEPS,5477955,3.84,3.42,3.98,3.34,1636952400000000000,28734
HEQ,27682,13.15,13.12,13.25,13.08,1636952400000000000,120
HEQT,1085,25.295,25.25,25.3499,25.245,1636952400000000000,14
HERA,57599,9.77,9.77,9.78,9.76,1636952400000000000,301
HERAU,85241,10.01,10,10.01,10,1636952400000000000,280
HERAW,44801,1.01,1.02,1.05,0.995,1636952400000000000,229
HERO,100224,31.85,31.46,31.85,31.26,1636952400000000000,1553
HES,1299112,81.96,82.3,83.34,80.87,1636952400000000000,20907
HESM,515258,25.2,25.19,25.33,24.92,1636952400000000000,3467
HEWC,1485,34.54,34.4453,34.555,34.4453,1636952400000000000,20
HEWG,1781,33.72,33.7403,33.77,33.7156,1636952400000000000,16
HEWJ,219346,41.09,41.07,41.1,40.98,1636952400000000000,970
HEWU,217,23.8819,23.8738,23.8819,23.8738,1636952400000000000,7
HEXO,25016614,1.87,1.66,1.88,1.66,1636952400000000000,39746
HEZU,24762,38.81,38.81,38.839,38.74,1636952400000000000,238
HFBL,264,19.75,19.7501,19.7501,19.75,1636952400000000000,11
HFC,1405846,34.74,34.6,35.07,34.13,1636952400000000000,19268
HFFG,86666,8.06,8.25,8.25,8,1636952400000000000,1070
HFGO,5741,20.95,19.8546,20.95,19.85,1636952400000000000,49
HFRO,145147,11.25,11.26,11.28,11.24,1636952400000000000,653
HFROpA,5069,26.08,25.99,26.08,25.9604,1636952400000000000,12
HFWA,78195,25.98,25.94,26.11,25.77,1636952400000000000,1595
HFXI,5300,25.5097,25.59,25.59,25.45,1636952400000000000,60
HGBL,387739,1.9,1.86,1.9,1.69,1636952400000000000,1027
HGEN,1614545,6.4,6.62,6.8176,6.22,1636952400000000000,13026
HGH,33858,25.93,25.87,25.9499,25.85,1636952400000000000,339
HGLB,102718,9.5,9.51,9.52,9.45,1636952400000000000,272
HGSH,83493,2.25,2.2,2.3024,2.16,1636952400000000000,297
HGV,532602,51.54,51.95,52.16,50.76,1636952400000000000,9393
HHC,105478,93.63,93.2,93.63,92.41,1636952400000000000,2701
HHGCR,5450,0.35,0.300101,0.35,0.300101,1636952400000000000,2
HHGCU,108,10.495,10.495,10.495,10.495,1636952400000000000,2
HHGCW,34175,0.3712,0.41,0.41,0.3712,1636952400000000000,137
HHH,932,25,25.0318,25.0318,25,1636952400000000000,26
HHLA,6166,9.74,9.73,9.75,9.72,1636952400000000000,21
HHLA.U,2385,9.98,10.02,10.02,9.98,1636952400000000000,7
HHLA.WS,5038,0.62,0.5913,0.62,0.5613,1636952400000000000,15
HHR,385983,61.25,62.66,68.18,60.04,1636952400000000000,6530
HI,289948,49.84,48.56,49.84,48.32,1636952400000000000,5016
HIBB,232916,95.39,94.92,95.87,92.92,1636952400000000000,6863
HIBL,42819,84.31,83.27,84.3246,81.76,1636952400000000000,921
HIBS,122843,7.95,8.09,8.21,7.95,1636952400000000000,560
HIE,93908,10.53,10.5,10.56,10.5,1636952400000000000,267
HIFS,5671,390,391.65,399.0196,382.962,1636952400000000000,479
HIG,1120358,72.1,72.33,72.72,71.62,1636952400000000000,15884
HIGpG,15109,27.56,27.23,27.68,27.23,1636952400000000000,174
HIGA,20054,9.83,9.83,9.83,9.825,1636952400000000000,269
HIGA.WS,2500,0.8103,0.8351,0.8351,0.801201,1636952400000000000,4
HIHO,9194,4.115,4.17,4.1757,4.08,1636952400000000000,76
HII,234433,192.22,190.41,192.7191,189.58,1636952400000000000,6150
HIII,142571,9.74,9.77,9.77,9.74,1636952400000000000,82
HIIIU,299,9.88,9.88,9.88,9.88,1636952400000000000,7
HIIIW,516,0.81,0.81,0.81,0.81,1636952400000000000,7
HIL,76061,2.22,2.22,2.24,2.19,1636952400000000000,424
HIMS,5707971,7.58,8.17,8.205,7.52,1636952400000000000,25849
HIMX,3074591,10.48,10.21,10.59,10.04,1636952400000000000,16769
HIO,241090,5.27,5.25,5.27,5.22,1636952400000000000,511
HIPO,3400401,4.07,3.91,4.07,3.85,1636952400000000000,13655
HIPO.WS,81827,0.7,0.63,0.7,0.63,1636952400000000000,94
HIPS,17808,15.82,15.87,15.87,15.79,1636952400000000000,169
HITI,530856,7.92,7.85,7.98,7.4,1636952400000000000,4350
HIVE,11395543,4.415,4.22,4.4629,4.11,1636952400000000000,31004
HIW,524519,47.25,47.28,47.575,47.14,1636952400000000000,7172
HIX,121567,7.3,7.25,7.3,7.24,1636952400000000000,413
HJEN,47056,25.65,24.87,25.715,24.861,1636952400000000000,341
HJPX,101,36.8965,36.8965,36.8965,36.8965,1636952400000000000,3
HKIB,3940,3.54,3.54,3.54,3.53,1636952400000000000,29
HKND,1864,29.34,29.2345,29.34,29.2345,1636952400000000000,54
HL,4977216,6.4,6.29,6.42,6.21,1636952400000000000,15873
HLpB,380,57.4999,57.5897,57.5897,57.4999,1636952400000000000,5
HLAH,1473,9.77,9.75,9.78,9.75,1636952400000000000,28
HLAHU,872,9.99,9.99,9.99,9.99,1636952400000000000,2
HLAHW,390,0.8,0.7712,0.8,0.7712,1636952400000000000,3
HLAL,22547,41.37,41.22,41.37,41.1301,1636952400000000000,331
HLBZ,1401497,10.8,11.75,12.1,10.69,1636952400000000000,8345
HLBZW,187541,1.37,1.5504,1.69,1.37,1636952400000000000,884
HLF,835108,42.27,42.29,42.81,41.93,1636952400000000000,10732
HLG,6134,29,28.0895,30.4665,28.0895,1636952400000000000,143
HLGE,47,27.9803,27.9803,27.9803,27.9803,1636952400000000000,4
HLI,301183,119.04,116.24,119.6,115.685,1636952400000000000,6017
HLIO,66970,107.61,108.02,108.45,107.04,1636952400000000000,1488
HLIT,714506,10.72,10.77,10.8499,10.62,1636952400000000000,7946
HLLY,283036,13.19,13.4,13.54,13.03,1636952400000000000,3655
HLLY.WS,68917,3.9,3.96,3.995,3.78,1636952400000000000,421
HLMN,512910,10.8,10.87,10.99,10.78,1636952400000000000,6327
HLMNW,11071,2.62,2.66,2.67,2.59,1636952400000000000,73
HLNE,287338,110.4,112,114.01,109.45,1636952400000000000,6205
HLT,950439,144.25,142.91,144.41,142.42,1636952400000000000,16255
HLTH,841465,11.47,12.45,12.5,11.26,1636952400000000000,8584
HLX,1160169,3.8,3.76,3.83,3.685,1636952400000000000,4762
HLXA,5805,9.87,9.915,9.92,9.87,1636952400000000000,36
HMC,845258,29.24,29.23,29.3,29.14,1636952400000000000,8187
HMCO,2710,9.875,9.91,9.91,9.875,1636952400000000000,46
HMCOU,15213,10.32,10.41,10.41,10.32,1636952400000000000,52
HMCOW,70671,1.04,1.04,1.14,1.02,1636952400000000000,130
HMG,2286,16.95,17.48,17.49,16.95,1636952400000000000,29
HMHC,953677,16.75,16.23,16.75,15.99,1636952400000000000,9562
HMLP,102976,4.7,4.6,4.7,4.57,1636952400000000000,972
HMLPpA,41404,22.21,22.1001,22.5,22.05,1636952400000000000,308
HMN,167728,41.17,40.76,41.26,40.67,1636952400000000000,2073
HMNF,4419,23.77,23.77,23.8,23.77,1636952400000000000,51
HMOP,13369,41.82,41.8,41.8231,41.76,1636952400000000000,101
HMPT,305925,4.6,4.06,4.71,3.99,1636952400000000000,1588
HMST,294266,52.02,52.2,52.89,51.67,1636952400000000000,3125
HMTV,29045,11.19,11.34,11.34,10.97,1636952400000000000,429
HMY,3776758,4.1,4.14,4.15,4.05,1636952400000000000,11335
HNDL,563885,25.88,25.88,25.922,25.81,1636952400000000000,2104
HNGR,207463,20.55,19.76,20.6695,19.51,1636952400000000000,3092
HNI,156764,41.37,41.25,41.37,40.72,1636952400000000000,3267
HNNA,4421,10.67,10.71,10.8499,10.67,1636952400000000000,69
HNNAZ,5952,25.7,25.65,25.74,25.65,1636952400000000000,20
HNP,8941,17.73,17.52,17.73,17.5,1636952400000000000,197
HNRG,480265,2.68,2.43,2.69,2.4,1636952400000000000,1757
HNST,2307386,9.99,9.53,10.01,9.49,1636952400000000000,17050
HNW,62113,16.01,16.01,16.098,15.9199,1636952400000000000,214
HOFT,33227,26.79,26.26,26.79,26.0301,1636952400000000000,739
HOFV,1398531,2.33,2.4,2.42,2.25,1636952400000000000,6879
HOFVW,56045,0.5002,0.5798,0.5799,0.5,1636952400000000000,164
HOG,863126,38.86,38.67,39.36,38.59,1636952400000000000,12214
HOLD,12,98.5,98.5,98.5,98.5,1636952400000000000,3
HOLI,794992,16.58,16.62,17.19,16.48,1636952400000000000,5679
HOLX,1133517,73.68,73.25,74.15,72.9,1636952400000000000,15227
HOM,1056,9.93,9.905,9.93,9.905,1636952400000000000,14
HOMB,500929,26.21,26.26,26.325,25.95,1636952400000000000,5473
HOMZ,4343,43.92,43.7231,43.92,43.71,1636952400000000000,93
HON,1207254,222.63,222.47,224.0408,221.64,1636952400000000000,28313
HONE,92364,14.96,14.96,14.96,14.84,1636952400000000000,1355
HOOD,6219582,35.5,34.96,35.61,34.23,1636952400000000000,64017
HOOK,453694,4.15,3.94,4.16,3.9,1636952400000000000,3510
HOPE,715515,15.39,15.61,15.65,15.35,1636952400000000000,7538
HOTH,200154,1.06,1.02,1.06,1.02,1636952400000000000,403
HOV,50667,88.81,88.01,88.9,86,1636952400000000000,1476
HOVNP,2856,16.7816,16.58,16.8,16.58,1636952400000000000,16
HOWL,15087,15.55,15.98,16.0682,15.5001,1636952400000000000,580
HP,661255,32.97,32.64,33.13,32.21,1636952400000000000,8796
HPE,10511468,14.62,14.7,14.765,14.415,1636952400000000000,50248
HPF,27978,21.83,21.67,21.85,21.66,1636952400000000000,159
HPI,37000,21.69,21.47,21.81,21.4243,1636952400000000000,263
HPK,79278,14.11,13.95,14.11,13.22,1636952400000000000,1349
HPKEW,48386,4.8,5,5,4.235,1636952400000000000,267
HPLTU,625,9.9342,9.9342,9.9342,9.9342,1636952400000000000,1
HPP,883586,26.91,27.55,27.57,26.82,1636952400000000000,7464
HPQ,7079439,31.92,31.35,32.03,31.225,1636952400000000000,43000
HPS,29320,19.36,19.22,19.38,19.22,1636952400000000000,160
HPX,1605,9.85,9.84,9.85,9.84,1636952400000000000,16
HPX.WS,1550,0.74,0.7301,0.75,0.6934,1636952400000000000,8
HQH,92389,25.34,25.24,25.4497,25.17,1636952400000000000,644
HQI,47723,23,24.39,25.6865,23,1636952400000000000,1126
HQL,33754,20.57,20.54,20.7188,20.52,1636952400000000000,266
HQY,295950,68.13,67.34,68.13,66.8791,1636952400000000000,4901
HR,836994,32.35,32.38,32.4,32.03,1636952400000000000,8001
HRB,869378,24.53,24.55,24.7,24.47,1636952400000000000,10664
HRC,545071,155.19,155.36,155.5,155.13,1636952400000000000,4861
HRI,168493,195.99,192.37,196.05,190.79,1636952400000000000,4024
HRL,2141793,43.5,43.43,43.545,43.13,1636952400000000000,21525
HRMY,274840,43.19,41.01,43.19,40.81,1636952400000000000,4741
HROW,192884,11.23,10.78,11.58,10.64,1636952400000000000,1511
HROWL,10563,26.47,26.4807,26.5349,26.46,1636952400000000000,62
HRT,667838,17.7,17.91,18.99,17.59,1636952400000000000,3936
HRTG,174572,6.64,6.65,6.6781,6.58,1636952400000000000,2351
HRTX,2278149,11.51,10.93,11.53,10.825,1636952400000000000,13970
HRZN,725782,17.74,18.5,19.08,17.6912,1636952400000000000,4289
HSAQ,34562,9.87,9.87,9.88,9.86,1636952400000000000,82
HSBC,2186528,29.24,29.28,29.355,29.18,1636952400000000000,9784
HSC,547277,15.17,14.98,15.3,14.81,1636952400000000000,3735
HSCZ,7921,38.269,38.2335,38.2899,38.2116,1636952400000000000,43
HSDT,42261,8.55,8.18,8.58,8.05,1636952400000000000,332
HSIC,377373,79.59,78.46,79.7,78.24,1636952400000000000,6552
HSII,234557,47.12,47.45,47.52,46.035,1636952400000000000,2195
HSKA,61806,182.15,174.97,182.15,173.19,1636952400000000000,2618
HSMV,472,34.73,34.7561,34.771,34.73,1636952400000000000,11
HSON,52315,26.2,27.09,28.95,26.2,1636952400000000000,492
HSRT,6687,40.74,40.71,40.7433,40.6787,1636952400000000000,17
HST,8983728,17.92,17.92,18.005,17.81,1636952400000000000,31631
HSTM,303119,27.07,26.03,27.49,25.99,1636952400000000000,2068
HSTO,656400,0.635,0.6238,0.6425,0.61,1636952400000000000,1220
HSUN,2,39.575,39.575,39.575,39.575,1636952400000000000,1
HSY,641764,178.09,177.47,178.48,176.62,1636952400000000000,13822
HT,310450,11.24,11.2,11.24,11.01,1636952400000000000,2552
HTpC,693,24,23.772,24,23.772,1636952400000000000,13
HTpD,33979,23.5,23.85,24.2499,23.5,1636952400000000000,194
HTpE,8634,24.01,23.8,24.0554,23.63,1636952400000000000,95
HTA,856209,34.25,34.63,34.64,34.01,1636952400000000000,8332
HTAB,4818,21.565,21.555,21.6299,21.55,1636952400000000000,34
HTAQ.U,12670,10.0679,10.1,10.13,10.0679,1636952400000000000,33
HTBI,35903,31.11,31.5,31.5,31.08,1636952400000000000,916
HTBK,103880,12.14,12.08,12.14,11.98,1636952400000000000,1417
HTBX,393530,5.08,4.91,5.15,4.83,1636952400000000000,2831
HTD,39073,24.61,24.64,24.7,24.55,1636952400000000000,493
HTEC,14804,46.28,45.5929,46.28,45.5788,1636952400000000000,229
HTGC,754730,17.21,17.08,17.28,17.05,1636952400000000000,5434
HTGM,39631,5.09,5.26,5.26,4.91,1636952400000000000,198
HTH,280640,37.38,36.9,37.4,36.77,1636952400000000000,4823
HTHT,1635616,48.52,47.25,48.71,47.05,1636952400000000000,16155
HTIA,15859,25.3,25.24,25.508,25.18,1636952400000000000,70
HTIBP,18774,25.27,25.185,25.3,25.15,1636952400000000000,59
HTLD,166202,17.4,17.29,17.46,17.185,1636952400000000000,2664
HTLF,135127,51.55,51.9,51.94,51.38,1636952400000000000,2342
HTLFP,6603,27.9,27.81,27.93,27.53,1636952400000000000,30
HTOO,56345,12.57,12.7,13.2,12.3,1636952400000000000,713
HTOOW,2251,4.19,4.4,4.41,4.19,1636952400000000000,19
HTPA,130740,9.95,9.955,9.965,9.93,1636952400000000000,337
HTPA.WS,1602,2.08,2.1,2.1,2.08,1636952400000000000,14
HTRB,26562,40.55,40.48,40.5782,40.4601,1636952400000000000,152
HTUS,647,35.25,35.21,35.251,35.21,1636952400000000000,40
HTY,11976,6.6,6.58,6.6,6.5799,1636952400000000000,87
HTZ,7212876,26.98,24.92,27.18,24.5,1636952400000000000,37628
HTZWW,682216,17.6,15.9,17.692,15.74,1636952400000000000,3633
HUBB,170467,208.46,208.27,208.82,206.7501,1636952400000000000,4131
HUBG,158932,84.6,85.47,85.645,83.805,1636952400000000000,3682
HUBS,265683,840,832.02,842.69,823.16,1636952400000000000,9896
HUDI,249666,20.825,19.78,21.3,19,1636952400000000000,2584
HUGE,634267,1.53,1.58,1.6,1.53,1636952400000000000,2683
HUGS,755957,10.46,10.5,10.51,10.37,1636952400000000000,2958
HUGS.U,1995,11.17,11.22,11.23,11.17,1636952400000000000,30
HUGS.WS,123393,2.3,2.34,2.38,2.2,1636952400000000000,404
HUIZ,86714,1.91,1.84,1.925,1.82,1636952400000000000,425
HUM,610383,445.49,438.19,445.49,437.52,1636952400000000000,12329
HUMA,1034993,10.33,10.68,11.75,10.1901,1636952400000000000,7442
HUMAW,48694,3.17,3.425,3.75,3,1636952400000000000,329
HUN,1822314,33.93,33.31,33.95,33.18,1636952400000000000,16622
HURC,29376,34.38,33.9,34.65,33,1636952400000000000,491
HURN,38260,52.05,52.26,52.82,51.9,1636952400000000000,1503
HUSA,144349,1.83,1.84,1.8599,1.77,1636952400000000000,387
HUSN,38308,2.3775,2.34,2.3902,2.256,1636952400000000000,188
HUSV,7177,34.06,34.05,34.07,33.9521,1636952400000000000,84
HUT,8459002,15.39,14.63,15.5,14.37,1636952400000000000,48946
HUYA,4083191,10.13,9.55,10.19,9.29,1636952400000000000,21313
HVAL,2,25.9322,25.9322,25.9322,25.9322,1636952400000000000,2
HVBC,709,21.8101,21.81,21.84,21.81,1636952400000000000,11
HVT,448612,34.34,33.98,34.78,33.53,1636952400000000000,6863
HVT.A,1220,34.85,34.05,35.2199,34.05,1636952400000000000,9
HWBK,10905,26,25.74,26.06,25.46,1636952400000000000,77
HWC,201201,53.07,53.18,53.51,52.875,1636952400000000000,4184
HWCPZ,11733,28.12,28.2999,28.3,27.95,1636952400000000000,97
HWEL,11597,9.7095,9.68,9.7095,9.67,1636952400000000000,9
HWELU,13249,9.95,9.96,9.96,9.95,1636952400000000000,29
HWELW,5017,0.6179,0.6119,0.666,0.6099,1636952400000000000,36
HWKN,37188,37.1,36.49,37.1,36.385,1636952400000000000,1059
HWKZ.U,555597,9.9,9.91,9.915,9.8692,1636952400000000000,1013
HWM,4149563,32.41,33.05,33.16,32.17,1636952400000000000,26340
HWMp,101,77.0325,77.0325,77.0325,77.0325,1636952400000000000,2
HX,701956,3.77,3.58,3.84,3.44,1636952400000000000,2114
HXL,430479,63.17,63.17,63.76,62.28,1636952400000000000,6872
HY,132048,43.93,44.02,44.67,43.25,1636952400000000000,1504
HYACW,200,0.8105,0.903751,0.903751,0.8105,1636952400000000000,2
HYB,77852,9.84,9.77,9.85,9.73,1636952400000000000,443
HYBB,1622,52.03,51.9972,52.03,51.9972,1636952400000000000,17
HYD,319946,62.42,62.36,62.44,62.315,1636952400000000000,2217
HYDB,41975,51.6,51.53,51.6128,51.515,1636952400000000000,106
HYDR,43876,28.62,27.6,28.62,27.56,1636952400000000000,1096
HYDW,1397,50.45,50.46,50.47,50.44,1636952400000000000,22
HYEM,290851,22.65,22.7,22.74,22.65,1636952400000000000,735
HYFM,626854,43.76,43.39,45.01,42.8302,1636952400000000000,9957
HYG,17056830,86.91,86.75,86.92,86.73,1636952400000000000,36491
HYGH,1410,87.855,87.8,87.855,87.74,1636952400000000000,46
HYGV,71354,49.5,49.49,49.5259,49.4,1636952400000000000,209
HYHG,8539,62.99,62.93,63,62.75,1636952400000000000,60
HYI,66312,15.88,15.78,15.8922,15.67,1636952400000000000,254
HYIN,1521,25.8,25.7611,25.8852,25.7611,1636952400000000000,25
HYLB,825360,39.79,39.72,39.79,39.7015,1636952400000000000,3049
HYLD,22528,31.91,31.98,32.11,31.91,1636952400000000000,136
HYLN,2425567,7.85,7.57,7.86,7.485,1636952400000000000,15057
HYLS,178291,47.84,47.78,47.8699,47.78,1636952400000000000,669
HYLV,1896,25.01,24.9395,25.01,24.9395,1636952400000000000,24
HYMB,102376,59.96,59.89,59.97,59.88,1636952400000000000,675
HYMC,1145516,1.09,0.963,1.09,0.951,1636952400000000000,3047
HYMCL,128972,0.1511,0.1426,0.17,0.14,1636952400000000000,139
HYMCW,440534,0.1481,0.134,0.176999,0.1318,1636952400000000000,467
HYMCZ,7357,0.2617,0.2626,0.2725,0.2601,1636952400000000000,56
HYMU,2039,26.33,26.28,26.33,26.28,1636952400000000000,16
HYRE,1029967,7.3,6.76,7.3,6.35,1636952400000000000,7923
HYS,96955,99.15,98.87,99.15,98.86,1636952400000000000,702
HYT,239127,12.34,12.35,12.3587,12.3,1636952400000000000,890
HYTR,835,26.31,23.8651,26.31,23.8651,1636952400000000000,12
HYUP,3805,47.61,47.595,47.649,47.5941,1636952400000000000,19
HYW,19941,6,6.123,6.123,5.87,1636952400000000000,79
HYXF,6266,51.92,51.8,51.92,51.8,1636952400000000000,63
HYXU,981,54.415,54.1568,54.415,54.1568,1636952400000000000,73
HYZD,78684,22.39,22.24,22.42,22.23,1636952400000000000,304
HYZN,5210151,7.45,7.74,7.84,7.21,1636952400000000000,27111
HYZNW,71260,2.34,2.28,2.34,2.02,1636952400000000000,533
HZN,8551,7.49,7.22,7.49,7.19,1636952400000000000,162
HZNP,1566388,109.77,109.51,110.125,108.42,1636952400000000000,14655
HZO,143647,57.04,56.85,57.06,56.22,1636952400000000000,4164
HZON,190593,9.81,9.84,9.91,9.81,1636952400000000000,541
HZON.U,2680,10.26,10.26,10.26,10.21,1636952400000000000,17
HZON.WS,120832,1.16,1.19,1.23,1.14,1636952400000000000,312
IAA,680463,53.4,53.58,53.68,53.15,1636952400000000000,7031
IAC,405325,137,133.8,137.82,133.5,1636952400000000000,11883
IACB,897443,10,9.97,10,9.97,1636952400000000000,129
IACB.WS,82098,1.465,1.57,1.578,1.4608,1636952400000000000,105
IACC,141,9.78,9.78,9.78,9.78,1636952400000000000,6
IAE,32476,8.52,8.54,8.56,8.51,1636952400000000000,122
IAF,44578,6.3,6.33,6.36,6.29,1636952400000000000,143
IAG,7637650,3.32,3.43,3.44,3.281,1636952400000000000,9060
IAGG,183381,55.3,55.04,55.3,55.01,1636952400000000000,1525
IAI,34363,113.84,113.48,114.03,113.3,1636952400000000000,497
IAK,1268,83.99,83.9,84.02,83.9,1636952400000000000,48
IAPR,746,26.03,26.0951,26.0951,26.03,1636952400000000000,8
IART,237756,68.29,68.39,69.2775,67.7,1636952400000000000,4723
IAS,1096852,27.2,25.12,27.52,24.96,1636952400000000000,5859
IAT,61760,65.26,65.41,65.65,65.13,1636952400000000000,863
IAU,9833002,35.45,35.45,35.54,35.36,1636952400000000000,11094
IAUF,3399,57.08,57.07,57.18,56.99,1636952400000000000,66
IAUM,14177,18.63,18.625,18.669,18.59,1636952400000000000,82
IBA,10187,41.78,42.1164,42.12,41.65,1636952400000000000,168
IBB,972205,154.45,153.18,154.5,152.89,1636952400000000000,17109
IBBJ,1401,29.88,29.925,29.96,29.88,1636952400000000000,18
IBBQ,10925,24.4301,24.32,24.49,24.29,1636952400000000000,107
IBCE,5887,24.63,24.61,24.63,24.61,1636952400000000000,5
IBCP,83039,24.25,23.68,24.25,23.45,1636952400000000000,1841
IBD,17689,25.79,25.85,25.96,25.79,1636952400000000000,98
IBDD,2469,26.9128,26.86,26.9128,26.8101,1636952400000000000,21
IBDM,109429,24.71,24.715,24.72,24.71,1636952400000000000,378
IBDN,83901,25.23,25.235,25.24,25.23,1636952400000000000,343
IBDO,197381,25.83,25.84,25.85,25.83,1636952400000000000,519
IBDP,109849,26.02,26.01,26.04,26,1636952400000000000,442
IBDQ,110531,26.57,26.56,26.59,26.54,1636952400000000000,380
IBDR,121881,26.13,26.11,26.17,26.09,1636952400000000000,658
IBDS,89274,26.56,26.54,26.59,26.52,1636952400000000000,572
IBDT,17005,28.4,28.31,28.42,28.31,1636952400000000000,100
IBDU,18920,26.4,26.2906,26.4,26.29,1636952400000000000,107
IBDV,12862,25.26,24.9948,25.36,24.99,1636952400000000000,97
IBDW,1436,24.79,24.7039,24.79,24.7039,1636952400000000000,10
IBER.WS,522,0.57,0.57,0.57,0.57,1636952400000000000,11
IBEX,81493,17.7887,18.32,18.45,17.51,1636952400000000000,403
IBHA,1170,24.111,24.145,24.145,24.11,1636952400000000000,12
IBHB,7634,24.14,24.165,24.18,24.14,1636952400000000000,26
IBHC,8516,24.6,24.58,24.6,24.51,1636952400000000000,80
IBHD,9575,24.56,24.535,24.6,24.535,1636952400000000000,61
IBHE,2896,24.93,24.8602,24.93,24.83,1636952400000000000,30
IBHF,639,25.365,25.37,25.39,25.365,1636952400000000000,10
IBHG,0,24.84,24.84,24.84,24.84,1636952400000000000,0
IBIO,4831045,0.7644,0.75,0.766,0.73,1636952400000000000,9792
IBKR,664425,73.73,74.03,75.16,73.39,1636952400000000000,8741
IBM,4971255,119.54,118.87,120.16,118.31,1636952400000000000,67234
IBMJ,2857,25.5618,25.5651,25.5651,25.56,1636952400000000000,16
IBMK,34502,26.101,26.1,26.1168,26.09,1636952400000000000,152
IBML,17591,25.92,25.96,25.9696,25.92,1636952400000000000,54
IBMM,9767,26.875,26.84,26.89,26.8362,1636952400000000000,41
IBMN,8335,27.885,27.8748,27.899,27.85,1636952400000000000,31
IBMO,7389,26.84,26.8299,26.85,26.8201,1636952400000000000,38
IBMP,2333,26.96,26.9598,26.99,26.9598,1636952400000000000,17
IBMQ,1046,27.195,27.1849,27.2,27.17,1636952400000000000,6
IBN,2138130,20.69,20.52,20.7,20.51,1636952400000000000,9802
IBND,13115,34.87,34.5952,34.8781,34.5952,1636952400000000000,165
IBOC,348358,45.44,44.8,45.44,44.59,1636952400000000000,2089
IBP,88114,134.48,132.19,134.48,131.86,1636952400000000000,2241
IBRX,1109487,7.85,7.14,7.85,7.11,1636952400000000000,8084
IBTA,4288,25.342,25.345,25.36,25.342,1636952400000000000,27
IBTB,4046,25.43,25.42,25.43,25.41,1636952400000000000,19
IBTD,16076,25.5401,25.545,25.56,25.54,1636952400000000000,35
IBTE,39454,25.5101,25.505,25.5199,25.4902,1636952400000000000,64
IBTF,947,25.3701,25.37,25.3701,25.37,1636952400000000000,9
IBTH,46993,25.1,25.085,25.11,25.08,1636952400000000000,61
IBTX,107286,73.85,73.68,74.14,73.13,1636952400000000000,2582
IBUY,75515,113.5,112.99,114,112.505,1636952400000000000,1298
ICAD,179357,9,8.59,9.0357,8.51,1636952400000000000,2894
ICCC,516,9.2,9.2,9.2,9.2,1636952400000000000,22
ICCH,684,17,17,17,17,1636952400000000000,28
ICCM,36412,6.15,6,6.35,6,1636952400000000000,143
ICD,114038,3.62,3.59,3.6593,3.41,1636952400000000000,984
ICE,1367226,135.67,135.29,136.15,134.83,1636952400000000000,18311
ICF,107457,70.89,71.3,71.32,70.66,1636952400000000000,1092
ICFI,57267,105.11,104.76,105.3,103.87,1636952400000000000,1373
ICHR,231479,49.01,48.56,49.735,47.5,1636952400000000000,4597
ICL,117384,8.83,8.8,8.88,8.7516,1636952400000000000,893
ICLK,290438,7.08,7.34,7.44,7,1636952400000000000,1930
ICLN,4020316,25.08,24.78,25.11,24.65,1636952400000000000,18076
ICLR,278433,285.12,282.14,287.575,281.89,1636952400000000000,5931
ICMB,51831,5.63,5.7,5.72,5.6127,1636952400000000000,260
ICNC.U,125,10.1134,10.1134,10.1134,10.1134,1636952400000000000,1
ICOL,4444,10.365,10.325,10.3793,10.29,1636952400000000000,43
ICOW,5942,31.43,31.37,31.488,31.37,1636952400000000000,59
ICPT,911101,19.24,17.67,19.3,17.64,1636952400000000000,7406
ICRpA,1580,25.1899,25.15,25.19,25.15,1636952400000000000,8
ICSH,660821,50.44,50.44,50.45,50.43,1636952400000000000,1693
ICUI,117919,244.23,244.31,244.44,240.96,1636952400000000000,3513
ICVT,473750,104.29,103.49,104.29,103.2142,1636952400000000000,2615
ICVX,55602,26.87,25.03,26.87,24.61,1636952400000000000,1311
ID,37348,3.31,3.15,3.35,3.12,1636952400000000000,304
IDA,144209,102.97,104.6,104.62,102.47,1636952400000000000,4212
IDAT,1803,29.42,29.29,29.42,29.23,1636952400000000000,49
IDBA,2355,27.62,28.875,30,27.62,1636952400000000000,91
IDCC,122562,72.81,72.4,72.81,71.7,1636952400000000000,2868
IDE,45867,12.34,12.33,12.49,12.32,1636952400000000000,243
IDEV,167887,70.12,69.81,70.12,69.78,1636952400000000000,1460
IDEX,17506792,2.1,1.96,2.1,1.91,1636952400000000000,31856
IDHD,582,27.16,27.075,27.16,27.075,1636952400000000000,11
IDHQ,2255,32.25,32.0864,32.2715,32.0864,1636952400000000000,39
IDIV,18360,10.02,9.97,10.02,9.96,1636952400000000000,208
IDLV,15898,32.02,31.915,32.04,31.91,1636952400000000000,159
IDME,32592,25.3493,25.2,25.3493,25.2,1636952400000000000,69
IDMO,656,38.153,38.1535,38.1535,38.153,1636952400000000000,18
IDN,153027,6.38,6.03,6.49,5.965,1636952400000000000,1740
IDNA,76255,48.31,47.75,48.31,47.75,1636952400000000000,658
IDOG,2841,27.78,27.685,27.78,27.631,1636952400000000000,24
IDRA,357455,0.8356,0.8262,0.84,0.823,1636952400000000000,1225
IDRV,113417,55.7,55.18,55.7,54.86,1636952400000000000,1585
IDT,251448,66,65.68,66.94,63.9,1636952400000000000,5516
IDU,19519,83.44,84.07,84.11,83.29,1636952400000000000,498
IDV,397901,31.29,31.12,31.31,31.115,1636952400000000000,1796
IDW,2886,2.99,2.97,2.99,2.95,1636952400000000000,37
IDX,176586,20.38,20.22,20.38,20.16,1636952400000000000,490
IDXX,237065,627.56,618.96,628.71,618.8,1636952400000000000,9643
IDYA,323545,22.3,23.37,23.419,22.29,1636952400000000000,4461
IEA,516348,12.36,12.11,12.4098,11.97,1636952400000000000,5134
IEAWW,100418,1.7,1.62,1.7,1.6,1636952400000000000,129
IECS,666,33.3,33.3933,33.42,33.3,1636952400000000000,14
IEDI,3039,48.19,48.08,48.39,48.08,1636952400000000000,45
IEF,7807394,114.55,114.17,114.5786,114.13,1636952400000000000,19695
IEFA,5398291,77.49,77.12,77.49,77.07,1636952400000000000,14278
IEFN,763,34.31,34.1975,34.31,34.1975,1636952400000000000,48
IEHS,1486,44.42,43.7878,44.42,43.77,1636952400000000000,92
IEI,688696,128.8,128.63,128.82,128.6,1636952400000000000,4010
IEIH,3120,35.16,34.86,35.16,34.86,1636952400000000000,56
IEME,1480,36.52,36.51,36.5728,36.4662,1636952400000000000,31
IEMG,10626201,63.99,63.65,64.02,63.59,1636952400000000000,27992
IEO,76548,63.99,64.52,65.11,63.3601,1636952400000000000,687
IEP,475668,55.0068,54.51,55.236,54.5,1636952400000000000,5275
IESC,30468,54.48,53.87,54.77,53.33,1636952400000000000,661
IETC,47977,61.85,61.63,61.915,61.3562,1636952400000000000,335
IEUR,595356,59.7,59.39,59.71,59.33,1636952400000000000,3107
IEUS,6115,72.36,72.04,72.4493,71.8915,1636952400000000000,98
IEV,238801,55.47,55.17,55.48,55.145,1636952400000000000,1459
IEX,205522,235.74,234.61,236.385,233.69,1636952400000000000,4899
IEZ,97362,14.15,14.13,14.21,13.96,1636952400000000000,823
IFBD,79486,2.12,2.1,2.1604,2.0601,1636952400000000000,402
IFED,26800,27.5,27.4355,27.74,27.39,1636952400000000000,190
IFF,1448783,152.38,152.36,152.52,150.74,1636952400000000000,11419
IFGL,42090,29.07,29,29.2199,28.97,1636952400000000000,246
IFMK,1434610,1.25,1.34,1.35,1.19,1636952400000000000,4237
IFN,91168,23.19,23.17,23.2299,23.1536,1636952400000000000,604
IFRA,134939,38.02,37.9,38.045,37.75,1636952400000000000,1157
IFRX,1686909,5.47,4.9,5.6856,4.84,1636952400000000000,6068
IFS,16541,24.84,24.76,25.05,24.6,1636952400000000000,312
IFV,12518,23.8,23.7351,23.9099,23.66,1636952400000000000,67
IG,3661,26.47,26.3576,26.47,26.3576,1636952400000000000,30
IGA,49245,10.27,10.24,10.27,10.2155,1636952400000000000,175
IGAC,21559,9.85,9.82,9.8559,9.8,1636952400000000000,97
IGACU,1852,10.28,10.3,10.3,10.28,1636952400000000000,11
IGACW,56796,0.9211,0.955,0.9625,0.9211,1636952400000000000,111
IGBH,92249,25.35,25.37,25.4185,25.34,1636952400000000000,143
IGC,2312033,1.5,1.57,1.61,1.5,1636952400000000000,6310
IGD,217202,6.07,6.05,6.07,6.04,1636952400000000000,552
IGE,122297,32.49,32.65,32.79,32.24,1636952400000000000,967
IGEB,6035,53.42,53.3145,53.5,53.3145,1636952400000000000,62
IGF,168636,47.9,47.83,47.945,47.73,1636952400000000000,1419
IGHG,49736,75.23,75.08,75.24,75.01,1636952400000000000,269
IGI,16447,22.45,22.2936,22.5,22.04,1636952400000000000,77
IGIB,1203187,59.5,59.26,59.52,59.26,1636952400000000000,4993
IGIC,266555,8.43,8.48,8.73,8.41,1636952400000000000,386
IGLB,586914,69.98,69.27,70,69.27,1636952400000000000,2305
IGLD,1093,20.69,20.6949,20.79,20.69,1636952400000000000,17
IGM,43333,446.71,445.35,447.95,443.4,1636952400000000000,951
IGMS,226348,60.05,59.99,60.65,58.81,1636952400000000000,3645
IGN,7487,78.74,78.0761,78.74,77.85,1636952400000000000,131
IGNYW,2500,0.735001,0.74,0.74,0.735001,1636952400000000000,15
IGOV,68881,51.07,50.71,51.07,50.71,1636952400000000000,435
IGR,176761,9.39,9.35,9.39,9.32,1636952400000000000,860
IGRO,7570,68.25,67.9796,68.28,67.9796,1636952400000000000,100
IGSB,2340888,54.17,54.09,54.17,54.09,1636952400000000000,5011
IGT,1778372,30.59,29.64,30.66,29.6,1636952400000000000,16360
IGV,446736,444.09,440.76,444.09,438.145,1636952400000000000,13518
IH,6783,4.63,4.88,4.88,4.53,1636952400000000000,129
IHAK,99465,48.52,47.78,48.52,47.57,1636952400000000000,1258
IHC,56188,56.59,56.57,56.665,56.45,1636952400000000000,480
IHD,31234,7.59,7.54,7.59,7.51,1636952400000000000,183
IHDG,44599,45.56,45.52,45.56,45.46,1636952400000000000,366
IHE,2232,195.85,193.951,195.85,193.951,1636952400000000000,108
IHF,11750,282.45,278.93,282.45,278.8501,1636952400000000000,555
IHG,63195,68.57,68,68.65,67.96,1636952400000000000,1210
IHI,622371,65.18,64.53,65.24,64.41,1636952400000000000,7760
IHIT,23702,9.9092,9.88,9.9308,9.85,1636952400000000000,33
IHRT,727423,22.335,22.38,22.61,22.08,1636952400000000000,8741
IHS,363056,16.16,15.68,16.29,15.5,1636952400000000000,3269
IHT,29295,3.89,3.87,3.96,3.8,1636952400000000000,188
IHTA,5134,9.95,9.926,9.95,9.91,1636952400000000000,7
IHY,12076,24.38,24.245,24.39,24.23,1636952400000000000,107
IHYF,1816,25.54,25.54,25.56,25.53,1636952400000000000,20
IIAC,160094,10.04,10,10.045,9.97,1636952400000000000,379
IIAC.WS,9691,1.59,1.67,1.67,1.54,1636952400000000000,29
IIF,30039,28.17,28.1,28.3672,28.05,1636952400000000000,149
IIGD,5345,26.41,26.37,26.41,26.37,1636952400000000000,53
IIGV,695,27.18,27.0977,27.18,27.0977,1636952400000000000,9
III,646925,9.58,9.04,9.6,8.96,1636952400000000000,2767
IIII,100,9.805,9.805,9.805,9.805,1636952400000000000,1
IIIIW,333,0.74,0.74,0.74,0.74,1636952400000000000,1
IIIN,88001,43.55,43.33,43.755,43.01,1636952400000000000,1403
IIIV,411637,21.98,22.41,22.47,21.94,1636952400000000000,4130
IIM,135098,16.83,16.67,16.87,16.53,1636952400000000000,452
IIN,175724,20.71,19.74,21.29,19.6,1636952400000000000,798
IINN,329539,3.74,3.74,3.75,3.57,1636952400000000000,1351
IINNW,13134,0.97,0.91,0.97,0.91,1636952400000000000,46
IIPR,171434,280.27,286.21,286.44,280.27,1636952400000000000,7329
IIPRpA,1389,35.25,34.13,35.25,34.1,1636952400000000000,25
IIVI,642771,65.5,65.35,66.055,64.94,1636952400000000000,10071
IIVIP,641,273.65,275.54,275.54,273.65,1636952400000000000,39
IJAN,2275,27.27,27.28,27.28,27.25,1636952400000000000,24
IJH,698964,290.84,290.18,290.84,289.46,1636952400000000000,10368
IJJ,611421,113.5,113.35,113.5,112.9317,1636952400000000000,1151
IJK,92445,87.95,87.52,87.95,87.39,1636952400000000000,926
IJR,4452732,120.23,119.55,120.29,119.0827,1636952400000000000,38728
IJS,213463,110.31,110.1,110.46,109.52,1636952400000000000,2109
IJT,80652,143.4,142.6,143.4,142.0664,1636952400000000000,939
IJUL,15159,24.7,24.6532,24.7257,24.6532,1636952400000000000,12
IKNA,134370,17.06,16.2,17.5,16.03,1636952400000000000,2622
IKNX,36874,33.7,33.6,33.7,32,1636952400000000000,327
IKT,112378,2,2.06,2.07,2,1636952400000000000,311
ILCB,8381,66.11,66.05,66.21,65.93,1636952400000000000,110
ILCG,155768,72.53,72.17,72.53,71.9373,1636952400000000000,1157
ILCV,68886,68.55,68.28,68.55,68.2,1636952400000000000,654
ILDR,217,23.44,23.3002,23.44,23.3002,1636952400000000000,3
ILF,1721866,25.7,25.57,25.72,25.55,1636952400000000000,3980
ILMN,841916,384.48,378.94,388.84,378.6,1636952400000000000,23578
ILPT,633305,24.9,25,25.24,24.84,1636952400000000000,5431
ILTB,10886,72.18,71.53,72.19,71.51,1636952400000000000,148
IMAB,480787,59.86,60.79,61.82,59.44,1636952400000000000,5823
IMAC,45511,1.35,1.32,1.35,1.32,1636952400000000000,138
IMACW,1218,0.310201,0.34,0.34,0.3101,1636952400000000000,9
IMAQ,36887,9.84,9.85,9.86,9.84,1636952400000000000,478
IMAQR,4300,0.23,0.24,0.26,0.23,1636952400000000000,10
IMAQU,362,10.1,10.25,10.25,10.1,1636952400000000000,3
IMAQW,38020,0.3921,0.407,0.407,0.37,1636952400000000000,89
IMAX,465475,20.12,19.92,20.455,19.845,1636952400000000000,5000
IMBI,79717,6.15,6.01,6.25,6.01,1636952400000000000,353
IMBIL,7062,24.1,24.06,24.1,24.05,1636952400000000000,45
IMCB,34378,72.58,72.48,72.6,72.4,1636952400000000000,172
IMCC,628262,3.24,3.16,3.55,2.9609,1636952400000000000,3820
IMCG,59507,75.78,75.5,75.78,75.3651,1636952400000000000,466
IMCR,49459,39.6,39.1,39.8,38.29,1636952400000000000,765
IMCV,5740,68.2809,68.3301,68.489,68.2599,1636952400000000000,92
IMFL,443,26.67,26.5897,26.67,26.5897,1636952400000000000,2
IMGN,1720047,5.72,5.68,5.78,5.6,1636952400000000000,8857
IMGO,79819,24.77,22.06,25.52,21.3,1636952400000000000,1873
IMH,55783,1.38,1.33,1.3816,1.29,1636952400000000000,141
IMKTA,64910,78.07,78.97,79.1,77.86,1636952400000000000,1997
IMLP,89,13.4157,13.4157,13.4157,13.4157,1636952400000000000,6
IMMP,273273,4.3,4.26,4.35,4.2301,1636952400000000000,2374
IMMR,1527845,6.915,6.91,7.1,6.85,1636952400000000000,12131
IMNM,145475,18.13,17.78,18.25,17.25,1636952400000000000,1787
IMO,334775,34.92,35.44,35.69,34.4,1636952400000000000,4960
IMOM,1161,35.49,35.4195,35.49,35.4,1636952400000000000,24
IMOS,51451,34,33.71,34,33.245,1636952400000000000,623
IMPL,480235,11.18,10.96,11.49,9.7735,1636952400000000000,4316
IMPX,422524,9.85,9.85,9.85,9.81,1636952400000000000,75
IMPX.WS,281363,0.86,0.909899,0.9703,0.86,1636952400000000000,432
IMRA,32295,3.6,3.59,3.7134,3.57,1636952400000000000,582
IMRN,15783,3.61,3.69,3.7,3.6,1636952400000000000,96
IMRNW,372,0.95,0.95,0.95,0.95,1636952400000000000,8
IMRX,34161,28.28,27.51,28.28,27.18,1636952400000000000,1043
IMTB,8290,50.83,50.685,50.8357,50.6745,1636952400000000000,54
IMTE,108628,5.21,5.07,5.21,5.07,1636952400000000000,421
IMTM,59576,40.76,40.66,40.834,40.635,1636952400000000000,406
IMTX,141333,11.68,11.93,11.9899,11.38,1636952400000000000,1640
IMTXW,4047,3.15,3.34,3.37,3.15,1636952400000000000,38
IMUX,92683,9.74,9.25,9.84,9.14,1636952400000000000,1161
IMV,321712,1.55,1.49,1.55,1.49,1636952400000000000,633
IMVT,354759,8.7,8.18,8.7,8.16,1636952400000000000,3913
IMXI,121812,16.435,16.39,16.7,16.3,1636952400000000000,2286
INAB,83530,8.45,8.24,8.89,7.76,1636952400000000000,962
INAQ,17274,9.74,9.77,9.77,9.74,1636952400000000000,75
INAQ.U,14272,9.98,10.03,10.03,9.97,1636952400000000000,68
INAQ.WS,77547,0.519899,0.55,0.55,0.515599,1636952400000000000,177
INBK,27175,45.25,45.27,45.66,45,1636952400000000000,576
INBX,140168,43,44.49,44.8,41.97,1636952400000000000,2536
INCO,3248,60.3,60.2048,60.33,60.2048,1636952400000000000,33
INCR,530518,8.4,8.29,8.47,8.07,1636952400000000000,3265
INCY,1348251,65.93,65.19,65.93,64.51,1636952400000000000,18122
INDA,2050098,50.81,50.63,50.81,50.615,1636952400000000000,16609
INDB,363018,88.21,87.53,89.5,86.87,1636952400000000000,6172
INDF,274,38.42,38.2681,38.42,38.2681,1636952400000000000,10
INDI,2837018,14.788,15.73,15.79,14.7,1636952400000000000,20843
INDIW,505303,5,5.41,5.43,4.96,1636952400000000000,3367
INDL,19865,66.8,66.42,66.96,66.4,1636952400000000000,298
INDO,10951,3.9111,3.96,3.9999,3.9,1636952400000000000,149
INDP,413451,7.11,6.75,7.1699,6.7,1636952400000000000,2534
INDS,73760,51.05,51.4551,51.46,50.9,1636952400000000000,607
INDT,37523,73.03,73.4,73.66,71.72,1636952400000000000,719
INDY,53199,53.26,53.06,53.29,53.04,1636952400000000000,341
INFA,579764,32.55,33.2,34.33,32.42,1636952400000000000,4202
INFI,1055255,2.55,2.47,2.55,2.425,1636952400000000000,4479
INFL,184731,31.83,31.79,31.8694,31.6257,1636952400000000000,957
INFN,3235658,8.84,8.58,8.84,8.48,1636952400000000000,10719
INFO,4499081,125.93,128.52,129.97,125.84,1636952400000000000,46582
INFR,1201,31.5391,31.46,31.5391,31.46,1636952400000000000,11
INFU,136521,15.1,17.85,17.86,15.0188,1636952400000000000,2289
INFY,3657064,23.8,23.63,23.86,23.6,1636952400000000000,27579
ING,1863028,15.18,15.16,15.205,15.12,1636952400000000000,8251
INGN,225385,34.03,34.26,34.44,33.65,1636952400000000000,5875
INGR,267552,99.6,100.09,100.37,99.15,1636952400000000000,5098
INKAW,1200,0.66,0.66,0.66,0.66,1636952400000000000,1
INKM,28029,35.94,35.79,35.94,35.77,1636952400000000000,98
INKT,47566,15.62,17.43,17.64,15.54,1636952400000000000,1098
INM,135295,1.38,1.34,1.39,1.33,1636952400000000000,460
INMB,150144,14.38,14.46,14.88,14.2745,1636952400000000000,1308
INMD,1166974,93.7432,92.56,93.88,90.35,1636952400000000000,17881
INMU,1261,25.55,25.53,25.56,25.53,1636952400000000000,8
INN,475786,9.97,10,10.01,9.815,1636952400000000000,3386
INNpE,24944,24.95,24.94,24.95,24.7967,1636952400000000000,184
INNpF,6576,25.46,25.05,25.48,25.05,1636952400000000000,57
INNV,605299,8.79,9.06,9.2109,8.6768,1636952400000000000,5610
INO,4693184,7.48,7.34,7.615,7.19,1636952400000000000,21415
INOD,143631,8.38,8.04,8.69,7.79,1636952400000000000,835
INOV,513458,40.8,40.78,40.86,40.75,1636952400000000000,5326
INPX,1587217,0.8799,0.86,0.89,0.834,1636952400000000000,3630
INS,22662,44.17,45.49,45.61,43.95,1636952400000000000,504
INSE,399245,15.7,15.46,15.72,15.2,1636952400000000000,2466
INSG,910364,6.86,6.82,6.925,6.765,1636952400000000000,7879
INSI,10864,22.51,22.25,22.51,22.25,1636952400000000000,64
INSM,460424,32,30.5,32.3799,30.38,1636952400000000000,6505
INSP,189433,278.49,277.65,283.67,275.695,1636952400000000000,6306
INST,135776,26.5,24.86,26.5,24.4,1636952400000000000,2532
INSW,424898,18.23,17.78,18.27,17.33,1636952400000000000,4480
INSWpA,840,25.8,26.37,26.37,25.8,1636952400000000000,8
INT,384508,28.66,28.28,28.77,28.05,1636952400000000000,4804
INTA,218342,31.68,27.79,31.68,26.5001,1636952400000000000,5185
INTC,24662877,50.41,50.32,50.63,50.12,1636952400000000000,150009
INTEU,150964,10.1,10.02,11.03,10,1636952400000000000,376
INTF,162808,30.19,30.08,30.2,30.06,1636952400000000000,259
INTG,1696,46.9988,46.7,48,46.7,1636952400000000000,34
INTT,147644,16,15.8,16.2,15.6425,1636952400000000000,1391
INTU,1385355,628.19,626.14,632.9499,622.55,1636952400000000000,31435
INTZ,288908,4.31,4.31,4.45,4.1001,1636952400000000000,2023
INUV,993800,0.7066,0.6798,0.7199,0.6701,1636952400000000000,2177
INVA,400033,17.8,17.29,17.8,17.27,1636952400000000000,4895
INVE,79821,24.745,23.74,24.83,23.48,1636952400000000000,1517
INVH,1712421,40.57,40.89,40.91,40.37,1636952400000000000,14414
INVO,30171,3.27,3.3,3.398,3.19,1636952400000000000,355
INVZ,5023734,5.4,6,6.06,5.4,1636952400000000000,24173
INVZW,30429,1.54,1.66,1.66,1.52,1636952400000000000,161
INZY,17863,10.05,10,10.1899,9.82,1636952400000000000,459
IO,685048,1.9,1.89,1.93,1.84,1636952400000000000,2418
IOACU,126942,10.09,10.09,10.09,10.075,1636952400000000000,120
IOBT,97474,12.18,11.2,12.46,10.95,1636952400000000000,1415
IOCT,9264,25.63,25.5449,25.66,25.5449,1636952400000000000,49
IONM,1506,5.3232,5.45,5.5,5.3232,1636952400000000000,33
IONQ,5145405,20.69,19.82,21.39,19.09,1636952400000000000,55968
IONQ.WS,241188,8.95,8.34,9.85,7.5,1636952400000000000,1417
IONS,630255,32.96,32.79,33.29,32.7,1636952400000000000,8029
IOO,37524,76.72,76.56,76.8828,76.52,1636952400000000000,293
IOSP,85350,93.62,92.02,93.62,91.48,1636952400000000000,1456
IOVA,3124044,21.13,19.59,21.18,19.21,1636952400000000000,28862
IP,2509272,49.4,49.45,49.48,49.045,1636952400000000000,25127
IPA,29063,6.06,6.1,6.12,5.9671,1636952400000000000,231
IPAC,28962,67.62,67.44,67.63,67.44,1636952400000000000,399
IPAR,70098,93.36,93.42,94.43,92.61,1636952400000000000,1591
IPAXU,10038,9.95,9.9,9.9501,9.9,1636952400000000000,80
IPAY,314866,64.97,64.9,65.295,64.72,1636952400000000000,2102
IPB,220,30.99,30.99,30.99,30.99,1636952400000000000,2
IPDN,274182,1.32,1.32,1.3799,1.3,1636952400000000000,700
IPG,1845690,36.38,36.13,36.72,35.98,1636952400000000000,17009
IPGP,152311,171.07,170.23,172.27,168.71,1636952400000000000,5317
IPHA,20361,5.1,5.19,5.2,5.0807,1636952400000000000,268
IPI,172357,44.18,42.81,44.18,41.65,1636952400000000000,3066
IPKW,6979,44.19,44.02,44.19,44.0152,1636952400000000000,126
IPLDP,37912,25.25,25.27,25.37,25.25,1636952400000000000,193
IPO,123902,68.65,67.92,68.667,67.52,1636952400000000000,906
IPOD,151355,10.49,10.44,10.5,10.43,1636952400000000000,926
IPOD.U,2033,10.95,10.98,11.0618,10.95,1636952400000000000,24
IPOD.WS,53580,2.08,2.1003,2.23,2.0501,1636952400000000000,162
IPOF,1239144,10.66,10.59,10.6712,10.55,1636952400000000000,5728
IPOF.U,662,11.2114,11.1902,11.2114,11.1701,1636952400000000000,8
IPOF.WS,272443,2.41,2.36,2.59,2.31,1636952400000000000,514
IPOS,7813,29.38,29.38,29.49,29.245,1636952400000000000,84
IPSC,91904,21.15,21.04,21.78,20.4346,1636952400000000000,1582
IPVA,1630,9.83,9.83,9.8311,9.8155,1636952400000000000,20
IPVA.WS,11743,0.9701,0.9497,0.9701,0.8994,1636952400000000000,22
IPVF,442,9.96,9.96,9.96,9.96,1636952400000000000,33
IPVF.WS,58799,1.3,1.35,1.37,1.2,1636952400000000000,151
IPVIW,5435,0.78,0.840233,0.840233,0.78,1636952400000000000,2
IPW,368438,3.46,3.73,3.79,3.41,1636952400000000000,1513
IPWR,19847,15.34,15.74,15.9,15.0545,1636952400000000000,453
IQ,5991698,9.11,8.68,9.14,8.555,1636952400000000000,30714
IQDE,301,24.0101,23.9641,24.0101,23.9641,1636952400000000000,13
IQDF,48431,26.04,25.9,26.04,25.9,1636952400000000000,191
IQDG,159010,39.99,39.785,39.99,39.785,1636952400000000000,478
IQDY,64616,30.94,30.7798,30.94,30.7798,1636952400000000000,70
IQI,54737,13.4,13.24,13.4,13.2,1636952400000000000,188
IQIN,427,33.38,33.309,33.38,33.309,1636952400000000000,10
IQLT,597494,40.34,40.16,40.42,40.15,1636952400000000000,2821
IQM,2530,56.99,56.32,56.99,56.12,1636952400000000000,17
IQMDU,70772,10.19,10.17,10.2,10.15,1636952400000000000,6
IQSI,395,30.6,30.4799,30.62,30.4799,1636952400000000000,5
IQSU,1038,40.59,40.599,40.599,40.59,1636952400000000000,14
IQV,954377,254.91,251.81,256.6,250.9,1636952400000000000,20360
IR,2399230,58.59,59.05,59.4,58.55,1636952400000000000,21043
IRBO,88925,47.51,46.51,47.51,46.35,1636952400000000000,960
IRBT,251092,90.53,91.09,91.35,89.985,1636952400000000000,6232
IRCP,69602,2.8,2.75,2.8299,2.73,1636952400000000000,542
IRDM,474298,42.4,42.02,42.455,41.32,1636952400000000000,7808
IRIX,96521,8.07,8,8.292,7.6,1636952400000000000,645
IRL,13576,13.27,13.2,13.27,13.071,1636952400000000000,58
IRM,1742006,47.82,48.96,49,47.69,1636952400000000000,16244
IRMD,26953,40.67,39.72,41.33,39.64,1636952400000000000,608
IRNT,1643098,10.44,10.55,10.75,10.11,1636952400000000000,9639
IRNT.WS,53812,3.4,3.42,3.5099,3.3999,1636952400000000000,297
IRRX.U,268978,10,10.04,10.07,10,1636952400000000000,1100
IRS,20359,4.7001,4.73,4.8349,4.65,1636952400000000000,104
IRS.WS,1000,0.232501,0.232501,0.232501,0.232501,1636952400000000000,2
IRT,1160162,25.15,25.6,25.62,25.1,1636952400000000000,5910
IRTC,341279,107.13,105.91,107.13,104.31,1636952400000000000,5267
IRWD,1402850,12.44,12.19,12.54,12.18,1636952400000000000,10338
IS,5662636,10.92,10.2,11.1,10.04,1636952400000000000,20914
ISAA,23000,10.04,10.04,10.04,10.015,1636952400000000000,34
ISBC,807763,15.88,16.01,16.03,15.84,1636952400000000000,7134
ISCB,7017,61.22,60.8319,61.22,60.81,1636952400000000000,66
ISCF,19025,37.76,37.71,37.76,37.6,1636952400000000000,150
ISCG,10015,54.11,53.3991,54.31,53.365,1636952400000000000,202
ISCV,16788,62.06,62,62.11,61.8,1636952400000000000,168
ISD,50099,16.4,16.31,16.4,16.31,1636952400000000000,309
ISDR,21925,25.5,25.25,26.02,24.99,1636952400000000000,152
ISDX,6425,31.05,31.02,31.11,31.01,1636952400000000000,52
ISEE,1139461,16.72,16.49,17.06,16.42,1636952400000000000,11838
ISEM,515,28.88,28.83,28.88,28.83,1636952400000000000,9
ISHG,4938,79.65,79.495,79.89,79.495,1636952400000000000,55
ISIG,37812,5.62,5.49,5.62,5.2784,1636952400000000000,235
ISLE,4382,9.82,9.84,9.84,9.818,1636952400000000000,42
ISLEW,5600,0.56,0.65,0.65,0.56,1636952400000000000,21
ISMD,5425,38.94,38.9054,38.99,38.8001,1636952400000000000,76
ISO,197897,15.91,15.05,15.92,14.81,1636952400000000000,2336
ISOS,41928,10,10.01,10.04,10,1636952400000000000,118
ISOS.WS,7538,1.71,1.7,1.72,1.64,1636952400000000000,41
ISPC,94580,5.91,5.235,5.91,5.1,1636952400000000000,587
ISR,1098710,0.59,0.597,0.6,0.576,1636952400000000000,1707
ISRA,1794,52.13,51.7436,52.13,51.63,1636952400000000000,40
ISRG,857928,355.51,353.56,357.1886,351.73,1636952400000000000,21881
ISSC,4436,7.1,6.88,7.1,6.85,1636952400000000000,53
ISTB,650458,50.64,50.59,50.65,50.59,1636952400000000000,1520
ISTR,8211,18.4,18.2,18.4,18.11,1636952400000000000,206
ISUN,135780,8.2,8.15,8.41,7.97,1636952400000000000,944
ISVL,273,37.3725,37.3725,37.3725,37.3725,1636952400000000000,16
ISWN,26785,25.53,25.4679,25.6,25.4679,1636952400000000000,62
ISZE,102,32.0967,32.0967,32.0967,32.0967,1636952400000000000,5
IT,185055,332.66,333.66,335.2,331.21,1636952400000000000,8030
ITA,232579,107.7,108.35,108.46,107.7,1636952400000000000,2654
ITAN,155,26.95,26.8975,26.95,26.8975,1636952400000000000,6
ITB,1746654,76.8,76.3,76.85,76.145,1636952400000000000,19406
ITCB,14699,3.58,3.41,3.58,3.41,1636952400000000000,119
ITCI,631670,41.39,40.25,41.73,40.01,1636952400000000000,7612
ITEQ,23658,72.36,71.79,72.36,71.44,1636952400000000000,542
ITGR,150663,88.76,87.5,89.185,87.19,1636952400000000000,2642
ITHX,1650,9.8,9.76,9.8,9.76,1636952400000000000,13
ITHXW,1871,0.66,0.6899,0.6899,0.66,1636952400000000000,10
ITI,593257,5.21,5.21,5.35,5.01,1636952400000000000,3271
ITIC,5834,235.13,237.8,237.8,235.13,1636952400000000000,240
ITM,191437,51.23,51.17,51.23,51.14,1636952400000000000,817
ITMR,29707,30.62,30.65,30.68,30.55,1636952400000000000,135
ITOS,450527,30.49,30.4,30.894,29.87,1636952400000000000,6166
ITOT,1239089,107.43,107.06,107.45,106.812,1636952400000000000,10884
ITP,1447517,0.39,0.3827,0.394,0.376,1636952400000000000,2517
ITQ,2521,9.73,9.75,9.75,9.73,1636952400000000000,17
ITQRU,1500,10,10,10,10,1636952400000000000,7
ITQRW,16951,0.5346,0.5899,0.5899,0.5346,1636952400000000000,67
ITRG,93551,2.48,2.52,2.5264,2.4601,1636952400000000000,211
ITRI,336092,72.85,72.13,72.85,71.551,1636952400000000000,5311
ITRM,4063726,0.575,0.5515,0.578,0.55,1636952400000000000,5690
ITRN,40487,27.5,27.65,27.9,27.27,1636952400000000000,583
ITT,368005,104.11,103.85,104.15,103.34,1636952400000000000,3777
ITUB,13477968,4.2,4.19,4.22,4.17,1636952400000000000,18309
ITW,756515,238.99,239.02,241.61,238.18,1636952400000000000,14114
IUS,5410,39.78,39.6822,39.78,39.67,1636952400000000000,40
IUSB,788787,52.98,52.83,52.99,52.82,1636952400000000000,3276
IUSG,268240,114.32,113.81,114.3258,113.44,1636952400000000000,1968
IUSS,9898,41.39,40.98,41.39,40.92,1636952400000000000,88
IUSV,304975,75.65,75.48,75.65,75.38,1636952400000000000,1457
IVA,3951,13.71,13.6,13.82,13.55,1636952400000000000,48
IVAC,43871,5.17,5.15,5.17,5.05,1636952400000000000,231
IVAL,7691,26.99,26.9157,27.02,26.8938,1636952400000000000,41
IVAN,2011499,10.65,10.9,11.07,10.52,1636952400000000000,8170
IVAN.U,12236,11.85,11.94,12.2,11.8,1636952400000000000,85
IVAN.WS,129105,3.4,3.4999,4,3.2101,1636952400000000000,434
IVC,633038,4.24,4.13,4.25,4.105,1636952400000000000,4834
IVDG,633,14.42,14.2421,14.42,14.23,1636952400000000000,43
IVE,519562,154.77,154.55,154.815,154.25,1636952400000000000,5425
IVES,1171,55.82,55.1545,55.82,55.0295,1636952400000000000,31
IVH,77347,14.25,14.16,14.26,14.11,1636952400000000000,474
IVLC,1013,15.13,15.07,15.13,15.07,1636952400000000000,27
IVLU,111445,26.27,26.19,26.31,26.17,1636952400000000000,452
IVOG,8529,218.34,217.67,218.5499,217.29,1636952400000000000,161
IVOL,907988,27.59,27.65,27.73,27.5699,1636952400000000000,2431
IVOO,12226,197,196.2847,197,196,1636952400000000000,244
IVOV,14225,175.09,174.89,175.09,174.37,1636952400000000000,236
IVR,3110130,3.2,3.19,3.21,3.18,1636952400000000000,10885
IVRpB,7453,25.201,25.28,25.28,25.151,1636952400000000000,149
IVRpC,19571,25.54,25.45,25.54,25.2,1636952400000000000,203
IVRA,1519,15,15.1235,15.1235,15,1636952400000000000,30
IVSG,947,14.7699,14.7457,14.7699,14.69,1636952400000000000,41
IVT,840130,24.12,24.19,24.41,23.6,1636952400000000000,6370
IVV,2947076,470.59,469.28,470.68,468.12,1636952400000000000,43944
IVW,2071151,82.43,82.17,82.55,81.84,1636952400000000000,16892
IVZ,2098318,26.3,26.11,26.47,26.09,1636952400000000000,18558
IWB,355274,263.68,262.92,263.68,262.35,1636952400000000000,3921
IWC,38170,155.98,154.53,155.98,153.95,1636952400000000000,552
IWD,1772422,167.4,167.1,167.49,166.82,1636952400000000000,18962
IWDL,0,35.0379,35.0379,35.0379,35.0379,1636952400000000000,0
IWF,2148749,304.43,303.29,304.7985,302,1636952400000000000,17049
IWFH,2311,27.06,26.7811,27.06,26.7811,1636952400000000000,30
IWFL,12,35.9686,35.9686,35.9686,35.9686,1636952400000000000,7
IWL,29304,112.47,112.1,112.51,111.9255,1636952400000000000,341
IWM,27337183,240.57,238.55,240.76,237.55,1636952400000000000,183324
IWML,976,29.87,29.4541,29.87,29.4541,1636952400000000000,9
IWN,1182663,175.49,174.8,175.7599,174.12,1636952400000000000,13769
IWO,410728,323.74,320,324.07,318.65,1636952400000000000,7452
IWP,297921,122.63,121.91,122.7502,121.68,1636952400000000000,3555
IWR,752526,85.11,84.85,85.11,84.73,1636952400000000000,6054
IWS,194580,122.65,122.7,122.8181,122.4176,1636952400000000000,2283
IWV,165655,277.98,277.24,278,276.56,1636952400000000000,1305
IWX,38020,69.65,69.45,69.6889,69.36,1636952400000000000,240
IWY,129518,169.98,169.57,170.3525,168.81,1636952400000000000,1134
IX,29870,102.91,103.05,103.21,102.71,1636952400000000000,502
IXAQU,765,9.95,9.96,9.96,9.95,1636952400000000000,2
IXC,1028793,28.76,28.98,29.13,28.605,1636952400000000000,2461
IXG,203856,83.2,82.91,83.339,82.83,1636952400000000000,1496
IXJ,58138,87.66,86.97,87.66,86.95,1636952400000000000,868
IXN,405325,62.78,62.44,62.87,62.2687,1636952400000000000,2805
IXP,3321,87.16,87.0107,87.23,87.01,1636952400000000000,72
IXSE,401,37.5,37.4441,37.5,37.4441,1636952400000000000,8
IXUS,1021987,74.28,73.95,74.28,73.89,1636952400000000000,4176
IYC,40208,85.43,85.33,85.6738,85.131,1636952400000000000,296
IYE,910065,31.62,31.8,31.98,31.325,1636952400000000000,4741
IYF,184632,89.44,89.14,89.6,89.01,1636952400000000000,1920
IYG,41264,202.06,201.29,202.66,200.9201,1636952400000000000,872
IYH,32915,288.97,286.87,288.97,286.6406,1636952400000000000,603
IYJ,46769,114.28,113.79,114.3899,113.7,1636952400000000000,428
IYK,12394,189.45,189.85,190.0499,189.15,1636952400000000000,243
IYLD,13046,24.01,23.92,24.01,23.92,1636952400000000000,87
IYM,40283,141.85,140.9,141.85,140.43,1636952400000000000,481
IYR,4996978,110.07,110.69,110.72,109.75,1636952400000000000,41462
IYT,71327,278.58,277.05,278.58,276.52,1636952400000000000,1487
IYW,601691,114.61,114.05,114.7,113.39,1636952400000000000,3184
IYY,18169,117.83,117.35,117.83,117.2168,1636952400000000000,388
IYZ,259247,32.8,32.7,32.8,32.625,1636952400000000000,3023
IZEA,2250005,2.42,2.32,2.55,2.25,1636952400000000000,7949
IZRL,81707,31.44,31.25,31.605,31.14,1636952400000000000,1005
J,442254,146.23,145.44,147.63,145.15,1636952400000000000,9194
JAAA,19234,50.489,50.48,50.49,50.4745,1636952400000000000,207
JACK,312642,101.19,100.3,102.05,100.13,1636952400000000000,6731
JAGG,33422,54.05,53.89,54.05,53.89,1636952400000000000,222
JAGX,1610122,1.9,1.84,1.92,1.78,1636952400000000000,5769
JAKK,297569,13.5,12.38,13.57,12.21,1636952400000000000,2643
JAMF,2079782,32.2,30.94,32.6541,30.54,1636952400000000000,24495
JAN,60985,5.93,5.83,5.9699,5.82,1636952400000000000,479
JANX,63514,22.27,21.2,22.7,21.09,1636952400000000000,1744
JANZ,0,30.0164,30.0164,30.0164,30.0164,1636952400000000000,0
JAQCW,5525,0.5395,0.54,0.54,0.511723,1636952400000000000,36
JATT,29928,9.9,9.9,10.05,9.9,1636952400000000000,85
JATT.U,112500,10.15,10.1,10.16,10.08,1636952400000000000,97
JATT.WS,56500,0.56,0.578,0.578,0.5001,1636952400000000000,74
JAVA,4,52.4242,52.4242,52.4242,52.4242,1636952400000000000,4
JAZZ,388762,138.63,139.18,140.3,137.36,1636952400000000000,7962
JBGS,297248,30.29,30.69,30.7,30.19,1636952400000000000,4319
JBHT,398413,199.07,199.35,201.31,199.04,1636952400000000000,9991
JBI,468995,13.26,13.39,13.54,13.0601,1636952400000000000,5712
JBL,510235,64.6,63.86,64.99,63.69,1636952400000000000,9709
JBLU,5886570,15.29,15.36,15.38,15.125,1636952400000000000,31399
JBSS,29002,87.37,87.59,87.59,86.52,1636952400000000000,1239
JBT,102092,166.17,167.11,167.92,164.6,1636952400000000000,3242
JCE,48341,17.29,17.28,17.3256,17.26,1636952400000000000,255
JCI,4253047,77.84,78.33,79.12,77.84,1636952400000000000,45588
JCIC,1782,9.77,9.7757,9.7757,9.77,1636952400000000000,42
JCICU,203,10.11,10.11,10.11,10.11,1636952400000000000,3
JCICW,31727,0.65,0.8125,0.8125,0.61,1636952400000000000,90
JCO,83570,8.21,8.17,8.2162,8.14,1636952400000000000,119
JCPB,27684,54.4,54.205,54.4,54.205,1636952400000000000,180
JCS,183780,3.94,4,4.09,3.8,1636952400000000000,726
JCTCF,560,11.01,11.31,11.31,11.01,1636952400000000000,29
JCTR,149,63.68,63.5258,63.68,63.5258,1636952400000000000,11
JD,7278737,86.14,84.62,86.26,83.71,1636952400000000000,63708
JDD,38470,10.99,10.92,10.99,10.85,1636952400000000000,72
JDIV,6286,33.73,33.81,33.81,33.59,1636952400000000000,69
JDST,2345792,8.92,8.87,9.09,8.81,1636952400000000000,5972
JEF,1607364,43.19,42.89,43.25,42.78,1636952400000000000,17941
JELD,502825,26.98,26.56,27.14,26.419,1636952400000000000,6518
JEMA,6383,49.22,49.11,49.263,49.1,1636952400000000000,31
JEMD,35905,7.86,7.81,7.86,7.8,1636952400000000000,172
JEPI,809695,62.03,62,62.0899,61.91,1636952400000000000,6267
JEQ,24990,9.3777,9.39,9.41,9.37,1636952400000000000,110
JETS,4936336,23.6,23.56,23.73,23.45,1636952400000000000,20296
JFIN,54379,3.87,3.89,3.9,3.7906,1636952400000000000,349
JFR,179059,10.39,10.38,10.4,10.36,1636952400000000000,679
JFU,532065,1.33,1.39,1.43,1.33,1636952400000000000,1358
JFWD,1753,21.62,21.2985,21.62,21.24,1636952400000000000,20
JG,222029,1.51,1.48,1.51,1.48,1636952400000000000,689
JGH,39512,15.97,15.99,16.0083,15.8685,1636952400000000000,192
JGLD,150,25.98,25.905,25.98,25.905,1636952400000000000,8
JHAA,31106,10.14,9.96,10.14,9.93,1636952400000000000,32
JHCB,10,25.3951,25.3951,25.3951,25.3951,1636952400000000000,2
JHCS,193,37.8,37.6184,37.8,37.6184,1636952400000000000,6
JHEM,113549,30.48,30.43,30.51,30.395,1636952400000000000,438
JHG,590894,47.75,47.6,47.75,47.35,1636952400000000000,7323
JHI,12391,18.8,18.83,18.86,18.7472,1636952400000000000,69
JHMA,448,49.47,49.3342,49.47,49.32,1636952400000000000,8
JHMB,0,24.735,24.735,24.735,24.735,1636952400000000000,0
JHMC,693,57.81,57.555,57.81,57.555,1636952400000000000,16
JHMD,5697,34.64,34.58,34.68,34.56,1636952400000000000,63
JHME,773,23.14,23.3749,23.3749,23.14,1636952400000000000,6
JHMF,278,54.422,54.422,54.422,54.422,1636952400000000000,14
JHMH,1241,50.35,49.8378,50.35,49.8378,1636952400000000000,23
JHMI,2230,56.47,55.961,56.47,55.95,1636952400000000000,17
JHML,21498,59.27,59.06,59.27,58.99,1636952400000000000,224
JHMM,87294,56.57,56.33,56.57,56.27,1636952400000000000,664
JHMS,300,35.73,35.7764,35.7764,35.73,1636952400000000000,3
JHMT,52431,103.52,103.21,103.52,102.4789,1636952400000000000,123
JHMU,22,33.5789,33.5789,33.5789,33.5789,1636952400000000000,2
JHS,17903,15.51,15.53,15.54,15.5,1636952400000000000,111
JHSC,78570,37.78,37.65,37.78,37.55,1636952400000000000,220
JHX,21840,41.57,41.39,41.85,41.23,1636952400000000000,283
JIB,0,49.39,49.39,49.39,49.39,1636952400000000000,0
JIDA,33,49.6584,49.6584,49.6584,49.6584,1636952400000000000,14
JIG,880,81.485,81.0865,81.485,81.0865,1636952400000000000,26
JIGB,178,55.095,55.095,55.095,55.095,1636952400000000000,15
JILL,16486,18.67,18.57,19.1498,18.16,1636952400000000000,208
JJA,22441,22.19,22.205,22.25,22.055,1636952400000000000,24
JJC,13037,22.33,22.137,22.3499,22.0901,1636952400000000000,113
JJE,961,44.2,45.2702,45.2702,44.19,1636952400000000000,13
JJG,1395,66.05,66.1101,66.32,65.525,1636952400000000000,27
JJM,366,62.56,62.4249,62.57,62.4249,1636952400000000000,11
JJN,4113,26.05,25.5501,26.11,25.5,1636952400000000000,68
JJP,160,65.68,65.68,65.68,65.68,1636952400000000000,2
JJS,231,63.52,63.42,63.52,63.42,1636952400000000000,4
JJSF,59666,155.6,156.98,158.05,155.1,1636952400000000000,2695
JJT,1144,112.92,112.67,112.92,112.455,1636952400000000000,29
JJU,1322,55.47,55.455,56.2699,55.455,1636952400000000000,41
JKHY,430371,158.16,157,158.9222,156.84,1636952400000000000,9861
JKS,751953,61.71,59.36,61.71,58.38,1636952400000000000,12257
JLL,143434,266.45,266.22,267.25,264.48,1636952400000000000,4115
JLS,3542,20.97,20.94,21.0098,20.92,1636952400000000000,34
JMACU,1090,10.17,10.218,10.218,10.17,1636952400000000000,2
JMBS,77768,52.87,52.81,52.87,52.79,1636952400000000000,329
JMIA,4918033,18.98,18.52,19.5,18.13,1636952400000000000,37336
JMIN,2578,37.311,37.3159,37.32,37.3062,1636952400000000000,18
JMM,319,7.54,7.53,7.5742,7.53,1636952400000000000,6
JMOM,84660,48.94,48.63,48.94,48.52,1636952400000000000,346
JMP,41783,7.49,7.5,7.51,7.49,1636952400000000000,77
JMPNZ,59721,25.26,25.27,25.29,25.26,1636952400000000000,237
JMST,114395,51.06,51.05,51.06,51.04,1636952400000000000,278
JMUB,5268,54.99,54.95,54.99,54.95,1636952400000000000,42
JNCE,314827,8.75,8.65,9.1,8.55,1636952400000000000,3458
JNJ,7425766,165,163.52,165.46,163.2164,1636952400000000000,86070
JNK,6104888,108.63,108.41,108.63,108.37,1636952400000000000,20300
JNPR,2037920,32.03,32.14,32.2361,31.91,1636952400000000000,17634
JNUG,467117,81.77,82,82.5,79.88,1636952400000000000,6395
JO,253138,61.73,61.85,62.11,61.11,1636952400000000000,1742
JOAN,255516,11.12,11.02,11.25,10.94,1636952400000000000,2175
JOB,1013479,0.4633,0.472,0.472,0.4612,1636952400000000000,1487
JOBS,420012,54.29,52.83,54.4298,52.48,1636952400000000000,6620
JOBY,2810382,9.13,9.39,9.56,9.13,1636952400000000000,20891
JOBY.WS,132342,2.25,2.4,2.47,2.25,1636952400000000000,590
JOE,118898,53.71,52.94,54.16,52.5,1636952400000000000,3079
JOET,15685,32.99,32.86,32.99,32.8192,1636952400000000000,173
JOF,22034,8.7,8.66,8.7,8.62,1636952400000000000,104
JOFF,75352,9.74,9.74,9.75,9.73,1636952400000000000,791
JOFFU,67583,9.98,9.98,9.99,9.93,1636952400000000000,497
JOFFW,19932,0.7706,0.79,0.93,0.752,1636952400000000000,322
JOJO,1074,20.299,20.29,20.299,20.2833,1636952400000000000,9
JOUT,20232,111.13,111.5,112.95,110,1636952400000000000,708
JOYY,949,34.05,33.8292,34.05,33.8292,1636952400000000000,8
JP,93666,1.13,1.11,1.1587,1.07,1636952400000000000,350
JPC,248921,9.75,9.71,9.766,9.7,1636952400000000000,651
JPEM,145762,58.09,58.07,58.2,58.04,1636952400000000000,181
JPHY,22366,51.66,51.63,51.71,51.63,1636952400000000000,134
JPI,28371,24.99,24.9397,24.99,24.91,1636952400000000000,154
JPIB,12560,51.14,50.8801,51.14,50.87,1636952400000000000,143
JPIE,1602,50.45,50.365,50.4505,50.365,1636952400000000000,44
JPIN,97517,61.24,61.03,61.24,61,1636952400000000000,287
JPM,6441247,167.21,166.56,167.785,166,1636952400000000000,73191
JPMpC,71583,27.31,27.25,27.348,27.1808,1636952400000000000,538
JPMpD,155399,27.05,26.87,27.05,26.75,1636952400000000000,765
JPMpJ,107536,26.06,25.87,26.06,25.83,1636952400000000000,626
JPMpK,102109,25.95,25.64,25.95,25.56,1636952400000000000,745
JPMpL,324269,25.99,25.63,25.99,25.59,1636952400000000000,1460
JPMpM,286212,25.1,25.02,25.14,24.96,1636952400000000000,1076
JPMB,4862,48.71,48.5907,48.71,48.5907,1636952400000000000,32
JPME,60660,95.16,95.25,95.25,94.9,1636952400000000000,79
JPN,3882,33.64,33.6148,33.685,33.6148,1636952400000000000,28
JPS,387541,9.72,9.7,9.74,9.685,1636952400000000000,942
JPSE,29396,47.85,47.64,47.85,47.479,1636952400000000000,135
JPST,3200968,50.59,50.58,50.6,50.58,1636952400000000000,5670
JPT,10577,24.68,24.9488,24.9498,24.6501,1636952400000000000,41
JPUS,82457,104.1,104.32,104.38,104.1,1636952400000000000,114
JPXN,5282,74.41,74.2785,74.41,74.2785,1636952400000000000,41
JQC,482889,6.49,6.52,6.52,6.49,1636952400000000000,1333
JQUA,20343,44.76,44.6,44.76,44.53,1636952400000000000,213
JRE,316,27.2498,27.2498,27.2498,27.1847,1636952400000000000,14
JRI,109422,15.5,15.57,15.67,15.5,1636952400000000000,347
JRJC,25299,6.7,6.79,6.8867,6.66,1636952400000000000,192
JRNY,395,26.38,26.2014,26.38,26.2014,1636952400000000000,7
JRO,189062,10.07,10.05,10.07,10.02,1636952400000000000,650
JRS,59197,11.9,11.89,12,11.8409,1636952400000000000,270
JRSH,121182,7.37,7.33,7.49,7.23,1636952400000000000,690
JRVR,450286,29.79,29.05,30.535,29.01,1636952400000000000,6314
JSCP,10672,49.8567,49.86,49.88,49.855,1636952400000000000,180
JSD,17556,15.16,15.14,15.27,15.13,1636952400000000000,135
JSM,8356,25.44,25.37,25.46,25.26,1636952400000000000,77
JSMD,8817,70.0701,69.92,70.0701,69.84,1636952400000000000,65
JSML,10499,69.23,68.982,69.37,68.66,1636952400000000000,107
JSPR,463476,9.36,8.84,9.44,8.53,1636952400000000000,2938
JSPRW,20855,1.16,1.24,1.24,1.13,1636952400000000000,99
JSTC,31166,18.61,18.3904,18.61,18.3854,1636952400000000000,91
JT,192285,1.54,1.57,1.58,1.48,1636952400000000000,498
JTA,5524,11.79,11.78,11.865,11.76,1636952400000000000,54
JTD,35737,17,17.02,17.1574,16.941,1636952400000000000,142
JUGG,23457,9.84,9.86,9.86,9.82,1636952400000000000,63
JUGGU,24053,10.01,10.06,10.1,10.01,1636952400000000000,142
JUGGW,5703,1.1,1.04,1.14,1.04,1636952400000000000,100
JULZ,26,34.6741,34.6741,34.6741,34.6741,1636952400000000000,2
JUN.U,11240,10.19,10.12,10.19,10.12,1636952400000000000,63
JUNZ,0,27.1011,27.1011,27.1011,27.1011,1636952400000000000,0
JUPW,1459257,1.65,1.52,1.6599,1.48,1636952400000000000,4195
JUPWW,4263,1.4,1.384,1.4,1.25,1636952400000000000,53
JUSA,5,53.1326,53.1326,53.1326,53.1326,1636952400000000000,3
JUST,3320,67.74,67.5669,67.78,67.5669,1636952400000000000,55
JVA,43138,4.71,4.76,4.81,4.68,1636952400000000000,293
JVAL,155373,38.49,38.43,38.52,38.36,1636952400000000000,185
JW.A,152756,55.22,54.21,55.23,54.02,1636952400000000000,3082
JW.B,1325,54.12,54.08,54.12,54.07,1636952400000000000,12
JWEL,146596,7.62,8.01,8.2841,7.62,1636952400000000000,756
JWN,2552502,33.7,33.22,34.22,33.175,1636952400000000000,24074
JWSM,68337,9.82,9.82,9.83,9.81,1636952400000000000,594
JWSM.U,1346,10.1,10.11,10.14,10.1,1636952400000000000,11
JWSM.WS,56641,1.2,1.27,1.3199,1.2,1636952400000000000,235
JXI,5224,61.78,61.97,62.0503,61.78,1636952400000000000,72
JXN,1450131,33.07,33.98,34.23,33.06,1636952400000000000,11934
JYNT,127475,95.19,95.13,96.5499,91.21,1636952400000000000,3487
JZRO,1165,25.71,25.593,25.71,25.593,1636952400000000000,10
JZXN,205406,2.37,2.4,2.41,2.3,1636952400000000000,750
K,1128207,63.5,63.91,64,63.05,1636952400000000000,13843
KAHC,100186,9.78,9.76,9.78,9.76,1636952400000000000,441
KAHC.U,14181,10.03,10.035,10.04,10.02,1636952400000000000,405
KAHC.WS,83386,1.12,1.12,1.14,1.1,1636952400000000000,323
KAI,96094,230,221.42,230,217.71,1636952400000000000,3985
KAII,25830,9.7289,9.73,9.73,9.7289,1636952400000000000,17
KAIIU,5010,9.9,9.9,9.9,9.9,1636952400000000000,3
KAIIW,22249,0.57,0.5776,0.5776,0.55,1636952400000000000,31
KAIR,444,9.76,9.76,9.76,9.76,1636952400000000000,9
KAIRU,361,10.03,10.03,10.03,10.03,1636952400000000000,4
KAIRW,200,0.6399,0.6399,0.6399,0.6399,1636952400000000000,1
KALA,2432600,2.05,2.1,2.28,2.04,1636952400000000000,9796
KALL,2733,31.89,31.6931,31.89,31.6931,1636952400000000000,21
KALU,107099,108.42,106.7,109.19,104.52,1636952400000000000,3013
KALV,103731,17.78,17.42,17.78,17.12,1636952400000000000,1496
KAMN,91081,40.79,39.92,40.79,39.76,1636952400000000000,2044
KAPR,2814,28.335,28.3177,28.36,28.23,1636952400000000000,26
KAR,1419289,15.12,15.41,15.64,15.06,1636952400000000000,12452
KARS,102436,54.4,53.39,54.4,53.2,1636952400000000000,1269
KAVL,288370,1.75,1.77,1.79,1.7112,1636952400000000000,1029
KB,282722,47.6,47.5,47.68,47.43,1636952400000000000,2034
KBA,36418,46.59,46.41,46.59,46.41,1636952400000000000,388
KBAL,439611,11.3,11.23,11.35,11.12,1636952400000000000,2279
KBE,1367230,57.69,57.6,57.945,57.48,1636952400000000000,10862
KBH,1127691,42.72,42.25,42.72,42.08,1636952400000000000,13947
KBND,901,35.56,35.41,35.57,35.41,1636952400000000000,13
KBNT,111685,3.28,3.09,3.39,3.01,1636952400000000000,485
KBNTW,23453,1.04,0.8801,1.04,0.8801,1636952400000000000,24
KBR,698466,45.42,45.02,45.48,44.9,1636952400000000000,7409
KBUY,29940,24.01,23.79,24.01,23.79,1636952400000000000,251
KBWB,240978,72.4,72.43,72.75,72.21,1636952400000000000,4830
KBWD,90068,21.41,21.24,21.41,21.2,1636952400000000000,754
KBWP,1171,79.28,79.204,79.41,79.204,1636952400000000000,49
KBWR,8483,66.02,66.25,66.33,66.02,1636952400000000000,66
KBWY,69852,24.49,24.79,24.79,24.48,1636952400000000000,874
KC,939899,23.28,23.27,24.18,23.1,1636952400000000000,8615
KCCA,106986,30.18,31.39,31.52,30.18,1636952400000000000,708
KCE,23761,110.43,110.02,110.5197,109.9264,1636952400000000000,260
KCGI,679322,9.88,9.85,10.3799,9.84,1636952400000000000,1016
KCGI.U,290264,10.5,10.52,10.65,10.5,1636952400000000000,512
KCGI.WS,590312,0.92,0.9649,0.9649,0.8808,1636952400000000000,1107
KD,3818253,20.5,20.37,20.52,19.81,1636952400000000000,35717
KDFI,2987,21.31,21.31,21.399,21.23,1636952400000000000,23
KDNY,304577,16.38,16.22,17,16.1,1636952400000000000,4367
KDP,2315082,35.57,35.71,35.71,35.4,1636952400000000000,19701
KE,263888,26.38,25.71,26.38,25.02,1636952400000000000,2683
KEJI,1142,19.6199,19.555,19.68,19.53,1636952400000000000,20
KELYA,137306,18.77,18.29,18.82,18.03,1636952400000000000,2537
KELYB,777,18.735,18.76,18.76,18.735,1636952400000000000,28
KEMQ,25068,29.29,29.1354,29.3,29.091,1636952400000000000,165
KEMX,5264,32.54,32.4939,32.59,32.4901,1636952400000000000,11
KEN,2459,40.96,41.081,41.5299,40.96,1636952400000000000,59
KEP,65850,9.72,9.67,9.73,9.63,1636952400000000000,727
KEQU,1287,12.51,12.73,12.73,12.51,1636952400000000000,27
KERN,35083261,3.48,3.26,3.88,3.08,1636952400000000000,119914
KERNW,285151,0.55,0.620001,0.69,0.5445,1636952400000000000,791
KESG,56,30.0845,30.0845,30.0845,30.0845,1636952400000000000,7
KEUA,2075,75.1,77.285,77.59,75.1,1636952400000000000,41
KEX,144049,58.62,58.38,58.62,57.56,1636952400000000000,3536
KEY,7266303,24.2,23.92,24.24,23.79,1636952400000000000,45141
KEYpI,19459,30.47,30.38,30.4978,30.3109,1636952400000000000,253
KEYpJ,4261,26.97,26.645,26.97,26.62,1636952400000000000,133
KEYpK,15328,27.5151,27.35,27.5151,27.27,1636952400000000000,173
KEYS,588947,187.11,188.19,189.05,186.09,1636952400000000000,11892
KF,7395,40.9,40.97,41.61,40.6925,1636952400000000000,69
KFFB,11787,7.12,7.12,7.15,7.0661,1636952400000000000,72
KFRC,116767,78.29,78.09,78.97,77.7,1636952400000000000,2314
KFS,32011,5.45,5.47,5.5,5.4,1636952400000000000,254
KFVG,3348,26.6,26.49,26.67,26.48,1636952400000000000,42
KFY,185785,81.38,80.88,81.38,80.42,1636952400000000000,4117
KFYP,931,31.9221,31.85,31.94,31.85,1636952400000000000,16
KGC,11024481,6.92,7.02,7.04,6.86,1636952400000000000,24496
KGRN,44864,50.3,49.05,50.39,48.73,1636952400000000000,395
KGRO,4795,27.28,27.0347,27.28,27.0347,1636952400000000000,16
KHC,5966989,37.28,37.62,37.738,37.245,1636952400000000000,39749
KHYB,31115,33.53,33.34,33.58,33.34,1636952400000000000,132
KIDS,64228,65.66,63.66,67.45,63.42,1636952400000000000,1491
KIE,371344,41.03,40.86,41.12,40.8,1636952400000000000,3539
KIM,2808845,23.75,23.87,24,23.68,1636952400000000000,19909
KIMpL,48887,25.43,25.48,25.48,25.36,1636952400000000000,299
KIMpM,4788,25.8737,25.88,25.88,25.8105,1636952400000000000,128
KIND,1183271,13.15,13.37,13.56,13.04,1636952400000000000,7820
KINS,41523,5.09,5.06,5.1,4.87,1636952400000000000,214
KINZW,4993,0.6193,0.68,0.68,0.6193,1636952400000000000,27
KIO,74181,16.92,16.65,16.92,16.56,1636952400000000000,363
KIQ,453863,0.6834,0.699899,0.7028,0.680001,1636952400000000000,699
KIRK,183983,26.74,26.02,26.77,25.73,1636952400000000000,2756
KJAN,1975,32.02,32.07,32.07,32.02,1636952400000000000,10
KJUL,5349,27.07,27.1095,27.14,27.07,1636952400000000000,22
KKR,1365423,78.84,77.77,79.08,77.6,1636952400000000000,16131
KKRpC,15213,98.16,97.08,98.22,97.08,1636952400000000000,98
KKRS,27368,25.98,25.75,25.98,25.72,1636952400000000000,263
KL,1149410,44.55,45.16,45.28,44.4529,1636952400000000000,10990
KLAC,641404,418,413.06,418.85,410.53,1636952400000000000,17321
KLAQU,200,9.91,9.91,9.91,9.91,1636952400000000000,1
KLAQW,2771,0.6801,0.68,0.705,0.68,1636952400000000000,8
KLCD,764,35.2301,35.2512,35.2512,35.2301,1636952400000000000,13
KLDO,460606,4.79,4.7,4.96,4.51,1636952400000000000,2973
KLDW,1757,49.15,49.0134,49.15,49.0134,1636952400000000000,29
KLIC,1481094,60,61.17,62.05,60,1636952400000000000,18229
KLNE,9580,29.6,28.8169,29.6,28.51,1636952400000000000,199
KLR,257805,13.76,13.02,13.76,12.75,1636952400000000000,1983
KLR.WS,3152,3.59,3.41,3.59,3.3,1636952400000000000,57
KLTR,385734,5.85,5.64,5.94,5.58,1636952400000000000,3435
KLXE,451504,4.17,4.2,4.27,3.97,1636952400000000000,2721
KMB,1271530,133.89,134.78,134.8,133.62,1636952400000000000,18019
KMDA,22904,5.6,5.66,5.66,5.54,1636952400000000000,190
KMED,311,29.6,29.6,29.6,29.6,1636952400000000000,5
KMF,94335,7.63,7.66,7.69,7.63,1636952400000000000,325
KMI,11558867,16.73,16.86,17,16.625,1636952400000000000,41065
KMLM,100,29.64,29.8175,29.8175,29.64,1636952400000000000,1
KMPH,404603,9.24,9.17,9.25,8.89,1636952400000000000,3177
KMPR,167055,61.51,60.48,61.645,60.1,1636952400000000000,3836
KMT,449684,39.58,39.77,39.82,39.31,1636952400000000000,4948
KMX,523722,150.19,149.62,150.9,148.48,1636952400000000000,11305
KN,639520,21.69,21.75,21.81,21.5,1636952400000000000,6837
KNBE,1111662,26.075,25.25,26.075,24.85,1636952400000000000,10177
KNDI,1139428,4.58,4.63,4.701,4.5,1636952400000000000,7819
KNG,157991,56.55,56.28,56.63,56.09,1636952400000000000,288
KNGS,729,29.59,29.49,29.59,29.48,1636952400000000000,11
KNOP,89577,18.6,18.44,18.6,18.23,1636952400000000000,880
KNSA,162032,13.39,13.03,13.39,12.93,1636952400000000000,2319
KNSL,88999,204.45,201.91,205.08,201.295,1636952400000000000,2800
KNTE,67440,22.77,21.92,23.47,21.65,1636952400000000000,1941
KNX,1084299,60.28,59.48,60.6,59.36,1636952400000000000,14235
KO,10154514,56.53,56.62,56.68,56.27,1636952400000000000,63310
KOCG,3772,25.93,25.8811,25.96,25.8811,1636952400000000000,18
KOCT,3868,28.05,28.0297,28.05,28.01,1636952400000000000,21
KOD,255483,111.5,104.58,111.5,103.47,1636952400000000000,5962
KODK,1286980,7.21,7.02,7.215,6.97,1636952400000000000,8590
KOF,118364,53.54,52.75,53.68,52.41,1636952400000000000,1997
KOIN,3296,45.87,45.54,45.87,45.54,1636952400000000000,101
KOKU,8,86.8311,86.8311,86.8311,86.8311,1636952400000000000,1
KOLD,8965639,8.51,7.97,8.72,7.9,1636952400000000000,22279
KOMP,59416,68.22,67.24,68.25,67.1,1636952400000000000,888
KONG,4641,26.1,25.8158,26.1,25.8,1636952400000000000,30
KOP,118740,34.89,34.41,34.89,33.9575,1636952400000000000,1852
KOPN,1702025,6.41,6.16,6.61,6.05,1636952400000000000,11029
KOR,80091,3.21,3.25,3.25,3.21,1636952400000000000,224
KORE,319771,7.81,8,8.01,7.72,1636952400000000000,1831
KORE.WS,42469,1.4,1.485,1.51,1.32,1636952400000000000,194
KORP,5660,51.93,51.79,51.93,51.79,1636952400000000000,31
KORU,85903,26.92,26.36,26.95,26.28,1636952400000000000,1441
KOS,7836019,3.6,3.7,3.72,3.53,1636952400000000000,20903
KOSS,374962,15.98,15.95,16.54,15.77,1636952400000000000,2379
KPLT,2262878,5.18,4.96,5.28,4.91,1636952400000000000,9830
KPLTW,21374,1.33,1.39,1.4892,1.33,1636952400000000000,62
KPRX,741912,1.54,1.52,1.64,1.4401,1636952400000000000,1699
KPTI,1286512,8.58,8.12,8.61,8.08,1636952400000000000,9404
KR,4019281,42.43,42.66,42.8983,42.21,1636952400000000000,32410
KRA,148840,45.9,45.94,45.95,45.67,1636952400000000000,1873
KRBN,686501,44.9,45.81,45.9,44.6,1636952400000000000,5966
KRBP,59351,3.15,3.11,3.15,3.0536,1636952400000000000,255
KRC,339403,71.52,72.47,72.53,71.2,1636952400000000000,5990
KRE,4502887,74.88,74.87,75.2,74.6,1636952400000000000,46950
KREF,375597,21.84,22,22.01,21.76,1636952400000000000,4085
KREFpA,38502,25.7455,25.72,25.7991,25.62,1636952400000000000,272
KRG,1217617,22.16,22.25,22.26,21.74,1636952400000000000,10608
KRKR,77593,1.69,1.69,1.74,1.69,1636952400000000000,153
KRMA,3674,34.26,34.2,34.26,34.07,1636952400000000000,86
KRMD,128231,3.56,3.54,3.66,3.46,1636952400000000000,677
KRNL,2543,9.76,9.76,9.78,9.76,1636952400000000000,21
KRNLW,87422,0.6001,0.599,0.647799,0.5912,1636952400000000000,116
KRNT,459021,166.88,162.55,166.88,158.57,1636952400000000000,7562
KRNY,213959,13.62,13.55,13.63,13.475,1636952400000000000,3197
KRO,99197,14.8,14.65,14.8,14.53,1636952400000000000,1075
KRON,102011,17.02,16.75,17.02,16.43,1636952400000000000,2028
KROP,1455,22.29,21.7388,22.29,21.7388,1636952400000000000,67
KROS,140812,61.99,61.54,62.31,59.5,1636952400000000000,2749
KRP,700745,13.95,14.26,14.48,13.7,1636952400000000000,3926
KRT,36304,21.24,21,21.5547,20.9301,1636952400000000000,565
KRTX,167122,138.24,135.21,139.18,132.93,1636952400000000000,3821
KRUS,127066,69.97,70.66,70.74,67.57,1636952400000000000,3233
KRYS,163214,47.67,47.45,48.45,46.2801,1636952400000000000,3260
KSA,254899,43.74,43.78,43.82,43.63,1636952400000000000,1876
KSCD,469,30.18,30.1537,30.18,30.1537,1636952400000000000,9
KSI,2151,9.73,9.72,9.73,9.72,1636952400000000000,28
KSICU,337,10,10,10,10,1636952400000000000,3
KSICW,27270,0.6,0.64,0.6499,0.5999,1636952400000000000,55
KSM,7872,12.48,12.46,12.78,12.41,1636952400000000000,40
KSPN,1259,15.1,15.01,15.1,13.59,1636952400000000000,27
KSS,3852386,58.26,58.36,59.575,57.59,1636952400000000000,43043
KSTR,12648,24.9,24.85,25.07,24.84,1636952400000000000,139
KSU,164891,311.02,309.4,312.4996,309.1,1636952400000000000,5074
KSUp,100,37.01,37.01,37.01,37.01,1636952400000000000,1
KT,146579,13.28,13.2,13.3,13.2,1636952400000000000,1218
KTB,475327,60,58.81,60.12,58.45,1636952400000000000,6511
KTCC,15824,6.3,6.25,6.3188,6.25,1636952400000000000,118
KTEC,2682,20.33,20.1524,20.65,20.1524,1636952400000000000,18
KTF,140948,12.19,12.01,12.19,11.94,1636952400000000000,380
KTH,791,33.36,33.67,33.69,33.36,1636952400000000000,9
KTN,1820,32.5,32.16,32.5,32.16,1636952400000000000,13
KTOS,470699,21.94,21.82,21.9699,21.65,1636952400000000000,6701
KTRA,967685,0.8833,0.8748,0.9,0.87,1636952400000000000,1702
KTTA,52093,2.56,2.46,2.6499,2.46,1636952400000000000,250
KUKE,111704,4.51,4.11,4.56,4.0001,1636952400000000000,404
KULR,2265062,3.68,3.75,3.81,3.46,1636952400000000000,8735
KURA,585798,17.72,17.46,18.08,17.26,1636952400000000000,6910
KURE,13636,35.38,35.01,35.38,34.98,1636952400000000000,237
KVHI,53915,10.78,10.44,10.78,10.38,1636952400000000000,588
KVLE,387,25.0499,25.0335,25.0499,25.0335,1636952400000000000,6
KVSA,206685,9.89,9.76,9.91,9.58,1636952400000000000,610
KVSC,69439,9.99,9.98,10,9.96,1636952400000000000,343
KW,350107,23.9,23.9,23.985,23.79,1636952400000000000,3676
KWAC,40837,10.13,10.08,10.13,10.06,1636952400000000000,27
KWAC.WS,6703,0.58,0.589,0.589,0.55,1636952400000000000,11
KWEB,11544821,52.04,51.14,52.09,51,1636952400000000000,64439
KWR,48181,271.54,272.37,272.77,267.61,1636952400000000000,2135
KWT,2441,36.23,36.021,36.62,36,1636952400000000000,31
KXI,19412,63.03,62.96,63.23,62.95,1636952400000000000,153
KXIN,2030422,2.19,2.1,2.19,2.06,1636952400000000000,7340
KYMR,200638,63.51,61.3,63.51,60.05,1636952400000000000,3493
KYN,271418,8.41,8.45,8.48,8.39,1636952400000000000,1154
KZIA,37402,11.48,11.19,11.7,11.02,1636952400000000000,342
KZR,4990525,8.29,8.41,8.89,7.95,1636952400000000000,32238
L,595634,57.28,56.23,57.28,56.11,1636952400000000000,8502
LAAA,12097,9.81,9.83,9.85,9.78,1636952400000000000,48
LAAAW,486,0.56,0.5599,0.56,0.5599,1636952400000000000,4
LABD,1597139,19.82,21.36,21.4398,19.82,1636952400000000000,8394
LABP,116712,14.98,14.01,15,13.455,1636952400000000000,1762
LABU,4764847,55.37,51.59,55.76,51.24,1636952400000000000,50182
LAC,3234794,34.35,33.56,34.35,32.53,1636952400000000000,30181
LAD,290030,324.13,325.38,328.3,321.89,1636952400000000000,7603
LADR,576124,12.25,12.26,12.36,12.23,1636952400000000000,4042
LAIX,69952,0.8662,0.8749,0.88,0.86,1636952400000000000,298
LAKE,45094,21.62,21.14,21.62,20.98,1636952400000000000,671
LAMR,468496,117.93,117.94,118.66,117.18,1636952400000000000,8563
LANC,62846,164.35,164.95,165.47,163.01,1636952400000000000,3161
LAND,406208,27.16,27.54,27.68,27.1301,1636952400000000000,5437
LANDM,604,25.98,25.98,25.98,25.98,1636952400000000000,4
LANDO,12912,26.25,26,26.25,25.8656,1636952400000000000,113
LARK,1874,29.26,29.145,29.29,29,1636952400000000000,49
LASR,200995,26.99,27.41,27.853,26.78,1636952400000000000,2560
LAUR,958678,11.14,10.98,11.275,10.82,1636952400000000000,9100
LAW,516260,49,51.25,51.81,47.4701,1636952400000000000,4376
LAWS,4427,54.45,53.6,54.6,53.4,1636952400000000000,140
LAZ,284152,47.89,47.06,48.25,46.92,1636952400000000000,3385
LAZR,15043869,20.055,21.99,22.09,19.7799,1636952400000000000,87446
LAZY,64728,21.13,21.01,21.2647,20.91,1636952400000000000,1361
LBAI,95584,19.2,19.23,19.23,18.98,1636952400000000000,1591
LBAY,0,23.874,23.874,23.874,23.874,1636952400000000000,0
LBC,21129,14.73,14.7,14.73,14.37,1636952400000000000,359
LBJ,7274,57.5,57.51,57.6,57.43,1636952400000000000,161
LBPH,24977,6.07,6.21,6.3,5.94,1636952400000000000,199
LBPS,4322,8.3763,8.87,8.87,8.3763,1636952400000000000,45
LBPSW,905,0.9,0.850053,0.9,0.8214,1636952400000000000,6
LBRDA,147898,166.78,167.14,168.165,165.93,1636952400000000000,3416
LBRDK,692359,167.24,168.58,169.655,166.82,1636952400000000000,12066
LBRDP,24147,28.21,29.1,29.44,28.21,1636952400000000000,199
LBRT,1357937,10.89,10.61,10.95,10.531,1636952400000000000,12960
LBTYA,741401,28.82,29.06,29.235,28.66,1636952400000000000,8501
LBTYK,1434082,28.77,29.14,29.29,28.74,1636952400000000000,15236
LC,2726513,44.31,43.59,46.64,42.65,1636952400000000000,20165
LCA,50175,9.8,9.8,9.81,9.79,1636952400000000000,388
LCAHU,160,10.03,10.03,10.03,10.03,1636952400000000000,5
LCAHW,2530,1.24,1.4,1.52,1.1,1636952400000000000,39
LCAP,6541,9.98,9.97,9.98,9.95,1636952400000000000,19
LCAPW,1811,0.833,0.7309,0.8501,0.7112,1636952400000000000,11
LCG,82047,32.31,32.2589,32.47,32.19,1636952400000000000,639
LCI,368187,2.07,2.09,2.09,2.03,1636952400000000000,1935
LCID,77102304,44.6,44.88,46.14,43.41,1636952400000000000,504284
LCII,75672,155.07,154.06,155.07,153.54,1636952400000000000,2190
LCNB,27010,17.69,17.79,17.83,17.65,1636952400000000000,172
LCR,1056,31.76,31.7063,31.77,31.7063,1636952400000000000,13
LCTD,1957,49.26,49.04,49.28,49.04,1636952400000000000,19
LCTU,5345,54.38,54.21,54.38,54.095,1636952400000000000,75
LCTX,493885,2.47,2.48,2.53,2.46,1636952400000000000,3451
LCUT,17513,18.8,18.46,18.8,18.32,1636952400000000000,337
LCW.U,400,9.99,10,10,9.99,1636952400000000000,2
LD,408,49.07,48.6599,49.07,48.6599,1636952400000000000,5
LDEM,19027,62.9999,62.87,62.9999,62.82,1636952400000000000,93
LDHA,65218,9.83,9.82,9.84,9.77,1636952400000000000,298
LDHAU,55363,10,10,10,9.92,1636952400000000000,360
LDHAW,13681,0.9001,0.9,0.9279,0.89,1636952400000000000,227
LDI,662695,7.21,6.99,7.21,6.91,1636952400000000000,3276
LDOS,429367,93.84,94.28,94.64,93.47,1636952400000000000,7378
LDP,23832,27.22,27.05,27.25,27.0105,1636952400000000000,225
LDSF,57184,20.11,20.03,20.11,20.03,1636952400000000000,121
LDUR,135575,101.21,101.06,101.28,101.06,1636952400000000000,493
LE,144337,28.5,28.32,29.25,27.9,1636952400000000000,3807
LEA,494342,184.39,186.95,187.05,183.39,1636952400000000000,9890
LEAD,1154,59.26,59.2556,59.28,59.23,1636952400000000000,24
LEAP,11759,10.34,10.38,10.39,10.3,1636952400000000000,93
LEAP.WS,10248,1.65,1.73,1.73,1.51,1636952400000000000,69
LECO,115941,145.17,145.71,145.825,143.7,1636952400000000000,3051
LEDS,162522,7.11,7.24,7.59,7.02,1636952400000000000,1016
LEE,11696,20.88,20.41,20.885,20.24,1636952400000000000,223
LEG,652066,44.8,44.56,45,44.465,1636952400000000000,9741
LEGA,306010,9.78,9.8,9.8,9.7794,1636952400000000000,20
LEGAW,28926,0.7344,0.722401,0.7344,0.7111,1636952400000000000,108
LEGH,69912,27.04,26.09,27.3499,25.19,1636952400000000000,964
LEGN,297959,48.525,49.11,50.4,48.01,1636952400000000000,5512
LEGR,33492,44.78,44.45,44.78,44.37,1636952400000000000,295
LEJU,28276,1.29,1.31,1.3798,1.29,1636952400000000000,143
LEMB,112616,41.77,41.7,41.79,41.68,1636952400000000000,607
LEN,1940404,108.22,106.9,108.22,106.82,1636952400000000000,20799
LEN.B,74717,88.72,87.62,88.72,87.56,1636952400000000000,1509
LEO,132889,8.43,8.41,8.46,8.4,1636952400000000000,288
LESL,1966869,23.67,21.44,23.7412,21.38,1636952400000000000,19395
LEU,330988,82.17,74.74,87.47,74.18,1636952400000000000,8368
LEV,1450490,12.81,12.3,12.99,12.2,1636952400000000000,11354
LEV.WS,66449,4.32,4.1,4.35,4.03,1636952400000000000,379
LEVI,616087,27.61,27.19,27.8599,27.06,1636952400000000000,7972
LEVL,55982,39.95,39.75,40.35,39.61,1636952400000000000,847
LEVLP,2242,27.5,27.7,27.7,27.5,1636952400000000000,11
LEXI,14004,26.9,26.8719,26.92,26.85,1636952400000000000,11
LEXX,47813,6.54,6.44,6.61,6.44,1636952400000000000,317
LEXXW,17547,2.06,2.025,2.1,2,1636952400000000000,62
LFC,265829,8.82,8.86,8.88,8.82,1636952400000000000,1621
LFEQ,18564,43.62,43.4364,43.62,43.41,1636952400000000000,47
LFG,673812,20.94,20.4,21.34,19.92,1636952400000000000,9069
LFG.WS,132449,9.55,8.89,9.55,8.42,1636952400000000000,1287
LFMD,928490,4.8,4.47,4.8299,4.27,1636952400000000000,5770
LFMDP,7638,21.11,20.33,22.4452,19.5001,1636952400000000000,68
LFST,584730,10.3,10.59,10.83,10.13,1636952400000000000,6038
LFT,35318,3.98,3.93,3.98,3.91,1636952400000000000,341
LFTpA,5057,25.49,25.54,25.54,25.49,1636952400000000000,11
LFTR,26711,9.81,9.82,9.848,9.81,1636952400000000000,180
LFTRW,30629,1.015,1.03,1.03,0.9888,1636952400000000000,69
LFUS,99650,331.19,324.54,332.67,322.9,1636952400000000000,4259
LFVN,40975,7.15,7.16,7.32,7,1636952400000000000,418
LGAC,12634,9.77,9.77,9.7799,9.76,1636952400000000000,97
LGACU,12106,9.94,9.95,9.98,9.94,1636952400000000000,191
LGACW,21454,0.9999,1.025,1.025,0.9999,1636952400000000000,57
LGBT,380,28.08,28.08,28.08,28.08,1636952400000000000,28
LGF.A,682646,17.71,18.29,18.295,17.45,1636952400000000000,8549
LGF.B,874244,16.21,16.74,16.7907,16.11,1636952400000000000,10031
LGH,65449,45.4,45.22,45.4,45.0623,1636952400000000000,122
LGHL,199581,2.01,2.06,2.06,1.98,1636952400000000000,823
LGHLW,65660,0.168,0.157,0.168,0.1531,1636952400000000000,99
LGI,19334,20.86,20.82,20.9,20.75,1636952400000000000,113
LGIH,116996,143.89,143,143.89,142.05,1636952400000000000,4275
LGL,9085,10.81,11.6778,11.6899,10.81,1636952400000000000,49
LGL.WS,27807,0.5,0.59,0.59,0.5,1636952400000000000,20
LGLV,7077,144.72,144.71,144.875,144.4534,1636952400000000000,171
LGND,212811,160.75,164.11,164.5799,157.24,1636952400000000000,4987
LGO,80366,11.38,11.09,11.58,10.99,1636952400000000000,714
LGOV,1785,27.555,27.5301,27.555,27.51,1636952400000000000,21
LGSTU,332671,10.1,10.11,10.13,10.09,1636952400000000000,237
LGV,455856,9.93,9.94,9.96,9.93,1636952400000000000,206
LGV.WS,14224,1.4,1.4,1.4,1.36,1636952400000000000,33
LGVCU,223710,10.05,10.05,10.065,10.05,1636952400000000000,847
LGVN,72821,3.4,3.29,3.4922,3.26,1636952400000000000,385
LH,681398,293.93,285.31,294.16,284.37,1636952400000000000,16770
LHAA,37049,9.8,9.8,9.8,9.8,1636952400000000000,112
LHC,739,9.7501,9.77,9.77,9.7501,1636952400000000000,15
LHCG,259448,150.81,144.03,150.81,143.5,1636952400000000000,7393
LHDX,206913,6.12,6.31,6.34,6,1636952400000000000,1809
LHX,1024052,221.02,221.23,221.645,219.85,1636952400000000000,18615
LI,5536532,30.2,29.85,30.41,29.68,1636952400000000000,40813
LIAN,171475,14.61,15.74,15.83,14.61,1636952400000000000,1935
LIBYU,25156,10.1698,10.21,10.21,10.14,1636952400000000000,59
LICY,870646,13.43,13.77,13.84,13.35,1636952400000000000,6821
LICY.WS,58212,4.2,4.2201,4.25,4.07,1636952400000000000,246
LIDR,1300084,5.71,5.52,5.8,5.35,1636952400000000000,6713
LIDRW,24574,1.2,1.17,1.2,1.12,1636952400000000000,44
LIFE,242911,8.77,8.61,8.77,8.37,1636952400000000000,2850
LII,201317,319.59,314.64,322.66,314.13,1636952400000000000,5468
LIII,255191,9.94,10.03,10.07,9.93,1636952400000000000,620
LIII.WS,42722,1.5,1.55,1.57,1.5,1636952400000000000,90
LILA,247027,13.69,13.45,14.03,13.385,1636952400000000000,3013
LILAK,713421,13.48,13.27,13.88,13.21,1636952400000000000,6059
LILM,765291,9.6,9.75,9.75,9.45,1636952400000000000,3973
LILMW,17092,2,2.0367,2.18,1.9901,1636952400000000000,94
LIN,1247651,336.73,334.01,336.73,332.76,1636952400000000000,25376
LINC,128673,7.37,7.34,7.39,7.32,1636952400000000000,541
LIND,118534,16.81,16.66,16.85,16.52,1636952400000000000,2107
LINK,18191,9.35,9.22,9.35,9.04,1636952400000000000,212
LIONU,20040,10.05,10.06,10.06,10.05,1636952400000000000,13
LIQT,96037,5.91,5.7,5.94,5.62,1636952400000000000,390
LIT,1977934,93.99,93.26,93.99,92.555,1636952400000000000,33586
LITB,470157,1.76,1.62,1.76,1.6,1636952400000000000,1300
LITE,620550,92.19,90.06,92.19,89.3,1636952400000000000,8174
LITT,727,9.73,9.77,9.77,9.73,1636952400000000000,14
LITTW,5016,1.22,1.1,1.24,1.03,1636952400000000000,45
LIV,14,28.7023,28.7023,28.7023,28.7023,1636952400000000000,3
LIVE,14799,35.47,35.22,35.67,33.08,1636952400000000000,198
LIVN,1134633,82.13,84.81,86.19,81,1636952400000000000,13800
LIXT,15782,1.81,1.81,1.88,1.81,1636952400000000000,94
LIXTW,784,0.4785,0.4,0.4785,0.4,1636952400000000000,13
LIZI,479426,2.94,2.86,2.94,2.775,1636952400000000000,2236
LJAQW,1968,0.5512,0.578,0.578,0.5512,1636952400000000000,9
LJPC,51108,4.05,4.01,4.1,3.97,1636952400000000000,409
LKCO,3366071,1.03,1.03,1.06,1.03,1636952400000000000,4288
LKFN,75429,74.08,73.62,74.15,73.34,1636952400000000000,1994
LKOR,5621,60.62,59.7143,60.62,59.7143,1636952400000000000,83
LKQ,974979,58.84,58.87,59.42,58.67,1636952400000000000,14599
LL,277649,17.6,17.41,17.66,17.3,1636952400000000000,3075
LLL,155433,2.7,2.71,2.8276,2.56,1636952400000000000,622
LLNW,1218415,3.03,3.07,3.1064,2.98,1636952400000000000,8597
LLY,1894071,259.39,258.43,259.61,257.16,1636952400000000000,34560
LMACA,95225,10.52,10.65,10.73,10.4501,1636952400000000000,573
LMACU,23862,10.98,11.1,11.22,10.9001,1636952400000000000,95
LMACW,28145,2.3,2.44,2.46,2.18,1636952400000000000,102
LMAO,220,9.99,9.99,9.99,9.99,1636952400000000000,3
LMAOW,20857,0.5,0.539,0.539,0.496,1636952400000000000,70
LMAT,98825,54.66,54.9,55.13,54.01,1636952400000000000,3060
LMB,90540,7.95,7.53,7.95,7.4506,1636952400000000000,645
LMBS,661405,50.2506,50.21,50.2506,50.2,1636952400000000000,1959
LMDX,80388,9.1,9.34,9.635,9.1,1636952400000000000,737
LMDXW,50564,2.36,1.87,2.36,1.85,1636952400000000000,201
LMFA,159836,6.63,6.61,6.76,6.53,1636952400000000000,1066
LMND,1349631,64.18,62.14,64.25,61.7202,1636952400000000000,24005
LMNL,44064,1.59,1.6,1.6619,1.59,1636952400000000000,321
LMNR,21907,16.41,16.64,16.64,16.14,1636952400000000000,488
LMPX,70535,13.12,13.42,13.8756,13,1636952400000000000,857
LMRK,73466,16.26,16.26,16.29,16.26,1636952400000000000,262
LMRKN,1065,25.21,25.2635,25.2635,25.21,1636952400000000000,18
LMRKO,3146,25.09,25.112,25.13,25.09,1636952400000000000,20
LMRKP,3365,25.235,25.3096,25.31,25.2346,1636952400000000000,23
LMST,1363,19,18.96,19,18.6846,1636952400000000000,26
LMT,1052945,339.55,340.92,341.65,339.43,1636952400000000000,25238
LNC,1578210,74.27,74.6,75.059,74.08,1636952400000000000,20770
LND,3337,5.02,5.22,5.2539,5.02,1636952400000000000,65
LNDC,300309,9.5,9.54,9.57,9.37,1636952400000000000,1881
LNFA,13020,10.04,10.02,10.05,10.02,1636952400000000000,122
LNFA.U,343,10.45,10.45,10.45,10.45,1636952400000000000,2
LNFA.WS,8100,0.7526,0.7667,0.8,0.75,1636952400000000000,40
LNG,1270911,104.03,103.4,105.32,102.82,1636952400000000000,21129
LNN,44902,158.23,158.67,159.53,157.72,1636952400000000000,1390
LNSR,3484,7.18,7.265,7.37,7.18,1636952400000000000,87
LNT,1331388,55.46,56.24,56.26,55.34,1636952400000000000,19667
LNTH,326115,30.47,29.79,30.5,29.45,1636952400000000000,4543
LOAN,47326,6.24,6.14,6.24,6.06,1636952400000000000,387
LOB,318590,93.95,95.26,95.99,93.95,1636952400000000000,5177
LOCC,256333,9.55,9.68,9.82,9.55,1636952400000000000,1570
LOCC.U,267835,9.93,10,10.04,9.91,1636952400000000000,1872
LOCC.WS,80458,0.62,1,1.1,0.62,1636952400000000000,1095
LOCO,122450,14.87,14.8,14.8717,14.67,1636952400000000000,2164
LODE,505009,2.21,2.12,2.22,2.09,1636952400000000000,2327
LOGC,55124,3.6,3.52,3.7268,3.51,1636952400000000000,522
LOGI,352145,80.91,80.04,81.3808,79.99,1636952400000000000,6740
LOKM,4232,9.8,9.76,9.8,9.75,1636952400000000000,95
LOKM.U,8362,10,10,10,10,1636952400000000000,74
LOKM.WS,24210,1.3,1.29,1.3,1.19,1636952400000000000,214
LOMA,682023,6.82,6.78,6.87,6.44,1636952400000000000,5554
LOOP,70517,16.08,15.25,16.08,15.2,1636952400000000000,1222
LOPE,270963,81.12,79.93,81.55,79.85,1636952400000000000,6826
LOPP,45,30.0858,30.0858,30.0858,30.0858,1636952400000000000,2
LOPX,404,9.545,9.5995,9.5995,9.545,1636952400000000000,26
LORL,65988,47.19,45.74,47.89,45.51,1636952400000000000,2129
LOTZ,2058723,3.71,3.56,3.71,3.51,1636952400000000000,8945
LOTZW,25324,0.83,0.8199,0.87,0.8,1636952400000000000,96
LOUP,6550,58.72,58.364,58.72,58.34,1636952400000000000,130
LOV,269170,2.58,2.83,2.87,2.5,1636952400000000000,1465
LOVE,162105,84.25,83.62,84.6922,81.56,1636952400000000000,4699
LOW,2191781,236.1,234.92,237.15,234.33,1636952400000000000,42675
LOWC,1732,134.82,134.1756,134.82,134.1,1636952400000000000,40
LPCN,475539,1.21,1.2,1.21,1.16,1636952400000000000,963
LPG,308332,13.07,13.14,13.2,12.81,1636952400000000000,3505
LPI,508829,68.68,71.42,72.39,67.2,1636952400000000000,9601
LPL,352811,8.71,8.71,8.81,8.71,1636952400000000000,2556
LPLA,294488,165.83,166.9,168.11,165.8,1636952400000000000,6158
LPRO,1458058,29.49,30.64,30.8,29.28,1636952400000000000,14102
LPSN,537124,48.3,47.89,48.38,47.36,1636952400000000000,8853
LPTH,312839,1.84,1.83,1.87,1.81,1636952400000000000,706
LPTX,1449447,2.43,2.4,2.565,2.39,1636952400000000000,5484
LPX,1167615,68,66.81,68.25,66.59,1636952400000000000,11899
LQD,12217440,132.85,131.97,132.9,131.955,1636952400000000000,50106
LQDA,1540065,5.09,4.86,5.4,4.81,1636952400000000000,6497
LQDB,0,101.1909,101.1909,101.1909,101.1909,1636952400000000000,0
LQDH,27334,96.13,96.02,96.2876,96.02,1636952400000000000,307
LQDI,55423,30.98,30.9,31.02,30.85,1636952400000000000,162
LQDT,183993,26.15,25.58,27,25.41,1636952400000000000,3176
LRCX,1343811,632,630.26,644.3883,625.08,1636952400000000000,36579
LRFC,12680,25.0364,24.92,25.0364,23.9,1636952400000000000,178
LRGE,14263,62.37,62.19,62.42,62.12,1636952400000000000,73
LRGF,65653,45.93,45.75,45.93,45.68,1636952400000000000,442
LRMR,24564,11.46,10.98,11.46,10.81,1636952400000000000,439
LRN,177192,36.57,36.02,36.62,35.82,1636952400000000000,3609
LRNZ,6674,55.03,53.8939,55.03,53.5,1636952400000000000,269
LSAF,9645,35.045,34.8605,35.045,34.79,1636952400000000000,47
LSAT,9443,36.5302,36.64,36.7,36.5302,1636952400000000000,72
LSBK,1033,15.2,15.2,15.2,15.2,1636952400000000000,7
LSCC,674681,83.89,83.14,83.94,81.63,1636952400000000000,10725
LSEA,35296,8.82,8.64,8.9,8.46,1636952400000000000,477
LSEAW,85073,0.26,0.2501,0.278,0.25,1636952400000000000,156
LSF,50079,18.61,16.51,18.73,16.5,1636952400000000000,1116
LSI,617344,131.46,133.29,133.32,130.07,1636952400000000000,7682
LSLT,0,32.366,32.366,32.366,32.366,1636952400000000000,0
LSPD,1092863,70.3,69.39,71.7188,68.75,1636952400000000000,13737
LSST,6229,25.08,25.075,25.08,25.07,1636952400000000000,22
LSTR,127133,179.205,179.59,180.74,178.555,1636952400000000000,4420
LSXMA,491564,55.82,55.74,56.07,55.17,1636952400000000000,6010
LSXMK,521980,55.17,55.59,55.81,54.87,1636952400000000000,8535
LTBR,304886,14,12.6,14.2,12.41,1636952400000000000,2673
LTC,211626,34.17,34.38,34.38,34.02,1636952400000000000,3829
LTCH,1390200,8.66,8.78,9.03,8.53,1636952400000000000,12292
LTCHW,117407,1.9,1.93,2.155,1.87,1636952400000000000,738
LTH,454275,19.62,19.56,20.11,19.48,1636952400000000000,3651
LTHM,2666206,31.19,29.93,31.29,28.96,1636952400000000000,27313
LTL,1109,51.4799,51.6032,51.76,51.375,1636952400000000000,14
LTPZ,131026,92.21,91.5,92.24,91.45,1636952400000000000,1222
LTRN,73196,10,9.66,10.05,9.5,1636952400000000000,589
LTRPA,468363,2.96,2.91,2.96,2.85,1636952400000000000,3239
LTRX,259927,9.1,8.8,9.25,8.69,1636952400000000000,2701
LTRY,812984,13.7,13.08,13.7,12.81,1636952400000000000,5996
LTRYW,754275,3.25,3.12,3.29,3.02,1636952400000000000,1580
LU,5186356,7.33,7.31,7.36,7.13,1636952400000000000,20007
LUB,26676,2.9,2.9,2.92,2.89,1636952400000000000,171
LUCD,189566,9.95,10.44,10.59,9.67,1636952400000000000,2083
LULU,736939,455.75,461.96,464.6699,454.66,1636952400000000000,23631
LUMN,7679430,14.22,14.12,14.29,13.995,1636952400000000000,32205
LUMO,54201,9.71,9.25,9.71,8.8,1636952400000000000,334
LUNA,412978,9.68,9.28,9.75,9.23,1636952400000000000,3400
LUNG,291034,40.14,38.11,40.26,37.89,1636952400000000000,4281
LUV,4399101,49.06,49.13,49.38,48.63,1636952400000000000,39879
LUXA,49290,9.92,9.91,9.9244,9.86,1636952400000000000,238
LUXAU,1653,10.22,10.255,10.255,10.22,1636952400000000000,8
LUXAW,17357,1.2,1.14,1.22,1.11,1636952400000000000,78
LUXE,3166,32.79,32.5694,33.08,32.5694,1636952400000000000,153
LVACU,188400,10.11,10.1,10.11,10.09,1636952400000000000,26
LVHD,17477,38.12,38.14,38.17,37.98,1636952400000000000,200
LVHI,4321,26.31,26.2704,26.31,26.2,1636952400000000000,36
LVLU,392412,13.75,14.25,14.5,13.731,1636952400000000000,3077
LVO,381891,2.22,2.28,2.28,2.15,1636952400000000000,2651
LVOL,0,48.342,48.342,48.342,48.342,1636952400000000000,0
LVOX,202290,5.8,5.25,5.8,5.22,1636952400000000000,1854
LVOXW,97957,0.97,0.91,0.97,0.8563,1636952400000000000,114
LVRA,82972,9.72,9.75,9.75,9.71,1636952400000000000,505
LVRAU,74068,10,10,10.01,9.99,1636952400000000000,416
LVRAW,82468,0.8,0.88,1,0.8,1636952400000000000,278
LVS,7193539,39.94,41.34,41.535,39.94,1636952400000000000,58168
LVTX,9676,7.45,7.02,7.45,6.98,1636952400000000000,106
LW,2476162,56.94,58.19,59.03,56.55,1636952400000000000,21707
LWAY,40220,5.65,5.48,5.72,5.45,1636952400000000000,139
LWLG,670576,13.14,13.47,13.811,12.94,1636952400000000000,4104
LX,1521382,6.18,6.31,6.48,6.17,1636952400000000000,8336
LXEH,1288,8.6572,8.8,8.8,8.6572,1636952400000000000,16
LXFR,74345,23.17,22.51,23.17,22.4401,1636952400000000000,797
LXP,1464193,14.83,15.18,15.18,14.81,1636952400000000000,6985
LXPpC,463,62.25,62.25,62.25,62.25,1636952400000000000,15
LXRX,601245,5.24,5.15,5.28,5.1,1636952400000000000,4863
LXU,138714,9.48,9.43,9.48,9.24,1636952400000000000,1693
LYB,1480385,95.44,95.22,95.96,94.66,1636952400000000000,18426
LYEL,512162,11.61,11.05,11.63,10.93,1636952400000000000,6170
LYFE,6259,33.47,33.18,33.47,33.18,1636952400000000000,27
LYFT,4376567,53,51.66,53.59,50.98,1636952400000000000,45096
LYG,3898639,2.64,2.61,2.64,2.61,1636952400000000000,4505
LYL,51468,1.65,1.61,1.68,1.55,1636952400000000000,179
LYLT,468652,34.02,33.11,34.49,31.7824,1636952400000000000,6396
LYRA,22866,7.1,7.18,7.24,7.09,1636952400000000000,197
LYTS,54445,8.03,8,8.09,7.94,1636952400000000000,616
LYV,1716881,113.07,115.94,116.79,112.7,1636952400000000000,23199
LZ,1097678,19.75,21.27,21.36,19.75,1636952400000000000,11441
LZB,433526,37.9,37.04,38.01,37.03,1636952400000000000,6604
M,11424936,31,31.05,31.46,30.41,1636952400000000000,71313
MA,4638550,365.14,361.36,371.13,360.66,1636952400000000000,88958
MAA,383049,205.43,206.1,206.15,203.61,1636952400000000000,7737
MAApI,493,63.1,63.1,63.1,63.07,1636952400000000000,6
MAAX,6,24.79,24.79,24.79,24.79,1636952400000000000,2
MAC,1141204,21.13,20.99,21.2581,20.8801,1636952400000000000,9059
MACA,500,9.7263,9.7263,9.7263,9.7263,1636952400000000000,7
MACAW,1410,0.6199,0.62,0.62,0.6199,1636952400000000000,14
MACC,291,9.77,9.75,9.77,9.75,1636952400000000000,11
MACC.WS,9328,0.6098,0.61,0.615,0.606601,1636952400000000000,28
MACK,5587,4.52,4.43,4.55,4.4215,1636952400000000000,181
MACQ,137714,9.945,9.95,9.96,9.94,1636952400000000000,511
MACQU,20026,10.3,10.31,10.31,10.3,1636952400000000000,54
MACQW,273164,1.15,1.18,1.2,1.13,1636952400000000000,627
MAG,243508,20.91,20.86,20.95,20.56,1636952400000000000,2772
MAGA,1091,40.75,39.438,40.75,39.438,1636952400000000000,56
MAIN,280083,46.05,45.68,46.0746,45.475,1636952400000000000,5454
MAKX,838,43.67,43.33,43.7,43.33,1636952400000000000,17
MAMB,933,25.46,25.4094,25.46,25.4094,1636952400000000000,4
MAN,348997,103.71,102.35,103.71,102.17,1636952400000000000,6015
MANH,180590,174.72,173.72,177.19,173.475,1636952400000000000,4097
MANT,167861,77.88,77.17,78.1,76.53,1636952400000000000,3427
MANU,344002,16.09,16.02,16.22,16,1636952400000000000,2427
MAPS,2358285,9.49,9.17,9.72,8.81,1636952400000000000,22568
MAPSW,169470,2.69,2.63,2.69,2.46,1636952400000000000,596
MAQC,32593,10.13,10.13,10.13,10.0653,1636952400000000000,303
MAQCU,210,10.555,10.555,10.555,10.555,1636952400000000000,4
MAQCW,95926,0.7701,0.77,0.7701,0.7502,1636952400000000000,188
MAR,1377028,157.04,155.68,157.794,154.875,1636952400000000000,24392
MARA,34925703,72.59,55.4,73.5,54.65,1636952400000000000,331300
MARB,490,19.6001,19.6257,19.6257,19.6001,1636952400000000000,6
MARK,7404792,1.7,1.62,1.729,1.58,1636952400000000000,15248
MARPS,11720,5.1,4.91,5.1,4.802,1636952400000000000,102
MARZ,0,28.8832,28.8832,28.8832,28.8832,1636952400000000000,0
MAS,1579730,66.5,67.24,67.81,66.15,1636952400000000000,18000
MASI,239342,300.92,298.78,303.9899,298,1636952400000000000,7635
MASS,404199,31.85,30.86,32.25,30.63,1636952400000000000,4953
MAT,2436368,23.0898,22.86,23.3,22.84,1636952400000000000,17252
MATW,55059,39.22,38.93,39.22,38.48,1636952400000000000,1285
MATX,225763,94.16,93.15,94.18,92.505,1636952400000000000,5201
MAV,76332,11.98,12,12,11.85,1636952400000000000,332
MAX,336445,16.93,18.23,18.469,16.84,1636952400000000000,3989
MAXN,427176,23.515,21.38,23.515,21.17,1636952400000000000,5139
MAXR,651048,31.26,31.46,31.89,31.1,1636952400000000000,7288
MAYS,714,35.49,35.73,35.73,35.49,1636952400000000000,37
MAYZ,0,27.171,27.171,27.171,27.171,1636952400000000000,0
MBAC,14595,9.95,9.93,9.96,9.93,1636952400000000000,162
MBAC.WS,21832,1.53,1.54,1.57,1.38,1636952400000000000,100
MBB,1252769,107.5,107.37,107.503,107.37,1636952400000000000,6402
MBBB,4,24.84,24.84,24.84,24.84,1636952400000000000,2
MBCC,917,30.17,29.9535,30.17,29.95,1636952400000000000,15
MBCN,16459,27.43,27.55,27.56,27.1221,1636952400000000000,286
MBI,215350,13.73,13.76,13.96,13.51,1636952400000000000,2940
MBII,321346,0.88,0.85,0.8968,0.841,1636952400000000000,924
MBIN,64760,47.21,46.78,47.3123,46.27,1636952400000000000,664
MBINN,11866,26.91,26.85,26.91,26.61,1636952400000000000,116
MBINO,1380,26.555,26.6178,26.6178,26.555,1636952400000000000,30
MBINP,400,28.1177,28.1177,28.1177,28.1177,1636952400000000000,1
MBIO,1063705,2.48,2.31,2.48,2.28,1636952400000000000,4291
MBND,230,29.871,29.88,29.88,29.871,1636952400000000000,3
MBNKP,2594,27,26.6,27,26.57,1636952400000000000,27
MBOT,60593,6.93,6.91,7.035,6.85,1636952400000000000,353
MBOX,3628,26.6,26.5052,26.6,26.5052,1636952400000000000,34
MBRX,298221,2.45,2.38,2.47,2.35,1636952400000000000,1185
MBSD,151843,23.3001,23.36,23.38,23.3001,1636952400000000000,15
MBT,1317769,9.04,9.13,9.13,8.975,1636952400000000000,7782
MBUU,115270,71.61,70.13,71.9,69.685,1636952400000000000,3981
MBWM,22408,36.88,36.62,36.88,36.27,1636952400000000000,623
MC,340837,71.05,70.23,71.615,69.975,1636952400000000000,5927
MCA,38928,15.93,16.03,16.05,15.93,1636952400000000000,248
MCAAU,46215,10.18,10.21,10.26,10.17,1636952400000000000,45
MCAER,99320,0.6,0.7498,0.7498,0.6,1636952400000000000,3
MCAEU,253,10.65,10.65,10.65,10.65,1636952400000000000,2
MCAF,1078,9.87,9.845,9.87,9.845,1636952400000000000,6
MCAGU,90404,10.09,10.0807,10.13,10.08,1636952400000000000,241
MCB,145518,100.55,101.93,102.93,99.45,1636952400000000000,2821
MCBC,179990,8.75,8.8,8.82,8.75,1636952400000000000,887
MCBS,26941,26.97,27.06,27.44,26.72,1636952400000000000,499
MCD,1709216,250.67,252.94,253.76,250.67,1636952400000000000,38277
MCEF,3778,21.11,20.965,21.11,20.9603,1636952400000000000,22
MCF,1068632,3.93,3.93,4.01,3.87,1636952400000000000,7795
MCFE,1293632,25.59,25.68,25.72,25.55,1636952400000000000,10119
MCFT,102688,29.33,29.43,29.63,29.14,1636952400000000000,1813
MCG,146651,11.25,10.91,11.2698,10.67,1636952400000000000,1547
MCHI,3968489,70.66,70.14,70.72,70.04,1636952400000000000,32286
MCHP,2655959,84.71,83.21,85.305,82.93,1636952400000000000,32435
MCHX,84655,2.9,2.85,2.999,2.83,1636952400000000000,588
MCI,16858,15.86,16.07,16.07,15.7183,1636952400000000000,61
MCK,960477,224.84,221.93,226.23,221.41,1636952400000000000,17178
MCMJ,2740915,10.55,10.68,10.85,10.41,1636952400000000000,9931
MCMJW,578461,2.05,2,2.29,1.95,1636952400000000000,1295
MCN,30076,8.18,8.23,8.27,8.18,1636952400000000000,125
MCO,763005,388.15,390.78,394.94,387.385,1636952400000000000,12319
MCR,49167,8.61,8.6,8.62,8.59,1636952400000000000,230
MCRB,1095997,7.82,7.81,8.08,7.7101,1636952400000000000,11223
MCRI,39329,72.5,71.39,72.5,71.31,1636952400000000000,1372
MCRO,10250,28.44,28.4305,28.47,28.4305,1636952400000000000,12
MCS,179364,21.2,21.2,21.54,21.1,1636952400000000000,3143
MCW,1229803,17.66,17.74,18.84,17.59,1636952400000000000,14300
MCY,212512,52.85,51.88,53.02,51.53,1636952400000000000,3119
MD,405854,28.45,28,28.45,27.85,1636952400000000000,4363
MDB,423143,569.63,561.89,570.5504,556.11,1636952400000000000,10742
MDC,323753,51.97,51.69,52.17,51.6398,1636952400000000000,7032
MDEV,150,26.28,26.2672,26.28,26.2672,1636952400000000000,7
MDGL,65107,90.98,90.37,90.98,88.53,1636952400000000000,2314
MDGS,341725,1.46,1.47,1.4799,1.44,1636952400000000000,537
MDGSW,4300,0.4,0.4002,0.4002,0.4,1636952400000000000,4
MDH,43718,9.87,9.89,9.89,9.85,1636952400000000000,116
MDH.U,7900,10.2,10.2,10.2,10.2,1636952400000000000,3
MDH.WS,40477,0.67495,0.64,0.67495,0.6302,1636952400000000000,97
MDIA,168417,6.54,6.99,7.14,6.4606,1636952400000000000,949
MDIV,79111,16.7,16.81,16.8168,16.7,1636952400000000000,340
MDJH,6374,3.35,3.3,3.45,3.3,1636952400000000000,62
MDLZ,3501585,62.751,62.85,62.95,62.51,1636952400000000000,36688
MDNA,198044,2.25,2.12,2.3,2.09,1636952400000000000,731
MDP,635896,58.7,58.76,58.85,58.55,1636952400000000000,5051
MDRR,127434,1.17,1.16,1.2,1.13,1636952400000000000,469
MDRRP,816,22.8,22.4595,22.8,22.4595,1636952400000000000,13
MDRX,2118861,16.47,16.72,16.83,16.23,1636952400000000000,17862
MDT,5743787,119.85,117.58,119.94,117.46,1636952400000000000,59081
MDU,979123,29.05,29.18,29.23,28.77,1636952400000000000,9368
MDVA,5756,25.74,25.75,25.75,25.705,1636952400000000000,38
MDVL,131681,2.3,2.28,2.33,2.26,1636952400000000000,915
MDWD,93892,3.33,3.4,3.4178,3.25,1636952400000000000,325
MDWT,81938,31.8,24.34,32.3097,24.185,1636952400000000000,1087
MDXG,580884,8.04,7.79,8.28,7.68,1636952400000000000,4759
MDXH,25049,11.02,11.15,11.39,11,1636952400000000000,465
MDY,625405,531.37,530.09,531.48,528.82,1636952400000000000,9172
MDYG,40532,83.98,83.68,83.98,83.5,1636952400000000000,561
MDYV,33929,72.86,72.84,72.91,72.57,1636952400000000000,450
ME,4026349,12.07,11.17,12.1317,10.9,1636952400000000000,25279
MEAC,161,9.85,9.85,9.85,9.85,1636952400000000000,6
MEACW,45630,0.5012,0.51,0.51,0.5,1636952400000000000,24
MEAR,33094,50.12,50.115,50.12,50.11,1636952400000000000,97
MEC,77845,16.77,16.92,16.97,16.39,1636952400000000000,1197
MED,105858,229.79,229.26,230.63,224.03,1636952400000000000,3725
MEDP,130612,222,218.81,225.18,218.12,1636952400000000000,3592
MEDS,39681,4.03,3.95,4.03,3.95,1636952400000000000,219
MEG,173295,76.16,76.56,77.79,75.59,1636952400000000000,3333
MEGI,44976,20.03,20.05,20.08,20.02,1636952400000000000,87
MEI,174029,48.22,47.56,48.39,47.1,1636952400000000000,2777
MEIP,314844,3.24,3.13,3.24,3.1,1636952400000000000,2520
MEKA,21978,13.47,13.3988,13.59,13.15,1636952400000000000,229
MELI,291075,1603.62,1633.21,1642.61,1601.92,1636952400000000000,16716
MENV,1,25.78,25.78,25.78,25.78,1636952400000000000,1
MEOA,132535,9.98,9.99,9.99,9.95,1636952400000000000,187
MEOAU,2200,10.49,10.401,10.49,10.4,1636952400000000000,17
MEOAW,3200,0.4821,0.4799,0.4869,0.4799,1636952400000000000,24
MEOH,467165,45.51,45.3,45.82,44.23,1636952400000000000,4180
MERpK,34951,26.65,26.62,26.72,26.57,1636952400000000000,329
MERC,254785,11.14,10.86,11.14,10.74,1636952400000000000,2026
MESA,218466,8.45,8.42,8.6,8.33,1636952400000000000,2263
MESO,564197,6.71,7.09,7.275,6.71,1636952400000000000,2574
MET,5972926,64.41,64.15,64.61,63.965,1636952400000000000,32524
METpA,68765,25.13,25.14,25.26,25.01,1636952400000000000,480
METpE,27795,26.88,26.74,26.8855,26.68,1636952400000000000,276
METpF,43791,26.45,26.24,26.45,26.08,1636952400000000000,338
META,7582899,16.63,16.53,16.6361,16.39,1636952400000000000,49035
METC,434935,13,12.16,13.1254,12.06,1636952400000000000,4124
METCL,2438,26.6,26.6,26.6,26.6,1636952400000000000,11
METX,53091039,0.555,0.524,0.5594,0.51,1636952400000000000,43571
METXW,47246,0.29,0.2705,0.32,0.27,1636952400000000000,81
MEUSW,109470,3.3622,2.88,3.3622,2.855,1636952400000000000,579
MEXX,885,84.32,83.7051,84.32,83.54,1636952400000000000,47
MF,487560,4.55,4.64,4.75,4.43,1636952400000000000,2164
MFA,1922977,4.53,4.48,4.545,4.47,1636952400000000000,6605
MFApB,10255,25.4079,25.44,25.45,25.3,1636952400000000000,96
MFApC,24699,24.22,23.82,24.22,23.82,1636952400000000000,230
MFC,1548619,19.99,19.89,20.04,19.845,1636952400000000000,7483
MFD,15809,9.8,9.79,9.86,9.76,1636952400000000000,65
MFDX,2316,30.28,30.1506,30.28,30.15,1636952400000000000,27
MFEM,5055,29.549,29.4192,29.549,29.4192,1636952400000000000,91
MFG,367696,2.7,2.7,2.71,2.69,1636952400000000000,1523
MFGP,306076,5.45,5.38,5.46,5.36,1636952400000000000,2072
MFH,198952,3.64,3.51,3.6899,3.35,1636952400000000000,1022
MFIN,21346,8.45,8.4,8.6,8.37,1636952400000000000,211
MFL,11085,14.64,14.57,14.68,14.54,1636952400000000000,48
MFM,60556,7.22,7.19,7.25,7.19,1636952400000000000,368
MFMS,7527,39.87,39.3034,39.87,39.25,1636952400000000000,107
MFUL,0,24.8797,24.8797,24.8797,24.8797,1636952400000000000,0
MFUS,4485,41.67,41.746,41.8,41.66,1636952400000000000,31
MFV,4122,6.865,6.9005,6.92,6.865,1636952400000000000,24
MG,63820,9.13,9.15,9.27,9.08,1636952400000000000,680
MGA,1421120,87.17,88.55,88.57,86.65,1636952400000000000,17822
MGC,50923,166.42,165.9,166.484,165.62,1636952400000000000,773
MGEE,54628,78.23,78.95,78.96,77.9,1636952400000000000,1095
MGF,94408,4.29,4.27,4.29,4.27,1636952400000000000,210
MGI,4467524,6.4371,6.5,6.825,6.37,1636952400000000000,25070
MGIC,94781,25,24.33,25.49,24.1906,1636952400000000000,1170
MGK,134346,258.8,258.03,259.489,256.99,1636952400000000000,3082
MGLN,64350,95.26,94.71,95.42,94.7,1636952400000000000,1089
MGM,3040836,45.48,45.82,46.09,45.37,1636952400000000000,34955
MGMT,14448,38.06,38.0042,38.11,37.92,1636952400000000000,49
MGNI,1520079,23.27,22.5,23.28,22.44,1636952400000000000,14132
MGNX,317557,20.14,19.53,20.21,19.43,1636952400000000000,4401
MGP,797710,38.905,39.68,39.7,38.76,1636952400000000000,7459
MGPI,261634,74.5,77.53,77.99,72.8991,1636952400000000000,3528
MGR,7860,27.12,26.93,27.12,26.81,1636952400000000000,132
MGRB,17083,25.81,25.63,25.82,25.532,1636952400000000000,205
MGRC,58964,80.47,80.01,80.685,79.35,1636952400000000000,1505
MGRD,21043,24.69,24.58,24.69,24.3,1636952400000000000,128
MGTA,114083,7.49,7.47,7.63,7.3338,1636952400000000000,2465
MGTX,245091,19.4,19.8,19.9274,19.25,1636952400000000000,2571
MGU,17245,24.21,24.2,24.27,24.17,1636952400000000000,128
MGV,77816,105.34,105.05,105.34,104.91,1636952400000000000,808
MGY,1364330,20.35,20.5,20.51,19.81,1636952400000000000,11127
MGYR,1140,11.85,11.6952,11.85,11.675,1636952400000000000,19
MHpA,380,11.3,11.3,11.3,11.3,1636952400000000000,8
MHpC,5990,11.92,11.9584,12,11.87,1636952400000000000,117
MHpD,24979,11.98,11.85,12,11.83,1636952400000000000,135
MHD,57515,16.72,16.73,16.8,16.68,1636952400000000000,194
MHF,31487,8.28,8.25,8.4,8.23,1636952400000000000,100
MHH,16817,19.56,19.57,19.82,19.25,1636952400000000000,231
MHI,21651,12.4,12.42,12.42,12.33,1636952400000000000,210
MHK,509523,178.04,176.02,178.56,175.82,1636952400000000000,10367
MHLA,7956,22.31,22.41,22.76,22.31,1636952400000000000,53
MHLD,111956,3.18,3.19,3.19,3.13,1636952400000000000,1168
MHN,32016,14.84,14.69,14.84,14.64,1636952400000000000,159
MHNC,1964,23.64,23.62,23.884,23.62,1636952400000000000,37
MHO,346089,60.39,59.24,60.59,58.8624,1636952400000000000,5867
MIC,945781,3.69,3.67,3.69,3.66,1636952400000000000,3779
MICT,7382701,1.43,1.41,1.45,1.27,1636952400000000000,16973
MID,2468,61.55,61.6739,61.71,61.55,1636952400000000000,14
MIDD,222639,189.35,188.1,189.58,186.48,1636952400000000000,5017
MIDE,71,28.9315,28.9315,28.9315,28.9315,1636952400000000000,7
MIDF,210,40.4,40.2408,40.4,40.2408,1636952400000000000,7
MIDU,21794,75.91,75.46,76.14,75.06,1636952400000000000,397
MIG,0,24.7129,24.7129,24.7129,24.7129,1636952400000000000,0
MIGI,67472,13.19,12.72,13.22,12.54,1636952400000000000,711
MILE,3582265,3.29,3.2,3.32,3.17,1636952400000000000,14052
MILEW,55727,0.36,0.3499,0.36,0.34,1636952400000000000,140
MILN,15119,45.25,45.22,45.5,45.15,1636952400000000000,298
MIME,615440,82.13,82.7,82.76,81.08,1636952400000000000,12548
MIMO,94996,7.01,6.86,7.12,6.6763,1636952400000000000,1573
MIMO.WS,32465,0.925,0.9,0.9279,0.8201,1636952400000000000,94
MIN,547926,3.66,3.66,3.67,3.65,1636952400000000000,863
MINC,2171,48.48,48.535,48.5914,48.47,1636952400000000000,36
MIND,58776,1.64,1.59,1.6573,1.59,1636952400000000000,219
MINDP,25344,19.5,19.92,20.5,19.5,1636952400000000000,205
MINM,144418,1.55,1.48,1.55,1.47,1636952400000000000,290
MINN,9416,25.04,25.05,25.0521,25.04,1636952400000000000,87
MINO,699,49.81,49.83,49.85,49.81,1636952400000000000,11
MINT,1010591,101.73,101.69,101.73,101.69,1636952400000000000,3295
MIO,36336,18.78,18.61,18.8,18.53,1636952400000000000,171
MIR,828422,11.31,11.48,11.58,11.19,1636952400000000000,6404
MIR.WS,176463,2.82,3.05,3.08,2.81,1636952400000000000,920
MIRM,91811,15.83,15.49,15.99,15.37,1636952400000000000,1644
MIRO,17638,7.5,7.17,7.5,7,1636952400000000000,141
MIST,87362,6.17,6.95,6.99,6.07,1636952400000000000,833
MIT,52369,9.75,9.76,9.76,9.75,1636952400000000000,13
MIT.WS,21620,0.76,0.75,0.76,0.75,1636952400000000000,44
MITC,83108,8,7.57,8.29,6.91,1636952400000000000,708
MITK,541871,17.2,17.3,17.49,17.01,1636952400000000000,5399
MITO,115963,1.02,1.01,1.03,1.01,1636952400000000000,318
MITQ,1767754,2.96,2.87,3.09,2.82,1636952400000000000,8211
MITT,193750,13.03,12.65,13.03,12.61,1636952400000000000,1824
MITTpA,62167,24.96,25.25,25.35,24.96,1636952400000000000,474
MITTpB,24998,25.15,25.25,25.2501,25,1636952400000000000,195
MITTpC,20001,25.31,25.3212,25.44,25.2,1636952400000000000,113
MIXT,4421,12.71,12.58,12.76,12.38,1636952400000000000,30
MIY,11949,15.28,15.22,15.36,15.18,1636952400000000000,81
MJ,3351489,15.61,15.15,15.78,15.09,1636952400000000000,19747
MJIN,563,8.044,8.27,8.27,8.044,1636952400000000000,6
MJJ,316,78.49,78.49,79.7711,78.49,1636952400000000000,20
MJO,1104,98.25,94.066,99.53,94.066,1636952400000000000,45
MJUS,20969,7.9,7.71,8.15,7.68,1636952400000000000,214
MJXL,23510,5.97,5.65,7.16,5.65,1636952400000000000,218
MKC,863713,82.11,82.69,83.07,81.64,1636952400000000000,10726
MKC.V,225,82.73,82.6425,82.73,82.6425,1636952400000000000,11
MKD,2913557,0.3325,0.3411,0.346,0.3314,1636952400000000000,3514
MKFG,426140,7.35,7.21,7.365,7.104,1636952400000000000,5188
MKFG.WS,18755,1.56,1.47,1.56,1.41,1636952400000000000,31
MKL,43374,1298.87,1277.8,1298.87,1271.34,1636952400000000000,5510
MKSI,451993,167.75,165.86,169.88,164.16,1636952400000000000,9095
MKTW,234325,7.58,7.6,7.87,7.45,1636952400000000000,2120
MKTWW,11777,1.28,1.17,1.28,1.17,1636952400000000000,61
MKTX,216682,389.26,389.27,391.98,386.97,1636952400000000000,7659
ML,776904,5.78,5.9,5.98,5.65,1636952400000000000,4700
ML.WS,72104,0.95,0.92,0.95,0.9001,1636952400000000000,160
MLAB,36664,313.1,306.74,314.6,304.32,1636952400000000000,1923
MLAC,29914,9.96,9.97,9.97,9.96,1636952400000000000,37
MLACW,115411,0.46,0.479,0.5001,0.4401,1636952400000000000,190
MLAIU,824218,10.1,10.08,10.15,10.07,1636952400000000000,259
MLCO,3321376,11.56,12.14,12.19,11.5,1636952400000000000,17880
MLI,386647,61.13,60.21,61.6,59.81,1636952400000000000,5423
MLKN,437039,40.71,40.71,40.77,39.92,1636952400000000000,6285
MLM,189985,421.37,418.63,422.38,417.13,1636952400000000000,6697
MLN,54423,21.62,21.63,21.66,21.58,1636952400000000000,211
MLNK,50324,25.33,24.89,25.59,24.37,1636952400000000000,1142
MLP,1729,10.437,10.36,10.437,10.36,1636952400000000000,55
MLPA,186028,37.28,37.08,37.32,36.86,1636952400000000000,1647
MLPB,12028,16.4099,16.44,16.52,16.3937,1636952400000000000,34
MLPO,723,9.95,9.6894,9.95,9.6894,1636952400000000000,9
MLPR,254,34.94,34.94,34.94,34.94,1636952400000000000,7
MLPX,98392,37.51,37.59,37.77,37.285,1636952400000000000,891
MLR,36264,36.55,36.53,36.78,35.915,1636952400000000000,544
MLSS,469454,2.26,2.45,2.55,2.18,1636952400000000000,1507
MLVF,4450,17,16.715,17.01,16.71,1636952400000000000,84
MMAT,4776101,4.83,4.77,4.94,4.7355,1636952400000000000,21377
MMC,1525853,166.94,167.35,167.97,166,1636952400000000000,20674
MMD,33480,21.43,21.4,21.52,21.32,1636952400000000000,161
MMI,56418,48.3,48.21,48.45,47.84,1636952400000000000,1284
MMIN,57190,27.46,27.45,27.4942,27.4476,1636952400000000000,246
MMIT,9283,26.7429,26.73,26.7429,26.6901,1636952400000000000,55
MMLG,17899,29.2501,29.0805,29.2501,29.0384,1636952400000000000,78
MMLP,73517,3.1,3.18,3.19,3.03,1636952400000000000,397
MMM,1456681,184.09,183.31,185.04,182.9,1636952400000000000,31129
MMMB,56120,2.52,2.39,2.58,2.35,1636952400000000000,353
MMP,1393571,49.11,49.37,49.7,49.06,1636952400000000000,10255
MMS,263972,85.26,83.29,85.26,83.04,1636952400000000000,5732
MMSC,209,22.22,22.1706,22.22,22.1706,1636952400000000000,3
MMSI,204356,68.02,68,68.24,67.32,1636952400000000000,4000
MMT,80026,6.58,6.6,6.62,6.53,1636952400000000000,383
MMTM,2008,201.5,201.5607,201.62,201.39,1636952400000000000,56
MMU,33854,13.47,13.39,13.53,13.38,1636952400000000000,128
MMX,106890,5.41,5.41,5.43,5.29,1636952400000000000,428
MMYT,224826,34.02,34.02,34.22,33.46,1636952400000000000,3861
MN,100598,8.07,9.36,9.47,8.07,1636952400000000000,651
MNA,135520,32.5,32.47,32.5299,32.4,1636952400000000000,361
MNDO,12059,3.24,3.25,3.2604,3.24,1636952400000000000,93
MNDT,1515938,19.17,18.9,19.17,18.84,1636952400000000000,14108
MNDY,1115728,368.919,369.15,381.23,358,1636952400000000000,15367
MNKD,1736934,4.94,4.79,4.99,4.75,1636952400000000000,9101
MNMD,3631938,2.43,2.35,2.44,2.28,1636952400000000000,11605
MNOV,111312,3.56,3.53,3.57,3.49,1636952400000000000,618
MNP,3405,16.14,16.1,16.14,16.09,1636952400000000000,24
MNPR,10573,4.84,4.86,5.1199,4.84,1636952400000000000,76
MNR,1222837,20.76,20.89,20.9,20.76,1636952400000000000,7683
MNRpC,32816,25.12,25.11,25.124,25.0746,1636952400000000000,232
MNRL,233103,23.51,23.4,23.56,22.83,1636952400000000000,2723
MNRO,128842,62.87,64.24,64.31,62.45,1636952400000000000,3701
MNSB,4262,24.56,24.99,24.99,24.56,1636952400000000000,100
MNSBP,2373,26.51,27,27.5499,26.5,1636952400000000000,13
MNSO,407149,16.88,16.5,16.88,16.35,1636952400000000000,4063
MNST,2656667,92.38,93,93.08,92.1,1636952400000000000,29248
MNTK,47649,10.97,10.92,11.02,10.76,1636952400000000000,910
MNTS,255225,10.75,10.78,10.9387,10.52,1636952400000000000,3074
MNTSW,5677,2.4,2.34,2.4,2.29,1636952400000000000,48
MNTV,534856,23.33,23.45,23.48,23.11,1636952400000000000,6063
MNTX,41125,7.29,7.03,7.4399,6.9083,1636952400000000000,263
MO,6450061,45.06,45.2,45.43,45.03,1636952400000000000,49012
MOAT,316714,78.16,77.93,78.16,77.7908,1636952400000000000,2164
MOD,325470,11.43,11.47,11.54,11.28,1636952400000000000,3801
MODN,192945,33.6,33.76,34,33.41,1636952400000000000,2615
MODV,57537,154.75,150.73,154.75,149.48,1636952400000000000,2416
MOFG,18569,33.86,33.46,33.86,33.39,1636952400000000000,701
MOG.A,98383,81.52,80.95,81.52,80.19,1636952400000000000,1754
MOGO,901007,5.79,6.08,6.13,5.74,1636952400000000000,6694
MOGU,141324,0.925,0.92,0.95,0.91,1636952400000000000,485
MOH,133051,313.06,308.82,314.7,307.77,1636952400000000000,4293
MOHO,1034754,0.6352,0.6399,0.6608,0.610001,1636952400000000000,2025
MOHR,1,25.5464,25.5464,25.5464,25.5464,1636952400000000000,1
MOLN,1947,14.96,14.79,14.96,14.79,1636952400000000000,59
MOMO,1661183,13.87,13.81,13.995,13.6324,1636952400000000000,9024
MON,205,9.75,9.75,9.75,9.75,1636952400000000000,8
MONCW,1500,0.59,0.584,0.6079,0.584,1636952400000000000,8
MOO,27602,96.47,96.36,96.63,96.0963,1636952400000000000,464
MOON,41569,35.23,34.54,35.23,34.3154,1636952400000000000,597
MOR,20328,10.96,10.85,10.97,10.83,1636952400000000000,294
MORF,269242,63.1,55.32,63.1,54.87,1636952400000000000,3979
MORN,60129,316.59,314.83,320.12,313.55,1636952400000000000,2457
MORT,65045,19.5,19.41,19.595,19.4,1636952400000000000,583
MOS,4971628,37.45,37.89,38.46,37.075,1636952400000000000,42859
MOSY,687629,5.55,5.51,5.78,5.42,1636952400000000000,2279
MOTE,1218,27.3395,27.3161,27.36,27.3161,1636952400000000000,6
MOTI,2060,34.65,34.5415,34.67,34.5415,1636952400000000000,12
MOTO,2106,49.16,48.8846,49.16,48.7152,1636952400000000000,34
MOTS,594834,0.68,0.6541,0.6875,0.65,1636952400000000000,1056
MOTV,29950,9.98,9.93,9.98,9.93,1636952400000000000,338
MOTV.WS,331782,1.4001,1.42,1.42,1.38,1636952400000000000,70
MOV,167662,36.73,35.88,36.73,35.25,1636952400000000000,3099
MOVE,78235,3.56,3.28,3.57,3.15,1636952400000000000,378
MOXC,73173,5.71,5.76,5.89,5.68,1636952400000000000,461
MP,2879181,44.54,43.49,46.06,42.67,1636952400000000000,28112
MPA,16926,15.91,15.9502,16.11,15.88,1636952400000000000,57
MPAA,98695,19.22,19.51,19.56,18.79,1636952400000000000,1091
MPAC,178224,10.03,10.06,10.1599,9.98,1636952400000000000,608
MPACW,26786,0.780101,0.7406,0.7999,0.7201,1636952400000000000,64
MPB,29649,29.96,30.47,30.5,29.68,1636952400000000000,663
MPC,6194251,66.17,66.12,67.1,65.45,1636952400000000000,64847
MPLN,3580735,4.33,4.21,4.37,4.16,1636952400000000000,17520
MPLN.WS,2467,1,1,1.04,1,1636952400000000000,19
MPLX,2027365,30.85,30.92,31,30.57,1636952400000000000,10919
MPRAU,16600,10.04,10.1,10.11,10.04,1636952400000000000,167
MPRO,12674,27.265,27.32,27.33,27.265,1636952400000000000,10
MPV,8390,14.162,14.44,14.44,14.162,1636952400000000000,43
MPW,2730759,21.48,21.76,21.76,21.4,1636952400000000000,15247
MPWR,195325,565,562.96,565,556.1375,1636952400000000000,7462
MPX,49957,13.6,13,13.6,12.895,1636952400000000000,729
MQ,15989878,24.525,24.47,25.26,23.55,1636952400000000000,108817
MQT,16665,14.7,14.65,14.7,14.575,1636952400000000000,72
MQY,82936,16.45,16.35,16.45,16.3486,1636952400000000000,453
MRAD,755,30.6,30.41,30.6,30.41,1636952400000000000,13
MRAI,492548,5.31,5.16,5.35,5.09,1636952400000000000,2469
MRAM,18405105,10.5,12.2,12.81,9.9,1636952400000000000,86837
MRBK,5746,33.86,33.52,34.2099,33.1816,1636952400000000000,141
MRC,518196,8.26,8.37,8.48,8.19,1636952400000000000,5543
MRCC,57166,10.95,10.77,10.9511,10.75,1636952400000000000,328
MRCY,524447,51.89,52.02,52.55,51.225,1636952400000000000,5291
MREO,550897,2.3,2.23,2.32,2.2101,1636952400000000000,2173
MRGR,3928,41.62,41.5577,41.62,41.49,1636952400000000000,25
MRIN,611933,6.26,6.03,6.319,6.015,1636952400000000000,3651
MRK,7090278,84.15,83.69,84.18,83.4038,1636952400000000000,75585
MRKR,446209,1.44,1.4,1.44,1.4,1636952400000000000,1385
MRLN,23266,23.01,23.04,23.12,23.01,1636952400000000000,342
MRM,13293,7.4,7.7,7.7,7.4,1636952400000000000,134
MRNA,5661411,230.825,235.07,236.6,225.63,1636952400000000000,98414
MRNS,136515,12.68,12.53,12.79,12.27,1636952400000000000,2308
MRO,13531369,16.68,16.75,16.9551,16.4047,1636952400000000000,53305
MRSK,45551,33.53,33.12,35.18,33.117,1636952400000000000,104
MRSN,1083151,9.27,8.95,9.43,8.91,1636952400000000000,3951
MRTN,144852,17.65,17.59,17.65,17.46,1636952400000000000,2509
MRTX,539227,141.97,140.79,146.47,140.64,1636952400000000000,8782
MRUS,176057,29.35,29.66,29.68,28.94,1636952400000000000,2780
MRVI,1124838,37.92,36.96,38.105,36.91,1636952400000000000,11501
MRVL,3996281,73.56,72.92,73.66,71.53,1636952400000000000,54310
MS,5584873,100.03,100.21,100.8,99.96,1636952400000000000,58729
MSpA,114050,25.18,25.02,25.18,25,1636952400000000000,338
MSpE,25623,27.95,27.69,28,27.68,1636952400000000000,323
MSpF,26987,27.68,27.52,27.69,27.52,1636952400000000000,319
MSpI,53047,28.26,28.12,28.32,28.03,1636952400000000000,571
MSpK,31222,28.9,28.68,28.9,28.65,1636952400000000000,290
MSpL,25704,26.33,26.22,26.38,26.21,1636952400000000000,208
MSpO,555497,25.14,25.13,25.1894,25.05,1636952400000000000,1882
MSA,56054,153.56,154.89,155.94,153.06,1636952400000000000,2148
MSAC,3321,9.72,9.74,9.74,9.71,1636952400000000000,13
MSACW,4532,0.7499,0.7201,0.7499,0.72,1636952400000000000,15
MSB,47935,24.03,23.88,24.27,23.23,1636952400000000000,568
MSBI,51367,25.18,25.45,25.48,25.18,1636952400000000000,986
MSC,7189,6.26,6.69,7.16,6.26,1636952400000000000,133
MSCI,165805,654.45,660.95,664.675,650.76,1636952400000000000,6744
MSD,105055,9.39,9.36,9.5,9.36,1636952400000000000,867
MSDA,20504,9.86,9.89,9.89,9.825,1636952400000000000,125
MSDAU,153823,10.15,10.2,10.22,10.15,1636952400000000000,281
MSDAW,7294,1.6,1.68,1.75,1.6,1636952400000000000,48
MSEX,77776,105.83,105.46,106.36,104.94,1636952400000000000,1565
MSFT,16500181,337.54,336.07,337.88,334.034,1636952400000000000,249193
MSGE,260957,75.3,76,76.88,75.3,1636952400000000000,4492
MSGM,11100,10.54,10.35,10.7499,10.0993,1636952400000000000,116
MSGS,99228,191.31,191.93,195.6266,190.64,1636952400000000000,3725
MSI,474972,251.15,251.25,252.765,250.53,1636952400000000000,10088
MSM,185290,85.24,85.1,85.66,84.594,1636952400000000000,3706
MSN,70231,1.18,1.19,1.23,1.17,1636952400000000000,240
MSOS,5768134,33.07,31.06,33.7999,31,1636952400000000000,37196
MSP,256935,25.06,25.2,25.47,24.88,1636952400000000000,3977
MSTB,32084,32.64,32.62,32.66,32.488,1636952400000000000,151
MSTR,391363,819.96,795,819.96,781.3401,1636952400000000000,17395
MSVX,8010,24.91,24.9034,24.918,24.75,1636952400000000000,25
MT,3223021,31.01,30.49,31.135,30.46,1636952400000000000,22228
MTA,164948,8.49,8.25,8.49,8.15,1636952400000000000,1093
MTAC,4851,9.97,9.96,9.98,9.95,1636952400000000000,50
MTACW,68360,1.05,1.04,1.09,1,1636952400000000000,75
MTAL,100,9.76,9.76,9.76,9.76,1636952400000000000,1
MTAL.WS,21551,0.85,0.85,0.8601,0.85,1636952400000000000,15
MTB,897376,160.36,160.21,162.26,159.675,1636952400000000000,15939
MTBC,55689,7.8,7.73,7.9398,7.67,1636952400000000000,402
MTBCP,10363,29.28,29.1,29.3099,29.08,1636952400000000000,178
MTC,182705,1.6,1.6634,1.75,1.6,1636952400000000000,510
MTCH,1588171,147.2,148.42,149.83,146.54,1636952400000000000,26050
MTCN,6323,73.04,72.22,73.04,72.02,1636952400000000000,148
MTCR,674498,1.27,1.26,1.3,1.21,1636952400000000000,1713
MTD,58264,1533.55,1515.05,1550.805,1512.96,1636952400000000000,4105
MTDR,1005545,43.62,45.11,45.79,42.8576,1636952400000000000,12310
MTEM,144883,5.35,5.38,5.5492,5.32,1636952400000000000,2267
MTEX,17836,37.5,39.36,40.6721,37.5,1636952400000000000,431
MTG,2156851,15.37,15.29,15.49,15.26,1636952400000000000,15495
MTGP,12338,50.46,50.455,50.47,50.45,1636952400000000000,48
MTH,242194,116.12,114.35,116.12,114.26,1636952400000000000,6053
MTL,506923,4,3.93,4.06,3.86,1636952400000000000,1507
MTLp,55038,2,1.95,2.03,1.9,1636952400000000000,362
MTLS,181677,25.72,24.8,25.855,24.48,1636952400000000000,2543
MTN,225105,355.16,351.04,356.765,350.08,1636952400000000000,7695
MTNB,2414409,1.06,1.17,1.18,1.04,1636952400000000000,6156
MTOR,661733,27.4,27.53,27.972,27.12,1636952400000000000,4885
MTP,115096,1.65,1.63,1.66,1.61,1636952400000000000,355
MTR,5678,6.6,6.36,6.6,6.345,1636952400000000000,81
MTRN,71857,92.36,92.78,93.45,91.735,1636952400000000000,1513
MTRX,103184,10.55,10.83,10.93,10.51,1636952400000000000,1949
MTRYU,36418,10.23,10.24,10.2401,10.23,1636952400000000000,45
MTSI,224343,75.735,75.62,75.89,74.38,1636952400000000000,5678
MTTR,17039949,23.05,27.12,27.68,22.8,1636952400000000000,118598
MTTRW,391708,11.2,15.48,15.91,11.2,1636952400000000000,3080
MTUL,2,29.277,29.277,29.277,29.277,1636952400000000000,2
MTUM,594251,190.14,189.17,190.14,188.53,1636952400000000000,9602
MTVR,13164,25.72,25.5155,25.73,25.5155,1636952400000000000,572
MTW,129892,22,21.66,22,21.52,1636952400000000000,2488
MTX,120161,78.51,77.27,79.025,76.9225,1636952400000000000,2998
MTZ,480434,96.5,93.74,96.5,93.59,1636952400000000000,6558
MU,12604278,77.76,76.78,78.28,76.6,1636952400000000000,112191
MUA,49168,15.84,15.74,15.8775,15.64,1636952400000000000,187
MUB,1255972,116.17,116.02,116.189,115.95,1636952400000000000,5549
MUC,36502,16.27,16.18,16.28,16.16,1636952400000000000,183
MUDS,44891,9.99,9.96,9.99,9.96,1636952400000000000,348
MUDSW,73718,0.71,0.71,0.7695,0.69,1636952400000000000,221
MUE,12506,13.84,13.8,13.89,13.8,1636952400000000000,48
MUFG,995271,5.77,5.77,5.83,5.76,1636952400000000000,3661
MUI,22039,15.34,15.35,15.4066,15.27,1636952400000000000,108
MUJ,36926,15.63,15.54,15.63,15.46,1636952400000000000,121
MULN,1534590,12.95,11.82,13.0652,11.2,1636952400000000000,8713
MUNI,37514,56.3,56.249,56.3,56.235,1636952400000000000,206
MUR,1604742,28.02,28.3,28.45,27.2835,1636952400000000000,16488
MUSA,141577,184.24,180.28,184.24,179.16,1636952400000000000,5548
MUSI,3633,49.71,49.7,49.71,49.7,1636952400000000000,39
MUST,31449,22.46,22.4,22.46,22.36,1636952400000000000,150
MUX,2134742,1.18,1.18,1.18,1.15,1636952400000000000,3334
MVBF,40439,41.69,41.38,42.005,40.09,1636952400000000000,889
MVF,48237,9.57,9.51,9.57,9.5,1636952400000000000,173
MVIS,3314070,9.352,9.11,9.489,9.05,1636952400000000000,23462
MVO,54915,8.6,8.59,8.66,8.47,1636952400000000000,327
MVP,1614,14.7,14.7158,14.7242,14.7,1636952400000000000,18
MVPS,8047,29.18,28.874,29.2,28.8,1636952400000000000,73
MVRL,745,47.9,47.4012,47.9,47.35,1636952400000000000,22
MVST,1946984,10.07,9.29,10.1,9.23,1636952400000000000,10795
MVSTW,126904,2.44,2.2699,2.44,2.26,1636952400000000000,429
MVT,10525,15.33,15.28,15.33,15.2,1636952400000000000,44
MVV,11118,74.76,74.27,74.76,74.0229,1636952400000000000,136
MWA,1419011,14.73,14.49,14.8,14.44,1636952400000000000,8321
MX,663351,18.25,18.3,18.37,18.08,1636952400000000000,4173
MXC,20415,11.71,11.42,11.8999,11.42,1636952400000000000,159
MXCT,794927,12.65,12.03,12.65,11.94,1636952400000000000,6061
MXDU,36,42.2397,42.2397,42.2397,42.2397,1636952400000000000,8
MXE,29366,8.7301,8.71,8.8,8.58,1636952400000000000,110
MXF,66608,15.11,14.95,15.11,14.8717,1636952400000000000,177
MXI,34529,91.45,90.83,91.45,90.7701,1636952400000000000,526
MXL,414336,69.09,68.93,69.38,68.28,1636952400000000000,6684
MYC,10984,15.57,15.53,15.57,15.52,1636952400000000000,57
MYD,61063,14.68,14.55,14.68,14.5,1636952400000000000,216
MYE,89127,21.47,20.92,21.47,20.76,1636952400000000000,1621
MYFW,2445,31.38,31.29,31.9993,30.4633,1636952400000000000,58
MYGN,907324,30.33,29.59,30.54,29.11,1636952400000000000,5955
MYI,77995,14.8,14.71,14.8029,14.63,1636952400000000000,256
MYJ,36861,15.91,15.81,15.95,15.76,1636952400000000000,156
MYMD,325289,9.02,9.02,9.18,8.64,1636952400000000000,2244
MYN,80601,14.3,14.24,14.3,14.18,1636952400000000000,338
MYNA,399051,19.9,19.51,20.75,19.38,1636952400000000000,3066
MYNZ,546537,10.98,10.99,11.29,10.3759,1636952400000000000,3147
MYO,38668,9.91,9.65,9.9839,9.61,1636952400000000000,366
MYOV,298047,21.6,21.17,21.69,21.03,1636952400000000000,3439
MYPS,557353,5.02,4.78,5.3134,4.58,1636952400000000000,4496
MYPSW,14883,0.93,0.958301,1.06,0.9101,1636952400000000000,69
MYRG,90561,114.905,113.96,114.905,111.8,1636952400000000000,2401
MYSZ,1759345,1.02,1.05,1.09,1.02,1636952400000000000,3710
MYTE,107150,30.18,29.4,30.87,29.19,1636952400000000000,1251
MYY,710,22.29,22.3537,22.3537,22.29,1636952400000000000,14
MZZ,1265,14.86,14.86,14.86,14.86,1636952400000000000,5
NAAC,9115,9.75,9.76,9.76,9.75,1636952400000000000,270
NAACU,6303,9.99,9.975,9.99,9.975,1636952400000000000,195
NAACW,4222,0.76,0.7799,0.7899,0.75,1636952400000000000,187
NABL,172937,13.36,13.15,13.43,12.8,1636952400000000000,2755
NAC,93284,15.74,15.71,15.78,15.6,1636952400000000000,331
NACP,5109,36.73,36.245,36.73,36.2275,1636952400000000000,122
NAD,335136,15.93,15.7,15.9499,15.7,1636952400000000000,1114
NAII,24407,14.62,14.38,14.62,14.11,1636952400000000000,178
NAIL,339542,101,98.65,101.05,98.1,1636952400000000000,3753
NAK,3439432,0.4212,0.4112,0.422,0.408,1636952400000000000,5758
NAKD,37289426,0.6628,0.6491,0.67,0.6469,1636952400000000000,41734
NAN,15956,14.72,14.64,14.72,14.57,1636952400000000000,85
NANR,43369,44.98,45.215,45.3327,44.89,1636952400000000000,110
NAOV,905813,1.45,1.44,1.49,1.4,1636952400000000000,2345
NAPA,564882,20.15,19.76,20.3,19.69,1636952400000000000,7000
NAPR,976,38.5,38.5005,38.5005,38.45,1636952400000000000,6
NARI,394783,92.85,88.61,92.85,86.51,1636952400000000000,7083
NAT,3038379,2.2,2.17,2.205,2.09,1636952400000000000,7662
NATH,6026,61.82,62.25,62.9,61.08,1636952400000000000,464
NATI,762625,45.02,44.99,45.26,44.755,1636952400000000000,8651
NATR,108242,18.29,17.98,18.41,17.8942,1636952400000000000,1535
NAUT,343477,5.21,5.36,5.38,5.14,1636952400000000000,2996
NAVB,60809,1.32,1.37,1.37,1.32,1636952400000000000,196
NAVI,1039748,20.48,20.29,20.68,20.23,1636952400000000000,12123
NAZ,8501,15.82,15.82,15.86,15.81,1636952400000000000,46
NBB,50180,22.97,22.87,22.97,22.73,1636952400000000000,209
NBEV,848208,1.34,1.34,1.37,1.33,1636952400000000000,3287
NBH,28967,15.72,15.68,15.8294,15.5639,1636952400000000000,132
NBHC,218589,45.51,45.32,45.51,45,1636952400000000000,1990
NBIX,681788,88.28,87.78,89.06,87.5,1636952400000000000,12227
NBN,17626,35.28,34.4,35.28,34.19,1636952400000000000,301
NBO,3134,12.96,12.9173,12.96,12.875,1636952400000000000,30
NBR,102447,96.42,95.08,96.42,92.78,1636952400000000000,2501
NBRV,697016,1.03,1.05,1.075,1.02,1636952400000000000,1783
NBSE,131593,3.47,3.5,3.64,3.41,1636952400000000000,822
NBSTU,145000,9.97,9.98,9.98,9.97,1636952400000000000,3
NBSTW,2150,0.581,0.5999,0.5999,0.58,1636952400000000000,4
NBTB,98922,38.38,38,38.39,37.84,1636952400000000000,1443
NBTX,1019,9.69,9.5,9.765,9.2401,1636952400000000000,19
NBW,7717,13.95,14.03,14.05,13.95,1636952400000000000,37
NBXG,189886,19.52,19.53,19.6184,19.41,1636952400000000000,751
NBY,148746,0.5442,0.5237,0.5442,0.52,1636952400000000000,450
NC,11762,34.26,33.43,34.26,32.68,1636952400000000000,292
NCA,94236,10.38,10.34,10.38,10.26,1636952400000000000,330
NCBS,16749,75.39,74.66,75.39,74.1303,1636952400000000000,622
NCLH,11664540,25.68,25.51,26.138,25.39,1636952400000000000,67545
NCMI,486561,3.79,3.74,3.79,3.5789,1636952400000000000,3856
NCNA,226074,2.96,2.87,2.96,2.82,1636952400000000000,1068
NCNO,185072,69.77,70.4,71.71,69.74,1636952400000000000,5528
NCR,859578,43.8,43.02,43.98,43,1636952400000000000,8712
NCSM,7404,35.19,34.225,35.19,33.11,1636952400000000000,163
NCTY,2877690,13.7,13.55,14.7,13.2,1636952400000000000,18545
NCV,183970,6.3,6.27,6.31,6.24,1636952400000000000,411
NCVpA,2483,26.4761,26.68,26.68,26.46,1636952400000000000,17
NCZ,244760,5.44,5.39,5.44,5.38,1636952400000000000,633
NCZpA,5518,26.06,26.02,26.135,25.97,1636952400000000000,38
NDAC,22517,9.82,9.81,9.84,9.79,1636952400000000000,255
NDACU,7175,10.0199,9.97,10.0199,9.96,1636952400000000000,66
NDACW,23922,1.1,0.9927,1.14,0.9806,1636952400000000000,54
NDAQ,518006,209.1,209.73,211.3376,208.81,1636952400000000000,14425
NDLS,215960,11.8,11.77,11.87,11.63,1636952400000000000,1778
NDMO,154384,15.89,15.73,15.93,15.69,1636952400000000000,645
NDP,5067,24.06,24.05,24.1,23.99,1636952400000000000,63
NDRA,553767,1.43,1.33,1.43,1.305,1636952400000000000,1113
NDRAW,8301,0.2401,0.24,0.2401,0.24,1636952400000000000,9
NDSN,96396,267,265.52,267,263.99,1636952400000000000,3139
NDVG,103,26.54,26.522,26.54,26.522,1636952400000000000,2
NE,233305,26.75,26.14,26.75,25.61,1636952400000000000,3804
NEA,307452,15.37,15.22,15.37,15.21,1636952400000000000,991
NEAR,362416,50.02,50.02,50.03,50.02,1636952400000000000,1464
NECB,63795,11.12,11.19,11.2,11.08,1636952400000000000,458
NEE,5448472,86.91,87.34,87.35,86.47,1636952400000000000,60783
NEEpK,21566,25.53,25.4,25.53,25.37,1636952400000000000,200
NEEpN,30073,28.3,28.14,28.3,28.1,1636952400000000000,278
NEEpO,821535,63.8,64.155,64.19,63.8,1636952400000000000,158
NEEpP,62926,54.58,54.86,54.91,54.58,1636952400000000000,166
NEEpQ,31964,54.99,55.18,55.29,54.96,1636952400000000000,280
NEGG,9031155,15.9,19.21,19.84,15.75,1636952400000000000,44564
NEM,4244646,58.8,58.97,59.212,58.495,1636952400000000000,38140
NEN,8427,60.73,59.5114,60.89,54.7,1636952400000000000,102
NEO,537310,41.92,40.88,42.54,40.585,1636952400000000000,9914
NEOG,213030,44.29,44.09,44.51,43.81,1636952400000000000,4421
NEON,157439,10.3,10.94,11.15,10.3,1636952400000000000,1807
NEP,276255,86.18,87.3,87.35,85.63,1636952400000000000,4537
NEPH,15108,7.4,7.5,7.506,7.4,1636952400000000000,45
NEPT,4364456,0.5025,0.482,0.5069,0.4711,1636952400000000000,7591
NERD,20077,29.2,28.886,29.2,28.712,1636952400000000000,223
NERV,247339,1.36,1.29,1.36,1.28,1636952400000000000,1198
NES,33221,1.91,1.85,1.94,1.84,1636952400000000000,101
NESR,291758,11.53,11.12,11.53,11,1636952400000000000,3642
NESRW,2347,1.95,1.84,1.95,1.84,1636952400000000000,6
NET,2494305,205.64,206.6,209,204.76,1636952400000000000,47628
NETI,910991,9,8.97,9.1953,8.92,1636952400000000000,6573
NETL,15151,31.42,31.6411,31.6411,31.42,1636952400000000000,126
NEU,20927,342.77,341.13,342.77,338.0625,1636952400000000000,1402
NEV,40555,15.53,15.45,15.5437,15.43,1636952400000000000,142
NEW,1643349,0.58,0.557,0.59,0.535,1636952400000000000,3133
NEWP,140830,4.11,3.94,4.15,3.85,1636952400000000000,570
NEWR,1000042,121.79,121.17,123.25,118.68,1636952400000000000,12439
NEWT,150989,30.26,30.09,30.61,29.92,1636952400000000000,2262
NEWTL,14286,25.21,25.24,25.305,25.06,1636952400000000000,35
NEWTZ,3140,25.68,25.71,25.72,25.6181,1636952400000000000,35
NEX,1233159,4.14,4.07,4.16,4.01,1636952400000000000,7062
NEXA,107365,9.35,9.29,9.35,9.01,1636952400000000000,1040
NEXI,71588,10.48,10.13,10.51,9.5,1636952400000000000,925
NEXT,719653,3.81,4.01,4.07,3.73,1636952400000000000,3554
NFBK,115144,18.13,18,18.1488,17.94,1636952400000000000,1595
NFE,591989,27.25,27.1,27.45,26.76,1636952400000000000,8439
NFG,325183,60.29,60.63,60.89,59.995,1636952400000000000,6248
NFGC,290807,6.83,6.89,7.16,6.701,1636952400000000000,1155
NFH,64145,11.06,11.09,11.1,11.06,1636952400000000000,750
NFJ,109673,16,16.05,16.05,15.98,1636952400000000000,560
NFLT,1411,25.29,25.256,25.29,25.2271,1636952400000000000,13
NFLX,2868818,681.235,679.33,685.2599,671.49,1636952400000000000,98751
NFRA,111328,58.04,57.91,58.04,57.86,1636952400000000000,323
NFTY,1024,50.7572,50.593,50.76,50.593,1636952400000000000,69
NFYS.U,63965,9.97,9.9,9.97,9.76,1636952400000000000,443
NG,1518645,8.16,8.06,8.22,8,1636952400000000000,7947
NGC,640280,9.95,9.78,9.95,9.78,1636952400000000000,16
NGC.WS,36864,1.05,1.22,1.35,1.05,1636952400000000000,84
NGCA,969074,10.26,10.28,10.36,10.25,1636952400000000000,4745
NGCAU,4799,10.7,10.79,10.86,10.7,1636952400000000000,28
NGCAW,216865,2.19,2.48,2.55,2.14,1636952400000000000,569
NGD,15776450,1.78,1.76,1.81,1.71,1636952400000000000,11753
NGE,4073,10.47,10.4,10.47,10.355,1636952400000000000,80
NGG,173165,65.78,65.92,66,65.65,1636952400000000000,3350
NGL,722192,2.2,2.27,2.27,2.2,1636952400000000000,2487
NGLpB,12391,14.95,14.25,14.95,14.25,1636952400000000000,150
NGLpC,3465,14.82,14.74,14.89,14.5031,1636952400000000000,34
NGM,145395,20.24,19.94,20.24,19.625,1636952400000000000,2901
NGMS,78475,39.84,39.66,40,39.05,1636952400000000000,2311
NGS,35282,11.83,11.8,11.965,11.74,1636952400000000000,353
NGVC,53048,13.13,13.35,13.39,13.11,1636952400000000000,717
NGVT,198986,83.65,82.84,83.65,81.92,1636952400000000000,3953
NH,242395,1.55,1.54,1.62,1.37,1636952400000000000,903
NHC,27295,73.62,72.57,73.9799,72.445,1636952400000000000,571
NHI,250652,56.55,57.44,57.47,56.43,1636952400000000000,3113
NHICU,25500,10,10,10.0001,10,1636952400000000000,75
NHS,32256,13.15,13.05,13.1699,13.0456,1636952400000000000,139
NHTC,49350,7.9,7.86,8.1256,7.8267,1636952400000000000,382
NI,3627679,25.27,25.54,25.57,25.175,1636952400000000000,23050
NIpB,15142,28,27.9965,28.18,27.9191,1636952400000000000,222
NIB,20083,29.27,29.17,29.3005,29.035,1636952400000000000,245
NICE,370823,313.92,315.02,319.88,311.03,1636952400000000000,8328
NICK,8472,12.25,12.01,12.2577,11.9173,1636952400000000000,72
NID,35948,14.73,14.8,14.83,14.73,1636952400000000000,113
NIE,36338,31.91,31.7,31.91,31.64,1636952400000000000,299
NIFE,184,68.3523,68.3523,68.3523,68.3523,1636952400000000000,11
NIM,14616,10.78,10.65,10.78,10.62,1636952400000000000,71
NIMC,2337,107.96,108.2561,108.2561,107.96,1636952400000000000,40
NINE,151442,1.84,1.76,1.8737,1.69,1636952400000000000,649
NIO,47550366,42.6,40.57,42.69,40.02,1636952400000000000,311479
NIQ,17843,14.79,14.74,14.79,14.7,1636952400000000000,98
NISN,336134,9.2,8.03,9.5,7.78,1636952400000000000,2617
NIU,528600,26.48,25.55,26.5674,25.28,1636952400000000000,6085
NJAN,3530,42.19,42.1755,42.19,42.12,1636952400000000000,23
NJR,519096,39.25,39.18,39.42,38.96,1636952400000000000,6376
NJUL,24325,48.2,47.86,48.2,47.85,1636952400000000000,61
NKE,3844423,169.7,168.85,170.358,168.52,1636952400000000000,57371
NKG,9172,13.77,13.81,13.81,13.77,1636952400000000000,38
NKLA,8165402,14.02,13.73,14.13,13.4,1636952400000000000,53147
NKSH,19672,38.74,38.4,38.75,38.4,1636952400000000000,80
NKTR,1201636,13.3,13.34,13.66,13.21,1636952400000000000,9214
NKTX,365931,19.5,18.26,19.75,17.85,1636952400000000000,4631
NKX,88976,16.63,16.41,16.65,16.41,1636952400000000000,320
NL,10537,6.93,6.81,6.93,6.75,1636952400000000000,316
NLITU,103,10.735,10.735,10.735,10.735,1636952400000000000,2
NLITW,29097,0.51,0.5145,0.56,0.5,1636952400000000000,48
NLOK,12671437,25.3,25.15,25.34,24.44,1636952400000000000,56153
NLR,6026,56.94,56.4933,56.94,56.31,1636952400000000000,153
NLS,933598,8.49,8.3,8.54,8.24,1636952400000000000,7213
NLSN,3453188,21.17,21.65,21.71,21.15,1636952400000000000,20354
NLSP,116395,2.11,2.17,2.21,2,1636952400000000000,378
NLSPW,3132,0.6984,0.69,0.7,0.69,1636952400000000000,15
NLTX,185201,6.34,6.27,6.34,6.14,1636952400000000000,2604
NLY,8753104,8.58,8.54,8.61,8.54,1636952400000000000,20946
NLYpF,36437,25.6,25.58,25.63,25.49,1636952400000000000,254
NLYpG,30962,25.6,25.58,25.61,25.4504,1636952400000000000,190
NLYpI,25916,26.41,26.4,26.52,26.36,1636952400000000000,218
NM,126543,5.2,4.89,5.25,4.815,1636952400000000000,922
NMCO,82478,15.65,15.55,15.65,15.4,1636952400000000000,315
NMFC,161234,13.93,13.8,13.93,13.76,1636952400000000000,1255
NMG,65808,9.01,8.8,9.1,8.62,1636952400000000000,781
NMI,21660,11.45,11.6,11.627,11.42,1636952400000000000,81
NMIH,336736,21.45,21.51,21.82,21.36,1636952400000000000,5223
NMKpC,1399,103.6001,104.46,104.46,102,1636952400000000000,47
NML,168593,5.5,5.46,5.52,5.44,1636952400000000000,420
NMM,449515,29.14,28.35,29.22,27.87,1636952400000000000,3954
NMMC,1864,9.81,9.81,9.82,9.81,1636952400000000000,9
NMR,1263525,4.41,4.42,4.44,4.38,1636952400000000000,3092
NMRD,27785,5.87,5.71,5.9,5.68,1636952400000000000,206
NMRK,1244251,16.93,16.75,17.14,16.525,1636952400000000000,13398
NMS,1457,15.51,15.38,15.52,15.38,1636952400000000000,13
NMT,903,15.5165,15.5165,15.5165,15.5165,1636952400000000000,51
NMTC,81022,2.84,2.68,2.8799,2.68,1636952400000000000,369
NMTR,1354093,1.12,1.13,1.15,1.11,1636952400000000000,3350
NMZ,195982,14.94,14.88,14.95,14.83,1636952400000000000,628
NN,100354,8.99,9.2,9.39,8.78,1636952400000000000,1261
NNAVW,44090,1.82,1.55,1.9499,1.55,1636952400000000000,305
NNBR,143572,5.85,5.78,6.01,5.71,1636952400000000000,1335
NNDM,5805596,5.6385,5.52,5.66,5.47,1636952400000000000,22884
NNI,71464,87.78,87.02,87.845,86.74,1636952400000000000,1993
NNN,974133,46.3,46.05,46.36,45.76,1636952400000000000,9095
NNOX,659071,23.46,23.22,23.96,22.76,1636952400000000000,8715
NNVC,765008,5.12,4.75,5.16,4.62,1636952400000000000,4465
NNY,14371,9.92,9.89,9.92,9.87,1636952400000000000,78
NOA,37817,15.69,15.55,15.7,15.38,1636952400000000000,300
NOAC,7169,9.82,9.79,9.82,9.79,1636952400000000000,119
NOACU,2972,10.32,10.37,10.37,10.32,1636952400000000000,37
NOACW,48581,0.595001,0.59,0.6,0.5702,1636952400000000000,68
NOAH,93531,46.47,47.36,47.48,46.29,1636952400000000000,1638
NOBL,261389,96.62,96.48,96.6278,96.13,1636952400000000000,3099
NOC,961620,360.5,360,361.59,359.27,1636952400000000000,19178
NOCT,2299,40.31,40.27,40.35,40.27,1636952400000000000,23
NODK,7496,19.9,19.88,19.92,19.42,1636952400000000000,193
NOG,475366,23.62,24.15,24.6399,23.1,1636952400000000000,7276
NOK,15311639,5.61,5.59,5.63,5.57,1636952400000000000,26630
NOMD,608945,25.11,25.14,25.34,24.89,1636952400000000000,4522
NORW,18050,32.21,32.02,32.215,32.02,1636952400000000000,158
NOTV,135279,56.04,52.75,57.07,51.43,1636952400000000000,3092
NOV,5323722,13.7,13.38,13.7,13.36,1636952400000000000,40305
NOVA,1440546,43.51,41.91,43.55,40.865,1636952400000000000,17686
NOVN,243848,6.75,6.41,6.75,6.403,1636952400000000000,1786
NOVT,118033,164.59,164.39,165.64,163.22,1636952400000000000,2572
NOVVR,27700,0.342,0.34,0.342,0.34,1636952400000000000,28
NOVVW,2587,0.272,0.3,0.3,0.2715,1636952400000000000,6
NOVZ,2892,33.2,33.0607,33.2,33.0501,1636952400000000000,13
NOW,799185,689.46,682.57,689.9,678.71,1636952400000000000,24811
NP,121219,52.53,52.15,53.28,50.46,1636952400000000000,1992
NPABU,30738,10.12,10.14,10.21,10.1,1636952400000000000,119
NPCE,83263,13.24,12.83,13.88,12.8,1636952400000000000,1870
NPCT,166104,18.53,18.38,18.53,17.83,1636952400000000000,597
NPK,26145,89.5,88.46,89.5,87.9,1636952400000000000,1002
NPO,106936,110.66,109.2,110.66,108.9,1636952400000000000,1897
NPTN,1700350,15.55,15.4,15.67,15.3,1636952400000000000,13085
NPV,8414,15.96,15.81,15.99,15.75,1636952400000000000,83
NQP,31820,15.12,15.15,15.22,15.12,1636952400000000000,123
NR,688151,3.3,3.26,3.34,3.2063,1636952400000000000,3558
NRAC,176802,9.74,9.77,9.77,9.74,1636952400000000000,84
NRACU,418,9.9,9.9101,9.9101,9.9,1636952400000000000,3
NRACW,11317,0.62,0.6589,0.6901,0.61,1636952400000000000,54
NRBO,110847,1.81,1.83,1.84,1.79,1636952400000000000,419
NRC,22959,47.93,46.41,47.93,46.2,1636952400000000000,595
NRDS,338404,24.55,25,25.51,24.5,1636952400000000000,5486
NRDY,443182,8.06,7.99,8.2,7.9,1636952400000000000,3464
NRDY.WS,3775,1.08,1.61,1.66,1.08,1636952400000000000,28
NREF,49474,21.59,21.67,21.73,21.31,1636952400000000000,584
NREFpA,1895,25.98,25.84,26,25.79,1636952400000000000,18
NRG,2269017,36.055,36.68,36.75,35.88,1636952400000000000,20541
NRGD,991258,7.47,7.28,7.65,7.13,1636952400000000000,3621
NRGU,299654,184.71,188.87,193,179.5,1636952400000000000,5028
NRGX,166773,14.36,14.36,14.45,14.235,1636952400000000000,470
NRIM,14808,46.56,46.55,46.56,45.71,1636952400000000000,503
NRIX,341418,34.07,33.92,34.58,33.775,1636952400000000000,4134
NRK,63024,13.85,13.81,13.85,13.76,1636952400000000000,301
NRO,100379,5.02,5.02,5.05,5,1636952400000000000,357
NRP,38561,29.89,30.41,31.04,29.43,1636952400000000000,464
NRT,13551,7.65,7.7138,7.7899,7.61,1636952400000000000,118
NRUC,22455,27.65,27.655,27.6999,27.6,1636952400000000000,183
NRXP,1211975,6.39,6.2,6.4,6.06,1636952400000000000,5491
NRXPW,16784,2.45,2.28,2.45,2.27,1636952400000000000,160
NRZ,3615852,11.41,11.4,11.51,11.39,1636952400000000000,11582
NRZpA,8199,25.5,25.699,25.699,25.5,1636952400000000000,121
NRZpB,17740,25.32,25.15,25.35,25.15,1636952400000000000,151
NRZpC,28703,23.52,23.4101,23.54,23.39,1636952400000000000,248
NRZpD,47698,25.25,25.23,25.2729,25.16,1636952400000000000,227
NS,583625,16.09,16.15,16.38,16.06,1636952400000000000,4857
NSpA,8117,24.8776,24.79,24.8869,24.72,1636952400000000000,118
NSpB,46795,22.29,22.21,22.38,22.21,1636952400000000000,235
NSpC,4449,25.54,25.61,25.62,25.54,1636952400000000000,71
NSA,370786,61.9,61.95,62.01,60.9596,1636952400000000000,5420
NSApA,7257,25.965,25.8034,25.965,25.8034,1636952400000000000,101
NSC,932597,277.5,275.4,277.9258,274.54,1636952400000000000,19760
NSCS,620,27.48,27.5589,27.56,27.4645,1636952400000000000,8
NSIT,116101,106.04,104.69,106.04,103.78,1636952400000000000,3482
NSL,190824,6.08,6.03,6.08,6.03,1636952400000000000,372
NSP,90567,120.93,119.26,120.93,118.49,1636952400000000000,2445
NSPR,116192,4.08,3.97,4.08,3.9401,1636952400000000000,802
NSPRZ,40476,0.113,0.115051,0.125,0.108,1636952400000000000,60
NSR,8603,7.89,7.89,7.92,7.8661,1636952400000000000,218
NSS,13696,25.211,25.19,25.2403,25.1513,1636952400000000000,166
NSSC,53768,46.62,47.53,47.66,46.14,1636952400000000000,1198
NSTB,24361,9.9,9.9,9.92,9.88,1636952400000000000,137
NSTB.WS,36884,1.5,1.5,1.57,1.4447,1636952400000000000,158
NSTC,82518,9.76,9.79,9.8,9.76,1636952400000000000,1893
NSTC.U,66053,9.91,9.91,9.91,9.88,1636952400000000000,720
NSTC.WS,14955,1.03,0.9999,1.03,0.98,1636952400000000000,1084
NSTD.U,161,9.92,9.92,9.92,9.92,1636952400000000000,6
NSTG,438704,49.36,47.16,50.115,46.78,1636952400000000000,7632
NSYS,12783,9.89,9.9,10.1498,9.7303,1636952400000000000,176
NTAP,1807749,90.14,88.86,90.53,87.62,1636952400000000000,25554
NTB,176747,39.86,39.65,40.27,39.4101,1636952400000000000,2270
NTCO,516051,12.35,11.98,12.49,11.93,1636952400000000000,5543
NTCT,569134,32.8,32.15,32.84,32,1636952400000000000,8392
NTES,2620278,112.53,111.18,113.15,109.55,1636952400000000000,30542
NTEST,2240,24.99,24.99,24.99,24.99,1636952400000000000,53
NTEST.H,1560,25.07,25.07,25.07,25.07,1636952400000000000,36
NTG,46968,33.48,33.58,33.6692,33.36,1636952400000000000,429
NTGR,268267,28.31,28.03,28.6,27.86,1636952400000000000,4726
NTIC,1857,16.9,16.82,16.9,16.5088,1636952400000000000,56
NTIP,242133,2.91,2.8917,2.99,2.85,1636952400000000000,885
NTLA,650914,132.56,133.54,133.58,129.64,1636952400000000000,14250
NTNX,966490,34.82,34.77,35.195,34.385,1636952400000000000,14061
NTP,942195,23.7,23.49,25.01,22.89,1636952400000000000,967
NTR,1424544,69.15,68.92,69.15,67.4654,1636952400000000000,16446
NTRA,472126,115,115.85,116,113.27,1636952400000000000,8065
NTRB,61224,6.08,5.67,6.17,5.64,1636952400000000000,448
NTRBW,8034,2.1001,1.96,2.23,1.82,1636952400000000000,95
NTRS,574846,125.35,125.22,126.53,124.83,1636952400000000000,10056
NTRSO,21820,26.79,26.61,26.79,26.53,1636952400000000000,213
NTSE,493,38.98,38.9377,38.988,38.9377,1636952400000000000,20
NTSI,2399,41.0234,40.8965,41.04,40.8965,1636952400000000000,28
NTST,124270,23.59,23.83,23.83,23.47,1636952400000000000,1691
NTSX,113994,43.97,43.78,43.9999,43.731,1636952400000000000,681
NTUS,115811,26.18,25.89,26.18,25.6411,1636952400000000000,1720
NTWK,53478,4.88,4.98,5.04,4.7756,1636952400000000000,285
NTZ,18275,17.84,16.04,17.84,16.04,1636952400000000000,194
NTZO,37,20.1067,20.1067,20.1067,20.1067,1636952400000000000,4
NUAG,7994,24.72,24.65,24.72,24.65,1636952400000000000,57
NUAN,1692680,54.9626,54.98,55.01,54.91,1636952400000000000,11276
NUBD,37701,25.77,25.67,25.77,25.66,1636952400000000000,164
NUDM,6970,33.19,32.98,33.23,32.98,1636952400000000000,86
NUDV,2203,26.14,26.12,26.16,26.12,1636952400000000000,21
NUE,3557040,111.4,109.96,112.31,108.52,1636952400000000000,46426
NUEM,11532,34.97,34.66,35.0014,34.66,1636952400000000000,137
NUGO,4846,26.73,26.5162,26.73,26.46,1636952400000000000,90
NUGT,1530211,58.85,59.36,59.61,57.77,1636952400000000000,17291
NUHY,39279,24.49,24.48,24.51,24.41,1636952400000000000,169
NULC,794,43.7,43.7319,43.7403,43.7,1636952400000000000,9
NULG,160417,73.29,73.01,73.48,72.7175,1636952400000000000,354
NULV,189242,39.87,39.83,40.03,39.78,1636952400000000000,518
NUMG,25030,59.08,58.72,59.08,58.6118,1636952400000000000,161
NUMV,20542,39.71,39.53,39.71,39.45,1636952400000000000,174
NUO,16581,16.18,16.11,16.2,16.1,1636952400000000000,46
NURE,49723,38.54,38.85,38.85,38.355,1636952400000000000,181
NURO,110782,8,7.74,8,7.7,1636952400000000000,931
NUS,847825,45.91,46.53,46.83,45.16,1636952400000000000,10051
NUSA,8397,24.845,24.835,24.849,24.835,1636952400000000000,44
NUSC,163350,47.37,47.13,47.48,47.04,1636952400000000000,473
NUSI,553988,28.67,28.49,28.67,28.35,1636952400000000000,3358
NUV,873122,10.72,10.62,10.75,10.57,1636952400000000000,2892
NUVA,6203701,56.19,58.9,62.83,54.75,1636952400000000000,47756
NUVB,286911,9.5,9.32,9.5,9.24,1636952400000000000,3697
NUVB.WS,762,2.3,2.3,2.4099,2.3,1636952400000000000,8
NUVL,22357,25.62,24.06,25.975,23.43,1636952400000000000,1171
NUW,44895,16.59,16.66,16.7,16.54,1636952400000000000,268
NUWE,166694,1.77,1.73,1.78,1.72,1636952400000000000,551
NUZE,4037445,4.5256,4.53,4.69,4.25,1636952400000000000,17173
NVAX,2496734,171.83,172.45,174.7199,168.31,1636952400000000000,36102
NVCN,261330,0.75,0.7601,0.77,0.74,1636952400000000000,709
NVCR,774525,116.105,112.42,116.555,111.23,1636952400000000000,15352
NVDA,38343316,305.52,300.25,306.44,292.47,1636952400000000000,529279
NVEC,19028,73.6,72.7,73.64,71.4543,1636952400000000000,455
NVEE,48479,112.47,109.14,112.47,108.22,1636952400000000000,1562
NVEI,90326,107.49,109.7,110,107.13,1636952400000000000,1604
NVFY,43716,2.23,2.23,2.3265,2.23,1636952400000000000,161
NVG,213243,17.83,17.64,17.83,17.58,1636952400000000000,800
NVGS,111601,9.05,8.89,9.12,8.86,1636952400000000000,696
NVIV,637298,0.546,0.544,0.554,0.5341,1636952400000000000,1262
NVMI,133985,132.26,131.66,133.19,131.195,1636952400000000000,2385
NVNO,49078,7.77,7.95,8,7.7,1636952400000000000,447
NVNOW,2130,0.39,0.39,0.39,0.32,1636952400000000000,5
NVO,533948,113.34,113.49,114.06,113.3,1636952400000000000,8192
NVOS,51914,1.75,1.61,1.75,1.61,1636952400000000000,225
NVQ,1085,32.7,32.5621,32.7,32.54,1636952400000000000,23
NVR,16611,5254.98,5277.98,5295,5216.34,1636952400000000000,2966
NVRO,558478,97.7,94.37,97.875,92.39,1636952400000000000,9427
NVS,2029452,82.64,82.28,82.8551,82.155,1636952400000000000,16740
NVSA,29985,9.8,9.81,9.82,9.76,1636952400000000000,337
NVSAU,9559,10.06,10.05,10.09,10.03,1636952400000000000,62
NVSAW,40342,0.86,0.86,0.87,0.85,1636952400000000000,130
NVST,985682,43.2,42.79,43.43,42.52,1636952400000000000,9594
NVT,616689,37.45,37.39,37.6,37.2,1636952400000000000,6898
NVTA,3188605,21.9,21.49,22.3499,21.21,1636952400000000000,25434
NVTS,3984503,19.57,20.16,22.19,19.14,1636952400000000000,28119
NVTSW,788922,6,6.679,7.125,5.99,1636952400000000000,6545
NVVE,187734,16.33,15.7,16.365,15.39,1636952400000000000,2104
NVVEW,132406,3.16,3.15,3.28,2.95,1636952400000000000,578
NWBI,570029,14.495,14.34,14.5,14.26,1636952400000000000,4918
NWE,198294,57.98,58.46,58.51,57.41,1636952400000000000,4298
NWFL,12686,27.31,27.6,27.6,27.31,1636952400000000000,251
NWG,415492,5.93,5.91,5.95,5.9,1636952400000000000,2023
NWL,1471690,24.46,23.96,24.5,23.885,1636952400000000000,15536
NWLG,1144,27.1701,27.1637,27.1701,27.09,1636952400000000000,10
NWLI,7313,233.11,231.73,236.32,229,1636952400000000000,425
NWN,291750,46.32,46.87,47.18,45.79,1636952400000000000,3756
NWPX,43519,30.39,29.25,30.44,28.89,1636952400000000000,1273
NWS,887105,23.84,23.41,24.01,23.35,1636952400000000000,7617
NWSA,2204235,23.73,23.46,24,23.41,1636952400000000000,22866
NX,420044,23,22.62,23,22.42,1636952400000000000,3069
NXC,14227,15.59,15.57,15.65,15.52,1636952400000000000,81
NXDT,76146,14.2,14.28,14.35,14.2,1636952400000000000,328
NXDTpA,6482,21.995,21.92,22.0699,21.9,1636952400000000000,102
NXE,2261936,5.79,5.58,5.83,5.52,1636952400000000000,8744
NXGN,269262,17.03,16.95,17.17,16.8,1636952400000000000,4731
NXJ,35698,15.8,15.6,15.8,15.5,1636952400000000000,170
NXN,8576,14.1,13.96,14.1,13.7306,1636952400000000000,57
NXP,36694,16.41,16.48,16.48,16.4,1636952400000000000,174
NXPI,1944085,221,215.68,221,215.19,1636952400000000000,33308
NXQ,32215,15.33,15.28,15.35,15.27,1636952400000000000,175
NXR,32826,17.27,17.02,17.28,17.01,1636952400000000000,138
NXRT,133874,78.28,79.66,79.685,77.7932,1636952400000000000,2900
NXST,668198,169,170.5,171.09,167.71,1636952400000000000,9592
NXTC,232657,6.38,6.18,6.38,6.13,1636952400000000000,2624
NXTD,467592,3.73,3.52,3.79,3.5,1636952400000000000,2579
NXTG,22223,81.4,81,81.4,80.7601,1636952400000000000,317
NXTP,1885499,1.34,1.38,1.39,1.31,1636952400000000000,3827
NXU,487708,9.98,9.98,10,9.97,1636952400000000000,445
NXU.U,442,10.47,10.44,10.47,10.44,1636952400000000000,8
NXU.WS,89236,1.5,1.39,1.5,1.32,1636952400000000000,292
NYC,94694,7.77,7.54,7.77,7.23,1636952400000000000,529
NYCB,2772206,12.47,12.51,12.6,12.46,1636952400000000000,16896
NYCBpA,10885,28.69,28.7,28.8913,28.43,1636952400000000000,156
NYCBpU,30908,52.74,52.75,52.76,52.7,1636952400000000000,118
NYF,19663,57.89,57.8825,57.9365,57.8601,1636952400000000000,133
NYMT,2639810,4.28,4.21,4.3,4.2,1636952400000000000,9714
NYMTL,2290,24.9,24.87,24.94,24.84,1636952400000000000,34
NYMTM,15078,25.7,25.61,25.701,25.56,1636952400000000000,158
NYMTN,11562,25.9,25.9,26.0696,25.73,1636952400000000000,144
NYMTP,11989,25.6025,25.65,25.7,25.51,1636952400000000000,94
NYMX,184464,1.65,1.63,1.665,1.5,1636952400000000000,511
NYT,873854,48.01,48.28,48.51,47.87,1636952400000000000,10553
NYXH,3370,23.81,23.48,24.275,23.48,1636952400000000000,78
NZF,126443,17.31,17.17,17.31,17.14,1636952400000000000,377
O,7020254,71.37,71.14,71.37,70.41,1636952400000000000,64313
OACB,46254,9.9,9.92,9.96,9.86,1636952400000000000,229
OACB.U,17716,10.2258,10.29,10.29,10.2258,1636952400000000000,82
OACB.WS,16073,1.1399,1.2,1.2,1.1399,1636952400000000000,127
OAKpA,16333,26.49,26.34,26.56,26.28,1636952400000000000,189
OAKpB,11572,26.72,26.7,26.87,26.66,1636952400000000000,105
OAS,361412,127.3,131.5,132.98,126.775,1636952400000000000,6729
OB,159243,16.4,16.8,16.86,16.07,1636952400000000000,2352
OBCI,4237,11.4371,11,11.4371,10.9091,1636952400000000000,47
OBLG,262791,1.57,1.47,1.6,1.47,1636952400000000000,646
OBND,1963,30.03,29.985,30.03,29.985,1636952400000000000,20
OBNK,42032,46.57,46.38,47.4216,45.93,1636952400000000000,845
OBOR,929,31.3,31.2177,31.3,31.2177,1636952400000000000,12
OBSV,533907,2.5,2.4,2.5,2.38,1636952400000000000,1907
OBT,1180,37.46,37,37.5,36.45,1636952400000000000,37
OC,805170,95.48,93.34,95.99,93.1,1636952400000000000,12438
OCA,5027,9.95,9.96,9.96,9.95,1636952400000000000,49
OCA.WS,13801,1.12,1.0796,1.12,1.03,1636952400000000000,38
OCAX,891,9.93,9.93,9.94,9.93,1636952400000000000,10
OCAXU,2300,10.2,10.2,10.24,10.2,1636952400000000000,11
OCAXW,1110,0.60448,0.5812,0.60448,0.5812,1636952400000000000,2
OCC,18192,4,4.1299,4.15,3.98,1636952400000000000,85
OCCI,119025,13.44,13.41,13.4782,13.385,1636952400000000000,425
OCCIO,6937,25.52,25.475,25.55,25.475,1636952400000000000,19
OCCIP,2121,25.12,25.13,25.13,25.11,1636952400000000000,27
OCDX,462365,20.67,20.5,20.93,20.4,1636952400000000000,5330
OCEN,166,26.05,25.8776,26.05,25.8776,1636952400000000000,6
OCFC,215385,22.59,21.95,22.59,21.82,1636952400000000000,3024
OCFCP,719,27.82,28,28.06,27.8013,1636952400000000000,8
OCFT,1438645,2.93,2.92,2.995,2.86,1636952400000000000,7134
OCG,265016,4.8,4.9,5,4.66,1636952400000000000,1399
OCGN,11720726,8.71,8.3,8.7729,8.27,1636952400000000000,56588
OCIO,98,33.3268,33.3268,33.3268,33.3268,1636952400000000000,8
OCN,54330,33.75,34.21,34.27,33.19,1636952400000000000,1048
OCSL,765113,7.42,7.43,7.46,7.39,1636952400000000000,3692
OCTZ,44,32.2067,32.2067,32.2067,32.2067,1636952400000000000,2
OCUL,1317235,7.06,7.08,7.5473,7.0301,1636952400000000000,7861
OCUP,85069,4,3.95,4.13,3.92,1636952400000000000,541
OCX,906296,3.11,2.99,3.26,2.92,1636952400000000000,5176
ODC,11516,35.13,34.98,35.13,34.7,1636952400000000000,479
ODFL,487878,357.21,359.68,360.515,355.405,1636952400000000000,14181
ODP,596531,40.35,40.09,40.75,39.92,1636952400000000000,9755
ODT,1266557,3.23,3.32,3.49,3.19,1636952400000000000,4567
OEC,226897,20.18,19.77,20.18,19.61,1636952400000000000,2280
OEF,138342,216.02,215.48,216.33,214.82,1636952400000000000,1585
OEG,3704109,2.57,2.54,2.7,2.46,1636952400000000000,12002
OEPWW,1000,0.63,0.6299,0.63,0.6299,1636952400000000000,5
OESX,115426,4.17,4.26,4.26,4.13,1636952400000000000,767
OEUR,5896,29.06,28.96,29.125,28.94,1636952400000000000,71
OFC,462496,28.19,28.33,28.375,28.12,1636952400000000000,5854
OFED,111,23.98,23.98,23.98,23.98,1636952400000000000,5
OFG,254977,27.23,27.01,27.26,26.93,1636952400000000000,3994
OFIX,122577,32.67,32,33.1519,31.46,1636952400000000000,1987
OFLX,4489,141.49,139.99,141.49,137.8944,1636952400000000000,243
OFS,52637,11.16,11.12,11.2,11.05,1636952400000000000,437
OFSSH,1891,25.45,25.45,25.45,25.45,1636952400000000000,3
OFSSI,3359,25.09,25.05,25.09,25.05,1636952400000000000,29
OG,34468,6.34,6.5,6.5,6.23,1636952400000000000,355
OGE,660608,34.66,34.95,34.96,34.38,1636952400000000000,7536
OGEN,916343,0.6151,0.6048,0.617,0.6001,1636952400000000000,1992
OGI,17581589,2.351,2.38,2.55,2.32,1636952400000000000,26871
OGIG,56603,57.9,57.53,58,57.316,1636952400000000000,943
OGN,2552630,33.7,33.38,33.75,33.01,1636952400000000000,24489
OGS,227958,67.3,68.97,69,67.04,1636952400000000000,3617
OHAAU,95333,9.9732,9.97,9.9732,9.96,1636952400000000000,61
OHI,5198560,28.82,28.53,28.82,27.975,1636952400000000000,38966
OHPA,23431,9.74,9.75,9.75,9.74,1636952400000000000,33
OHPAU,3511,9.9,9.91,9.92,9.9,1636952400000000000,25
OHPAW,2633,0.68495,0.6999,0.6999,0.67,1636952400000000000,21
OI,1197389,12.58,12.5,12.69,12.405,1636952400000000000,10282
OIA,33959,8.05,7.985,8.05,7.96,1636952400000000000,101
OIH,670655,205.7,204.41,206.88,202.2,1636952400000000000,11471
OII,881563,12.76,12.79,12.89,12.5,1636952400000000000,5460
OIIM,122069,6.61,6.51,6.62,6.46,1636952400000000000,847
OIL,77375,23.92,24.2,24.22,23.79,1636952400000000000,254
OILD,112,26.685,26.2815,26.685,26.2815,1636952400000000000,11
OILK,6887,55.53,56.18,56.28,55.46,1636952400000000000,125
OILU,2024,22.77,23.5743,23.5743,22.77,1636952400000000000,12
OIS,1866901,6.08,5.98,6.19,5.93,1636952400000000000,5430
OKE,2325763,63.1,63.36,63.61,62.27,1636952400000000000,25586
OKTA,694955,261.61,260,262,257.11,1636952400000000000,19633
OLB,683091,6.22,6.01,6.3021,5.9,1636952400000000000,3731
OLED,289008,173.58,167.84,173.58,166.68,1636952400000000000,7912
OLITU,107895,10.06,10.08,10.08,10.06,1636952400000000000,212
OLK,87291,25.2,25.36,25.8603,25,1636952400000000000,1753
OLLI,1370675,65.85,67.7,69.71,65.77,1636952400000000000,20109
OLMA,373938,27.39,26.29,27.69,26.14,1636952400000000000,3462
OLN,1784211,64.6,63.73,64.76,62.59,1636952400000000000,15602
OLO,1588775,29.76,28.83,29.92,28.31,1636952400000000000,12977
OLP,41980,33.9,34.57,34.58,33.6502,1636952400000000000,772
OLPX,1648055,27.07,26.73,27.8,26.71,1636952400000000000,14091
OM,256322,51.03,52.33,52.62,51.03,1636952400000000000,4414
OMAB,29981,52.78,51.59,52.83,51,1636952400000000000,663
OMC,1139196,69,69.03,69.9,68.76,1636952400000000000,17822
OMCL,188556,177.58,179.6,179.9,177.19,1636952400000000000,5318
OMEG,1005,9.75,9.8,9.8,9.75,1636952400000000000,19
OMER,705271,8.29,8.29,8.6,8.11,1636952400000000000,6453
OMEX,4307,6.6,6.45,6.6,6.35,1636952400000000000,77
OMF,1373182,53.62,52.76,53.892,52.62,1636952400000000000,12203
OMFL,74783,50.88,50.7,51.0099,50.6528,1636952400000000000,366
OMFS,20458,45.2999,44.9268,45.3,44.8054,1636952400000000000,136
OMGA,57338,20.38,19.78,20.38,19.32,1636952400000000000,977
OMI,659335,42.65,43.4,43.85,42.54,1636952400000000000,7392
OMIC,193341,16.12,14.89,16.12,14.52,1636952400000000000,2667
OMP,143535,24.62,24.91,24.98,24.25,1636952400000000000,1754
OMQS,93796,10.16,9.9,10.88,9.8,1636952400000000000,462
ON,4985811,59.6,59.2,60.37,58.44,1636952400000000000,48037
ONB,924030,18.39,18.41,18.49,18.28,1636952400000000000,8183
ONCR,893867,6.13,5.78,6.13,5.55,1636952400000000000,5319
ONCS,201062,1.75,1.7,1.8,1.675,1636952400000000000,880
ONCT,422899,4.04,3.86,4.09,3.83,1636952400000000000,1974
ONCY,470948,1.96,1.9,1.99,1.89,1636952400000000000,1228
OND,10401,41,40.23,41,40.14,1636952400000000000,114
ONDS,2127418,10.35,11.18,11.74,9.87,1636952400000000000,10415
ONEM,1943353,21.315,21.52,21.559,20.83,1636952400000000000,18483
ONEO,1428,107.26,106.9381,107.26,106.9381,1636952400000000000,26
ONEQ,211412,61.81,61.72,61.96,61.3784,1636952400000000000,2127
ONEV,9088,111.81,111.38,111.81,111.25,1636952400000000000,165
ONEW,38780,49.97,49.88,49.97,49.28,1636952400000000000,1493
ONEY,4612,99.83,99.5373,99.83,99.4354,1636952400000000000,83
ONL,14826537,22.15,21.3,23.535,21.1,1636952400000000000,38823
ONLN,45617,71.6,71.32,72.1,71.0799,1636952400000000000,580
ONOF,3337,30.805,30.6942,30.805,30.6942,1636952400000000000,46
ONON,2105056,37.75,36.43,38.72,36.1,1636952400000000000,17274
ONTF,886856,16.69,16.52,16.79,16.26,1636952400000000000,8598
ONTO,261017,90.75,88.26,91.27,87.01,1636952400000000000,5992
ONTX,632329,3.49,3.53,3.6,3.4,1636952400000000000,2485
ONVO,127353,5.73,5.46,5.74,5.4,1636952400000000000,1303
ONYXU,31476,10.1083,10.1,10.1083,10.1,1636952400000000000,29
OOMA,182686,21.83,21.65,21.8451,21.14,1636952400000000000,2053
OOTO,36309,21.82,21.9,22.0165,21.705,1636952400000000000,390
OPA,6807,9.95,9.95,9.96,9.95,1636952400000000000,44
OPA.WS,309426,1.3,1.3,1.38,1.2799,1636952400000000000,226
OPAD,657573,7.87,8.3,8.4294,7.87,1636952400000000000,3393
OPAD.WS,47237,1.51,1.66,1.67,1.51,1636952400000000000,214
OPBK,29986,12.57,12.85,12.88,12.56,1636952400000000000,421
OPCH,1007851,26.75,26.88,27.06,26.54,1636952400000000000,6914
OPEN,13417376,23.06,22.56,23.8499,22.53,1636952400000000000,81944
OPER,3574,100.12,100.125,100.125,100.12,1636952400000000000,74
OPFI,1152731,7.3,6.69,7.35,6.69,1636952400000000000,6101
OPFI.WS,110523,1.84,1.56,1.8429,1.38,1636952400000000000,472
OPGN,618418,1.71,1.72,1.74,1.6998,1636952400000000000,1734
OPHC,21505,5.4,5.52,5.53,5.39,1636952400000000000,126
OPI,123075,27.25,27.6,27.6,27.09,1636952400000000000,1771
OPINL,17501,27.06,26.965,27.25,26.87,1636952400000000000,107
OPK,2260677,4.12,4.04,4.145,4.03,1636952400000000000,13968
OPNT,35148,25.6,25.5,25.83,24.01,1636952400000000000,687
OPOF,813,23,23.29,23.29,23,1636952400000000000,23
OPP,193315,15.34,15.45,15.5,15.25,1636952400000000000,607
OPPpA,29097,24.86,24.74,24.8906,24.65,1636952400000000000,115
OPPX,3352,29.28,29.249,29.29,29.249,1636952400000000000,14
OPRA,486058,8.67,8.88,9.22,8.67,1636952400000000000,3425
OPRT,264061,27.84,25.91,27.84,24.57,1636952400000000000,4396
OPRX,412794,87.41,80.09,87.76,79.53,1636952400000000000,7250
OPT,79513,7.47,7.2,7.47,7.14,1636952400000000000,138
OPTN,310034,2.49,2.39,2.53,2.38,1636952400000000000,1260
OPTT,774213,2.09,2.09,2.13,2.07,1636952400000000000,3614
OPY,50074,52.78,52.3,52.95,52.19,1636952400000000000,1106
OR,500253,13.47,13.65,13.68,13.36,1636952400000000000,3920
ORA,364056,81.2,79.45,81.5,78.65,1636952400000000000,5321
ORAN,459642,11.29,11.22,11.3,11.22,1636952400000000000,1620
ORC,4715301,4.94,4.93,4.94,4.9,1636952400000000000,13357
ORCC,1282819,14.5,14.43,14.51,14.42,1636952400000000000,5729
ORCL,5683150,93.82,94.02,94.25,92.92,1636952400000000000,64439
ORGN,1833137,7.68,7.31,7.98,7.155,1636952400000000000,15331
ORGNW,77058,1.82,1.8,1.9,1.78,1636952400000000000,190
ORGO,710055,11.31,10.8,11.31,10.73,1636952400000000000,5345
ORGS,89223,4.21,4.06,4.23,4.05,1636952400000000000,389
ORI,666896,26,25.8,26.05,25.73,1636952400000000000,8701
ORIA,107,9.97,9.97,9.97,9.97,1636952400000000000,2
ORIAW,218,1.23,1.23,1.23,1.23,1636952400000000000,4
ORIC,74483,17.62,17.54,17.99,17.44,1636952400000000000,2146
ORLA,73780,4.37,4.25,4.48,4.25,1636952400000000000,583
ORLY,233980,649.03,649.76,656.79,648.24,1636952400000000000,11281
ORMP,452632,29.0393,28.16,29.24,27.5,1636952400000000000,6134
ORN,103336,4.97,5,5.01,4.87,1636952400000000000,700
ORPH,351440,4,3.99,4.0272,3.93,1636952400000000000,1819
ORRF,11582,24.51,24.73,24.79,24.3593,1636952400000000000,250
ORTX,410461,1.8,1.77,1.8,1.75,1636952400000000000,1597
OSAT,74741,5.03,5.15,5.16,4.98,1636952400000000000,433
OSATW,4412,1.88,1.9,1.9,1.8799,1636952400000000000,19
OSBC,50240,13.75,13.69,13.75,13.62,1636952400000000000,730
OSCR,1409744,12.2,12.17,12.36,11.88,1636952400000000000,11107
OSCV,10427,35.96,35.8326,35.96,35.79,1636952400000000000,32
OSG,343071,2.09,2.04,2.09,2,1636952400000000000,1520
OSH,2278410,38.9,39.85,40.05,38.15,1636952400000000000,16995
OSI,189042,9.7,9.74,9.75,9.67,1636952400000000000,955
OSI.U,172378,9.98,9.97,10,9.91,1636952400000000000,604
OSI.WS,94949,0.57,0.5695,0.5902,0.5065,1636952400000000000,220
OSIS,92807,96,96.43,96.4325,95.52,1636952400000000000,1906
OSK,546162,116.61,115.02,116.61,114.31,1636952400000000000,7801
OSMT,522949,1.95,1.95,2.01,1.89,1636952400000000000,1520
OSPN,280315,19.67,19.38,19.67,18.8815,1636952400000000000,3098
OSS,103610,5.51,5.59,5.64,5.41,1636952400000000000,542
OSTK,682207,105,106.89,107,103.045,1636952400000000000,14236
OSTRU,300,9.9982,9.9982,9.9982,9.9982,1636952400000000000,1
OSTRW,1000,0.58,0.58,0.58,0.58,1636952400000000000,5
OSUR,510382,10.02,9.93,10.09,9.845,1636952400000000000,5816
OSW,166483,12.5,12.29,12.5,12.22,1636952400000000000,2660
OTECW,77632,0.49,0.51,0.515,0.49,1636952400000000000,62
OTEX,541718,51.47,51.18,51.92,51.11,1636952400000000000,9086
OTIC,167416,2.22,2.13,2.23,2.1,1636952400000000000,655
OTIS,1306861,85.5,84.16,85.59,83.9374,1636952400000000000,15188
OTLK,1890205,2.1,1.95,2.1,1.91,1636952400000000000,5911
OTLKW,17956,0.1698,0.175,0.187501,0.1698,1636952400000000000,20
OTLY,29588671,9.545,9.36,9.95,9.05,1636952400000000000,154747
OTMO,188808,4.01,3.98,4.01,3.8,1636952400000000000,976
OTMOW,28466,0.6515,0.62,0.6601,0.62,1636952400000000000,78
OTRAW,11406,0.6489,0.597,0.6489,0.55,1636952400000000000,31
OTRK,876767,8.33,7.99,8.33,7.85,1636952400000000000,6977
OTRKP,19842,14.99,14.3,14.99,14.0001,1636952400000000000,169
OTTR,63699,66.88,66.33,66.89,65.96,1636952400000000000,1593
OUNZ,950721,18.11,18.13,18.16,18.08,1636952400000000000,659
OUSA,22390,44.7,44.53,44.719,44.5102,1636952400000000000,1400
OUSM,3281,37.69,37.5365,37.7667,37.53,1636952400000000000,92
OUST,3404207,7.13,7.58,7.715,7.1,1636952400000000000,14847
OUST.WS,31511,1.77,1.7326,1.77,1.68,1636952400000000000,429
OUT,1000211,27.62,28.2,28.32,27.48,1636952400000000000,8742
OVB,10195,25.79,25.826,25.835,25.7712,1636952400000000000,15
OVBC,28069,29.89,30.45,32.05,29.75,1636952400000000000,582
OVF,406,27.4,27.4299,27.4299,27.4,1636952400000000000,3
OVID,172048,3.6,3.64,3.7,3.588,1636952400000000000,1495
OVL,9035,40.355,40.3602,40.41,40.35,1636952400000000000,38
OVLH,1606,29.72,29.6477,29.72,29.6477,1636952400000000000,25
OVLY,1799,18.135,18.135,18.135,18.135,1636952400000000000,48
OVM,0,25.9851,25.9851,25.9851,25.9851,1636952400000000000,0
OVS,91,39.3504,39.3504,39.3504,39.3504,1636952400000000000,1
OVT,1679,24.8899,24.8351,24.8899,24.8351,1636952400000000000,15
OVV,2381163,35.74,35.91,36.34,34.89,1636952400000000000,22017
OWL,1316542,16.03,16.02,16.11,15.85,1636952400000000000,10410
OWL.WS,21923,5.21,5.25,5.35,5.19,1636952400000000000,135
OWLT,371192,4.9,4.67,4.9311,4.5201,1636952400000000000,3283
OWLT.WS,32174,0.69,0.6715,0.77,0.65,1636952400000000000,80
OWNS,2,19.7547,19.7547,19.7547,19.7547,1636952400000000000,2
OXAC,17958,9.98,9.97,9.98,9.94,1636952400000000000,184
OXACW,39317,0.4888,0.5099,0.51,0.4851,1636952400000000000,102
OXBR,2351419,3.95,3.99,4.18,3.63,1636952400000000000,9493
OXBRW,293131,0.315,0.2917,0.3598,0.27,1636952400000000000,331
OXLC,1732802,8.08,8.05,8.13,8.04,1636952400000000000,6103
OXLCL,2266,26.3748,26.37,26.3748,26.25,1636952400000000000,35
OXLCM,1408,25.23,25.2387,25.2387,25.23,1636952400000000000,8
OXLCO,13596,24.9999,25.0199,25.02,24.93,1636952400000000000,57
OXLCP,4570,25.285,25.44,25.4612,25.1039,1636952400000000000,28
OXM,67871,102.94,103.49,103.76,101.3801,1636952400000000000,2000
OXSQ,264607,4.38,4.39,4.4,4.3399,1636952400000000000,1282
OXSQG,1600,25.41,25.26,25.42,25.0738,1636952400000000000,8
OXSQL,175,25.26,25.26,25.26,25.26,1636952400000000000,2
OXSQZ,771,25.55,25.59,25.59,25.4,1636952400000000000,11
OXUS,204964,9.9199,9.91,9.9219,9.89,1636952400000000000,1329
OXUSU,173729,10.48,10.48,10.48,10.46,1636952400000000000,746
OXUSW,296166,0.62,0.595,0.6497,0.57,1636952400000000000,910
OXY,10183842,31.62,31.98,32.345,31.17,1636952400000000000,64098
OXY.WS,225588,13.41,13.85,14.0248,13.37,1636952400000000000,1555
OYST,120300,12.73,11.69,12.89,11.64,1636952400000000000,1340
OZ,10145,100.51,100.05,100.51,100.02,1636952400000000000,85
OZK,361693,47.59,47.45,47.9,47.27,1636952400000000000,6772
OZKAP,167753,24.79,24.66,24.82,24.65,1636952400000000000,896
OZON,1391437,42.49,43.39,43.75,42.49,1636952400000000000,11722
PAA,3241619,10.75,10.59,10.86,10.58,1636952400000000000,15722
PAAS,1394133,27.69,27.79,27.99,27.405,1636952400000000000,14885
PAB,216,50.25,50.0564,50.25,50.0564,1636952400000000000,3
PAC,14870,134.66,131.93,134.66,131.68,1636952400000000000,398
PACB,1524133,27.5,26.7,27.55,25.9,1636952400000000000,19248
PACK,258633,40.6,40.62,40.92,40.01,1636952400000000000,4018
PACW,915617,49.005,48.9,49.02,48.18,1636952400000000000,8838
PACX,17523,9.99,9.9724,9.99,9.97,1636952400000000000,225
PACXU,1632,10.5,10.41,10.5,10.37,1636952400000000000,21
PACXW,76906,1.3,1.32,1.3639,1.3,1636952400000000000,167
PAE,466493,9.95,9.92,9.97,9.92,1636952400000000000,2207
PAFO,4000,9.89,9.89,9.89,9.89,1636952400000000000,6
PAFOU,690,10.35,10.2024,10.3597,10.2,1636952400000000000,7
PAG,163179,112.53,111.49,112.9,111.16,1636952400000000000,5656
PAGP,1377023,11.22,11.25,11.415,11.19,1636952400000000000,11278
PAGS,2362795,35.17,37.17,37.64,35.06,1636952400000000000,19550
PAHC,93104,22.56,22.19,22.85,22.07,1636952400000000000,1488
PAI,20125,16.29,16.265,16.29,16.19,1636952400000000000,86
PAIC,21103,10.14,10.15,10.15,10.14,1636952400000000000,55
PAICU,879,10.78,10.8,10.8,10.78,1636952400000000000,3
PAICW,6800,0.6899,0.671,0.6899,0.6401,1636952400000000000,24
PAK,1257,24.705,24.63,24.705,24.52,1636952400000000000,47
PALC,29401,42.54,42.2392,42.54,42.1265,1636952400000000000,114
PALI,73160,2.86,2.69,2.86,2.6272,1636952400000000000,486
PALL,49870,198.35,201.42,202.5401,198.35,1636952400000000000,1000
PALT,454821,4.35,4.2,4.46,4.12,1636952400000000000,1633
PAM,158850,18.83,18.35,18.86,18.12,1636952400000000000,1851
PAMC,4428,38.17,37.9059,38.17,37.9,1636952400000000000,49
PANL,551854,4.42,4.27,4.45,4.21,1636952400000000000,3219
PANW,941138,520,518.06,521.68,512.05,1636952400000000000,24128
PAPR,106214,29.18,29.19,29.2,29.17,1636952400000000000,29
PAQC,8984,9.74,9.76,9.77,9.74,1636952400000000000,41
PAQCU,5823,10.08,10.15,10.15,10.08,1636952400000000000,28
PAQCW,36425,0.7101,0.79,0.8459,0.7101,1636952400000000000,139
PAR,185004,67.28,66.73,67.93,66,1636952400000000000,3685
PARR,267469,15.86,15.98,16.11,15.62,1636952400000000000,3424
PASG,311349,8.77,8.5,8.85,8.37,1636952400000000000,4254
PATH,4165452,54.28,53.54,54.4,52.81,1636952400000000000,45917
PATI,30900,14.75,14.7,14.85,14.13,1636952400000000000,193
PATK,130930,82.64,82.82,83.06,82.49,1636952400000000000,2682
PAUG,3552,30.215,30.1659,30.215,30.14,1636952400000000000,14
PAVE,1494238,29.02,28.8,29.05,28.72,1636952400000000000,7924
PAVM,1718591,5.08,4.9,5.08,4.79,1636952400000000000,10040
PAVMW,3340,1.08,1,1.08,1,1636952400000000000,26
PAVMZ,8749,3.62,3.45,3.64,3.36,1636952400000000000,40
PAWZ,21391,82.34,81.61,82.34,81.57,1636952400000000000,462
PAX,114249,18.72,18.58,18.725,18.49,1636952400000000000,1197
PAY,389393,29.88,29.58,30.42,28.95,1636952400000000000,4636
PAYA,690767,8.4,8.56,8.76,8.4,1636952400000000000,5421
PAYC,307529,493.57,484.08,493.57,480.345,1636952400000000000,10610
PAYO,2009365,8.92,9.15,9.26,8.8,1636952400000000000,14015
PAYOW,303725,2.24,2.3,2.34,2.23,1636952400000000000,395
PAYS,298037,2.31,2.21,2.315,2.175,1636952400000000000,1653
PAYX,943233,124.71,124.48,124.95,123.35,1636952400000000000,17493
PB,262729,76.75,76.64,77.44,76.45,1636952400000000000,4484
PBA,6189586,33.2,33.45,33.58,32.73,1636952400000000000,8059
PBAXU,460,10.15,10.15,10.15,10.15,1636952400000000000,6
PBBK,915,14.5,14.6,14.6,14.5,1636952400000000000,24
PBC,3840,25.405,25.52,25.52,25.405,1636952400000000000,31
PBCT,3753697,18.55,18.55,18.7612,18.445,1636952400000000000,20192
PBCTP,6994,28.02,27.94,28.14,27.72,1636952400000000000,126
PBD,44555,32.45,31.89,32.45,31.75,1636952400000000000,696
PBDM,289,29.9221,29.9215,29.9221,29.9215,1636952400000000000,5
PBE,2435,72.4,71.62,72.4,71.62,1636952400000000000,96
PBEE,721,29.03,28.99,29.0399,28.99,1636952400000000000,6
PBF,2925701,15.44,15.41,15.83,15.16,1636952400000000000,15678
PBFS,9277,12.93,13,13,12.37,1636952400000000000,146
PBFX,194405,13.38,13.19,13.439,13.04,1636952400000000000,1334
PBH,181877,62.74,61.28,63.25,61.03,1636952400000000000,3397
PBHC,2811,17.24,17.24,17.24,16.95,1636952400000000000,45
PBI,1630104,8.02,7.94,8.16,7.8801,1636952400000000000,9714
PBIpB,33674,25.291,25.26,25.31,25.2,1636952400000000000,149
PBIP,2546,14.6,14.74,14.7836,14.6,1636952400000000000,47
PBJ,29494,43.98,44.1,44.15,43.855,1636952400000000000,328
PBLA,25941,2.1301,2.13,2.19,2.075,1636952400000000000,106
PBND,1882,25.7115,25.665,25.7115,25.665,1636952400000000000,37
PBP,13817,24.054,24.0423,24.07,23.99,1636952400000000000,131
PBPB,60290,5.96,5.88,6.03,5.83,1636952400000000000,616
PBR,14777782,10.25,10.33,10.42,10.1218,1636952400000000000,35778
PBR.A,10258607,9.91,9.99,10.0899,9.81,1636952400000000000,11371
PBS,3880,55.73,55.54,56.04,55.54,1636952400000000000,74
PBSM,4400,41.82,41.6115,41.82,41.585,1636952400000000000,56
PBT,105782,8.31,8.41,8.49,8.06,1636952400000000000,533
PBTP,15117,26.89,26.93,26.94,26.881,1636952400000000000,38
PBTS,2552332,1.2,1.18,1.2199,1.16,1636952400000000000,4910
PBUG,0,23.825,23.825,23.825,23.825,1636952400000000000,0
PBUS,15457,47.94,47.71,47.94,47.6511,1636952400000000000,67
PBW,295050,95.75,94.35,95.75,93.12,1636952400000000000,4742
PBYI,1066058,3.74,3.68,3.82,3.67,1636952400000000000,4769
PCAR,1072766,89.65,89.25,89.99,88.98,1636952400000000000,14980
PCB,23132,23.04,22.84,23.41,22.5167,1636952400000000000,510
PCCTU,553,10.0962,10.0962,10.0962,10.0962,1636952400000000000,6
PCEF,104893,24.57,24.53,24.57,24.51,1636952400000000000,492
PCF,213726,8.75,8.74,8.76,8.71,1636952400000000000,875
PCG,7340396,12.28,12.38,12.4,12.235,1636952400000000000,28333
PCGpA,2152,29.25,28.94,29.25,28.94,1636952400000000000,28
PCGpB,599,26.85,26.85,26.85,26.85,1636952400000000000,4
PCGpD,459,25.05,25.05,25.05,25.05,1636952400000000000,4
PCGpH,422,22.4,22.45,22.45,22.4,1636952400000000000,6
PCGU,41838,116.16,117.51,117.6,116.16,1636952400000000000,283
PCH,224837,55.38,55.66,56.03,55.1,1636952400000000000,3603
PCI,337422,21.37,21.36,21.43,21.33,1636952400000000000,1355
PCK,17755,9.74,9.7,9.775,9.64,1636952400000000000,97
PCM,14959,11.44,11.51,11.53,11.4106,1636952400000000000,80
PCN,49654,18.48,18.52,18.57,18.4501,1636952400000000000,226
PCOM,5998,16.83,17.18,17.18,16.83,1636952400000000000,118
PCOR,624435,88.09,85.54,88.09,85.01,1636952400000000000,7778
PCQ,12887,19.88,19.81,19.89,19.75,1636952400000000000,54
PCRX,738469,57.55,55.99,57.55,55.64,1636952400000000000,7723
PCSA,69443,6.89,6.44,7.01,6.33,1636952400000000000,575
PCSB,24046,18.91,19.17,19.17,18.91,1636952400000000000,464
PCT,1982983,9.58,10.86,11.08,9.55,1636952400000000000,18058
PCTI,61112,5.85,5.93,5.936,5.8,1636952400000000000,403
PCTTU,626,13.795,14.2104,14.2104,13.795,1636952400000000000,18
PCTTW,67111,3.68,4.1,4.44,3.67,1636952400000000000,511
PCTY,356725,270.44,264.86,273.52,262.33,1636952400000000000,7917
PCVX,76492,24.23,26.08,26.31,24.23,1636952400000000000,1885
PCXCU,2617,10.25,10.25,10.25,10.245,1636952400000000000,13
PCY,555588,26.71,26.56,26.73,26.56,1636952400000000000,2774
PCYG,31542,5.14,5.32,5.43,5.12,1636952400000000000,265
PCYO,61345,15.95,15.93,16.1,15.62,1636952400000000000,915
PD,591564,42.04,41.69,42.05,40.66,1636952400000000000,9774
PDBC,2043905,22.03,22.15,22.16,21.94,1636952400000000000,4929
PDCE,478113,56.3,57.42,57.7767,55.26,1636952400000000000,10995
PDCO,448603,33.73,33.67,34.33,33.57,1636952400000000000,5925
PDD,6143874,94.76,91.37,95.02,90.39,1636952400000000000,55535
PDEC,10547,31.005,31.015,31.08,30.9401,1636952400000000000,20
PDEX,16440,23.2,23.1678,23.5,22.75,1636952400000000000,232
PDFS,261117,33.25,32.82,33.4,32.46,1636952400000000000,3885
PDI,241121,26.6,26.61,26.6846,26.52,1636952400000000000,1096
PDLB,1097,15.25,15.28,15.35,15.25,1636952400000000000,50
PDM,374103,19.135,19.37,19.39,19.135,1636952400000000000,4222
PDN,12584,38.71,38.54,38.71,38.5,1636952400000000000,90
PDO,190950,20.61,20.58,20.679,20.55,1636952400000000000,1175
PDOT,2487,9.81,9.81,9.81,9.79,1636952400000000000,19
PDOT.U,121,9.97,9.97,9.97,9.97,1636952400000000000,1
PDOT.WS,28403,0.86,0.915,0.9476,0.86,1636952400000000000,77
PDP,18760,99.87,99.09,99.87,98.715,1636952400000000000,203
PDS,46086,39.48,38.86,39.48,38.18,1636952400000000000,725
PDSB,327571,11.53,10.91,11.57,10.84,1636952400000000000,3025
PDT,151118,17.29,17.53,17.6,17.2,1636952400000000000,816
PEAK,2016736,33.84,34.16,34.18,33.565,1636952400000000000,14475
PEB,599889,24.15,24.51,24.51,24,1636952400000000000,7118
PEBpE,3041,25.0042,24.98,25.1226,24.9,1636952400000000000,46
PEBpF,3809,24.96,25.01,25.061,24.96,1636952400000000000,61
PEBpG,20182,26.1,25.5,26.1,25.4817,1636952400000000000,189
PEBpH,8693,25.6,25.25,25.6,25.05,1636952400000000000,105
PEBK,804,28.685,29.12,29.12,28.685,1636952400000000000,47
PEBO,57467,33.31,33.32,33.5,33,1636952400000000000,945
PECO,164336,33.62,34.07,34.44,33.3,1636952400000000000,2286
PED,1358576,1.38,1.34,1.38,1.31,1636952400000000000,2459
PEG,1469521,62.56,63.34,63.36,62.18,1636952400000000000,14956
PEGA,79810,118.56,118.45,119.12,118.05,1636952400000000000,2901
PEGRU,306,10.006,9.95,10.006,9.95,1636952400000000000,5
PEI,1149176,1.49,1.45,1.5,1.37,1636952400000000000,2401
PEIpB,36721,10.21,9.11,10.21,8.86,1636952400000000000,202
PEIpC,57889,10.27,9.05,10.27,8.9251,1636952400000000000,386
PEIpD,117527,8.55,7.73,8.5975,7.69,1636952400000000000,639
PEJ,130084,51.13,51.07,51.43,50.98,1636952400000000000,1816
PEN,121254,265.36,257.47,266.83,256.74,1636952400000000000,3441
PENN,5633674,58.25,56.28,58.7851,56.16,1636952400000000000,49553
PEO,74567,17.46,17.57,17.59,17.3301,1636952400000000000,430
PEP,3341200,162.51,163.8,163.88,162.49,1636952400000000000,54603
PEPLU,1022711,9.974,9.98,9.98,9.97,1636952400000000000,335
PERI,2043530,30.84,29.97,33.0942,29.57,1636952400000000000,16997
PESI,8567,6.55,6.73,6.8,6.4454,1636952400000000000,94
PETQ,232318,23.8,23.21,23.8,23.06,1636952400000000000,4454
PETS,204148,29.79,29.51,29.99,29.3305,1636952400000000000,4973
PETV,1656287,4.14,3.12,4.21,2.9574,1636952400000000000,5672
PETVW,47446,1,0.6299,1,0.58,1636952400000000000,127
PETZ,1602035,6.272,5.47,6.48,5.4,1636952400000000000,7279
PEX,8412,38.64,38.3,38.64,38.3,1636952400000000000,70
PEXL,227,46.1,46.0663,46.1,46.0663,1636952400000000000,5
PEY,76174,20.88,20.89,20.91,20.7963,1636952400000000000,736
PEZ,6831,99.79,99.59,99.89,99.21,1636952400000000000,95
PFBC,62395,70.22,70.75,70.81,69.52,1636952400000000000,1985
PFC,129424,32.15,31.84,32.28,31.75,1636952400000000000,2042
PFD,44378,17.3,17.24,17.34,17,1636952400000000000,235
PFDR,58837,9.97,9.97,9.98,9.96,1636952400000000000,88
PFDRU,977,10.15,10.15,10.15,10.15,1636952400000000000,22
PFDRW,12106,1.09,1.05,1.09,1.0401,1636952400000000000,53
PFE,27728468,49.73,49.65,50.1,49.37,1636952400000000000,155696
PFEB,7839,29.08,29.044,29.1,29.0301,1636952400000000000,68
PFF,4361900,38.95,38.85,38.95,38.75,1636952400000000000,14848
PFFA,240452,25.13,25.01,25.1386,25.01,1636952400000000000,1260
PFFD,705643,25.7,25.57,25.71,25.55,1636952400000000000,2587
PFFL,5032,18.63,18.58,18.63,18.506,1636952400000000000,61
PFFR,17972,24.12,24.02,24.12,23.96,1636952400000000000,229
PFFV,50712,27.8,27.69,27.8,27.65,1636952400000000000,280
PFG,2862257,70.3,71.69,71.78,69.9,1636952400000000000,33283
PFGC,811228,46.69,46.82,47.82,46.48,1636952400000000000,9678
PFH,56381,25.72,25.63,25.72,25.53,1636952400000000000,329
PFHD,6632,19.47,19.71,19.835,19.47,1636952400000000000,168
PFI,6125,59.2,58.6368,59.2,58.57,1636952400000000000,90
PFIE,53941,1.17,1.21,1.21,1.16,1636952400000000000,197
PFIG,7497,26.52,26.5,26.55,26.5,1636952400000000000,30
PFIN,26830,6.6,6.6,6.6,6.32,1636952400000000000,89
PFIS,7886,48.86,49.11,49.45,48.1,1636952400000000000,520
PFIX,192558,40.5,41.27,41.3583,40.4435,1636952400000000000,1270
PFL,116263,11.18,11.12,11.2,11.11,1636952400000000000,553
PFLD,93931,25.08,25.1,25.1526,25.05,1636952400000000000,253
PFLT,314577,13.85,13.8,13.92,13.75,1636952400000000000,2427
PFM,48329,39.04,38.8699,39.04,38.8696,1636952400000000000,146
PFMT,554168,3.09,2.85,3.09,2.83,1636952400000000000,3821
PFN,204962,9.89,9.89,9.92,9.87,1636952400000000000,543
PFO,22690,12.8,12.72,12.83,12.61,1636952400000000000,164
PFS,218669,25.43,25.22,25.43,25.06,1636952400000000000,2463
PFSI,635669,65.25,62.92,65.27,62.37,1636952400000000000,7840
PFSW,38655,13.74,13.22,13.855,13.2,1636952400000000000,698
PFTA,10492,9.7393,9.74,9.77,9.7393,1636952400000000000,22
PFTAU,577,9.99,9.9989,9.9989,9.99,1636952400000000000,14
PFUT,1267,28.22,28.1883,28.26,28.1677,1636952400000000000,18
PFX,4154,42.1,42.5399,42.5399,41.77,1636952400000000000,45
PFXF,236001,21.53,21.54,21.5899,21.51,1636952400000000000,611
PFXNL,81784,25.37,25.26,25.37,25.26,1636952400000000000,11
PG,5488224,147.03,147.4,147.75,146.47,1636952400000000000,65858
PGAL,10763,11.3401,11.3175,11.3702,11.3175,1636952400000000000,41
PGC,54708,35.08,35.21,35.21,34.57,1636952400000000000,772
PGEN,1664824,4.32,3.96,4.32,3.91,1636952400000000000,10268
PGF,655094,18.74,18.67,18.75,18.645,1636952400000000000,1755
PGHY,33528,21.6,21.61,21.61,21.58,1636952400000000000,205
PGJ,72739,47.37,46.57,47.37,46.26,1636952400000000000,907
PGM,140,51.28,51.4119,51.4119,51.28,1636952400000000000,7
PGNY,554548,60.62,62.46,62.63,60.3,1636952400000000000,9191
PGP,40686,11.29,11.33,11.33,11.2039,1636952400000000000,147
PGR,2263728,96.45,93.98,96.49,93.71,1636952400000000000,27999
PGRE,1088210,9.48,9.44,9.52,9.365,1636952400000000000,6849
PGRO,241,29.5399,29.4367,29.5399,29.4367,1636952400000000000,13
PGRWU,528,10.07,10.02,10.07,10.02,1636952400000000000,5
PGRWW,765,0.6,0.5763,0.6,0.5763,1636952400000000000,3
PGTI,206074,22.36,22.23,22.5,22.03,1636952400000000000,2505
PGX,2515234,14.93,14.88,14.95,14.86,1636952400000000000,5831
PGZ,20582,15.51,15.63,15.705,15.51,1636952400000000000,172
PH,685198,334.74,328.33,334.98,327.8,1636952400000000000,14601
PHAR,3372,9.04,9.07,9.6,9.04,1636952400000000000,49
PHAS,4145976,3.75,3.02,4.08,2.93,1636952400000000000,13627
PHAT,154175,22.03,21.57,22.1,21.39,1636952400000000000,2487
PHB,177580,19.43,19.4,19.46,19.4,1636952400000000000,464
PHCF,130714,1.71,1.66,1.76,1.65,1636952400000000000,580
PHD,43188,11.86,11.87,11.9599,11.86,1636952400000000000,126
PHDG,46055,37.55,37.39,37.55,37.39,1636952400000000000,202
PHG,1804365,42.45,42.16,42.7394,42.075,1636952400000000000,17535
PHGE,183316,2.49,2.37,2.49,2.18,1636952400000000000,464
PHGE.WS,9440,0.45,0.360401,0.45,0.36,1636952400000000000,16
PHI,22127,34.01,34.08,34.329,33.78,1636952400000000000,298
PHIC,240,9.7994,9.7994,9.7994,9.7994,1636952400000000000,4
PHICW,2800,0.7701,0.803,0.807,0.7701,1636952400000000000,16
PHIO,199382,1.57,1.52,1.59,1.5,1636952400000000000,791
PHIOW,44346,0.0132,0.056,0.0699,0.0132,1636952400000000000,91
PHK,522595,6.33,6.28,6.345,6.28,1636952400000000000,1916
PHM,1811168,51.47,50.57,51.54,50.45,1636952400000000000,22451
PHO,121960,59.76,59.2,59.779,59.1,1636952400000000000,1472
PHR,191955,72.47,72.43,73.16,71.22,1636952400000000000,4800
PHT,75425,10.35,10.42,10.46,10.35,1636952400000000000,308
PHUN,12621968,4.06,4.01,4.18,3.955,1636952400000000000,38135
PHUNW,53283,2.47,2.5,2.54,2.3801,1636952400000000000,220
PHVS,3510,17.24,15.9,18.96,15.56,1636952400000000000,98
PHX,248272,3.04,3,3.07,2.91,1636952400000000000,1082
PHYL,3798,41.08,40.935,41.08,40.91,1636952400000000000,29
PHYS,813724,14.68,14.66,14.69,14.63,1636952400000000000,1743
PHYT.U,162109,10.1,10.18,10.18,10.1,1636952400000000000,33
PI,1194545,78.55,79.54,80.76,78.24,1636952400000000000,5913
PIAI,1891,9.85,9.85,9.85,9.8403,1636952400000000000,9
PIAI.WS,8277,0.79,0.79,0.8,0.79,1636952400000000000,55
PICB,12572,28.09,27.8697,28.09,27.8697,1636952400000000000,112
PICC,2106,9.78,9.77,9.78,9.77,1636952400000000000,9
PICC.WS,2027,0.92,0.9401,0.96,0.92,1636952400000000000,7
PICK,163637,42.46,41.94,42.5,41.94,1636952400000000000,1421
PID,278904,18.5,18.41,18.5,18.38,1636952400000000000,215
PIE,17649,25.65,25.55,25.7382,25.52,1636952400000000000,157
PIFI,3,98.5071,98.5071,98.5071,98.5071,1636952400000000000,3
PII,445857,125.09,125.49,126.69,124.4001,1636952400000000000,8394
PIK,176570,7.48,7.73,7.99,7.48,1636952400000000000,1125
PILL,52329,21.24,20.06,21.24,19.901,1636952400000000000,1002
PIM,43115,4,3.97,4,3.97,1636952400000000000,133
PIN,7844,29.41,29.38,29.46,29.36,1636952400000000000,131
PINC,396632,40.83,40.18,41.58,40.16,1636952400000000000,6389
PINE,46407,18.82,19.05,19.1,18.6492,1636952400000000000,546
PING,804057,28.05,27.45,28.06,27.25,1636952400000000000,10904
PINK,27535,26.72,26.3827,26.72,26.3827,1636952400000000000,135
PINS,10807151,46.5,47.94,48.86,46.42,1636952400000000000,90464
PIO,20906,42.95,42.69,42.99,42.68,1636952400000000000,238
PIPP,672455,9.86,9.9,9.91,9.848,1636952400000000000,2498
PIPP.U,2213,10.315,10.315,10.315,10.315,1636952400000000000,13
PIPP.WS,527288,1.14,1.195,1.25,1.14,1636952400000000000,908
PIPR,61159,182.63,183.6,184.7,181.1108,1636952400000000000,2641
PIRS,746587,3.93,3.89,4,3.86,1636952400000000000,2937
PIXY,435178,1.19,1.1,1.19,1.1,1636952400000000000,1338
PIZ,4921,41.145,40.96,41.18,40.935,1636952400000000000,71
PJAN,6268,33.25,33.14,33.25,33.12,1636952400000000000,62
PJP,48583,81.45,81.1,81.5,81.02,1636952400000000000,273
PJT,102969,84.77,83.43,84.77,82.825,1636952400000000000,2926
PJUL,21207,30.605,30.54,30.62,30.5317,1636952400000000000,51
PJUN,37232,32.05,31.98,32.05,31.95,1636952400000000000,80
PK,2698479,19.65,19.81,19.83,19.47,1636952400000000000,18256
PKB,15115,53.92,53.49,53.92,53.3855,1636952400000000000,205
PKBK,32419,22.1,21.9,22.43,21.825,1636952400000000000,409
PKE,98260,14.23,14.34,14.37,14.085,1636952400000000000,1809
PKG,495980,135.49,134.82,135.8,134.64,1636952400000000000,11056
PKI,867018,184.04,183.36,186.39,182.4772,1636952400000000000,14300
PKO,51196,24.9,24.86,24.9,24.71,1636952400000000000,360
PKOH,50719,23.74,24.79,24.99,23.09,1636952400000000000,939
PKW,52229,98.12,97.6,98.21,97.46,1636952400000000000,865
PKX,135134,60.58,59.57,60.58,59.33,1636952400000000000,2250
PLAB,281294,14.34,14.39,14.41,14.2,1636952400000000000,4984
PLAG,46918,1.41,1.4,1.42,1.35,1636952400000000000,213
PLAN,1251582,61.04,59.21,61.35,59.14,1636952400000000000,15224
PLAT,4339,48.17,47.9316,48.36,47.9316,1636952400000000000,38
PLAY,633729,38.6,38.01,38.9,37.895,1636952400000000000,10499
PLBC,5563,36.54,36.49,37.46,36.45,1636952400000000000,107
PLBY,1094714,32.772,31.03,32.84,30.18,1636952400000000000,14416
PLCE,361377,103,105.08,107.39,103,1636952400000000000,10096
PLD,1495053,148.85,150.2,150.25,148.12,1636952400000000000,18432
PLDR,158,28.2,28.163,28.2,28.163,1636952400000000000,6
PLG,969671,3.09,3,3.1152,2.93,1636952400000000000,3444
PLIN,388406,1.49,1.54,1.55,1.48,1636952400000000000,669
PLL,298234,63.31,61.62,63.33,60.66,1636952400000000000,6526
PLM,80580,3.14,3.12,3.15,3.04,1636952400000000000,561
PLMIU,29540,9.89,9.87,9.905,9.87,1636952400000000000,18
PLMIW,5000,0.8502,0.8623,0.8623,0.835,1636952400000000000,9
PLMR,94844,93.32,90.36,93.32,89.445,1636952400000000000,3265
PLNT,1227844,92.99,92.27,93.64,91.29,1636952400000000000,14981
PLOW,95766,45.48,45.25,45.48,44.88,1636952400000000000,1503
PLPC,4586,68.105,68.67,68.87,68.105,1636952400000000000,232
PLRG,370,28.5159,28.4875,28.5159,28.4875,1636952400000000000,3
PLRX,54250,16.8,16.4,16.8,16.16,1636952400000000000,1749
PLSE,35582,21.58,21.68,21.8381,21,1636952400000000000,1441
PLTK,993947,22.75,21.77,22.83,21.75,1636952400000000000,10175
PLTL,0,27.6692,27.6692,27.6692,27.6692,1636952400000000000,0
PLTM,54909,10.68,10.73,10.76,10.67,1636952400000000000,225
PLTR,33155920,23,23.41,23.52,22.95,1636952400000000000,162074
PLUG,18344144,43.69,41.82,43.7,41.0201,1636952400000000000,153250
PLUS,45167,121.26,118.52,122.8725,118.25,1636952400000000000,2022
PLW,8708,36.46,36.25,36.46,36.25,1636952400000000000,41
PLX,6425307,1.1,1.15,1.29,1.07,1636952400000000000,9551
PLXP,540199,12.31,10.78,12.31,10.6,1636952400000000000,4469
PLXS,92001,93.66,92.41,93.66,91.99,1636952400000000000,3226
PLYA,801311,8.12,7.91,8.14,7.9,1636952400000000000,5939
PLYM,296051,29.47,29.5,30.1,29.47,1636952400000000000,3989
PLYMpA,6451,26.5,26.5,26.6301,26.5,1636952400000000000,11
PM,2521767,95,95.36,95.53,94.83,1636952400000000000,24763
PMAR,59543,31.33,31.32,31.33,31.28,1636952400000000000,326
PMAY,9928,30.36,30.3759,30.412,30.34,1636952400000000000,54
PMCB,138568,2.81,2.79,2.84,2.7501,1636952400000000000,664
PMD,17872,8.55,8.74,8.74,8.4771,1636952400000000000,159
PME,113069,0.67,0.6729,0.7082,0.6602,1636952400000000000,276
PMF,17580,14.7,14.63,14.7,14.6,1636952400000000000,66
PML,224818,14.35,14.29,14.6,14.17,1636952400000000000,743
PMM,34773,8.6,8.53,8.6,8.51,1636952400000000000,220
PMO,27026,14.1,14.05,14.1,14,1636952400000000000,152
PMT,657798,18.8,18.7,18.9,18.64,1636952400000000000,5435
PMTpA,3711,26.73,26.6,26.73,26.48,1636952400000000000,34
PMTpB,8144,26.55,26.17,26.55,26.17,1636952400000000000,81
PMTpC,31663,25.46,25.54,25.54,25.39,1636952400000000000,196
PMTS,76124,23.7,24.15,24.7369,22.9582,1636952400000000000,1193
PMVC,1623,9.85,9.84,9.85,9.84,1636952400000000000,9
PMVP,210159,24.76,23.79,24.88,23.44,1636952400000000000,3913
PMX,22091,12.18,12.23,12.26,12.1525,1636952400000000000,149
PNBK,544522,10.75,15.04,16.7,10.75,1636952400000000000,5019
PNC,1419245,204.59,204.82,205.215,203.23,1636952400000000000,21932
PNCpP,74146,25.63,25.61,25.63,25.59,1636952400000000000,449
PNF,9298,12.63,12.5796,12.69,12.45,1636952400000000000,25
PNFP,369268,101.7,103.69,104.225,101.7,1636952400000000000,7568
PNFPP,6060,27.81,27.96,27.99,27.7458,1636952400000000000,93
PNI,22601,11.64,11.43,11.68,11.41,1636952400000000000,106
PNM,1228995,49.62,49.75,49.84,49.6,1636952400000000000,8305
PNNT,154276,7.02,6.93,7.03,6.91,1636952400000000000,1294
PNOV,79470,30.81,30.7311,30.8299,30.71,1636952400000000000,240
PNQI,11368,249,248.24,249.33,247.9126,1636952400000000000,614
PNR,635085,75.99,76.2,76.56,75.81,1636952400000000000,9165
PNRG,993,67.77,67.82,67.82,67.475,1636952400000000000,39
PNT,91519,8.84,8.92,9.14,8.765,1636952400000000000,1605
PNTG,119933,26.55,25.93,26.74,24.97,1636952400000000000,1945
PNTM,95045,9.8,9.8,9.82,9.76,1636952400000000000,276
PNTM.U,31137,10.08,10.0918,10.13,10.07,1636952400000000000,101
PNTM.WS,212942,0.92,0.95,0.9775,0.9,1636952400000000000,565
PNW,1342766,65.97,65.92,66.22,65.47,1636952400000000000,15930
POAI,404205,1.17,1.16,1.17,1.14,1636952400000000000,1616
POCT,4228,30.2,30.2448,30.3199,30.2,1636952400000000000,31
PODD,311400,313.97,316.22,317.39,312.92,1636952400000000000,6375
POLA,393953,6.33,6.12,6.37,6.02,1636952400000000000,2252
POLY,216705,28.77,29.21,29.39,28.55,1636952400000000000,4322
POND.WS,6440,0.885,0.88495,0.885,0.8849,1636952400000000000,11
PONO,1299,9.97,9.97,9.97,9.97,1636952400000000000,14
PONOW,201,0.4899,0.4899,0.4899,0.4899,1636952400000000000,2
POOL,210718,568.68,569.88,577.66,567.51,1636952400000000000,7284
POR,318454,49.68,49.93,50.14,49.48,1636952400000000000,4097
POSH,1454018,21.13,20.77,21.25,20.28,1636952400000000000,18151
POST,222839,107.23,107.65,108.34,106.62,1636952400000000000,5201
POTX,750131,9.87,9.48,10.18,9.4,1636952400000000000,4333
POW,6540,9.75,9.7899,9.79,9.74,1636952400000000000,56
POWI,318222,105.465,105.8,105.91,103.22,1636952400000000000,5839
POWL,44878,27.77,27.56,27.77,26.74,1636952400000000000,1916
POWRU,1949,9.92,9.95,9.95,9.92,1636952400000000000,8
POWRW,9039,0.6501,0.6501,0.7001,0.6501,1636952400000000000,40
POWW,4400358,7.21,7.28,7.4,7.0401,1636952400000000000,21279
POWWP,1492,26.8336,26.61,26.8336,26.61,1636952400000000000,17
PPA,21155,74.49,74.48,74.65,74.39,1636952400000000000,242
PPBI,268539,43.97,43.6,44.64,43.125,1636952400000000000,4661
PPBT,89799,4.45,4.48,4.5,4.3732,1636952400000000000,545
PPC,196907,28.89,29.13,29.14,28.6,1636952400000000000,3823
PPD,930754,47.25,47.24,47.32,47.2,1636952400000000000,5531
PPG,1091316,161.97,162.93,162.94,160.2466,1636952400000000000,15883
PPGH,373786,9.95,9.98,9.98,9.93,1636952400000000000,1082
PPGHU,2017,10.7,10.692,10.7,10.67,1636952400000000000,12
PPGHW,484699,1.53,1.45,1.53,1.39,1636952400000000000,742
PPH,8041,76.09,75.74,76.09,75.69,1636952400000000000,142
PPHPR,2000,0.35,0.35,0.35,0.35,1636952400000000000,2
PPHPW,2990,0.5301,0.52,0.5301,0.52,1636952400000000000,12
PPIH,10737,8.57,8.53,8.57,8.47,1636952400000000000,77
PPL,3245059,28.78,28.84,28.87,28.6636,1636952400000000000,22439
PPLT,100146,101.15,101.54,102.27,101.022,1636952400000000000,1253
PPSI,2673699,8.37,7.75,8.46,7.25,1636952400000000000,12951
PPT,81155,4.44,4.44,4.46,4.4262,1636952400000000000,268
PPTA,152123,5.4,5.66,5.66,5.35,1636952400000000000,1517
PPTY,5120,38.24,38.3644,38.3644,38.14,1636952400000000000,92
PQDI,121,21.28,21.235,21.28,21.235,1636952400000000000,3
PQIN,1,61.903,61.903,61.903,61.903,1636952400000000000,1
PRA,294276,25,24.81,25.14,24.75,1636952400000000000,2307
PRAA,117887,45.03,44.51,45.795,44.37,1636952400000000000,3094
PRAX,243126,20.33,19.32,20.52,19,1636952400000000000,3112
PRBM,3628,9.91,9.82,9.91,9.82,1636952400000000000,24
PRBM.U,4161,10.2,10.2,10.2,10.1704,1636952400000000000,25
PRBM.WS,28986,0.56,0.5478,0.56,0.5,1636952400000000000,101
PRCH,1774731,23.75,23.76,24.32,23.49,1636952400000000000,19451
PRCT,65067,41.46,42.05,42.27,40.47,1636952400000000000,1928
PRDO,886467,10.435,10.49,10.645,10.2999,1636952400000000000,7467
PREpJ,2408,26.67,26.38,26.67,26.38,1636952400000000000,33
PREF,52178,20.43,20.44,20.45,20.42,1636952400000000000,224
PRF,35803,171.28,170.97,171.28,170.68,1636952400000000000,495
PRFT,270509,140.53,140.79,142.72,137.71,1636952400000000000,7231
PRFX,503296,2.4989,2.54,2.56,2.4,1636952400000000000,920
PRFZ,8563,200.84,199.38,200.84,198.85,1636952400000000000,221
PRG,641479,47.62,47.33,47.99,47.23,1636952400000000000,9752
PRGO,1034538,43.46,42.76,43.57,42.61,1636952400000000000,11433
PRGS,314803,52.49,52.34,52.6847,52.02,1636952400000000000,4018
PRI,71303,163.32,161.42,163.6,160.91,1636952400000000000,1899
PRIFpI,1657,25.471,25.25,25.471,25.25,1636952400000000000,15
PRIFpJ,7483,25.1,25.05,25.15,25.05,1636952400000000000,34
PRIFpK,14550,24.965,24.94,24.97,24.89,1636952400000000000,77
PRIM,359568,25.46,25.31,25.9899,24.79,1636952400000000000,5516
PRK,36140,138.73,139.38,139.91,137.88,1636952400000000000,781
PRLB,501451,59.8,58.3,59.8,57.03,1636952400000000000,6874
PRLD,229338,15.79,15.85,16.5,15.655,1636952400000000000,3200
PRM,201941,13,13.05,13.9571,12.9,1636952400000000000,1248
PRMW,1351004,19.56,19.54,19.67,19.3001,1636952400000000000,6975
PRN,9969,121.08,119.9,121.08,119.699,1636952400000000000,195
PRNT,100412,38.08,37.63,38.24,37.5,1636952400000000000,1773
PRO,441216,35.89,36.45,36.68,35.59,1636952400000000000,6844
PROC,997,10.08,10.01,10.08,10.01,1636952400000000000,26
PROCW,38459,1.02,0.98,1.02,0.96,1636952400000000000,70
PROF,29995,12.1,12.06,12.31,11.92,1636952400000000000,509
PROG,46924374,3.05,3.47,3.53,3.0479,1636952400000000000,97364
PROV,2456,16.83,16.86,16.99,16.83,1636952400000000000,54
PRPB,36359,9.91,9.91,9.95,9.88,1636952400000000000,295
PRPB.U,2514,10.09,10.16,10.2,10.09,1636952400000000000,28
PRPB.WS,31640,1.17,1.19,1.22,1.16,1636952400000000000,108
PRPC,157251,9.8,9.81,9.81,9.795,1636952400000000000,33
PRPC.U,173640,9.98,10.01,10.03,9.98,1636952400000000000,10
PRPC.WS,7174,1.21,1.21,1.28,1.21,1636952400000000000,25
PRPH,61482,5.68,6,6.05,5.6,1636952400000000000,289
PRPL,1734962,13.75,13.4,14.1,13.33,1636952400000000000,14146
PRPO,395573,2.45,2.27,2.45,2.24,1636952400000000000,1478
PRQR,200871,7.8,7.76,7.9546,7.73,1636952400000000000,1670
PRS,18619,27.07,26.8,27.07,26.76,1636952400000000000,193
PRSR,21239,9.75,9.77,9.78,9.75,1636952400000000000,111
PRSRU,1213,10.0332,10.01,10.0332,10.01,1636952400000000000,50
PRSRW,10593,0.78,0.8127,0.822312,0.7751,1636952400000000000,57
PRT,27706,6.99,6.96,7.09,6.921,1636952400000000000,243
PRTA,221784,57.13,57.19,57.41,55.7002,1636952400000000000,4371
PRTC,569,43.975,44,44,43.975,1636952400000000000,20
PRTG,36728,21.8,21.86,23.99,20.445,1636952400000000000,535
PRTH,51115,6.65,6.44,6.65,6.0501,1636952400000000000,835
PRTK,362041,5.24,5.12,5.32,5.05,1636952400000000000,2344
PRTS,618120,15.08,14.82,15.08,14.6483,1636952400000000000,7288
PRTY,2134651,6.56,6.66,6.67,6.42,1636952400000000000,13588
PRU,1200478,110.93,110.85,111.45,110.43,1636952400000000000,18788
PRVA,953153,32.36,29.76,32.73,28.51,1636952400000000000,12162
PRVB,427173,6.25,6.13,6.32,6.12,1636952400000000000,4878
PSA,354702,329.22,331.73,331.74,325.9,1636952400000000000,7418
PSApE,13948,25.26,25.21,25.2678,25.21,1636952400000000000,93
PSApF,24329,25.54,25.52,25.575,25.46,1636952400000000000,271
PSApG,13435,25.82,25.76,25.83,25.75,1636952400000000000,127
PSApH,12544,27.32,27.01,27.32,27.01,1636952400000000000,143
PSApI,12949,26.5,26.47,26.51,26.39,1636952400000000000,188
PSApJ,43177,26.26,26.12,26.26,26.02,1636952400000000000,234
PSApK,25086,26.395,26.35,26.45,26.25,1636952400000000000,180
PSApL,15856,26.21,26.08,26.21,25.93,1636952400000000000,177
PSApM,10250,25.6,25.401,25.6,25.23,1636952400000000000,113
PSApN,31328,24.97,24.845,24.97,24.7,1636952400000000000,204
PSApO,15989,25.29,25.22,25.315,25.12,1636952400000000000,159
PSApP,114731,24.94,24.83,24.94,24.8,1636952400000000000,513
PSApQ,37671,24.97,24.9,24.9992,24.86,1636952400000000000,137
PSAG,603,9.7303,9.7303,9.7303,9.7303,1636952400000000000,10
PSAGU,303,9.9272,9.97,9.97,9.9272,1636952400000000000,4
PSAGW,110,0.7499,0.7499,0.7499,0.7499,1636952400000000000,2
PSB,48659,178.31,178.5,178.71,176.645,1636952400000000000,1669
PSBpX,6517,25.75,25.64,25.75,25.6,1636952400000000000,151
PSBpY,6592,25.83,25.66,25.96,25.65,1636952400000000000,108
PSBpZ,33897,27.05,26.86,27.1278,26.84,1636952400000000000,245
PSC,3134,49.51,49.3557,49.51,49.3032,1636952400000000000,17
PSCC,1582,108.58,108.8316,109.2198,108.5454,1636952400000000000,40
PSCD,3393,119.6008,119.2491,119.6008,118.71,1636952400000000000,72
PSCE,262215,8.22,8.26,8.3399,8.051,1636952400000000000,711
PSCF,2342,63.53,63.3869,63.6386,63.2699,1636952400000000000,48
PSCH,6375,190.48,188.76,190.6073,188.56,1636952400000000000,200
PSCI,5585,104.14,102.93,104.14,102.8879,1636952400000000000,68
PSCJ,2559,21.085,21.03,21.09,21.03,1636952400000000000,6
PSCM,3985,69.69,69.02,69.69,68.88,1636952400000000000,55
PSCQ,34668,20.9701,20.95,20.99,20.95,1636952400000000000,14
PSCT,3509,153.35,152.46,153.55,151.88,1636952400000000000,130
PSCU,2573,68.62,68.75,68.75,68.485,1636952400000000000,51
PSCW,1333,21.89,21.79,21.89,21.79,1636952400000000000,4
PSCX,583,22.27,22.27,22.27,22.27,1636952400000000000,1
PSEC,1394748,8.9,8.86,8.91,8.83,1636952400000000000,9300
PSECpA,40359,22.36,22.34,22.49,22.28,1636952400000000000,349
PSEP,27663,30.17,30.21,30.24,30.1455,1636952400000000000,96
PSET,6440,58.26,58.12,58.38,58.1,1636952400000000000,58
PSF,15075,29.25,29.315,29.48,29.25,1636952400000000000,112
PSFD,861,23.94,23.94,23.94,23.94,1636952400000000000,2
PSFE,30602440,4.4,4.51,4.53,4.28,1636952400000000000,82384
PSFE.WS,771372,1.03,1.04,1.05,0.9999,1636952400000000000,1061
PSFF,18618,22.75,22.57,22.75,22.57,1636952400000000000,40
PSFJ,3992,21.3,21.3,21.3,21.3,1636952400000000000,1
PSFM,3348,22.84,22.84,22.84,22.84,1636952400000000000,1
PSFO,81079,21.42,21.27,21.4799,21.27,1636952400000000000,34
PSHG,20755,4.98,4.71,4.9882,4.65,1636952400000000000,115
PSI,43353,151.77,150.63,151.77,149.5,1636952400000000000,1003
PSIL,67290,9.18,8.85,9.18,8.78,1636952400000000000,604
PSJ,6012,153,151.18,153.5,151.02,1636952400000000000,171
PSK,133618,42.8,42.64,42.82,42.61,1636952400000000000,760
PSL,1328,91.74,91.89,91.89,91.74,1636952400000000000,45
PSLV,2858115,8.77,8.75,8.79,8.7014,1636952400000000000,3515
PSMB,7591,17.31,17.2373,17.31,17.2373,1636952400000000000,66
PSMC,20194,14.08,13.98,14.155,13.9501,1636952400000000000,64
PSMD,1982,22.71,22.71,22.71,22.71,1636952400000000000,1
PSMG,7994,19.46,19.22,19.46,19.2031,1636952400000000000,77
PSMJ,21999,21.19,20.97,21.23,20.97,1636952400000000000,93
PSMM,12484,15.98,15.89,15.98,15.82,1636952400000000000,47
PSMO,216581,21.14,20.89,21.14,20.89,1636952400000000000,41
PSMR,4562,22.02,22.02,22.02,22.02,1636952400000000000,1
PSMT,61010,78.1,77.31,78.1,76.9,1636952400000000000,1860
PSN,260224,36.81,36.42,36.99,36.335,1636952400000000000,3466
PSNL,525306,18.41,17.2,18.51,17.17,1636952400000000000,9088
PSO,286663,8.76,8.73,8.78,8.7,1636952400000000000,1847
PSP,57273,16.73,16.61,16.73,16.6,1636952400000000000,299
PSPC,101478,9.73,9.73,9.75,9.73,1636952400000000000,29
PSPC.U,1020,10.1,10.1072,10.1072,10.1,1636952400000000000,5
PSPC.WS,2224,1.03,1.04,1.07,1.03,1636952400000000000,12
PSQ,4974087,10.98,11.02,11.09,10.9701,1636952400000000000,2596
PSR,5691,111.86,112.57,112.57,111.6701,1636952400000000000,118
PST,35179,16.34,16.47,16.47,16.34,1636952400000000000,134
PSTG,2906171,28.47,28.07,28.62,27.66,1636952400000000000,21150
PSTH,1041570,19.8,19.81,19.84,19.8,1636952400000000000,3550
PSTH.WS,145197,1.69,1.9,1.9,1.68,1636952400000000000,874
PSTI,139146,2.81,2.93,2.944,2.8002,1636952400000000000,537
PSTL,67545,19.49,19.63,19.7928,19.35,1636952400000000000,762
PSTV,148015,1.71,1.68,1.735,1.68,1636952400000000000,614
PSTX,77116,7.3,7.29,7.3,7.14,1636952400000000000,1367
PSX,3690974,78.1,78.91,79.56,77.26,1636952400000000000,35244
PSXP,732695,38.36,38.96,39.28,38.19,1636952400000000000,4484
PSY,8408,18.06,17.55,18.06,17.55,1636952400000000000,178
PT,38245,0.86,0.8632,0.876537,0.86,1636952400000000000,149
PTA,86875,24.86,24.86,24.99,24.85,1636952400000000000,318
PTBD,164880,27.06,27,27.07,26.95,1636952400000000000,673
PTC,551784,122,120.05,122.36,119.31,1636952400000000000,13755
PTCT,359953,39.86,38.84,40.765,38.64,1636952400000000000,4570
PTE,824195,0.6,0.5739,0.61,0.57,1636952400000000000,1283
PTEN,2145372,8.59,8.48,8.6862,8.355,1636952400000000000,16980
PTEU,15278,25.79,25.59,25.79,25.59,1636952400000000000,39
PTF,11203,183.1,180.05,183.1,178.325,1636952400000000000,389
PTGX,434233,37.27,35.74,38.11,35.51,1636952400000000000,8206
PTH,19102,163.57,161.88,163.57,161.85,1636952400000000000,243
PTIC,14417,9.81,9.81,9.82,9.8,1636952400000000000,59
PTIN,9460,30.18,30,30.18,29.961,1636952400000000000,71
PTIX,149443,2.06,1.99,2.1,1.98,1636952400000000000,518
PTIXW,1621,0.4003,0.4799,0.4799,0.4003,1636952400000000000,5
PTLC,67902,41.22,41.07,41.22,41.0098,1636952400000000000,293
PTLO,1101388,47.92,48.62,50.5,47.5,1636952400000000000,14950
PTMC,47705,37.08,37.06,37.09,37,1636952400000000000,225
PTMN,54308,25.18,24.8,25.2398,24.68,1636952400000000000,645
PTN,1388055,0.406,0.3977,0.41,0.3894,1636952400000000000,2463
PTNQ,13617,58.87,58.8,58.935,58.6903,1636952400000000000,181
PTNR,495,5.18,5.14,5.18,5.14,1636952400000000000,14
PTOC,8500,9.72,9.72,9.72,9.72,1636952400000000000,7
PTON,12812449,49.69,47.49,49.7135,46.7,1636952400000000000,125182
PTPI,558291,2.18,2.18,2.25,2.11,1636952400000000000,1686
PTR,131545,45.7,45.52,45.87,45.2201,1636952400000000000,1894
PTRA,2144112,12.25,12.51,12.54,11.96,1636952400000000000,17326
PTRS,23606,9.82,9.8,9.83,9.79,1636952400000000000,282
PTSI,48190,72,74.59,76.9,72,1636952400000000000,1667
PTVE,132927,14.45,14.31,14.545,14.04,1636952400000000000,2043
PTY,1381834,18.445,18.46,18.67,18.38,1636952400000000000,5271
PUBM,3861592,40.5642,38.3,42.23,37.41,1636952400000000000,30212
PUCK,23140,9.74,9.75,9.75,9.74,1636952400000000000,55
PUCKU,270,10.44,10.44,10.44,10.44,1636952400000000000,13
PUCKW,82500,0.74,0.7,0.74,0.685001,1636952400000000000,21
PUI,1212,34.05,34.39,34.39,34.05,1636952400000000000,24
PUK,118825,40.48,40.42,40.58,40.37,1636952400000000000,1151
PUKp,13582,25.38,25.37,25.38,25.35,1636952400000000000,125
PUKpA,5678,25.38,25.37,25.42,25.37,1636952400000000000,42
PULM,201457,0.81,0.8131,0.83,0.8,1636952400000000000,375
PULS,106098,49.6,49.61,49.61,49.6,1636952400000000000,426
PUMP,604930,9.19,9.03,9.19,8.94,1636952400000000000,4931
PUTW,5622,33.97,34.015,34.115,33.95,1636952400000000000,72
PUYI,45750,6.25,6.15,6.48,6.14,1636952400000000000,203
PV,1957,9.7761,9.77,9.7761,9.77,1636952400000000000,16
PV.U,1164,10.14,10.14,10.14,10.14,1636952400000000000,18
PV.WS,10052,0.78,0.77,0.8279,0.77,1636952400000000000,31
PVAL,4628,27.84,27.8037,27.9,27.8037,1636952400000000000,36
PVBC,33323,19.99,19.89,20.1,19.6113,1636952400000000000,529
PVG,2424885,14.33,14.6,14.7,14.3,1636952400000000000,13108
PVH,668568,121.5,120.62,121.96,119.705,1636952400000000000,10446
PVI,238,24.8304,24.86,24.86,24.8304,1636952400000000000,8
PVL,64007,2.3,2.29,2.3,2.24,1636952400000000000,378
PW,64129,64.96,67.42,68.8299,64.96,1636952400000000000,1848
PWpA,1044,27.3999,27.3999,27.3999,27.3999,1636952400000000000,9
PWB,5648,80.99,80.5057,80.99,80.3903,1636952400000000000,169
PWC,1140,127.4451,126.4897,127.4451,126.44,1636952400000000000,28
PWFL,88900,6.62,6.6,6.6494,6.495,1636952400000000000,988
PWOD,13318,24.98,24.51,24.98,24.47,1636952400000000000,405
PWP,209953,14.03,13.46,14.07,13.38,1636952400000000000,4569
PWPPW,8016,3.67,3.64,3.67,3.6399,1636952400000000000,66
PWR,1179106,118.57,118.68,119.28,117.71,1636952400000000000,17662
PWS,5441,34.785,34.75,34.7861,34.67,1636952400000000000,49
PWSC,432758,22.17,22.07,22.33,21.4059,1636952400000000000,6788
PWV,20439,48.1,47.8306,48.1,47.8062,1636952400000000000,167
PWZ,137523,27.95,27.83,27.95,27.79,1636952400000000000,313
PX,389757,13.85,13.99,14.67,13.69,1636952400000000000,2843
PXD,1808378,182.09,182.66,184.27,179.5,1636952400000000000,27963
PXE,130204,20.86,21.11,21.29,20.5735,1636952400000000000,501
PXF,16919,48.73,48.49,48.73,48.48,1636952400000000000,114
PXH,127558,22.76,22.75,22.7966,22.71,1636952400000000000,603
PXI,58225,33.6,33.87,34.17,33.02,1636952400000000000,509
PXJ,139599,3.53,3.48,3.53,3.46,1636952400000000000,372
PXLW,1170467,5.6,5.37,5.85,5.19,1636952400000000000,6945
PXQ,814,105.49,104.0495,105.49,103.9646,1636952400000000000,21
PXS,468442,0.76,0.744,0.76,0.727,1636952400000000000,876
PXSAP,2973,16.29,16.5,16.5,16.29,1636952400000000000,46
PXSAW,958,0.274,0.274,0.274,0.274,1636952400000000000,34
PXUS,2,25.6015,25.6015,25.6015,25.6015,1636952400000000000,2
PY,3262,44.55,44.37,44.55,44.37,1636952400000000000,57
PYCR,287007,31.79,30.98,31.79,30.62,1636952400000000000,4139
PYN,18225,9.86,9.78,9.86,9.66,1636952400000000000,91
PYPD,12012,7.65,7.65,7.69,7.51,1636952400000000000,148
PYPE,1,19.2299,19.2299,19.2299,19.2299,1636952400000000000,1
PYPL,17407684,212.22,212.54,214.2091,210.71,1636952400000000000,301808
PYR,161690,4.4,4.32,4.42,4.2,1636952400000000000,1076
PYS,600,23.9,24.03,24.03,23.9,1636952400000000000,6
PYT,1394,26.88,24.65,26.88,24.65,1636952400000000000,12
PYXS,107859,11.7,12.06,12.48,11.6,1636952400000000000,1656
PYZ,5168,96.92,95.67,96.92,95.249,1636952400000000000,117
PZA,282663,27.01,27,27.02,26.98,1636952400000000000,637
PZC,21634,11.16,11.15,11.17,11.12,1636952400000000000,71
PZG,62375,0.8419,0.85,0.87,0.82,1636952400000000000,171
PZN,43822,11.38,11.41,11.5,11.2524,1636952400000000000,478
PZT,23825,26.08,26.095,26.15,26.07,1636952400000000000,33
PZZA,423225,131.2,130.8,131.5899,129.5,1636952400000000000,8305
QABA,9744,61.39,61.483,61.61,61.3444,1636952400000000000,62
QAI,69384,32.34,32.3,32.34,32.2443,1636952400000000000,344
QARP,3982,43.0971,42.9268,43.0971,42.9,1636952400000000000,53
QAT,30602,21.2,21.31,21.31,21.18,1636952400000000000,169
QCLN,290400,81.85,80.17,81.8902,79.315,1636952400000000000,7255
QCLR,826,26.16,26.1927,26.1927,26.16,1636952400000000000,11
QCOM,12302452,166.5,168.51,169.94,165.81,1636952400000000000,152168
QCON,1723,49.96,49.8966,49.96,49.82,1636952400000000000,20
QCRH,85696,57.36,57.03,58.665,56.84,1636952400000000000,1282
QD,1055812,1.72,1.71,1.77,1.66,1636952400000000000,3641
QDEC,8215,22.89,22.935,22.99,22.89,1636952400000000000,16
QDEF,26076,57.23,57.1,57.25,57.01,1636952400000000000,138
QDEL,571520,143.89,146.33,146.66,142.3051,1636952400000000000,13107
QDF,27580,59.78,59.6,59.78,59.53,1636952400000000000,176
QDIV,225,32.7508,32.7508,32.7508,32.7508,1636952400000000000,21
QDPL,5448,36.58,36.5226,36.6286,36.52,1636952400000000000,27
QDYN,17,64.3533,64.3533,64.3533,64.3533,1636952400000000000,8
QED,2339,24.2,24.0807,24.2,24.076,1636952400000000000,24
QEFA,19557,78.39,78.1,78.4,78.0773,1636952400000000000,212
QEMM,1109,69.51,69.225,69.59,69.225,1636952400000000000,23
QFIN,2002886,26.52,26.29,26.5862,25.6,1636952400000000000,17726
QFTA,13433,9.905,9.9,9.913,9.89,1636952400000000000,88
QFTA.WS,207519,0.6901,0.6825,0.7,0.67,1636952400000000000,235
QGEN,416790,53.9,53.4,54.04,53.17,1636952400000000000,5199
QGRO,3638,78.89,77.9607,78.89,77.79,1636952400000000000,51
QH,15328,1.85,1.88,1.9,1.77,1636952400000000000,123
QID,4604217,16.14,16.24,16.45,16.115,1636952400000000000,5790
QINT,3705,52.56,52.32,52.5693,52.32,1636952400000000000,44
QIPT,89536,6.1,5.97,6.1,5.93,1636952400000000000,567
QIWI,128067,8.855,8.92,8.93,8.81,1636952400000000000,1572
QJUN,1696,21.3,21.18,21.3,21.18,1636952400000000000,7
QK,105852,0.75,0.739516,0.75,0.7113,1636952400000000000,249
QLC,1187,51.33,51.09,51.34,51.09,1636952400000000000,43
QLD,2496843,88.77,88.21,88.91,87.06,1636952400000000000,22463
QLGN,138670,1.08,1.07,1.08,1.05,1636952400000000000,508
QLI,33882,3.5,3.46,3.5,3.44,1636952400000000000,147
QLS,2416,28.11,28.0171,28.11,28.0171,1636952400000000000,24
QLTA,85526,56.24,55.951,56.253,55.95,1636952400000000000,368
QLV,6584,55.4,55.281,55.45,55.26,1636952400000000000,93
QLVD,1665,28.629,28.52,28.6399,28.52,1636952400000000000,10
QLVE,77,27.0112,27.0112,27.0112,27.0112,1636952400000000000,5
QLYS,221474,139.66,136.49,139.66,135.28,1636952400000000000,7020
QMAR,460,22.495,22.46,22.495,22.46,1636952400000000000,2
QMCO,242594,6.64,6.37,6.64,6.31,1636952400000000000,2612
QMN,46,27.075,27.075,27.075,27.075,1636952400000000000,7
QMOM,2568,55.7193,55.5566,55.85,55.5566,1636952400000000000,42
QNRX,110907,5.89,5.73,5.89,5.26,1636952400000000000,881
QNST,412689,17.04,17.19,17.31,16.83,1636952400000000000,6262
QPFF,390,40.82,41.1266,41.2,40.82,1636952400000000000,8
QPT,201,27.22,27.1664,27.22,27.1664,1636952400000000000,3
QPX,9415,30.65,30.55,30.72,30.475,1636952400000000000,65
QQC,30043,33.67,33.36,33.67,33.03,1636952400000000000,251
QQD,1684,32.12,31.9125,32.12,31.9,1636952400000000000,39
QQEW,34941,120.61,120.06,120.61,119.64,1636952400000000000,351
QQH,46738,56,55.83,56.11,55.41,1636952400000000000,202
QQJG,1053,26,25.8462,26,25.8337,1636952400000000000,32
QQMG,10871,26.45,26.32,26.45,26.2,1636952400000000000,153
QQQ,33625799,395.91,394.61,396.24,392.095,1636952400000000000,306552
QQQA,10777,46.87,46.5138,46.87,46.3201,1636952400000000000,100
QQQE,15019,89.71,89.41,89.71,89.2146,1636952400000000000,344
QQQJ,206801,36.08,35.9,36.118,35.77,1636952400000000000,2214
QQQM,333071,162.74,162.2,162.86,161.17,1636952400000000000,5625
QQQN,8488,36.43,36.51,36.53,36.3513,1636952400000000000,111
QQQX,81131,30.51,30.47,30.59,30.355,1636952400000000000,718
QQXT,921,89.49,89.5195,89.6,89.49,1636952400000000000,38
QRFT,3172,46.64,46.59,46.72,46.56,1636952400000000000,99
QRHC,163667,6.1,6,6.15,5.86,1636952400000000000,1258
QRMI,11531,24.24,24.235,24.25,24.215,1636952400000000000,123
QRTEA,8077142,8.87,8.87,9.03,8.7,1636952400000000000,36064
QRTEB,2015,9.22,9.0901,9.68,8.9983,1636952400000000000,47
QRTEP,31288,106.51,106.33,106.6899,106.311,1636952400000000000,346
QRVO,1251760,160.85,158.91,161.16,158.24,1636952400000000000,22096
QS,23849409,38.79,40.58,43.08,38.75,1636952400000000000,167690
QSI,910433,8.23,7.89,8.23,7.75,1636952400000000000,7056
QSIAW,11100,2.05,2,2.05,1.9,1636952400000000000,57
QSPT,12703,20.819,20.8,20.82,20.7384,1636952400000000000,51
QSR,1229367,58.39,58.4,58.57,57.78,1636952400000000000,15340
QSY,2199,63.62,63.4125,63.64,63.4125,1636952400000000000,20
QTAP,5211,29.78,29.69,29.81,29.6601,1636952400000000000,32
QTEC,44837,179.45,177.88,179.45,176.64,1636952400000000000,1176
QTJL,245,27.87,27.8254,27.87,27.8254,1636952400000000000,6
QTNT,434427,2.09,2.07,2.12,2.03,1636952400000000000,3549
QTOC,496,25.96,26.0059,26.0184,25.96,1636952400000000000,5
QTRX,111457,57.1,55.05,57.55,54.74,1636952400000000000,2969
QTT,775989,0.95,0.92,0.95,0.91,1636952400000000000,2555
QTUM,54865,56.81,56.37,56.85,56.105,1636952400000000000,823
QTWO,361266,85.26,87.03,87.32,84.34,1636952400000000000,6113
QUAD,48987,4.3,4.3,4.42,4.27,1636952400000000000,659
QUAL,1230490,145.71,145.5,146.07,145.21,1636952400000000000,7069
QUBT,453784,6.62,6.37,6.75,6.34,1636952400000000000,2306
QUIK,128959,6.66,6.83,6.98,6.5,1636952400000000000,943
QULL,1294,38.4,38.0704,38.4,38.0704,1636952400000000000,2
QUMU,78890,2.54,2.54,2.55,2.41,1636952400000000000,431
QUOT,1350102,7.26,7.53,7.54,7.21,1636952400000000000,10303
QURE,338829,31.81,31.08,32.05,30.81,1636952400000000000,4537
QUS,8095,128.97,128.73,129.0374,128.53,1636952400000000000,184
QVAL,7386,39.01,38.7738,39.01,38.7005,1636952400000000000,91
QVCC,21502,25.99,25.89,25.99,25.85,1636952400000000000,226
QVCD,21667,26.02,25.8522,26.09,25.81,1636952400000000000,135
QVML,6,27.4141,27.4141,27.4141,27.4141,1636952400000000000,3
QVMM,14,26.9202,26.9202,26.9202,26.9202,1636952400000000000,3
QVMS,3,26.7688,26.7688,26.7688,26.7688,1636952400000000000,3
QWLD,1152,110.3899,110.0506,110.3899,110.0506,1636952400000000000,20
QYLD,3184668,22.925,22.92,22.93,22.9,1636952400000000000,15412
QYLG,33626,33.64,33.57,33.64,33.45,1636952400000000000,485
R,339818,88,87.33,88.45,86.78,1636952400000000000,6505
RA,230951,21.64,21.58,21.7,21.54,1636952400000000000,1882
RAAS,1146175,4.5,4.43,4.63,4.32,1636952400000000000,5103
RAAX,10000,27.82,27.77,27.82,27.6,1636952400000000000,76
RACE,139336,260.19,258.85,260.29,258.28,1636952400000000000,4057
RAD,1473750,13.8,13.64,13.85,13.56,1636952400000000000,12407
RADA,215245,10.61,10.87,10.94,10.595,1636952400000000000,2036
RADI,1163384,18.65,18.33,18.65,17.9,1636952400000000000,11822
RAFE,2077,32.66,32.6736,32.77,32.66,1636952400000000000,23
RAIL,926589,5,4.68,5,4.3338,1636952400000000000,4620
RAIN,31731,16.2,15.75,16.5163,15.61,1636952400000000000,859
RALS,140,31.0589,31.0589,31.0589,31.0589,1636952400000000000,4
RAM,7497,9.9601,9.96,9.97,9.96,1636952400000000000,163
RAMMU,6343,10.2994,10.32,10.32,10.2994,1636952400000000000,64
RAMMW,6207,0.74,0.750576,0.7562,0.7312,1636952400000000000,56
RAMP,420033,55.78,55.23,56.32,54.9,1636952400000000000,5797
RANI,230889,33,30.1,36.27,30.1,1636952400000000000,3045
RAPT,147333,37.83,37.86,38.12,36.43,1636952400000000000,2671
RARE,256273,80.85,80.54,81.925,78.89,1636952400000000000,5353
RAVE,967355,1.25,1.27,1.28,1.24,1636952400000000000,1240
RAVI,24757,75.91,75.95,75.97,75.91,1636952400000000000,71
RAVN,124072,57.92,57.86,57.92,57.78,1636952400000000000,1894
RAYC,8856,25.25,25.1669,25.25,25.16,1636952400000000000,54
RAYS,6531,27.4,27.0731,27.4,27.01,1636952400000000000,92
RBA,242624,71.16,71.55,71.93,70.88,1636952400000000000,4571
RBAC,2186902,10.14,10.19,10.33,10.08,1636952400000000000,7481
RBAC.U,2638,10.75,10.88,10.93,10.75,1636952400000000000,21
RBAC.WS,489683,1.8,1.91,1.92,1.8,1636952400000000000,363
RBB,17356,26.76,26.96,26.98,26.42,1636952400000000000,335
RBBN,163655,6.23,6.11,6.23,6.1,1636952400000000000,1598
RBCAA,11472,55.95,55.54,55.95,55.29,1636952400000000000,396
RBCN,1118,9.8,9.76,9.8,9.76,1636952400000000000,22
RBIN,7,28.5793,28.5793,28.5793,28.5793,1636952400000000000,6
RBKB,491,10.9,10.9,10.9,10.9,1636952400000000000,6
RBLX,24749547,108.44,108.06,110.35,103.82,1636952400000000000,235691
RBNC,63173,35.39,34.99,35.78,34.94,1636952400000000000,1712
RBND,4,24.6,24.6,24.6,24.6,1636952400000000000,2
RBOT,155302,13.2,13,13.21,12.89,1636952400000000000,2493
RBOT.WS,46865,2.3921,2.37,2.48,2.22,1636952400000000000,124
RBUS,89,40.7306,40.7306,40.7306,40.7306,1636952400000000000,5
RC,335823,16,15.86,16,15.76,1636952400000000000,3073
RCpC,1575,25.11,25.101,25.16,25.1,1636952400000000000,11
RCpE,8838,24.85,24.8,24.91,24.78,1636952400000000000,103
RCA,3251,26.73,26.8486,26.85,26.52,1636952400000000000,52
RCAT,409351,2.68,2.57,2.7,2.54,1636952400000000000,2102
RCB,12085,25.59,25.55,25.655,25.55,1636952400000000000,131
RCC,3528,25.45,25.6384,25.6384,25.45,1636952400000000000,28
RCD,358859,159.5,159.52,160.35,159.39,1636952400000000000,3216
RCEL,76405,16.63,16.23,16.645,16.15,1636952400000000000,1193
RCFA.U,17302,10.05,10.08,10.1,10.05,1636952400000000000,27
RCG,7874,2.97,3,3.01,2.95,1636952400000000000,38
RCHGW,300,0.6905,0.6905,0.6905,0.6905,1636952400000000000,1
RCI,321765,48.54,48.41,48.65,48.19,1636952400000000000,3861
RCII,637109,46.73,46.49,47.1104,46.14,1636952400000000000,10051
RCKT,1232153,34.05,25.9,34.05,25.77,1636952400000000000,18071
RCKY,36451,42.34,42.1,42.34,41.22,1636952400000000000,1474
RCL,3020950,85.2,85.26,86.93,85.01,1636952400000000000,37811
RCLF,304846,9.89,9.85,9.89,9.84,1636952400000000000,523
RCLFU,36993,10.17,10.175,10.175,10.15,1636952400000000000,153
RCLFW,234273,1.09,1.01,1.09,0.9501,1636952400000000000,242
RCM,946799,25.23,25.8,26.17,24.99,1636952400000000000,10592
RCMT,326691,6.28,6.89,7.25,6.19,1636952400000000000,2775
RCON,1083123,2.2,2.09,2.2,2.09,1636952400000000000,3997
RCOR,9929,9.7,9.02,9.7,8.78,1636952400000000000,161
RCOR.WS,27900,0.69,0.695,0.7,0.68,1636952400000000000,70
RCRT,243279,2.72,2.81,2.93,2.53,1636952400000000000,662
RCRTW,16852,0.82001,0.845001,0.845001,0.82,1636952400000000000,32
RCS,80640,7.45,7.46,7.5,7.4328,1636952400000000000,234
RCUS,392814,38.21,38.07,38.47,37.11,1636952400000000000,5543
RDBX,779431,13.14,13.9,14.3699,13,1636952400000000000,4502
RDBXW,258256,2.11,2.3001,2.49,2.11,1636952400000000000,701
RDCM,34652,11.2,11.38,11.4,10.965,1636952400000000000,146
RDFI,1259,29.63,29.6425,29.7131,29.63,1636952400000000000,7
RDFN,1311112,48.5,45.89,48.6,45.82,1636952400000000000,19099
RDHL,850402,4.91,4.54,4.92,4.32,1636952400000000000,4387
RDI,28350,5,5.025,5.04,4.922,1636952400000000000,140
RDIB,16998,33,34.23,36.5,32.01,1636952400000000000,369
RDIV,29604,41.11,41.07,41.169,40.9857,1636952400000000000,318
RDN,1100437,22.28,22.31,22.475,22.185,1636952400000000000,9059
RDNT,320442,31.74,31.22,31.94,31.07,1636952400000000000,3229
RDOG,430,52.51,52.476,52.52,52.45,1636952400000000000,31
RDS.A,5870440,44.885,45.28,45.545,44.56,1636952400000000000,47773
RDS.B,1941921,45.02,45.27,45.55,44.7,1636952400000000000,18866
RDUS,391540,18.72,18.64,19.11,18.48,1636952400000000000,4879
RDVT,32786,34.59,34.9,35,34.29,1636952400000000000,630
RDVY,634663,52.0384,51.8,52.04,51.71,1636952400000000000,2797
RDW,837590,11.08,10.5,11.11,10.357,1636952400000000000,5362
RDW.WS,67045,3.45,3.4,3.4592,3.07,1636952400000000000,342
RDWR,579306,31.47,31.84,31.91,30.53,1636952400000000000,7799
RDY,36305,65.33,65.38,65.5,65.1332,1636952400000000000,829
RE,99208,274.79,275.5,276.29,273.62,1636952400000000000,3892
REAL,3371652,16.68,16.64,16.96,16.54,1636952400000000000,23779
REAX,810757,2.93,3.24,3.25,2.76,1636952400000000000,3212
REC,100,24.65,24.605,24.65,24.605,1636952400000000000,1
RECS,6466,31.84,31.8247,31.84,31.8247,1636952400000000000,6
REDU,640292,0.701,0.6831,0.701,0.6612,1636952400000000000,1555
REE,5918187,3.8935,4.19,4.43,3.83,1636952400000000000,18017
REEAW,223787,0.81,0.808399,0.9399,0.7301,1636952400000000000,490
REED,539478,0.58,0.55,0.58,0.5413,1636952400000000000,1425
REET,580719,29.57,29.74,29.74,29.54,1636952400000000000,2987
REFR,47235,2.36,2.36,2.43,2.31,1636952400000000000,210
REG,936957,74.76,75.03,75.06,74.22,1636952400000000000,12697
REGI,632173,52.88,51.97,53.35,51.25,1636952400000000000,12510
REGL,25014,73.39,73.65,73.84,73.3781,1636952400000000000,293
REGN,777592,635.01,647.73,649.715,633.2803,1636952400000000000,23629
REI,1776900,3.14,3.15,3.23,2.99,1636952400000000000,7067
REIT,5414,30.5,30.71,30.72,30.5,1636952400000000000,112
REK,2229,8.56,8.4997,8.56,8.4908,1636952400000000000,13
REKR,1053144,10.73,10.49,10.89,9.9,1636952400000000000,9165
RELI,28939,2.34,2.28,2.37,2.2,1636952400000000000,197
RELL,66103,12.21,12.35,12.456,12.1,1636952400000000000,630
RELX,684422,31.5,31.48,31.6205,31.43,1636952400000000000,5429
RELY,447305,30.66,30.67,31.5,30.2,1636952400000000000,5747
REM,431223,37.85,37.66,38,37.62,1636952400000000000,1937
REML,292424,7.27,7.18,7.28,7.16,1636952400000000000,1016
REMX,111931,119.34,117.87,119.34,117.11,1636952400000000000,2186
RENN,39533,27.72,27.78,27.99,27.2502,1636952400000000000,585
RENT,771604,17.06,16.04,17.61,16,1636952400000000000,7615
REPH,503857,1.67,1.7,1.72,1.65,1636952400000000000,1771
REPL,192830,33.67,33.04,33.67,32.67,1636952400000000000,3456
REPX,23130,24.92,24.46,24.92,23.205,1636952400000000000,381
RERE,250478,9.18,9.07,9.5,8.9,1636952400000000000,1433
RES,729697,5.03,4.98,5.1,4.9116,1636952400000000000,5593
RESD,307,31.6299,31.5502,31.6299,31.5502,1636952400000000000,11
RESE,532,36.19,36.1633,36.19,36.1633,1636952400000000000,10
RESN,444528,2.49,2.43,2.515,2.38,1636952400000000000,2289
RESP,2267,50.3301,50.3226,50.43,50.3226,1636952400000000000,17
RETA,576572,102.4,95.69,102.4,94.55,1636952400000000000,9282
RETL,290580,54.96,54.32,55.44,53.5,1636952400000000000,3318
RETO,3300059,1.8,1.84,2.2,1.57,1636952400000000000,6518
REV,251541,15.65,14.26,15.66,14.07,1636952400000000000,2884
REVE,501,10.07,10.07,10.07,10.07,1636952400000000000,2
REVEU,100,10.25,10.25,10.25,10.25,1636952400000000000,1
REVEW,2100,0.5379,0.5379,0.5379,0.5378,1636952400000000000,3
REVG,152140,17.95,17.59,18.05,17.37,1636952400000000000,2157
REVH,4880,9.73,9.74,9.75,9.73,1636952400000000000,22
REVHU,1726,9.9877,9.95,9.9877,9.95,1636952400000000000,8
REVS,2600,21.41,21.34,21.422,21.34,1636952400000000000,60
REW,3871,6.91,6.97,7.009,6.9,1636952400000000000,36
REX,20612,86.3,86.35,86.36,84.64,1636952400000000000,605
REXR,1189477,69.38,70.17,70.32,69.08,1636952400000000000,11307
REXRpB,815,25.7861,26.07,26.07,25.7861,1636952400000000000,3
REXRpC,6928,26.42,26.5,26.5,26.42,1636952400000000000,3
REYN,301619,29.68,29.97,30.01,29.4201,1636952400000000000,3979
REZ,35858,92.49,93.02,93.07,91.83,1636952400000000000,636
REZI,562462,28,27.25,28.155,27.06,1636952400000000000,6897
RF,5174765,24.07,24.24,24.37,23.9,1636952400000000000,31641
RFpB,37426,29,28.85,29,28.73,1636952400000000000,398
RFpC,27488,28.53,28.27,28.53,28.18,1636952400000000000,266
RFpE,46396,25.225,25.1232,25.44,25.02,1636952400000000000,362
RFCI,3652,25.229,25.1949,25.23,25.19,1636952400000000000,27
RFDA,722,46.43,46.4636,46.5345,46.43,1636952400000000000,12
RFDI,2728,74.3,74.05,74.3,74.05,1636952400000000000,35
RFEM,580,68.7914,68.72,68.7914,68.72,1636952400000000000,9
RFEU,777,78.24,78.1192,78.24,78.02,1636952400000000000,29
RFFC,77,47.8039,47.8039,47.8039,47.8039,1636952400000000000,6
RFG,1011,245.14,243.3719,245.14,243.3719,1636952400000000000,29
RFI,65605,17.16,17.37,17.5,17.1567,1636952400000000000,265
RFIL,21553,8,7.96,8.04,7.8496,1636952400000000000,141
RFL,286245,6.87,6.64,7,6.62,1636952400000000000,2665
RFM,11655,23.25,23.22,23.28,23.19,1636952400000000000,49
RFMZ,58607,20.41,20.26,20.43,20.12,1636952400000000000,145
RFP,236005,10.99,10.8,11.04,10.65,1636952400000000000,2436
RFV,2322,99.45,98.9713,99.45,98.91,1636952400000000000,54
RGA,445885,112.04,112.22,113.13,110.12,1636952400000000000,8440
RGC,58566,25.14,25.63,26.2467,24.9201,1636952400000000000,789
RGCO,7269,22.14,22.6,22.6,22.0011,1636952400000000000,197
RGEN,218249,259.95,261.45,264.7699,258.01,1636952400000000000,6768
RGF,277926,9.99,11.5,11.71,9.7668,1636952400000000000,1526
RGI,56066,200.69,199.89,200.69,199.5307,1636952400000000000,265
RGLD,519277,106.6,107.34,108.18,106.041,1636952400000000000,9450
RGLS,1281452,0.4193,0.4168,0.43,0.4103,1636952400000000000,1854
RGNX,603926,37.9,31.72,38.235,31.53,1636952400000000000,9880
RGP,171373,18.77,18.64,18.95,18.5368,1636952400000000000,2859
RGR,107869,73.54,74.19,74.24,73.1489,1636952400000000000,3340
RGS,4213791,3.5,3.56,3.75,3.4119,1636952400000000000,16991
RGT,1613,16.48,16.39,16.48,16.2807,1636952400000000000,32
RH,316232,639.14,649.29,653.25,637.88,1636952400000000000,11195
RHE,62052,7.39,7.3,7.4,6.9272,1636952400000000000,613
RHEpA,705,4.83,4.6,4.83,4.6,1636952400000000000,8
RHI,368022,117.25,116.54,117.25,115.79,1636952400000000000,7912
RHP,304660,92.05,93.28,93.4,90.7,1636952400000000000,6004
RHRX,371,14.39,14.3979,14.3979,14.39,1636952400000000000,7
RHS,8960,160.56,161.8,161.98,160.56,1636952400000000000,132
RHTX,2,15.908,15.908,15.908,15.908,1636952400000000000,2
RIBT,397271,0.53,0.5267,0.54,0.5153,1636952400000000000,572
RICK,31070,74.42,74.06,74.7237,72.783,1636952400000000000,1194
RICO,447,10.04,10.03,10.04,10.03,1636952400000000000,12
RICOU,200,10.37,10.37,10.37,10.37,1636952400000000000,2
RICOW,300,0.47,0.5399,0.5399,0.47,1636952400000000000,4
RIDE,14245152,5.6638,5.85,5.92,5.5,1636952400000000000,53685
RIET,36594,15.9,15.82,15.9,15.71,1636952400000000000,191
RIG,18737950,3.41,3.31,3.42,3.26,1636952400000000000,35684
RIGL,1336313,3.195,3.05,3.21,3.03,1636952400000000000,8026
RIGS,13397,24.64,24.57,24.64,24.55,1636952400000000000,53
RIGZ,25155,54.03,50.1277,54.03,50.11,1636952400000000000,545
RILY,98289,78.82,78.26,78.91,77.525,1636952400000000000,2590
RILYK,5886,26.385,26.08,26.385,26.04,1636952400000000000,47
RILYL,1352,27.8,27.93,27.93,27.8,1636952400000000000,8
RILYM,8926,25.99,26,26.12,25.9,1636952400000000000,119
RILYN,6922,26.36,26.63,26.65,26.35,1636952400000000000,118
RILYO,4450,25.72,25.74,25.85,25.71,1636952400000000000,58
RILYP,1879,27.0383,27.0579,27.0994,27,1636952400000000000,12
RILYT,5081,25.86,25.86,25.87,25.8,1636952400000000000,62
RILYZ,29640,24.99,24.99,25,24.99,1636952400000000000,317
RINF,17789,31.52,31.65,31.7524,31.4948,1636952400000000000,116
RING,99745,28.96,29.1,29.16,28.73,1636952400000000000,662
RIO,2961364,61.63,61.62,61.74,61.26,1636952400000000000,24750
RIOT,28505969,45.94,42.09,46.28,41.08,1636952400000000000,228312
RISN,13790,31.41,30.9267,31.41,30.9,1636952400000000000,114
RISR,307,25.375,25.41,25.41,25.375,1636952400000000000,5
RIV,277894,17.36,17.32,17.5,17.32,1636952400000000000,969
RIVE,16937,14.41,14.5,14.5,14.4,1636952400000000000,260
RIVN,64981902,130.8,149.36,152.53,127.51,1636952400000000000,849106
RJA,71884,8.46,8.49,8.49,8.43,1636952400000000000,235
RJF,929480,100.1,99.34,100.3,98.66,1636952400000000000,15048
RJI,33939,7,7.04,7.06,6.991,1636952400000000000,74
RJN,42381,2.79,2.83,2.83,2.75,1636952400000000000,66
RJZ,11,11.53,11.53,11.53,11.53,1636952400000000000,5
RKDA,728722,1.97,2.06,2.0893,1.95,1636952400000000000,1817
RKLB,2520073,14.48,14.29,14.7,14.06,1636952400000000000,20722
RKLBW,150641,5.1,5.17,5.3315,5.02,1636952400000000000,995
RKLY,593139,6.78,6.79,6.8,6.46,1636952400000000000,3562
RKLY.WS,37736,2,1.98,2,1.95,1636952400000000000,151
RKT,3017355,16.78,16.48,17.08,16.48,1636952400000000000,19847
RKTA,11255,9.78,9.78,9.8,9.78,1636952400000000000,44
RKTA.U,200,9.97,9.97,9.97,9.97,1636952400000000000,1
RL,593456,125.55,125.03,126.11,124.27,1636952400000000000,9235
RLAY,263055,35.03,35.32,35.9,34.05,1636952400000000000,5725
RLGT,266249,8.59,8.42,8.6764,8.27,1636952400000000000,2472
RLGY,726577,17.46,17.1,17.6,17.08,1636952400000000000,7296
RLI,102838,112.23,110.51,112.23,109.86,1636952400000000000,2244
RLJ,895429,14.35,14.31,14.44,14.22,1636952400000000000,8674
RLJpA,20353,28.43,28.34,28.4395,28.2,1636952400000000000,197
RLMD,45873,23.03,22.69,23.1383,22.5,1636952400000000000,1291
RLX,10590382,5.15,5,5.18,4.79,1636952400000000000,29479
RLY,49437,30.21,30.2,30.23,30.0434,1636952400000000000,129
RLYB,22063,15.21,13.92,16.194,13.55,1636952400000000000,1003
RM,83136,60.24,60.54,62.245,59.84,1636952400000000000,1878
RMAX,91834,31.54,31.07,31.54,30.8,1636952400000000000,1175
RMBI,9626,16.09,16.07,16.49,15.75,1636952400000000000,156
RMBL,423476,44.3176,45.54,46.9,39,1636952400000000000,5502
RMBS,437072,24.17,24.15,24.17,23.81,1636952400000000000,6018
RMCF,44952,9.41,9.88,9.9499,9.37,1636952400000000000,330
RMD,1246354,271.75,262.37,275.6,261.11,1636952400000000000,21426
RMED,247460,2.9,2.78,2.9,2.77,1636952400000000000,1402
RMGC,740,9.78,9.78,9.78,9.78,1636952400000000000,13
RMGCU,2574,9.945,9.99,9.99,9.945,1636952400000000000,21
RMGCW,3964,0.949899,0.979653,0.9799,0.949528,1636952400000000000,10
RMI,13817,22.71,22.72,22.84,22.695,1636952400000000000,84
RMM,45521,19.74,19.67,19.74,19.67,1636952400000000000,221
RMNI,698806,7.35,7.1,7.35,6.89,1636952400000000000,4667
RMO,6618063,4.6,4.43,4.6,4.34,1636952400000000000,26458
RMPLp,724,25.4,25.41,25.41,25.38,1636952400000000000,11
RMR,53954,37.11,37.55,37.72,36.89,1636952400000000000,1046
RMT,127384,12.41,12.28,12.41,12.24,1636952400000000000,734
RMTI,652069,0.5379,0.5085,0.5379,0.495,1636952400000000000,1259
RNA,121695,24.91,24.69,25.32,24.2401,1636952400000000000,2266
RNAZ,46433,2.95,2.98,3,2.9237,1636952400000000000,282
RNDB,10576,23.75,24.72,25.12,23.65,1636952400000000000,126
RNDM,1010,56.61,56.28,56.61,56.28,1636952400000000000,9
RNDV,918,30.4381,30.3075,30.4381,30.28,1636952400000000000,16
RNERU,226,10.14,10.14,10.14,10.14,1636952400000000000,2
RNG,932930,271.79,265.12,275,263.93,1636952400000000000,18909
RNGR,22892,10.88,10.89,10.97,10.74,1636952400000000000,412
RNLC,2551,34.66,34.5907,34.6801,34.5179,1636952400000000000,25
RNLX,26428,21.94,21.94,21.99,21.4356,1636952400000000000,432
RNMC,2974,30.69,30.8319,30.966,30.69,1636952400000000000,27
RNP,67950,27.69,27.95,27.98,27.68,1636952400000000000,450
RNR,460612,156.62,155.67,156.9873,154.37,1636952400000000000,8654
RNRpF,9828,26.66,26.69,26.69,26.61,1636952400000000000,144
RNRpG,42517,25.02,24.93,25.02,24.859,1636952400000000000,242
RNRG,23623,16.59,16.4548,16.59,16.3914,1636952400000000000,264
RNSC,1107,30.64,30.7499,30.94,30.64,1636952400000000000,15
RNST,226397,39.73,39.73,39.89,39.4,1636952400000000000,2865
RNW,574937,9.54,9.65,9.77,9.48,1636952400000000000,4772
RNWK,103077,1.36,1.37,1.38,1.35,1636952400000000000,350
RNWWW,15509,2,2.04,2.08,2,1636952400000000000,108
RNXT,612983,8.04,8.06,8.39,7.52,1636952400000000000,5327
ROAD,123110,40.83,40.47,40.9,39.79,1636952400000000000,2512
ROAM,15083,24.99,24.995,24.995,24.99,1636952400000000000,13
ROBO,90569,71.19,70.84,71.3497,70.795,1636952400000000000,925
ROBT,46558,57.21,57,57.399,56.78,1636952400000000000,340
ROCC,374583,29.57,28.78,29.57,27.87,1636952400000000000,4663
ROCG,125102,9.85,9.89,9.89,9.85,1636952400000000000,20
ROCGW,6000,0.8411,0.8312,0.8411,0.831,1636952400000000000,9
ROCK,99605,76.29,73.82,76.29,73.21,1636952400000000000,2479
ROCRW,25800,1.32,1.38,1.46,1.32,1636952400000000000,50
RODE,0,29.0352,29.0352,29.0352,29.0352,1636952400000000000,0
RODI,0,127.9916,127.9916,127.9916,127.9916,1636952400000000000,0
RODM,944709,30.89,30.82,30.94,30.82,1636952400000000000,672
ROG,298826,269.87,269.83,270.59,269.62,1636952400000000000,4111
ROIC,1696397,18.32,18.63,18.63,18.2,1636952400000000000,11716
ROIV,557609,8.23,8.08,8.41,7.6,1636952400000000000,3274
ROIVW,24259,1.47,1.43,1.47,1.37,1636952400000000000,64
ROK,336260,334.48,335.06,337.95,333.355,1636952400000000000,11243
ROKT,4059,41.73,41.62,41.73,41.54,1636952400000000000,69
ROKU,2285349,276.03,274.79,279.3,271.02,1636952400000000000,50608
ROL,957615,35.97,35.88,36.305,35.715,1636952400000000000,11239
ROLL,117753,231.3,229.64,231.3,223.9,1636952400000000000,3589
ROLLP,71794,115.94,115.55,117.16,115.55,1636952400000000000,43
ROM,45439,126.83,125.66,127.15,124.4,1636952400000000000,562
ROMO,65,29.8061,29.8061,29.8061,29.8061,1636952400000000000,7
RONI,15424,10.025,10.04,10.05,10.015,1636952400000000000,88
RONI.U,4620,10.4001,10.877,10.965,10.4001,1636952400000000000,10
RONI.WS,6850,1.645,1.57,1.69,1.51,1636952400000000000,22
ROOF,1809,27.331,27.4411,27.4411,27.331,1636952400000000000,56
ROOT,10494668,5.395,5.03,5.48,4.975,1636952400000000000,35334
ROP,391671,486.85,485.63,491.55,485.26,1636952400000000000,8246
RORO,9826,24.62,24.4027,24.62,24.4027,1636952400000000000,55
ROSC,491,42.5563,42.5639,42.5639,42.5563,1636952400000000000,12
ROSEU,1001,10.09,10.09,10.09,10.09,1636952400000000000,2
ROSS,123008,9.84,9.84,9.93,9.83,1636952400000000000,320
ROSS.U,19563,10.2834,10.21,10.3,10.17,1636952400000000000,103
ROSS.WS,33868,1.18,1.2,1.24,1.15,1636952400000000000,98
ROST,1727541,116.95,115.45,117.97,115.03,1636952400000000000,27127
ROUS,8132,43.1,43,43.1382,42.97,1636952400000000000,88
ROVR,210856,13.85,13.74,14.13,13.52,1636952400000000000,4967
ROVRW,39731,4.4,4.13,4.5,4.06,1636952400000000000,488
RPAR,65484,25.65,25.47,25.66,25.45,1636952400000000000,676
RPAY,430178,20.27,19.98,20.62,19.95,1636952400000000000,5935
RPD,312527,133.23,132.5,133.59,129.76,1636952400000000000,8549
RPG,64758,219.09,217.61,219.09,216.73,1636952400000000000,973
RPHM,45273,8.66,8.17,8.6775,7.94,1636952400000000000,838
RPID,102659,17.24,16.46,17.7982,15.5,1636952400000000000,2525
RPM,336869,94.06,94.45,94.91,93.06,1636952400000000000,7573
RPRX,4322761,41.92,41.7,42,41.38,1636952400000000000,24710
RPT,691395,13.78,13.95,14.005,13.61,1636952400000000000,4080
RPTpD,13023,59.7,59.6,59.75,59.55,1636952400000000000,53
RPTX,164852,28.11,27.04,28.245,26.79,1636952400000000000,3762
RPV,286246,81.99,81.97,82.2,81.71,1636952400000000000,2400
RQI,219248,17.13,17.1,17.14,16.97,1636952400000000000,880
RRBI,34256,50.69,52.99,52.99,50.69,1636952400000000000,197
RRC,3117490,23.14,23.12,23.7,22.77,1636952400000000000,27743
RRD,661501,9.16,9.18,9.2,9.07,1636952400000000000,4954
RRGB,370664,20.23,20.03,21.03,19.79,1636952400000000000,5730
RRH,20238,26.53,25.395,26.53,25.22,1636952400000000000,55
RRR,895597,51.22,51.33,51.7,50.86,1636952400000000000,10322
RRX,315932,168.38,169.4,169.69,165.93,1636952400000000000,7503
RS,257084,166.38,165.06,166.93,164.72,1636952400000000000,6504
RSF,21735,19.76,19.77,19.81,19.6598,1636952400000000000,121
RSG,504564,134.94,135.26,135.43,134.82,1636952400000000000,9785
RSI,887314,19.94,20.37,20.51,19.685,1636952400000000000,11634
RSKD,1837836,18.5,17.68,19.13,17.55,1636952400000000000,14188
RSLS,1370152,2.32,2.21,2.325,2.12,1636952400000000000,3892
RSP,1194155,162.17,161.93,162.23,161.61,1636952400000000000,13331
RSPY,825,25.73,25.634,25.73,25.56,1636952400000000000,9
RSSS,10820,2.6,2.56,2.6,2.56,1636952400000000000,98
RSVR,58156,9.46,9.36,9.77,9.21,1636952400000000000,696
RSVRW,4108,1.99,2.12,2.12,1.99,1636952400000000000,16
RSX,4484477,31.49,31.34,31.51,31.165,1636952400000000000,17095
RSXJ,3250,39.32,39.6025,39.69,39.32,1636952400000000000,53
RTAI,0,28.1533,28.1533,28.1533,28.1533,1636952400000000000,0
RTH,5750,194.1,193.18,194.3041,192.93,1636952400000000000,208
RTLR,164501,11.19,11.22,11.29,11.07,1636952400000000000,1837
RTM,35064,180.3,179,180.3,178.595,1636952400000000000,357
RTX,3423200,89.63,89.35,89.63,88.84,1636952400000000000,36486
RUBY,327618,14.17,13.48,14.17,13.36,1636952400000000000,4394
RUFF,24496,26.42,26.1894,26.42,26.1894,1636952400000000000,47
RULE,0,25.3657,25.3657,25.3657,25.3657,1636952400000000000,0
RUN,3050715,58.62,57.96,58.85,57.12,1636952400000000000,39505
RUSHA,118161,53.23,53.35,53.73,53.025,1636952400000000000,2416
RUSHB,7478,53.67,52.85,53.95,52.85,1636952400000000000,361
RUSL,20501,34.3,33.97,34.34,33.65,1636952400000000000,295
RUTH,292570,19.09,19.04,19.2,18.94,1636952400000000000,3872
RVAC,68424,9.72,9.73,9.74,9.71,1636952400000000000,98
RVACU,13901,9.98,9.98,9.99,9.98,1636952400000000000,46
RVACW,38882,0.5301,0.5499,0.5499,0.5301,1636952400000000000,40
RVI,219348,6.03,6.07,6.12,5.95,1636952400000000000,1857
RVLV,415233,85.1,83.48,85.1,82.32,1636952400000000000,11080
RVMD,280226,32.79,31.78,33.235,31.52,1636952400000000000,5196
RVNC,816994,15.18,14.24,15.29,14.18,1636952400000000000,7906
RVNU,33906,29.21,29.2,29.21,29.15,1636952400000000000,150
RVP,316735,9.12,8.94,9.205,8.8235,1636952400000000000,2475
RVPH,59303,3.75,3.68,3.76,3.6,1636952400000000000,400
RVPHW,3009,0.434951,0.4201,0.434951,0.42,1636952400000000000,25
RVSB,57841,7.89,7.9,7.97,7.81,1636952400000000000,421
RVT,136753,19.94,19.83,19.94,19.75,1636952400000000000,735
RWAY,203356,12.53,12.86,12.86,12.4,1636952400000000000,1428
RWGV,14273,131.73,131.8602,132.02,131.73,1636952400000000000,67
RWJ,56451,130.4,129.62,130.4,129,1636952400000000000,617
RWK,9865,97.06,96.3451,97.06,96.31,1636952400000000000,143
RWL,21300,78.91,78.65,78.92,78.58,1636952400000000000,332
RWLK,2193438,1.53,1.49,1.53,1.48,1636952400000000000,7806
RWM,506788,19.55,19.72,19.795,19.55,1636952400000000000,1107
RWO,74337,55.19,55.39,55.42,55.12,1636952400000000000,756
RWR,76045,117.07,117.67,117.7,116.42,1636952400000000000,922
RWT,690539,14.08,14.04,14.17,13.96,1636952400000000000,5348
RWVG,39,59.1641,59.1641,59.1641,59.1641,1636952400000000000,9
RWX,23498,36.77,36.59,36.79,36.58,1636952400000000000,398
RXD,88727,12.85,13.1661,13.17,12.85,1636952400000000000,43
RXDX,244250,34.46,34.32,36.17,34.29,1636952400000000000,4184
RXI,2713,183.83,183.0216,183.83,182.72,1636952400000000000,65
RXL,1396,103.21,101.98,103.28,101.98,1636952400000000000,63
RXRA,101181,9.78,9.85,9.85,9.78,1636952400000000000,702
RXRAU,61574,9.92,9.96,9.96,9.92,1636952400000000000,239
RXRAW,27118,0.751,0.76,0.76,0.75,1636952400000000000,103
RXRX,774753,18.96,18.75,19.44,18.62,1636952400000000000,9947
RXST,38596,12.29,12.08,12.34,11.825,1636952400000000000,686
RXT,1635112,15.04,14.99,15.32,14.72,1636952400000000000,12371
RY,679213,106.61,105.81,106.89,105.65,1636952400000000000,10006
RYpT,251,28.3182,28.3182,28.3182,28.3182,1636952400000000000,4
RYAAY,212063,113.82,114.63,115.015,113.425,1636952400000000000,4054
RYAM,325917,6.61,6.53,6.63,6.495,1636952400000000000,2712
RYAN,197250,40.56,39.11,40.84,39.01,1636952400000000000,3792
RYB,32538,2.5,2.545,2.55,2.5,1636952400000000000,88
RYE,50471,50.04,50.35,50.73,49.49,1636952400000000000,489
RYF,33440,66.42,66.16,66.4492,66.075,1636952400000000000,357
RYH,5887,307.82,305.2681,307.82,305.2681,1636952400000000000,224
RYI,136805,28.31,27.6,28.34,27.02,1636952400000000000,2701
RYJ,708,65.6451,65.3988,65.6451,65.3988,1636952400000000000,9
RYLD,584733,25.66,25.66,25.67,25.63,1636952400000000000,3260
RYN,434758,38.5,39.14,39.22,38.4,1636952400000000000,4964
RYT,27269,320.65,318.29,320.65,317.12,1636952400000000000,634
RYTM,264318,13.32,13.23,13.6,13.02,1636952400000000000,3643
RYU,12252,106.2,107.4,107.4,106.2,1636952400000000000,140
RZA,9283,26.14,26.16,26.21,26.1,1636952400000000000,162
RZB,8569,28.56,28.49,28.56,28.4231,1636952400000000000,142
RZG,1328,175.39,175.4451,175.4518,175.38,1636952400000000000,40
RZLT,29168,6.3,6.2,6.4,6.1,1636952400000000000,353
RZV,19511,103.85,103.62,103.9,102.8262,1636952400000000000,316
S,1774338,76.87,71.55,78.28,71.15,1636952400000000000,17812
SA,266723,20.655,20.24,20.655,20.13,1636952400000000000,2477
SAA,6888,35.6,35.56,35.6399,35.415,1636952400000000000,77
SABR,5249765,9.48,9.22,9.66,9.155,1636952400000000000,23139
SABRP,1467,122.14,121.91,125.35,121.76,1636952400000000000,54
SABS,180900,9.72,9.49,9.7499,9.25,1636952400000000000,1236
SABSW,272942,1.95,2.14,2.22,1.95,1636952400000000000,521
SACC,823,25.31,25.3534,25.3534,25.31,1636952400000000000,7
SACH,448238,5.85,5.93,6,5.8,1636952400000000000,2037
SACHpA,6131,25.8372,25.8799,25.9,25.63,1636952400000000000,29
SAFE,131356,73.75,72.93,74.28,72.07,1636952400000000000,2982
SAFM,128133,187.34,187.13,187.7,186.66,1636952400000000000,3030
SAFT,53012,82.48,81.1,82.48,80.88,1636952400000000000,1119
SAGE,290498,42.62,41.44,42.76,41.25,1636952400000000000,4710
SAH,172217,51.39,51.26,52,50.86,1636952400000000000,4381
SAIA,192212,346.98,343.76,348.06,339.9,1636952400000000000,6111
SAIC,137377,89.48,88.98,90,88.97,1636952400000000000,3760
SAIL,1104196,59.47,58.95,60.3,58.15,1636952400000000000,12600
SAK,402,25.8393,25.8393,25.8393,25.8393,1636952400000000000,2
SAL,2088,55,55.13,55.3,55,1636952400000000000,46
SALM,636116,3.4,3.3,3.47,3.25,1636952400000000000,3037
SAM,202074,480,472.99,480,468.35,1636952400000000000,7968
SAMAU,3190,10,10,10,10,1636952400000000000,10
SAMG,20464,16.75,16.68,16.83,16.49,1636952400000000000,260
SAN,2470578,3.66,3.62,3.68,3.62,1636952400000000000,6597
SANA,283958,22,21.45,22.04,20.89,1636952400000000000,5037
SANB,268335,9.95,9.93,9.95,9.91,1636952400000000000,82
SANBU,81158,10.18,10.16,10.18,10.16,1636952400000000000,36
SANBW,241105,0.5111,0.525,0.578,0.511,1636952400000000000,612
SAND,966723,7.05,7.03,7.05,6.88,1636952400000000000,4517
SANM,528977,40.41,40.37,40.86,40.175,1636952400000000000,6313
SANW,111145,3.46,3.31,3.59,3.25,1636952400000000000,964
SAP,408142,142.35,141.38,142.74,141.32,1636952400000000000,7575
SAR,38449,28.9,28.5,29.0889,28.5,1636952400000000000,486
SARK,63270,31.59,31.4,31.65,31.0301,1636952400000000000,284
SASR,175142,50.57,50.31,50.68,50.01,1636952400000000000,2847
SATO,21554,33.51,32.1258,33.51,32.05,1636952400000000000,171
SATS,672754,30.5,29.89,30.9,29.48,1636952400000000000,9760
SAVA,5970018,65.95,60.51,66.72,58.44,1636952400000000000,62232
SAVE,2666002,23.8,23.86,24.2,23.735,1636952400000000000,20137
SAVN,501,10.14,10.1208,10.14,10.1208,1636952400000000000,6
SB,1540243,3.74,3.65,3.78,3.54,1636952400000000000,5970
SBpC,4734,25.22,25.2,25.245,25.11,1636952400000000000,34
SBpD,1001,25.3,25.3097,25.3097,25.21,1636952400000000000,7
SBAC,432946,343.31,348.07,348.54,341.96,1636952400000000000,12969
SBB,4080,15.91,15.92,15.93,15.91,1636952400000000000,25
SBBA,4899,25.04,25.05,25.12,25.04,1636952400000000000,21
SBCF,263034,37.24,37.5,37.72,36.6025,1636952400000000000,4101
SBEA,937435,10.43,10.39,10.44,10.34,1636952400000000000,7248
SBEAU,42693,11.3,11.12,11.3,11.0518,1636952400000000000,308
SBEAW,307434,2.18,2.19,2.19,2.01,1636952400000000000,761
SBET,491427,3.69,3.71,3.78,3.61,1636952400000000000,1808
SBEV,178273,1.87,2.08,2.09,1.87,1636952400000000000,467
SBEV.WS,12350,0.3763,0.4655,0.4655,0.35,1636952400000000000,39
SBFG,2327,19.09,19.17,19.2,19.09,1636952400000000000,51
SBGI,357005,26.52,26.87,26.95,26.31,1636952400000000000,6788
SBH,1200242,20.5,20.34,20.72,20.105,1636952400000000000,11386
SBI,4635,9.83,9.78,9.83,9.75,1636952400000000000,54
SBII,2767,9.75,9.75,9.75,9.75,1636952400000000000,4
SBIO,17150,46.41,45.23,46.55,45.1801,1636952400000000000,169
SBLK,2381623,19.37,19.07,19.38,18.5,1636952400000000000,16519
SBM,0,9.4045,9.4045,9.4045,9.4045,1636952400000000000,0
SBND,1200,19.83,19.83,19.849,19.81,1636952400000000000,13
SBNY,387245,319.2,321.45,323.29,317,1636952400000000000,10557
SBNYP,23448,26,25.94,26.03,25.8115,1636952400000000000,274
SBOW,150443,28,27.78,28.4,26.505,1636952400000000000,2218
SBR,25883,43.86,43.68,43.89,43.3,1636952400000000000,371
SBRA,1938105,14.5,14.49,14.52,14.28,1636952400000000000,13726
SBS,830821,6.59,6.66,6.74,6.57,1636952400000000000,5392
SBSI,77563,44.51,44.04,44.51,43.9,1636952400000000000,1567
SBSW,2485924,14.37,14.46,14.59,14.33,1636952400000000000,15122
SBT,25540,5.43,5.39,5.47,5.32,1636952400000000000,265
SBTX,882177,8.56,8.69,8.97,8.29,1636952400000000000,6158
SBUG,341,34.504,34.6,34.6,34.504,1636952400000000000,9
SBUX,6559832,112.12,111.87,113.65,111.58,1636952400000000000,84912
SC,293537,41.85,41.86,41.97,41.76,1636952400000000000,2145
SCAQU,203,9.98,9.91,9.98,9.91,1636952400000000000,3
SCAQW,2004,0.621701,0.65,0.6503,0.6216,1636952400000000000,6
SCC,339,8.4358,8.4953,8.4953,8.4358,1636952400000000000,35
SCCB,1658,25.34,25.3656,25.4,25.31,1636952400000000000,13
SCCC,1918,25.95,25.9455,25.95,25.9359,1636952400000000000,14
SCCO,792958,62.01,60.79,62.16,60.73,1636952400000000000,10415
SCD,31283,15.03,14.95,15.06,14.92,1636952400000000000,184
SCDL,1,36.6929,36.6929,36.6929,36.6929,1636952400000000000,1
SCEpG,11775,25.1982,25.16,25.21,25.1,1636952400000000000,112
SCEpH,6079,25.51,25.59,25.59,25.44,1636952400000000000,70
SCEpJ,58572,25.01,25.04,25.1,24.9795,1636952400000000000,204
SCEpK,12451,26.07,25.95,26.15,25.7403,1636952400000000000,109
SCEpL,31373,25,24.94,25.04,24.9,1636952400000000000,178
SCHA,269428,109.58,108.92,109.58,108.46,1636952400000000000,3108
SCHB,438306,113.39,113.07,113.5,112.81,1636952400000000000,6507
SCHC,155614,43.37,43.12,43.37,43.08,1636952400000000000,955
SCHD,1405683,79.36,79.19,79.4,79.009,1636952400000000000,13208
SCHE,790994,31.76,31.63,31.765,31.584,1636952400000000000,3288
SCHF,2125462,40.48,40.34,40.51,40.3,1636952400000000000,9602
SCHG,313729,164.58,163.88,164.82,163.23,1636952400000000000,4419
SCHH,592782,49.6,49.95,49.95,49.45,1636952400000000000,4851
SCHI,67682,51.77,51.53,51.77,51.5,1636952400000000000,335
SCHJ,66476,50.63,50.58,50.6499,50.58,1636952400000000000,258
SCHK,126335,46.51,46.36,46.51,46.2755,1636952400000000000,819
SCHL,108541,38.72,38.45,39.9,38.29,1636952400000000000,2216
SCHM,177929,83.53,83.23,83.56,83.0623,1636952400000000000,1988
SCHN,261658,56.8,54.76,57.26,54.37,1636952400000000000,5616
SCHO,1468267,50.97,50.97,50.98,50.95,1636952400000000000,2014
SCHP,2724511,63.77,63.7,63.86,63.68,1636952400000000000,9613
SCHQ,55373,50.85,50.35,50.85,50.28,1636952400000000000,661
SCHR,325670,56.14,56.04,56.15,56.03,1636952400000000000,2233
SCHV,273938,72.5,72.5,72.5359,72.29,1636952400000000000,2745
SCHW,3065276,82.49,81.92,82.55,81.62,1636952400000000000,30985
SCHWpD,49362,25.6,25.47,25.6499,25.45,1636952400000000000,287
SCHWpJ,34049,25.85,25.78,25.85,25.61,1636952400000000000,305
SCHX,580617,113.56,113.29,113.5699,112.97,1636952400000000000,4699
SCHY,54168,25.66,25.55,25.66,25.55,1636952400000000000,266
SCHZ,578356,54.03,53.84,54.03,53.83,1636952400000000000,3674
SCI,511667,67,67.38,67.85,66.79,1636952400000000000,8685
SCJ,1357,79.81,79.6734,79.87,79.6734,1636952400000000000,33
SCKT,91883,6.19,6.18,6.24,6.08,1636952400000000000,713
SCL,90799,126.9,124.09,126.9,123.75,1636952400000000000,2088
SCLE,3166,9.75,9.7665,9.7665,9.75,1636952400000000000,7
SCLEU,1040,10,10,10,10,1636952400000000000,3
SCLEW,117070,0.84,0.92,0.92,0.8399,1636952400000000000,177
SCM,106746,14.31,14.22,14.41,14.12,1636952400000000000,902
SCMAU,18703,10.05,10.05,10.05,10.04,1636952400000000000,82
SCO,2627479,13.59,13.3,13.68,13.26,1636952400000000000,4680
SCOA,212326,9.82,9.79,9.82,9.78,1636952400000000000,368
SCOAU,1046,10.04,10.05,10.05,10.04,1636952400000000000,26
SCOAW,178993,0.796,0.825,0.8425,0.782,1636952400000000000,119
SCOB,23646,9.74,9.74,9.76,9.74,1636952400000000000,226
SCOBU,20810,9.9,9.98,9.98,9.9,1636952400000000000,118
SCOBW,9028,0.74,0.7,0.74,0.7,1636952400000000000,100
SCOR,521123,3.68,3.63,3.74,3.58,1636952400000000000,2448
SCPH,72534,5.9887,5.65,6.065,5.41,1636952400000000000,490
SCPL,511024,18.21,17.94,18.21,17.6538,1636952400000000000,5101
SCPS,17389,3.54,3.52,3.55,3.4,1636952400000000000,156
SCRD,2,49.1859,49.1859,49.1859,49.1859,1636952400000000000,2
SCS,1016042,12.42,12.66,12.69,12.26,1636952400000000000,6287
SCSC,158882,36.14,35.69,36.18,34.73,1636952400000000000,2622
SCU,284910,22.4,21.84,22.735,21.78,1636952400000000000,3467
SCVL,387398,39.2113,42.09,42.22,39.2113,1636952400000000000,6185
SCVX,28171,9.97,9.97,9.98,9.97,1636952400000000000,85
SCVX.U,4300,10.35,10.35,10.35,10.35,1636952400000000000,3
SCVX.WS,40444,0.94,0.825,0.94,0.8055,1636952400000000000,171
SCWX,128357,20.28,20.09,20.3797,19.22,1636952400000000000,2903
SCX,31786,11.49,11.45,11.605,11.12,1636952400000000000,216
SCYX,2497394,5.4,6.75,7.13,5.3411,1636952400000000000,11570
SCZ,1669855,76.78,76.39,76.78,76.32,1636952400000000000,6637
SD,1387422,14,13.82,14.045,13.22,1636952400000000000,10162
SDACU,8380,10,10.02,10.02,10,1636952400000000000,11
SDACW,5727,0.6501,0.7315,0.7579,0.6501,1636952400000000000,29
SDC,11307580,4.27,4.05,4.29,3.97,1636952400000000000,34840
SDCI,79,20.3249,20.3249,20.3249,20.3249,1636952400000000000,10
SDD,35,20.425,20.425,20.425,20.425,1636952400000000000,4
SDEF,4106,21.14,21.065,21.14,21.06,1636952400000000000,18
SDEI,814,25.87,25.6859,25.87,25.6859,1636952400000000000,4
SDEM,29679,11.32,11.18,11.3553,11.1701,1636952400000000000,331
SDG,16877,95.49,95.1,95.678,95.043,1636952400000000000,283
SDGA,130,29.5371,29.5371,29.5371,29.5371,1636952400000000000,8
SDGR,1216378,48.16,45.45,48.57,45.35,1636952400000000000,18647
SDH,13577,2.28,2.21,2.3,2.19,1636952400000000000,69
SDHY,106580,18.6,18.58,18.6766,18.55,1636952400000000000,661
SDIG,385592,28.31,26.3,28.8,26.05,1636952400000000000,5527
SDIV,538888,12.99,12.92,12.99,12.9,1636952400000000000,4087
SDOG,25463,53.74,53.73,53.8599,53.6,1636952400000000000,224
SDOW,2293150,27.03,27.33,27.48,27,1636952400000000000,10575
SDP,5991,14.32,14.32,14.39,14.29,1636952400000000000,44
SDPI,274797,1.23,1.14,1.23,1.11,1636952400000000000,1001
SDS,9620380,7.39,7.42,7.4673,7.38,1636952400000000000,3837
SDVY,127828,30.95,30.8,30.95,30.6771,1636952400000000000,368
SDY,207497,127.07,127.14,127.25,126.71,1636952400000000000,3040
SE,3607282,345,343.02,354,337,1636952400000000000,61084
SEAC,156815,0.8889,0.8826,0.8898,0.870856,1636952400000000000,624
SEAH,3330369,12.15,12.31,12.48,11.94,1636952400000000000,20230
SEAH.U,41176,14.61,14.72,14.72,14.31,1636952400000000000,174
SEAH.WS,401819,4.21,4.67,4.75,4.21,1636952400000000000,1525
SEAS,687432,64.16,64.02,64.73,62.54,1636952400000000000,9348
SEAT,788811,13.83,13.2,13.97,13,1636952400000000000,5715
SEATW,190046,3.75,3.64,4,3.56,1636952400000000000,1255
SEB,542,4025,4014.99,4078.96,3999,1636952400000000000,322
SECO,79006,0.93,0.9402,0.99,0.93,1636952400000000000,291
SECT,49791,44.5234,44.45,44.5234,44.3656,1636952400000000000,51
SEDA.U,2500,9.99,9.97,9.99,9.97,1636952400000000000,15
SEDG,849118,366.2,368.33,369.12,359.46,1636952400000000000,20057
SEE,531509,66.23,65.98,66.62,65.7,1636952400000000000,9311
SEED,103488,9.8,10.35,10.35,9.52,1636952400000000000,773
SEEL,1766078,2.16,2.11,2.18,2.09,1636952400000000000,5420
SEER,207520,31.57,30.38,31.8315,29.92,1636952400000000000,4229
SEF,4169,11.64,11.67,11.6801,11.64,1636952400000000000,25
SEIC,368475,64.65,64.13,64.77,63.88,1636952400000000000,6804
SEIX,14462,25.31,25.28,25.31,25.27,1636952400000000000,25
SELB,723412,3.67,3.59,3.71,3.58,1636952400000000000,5654
SELF,38439,5.39,5.31,5.42,5.27,1636952400000000000,247
SEM,599850,34.43,33.49,34.43,33.305,1636952400000000000,6806
SEMR,363022,26.08,24.37,26.35,24.3,1636952400000000000,4712
SENEA,38012,51.41,47.64,51.41,47.575,1636952400000000000,1124
SENEB,774,50.01,50.01,50.01,50.01,1636952400000000000,20
SENS,8027185,3.67,3.8,3.83,3.65,1636952400000000000,20676
SENT,7559,28.82,28.9,28.9,28.77,1636952400000000000,23
SEPZ,200,31.8133,31.857,31.857,31.8133,1636952400000000000,1
SERA,8375,10.85,10.62,10.85,10.3482,1636952400000000000,239
SESN,5921787,1.2,1.2,1.2699,1.19,1636952400000000000,6553
SEVN,15301,10.491,10.43,10.491,10.35,1636952400000000000,153
SF,374924,77.17,76.1,77.17,75.77,1636952400000000000,5933
SFpB,4503,26.89,26.84,26.89,26.71,1636952400000000000,80
SFpC,3713,27.87,27.595,27.87,27.595,1636952400000000000,112
SFpD,27584,25.26,25.12,25.26,25.08,1636952400000000000,174
SFB,5826,26.12,25.97,26.12,25.86,1636952400000000000,98
SFBC,579,42.5,42,42.5,42,1636952400000000000,14
SFBS,83637,85.53,84.7,85.53,84.16,1636952400000000000,1693
SFE,30388,8.29,8.3,8.31,8.22,1636952400000000000,419
SFET,223161,1.17,1.21,1.23,1.1698,1636952400000000000,522
SFIG,1554,50.87,50.86,50.91,50.84,1636952400000000000,27
SFIX,2040302,34.23,32.82,34.28,32.46,1636952400000000000,22986
SFL,1303511,9.1,9.03,9.1,8.78,1636952400000000000,8660
SFM,2208025,24.11,24.61,24.66,24.08,1636952400000000000,21865
SFNC,337836,32.25,32.27,32.48,32.03,1636952400000000000,4263
SFST,16000,63.55,63.56,64.54,62.825,1636952400000000000,437
SFT,4890879,6.17,5.98,6.2188,5.87,1636952400000000000,29336
SFUN,4456,5.42,5.26,5.42,5.26,1636952400000000000,44
SFY,148533,17.5,17.45,17.5,17.3873,1636952400000000000,1316
SFYF,8601,42,41.8059,42,41.5651,1636952400000000000,275
SFYX,26171,15.32,15.26,15.3299,15.21,1636952400000000000,321
SGA,2673,26.57,26.95,26.95,26.57,1636952400000000000,95
SGBX,613652,2.85,2.71,2.85,2.69,1636952400000000000,2671
SGC,20150,25.23,25.5,25.7,25.205,1636952400000000000,486
SGDJ,16294,47,47.02,47.49,46.69,1636952400000000000,256
SGDM,32833,30.04,30.067,30.19,29.87,1636952400000000000,183
SGEN,788698,178.07,182.68,186.37,177.72,1636952400000000000,15861
SGFY,943467,16.29,15.99,16.5099,15.91,1636952400000000000,7749
SGG,3215,60.31,59.44,60.42,59.33,1636952400000000000,42
SGH,375216,60.51,58.36,60.62,58.19,1636952400000000000,7379
SGHT,147080,22.78,22.7,23.06,21.5502,1636952400000000000,3467
SGLB,77006,2.73,2.72,2.78,2.7,1636952400000000000,359
SGLBW,1170,0.1703,0.1803,0.1803,0.1703,1636952400000000000,5
SGMA,105591,9.38,10.24,10.3225,9.38,1636952400000000000,867
SGML,43147,9.21,9.07,9.32,8.9,1636952400000000000,631
SGMO,839330,10.23,9.82,10.335,9.785,1636952400000000000,7396
SGMS,663893,72.12,70.61,72.3,69.77,1636952400000000000,11579
SGOC,129186,6.22,6.2,6.37,6.2,1636952400000000000,828
SGOL,916320,17.87,17.88,17.9295,17.835,1636952400000000000,1922
SGOV,30271,100.02,100.02,100.03,100.0113,1636952400000000000,125
SGRP,140232,1.48,1.48,1.5,1.45,1636952400000000000,317
SGRY,339454,51.75,51.04,51.84,50.27,1636952400000000000,4802
SGTX,75586,5.24,5.09,5.24,4.98,1636952400000000000,761
SGU,14288,11.35,11.25,11.35,11.22,1636952400000000000,243
SH,3972532,13.91,13.94,13.985,13.91,1636952400000000000,3337
SHAC,7358,9.76,9.77,9.77,9.7599,1636952400000000000,33
SHAG,95640,50.66,50.64,50.6848,50.6101,1636952400000000000,105
SHAK,490452,85.26,84.74,86.72,84.53,1636952400000000000,8471
SHBI,42422,19.43,19.6,19.63,19.0801,1636952400000000000,506
SHC,1337787,23.26,23.34,23.94,23.08,1636952400000000000,8709
SHCAU,1287,10.06,10.06,10.06,10.06,1636952400000000000,27
SHCR,588925,7.7,7.43,7.75,7.31,1636952400000000000,5451
SHCRW,20412,1.82,1.75,1.82,1.72,1636952400000000000,72
SHE,8915,108.07,107.35,108.07,107.28,1636952400000000000,299
SHEN,145596,28.23,27.79,28.29,27.44,1636952400000000000,3138
SHFT,2395,24.82,24.3618,24.82,24.32,1636952400000000000,21
SHG,43994,31.94,31.76,31.99,31.72,1636952400000000000,868
SHI,32430,22.72,22.42,22.72,21.5,1636952400000000000,356
SHIP,9925674,1.05,1.01,1.06,0.9821,1636952400000000000,13673
SHIPW,123865,0.0295,0.0299,0.03,0.0255,1636952400000000000,73
SHIPZ,76911,0.07,0.0658,0.07,0.0515,1636952400000000000,36
SHLS,1675199,35.43,36.55,36.86,35.04,1636952400000000000,20662
SHLX,1298921,12.56,12.66,12.73,12.48,1636952400000000000,6652
SHM,388395,49.25,49.27,49.2799,49.24,1636952400000000000,1055
SHO,3286822,12.37,12.47,12.49,12.26,1636952400000000000,17625
SHOpH,7053,25.475,25.4179,25.475,25.315,1636952400000000000,83
SHOpI,10381,25.15,25.14,25.22,25.06,1636952400000000000,56
SHOO,364725,50.27,49.86,50.27,49.53,1636952400000000000,6236
SHOP,1466957,1653.4,1656.5,1704.39,1632.51,1636952400000000000,55702
SHPW,158587,6.51,6.86,6.8925,6.49,1636952400000000000,1144
SHPW.WS,32151,0.96,0.98,1.1,0.9554,1636952400000000000,86
SHQAW,43147,0.66,0.59,0.66,0.57,1636952400000000000,116
SHUS,2485,41.98,41.9854,42.0302,41.98,1636952400000000000,3
SHV,632345,110.445,110.44,110.45,110.44,1636952400000000000,12144
SHW,849049,330.28,332.85,333,327.855,1636952400000000000,16940
SHY,2433502,85.79,85.77,85.79,85.74,1636952400000000000,8050
SHYD,67847,24.97,25,25.02,24.97,1636952400000000000,246
SHYF,378402,52.79,52.26,52.9,50.12,1636952400000000000,5587
SHYG,946856,45.41,45.37,45.43,45.35,1636952400000000000,3946
SHYL,3668,47.58,47.5,47.58,47.47,1636952400000000000,25
SI,625585,216.015,208,217,202.2,1636952400000000000,15961
SIpA,30938,24.9,24.73,25,24.725,1636952400000000000,223
SIBN,626163,22.24,21.55,22.43,21.295,1636952400000000000,4467
SID,1673664,4.13,4.06,4.16,4.01,1636952400000000000,6198
SIEB,52506,3.36,3.3,3.43,3.27,1636952400000000000,314
SIEN,761370,5.55,5.18,5.57,5.03,1636952400000000000,5884
SIER,226802,9.81,9.8,9.9,9.75,1636952400000000000,427
SIERU,66156,10.02,10.03,10.07,10.01,1636952400000000000,482
SIERW,54491,0.5336,0.54,0.57,0.51,1636952400000000000,287
SIF,5643,7.798,7.67,7.8521,7.56,1636952400000000000,49
SIFI,3001,49.155,49.145,49.19,49.145,1636952400000000000,28
SIFY,331582,3.82,3.77,3.82,3.65,1636952400000000000,2028
SIG,932141,104.59,101.65,104.9499,99.75,1636952400000000000,16106
SIGA,235681,7.56,7.62,7.73,7.55,1636952400000000000,3067
SIGI,95764,80.29,79.98,80.49,79.59,1636952400000000000,2216
SIGIP,3960,25.24,25.0996,25.24,25.0996,1636952400000000000,76
SIHY,2023,49.529,49.525,49.54,49.513,1636952400000000000,22
SII,63495,46.66,45.87,46.66,45.61,1636952400000000000,899
SIJ,1133,13.07,13.12,13.17,13.07,1636952400000000000,10
SIL,404444,41.96,41.63,41.96,41.32,1636952400000000000,2939
SILC,19232,46,46.28,47.36,45.15,1636952400000000000,334
SILJ,1134419,14.5,14.46,14.55,14.28,1636952400000000000,3124
SILK,271314,50.905,50.86,51.5,50.115,1636952400000000000,5015
SILV,427642,9.56,9.44,9.65,9.37,1636952400000000000,3200
SILX,7345,6.83,6.7398,6.83,6.56,1636952400000000000,61
SIM,971,23.99,24,24,23.99,1636952400000000000,175
SIMO,201614,69.29,69.38,69.695,68.11,1636952400000000000,3126
SIMS,10521,49.84,49.3023,49.84,49.08,1636952400000000000,116
SINO,1480142,3.74,4.17,4.22,3.61,1636952400000000000,4204
SINT,380608,1.06,1.02,1.07,1.0002,1636952400000000000,828
SINV,101,11.1,11.1175,11.1175,11.1,1636952400000000000,2
SIOX,1296574,2.01,1.87,2.01,1.86,1636952400000000000,4034
SIRI,10457177,6.6,6.63,6.71,6.59,1636952400000000000,30140
SISI,50392,10.24,10.02,10.4973,9.25,1636952400000000000,389
SITC,3692192,16.73,16.51,16.85,16.46,1636952400000000000,20083
SITCpA,13697,25.5,25.442,25.5,25.34,1636952400000000000,179
SITE,277935,249.57,246.05,253.69,244.65,1636952400000000000,6492
SITM,238256,256.05,259.24,266.9,255,1636952400000000000,7831
SIVB,260244,746.08,747.99,756.14,744.02,1636952400000000000,9051
SIVBP,35372,26.29,26.23,26.3414,26.08,1636952400000000000,277
SIVR,552532,24.16,24.18,24.26,24.005,1636952400000000000,2044
SIX,3189748,40.38,43.56,44.28,40.31,1636952400000000000,30623
SIXA,1994,36.2,35.89,36.2,35.87,1636952400000000000,20
SIXH,3293,30.575,30.5532,30.6,30.51,1636952400000000000,14
SIXL,1480,35.2999,35.2324,35.2999,35.21,1636952400000000000,6
SIXO,3482,25.88,25.815,25.88,25.8,1636952400000000000,22
SIXS,2300,52.4101,52.469,52.53,52.4101,1636952400000000000,24
SIZE,16925,138.5543,138.47,138.69,138.33,1636952400000000000,196
SJ,461848,5.74,6.79,6.89,5.74,1636952400000000000,1929
SJB,49424,17.66,17.68,17.68,17.65,1636952400000000000,169
SJI,1112613,24.26,24.54,24.88,24.2,1636952400000000000,8940
SJIJ,6099,26.33,26.33,26.4281,26.27,1636952400000000000,79
SJIV,6192,53.33,53.71,53.8,53.33,1636952400000000000,88
SJM,610342,127.1,128.92,129.095,126.75,1636952400000000000,11870
SJNK,2426630,27.27,27.23,27.27,27.22,1636952400000000000,4183
SJR,151156,29.48,29.48,29.57,29.38,1636952400000000000,1905
SJT,615940,6.77,7.06,7.1799,6.61,1636952400000000000,2041
SJW,100264,71.25,70.72,71.43,70.15,1636952400000000000,3347
SKE,43979,11.62,11.12,11.62,11.11,1636952400000000000,338
SKF,17606,8.33,8.33,8.35,8.3,1636952400000000000,64
SKIL,240438,12.69,12.82,12.88,12.54,1636952400000000000,3430
SKIL.WS,21920,3.45,3.47,3.53,3.4,1636952400000000000,187
SKIN,1500473,26.52,27.1,27.2997,26.3001,1636952400000000000,15160
SKLZ,10300208,12.62,11.8,12.63,11.76,1636952400000000000,44171
SKM,146704,30.4,30.54,30.65,30.17,1636952400000000000,1941
SKOR,104023,53.33,53.2252,53.33,53.22,1636952400000000000,42
SKT,550995,20.23,20.58,20.58,20.1,1636952400000000000,6307
SKX,839755,47.8,46.93,47.85,46.67,1636952400000000000,10562
SKY,314404,76.52,75.78,76.75,75.1001,1636952400000000000,6833
SKYAW,1700,0.9001,0.8801,0.9001,0.875101,1636952400000000000,13
SKYT,296973,24,23.63,24.7,23.4,1636952400000000000,4360
SKYW,165867,48.6,47.82,48.6,47.5,1636952400000000000,4646
SKYY,349958,119.3,117.82,119.3,117.43,1636952400000000000,3908
SLAB,243303,204.17,206.94,208,203.38,1636952400000000000,6576
SLAC,304005,9.75,9.75,9.77,9.75,1636952400000000000,67
SLAC.U,12228,10,9.96,10,9.95,1636952400000000000,47
SLAC.WS,11266,0.9202,0.9,0.9202,0.8818,1636952400000000000,106
SLAM,89587,9.78,9.77,9.8,9.75,1636952400000000000,286
SLAMU,283,9.965,9.9301,9.965,9.9301,1636952400000000000,7
SLAMW,19809,0.82,0.8698,0.8698,0.8051,1636952400000000000,50
SLB,8288801,32.69,32.72,32.9467,32.22,1636952400000000000,51594
SLCA,427506,10.52,10.29,10.59,10.2,1636952400000000000,5343
SLCR,98986,9.9,9.9,9.92,9.9,1636952400000000000,54
SLCRW,104990,0.797549,0.7911,0.81,0.772,1636952400000000000,303
SLDB,1433067,2.16,2.17,2.23,2.14,1636952400000000000,2580
SLF,390515,56.5,56.22,56.56,56.17,1636952400000000000,4588
SLG,448756,76.31,77.5,77.54,75.85,1636952400000000000,8604
SLGpI,2293,25.76,25.73,25.76,25.7165,1636952400000000000,40
SLGC,851653,12.92,13.02,13.92,12.92,1636952400000000000,9381
SLGCW,248880,3.97,4.65,4.93,3.97,1636952400000000000,1679
SLGG,1124765,4.14,4.07,4.2,3.85,1636952400000000000,6369
SLGL,26801,8.9,8.92,9.02,8.68,1636952400000000000,87
SLGN,332199,42.3,42.72,42.76,42.17,1636952400000000000,3801
SLHG,87553,2.33,2.22,2.3672,2.22,1636952400000000000,208
SLI,1567080,10.9,10.59,10.93,10.47,1636952400000000000,10696
SLM,1264536,18.89,18.66,18.96,18.59,1636952400000000000,11572
SLMBP,466,60.15,60.15,60.15,60.15,1636952400000000000,15
SLN,2255,22.92,22.3979,22.92,22.3979,1636952400000000000,11
SLNG,16917,5.69,5.8,5.8,5.6359,1636952400000000000,142
SLNH,259009,15.69,16.61,17.08,15.69,1636952400000000000,2096
SLNHP,7104,24.88,24.72,24.88,24.675,1636952400000000000,45
SLNO,107724,0.76,0.7748,0.8,0.7532,1636952400000000000,359
SLP,198952,56.65,55.32,56.89,54.72,1636952400000000000,3811
SLQD,135042,51.28,51.22,51.28,51.21,1636952400000000000,702
SLQT,1224201,10.81,10.6,10.91,10.49,1636952400000000000,8478
SLRC,137475,19.3,19.2,19.4638,19.11,1636952400000000000,1196
SLRX,589128,0.78,0.759,0.7883,0.75,1636952400000000000,1206
SLS,381465,7.18,7.47,7.7,7.11,1636952400000000000,3005
SLT,51,45.0021,45.0021,45.0021,45.0021,1636952400000000000,6
SLV,19072244,23.19,23.24,23.31,23.05,1636952400000000000,27221
SLVM,553363,32.19,31.96,33.2,31.69,1636952400000000000,6670
SLVO,279504,5.55,5.53,5.55,5.515,1636952400000000000,1006
SLVP,147241,15.1,15.01,15.15,14.83,1636952400000000000,766
SLVR,7250,9.69,9.72,9.72,9.68,1636952400000000000,46
SLVRU,2304,9.89,9.92,9.92,9.89,1636952400000000000,12
SLVRW,14202,0.75,0.7,0.75,0.681,1636952400000000000,46
SLX,48947,56.25,55.34,56.25,55.2217,1636952400000000000,523
SLY,45682,104.23,103.61,104.23,103.25,1636952400000000000,609
SLYG,67489,96.03,95.49,96.03,95.17,1636952400000000000,909
SLYV,266316,89.97,89.66,90.13,89.25,1636952400000000000,1523
SM,1685820,34.32,34.75,35.5,33.3,1636952400000000000,16397
SMAPU,57197,10.25,10.19,10.25,10.135,1636952400000000000,60
SMAR,961102,72.9,71.57,73.42,71.1,1636952400000000000,15371
SMB,47905,17.96,17.915,17.96,17.91,1636952400000000000,123
SMBC,18420,57.41,55.84,57.51,55.37,1636952400000000000,774
SMBK,12033,26.86,26.83,26.96,26.68,1636952400000000000,430
SMCI,158401,43.63,43.09,43.63,42.3,1636952400000000000,4001
SMCP,509,32.66,32.6746,32.6746,32.6,1636952400000000000,10
SMDD,3483,20.3127,20.4,20.4,20.3127,1636952400000000000,26
SMDV,34278,67.76,67.57,67.76,67.34,1636952400000000000,249
SMDY,0,42.5108,42.5108,42.5108,42.5108,1636952400000000000,0
SMED,98814,8.1,8.09,8.18,7.975,1636952400000000000,945
SMFG,1730951,6.98,6.89,6.99,6.87,1636952400000000000,7673
SMFR,1408718,8.1,7.82,8.14,7.53,1636952400000000000,11631
SMFRW,140628,2.5,2.45,2.5,2.15,1636952400000000000,229
SMG,487045,177.93,171.45,178.0492,171.11,1636952400000000000,10591
SMH,2818458,303.105,300.7,303.105,297.67,1636952400000000000,46396
SMHB,11166,12.75,12.7769,12.7981,12.72,1636952400000000000,91
SMHI,22915,4.95,4.88,4.95,4.82,1636952400000000000,433
SMI,415,49.925,49.905,49.925,49.905,1636952400000000000,10
SMID,16787,23.31,23.3,24.08,22.8299,1636952400000000000,255
SMIG,4895,25.95,25.8678,25.955,25.8678,1636952400000000000,17
SMIHU,1000,9.42,9.42,9.42,9.42,1636952400000000000,1
SMIHW,22597,0.601,0.6002,0.6299,0.6,1636952400000000000,195
SMIN,29751,62.95,62.8,63.05,62.72,1636952400000000000,255
SMIT,31924,5.57,5.92,5.95,5.57,1636952400000000000,162
SMLE,5,28.5802,28.5802,28.5802,28.5802,1636952400000000000,3
SMLF,36713,59.94,59.62,59.94,59.34,1636952400000000000,253
SMLP,18361,31.03,31.33,31.8556,30.79,1636952400000000000,323
SMLR,234320,111.48,100.39,111.48,98.77,1636952400000000000,3282
SMLV,1246,120.7276,121.09,121.09,120.7276,1636952400000000000,54
SMM,61034,6.97,7.01,7.03,6.92,1636952400000000000,155
SMMD,13380,70.31,69.69,70.31,69.48,1636952400000000000,159
SMMF,15204,27.38,27.63,27.63,26.7355,1636952400000000000,293
SMMT,84598,5.26,5.2,5.41,5.15,1636952400000000000,859
SMMU,35596,51.29,51.2245,51.29,51.2245,1636952400000000000,171
SMMV,48377,39.42,39.36,39.468,39.3,1636952400000000000,316
SMN,6256,11.38,11.551,11.59,11.38,1636952400000000000,35
SMOG,4421,177.02,173.1282,177.02,172.4432,1636952400000000000,203
SMP,84766,52.85,53.24,53.5,52.36,1636952400000000000,1901
SMPL,394196,39.6,39.75,39.92,39.305,1636952400000000000,5947
SMRT,413123,10.73,10.99,11.1,10.71,1636952400000000000,4066
SMSI,400326,6.18,5.97,6.2,5.91,1636952400000000000,3281
SMTC,198245,90.72,89.82,91.1199,88.69,1636952400000000000,6104
SMTI,19893,32.86,33.6,33.6526,31.305,1636952400000000000,205
SMTS,436152,1.66,1.63,1.69,1.59,1636952400000000000,1676
SMWB,1063354,18.43,19.74,20.12,18.4,1636952400000000000,6798
SNA,448717,221.73,221.68,222.58,219.79,1636952400000000000,7658
SNAP,22064534,54.14,55.53,57.14,54.12,1636952400000000000,183900
SNAX,175367,5.37,5.32,5.4959,5.1101,1636952400000000000,1333
SNAXW,213637,0.7801,0.81,0.8698,0.771,1636952400000000000,582
SNBR,262951,83.2,81.41,83.32,81.03,1636952400000000000,7105
SNCE,110685,13.98,14.1,14.34,13.55,1636952400000000000,1402
SNCR,1198212,2.67,2.73,2.74,2.56,1636952400000000000,4487
SNCRL,3501,24.1,24.0399,24.1,23.85,1636952400000000000,35
SNCY,435800,31.26,31.87,31.89,30.61,1636952400000000000,7193
SND,96537,2.12,2.1,2.1894,2.08,1636952400000000000,428
SNDA,8983,32.33,31.51,33.86,30.4312,1636952400000000000,296
SNDL,360740236,0.9,0.8303,0.9493,0.83,1636952400000000000,248038
SNDR,464369,26.12,26.19,26.26,25.95,1636952400000000000,5294
SNDX,341480,18.02,17.89,18.09,17.44,1636952400000000000,4712
SNES,40443,1.56,1.57,1.58,1.55,1636952400000000000,140
SNEX,46140,70.87,70.97,71.44,70.3,1636952400000000000,1123
SNFCA,75477,9.57,8.92,9.57,8.76,1636952400000000000,351
SNGX,321821,0.925,0.9145,0.938,0.91,1636952400000000000,670
SNGXW,4500,0.0143,0.02,0.02,0.0143,1636952400000000000,12
SNII,968996,10.64,10.44,10.69,10.44,1636952400000000000,2595
SNII.U,76593,11.25,11.22,11.3,11.22,1636952400000000000,20
SNII.WS,84668,3,2.85,3.15,2.85,1636952400000000000,350
SNLN,1091,16.035,16.04,16.07,16.035,1636952400000000000,24
SNMP,2490145,1.18,1.15,1.18,1.11,1636952400000000000,4064
SNN,1738421,35.31,35.87,35.92,35.16,1636952400000000000,12336
SNOA,178397,5.65,5.6,5.7,5.49,1636952400000000000,928
SNOW,3744108,385.5,393.7,394.7183,383.67,1636952400000000000,54294
SNP,172690,48.54,48.23,48.54,48.02,1636952400000000000,2068
SNPE,49014,42.06,41.9,42.06,41.77,1636952400000000000,264
SNPO,133027,23.0892,23.04,23.5,22.125,1636952400000000000,2657
SNPS,456416,349.36,345.75,349.36,343.32,1636952400000000000,13105
SNPX,153664,12.33,11.92,12.5,11.6,1636952400000000000,817
SNRH,18579,9.77,9.82,9.82,9.77,1636952400000000000,139
SNRHU,900,10.1,10.1,10.1,10.08,1636952400000000000,5
SNRHW,1083,0.75,0.7399,0.75,0.725001,1636952400000000000,16
SNSE,94557,9.64,9.87,10.1,9.48,1636952400000000000,1135
SNSR,42404,40.14,39.91,40.168,39.86,1636952400000000000,625
SNT,37923,4.1,4.03,4.11,3.99,1636952400000000000,419
SNTG,132670,2.17,2.05,2.17,2.04,1636952400000000000,359
SNUG,2785,28.36,28.2478,28.38,28.21,1636952400000000000,20
SNV,881996,49.675,49.36,49.72,49.11,1636952400000000000,8441
SNVpD,13865,26.12,26.07,26.12,25.93,1636952400000000000,105
SNVpE,13942,26.46,26.3239,26.46,26.16,1636952400000000000,196
SNX,223472,112.83,112.49,112.9,110.6,1636952400000000000,5989
SNY,1256532,51.16,51.1,51.41,51.03,1636952400000000000,7720
SO,3473729,62.11,62.2,62.39,61.77,1636952400000000000,29600
SOCL,30657,62.79,62.67,63.44,62.59,1636952400000000000,420
SOFI,30314169,22.975,22.92,24.12,22.75,1636952400000000000,147326
SOFIW,506943,10.96,11.37,12.6,10.96,1636952400000000000,2403
SOGU,31306,23.67,23.5472,23.67,23.48,1636952400000000000,139
SOHO,125397,2.69,2.53,2.69,2.48,1636952400000000000,482
SOHOB,3155,14.9152,14.595,14.9152,14.3,1636952400000000000,15
SOHON,2450,14.84,14.7,14.84,14.3,1636952400000000000,18
SOHOO,832,14.25,14.2102,14.25,14.2102,1636952400000000000,7
SOHU,1221961,21.8,18.49,22.02,18.11,1636952400000000000,12718
SOI,187448,7.64,7.57,7.71,7.33,1636952400000000000,1951
SOJC,16541,26.1113,26.14,26.1622,26.11,1636952400000000000,167
SOJD,131698,26.93,26.86,26.95,26.76,1636952400000000000,443
SOJE,101138,25.49,25.37,25.49,25.3,1636952400000000000,483
SOL,1168058,9.25,8.72,9.305,8.63,1636952400000000000,8048
SOLN,84806,50.88,51.07,51.2481,50.88,1636952400000000000,228
SOLO,4181407,3.93,3.99,4.02,3.85,1636952400000000000,16535
SOLOW,14589,1.33,1.45,1.54,1.33,1636952400000000000,47
SOLY,127102,20.49,20.52,20.56,20.1635,1636952400000000000,1845
SON,293859,62.31,61.84,62.36,61.59,1636952400000000000,5846
SONM,5574390,2.2,2,2.21,1.96,1636952400000000000,13385
SONN,1835493,0.6201,0.6062,0.6246,0.6026,1636952400000000000,1951
SONO,3417119,34.54,34.52,35.44,34.27,1636952400000000000,28708
SONX,261031,10.095,10.9,11.1638,10,1636952400000000000,1843
SONY,308000,123.5,122.95,123.95,122.77,1636952400000000000,8487
SOPA,294456,43.6,51.83,51.94,41,1636952400000000000,4345
SOPH,27551,15.35,15.8,15.9,15.06,1636952400000000000,1129
SOR,3541,46.32,46.7091,47.1911,46.22,1636952400000000000,60
SOS,17499468,1.565,1.5,1.6,1.48,1636952400000000000,26077
SOTK,39147,5.9,6.04,6.1,5.71,1636952400000000000,195
SOVO,406615,16.04,15.27,16.295,15.135,1636952400000000000,5283
SOXL,11830815,64.73,63.2,64.74,61.26,1636952400000000000,111549
SOXQ,30423,30.21,29.93,30.21,29.8,1636952400000000000,846
SOXS,15106691,4.11,4.18,4.32,4.08,1636952400000000000,12626
SOXX,770328,527.57,523.26,527.57,517.88,1636952400000000000,19290
SOYB,59747,21.7,21.93,21.93,21.65,1636952400000000000,381
SP,64245,33.36,33.45,33.45,32.6,1636952400000000000,746
SPAB,1223661,29.74,29.61,29.74,29.61,1636952400000000000,3762
SPAK,42210,25.3,25.31,25.34,25.17,1636952400000000000,250
SPAQ,369118,10,9.97,10,9.96,1636952400000000000,586
SPAQ.U,9396,10.27,10.3305,10.3507,10.27,1636952400000000000,35
SPAQ.WS,64648,1.33,1.5,1.55,1.33,1636952400000000000,191
SPAX,1076,20.6099,20.4319,20.6099,20.43,1636952400000000000,45
SPB,723024,104.02,104.77,105.47,102.47,1636952400000000000,10719
SPBC,24753,29.59,29.4145,29.6,29.39,1636952400000000000,266
SPBO,411936,35.09,34.84,35.09,34.835,1636952400000000000,376
SPC,4204,20.45,20.425,20.45,20.41,1636952400000000000,22
SPCB,408480,0.7952,0.793,0.83,0.79,1636952400000000000,1090
SPCE,11352854,19.2,19,19.505,18.97,1636952400000000000,88628
SPCX,12974,28.85,28.91,28.93,28.8,1636952400000000000,157
SPD,69347,32.7,32.55,32.72,32.55,1636952400000000000,298
SPDN,234546,14.33,14.37,14.405,14.33,1636952400000000000,358
SPDV,3469,30.82,30.94,30.94,30.82,1636952400000000000,64
SPDW,1399162,37.88,37.72,37.88,37.685,1636952400000000000,5066
SPE,75231,16.15,16.235,16.26,16.1399,1636952400000000000,314
SPEM,469202,44.28,44.09,44.28,44.03,1636952400000000000,2719
SPEU,47726,43.53,43.26,43.53,43.25,1636952400000000000,256
SPFF,67118,11.8,11.77,11.83,11.76,1636952400000000000,423
SPFI,29039,26.21,26.39,26.4,26.01,1636952400000000000,643
SPG,1668995,165.17,166.29,166.32,164.23,1636952400000000000,18191
SPGpJ,1230,75.73,73,76.07,73,1636952400000000000,39
SPGI,2099635,453.5,459.28,464.065,449.89,1636952400000000000,43871
SPGM,18957,58.83,58.596,58.87,58.59,1636952400000000000,270
SPGP,47186,95.19,94.65,95.19,94.53,1636952400000000000,622
SPGS,521248,9.78,9.79,9.79,9.77,1636952400000000000,98
SPGS.U,3554,9.94,9.99,9.99,9.94,1636952400000000000,33
SPGS.WS,12435,1.05,1.05,1.0799,1.04,1636952400000000000,38
SPH,290142,15.45,15.44,15.67,15.41,1636952400000000000,1274
SPHB,262569,81.71,81.35,81.7592,80.905,1636952400000000000,3019
SPHD,309295,43.88,44.02,44.05,43.79,1636952400000000000,4572
SPHQ,458636,52.72,52.59,52.82,52.505,1636952400000000000,2596
SPHY,304374,26.6,26.56,26.62,26.55,1636952400000000000,594
SPI,2317313,5.4,5.64,5.98,5.33,1636952400000000000,8436
SPIB,4192839,36.2,36.14,36.22,36.13,1636952400000000000,7434
SPIP,1415982,31.84,31.78,31.87,31.77,1636952400000000000,4147
SPIR,628997,5.33,5.4,5.54,5.3,1636952400000000000,4329
SPIR.WS,18150,1.122,1.09,1.18,1.09,1636952400000000000,50
SPK,400,9.9,9.9,9.9,9.9,1636952400000000000,2
SPKB,28874,9.7689,9.77,9.78,9.75,1636952400000000000,47
SPKBU,1220,10.01,9.92,10.01,9.92,1636952400000000000,9
SPKBW,274,1.05,1.05,1.05,1.05,1636952400000000000,20
SPLB,897903,31.73,31.34,31.73,31.34,1636952400000000000,3218
SPLG,2039445,55.12,54.98,55.1299,54.84,1636952400000000000,8577
SPLK,12795058,152.54,137.38,152.98,135.01,1636952400000000000,172361
SPLP,7058,34.2,33.75,34.2,33,1636952400000000000,268
SPLPpA,6950,23.94,24.1461,24.1599,23.92,1636952400000000000,60
SPLV,2173156,64.56,64.69,64.7,64.4,1636952400000000000,9021
SPMB,669420,25.49,25.45,25.49,25.44,1636952400000000000,2554
SPMD,644127,50.99,50.91,51.02,50.77,1636952400000000000,2724
SPMO,2168,65.4648,65.3749,65.5382,65.3749,1636952400000000000,53
SPMV,30,39.8452,39.8452,39.8452,39.8452,1636952400000000000,7
SPNE,154989,15.33,14.97,15.33,14.65,1636952400000000000,2087
SPNS,184511,36,37.36,37.4,36,1636952400000000000,3291
SPNT,1057873,9.07,8.95,9.11,8.78,1636952400000000000,7731
SPNTpB,52632,27.84,27.77,27.84,27.6622,1636952400000000000,487
SPOK,68416,10.48,10.13,10.5,10.05,1636952400000000000,1401
SPOT,1044096,281.81,278.38,286.6,278.33,1636952400000000000,23130
SPPI,1525471,2.08,2,2.0972,1.99,1636952400000000000,8013
SPPP,91243,15.97,16.07,16.33,15.97,1636952400000000000,548
SPQQ,1420,35.3767,35.2986,35.3767,35.27,1636952400000000000,7
SPR,2464134,47.11,47.27,47.64,46.66,1636952400000000000,25113
SPRB,94531,4.44,4.385,4.6099,4.35,1636952400000000000,648
SPRE,2614,25.82,25.7813,25.82,25.61,1636952400000000000,61
SPRO,75102,16.85,16.41,17.02,16.3,1636952400000000000,1441
SPRX,112,23.3145,23.3525,23.3525,23.3145,1636952400000000000,7
SPSB,802313,31.06,31.05,31.07,31.04,1636952400000000000,2841
SPSC,155852,146.99,147.63,148.46,145.14,1636952400000000000,5739
SPSK,1353,19.77,19.75,19.77,19.75,1636952400000000000,52
SPSM,320842,46.83,46.61,46.83,46.42,1636952400000000000,1940
SPT,510686,137.36,127.45,139.2399,126.16,1636952400000000000,10211
SPTI,282803,32.02,31.97,32.03,31.96,1636952400000000000,1023
SPTK,188498,9.72,9.72,9.72,9.72,1636952400000000000,1
SPTKU,377296,10,10.02,10.02,10,1636952400000000000,3
SPTKW,14775,0.8,0.7093,0.8,0.7093,1636952400000000000,60
SPTL,2854659,41.86,41.45,41.87,41.39,1636952400000000000,6991
SPTM,216552,57.89,57.72,57.89,57.595,1636952400000000000,2250
SPTN,317618,25.2,25.11,25.45,24.79,1636952400000000000,6273
SPTS,378985,30.5,30.5,30.51,30.4901,1636952400000000000,1226
SPUC,1299,35.09,35.0359,35.11,35.0359,1636952400000000000,10
SPUS,17406,32.87,32.57,32.87,32.42,1636952400000000000,391
SPUU,14153,116.32,115.76,116.39,115.43,1636952400000000000,176
SPVM,1070,52.21,51.999,52.21,51.999,1636952400000000000,25
SPVU,3273,44.4103,44.43,44.6183,44.4103,1636952400000000000,117
SPWH,253624,17.5,17.39,17.53,17.33,1636952400000000000,3196
SPWR,2119626,32.0322,31.53,32.31,30.87,1636952400000000000,24068
SPXB,642,90.8,90.463,90.8,90.463,1636952400000000000,21
SPXC,256331,66.95,65.22,67.16,64.72,1636952400000000000,2737
SPXE,217,101.279,101.279,101.279,101.279,1636952400000000000,17
SPXL,4203954,138.32,137.17,138.4,136.17,1636952400000000000,50085
SPXN,247,99.88,98.6053,99.88,98.6053,1636952400000000000,9
SPXS,4245201,17.63,17.78,17.91,17.62,1636952400000000000,8046
SPXT,565,79.51,79.5346,79.5346,79.51,1636952400000000000,13
SPXU,8134747,13.37,13.45,13.56,13.35,1636952400000000000,9596
SPXV,24,98.8864,98.8864,98.8864,98.8864,1636952400000000000,8
SPXX,26849,18.35,18.17,18.35,18.16,1636952400000000000,163
SPXZ,6794,18.72,18.8591,18.88,18.72,1636952400000000000,61
SPY,46579583,468.64,467.43,468.81,466.23,1636952400000000000,372693
SPYC,33732,33.78,33.7784,34.05,33.75,1636952400000000000,199
SPYD,961817,41.64,41.74,41.775,41.47,1636952400000000000,6613
SPYG,1651654,71.44,71.19,71.5292,70.915,1636952400000000000,10743
SPYV,1816195,41.54,41.46,41.549,41.39,1636952400000000000,3844
SPYX,42738,116.02,115.75,116.02,115.5,1636952400000000000,599
SQ,6489122,229,233.02,238.5999,228.8,1636952400000000000,108646
SQEW,10352,38.72,38.8279,38.91,38.72,1636952400000000000,125
SQFT,44751,3.72,3.74,3.78,3.69,1636952400000000000,453
SQFTP,6827,24.49,24.4499,24.5,24.4,1636952400000000000,58
SQL,1177806,3.79,3.9,4.2,3.73,1636952400000000000,3615
SQLLW,56103,1.2438,1.2,1.28,1.18,1636952400000000000,256
SQM,1099784,66.17,65.46,66.45,64.5515,1636952400000000000,15421
SQNS,71215,5.79,5.81,5.85,5.68,1636952400000000000,544
SQQQ,126688545,6.28,6.33,6.46,6.25,1636952400000000000,54860
SQSP,252675,47,47.75,48.89,46.3838,1636952400000000000,3511
SQZ,64882,14.13,14.21,14.48,13.75,1636952400000000000,956
SR,330807,62.58,63.61,63.81,62.45,1636952400000000000,5202
SRpA,27716,27.49,27.44,27.49,27.27,1636952400000000000,209
SRAD,170505,22.39,22.39,22.74,21.71,1636952400000000000,2486
SRAX,776453,5.62,5.6,5.8399,5.32,1636952400000000000,4793
SRC,580915,48.51,48.32,48.67,48.06,1636952400000000000,6852
SRCpA,4036,25.86,25.64,25.86,25.6,1636952400000000000,66
SRCE,25636,50.49,50.36,50.49,49.965,1636952400000000000,588
SRCL,434892,62.18,62.26,62.58,61.88,1636952400000000000,4655
SRDX,74326,50.05,48.88,51.62,48.76,1636952400000000000,2061
SRE,1536685,122.93,124.56,124.98,122.37,1636952400000000000,17508
SREA,20330,27.59,27.43,27.59,27.35,1636952400000000000,207
SRET,243780,9.7,9.72,9.7389,9.69,1636952400000000000,1628
SREV,181708,1.24,1.22,1.27,1.19,1636952400000000000,634
SRG,162249,15.13,15.46,15.5695,15.07,1636952400000000000,1765
SRGpA,862,24.28,24.1613,24.28,24.1613,1636952400000000000,14
SRGA,1782758,0.92,0.89,0.9296,0.88591,1636952400000000000,4615
SRI,80990,22.17,22.49,22.52,21.87,1636952400000000000,1785
SRL,13680,10.98,10.92,10.98,10.6502,1636952400000000000,125
SRLN,2077875,45.91,45.94,45.95,45.905,1636952400000000000,9474
SRLP,67495,16.5,16.6,16.75,16.24,1636952400000000000,635
SRNE,6070334,6.4383,6.11,6.48,6.09,1636952400000000000,26375
SRPT,497391,85.5,83.88,85.88,83.81,1636952400000000000,6896
SRRA,11047,22.58,22.41,22.67,21.7318,1636952400000000000,104
SRRK,125357,35,35.14,35.68,34.63,1636952400000000000,2863
SRS,54781,13.65,13.53,13.75,13.53,1636952400000000000,135
SRSA,6082,9.83,9.83,9.83,9.83,1636952400000000000,39
SRSAU,342,10.5,10.5,10.5,10.5,1636952400000000000,6
SRT,68964,4.81,4.65,4.85,4.65,1636952400000000000,697
SRTS,136804,5,5,5,4.96,1636952400000000000,528
SRTY,3726059,7.06,7.24,7.3305,7.05,1636952400000000000,4212
SRV,2911,35.01,35.2,35.205,34.79,1636952400000000000,44
SRVR,133196,40.97,41.11,41.14,40.79,1636952400000000000,1158
SRZN,32914,9.17,9.5,9.81,8.83,1636952400000000000,755
SRZNW,15528,2.15,2.02,2.165,1.89,1636952400000000000,93
SSAA,293,9.75,9.75,9.75,9.75,1636952400000000000,10
SSAAU,113,10.01,10.01,10.01,10.01,1636952400000000000,3
SSAAW,2765,0.76,0.7999,0.7999,0.75,1636952400000000000,22
SSB,254269,84.08,84.13,84.8,83.62,1636952400000000000,6482
SSBI,25268,16.24,16.08,16.24,15.5505,1636952400000000000,81
SSBK,2513,20.05,20,20.05,19.755,1636952400000000000,78
SSD,107914,120,117.84,120.18,117.685,1636952400000000000,2513
SSFI,272,25.009,24.94,25.009,24.94,1636952400000000000,3
SSG,22490,19.91,20.42,20.74,19.86,1636952400000000000,135
SSKN,20465,1.69,1.62,1.69,1.59,1636952400000000000,185
SSL,212909,17.27,17.16,17.28,17,1636952400000000000,2592
SSLY,2,56.311,56.311,56.311,56.311,1636952400000000000,2
SSNC,1422924,79.2,78.84,79.46,78.56,1636952400000000000,10760
SSNT,36725633,5.71,6.7,9.6,5.66,1636952400000000000,171273
SSO,1753167,142.46,141.71,142.56,141.02,1636952400000000000,21091
SSP,221808,20.51,20.6,20.705,20.35,1636952400000000000,3163
SSPX,2,25.9978,25.9978,25.9978,25.9978,1636952400000000000,2
SSPY,1173,71.125,71.0894,71.2,71.0894,1636952400000000000,30
SSRM,1323580,19.63,19.93,19.93,19.43,1636952400000000000,10531
SSSS,1136214,15.61,15.26,15.8546,15,1636952400000000000,9018
SSTI,21593,36.29,36.38,36.5,35.92,1636952400000000000,905
SSTK,210097,123.6,123.15,123.87,121.69,1636952400000000000,5260
SSUS,38414,36.87,36.71,36.87,36.5779,1636952400000000000,244
SSY,77058,2.38,2.46,2.5,2.38,1636952400000000000,380
SSYS,585601,33.37,33.05,34.02,32.605,1636952400000000000,8894
ST,531315,60.94,60.83,61.05,60.125,1636952400000000000,7230
STAA,141806,113.29,112.05,114.8652,111.41,1636952400000000000,4376
STAB,120899,4.17,4.02,4.18,3.8649,1636952400000000000,945
STAF,1076802,1.72,1.77,1.7899,1.68,1636952400000000000,3138
STAG,853190,42.68,43.11,43.12,42.52,1636952400000000000,9414
STAR,1859705,24.9,24.63,24.95,23.35,1636952400000000000,16817
STARpD,4409,25.82,25.79,25.82,25.74,1636952400000000000,43
STARpG,4177,25.8445,25.75,25.8445,25.7,1636952400000000000,24
STARpI,8871,25.59,25.69,25.69,25.59,1636952400000000000,78
STBA,74014,32.48,32.13,32.48,32,1636952400000000000,1265
STBL,15,24.53,24.53,24.53,24.53,1636952400000000000,4
STC,263356,78.24,79.81,80.14,77.7601,1636952400000000000,4034
STCN,42295,1.84,1.8212,1.85,1.817,1636952400000000000,143
STE,352668,231.7,232.38,233.48,230,1636952400000000000,8301
STEM,2099813,24.89,25.15,25.52,24.78,1636952400000000000,18498
STEP,526847,54.47,54.99,55.19,53.435,1636952400000000000,7274
STER,288994,26.2,26.7,26.92,25.805,1636952400000000000,3195
STFC,184588,51.45,51.3,51.45,51.2175,1636952400000000000,1734
STG,20745,4.57,4.24,4.849,4.21,1636952400000000000,313
STGW,574468,9.69,9.81,10.01,9.68,1636952400000000000,6353
STIM,247447,5.19,4.61,5.38,4.58,1636952400000000000,2217
STIP,592672,106.75,106.87,106.93,106.67,1636952400000000000,3556
STK,31532,38.74,38.9,38.9,38.3485,1636952400000000000,268
STKL,1103703,7.12,6.78,7.175,6.74,1636952400000000000,9504
STKS,494248,16.2,14.82,16.2,14.8,1636952400000000000,5653
STL,495888,27.06,27.02,27.14,26.81,1636952400000000000,5743
STLpA,2502,25.84,25.86,25.89,25.81,1636952400000000000,64
STLA,1396214,20.58,20.49,20.61,20.41,1636952400000000000,8780
STLD,1633942,66.01,65.48,66.05,64.31,1636952400000000000,22547
STLG,107,40.18,39.7693,40.18,39.7693,1636952400000000000,6
STLV,185,30.48,30.2593,30.48,30.2593,1636952400000000000,8
STM,1032669,51.35,51.08,51.39,50.84,1636952400000000000,12919
STN,57639,56.74,56.12,56.96,56.06,1636952400000000000,1310
STNC,0,28.2973,28.2973,28.2973,28.2973,1636952400000000000,0
STNE,5351257,30.27,31.31,31.47,30.1,1636952400000000000,31211
STNG,1246254,18.06,16.69,18.07,16.67,1636952400000000000,10975
STOK,112985,28.37,28.59,29.01,27.8001,1636952400000000000,2335
STON,126044,2.75,2.74,2.795,2.73,1636952400000000000,762
STOR,1037123,34.12,34.24,34.335,33.95,1636952400000000000,8962
STOT,14601,49.24,49.22,49.245,49.2,1636952400000000000,56
STPZ,113692,55.47,55.56,55.61,55.47,1636952400000000000,342
STRA,122118,61.38,60.53,62.305,60.15,1636952400000000000,3566
STRC,607579,8.22,8.7,8.8,8.01,1636952400000000000,4487
STRCW,122624,1.2,1.17,1.24,1.12,1636952400000000000,582
STRE,156636,9.83,9.83,9.83,9.81,1636952400000000000,131
STRE.U,25230,10,9.99,10.04,9.99,1636952400000000000,30
STRE.WS,7132,1.01,1,1.03,1,1636952400000000000,24
STRL,168871,29.04,28.17,29.065,28,1636952400000000000,2471
STRM,55553,1.75,1.68,1.75,1.67,1636952400000000000,361
STRN,3026789,5.35,5.42,5.59,5.1,1636952400000000000,10014
STRNW,402389,1.19,1.1,1.23,1.04,1636952400000000000,916
STRO,236832,19.71,19.15,19.99,18.93,1636952400000000000,4268
STRR,140906,2.6017,2.58,2.615,2.51,1636952400000000000,762
STRRP,986,10.1,10,10.1,10,1636952400000000000,11
STRS,7737,35.45,35.35,35.5,34.8012,1636952400000000000,288
STRT,8076,42.04,42.69,42.75,41.1,1636952400000000000,164
STSA,69148,6,5.85,6,5.8043,1636952400000000000,918
STT,1383759,99.42,99.92,99.93,98.8554,1636952400000000000,16431
STTpD,41813,28.11,28,28.2399,27.96,1636952400000000000,310
STTpG,18851,28.9027,28.74,29.03,28.72,1636952400000000000,197
STTK,212431,12.42,12.48,12.91,12.15,1636952400000000000,3507
STVN,178929,22.15,21.97,22.54,21.77,1636952400000000000,1916
STWD,2440260,26.15,26.2,26.32,26.065,1636952400000000000,11182
STX,2991777,108.19,105.66,108.3,105.205,1636952400000000000,36318
STXB,54772,25.96,25.51,25.96,25.02,1636952400000000000,795
STXS,231559,6.52,6.65,6.7,6.34,1636952400000000000,2930
STZ,930676,227.27,228.82,229.57,226.47,1636952400000000000,18969
SU,5664461,25.63,25.93,26.1,25.245,1636952400000000000,29305
SUB,204843,107.35,107.38,107.39,107.34,1636952400000000000,936
SUBS,5408,25.5,25.47,25.5,25.45,1636952400000000000,362
SUBZ,11148,10.85,10.67,10.85,10.6398,1636952400000000000,153
SUI,687455,192.59,190.53,193.02,188.72,1636952400000000000,10480
SULR,334,35.29,35.29,35.29,35.29,1636952400000000000,27
SUM,1165852,40.74,41.11,41.29,40.35,1636952400000000000,12563
SUMO,622422,16.98,16.22,16.98,16.15,1636952400000000000,8216
SUMR,55172,11.12,12.26,12.46,11.12,1636952400000000000,442
SUN,187493,40.18,39.98,40.21,39.7304,1636952400000000000,1949
SUNL,1719491,5.555,5.89,5.9,5.555,1636952400000000000,9662
SUNL.WS,77561,1.09,1.14,1.17,1.04,1636952400000000000,241
SUNS,48932,15.71,15.68,15.75,15.64,1636952400000000000,531
SUNW,1923047,5.93,6.08,6.25,5.82,1636952400000000000,12786
SUNY,51,9.905,9.905,9.905,9.905,1636952400000000000,2
SUP,75072,5.38,5.36,5.49,5.245,1636952400000000000,455
SUPN,287897,32.66,32.59,32.915,31.9741,1636952400000000000,5152
SUPV,471218,2.31,2.31,2.33,2.19,1636952400000000000,1614
SURF,400003,6.48,6.37,6.5,6.33,1636952400000000000,3846
SURG,1080648,2.8144,2.98,2.99,2.51,1636952400000000000,2771
SURGW,18054,0.77,0.8316,0.8316,0.711,1636952400000000000,67
SUSA,97363,105.27,104.88,105.27,104.7001,1636952400000000000,1046
SUSB,133864,25.77,25.73,25.77,25.72,1636952400000000000,485
SUSC,89152,27.47,27.32,27.47,27.3,1636952400000000000,652
SUSL,50518,83.98,83.61,83.98,83.42,1636952400000000000,178
SUZ,204762,9.52,9.43,9.56,9.41,1636952400000000000,1494
SV,81715,9.94,9.96,9.97,9.94,1636952400000000000,627
SVAL,22554,33.35,33.195,33.35,33.03,1636952400000000000,143
SVC,1055252,10.78,10.81,10.88,10.7,1636952400000000000,7326
SVFA,6054245,9.99,10.67,10.88,9.975,1636952400000000000,24640
SVFAU,393163,10.26,11.06,11.29,10.24,1636952400000000000,2649
SVFAW,1133095,1.4,1.9,2.22,1.3999,1636952400000000000,3933
SVFB,206282,10.05,10.16,10.23,10,1636952400000000000,599
SVFC,515904,9.99,10.07,10.0999,9.93,1636952400000000000,241
SVFD,13101,7.47,7.63,7.9,7.47,1636952400000000000,111
SVM,1137973,4.65,4.58,4.66,4.53,1636952400000000000,4038
SVNAU,35899,10.08,10.08,10.08,10.08,1636952400000000000,22
SVOK,79209,9.98,9.98,9.9888,9.9713,1636952400000000000,159
SVOKW,143572,1.1399,1.12,1.19,1.08,1636952400000000000,256
SVOL,9888,27.97,28.11,28.17,27.96,1636952400000000000,70
SVRA,358289,1.14,1.14,1.15,1.12,1636952400000000000,1088
SVSVU,526,10.419,10.419,10.419,10.419,1636952400000000000,3
SVSVW,73620,0.639,0.649,0.65,0.63,1636952400000000000,127
SVT,696,11.5,11.5,11.5,11.5,1636952400000000000,13
SVVC,57278,4.35,4.484,4.53,4.295,1636952400000000000,266
SVXY,1637661,63.3,63.37,63.37,62.24,1636952400000000000,23778
SWAG,139749,9.85,9.85,9.88,9.85,1636952400000000000,116
SWAGU,15820,10.16,10.17,10.2,10.16,1636952400000000000,155
SWAGW,13607,0.71,0.7,0.71,0.6511,1636952400000000000,88
SWAN,109713,36.17,35.94,36.17,35.92,1636952400000000000,555
SWAV,354570,220.03,205.49,220.03,198.985,1636952400000000000,9962
SWBI,769788,22.79,23.4,23.4,22.7,1636952400000000000,8612
SWCH,2891805,24.29,24.92,25.16,24.29,1636952400000000000,22922
SWETW,602,0.6498,0.66,0.66,0.6334,1636952400000000000,7
SWI,470654,16.85,16.7,16.85,16.445,1636952400000000000,3966
SWIM,656897,23.33,22.57,24.27,22.35,1636952400000000000,8977
SWIR,187298,18.9,18.58,19.1973,18.54,1636952400000000000,2538
SWK,1271259,196.36,194.21,198.14,193.82,1636952400000000000,19568
SWKH,43266,17.55,18.61,18.75,17.55,1636952400000000000,695
SWKS,1419469,165.18,163.21,165.6982,162.71,1636952400000000000,25847
SWM,174736,35.18,35.71,35.955,35.01,1636952400000000000,3110
SWN,18243158,5.28,5.34,5.42,5.16,1636952400000000000,43879
SWSS,6244,9.81,9.82,9.83,9.81,1636952400000000000,24
SWSSU,1258,10.08,10.085,10.085,10.08,1636952400000000000,11
SWSSW,23710,0.595,0.595,0.595,0.56,1636952400000000000,43
SWT,9794,113.44,111.84,113.44,111.84,1636952400000000000,94
SWTX,224435,70.01,69.63,70.88,68.75,1636952400000000000,4775
SWX,321151,69.91,71.28,71.29,69.6,1636952400000000000,4544
SWZ,4554,9.7522,9.76,9.76,9.75,1636952400000000000,32
SXC,883955,6.77,6.55,6.81,6.45,1636952400000000000,5758
SXI,46370,119.49,116.74,119.49,116.32,1636952400000000000,1849
SXQG,30946,27.96,27.8931,27.96,27.8931,1636952400000000000,38
SXT,270716,102.36,102.98,103.01,100.695,1636952400000000000,3727
SXTC,132556,0.8831,0.86,0.8979,0.84,1636952400000000000,374
SXUS,202,23.215,23.1471,23.215,23.1471,1636952400000000000,3
SY,445768,4.42,4.39,4.48,4.3029,1636952400000000000,2481
SYBT,29509,66.04,65.94,66.04,65.33,1636952400000000000,1055
SYBX,94926,2.79,2.76,2.82,2.73,1636952400000000000,818
SYF,3358959,50.33,50.13,51.085,50,1636952400000000000,33366
SYFpA,33085,26.5,26.25,26.5,26.22,1636952400000000000,231
SYK,897313,265.04,261.89,266.33,261.265,1636952400000000000,16342
SYLD,31071,67.54,67.18,67.54,67.0716,1636952400000000000,276
SYN,1432769,0.3988,0.389,0.4,0.385,1636952400000000000,2503
SYNA,400208,255,259.55,259.55,251.39,1636952400000000000,9560
SYNH,783931,99.02,98.37,101.28,98,1636952400000000000,12563
SYNL,50249,13.59,14,14.13,13.5,1636952400000000000,314
SYPR,211008,3.26,3.38,3.44,3.26,1636952400000000000,1067
SYRS,422612,4.14,4.26,4.34,4.1,1636952400000000000,3451
SYTA,15678334,3.45,4.13,5.64,3.31,1636952400000000000,55528
SYTAW,2282418,0.8302,0.97,1.81,0.81005,1636952400000000000,6223
SYUS,0,45.7276,45.7276,45.7276,45.7276,1636952400000000000,0
SYY,1727172,76.6,76.43,77.3,76.01,1636952400000000000,21499
SZC,6223,50.66,50.39,50.87,50.09,1636952400000000000,72
SZK,2456,12.11,12.0209,12.18,12.0209,1636952400000000000,16
SZNE,3759,40.01,39.9153,40.018,39.9153,1636952400000000000,50
SZZLU,923,10.1265,10.1,10.1265,10.1,1636952400000000000,10
T,40201081,24.97,24.8,25.05,24.74,1636952400000000000,134808
TpA,36618,26.56,26.31,26.56,26.3,1636952400000000000,306
TpC,47442,25.84,25.65,25.85,25.59,1636952400000000000,392
TA,93280,59.73,58.88,59.88,58.01,1636952400000000000,2720
TAC,130799,10.76,10.76,10.8,10.65,1636952400000000000,1265
TACA,263,9.96,9.97,9.97,9.96,1636952400000000000,9
TACA.WS,29841,0.72,0.7699,0.7699,0.71,1636952400000000000,65
TACO,197821,8.5,8.58,8.59,8.46,1636952400000000000,2242
TACT,14719,12.98,12.98,13.1,12.93,1636952400000000000,143
TADS,198,30.3781,30.3781,30.3781,30.3781,1636952400000000000,4
TAGG,1082,49.869,49.8171,49.87,49.8171,1636952400000000000,11
TAGS,13720,27.65,27.63,27.67,27.47,1636952400000000000,140
TAIL,254744,17.94,17.9,17.97,17.9,1636952400000000000,512
TAIT,66421,4.42,4.535,4.6,4.4,1636952400000000000,200
TAK,1887738,14.43,14.41,14.53,14.39,1636952400000000000,10278
TAL,12276204,4.2,4.24,4.31,4.05,1636952400000000000,35116
TALK,1593032,3.56,3.39,3.56,3.32,1636952400000000000,7916
TALKW,62630,0.6464,0.65,0.65,0.61,1636952400000000000,134
TALO,1573556,10.56,10.84,11.025,10.25,1636952400000000000,15829
TALS,91969,16.24,14.86,16.24,14.78,1636952400000000000,1887
TAN,1365261,99.67,98,99.67,97.42,1636952400000000000,16935
TANH,872246,0.9,0.8359,0.91,0.827,1636952400000000000,1249
TANNI,14014,26,26.01,26.07,25.79,1636952400000000000,80
TANNL,2808,26.2,26.08,26.2,26.08,1636952400000000000,48
TANNZ,676,26.14,26.07,26.162,26.07,1636952400000000000,16
TAOP,46165,3.31,3.17,3.34,3.145,1636952400000000000,396
TAP,1711925,47.88,49.21,49.34,47.65,1636952400000000000,18128
TARA,47363,7.36,7.15,7.59,7.15,1636952400000000000,485
TARO,8549,56.42,54.01,56.42,54.01,1636952400000000000,387
TARS,20125,27.39,25.56,27.39,24.8,1636952400000000000,703
TASK,1024288,64.7,63.96,66.84,63.14,1636952400000000000,11819
TAST,378791,3.4,3.325,3.46,3.31,1636952400000000000,2842
TATT,24635,6.55,6.56,6.59,6.4206,1636952400000000000,187
TAXF,6088,55.229,55.19,55.23,55.19,1636952400000000000,40
TAYD,950,11.43,11.525,11.65,11.43,1636952400000000000,16
TBB,233115,25.98,25.97,26,25.936,1636952400000000000,751
TBBK,291519,31.78,31.56,32.17,31.34,1636952400000000000,4011
TBC,28483,26.87,26.86,26.93,26.86,1636952400000000000,268
TBCP,385192,9.805,9.85,9.85,9.79,1636952400000000000,180
TBCPU,3477,9.98,9.98,9.98,9.965,1636952400000000000,125
TBCPW,18703,0.8651,0.9199,0.93065,0.8651,1636952400000000000,80
TBF,909945,16.29,16.44,16.47,16.2719,1636952400000000000,2234
TBI,197167,27.34,27.13,27.34,26.37,1636952400000000000,3181
TBJL,1112,24.31,24.1371,24.31,24.1371,1636952400000000000,6
TBK,101254,128.02,130.62,131.5,126.7,1636952400000000000,2501
TBKCP,749,27.8,27.7203,27.8,27.7203,1636952400000000000,10
TBLA,514842,9.84,9.93,10.27,9.84,1636952400000000000,3938
TBLAW,6977,2.59,2.5,2.59,2.4731,1636952400000000000,57
TBLD,187975,20,19.93,20.0406,18.55,1636952400000000000,573
TBLT,4669301,0.5189,0.521,0.521,0.506101,1636952400000000000,4231
TBLTW,17517,0.1897,0.1801,0.195,0.18,1636952400000000000,20
TBNK,9365,26.11,26.14,26.165,25.9065,1636952400000000000,237
TBPH,482147,8.36,8.22,8.56,8.1383,1636952400000000000,3891
TBSAU,114,9.92,9.92,9.92,9.92,1636952400000000000,1
TBT,7153288,17.46,17.81,17.8784,17.45,1636952400000000000,12761
TBUX,52,49.92,49.92,49.92,49.92,1636952400000000000,2
TBX,99932,24.49,24.55,24.58,24.49,1636952400000000000,268
TC,16144,2.35,2.3047,2.36,2.3047,1636952400000000000,58
TCAC,30781,9.874,9.88,9.9,9.87,1636952400000000000,95
TCACU,7107,10.22,10.29,10.3,10.2,1636952400000000000,34
TCACW,22676,0.8,0.8399,0.9499,0.791,1636952400000000000,139
TCBC,557,13.7,13.6999,13.7,13.6999,1636952400000000000,17
TCBI,224536,63.65,63.24,63.87,62.77,1636952400000000000,5420
TCBIO,8391,26.56,26.3,26.56,26.26,1636952400000000000,100
TCBK,98389,46.6,46.33,46.82,46.16,1636952400000000000,1009
TCBS,6086,15.5101,15.5,15.5101,15.5,1636952400000000000,51
TCBX,244545,25.05,26.9,27.22,25.05,1636952400000000000,1717
TCDA,1153559,5.35,6.35,6.515,5.35,1636952400000000000,7320
TCFC,5114,39.12,39.35,39.35,38.44,1636952400000000000,160
TCHP,28777,34.59,34.44,34.63,34.33,1636952400000000000,295
TCI,2145,38.05,38.98,38.98,38.05,1636952400000000000,48
TCMD,208606,29.51,28.67,29.875,28.35,1636952400000000000,4273
TCN,66192,14.44,14.31,14.44,14.29,1636952400000000000,679
TCOM,1935797,31.15,30.87,31.41,30.8,1636952400000000000,21597
TCON,171331,3.29,3.25,3.4,3.16,1636952400000000000,639
TCPC,747289,14.1,13.73,14.2099,13.63,1636952400000000000,5087
TCRR,651221,6.9,6.8,6.95,6.51,1636952400000000000,6572
TCRX,13072,8.95,8.13,8.9722,8,1636952400000000000,185
TCS,326387,13.49,13.06,13.579,12.971,1636952400000000000,4843
TCTL,300,34.45,34.45,34.45,34.45,1636952400000000000,1
TCX,17432,88.46,89.97,89.97,88.125,1636952400000000000,403
TD,5399843,74.6,74.59,75.13,74.36,1636952400000000000,14693
TDC,764303,48.62,49.11,49.52,48.1105,1636952400000000000,10008
TDCX,51370,24.47,24.35,25,24.2,1636952400000000000,878
TDF,76303,18.62,18.64,18.71,18.6,1636952400000000000,430
TDG,246120,648.45,653.74,656.59,641.75,1636952400000000000,8781
TDIV,33175,60.35,60.2,60.35,60.0184,1636952400000000000,374
TDOC,2137717,136,134.93,137.11,133.255,1636952400000000000,36004
TDS,673941,20,19.67,20.12,19.54,1636952400000000000,7666
TDSpU,24985,27.2,26.84,27.2,26.83,1636952400000000000,230
TDSpV,68188,25.7,25.44,25.82,25.44,1636952400000000000,478
TDSA,4746,26.29,26.2374,26.29,26.2374,1636952400000000000,9
TDSB,61610,26.65,26.6,26.65,26.56,1636952400000000000,35
TDSC,64230,28.44,28.33,28.44,28.29,1636952400000000000,27
TDSD,31176,30.01,29.88,30.01,29.8645,1636952400000000000,25
TDSE,26545,30.73,30.57,30.73,30.53,1636952400000000000,27
TDTF,69886,28.33,28.32,28.37,28.29,1636952400000000000,247
TDTT,141611,26.56,26.61,26.621,26.55,1636952400000000000,278
TDUP,910340,20.61,21.53,21.7007,20.58,1636952400000000000,11098
TDV,5218,65.19,65.01,65.23,64.86,1636952400000000000,93
TDVG,11926,34.36,34.26,34.36,34.22,1636952400000000000,98
TDW,106756,11.97,12.16,12.17,11.62,1636952400000000000,1230
TDW.WS,3287,0.4502,0.46,0.460101,0.4445,1636952400000000000,23
TDW.WS.A,1869,1.25,1.21,1.25,1.21,1636952400000000000,11
TDW.WS.B,748,1,0.9201,1,0.9201,1636952400000000000,8
TDY,143846,445.9,443.84,447.92,443.195,1636952400000000000,4349
TEAF,29108,14.98,14.98,15.0599,14.93,1636952400000000000,123
TEAM,607023,445.91,433.99,446.26,431.57,1636952400000000000,21544
TECB,41369,43.82,43.6,43.82,43.5014,1636952400000000000,189
TECH,111229,504.94,501.77,507.9125,501.56,1636952400000000000,4786
TECK,8722668,28,27.45,28.11,26.83,1636952400000000000,48645
TECL,958640,79.69,78.52,80.03,77.18,1636952400000000000,10973
TECS,262530,32.85,33.33,33.91,32.715,1636952400000000000,2046
TEDU,317716,0.8089,0.76515,0.818799,0.755,1636952400000000000,474
TEF,8789657,4.5,4.47,4.5179,4.45,1636952400000000000,3508
TEGS,1,30.952,30.952,30.952,30.952,1636952400000000000,1
TEI,78356,7.82,7.8,7.83,7.77,1636952400000000000,387
TEKK,54620,9.8,9.79,9.81,9.79,1636952400000000000,271
TEKKU,141,10.3156,10.3156,10.3156,10.3156,1636952400000000000,3
TEKKW,34109,0.9,0.91,0.94,0.89,1636952400000000000,94
TEL,1126239,164.47,164.23,165.75,163.23,1636952400000000000,16094
TELA,5885,13,12.4347,13,12.4347,1636952400000000000,116
TELL,9488513,3.99,4.09,4.14,3.8,1636952400000000000,26043
TELZ,60936,24.8,24.66,24.9,24.6,1636952400000000000,346
TEN,835555,13.15,12.87,13.22,12.77,1636952400000000000,8251
TENB,775835,53.8732,53.97,54.64,53.155,1636952400000000000,12661
TENG,638,29.31,29.2671,29.31,29.2671,1636952400000000000,34
TENX,50791,1.44,1.39,1.4495,1.37,1636952400000000000,231
TEO,124804,5.29,5.45,5.52,5.24,1636952400000000000,874
TEQI,1660,36.5508,36.5216,36.5523,36.5216,1636952400000000000,30
TER,1361924,148.1,148.17,149.95,146.73,1636952400000000000,24197
TERN,52005,8.89,8.49,9.0868,8.44,1636952400000000000,1000
TESS,15271,6.1,6.14,6.2813,6.06,1636952400000000000,152
TETC,2032,9.72,9.73,9.73,9.72,1636952400000000000,12
TETCW,27422,0.68613,0.7489,0.76,0.680101,1636952400000000000,61
TEVA,4837417,9.49,9.44,9.599,9.42,1636952400000000000,18537
TEX,577863,49.18,48.27,49.27,48.12,1636952400000000000,5802
TFC,3115206,62.97,63.28,63.38,62.76,1636952400000000000,31637
TFCpI,10548,25.34,25.35,25.35,25.25,1636952400000000000,92
TFCpO,23036,27.86,27.72,27.86,27.65,1636952400000000000,265
TFCpR,48773,26.25,26.21,26.25,26.02,1636952400000000000,386
TFFP,137353,7.32,6.96,7.375,6.95,1636952400000000000,1262
TFI,511573,51.66,51.62,51.66,51.56,1636952400000000000,8869
TFII,177250,114.11,111.8,114.19,111.515,1636952400000000000,3103
TFJL,436,23.5999,23.5447,23.5999,23.5447,1636952400000000000,7
TFLO,46821,50.27,50.265,50.27,50.26,1636952400000000000,96
TFSA,1892,25.7,25.65,25.7,25.65,1636952400000000000,5
TFSL,95561,19.96,19.95,20.07,19.89,1636952400000000000,1354
TFX,330747,339.99,338.14,339.99,335.26,1636952400000000000,8357
TG,158198,12.84,12.42,12.84,12.3085,1636952400000000000,2020
TGA,1018411,3.19,3.33,3.34,3.06,1636952400000000000,3894
TGB,772432,2.17,2.11,2.17,2.09,1636952400000000000,2222
TGH,488514,38,37.38,38.0621,37.1,1636952400000000000,5514
TGHpA,3851,27.06,26.8,27.06,26.8,1636952400000000000,23
TGHpB,11522,25.65,25.85,25.85,25.65,1636952400000000000,122
TGI,468056,22.26,21.92,22.53,21.81,1636952400000000000,5400
TGIF,2909,105.74,105.625,105.74,105.5001,1636952400000000000,206
TGLS,331192,34.32,32.23,34.5,31.8,1636952400000000000,4582
TGNA,1798005,21.45,21.34,21.5,21.265,1636952400000000000,8973
TGP,899557,16.88,16.87,16.89,16.86,1636952400000000000,2973
TGPpA,8545,25.37,25.377,25.4399,25.34,1636952400000000000,98
TGPpB,4320,26.15,26.13,26.19,26.13,1636952400000000000,88
TGRW,12785,35.31,35.28,35.37,35.15,1636952400000000000,77
TGS,151243,5.41,5.38,5.47,5.29,1636952400000000000,1297
TGT,4822016,262.79,264.33,268.98,261.4,1636952400000000000,81272
TGTX,3640693,28.75,27.05,29.8478,26.5105,1636952400000000000,35146
TH,142827,5.04,4.8,5.06,4.68,1636952400000000000,1088
THC,813925,79.81,80.23,80.975,78.84,1636952400000000000,8859
THCA,5851,10.15,10.15,10.159,10.15,1636952400000000000,25
THCAU,1871,10.31,10.42,10.536,10.31,1636952400000000000,21
THCP,1195,9.7,9.72,9.72,9.69,1636952400000000000,8
THCPU,14651,9.85,9.85,9.9064,9.85,1636952400000000000,147
THCPW,1900,0.989799,0.989799,0.989799,0.9799,1636952400000000000,8
THCX,145644,13.19,12.82,13.2299,12.76,1636952400000000000,1659
THD,104039,78.8,78.63,78.89,78.51,1636952400000000000,1511
THFF,54524,45.45,44.4,45.45,44.25,1636952400000000000,1028
THG,131603,127.63,127.43,128.68,127.13,1636952400000000000,3075
THM,143972,0.87,0.86,0.93,0.854301,1636952400000000000,345
THMA,751296,9.98,9.98,9.99,9.97,1636952400000000000,789
THMAW,338785,1.2,1.28,1.45,1.2,1636952400000000000,875
THMO,66078,1.51,1.52,1.5499,1.49,1636952400000000000,293
THNQ,4103,47.96,47.4762,47.96,47.395,1636952400000000000,98
THO,355929,114.52,114.76,115.24,112.69,1636952400000000000,8591
THQ,56778,24.7,24.5,24.835,24.49,1636952400000000000,382
THR,80750,18.5,18.5,18.58,18.14,1636952400000000000,1417
THRM,339759,81.3,84.81,85.78,79.36,1636952400000000000,5128
THRN,194451,10,9.94,10,9.8,1636952400000000000,1551
THRX,156714,17.01,17,17.6,16.77,1636952400000000000,1838
THRY,431485,35.31,35.43,36.36,35.03,1636952400000000000,6014
THS,854186,35.87,38.04,38.09,35.6,1636952400000000000,10065
THTX,109962,3.49,3.45,3.49,3.38,1636952400000000000,404
THW,89584,16.84,16.8,16.94,16.8,1636952400000000000,470
THWWW,11405,0.5,0.48,0.5,0.4799,1636952400000000000,35
THY,5175,24.71,24.67,24.71,24.65,1636952400000000000,41
TIG,196411,8.42,8.6,8.65,8.08,1636952400000000000,2014
TIGO,72182,36.61,36.74,37,36.565,1636952400000000000,646
TIGR,5500664,7.36,7.34,7.77,7.12,1636952400000000000,26657
TIL,353986,21.15,20.95,21.38,20.21,1636952400000000000,6503
TILE,205426,16.77,16.79,17.19,16.68,1636952400000000000,3007
TILT,11586,183.81,183.54,183.85,183.21,1636952400000000000,79
TIMB,144220,12,12.05,12.08,11.94,1636952400000000000,1082
TINT,2167,42.55,42.21,42.55,42.2,1636952400000000000,27
TINV,209,10.2,10.2,10.2,10.2,1636952400000000000,5
TINV.WS,1270,0.928,0.938001,0.9798,0.928,1636952400000000000,4
TINY,1896,43.21,42.9045,44,42.9045,1636952400000000000,32
TIOAW,613,0.9699,0.9488,0.9699,0.8827,1636952400000000000,7
TIP,4261640,130.55,130.44,130.76,130.405,1636952400000000000,18104
TIPT,83950,15.11,14.62,15.1527,14.5,1636952400000000000,1131
TIPX,313596,21.4,21.4,21.441,21.378,1636952400000000000,745
TIPZ,36576,67.21,67.115,67.3,67.115,1636952400000000000,253
TIRX,62065,3,2.93,3,2.91,1636952400000000000,522
TISI,4117259,1.55,1.49,1.66,1.46,1636952400000000000,8834
TITN,175996,33,33.35,33.5,32.57,1636952400000000000,2853
TIVC,2017747,5.43,5.47,5.77,5.35,1636952400000000000,4584
TIXT,134138,35.66,35.35,36.01,35.33,1636952400000000000,2131
TJX,6331256,69.31,69.32,70.48,69.16,1636952400000000000,65125
TK,742943,3.57,3.57,3.59,3.545,1636952400000000000,3099
TKAT,575310,5.6,5.35,5.6,5.29,1636952400000000000,3078
TKC,563833,4.39,4.44,4.46,4.39,1636952400000000000,3317
TKNO,44500,26.46,24.63,26.46,24.15,1636952400000000000,1293
TKR,828391,77.42,77.43,77.75,76.75,1636952400000000000,9732
TLGA,674,9.74,9.75,9.75,9.74,1636952400000000000,115
TLH,30268,147.66,146.33,147.66,146.16,1636952400000000000,557
TLIS,314156,5.75,5.8,5.87,5.31,1636952400000000000,2664
TLK,91678,25.24,25.34,25.46,25.24,1636952400000000000,1028
TLMD,1126179,2.83,2.74,2.97,2.63,1636952400000000000,6604
TLMDW,153544,0.3489,0.309,0.3493,0.27,1636952400000000000,305
TLRY,61277592,13.37,13.03,13.95,12.97,1636952400000000000,239775
TLS,12021405,16.96,17.54,19.4799,14.8,1636952400000000000,91453
TLSA,154654,1.4,1.42,1.47,1.39,1636952400000000000,639
TLT,15232710,146.89,145.48,146.96,145.22,1636952400000000000,85791
TLTD,3687,74.37,74.11,74.42,74.11,1636952400000000000,47
TLTE,9665,61.9,61.6348,61.9,61.57,1636952400000000000,51
TLYS,175071,16.09,16.3,16.44,15.93,1636952400000000000,2803
TM,176200,185.02,184.39,185.4596,184.34,1636952400000000000,6828
TMAC,36521,9.75,9.745,9.75,9.74,1636952400000000000,255
TMAC.U,39905,10.065,10.05,10.065,10.05,1636952400000000000,82
TMAC.WS,139009,0.65,0.6475,0.65,0.63995,1636952400000000000,167
TMAT,67326,24.17,23.84,24.17,23.75,1636952400000000000,195
TMBR,2808295,0.5126,0.51,0.529,0.502,1636952400000000000,2822
TMC,2810843,3.26,3.47,3.48,3.22,1636952400000000000,10805
TMCI,431176,21.68,20.57,21.865,19.96,1636952400000000000,5776
TMCWW,20568,0.9893,0.93,0.9893,0.8815,1636952400000000000,83
TMDI,2546059,1.12,1.03,1.1398,1,1636952400000000000,5071
TMDV,308,49.68,49.624,49.6937,49.624,1636952400000000000,10
TMDX,193384,26.92,25.73,26.92,25.575,1636952400000000000,3523
TME,11436473,8.78,8.41,8.86,8.38,1636952400000000000,45890
TMF,1422645,27.66,26.86,27.6999,26.705,1636952400000000000,8314
TMFC,28799,43.99,43.77,43.99,43.6143,1636952400000000000,394
TMHC,715046,32.78,32.5,32.78,32.16,1636952400000000000,8799
TMKR,12214,9.82,9.84,9.86,9.82,1636952400000000000,106
TMKRU,1168,10.15,10.16,10.17,10.15,1636952400000000000,18
TMKRW,14034,0.6999,0.7001,0.7001,0.6981,1636952400000000000,116
TMO,810923,636.59,632.36,639.26,632.01,1636952400000000000,21689
TMP,37512,84.6,84.83,85.75,83.7952,1636952400000000000,1310
TMPM,100105,9.82,9.82,9.82,9.82,1636952400000000000,21
TMQ,157252,1.92,1.88,1.95,1.87,1636952400000000000,638
TMST,519938,15.42,15.1,15.57,14.76,1636952400000000000,5084
TMUS,5334369,117.99,117.77,118.3,115.7567,1636952400000000000,51150
TMV,585624,57.64,59.29,59.559,57.57,1636952400000000000,5013
TMX,425483,40.77,40.22,41.185,40.11,1636952400000000000,6029
TNA,7961818,108.9,106.15,109.08,104.8,1636952400000000000,86283
TNC,37003,84.42,83.8,84.42,83.56,1636952400000000000,1165
TNDM,253134,136.64,137.46,137.69,135.425,1636952400000000000,5472
TNET,263661,108.37,107.32,109.4,106.68,1636952400000000000,4634
TNGX,235445,13.36,13.5,13.75,12.88,1636952400000000000,3702
TNK,264723,13.655,13.41,13.84,13.35,1636952400000000000,3221
TNL,443084,55.48,56,56.38,55.32,1636952400000000000,6461
TNP,58012,8.5,8.39,8.65,8.34,1636952400000000000,708
TNPpD,9990,24.7,24.8,24.8,24.605,1636952400000000000,30
TNPpE,7432,24.33,24.3,24.39,24.2772,1636952400000000000,67
TNPpF,8950,23.94,23.94,23.9685,23.87,1636952400000000000,56
TNXP,21139812,0.55,0.5781,0.5847,0.541,1636952400000000000,21348
TNYA,112018,26.03,23.75,26.93,22.91,1636952400000000000,2138
TOACU,25511,10.14,10.14,10.14,10.14,1636952400000000000,14
TOI,85803,10.22,9.77,10.48,8.66,1636952400000000000,516
TOIIW,13670,1.7,1.58,1.7,1.5,1636952400000000000,31
TOK,2003,102.185,101.97,102.185,101.97,1636952400000000000,16
TOKE,31974,14.97,14.7,14.99,14.69,1636952400000000000,364
TOL,426191,64.16,63.71,64.35,63.65,1636952400000000000,8019
TOLZ,8250,47,46.8557,47.009,46.75,1636952400000000000,135
TOMZ,63521,1.34,1.355,1.37,1.3097,1636952400000000000,228
TOPS,611125,1.23,1.23,1.25,1.21,1636952400000000000,2313
TOST,3078834,48,47.97,48.99,47.05,1636952400000000000,20880
TOTL,243973,47.69,47.65,47.7152,47.6,1636952400000000000,1107
TOTR,0,49.8616,49.8616,49.8616,49.8616,1636952400000000000,0
TOUR,88900,1.34,1.29,1.34,1.28,1636952400000000000,517
TOWN,97570,32.89,32.77,32.89,32.63,1636952400000000000,1353
TPAY,1098,43.439,43.0462,43.439,42.99,1636952400000000000,18
TPB,179500,41.73,39.9,41.86,39.87,1636952400000000000,3517
TPBA,1129,9.75,9.76,9.78,9.7,1636952400000000000,21
TPBAU,1370,9.99,9.99,10,9.99,1636952400000000000,13
TPBAW,123239,0.75,0.78,0.78,0.75,1636952400000000000,128
TPC,581713,15.6,14.79,15.67,14.69,1636952400000000000,4717
TPGS,1615593,10.12,10.25,10.25,10.1,1636952400000000000,2125
TPGY,370576,10.75,10.8,10.8795,10.6,1636952400000000000,2404
TPGY.U,1253,11.16,11.1601,11.49,11.16,1636952400000000000,6
TPGY.WS,50513,2.23,2.1093,2.23,2.0101,1636952400000000000,92
TPH,908556,25.58,25.49,25.82,25.32,1636952400000000000,8589
TPHD,17391,31.77,31.68,31.77,31.61,1636952400000000000,239
TPHE,694,26.3344,26.3272,26.35,26.2956,1636952400000000000,21
TPHS,4302,1.88,1.91,1.91,1.88,1636952400000000000,45
TPIC,803974,23.55,23.11,23.79,22.96,1636952400000000000,10270
TPIF,12123,29.66,29.4084,29.66,29.36,1636952400000000000,74
TPL,16742,1300.75,1295.13,1300.75,1270,1636952400000000000,1841
TPLC,10285,38.13,37.8827,38.13,37.8401,1636952400000000000,119
TPLE,3051,26.699,26.6456,26.699,26.6456,1636952400000000000,35
TPOR,54376,57.2,56.2,57.25,55.7801,1636952400000000000,679
TPR,4107355,45.53,44.9,45.61,44.41,1636952400000000000,32753
TPSC,180,36.4543,36.4543,36.4543,36.4543,1636952400000000000,30
TPST,9011,11.98,11.03,11.98,10.9,1636952400000000000,237
TPTA,8500,24.81,24.85,24.85,24.75,1636952400000000000,21
TPTX,557272,44.5,44.7,45.16,43.14,1636952400000000000,7437
TPVG,213549,18.9,18.83,19.13,18.73,1636952400000000000,1476
TPX,1103177,45.18,45.19,45.41,44.43,1636952400000000000,14725
TPYP,55470,23.09,23.16,23.23,22.9697,1636952400000000000,237
TPZ,26898,13.95,14.11,14.15,13.9308,1636952400000000000,100
TQQQ,34714381,166.91,165.4,167.31,162.09,1636952400000000000,339715
TR,74899,32.07,32.25,32.34,31.77,1636952400000000000,1872
TRAQ.U,52571,10.05,10.06,10.0724,10.05,1636952400000000000,28
TRC,67459,21.33,21.19,21.46,21.02,1636952400000000000,914
TRCA.U,900,9.96,10.02,10.02,9.96,1636952400000000000,3
TRCA.WS,400,0.7532,0.7132,0.76,0.7132,1636952400000000000,4
TRDA,321741,32.85,34.44,36.22,32.58,1636952400000000000,3859
TREB,224661,9.96,9.95,9.98,9.945,1636952400000000000,265
TREB.U,8301,10.5,10.5,10.5,10.5,1636952400000000000,40
TREB.WS,48814,1.75,1.61,1.75,1.6089,1636952400000000000,115
TREC,26914,9.18,9,9.18,8.85,1636952400000000000,247
TREE,112429,148.66,142.7,151,142.32,1636952400000000000,3703
TREX,720973,129.8,128.88,130.68,128.2,1636952400000000000,10556
TRGP,1166329,54.79,55.14,55.7,53.98,1636952400000000000,18221
TRHC,656894,14.12,13.49,14.39,13.43,1636952400000000000,7895
TRI,162953,120.1,120.33,120.63,119.99,1636952400000000000,4056
TRIB,89628,1.96,1.99,2.01,1.93,1636952400000000000,279
TRIL,877989,17.95,17.97,17.97,17.9,1636952400000000000,4999
TRIN,47701,17.34,17.26,17.4,17.25,1636952400000000000,410
TRIP,3058478,31.01,31.49,31.789,30.45,1636952400000000000,24656
TRIS.U,902805,9.9794,9.99,9.99,9.97,1636952400000000000,9
TRIT,728109,6.57,6.09,6.58,6.09,1636952400000000000,2968
TRITW,31569,1.61,1.54,1.68,1.51,1636952400000000000,103
TRKA,885332,2.09,2.21,2.2199,1.98,1636952400000000000,2541
TRKAW,179235,0.35,0.35,0.358,0.3105,1636952400000000000,256
TRMB,886400,86.98,87.31,87.865,86.815,1636952400000000000,13223
TRMD,174933,8.45,8.08,8.45,8.03,1636952400000000000,1116
TRMK,244747,33.93,33.85,33.99,33.53,1636952400000000000,3549
TRMR,447086,17.74,17.08,17.74,17.02,1636952400000000000,4118
TRN,548603,29,28.4,29.07,28.38,1636952400000000000,7469
TRND,2334,31.84,31.65,31.84,31.61,1636952400000000000,16
TRNO,429036,76.48,76.48,76.86,76.17,1636952400000000000,6712
TRNS,69393,99.68,94.19,100.875,93.43,1636952400000000000,1587
TRONW,18356,0.95,0.93,0.95,0.8502,1636952400000000000,58
TROW,487368,217.29,215.91,218.42,215.39,1636952400000000000,12721
TROX,1445506,24.7,24.42,24.95,24.35,1636952400000000000,10139
TRP,1247560,49.73,49.56,49.83,49.24,1636952400000000000,14369
TRPL,0,42.8678,42.8678,42.8678,42.8678,1636952400000000000,0
TRQ,999839,12.5,13.05,13.18,12.43,1636952400000000000,7369
TRS,84428,38.62,37.74,38.62,37.24,1636952400000000000,1896
TRST,56100,34.17,33.97,34.215,33.81,1636952400000000000,1242
TRT,12421181,4.8,6.73,7.87,4.7915,1636952400000000000,47832
TRTL,277816,9.75,9.74,9.77,9.72,1636952400000000000,194
TRTL.U,60208,10,9.9506,10,9.9506,1636952400000000000,182
TRTL.WS,37693,1.04,1.11,1.2299,1.03,1636952400000000000,66
TRTN,273980,61.9,61.49,62.3517,61.25,1636952400000000000,4638
TRTNpA,4924,28,27.827,28,27.82,1636952400000000000,34
TRTNpB,3565,27.529,27.47,27.56,27.47,1636952400000000000,53
TRTNpC,8690,27.1,27.09,27.25,27.04,1636952400000000000,79
TRTNpD,12989,27,27.05,27.05,26.925,1636952400000000000,127
TRTNpE,10069,26,26.05,26.08,26,1636952400000000000,128
TRTX,101175,13.39,13.16,13.39,13.1,1636952400000000000,1416
TRTXpC,2829,24.3,24.2199,24.3,24.17,1636952400000000000,54
TRTY,2111,28.4599,28.27,28.4599,28.27,1636952400000000000,33
TRU,906088,113.5,114.5,114.82,112.49,1636952400000000000,10927
TRUE,330790,4.03,3.92,4.03,3.9,1636952400000000000,2731
TRUP,215439,130.03,129.96,130.99,127.98,1636952400000000000,6714
TRV,1166513,158.01,158.06,159.09,157.38,1636952400000000000,14741
TRVG,755963,2.74,2.68,2.7579,2.6637,1636952400000000000,4321
TRVI,568270,1.17,1.1,1.1799,1.08,1636952400000000000,1186
TRVN,10875601,0.84,0.85,0.882,0.74,1636952400000000000,15321
TRX,556643,0.47,0.461,0.47,0.455,1636952400000000000,886
TRYP,51900,4.94,4.93,4.95,4.9,1636952400000000000,243
TS,939247,23.68,23.38,23.72,23.32,1636952400000000000,8626
TSBK,4250,28.31,28.6,28.6,28.31,1636952400000000000,118
TSC,81969,30.32,30.11,30.32,29.925,1636952400000000000,1128
TSCAP,327,26.13,26.13,26.13,26.13,1636952400000000000,7
TSCBP,9866,26.35,26.87,26.9899,26.35,1636952400000000000,49
TSCO,507480,222.43,222.89,223.6,221.17,1636952400000000000,14081
TSE,239921,58.4,57.83,58.4,56.65,1636952400000000000,3703
TSEM,241548,36.92,36.81,37.13,36.46,1636952400000000000,2899
TSHA,133581,14.98,14.5,15.225,14.455,1636952400000000000,1982
TSI,50966,5.8,5.77,5.8,5.76,1636952400000000000,86
TSIB,296,9.77,9.77,9.77,9.77,1636952400000000000,11
TSIBU,1392,9.93,9.92,9.93,9.92,1636952400000000000,30
TSJA,8705,29.59,29.59,29.595,29.58,1636952400000000000,69
TSLA,34622014,1017.63,1013.39,1031.98,978.6,1636952400000000000,1250898
TSLX,170244,24.62,24.48,24.63,24.42,1636952400000000000,1286
TSM,5120288,119.32,118.12,119.64,117.51,1636952400000000000,70324
TSN,4093668,81,84.11,84.82,80.53,1636952400000000000,42523
TSOC,37,32.2169,32.2169,32.2169,32.2169,1636952400000000000,1
TSP,1404584,41.23,39.98,41.54,38.61,1636952400000000000,17752
TSPA,1082,27.955,27.9147,27.96,27.9147,1636952400000000000,15
TSPQ,1184,9.74,9.74,9.74,9.74,1636952400000000000,13
TSPQ.WS,43570,0.7501,0.8298,0.84,0.7501,1636952400000000000,171
TSQ,51867,14.6,14.09,14.75,13.95,1636952400000000000,451
TSRI,8111,10.27,10.22,10.53,10.1,1636952400000000000,101
TSVT,429386,38.02,37.25,38.18,33.6001,1636952400000000000,6167
TT,948949,192.23,191.14,193.48,190.18,1636952400000000000,16533
TTAC,3693,59.16,58.943,59.195,58.9231,1636952400000000000,51
TTAI,4786,37.71,37.3944,37.71,37.3944,1636952400000000000,24
TTC,347759,103.01,101.9,103.12,101.43,1636952400000000000,5808
TTCF,1628985,16.42,16.39,16.67,16.0902,1636952400000000000,17831
TTD,11720930,99.91,105.45,108.52,99.58,1636952400000000000,120993
TTE,1803132,49.91,49.78,50.005,49.57,1636952400000000000,15401
TTEC,114279,88.33,87.11,88.42,86.8,1636952400000000000,2152
TTEK,132522,180.71,179.75,181.27,178.96,1636952400000000000,4383
TTGT,186792,109.03,107.87,109.03,106.26,1636952400000000000,5237
TTI,574396,3.39,3.27,3.39,3.2299,1636952400000000000,3379
TTM,952556,33.58,33.57,33.98,33.34,1636952400000000000,8627
TTMI,519087,14.35,14.33,14.35,14.26,1636952400000000000,6343
TTNP,68547,1.64,1.6154,1.64,1.6,1636952400000000000,378
TTOO,1617894,0.71,0.71,0.7244,0.71,1636952400000000000,3240
TTP,27964,26.21,26.24,26.37,26.14,1636952400000000000,196
TTSH,133740,8.7,8.42,8.7,8.41,1636952400000000000,824
TTT,151740,32.46,33.5,33.65,32.46,1636952400000000000,1042
TTWO,2122561,185.19,177.6,185.19,174.82,1636952400000000000,41657
TU,551011,23.19,23.06,23.24,23.04,1636952400000000000,4596
TUEM,316835,2.86,2.82,2.86,2.76,1636952400000000000,1942
TUFN,88589,10.23,10.01,10.24,10,1636952400000000000,1767
TUGC,4531,9.89,9.8601,9.89,9.8601,1636952400000000000,78
TUGCU,9954,10.19,10.2038,10.2201,10.19,1636952400000000000,138
TUGCW,22676,0.6879,0.7299,0.7399,0.6801,1636952400000000000,102
TUP,779987,18.65,18.12,18.79,18.015,1636952400000000000,6999
TUR,859084,23.34,23.31,23.52,23.2,1636952400000000000,4411
TURN,21900,7.55,7.52,7.6,7.51,1636952400000000000,109
TUSA,553,51.76,51.81,51.81,51.69,1636952400000000000,12
TUSK,65249,2.85,2.8,2.85,2.71,1636952400000000000,395
TUYA,1232638,6.74,6.25,6.79,6.22,1636952400000000000,6604
TV,527199,10.23,10.15,10.33,10.13,1636952400000000000,5000
TVAC,14334,10.14,10.15,10.15,10.1343,1636952400000000000,68
TVACW,2057,1.3,1.3,1.3,1.3,1636952400000000000,5
TVC,19773,26.25,26.16,26.36,25.97,1636952400000000000,187
TVE,33914,26.01,26.09,26.09,25.8,1636952400000000000,189
TVTX,412423,29.96,29.37,30.17,29.29,1636952400000000000,4637
TVTY,314651,27.58,27.17,27.98,26.78,1636952400000000000,5513
TW,395699,96,96.6,96.64,95.565,1636952400000000000,6051
TWCB,3542,9.78,9.78,9.79,9.78,1636952400000000000,22
TWCBU,922,9.98,10,10,9.98,1636952400000000000,9
TWI,307459,8.28,8.27,8.3,8.13,1636952400000000000,2588
TWIN,11701,12.96,13.4,13.4,12.68,1636952400000000000,258
TWIO,9192,10.53,10.47,10.53,10.47,1636952400000000000,14
TWKS,657151,32.16,31.01,33,29.38,1636952400000000000,8435
TWLO,2516850,304.56,304.5,309.5,299.13,1636952400000000000,38066
TWM,727696,11.43,11.64,11.725,11.43,1636952400000000000,1336
TWN,1711,38.305,38.36,38.405,38.25,1636952400000000000,26
TWND,151101,9.83,9.87,9.87,9.83,1636952400000000000,665
TWND.WS,59897,0.61,0.640051,0.7,0.61,1636952400000000000,84
TWNI,4785,9.7581,9.75,9.76,9.75,1636952400000000000,51
TWNI.U,5903,9.9471,9.9412,9.958,9.93,1636952400000000000,23
TWNI.WS,8811,0.709899,0.69,0.71,0.6811,1636952400000000000,59
TWNK,979876,18.44,18.66,18.66,18.43,1636952400000000000,9750
TWNT,137179,9.93,9.94,9.94,9.9001,1636952400000000000,588
TWNT.U,28358,10.25,10.3,10.3,10.25,1636952400000000000,204
TWNT.WS,70693,1.15,1.15,1.15,1.11,1636952400000000000,233
TWO,5974512,6.28,6.14,6.295,6.14,1636952400000000000,16007
TWOpA,12168,26.29,26.33,26.4013,26.29,1636952400000000000,136
TWOpB,10490,25.45,25.53,25.63,25.45,1636952400000000000,105
TWOpC,47736,25.25,25.35,25.44,25.2442,1636952400000000000,404
TWOA,13677,9.838,9.84,9.85,9.82,1636952400000000000,50
TWOU,1370308,26.91,26.55,27.59,26.275,1636952400000000000,12940
TWST,498492,116.87,111.07,118.51,110.575,1636952400000000000,9745
TWTR,21563829,52.41,52.95,53.91,52.41,1636952400000000000,116519
TX,756908,41.12,40.62,41.2246,40.295,1636952400000000000,7127
TXG,528250,167.12,158,167.49,157.66,1636952400000000000,11065
TXMD,7160865,0.63,0.6125,0.635,0.6,1636952400000000000,20879
TXN,2958203,191.22,189.23,191.91,188.5,1636952400000000000,44529
TXRH,545090,91.75,91.38,93.02,90.97,1636952400000000000,11117
TXT,603918,77.46,76.57,77.6,76.25,1636952400000000000,9806
TY,30574,35.6,35.66,35.74,35.54,1636952400000000000,326
TYp,218,58.1399,58.1399,58.1399,58.1399,1636952400000000000,4
TYA,3974,24.3947,24.265,24.3947,24.265,1636952400000000000,72
TYD,6692,51.81,51.32,51.81,51.31,1636952400000000000,136
TYG,47251,30.49,30.37,30.6392,30.34,1636952400000000000,491
TYL,117343,550.89,551.28,553.51,547.7,1636952400000000000,4888
TYME,1285048,0.9458,0.9208,0.9482,0.91,1636952400000000000,3378
TYO,43052,8.69,8.7797,8.78,8.69,1636952400000000000,141
TYRA,159003,27.79,28.37,29.6198,27.25,1636952400000000000,2431
TZA,7374740,22.62,23.23,23.5,22.58,1636952400000000000,19359
TZOO,57397,10.24,10.29,10.31,9.99,1636952400000000000,791
TZPSW,11250,0.62,0.68,0.68,0.6001,1636952400000000000,24
U,7290920,198,197.55,207,197.14,1636952400000000000,123473
UA,1768918,21.48,21.87,21.88,21.39,1636952400000000000,13154
UAA,3378038,25.3,25.84,25.87,25.11,1636952400000000000,27384
UAE,25600,16.26,16.305,16.338,16.2,1636952400000000000,167
UAL,6472686,50.2,50.48,50.83,50.07,1636952400000000000,62889
UAMY,985432,0.88,0.8561,0.891,0.8421,1636952400000000000,2523
UAN,77411,76.13,77.07,78.9,76.05,1636952400000000000,830
UAPR,1368,26.12,26.16,26.209,26.12,1636952400000000000,10
UAUG,1161,29.18,29.1318,29.18,29.1318,1636952400000000000,9
UAVS,12010241,3.16,2.68,3.17,2.67,1636952400000000000,39512
UBA,129695,20.48,20.68,20.69,20.34,1636952400000000000,1716
UBER,19647038,45.11,43.61,45.26,43.56,1636952400000000000,143423
UBFO,5529,8.1,8.04,8.1,8.04,1636952400000000000,87
UBND,1296004,24.94,24.94,24.94,24.94,1636952400000000000,2
UBOH,1565,29.3999,28.9,29.3999,28.9,1636952400000000000,19
UBOT,11184,52.53,50.64,52.53,50.4447,1636952400000000000,258
UBP,2469,18.45,18.84,18.84,18.301,1636952400000000000,49
UBPpH,4057,25.86,25.69,25.86,25.425,1636952400000000000,41
UBPpK,22465,26.01,25.95,26.1,25.48,1636952400000000000,134
UBR,3734,22.93,22.8032,23.1,22.8032,1636952400000000000,49
UBS,853773,18.13,18.01,18.163,17.995,1636952400000000000,4248
UBSI,492581,38.67,38.63,38.83,38.25,1636952400000000000,6048
UBT,28023,54.02,52.78,54.02,52.675,1636952400000000000,266
UBX,832111,2.92,2.85,3.0596,2.83,1636952400000000000,5559
UCBI,426737,36.41,36.08,36.42,35.92,1636952400000000000,5433
UCBIO,4881,27.85,27.83,27.8794,27.72,1636952400000000000,35
UCC,757,112.2,110.6711,112.2,110.66,1636952400000000000,55
UCIB,953,20.9046,21.03,21.03,20.9046,1636952400000000000,7
UCL,55398,2.75,2.97,2.99,2.75,1636952400000000000,475
UCO,554206,91.65,93.64,93.9,90.96,1636952400000000000,6031
UCON,377417,26.47,26.38,26.47,26.38,1636952400000000000,1187
UCTT,382363,59.21,59.51,60.4487,58.4125,1636952400000000000,7688
UCYB,2812,58.36,56.7112,58.36,56.405,1636952400000000000,100
UDEC,1695,29.8299,29.795,29.8299,29.7601,1636952400000000000,9
UDMY,683984,27.91,27.64,29.0596,27.47,1636952400000000000,5647
UDN,31078,20.38,20.31,20.4036,20.3,1636952400000000000,196
UDOW,2020277,84.31,83.35,84.38,82.97,1636952400000000000,18378
UDR,870549,56.11,56.94,56.94,55.85,1636952400000000000,11921
UE,391112,18.54,18.71,18.725,18.42,1636952400000000000,3695
UEC,8331314,5.5,5.16,5.51,5.07,1636952400000000000,29641
UEIC,85399,39.76,40.3,40.39,39.33,1636952400000000000,1956
UEPS,26174,5.45,5.47,5.53,5.39,1636952400000000000,702
UEVM,1027,48.54,48.4319,48.5401,48.41,1636952400000000000,18
UFAB,122323,3.12,2.964,3.15,2.76,1636952400000000000,316
UFCS,161023,21.89,21.77,21.9,21.3,1636952400000000000,2869
UFEB,5117,27.88,27.875,27.88,27.86,1636952400000000000,30
UFI,102700,23.77,22.94,24.005,22.9,1636952400000000000,1613
UFO,38265,30.66,30.62,30.8,30.54,1636952400000000000,550
UFPI,152706,88.42,88.28,88.98,84.71,1636952400000000000,3454
UFPT,10880,67.94,68.35,68.44,67.245,1636952400000000000,418
UFS,300825,54.13,54.1,54.26,54.04,1636952400000000000,3251
UG,3434,14.1,14.14,14.38,14.1,1636952400000000000,37
UGA,44848,41.06,41.89,42.025,40.83,1636952400000000000,383
UGCE,2089,27.2,27.1152,27.2,27.1152,1636952400000000000,23
UGE,641,113.08,112.0375,113.08,110.55,1636952400000000000,24
UGI,894717,45.01,45.36,45.415,44.65,1636952400000000000,11894
UGIC,520,103.965,103.965,103.965,103.965,1636952400000000000,13
UGL,83893,62.49,62.53,62.8185,62.2,1636952400000000000,803
UGP,534317,2.5,2.51,2.52,2.47,1636952400000000000,2291
UGRO,318814,14.75,13.76,14.77,13.63,1636952400000000000,2856
UHAL,43536,740.21,745.33,749.62,738.62,1636952400000000000,3442
UHS,605418,131,128.68,131,128.29,1636952400000000000,9384
UHT,40735,58.87,59.54,59.61,58.55,1636952400000000000,841
UI,51999,305.45,301.32,307.355,300.43,1636952400000000000,1823
UIHC,190388,5.03,4.92,5.08,4.77,1636952400000000000,1878
UIS,267246,20.85,20.41,21,20.31,1636952400000000000,4595
UITB,7300,53.08,53.0485,53.08,53.02,1636952400000000000,98
UIVM,1070,50.15,49.9675,50.15,49.9675,1636952400000000000,15
UJAN,2637,31.48,31.4805,31.4805,31.4311,1636952400000000000,8
UJB,110853,77.62,77.7551,77.7551,77.62,1636952400000000000,10
UJUL,10886,27.52,27.48,27.5699,27.48,1636952400000000000,56
UJUN,2,29.2802,29.2802,29.2802,29.2802,1636952400000000000,1
UK,114599,0.8993,0.9436,0.947,0.8993,1636952400000000000,232
UKOMW,11623,0.1206,0.1454,0.1479,0.1206,1636952400000000000,41
UL,2258446,52.41,52.32,52.54,52.31,1636952400000000000,16213
ULBI,72522,5.78,6.09,6.09,5.73,1636952400000000000,298
ULCC,442382,16.92,16.72,17.09,16.54,1636952400000000000,6191
ULE,5424,13.57,13.41,13.57,13.3599,1636952400000000000,53
ULH,24646,21.19,21.1,21.19,20.98,1636952400000000000,462
ULST,30273,40.43,40.39,40.43,40.37,1636952400000000000,115
ULTA,346233,400,401.73,407.95,398.15,1636952400000000000,13917
ULTR,3424,49.36,49.33,49.36,49.33,1636952400000000000,49
ULVM,8625,70.58,70.5361,70.65,70.51,1636952400000000000,110
UMAR,1314,29.63,29.6357,29.6357,29.63,1636952400000000000,5
UMAY,625,28.6,28.645,28.645,28.6,1636952400000000000,6
UMBF,132793,105.91,106.18,107,105.44,1636952400000000000,3040
UMC,4671659,11.39,11.38,11.45,11.275,1636952400000000000,26757
UMDD,10477,38.28,38.07,38.2899,37.8701,1636952400000000000,182
UMH,282548,23.2,23.38,23.39,22.79,1636952400000000000,3104
UMHpC,23492,25.4647,25.56,25.585,25.4311,1636952400000000000,215
UMHpD,7612,25.93,26.06,26.07,25.85,1636952400000000000,100
UMI,13265,30.78,30.76,31.0299,30.66,1636952400000000000,104
UMPQ,927842,21.72,21.29,21.73,21.19,1636952400000000000,9077
UNAM,7681,3.4,3.45,3.45,3.27,1636952400000000000,67
UNB,1437,32.45,32.0375,32.49,32.0375,1636952400000000000,35
UNCY,46628,2.74,2.66,2.8699,2.61,1636952400000000000,210
UNF,46666,200.61,199.79,201.31,199.29,1636952400000000000,1421
UNFI,365020,51.2,50.9,51.2,50.02,1636952400000000000,5740
UNG,9061858,16.32,16.79,16.8899,16.1145,1636952400000000000,29683
UNH,2838913,458,450.8,458.205,450.5,1636952400000000000,52980
UNIT,1153677,13.49,13.97,13.99,13.4,1636952400000000000,8545
UNL,17127,13.48,13.63,13.6804,13.42,1636952400000000000,109
UNM,1375202,26.63,26.54,26.81,26.36,1636952400000000000,12610
UNMA,37194,26.74,26.61,26.74,26.55,1636952400000000000,154
UNOV,12850,29.4188,29.44,29.47,29.3801,1636952400000000000,92
UNP,1618261,242.52,241.46,243.03,240.87,1636952400000000000,27628
UNTY,11938,27.58,27.07,27.99,26.6153,1636952400000000000,216
UNVR,1381733,29,28.96,29.22,28.78,1636952400000000000,8177
UOCT,9222,28.37,28.415,28.433,28.37,1636952400000000000,53
UONE,180569,6.35,6.18,6.425,6.1643,1636952400000000000,1436
UONEK,151465,4.43,4.3,4.4417,4.28,1636952400000000000,1136
UP,2074283,5.99,5.78,6.03,5.73,1636952400000000000,10509
UP.WS,10007,1.35,1.36,1.36,1.3,1636952400000000000,29
UPC,57491,2.31,2.32,2.34,2.3,1636952400000000000,239
UPH,2370367,3,3.03,3.03,2.79,1636952400000000000,6141
UPH.WS,184016,0.5,0.5,0.52,0.4313,1636952400000000000,249
UPLD,419778,23.87,23.68,23.98,23.07,1636952400000000000,5744
UPRO,3203484,147.15,145.93,147.27,144.86,1636952400000000000,44469
UPS,1363199,212.86,211.52,213.4,210.83,1636952400000000000,28230
UPST,7792310,260.518,233.78,261.99,232.5,1636952400000000000,167382
UPTD,600,9.93,9.93,9.93,9.93,1636952400000000000,2
UPTDU,394,10.16,10.16,10.16,10.16,1636952400000000000,14
UPTDW,3000,0.52,0.52,0.52,0.52,1636952400000000000,4
UPV,209,72.705,72.0702,72.705,72.0702,1636952400000000000,4
UPW,3687,64.4,65.931,65.931,64.4,1636952400000000000,63
UPWK,1031116,47.83,45.99,47.83,45.61,1636952400000000000,14949
URA,1692986,30.85,29.5,30.85,29.34,1636952400000000000,15299
URBN,1514616,36.27,36.9,37.04,36.02,1636952400000000000,17280
URE,21901,103.23,104.11,104.26,102.73,1636952400000000000,925
URG,3837367,2.04,1.92,2.05,1.89,1636952400000000000,8611
URGN,238894,18.41,14.74,18.93,14.72,1636952400000000000,3322
URI,307627,386.2,384.29,389.15,383.41,1636952400000000000,9824
URNM,342080,101.79,97.54,103.5,96.45,1636952400000000000,4874
UROY,661964,5.53,5.28,5.55,5.21,1636952400000000000,3536
URTH,65667,136.44,135.92,136.66,135.71,1636952400000000000,695
URTY,510459,129.86,126.6,129.86,125.04,1636952400000000000,4627
USA,1873934,8.81,9.01,9.03,8.75,1636952400000000000,8689
USAC,1106224,15.5,15.45,15.61,14.78,1636952400000000000,5603
USAI,317,25.1459,25.1459,25.1459,25.1459,1636952400000000000,17
USAK,114762,22.92,22.73,22.96,22.21,1636952400000000000,1487
USAP,82606,9.42,9.1,9.42,8.98,1636952400000000000,346
USAS,755815,1.1,1.04,1.1,1.01,1636952400000000000,2416
USAU,35923,10.55,10.5415,10.69,10.39,1636952400000000000,222
USB,3160906,60.76,60.46,60.82,60.35,1636952400000000000,32368
USBpA,850,945,944.95,945,944.95,1636952400000000000,29
USBpH,65944,24.55,24.38,24.598,24.34,1636952400000000000,369
USBpM,54217,25.34,25.36,25.37,25.33,1636952400000000000,445
USBpP,13609,26.71,26.64,26.72,26.53,1636952400000000000,175
USBpQ,39209,24.1,23.9398,24.1333,23.91,1636952400000000000,332
USBpR,63814,24.99,24.95,24.99,24.853,1636952400000000000,427
USCB,17313,14.02,14.23,14.9131,14.02,1636952400000000000,136
USCI,15349,43.76,43.8,43.84,43.5536,1636952400000000000,183
USCTU,9037,10.1,10.101,10.101,10.1,1636952400000000000,44
USD,145330,51.97,50.93,51.97,49.58,1636952400000000000,1448
USDP,50292,6,5.97,6.1,5.93,1636952400000000000,408
USDU,5933,26,26.11,26.11,26,1636952400000000000,107
USEG,82617,3.84,3.98,3.98,3.8,1636952400000000000,525
USEP,0,28.5348,28.5348,28.5348,28.5348,1636952400000000000,0
USEQ,0,38.7285,38.7285,38.7285,38.7285,1636952400000000000,0
USFD,1295191,34.38,34.51,35.03,34.16,1636952400000000000,12319
USFR,193907,25.11,25.1,25.11,25.1,1636952400000000000,421
USHY,2143122,41.3,41.17,41.3,41.15,1636952400000000000,5568
USI,0,24.61,24.61,24.61,24.61,1636952400000000000,0
USIG,510608,59.99,59.68,60,59.67,1636952400000000000,3003
USIO,93314,6.04,6,6.15,5.9,1636952400000000000,555
USL,47635,28.16,28.52,28.55,28.16,1636952400000000000,157
USLB,575,41.8605,41.8538,41.8605,41.8538,1636952400000000000,1
USLM,2184,137.84,137.65,137.84,135.54,1636952400000000000,139
USM,68302,33.06,32.03,33.06,31.9,1636952400000000000,1484
USMC,11970,43.26,43.14,43.279,43.1266,1636952400000000000,71
USMF,18720,41.56,41.4286,41.59,41.4286,1636952400000000000,123
USML,0,33.6291,33.6291,33.6291,33.6291,1636952400000000000,0
USMV,2976046,78.35,78.21,78.3543,78.07,1636952400000000000,11972
USNA,90326,100.8,101.69,102.155,100.22,1636952400000000000,2423
USO,4917258,55.39,56.07,56.14,55.18,1636952400000000000,36433
USOI,970355,5.55,5.58,5.59,5.5,1636952400000000000,2630
USPH,60359,100.18,98.39,100.57,97.83,1636952400000000000,1850
USRT,102565,64.38,65,65,64.3,1636952400000000000,1300
USSG,1356382,44.21,44.03,44.21,43.89,1636952400000000000,254
UST,668,67.145,66.9766,67.145,66.9766,1636952400000000000,31
USTB,9265,51.59,51.559,51.59,51.5465,1636952400000000000,73
USVM,79907,77.41,76.4799,77.41,76.35,1636952400000000000,57
USVT,9,27.0265,27.0265,27.0265,27.0265,1636952400000000000,2
USWS,1154365,2.07,1.95,2.0846,1.93,1636952400000000000,4658
USWSW,108940,0.1435,0.137699,0.1435,0.1321,1636952400000000000,77
USX,130772,8.82,8.79,8.83,8.5,1636952400000000000,1218
USXF,40708,39.72,39.53,39.72,39.428,1636952400000000000,261
UTES,7983,44.74,44.9169,44.9169,44.7284,1636952400000000000,39
UTF,160571,28.89,28.82,28.95,28.7,1636952400000000000,1224
UTG,186286,33.64,33.9,33.9099,33.64,1636952400000000000,1085
UTHR,661051,203.45,205.03,206.76,202.13,1636952400000000000,7078
UTI,81596,7.8,7.33,7.95,7.22,1636952400000000000,948
UTL,59798,42.19,42.35,42.38,41.56,1636952400000000000,1077
UTMD,7258,110.04,110.69,111.3081,107.564,1636952400000000000,364
UTME,89125,5.12,5.205,5.3299,5.07,1636952400000000000,503
UTRN,1312,36.98,36.9181,36.98,36.8792,1636952400000000000,22
UTRS,146671,9.83,9.62,9.83,9.2612,1636952400000000000,1361
UTSI,46655,1.25,1.25,1.27,1.22,1636952400000000000,186
UTSL,54789,32.17,33.29,33.29,32.17,1636952400000000000,1257
UTZ,561940,17.35,17.06,17.35,16.84,1636952400000000000,6247
UUP,505625,25.51,25.64,25.64,25.4901,1636952400000000000,1564
UUU,67636,4.45,4.3,4.5455,4.2198,1636952400000000000,395
UUUU,4463714,11.1,10.27,11.14,10.11,1636952400000000000,26275
UVE,121447,15.61,15.36,15.61,15.33,1636952400000000000,1603
UVSP,70508,30.2,30.15,30.2,29.97,1636952400000000000,777
UVV,75044,49.49,49.74,49.76,49.2,1636952400000000000,1888
UVXY,27463517,14.98,14.95,15.73,14.95,1636952400000000000,97785
UWM,466093,65.1283,64,65.16,63.5,1636952400000000000,3552
UWMC,1588638,6.96,6.85,6.995,6.77,1636952400000000000,8870
UWMC.WS,88420,0.92,0.8651,0.92,0.8302,1636952400000000000,147
UXI,1909,34.98,34.6112,34.98,34.584,1636952400000000000,33
UXIN,2027907,2.55,2.56,2.67,2.45,1636952400000000000,7949
UYG,20997,72.56,72.13,72.7101,71.94,1636952400000000000,244
UYM,10123,111.92,109.77,111.92,109.67,1636952400000000000,166
UZD,36970,26.9,26.64,26.91,26.5,1636952400000000000,246
UZE,26989,26.29,26.08,26.29,26,1636952400000000000,245
UZF,75792,26.12,25.86,26.12,25.82,1636952400000000000,462
V,9580403,213.62,212.3,216.4,211.81,1636952400000000000,129324
VABK,2062,36.8,37,37,36.75,1636952400000000000,18
VABS,731,24.83,24.84,24.84,24.83,1636952400000000000,9
VAC,185192,169.27,169.4,169.94,168.29,1636952400000000000,4396
VACC,6948,12.8,12.78,12.93,12.71,1636952400000000000,119
VAL,372032,35.66,36.28,36.45,34.89,1636952400000000000,5044
VAL.WS,12045,3.74,3.65,3.76,3.51,1636952400000000000,67
VALE,15201643,12.57,12.33,12.59,12.32,1636952400000000000,45092
VALN,17078,48.33,47.77,48.61,47.77,1636952400000000000,897
VALQ,17689,52.385,52.265,52.42,52.26,1636952400000000000,34
VALT,2993,49.63,49.63,49.63,49.62,1636952400000000000,52
VALU,12673,41.85,45.09,45.09,41.5,1636952400000000000,384
VAMO,838,27.225,27.1399,27.29,27.1399,1636952400000000000,29
VAPO,119336,21.85,21.54,21.85,20.98,1636952400000000000,2933
VAQC,85771,9.81,9.78,9.83,9.76,1636952400000000000,419
VATE,206788,4.78,4.55,4.78,4.43,1636952400000000000,1533
VAW,82166,197.4,196.27,197.4599,195.6,1636952400000000000,1627
VAXX,1115413,13.54,16,16.9899,13.51,1636952400000000000,13239
VB,441073,238.84,237.48,238.84,236.82,1636952400000000000,6899
VBF,20064,20.47,20.4,20.5004,20.38,1636952400000000000,90
VBIV,1963754,3.03,2.96,3.07,2.94,1636952400000000000,8162
VBK,163070,303.2,300.16,303.4,299.6101,1636952400000000000,3543
VBLT,395199,2.53,2.415,2.53,2.36,1636952400000000000,1167
VBND,13334,51.51,51.31,51.51,51.3038,1636952400000000000,33
VBNK,49254,13.17,12.91,13.2,12.6801,1636952400000000000,400
VBR,482726,185.66,185.54,185.9387,184.71,1636952400000000000,5960
VBTX,281531,43.53,43.26,43.66,42.73,1636952400000000000,2814
VC,270598,124,125.33,125.81,123.12,1636952400000000000,6759
VCAR,39434,16,15.6814,16.05,15.28,1636952400000000000,410
VCEB,27935,73.59,73.19,73.59,73.19,1636952400000000000,144
VCEL,352500,41.77,41.34,41.875,40.33,1636952400000000000,5795
VCF,2058,14.3701,14.34,14.41,14.34,1636952400000000000,12
VCIF,18647,10.62,10.575,10.62,10.55,1636952400000000000,65
VCIT,4083336,93.49,93.16,93.53,93.14,1636952400000000000,11480
VCKA,4137,10.09,10.06,10.09,10.06,1636952400000000000,21
VCKAU,4288,10.38,10.5,10.5,10.38,1636952400000000000,21
VCKAW,20900,0.56,0.6551,0.6551,0.56,1636952400000000000,21
VCLN,68,27.4946,27.4946,27.4946,27.4946,1636952400000000000,8
VCLO,35109,20.92,20.34,20.92,20,1636952400000000000,392
VCLT,1228031,106.39,105.43,106.605,105.42,1636952400000000000,7625
VCNX,42490,1.91,1.92,1.96,1.89,1636952400000000000,224
VCR,65680,346.68,346.13,347.42,344.6898,1636952400000000000,1655
VCRA,377654,57.11,56.62,57.21,55.75,1636952400000000000,6937
VCSH,2157082,81.7,81.61,81.707,81.6,1636952400000000000,7077
VCTR,40517,39.64,39.32,39.64,38.75,1636952400000000000,1063
VCV,52424,14.4,14.34,14.41,14.23,1636952400000000000,281
VCXA,1742,9.79,9.78,9.79,9.78,1636952400000000000,16
VCXAU,1227,10.25,10.24,10.25,10.24,1636952400000000000,16
VCXAW,2526,1.64,1.405,1.66,1.405,1636952400000000000,27
VCYT,372513,48.48,46.45,48.58,45.94,1636952400000000000,7231
VDC,91348,190.28,190.92,191.05,190.035,1636952400000000000,1611
VDE,750087,81.23,81.83,82.34,80.39,1636952400000000000,8105
VEA,9023833,52.8,52.6,52.8299,52.56,1636952400000000000,33979
VEC,74196,50.6,49.16,51.16,48.35,1636952400000000000,1001
VECO,383080,27.12,26.92,27.43,26.83,1636952400000000000,5992
VECT,26079,4.86,4.9,5.0399,4.79,1636952400000000000,212
VEEE,105180,4.04,4.02,4.32,3.9288,1636952400000000000,450
VEEV,245192,317.07,315.54,319.34,315.09,1636952400000000000,8923
VEGA,2216,41.5301,41.576,41.61,41.5301,1636952400000000000,27
VEGI,10620,41.84,41.8429,41.88,41.77,1636952400000000000,300
VEGN,5157,43.86,43.4264,43.86,43.3,1636952400000000000,154
VEL,40592,12.9,13.01,13.28,12.87,1636952400000000000,558
VELO,244811,9.72,9.78,9.79,9.72,1636952400000000000,241
VELOW,58771,0.65,0.617393,0.65,0.605101,1636952400000000000,122
VENA,10896,10.06,10.06,10.06,10.06,1636952400000000000,35
VENAR,4560,0.4022,0.4021,0.4022,0.4021,1636952400000000000,5
VENAW,45858,0.3802,0.371,0.4099,0.36,1636952400000000000,34
VEON,3785418,1.93,1.91,1.94,1.87,1636952400000000000,8476
VERA,32408,22.54,23.4,23.66,21.6001,1636952400000000000,1057
VERB,3520041,1.9,1.99,2,1.83,1636952400000000000,8763
VERBW,12292,0.700101,0.72,0.73,0.685,1636952400000000000,40
VERI,544169,35.2,33.58,35.87,32.63,1636952400000000000,6262
VERO,289890,1.76,1.66,1.7601,1.65,1636952400000000000,1337
VERU,971503,10,9.28,10,9.22,1636952400000000000,6794
VERV,353763,48.52,46,48.52,44.2733,1636952400000000000,7409
VERX,115104,21.22,21.44,21.55,20.95,1636952400000000000,1820
VERY,649,7.83,7.83,7.83,7.83,1636952400000000000,22
VET,2185091,9.98,10.13,10.3,9.7636,1636952400000000000,12372
VEU,3335762,63.83,63.45,63.83,63.4,1636952400000000000,7700
VEV,312063,4,3.92,4.13,3.72,1636952400000000000,1663
VFC,2601388,77.14,77.26,78.08,77.07,1636952400000000000,29100
VFF,2885236,9.04,9.07,9.32,8.81,1636952400000000000,19390
VFH,374443,100.33,100.12,100.6599,99.91,1636952400000000000,4499
VFIN,6196,12.13,11.4622,12.13,11.4622,1636952400000000000,83
VFL,1900,13.91,13.98,13.98,13.91,1636952400000000000,16
VFLQ,138,118.4833,118.4833,118.4833,118.4833,1636952400000000000,20
VFMF,2777,109.89,109.6485,109.95,109.6485,1636952400000000000,66
VFMO,9278,141.565,140.5326,141.565,140.33,1636952400000000000,120
VFMV,950,103.61,103.7509,104.015,103.61,1636952400000000000,34
VFQY,5133,130.25,128.9057,130.25,128.9057,1636952400000000000,80
VFVA,7306,107.93,107.2,107.93,106.95,1636952400000000000,170
VG,1006026,17.19,17.18,17.33,17.07,1636952400000000000,8552
VGFC,411612,1.55,1.52,1.553,1.51,1636952400000000000,1392
VGI,18800,11.94,11.89,11.97,11.81,1636952400000000000,111
VGII,20727,9.83,9.81,9.84,9.81,1636952400000000000,106
VGII.U,15859,10.05,10.05,10.05,10.04,1636952400000000000,36
VGIT,747595,66.89,66.76,66.89,66.75,1636952400000000000,2457
VGK,3059110,69.71,69.33,69.72,69.27,1636952400000000000,11792
VGLT,2097477,88.83,87.98,88.86,87.83,1636952400000000000,13848
VGM,101292,13.76,13.71,13.76,13.67,1636952400000000000,345
VGR,2303585,15.7,16.8,17.26,15.62,1636952400000000000,17957
VGSH,1206555,61.16,61.13,61.16,61.13,1636952400000000000,3374
VGT,410006,450.94,448.8,451.52,446.38,1636952400000000000,10866
VGZ,451925,0.76,0.7494,0.769,0.731,1636952400000000000,1198
VHAQr,3166,0.23,0.23,0.23,0.23,1636952400000000000,3
VHAQ.WS,48437,0.42,0.33,0.42,0.2999,1636952400000000000,143
VHC,172160,4.12,4.04,4.12,3.94,1636952400000000000,2405
VHI,30140,26.73,27.74,28.1,26.73,1636952400000000000,518
VHT,139730,259.22,256.89,259.22,256.5996,1636952400000000000,3358
VIA,92152,12.13,12.09,12.225,11.995,1636952400000000000,980
VIAC,10856760,35.52,35.78,36.61,35.47,1636952400000000000,70639
VIACA,87409,39.01,39.31,40.2,39.01,1636952400000000000,1474
VIACP,338119,58.39,58.51,59.79,58.35,1636952400000000000,862
VIAO,5721,8.65,8.585,8.65,8.11,1636952400000000000,72
VIASP,3647,25.3418,25.36,25.36,25.34,1636952400000000000,21
VIAV,3782790,15.26,15.6,15.68,15.15,1636952400000000000,24203
VICE,631,32.89,33.3048,33.33,32.89,1636952400000000000,25
VICI,7732056,28.92,29.56,29.56,28.9,1636952400000000000,38798
VICR,324573,160.79,161.78,162,159.72,1636952400000000000,2717
VIDI,24771,27.27,27.18,27.27,27.12,1636952400000000000,22
VIEW,1005411,5.14,4.89,5.15,4.825,1636952400000000000,8316
VIEWW,22738,1.04,0.95,1.04,0.8999,1636952400000000000,44
VIG,1111630,167.89,167.49,168,167.16,1636952400000000000,16203
VIGI,92553,91.65,91.22,91.65,91.18,1636952400000000000,968
VII,1376,9.77,9.78,9.78,9.77,1636952400000000000,14
VIIAW,2000,0.8201,0.8182,0.8201,0.8182,1636952400000000000,18
VINC,113594,13.83,12.5,13.83,12.1901,1636952400000000000,2143
VINO,995483,2.91,2.93,2.94,2.75,1636952400000000000,3454
VINP,27481,12.39,12.39,12.47,12.35,1636952400000000000,314
VIOG,17636,247.56,245.71,247.56,245.15,1636952400000000000,325
VIOO,40706,221.52,220.4,221.7624,219.6664,1636952400000000000,729
VIOT,69482,4.7,4.63,4.75,4.62,1636952400000000000,1209
VIOV,45016,190.91,190.17,190.91,189.49,1636952400000000000,944
VIPS,7366454,13,12.89,13,12.66,1636952400000000000,36720
VIR,884857,32.96,32.89,34.11,32.59,1636952400000000000,7217
VIRC,5993,3.49,3.39,3.49,3.36,1636952400000000000,62
VIRI,96652,5.3301,5.44,5.7899,5.32,1636952400000000000,351
VIRS,1218,34.44,34.3848,34.48,34.3848,1636952400000000000,14
VIRT,510868,28.37,28.66,28.825,28.24,1636952400000000000,6864
VIRX,171596,5.56,5.57,5.64,5.45,1636952400000000000,1575
VIS,74540,207.89,207.2,208.06,206.76,1636952400000000000,1334
VISL,5033818,1.81,1.83,1.86,1.765,1636952400000000000,11941
VIST,259175,6.06,5.95,6.06,5.8,1636952400000000000,1519
VITL,164403,19.14,19.32,19.415,18.8,1636952400000000000,2851
VIV,364842,8.99,8.95,8.99,8.945,1636952400000000000,2242
VIVE,82459,2.15,2.11,2.2,2.1,1636952400000000000,383
VIVO,391188,20.78,20.16,20.86,20.04,1636952400000000000,5587
VIXM,35009,29.85,30.21,30.41,29.85,1636952400000000000,217
VIXY,2244517,16.45,16.45,17,16.43,1636952400000000000,14478
VJET,19279,8.54,8.73,8.7597,8.35,1636952400000000000,210
VKI,43968,12.13,12.18,12.25,12.13,1636952400000000000,173
VKQ,43572,13.59,13.49,13.6,13.49,1636952400000000000,210
VKTX,386725,6.18,6.01,6.1969,5.98,1636952400000000000,4462
VLAT,21518,9.7,9.7,9.77,9.69,1636952400000000000,186
VLATU,70343,9.92,9.9,9.95,9.885,1636952400000000000,446
VLATW,6306,0.7545,0.6713,0.7545,0.6312,1636952400000000000,119
VLCN,233435,12.26,13.68,13.96,12.25,1636952400000000000,1664
VLD,558123,11.6,11.6,12.0964,11.4,1636952400000000000,5343
VLD.WS,111190,3.02,3.0101,3.1192,2.84,1636952400000000000,680
VLDR,3490712,6.81,6.83,6.95,6.65,1636952400000000000,19739
VLDRW,24439,1.6,1.59,1.65,1.56,1636952400000000000,98
VLGEA,37747,22.85,22.8,22.96,22.59,1636952400000000000,952
VLN,130393,10.08,10.13,10.25,10,1636952400000000000,935
VLN.WS,35206,0.9499,0.9001,0.95,0.9,1636952400000000000,52
VLO,4317935,76.91,77.35,77.92,76.0796,1636952400000000000,47273
VLON,80114,4.92,4.77,5.2252,4.66,1636952400000000000,363
VLRS,348754,17.76,17.3,17.86,17.15,1636952400000000000,4117
VLT,14073,14.75,14.76,14.82,14.7101,1636952400000000000,87
VLTA,5109204,12.86,12.1,12.98,11.75,1636952400000000000,31055
VLTA.WS,110378,4.11,3.87,4.11,3.83,1636952400000000000,882
VLU,6183,156.32,155.48,156.32,155.31,1636952400000000000,122
VLUE,1141756,107.84,107.62,107.94,107.43,1636952400000000000,6862
VLY,1280065,14.49,14.54,14.57,14.3,1636952400000000000,11697
VLYPO,5875,25.8586,25.66,26.1199,25.56,1636952400000000000,48
VLYPP,4103,29.84,29.115,30.2213,29.115,1636952400000000000,94
VMAC,1371,10.12,10.14,10.14,10.12,1636952400000000000,11
VMACW,12690,0.8999,0.942,0.942,0.8999,1636952400000000000,36
VMAR,28334,6.69,6.48,6.7,6.4,1636952400000000000,158
VMBS,2031499,52.97,52.89,52.98,52.8832,1636952400000000000,5133
VMC,387508,203,201.94,203.26,201.34,1636952400000000000,9792
VMD,84429,5.69,5.73,5.74,5.59,1636952400000000000,1093
VMEO,1290252,23.145,22.91,24.07,22.82,1636952400000000000,13473
VMGAU,263532,10.11,10.06,10.11,10.05,1636952400000000000,111
VMI,80388,256.69,252,256.69,251.24,1636952400000000000,2088
VMM,11527,14.02,13.9999,14.03,13.99,1636952400000000000,51
VMO,66754,13.68,13.53,13.68,13.52,1636952400000000000,288
VMOT,4552,28.47,28.432,28.47,28.432,1636952400000000000,23
VMW,3005695,125,124.66,125.98,123.95,1636952400000000000,26133
VNCE,13822,10.53,10.08,10.62,9.6837,1636952400000000000,126
VNDA,244428,17.74,17.63,17.92,17.57,1636952400000000000,3154
VNE,491260,35.25,35.19,35.285,35.16,1636952400000000000,3885
VNET,713789,17.99,17.49,18.16,17.49,1636952400000000000,8991
VNLA,159515,49.98,49.96,49.98,49.94,1636952400000000000,761
VNM,193793,20.72,20.75,20.84,20.71,1636952400000000000,1318
VNMC,103,36.34,36.306,36.34,36.306,1636952400000000000,2
VNO,1427614,45.77,46.6,46.64,45.58,1636952400000000000,13216
VNOpL,6355,25.3,25.22,25.32,25.19,1636952400000000000,90
VNOpM,11335,25.7,25.605,25.7,25.5233,1636952400000000000,162
VNOpN,11745,26.59,26.63,26.68,26.59,1636952400000000000,228
VNOpO,47706,24.73,24.71,24.76,24.6508,1636952400000000000,358
VNOM,519514,22.54,22.64,22.8,22.26,1636952400000000000,4013
VNQ,2713544,109.85,110.44,110.47,109.45,1636952400000000000,39015
VNQI,125861,57.83,57.62,57.83,57.6,1636952400000000000,1733
VNRX,260390,3.88,4.13,4.13,3.76,1636952400000000000,1385
VNSE,592,38.38,38.4358,38.4358,38.38,1636952400000000000,9
VNT,933793,33.74,33.32,33.815,33.26,1636952400000000000,7336
VNTR,132082,3.35,3.22,3.37,3.16,1636952400000000000,1004
VO,385285,259.73,259.18,259.77,258.64,1636952400000000000,7458
VOC,58207,5.02,4.97,5.1,4.9201,1636952400000000000,313
VOD,3236573,15.36,15.38,15.41,15.27,1636952400000000000,14834
VOE,182163,150.57,150.69,150.85,150.26,1636952400000000000,2870
VOLT,103816,3.42,3.36,3.42,3.28,1636952400000000000,360
VONE,32399,218.42,217.52,218.42,217.22,1636952400000000000,518
VONG,285329,78.27,77.97,78.345,77.64,1636952400000000000,2688
VONV,444343,73.53,73.33,73.53,73.234,1636952400000000000,1117
VOO,3122286,430.95,429.77,431.005,428.65,1636952400000000000,78676
VOOG,93363,297.4,296.48,297.59,295.355,1636952400000000000,3541
VOOV,41728,149.69,149.36,149.71,149.13,1636952400000000000,953
VOR,76846,17.94,17.98,18.35,17.4,1636952400000000000,1384
VOSO,3586594,10.11,9.67,10.4922,9.63,1636952400000000000,3786
VOSOU,24678,11.86,10.49,12.59,10.48,1636952400000000000,155
VOSOW,177109,1.75,1.64,1.85,1.56,1636952400000000000,749
VOT,76101,263.58,262.45,263.58,261.705,1636952400000000000,1922
VOTE,118068,55.73,55.46,55.73,55.37,1636952400000000000,471
VOX,130411,143.97,144.02,144.71,143.68,1636952400000000000,1803
VOXX,149654,13.28,12.84,13.41,12.67,1636952400000000000,1608
VOYA,2437620,67.3,67.28,67.81,66.05,1636952400000000000,22482
VOYApB,14660,29.35,29.07,29.39,29.07,1636952400000000000,154
VPC,7916,26.28,26.18,26.28,26.18,1636952400000000000,110
VPCB,3036,9.93,9.9163,9.93,9.91,1636952400000000000,87
VPCBW,190495,1.6,1.74,1.74,1.51,1636952400000000000,93
VPCC,42755,10.02,10,10.025,9.9801,1636952400000000000,261
VPCC.U,1900,10.539,10.6132,10.6132,10.465,1636952400000000000,3
VPCC.WS,40577,1.5,1.5701,1.62,1.5,1636952400000000000,51
VPG,44507,38.3,38.45,38.86,37.99,1636952400000000000,1099
VPL,466608,81.89,81.6,81.89,81.53,1636952400000000000,2837
VPN,25191,17.75,17.785,17.8,17.7455,1636952400000000000,183
VPOP,15477,12.5,12.4752,12.5708,12.4752,1636952400000000000,32
VPU,175220,146.77,147.93,148.06,146.48,1636952400000000000,2897
VPV,31428,13.42,13.42,13.5,13.38,1636952400000000000,227
VQS,13689,2.39,2.38,2.3982,2.3,1636952400000000000,118
VRA,185492,10.88,10.7,10.98,10.685,1636952400000000000,2988
VRAI,19063,27.44,27.6258,27.6808,27.3424,1636952400000000000,87
VRAR,2416408,14.13,15.23,17.21,13.9,1636952400000000000,11503
VRAY,1206007,6.52,6.19,6.55,6.12,1636952400000000000,8257
VRCA,44134,12.25,12.04,12.77,10.48,1636952400000000000,949
VRDN,179995,19.27,19.14,19.27,18.65,1636952400000000000,2414
VREX,795562,27.75,25.66,27.915,24.92,1636952400000000000,8461
VRIG,62754,25.09,25.085,25.09,25.08,1636952400000000000,222
VRM,3153531,18.78,19.99,20.29,18.76,1636952400000000000,28837
VRME,44427,3.84,3.85,3.89,3.6901,1636952400000000000,248
VRMEW,104,1.41,1.41,1.41,1.41,1636952400000000000,3
VRNA,31621,5.23,5.3,5.38,5.22,1636952400000000000,396
VRNS,753156,61.9,60.44,62.04,59.63,1636952400000000000,11028
VRNT,374747,47.79,47.71,48,47.355,1636952400000000000,5162
VRP,279251,26.11,26.05,26.12,26.04,1636952400000000000,911
VRPX,729064,4.18,4.31,4.39,4.03,1636952400000000000,3336
VRRM,805804,16.25,16.29,16.53,16.205,1636952400000000000,6966
VRS,118882,24.05,23.68,24.055,23.3005,1636952400000000000,1998
VRSK,442117,216.13,218.03,218.88,215.64,1636952400000000000,9336
VRSN,459448,236.56,239.21,239.4,235.995,1636952400000000000,11815
VRT,2409774,27.05,26.92,27.285,26.78,1636952400000000000,12677
VRTS,51090,336.78,330.92,336.78,328.81,1636952400000000000,1857
VRTV,103089,154.66,150.47,158.205,149.45,1636952400000000000,3661
VRTX,1001512,187.29,186.86,187.92,186.1122,1636952400000000000,20036
VS,34615,3.5963,3.58,3.61,3.46,1636952400000000000,224
VSACU,3220,10.09,10.1,10.1,10.08,1636952400000000000,8
VSAT,666350,54.14,54.06,54.7,53.1994,1636952400000000000,10560
VSCO,1214248,51.5,51.2,52.3043,50.65,1636952400000000000,12939
VSDA,6873,46.53,46.34,46.535,46.34,1636952400000000000,84
VSEC,62263,63.62,62.84,63.93,61.57,1636952400000000000,974
VSGX,182543,64.72,64.4,64.72,64.36,1636952400000000000,1023
VSH,619208,21.13,20.99,21.13,20.84,1636952400000000000,5984
VSL,600,44.09,44.0944,44.0944,44.07,1636952400000000000,12
VSLU,12655,27.86,27.7284,27.86,27.7284,1636952400000000000,4
VSMV,2476,40.73,40.58,40.73,40.57,1636952400000000000,32
VSPY,6246,9.94,9.954,9.96,9.93,1636952400000000000,52
VSS,90850,140.02,139.47,140.15,139.3254,1636952400000000000,1617
VSSYW,8422,1.48,1.455,1.48,1.35,1636952400000000000,35
VST,2685921,19.75,20.46,20.48,19.65,1636952400000000000,18518
VST.WS.A,500,0.16,0.19,0.19,0.16,1636952400000000000,5
VSTA,129405,3.25,3.09,3.35,3.09,1636952400000000000,1078
VSTM,2000673,3.13,3.11,3.2,3.07,1636952400000000000,10021
VSTO,919244,45.2,47.81,47.84,45.2,1636952400000000000,12042
VT,1201364,109.22,108.88,109.25,108.72,1636952400000000000,10028
VTAQ,60063,10.02,10.01,10.02,10,1636952400000000000,167
VTAQR,186397,0.3,0.360101,0.38,0.299899,1636952400000000000,145
VTAQU,8248,10.79,10.8,10.8,10.79,1636952400000000000,40
VTAQW,115970,0.49,0.5,0.52,0.4803,1636952400000000000,245
VTC,27746,91,90.53,91.01,90.53,1636952400000000000,340
VTEB,1470738,54.87,54.79,54.87,54.78,1636952400000000000,16113
VTEX,263210,16.4,15.75,16.98,15.62,1636952400000000000,2762
VTGN,1320875,2.27,2.15,2.27,2.14,1636952400000000000,5739
VTHR,4235,216.55,215.4198,216.55,215.3099,1636952400000000000,181
VTI,3630715,242.44,241.75,242.67,241.14,1636952400000000000,61120
VTIP,2999055,52.44,52.5,52.55,52.42,1636952400000000000,8303
VTIQ,20739,9.82,9.8,9.82,9.73,1636952400000000000,87
VTIQU,1834,9.9501,10,10,9.95,1636952400000000000,13
VTIQW,3414,1.095,1.18,1.18,1.02,1636952400000000000,37
VTN,13097,13.61,13.57,13.62,13.53,1636952400000000000,93
VTNR,2128123,4.62,4.36,4.64,4.31,1636952400000000000,9984
VTOL,76295,35.96,36.69,36.7,35.45,1636952400000000000,1444
VTR,1152750,54.56,54.37,54.56,53.6,1636952400000000000,13259
VTRS,12549512,14.16,13.9,14.17,13.87,1636952400000000000,38082
VTRU,6688,14.05,14.94,15.3568,14.0049,1636952400000000000,109
VTSI,110490,8.42,8.36,8.43,8.02,1636952400000000000,980
VTV,1745756,145.69,145.4,145.71,145.14,1636952400000000000,17831
VTVT,336116,1.54,1.55,1.56,1.5,1636952400000000000,1143
VTWG,7542,235.74,232.72,235.74,232.3265,1636952400000000000,285
VTWO,944095,97.25,96.38,97.31,96.02,1636952400000000000,6145
VTWV,54166,154.18,153.29,154.18,152.805,1636952400000000000,716
VTYX,171539,23.69,21.71,24.4682,21.38,1636952400000000000,2218
VUG,673866,320.5,319.62,321.16,318.31,1636952400000000000,16506
VUSB,333628,50.05,50.03,50.05,50.03,1636952400000000000,334
VUSE,15054,47.4,47.34,47.4,47.19,1636952400000000000,79
VUZI,6517273,15.41,14.61,15.95,14.06,1636952400000000000,44928
VV,238739,219.45,218.92,219.49,218.411,1636952400000000000,2000
VVI,113294,47.73,47.23,47.73,46.65,1636952400000000000,1560
VVNT,2905589,10.31,11.4,11.99,10.3,1636952400000000000,21793
VVOS,152382,3.792,4.06,4.14,3.792,1636952400000000000,821
VVPR,125967,5.08,5.22,5.3,4.88,1636952400000000000,1090
VVR,366934,4.49,4.51,4.53,4.49,1636952400000000000,846
VVV,1415167,35.23,36.38,36.51,35.23,1636952400000000000,13221
VWE,247347,11.15,11.1,11.25,10.985,1636952400000000000,1686
VWID,205,28.8,28.8336,28.8336,28.8,1636952400000000000,7
VWO,8483973,52.2,51.98,52.21,51.92,1636952400000000000,32034
VWOB,154140,77.89,77.63,78.13,77.61,1636952400000000000,1447
VWTR,42601,12.69,12.32,12.77,12.2833,1636952400000000000,916
VXF,201649,199.17,198.02,199.375,197.48,1636952400000000000,4165
VXRT,1972014,6.8,6.75,6.955,6.66,1636952400000000000,11056
VXUS,2374472,66.22,65.9,66.22,65.845,1636952400000000000,11238
VXX,20316730,20.11,20.12,20.8,20.1,1636952400000000000,82284
VXZ,5279,25.09,25.35,25.56,25.09,1636952400000000000,43
VYGG,153379,9.92,9.89,9.92,9.88,1636952400000000000,819
VYGG.U,5513,10.21,10.2,10.21,10.2,1636952400000000000,75
VYGG.WS,9171,1.66,1.66,1.705,1.63,1636952400000000000,82
VYGR,387156,3.43,3.42,3.505,3.3884,1636952400000000000,2780
VYM,905489,110.8,110.71,110.87,110.49,1636952400000000000,10948
VYMI,159351,68.43,68.19,68.43,68.16,1636952400000000000,1537
VYNE,439027,1.31,1.28,1.31,1.26,1636952400000000000,1706
VYNT,98425,2.23,2.24,2.2692,2.2,1636952400000000000,436
VZ,14232008,52.44,52.4,52.54,52.07,1636952400000000000,77084
VZIO,920871,21.17,22.12,22.155,21.05,1636952400000000000,8538
W,711152,253.27,253.53,256.43,251.2698,1636952400000000000,17690
WAB,611132,97.37,95.91,97.37,95.57,1636952400000000000,11345
WABC,65011,57.25,57.21,57.5,57.02,1636952400000000000,1276
WAFD,726628,35.8,35.65,35.89,35.49,1636952400000000000,4118
WAFDP,6384,26.23,26.245,26.35,26.22,1636952400000000000,73
WAFU,4700,5.85,5.81,5.96,5.8084,1636952400000000000,79
WAL,365264,118.73,118.1,119.5,117.41,1636952400000000000,7432
WALpA,11334,25.835,25.84,25.87,25.7109,1636952400000000000,213
WALA,6107,25.27,25.37,25.37,25.23,1636952400000000000,39
WALD,2042278,9.99,10,10.08,9.92,1636952400000000000,5290
WALDU,771936,10.4,10.47,10.55,10.35,1636952400000000000,3782
WALDW,1131510,1.45,1.45,1.58,1.36,1636952400000000000,3325
WANT,31053,96.04,95.15,96.04,93.497,1636952400000000000,1025
WARR,300343,9.81,9.85,9.85,9.81,1636952400000000000,245
WARR.U,130,10.1,10.1,10.1,10.1,1636952400000000000,5
WARR.WS,3500,0.59,0.5821,0.6002,0.5821,1636952400000000000,6
WASH,32648,56.8,58.13,58.14,56.8,1636952400000000000,907
WAT,302998,357.91,345.64,362.27,344.48,1636952400000000000,9367
WATT,2055599,1.9,1.87,1.92,1.86,1636952400000000000,5641
WAVC,14845,9.71,9.71,9.73,9.71,1636952400000000000,32
WAVC.U,3224,9.93,9.95,9.95,9.93,1636952400000000000,24
WAVC.WS,100,0.8393,0.8393,0.8393,0.8393,1636952400000000000,1
WAVE,13007,7.04,6.79,7.04,6.66,1636952400000000000,150
WB,1440117,46.55,44.02,46.55,43.34,1636952400000000000,12429
WBA,3489047,49.6862,49.22,49.905,49.045,1636952400000000000,34809
WBEV,238805,10.9,10.72,10.9499,10.15,1636952400000000000,1724
WBIF,1394,31.452,31.3949,31.46,31.3949,1636952400000000000,13
WBIG,935,27.4013,27.4085,27.47,27.4,1636952400000000000,18
WBII,1845,24.8301,24.778,24.8301,24.77,1636952400000000000,18
WBIL,1844,31.2695,31.2917,31.321,31.2695,1636952400000000000,32
WBIT,655,21.5942,21.6,21.6,21.541,1636952400000000000,5
WBIY,1225,28.1782,28.0592,28.1782,28.05,1636952400000000000,23
WBK,139022,16.72,16.62,16.76,16.6,1636952400000000000,1083
WBND,10000,26.55,26.47,26.56,26.4301,1636952400000000000,56
WBS,345009,58.74,58.7,59,58.26,1636952400000000000,6176
WBSpF,3435,26.01,26.08,26.165,25.96,1636952400000000000,77
WBT,493209,23.72,23.73,23.74,23.72,1636952400000000000,3597
WBX,2205628,16.47,15.95,16.65,14.7,1636952400000000000,9550
WBX.WS,76149,4.6201,4.26,4.76,4.05,1636952400000000000,290
WCBR,26554,30.42,29.56,30.46,29.48,1636952400000000000,235
WCC,366814,138.63,137.31,139.14,136.61,1636952400000000000,5921
WCCpA,15327,31.12,31.06,31.195,30.8804,1636952400000000000,160
WCLD,182488,64.49,63.6,64.49,63.255,1636952400000000000,1981
WCN,895057,135.76,135.88,136.126,135.18,1636952400000000000,10805
WD,76314,149.37,148.17,149.37,147.43,1636952400000000000,2040
WDAY,1260620,297.13,295.6,298.995,294.44,1636952400000000000,25900
WDC,3259419,60.42,58.93,60.7,58.74,1636952400000000000,34620
WDFC,65303,234.58,233.61,235.98,231.775,1636952400000000000,2277
WDH,123035,2,1.98,2,1.96,1636952400000000000,1076
WDI,296154,18.98,18.91,18.99,18.88,1636952400000000000,893
WDIV,4695,67.71,67.6117,67.74,67.5917,1636952400000000000,107
WDNA,219,24.8968,24.8968,24.8968,24.8968,1636952400000000000,15
WE,4935871,9.2,9.49,9.76,9.15,1636952400000000000,20277
WE.WS,31121,2.71,2.56,2.71,2.54,1636952400000000000,93
WEA,39412,14.18,14.12,14.2,14.12,1636952400000000000,171
WEAT,279319,7.94,8,8.0399,7.9,1636952400000000000,991
WEAV,654554,18.58,21.13,21.48,18.58,1636952400000000000,4167
WEBL,93416,91.24,91.66,93,91,1636952400000000000,3271
WEBR,470723,16,15.57,16.2,15.45,1636952400000000000,4525
WEBS,68769,13.48,13.5004,13.62,13.28,1636952400000000000,339
WEC,1016376,89.27,90.55,90.56,88.83,1636952400000000000,17176
WEI,127160,0.908,0.87,0.9099,0.8275,1636952400000000000,439
WELL,1431678,85.52,84.23,85.52,83.29,1636952400000000000,16996
WEN,2942872,21.74,21.94,22.27,21.675,1636952400000000000,25813
WERN,519366,47.16,47.11,47.53,46.94,1636952400000000000,7949
WES,729108,22.19,22.09,22.45,21.79,1636952400000000000,6742
WETF,659860,6.91,6.84,6.92,6.82,1636952400000000000,4785
WEX,507972,151.21,149.46,151.66,148.42,1636952400000000000,8801
WEYS,7624,23.22,23.5,23.5,23.05,1636952400000000000,129
WF,19668,33.86,33.75,34.18,33.49,1636952400000000000,169
WFC,19906958,51.19,51.08,51.695,50.975,1636952400000000000,100825
WFCpA,69669,25.07,25.87,25.98,24.03,1636952400000000000,341
WFCpC,55323,25.14,25.02,25.1498,25,1636952400000000000,273
WFCpD,232382,24.96,24.83,24.98,24.82,1636952400000000000,894
WFCpL,1699,1506,1506,1506,1506,1636952400000000000,173
WFCpQ,82951,26.72,26.51,26.72,26.46,1636952400000000000,547
WFCpR,43304,27.87,27.84,27.9198,27.75,1636952400000000000,362
WFCpY,20541,25.9,25.77,25.9,25.76,1636952400000000000,226
WFCpZ,118262,26.06,25.89,26.06,25.84,1636952400000000000,653
WFCF,3941,11.33,11.48,11.48,11.26,1636952400000000000,89
WFG,112867,83.32,83.85,84.09,82.6223,1636952400000000000,2255
WFH,4959,79.58,79.03,79.58,78.835,1636952400000000000,85
WFHY,182770,52.35,52.3,52.3698,52.26,1636952400000000000,217
WFIG,4387,53.91,53.6917,53.91,53.6917,1636952400000000000,13
WFRD,249312,31.62,30.57,31.74,30.26,1636952400000000000,3126
WGLD,688,18.44,18.445,18.48,18.44,1636952400000000000,8
WGO,366411,74.96,74.93,75.45,74.03,1636952400000000000,7441
WGRO,346,29.0529,28.97,29.0529,28.97,1636952400000000000,17
WH,422572,85.94,85.64,86.34,85.39,1636952400000000000,6981
WHD,490638,41.7,41.34,41.83,40.98,1636952400000000000,3431
WHF,35422,15.31,15.36,15.5,15.31,1636952400000000000,351
WHG,8872,18.71,18.52,18.7901,18.3,1636952400000000000,130
WHLM,238762,5.9,5.95,6.35,5.78,1636952400000000000,946
WHLR,18631,2.55,2.52,2.5835,2.5,1636952400000000000,161
WHLRD,5370,16.3,16.4,16.95,16.3,1636952400000000000,29
WHLRP,2484,8.2501,8.43,8.5,8.2501,1636952400000000000,20
WHR,683815,233.37,234.48,237.78,232.86,1636952400000000000,15997
WIA,25059,14.19,14.22,14.22,14.19,1636952400000000000,70
WIL,933,102.32,102.0746,102.32,102.0746,1636952400000000000,13
WILC,3849,21.86,21.3,22.19,21.3,1636952400000000000,95
WIMI,1759894,5.19,5.04,5.3,4.98,1636952400000000000,7860
WINA,17034,263.16,269.9,277.99,260.66,1636952400000000000,714
WINC,2352,26.005,26,26.005,26,1636952400000000000,20
WING,375038,168.31,167.16,171.29,165.47,1636952400000000000,9561
WINT,201282,1.79,1.72,1.79,1.7,1636952400000000000,759
WINV,501,9.84,9.84,9.84,9.84,1636952400000000000,3
WINVR,117437,0.23,0.2532,0.2999,0.23,1636952400000000000,52
WINVU,3786,10.35,10.331,10.35,10.3,1636952400000000000,23
WIP,47988,55.61,55.45,55.6499,55.4001,1636952400000000000,309
WIRE,173105,143.99,142.63,143.99,141.79,1636952400000000000,4606
WISA,193336,2.26,2.23,2.34,2.21,1636952400000000000,820
WISH,20286325,5.36,5.18,5.49,5.14,1636952400000000000,56259
WIT,840699,9.11,9.05,9.14,9.05,1636952400000000000,4317
WIW,104917,13.9,13.77,13.92,13.75,1636952400000000000,291
WIX,566154,198.99,198.17,201.92,196.84,1636952400000000000,12621
WIZ,2252,37.74,37.6673,37.74,37.62,1636952400000000000,39
WK,285164,159.64,158.64,160.51,156.74,1636952400000000000,7258
WKEY,185460,5.87,5.81,5.94,5.7445,1636952400000000000,1388
WKHS,5598671,7.25,7.18,7.35,6.96,1636952400000000000,31196
WKLY,6902,50.93,50.717,50.93,50.717,1636952400000000000,276
WKME,230939,23.46,22.41,23.74,22.21,1636952400000000000,2613
WKSP,584895,5.09,4.56,5.1798,4.32,1636952400000000000,2915
WKSPW,22144,1.52,1.4,1.52,1.36,1636952400000000000,75
WLDN,25763,40.97,40.97,41.645,40.24,1636952400000000000,707
WLDR,606,28.4799,28.2042,28.4799,28.2042,1636952400000000000,24
WLFC,7756,39.53,39.61,39.97,39.18,1636952400000000000,246
WLK,1046506,104.84,103.4,104.84,102.7,1636952400000000000,6788
WLKP,58059,24.86,24.69,25.0203,24.65,1636952400000000000,557
WLL,393863,67,69.19,70.23,66,1636952400000000000,6618
WLMS,29887,4.83,4.87,4.895,4.734,1636952400000000000,213
WLTH,793,10.12,10.096,10.12,10.096,1636952400000000000,8
WLTW,1019306,230.91,229.36,231.885,228.31,1636952400000000000,13552
WM,1240237,163,163,164.0088,162.44,1636952400000000000,21364
WMB,5145213,28.64,28.61,28.82,28.4,1636952400000000000,29031
WMC,546614,2.42,2.4,2.42,2.385,1636952400000000000,1795
WMG,1059671,47.43,45.35,47.75,44.22,1636952400000000000,12863
WMK,74209,64.31,64.92,65.06,63.8262,1636952400000000000,1850
WMPN,7097,12.15,12.25,12.25,12.11,1636952400000000000,76
WMS,295927,130.71,130.02,131.35,128.9,1636952400000000000,6311
WMT,9562040,148.15,146.91,148.45,146.4,1636952400000000000,111685
WNC,470039,18.5,18.62,18.71,18.25,1636952400000000000,3535
WNDY,4639,24.61,24.3619,24.61,24.32,1636952400000000000,44
WNEB,67255,9.22,9.39,9.56,9.19,1636952400000000000,961
WNS,92276,88.44,88.4,89.35,88.01,1636952400000000000,1707
WNW,2359371,3.95,4.49,4.52,3.9,1636952400000000000,11618
WOLF,1541635,140,137.54,142.3312,136.9,1636952400000000000,21934
WOMN,43279,36.47,36.0226,36.47,36.0001,1636952400000000000,99
WOOD,20702,86.55,86.96,86.9959,86.29,1636952400000000000,414
WOOF,3965266,24.0449,24.64,24.94,23.96,1636952400000000000,22784
WOR,145935,57.28,56.2,57.28,55.75,1636952400000000000,3851
WORX,92787,1.69,1.61,1.69,1.61,1636952400000000000,361
WOW,402238,21.37,20.18,21.49,20.14,1636952400000000000,4909
WPC,643694,77.73,78.76,78.76,77.35,1636952400000000000,8969
WPCA,703,9.85,9.88,9.88,9.82,1636952400000000000,6
WPCB,964,9.75,9.79,9.79,9.75,1636952400000000000,31
WPCB.WS,1638,1.1,1,1.1,1,1636952400000000000,6
WPM,2761043,44.59,45.07,45.33,44.48,1636952400000000000,27915
WPP,68935,73.87,73.73,74.22,73.64,1636952400000000000,1145
WPRT,2637518,2.99,2.79,2.99,2.78,1636952400000000000,9100
WPS,2674,38.215,38.0756,38.215,38.065,1636952400000000000,45
WQGA,5494,9.86,9.83,9.86,9.83,1636952400000000000,18
WQGA.U,787,10,10.1,10.1,10,1636952400000000000,4
WQGA.WS,13564,0.6212,0.6201,0.6499,0.62,1636952400000000000,20
WRAC,28114,9.92,9.935,9.94,9.92,1636952400000000000,84
WRAC.U,24137,10.17,10.18,10.19,10.155,1636952400000000000,156
WRAC.WS,12532,0.58,0.5659,0.58,0.52,1636952400000000000,39
WRAP,583592,5.84,5.59,5.895,5.49,1636952400000000000,3859
WRB,628509,81.45,80.84,81.71,80.58,1636952400000000000,7876
WRBpE,26653,27.12,26.98,27.12,26.97,1636952400000000000,153
WRBpF,6409,26.88,26.63,26.88,26.5201,1636952400000000000,163
WRBpG,5672,26.76,26.53,26.76,26.53,1636952400000000000,89
WRBpH,25605,26.51,26.36,26.59,26.32,1636952400000000000,167
WRBY,913829,59.96,58.57,59.96,57.02,1636952400000000000,9417
WRE,344336,25.57,25.92,25.97,25.53,1636952400000000000,3334
WRK,1795263,49.1,49.13,49.49,48.41,1636952400000000000,19444
WRLD,21003,232.44,230.02,234.95,224.75,1636952400000000000,975
WRN,242315,1.53,1.5,1.55,1.4714,1636952400000000000,759
WSBC,208293,35.85,35.72,35.85,35.55,1636952400000000000,3354
WSBCP,1819,28.29,27.95,28.29,27.95,1636952400000000000,63
WSBF,67378,22.09,22.01,22.14,21.87,1636952400000000000,1457
WSC,1596335,39.75,38.98,39.75,38.61,1636952400000000000,13825
WSFS,217064,54.88,55.16,55.24,54.66,1636952400000000000,4437
WSM,1151684,211.44,212,214.46,210.61,1636952400000000000,20922
WSO,83925,302.72,300.91,304.4,300.11,1636952400000000000,3005
WSR,331105,9.86,10.03,10.04,9.86,1636952400000000000,3062
WST,249999,418,422.46,422.8405,417.815,1636952400000000000,7426
WSTG,46044,33.5,32.38,34,31.0001,1636952400000000000,629
WTBA,19792,33.51,33.75,33.75,32.63,1636952400000000000,604
WTER,1431205,1.52,1.45,1.52,1.44,1636952400000000000,4401
WTFC,177238,92.53,92.76,93.4587,92.16,1636952400000000000,5527
WTFCM,2532,27.8,27.9098,28.11,27.8,1636952400000000000,57
WTFCP,5007,28.05,27.93,28.14,27.75,1636952400000000000,81
WTI,1741819,4.03,4.03,4.095,3.905,1636952400000000000,5956
WTM,7479,1109.66,1094.69,1125.325,1091.88,1636952400000000000,838
WTMF,57362,36.67,36.6191,36.7,36.57,1636952400000000000,56
WTRG,447851,47.31,47.54,47.55,46.98,1636952400000000000,6249
WTRH,5522879,1.415,1.4,1.47,1.37,1636952400000000000,10514
WTRU,3088,57.75,58.03,58.13,57.75,1636952400000000000,95
WTS,94917,204.45,202.7,204.45,201.4,1636952400000000000,3171
WTT,64190,2.21,2.08,2.22,2.06,1636952400000000000,328
WTTR,338993,6.61,6.52,6.67,6.33,1636952400000000000,3339
WU,6677282,18.41,17.83,18.5,17.81,1636952400000000000,36823
WUGI,2862,69.14,68.2913,69.14,68,1636952400000000000,67
WVE,212745,4.69,4.52,4.78,4.48,1636952400000000000,2550
WVVI,70922,16.25,15.38,16.4753,14.8,1636952400000000000,422
WVVIP,1864,7.4917,7.59,7.992,7.4917,1636952400000000000,17
WW,1261967,20.9,21.48,21.5,20.585,1636952400000000000,13745
WWACU,27434,9.98,9.975,9.99,9.96,1636952400000000000,64
WWD,174694,118.17,116.57,118.775,115.65,1636952400000000000,4949
WWE,457274,55.98,56.15,57.19,55.95,1636952400000000000,8473
WWJD,11201,35.72,35.62,35.75,35.62,1636952400000000000,92
WWOW,447,32.12,31.5389,32.12,31.5389,1636952400000000000,17
WWR,383726,3.58,3.54,3.61,3.47,1636952400000000000,2646
WWW,541962,34.38,33.94,34.385,33.74,1636952400000000000,8214
WY,4452899,37.02,37.41,37.59,36.63,1636952400000000000,33037
WYNN,4305159,94.61,98.05,98.85,94.56,1636952400000000000,53966
WYY,181521,5.27,5.26,5.27,4.97,1636952400000000000,788
X,15379120,26.24,25.73,26.285,25.43,1636952400000000000,69095
XAIR,1444031,13.4,14.73,15.83,13.1693,1636952400000000000,10737
XAR,47534,123.37,123.66,124.19,123.37,1636952400000000000,1004
XBAP,0,27.244,27.244,27.244,27.244,1636952400000000000,0
XBI,6140692,126.94,123.89,127.14,123.57,1636952400000000000,79801
XBIO,173851,1.7,1.7,1.73,1.69,1636952400000000000,385
XBIT,153217,14.51,13.57,14.612,13.5,1636952400000000000,1765
XBJL,0,26.711,26.711,26.711,26.711,1636952400000000000,0
XBOC,105,25.01,25.01,25.01,25.01,1636952400000000000,3
XBUY,1748,44.99,44.9149,45.0409,44.84,1636952400000000000,20
XCEM,8319,32.92,32.7585,32.92,32.71,1636952400000000000,92
XCLR,1337,27.96,27.9413,27.96,27.92,1636952400000000000,22
XCUR,329058,1.09,1.07,1.12,1.07,1636952400000000000,746
XDAP,118,28.57,28.5916,28.5916,28.57,1636952400000000000,2
XDAT,10101,30.1,30.2272,30.2272,30,1636952400000000000,43
XDIV,805,105.6,105.595,105.68,105.595,1636952400000000000,11
XDJL,603,27.5444,27.5444,27.5444,27.5444,1636952400000000000,45
XDOC,500,25.59,25.5284,25.59,25.5284,1636952400000000000,2
XDQQ,12686,30.1803,30.13,30.1803,30.13,1636952400000000000,45
XDSQ,350,28.57,28.507,28.57,28.507,1636952400000000000,1
XEL,2180160,63.27,64.31,64.35,63.165,1636952400000000000,25547
XELA,18747781,1.66,1.56,1.72,1.54,1636952400000000000,23529
XELB,443112,1.35,1.42,1.54,1.35,1636952400000000000,1259
XENE,255887,31.7,31.68,32.48,31.1,1636952400000000000,3383
XENT,483730,27.06,27.02,27.135,26.95,1636952400000000000,2544
XERS,6912624,2.36,2.48,2.49,2.26,1636952400000000000,19679
XES,140655,55.95,55.56,56.3,54.9,1636952400000000000,578
XFINU,1952,10.09,10.075,10.09,10.07,1636952400000000000,6
XFLT,415117,9.36,9.23,9.42,9.04,1636952400000000000,1404
XFLTpA,736,26.08,26.08,26.08,26.08,1636952400000000000,6
XFOR,99086,4.91,4.83,4.9429,4.7101,1636952400000000000,502
XGN,18306,12.93,12.68,14.0117,12.02,1636952400000000000,410
XHB,973906,82.88,82.14,82.88,81.98,1636952400000000000,14020
XHE,18911,126.48,124.2266,126.81,123.74,1636952400000000000,456
XHR,348313,18.3,18.18,18.34,18.03,1636952400000000000,2832
XHS,10119,111.09,110.42,111.2,110.21,1636952400000000000,180
XIN,100497,1.06,1.05,1.0827,1.05,1636952400000000000,387
XITK,3558,231.62,230.36,231.62,229.2816,1636952400000000000,194
XJH,8432,39.88,39.76,39.92,39.76,1636952400000000000,57
XJR,1623,42.32,42.2224,42.32,42.1751,1636952400000000000,24
XJUN,3446,30.3701,30.4216,30.4216,30.37,1636952400000000000,6
XL,3111797,5.48,5.22,5.505,5.17,1636952400000000000,13900
XLB,4314031,90.13,89.69,90.17,89.37,1636952400000000000,37670
XLC,2316756,81.46,81.46,81.91,81.25,1636952400000000000,20128
XLE,21360342,57.5,58.03,58.365,57.01,1636952400000000000,103488
XLF,29865145,40.26,40.15,40.36,40.07,1636952400000000000,71008
XLG,20452,362.99,361.72,363.1,360.6916,1636952400000000000,632
XLI,7672636,107.33,107.1,107.45,106.86,1636952400000000000,67898
XLK,6245195,167.98,167.14,168.22,166.19,1636952400000000000,102117
XLNX,1916691,217,215.27,217,210.02,1636952400000000000,33644
XLO,60181,23.81,22.2,23.81,21.2,1636952400000000000,1266
XLP,6381465,72.97,73.19,73.265,72.83,1636952400000000000,33330
XLRE,3591660,48.21,48.46,48.46,48.01,1636952400000000000,15260
XLRN,496861,173.5,173.5,174.65,173.43,1636952400000000000,5296
XLSR,18869,47.52,47.45,47.569,47.3,1636952400000000000,223
XLU,9501863,66.94,67.53,67.56,66.8,1636952400000000000,59150
XLV,6268910,134.12,132.98,134.19,132.85,1636952400000000000,58874
XLY,5306038,203.94,203.62,204.33,202.45,1636952400000000000,73539
XM,1290492,39,37.96,39.2,37.95,1636952400000000000,15940
XME,3311064,47.09,46.26,47.1865,45.93,1636952400000000000,25463
XMHQ,11234,83.79,83.2625,83.79,83.1946,1636952400000000000,149
XMLV,176081,57.04,57.22,57.23,56.91,1636952400000000000,474
XMMO,33509,96.31,95.88,96.31,95.5132,1636952400000000000,292
XMPT,32600,29.61,29.45,29.61,29.4,1636952400000000000,198
XMTR,458896,54.17,53.06,56,50.9,1636952400000000000,8026
XMVM,148025,49.76,49.57,49.76,49.4091,1636952400000000000,146
XNCR,194616,38.51,37.45,39.07,37.32,1636952400000000000,3842
XNET,233526,3.2,3.04,3.2,3.01,1636952400000000000,1569
XNTK,5104,174.4527,173.93,174.4806,173.34,1636952400000000000,206
XOM,18738523,63.76,64.37,64.767,63.22,1636952400000000000,115479
XOMA,13092,25.92,26.21,26.49,25.2001,1636952400000000000,278
XOMAO,3339,26.1,26.2,26.25,26.1,1636952400000000000,30
XOMAP,6714,26.22,26,26.2201,25.94,1636952400000000000,50
XOP,5877727,107.22,108.15,109.3,105.49,1636952400000000000,70002
XOS,696351,4.63,4.53,4.64,4.45,1636952400000000000,5793
XOSWW,28065,1.02,1.04,1.08,0.9709,1636952400000000000,108
XOUT,9390,45.01,44.7927,45.0455,44.7185,1636952400000000000,95
XP,1375370,34,33.83,34.43,33.78,1636952400000000000,10053
XPAXU,14308,9.835,9.82,9.89,9.78,1636952400000000000,133
XPAXW,20798,0.560101,0.59,0.59,0.56,1636952400000000000,52
XPDI,756903,13.5,13.87,14.16,13.5,1636952400000000000,4249
XPDIU,8490,15,14.885,15,14.75,1636952400000000000,62
XPDIW,298483,3.86,4.05,4.29,3.86,1636952400000000000,1285
XPEL,187630,71.06,73.54,74.3571,70.78,1636952400000000000,4148
XPER,375504,19.38,19.52,19.55,19.22,1636952400000000000,4498
XPEV,6444652,48.53,47.5,49.04,46.88,1636952400000000000,49038
XPH,27025,50.67,49.75,50.67,49.65,1636952400000000000,397
XPL,133564,0.522,0.5112,0.529899,0.51,1636952400000000000,308
XPND,1116,22.96,22.9038,22.96,22.879,1636952400000000000,12
XPO,657912,79.89,78.49,80.16,78.44,1636952400000000000,11201
XPOA,52871,9.81,9.85,9.85,9.81,1636952400000000000,175
XPOA.U,3315,10.07,10.15,10.15,10.07,1636952400000000000,10
XPOA.WS,83807,0.7801,0.86,0.9,0.78,1636952400000000000,115
XPOF,226340,24.11,23.1,24.31,22.61,1636952400000000000,3948
XPP,9037,54.5,53.9532,54.7,53.9532,1636952400000000000,86
XPRO,274632,17.83,17.91,18.14,17.25,1636952400000000000,3485
XRAY,1542468,55.23,54.96,55.29,54.66,1636952400000000000,12167
XRLV,168,49.9943,49.9943,49.9943,49.9943,1636952400000000000,14
XRMI,5558,26.98,26.9472,26.98,26.93,1636952400000000000,69
XRT,2391947,103.42,103.07,103.7,102.41,1636952400000000000,26501
XRTX,315005,2.88,3,3.15,2.7,1636952400000000000,1130
XRX,2197496,20.2539,19.87,20.48,19.795,1636952400000000000,14611
XSD,73653,242.95,240.56,243,238.2898,1636952400000000000,1637
XSHD,5666,23.13,23.2196,23.25,23.13,1636952400000000000,39
XSHQ,136653,41.16,40.67,41.88,40.67,1636952400000000000,325
XSLV,71820,51.66,51.59,51.7,51.42,1636952400000000000,369
XSMO,7172,60.415,60.6458,60.7599,60.2363,1636952400000000000,109
XSOE,361959,39,38.79,39,38.76,1636952400000000000,2125
XSPA,11288632,1.34,1.53,1.655,1.32,1636952400000000000,21667
XSVM,98164,56.72,56.28,56.86,56.07,1636952400000000000,679
XSW,19627,185.19,182.31,185.19,181.84,1636952400000000000,809
XT,127940,67.48,67.06,67.48,66.9353,1636952400000000000,806
XTAP,1101,28.465,28.4,28.465,28.39,1636952400000000000,12
XTJL,0,27.4165,27.4165,27.4165,27.4165,1636952400000000000,0
XTL,21828,103.79,102.66,103.79,102.48,1636952400000000000,72
XTLB,32134,3.74,3.58,3.74,3.5,1636952400000000000,159
XTN,23902,97.86,97.29,97.86,96.83,1636952400000000000,476
XTNT,80240,1.1,1.06,1.1,1.06,1636952400000000000,344
XTOC,1698,25.5227,25.5061,25.56,25.5061,1636952400000000000,11
XTR,38,28.1491,28.1491,28.1491,28.1491,1636952400000000000,2
XVOL,26231,22.3,22.1993,22.3,22.1993,1636952400000000000,130
XVV,4105,36.19,36.0475,36.19,36.02,1636952400000000000,64
XWEB,1494,177.09,176.2584,177.09,175.9381,1636952400000000000,66
XXII,3744201,3.02,3.22,3.315,3.01,1636952400000000000,16604
XYF,73548,5.02,4.72,5.06,4.5301,1636952400000000000,374
XYL,607339,130.67,129.47,131.5344,129.2,1636952400000000000,9952
XYLD,213297,50.77,50.6,50.7757,50.6,1636952400000000000,1599
XYLG,5027,32.31,32.1818,32.31,32.1101,1636952400000000000,138
Y,48689,700,693.76,704.36,692.53,1636952400000000000,2028
YAC,10242,9.96,9.96,9.98,9.96,1636952400000000000,64
YAC.WS,263511,1.37,1.42,1.49,1.3427,1636952400000000000,288
YALA,8535159,8.87,9.31,10.4,8.721,1636952400000000000,40383
YANG,732286,15.17,15.52,15.58,15.17,1636952400000000000,4232
YCBD,839090,1.8,1.79,1.97,1.74,1636952400000000000,2352
YCBDpA,12973,6.2199,6.2067,6.3,6.12,1636952400000000000,93
YCL,28,48.1941,48.1941,48.1941,48.1941,1636952400000000000,7
YCS,9683,81.3,81.85,81.9,81.3,1636952400000000000,100
YDEC,0,22.0471,22.0471,22.0471,22.0471,1636952400000000000,0
YELL,692046,13.15,12.9,13.59,12.89,1636952400000000000,6783
YELP,530735,38.5,38.61,38.96,38.31,1636952400000000000,8296
YETI,1061366,98.98,102.09,102.15,98.705,1636952400000000000,16443
YEXT,662243,11.83,11.75,11.91,11.68,1636952400000000000,6657
YGMZ,90143,2.99,2.89,3.0899,2.81,1636952400000000000,474
YI,353033,5.45,5.59,5.9441,5.42,1636952400000000000,2726
YINN,3465349,12.05,11.77,12.05,11.72,1636952400000000000,10846
YJ,88602,0.88,0.8799,0.88,0.831,1636952400000000000,222
YJUN,2545,20.5,20.4399,20.5,20.4399,1636952400000000000,8
YLD,4576,20.95,20.84,20.95,20.82,1636952400000000000,57
YMAB,148493,22.67,21.9,22.91,21.71,1636952400000000000,2210
YMAR,4363,21.25,21.21,21.26,21.21,1636952400000000000,25
YMM,1325557,16.25,15.83,16.78,15.74,1636952400000000000,11766
YMTX,178136,5.3,5.22,5.345,5.04,1636952400000000000,1038
YNDX,728945,83.36,81.77,83.42,81.09,1636952400000000000,11862
YOLO,350915,18.1,17.28,18.34,17.2,1636952400000000000,3000
YORW,27053,49.15,49.03,49.28,48.55,1636952400000000000,653
YOU,661571,46.65,44.41,51.7199,44.2,1636952400000000000,10999
YPF,2234451,4.32,4.25,4.35,4.17,1636952400000000000,11478
YPS,2450,24.7301,24.7306,24.75,24.7101,1636952400000000000,29
YQ,1560986,0.8302,0.8086,0.849,0.8,1636952400000000000,3497
YRD,92557,3.78,3.54,3.8,3.46,1636952400000000000,448
YSAC,9427,10.14,10.13,10.14,10.13,1636952400000000000,121
YSACU,8533,10.92,10.62,10.92,10.62,1636952400000000000,38
YSACW,10756,1.03,1.04,1.05,1.03,1636952400000000000,76
YSEP,8952,20.25,20.19,20.25,20.1581,1636952400000000000,67
YSG,2571733,3.14,3.1,3.23,3.1,1636952400000000000,12977
YTEN,173661,6.03,5.67,6.113,5.56,1636952400000000000,1156
YTPG,1771,9.97,9.99,9.99,9.96,1636952400000000000,6
YTRA,123746,2.4,2.43,2.55,2.3481,1636952400000000000,582
YUM,1030023,125.9,126.59,127.57,125.67,1636952400000000000,16060
YUMC,1458733,54.84,54.82,55.19,54.58,1636952400000000000,11903
YVR,295879,1.62,1.58,1.65,1.57,1636952400000000000,1098
YXI,13669,15.07,15.1683,15.17,15.07,1636952400000000000,50
YY,505136,53.13,52.78,54.066,52,1636952400000000000,8960
YYY,128389,17.11,17.105,17.14,17.09,1636952400000000000,466
Z,4888626,64,63.54,65.0799,63.39,1636952400000000000,51295
ZBH,1455626,132.46,131.13,132.93,130.15,1636952400000000000,20379
ZBRA,115616,594.29,590.76,597.58,587.04,1636952400000000000,6570
ZBZX,0,0.04,0.04,0.04,0.04,1636952400000000000,0
ZCMD,88090,1.78,1.84,1.84,1.78,1636952400000000000,216
ZD,300426,128.19,127.71,129.39,127.3,1636952400000000000,6025
ZDGE,123264,11.91,11.82,12.27,11.62,1636952400000000000,1587
ZEAL,4155,24.63,24.66,24.67,24.55,1636952400000000000,78
ZECP,4420,26.06,25.95,26.06,25.95,1636952400000000000,12
ZEN,2047963,103.14,103.39,104.61,102.49,1636952400000000000,24429
ZENV,143331,11.55,11.03,11.55,10.99,1636952400000000000,1495
ZEPP,213713,9.27,8.5,9.27,8.5,1636952400000000000,1742
ZEST,117680,3.72,3.75,3.79,3.5807,1636952400000000000,412
ZETA,321425,9.62,9.28,9.63,9.23,1636952400000000000,3236
ZEUS,133575,25.3,24.61,25.4743,24.08,1636952400000000000,2172
ZEV,1490511,8.88,8.9,8.94,8.62,1636952400000000000,9290
ZEV.WS,282629,1.67,1.62,1.75,1.56,1636952400000000000,1073
ZEXIT,2000,10,10,10,10,1636952400000000000,1
ZG,655334,64,63.6,65.07,63.43,1636952400000000000,11898
ZGNX,373040,15.59,14.84,15.61,14.79,1636952400000000000,4998
ZGYH,82604,10.29,10.3,10.3,10.29,1636952400000000000,245
ZGYHR,54637,0.32,0.36,0.36015,0.32,1636952400000000000,28
ZGYHW,63549,0.46,0.488,0.5224,0.4591,1636952400000000000,146
ZH,1315775,9.42,9.4,9.67,9.3,1636952400000000000,10518
ZHDG,51396,21.03,20.95,21.03,20.95,1636952400000000000,62
ZI,3716122,74.92,75.5,75.55,73.6536,1636952400000000000,36453
ZIEXT,2000,1,1,1,1,1636952400000000000,1
ZIG,4504,29.76,29.641,29.779,29.641,1636952400000000000,27
ZIM,1897889,50.925,49.36,50.97,48.5,1636952400000000000,19644
ZION,842070,65.78,66.35,66.555,65.61,1636952400000000000,16787
ZIONL,4297,27.19,27.24,27.241,27.1,1636952400000000000,25
ZIONO,2730,27.03,26.8801,27.095,26.8713,1636952400000000000,59
ZIONP,231,25.1999,25.1999,25.1999,25.1999,1636952400000000000,3
ZIOP,2528366,1.53,1.39,1.53,1.38,1636952400000000000,7740
ZIP,1401600,31.77,31.08,31.78,30.53,1636952400000000000,14594
ZIVO,404486,3.71,3.76,4.05,3.57,1636952400000000000,1557
ZIVOW,3700,0.9299,0.9102,0.93,0.91,1636952400000000000,21
ZIXI,1667690,8.48,8.47,8.51,8.47,1636952400000000000,5070
ZJZZT,120000,15,15,15,15,1636952400000000000,1
ZKIN,1997030,2.96,2.93,3.05,2.7,1636952400000000000,6195
ZLAB,319269,85.63,85.96,86.34,84.16,1636952400000000000,5449
ZM,3983466,255,263.71,265.33,255,1636952400000000000,79190
ZME,109069,1.73,1.59,1.73,1.56,1636952400000000000,510
ZNGA,16588188,7.62,7.44,7.63,7.4,1636952400000000000,50486
ZNH,14221,30.77,30.93,31,30.54,1636952400000000000,250
ZNTE,54078,10.17,10.16,10.18,10.15,1636952400000000000,473
ZNTEW,51330,0.8877,0.841356,0.8877,0.8411,1636952400000000000,191
ZNTL,237356,77.77,77.3,78.105,74.47,1636952400000000000,4726
ZOM,31533796,0.5129,0.5027,0.5175,0.5,1636952400000000000,35572
ZROZ,26725,150.42,148.39,150.52,148.26,1636952400000000000,682
ZS,1234861,352.91,345.8,352.91,341.83,1636952400000000000,26112
ZSAN,665196,0.6492,0.6398,0.65,0.622,1636952400000000000,1605
ZSL,130437,23.58,23.5,23.815,23.311,1636952400000000000,923
ZT,278891,9.68,9.7,9.7,9.65,1636952400000000000,1039
ZTAQU,609110,9.93,10,10.13,9.9,1636952400000000000,869
ZTAQW,67924,1,1.25,1.25,0.9359,1636952400000000000,842
ZTEST,0,8662.955,8662.955,8662.955,8662.955,1636952400000000000,0
ZTO,1789881,28.95,28.78,29,28.39,1636952400000000000,14754
ZTR,261651,9.4,9.41,9.48,9.35,1636952400000000000,865
ZTS,918364,217.15,216.06,217.31,215.65,1636952400000000000,18290
ZTST,0,40.17,40.17,40.17,40.17,1636952400000000000,0
ZUMZ,183717,51.73,51.07,52.04,50.64,1636952400000000000,4930
ZUO,532503,22.89,22.58,22.89,22.34,1636952400000000000,6240
ZVIA,743989,9.99,9.14,10.02,8.75,1636952400000000000,6722
ZVO,59857,1.66,1.68,1.72,1.65,1636952400000000000,572
ZVZZT,904006,9.9975,10.02,10.02,9.98,1636952400000000000,7329
ZWRK,16429,9.74,9.76,9.76,9.74,1636952400000000000,57
ZWRKU,15389,9.95,9.98,9.98,9.94,1636952400000000000,149
ZWRKW,32035,0.7299,0.923,0.923,0.7,1636952400000000000,188
ZWS,731329,37.69,37.28,38.03,36.95,1636952400000000000,8097
ZWZZT,215750,19,19,19,19,1636952400000000000,2
ZXIET,2000,100,100,100,100,1636952400000000000,1
ZY,1115403,10.35,9.92,10.39,9.78,1636952400000000000,7281
ZYME,344455,20.13,19.54,20.25,19.45,1636952400000000000,3841
ZYNE,1664104,4.33,4.3,4.355,4.12,1636952400000000000,8839
ZYXI,162871,14.63,14.66,14.89,14.41,1636952400000000000,2289
