ticker,volume,open,close,high,low,window_start,transactions
A,2040429,149.12,145.15,149.73,145.09,1641531600000000000,28608
AA,8060118,60.14,62.37,62.89,59.65,1641531600000000000,62726
AAA,1562,24.99,25,25,24.99,1641531600000000000,14
AAAU,84086,17.8,17.86,17.875,17.7668,1641531600000000000,385
AAC,216378,9.75,9.77,9.78,9.75,1641531600000000000,138
AAC.U,52849,9.98,9.94,9.98,9.93,1641531600000000000,11
AAC.WS,3863,0.89,0.9,0.93,0.89,1641531600000000000,29
AACG,9718034,1.93,2.64,2.94,1.85,1641531600000000000,25897
AACI,970,9.89,9.87,9.89,9.8108,1641531600000000000,12
AACIW,66828,0.5201,0.54,0.55,0.4606,1641531600000000000,119
AADI,55025,22.44,21.75,22.74,21.6,1641531600000000000,1488
AAIC,101412,3.61,3.59,3.64,3.59,1641531600000000000,574
AAIN,3260,25,25.095,25.17,25,1641531600000000000,25
AAL,42219790,18.75,19.28,19.59,18.58,1641531600000000000,158240
AAMpA,13870,25.28,25.4,25.4,25.27,1641531600000000000,130
AAMpB,4151,26.29,26.48,26.48,26.29,1641531600000000000,62
AAME,8720,2.9,2.9,2.95,2.8,1641531600000000000,108
AAN,166697,24.12,23.74,24.5354,23.67,1641531600000000000,2830
AAOI,556672,4.8,4.69,4.847,4.63,1641531600000000000,3233
AAON,315671,76.45,74.06,76.45,73.95,1641531600000000000,3708
AAP,550743,239.96,238.09,242.1536,237.32,1641531600000000000,15284
AAPL,86681112,172.89,172.17,174.14,171.03,1641531600000000000,716878
AAQC,207,9.72,9.72,9.72,9.72,1641531600000000000,6
AAQC.U,5700,10,10.01,10.01,10,1641531600000000000,8
AAT,245434,38.32,38.59,39.16,38,1641531600000000000,3232
AATC,8649,6.25,6.38,6.38,6.25,1641531600000000000,63
AAU,654179,0.28,0.282,0.296,0.28,1641531600000000000,486
AAWW,693348,88.81,88.25,90.46,88.03,1641531600000000000,8165
AAXJ,950336,82.44,82.73,82.84,82.06,1641531600000000000,6272
AB,263178,47.08,48.62,48.8,46.7745,1641531600000000000,2783
ABB,1372133,38.09,38.1,38.25,37.8122,1641531600000000000,11815
ABBV,8055396,135.25,134.88,135.835,134.13,1641531600000000000,66720
ABC,1096316,131.11,133.12,133.48,128.9,1641531600000000000,17173
ABCB,413093,54.13,54.07,54.53,53.51,1641531600000000000,6634
ABCL,1573070,12.17,11.82,12.59,11.5,1641531600000000000,13134
ABCM,66350,21.1,20.96,21.2,20.78,1641531600000000000,1193
ABEO,2591745,0.3179,0.3108,0.3298,0.305,1641531600000000000,2670
ABEQ,7332,28.55,28.7708,28.8,28.55,1641531600000000000,30
ABEV,14483967,2.6,2.59,2.625,2.57,1641531600000000000,19709
ABG,176205,175.9,175.17,179.3,174,1641531600000000000,4842
ABGI,5605,9.77,9.765,9.77,9.765,1641531600000000000,9
ABIO,157192,2.04,2.04,2.12,2.01,1641531600000000000,590
ABM,573032,42.4,42.88,43.56,42.4,1641531600000000000,7742
ABMD,433845,334.79,319.28,336.025,319.04,1641531600000000000,11400
ABNB,5618567,159.18,166.05,166.88,158.455,1641531600000000000,88089
ABOS,103738,5.7,5.75,6.045,5.65,1641531600000000000,1015
ABR,1016625,18.68,18.74,18.8799,18.635,1641531600000000000,7904
ABRpD,12459,25.37,25.405,25.49,25.28,1641531600000000000,67
ABRpE,8722,25.2122,25.23,25.3022,25.15,1641531600000000000,50
ABRpF,2177,25.42,25.38,25.42,25.38,1641531600000000000,29
ABSI,43862607,9.11,7.19,9.26,7.08,1641531600000000000,247406
ABST,176071,8.61,8.46,8.63,8.45,1641531600000000000,1780
ABT,4355311,134.88,135.56,136.18,134.38,1641531600000000000,52015
ABTX,76379,44.81,43.97,45.16,43.74,1641531600000000000,1962
ABUS,1686269,3.56,3.5,3.62,3.46,1641531600000000000,7739
ABVC,61948,3.41,3.41,3.4565,3.3001,1641531600000000000,292
AC,3000,43.4,42.44,43.46,42.44,1641531600000000000,147
ACA,168166,52.4,51.36,52.8773,51.31,1641531600000000000,2623
ACAD,1309927,23.05,22.59,23.635,22.54,1641531600000000000,12809
ACAH,4898,9.84,9.8202,9.84,9.82,1641531600000000000,20
ACAHW,69332,0.7,0.7,0.7749,0.6799,1641531600000000000,148
ACAQ.U,200000,10.14,10.14,10.14,10.14,1641531600000000000,1
ACAQ.WS,65601,0.4601,0.4754,0.48,0.45,1641531600000000000,29
ACB,5851869,5.39,5.51,5.7,5.39,1641531600000000000,23409
ACBAW,53642,0.25,0.24,0.25,0.24,1641531600000000000,4
ACBI,119976,31.83,32.21,32.4,31.72,1641531600000000000,2376
ACC,508042,55.59,55.43,55.81,55.3,1641531600000000000,5890
ACCD,942330,21.42,20.92,22.37,20.91,1641531600000000000,10085
ACCO,279854,8.36,8.3,8.41,8.24,1641531600000000000,2468
ACDI,800,9.89,9.9,9.9,9.89,1641531600000000000,6
ACDI.U,803115,10.16,10.155,10.17,10.155,1641531600000000000,12
ACDI.WS,2500,0.5851,0.57713,0.5851,0.57713,1641531600000000000,10
ACEL,204787,12.55,12.75,12.78,12.51,1641531600000000000,2414
ACER,13655,2.32,2.29,2.33,2.2039,1641531600000000000,108
ACES,56281,59.83,59.62,60.835,59.1,1641531600000000000,863
ACET,239473,16.13,15.52,16.65,15.25,1641531600000000000,3219
ACEV,53791,9.97,9.97,9.99,9.97,1641531600000000000,366
ACEVW,12378,0.7999,0.7,0.7999,0.65,1641531600000000000,36
ACGL,1880223,45.12,45.07,45.27,44.76,1641531600000000000,19795
ACGLN,45393,25.44,25.57,25.59,25.29,1641531600000000000,369
ACGLO,10210,25.62,25.6675,25.74,25.62,1641531600000000000,149
ACH,125391,13.8,14.02,14.07,13.72,1641531600000000000,1336
ACHC,758079,58.07,56.36,59.39,56.34,1641531600000000000,10222
ACHL,62087,4.45,4.26,4.51,4.2,1641531600000000000,438
ACHR,2936535,5.05,4.64,5.05,4.52,1641531600000000000,16380
ACHR.WS,182057,1.0101,0.889999,1.025,0.8701,1641531600000000000,292
ACHV,28873,8.31,8.19,8.5,8.075,1641531600000000000,420
ACI,2110160,31.5,31.21,32.32,31.2,1641531600000000000,21564
ACII,8024,9.751,9.75,9.76,9.74,1641531600000000000,22
ACII.WS,200,0.78,0.78,0.78,0.78,1641531600000000000,3
ACIO,41832,32.04,32.07,32.1899,31.95,1641531600000000000,129
ACIU,89317,4.85,4.85,4.92,4.81,1641531600000000000,950
ACIW,504608,34.43,34.06,34.75,33.8,1641531600000000000,7336
ACKIT,80450,10.12,10.12,10.14,10.12,1641531600000000000,341
ACKIU,81700,10.35,10.4,10.4,10.35,1641531600000000000,233
ACKIW,159641,0.5,0.5,0.5001,0.5,1641531600000000000,291
ACLS,402620,72.2,68.67,72.9105,67.45,1641531600000000000,7138
ACM,547538,75.52,74.49,75.9,74.44,1641531600000000000,8501
ACMR,242223,83.58,82,86.54,79.76,1641531600000000000,5160
ACN,2899633,379.09,370.75,379.99,370.14,1641531600000000000,55522
ACNB,8480,32.91,33.5,33.8999,32.38,1641531600000000000,599
ACOR,103097,2.42,2.29,2.44,2.26,1641531600000000000,653
ACP,91078,10.33,10.33,10.33,10.27,1641531600000000000,643
ACPpA,1370,26.76,26.8,26.8,26.55,1641531600000000000,12
ACQR,100233,9.74,9.77,9.77,9.72,1641531600000000000,261
ACQRU,30000,9.86,9.86,9.9,9.86,1641531600000000000,97
ACQRW,5269,0.7401,0.73,0.78,0.73,1641531600000000000,43
ACR,16209,12.43,12.39,12.49,12.34,1641531600000000000,204
ACRpC,15374,25.34,25.3,25.34,25.25,1641531600000000000,84
ACRpD,5210,25.0699,25.04,25.15,25.02,1641531600000000000,58
ACRE,237546,14.65,14.75,14.82,14.62,1641531600000000000,2038
ACRO.WS,10811,0.801,0.75,0.801,0.75,1641531600000000000,30
ACRS,602191,13.03,12.7,13.155,12.47,1641531600000000000,2559
ACRX,678017,0.53,0.5225,0.56,0.52,1641531600000000000,1832
ACSI,132,52.13,51.9973,52.13,51.9973,1641531600000000000,27
ACST,723489,1.4,1.3,1.41,1.29,1641531600000000000,2752
ACT,132550,21.83,22.24,22.3575,21.83,1641531600000000000,1623
ACTD,4190,9.9,9.9,9.905,9.89,1641531600000000000,20
ACTDW,1533,1.57,1.6,1.6,1.57,1641531600000000000,14
ACTG,241335,5.03,5.07,5.1099,4.95,1641531600000000000,2146
ACTV,3327,36.83,36.7761,36.94,36.675,1641531600000000000,29
ACU,2787,33,33.025,33.463,32.5644,1641531600000000000,62
ACV,84580,31.47,32.5,32.74,31.09,1641531600000000000,517
ACVA,537888,17.94,17.84,18.5,17.36,1641531600000000000,6079
ACVF,19243,35.28,34.83,35.28,34.78,1641531600000000000,134
ACWF,23518,38.87,38.76,38.901,38.6,1641531600000000000,142
ACWI,4589412,104.44,104.28,104.72,103.77,1641531600000000000,32440
ACWV,294527,105.86,106.05,106.3256,105.82,1641531600000000000,1213
ACWX,1694075,55.38,55.6,55.68,55.21,1641531600000000000,5340
ACXP,17282,4.4475,4.41,4.49,4.3001,1641531600000000000,99
ACY,347286,57.12,47.99,60.2,44.04,1641531600000000000,4357
ADAG,13636,8.09,8.785,8.8249,8.0384,1641531600000000000,180
ADAL,3799,9.87,9.9,9.9,9.87,1641531600000000000,31
ADALU,200204,10.09,10.08,10.09,10.08,1641531600000000000,4
ADALW,5000,0.55,0.4999,0.55,0.4999,1641531600000000000,25
ADAP,493978,3.64,3.51,3.67,3.5,1641531600000000000,3015
ADBE,3591361,513.66,510.7,520.42,504,1641531600000000000,89571
ADC,470713,69.64,69.18,70.04,68.99,1641531600000000000,7420
ADCpA,26880,23.87,23.95,24,23.87,1641531600000000000,79
ADCT,120518,20.04,19.8,20.4,19.65,1641531600000000000,2227
ADER,10080,9.88,9.88,9.88,9.88,1641531600000000000,50
ADERU,100,10.1799,10.1799,10.1799,10.1799,1641531600000000000,1
ADERW,15074,0.7248,0.63,0.7299,0.61,1641531600000000000,30
ADES,38836,7.14,7.13,7.25,7.07,1641531600000000000,456
ADEX,3710,9.86,9.86,9.87,9.86,1641531600000000000,38
ADEX.U,2025,9.89,10.16,10.16,9.89,1641531600000000000,16
ADEX.WS,118282,0.6,0.55,0.62,0.55,1641531600000000000,336
ADFI,1597,9.465,9.455,9.47,9.4301,1641531600000000000,9
ADGI,1592653,6.06,5.93,6.49,5.84,1641531600000000000,13940
ADI,6735950,173.1013,168.84,173.76,166.0043,1641531600000000000,83335
ADIL,81764,2.58,2.59,2.63,2.5,1641531600000000000,483
ADILW,1237,0.6701,0.62,0.7048,0.62,1641531600000000000,13
ADIV,1759,16.5,16.6039,16.6039,16.5,1641531600000000000,9
ADM,2022150,69.34,69.81,69.86,68.9499,1641531600000000000,24281
ADMA,831853,1.29,1.33,1.35,1.285,1641531600000000000,3624
ADME,27078,42.2,42.22,42.4411,42.2,1641531600000000000,121
ADMP,755315,0.5599,0.575,0.5911,0.555,1641531600000000000,1883
ADN,146265,6.37,6.35,6.5,6.205,1641531600000000000,1607
ADNT,510360,50,48.28,50.73,48.17,1641531600000000000,6830
ADNWW,73143,1.08,1.0899,1.1199,1.01,1641531600000000000,89
ADOC,1007,10.2452,10.25,10.25,10.2452,1641531600000000000,10
ADOCR,125,0.345001,0.345001,0.345001,0.345001,1641531600000000000,2
ADOCW,750,0.1851,0.1851,0.1851,0.1851,1641531600000000000,1
ADP,1461731,240.78,238.84,241.24,238.73,1641531600000000000,29800
ADPT,940808,23.32,23.17,24.78,23.1,1641531600000000000,10779
ADRA,4910,9.8,9.81,9.81,9.79,1641531600000000000,20
ADRA.WS,5200,0.49,0.483,0.495,0.48,1641531600000000000,19
ADRE,38262,46.61,46.6633,47.0251,46.379,1641531600000000000,132
ADS,1448735,68.94,70.4,71.475,68.94,1641531600000000000,14278
ADSE,24810,8.75,9.2,9.29,8.65,1641531600000000000,352
ADSEW,12604,0.8272,0.9498,0.99,0.8001,1641531600000000000,43
ADSK,1167348,262.5,262.32,266.64,258.49,1641531600000000000,29982
ADT,2932552,7.89,7.89,7.91,7.66,1641531600000000000,20125
ADTH,119472,5.73,5.73,5.875,5.53,1641531600000000000,1380
ADTHW,79327,0.6501,0.7684,0.7684,0.65,1641531600000000000,205
ADTN,512978,20.9,20.43,21.34,20.135,1641531600000000000,5976
ADTX,702532,0.4868,0.479,0.4999,0.475,1641531600000000000,1321
ADUS,37337,88.04,85.78,89.0599,85.58,1641531600000000000,1664
ADV,399033,7.42,7.32,7.5434,7.22,1641531600000000000,3049
ADVM,1066366,1.72,1.68,1.76,1.66,1641531600000000000,6220
ADVWW,2078,2.4004,2.4,2.415,2.39,1641531600000000000,23
ADX,260117,19.17,19.06,19.17,18.92,1641531600000000000,1305
ADXN,353,6.23,6.23,6.23,6.23,1641531600000000000,22
AE,3086,29.3,29.28,29.36,28.964,1641531600000000000,76
AEAC,1415,9.76,9.8,9.8,9.76,1641531600000000000,15
AEACW,8321,0.59,0.5799,0.620248,0.5357,1641531600000000000,25
AEAE,1921,9.9,10,10,9.88,1641531600000000000,21
AEAEU,2333,10.1301,10.1301,10.1301,10.1301,1641531600000000000,24
AEAEW,1400,0.5799,0.55,0.5799,0.55,1641531600000000000,17
AEE,818481,87.63,88.24,88.71,87.27,1641531600000000000,10825
AEF,47880,7.92,7.93,7.9592,7.86,1641531600000000000,277
AEFC,22262,26.03,26.21,26.27,26,1641531600000000000,213
AEG,10748434,5.32,5.55,5.56,5.32,1641531600000000000,10406
AEHAW,730,0.4696,0.4484,0.4696,0.4301,1641531600000000000,7
AEHL,97230,1.73,1.79,1.81,1.66,1641531600000000000,432
AEHR,4295075,20.09,16.09,20.09,16.05,1641531600000000000,35627
AEI,1896778,0.4724,0.4791,0.4927,0.4667,1641531600000000000,3128
AEIS,184294,91.37,89.57,92.49,89.56,1641531600000000000,4418
AEL,458173,40.93,41.21,41.5,40.54,1641531600000000000,5674
AELpA,16842,26.88,26.82,27.14,26.69,1641531600000000000,205
AELpB,11184,27.33,27.42,27.56,27.33,1641531600000000000,127
AEM,2537329,50.28,50.13,50.5901,49.39,1641531600000000000,24461
AEMB,25,47.6607,47.6607,47.6607,47.6607,1641531600000000000,2
AEMD,118299,1.72,1.82,1.84,1.69,1641531600000000000,549
AENZ,6787,1.76,1.81,1.87,1.76,1641531600000000000,53
AEO,4418797,23.78,23.95,24.18,23.58,1641531600000000000,28384
AEP,3092551,88.99,90.8,91.2699,88.56,1641531600000000000,38717
AEPPL,40275,50.1594,50.3499,50.35,50.12,1641531600000000000,48
AEPPZ,237497,52.74,53.21,53.2795,52.55,1641531600000000000,57
AER,969179,68.1,67.72,68.9,67.3,1641531600000000000,12948
AERC,368715,9.03,8.82,9.24,8.6011,1641531600000000000,2409
AERI,1460926,6.9,7.7,7.73,6.815,1641531600000000000,11758
AES,4637073,23.24,23.1,23.47,22.975,1641531600000000000,28391
AESC,20815,93.4,93.13,94.95,92.66,1641531600000000000,211
AESE,151878,1.83,1.85,1.86,1.7812,1641531600000000000,764
AESR,7590,13.83,13.7611,13.87,13.72,1641531600000000000,57
AEVA,1294940,6.8,6.67,6.9,6.55,1641531600000000000,8890
AEVA.WS,178055,1.5,1.59,1.73,1.4,1641531600000000000,499
AEY,60639,1.472,1.52,1.53,1.47,1641531600000000000,140
AEYE,64179,7.19,6.86,7.44,6.78,1641531600000000000,544
AEZS,514145,0.3575,0.3749,0.375,0.3525,1641531600000000000,1135
AFAC,5519,10,10,10.1,9.94,1641531600000000000,55
AFACU,599,10.13,10.13,10.13,10.13,1641531600000000000,5
AFACW,63050,0.5,0.49,0.5,0.47,1641531600000000000,64
AFAQ,2579,9.7,9.72,9.72,9.7,1641531600000000000,33
AFB,50913,14.68,14.69,14.69,14.61,1641531600000000000,262
AFBI,5982,15.59,15.8205,16.03,15.25,1641531600000000000,210
AFCG,376177,20,20.1,20.33,20,1641531600000000000,3471
AFG,263432,138.26,137.73,138.34,136.79,1641531600000000000,6158
AFGB,14585,26.42,26.35,26.62,26.27,1641531600000000000,185
AFGC,15779,26.18,26.2168,26.4384,26.16,1641531600000000000,176
AFGD,10324,28.1,28.01,28.1746,27.76,1641531600000000000,121
AFGE,483,26.15,26.15,26.15,26.15,1641531600000000000,24
AFI,191109,2.25,2.24,2.31,2.21,1641531600000000000,1088
AFIB,257908,3.13,3.12,3.18,2.96,1641531600000000000,1721
AFIF,20650,9.51,9.51,9.52,9.5,1641531600000000000,48
AFIN,945041,9.31,9.27,9.36,9.25,1641531600000000000,5805
AFINO,20307,26.5,26.49,26.59,26.355,1641531600000000000,62
AFINP,11156,26.81,27,27,26.4661,1641531600000000000,111
AFK,4112,20.29,20.32,20.36,20.24,1641531600000000000,113
AFL,3716840,61.37,62.16,62.38,60.96,1641531600000000000,35743
AFLG,209,27.46,27.3784,27.46,27.3784,1641531600000000000,7
AFMC,302,26.0236,25.9732,26.03,25.9732,1641531600000000000,4
AFMD,1551027,5.02,4.82,5.17,4.81,1641531600000000000,9183
AFRM,6672901,79.42,79.62,83.3911,77.5641,1641531600000000000,71245
AFSM,2949,27.09,26.8555,27.11,26.8555,1641531600000000000,23
AFT,78576,16.41,16.43,16.43,16.39,1641531600000000000,531
AFTR,5481,9.6787,9.7201,9.7219,9.67,1641531600000000000,43
AFTR.WS,1625,0.6074,0.6873,0.6873,0.6074,1641531600000000000,14
AFTY,10,20.4662,20.4662,20.4662,20.4662,1641531600000000000,7
AFYA,337510,13.53,13.54,14.08,13.48,1641531600000000000,5135
AG,3729976,10.33,10.32,10.49,10.13,1641531600000000000,15796
AGAC,419,9.725,9.71,9.725,9.71,1641531600000000000,12
AGAC.U,270,10.07,10.07,10.07,10.07,1641531600000000000,1
AGAC.WS,10064,0.519,0.5502,0.5502,0.491,1641531600000000000,25
AGBAR,7898,0.1505,0.1748,0.175,0.1505,1641531600000000000,20
AGBAW,950,0.21,0.2006,0.21,0.2,1641531600000000000,11
AGCB,71060,9.83,9.84,9.88,9.82,1641531600000000000,211
AGCO,568924,120.77,121.49,123.005,120.61,1641531600000000000,9082
AGD,36788,12,12.06,12.0721,11.95,1641531600000000000,471
AGE,1003913,1.19,1.1,1.26,1.07,1641531600000000000,2191
AGEN,3065882,3.06,2.99,3.2,2.975,1641531600000000000,14016
AGFS,56969,2.17,2.26,2.27,2.1497,1641531600000000000,286
AGFY,324334,9.73,9.32,10.17,9.18,1641531600000000000,3048
AGG,9018905,112.69,112.49,112.705,112.34,1641531600000000000,32425
AGGR,3537,9.71,9.75,9.75,9.71,1641531600000000000,36
AGGRU,1310,9.88,9.87,9.9,9.8501,1641531600000000000,16
AGGRW,6500,0.63,0.61925,0.63,0.6101,1641531600000000000,21
AGGY,230369,50.89,50.81,50.93,50.76,1641531600000000000,620
AGI,3236537,7.06,7.03,7.12,6.96,1641531600000000000,12517
AGIL,102821,5.6,5.76,5.93,5.6,1641531600000000000,1170
AGILW,6100,0.61,0.605,0.63,0.59,1641531600000000000,37
AGIO,454032,33.45,32.57,34.395,32.38,1641531600000000000,6726
AGL,1894400,23.43,23.26,23.51,22.36,1641531600000000000,15168
AGLE,1130681,4.44,4.28,4.54,4.15,1641531600000000000,1580
AGM,18154,127.8,127.67,129.0866,127.44,1641531600000000000,914
AGM.A,341,121,121,121,121,1641531600000000000,16
AGMpD,2054,26.33,26.33,26.4799,26.2307,1641531600000000000,21
AGMpF,17438,26.12,26.27,26.31,26.12,1641531600000000000,125
AGMpG,8581,25.48,25.89,25.95,25.3,1641531600000000000,80
AGMH,395117,2.45,2.41,2.62,2.38,1641531600000000000,1092
AGNC,4537968,15.3,15.3,15.37,15.18,1641531600000000000,24679
AGNCM,7518,25.32,25.29,25.4,25.29,1641531600000000000,92
AGNCN,5396,25.65,25.47,25.65,25.4514,1641531600000000000,70
AGNCO,9848,25.49,25.37,25.49,25.351,1641531600000000000,117
AGNCP,24383,25.0702,25.02,25.11,25.01,1641531600000000000,185
AGNG,33654,27.7,27.7419,27.815,27.68,1641531600000000000,102
AGO,428463,53.19,54.12,54.39,52.77,1641531600000000000,6681
AGOV,610,96.95,96.81,96.95,96.81,1641531600000000000,7
AGOX,24800,25.2,24.91,25.2,24.9073,1641531600000000000,107
AGQ,1140029,31.4,31.74,32.11,30.94,1641531600000000000,6936
AGR,346820,49.59,50.14,50.405,49.35,1641531600000000000,5350
AGRI,94242,1.98,1.9,1.98,1.87,1641531600000000000,338
AGRO,1733886,7.48,7.5,7.6042,7.445,1641531600000000000,4217
AGRX,615235,0.4595,0.4506,0.4699,0.442,1641531600000000000,1600
AGS,95447,6.74,6.74,6.8599,6.67,1641531600000000000,1210
AGT,30,25.0732,25.0732,25.0732,25.0732,1641531600000000000,5
AGTC,194921,1.81,1.78,1.8398,1.77,1641531600000000000,1675
AGTI,204629,21.005,20.29,21.09,20.01,1641531600000000000,2014
AGX,79436,39.45,39.26,39.55,39.065,1641531600000000000,981
AGYS,94335,43.79,43.47,44.155,43.025,1641531600000000000,1637
AGZ,29119,116.08,116.35,116.4,116.08,1641531600000000000,304
AGZD,51111,46.86,46.71,46.86,46.71,1641531600000000000,96
AHCO,605570,22.02,22.25,22.29,21.5736,1641531600000000000,7260
AHG,89029,1.62,1.48,1.66,1.48,1641531600000000000,267
AHH,2659167,14.91,14.97,15.08,14.58,1641531600000000000,14559
AHHpA,2479,26.7581,26.8,26.8,26.6,1641531600000000000,33
AHHX,7155,10.17,10.1704,10.21,10.11,1641531600000000000,46
AHI,397383,4.01,3.58,4.2,3.5378,1641531600000000000,1817
AHLpC,15831,26.74,26.8301,26.8999,26.45,1641531600000000000,140
AHLpD,23712,26.274,26.21,26.28,26.04,1641531600000000000,199
AHLpE,30575,25.75,25.83,25.948,25.74,1641531600000000000,230
AHPA,414,10,10.02,10.02,10,1641531600000000000,2
AHPAW,200,0.5801,0.5701,0.5801,0.5701,1641531600000000000,2
AHPI,289146,5.05,5.34,5.67,5.02,1641531600000000000,1196
AHRNU,58494,10.04,10.03,10.05,10.03,1641531600000000000,67
AHT,1248871,10.1,10.46,10.73,10.0141,1641531600000000000,8027
AHTpD,603,25.3,23.83,25.3,23.83,1641531600000000000,7
AHTpF,850,22.45,22.4525,22.4525,22.45,1641531600000000000,8
AHTpG,801,21.5,22.481,22.5,21.5,1641531600000000000,8
AHTpH,100,22.4,22.4,22.4,22.4,1641531600000000000,1
AHTpI,600,22,22,22,22,1641531600000000000,1
AHYB,332,49.71,49.6749,49.71,49.6749,1641531600000000000,8
AI,2298124,29.71,29.94,30.97,29.65,1641531600000000000,22520
AIA,77259,76.66,76.82,77.02,76.29,1641531600000000000,944
AIEQ,16244,39.325,39.07,39.69,39.011,1641531600000000000,328
AIF,79601,15.44,15.43,15.4799,15.38,1641531600000000000,289
AIG,5257590,59.6,60.74,60.965,59.31,1641531600000000000,53979
AIGpA,24414,26.89,26.81,26.99,26.6235,1641531600000000000,200
AIH,9347,3.63,3.75,3.79,3.61,1641531600000000000,125
AIHS,233699,0.383,0.3599,0.389699,0.3407,1641531600000000000,744
AIIQ,27,31.6412,31.6412,31.6412,31.6412,1641531600000000000,8
AIKI,1136564,0.59,0.5701,0.59,0.57,1641531600000000000,1151
AILG,2,22.8284,22.8284,22.8284,22.8284,1641531600000000000,1
AILV,138,27.05,26.9973,27.05,26.9973,1641531600000000000,4
AIM,152967,0.9189,0.9163,0.94,0.91,1641531600000000000,839
AIMC,177113,51.09,50.79,51.98,50.14,1641531600000000000,2702
AIN,185803,89.52,89.38,91.525,89.14,1641531600000000000,3369
AINC,8701,18.12,18.63,18.94,17.44,1641531600000000000,372
AINV,250981,13.14,13.18,13.3,13.135,1641531600000000000,2124
AIO,146447,24.86,24.95,24.99,24.68,1641531600000000000,1143
AIP,50975,18.035,17.82,18.3,17.43,1641531600000000000,1253
AIQ,86115,30.37,30.18,30.629,30.0102,1641531600000000000,375
AIR,473328,42.22,41.67,42.83,41.595,1641531600000000000,7825
AIRC,839463,53.39,53.28,53.79,53.04,1641531600000000000,7117
AIRG,41756,10.54,10.38,10.75,10.13,1641531600000000000,451
AIRI,65843,0.912,0.913375,0.9499,0.902,1641531600000000000,415
AIRR,52879,45.15,44.4266,45.3484,44.33,1641531600000000000,396
AIRS,90857,14.51,14.07,14.59,13.8027,1641531600000000000,1281
AIRT,1366,25.39,26.01,26.01,25.39,1641531600000000000,82
AIRTP,550,24,23.99,24,23.9862,1641531600000000000,6
AIT,61830,102.72,101.31,103.45,101.21,1641531600000000000,1739
AIV,2321889,7.34,7.27,7.37,7.14,1641531600000000000,9883
AIZ,1320594,156.34,158.74,158.94,155.82,1641531600000000000,17853
AIZN,4336,26.21,26.3802,26.5529,26.1933,1641531600000000000,75
AJG,975290,166.38,165.36,166.69,163.74,1641531600000000000,17830
AJRD,1287632,45.23,44.43,45.67,44.07,1641531600000000000,10896
AJX,63045,13.19,13.29,13.36,13.15,1641531600000000000,722
AJXA,1892,25.73,25.7,25.7689,25.67,1641531600000000000,30
AKA,303122,8.61,8.48,8.67,8.15,1641531600000000000,2482
AKAM,1310144,112.21,110.54,112.37,110.43,1641531600000000000,20457
AKBA,2400995,2.28,2.21,2.3182,2.19,1641531600000000000,7457
AKICW,21330,0.620101,0.65,0.65,0.620101,1641531600000000000,40
AKO.A,252,10.61,10.61,10.61,10.61,1641531600000000000,17
AKO.B,848,13.12,13.06,13.12,12.8,1641531600000000000,35
AKR,947756,22.14,22.19,22.5,21.98,1641531600000000000,6824
AKRO,167322,20.3,19.94,20.78,19.865,1641531600000000000,1965
AKTS,474375,6.05,5.98,6.27,5.96,1641531600000000000,4217
AKTX,17454,1.42,1.45,1.48,1.42,1641531600000000000,125
AKU,87362,1.66,1.631,1.67,1.63,1641531600000000000,108
AKUS,74057,8.26,8.29,8.45,8.16,1641531600000000000,1125
AKYA,54461,12.645,12.78,13.18,12.53,1641531600000000000,1046
AL,2268452,46.09,46.19,46.84,45.6,1641531600000000000,16999
ALpA,12593,26.21,26.2,26.275,26.05,1641531600000000000,138
ALAC,637,11.72,11.7401,11.7401,11.72,1641531600000000000,7
ALACR,969,0.364373,0.47,0.4794,0.364373,1641531600000000000,6
ALACW,36041,0.220101,0.229899,0.2449,0.22,1641531600000000000,30
ALB,793891,234.01,236.02,238.87,231.7263,1641531600000000000,20829
ALBO,287353,25.83,26.14,26.74,25.715,1641531600000000000,2996
ALC,833812,80.88,80.56,81.3717,80.431,1641531600000000000,10197
ALCC,16924,9.87,9.88,9.88,9.87,1641531600000000000,180
ALCO,35480,37.61,38.16,38.48,37.4,1641531600000000000,871
ALDX,618971,3.89,3.85,4.09,3.84,1641531600000000000,3936
ALE,203024,67.71,67.74,67.96,67.305,1641531600000000000,3536
ALEC,540525,18.44,17.91,18.6,17.75,1641531600000000000,4921
ALEX,144711,24.6,24.4,24.76,24.4,1641531600000000000,2259
ALF,275727,2,1.94,2.1099,1.91,1641531600000000000,1003
ALFA,704,73.83,73.552,73.83,73.531,1641531600000000000,18
ALFIW,3609,0.735051,0.63,0.735051,0.63,1641531600000000000,29
ALG,37330,158.89,156.41,159.495,155.85,1641531600000000000,1592
ALGM,863374,32.97,32.17,33.29,32.02,1641531600000000000,11315
ALGN,1190115,567.13,546.99,567.13,545.86,1641531600000000000,30198
ALGS,1739555,4.4508,3.91,4.46,3.88,1641531600000000000,9658
ALGT,302457,174.95,178.22,180.26,174.245,1641531600000000000,7644
ALHC,1528452,11.63,10.5,11.93,10.46,1641531600000000000,13474
ALIM,40960,4.76,4.84,4.87,4.65,1641531600000000000,174
ALINpA,12310,3.67,3.82,3.92,3.64,1641531600000000000,88
ALINpB,2337,4.3059,4.39,4.39,4.3059,1641531600000000000,23
ALINpE,9454,4.4557,4.3,4.5,4.28,1641531600000000000,33
ALIT,1991300,10.12,9.79,10.12,9.715,1641531600000000000,12362
ALJJ,75868,1.752,1.78,1.84,1.75,1641531600000000000,222
ALK,1783240,55.07,55.86,56.68,54.73,1641531600000000000,21198
ALKS,1450556,24.23,24.01,24.74,23.9,1641531600000000000,11859
ALKT,178263,17.63,17.95,18.19,17.26,1641531600000000000,3521
ALL,2303009,122.81,125.95,126.2,122.15,1641531600000000000,31020
ALLpB,30588,25.77,25.8,25.89,25.71,1641531600000000000,322
ALLpG,18998,26.33,26.33,26.36,26.16,1641531600000000000,192
ALLpH,36761,26.62,26.69,26.7302,26.53,1641531600000000000,364
ALLpI,22235,26.05,26.12,26.2,25.98,1641531600000000000,199
ALLE,838211,127.73,126.63,128.81,126.42,1641531600000000000,10989
ALLK,1909864,8.35,8.39,8.61,8.27,1641531600000000000,13117
ALLO,708691,13.7,13.46,14.02,13.37,1641531600000000000,8457
ALLR,40544,10.01,10.75,10.94,10.01,1641531600000000000,435
ALLT,94105,12.27,12.21,12.38,11.94,1641531600000000000,1124
ALLY,2073110,49.29,49.91,50.38,49.04,1641531600000000000,18396
ALNA,2713092,0.4906,0.509,0.5187,0.4849,1641531600000000000,5329
ALNY,594186,151,148.13,153.3,147.41,1641531600000000000,11621
ALOT,2222,13.11,13.25,13.25,13.08,1641531600000000000,81
ALPpQ,8266,25.66,25.71,25.8,25.57,1641531600000000000,115
ALPAU,800,9.84,9.84,9.84,9.84,1641531600000000000,8
ALPN,147342,11.49,10.73,11.5,10.57,1641531600000000000,2284
ALPP,617219,1.9,1.88,1.92,1.84,1641531600000000000,2847
ALRM,208326,80.33,77.76,81.76,77.74,1641531600000000000,5134
ALRN,690369,0.537,0.5,0.537,0.4891,1641531600000000000,1473
ALRS,13192,29.83,29.75,30.18,29.62,1641531600000000000,242
ALSAU,11100,10.2711,10.28,10.28,10.27,1641531600000000000,11
ALSN,830673,38.05,38.02,38.24,37.64,1641531600000000000,8906
ALT,436856,8.66,8.28,8.86,8.26,1641531600000000000,4181
ALTG,93177,14.93,14.66,14.93,14.45,1641531600000000000,954
ALTGpA,2996,29.42,29.42,29.42,29.4137,1641531600000000000,16
ALTL,339975,46.47,46.18,46.47,46.09,1641531600000000000,609
ALTM,140394,64.03,61.98,64.21,61.57,1641531600000000000,2991
ALTO,799142,5.35,5.17,5.4087,5.16,1641531600000000000,4936
ALTR,162883,68.75,67.52,69.295,67.37,1641531600000000000,3117
ALTS,67,38.7367,38.7367,38.7367,38.7367,1641531600000000000,8
ALTU,12651,9.88,9.871,9.91,9.871,1641531600000000000,72
ALTUU,100,10.0511,10.0511,10.0511,10.0511,1641531600000000000,1
ALTUW,148779,0.551,0.5199,0.551226,0.501,1641531600000000000,265
ALTY,12180,13.42,13.37,13.44,13.37,1641531600000000000,185
ALV,444226,106.46,105.66,106.71,104.295,1641531600000000000,7245
ALVR,119966,11.53,11.53,11.7366,11.135,1641531600000000000,3118
ALX,7854,272.81,270.27,274.46,270.27,1641531600000000000,530
ALXO,386224,19.42,19.19,20.12,18.87,1641531600000000000,5294
ALYA,24573,2.47,2.52,2.55,2.47,1641531600000000000,153
ALZN,1553956,1.98,1.92,1.9899,1.89,1641531600000000000,4157
AM,2408455,10.24,10.21,10.26,10.095,1641531600000000000,14027
AMAL,25322,17.5,17.48,17.678,17.41,1641531600000000000,462
AMAM,21291,8.63,7.69,8.63,7.55,1641531600000000000,308
AMAO,17236,10.06,10.0598,10.06,10.0598,1641531600000000000,13
AMAOW,1205,0.515,0.499,0.51557,0.499,1641531600000000000,8
AMAT,6290673,155.1001,150.81,157.38,150.64,1641531600000000000,89642
AMAX,1591,9.565,9.5446,9.59,9.54,1641531600000000000,17
AMBA,1279488,167.52,157.6,169.29,156.4801,1641531600000000000,24825
AMBC,286478,15.76,15.85,15.87,15.61,1641531600000000000,3478
AMBC.WS,10365,4.1001,4.1599,4.1599,3.96,1641531600000000000,21
AMBO,113547,0.885,0.9046,0.92,0.84205,1641531600000000000,254
AMBP,724053,8.52,8.66,8.74,8.45,1641531600000000000,6200
AMBP.WS,5100,1.8311,1.8501,1.88,1.8311,1641531600000000000,3
AMC,49480640,23.61,22.99,24.3,22.44,1641531600000000000,349925
AMCI,373,9.66,9.69,9.69,9.66,1641531600000000000,15
AMCIW,502,0.615,0.59,0.615,0.59,1641531600000000000,6
AMCR,4327214,11.99,12.12,12.185,11.93,1641531600000000000,24638
AMCX,609947,37.88,40.62,40.88,37.84,1641531600000000000,9503
AMD,58425648,136.28,132,137.44,131.13,1641531600000000000,423327
AME,829503,145.1,142.38,145.82,142.32,1641531600000000000,13150
AMED,291609,151.45,148.93,153.565,148.62,1641531600000000000,6713
AMEH,382905,62.14,60.06,64.5446,60.01,1641531600000000000,6632
AMER,742,29.84,29.8225,29.85,29.8225,1641531600000000000,9
AMG,149551,161.42,164.01,165.24,161.42,1641531600000000000,4099
AMGN,2337107,223.54,227.29,228.19,223.54,1641531600000000000,41000
AMH,1629340,42.15,41.39,42.42,41.23,1641531600000000000,15216
AMHpF,5575,25.99,25.85,25.99,25.85,1641531600000000000,58
AMHpG,5541,25.5145,25.46,25.5145,25.46,1641531600000000000,44
AMHpH,5711,26.99,26.72,26.99,26.71,1641531600000000000,67
AMJ,783852,18.95,19.05,19.135,18.88,1641531600000000000,4909
AMK,59760,25.74,25.53,25.82,25.39,1641531600000000000,917
AMKR,1010653,25.2,23.71,25.45,23.66,1641531600000000000,12835
AMLP,2185888,34.72,35.07,35.11,34.64,1641531600000000000,11379
AMLX,2160106,21,18.07,21,17.45,1641531600000000000,16388
AMN,397874,117.39,116.68,119.24,116.57,1641531600000000000,7137
AMNA,42,34.4536,34.4536,34.4536,34.4536,1641531600000000000,9
AMNB,12392,39.5,39.6,39.9931,39.3,1641531600000000000,539
AMND,102,35.7808,35.7808,35.7808,35.7808,1641531600000000000,10
AMOM,18828,33.44,32.736,33.6,32.58,1641531600000000000,219
AMOT,47577,42.75,41.31,42.75,41.14,1641531600000000000,1577
AMOV,1402,20.73,20.44,20.73,20.44,1641531600000000000,41
AMP,587315,319.47,319.33,320.2,316.27,1641531600000000000,13954
AMPE,1011035,0.56,0.5259,0.5623,0.5152,1641531600000000000,4191
AMPG,56802,3.58,3.66,3.74,3.52,1641531600000000000,431
AMPH,428918,23.75,25.05,25.06,23.62,1641531600000000000,5134
AMPI,900,9.77,9.77,9.77,9.77,1641531600000000000,2
AMPI.U,179,9.91,9.91,9.91,9.91,1641531600000000000,1
AMPI.WS,750,0.7301,0.73,0.7301,0.73,1641531600000000000,2
AMPL,520308,44.45,43.09,46,41.68,1641531600000000000,6614
AMPS,455978,9.97,9.53,10.0899,9.37,1641531600000000000,3840
AMPS.WS,17688,2.4301,2.42,2.54,2.375,1641531600000000000,55
AMPY,276146,3.5,3.45,3.54,3.425,1641531600000000000,1265
AMR,147640,63.14,62.7,64.4206,61.8207,1641531600000000000,3069
AMRC,280162,69.9,67.99,71.04,67.33,1641531600000000000,6047
AMRK,46525,56.86,56.3,57.48,55.79,1641531600000000000,1125
AMRN,1936783,3.18,3.25,3.325,3.18,1641531600000000000,7368
AMRS,4352834,4.6,4.59,4.9,4.55,1641531600000000000,24564
AMRX,419197,4.6,4.63,4.67,4.58,1641531600000000000,2829
AMS,10386,2.32,2.3,2.36,2.27,1641531600000000000,66
AMSC,151492,10.28,10.23,10.585,10.1,1641531600000000000,2570
AMSF,108795,53.545,55.2,55.41,53.545,1641531600000000000,1584
AMST,488335,1.11,1.06,1.13,1.055,1641531600000000000,798
AMSWA,42600,25.1,24.72,25.3,24.7,1641531600000000000,1162
AMT,2242632,264.03,266.58,269.24,261,1641531600000000000,38609
AMTB,81847,34.36,34.79,34.98,34.36,1641531600000000000,1581
AMTI,103708,12.14,12.17,12.87,12,1641531600000000000,2178
AMTR,8,41.489,41.489,41.489,41.489,1641531600000000000,2
AMTX,601995,11.32,10.87,11.62,10.78,1641531600000000000,6382
AMUB,1641,11.935,12.0343,12.0343,11.935,1641531600000000000,17
AMWD,86317,65.81,62.59,65.81,62.44,1641531600000000000,2244
AMWL,4482436,4.99,4.86,5.18,4.815,1641531600000000000,22352
AMX,2690085,20.66,20.47,20.81,20.435,1641531600000000000,11784
AMYT,270491,10.89,10.78,11.63,10.52,1641531600000000000,2263
AMZA,104698,27.7,27.85,27.9,27.4612,1641531600000000000,1272
AMZN,2327769,3276.78,3251.08,3304.865,3240.62,1641531600000000000,156962
AN,518150,111.97,112.61,114.92,111.3902,1641531600000000000,12883
ANAB,79374,33.66,32.76,34.5,32.1189,1641531600000000000,1743
ANAC,51322,9.7,9.72,9.77,9.7,1641531600000000000,22
ANAC.WS,1500,0.75,0.75,0.75,0.75,1641531600000000000,4
ANAT,35098,188.74,188.94,189.29,188.5594,1641531600000000000,1268
ANDE,182281,39.28,39.5,39.78,38.92,1641531600000000000,2890
ANEB,1755,6.88,6.75,6.8973,6.7,1641531600000000000,15
ANET,2318716,133.37,129.48,135.02,129.42,1641531600000000000,31534
ANEW,868,43.2,42.8983,43.22,42.89,1641531600000000000,15
ANF,2606562,32.5,33.19,33.765,32.4,1641531600000000000,28484
ANGI,819385,8.42,8.43,8.63,8.27,1641531600000000000,6836
ANGL,2376597,32.42,32.35,32.44,32.32,1641531600000000000,8285
ANGN,61741,2.75,2.59,2.81,2.57,1641531600000000000,944
ANGO,885565,23.83,23.43,23.88,22.41,1641531600000000000,11633
ANIK,56683,35.27,34.36,35.59,34.33,1641531600000000000,777
ANIP,55039,44.71,43.87,44.92,43.65,1641531600000000000,1286
ANIX,312680,2.7422,3.17,3.47,2.71,1641531600000000000,1649
ANNX,745810,8,8.31,8.97,7.8077,1641531600000000000,8257
ANPC,298183,1.21,1.19,1.2399,1.15,1641531600000000000,386
ANSS,464999,367.76,362.08,369.195,359.06,1641531600000000000,15755
ANTE,15973,1.5,1.51,1.67,1.5,1641531600000000000,213
ANTM,1349647,435.83,434.99,438.42,426.28,1641531600000000000,32963
ANVS,52445,17.1,17.02,17.65,16.8,1641531600000000000,864
ANY,4359451,2.9565,2.88,3.0244,2.79,1641531600000000000,16172
ANZU,205639,9.74,9.76,9.76,9.74,1641531600000000000,121
ANZUW,22181,0.7412,0.7412,0.75,0.73,1641531600000000000,57
AOA,131570,72,71.96,72.2129,71.7201,1641531600000000000,1006
AOD,237842,10.26,10.28,10.33,10.22,1641531600000000000,1071
AOGOU,114,10.0799,10.0799,10.0799,10.0799,1641531600000000000,3
AOK,111889,39.56,39.51,39.56,39.4114,1641531600000000000,405
AOM,118063,44.99,44.87,44.9973,44.813,1641531600000000000,574
AOMR,24467,16.82,16.86,16.98,16.82,1641531600000000000,300
AON,1263860,290.25,282.78,290.49,282.56,1641531600000000000,24672
AOR,183459,56.5,56.38,56.5485,56.24,1641531600000000000,922
AOS,1293937,84.33,83.15,84.48,82.14,1641531600000000000,20274
AOSL,518682,56.29,54.32,57.32,53.24,1641531600000000000,8638
AOUT,74734,18.4,18.34,18.6427,17.93,1641531600000000000,1247
AP,14643,5.56,5.59,5.65,5.56,1641531600000000000,188
APA,8332428,29.85,29.67,30.295,29.42,1641531600000000000,56649
APAC,1331,9.89,9.89,9.89,9.89,1641531600000000000,14
APAM,553713,47.02,46.89,47.46,46.44,1641531600000000000,7167
APCA.U,22700,10.1,10.1,10.12,10.1,1641531600000000000,121
APCX,330546,2.55,2.2,2.57,2.01,1641531600000000000,1373
APCXW,32373,0.65001,0.68,0.6999,0.65001,1641531600000000000,103
APD,945050,298.74,297.41,298.74,294.15,1641531600000000000,16716
APDN,27530,4.14,4.14,4.14,4.011,1641531600000000000,253
APEI,38362,23.16,22.98,23.48,22.94,1641531600000000000,939
APEN,99835,7.75,7.47,7.75,7.42,1641531600000000000,1609
APG,680272,25.46,25.52,25.84,25.4,1641531600000000000,4393
APGB,96868,9.76,9.8,9.8,9.76,1641531600000000000,181
APGB.U,6144,9.97,9.97,9.97,9.97,1641531600000000000,67
APGB.WS,35864,0.97,0.95,0.97,0.95,1641531600000000000,34
APH,3267871,83.36,82.12,84.11,81.89,1641531600000000000,32990
API,756027,14.46,14.4,15.685,14.29,1641531600000000000,9360
APLE,2295691,16.475,16.81,17.05,16.475,1641531600000000000,14719
APLS,551734,45.43,44.05,46.85,44.04,1641531600000000000,6367
APLT,381882,4.33,4.17,4.4699,4.05,1641531600000000000,4411
APM,141975,1.48,1.55,1.64,1.4549,1641531600000000000,468
APMI,1378,9.69,9.7,9.7,9.69,1641531600000000000,18
APMIU,924,9.95,9.9536,9.9536,9.95,1641531600000000000,5
APN,225001,9.9,9.9,9.9,9.9,1641531600000000000,13
APN.U,548,10.09,10.09,10.09,10.09,1641531600000000000,6
APN.WS,100,0.45,0.45,0.45,0.45,1641531600000000000,1
APO,4808286,70,68.96,70,67.97,1641531600000000000,37319
APOG,130713,48.4,47.24,48.87,47.19,1641531600000000000,3208
APP,506138,81.8,80.45,83.8991,80.19,1641531600000000000,7086
APPF,98945,116.91,118.78,119.99,114.3,1641531600000000000,2472
APPH,1679409,3.87,4.07,4.12,3.85,1641531600000000000,13614
APPHW,27764,0.6068,0.69,0.69,0.6068,1641531600000000000,151
APPN,360319,60.37,60.87,63.69,59.77,1641531600000000000,8358
APPS,2664754,54.33,52.41,56.3551,52.34,1641531600000000000,33145
APR,191261,30.68,29.72,30.74,29.6,1641531600000000000,3319
APRE,314880,2.77,2.79,2.879,2.73,1641531600000000000,1489
APRN,551244,6.43,6.38,6.815,6.33,1641531600000000000,5467
APRZ,36,27.9697,27.9697,27.9697,27.9697,1641531600000000000,1
APSG,14009,9.87,9.86,9.88,9.86,1641531600000000000,122
APSG.WS,418273,1.245,1.19,1.2799,1.17,1641531600000000000,257
APT,625179,6.01,6.04,6.19,5.81,1641531600000000000,2809
APTM,5175,9.73,9.75,9.795,9.73,1641531600000000000,54
APTMW,1701,0.66,0.625,0.66,0.625,1641531600000000000,9
APTO,457811,1.34,1.39,1.42,1.32,1641531600000000000,2142
APTS,654969,18.17,17.9,18.17,17.8,1641531600000000000,5616
APTV,1492471,173.77,169.47,175.91,169.36,1641531600000000000,22823
APTVpA,134430,194.24,189.48,194.47,189.48,1641531600000000000,134
APTX,90660,2.67,2.7,2.77,2.65,1641531600000000000,601
APVO,79216,7.25,7.39,7.45,7.23,1641531600000000000,836
APWC,16005,1.91,1.91,2.02,1.9,1641531600000000000,85
APXH,27,9.6526,9.6526,9.6526,9.6526,1641531600000000000,5
APXIU,5000,10.08,10.08,10.08,10.08,1641531600000000000,1
APYX,60867,11.34,10.9,11.34,10.79,1641531600000000000,736
AQB,657236,2.03,2.03,2.105,2.02,1641531600000000000,3962
AQGX,10944,16.16,16.0463,16.16,16.0442,1641531600000000000,51
AQMS,476551,1.15,1.16,1.19,1.15,1641531600000000000,2575
AQN,1666493,14.09,14.18,14.275,14.02,1641531600000000000,7039
AQNA,12923,26.43,26.58,26.6238,26.43,1641531600000000000,176
AQNB,9951,26.93,26.92,27.03,26.85,1641531600000000000,195
AQNU,99622,46.53,46.36,46.75,46.02,1641531600000000000,182
AQST,232915,3.9,3.86,3.93,3.83,1641531600000000000,1604
AQUA,1217802,44.25,42.35,44.48,42.33,1641531600000000000,12754
AQWA,1184,16.865,16.88,16.88,16.865,1641531600000000000,55
AR,4922652,18.36,18.44,18.82,18.18,1641531600000000000,32777
ARAV,57370,2.78,2.75,2.8387,2.61,1641531600000000000,264
ARAY,645476,4.42,4.27,4.48,4.26,1641531600000000000,5041
ARB,8438,26.16,26.1237,26.1999,26.1,1641531600000000000,75
ARBE,86309,9.13,9.01,9.32,8.76,1641531600000000000,687
ARBEW,9814,1.2899,1.13,1.2899,1.12,1641531600000000000,31
ARBGW,3412,0.63,0.58,0.6301,0.58,1641531600000000000,13
ARBK,290793,11.2,11.21,11.6896,10.95,1641531600000000000,3519
ARC,339673,3.76,3.68,3.8,3.59,1641531600000000000,1188
ARCB,652252,103,100.58,104.08,98.545,1641531600000000000,11757
ARCC,5307718,20.95,21.22,21.26,20.94,1641531600000000000,28211
ARCE,987812,19.75,18.66,20.02,18.55,1641531600000000000,5796
ARCH,404293,92.52,91.6,94.9,91.2,1641531600000000000,4842
ARCK,5088,9.94,9.98,9.98,9.94,1641531600000000000,46
ARCKU,591,10.07,10.07,10.07,10.07,1641531600000000000,2
ARCKW,497,0.5069,0.49,0.5069,0.49,1641531600000000000,4
ARCM,0,99.785,99.785,99.785,99.785,1641531600000000000,0
ARCO,721614,5.65,5.56,5.66,5.55,1641531600000000000,5550
ARCT,285662,35.09,34.15,36.32,33.91,1641531600000000000,5052
ARDC,69325,16.37,16.2874,16.44,16.23,1641531600000000000,565
ARDS,646729,1.95,1.72,2.0467,1.69,1641531600000000000,1743
ARDX,2374521,1.01,1,1.03,0.97,1641531600000000000,5771
ARE,1320820,208.28,209,210.42,207.9,1641531600000000000,16091
AREC,690464,1.9362,1.95,1.97,1.825,1641531600000000000,3030
ARES,683368,74.09,75,75.96,73.83,1641531600000000000,8988
ARGD,2455,25.74,25.7235,25.79,25.63,1641531600000000000,28
ARGO,135534,58.37,58.59,59.0099,58.14,1641531600000000000,1542
ARGOpA,12666,26.75,26.7,26.77,26.585,1641531600000000000,128
ARGT,1638,29.39,29.18,29.39,29.18,1641531600000000000,41
ARGU,50731,9.9,9.9,9.9177,9.89,1641531600000000000,14
ARGUU,432600,10.13,10.14,10.14,10.13,1641531600000000000,5
ARGUW,14652,0.54,0.57,0.57,0.54,1641531600000000000,5
ARGX,387565,326.36,312.58,328.71,312.49,1641531600000000000,9871
ARHS,781613,12.55,11.95,12.684,11.52,1641531600000000000,8523
ARI,951800,13.57,13.71,13.77,13.5,1641531600000000000,6457
ARIS,78140,12.14,12.03,12.26,11.8311,1641531600000000000,755
ARIZ,3101,9.75,9.75,9.75,9.75,1641531600000000000,30
ARIZU,300,10.09,10.09,10.09,10.09,1641531600000000000,1
ARIZW,400,0.26,0.28,0.28,0.26,1641531600000000000,4
ARKF,1580848,36.84,36.47,37.7599,36.1601,1641531600000000000,16998
ARKG,4167612,55,54.25,57.55,54.2,1641531600000000000,44907
ARKK,15288559,85.85,84.42,88.59,83.9,1641531600000000000,157808
ARKO,239367,8.54,8.17,8.6,8.14,1641531600000000000,2590
ARKOW,48393,1.58,1.46,1.59,1.46,1641531600000000000,93
ARKQ,715598,73.79,72.88,75,72.52,1641531600000000000,9636
ARKR,6277,16.875,17.12,17.12,16.75,1641531600000000000,103
ARKW,1633751,108.28,106.76,110.93,105.87,1641531600000000000,19913
ARKX,263459,18.11,17.97,18.28,17.86,1641531600000000000,2854
ARL,1251,12.51,13.24,13.27,12.51,1641531600000000000,38
ARLO,1259334,10.17,9.74,10.27,9.73,1641531600000000000,9197
ARLP,342397,13.75,13.78,13.96,13.71,1641531600000000000,1943
ARMK,1952055,36.43,36.43,36.8742,36.36,1641531600000000000,12430
ARMP,29030,6.25,5.94,6.46,5.81,1641531600000000000,188
ARMR,11515,26.09,25.99,26.14,25.9617,1641531600000000000,87
ARNA,1281243,93,93.18,93.35,92.75,1641531600000000000,13475
ARNC,359687,34.68,34.74,35.62,34.54,1641531600000000000,5569
AROC,736126,8.2,8.18,8.25,8.07,1641531600000000000,5840
AROW,17167,36.33,36.48,36.9867,35.84,1641531600000000000,439
ARQQ,207332,18.4,18.65,19.4566,18.11,1641531600000000000,2176
ARQQW,48610,5.43,4.75,5.43,4.7,1641531600000000000,337
ARQT,123733,19.7,18.66,20.29,18.4,1641531600000000000,2375
ARR,1406261,10.05,10.07,10.1,10.02,1641531600000000000,8020
ARRpC,9669,25.58,25.61,25.62,25.5175,1641531600000000000,104
ARRW,50742,9.7,9.7,9.7,9.7,1641531600000000000,111
ARRWW,1580,0.535001,0.52,0.539926,0.52,1641531600000000000,7
ARRY,4686822,13.92,14.12,14.63,13.76,1641531600000000000,21060
ARTA,130707,9.91,9.9,9.93,9.9,1641531600000000000,857
ARTAU,29599,10.1,10.1,10.11,9.965,1641531600000000000,127
ARTAW,18688,0.63,0.65,0.65,0.62,1641531600000000000,168
ARTEW,1500,0.4906,0.4897,0.4925,0.4897,1641531600000000000,6
ARTL,926848,0.51,0.4999,0.5199,0.49,1641531600000000000,1620
ARTLW,8289,0.1833,0.17,0.1833,0.17,1641531600000000000,10
ARTNA,19055,43.3914,43.92,44.9349,43.3914,1641531600000000000,581
ARTW,12609,3.68,3.55,3.68,3.34,1641531600000000000,87
ARVL,1733189,7,7.19,7.255,6.93,1641531600000000000,10579
ARVN,293975,71.28,68.96,72.43,68.595,1641531600000000000,6935
ARW,286818,134.98,132.98,135.83,132.65,1641531600000000000,6658
ARWR,558571,60.48,58.95,62.25,58.79,1641531600000000000,9187
ARYD,60433,9.87,9.85,9.91,9.85,1641531600000000000,126
ASA,56143,20.11,20.4,20.46,20.085,1641531600000000000,414
ASAI,111745,10.14,10.15,10.23,9.99,1641531600000000000,1371
ASAN,3009080,61.75,61.22,64.68,59.88,1641531600000000000,33116
ASAQ,69658,9.81,9.82,9.83,9.81,1641531600000000000,93
ASAQ.WS,5400,0.5144,0.4999,0.5144,0.4999,1641531600000000000,18
ASAX,7358,9.88,9.89,9.9,9.88,1641531600000000000,35
ASAXW,1100,0.5,0.5,0.5,0.4999,1641531600000000000,4
ASB,1653449,24.75,24.93,25.11,24.64,1641531600000000000,12090
ASBpE,22984,26.16,26.19,26.3134,26.121,1641531600000000000,99
ASBpF,4254,26.82,26.96,26.96,26.59,1641531600000000000,83
ASC,50509,3.5,3.52,3.56,3.49,1641531600000000000,702
ASEA,17897,14.59,14.6675,14.79,14.59,1641531600000000000,178
ASET,108643,33.99,33.996,34.05,33.98,1641531600000000000,46
ASG,230984,8.69,8.55,8.71,8.5,1641531600000000000,1134
ASGI,13167,20.18,20.39,20.39,20.12,1641531600000000000,209
ASGN,172898,123.85,119.52,124.325,119.34,1641531600000000000,4756
ASH,206089,104.52,103.9,105.16,103.76,1641531600000000000,4522
ASHR,17486867,37.91,38.19,38.19,37.83,1641531600000000000,43993
ASHS,16000,40.26,40.32,40.32,40.19,1641531600000000000,82
ASHX,1,29.1807,29.1807,29.1807,29.1807,1641531600000000000,1
ASIX,144419,46.78,45.6,46.9493,45.38,1641531600000000000,2658
ASLE,137859,16.22,15.71,16.29,15.63,1641531600000000000,1689
ASLN,122207,1.11,1.07,1.14,1.07,1641531600000000000,607
ASM,273311,0.7818,0.79,0.7945,0.7703,1641531600000000000,603
ASMB,412604,2.19,2.11,2.1946,2.1,1641531600000000000,2570
ASML,1362194,758.39,756.1,763.36,743.6,1641531600000000000,38475
ASND,123408,121.18,116.86,122.17,116.33,1641531600000000000,3386
ASO,2672496,41.59,40.67,42.6,40.6,1641531600000000000,22562
ASPA,2745,9.87,9.84,9.87,9.83,1641531600000000000,75
ASPAU,895,10.36,10.36,10.3658,10.36,1641531600000000000,9
ASPAW,350,0.57,0.57,0.57,0.57,1641531600000000000,4
ASPCU,149,10.35,10.35,10.35,10.35,1641531600000000000,1
ASPCW,10460,0.7111,0.76,0.76,0.71,1641531600000000000,20
ASPN,162883,45.6,43.5,46.7,43.4,1641531600000000000,2832
ASPS,25151,11.92,11.99,12.44,11.6963,1641531600000000000,724
ASPU,185479,2.27,2.5,2.61,2.19,1641531600000000000,921
ASPY,1736,29.13,29.1743,29.2499,29.13,1641531600000000000,30
ASR,21191,213.55,212.03,215.7265,209.43,1641531600000000000,1074
ASRT,2168855,2.44,2.71,2.82,2.42,1641531600000000000,8337
ASRV,1949,3.9101,3.9799,3.9799,3.91,1641531600000000000,35
ASTC,342138,0.7,0.6997,0.71,0.67,1641531600000000000,672
ASTE,110389,71.56,71.52,72.96,71.32,1641531600000000000,2847
ASTL,776122,10.51,10.32,10.59,9.93,1641531600000000000,6607
ASTLW,161974,2.86,2.66,2.86,2.525,1641531600000000000,1209
ASTR,3281390,6.22,6.13,6.4269,6,1641531600000000000,19784
ASTS,759429,7.42,7.46,7.75,7.37,1641531600000000000,5638
ASTSW,21050,2.8,2.74,2.935,2.7,1641531600000000000,175
ASUR,18938,7.18,7.25,7.36,7.18,1641531600000000000,166
ASX,4572886,7.83,7.64,7.84,7.6,1641531600000000000,17022
ASXC,3523517,0.9629,0.9455,1.06,0.9402,1641531600000000000,6696
ASYS,51812,9.23,9.04,9.37,9.01,1641531600000000000,672
ASZ,1601781,9.76,9.75,9.77,9.75,1641531600000000000,897
ASZ.U,411,9.998,9.998,9.998,9.998,1641531600000000000,3
ASZ.WS,1870,1.02,0.989899,1.02,0.960101,1641531600000000000,8
ATA,33597,10.14,10.15,10.15,10.14,1641531600000000000,12
ATA.WS,6138,0.4122,0.4123,0.442,0.4122,1641531600000000000,17
ATAI,1299824,6.5651,6.42,6.8999,6.39,1641531600000000000,6736
ATAX,87150,6.55,6.6,6.65,6.48,1641531600000000000,368
ATC,504476,25.56,25.13,25.61,25.12,1641531600000000000,3530
ATCO,610454,14.11,14.29,14.3258,14.08,1641531600000000000,3640
ATCOL,100,26.55,26.55,26.55,26.55,1641531600000000000,1
ATCOpD,2688,25.83,25.81,25.83,25.7699,1641531600000000000,47
ATCOpH,12081,25.67,25.69,25.69,25.6149,1641531600000000000,105
ATCOpI,3547,27,27.2439,27.2882,27,1641531600000000000,42
ATCX,37971,8.08,7.96,8.3119,7.8701,1641531600000000000,638
ATEC,600902,11.64,11.3,11.98,11.29,1641531600000000000,7564
ATEK.U,55130,10,9.9999,10.025,9.9999,1641531600000000000,32
ATEN,499438,15.42,14.95,15.495,14.735,1641531600000000000,5938
ATER,9637616,3.64,3.85,4.24,3.5773,1641531600000000000,35069
ATEX,36196,56.62,55.54,57.29,55.39,1641531600000000000,1028
ATFV,408,19.45,19.3178,19.45,19.3178,1641531600000000000,10
ATGE,336513,30.53,30.18,31.03,30.16,1641531600000000000,5443
ATHpA,37620,29.13,28.93,29.2273,28.84,1641531600000000000,369
ATHpB,24681,26.52,26.35,26.6997,26.34,1641531600000000000,297
ATHpC,46478,28.05,27.98,28.2,27.89,1641531600000000000,469
ATHpD,73100,25.3019,25.48,25.48,25.16,1641531600000000000,532
ATHA,365440,12.63,12.01,12.9,11.75,1641531600000000000,4212
ATHE,9498651,0.9858,1.01,1.03,0.8569,1641531600000000000,21113
ATHM,707754,32.7,33.27,34.2,32.6796,1641531600000000000,8634
ATHX,1445985,0.88,0.8724,0.912,0.85,1641531600000000000,3785
ATI,2703249,18.47,18.26,18.805,18.115,1641531600000000000,21725
ATIF,43989,3.88,3.9535,4.01,3.685,1641531600000000000,191
ATIP,779877,3.03,3.11,3.155,3.01,1641531600000000000,4135
ATIP.WS,8960,0.3592,0.38,0.38,0.3592,1641531600000000000,6
ATKR,354986,110.21,105.45,113.06,105.18,1641531600000000000,7018
ATLC,93957,65.6,67.06,68.5,64.85,1641531600000000000,3048
ATLCL,19526,25.35,25.22,25.35,25.17,1641531600000000000,150
ATLCP,6494,25.25,25.3,25.4299,25.25,1641531600000000000,10
ATLO,15644,24.87,25.01,25.1,24.74,1641531600000000000,224
ATMP,37920,16.63,16.57,16.63,16.56,1641531600000000000,41
ATNF,545543,3.4,3.3,3.54,3.2262,1641531600000000000,2810
ATNFW,10752,0.654899,0.65,0.6598,0.6,1641531600000000000,56
ATNI,29453,40.89,41.73,42.0299,40.565,1641531600000000000,714
ATNM,46136,5.93,6.15,6.18,5.88,1641531600000000000,404
ATNX,1207387,1.34,1.27,1.36,1.25,1641531600000000000,5361
ATO,1245919,105.54,105.29,105.86,104.84,1641531600000000000,19421
ATOM,200890,18.08,17.4,18.79,17.37,1641531600000000000,2717
ATOS,1795895,1.57,1.53,1.62,1.52,1641531600000000000,6363
ATR,335119,122.72,123.68,123.79,121.97,1641531600000000000,5705
ATRA,1030283,15.99,15.71,16.44,15.5,1641531600000000000,5430
ATRC,273747,64.31,61.62,65.835,61.45,1641531600000000000,5739
ATRI,1496,669.82,669.82,669.82,669.82,1641531600000000000,183
ATRO,143900,13.24,13.63,13.755,13.2,1641531600000000000,1998
ATRS,775894,3.43,3.46,3.46,3.3499,1641531600000000000,4288
ATSG,311477,28.17,27.71,28.2,27.585,1641531600000000000,3254
ATSPT,23311,9.93,9.95,9.95,9.93,1641531600000000000,26
ATSPU,4400,10.21,10.22,10.33,10.21,1641531600000000000,19
ATSPW,55603,1.28,1.22,1.28,1.22,1641531600000000000,20
ATTO,19404,27.29,28.12,28.12,26,1641531600000000000,473
ATUS,3556023,16.08,16.11,16.29,15.825,1641531600000000000,26549
ATVC,20288,9.83,9.85,9.85,9.81,1641531600000000000,118
ATVCU,6402,9.99,10.05,10.05,9.99,1641531600000000000,18
ATVCW,1754,0.733,0.8299,0.8299,0.733,1641531600000000000,18
ATVI,20004013,63.99,64.04,64.895,63.33,1641531600000000000,115782
ATXI,106760,0.8827,0.895001,0.9399,0.8823,1641531600000000000,386
ATXS,22746,5.42,5.18,5.7,5.15,1641531600000000000,313
ATY,97619,3.45,3.4,3.5229,3.33,1641531600000000000,574
AU,3933992,19.09,19.1,19.175,18.8723,1641531600000000000,26211
AUB,280125,41.15,41.19,41.3,40.69,1641531600000000000,3980
AUBAP,8630,27.74,27.87,28,27.6,1641531600000000000,92
AUBN,3142,32.61,32.79,32.876,32.58,1641531600000000000,123
AUD,499500,2.39,2.46,2.49,2.39,1641531600000000000,2776
AUDC,293920,33.58,33.51,33.97,33.215,1641531600000000000,1236
AUGX,10252,3.1417,3.16,3.25,3.1417,1641531600000000000,77
AUGZ,31,33.2058,33.2058,33.2058,33.2058,1641531600000000000,2
AUID,67622,12.23,11.94,12.3499,11.73,1641531600000000000,1016
AUMN,442657,0.34,0.3378,0.3489,0.3357,1641531600000000000,645
AUPH,2766214,20,18.84,20.01,18.77,1641531600000000000,19948
AUR,2416722,9.43,8.65,9.43,8.46,1641531600000000000,16880
AURA,12533,18.61,16.93,18.85,16.73,1641531600000000000,444
AURC,3637,9.87,9.93,9.95,9.87,1641531600000000000,24
AURCW,2390,0.7401,0.749799,0.749799,0.74,1641531600000000000,11
AUROW,89314,2.325,2.1,2.34,2.09,1641531600000000000,249
AUS,27659,9.77,9.79,9.79,9.76,1641531600000000000,144
AUS.U,600,10.01,10.01,10.0101,10.01,1641531600000000000,6
AUS.WS,1720,1.0369,1.05,1.05,1.0369,1641531600000000000,6
AUSF,5243,31.8193,31.81,31.84,31.7633,1641531600000000000,27
AUTL,904701,4.83,4.65,4.95,4.6,1641531600000000000,3576
AUTO,9036,3.27,3.28,3.3,3.1801,1641531600000000000,84
AUUD,39060,1.73,1.77,1.81,1.73,1641531600000000000,221
AUUDW,20651,1,1,1.04,0.976,1641531600000000000,89
AUVI,798251,2.33,2.15,2.42,2.1299,1641531600000000000,2887
AUVIP,13480,25.233,25,25.233,24.75,1641531600000000000,134
AUY,13978577,3.87,3.9,3.92,3.84,1641531600000000000,21561
AVA,174436,42.55,42.98,43.22,42.5,1641531600000000000,2808
AVAC,3116,9.875,9.86,9.875,9.86,1641531600000000000,17
AVACU,2095,10.13,10.13,10.13,10.125,1641531600000000000,27
AVACW,835,0.3701,0.38,0.38,0.3701,1641531600000000000,7
AVAH,625693,6.99,6.52,7.1,6.39,1641531600000000000,4926
AVAL,60200,5.12,5.11,5.16,5.07,1641531600000000000,548
AVAN,3783,9.84,9.83,9.84,9.83,1641531600000000000,26
AVAN.WS,67011,0.62,0.6,0.6349,0.59,1641531600000000000,141
AVAV,245241,63.16,62.53,63.78,62.1027,1641531600000000000,4970
AVB,612332,250.7,248.87,251.28,248.61,1641531600000000000,16862
AVCO,80786,0.75,0.7451,0.7644,0.73,1641531600000000000,233
AVCT,11046018,2.085,2.34,2.36,2.03,1641531600000000000,21236
AVCTW,148265,0.2899,0.2534,0.2899,0.233,1641531600000000000,294
AVD,144924,15.93,16.02,16.13,15.795,1641531600000000000,1007
AVDE,77860,63.37,63.72,63.77,63.2143,1641531600000000000,478
AVDG,0,31.5057,31.5057,31.5057,31.5057,1641531600000000000,0
AVDL,562599,7.21,6.98,7.31,6.72,1641531600000000000,5271
AVDR,1981,30.89,30.7743,30.89,30.7743,1641531600000000000,24
AVDV,158101,64.72,65.01,65.09,64.52,1641531600000000000,1452
AVDX,709883,13.28,13.21,13.81,13.02,1641531600000000000,9221
AVEM,84420,63.07,63.3,63.309,62.8385,1641531600000000000,806
AVEO,659137,4.52,4.18,4.62,4.14,1641531600000000000,3811
AVES,31014,50.409,50.65,50.65,50.26,1641531600000000000,170
AVGO,2778010,635.85,619.15,639.91,618.46,1641531600000000000,75879
AVGOP,3501,1954.38,1939.08,1954.38,1939.08,1641531600000000000,312
AVGR,437969,0.465,0.46,0.475,0.451,1641531600000000000,1327
AVHI,2115,9.87,9.87,9.87,9.87,1641531600000000000,10
AVHIU,559,10.11,10.11,10.195,10.11,1641531600000000000,6
AVID,216736,30.18,29.04,30.98,28.96,1641531600000000000,3767
AVIG,18302,48.085,48.0238,48.085,47.96,1641531600000000000,53
AVIR,1476426,7.78,7.64,7.85,7.5,1641531600000000000,11045
AVIV,8862,51.819,52.1048,52.119,51.7998,1641531600000000000,72
AVK,83901,18.36,18.43,18.49,18.22,1641531600000000000,662
AVLR,1378272,110.33,109.22,113.63,107.35,1641531600000000000,18757
AVLV,68274,54.5,54.35,54.55,54.18,1641531600000000000,496
AVMU,6099,49.778,49.775,49.799,49.763,1641531600000000000,43
AVNS,448354,33.73,33.32,34.43,33.061,1641531600000000000,6290
AVNT,362968,56.12,56.04,56.501,55.77,1641531600000000000,5822
AVNW,75265,32.835,31.4,32.835,31.02,1641531600000000000,1804
AVO,189150,15.11,14.94,15.25,14.87,1641531600000000000,2330
AVPT,643127,6.36,6.2,6.48,6.17,1641531600000000000,6738
AVPTW,132549,1.02,1.02,1.06,1,1641531600000000000,167
AVRE,16202,53.78,53.56,53.8,53.515,1641531600000000000,88
AVRO,3024743,2.23,2.12,2.275,2.11,1641531600000000000,11575
AVSF,19362,49.2,49.1752,49.23,49.13,1641531600000000000,69
AVT,655701,42.06,41.32,42.47,41.31,1641531600000000000,8163
AVTE,19144,10.03,10.01,10.51,9.88,1641531600000000000,514
AVTR,4006900,37.43,36.61,37.68,36.35,1641531600000000000,31328
AVTRpA,15947,114.88,112.37,114.88,111.97,1641531600000000000,224
AVTX,2378959,1.2263,1.04,1.2263,0.98,1641531600000000000,4709
AVUS,205111,79.78,79.4,80.0059,79.0833,1641531600000000000,754
AVUV,264003,81.8,81.21,82.2162,80.88,1641531600000000000,1987
AVXL,619801,15.62,15.53,16.3,15.46,1641531600000000000,6532
AVY,244495,214.35,213.24,215.86,213.01,1641531600000000000,7148
AVYA,937599,19.4,18.79,19.78,18.77,1641531600000000000,10944
AWAY,179589,24,24.13,24.2217,23.85,1641531600000000000,986
AWF,120497,12,12.04,12.06,12,1641531600000000000,557
AWH,534547,1.52,1.46,1.58,1.45,1641531600000000000,3053
AWI,277913,111.63,109.99,112.13,109.98,1641531600000000000,5052
AWK,1197213,172.84,173.5,174.46,171.0356,1641531600000000000,19739
AWP,312156,6.55,6.52,6.56,6.48,1641531600000000000,1350
AWR,127089,99.5,98.42,99.82,97.77,1641531600000000000,3514
AWRE,11846,3.06,3.07,3.1,3,1641531600000000000,99
AWTM,17,49.435,49.435,49.435,49.435,1641531600000000000,13
AWX,7397,3.66,3.76,3.77,3.64,1641531600000000000,67
AWYX,968,5.77,5.81,5.8999,5.75,1641531600000000000,26
AX,270322,59.55,60.53,60.89,59.37,1641531600000000000,4600
AXDX,169313,4.71,4.55,4.92,4.54,1641531600000000000,1688
AXGN,864450,10.51,9.84,10.69,9.58,1641531600000000000,7932
AXH.WS,69500,0.33,0.33,0.33,0.33,1641531600000000000,1
AXL,1071452,10.44,9.94,10.54,9.94,1641531600000000000,9864
AXLA,69960,2.09,2.03,2.1,2,1641531600000000000,333
AXNX,568275,57.48,54.69,58.73,54.56,1641531600000000000,8038
AXON,761395,150.01,145.19,151.89,144.81,1641531600000000000,13301
AXP,2804696,172.49,174.38,175.36,171.8601,1641531600000000000,37887
AXR,6729,14.89,15.07,15.31,14.7001,1641531600000000000,106
AXS,296719,55.74,55.43,55.74,54.925,1641531600000000000,5129
AXSpE,11921,25.12,25.18,25.19,25.12,1641531600000000000,168
AXSM,331847,34.05,32.91,34.17,32.6,1641531600000000000,4935
AXTA,1164973,33.24,32.5,33.31,32.49,1641531600000000000,13386
AXTI,165227,8.63,8.41,8.675,8.35,1641531600000000000,2176
AXU,632705,1.6,1.64,1.66,1.57,1641531600000000000,2106
AY,981634,34.12,34.13,34.56,33.85,1641531600000000000,6184
AYI,638254,212.97,214.63,219.99,212.16,1641531600000000000,12968
AYLA,41393,7.85,7.41,7.85,7.36,1641531600000000000,293
AYRO,606476,1.53,1.545,1.59,1.5,1641531600000000000,2696
AYTU,210267,1.42,1.38,1.46,1.36,1641531600000000000,907
AYX,1011926,58.62,58.16,60.87,57.77,1641531600000000000,12790
AZ,69863,9.3,9.04,9.84,8.7964,1641531600000000000,274
AZAA,52,29.1784,29.1784,29.1784,29.1784,1641531600000000000,1
AZAJ,7945,27.945,27.89,27.945,27.8041,1641531600000000000,48
AZAL,8359,29.16,29.1607,29.1607,29.07,1641531600000000000,11
AZAO,571,30.177,30.1959,30.239,30.177,1641531600000000000,5
AZBA,604,26.93,26.9951,26.9951,26.93,1641531600000000000,6
AZBJ,19480,26.41,26.4094,26.45,26.325,1641531600000000000,78
AZBL,1201,27.06,27.0993,27.0993,27.05,1641531600000000000,10
AZBO,501,27.53,27.565,27.565,27.53,1641531600000000000,6
AZEK,1337662,43.74,41.65,44.21,41.64,1641531600000000000,11209
AZN,4592407,56.65,57.48,57.55,56.53,1641531600000000000,42282
AZO,128907,2044.34,2014.77,2049.21,2006.295,1641531600000000000,9818
AZPN,271597,148.49,147.44,150.77,145.58,1641531600000000000,6118
AZRE,263293,17.26,16.51,17.8,16.31,1641531600000000000,2776
AZTA,577092,95.26,93.59,95.73,92.64,1641531600000000000,10167
AZUL,2008289,12.305,12.8,12.88,12.3,1641531600000000000,13094
AZYO,3756,6.44,6.88,6.89,6.3,1641531600000000000,81
AZZ,78464,55.36,54.97,55.89,54.96,1641531600000000000,2441
B,101839,47.81,47.94,48.54,47.81,1641531600000000000,2725
BA,9503110,212.98,215.5,218.32,212.3825,1641531600000000000,110567
BAB,188229,32.36,32.28,32.39,32.17,1641531600000000000,1089
BABA,38090242,130.24,129.81,133.88,128.18,1641531600000000000,327563
BAC,59057717,48.15,49.18,49.31,48.06,1641531600000000000,257640
BACpB,50825,26.42,26.5,26.5,26.4006,1641531600000000000,335
BACpE,7660,25.1,25.1351,25.2101,25.06,1641531600000000000,93
BACpK,45263,26.32,26.36,26.36,26.17,1641531600000000000,335
BACpL,9887,1424.02,1418,1429.825,1411,1641531600000000000,534
BACpM,90606,26.68,26.71,26.75,26.52,1641531600000000000,612
BACpN,216693,26.28,26.24,26.33,26.11,1641531600000000000,979
BACpO,82457,25.04,25.13,25.19,25.03,1641531600000000000,434
BACpP,99128,24.9,24.974,24.99,24.83,1641531600000000000,402
BACpQ,237468,24.99,25.07,25.13,24.9,1641531600000000000,836
BACA,201100,9.685,9.69,9.69,9.685,1641531600000000000,45
BACA.WS,123971,0.5199,0.5,0.5199,0.5,1641531600000000000,8
BAD,10706,14.705,14.6343,14.74,14.62,1641531600000000000,79
BAFN,1974,22.36,22.25,23,22.25,1641531600000000000,23
BAH,529844,87.35,87.41,88.18,86.89,1641531600000000000,8314
BAK,258581,18.74,18.7,18.85,18.53,1641531600000000000,3044
BAL,693,65.5,65.4281,65.5,65.28,1641531600000000000,24
BALT,61959,25.8575,25.88,25.9,25.8518,1641531600000000000,304
BALY,448608,35.6,36.87,37.25,35.37,1641531600000000000,4724
BAM,984408,57.6,57.37,57.97,56.88,1641531600000000000,11175
BAMH,21215,24.84,24.94,25.08,24.78,1641531600000000000,186
BAMI,22339,24.39,24.4791,24.48,24.27,1641531600000000000,143
BAMR,15646,59.87,60.19,60.3,59.09,1641531600000000000,316
BANC,140121,21.2,21.21,21.37,20.96,1641531600000000000,2596
BANCpE,4732,25.4,25.4,25.4,25.3928,1641531600000000000,13
BAND,513488,64.56,62.8,67.67,62.66,1641531600000000000,10130
BANF,127436,73.79,74.26,74.9,73.79,1641531600000000000,1859
BANFP,837,28.6,28.6,28.6,28.6,1641531600000000000,8
BANR,160513,63.98,64.9,64.96,59.0643,1641531600000000000,2686
BANX,8146,21.56,21.53,21.78,21.53,1641531600000000000,84
BAOS,654378,0.8644,0.96,1.08,0.8402,1641531600000000000,1393
BAP,504276,132.62,134.12,135.75,132.125,1641531600000000000,6503
BAPR,4228,33.21,33.2319,33.27,33.19,1641531600000000000,36
BAR,153987,17.79,17.83,17.84,17.73,1641531600000000000,1134
BARK,2038027,3.65,3.58,3.84,3.58,1641531600000000000,10165
BARK.WS,7374,0.585,0.56,0.59,0.5501,1641531600000000000,13
BASE,716165,20.4,21.99,22.32,20.4,1641531600000000000,7961
BATL,11715,10.5,10.18,10.5,10.01,1641531600000000000,179
BATRA,15390,28.38,28.05,28.4748,28.03,1641531600000000000,258
BATRK,30584,27.79,27.49,27.79,27.401,1641531600000000000,487
BATT,98459,17.43,17.46,17.58,17.2501,1641531600000000000,1164
BAUG,4069,33.07,33.093,33.1,33.02,1641531600000000000,25
BAX,1743320,87.31,87.45,88.005,87.13,1641531600000000000,21118
BB,6317954,8.97,8.86,9.23,8.8,1641531600000000000,29963
BBAI,58295,5.3,5.12,5.3,5.08,1641531600000000000,689
BBAI.WS,123235,0.6927,0.625,0.6943,0.55,1641531600000000000,195
BBAR,221662,3.05,3.12,3.13,3.02,1641531600000000000,1321
BBAX,127240,53.71,53.9,53.9,53.49,1641531600000000000,941
BBBY,10419941,14.43,13.8,15.4061,13.56,1641531600000000000,70453
BBC,3356,35.035,34.6245,35.07,34.6245,1641531600000000000,51
BBCA,176748,66.44,66.96,66.97,66.2501,1641531600000000000,979
BBCP,82683,8.66,8.5,8.8,8.46,1641531600000000000,749
BBD,37467081,3.44,3.57,3.57,3.43,1641531600000000000,44281
BBDC,102442,11.02,11.05,11.07,10.97,1641531600000000000,1083
BBDO,24992,2.88,2.9,2.9598,2.88,1641531600000000000,130
BBEU,219940,59.67,59.97,60.03,59.53,1641531600000000000,1510
BBGI,10703,2,2,2.0399,1.9702,1641531600000000000,69
BBH,20754,175.27,174.43,177.636,174.43,1641531600000000000,772
BBI,861795,0.23,0.2267,0.2327,0.22,1641531600000000000,1281
BBIG,6871775,2.3245,2.31,2.4199,2.2625,1641531600000000000,18735
BBIN,101386,59.51,59.72,59.79,59.3102,1641531600000000000,360
BBIO,2925709,15,14.65,15.3999,14.35,1641531600000000000,23518
BBJP,403448,54.74,54.9,54.96,54.41,1641531600000000000,1946
BBL,2868454,62.34,63.72,63.72,62.26,1641531600000000000,28155
BBLG,26815,3.46,3.43,3.5399,3.38,1641531600000000000,216
BBLN,189846,5.86,5.53,6.03,5.51,1641531600000000000,1727
BBLN.WS,3120,0.6,0.53,0.639,0.53,1641531600000000000,17
BBMC,66382,90.51,89.1297,90.51,89.1297,1641531600000000000,123
BBN,144511,24.71,24.89,24.93,24.71,1641531600000000000,759
BBP,615,46.99,45.8173,46.99,45.8173,1641531600000000000,5
BBQ,4169,14.045,14.03,14.0999,13.8,1641531600000000000,114
BBRE,195894,108.43,107.42,108.43,107.41,1641531600000000000,683
BBSA,8265,50.47,50.4799,50.48,50.45,1641531600000000000,58
BBSC,20538,64.75,64.0716,64.88,64.04,1641531600000000000,72
BBSI,23941,68.75,67.07,68.75,67.01,1641531600000000000,796
BBU,6765,46.14,45.93,46.14,45.56,1641531600000000000,175
BBUS,143559,84.86,84.46,85.0695,84.23,1641531600000000000,448
BBVA,1515487,6.21,6.36,6.36,6.21,1641531600000000000,5699
BBW,334355,22.1,21.16,22.36,21.09,1641531600000000000,4184
BBWI,5200032,61.97,59.9,61.97,58.805,1641531600000000000,47721
BBY,3098984,103.02,102.5,104.83,101.915,1641531600000000000,37963
BC,366320,102.17,100.22,103.43,100.21,1641531600000000000,6113
BCpA,10720,26.34,26.43,26.48,26.17,1641531600000000000,84
BCpB,3102,26.608,26.6102,26.79,26.608,1641531600000000000,18
BCpC,5324,26.67,26.63,26.74,26.61,1641531600000000000,45
BCAB,338108,16.14,16.12,16.61,15.4301,1641531600000000000,5290
BCAC,4716,10,10.005,10.01,10,1641531600000000000,44
BCACU,798,10.18,10.305,10.305,10.18,1641531600000000000,12
BCACW,2212,0.49,0.43,0.49,0.43,1641531600000000000,28
BCAT,146668,19.19,19.15,19.2,18.995,1641531600000000000,720
BCBP,45878,15.8,15.82,15.99,15.48,1641531600000000000,734
BCC,269131,70.66,69.03,72.45,69.01,1641531600000000000,5405
BCD,36546,31.53,31.49,31.53,31.3308,1641531600000000000,329
BCDA,59209,1.76,1.69,1.8188,1.67,1641531600000000000,291
BCE,962343,51.84,52.15,52.165,51.685,1641531600000000000,9402
BCEL,317811,2.63,2.63,2.83,2.6,1641531600000000000,2268
BCH,90764,18.03,18.05,18.41,17.61,1641531600000000000,1163
BCI,175350,23.4,23.46,23.48,23.31,1641531600000000000,785
BCIM,1090,25.94,26.0376,26.059,25.9068,1641531600000000000,6
BCLI,110059,3.72,3.74,3.8472,3.7061,1641531600000000000,598
BCM,781,39.85,39.9378,39.999,39.85,1641531600000000000,24
BCML,6244,19.5,19.39,19.5,19.05,1641531600000000000,177
BCO,477422,66.07,68.22,68.29,66.07,1641531600000000000,7765
BCOR,167231,17.24,16.99,17.3,16.935,1641531600000000000,2034
BCOV,131477,9.98,9.97,10.1,9.83,1641531600000000000,2356
BCOW,18047,11.01,11.28,11.28,11.01,1641531600000000000,33
BCPC,62027,162.2,158.94,163.245,158.83,1641531600000000000,1973
BCRX,3404271,12.38,11.56,12.57,11.555,1641531600000000000,21175
BCS,4457239,11.16,11.35,11.37,11.135,1641531600000000000,12503
BCSA,142189,9.8599,9.92,9.92,9.85,1641531600000000000,90
BCSAU,383909,10.2,10.21,10.22,10.18,1641531600000000000,40
BCSAW,134656,0.7,0.675,0.76,0.649808,1641531600000000000,140
BCSF,77697,15.58,15.66,15.71,15.45,1641531600000000000,788
BCTX,662074,8.11,8.47,8.59,7.96,1641531600000000000,4203
BCTXW,40453,4.6,4.8485,4.9,4.26,1641531600000000000,187
BCV,29408,25.75,25.8,25.95,25.63,1641531600000000000,255
BCVpA,714,25.37,25.37,25.37,25.37,1641531600000000000,8
BCX,429822,9.6,9.76,9.78,9.56,1641531600000000000,1664
BCYC,309907,52.27,50.41,52.38,49.64,1641531600000000000,4970
BDC,163806,62.71,61.25,62.95,61.13,1641531600000000000,3974
BDCX,6566,40.52,40.86,40.86,40.49,1641531600000000000,53
BDCZ,3188,20.28,20.3211,20.3319,20.28,1641531600000000000,30
BDEC,3444,34.8679,34.8279,34.89,34.79,1641531600000000000,35
BDJ,467819,10.18,10.12,10.24,10.12,1641531600000000000,1771
BDN,3356516,14.33,14.69,14.88,14.29,1641531600000000000,18306
BDR,28917,0.5616,0.555499,0.562,0.5415,1641531600000000000,76
BDRY,70382,27.14,26.86,27.47,26.5,1641531600000000000,1087
BDSI,772610,3.09,3.1,3.16,3.02,1641531600000000000,4129
BDSX,100234,5.17,5.4,5.5634,5.11,1641531600000000000,1052
BDTX,147504,4.98,5.1,5.11,4.88,1641531600000000000,2828
BDX,1379783,250.27,254.15,255.92,249.61,1641531600000000000,24368
BDXB,217638,52.69,53.2,53.33,52.63,1641531600000000000,203
BE,2188351,19.42,19.25,20.24,19,1641531600000000000,19049
BEAM,712695,67.49,70.36,76.88,67.465,1641531600000000000,11694
BEAT,708298,3.19,3.49,3.54,3.07,1641531600000000000,2233
BEATW,30037,0.79,0.8,0.8872,0.775,1641531600000000000,63
BECN,359414,55.73,54.63,56.19,54.63,1641531600000000000,5626
BECO,496,24.889,24.8148,24.8899,24.8148,1641531600000000000,13
BEDU,46511,1.03,1.02,1.05,1.01,1641531600000000000,383
BEDZ,5017,26.19,25.97,26.19,25.9015,1641531600000000000,42
BEEM,375986,16.67,16.19,17.29,15.85,1641531600000000000,5046
BEEMW,1250,10.06,10.08,10.535,10.06,1641531600000000000,7
BEKE,11675713,19.42,20.87,21.06,19.42,1641531600000000000,78620
BELFB,18215,13.35,13.4,13.44,13.18,1641531600000000000,227
BEN,3121142,34.31,35.16,35.24,34.1,1641531600000000000,26950
BENE,697633,10.1748,10.19,10.25,10.1601,1641531600000000000,2629
BENER,902993,0.4499,0.4041,0.56,0.3812,1641531600000000000,1837
BENEU,2089,10.9,11.24,11.24,10.9,1641531600000000000,11
BENEW,1458318,0.55,0.78,0.8799,0.502,1641531600000000000,2264
BEP,471931,33.73,34.12,34.45,33.45,1641531600000000000,5396
BEPpA,3192,26.27,26,26.27,26,1641531600000000000,44
BEPC,1146681,34.08,34.73,35.05,34.08,1641531600000000000,12112
BEPH,25325,24.4,24.53,24.54,24.4,1641531600000000000,246
BEPI,30008,25.4,25.71,25.8,25.37,1641531600000000000,217
BERY,468852,73.5,73.21,73.92,72.96,1641531600000000000,6721
BERZ,28772,18.75,19.9375,20.21,18.75,1641531600000000000,129
BEST,842115,0.829,0.8787,0.8827,0.82,1641531600000000000,3323
BETZ,163696,23.59,23.84,24.06,23.52,1641531600000000000,1022
BF.A,31002,64.14,63.2,64.14,63.13,1641531600000000000,1293
BF.B,1728937,69.22,68.15,69.36,68.025,1641531600000000000,23808
BFAM,602127,124.06,126.39,128.47,124.05,1641531600000000000,10792
BFC,9056,73.28,73.06,73.73,72.7923,1641531600000000000,279
BFEB,2107,32.0803,32.04,32.0803,32.04,1641531600000000000,11
BFI,74551,5.56,5.79,5.9,5.56,1641531600000000000,923
BFIIW,28159,0.73,0.73,0.7901,0.7,1641531600000000000,144
BFIN,40089,10.96,11.02,11.06,10.77,1641531600000000000,375
BFIT,38638,27.31,27.14,27.39,27.09,1641531600000000000,144
BFK,60938,15.23,15.11,15.23,15.08,1641531600000000000,456
BFLY,3942113,6.35,6.07,6.44,5.96,1641531600000000000,21817
BFLY.WS,18546,1.43,1.2498,1.43,1.23,1641531600000000000,43
BFOR,2917,63.706,62.9594,63.72,62.9594,1641531600000000000,37
BFRA,12620,3.05,3.16,3.25,3.03,1641531600000000000,207
BFRI,6594591,5.19,5.13,5.95,4.87,1641531600000000000,23050
BFRIW,371105,2.03,1.79,2.12,1.52,1641531600000000000,1279
BFS,34537,54.08,53.76,54.77,53.64,1641531600000000000,715
BFSpD,400,25.95,25.94,25.95,25.94,1641531600000000000,4
BFSpE,3490,27.34,27.15,27.35,27.14,1641531600000000000,39
BFST,19413,29.08,29.24,29.5,28.94,1641531600000000000,829
BFTR,3259,39.37,38.6423,39.9266,38.64,1641531600000000000,52
BFZ,45080,14.41,14.31,14.44,14.28,1641531600000000000,251
BG,794160,95.83,97.02,97.3,94.7,1641531600000000000,11764
BGB,139507,13.62,13.62,13.6843,13.59,1641531600000000000,631
BGCP,2498213,4.59,4.59,4.69,4.58,1641531600000000000,10132
BGFV,698142,19.19,19.07,19.6799,18.71,1641531600000000000,6828
BGH,68729,17.3,17.15,17.34,17.15,1641531600000000000,343
BGI,84587,4.78,4.71,4.95,4.6555,1641531600000000000,318
BGLD,1706,18.7,18.72,18.732,18.7,1641531600000000000,8
BGNE,258055,228.7,229.52,238.64,226.87,1641531600000000000,6413
BGR,185491,10.27,10.41,10.42,10.22,1641531600000000000,1118
BGRN,11320,53.85,53.78,53.85,53.7056,1641531600000000000,160
BGRY,385692,4.6,4.45,4.68,4.45,1641531600000000000,2854
BGRYW,20921,0.765,0.750101,0.7798,0.75,1641531600000000000,27
BGS,1525856,32.71,33.73,34.19,32.63,1641531600000000000,14540
BGSF,22947,14.1,14,14.19,13.7844,1641531600000000000,544
BGSX,1221,9.73,9.75,9.75,9.73,1641531600000000000,13
BGSX.WS,100,0.65,0.65,0.65,0.65,1641531600000000000,1
BGT,50285,13.44,13.57,13.6,13.43,1641531600000000000,237
BGX,41672,14.78,14.73,14.81,14.58,1641531600000000000,238
BGY,191754,6.35,6.36,6.38,6.34,1641531600000000000,958
BH,2752,134.78,134.51,136.76,134,1641531600000000000,319
BH.A,77,681.2,679,681.2,679,1641531600000000000,32
BHAC,135949,9.79,9.8,9.8,9.74,1641531600000000000,602
BHACU,116400,10,10.02,10.02,9.99,1641531600000000000,375
BHACW,22020,0.54,0.4763,0.54,0.405,1641531600000000000,368
BHAT,210678,0.4002,0.4099,0.42,0.4,1641531600000000000,787
BHB,41966,29.77,31.23,31.27,29.75,1641531600000000000,1228
BHC,3261093,26.74,27.02,27.23,26.58,1641531600000000000,23842
BHE,88771,27.47,26.95,27.55,26.92,1641531600000000000,1461
BHF,524620,55.99,56.17,56.94,55.52,1641531600000000000,9656
BHFAL,9512,26.45,26.35,26.45,26.22,1641531600000000000,111
BHFAM,12417,24.91,25.05,25.05,24.785,1641531600000000000,120
BHFAN,21993,26.0358,25.74,26.1027,25.611,1641531600000000000,203
BHFAO,16562,27.28,27.11,27.28,27.02,1641531600000000000,203
BHFAP,33691,26.72,26.29,26.72,26.1,1641531600000000000,293
BHG,3692726,3.03,2.95,3.05,2.91,1641531600000000000,14090
BHIL,187582,6.9,6.64,6.99,6.58,1641531600000000000,2145
BHIL.WS,41410,1.05,1.21,1.21,1.05,1641531600000000000,143
BHK,126693,15.36,15.54,15.6785,15.36,1641531600000000000,645
BHLB,127123,30.33,30.51,30.59,30.09,1641531600000000000,1998
BHP,3691724,62.89,64.36,64.37,62.81,1641531600000000000,35103
BHR,623641,5.26,5.32,5.4399,5.26,1641531600000000000,3769
BHRpB,9501,20,20.25,20.36,19.9,1641531600000000000,61
BHRpD,7375,25.52,25.37,25.707,25.3105,1641531600000000000,63
BHSE,7025,10.0001,10.01,10.02,10.0001,1641531600000000000,43
BHSEU,3861,10.26,10.28,10.28,10.26,1641531600000000000,15
BHSEW,13268,0.2635,0.295,0.3,0.2635,1641531600000000000,20
BHV,2242,18.96,19.41,19.5,18.96,1641531600000000000,12
BHVN,574207,131.88,128.87,136.1309,128.73,1641531600000000000,10398
BIB,43017,71.66,70.91,73.6934,70.77,1641531600000000000,649
BIBL,63410,38.12,37.57,38.12,37.57,1641531600000000000,188
BICK,7581,30.52,30.71,30.72,30.52,1641531600000000000,77
BIDS,102,23.095,23.0633,23.095,23.0633,1641531600000000000,2
BIDU,2746232,152.98,153.33,157,152.28,1641531600000000000,45625
BIF,108548,14.71,14.8,14.85,14.681,1641531600000000000,644
BIG,1092632,48.27,49.67,50,47.96,1641531600000000000,14010
BIGC,1542079,32.22,32.66,33.62,32.015,1641531600000000000,17363
BIGY,5726,21.5093,21.5243,21.7,21.49,1641531600000000000,26
BIGZ,1120495,14.25,14.14,14.44,13.89,1641531600000000000,4693
BIIB,1388652,235.55,232.6,236.9,231.62,1641531600000000000,30805
BIL,766820,91.43,91.43,91.43,91.42,1641531600000000000,2367
BILI,8145747,37.8,38.44,40.2,37.39,1641531600000000000,68882
BILL,1394049,202.8,201.93,214.63,197.33,1641531600000000000,22546
BILS,0,99.98,99.98,99.98,99.98,1641531600000000000,0
BIMI,330724,0.4607,0.48,0.48,0.455,1641531600000000000,743
BIO,120159,681.32,663.16,695.61,656.62,1641531600000000000,6305
BIO.B,559,679.04,679.04,679.04,679.04,1641531600000000000,22
BIOC,205954,3.71,3.79,3.8488,3.69,1641531600000000000,1347
BIOL,1274929,0.4,0.406,0.417,0.392,1641531600000000000,2128
BIOSU,20914,10.03,10.03,10.03,10.03,1641531600000000000,217
BIOT,45020,9.875,9.85,9.875,9.85,1641531600000000000,411
BIOTU,31676,10.11,10.13,10.14,10.11,1641531600000000000,71
BIOTW,63651,0.5601,0.6,0.6399,0.5601,1641531600000000000,129
BIOX,15973,13.65,13.52,13.71,13.45,1641531600000000000,182
BIP,480936,58.74,58.89,59.02,58.08,1641531600000000000,5294
BIPpA,1990,25.1079,25,25.11,25,1641531600000000000,40
BIPpB,11544,24.9,24.7,24.9,24.6,1641531600000000000,80
BIPC,195324,63.86,64.32,64.87,63.51,1641531600000000000,3889
BIPH,4951,24.8,24.85,24.97,24.8,1641531600000000000,91
BIRD,2209102,14.77,13.94,15.1291,13.7,1641531600000000000,18825
BIS,1741,22.306,22.7694,22.77,22.306,1641531600000000000,31
BIT,73770,17.9,17.9,17.99,17.895,1641531600000000000,1096
BITE,6455,9.73,9.74,9.74,9.73,1641531600000000000,8
BITE.U,532,9.97,9.96,9.971,9.96,1641531600000000000,5
BITE.WS,1400,0.5248,0.52,0.5248,0.52,1641531600000000000,4
BITF,6821403,4.33,4.29,4.5399,4.2014,1641531600000000000,18572
BITO,9118092,26.38,26.41,26.6,25.55,1641531600000000000,48739
BITQ,120094,19.09,18.87,19.3884,18.61,1641531600000000000,1727
BITS,53332,17.82,17.78,17.86,17.3,1641531600000000000,279
BIV,902626,86.36,86.21,86.4599,86.0978,1641531600000000000,5535
BIVI,66846,5.27,4.88,5.3555,4.7,1641531600000000000,473
BIZD,336819,17.34,17.5,17.5,17.34,1641531600000000000,673
BJ,1068471,64.81,65.69,66.03,64.5,1641531600000000000,11905
BJAN,120619,36.94,36.86,36.965,36.75,1641531600000000000,423
BJDX,632090,2.57,2.63,2.66,2.52,1641531600000000000,1686
BJK,9407,43.0469,43.29,43.4438,43,1641531600000000000,147
BJRI,286546,34.44,33.78,35.17,33.58,1641531600000000000,4737
BJUL,3193,33.185,33.1593,33.19,33.11,1641531600000000000,26
BJUN,2205,34.3546,34.3618,34.3618,34.29,1641531600000000000,8
BK,5145047,61.36,62.33,62.39,60.99,1641531600000000000,45376
BKAG,48045,48.51,48.42,48.51,48.3901,1641531600000000000,283
BKCC,490198,4.06,4.17,4.2,4.06,1641531600000000000,2416
BKCH,151135,19.55,19.69,20.18,19.32,1641531600000000000,2174
BKCI,0,50.7306,50.7306,50.7306,50.7306,1641531600000000000,0
BKD,1744776,5.26,5.25,5.33,5.215,1641531600000000000,9753
BKE,517266,40.84,39.72,41.46,39.52,1641531600000000000,6797
BKEM,2294,68.31,68.3846,68.3846,68.22,1641531600000000000,22
BKEP,23129,3.31,3.32,3.32,3.2801,1641531600000000000,144
BKEPP,5167,8.26,8.39,8.48,8.26,1641531600000000000,52
BKES,300,49,49,49,49,1641531600000000000,1
BKF,4480,44.275,44.56,44.57,44.275,1641531600000000000,56
BKH,259946,69.4,70.39,70.59,69.24,1641531600000000000,5891
BKHY,4800,54.53,54.4501,54.53,54.431,1641531600000000000,44
BKI,629042,79.53,79.14,79.9,78.59,1641531600000000000,5835
BKIE,13610,74.12,74.4269,74.43,73.98,1641531600000000000,51
BKIS,2,50.8457,50.8457,50.8457,50.8457,1641531600000000000,2
BKKT,5117646,6.48,6.26,6.53,5.9,1641531600000000000,23844
BKKT.WS,58016,2.24,2.16,2.24,2.06,1641531600000000000,178
BKLC,12953,87.98,87.6673,88.09,87.32,1641531600000000000,109
BKLN,6361730,22.07,22.11,22.11,22.06,1641531600000000000,9963
BKMC,115687,92.42,92.5088,92.94,92.41,1641531600000000000,49
BKN,28735,17.42,17.58,17.6383,17.36,1641531600000000000,147
BKNG,229504,2435,2434.58,2466.26,2423.77,1641531600000000000,13384
BKR,6900779,26,26.12,26.185,25.81,1641531600000000000,55819
BKSB,9370,50.27,50.26,50.29,50.26,1641531600000000000,97
BKSC,6417,20.52,20.3,20.55,20.25,1641531600000000000,70
BKSE,1607,95.06,94.5091,95.92,94.5091,1641531600000000000,25
BKSY,648924,3.95,3.92,4.128,3.79,1641531600000000000,3872
BKSY.WS,144578,0.5635,0.45,0.569951,0.42,1641531600000000000,288
BKT,151453,5.58,5.59,5.6,5.57,1641531600000000000,417
BKTI,93938,2.76,2.91,2.98,2.7,1641531600000000000,655
BKU,1039396,45.89,46.37,46.75,45.58,1641531600000000000,8238
BKUI,1,49.74,49.74,49.74,49.74,1641531600000000000,1
BKUS,0,49.7497,49.7497,49.7497,49.7497,1641531600000000000,0
BKYI,12225,2.2154,2.27,2.27,2.18,1641531600000000000,107
BL,510928,96.05,96.21,98.19,95.45,1641531600000000000,8990
BLBD,62189,15.56,15.6,15.975,15.47,1641531600000000000,1267
BLBX,432119,3.06,3.18,3.24,2.8583,1641531600000000000,1521
BLCM,36505,1.5,1.48,1.53,1.4582,1641531600000000000,144
BLCN,48366,41.38,41.28,41.74,41.11,1641531600000000000,806
BLCT,108632,1.57,1.49,1.57,1.44,1641531600000000000,592
BLD,442699,260.01,241.82,260.01,241.24,1641531600000000000,9295
BLDE,961480,7.56,7.5,7.88,7.45,1641531600000000000,8106
BLDEW,14342,1.8,1.66,1.8,1.65,1641531600000000000,84
BLDG,2931,31.5,31.4,31.5,31.19,1641531600000000000,64
BLDP,4206236,11.82,11.65,12.24,11.65,1641531600000000000,26621
BLDR,3719912,82.5,78.63,82.9299,77.69,1641531600000000000,33731
BLE,121512,14.81,14.97,14.97,14.8,1641531600000000000,477
BLES,60944,37.27,37.2277,37.36,37.166,1641531600000000000,112
BLEUU,26839,10.04,10.05,10.05,10.04,1641531600000000000,17
BLFS,368499,32.01,30.83,32.5643,30.01,1641531600000000000,5316
BLFY,46766,14.8,14.71,14.8,14.6,1641531600000000000,693
BLHY,300,24.25,24.165,24.25,24.165,1641531600000000000,1
BLI,5455507,9.79,9.62,10.35,9.4,1641531600000000000,45301
BLIN,595437,2.17,2.14,2.3,2.07,1641531600000000000,1614
BLK,642559,895.27,892.27,896.625,884,1641531600000000000,23074
BLKB,258123,70.53,69.39,73.855,68.54,1641531600000000000,5487
BLKC,1009,22,22.0671,22.0671,22,1641531600000000000,24
BLL,1022917,90.9,90.51,92.5,90.47,1641531600000000000,15727
BLMN,3977047,21.91,21.28,22.07,21.24,1641531600000000000,15424
BLND,909535,6.89,7.02,7.14,6.83,1641531600000000000,6817
BLNG,1455,9.73,9.74,9.74,9.73,1641531600000000000,28
BLNGU,1206,9.97,9.97,9.97,9.97,1641531600000000000,83
BLNGW,5957,0.5101,0.5199,0.5299,0.5101,1641531600000000000,17
BLNK,2091317,24,23.7,24.74,23.52,1641531600000000000,17412
BLNKW,1057,19.48,19.38,19.48,19.38,1641531600000000000,27
BLOK,555501,37.4649,37.36,38.04,36.8396,1641531600000000000,6344
BLPH,86452,3.07,3.09,3.1949,2.92,1641531600000000000,345
BLRX,189985,2.042,2.05,2.11,2.04,1641531600000000000,712
BLSA,2363,9.97,9.94,9.98,9.92,1641531600000000000,82
BLTS,6963,9.91,9.86,9.91,9.86,1641531600000000000,64
BLTSU,1000,10.2,10.245,10.245,10.19,1641531600000000000,5
BLTSW,2300,0.74,0.7101,0.74,0.7101,1641531600000000000,6
BLU,529560,6.92,6.74,7.05,6.71,1641531600000000000,5191
BLUA,635,9.76,9.76,9.76,9.74,1641531600000000000,4
BLUA.WS,100,0.6649,0.6649,0.6649,0.6649,1641531600000000000,1
BLUE,918970,9.77,9.55,10.07,9.53,1641531600000000000,9794
BLV,240585,100.07,99.6,100.19,99.1885,1641531600000000000,2668
BLW,153827,15.96,16.04,16.05,15.8536,1641531600000000000,611
BLX,105596,16.85,16.95,17.08,16.78,1641531600000000000,1357
BLZE,62798,15.73,16.04,16.3999,15.3048,1641531600000000000,1057
BMA,370510,13.66,13.99,14.08,13.615,1641531600000000000,2501
BMAC.U,303,10.1385,10.1385,10.1385,10.1385,1641531600000000000,7
BMAC.WS,5618,0.41,0.417499,0.42,0.4098,1641531600000000000,18
BMAQ,373,9.8,9.78,9.8,9.76,1641531600000000000,12
BMAQR,1924,0.3351,0.3302,0.3351,0.33,1641531600000000000,12
BMAQU,634,10.41,10.4102,10.4102,10.41,1641531600000000000,10
BMAQW,48397,0.38,0.41,0.41,0.38,1641531600000000000,45
BMAR,601,34.5176,34.5448,34.5448,34.5,1641531600000000000,13
BMAY,4583,32.92,32.981,32.99,32.92,1641531600000000000,38
BMBL,1634743,31.55,31.47,32.66,30.52,1641531600000000000,15686
BME,40965,47.6,47.52,48,47.23,1641531600000000000,472
BMEA,154529,7.95,7.77,8.38,7.64,1641531600000000000,2388
BMED,1547,27.1339,26.7804,27.1339,26.7804,1641531600000000000,20
BMEZ,264046,24.15,23.61,24.17,23.39,1641531600000000000,2269
BMI,68630,100.01,97.77,100.01,97.63,1641531600000000000,2131
BMLpG,3933,23.45,23.397,23.55,23.3628,1641531600000000000,23
BMLpH,2906,23.95,23.54,23.95,23.4402,1641531600000000000,50
BMLpJ,12434,25.2465,25.37,25.37,25.0893,1641531600000000000,89
BMLpL,8338,24.9671,25,25.121,24.95,1641531600000000000,115
BMO,620721,111.68,113.18,113.43,111.66,1641531600000000000,8664
BMRA,57969,4.36,4.18,4.451,4.15,1641531600000000000,438
BMRC,21158,38.75,38.73,39.21,38.69,1641531600000000000,623
BMRN,1597156,86.4,84.25,88.27,84.17,1641531600000000000,22915
BMTX,83240,9.2,9.24,9.42,9.12,1641531600000000000,615
BMTX.WS,9645,1.92,1.96,1.99,1.92,1641531600000000000,48
BMY,16389690,61.49,62.83,63.01,61.21,1641531600000000000,99093
BND,6345129,83.71,83.56,83.72,83.4422,1641531600000000000,23703
BNDC,6790,25.665,25.655,25.71,25.655,1641531600000000000,44
BNDD,104834,25.36,25.22,25.4,25.0804,1641531600000000000,312
BNDW,42211,77.77,77.655,77.77,77.56,1641531600000000000,608
BNDX,2499927,54.82,54.78,54.82,54.7048,1641531600000000000,10022
BNE,1655,27.67,27.7088,27.7088,27.67,1641531600000000000,12
BNED,377707,6.77,6.7,6.89,6.655,1641531600000000000,3310
BNFT,129105,10.455,10.55,10.89,10.455,1641531600000000000,1783
BNGO,7059714,2.77,2.72,2.88,2.72,1641531600000000000,24115
BNGOW,19324,1.01,1,1.15,1,1641531600000000000,67
BNIXW,1000,0.4889,0.4799,0.4889,0.4,1641531600000000000,6
BNKD,35221,8,7.74,8.01,7.6369,1641531600000000000,319
BNKU,422433,67.92,70.05,70.65,67.35,1641531600000000000,6647
BNL,731796,24.21,24.25,24.38,24.02,1641531600000000000,4543
BNNR,216,9.78,9.78,9.78,9.78,1641531600000000000,3
BNNRW,2052,0.5141,0.5178,0.5193,0.5,1641531600000000000,12
BNO,1032941,22.02,21.96,22.07,21.85,1641531600000000000,3426
BNOV,1442,32.65,32.604,32.65,32.5706,1641531600000000000,10
BNOX,11105,10.53,11.55,12.55,10.53,1641531600000000000,308
BNR,174457,9.57,9.19,9.57,9.09,1641531600000000000,2118
BNS,2348990,71.92,72.42,72.545,71.75,1641531600000000000,21416
BNSO,1985,4.51,4.56,4.59,4.3604,1641531600000000000,28
BNTC,33975,2.49,2.46,2.5327,2.36,1641531600000000000,161
BNTX,1196290,213.7,211.84,217.73,209.27,1641531600000000000,22403
BNY,29641,14.88,14.85,14.93,14.83,1641531600000000000,87
BOAC,16209,9.8,9.8,9.815,9.8,1641531600000000000,48
BOAC.U,1631,10.185,10.2,10.2,10.185,1641531600000000000,16
BOAC.WS,9087,0.7601,0.81,0.8181,0.76,1641531600000000000,37
BOAS,553,9.8795,9.8795,9.8795,9.8795,1641531600000000000,6
BOAS.WS,31935,0.57,0.5806,0.5806,0.57,1641531600000000000,18
BOAT,15664,30.38,30.5849,30.72,30.2677,1641531600000000000,99
BOB,725,26.58,26.5192,26.58,26.5192,1641531600000000000,21
BOCT,4969,34.22,34.296,34.39,34.22,1641531600000000000,33
BODY,668065,2.11,2.08,2.1999,2.07,1641531600000000000,2910
BODY.WS,28166,0.28,0.2749,0.29,0.27,1641531600000000000,45
BOE,133162,12.23,12.18,12.24,12.16,1641531600000000000,756
BOH,251456,88.92,90.75,90.77,88.36,1641531600000000000,4480
BOHpA,7844,25.84,25.58,25.84,25.58,1641531600000000000,72
BOIL,3206368,28.22,27.96,29.09,27.761,1641531600000000000,13935
BOKF,229933,112.3,111.48,112.385,110.4,1641531600000000000,5378
BOLT,164234,3.7729,3.78,3.9099,3.65,1641531600000000000,1881
BOMN,74180,28.53,29.05,29.4377,28.46,1641531600000000000,1358
BON,18055,4.17,4.03,4.2,3.8472,1641531600000000000,142
BOND,305775,108.37,108.04,108.37,107.9,1641531600000000000,1825
BOOM,46192,42.74,43.15,43.63,42.5,1641531600000000000,1210
BOOT,1018729,123.39,121.82,126.6,118.07,1641531600000000000,15600
BORR,485770,2.3,2.38,2.38,2.26,1641531600000000000,930
BOSC,10512,2.87,2.77,2.94,2.7487,1641531600000000000,82
BOSS,1525,32.1,31.96,32.1,31.96,1641531600000000000,26
BOTJ,2693,16.3996,16,16.72,16,1641531600000000000,61
BOTZ,569144,34.15,33.9,34.39,33.71,1641531600000000000,5821
BOUT,2713,37.4,37.1077,37.4,37.1077,1641531600000000000,38
BOWL,178848,8.67,8.6,8.67,8.42,1641531600000000000,1890
BOWL.WS,25971,1.23,1.38,1.38,1.23,1641531600000000000,170
BOX,1523455,25.81,25.66,26.11,25.5,1641531600000000000,19038
BOXD,63762,11.76,11.95,11.9999,11.7501,1641531600000000000,740
BOXD.WS,115870,0.85,0.95,1.045,0.85,1641531600000000000,219
BOXL,666062,1.25,1.23,1.29,1.22,1641531600000000000,2174
BP,16153283,29.27,29.67,29.7,29.08,1641531600000000000,64716
BPMC,577123,92.1,91.45,93.81,90,1641531600000000000,11940
BPMP,350317,16.81,17.1,17.1,16.72,1641531600000000000,2642
BPOP,1066592,89.92,91.64,91.96,88.48,1641531600000000000,15492
BPRN,10663,30.78,30.66,30.8,30.36,1641531600000000000,182
BPT,1222729,4.65,4.78,4.92,4.6,1641531600000000000,3237
BPTH,78529,4.0184,3.8775,4.0184,3.8159,1641531600000000000,402
BPYPM,11442,25.2459,25.39,25.4,25.15,1641531600000000000,175
BPYPN,8018,23.77,23.605,23.77,23.55,1641531600000000000,79
BPYPO,4153,25.48,25.251,25.48,25.12,1641531600000000000,55
BPYPP,1751,25.41,25.4,25.41,25.31,1641531600000000000,22
BQ,75698,0.8,0.793,0.8593,0.793,1641531600000000000,676
BR,425690,173.63,171.5,173.66,171.47,1641531600000000000,7845
BRAG,23313,4.82,5.08,5.09,4.8033,1641531600000000000,144
BRBR,619162,27.28,26.23,27.66,26.14,1641531600000000000,6918
BRBS,18934,17.92,18.15,18.3,17.89,1641531600000000000,264
BRC,180733,53.99,53.49,54.17,53.43,1641531600000000000,2938
BRCN,81847,1.13,1.2,1.2,1.13,1641531600000000000,311
BRDG,104935,23,22.72,23.27,22.49,1641531600000000000,1461
BRDS,204554,5.9,5.8,6.02,5.65,1641531600000000000,1715
BRDS.WS,3385,0.951,0.9718,0.9989,0.951,1641531600000000000,18
BREZ,700,10.22,10.22,10.22,10.22,1641531600000000000,15
BREZR,1063,0.239699,0.230199,0.239699,0.230199,1641531600000000000,5
BREZW,28159,0.439899,0.45,0.4634,0.42,1641531600000000000,80
BRF,7869,14.79,14.81,14.9369,14.79,1641531600000000000,77
BRFS,3942494,4.28,4.24,4.405,4.18,1641531600000000000,11445
BRG,263069,26.53,26.4,26.7,26.4,1641531600000000000,2218
BRGpC,1047,25.59,25.4,25.5997,25.4,1641531600000000000,14
BRGpD,1843,25.3,25.255,25.3,25.21,1641531600000000000,10
BRIV,6453,9.73,9.77,9.77,9.73,1641531600000000000,30
BRIVU,1001,10.3768,10.3768,10.3768,10.3768,1641531600000000000,2
BRIVW,1120,0.79,0.77,0.79,0.77,1641531600000000000,9
BRK.A,2433,474695.505,480000.1,480887.99,472610,1641531600000000000,2357
BRK.B,5362997,315.56,319.78,320.2,314.14,1641531600000000000,88886
BRKHU,56883,10.05,10.04,10.05,10.04,1641531600000000000,51
BRKL,202394,17.27,17.48,17.5,17.18,1641531600000000000,1683
BRKR,556479,76.29,74.16,76.33,73.87,1641531600000000000,10444
BRLI,1322,10.24,10.23,10.24,10.23,1641531600000000000,18
BRLIR,1000,0.175,0.175,0.175,0.175,1641531600000000000,1
BRLIW,300,0.19,0.19,0.19,0.19,1641531600000000000,3
BRLT,182177,16.42,17.83,17.9,16.3154,1641531600000000000,3137
BRMK,600874,9.67,9.76,9.77,9.64,1641531600000000000,3910
BRMK.WS,16200,0.095,0.1,0.10405,0.093,1641531600000000000,22
BRN,24410,2.88,2.84,2.93,2.8001,1641531600000000000,140
BRO,2314606,68.45,68.6,68.77,67.58,1641531600000000000,20954
BROG,773,9.45,8.79,9.45,8.751,1641531600000000000,28
BROGW,2112,0.54,0.5498,0.5498,0.5399,1641531600000000000,7
BROS,806717,46.75,46.47,47.9899,45.02,1641531600000000000,11375
BRP,223999,34.05,33.46,34.225,33,1641531600000000000,3630
BRPM,168929,10.1,10.08,10.15,10.06,1641531600000000000,877
BRPMU,380,11.5,10.52,11.5,10.52,1641531600000000000,8
BRPMW,6500,1.365,1.42,1.42,1.365,1641531600000000000,40
BRQS,807485,0.39,0.3955,0.3999,0.3811,1641531600000000000,1979
BRSP,333161,10.05,10.08,10.12,9.99,1641531600000000000,2443
BRT,36714,22.95,22.68,23.08,22.6,1641531600000000000,541
BRTX,153231,4.24,3.95,4.34,3.8503,1641531600000000000,928
BRW,126161,4.59,4.62,4.64,4.5701,1641531600000000000,450
BRX,3413278,25.52,25.68,25.99,25.45,1641531600000000000,26496
BRY,261852,9,8.79,9.06,8.77,1641531600000000000,2024
BRZE,393990,60.37,64.01,66.12,60.37,1641531600000000000,5071
BRZU,120941,60.9,62.64,62.94,60.8056,1641531600000000000,1471
BSA,2893,25.27,25.26,25.28,25.26,1641531600000000000,33
BSAC,530742,18.27,18.07,18.37,17.85,1641531600000000000,4298
BSAQ,170,9.73,9.73,9.73,9.73,1641531600000000000,16
BSAQ.WS,102001,0.77505,0.7,0.77505,0.7,1641531600000000000,314
BSBE,8256,25.48,25.485,25.49,25.47,1641531600000000000,43
BSBK,11842,10.1,10.05,10.1,10.05,1641531600000000000,26
BSBR,1276925,5.5,5.56,5.58,5.48,1641531600000000000,5632
BSCE,895,25.8265,25.825,25.83,25.825,1641531600000000000,13
BSCM,949206,21.39,21.38,21.39,21.35,1641531600000000000,1234
BSCN,470825,21.42,21.42,21.43,21.41,1641531600000000000,800
BSCO,369624,21.76,21.74,21.76,21.73,1641531600000000000,619
BSCP,245424,21.79,21.77,21.79,21.76,1641531600000000000,573
BSCQ,196842,20.94,20.94,20.96,20.92,1641531600000000000,451
BSCR,126636,21.31,21.3,21.32,21.26,1641531600000000000,228
BSCS,27455,22.45,22.4201,22.45,22.41,1641531600000000000,88
BSCT,12741,20.63,20.61,20.63,20.58,1641531600000000000,68
BSCU,433281,19.03,19.0095,19.055,18.99,1641531600000000000,736
BSCV,15166,19.21,19.185,19.22,19.16,1641531600000000000,54
BSDE,1227,25.85,25.85,25.85,25.85,1641531600000000000,9
BSEA,311,24.75,24.7223,24.76,24.7223,1641531600000000000,3
BSEP,11413,33.1096,33,33.13,33,1641531600000000000,118
BSET,19427,16.77,16.72,17.045,16.55,1641531600000000000,444
BSFC,44262,1.78,1.9354,1.94,1.75,1641531600000000000,183
BSGA,8674,9.9701,9.97,10,9.97,1641531600000000000,34
BSGAR,6100,0.63,0.65,0.65,0.625,1641531600000000000,86
BSGM,122400,2.26,2.24,2.3,2.15,1641531600000000000,600
BSIG,709535,24.2,24.29,24.39,23.83,1641531600000000000,8165
BSJM,274952,23.15,23.14,23.17,23.135,1641531600000000000,690
BSJN,265239,25.16,25.13,25.165,25.12,1641531600000000000,879
BSJO,190588,24.78,24.76,24.78,24.74,1641531600000000000,1079
BSJP,328407,24.42,24.36,24.42,24.36,1641531600000000000,1618
BSJQ,138244,25.47,25.47,25.48,25.3891,1641531600000000000,772
BSJR,13415,25.15,25.14,25.16,25.1015,1641531600000000000,67
BSJS,1786,24.98,24.93,24.98,24.91,1641531600000000000,29
BSJT,586,24.26,24.265,24.265,24.26,1641531600000000000,6
BSKY,13808,9.7,9.74,9.74,9.7,1641531600000000000,38
BSKYU,902,9.8928,9.8928,9.8928,9.8928,1641531600000000000,3
BSKYW,3424,0.69,0.700001,0.74845,0.69,1641531600000000000,6
BSL,24001,16.27,16.4,16.41,16.27,1641531600000000000,150
BSM,487319,10.85,11.17,11.29,10.85,1641531600000000000,2625
BSMM,3953,25.37,25.37,25.41,25.37,1641531600000000000,13
BSMN,3843,25.5215,25.56,25.6,25.52,1641531600000000000,18
BSMO,3321,25.655,25.655,25.68,25.655,1641531600000000000,14
BSMP,3767,25.82,25.8541,25.9,25.82,1641531600000000000,46
BSMQ,1408,25.715,25.715,25.7399,25.715,1641531600000000000,8
BSMR,44214,25.75,25.7,25.75,25.7,1641531600000000000,440
BSMU,5412,25.465,25.465,25.465,25.465,1641531600000000000,23
BSMX,15807,5.7,5.7,5.8,5.69,1641531600000000000,149
BSQR,254939,1.66,1.63,1.7,1.5808,1641531600000000000,781
BSRR,21189,28.46,28.63,28.805,28.13,1641531600000000000,718
BST,164352,48.98,48.45,49.13,48.125,1641531600000000000,2106
BSTZ,387570,34.7,34.24,34.9953,34.12,1641531600000000000,3320
BSV,2030666,80.44,80.43,80.45,80.38,1641531600000000000,6955
BSVN,32941,25.2,24.33,25.86,24.2,1641531600000000000,504
BSX,5337589,42.41,42.11,42.76,42.07,1641531600000000000,38355
BSXpA,8391,115.86,114.89,115.86,114.04,1641531600000000000,91
BSY,851316,43.66,42.7,44.52,42.6,1641531600000000000,10118
BTA,15175,13.89,13.88,13.99,13.83,1641531600000000000,77
BTAI,149696,19.82,19.71,20.52,19.67,1641531600000000000,2450
BTAL,37877,18.21,18.18,18.24,18.08,1641531600000000000,166
BTAQ,556929,10.01,10.01,10.015,10.01,1641531600000000000,96
BTAQW,38131,0.5019,0.51,0.5389,0.49,1641531600000000000,119
BTB,2240447,0.518,0.4822,0.518,0.47,1641531600000000000,3140
BTBD,5189,2.88,3.11,3.4186,2.88,1641531600000000000,61
BTBDW,1605,0.89,0.85,0.89,0.6901,1641531600000000000,9
BTBT,1795623,5.5,5.29,5.67,5.24,1641531600000000000,9510
BTCM,155495,5.42,5.6,5.62,5.32,1641531600000000000,1677
BTCR,4513,13.84,13.56,13.84,13.46,1641531600000000000,89
BTCS,975038,4.2,4.45,4.57,4.13,1641531600000000000,4557
BTCY,253039,3.9668,3.51,3.9668,3.5,1641531600000000000,1278
BTEC,19887,44.0231,43.09,44.0232,43.09,1641531600000000000,137
BTEK,2496,31.33,30.9284,31.33,30.8985,1641531600000000000,52
BTF,1571060,16.31,16.32,16.43,15.79,1641531600000000000,3729
BTG,5950935,3.64,3.64,3.68,3.61,1641531600000000000,12211
BTHM,5233,24.77,24.6595,24.77,24.63,1641531600000000000,53
BTI,4996406,38.41,38.99,39.095,38.36,1641531600000000000,30179
BTN,23641,2.92,2.93,3,2.9,1641531600000000000,117
BTNB,109496,9.94,9.93,9.9539,9.93,1641531600000000000,95
BTO,60975,47.38,48.18,49.1199,47.38,1641531600000000000,860
BTRS,1225872,7.02,6.69,7.07,6.59,1641531600000000000,9982
BTT,78837,25.79,25.56,25.8228,25.5,1641531600000000000,392
BTTR,13360,3.16,2.98,3.17,2.98,1641531600000000000,144
BTTX,35877,4.96,4.98,5.0726,4.91,1641531600000000000,455
BTU,3049858,11.4,11.37,12,11.3093,1641531600000000000,22951
BTWN,103433,9.83,9.83,9.84,9.82,1641531600000000000,627
BTWNU,6071,10.13,10.075,10.13,10.075,1641531600000000000,27
BTWNW,35561,0.939,0.929899,0.9699,0.900201,1641531600000000000,138
BTX,367311,3.89,3.85,4.03,3.81,1641531600000000000,4093
BTZ,183802,14.39,14.37,14.44,14.34,1641531600000000000,1039
BUD,1384867,62,62.93,63.3,61.99,1641531600000000000,14218
BUDX,1066,13.68,13.02,13.68,13.02,1641531600000000000,60
BUFD,68879,21.24,21.24,21.2599,21.17,1641531600000000000,209
BUFF,17904,35.8,35.8527,35.89,35.7592,1641531600000000000,96
BUFG,159881,20.2169,20.18,20.2169,20.14,1641531600000000000,155
BUFR,97288,23.85,23.86,23.91,23.7832,1641531600000000000,416
BUFT,205222,20.08,20.0742,20.09,20.06,1641531600000000000,22
BUG,331505,29.6,29.52,30,29.26,1641531600000000000,2667
BUI,55052,26.76,26.96,27,26.585,1641531600000000000,842
BUL,1278,41.8,41.7045,41.83,41.68,1641531600000000000,30
BULZ,2545541,25.05,23.79,25.5,23.39,1641531600000000000,36727
BUR,178738,10.46,10.59,10.62,10.36,1641531600000000000,1255
BURL,1371238,265.62,253.48,266.35,251.38,1641531600000000000,20340
BUSE,248530,29.3,29.42,29.52,28.465,1641531600000000000,3573
BUYZ,6247,37.92,36.8691,37.92,36.8,1641531600000000000,81
BUZZ,37990,22.23,22.05,22.53,21.84,1641531600000000000,665
BV,512236,14.85,14.17,14.87,14.13,1641531600000000000,3487
BVH,55828,34.3,34.09,34.89,34,1641531600000000000,1317
BVN,1597110,7.28,7.49,7.55,7.19,1641531600000000000,8107
BVS,138137,14.52,14.23,14.91,14.02,1641531600000000000,2300
BVXV,333698,2.03,2.01,2.11,1.98,1641531600000000000,1786
BW,390640,8.52,8.65,8.69,8.42,1641531600000000000,3244
BWpA,28279,25.047,25.02,25.05,25,1641531600000000000,131
BWA,1139023,48.89,48.62,49.18,48.38,1641531600000000000,13043
BWAC,1614198,10.19,10.22,10.22,10.18,1641531600000000000,383
BWACU,101,10.9,10.9,10.9,10.9,1641531600000000000,2
BWACW,437429,0.5802,0.5399,0.5952,0.5213,1641531600000000000,447
BWAY,18587,7.9012,7.8,8.0411,7.68,1641531600000000000,105
BWB,13959,17.95,18.07,18.16,17.82,1641531600000000000,298
BWBBP,1593,26.4,26.05,26.4,26.05,1641531600000000000,12
BWC,2887,9.7,9.74,9.85,9.7,1641531600000000000,35
BWCAU,261,9.9,9.95,9.95,9.9,1641531600000000000,4
BWEN,190109,1.87,1.79,1.92,1.78,1641531600000000000,958
BWFG,2201,33.77,33.99,33.99,33.77,1641531600000000000,117
BWG,54683,11.58,11.6,11.61,11.58,1641531600000000000,189
BWMN,9077,21.55,21.52,21.81,21.101,1641531600000000000,275
BWMX,15028,19.96,19.61,20.1,19.52,1641531600000000000,346
BWNB,13541,24.7,24.6,24.7,24.5,1641531600000000000,99
BWSN,13854,26.2974,26.3,26.3,26.21,1641531600000000000,90
BWX,324386,27.9,27.83,27.9,27.81,1641531600000000000,1296
BWXT,559511,48.36,49.03,49.3,48.297,1641531600000000000,5926
BWZ,24077,30.08,30.27,30.3,30.08,1641531600000000000,167
BX,2933424,118.83,116.65,119.99,116.35,1641531600000000000,38517
BXC,152829,87.81,81.01,89.2299,81,1641531600000000000,3601
BXMT,1020265,31.2,31.31,31.55,31.2,1641531600000000000,10040
BXMX,165769,14.98,14.91,15.06,14.91,1641531600000000000,720
BXP,1095224,125,125.63,128,124.85,1641531600000000000,17408
BXRX,2178334,0.2076,0.209,0.2167,0.205,1641531600000000000,2920
BXSL,173328,29.7,30.86,31.52,29.7,1641531600000000000,1276
BY,216956,28.89,29,29.15,28.62,1641531600000000000,3350
BYD,611647,63.27,63.52,64.69,63.06,1641531600000000000,10180
BYFC,48669,2.36,2.46,2.47,2.36,1641531600000000000,436
BYLD,15658,24.64,24.635,24.6799,24.595,1641531600000000000,127
BYM,65077,15.47,15.69,15.69,15.35,1641531600000000000,455
BYND,11680474,65.655,68.52,73.33,65.65,1641531600000000000,125085
BYRN,119070,12.26,12.11,12.7,12.03,1641531600000000000,1597
BYSI,597312,4.47,4.53,4.67,4.4,1641531600000000000,3948
BYTE,395,14.6,14.5688,14.6,14.5688,1641531600000000000,23
BYTS,5938,9.77,9.82,9.82,9.75,1641531600000000000,40
BYTSU,5594,10.05,10.06,10.06,10.045,1641531600000000000,24
BYTSW,1200,0.62,0.6,0.62,0.6,1641531600000000000,3
BZ,4214370,35.48,36.92,37.15,34.84,1641531600000000000,22434
BZFD,105984,5.05,4.98,5.17,4.88,1641531600000000000,874
BZFDW,9465,0.41,0.4349,0.4999,0.41,1641531600000000000,52
BZH,466682,21.91,20.97,22.06,20.91,1641531600000000000,5296
BZQ,74681,19.99,19.33,19.99,19.23,1641531600000000000,463
BZUN,1963145,13.74,14.03,14.52,13.73,1641531600000000000,18767
C,26418165,65.18,65.78,66.545,65.18,1641531600000000000,168411
CpJ,49371,27.07,27.2802,27.29,27.06,1641531600000000000,364
CpK,129235,27.49,27.73,27.75,27.415,1641531600000000000,783
CpN,37233,27.55,27.48,27.61,27.46,1641531600000000000,324
CAAP,72422,5.8176,5.8,5.9,5.655,1641531600000000000,668
CAAS,19074,2.74,2.65,2.74,2.65,1641531600000000000,109
CABA,169952,3.81,3.47,3.89,3.45,1641531600000000000,1437
CABO,23405,1680.54,1669,1691.7,1650.2,1641531600000000000,2227
CAC,34650,50.7,51.63,51.75,48.02,1641531600000000000,782
CACC,35645,639.05,632.96,644.4675,629.0306,1641531600000000000,1807
CACG,5282,48.8,48.3144,48.8,48.12,1641531600000000000,60
CACI,74002,271.48,273.18,275.3,269.99,1641531600000000000,2576
CADE,1746259,32.95,33.42,33.62,32.77,1641531600000000000,14142
CADEpA,2407,25.93,26.11,26.1499,25.93,1641531600000000000,15
CADL,15992,6.97,6.75,7.34,6.54,1641531600000000000,250
CAE,151461,25.3,25.5,25.61,25.16,1641531600000000000,1938
CAF,18456,20.25,20.16,20.25,20.11,1641531600000000000,198
CAG,6222625,33.66,34.75,35.005,33.62,1641531600000000000,49482
CAH,3589104,52.62,54.24,54.39,52.57,1641531600000000000,32516
CAJ,134529,24.21,24.16,24.21,24.02,1641531600000000000,1282
CAKE,820702,38.9,38.93,39.94,38.35,1641531600000000000,10903
CAL,447249,22.86,22.58,23.03,22.45,1641531600000000000,6308
CALA,441691,0.615,0.6009,0.6299,0.5903,1641531600000000000,896
CALB,3580,20.42,20.56,20.8,20.1203,1641531600000000000,201
CALF,186889,43.11,42.54,43.3574,42.481,1641531600000000000,797
CALM,452797,38.94,38.88,39.42,38.66,1641531600000000000,4360
CALT,30040,23.53,23.23,23.73,23.15,1641531600000000000,319
CALX,1062255,66.38,59.74,66.69,59.7,1641531600000000000,12086
CAMP,508064,6.8,6.56,7.01,6.52,1641531600000000000,3971
CAMT,183626,43.43,41.66,43.91,41.29,1641531600000000000,3768
CAN,2619597,4.57,4.67,4.76,4.46,1641531600000000000,13493
CANE,197858,8.92,8.88,8.94,8.87,1641531600000000000,185
CANF,554028,1.3,1.28,1.335,1.2738,1641531600000000000,1272
CANG,85175,3.29,3.22,3.3335,3.21,1641531600000000000,944
CANO,5595408,8.25,7.68,8.25,7.325,1641531600000000000,26856
CANO.WS,164477,2.06,1.92,2.07,1.775,1641531600000000000,604
CAPE,17972,22.69,22.705,22.7481,22.6251,1641531600000000000,110
CAPL,62049,19.95,20.06,20.19,19.78,1641531600000000000,657
CAPR,72904,3.03,3.02,3.0785,2.9501,1641531600000000000,345
CAR,515446,200.48,197.06,202.06,194.31,1641531600000000000,10796
CARA,431892,11.73,11.76,11.98,11.62,1641531600000000000,3460
CARE,37721,15.96,16.1,16.17,15.89,1641531600000000000,558
CARG,1481883,33.83,32.58,34.37,32.475,1641531600000000000,16057
CARR,4092669,53.33,51.84,53.83,51.83,1641531600000000000,36096
CARS,284562,16.22,15.93,16.53,15.92,1641531600000000000,3643
CARV,44352,8.2,7.9,8.45,7.87,1641531600000000000,524
CARZ,21078,63.83,63.1484,63.83,62.5997,1641531600000000000,223
CAS,57808,9.97,9.96,9.97,9.955,1641531600000000000,26
CASA,127677,5.37,5.26,5.475,5.2,1641531600000000000,1607
CASH,252052,61.82,62.17,62.71,61.6,1641531600000000000,3560
CASI,392634,0.76,0.7717,0.79,0.76,1641531600000000000,1990
CASS,41549,41,40.77,41.335,40.3455,1641531600000000000,903
CASY,183384,197.32,196.53,198.5102,194.83,1641531600000000000,6124
CAT,3664484,222.5,224.19,225.97,222.23,1641531600000000000,60662
CATC,4699,92,91.82,92.1,91,1641531600000000000,434
CATH,109189,58.13,57.71,58.13,57.71,1641531600000000000,404
CATO,73110,17.27,17.09,17.34,16.98,1641531600000000000,1741
CATY,276826,45.9,46.3,46.459,45.5,1641531600000000000,4267
CB,1892553,197.66,201.19,201.32,196.13,1641531600000000000,25415
CBAN,8651,17.75,17.97,17.99,17.75,1641531600000000000,274
CBAT,1299263,1.39,1.39,1.44,1.35,1641531600000000000,4907
CBAY,131407,3.33,3.31,3.44,3.28,1641531600000000000,1800
CBD,962923,3.45,3.4,3.488,3.39,1641531600000000000,4650
CBFV,3704,24.25,24.37,24.37,24.03,1641531600000000000,96
CBH,39376,10.02,10.09,10.18,9.95,1641531600000000000,235
CBIO,304288,0.86,0.8363,0.881599,0.8321,1641531600000000000,1014
CBL,50300,29.87,28.77,29.99,28.63,1641531600000000000,659
CBLS,45,23.6191,23.6191,23.6191,23.6191,1641531600000000000,2
CBNK,9742,26.07,26.01,26.15,25.48,1641531600000000000,401
CBOE,535884,125.08,124.17,125.37,123.25,1641531600000000000,9828
CBON,15623,24.61,24.585,24.61,24.56,1641531600000000000,146
CBRE,1020025,105.06,104.78,106.33,104.54,1641531600000000000,14372
CBRGW,11965,0.5601,0.619899,0.619899,0.5,1641531600000000000,34
CBRL,298331,135,136.42,138.39,134.65,1641531600000000000,7853
CBSE,302,26.3942,26.3942,26.3942,26.3942,1641531600000000000,13
CBSH,377809,72.4,73.37,73.48,71.85,1641531600000000000,6177
CBT,360769,57.79,58.51,58.77,57.76,1641531600000000000,4590
CBTG,1793,15.74,15.6642,15.74,15.6642,1641531600000000000,15
CBTX,40316,30.54,30.38,30.72,30.25,1641531600000000000,1360
CBU,296976,77.63,77.22,77.78,76.61,1641531600000000000,3588
CBZ,148822,39.94,38.23,39.94,38.15,1641531600000000000,2320
CC,1064059,35.75,36.03,36.33,35.54,1641531600000000000,11590
CCAC,345737,10.03,10.03,10.045,10.03,1641531600000000000,772
CCAC.WS,281196,0.6192,0.696,0.7492,0.5897,1641531600000000000,278
CCAI,12565,9.66,9.74,9.74,9.66,1641531600000000000,85
CCAIU,1420,9.95,9.95,9.95,9.93,1641531600000000000,10
CCAIW,3604,0.499899,0.4983,0.5049,0.4983,1641531600000000000,19
CCAP,80304,18.02,17.95,18.1699,17.93,1641531600000000000,580
CCB,65825,52.78,53.23,53.9881,52.51,1641531600000000000,1027
CCBG,25684,27.79,27.3,28.06,27.25,1641531600000000000,493
CCCC,303225,28.99,27.11,29.62,26.39,1641531600000000000,4479
CCCS,345523,10.46,10.22,10.55,10.06,1641531600000000000,2550
CCD,43129,30.14,30,30.4578,29.51,1641531600000000000,366
CCEL,7477,11.71,11.45,11.71,11.45,1641531600000000000,115
CCEP,936582,57.5,57.83,58.16,57.28,1641531600000000000,11872
CCF,13278,101.44,98.9,102.342,98.9,1641531600000000000,731
CCI,2247102,192.69,194.73,197.23,191.26,1641531600000000000,32150
CCJ,6509642,23.11,23.67,23.8065,22.44,1641531600000000000,48828
CCK,602295,110.36,109.54,110.37,109.49,1641531600000000000,8238
CCL,37007440,21.35,21.9,22.29,21.12,1641531600000000000,156823
CCLP,19525,1.3,1.32,1.33,1.3,1641531600000000000,147
CCM,4653,1.97,2,2.04,1.95,1641531600000000000,40
CCMP,207712,189.49,189.46,191.49,188.355,1641531600000000000,4313
CCNC,149248,1,1,1.02,0.98,1641531600000000000,334
CCNE,19224,27.39,27.79,27.85,27.28,1641531600000000000,463
CCNEP,2172,27.95,27.4,28,27.4,1641531600000000000,21
CCO,1534507,3.05,3.2,3.205,3.025,1641531600000000000,6540
CCOI,200500,69.13,69.13,69.9386,69.01,1641531600000000000,5149
CCOR,139568,30.965,31.0798,31.12,30.965,1641531600000000000,117
CCRD,16761,37.37,37.39,37.67,37,1641531600000000000,382
CCRN,253451,26.44,25.95,27.07,25.92,1641531600000000000,4280
CCRV,1607,22.89,23.04,23.04,22.89,1641531600000000000,45
CCS,357265,75.89,70.88,75.89,70.84,1641531600000000000,6281
CCSI,63816,56.52,56.8,58.76,55.29,1641531600000000000,2268
CCTS,10881,9.9,10.1,10.19,9.9,1641531600000000000,47
CCTSW,1629,0.56,0.4748,0.56,0.4748,1641531600000000000,6
CCU,74598,16.195,16.15,16.3,16.09,1641531600000000000,1174
CCV,27290,9.79,9.8,9.8,9.7702,1641531600000000000,110
CCV.WS,114719,1.005,1.04,1.04,1,1641531600000000000,122
CCVI,21540,9.78,9.78,9.78,9.76,1641531600000000000,66
CCVI.U,11063,9.95,9.99,9.99,9.95,1641531600000000000,33
CCVI.WS,27942,0.99,0.97,0.9901,0.9401,1641531600000000000,50
CCXI,1410604,39.08,36.6,40.07,36.53,1641531600000000000,16065
CCZ,1766,62.78,62.7,63.5016,62.55,1641531600000000000,32
CD,2701021,5.58,5.68,5.99,5.52,1641531600000000000,13116
CDAK,59397,10.1,10.09,10.22,9.5,1641531600000000000,1762
CDAQ,6991,9.65,9.66,9.66,9.65,1641531600000000000,49
CDAQW,300,0.71,0.71,0.71,0.71,1641531600000000000,1
CDAY,1267488,89.93,89.57,90.51,87.66,1641531600000000000,15116
CDC,102020,70.71,71.22,71.4,70.52,1641531600000000000,545
CDE,3628763,4.82,4.85,4.94,4.735,1641531600000000000,14064
CDEV,4706245,7.14,6.96,7.16,6.9201,1641531600000000000,20984
CDK,552945,42.02,42.4,42.54,41.86,1641531600000000000,8913
CDL,11014,61.87,62.62,62.73,61.87,1641531600000000000,139
CDLX,187449,62.54,61.08,65.4,61,1641531600000000000,5006
CDMO,469839,23.29,22.21,23.57,22.17,1641531600000000000,5130
CDNA,620710,39.9,39.07,41.39,38.845,1641531600000000000,9452
CDNS,1590212,171.55,166.02,172.64,165.93,1641531600000000000,28081
CDR,60099,24.2,24.72,24.88,23.8809,1641531600000000000,1206
CDRpB,315,25.56,25.49,25.56,25.49,1641531600000000000,6
CDRpC,8156,25,25.01,25.1802,24.95,1641531600000000000,73
CDRE,51314,21.59,21.01,23.05,20.7,1641531600000000000,1018
CDRO,24681,6.95,7.45,7.56,6.35,1641531600000000000,336
CDROW,108079,0.94,0.96,0.96,0.895,1641531600000000000,112
CDTX,1359312,1.14,1.07,1.155,1.02,1641531600000000000,2227
CDW,1119455,205.9,198.38,206.54,198.33,1641531600000000000,20495
CDXC,311225,3.49,3.31,3.5,3.3,1641531600000000000,2661
CDXS,644376,26.75,25.61,27.7,25.52,1641531600000000000,5874
CDZI,152507,4.04,4.08,4.1214,4,1641531600000000000,1438
CDZIP,4398,16.9,16.77,16.9421,16.75,1641531600000000000,32
CE,689698,172.98,172.07,173.15,171.025,1641531600000000000,11096
CEA,5397,19.45,19.45,19.8064,19.45,1641531600000000000,96
CECE,29043,6.29,6.21,6.33,6.21,1641531600000000000,407
CEE,27840,25.6684,25.45,25.89,24.35,1641531600000000000,147
CEF,419547,17.4,17.33,17.4199,17.2501,1641531600000000000,1854
CEFD,1625,31.7,31.709,31.71,31.63,1641531600000000000,18
CEFS,14289,20.52,20.7288,20.77,20.52,1641531600000000000,115
CEI,10752344,0.84,0.8245,0.853,0.82,1641531600000000000,21817
CEIX,242271,23.76,23.52,24.5,23.51,1641531600000000000,4239
CELC,10376,12.55,12.67,12.95,12.55,1641531600000000000,393
CELGr,30532,0.192,0.18,0.192,0.18,1641531600000000000,16
CELH,1730333,61.18,54.6,61.32,54.18,1641531600000000000,28467
CELP,12824,1.19,1.23,1.2393,1.19,1641531600000000000,45
CELU,33181,4.83,4.6,4.9,4.6,1641531600000000000,453
CELUW,12872,0.7798,0.68,0.7798,0.6502,1641531600000000000,25
CELZ,4485448,3.03,3.21,3.61,2.94,1641531600000000000,8131
CEM,58731,28.98,29.16,29.3,28.801,1641531600000000000,481
CEMB,74262,50.54,50.54,50.56,50.4601,1641531600000000000,649
CEMI,364103,1.09,1.08,1.14,1.08,1641531600000000000,1183
CEN,46824,14.83,15.14,15.31,14.66,1641531600000000000,461
CENQ,1885,9.92,9.93,9.93,9.915,1641531600000000000,16
CENQW,16900,0.41,0.3999,0.41,0.3802,1641531600000000000,37
CENT,34347,51.19,50.21,51.19,50.15,1641531600000000000,952
CENTA,122093,46.17,45.84,46.62,45.65,1641531600000000000,2650
CENX,836011,17.24,17.54,17.85,17.22,1641531600000000000,9191
CEPU,80876,3.01,3.07,3.13,3.01,1641531600000000000,509
CEQP,299298,28.25,28.56,28.74,28.24,1641531600000000000,2680
CEQPp,133951,9.59,9.6,9.74,9.56,1641531600000000000,343
CERE,339896,32.13,30.94,32.92,30.8,1641531600000000000,5382
CERN,5404059,92.42,92.32,92.64,92.19,1641531600000000000,38776
CERS,1932426,6.18,6.01,6.41,5.99,1641531600000000000,12878
CERT,906561,25.73,25.49,26.43,25.31,1641531600000000000,10424
CET,50667,44,44.02,44.3908,43.75,1641531600000000000,339
CETX,161929,0.87,0.8595,0.9198,0.84,1641531600000000000,407
CETXW,17200,0.0574,0.0573,0.0574,0.0573,1641531600000000000,9
CEV,9815,13.78,13.67,13.788,13.66,1641531600000000000,97
CEVA,96582,40.8,38.94,41.895,38.825,1641531600000000000,2145
CEW,1921,17.23,17.25,17.25,17.21,1641531600000000000,17
CEY,460,23.59,23.5641,23.6,23.5641,1641531600000000000,8
CF,1763371,69.25,69.14,70.18,68.97,1641531600000000000,21664
CFA,4957,76.69,76.31,76.69,76.31,1641531600000000000,84
CFB,55973,16.395,16.02,16.395,15.885,1641531600000000000,891
CFCV,4866,35.82,35.8499,35.8499,35.81,1641531600000000000,5
CFFE,3627,9.98,9.98,9.99,9.98,1641531600000000000,42
CFFEW,17441,0.821,0.7402,0.83,0.702,1641531600000000000,77
CFFI,1591,52.98,52.98,52.98,52.98,1641531600000000000,50
CFFN,550755,11.68,11.68,11.72,11.59,1641531600000000000,5037
CFFSU,38892,10.05,10.05,10.06,10.02,1641531600000000000,44
CFG,4173207,53.93,54.22,54.46,53.42,1641531600000000000,46727
CFGpD,16984,27.02,27.36,27.38,26.98,1641531600000000000,236
CFGpE,58500,25.92,26.17,26.23,25.8501,1641531600000000000,313
CFIV,13577,9.8,9.8,9.83,9.8,1641531600000000000,44
CFLT,2528598,66.96,67.11,70.41,64.12,1641531600000000000,34693
CFMS,999025,0.7102,0.7099,0.7299,0.6911,1641531600000000000,3509
CFO,26880,76.4821,76.41,76.7191,76.41,1641531600000000000,397
CFR,220502,133.78,135.57,135.92,133.11,1641531600000000000,5623
CFRpB,14927,25.05,25.16,25.24,25.01,1641531600000000000,122
CFRX,172000,2.61,2.54,2.69,2.47,1641531600000000000,1150
CFV,1658,9.96,9.8348,10.2,9.8348,1641531600000000000,42
CFVI,1977686,11.89,11.62,12.0999,11.56,1641531600000000000,8728
CFVIU,7471,12.79,12.31,12.79,12.31,1641531600000000000,42
CFVIW,174508,3.09,2.85,3.09,2.81,1641531600000000000,635
CFX,686533,45.13,44.8,45.44,44.52,1641531600000000000,8165
CFXA,1317,181.42,181.24,181.42,180.81,1641531600000000000,61
CG,987259,51.46,51.02,51.93,50.85,1641531600000000000,12238
CGA,5854,9.03,9.265,9.69,9.03,1641531600000000000,180
CGABL,26996,25.09,25.15,25.19,25,1641531600000000000,250
CGAU,42591,8.21,8.11,8.31,7.97,1641531600000000000,445
CGBD,230117,13.89,14.16,14.17,13.86,1641531600000000000,1890
CGC,7145320,8.23,8.52,8.78,8.19,1641531600000000000,38234
CGEM,137841,15.65,14.69,15.89,14.41,1641531600000000000,2706
CGEN,597802,4.12,4.13,4.34,4.065,1641531600000000000,5622
CGNT,542239,14.63,14.31,14.98,14.3,1641531600000000000,5898
CGNX,865159,72.62,71.48,73.1565,70.62,1641531600000000000,16852
CGO,37336,15.33,15.37,15.43,15.13,1641531600000000000,266
CGRN,116501,3.34,3.29,3.49,3.2101,1641531600000000000,769
CGTX,117444,6.23,5.75,6.44,5.6,1641531600000000000,629
CGW,150779,58.35,58.25,58.47,58.0725,1641531600000000000,1370
CHAA,150101,9.74,9.72,9.74,9.72,1641531600000000000,3
CHAA.WS,56817,0.5517,0.538,0.5539,0.51,1641531600000000000,25
CHAD,75401,16.82,16.7055,16.85,16.69,1641531600000000000,438
CHAU,33393,37.75,38.18,38.18,37.5,1641531600000000000,358
CHB,1784,13.52,13.58,13.7,13.52,1641531600000000000,9
CHCI,14404,4.59,4.5,4.67,4.5,1641531600000000000,128
CHCO,44420,86.21,85.99,86.21,85.69,1641531600000000000,1162
CHCT,95109,47.63,47.52,47.95,47.425,1641531600000000000,1521
CHD,1950622,102.71,103.6,104.39,102.42,1641531600000000000,25235
CHDN,188213,225.98,230.92,233.01,225.98,1641531600000000000,5231
CHE,49021,501.83,496.19,503.6,496,1641531600000000000,3097
CHEF,339586,33.15,31.81,33.5,31.78,1641531600000000000,4560
CHEK,741815,0.65,0.659,0.68,0.621,1641531600000000000,1387
CHEKZ,6333,0.1496,0.131,0.1588,0.131,1641531600000000000,20
CHGG,2568329,29.41,29.55,30.58,29.27,1641531600000000000,20163
CHGX,10028,34.18,33.8,34.18,33.76,1641531600000000000,119
CHH,336741,154.96,154.27,157,153.19,1641531600000000000,8843
CHI,129829,14.5,14.69,14.74,14.5,1641531600000000000,589
CHIC,1823,20,19.8448,20,19.79,1641531600000000000,24
CHIE,1603,12.1501,12.18,12.21,12.15,1641531600000000000,30
CHIH,857,20.36,20.25,20.36,20.05,1641531600000000000,15
CHII,758,16.53,16.535,16.57,16.53,1641531600000000000,17
CHIK,25377,25.87,25.99,26.19,25.87,1641531600000000000,63
CHIM,129,23.7099,23.6566,23.7099,23.6566,1641531600000000000,6
CHIQ,1278454,24.7,24.82,25.06,24.55,1641531600000000000,4551
CHIR,6923,10.86,11.31,11.395,10.86,1641531600000000000,80
CHIS,562,27.6194,27.31,27.6194,27.31,1641531600000000000,27
CHIU,2223,18.66,18.54,18.66,18.54,1641531600000000000,25
CHIX,393149,14.43,14.5,14.5399,14.43,1641531600000000000,267
CHK,1212864,67.28,69.3,69.69,66.72,1641531600000000000,13625
CHKEL,83708,34.67,36.86,36.86,34.5,1641531600000000000,567
CHKEW,510,42.46,43.79,43.79,42.46,1641531600000000000,8
CHKEZ,78110,38,39.55,39.55,38,1641531600000000000,19
CHKP,1548778,115.65,119.5,119.93,115.24,1641531600000000000,21360
CHLD,259,9.71,9.715,9.715,9.7099,1641531600000000000,5
CHMG,331,45.75,45.75,45.75,45.75,1641531600000000000,42
CHMI,101233,8.38,8.42,8.47,8.34,1641531600000000000,852
CHMIpA,6000,25.4,25.46,25.5112,25.364,1641531600000000000,55
CHMIpB,10729,25.07,25.1,25.34,24.96,1641531600000000000,103
CHN,24086,18.39,18.33,18.4502,18.25,1641531600000000000,154
CHNA,167,24.645,24.645,24.645,24.645,1641531600000000000,7
CHNG,1393230,21.07,21.1,21.18,20.74,1641531600000000000,8723
CHNR,930862,0.695,1.06,1.06,0.695,1641531600000000000,1615
CHPM,19006,10.12,10.11,10.12,10.11,1641531600000000000,67
CHPMU,101,10.4,10.4,10.4,10.4,1641531600000000000,2
CHPMW,18280,0.4199,0.43,0.43965,0.4199,1641531600000000000,42
CHPT,8600690,17.37,16.89,17.8,16.86,1641531600000000000,71102
CHRA,45371,5.36,5.33,5.49,5.09,1641531600000000000,306
CHRB,4680,24.245,24.36,24.38,24.1875,1641531600000000000,53
CHRS,687535,15.03,14.67,15.105,14.46,1641531600000000000,8126
CHRW,1321380,110.74,108.43,110.74,107.98,1641531600000000000,19859
CHS,1998818,5.12,4.88,5.16,4.8,1641531600000000000,11359
CHSCL,33424,28.51,28.5001,28.57,28.42,1641531600000000000,211
CHSCM,19301,27.48,27.6,27.6308,27.44,1641531600000000000,170
CHSCN,20801,27.37,27.3403,27.5,27.25,1641531600000000000,191
CHSCO,24883,28.24,28.28,28.3891,28.15,1641531600000000000,135
CHSCP,8233,30.9,30.9,31,30.7969,1641531600000000000,72
CHT,68956,41.66,41.7,41.86,41.64,1641531600000000000,1090
CHTR,1468414,630.89,610.49,630.89,609.7,1641531600000000000,33677
CHUY,100986,30.12,29.6,30.375,29.6,1641531600000000000,1804
CHW,175928,9.83,9.84,9.87,9.73,1641531600000000000,874
CHWAU,1447,10.19,10.19,10.19,10.19,1641531600000000000,5
CHWAW,2700,0.4625,0.4551,0.4625,0.4551,1641531600000000000,8
CHWY,8083071,50.79,48.52,51.25,48.03,1641531600000000000,71455
CHX,1582463,22.7,22.89,23.14,22.585,1641531600000000000,13870
CHY,103291,15.51,15.63,15.83,15.36,1641531600000000000,502
CI,2039354,227.14,233.18,234.09,225.2001,1641531600000000000,32877
CIA,28503,5.35,5.31,5.4234,5.29,1641531600000000000,325
CIAN,57876,10.88,10.29,11.28,10.06,1641531600000000000,1294
CIB,204933,30.45,30.6,30.919,30.45,1641531600000000000,2301
CIBR,612080,49.47,49.28,50.075,48.9731,1641531600000000000,4896
CID,1213,32.8499,32.957,32.96,32.8499,1641531600000000000,13
CIDM,1774288,1.14,1.12,1.1741,1.11,1641531600000000000,3784
CIEN,1327700,74.63,73.05,75.31,72.94,1641531600000000000,16958
CIF,53896,2.63,2.61,2.6553,2.61,1641531600000000000,137
CIFR,569177,4.32,3.98,4.36,3.94,1641531600000000000,4580
CIFRW,36526,1.12,0.972,1.18,0.97,1641531600000000000,84
CIG,7915128,2.195,2.2,2.245,2.165,1641531600000000000,13014
CIG.C,115566,2.96,3.1,3.1,2.93,1641531600000000000,379
CIGI,70450,142.03,141.95,143.03,140.9101,1641531600000000000,1795
CIH,3000,1.01,1.05,1.05,1.0001,1641531600000000000,61
CII,86485,21.71,21.57,21.88,21.57,1641531600000000000,453
CIIG,2728,9.92,9.92,9.92,9.91,1641531600000000000,28
CIIGU,866,10.36,10.35,10.36,10.35,1641531600000000000,4
CIIGW,540,0.8,0.8,0.8,0.8,1641531600000000000,8
CIK,195097,3.46,3.43,3.4699,3.43,1641531600000000000,480
CIL,66864,44.94,45.0259,45.0259,44.89,1641531600000000000,23
CIM,1492067,15.11,15.06,15.18,15.01,1641531600000000000,8060
CIMpA,5654,25.36,25.34,25.36,25.255,1641531600000000000,73
CIMpB,17557,25.17,25.26,25.315,25.15,1641531600000000000,117
CIMpC,3595,25.13,25.14,25.201,25.1,1641531600000000000,43
CIMpD,9141,25.231,25.25,25.25,25.15,1641531600000000000,78
CINC,2804992,21,16,22.67,15.116,1641531600000000000,19049
CINF,869388,116.65,118.64,118.99,115.96,1641531600000000000,13980
CING,586277,2.44,2.46,2.5043,2.33,1641531600000000000,1537
CINGW,9794,0.6,0.6,0.611877,0.51,1641531600000000000,53
CINR,6933,16.8999,16.875,16.8999,16.53,1641531600000000000,73
CINT,106358,10.9,11.14,12.06,10.81,1641531600000000000,1244
CIO,597558,21.3,21.24,21.7,21.22,1641531600000000000,5349
CIOpA,9555,25.54,25.66,25.67,25.54,1641531600000000000,69
CION,71656,12.6,12.75,12.85,12.53,1641531600000000000,447
CIR,47942,26.05,25.69,26.19,25.61,1641531600000000000,950
CITEU,146884,10.1,10.09,10.1,10.0705,1641531600000000000,239
CIVB,13234,25.58,25.62,25.87,24.995,1641531600000000000,513
CIVI,474715,56.17,55.15,56.8,54.78,1641531600000000000,6292
CIX,2320,23.0924,22.47,23.0924,22.47,1641531600000000000,180
CIXX,39595,20.93,20.97,21.06,20.79,1641531600000000000,643
CIZ,345,34.03,34.225,34.225,34.03,1641531600000000000,6
CIZN,5048,18.5,18.55,18.825,18.41,1641531600000000000,96
CJJD,174881,0.3699,0.3651,0.3984,0.3602,1641531600000000000,350
CKPT,1423922,2.83,2.73,2.84,2.64,1641531600000000000,4822
CKX,1512,11.5,11.5,11.5,11.5,1641531600000000000,9
CL,2788472,84.78,84.44,84.93,84.11,1641531600000000000,32436
CLAA.U,1350,9.8132,9.91,9.91,9.8032,1641531600000000000,3
CLAQ,2785,9.96,9.95,9.96,9.94,1641531600000000000,16
CLAQR,7659,0.300101,0.300001,0.300101,0.3,1641531600000000000,16
CLAQW,28138,0.570101,0.550201,0.570101,0.5501,1641531600000000000,40
CLAR,95483,26.11,25.47,26.33,25.45,1641531600000000000,2340
CLAS,12762,9.72,9.71,9.72,9.71,1641531600000000000,27
CLAS.U,273,10,10,10,10,1641531600000000000,3
CLAS.WS,4600,0.52,0.528,0.528,0.52,1641531600000000000,5
CLB,261543,25.61,26.18,26.46,25.59,1641531600000000000,4165
CLBK,142178,21.04,21.03,21.13,20.95,1641531600000000000,1315
CLBR,1772,9.65,9.67,9.67,9.6405,1641531600000000000,16
CLBS,918529,0.953,0.9301,0.99,0.92,1641531600000000000,1533
CLBT,233846,7.37,6.84,7.37,6.74,1641531600000000000,2112
CLBTW,151270,1.35,1.22,1.4,1.21,1641531600000000000,497
CLDL,13456,18,17.66,18.205,17.31,1641531600000000000,169
CLDS,9400,24.61,24.5611,25.1,23.4,1641531600000000000,64
CLDT,411825,13.52,13.73,13.95,13.47,1641531600000000000,3095
CLDTpA,529,26.2173,26.51,26.51,26.2173,1641531600000000000,17
CLDX,572913,35.93,36.56,37.35,35.79,1641531600000000000,5697
CLEU,348552,1.29,1.28,1.31,1.2599,1641531600000000000,688
CLF,13600243,23.53,23.34,23.91,23.01,1641531600000000000,71794
CLFD,232294,76.56,71.74,76.56,71.1,1641531600000000000,4329
CLGN,56710,13.83,13.18,14.07,13.12,1641531600000000000,752
CLH,300414,96.89,95.82,97.28,94.745,1641531600000000000,6039
CLIM,7138,9.7618,9.7699,9.77,9.75,1641531600000000000,33
CLIM.U,3472,9.93,9.94,9.95,9.93,1641531600000000000,23
CLIR,56660,1.39,1.44,1.46,1.3435,1641531600000000000,219
CLIX,2141,54.36,54.0039,54.77,53.82,1641531600000000000,57
CLLS,146524,7.85,7.72,8.22,7.71,1641531600000000000,2534
CLM,1302788,14.34,14.33,14.37,14.17,1641531600000000000,4984
CLMA,301,19.21,19.21,19.21,19.21,1641531600000000000,2
CLMT,240963,14.71,15.19,15.5,14.45,1641531600000000000,1679
CLNE,2585047,6.2,6.2,6.265,6.07,1641531600000000000,14061
CLNN,77667,3.97,3.91,4.08,3.79,1641531600000000000,742
CLNNW,500,0.4062,0.44055,0.44055,0.4062,1641531600000000000,4
CLNR,304,25.64,25.64,25.64,25.64,1641531600000000000,3
CLOE,101,10.0049,10.0049,10.0049,10.0049,1641531600000000000,2
CLOER,702,0.4494,0.4494,0.4494,0.4494,1641531600000000000,4
CLOU,1056960,24.41,24.18,24.77,24.04,1641531600000000000,9379
CLOV,22506075,3.31,3.16,3.3899,3.13,1641531600000000000,51639
CLPR,22555,9.74,9.81,9.97,9.66,1641531600000000000,501
CLPS,28995,1.959,2.03,2.04,1.959,1641531600000000000,133
CLPT,235597,10.49,10.31,10.7,10.1,1641531600000000000,2305
CLR,1365171,50.44,49.41,50.7294,48.96,1641531600000000000,15201
CLRB,340024,0.655,0.6898,0.7027,0.654,1641531600000000000,950
CLRG,692,35.41,35.16,35.41,35.16,1641531600000000000,25
CLRM,53961,9.77,9.84,9.84,9.76,1641531600000000000,151
CLRMW,2434,0.59,0.5801,0.59,0.58001,1641531600000000000,13
CLRO,159396,1.4,1.38,1.41,1.35,1641531600000000000,566
CLS,370236,11.41,11.09,11.45,11.08,1641531600000000000,3855
CLSA,69672,26.1,25.82,26.18,25.735,1641531600000000000,65
CLSC,10466,24.64,24.67,24.89,24.64,1641531600000000000,59
CLSD,226433,2.6,2.53,2.66,2.5,1641531600000000000,1332
CLSK,1471153,8.0624,8.14,8.5,7.97,1641531600000000000,12938
CLSM,12597,26.19,26.01,26.3,25.87,1641531600000000000,71
CLSN,333259,0.5275,0.5249,0.54,0.5154,1641531600000000000,735
CLST,7050,13.75,13.72,13.83,13.65,1641531600000000000,72
CLTL,5960,105.61,105.605,105.6175,105.6,1641531600000000000,62
CLVR,171969,2.79,2.67,2.9,2.64,1641531600000000000,1476
CLVRW,158426,0.35,0.35,0.36,0.3199,1641531600000000000,295
CLVS,4802803,2.75,2.55,2.82,2.55,1641531600000000000,15612
CLVT,2543703,23.1,22.37,23.38,22.36,1641531600000000000,21983
CLVTpA,3963,89.55,87.37,89.63,87.27,1641531600000000000,156
CLW,74489,37.6,36.86,37.86,36.83,1641531600000000000,1536
CLWT,18952,2.84,2.8,2.9099,2.77,1641531600000000000,85
CLX,1118671,179.04,179.9,180.57,178.23,1641531600000000000,20548
CLXT,42489,2.22,2.17,2.22,2.1159,1641531600000000000,548
CM,585623,121.555,124.05,124.1,121.44,1641531600000000000,8295
CMA,1432265,94.83,97.07,97.3,94.81,1641531600000000000,21476
CMAX,206056,7.07,7.7,7.76,6.9,1641531600000000000,2121
CMAXW,29319,1.6,1.52,1.6003,1.48,1641531600000000000,95
CMBM,79713,24.34,23.79,24.7591,23.5,1641531600000000000,1506
CMBS,99832,52.49,52.33,52.5352,52.3032,1641531600000000000,560
CMC,1475795,35.71,35.61,36.34,35.2241,1641531600000000000,15604
CMCAU,1000,10.1,10.1,10.1,10.1,1641531600000000000,2
CMCL,66273,11.67,11.31,11.866,10.51,1641531600000000000,528
CMCM,51718,1.34,1.28,1.365,1.28,1641531600000000000,313
CMCO,151803,49.26,49,49.87,48.61,1641531600000000000,2138
CMCSA,16547755,50.35,50.05,50.59,49.97,1641531600000000000,112129
CMCT,9614,8.08,8.08,8.1,7.9721,1641531600000000000,317
CMDY,7327,50.555,50.6672,50.82,50.5001,1641531600000000000,117
CME,928918,225.11,225.04,225.74,222.21,1641531600000000000,17322
CMF,78291,62.01,61.975,62.02,61.95,1641531600000000000,315
CMG,297882,1620.6,1597.81,1650,1596.04,1641531600000000000,18337
CMI,1308247,230,234.35,234.995,229.49,1641531600000000000,22067
CMLS,34691,10.6335,10.91,11.05,10.6335,1641531600000000000,404
CMMB,17990,6.79,6.73,6.99,6.5642,1641531600000000000,211
CMP,334961,55.31,54.96,55.66,53.8277,1641531600000000000,5282
CMPI,9893,2.6,2.58,2.6,2.55,1641531600000000000,99
CMPO,362760,7.57,7.505,7.85,7.03,1641531600000000000,2404
CMPOW,74101,1.25,1.44,1.45,1.25,1641531600000000000,142
CMPR,76968,71.89,70.74,73.18,70.14,1641531600000000000,1731
CMPS,655842,18.19,18.87,19.31,18.03,1641531600000000000,9258
CMPX,83887,3.38,3.26,3.38,3.06,1641531600000000000,1082
CMRE,508999,12.76,12.65,12.96,12.65,1641531600000000000,3982
CMREpB,1274,26,26,26.0112,26,1641531600000000000,14
CMREpC,2225,26.4,26.48,26.48,26.39,1641531600000000000,24
CMREpD,1929,26.8699,26.92,26.92,26.82,1641531600000000000,23
CMREpE,11275,27.09,27.03,27.18,26.94,1641531600000000000,105
CMRX,597379,6.16,6,6.23,5.975,1641531600000000000,3943
CMS,1401293,64.38,65.08,65.36,63.98,1641531600000000000,15663
CMSpB,645,109.345,109.2,109.345,109.2,1641531600000000000,8
CMSpC,62488,24.25,24.35,24.45,24.25,1641531600000000000,424
CMSA,6529,25.92,25.89,26.1073,25.86,1641531600000000000,101
CMSC,5002,26.4555,26.45,26.5183,26.375,1641531600000000000,71
CMSD,43674,26.73,26.74,26.76,26.51,1641531600000000000,421
CMT,2498,8.54,8.67,8.88,8.51,1641531600000000000,54
CMTG,17377,16.75,16.96,17.25,16.75,1641531600000000000,378
CMTL,146232,23.52,23.57,23.8,23.05,1641531600000000000,2159
CMU,39936,4.44,4.47,4.47,4.43,1641531600000000000,134
CN,2114,37.62,37.7454,37.8523,37.62,1641531600000000000,17
CNA,148541,45.67,46.74,46.7925,45.625,1641531600000000000,2002
CNBS,37697,13.14,13.4283,13.633,13.12,1641531600000000000,403
CNC,4364751,76.67,76.34,77.22,75.53,1641531600000000000,37860
CNCE,23192,3.05,3.09,3.19,3.0289,1641531600000000000,296
CNCR,1148,22,21.872,22,21.872,1641531600000000000,44
CND,577310,10.04,10.07,10.13,10.02,1641531600000000000,2139
CND.U,2100,11.04,11.164,11.164,11.04,1641531600000000000,21
CND.WS,10537,2.45,2.36,2.45,2.33,1641531600000000000,102
CNDA,560,9.85,9.75,9.85,9.75,1641531600000000000,6
CNDA.WS,4007,1.05,1.02965,1.05,0.9593,1641531600000000000,48
CNDB.U,108246,10.17,10.18,10.21,10.17,1641531600000000000,197
CNDB.WS,500,0.69,0.699899,0.699899,0.69,1641531600000000000,5
CNDT,1906095,6.16,5.94,6.27,5.87,1641531600000000000,13181
CNET,118288,0.94,0.96,0.97345,0.934,1641531600000000000,352
CNEY,42319,2.55,2.5,2.57,2.5,1641531600000000000,180
CNF,205218,4.33,4.36,4.6,4.17,1641531600000000000,2244
CNFR,5974,2.405,2.4199,2.42,2.3401,1641531600000000000,56
CNFRL,489,24.4,24.39,24.4,24.39,1641531600000000000,4
CNGLU,22263,10.15,10.16,10.16,10.14,1641531600000000000,53
CNHI,5978150,15.97,16.15,16.265,15.94,1641531600000000000,28598
CNI,850609,122.33,123.43,123.755,121.85,1641531600000000000,11020
CNK,2575337,17.11,17.17,17.35,16.912,1641531600000000000,17785
CNM,5237165,25.23,25.45,25.84,25.04,1641531600000000000,30050
CNMD,104179,144.5,142.93,145.48,142.545,1641531600000000000,3133
CNNE,472732,34.63,34.43,35.23,34.33,1641531600000000000,7145
CNO,908554,25.36,25.45,25.68,25.21,1641531600000000000,8110
CNOpA,1129,25.62,26.0301,26.0301,25.62,1641531600000000000,18
CNOB,103220,35.45,35.56,35.64,34.93,1641531600000000000,1729
CNOBP,9458,26.15,26,26.4192,25.998,1641531600000000000,53
CNP,5208416,27.66,27.66,27.945,27.51,1641531600000000000,34909
CNQ,3640623,45.795,47.29,47.34,45.56,1641531600000000000,34454
CNR,792908,17.48,16.58,17.63,16.58,1641531600000000000,7110
CNRG,33668,86.15,86.3,87.255,86,1641531600000000000,461
CNS,68559,90.65,90.9,91.49,90.105,1641531600000000000,1500
CNSL,64602,7.63,7.56,7.71,7.55,1641531600000000000,867
CNSP,670310,0.74,0.7448,0.7497,0.7015,1641531600000000000,1729
CNTA,449715,8.94,8.86,9.1736,8.7201,1641531600000000000,2572
CNTB,449213,4.59,4.61,4.6809,4.4,1641531600000000000,2477
CNTG,10711,4.8046,5.04,5.13,4.8,1641531600000000000,134
CNTQ,1832,9.96,9.98,9.98,9.96,1641531600000000000,16
CNTQU,1372,10.38,10.3409,10.38,10.34,1641531600000000000,17
CNTQW,1552,0.55,0.55,0.55,0.55,1641531600000000000,11
CNTX,671501,2.46,2.53,2.55,2.33,1641531600000000000,2657
CNTY,111072,12.1,11.85,12.451,11.82,1641531600000000000,1326
CNVY,67853,7.77,7.57,7.85,7.53,1641531600000000000,1292
CNX,2711716,14.64,14.65,14.92,14.51,1641531600000000000,18511
CNXC,257953,176.55,164.47,177.79,163.76,1641531600000000000,6940
CNXN,31157,41.96,41.5,42.55,41.5,1641531600000000000,1358
CNXT,14476,45.01,44.86,45.01,44.77,1641531600000000000,155
CNYA,57571,42.04,42.25,42.25,41.93,1641531600000000000,537
CO,34988,4.55,4.51,4.56,4.46,1641531600000000000,267
COCO,267190,10.96,10.91,11.33,10.86,1641531600000000000,3449
COCP,1231179,0.6,0.5946,0.629,0.5814,1641531600000000000,2512
CODA,14061,7.8,7.74,8,7.43,1641531600000000000,356
CODI,308407,28.9,28.61,28.99,28.3409,1641531600000000000,2855
CODIpA,7791,25.58,25.8006,25.8006,25.58,1641531600000000000,70
CODIpB,2726,27.44,27.47,27.47,27.2,1641531600000000000,39
CODIpC,4251,26.75,26.8199,26.82,26.5801,1641531600000000000,49
CODX,540606,9.26,9.28,9.4,9.06,1641531600000000000,3480
COE,78200,1.14,1.1,1.17,1.09,1641531600000000000,388
COF,3271940,150.63,154.69,155.63,149.985,1641531600000000000,50850
COFpI,88454,26.16,26.33,26.34,26.0606,1641531600000000000,673
COFpJ,186169,25.64,25.69,25.7,25.57,1641531600000000000,600
COFpK,14815,25.39,25.43,25.46,25.2775,1641531600000000000,100
COFpL,84630,24.97,25,25.06,24.8618,1641531600000000000,349
COFpN,74692,24.77,24.85,24.8698,24.65,1641531600000000000,361
COFS,1746,26.63,26.08,26.64,26.08,1641531600000000000,57
COGT,167028,8.64,8.33,8.6855,8.31,1641531600000000000,3013
COHN,4407,14.977,14.26,15.038,14.26,1641531600000000000,73
COHR,208466,265.1,264.77,267.31,262.68,1641531600000000000,3126
COHU,355487,37.1483,35.92,38.16,35.89,1641531600000000000,4701
COIN,3292858,233.63,232.33,238.48,227.59,1641531600000000000,82151
COKE,31123,622.19,600,622.19,600,1641531600000000000,2537
COLB,1100386,35.51,36.05,36.13,35.16,1641531600000000000,14830
COLD,3170202,31.02,31,31.49,30.79,1641531600000000000,17655
COLI,26905,9.73,9.75,9.75,9.73,1641531600000000000,170
COLIU,1253,9.9,9.9002,9.9041,9.9,1641531600000000000,13
COLIW,2188,0.7202,0.7202,0.7202,0.7201,1641531600000000000,19
COLL,155871,19.19,19.22,19.44,19.05,1641531600000000000,2709
COLM,522504,94.09,94.28,95.0136,93.1,1641531600000000000,7857
COM,58686,29.21,29.34,29.36,29.17,1641531600000000000,302
COMB,92917,26.04,26.16,26.16,26,1641531600000000000,509
COMM,4728927,11.09,10.84,11.09,10.61,1641531600000000000,16980
COMP,8672820,8.29,8.54,8.56,8.1,1641531600000000000,14084
COMS,758513,0.7162,0.658,0.717,0.6321,1641531600000000000,1886
COMSP,1268,15.8953,15,15.8953,14.85,1641531600000000000,24
COMSW,4346,0.29,0.29,0.304,0.29,1641531600000000000,18
COMT,261063,31.7,31.64,31.73,31.56,1641531600000000000,1534
CONE,3300960,89.4,89.32,89.51,89.3,1641531600000000000,17021
CONN,425663,25.31,24.09,25.73,24.02,1641531600000000000,6281
CONX,159790,9.85,9.81,9.86,9.8,1641531600000000000,281
CONXU,433,10.01,10.03,10.03,10.01,1641531600000000000,4
CONXW,7002,0.89,0.9,0.900101,0.89,1641531600000000000,33
COO,308107,409.03,408.64,414.61,406.445,1641531600000000000,8072
COOK,1334099,10.98,10.78,11.57,10.745,1641531600000000000,7665
COOL,3176,9.77,9.78,9.79,9.77,1641531600000000000,29
COOLU,3105,10,9.99,10,9.98,1641531600000000000,22
COOLW,2172,0.74,0.6513,0.74,0.6513,1641531600000000000,16
COOP,496297,41.43,41.99,42.32,41.43,1641531600000000000,7345
COP,10782126,78.87,80.64,80.93,78.38,1641531600000000000,99372
COPX,320707,36.88,37.56,37.62,36.8346,1641531600000000000,2817
CORN,54729,21.81,22.02,22.02,21.7207,1641531600000000000,420
CORP,46248,111.18,110.96,111.2043,110.79,1641531600000000000,446
CORR,100739,3.68,3.72,3.81,3.68,1641531600000000000,700
CORRpA,7130,21.33,21.42,21.47,21.295,1641531600000000000,63
CORS,93452,9.69,9.69,9.71,9.65,1641531600000000000,131
CORS.U,3699,9.95,9.95,9.95,9.95,1641531600000000000,10
CORS.WS,1733,0.815,0.7651,0.815,0.7651,1641531600000000000,12
CORT,475602,19.28,18.95,19.58,18.85,1641531600000000000,6924
COST,2312923,547.55,536.18,548.365,534.24,1641531600000000000,72458
COTY,4643020,10.24,10.04,10.38,10.02,1641531600000000000,24276
COUP,1604100,141.65,137.61,146.6,136.5,1641531600000000000,25333
COUR,645849,23.78,23.22,24.29,23.091,1641531600000000000,8553
COVA,2585,9.76,9.75,9.76,9.75,1641531600000000000,22
COVAU,390,10,10,10,10,1641531600000000000,5
COVAW,725,0.509951,0.5199,0.5199,0.509951,1641531600000000000,5
COW,8007,37.27,37.0976,37.335,36.93,1641531600000000000,111
COWN,192478,35.39,35.74,36.1,35.39,1641531600000000000,3521
COWNL,2417,26.68,26.84,26.87,26.68,1641531600000000000,20
COWZ,853197,47.59,47.64,47.84,47.42,1641531600000000000,2618
CP,5846366,73.86,75.73,76.03,73.56,1641531600000000000,48654
CPA,669951,81.14,83.16,83.55,80.08,1641531600000000000,8272
CPAC,20866,6.3,6.48,6.56,6.3,1641531600000000000,146
CPAR,5762,9.7202,9.82,9.82,9.72,1641531600000000000,61
CPARU,1228,10.1,9.94,10.1,9.94,1641531600000000000,18
CPARW,11860,0.8101,0.8001,0.82,0.7725,1641531600000000000,45
CPB,3626418,45.16,45.85,46.325,44.98,1641531600000000000,34561
CPE,1139673,54.22,51.94,54.43,51.83,1641531600000000000,11794
CPER,139417,26.63,26.89,26.94,26.5701,1641531600000000000,750
CPF,176052,29.99,30.35,30.43,29.69,1641531600000000000,1746
CPG,6921708,6.06,6.11,6.1862,5.91,1641531600000000000,12719
CPHI,128442,0.4214,0.418,0.438899,0.4001,1641531600000000000,397
CPI,640,27.52,27.465,27.52,27.465,1641531600000000000,23
CPIX,74858,4.21,4.27,4.335,4.16,1641531600000000000,554
CPK,57002,138.98,139.08,140.05,138.66,1641531600000000000,1431
CPLG,1010439,15.66,15.65,15.67,15.65,1641531600000000000,3804
CPLP,82420,15.88,15.98,16.27,15.88,1641531600000000000,697
CPNG,6464257,25.63,25.97,26.295,25.55,1641531600000000000,38733
CPOP,704640,2.29,2.22,2.5376,2.22,1641531600000000000,1984
CPRI,1414067,65.54,61.84,65.77,61.81,1641531600000000000,15887
CPRT,848796,140.68,136.41,140.68,136.3,1641531600000000000,15911
CPRX,661110,6.6,6.56,6.73,6.49,1641531600000000000,6271
CPS,90832,25.34,25.08,26.25,25.06,1641531600000000000,1933
CPSH,104067,3.56,3.65,3.6868,3.5,1641531600000000000,767
CPSI,88257,28.89,28.9,29.13,28.43,1641531600000000000,2053
CPSR,133793,9.95,9.73,9.95,9.41,1641531600000000000,645
CPSR.U,4839,10.03,9.89,10.03,9.74,1641531600000000000,31
CPSR.WS,213607,0.54395,0.51,0.54395,0.5,1641531600000000000,298
CPSS,164157,11.83,11.29,11.83,11.0545,1641531600000000000,2310
CPT,932165,170.03,166.89,170.24,166.63,1641531600000000000,13988
CPTAG,3957,25.39,25.3663,25.4,25.3,1641531600000000000,30
CPTAL,582,25.495,25.4145,25.495,25.4145,1641531600000000000,4
CPTK,3378,9.9,9.88,9.9,9.85,1641531600000000000,37
CPTK.U,258,10.09,10.09,10.09,10.09,1641531600000000000,2
CPUH,156084,9.76,9.77,9.77,9.76,1641531600000000000,223
CPUH.U,13970,9.94,9.98,9.9871,9.94,1641531600000000000,50
CPUH.WS,40610,0.83,0.85,0.850101,0.83,1641531600000000000,87
CPZ,54556,19.72,19.91,20.04,19.6683,1641531600000000000,287
CQP,89742,44.1,44.54,44.6988,44.1,1641531600000000000,1411
CQQQ,196650,58.89,59.19,59.77,58.69,1641531600000000000,2292
CR,211572,104.49,104.84,105.98,103.58,1641531600000000000,4220
CRAI,26336,91.56,91.43,92.5,90.85,1641531600000000000,854
CRAK,4689,28.86,28.9791,28.99,28.805,1641531600000000000,36
CRBN,32957,171.34,171.28,171.92,170.64,1641531600000000000,317
CRBP,761255,0.5697,0.5591,0.5759,0.5526,1641531600000000000,3180
CRBU,465843,12.93,13.01,13.26,12.61,1641531600000000000,5294
CRC,490621,43.33,43.18,44.2223,42.65,1641531600000000000,5602
CRCT,222487,23.01,23.37,23.49,22.98,1641531600000000000,2735
CRD.A,28775,7.8,7.88,8.01,7.8,1641531600000000000,240
CRD.B,3595,7.81,7.95,7.98,7.77,1641531600000000000,45
CRDF,340420,6.3,6.34,6.57,6.26,1641531600000000000,3373
CRDL,143255,1.72,1.69,1.74,1.68,1641531600000000000,949
CREG,122297,6,6.43,6.48,5.9102,1641531600000000000,713
CRESW,8150,0.2,0.191201,0.24,0.191201,1641531600000000000,32
CRESY,28778,4.57,4.64,4.73,4.57,1641531600000000000,171
CREX,42633,1.46,1.41,1.48,1.4,1641531600000000000,167
CREXW,6800,0.129799,0.1283,0.129799,0.1,1641531600000000000,41
CRF,732001,13.81,13.9,13.92,13.7,1641531600000000000,2987
CRGY,156676,14.26,14.05,14.2861,13.8,1641531600000000000,1730
CRH,442582,52.87,52.96,53.155,52.75,1641531600000000000,7262
CRHC,73648,9.84,9.83,9.85,9.83,1641531600000000000,223
CRHC.WS,207295,0.8,0.7402,0.81,0.74,1641531600000000000,308
CRI,342255,100.15,98.59,100.64,98.52,1641531600000000000,7084
CRIS,3280916,3.64,3.49,3.68,3.41,1641531600000000000,18001
CRK,2039729,8.42,8.57,8.62,8.36,1641531600000000000,11464
CRKN,30165,3.46,3.25,3.6,3.2176,1641531600000000000,204
CRL,548375,333.63,328.68,338.74,328.515,1641531600000000000,12490
CRM,6158937,228.5,228.31,232.28,226.05,1641531600000000000,103278
CRMD,110402,4.78,4.85,4.91,4.74,1641531600000000000,1025
CRMT,47439,103.38,100.84,103.79,100.53,1641531600000000000,2333
CRNC,368413,77.74,79.01,81.75,76.93,1641531600000000000,8323
CRNT,578090,2.48,2.48,2.55,2.47,1641531600000000000,2732
CRNX,144245,26.69,25.33,26.9,25.075,1641531600000000000,2799
CROC,642,49.58,49.5796,49.6,49.5796,1641531600000000000,55
CRON,1798708,3.83,3.9,4.03,3.815,1641531600000000000,9173
CROX,1994590,128.22,125.7,132.73,124.34,1641531600000000000,31872
CRPT,42637,15.77,15.69,16.15,15.4588,1641531600000000000,350
CRS,327178,32.25,32.48,33.67,32.25,1641531600000000000,4718
CRSP,1223437,67.52,67.66,71.42,66.79,1641531600000000000,21418
CRSR,545132,20.39,20.77,21.09,20.34,1641531600000000000,8455
CRT,50571,11.82,12.07,12.22,11.6,1641531600000000000,362
CRTD,296426,2.18,2.18,2.25,2.11,1641531600000000000,1360
CRTDW,7400,0.5008,0.5101,0.559899,0.5008,1641531600000000000,18
CRTO,370826,35.4,35.61,36.62,35.39,1641531600000000000,2882
CRTX,838598,11.89,12.05,12.3631,11.69,1641531600000000000,5901
CRU,29442,9.74,9.75,9.76,9.74,1641531600000000000,47
CRU.U,461,9.9508,9.95,9.955,9.95,1641531600000000000,9
CRU.WS,1745,0.68,0.69,0.69,0.68,1641531600000000000,9
CRUS,387617,89.45,88.17,90.39,87.49,1641531600000000000,7410
CRUZ,33267,21.67,22.15,22.28,21.67,1641531600000000000,234
CRVL,37035,196.52,190.74,196.52,190.2113,1641531600000000000,1171
CRVS,413549,2.1995,2.17,2.3199,2.1211,1641531600000000000,2545
CRWD,3516138,185,188.99,193.27,184.81,1641531600000000000,71040
CRWS,5960,7.27,7.25,7.28,7.25,1641531600000000000,82
CRXT,616391,1.88,1.66,1.9199,1.65,1641531600000000000,1649
CRXTW,2718,0.2447,0.2447,0.245057,0.2446,1641531600000000000,12
CRY,198040,20.93,20.34,21.29,20.105,1641531600000000000,3066
CRZN,1144,9.78,9.79,9.79,9.78,1641531600000000000,12
CRZNW,1559,0.663972,0.6999,0.6999,0.65,1641531600000000000,7
CS,4715747,10.1,10.19,10.2,10.09,1641531600000000000,10753
CSA,458,69.17,68.8263,69.17,68.8263,1641531600000000000,10
CSAN,51017,13.88,14.06,14.1445,13.87,1641531600000000000,706
CSB,8605,62.6597,62.4,62.6597,62.2,1641531600000000000,134
CSBR,2669,8.1113,7.88,8.13,7.88,1641531600000000000,43
CSCO,20102308,60.87,61.13,61.5,60.67,1641531600000000000,124054
CSCW,965436,0.5023,0.4904,0.5023,0.4801,1641531600000000000,2234
CSD,1174,61.6727,61.4445,61.93,61.4445,1641531600000000000,16
CSF,12940,64.85,64.1872,64.86,64.17,1641531600000000000,152
CSGP,2969581,73.65,71.88,73.94,71.66,1641531600000000000,28845
CSGS,383233,58.74,58.26,59.27,56.95,1641531600000000000,2480
CSII,305115,18.53,18.14,18.82,17.96,1641531600000000000,4587
CSIQ,813259,29.44,29.78,30.49,29.27,1641531600000000000,12966
CSL,223476,241.77,238.86,244.3159,238.17,1641531600000000000,7996
CSLT,12408696,2.03,2.03,2.04,2.03,1641531600000000000,7593
CSM,10065,110.24,109.62,110.24,109.58,1641531600000000000,131
CSML,1695,36.5786,36.6361,36.71,36.5786,1641531600000000000,24
CSPI,7569,8.76,8.69,8.89,8.49,1641531600000000000,96
CSPR,1161055,6.69,6.68,6.7,6.67,1641531600000000000,4521
CSQ,172334,18.79,18.72,18.88,18.6,1641531600000000000,848
CSR,37504,104.88,103.26,104.88,103.04,1641531600000000000,1480
CSRpC,60000,26.2,26.25,26.25,26.2,1641531600000000000,2
CSSE,26000,13.51,13.81,13.89,13.51,1641531600000000000,840
CSSEN,1810,25.4463,25.44,25.4491,25.44,1641531600000000000,32
CSSEP,9103,26.75,26.49,26.81,26.49,1641531600000000000,109
CSTA.U,300,10.04,10.04,10.04,10.04,1641531600000000000,1
CSTA.WS,213162,0.66,0.63,0.66,0.63,1641531600000000000,27
CSTE,77349,12.33,12.13,12.49,12.08,1641531600000000000,1107
CSTL,163335,39.48,39.09,40.86,38.99,1641531600000000000,4002
CSTM,446118,18.98,18.69,19.22,18.65,1641531600000000000,5094
CSTR,28664,21.62,21.66,21.91,21.58,1641531600000000000,533
CSV,107365,59.2,57.97,59.46,57.76,1641531600000000000,2444
CSWC,99611,24.9,24.94,25.19,24.72,1641531600000000000,1335
CSWI,50137,126,122.54,126.3115,121.98,1641531600000000000,1556
CSX,9770255,37.58,37.51,37.78,37.33,1641531600000000000,62654
CTApB,955,107.99,107.99,107.99,107.4,1641531600000000000,20
CTAQ,2109,9.77,9.8,9.8,9.77,1641531600000000000,13
CTAQU,2400,9.96,9.9801,9.9801,9.96,1641531600000000000,6
CTAQW,104275,0.6701,0.68,0.7,0.6701,1641531600000000000,33
CTAS,606443,402.49,397.42,402.49,397.39,1641531600000000000,17097
CTBB,35721,25.3,25.3,25.35,25.26,1641531600000000000,249
CTBI,28577,45.87,45.63,46,45.41,1641531600000000000,775
CTDD,22319,25.49,25.45,25.5,25.4309,1641531600000000000,140
CTEC,148582,16.5,16.29,16.68,16.24,1641531600000000000,1013
CTEK,87736,1.46,1.44,1.5,1.3901,1641531600000000000,209
CTEX,1592,36.45,36.0316,36.45,36,1641531600000000000,16
CTG,29965,9.3,9.06,9.3,8.805,1641531600000000000,183
CTGO,335,25.8465,25.8465,25.8465,25.8465,1641531600000000000,9
CTHR,62004,2.7,2.63,2.7323,2.63,1641531600000000000,306
CTIB,76968,1.25,1.23,1.2715,1.2,1641531600000000000,307
CTIC,903016,2.29,2.25,2.33,2.22,1641531600000000000,4183
CTK,458383,0.48,0.4823,0.503,0.48,1641531600000000000,898
CTKB,157399,15.74,15.6,16.09,15.255,1641531600000000000,2751
CTLP,179463,8.59,8.45,8.64,8.4,1641531600000000000,2066
CTLT,2313151,116.88,115.46,118.26,115.23,1641531600000000000,21129
CTMX,666715,4.1,3.89,4.145,3.865,1641531600000000000,5929
CTO,62732,62.67,62.73,63.25,62.41,1641531600000000000,1051
CTOpA,1640,26.535,26.74,26.75,26.535,1641531600000000000,9
CTOS,295529,7.96,7.82,8.06,7.76,1641531600000000000,1548
CTOS.WS,34530,2.29,2.29,2.305,2.2,1641531600000000000,179
CTR,6411,25.8,25.79,25.898,25.5935,1641531600000000000,49
CTRA,8751349,20.805,21.55,21.56,20.5,1641531600000000000,54905
CTRE,496477,23.04,23.07,23.25,22.8549,1641531600000000000,4561
CTRM,923800,1.4446,1.39,1.47,1.38,1641531600000000000,4084
CTRN,288789,84.51,81.1,85.99,78.04,1641531600000000000,5206
CTRU,34991,18.41,18.075,18.499,18.04,1641531600000000000,366
CTS,84524,37,36.29,37.33,36.18,1641531600000000000,1272
CTSH,2728965,88.17,87.42,88.17,86.98,1641531600000000000,31137
CTSO,167198,3.81,3.74,3.86,3.68,1641531600000000000,1406
CTT,219074,8.7,8.85,9.02,8.68,1641531600000000000,2015
CTV,56306,5.65,6.58,6.64,5.64,1641531600000000000,921
CTV.WS,16407,0.9302,0.99,1.085,0.9301,1641531600000000000,43
CTVA,2450988,47.9,48.42,48.8,47.8,1641531600000000000,22467
CTXR,628110,1.58,1.59,1.63,1.5743,1641531600000000000,3140
CTXRW,795,0.43,0.4305,0.4305,0.43,1641531600000000000,11
CTXS,1331890,93.88,95.72,96.45,93.26,1641531600000000000,15332
CUBA,14702,5.62,5.6042,5.62,5.5066,1641531600000000000,40
CUBB,8959,26.64,26.75,26.7999,26.41,1641531600000000000,48
CUBE,4398945,53.89,51.2,53.95,51.01,1641531600000000000,30967
CUBI,775687,72.36,74.71,76.1299,72.05,1641531600000000000,10094
CUBIpE,4560,25.35,25.42,25.43,25.32,1641531600000000000,36
CUBIpF,7021,25.15,25.17,25.1995,25.15,1641531600000000000,21
CUBS,2,26.455,26.455,26.455,26.455,1641531600000000000,2
CUE,164573,10.8,10.54,11.11,10.455,1641531600000000000,2957
CUEN,70817,1.2332,1.23,1.28,1.2263,1641531600000000000,234
CUENW,21802,0.2902,0.2999,0.3146,0.28,1641531600000000000,16
CUK,2301327,19.73,20.17,20.53,19.57,1641531600000000000,17245
CULP,61951,9.89,9.96,10.04,9.55,1641531600000000000,482
CURE,124408,126.45,125.42,127.1899,124.75,1641531600000000000,2484
CURI,346623,5.88,5.87,6.1,5.815,1641531600000000000,3070
CURIW,355,1.31,1.33,1.33,1.31,1641531600000000000,5
CURO,88237,16.54,16.41,16.92,16.33,1641531600000000000,2100
CURV,427305,10.21,10.7,10.84,10.18,1641531600000000000,5889
CUT,5711,37.07,37.22,37.32,37.07,1641531600000000000,204
CUTR,101892,37.72,36.98,37.76,36.89,1641531600000000000,1839
CUZ,985702,41.76,42.15,42.41,41.62,1641531600000000000,8601
CVAC,528416,30.77,30.68,31.84,30.25,1641531600000000000,7332
CVAR,441873,26.19,26.1683,26.19,26.1683,1641531600000000000,3
CVBF,660410,22.67,22.87,22.93,22.46,1641531600000000000,5483
CVCO,62094,301.64,283.08,301.64,283.05,1641531600000000000,2705
CVCY,51577,22.49,22.8,22.8,22.49,1641531600000000000,884
CVE,7659176,13.63,13.71,13.72,13.44,1641531600000000000,39441
CVE.WS,2368,8.97,8.733,8.97,8.733,1641531600000000000,27
CVEO,38220,19.5,20.01,20.22,19.37,1641531600000000000,537
CVET,693760,17.65,17.75,18.09,17.61,1641531600000000000,8278
CVGI,129463,8.4,8.1,8.53,8.02,1641531600000000000,1701
CVGW,64844,43.57,43.72,44.56,43.11,1641531600000000000,2424
CVI,672400,19.4,20,20.09,19.265,1641531600000000000,7346
CVII,298026,9.81,9.79,9.81,9.78,1641531600000000000,547
CVII.U,7889,9.95,9.98,9.9888,9.95,1641531600000000000,49
CVII.WS,30028,0.9698,0.93,0.9698,0.92,1641531600000000000,68
CVLG,153748,23.33,22.49,23.585,22.49,1641531600000000000,2452
CVLT,223879,68.06,66.68,69.25,66.33,1641531600000000000,3993
CVLY,18993,22,22.23,22.275,21.95,1641531600000000000,349
CVM,582084,6.79,6.19,6.83,6.13,1641531600000000000,4809
CVNA,3041158,188.73,184.71,195.98,184.58,1641531600000000000,34692
CVRX,60832,10.78,10.53,10.94,10.49,1641531600000000000,1118
CVS,6822300,102.45,104.19,104.79,101.33,1641531600000000000,76615
CVT,191443,8.08,7.9,8.08,7.6,1641531600000000000,3044
CVU,37790,2.71,2.67,2.71,2.6,1641531600000000000,128
CVV,6541,4.1899,4.21,4.21,4.1,1641531600000000000,76
CVX,14150155,123.55,125.03,125.54,122.95,1641531600000000000,136376
CVY,11820,25.21,25.31,25.32,25.21,1641531600000000000,79
CW,88857,140.01,138.83,140.86,138.75,1641531600000000000,2876
CWAN,278201,20.06,20.14,20.62,19.51,1641531600000000000,3025
CWB,868741,80.04,79.7,80.76,79.66,1641531600000000000,5504
CWBC,4827,13.42,13.65,13.99,13.42,1641531600000000000,39
CWBR,375128,0.3942,0.4029,0.4121,0.39,1641531600000000000,906
CWCO,49975,10.33,10.45,10.56,10.33,1641531600000000000,501
CWEB,3120353,11.98,12.17,12.59,11.81,1641531600000000000,16374
CWEN,375244,34.13,33.86,34.45,33.855,1641531600000000000,5348
CWEN.A,100708,31.56,31.27,31.72,31.24,1641531600000000000,1654
CWH,969637,39.21,38.6,39.74,38.08,1641531600000000000,10989
CWI,412445,29.21,29.34,29.38,29.12,1641531600000000000,1284
CWK,618437,21.94,21.72,22.0838,21.62,1641531600000000000,5712
CWS,2821,51.35,51.3512,51.75,50.99,1641531600000000000,182
CWST,175892,82.86,80.3,83.07,80.27,1641531600000000000,3857
CWT,136447,68.11,67.83,68.39,67.565,1641531600000000000,3223
CX,4215516,6.59,6.55,6.615,6.46,1641531600000000000,13861
CXAC.U,18366440,10.04,10.09,10.09,10.03,1641531600000000000,7419
CXDO,27060,4.74,4.76,4.89,4.68,1641531600000000000,164
CXE,164043,5.02,5,5.05,4.99,1641531600000000000,747
CXH,6438,10.06,9.96,10.06,9.96,1641531600000000000,28
CXM,428733,14.78,14.8,15.17,14.29,1641531600000000000,4774
CXSE,129963,48.16,48.3,48.6122,47.92,1641531600000000000,850
CXW,508407,9.93,10.37,10.42,9.92,1641531600000000000,3914
CYA,462249,23.78,23.6594,23.78,23.5,1641531600000000000,144
CYAD,25230,3.87,3.84,3.9,3.75,1641531600000000000,188
CYAN,43842,3.025,2.99,3.05,2.975,1641531600000000000,173
CYB,22321,26.64,26.685,26.685,26.54,1641531600000000000,103
CYBE,50102,42.7,40.5,43.99,40.5,1641531600000000000,1317
CYBN,1184670,1.05,1.07,1.07,1,1641531600000000000,2288
CYBR,550291,160.59,158.13,163.99,157.14,1641531600000000000,7364
CYCC,95680,3.95,3.91,3.99,3.65,1641531600000000000,637
CYCN,383695,1.54,1.51,1.64,1.49,1641531600000000000,1273
CYD,23297,14.2,14.57,14.6083,14.11,1641531600000000000,386
CYH,1388216,12.875,12.04,12.9,12.04,1641531600000000000,10042
CYN,259716,3.83,3.63,3.8999,3.61,1641531600000000000,1450
CYRN,739171,0.303,0.2998,0.31,0.2911,1641531600000000000,990
CYRX,922180,48.64,45.2,49.1166,45.09,1641531600000000000,14944
CYT,29612,8.37,8.25,9.08,8.12,1641531600000000000,786
CYTH,45533,4.32,4.28,4.38,4.19,1641531600000000000,426
CYTK,3379717,34.45,35.15,37.81,34,1641531600000000000,37779
CYTO,170681,1.71,1.75,1.8,1.7,1641531600000000000,692
CYXT,258691,11.6,11.78,12.04,11.47,1641531600000000000,2711
CYXTW,40178,3,3.1101,3.17,2.98,1641531600000000000,251
CZA,1082,94.75,94.4605,94.75,94.4605,1641531600000000000,35
CZNC,22375,26.61,27.25,27.35,26.21,1641531600000000000,673
CZOO,1598480,4.92,4.69,5.04,4.59,1641531600000000000,5925
CZOO.WS,6702,0.78,0.78,0.8,0.78,1641531600000000000,27
CZR,2336385,86.66,89.66,90.55,86.66,1641531600000000000,30538
CZWI,9020,13.94,14,14,13.94,1641531600000000000,154
D,2752769,78.76,80.21,80.59,78.3,1641531600000000000,32267
DAC,307539,70.5,70.06,72.05,69.8,1641531600000000000,3715
DADA,1013102,10.83,11.47,11.66,10.6193,1641531600000000000,10825
DAIO,17755,4.8005,4.75,4.91,4.75,1641531600000000000,51
DAKT,138002,5.28,5.15,5.3,5.145,1641531600000000000,1197
DAL,13745112,40.72,41.51,41.97,40.44,1641531600000000000,115367
DALN,32191,7.48,7.37,7.51,7.35,1641531600000000000,218
DALS,15192,9.71,9.75,9.75,9.71,1641531600000000000,95
DALT,9704,10.07,10.0943,10.14,10.07,1641531600000000000,51
DAN,920895,24.37,23.93,25.07,23.7036,1641531600000000000,9609
DAO,336064,12.09,12.6,13.069,12.09,1641531600000000000,4490
DAOOU,6462,10.0999,10.09,10.0999,10.09,1641531600000000000,42
DAPP,76462,16.37,16.24,16.728,16.0101,1641531600000000000,818
DAPR,13720,31.55,31.54,31.56,31.49,1641531600000000000,98
DAR,1308262,64.69,65.5,65.8,63.7,1641531600000000000,14171
DARE,1868577,1.82,1.78,1.86,1.77,1641531600000000000,4831
DASH,3163426,136.57,132.27,138.87,130,1641531600000000000,38050
DAT,651,35.4,35.5194,35.789,35.4,1641531600000000000,24
DATS,665846,2.79,2.7,2.8632,2.63,1641531600000000000,2803
DAUG,3255,35.15,35.1,35.15,35.08,1641531600000000000,21
DAVA,266961,140,129.22,140.76,128.74,1641531600000000000,5158
DAVE,1770858,8.91,5.82,9.0899,5.4,1641531600000000000,12864
DAVEW,95381,1.11,0.8599,1.2099,0.7601,1641531600000000000,375
DAWN,252049,16.5,15.97,16.79,15.77,1641531600000000000,2283
DAX,4485,32.35,32.4653,32.48,32.35,1641531600000000000,67
DB,3617759,13.98,14.09,14.12,13.94,1641531600000000000,14256
DBA,445478,19.74,19.84,19.84,19.695,1641531600000000000,1670
DBAW,25699,33.67,33.739,33.77,33.6179,1641531600000000000,105
DBB,139892,22.52,22.53,22.54,22.34,1641531600000000000,1107
DBC,2781615,21.2,21.24,21.25,21.12,1641531600000000000,7162
DBD,827235,9.78,9.72,9.87,9.58,1641531600000000000,4053
DBE,78202,17.9,17.84,17.9,17.775,1641531600000000000,283
DBEF,385673,39.29,39.37,39.41,39.15,1641531600000000000,1774
DBEH,34142,27.1,27.43,27.56,27.1,1641531600000000000,32
DBEM,5442,26.42,26.5018,26.57,26.4,1641531600000000000,52
DBEU,59712,36.49,36.515,36.5288,36.33,1641531600000000000,289
DBEZ,201,40.0548,40.0548,40.0548,40.0548,1641531600000000000,12
DBGI,1452398,2.2331,2.31,2.356,2.15,1641531600000000000,4306
DBGIW,9508,0.52,0.51,0.52,0.5,1641531600000000000,13
DBGR,334,32.81,32.8156,32.8156,32.81,1641531600000000000,6
DBI,1361874,14.17,13.96,14.22,13.61,1641531600000000000,13020
DBJA,5975,28,27.8947,28.02,27.8947,1641531600000000000,67
DBJP,9226,50.4,50.4946,50.535,50.16,1641531600000000000,65
DBL,14689,19.05,19.11,19.1402,18.95,1641531600000000000,124
DBLV,1055,100.5,100.2904,100.5,100.23,1641531600000000000,10
DBMF,79517,26.08,26.05,26.33,25.56,1641531600000000000,151
DBO,1539810,14.13,14.04,14.15,13.99,1641531600000000000,2569
DBOC,0,29.9402,29.9402,29.9402,29.9402,1641531600000000000,0
DBP,1577,47.6552,47.88,47.88,47.6552,1641531600000000000,49
DBRG,2474976,7.64,7.7,7.74,7.565,1641531600000000000,11606
DBRGpH,12260,25.12,25.12,25.12,25.02,1641531600000000000,128
DBRGpI,18069,25.33,25.48,25.52,25.33,1641531600000000000,144
DBRGpJ,37567,25.945,26.02,26.03,25.83,1641531600000000000,169
DBS,4251,30.91,30.8734,30.91,30.835,1641531600000000000,11
DBTX,29281,4.61,4.4,4.61,4.38,1641531600000000000,207
DBV,517,24.8,24.7851,24.8,24.7851,1641531600000000000,19
DBVT,366601,1.68,1.68,1.713,1.68,1641531600000000000,310
DBX,2722231,23.58,23.63,23.99,23.45,1641531600000000000,28067
DCBO,82137,54.56,53.21,55.8695,52.36,1641531600000000000,1732
DCF,49435,9.33,9.27,9.33,9.2101,1641531600000000000,83
DCGO,1199963,9.05,8.95,9.2,8.75,1641531600000000000,11044
DCGOW,20967,2.1,2.25,2.34,2.1,1641531600000000000,191
DCI,369274,59.1,59.53,59.96,58.98,1641531600000000000,7528
DCO,12590,47.22,46.99,47.72,46.9,1641531600000000000,388
DCOM,57346,36.89,36.75,37.08,36.55,1641531600000000000,1411
DCOMP,830,25.73,25.7,25.73,25.7,1641531600000000000,11
DCP,337786,28.99,29.08,29.33,28.56,1641531600000000000,3744
DCPpB,18706,25.11,25.245,25.245,24.99,1641531600000000000,108
DCPpC,20531,24.9,24.9,25,24.82,1641531600000000000,141
DCPH,1248107,9.46,8.93,9.52,8.91,1641531600000000000,12487
DCRD,4132,9.86,9.94,9.94,9.86,1641531600000000000,30
DCRDW,1058,0.864999,0.864999,0.864999,0.864999,1641531600000000000,2
DCRN,997870,9.482,8.92,9.76,8.82,1641531600000000000,4482
DCRNU,3865,10.13,9.5,10.13,9.5,1641531600000000000,34
DCRNW,337453,1.27,1.44,1.45,1.14,1641531600000000000,839
DCT,2431570,31.45,27.19,32.49,27.08,1641531600000000000,23587
DCTH,33609,7.35,7.33,7.4582,7.125,1641531600000000000,217
DCUE,42108,100.68,101.46,101.6,100.68,1641531600000000000,165
DD,3083882,82.41,83.19,83.63,81.98,1641531600000000000,27598
DDD,2139502,20,19.83,20.68,19.73,1641531600000000000,20721
DDEC,14142,32.6301,32.6,32.7,32.6,1641531600000000000,61
DDF,15987,11.51,11.64,11.68,11.37,1641531600000000000,108
DDG,5239,13.7,13.615,13.7,13.61,1641531600000000000,36
DDI,7500,15,15.15,15.17,14.95,1641531600000000000,120
DDIV,5867,34.14,33.99,34.16,33.98,1641531600000000000,75
DDL,125943,12.83,12.35,13.1094,12.05,1641531600000000000,1698
DDLS,16021,35.17,35.1752,35.289,34.94,1641531600000000000,49
DDM,338071,79.33,79.53,80.17,78.981,1641531600000000000,3295
DDOG,2527899,144,143.79,148.59,140.59,1641531600000000000,36576
DDS,275636,252.21,233.52,255.41,232.78,1641531600000000000,8739
DDT,18509,27.8,27.85,27.9827,27.599,1641531600000000000,105
DDWM,100402,31.28,31.3263,31.3263,31.1606,1641531600000000000,155
DE,1773096,376.87,378.65,382,376.683,1641531600000000000,40048
DEA,680164,23,23.06,23.27,22.86,1641531600000000000,6940
DECK,237700,346.86,338.1,354.83,337.03,1641531600000000000,6743
DECZ,33,30.017,30.017,30.017,30.017,1641531600000000000,1
DEED,43210,25.46,25.44,25.49,25.425,1641531600000000000,131
DEEF,803,31.49,31.6218,31.6218,31.4097,1641531600000000000,11
DEEP,3277,37.2,36.9011,37.275,36.82,1641531600000000000,84
DEF,30086,71.92,71.89,72.129,71.8301,1641531600000000000,202
DEI,1019711,35.78,36.48,36.97,35.78,1641531600000000000,10253
DEIF,12,25.5024,25.5024,25.5024,25.5024,1641531600000000000,3
DELL,3125174,58.1,57.99,58.47,57.32,1641531600000000000,24786
DEM,151627,43.68,44.11,44.15,43.68,1641531600000000000,985
DEMZ,14256,29.38,28.74,29.38,28.74,1641531600000000000,160
DEN,295616,79.27,77.67,80.5335,76.65,1641531600000000000,5486
DENN,497737,16.23,15.88,16.435,15.83,1641531600000000000,6125
DEO,309668,212.1,211.38,212.648,210.74,1641531600000000000,6277
DERM,98107,4.67,5.03,5.05,4.49,1641531600000000000,340
DES,142445,33.43,33.35,33.489,33.23,1641531600000000000,942
DESP,302045,9.83,9.67,9.98,9.4,1641531600000000000,3336
DEUS,3882,47.56,47.3835,47.72,47.35,1641531600000000000,61
DEW,2412,50.5,50.931,50.98,50.5,1641531600000000000,41
DEX,34426,10.43,10.28,10.43,10.24,1641531600000000000,215
DFAC,1187413,28.73,28.6,28.8076,28.5001,1641531600000000000,1615
DFAE,206137,27.34,27.37,27.409,27.2121,1641531600000000000,749
DFAI,502834,29.5,29.66,29.69,29.405,1641531600000000000,1210
DFAS,88503,59.86,59.11,59.95,59.08,1641531600000000000,696
DFAT,212067,48.38,47.98,48.47,47.815,1641531600000000000,719
DFAU,340718,32.55,32.43,32.675,32.36,1641531600000000000,981
DFAX,512807,26.13,26.23,26.26,26.07,1641531600000000000,1370
DFCF,221234,49.41,49.3317,49.64,49.28,1641531600000000000,578
DFE,53190,74.27,74.54,74.65,74.16,1641531600000000000,173
DFEB,18372,35.2325,35.31,35.32,35.2106,1641531600000000000,95
DFEN,1239554,20.39,20.65,21.2699,20.35,1641531600000000000,9318
DFFN,439994,0.3025,0.3002,0.3167,0.3,1641531600000000000,779
DFH,211372,18.63,18.02,18.64,17.665,1641531600000000000,2409
DFHY,9919,24.35,24.34,24.37,24.3301,1641531600000000000,47
DFIN,495570,43.72,39.45,43.99,39.44,1641531600000000000,7936
DFIP,98771,48.55,48.48,48.55,48.425,1641531600000000000,399
DFIV,180709,33.85,34.16,34.2099,33.85,1641531600000000000,803
DFJ,6060,70.71,71.03,71.0383,70.51,1641531600000000000,98
DFND,14265,40.1,39.94,40.1,39.89,1641531600000000000,52
DFNL,19544,32.13,32.62,32.65,32.1,1641531600000000000,123
DFNM,4772,50.2021,50.22,50.22,50.2021,1641531600000000000,15
DFNV,1926,27.85,27.4525,27.85,27.4525,1641531600000000000,13
DFP,52071,27.18,27.24,27.255,27.09,1641531600000000000,629
DFRA,2273,26.4,26.4306,26.44,26.335,1641531600000000000,21
DFS,2018108,122.72,125.69,127.18,121.86,1641531600000000000,27100
DFSD,119757,49.7101,49.75,50.03,49.7101,1641531600000000000,697
DFUS,191077,50.9,50.64,51.04,50.5,1641531600000000000,414
DG,2309196,235.55,238.27,240.14,234.65,1641531600000000000,35019
DGHI,77357,3.75,3.75,3.9,3.6044,1641531600000000000,390
DGICA,36923,14.41,14.76,14.84,14.355,1641531600000000000,558
DGII,72122,24.64,24.28,24.79,23.9191,1641531600000000000,1300
DGL,12348,51.29,51.3578,51.42,51.13,1641531600000000000,82
DGLY,405253,1.07,1.07,1.09,1.06,1641531600000000000,1414
DGNU,305560,9.78,9.83,9.84,9.78,1641531600000000000,45
DGP,2049,37.9032,38.5,38.5,37.72,1641531600000000000,63
DGRE,73668,27.88,28.0525,28.07,27.88,1641531600000000000,110
DGRO,1943906,55.6,55.67,55.82,55.48,1641531600000000000,10382
DGRS,7014,47.95,47.72,48.05,47.72,1641531600000000000,114
DGRW,325898,65.4477,65.3,65.5593,65.2,1641531600000000000,2552
DGS,165388,52.61,52.86,52.9286,52.48,1641531600000000000,1040
DGT,8580,115.37,116.3407,116.639,115.37,1641531600000000000,58
DGX,729257,158.76,155.87,158.89,155.61,1641531600000000000,15071
DGZ,1,10.2071,10.2071,10.2071,10.2071,1641531600000000000,1
DH,350524,25.36,24.52,25.84,24.055,1641531600000000000,3723
DHAC,53486,9.9,9.92,9.92,9.9,1641531600000000000,75
DHACU,53750,10.695,10.26,10.79,10.18,1641531600000000000,35
DHACW,912700,0.39,0.35,0.39,0.35,1641531600000000000,76
DHBCW,9475,0.6301,0.6099,0.6301,0.57,1641531600000000000,33
DHC,4798497,3.34,3.4,3.45,3.29,1641531600000000000,9434
DHCA,3117,9.755,9.77,9.77,9.755,1641531600000000000,29
DHCAU,7110,9.9,9.888,9.9,9.888,1641531600000000000,51
DHCAW,45175,0.54,0.5001,0.5772,0.49,1641531600000000000,35
DHCNI,18807,22,21.93,22.3231,21.93,1641531600000000000,138
DHCNL,6008,23,22.82,23,22.8,1641531600000000000,59
DHF,468006,3.1,3.1,3.115,3.08,1641531600000000000,1530
DHHCW,39194,0.54,0.54,0.578,0.53,1641531600000000000,9
DHI,6565769,101.6,95.24,101.6,95.09,1641531600000000000,70697
DHIL,5326,188.07,188.99,190.615,188.07,1641531600000000000,351
DHR,3213509,302.81,295.67,303.48,293.8,1641531600000000000,59417
DHRpB,1440,1613.9,1592.5,1613.9,1592.5,1641531600000000000,26
DHS,85106,84.31,85.04,85.2,84.14,1641531600000000000,555
DHT,1201653,5.3,5.34,5.35,5.24,1641531600000000000,5407
DHX,142497,6.21,6.06,6.23,5.97,1641531600000000000,1316
DHY,597213,2.47,2.48,2.49,2.45,1641531600000000000,1724
DIA,5806281,361.89,362.31,363.87,361.13,1641531600000000000,88579
DIAL,143354,20.98,20.91,20.98,20.89,1641531600000000000,625
DIAX,62873,17.84,17.82,17.8922,17.76,1641531600000000000,410
DIBS,136235,11.07,11.03,11.33,10.78,1641531600000000000,1783
DICE,197887,20.85,21.11,22.24,20.78,1641531600000000000,3283
DIDI,25621053,4.76,4.5,4.825,4.415,1641531600000000000,42814
DIG,154255,90.47,92.33,92.6,89.79,1641531600000000000,1104
DIM,3611,67.59,67.7851,67.84,67.42,1641531600000000000,39
DIN,157085,78.11,76.79,79.41,76.71,1641531600000000000,4746
DINT,3169258,19.63,19.61,19.69,19.51,1641531600000000000,140
DIOD,316486,106.96,100.12,107.48,100.11,1641531600000000000,6220
DIS,9494810,156.9,157.83,159.3,156.29,1641531600000000000,113607
DISA,1034,9.83,9.83,9.83,9.82,1641531600000000000,16
DISAU,100,10.02,10.02,10.02,10.02,1641531600000000000,1
DISCA,42820763,27.65,30.06,31.18,27.26,1641531600000000000,250224
DISCB,11422,33.01,36.71,37.3457,32.67,1641531600000000000,862
DISCK,10943242,26.84,29.34,30.35,26.545,1641531600000000000,95826
DISH,2229402,33.2,34.38,34.41,33.11,1641531600000000000,21533
DIT,2914,191.82,179.99,191.82,173.11,1641531600000000000,218
DIV,331082,21.03,21.13,21.1828,21.0001,1641531600000000000,1088
DIVA,271,25.3,25.39,25.39,25.3,1641531600000000000,30
DIVB,123134,43.13,43.14,43.23,42.99,1641531600000000000,998
DIVO,231417,38.15,38.01,38.2,37.93,1641531600000000000,1776
DIVS,761,26.43,26.4943,26.4943,26.43,1641531600000000000,14
DIVZ,181,29.795,29.9649,29.9649,29.795,1641531600000000000,7
DJAN,4454,32.319,32.31,32.32,32.31,1641531600000000000,24
DJCB,0,19.21,19.21,19.21,19.21,1641531600000000000,0
DJCO,2125,374.8102,374,377.1999,373.6571,1641531600000000000,125
DJD,21040,46.19,46.38,46.61,46.09,1641531600000000000,299
DJP,94575,29.32,29.42,29.4359,29.23,1641531600000000000,374
DJUL,485,33.57,33.49,33.57,33.49,1641531600000000000,4
DJUN,10619,34.37,34.42,34.45,34.37,1641531600000000000,92
DK,1005704,17.25,17.01,17.42,17.01,1641531600000000000,11538
DKDCW,2908,0.37,0.37,0.371,0.37,1641531600000000000,6
DKL,26087,42.73,42.54,43.0879,42.09,1641531600000000000,408
DKNG,26087602,26.02,27.24,27.98,25.79,1641531600000000000,153710
DKS,2017911,108.82,109.31,110.365,106.51,1641531600000000000,27909
DLA,5935,30.4699,29.52,30.4699,29.51,1641531600000000000,115
DLB,357598,91.83,92.33,93.26,91.83,1641531600000000000,6956
DLCA,692,9.7601,9.76,9.7601,9.76,1641531600000000000,9
DLCAU,262,10.06,10.06,10.06,10.06,1641531600000000000,5
DLCAW,2200,0.670101,0.6,0.68,0.6,1641531600000000000,13
DLHC,83924,20.18,18.34,20.18,18.17,1641531600000000000,1009
DLN,140216,66.15,66.39,66.56,66.1,1641531600000000000,1130
DLNG,41308,2.95,3,3.05,2.9171,1641531600000000000,143
DLNGpA,2752,25.74,25.75,25.75,25.65,1641531600000000000,19
DLNGpB,2254,25.25,25.2157,25.25,25.1,1641531600000000000,18
DLO,2410310,28.54,31.1,31.25,28.42,1641531600000000000,22160
DLPN,27424,7.81,7.86,7.95,7.5501,1641531600000000000,350
DLR,1261859,159.86,161.06,162.22,158.43,1641531600000000000,20187
DLRpJ,1800,25.6767,25.56,25.73,25.56,1641531600000000000,31
DLRpK,6560,26.93,26.96,27.0449,26.8901,1641531600000000000,103
DLRpL,66268,26.21,26.25,26.29,26.14,1641531600000000000,434
DLS,44054,73.15,73.45,73.5249,72.93,1641531600000000000,571
DLTH,104435,14.94,15.01,15.15,14.68,1641531600000000000,1726
DLTR,1696785,142.57,140.96,143.87,140.5675,1641531600000000000,20991
DLX,190787,32.41,32.01,32.61,31.77,1641531600000000000,3414
DLY,110871,18.63,18.64,18.64,18.47,1641531600000000000,534
DM,5187326,4.59,4.52,4.725,4.41,1641531600000000000,24569
DMAC,64101,3.65,3.59,3.78,3.52,1641531600000000000,646
DMAQR,44300,0.32,0.3128,0.32,0.29,1641531600000000000,72
DMAR,18806,31.86,31.91,31.91,31.86,1641531600000000000,142
DMAY,10906,34.7,34.68,34.71,34.62,1641531600000000000,71
DMB,49003,14.42,14.37,14.42,14.3062,1641531600000000000,256
DMCY,1132,26.06,26.0887,26.0887,26.0131,1641531600000000000,7
DMDV,0,23.9216,23.9216,23.9216,23.9216,1641531600000000000,0
DMF,70089,8.72,8.78,8.78,8.7,1641531600000000000,502
DMLP,50984,20.86,21.25,21.4547,20.85,1641531600000000000,327
DMO,38060,15.34,15.37,15.66,15.1806,1641531600000000000,293
DMRC,102344,37.5,37.52,38.26,37.0689,1641531600000000000,2120
DMRE,0,51.5375,51.5375,51.5375,51.5375,1641531600000000000,0
DMRI,1900,52.4,52.739,52.75,52.35,1641531600000000000,32
DMRL,1716,79.32,79.188,79.5146,79.188,1641531600000000000,56
DMRM,1623,59.7,59.7224,59.74,59.34,1641531600000000000,22
DMRS,4039,57.6,57.6862,58.0737,57.27,1641531600000000000,34
DMS,9730,4.45,4.47,4.54,4.4,1641531600000000000,221
DMS.WS,14220,0.3601,0.39,0.39,0.3601,1641531600000000000,19
DMTK,757065,15.5,15.11,16.365,15.05,1641531600000000000,7752
DMXF,13491,67.6721,67.978,68.12,67.51,1641531600000000000,175
DMYS,259940,9.84,9.82,9.86,9.82,1641531600000000000,963
DMYS.U,211413,10.39,10.37,10.39,10.36,1641531600000000000,390
DMYS.WS,152849,1.15,1.06,1.15,1.045,1641531600000000000,463
DNA,10209809,7.03,6.82,7.37,6.68,1641531600000000000,43835
DNA.WS,140568,1.95,1.81,2.07,1.7905,1641531600000000000,932
DNAA,2231,9.88,9.92,9.93,9.8576,1641531600000000000,28
DNAB,12338,9.88,9.95,9.95,9.87,1641531600000000000,70
DNAC,23061,9.8257,9.89,9.89,9.8257,1641531600000000000,213
DNAD,105301,9.82,9.89,9.89,9.82,1641531600000000000,286
DNAY,436920,9.83,9.37,10.1367,9.11,1641531600000000000,4777
DNB,879682,19.95,19.67,20.17,19.65,1641531600000000000,7600
DNL,29182,42.73,42.89,42.9,42.5792,1641531600000000000,200
DNLI,522820,43.35,41.56,44.2,40.87,1641531600000000000,8007
DNMR,2384038,7.57,7.55,7.95,7.43,1641531600000000000,14888
DNN,10495103,1.45,1.46,1.47,1.39,1641531600000000000,16345
DNOV,13085,35.15,35.01,35.159,35.01,1641531600000000000,51
DNOW,905451,9.05,9.23,9.28,8.99,1641531600000000000,6711
DNP,407781,10.92,10.94,10.965,10.87,1641531600000000000,1226
DNUT,982006,18.29,17.57,18.55,17.47,1641531600000000000,8643
DNZ.U,2420,9.93,9.93,9.93,9.93,1641531600000000000,5
DNZ.WS,400,0.57,0.5962,0.5962,0.57,1641531600000000000,3
DOC,2409582,18.57,18.86,18.89,18.505,1641531600000000000,16047
DOCN,1482607,70.11,70.73,72.9823,69.02,1641531600000000000,20121
DOCS,1123689,46.93,47.64,48.45,46.6005,1641531600000000000,13624
DOCT,16776,32.92,32.83,32.95,32.83,1641531600000000000,120
DOCU,6196581,140.485,135.93,144.73,135.12,1641531600000000000,97721
DOG,626725,31.77,31.74,31.84,31.61,1641531600000000000,2192
DOGZ,37033613,2.91,3.44,4.52,2.5,1641531600000000000,93087
DOL,27271,50.02,50.3658,50.4099,50.02,1641531600000000000,94
DOLE,247166,12.9,13.13,13.24,12.8518,1641531600000000000,2433
DOMA,3304665,4.31,4.31,4.48,4.25,1641531600000000000,12161
DOMA.WS,348139,0.85,0.82,0.85,0.7799,1641531600000000000,1733
DOMO,346322,44.36,44.41,45.74,42.835,1641531600000000000,6819
DON,99750,44.93,44.98,45.1157,44.75,1641531600000000000,845
DOO,7116,42.295,42.57,42.575,42.295,1641531600000000000,69
DOOO,59875,85.21,82.7,85.35,82.68,1641531600000000000,1332
DOOR,137583,113.75,110.44,114.79,110.33,1641531600000000000,3786
DORM,38311,111.41,108.09,111.41,107.84,1641531600000000000,1521
DOUG,784384,9.94,10,10.23,9.92,1641531600000000000,5120
DOV,1054154,182.43,182.92,184.045,181.215,1641531600000000000,15636
DOW,4590616,58.63,59.1,59.515,58.43,1641531600000000000,44944
DOX,468095,75.09,75.23,75.81,75,1641531600000000000,8472
DOYU,1441085,2.51,2.49,2.58,2.45,1641531600000000000,7471
DOZR,31,27.7596,27.7596,27.7596,27.7596,1641531600000000000,11
DPCS,610,9.84,9.84,9.84,9.84,1641531600000000000,6
DPCSU,11288,10.09,10.09,10.09,10.09,1641531600000000000,59
DPCSW,1205,0.58,0.56,0.58,0.56,1641531600000000000,6
DPG,85512,14.17,14.16,14.19,14.0407,1641531600000000000,498
DPRO,189445,1.64,1.6,1.6699,1.55,1641531600000000000,789
DPST,1053982,62.44,63.89,64.25,61.0415,1641531600000000000,11329
DPZ,450560,524.4,508.43,524.4,508.2,1641531600000000000,14897
DQ,1809806,40.52,40.09,41.34,39.31,1641531600000000000,14907
DRAY,229458,9.83,9.88,9.88,9.81,1641531600000000000,49
DRAYU,800,10,10,10,10,1641531600000000000,4
DRAYW,11220,0.5301,0.54,0.56,0.5301,1641531600000000000,23
DRD,88440,8.15,8.08,8.24,8.0477,1641531600000000000,931
DRE,2189391,60.71,60.21,61.5,59.875,1641531600000000000,21519
DRH,2333985,9.65,10.07,10.14,9.64,1641531600000000000,12451
DRHpA,727,27.7,27.7,27.7,27.7,1641531600000000000,8
DRI,1011144,146.4,145.66,147.56,145.36,1641531600000000000,18415
DRIO,136617,11.55,11.34,11.7537,11.05,1641531600000000000,1659
DRIP,5882203,4.41,4.43,4.545,4.345,1641531600000000000,6462
DRIV,605872,30.83,30.57,31.07,30.3579,1641531600000000000,5267
DRMA,73119,1.51,1.57,1.58,1.4501,1641531600000000000,258
DRMAW,600,0.3702,0.42,0.42,0.3511,1641531600000000000,5
DRN,150676,27.08,26.68,27.18,26.4167,1641531600000000000,1770
DRQ,286322,22.45,22.7,22.97,22.23,1641531600000000000,4467
DRRX,726886,0.87,0.842,0.885,0.82,1641531600000000000,2150
DRSK,70426,28.81,28.66,28.81,28.6527,1641531600000000000,271
DRTT,7172,2.32,2.25,2.32,2.23,1641531600000000000,81
DRUG,15873,3.11,2.97,3.1368,2.96,1641531600000000000,147
DRV,31008,36.22,36.3238,36.679,35.7199,1641531600000000000,469
DRVN,451902,33,31.54,33.7,30.86,1641531600000000000,7563
DRW,5506,24.16,24.2072,24.22,24.12,1641531600000000000,106
DS,535625,1.49,1.5,1.535,1.48,1641531600000000000,2194
DSpB,9192,24.97,25.1,26.34,24.86,1641531600000000000,42
DSpC,2503,24.79,24.99,24.99,24.79,1641531600000000000,17
DSpD,5740,24.74,24.8,24.86,24.74,1641531600000000000,35
DSAC,12058,9.92,9.91,9.92,9.91,1641531600000000000,18
DSAQ,326902,9.9352,9.94,9.95,9.9352,1641531600000000000,208
DSAQ.WS,1400,0.4749,0.4401,0.4749,0.4401,1641531600000000000,5
DSCF,14925,24.6799,24.6688,24.69,24.62,1641531600000000000,44
DSEP,31378,32.9,32.89,32.999,32.89,1641531600000000000,7
DSEY,589364,13.5988,13.55,14.18,13.55,1641531600000000000,5142
DSGN,39448,18.38,17.97,18.87,17.78,1641531600000000000,957
DSGX,261085,77.05,75.22,77.84,75.15,1641531600000000000,4080
DSI,251052,90.9,90.27,91.03,89.96,1641531600000000000,1751
DSJA,193,29.5,29.4565,29.5,29.4565,1641531600000000000,3
DSKE,237376,10.01,9.76,10.06,9.76,1641531600000000000,2374
DSKEW,135652,0.081,0.0653,0.081,0.063,1641531600000000000,111
DSL,432677,16.26,16.31,16.38,16.1899,1641531600000000000,2255
DSM,56651,8.28,8.26,8.3,8.25,1641531600000000000,148
DSOC,211,32.8902,32.8902,32.8902,32.8902,1641531600000000000,5
DSP,196267,8.68,8.6,9,8.16,1641531600000000000,2623
DSPC,734,17.02,17.02,17.03,17,1641531600000000000,24
DSS,389954,0.6962,0.6625,0.6999,0.6611,1641531600000000000,1779
DSTL,99726,46.04,45.74,46.04,45.71,1641531600000000000,680
DSTX,11383,25.54,25.555,25.555,25.45,1641531600000000000,20
DSU,158639,11.59,11.66,11.66,11.5607,1641531600000000000,1205
DSWL,9695,3.87,3.78,3.98,3.7,1641531600000000000,57
DSX,390697,4.11,4.11,4.19,4.02,1641531600000000000,2393
DSXpB,5451,26.49,26.5364,26.5364,26.47,1641531600000000000,22
DT,2140919,53.73,54.05,54.8,52.3,1641531600000000000,19673
DTB,16959,25.51,25.42,25.5895,25.35,1641531600000000000,174
DTC,160453,15.15,14.79,15.545,14.75,1641531600000000000,1990
DTD,17990,65.15,65.27,65.42,65,1641531600000000000,257
DTE,1022839,118.74,119.69,120.55,117.73,1641531600000000000,14222
DTEA,75224,3.18,3.23,3.44,3.15,1641531600000000000,487
DTEC,23884,46.15,45.7011,46.27,45.62,1641531600000000000,181
DTF,11032,14.14,14.05,14.14,14.02,1641531600000000000,73
DTG,47362,25.79,25.68,25.9799,25.66,1641531600000000000,422
DTH,5018,39.49,39.7576,39.8099,39.46,1641531600000000000,69
DTIL,513702,6.55,6.56,6.85,6.42,1641531600000000000,4481
DTLAp,5008,10.98,11.21,11.8,10.98,1641531600000000000,59
DTM,516533,48.61,49.41,49.63,48.21,1641531600000000000,7000
DTN,29806,101.89,102.18,102.41,101.7101,1641531600000000000,111
DTOC,4515,9.74,9.76,9.76,9.72,1641531600000000000,48
DTOCW,2171,0.6249,0.58,0.6249,0.58,1641531600000000000,9
DTOX,0,19.7898,19.7898,19.7898,19.7898,1641531600000000000,0
DTP,5222,51.415,51.44,51.73,51.415,1641531600000000000,61
DTRT,5901,9.95,9.99,9.99,9.95,1641531600000000000,36
DTRTW,302,0.48,0.48,0.48,0.48,1641531600000000000,1
DTSS,23216,1.33,1.38,1.4,1.31,1641531600000000000,116
DTST,324045,3.72,3.71,3.82,3.49,1641531600000000000,1469
DTSTW,445,0.8,0.7298,0.8,0.7298,1641531600000000000,6
DTW,9307,25.71,25.69,25.74,25.6767,1641531600000000000,131
DUDE,3208,28,27.838,28,27.82,1641531600000000000,37
DUG,444617,7.7,7.55,7.78,7.51,1641531600000000000,1475
DUK,2981372,102.81,104.5,104.97,102.26,1641531600000000000,27718
DUKpA,34859,26.97,26.96,27.1383,26.86,1641531600000000000,302
DUKB,12538,26.36,26.37,26.5,26.33,1641531600000000000,135
DUNE,158830,9.9,9.91,9.91,9.895,1641531600000000000,129
DUNEU,435,10.115,10.12,10.12,10.1101,1641531600000000000,5
DUNEW,15958,0.46,0.4551,0.4626,0.42,1641531600000000000,55
DUO,5138915,0.38,0.372,0.4,0.3535,1641531600000000000,5291
DUOL,263190,102,102.19,104.54,99.046,1641531600000000000,4622
DUOT,1062,5.05,5.0201,5.5384,5.0201,1641531600000000000,39
DURA,2145,32.42,32.6,32.63,32.37,1641531600000000000,38
DUSA,9554,35.14,35.3657,35.4,35.14,1641531600000000000,67
DUSL,46035,47.8,47.62,48.48,47.59,1641531600000000000,783
DUST,1937337,21.55,21.4,22,21.2,1641531600000000000,8335
DV,994220,28.77,27.42,29.35,27.42,1641531600000000000,7353
DVA,686520,110.77,111.59,112.63,110.41,1641531600000000000,11414
DVAX,1816097,13.12,13.52,13.83,13.06,1641531600000000000,11887
DVLU,1803,25.67,25.79,25.85,25.67,1641531600000000000,26
DVN,15451387,48.44,48.89,49.75,47.82,1641531600000000000,136566
DVOL,11915,30.25,29.85,30.25,29.85,1641531600000000000,74
DVY,999747,125.8095,126.67,127.06,125.31,1641531600000000000,11651
DVYA,3699,37.88,37.8992,37.92,37.7913,1641531600000000000,31
DVYE,319075,38.59,38.58,38.7,38.31,1641531600000000000,1472
DWAC,6244975,56.29,53.98,57.86,53.5,1641531600000000000,68246
DWACU,10527,65.98,61.0307,66.2343,61.0307,1641531600000000000,227
DWACW,812324,15.95,14.98,16.48,14.73,1641531600000000000,5963
DWAS,37067,87.84,85.71,87.948,85.71,1641531600000000000,276
DWAT,656,11.202,11.1272,11.202,11.1272,1641531600000000000,17
DWAW,3946,36.12,35.8766,36.12,35.801,1641531600000000000,17
DWEQ,249,25.72,25.6952,25.72,25.6952,1641531600000000000,4
DWIN.WS,2000,0.5214,0.5,0.5214,0.5,1641531600000000000,5
DWLD,90721,29.87,29.99,30.11,29.83,1641531600000000000,315
DWM,20641,54.565,54.81,54.89,54.405,1641531600000000000,186
DWMC,1777,37.793,37.64,37.793,37.51,1641531600000000000,19
DWMF,2270,26.48,26.5079,26.5079,26.47,1641531600000000000,11
DWPP,2923,34.63,34.66,34.7844,34.63,1641531600000000000,15
DWSH,11024,8.42,8.328,8.42,8.31,1641531600000000000,66
DWSN,4946,2.31,2.31,2.31,2.3,1641531600000000000,49
DWUS,2725,39.7,39.6662,39.74,39.6662,1641531600000000000,12
DWX,25812,38.81,39.09,39.09,38.81,1641531600000000000,182
DX,348349,16.82,16.91,16.9399,16.7,1641531600000000000,3734
DXpC,3454,25.68,25.8008,25.86,25.61,1641531600000000000,65
DXC,1417711,33.63,33.34,33.88,33.23,1641531600000000000,11200
DXCM,1228080,483,471.49,492,471.15,1641531600000000000,27671
DXD,1248265,8.16,8.13,8.18,8.0601,1641531600000000000,1833
DXF,29562,1.0393,1.03,1.09,1.022,1641531600000000000,135
DXJ,260058,63.86,63.96,64.1,63.5,1641531600000000000,2655
DXJS,992,43,43.2306,43.2306,42.95,1641531600000000000,18
DXLG,994038,5.94,5.46,6.0101,5.08,1641531600000000000,6029
DXPE,62319,26.55,26.36,26.909,26.3,1641531600000000000,924
DXR,12450,11.06,11.5,11.5,11.06,1641531600000000000,80
DXYN,34986,5.65,5.43,5.6735,5.35,1641531600000000000,357
DY,264420,93.24,89.77,94.12,89.65,1641531600000000000,6622
DYAI,71705,4.2,4.185,4.31,4.1,1641531600000000000,415
DYFN,7346,20.7,20.6,20.7,20.5,1641531600000000000,19
DYHG,1,61.6664,61.6664,61.6664,61.6664,1641531600000000000,1
DYLD,4707,24.66,24.57,24.66,24.545,1641531600000000000,24
DYN,308589,11.2,10.88,11.48,10.83,1641531600000000000,1287
DYNF,538471,36.48,36.31,36.48,36.215,1641531600000000000,263
DYNS,24397,9.89,9.85,9.9,9.85,1641531600000000000,168
DYNT,43859,1.02,1.03,1.05,1,1641531600000000000,243
DZSI,102016,15.95,15.77,15.99,15.7001,1641531600000000000,1470
DZZ,1023,2.77,2.775,2.775,2.77,1641531600000000000,7
E,265581,28.9,29.23,29.26,28.73,1641531600000000000,1913
EA,2412787,129.09,131.78,132.47,127.28,1641531600000000000,32744
EAD,103523,8.86,8.87,8.87,8.8,1641531600000000000,429
EAF,801538,11.98,11.81,12.19,11.8,1641531600000000000,6958
EAGG,83915,54.23,54.26,54.26,54.055,1641531600000000000,477
EAI,7039,25.32,25.3521,25.4383,25.32,1641531600000000000,91
EAOA,1537,33.9399,33.9181,33.9399,33.9181,1641531600000000000,12
EAOK,1165,27.5235,27.535,27.535,27.52,1641531600000000000,7
EAOM,4300,28.68,28.735,28.735,28.66,1641531600000000000,37
EAOR,4194,31.25,31.2584,31.275,31.25,1641531600000000000,44
EAPR,10670,24.421,24.4701,24.4701,24.42,1641531600000000000,59
EAR,14257431,7,6.37,7.35,6.33,1641531600000000000,67472
EARN,67856,10.71,10.83,10.83,10.68,1641531600000000000,752
EASG,60747,31.21,31.34,31.34,31.1587,1641531600000000000,109
EAST,88514,1.67,1.64,1.72,1.6,1641531600000000000,285
EAT,1046534,37.68,37.72,38.78,37.35,1641531600000000000,10958
EATV,3683,23.99,23.7442,24.25,23.735,1641531600000000000,39
EATZ,1246,23.5715,23.2613,23.5715,23.2613,1641531600000000000,28
EB,465979,17.2,16.9,17.58,16.9,1641531600000000000,5483
EBACW,898,0.5601,0.6699,0.6799,0.5601,1641531600000000000,11
EBAY,4995097,66.73,66.32,67.33,66.28,1641531600000000000,48579
EBC,751532,21.67,21.62,21.9,21.37,1641531600000000000,9652
EBET,70877,17.03,17.25,17.81,16.71,1641531600000000000,712
EBF,52430,19.36,19.35,19.44,19.18,1641531600000000000,1171
EBIX,177502,31,30.26,31.68,30.17,1641531600000000000,2798
EBIZ,9924,26.17,25.98,26.3832,25.925,1641531600000000000,144
EBLU,30026,48.88,48.7314,48.95,48.19,1641531600000000000,111
EBMT,19516,23.0024,23,23.25,22.8501,1641531600000000000,175
EBND,502816,24.21,24.26,24.29,24.205,1641531600000000000,2837
EBON,450724,1.02,1.03,1.05,1.01,1641531600000000000,2176
EBR,1633384,5.5,5.39,5.59,5.365,1641531600000000000,7283
EBR.B,7586,5.47,5.36,5.55,5.35,1641531600000000000,195
EBS,744414,48.35,48.78,50.31,48.21,1641531600000000000,11281
EBTC,9747,44.7,44.79,45.24,43.7366,1641531600000000000,399
EC,613668,13.07,13.36,13.37,12.89,1641531600000000000,3501
ECAT,165943,18.59,18.54,18.59,18.42,1641531600000000000,684
ECC,288172,13.99,14.13,14.28,13.97,1641531600000000000,1643
ECCpD,16434,25.13,25,25.14,24.99,1641531600000000000,73
ECCB,7259,25.5,25.44,25.52,25.38,1641531600000000000,126
ECCC,18364,25.4,25.4199,25.51,25.38,1641531600000000000,73
ECCX,5684,25.46,25.418,25.47,25.4,1641531600000000000,21
ECCY,1491,25.48,25.48,25.48,25.48,1641531600000000000,33
ECF,60871,11.97,11.93,12.005,11.85,1641531600000000000,508
ECFpA,2197,25.55,25.56,25.6305,25.52,1641531600000000000,15
ECH,425549,23.72,23.66,24.0932,23.462,1641531600000000000,2587
ECL,667279,230.02,229.87,231.14,227.52,1641531600000000000,14869
ECLN,8524,24.384,24.4537,24.55,24.384,1641531600000000000,19
ECNS,4255,46.68,46.6816,46.96,46.66,1641531600000000000,71
ECOL,122264,31.62,32.07,32.27,31.62,1641531600000000000,2091
ECOLW,800,5.25,5.43,5.6,5.25,1641531600000000000,8
ECOM,98378,22.43,21.89,22.58,21.84,1641531600000000000,1511
ECON,8101,23.54,23.6,23.669,23.54,1641531600000000000,58
ECOR,507555,0.55,0.5489,0.5963,0.5375,1641531600000000000,988
ECOW,749,24.58,24.59,24.6,24.58,1641531600000000000,6
ECOZ,0,39.8566,39.8566,39.8566,39.8566,1641531600000000000,0
ECPG,388909,60.74,59.93,60.995,59.65,1641531600000000000,3988
ECVT,349120,9.86,10.11,10.11,9.85,1641531600000000000,3046
ED,3725374,85.02,85.67,86.07,84.5,1641531600000000000,21563
EDAP,51661,6.17,6.35,6.35,6.17,1641531600000000000,274
EDC,391516,73,73.94,74.24,72.36,1641531600000000000,1160
EDD,102307,5.44,5.46,5.47,5.4308,1641531600000000000,380
EDEN,2480,105.65,106.3161,106.42,105.65,1641531600000000000,67
EDF,84061,6.53,6.53,6.5886,6.52,1641531600000000000,589
EDI,50264,7.75,7.89,8.06,7.71,1641531600000000000,223
EDIT,1599390,24.41,25.14,26,24.15,1641531600000000000,17415
EDIV,23399,30.17,30.3,30.369,30.17,1641531600000000000,210
EDN,4872,5.07,5.08,5.2882,5.07,1641531600000000000,47
EDNC,1674,9.95,9.76,9.96,9.76,1641531600000000000,16
EDNCW,7200,0.4994,0.49,0.5,0.49,1641531600000000000,16
EDOC,186805,15.24,15.08,15.49,15.08,1641531600000000000,1547
EDOG,2517,24.47,24.4412,24.47,24.395,1641531600000000000,17
EDOW,62168,31.96,32.15,32.23,31.96,1641531600000000000,221
EDR,1953318,33.66,33.87,34.06,33.15,1641531600000000000,14779
EDRY,21228,19.23,19.5,19.5,18.5,1641531600000000000,240
EDSA,107761,5.2,5.38,5.4,5.1074,1641531600000000000,568
EDTK,259659,0.98,0.955,0.99,0.94,1641531600000000000,360
EDTX,400403,10.04,10.03,10.04,10.03,1641531600000000000,5
EDTXW,3500,0.4951,0.4899,0.4951,0.4899,1641531600000000000,9
EDU,21749170,1.88,1.86,1.94,1.845,1641531600000000000,25000
EDUC,65769,9.2,8.45,9.2,8.35,1641531600000000000,541
EDUT,1510,8.58,8.53,8.58,8.44,1641531600000000000,30
EDV,151498,134.5,133.4,134.5,132.501,1641531600000000000,1708
EDZ,384408,9.65,9.47,9.72,9.4417,1641531600000000000,948
EEA,2655,10.5,10.5,10.5,10.4527,1641531600000000000,17
EEFT,240642,122.16,123.35,124.26,122.16,1641531600000000000,5452
EEH,0,33.5305,33.5305,33.5305,33.5305,1641531600000000000,0
EEIQ,26461,3.06,2.94,3.1,2.87,1641531600000000000,159
EELV,7295,24.83,24.8272,24.86,24.72,1641531600000000000,76
EEM,32619999,48.69,48.89,48.98,48.5,1641531600000000000,53526
EEMA,37281,81.05,81.5,81.6782,81.05,1641531600000000000,397
EEMD,1682,22.065,22.1029,22.14,22.065,1641531600000000000,17
EEMO,25910,17.59,17.6008,17.62,17.565,1641531600000000000,36
EEMS,83493,59.64,59.84,59.85,59.43,1641531600000000000,213
EEMV,194220,62.55,62.85,62.88,62.46,1641531600000000000,1291
EEMX,8923,72.7,73.03,73.03,72.4849,1641531600000000000,116
EERN,0,24.1279,24.1279,24.1279,24.1279,1641531600000000000,0
EES,20380,51.53,51.23,51.82,51.23,1641531600000000000,300
EET,1005,84.73,85.4582,85.4582,84.73,1641531600000000000,43
EEV,11806,17.28,17.1119,17.34,17.101,1641531600000000000,57
EEX,149459,3.85,3.7,3.85,3.6301,1641531600000000000,866
EFA,21800186,78.5,78.77,78.89,78.2047,1641531600000000000,47575
EFAD,5886,44.54,44.665,44.75,44.38,1641531600000000000,75
EFAS,3176,15.92,15.9625,15.9904,15.8995,1641531600000000000,33
EFAV,378850,75.31,75.58,75.67,75.15,1641531600000000000,2558
EFAX,5644,83.52,83.6917,83.73,83.1303,1641531600000000000,119
EFC,391270,17.28,17.37,17.475,17.28,1641531600000000000,3452
EFCpA,205,26.232,26.232,26.232,26.232,1641531600000000000,4
EFCpB,3585,25.35,25.21,25.4399,25.21,1641531600000000000,40
EFG,903256,106.95,106.99,107.31,106.3,1641531600000000000,5824
EFIV,8580,44.68,44.41,44.68,44.26,1641531600000000000,159
EFIX,41336,18.635,18.65,18.65,18.635,1641531600000000000,2
EFL,81335,9.28,9.3,9.32,9.25,1641531600000000000,192
EFNL,5549,48.02,48.3596,48.43,48.02,1641531600000000000,36
EFO,1706,52.21,52.5268,52.625,52.21,1641531600000000000,73
EFOI,655384,3.44,3.43,3.66,3.316,1641531600000000000,2037
EFR,69770,14.79,14.85,14.98,14.75,1641531600000000000,525
EFSC,91445,49.61,49.62,49.87,49.34,1641531600000000000,1610
EFSCP,600,25.159,25.159,25.159,25.159,1641531600000000000,1
EFT,76992,15.03,15.09,15.2,14.89,1641531600000000000,539
EFTR,16665,7.18,7.31,7.48,7.03,1641531600000000000,241
EFTRW,728,0.96,0.8899,0.96,0.88,1641531600000000000,9
EFU,4465,9.85,9.7602,9.861,9.7602,1641531600000000000,15
EFV,4958299,51.66,52.04,52.07,51.58,1641531600000000000,19985
EFX,1163622,279.16,267.45,281.02,266.64,1641531600000000000,20456
EFZ,3584,17.84,17.7572,17.84,17.7572,1641531600000000000,24
EGAN,92416,10.07,9.98,10.1161,9.97,1641531600000000000,1112
EGBN,224375,61.34,62.78,63.02,59.425,1641531600000000000,2344
EGF,7057,12.47,12.63,12.63,12.47,1641531600000000000,42
EGGF,103,9.71,9.71,9.71,9.71,1641531600000000000,3
EGGF.WS,496,0.58,0.61,0.61,0.58,1641531600000000000,6
EGHT,2006597,16.61,16.62,17.02,16.445,1641531600000000000,14324
EGIS,1511,34.61,34.613,34.67,34.4811,1641531600000000000,34
EGLE,82168,44.89,45.25,45.93,44.89,1641531600000000000,2109
EGLX,285571,2.65,2.59,2.71,2.54,1641531600000000000,2026
EGO,1380931,8.94,9.07,9.105,8.85,1641531600000000000,7854
EGP,181267,213.86,210.72,215,210.18,1641531600000000000,5468
EGPT,1395,27.45,27.54,27.614,27.4499,1641531600000000000,31
EGRX,52174,51.11,50.63,51.67,49.92,1641531600000000000,1161
EGY,367811,3.56,3.56,3.59,3.41,1641531600000000000,2145
EH,568890,15.32,15.41,16.15,15.13,1641531600000000000,5134
EHC,523009,64.41,64.44,65.03,63.88,1641531600000000000,9254
EHI,28250,9.81,9.82,9.8446,9.73,1641531600000000000,190
EHTH,808772,22,24.33,24.57,21.025,1641531600000000000,12450
EIC,20634,17.37,17.24,17.37,17.18,1641531600000000000,112
EICA,3383,25.59,25.8268,25.8268,25.45,1641531600000000000,28
EIDO,409873,23.34,23.35,23.385,23.225,1641531600000000000,3326
EIG,42199,41.55,41.92,42.05,41.47,1641531600000000000,1040
EIGR,179867,4.95,4.88,5.3262,4.82,1641531600000000000,2028
EIM,112691,13.43,13.4,13.45,13.32,1641531600000000000,628
EINC,1990,56,56.3521,56.5099,56,1641531600000000000,32
EIRL,1774,57.45,57.3386,57.45,57.09,1641531600000000000,40
EIS,13235,77.73,77.62,78.05,77.36,1641531600000000000,311
EIX,3700231,64.43,65,65.67,63.88,1641531600000000000,30356
EJAN,149056,29.48,29.43,29.51,29.41,1641531600000000000,482
EJFA,14296,9.97,9.97,9.97,9.9,1641531600000000000,149
EJFAU,750,10.35,10.37,10.37,10.35,1641531600000000000,6
EJFAW,3703,1.1501,1.1499,1.1505,1.1499,1641531600000000000,10
EJH,1030492,1.3,1.3,1.36,1.27,1641531600000000000,1851
EJUL,2945,25.71,25.6653,25.71,25.615,1641531600000000000,29
EKAR,200,41.7658,41.7658,41.7658,41.7658,1641531600000000000,12
EKSO,43452,2.69,2.67,2.7,2.6,1641531600000000000,291
EL,928038,355,354.93,357.455,350.07,1641531600000000000,22313
ELA,22136,4.06,4.14,4.14,3.99,1641531600000000000,227
ELAN,2781717,27.02,27.05,27.46,26.86,1641531600000000000,23876
ELAT,54572,43.25,43.1286,43.3054,43,1641531600000000000,68
ELC,9435,25.22,25.22,25.2584,25.22,1641531600000000000,119
ELD,7409,29.86,29.79,29.86,29.741,1641531600000000000,51
ELDN,28288,4.23,4.18,4.4189,4.05,1641531600000000000,156
ELEV,42219,6,5.98,6.08,5.86,1641531600000000000,380
ELF,389441,31.39,31.07,31.89,31.06,1641531600000000000,4566
ELLO,361,29.6,29,29.6,29,1641531600000000000,11
ELMD,22813,12.81,12.925,13.09,12.5728,1641531600000000000,294
ELMS,145338,6.64,6.42,6.75,6.38,1641531600000000000,1750
ELMSW,4501,1.16,1.16,1.215,1.16,1641531600000000000,27
ELOX,171987,0.63,0.6244,0.635,0.61,1641531600000000000,517
ELP,694023,5.22,5.26,5.3,5.195,1641531600000000000,4257
ELQD,2,96.749,96.749,96.749,96.749,1641531600000000000,1
ELS,856743,82.26,81,82.4119,80.72,1641531600000000000,9782
ELSE,3666,6.25,5.94,6.25,5.94,1641531600000000000,31
ELTK,11737,4.09,4.07,4.09,3.93,1641531600000000000,69
ELVT,118079,2.95,2.97,3.1,2.95,1641531600000000000,806
ELY,1623046,26.84,26.52,27.34,26.305,1641531600000000000,15597
ELYM,67378,12.2,11.05,12.79,10.71,1641531600000000000,955
ELYS,119766,2.63,2.61,2.7298,2.55,1641531600000000000,644
EM,223782,1.7,1.76,1.88,1.68,1641531600000000000,1241
EMAN,1788646,1.78,1.8,1.85,1.75,1641531600000000000,9067
EMB,6146758,106.61,106.58,106.705,106.26,1641531600000000000,27923
EMBD,12716,25.485,25.44,25.5,25.4,1641531600000000000,128
EMBH,1167,23.4099,23.395,23.4099,23.395,1641531600000000000,4
EMBK,593077,6.75,6.74,6.79,6.5,1641531600000000000,4258
EMBKW,56277,1.25,1.2,1.25,1.18,1641531600000000000,360
EMCB,5857,73.8,73.55,73.8,73.28,1641531600000000000,153
EMCR,85,32.4472,32.4472,32.4472,32.4472,1641531600000000000,1
EMD,210891,12.8,12.75,12.84,12.69,1641531600000000000,1105
EMDV,1664,57.29,57.4594,57.54,57.29,1641531600000000000,13
EME,199181,127.48,125.57,127.8,124.757,1641531600000000000,3926
EMF,13438,15.89,16.01,16.075,15.89,1641531600000000000,228
EMFM,2124,20.665,20.61,20.665,20.58,1641531600000000000,34
EMGF,65919,51.08,51.28,51.37,51.03,1641531600000000000,534
EMHC,952,29.1999,29.1698,29.1999,29.1698,1641531600000000000,4
EMHY,146237,42.32,42.31,42.3399,42.19,1641531600000000000,486
EMIF,2583,23.85,23.72,23.85,23.72,1641531600000000000,28
EMKR,209470,6.58,6.5,6.73,6.5,1641531600000000000,1786
EML,5467,25.8,26.87,26.89,25.8,1641531600000000000,97
EMLC,2655470,28.42,28.48,28.49,28.365,1641531600000000000,5405
EMLDU,24700,9.98,10,10,9.98,1641531600000000000,176
EMLP,496599,25.16,25.3,25.365,25.0446,1641531600000000000,2418
EMMF,1979,25.03,25.0042,25.03,24.95,1641531600000000000,9
EMN,970528,122.34,122.41,123.19,121.835,1641531600000000000,15030
EMNT,25508,100.05,100.14,100.1684,100.05,1641531600000000000,39
EMO,33622,23.66,23.84,23.93,23.55,1641531600000000000,261
EMP,4371,25.15,25.16,25.22,25.15,1641531600000000000,95
EMQQ,232601,40.94,40.96,41.56,40.67,1641531600000000000,1689
EMR,2854958,96.55,95.69,96.97,95.61,1641531600000000000,34140
EMSG,950,30.875,31.08,31.08,30.875,1641531600000000000,11
EMSH,282,71.07,70.9816,71.07,70.9816,1641531600000000000,3
EMTL,13220,48.035,47.975,48.035,47.91,1641531600000000000,62
EMTY,6060,14.6,14.638,14.65,14.53,1641531600000000000,22
EMX,202470,2.11,2.04,2.1327,2.0301,1641531600000000000,596
EMXC,276683,60.82,60.92,60.9837,60.47,1641531600000000000,1245
EMXF,6427,42.65,42.7442,42.79,42.4899,1641531600000000000,55
ENB,6318650,39.7,40.58,40.64,39.405,1641531600000000000,37520
ENBA,41816,26.2,26.31,26.36,26.16,1641531600000000000,408
ENCPU,4000,10.2,10.2,10.2,10.19,1641531600000000000,10
ENDP,1853586,3.56,3.58,3.6471,3.47,1641531600000000000,11252
ENER,20008,9.76,9.76,9.76,9.76,1641531600000000000,29
ENERU,425,10.3,10.3,10.3,10.3,1641531600000000000,2
ENERW,33200,0.4074,0.39,0.4074,0.3899,1641531600000000000,87
ENFN,93217,18.98,18.7,19.21,18.62,1641531600000000000,1872
ENFR,21347,19.67,19.94,19.98,19.67,1641531600000000000,190
ENG,237158,1.27,1.25,1.3099,1.24,1641531600000000000,1191
ENIA,863808,5.67,5.6,5.74,5.535,1641531600000000000,4529
ENIC,802051,1.9,1.87,1.9,1.84,1641531600000000000,3791
ENJ,692,25.24,25.22,25.24,25.22,1641531600000000000,8
ENJY,255582,3.91,3.79,3.93,3.66,1641531600000000000,1865
ENJYW,8325,0.4201,0.3614,0.4201,0.3301,1641531600000000000,46
ENLC,2696285,7.25,7.41,7.46,7.22,1641531600000000000,13216
ENLV,28736,5.93,6.04,6.19,5.8,1641531600000000000,459
ENNV,35959,9.91,9.89,9.91,9.85,1641531600000000000,127
ENNVW,318,0.6905,0.7592,0.7592,0.6905,1641531600000000000,4
ENO,3454,25.4522,25.44,25.4522,25.4,1641531600000000000,34
ENOB,115555,6.76,6.58,6.93,6.56,1641531600000000000,1425
ENOR,8724,29.345,29.51,29.52,29.345,1641531600000000000,70
ENPC,63820,9.8499,9.79,9.8499,9.79,1641531600000000000,169
ENPC.WS,40336,0.609799,0.6374,0.6374,0.57,1641531600000000000,48
ENPH,3549798,152.11,145.13,154.95,144.17,1641531600000000000,72387
ENR,659892,40.33,40.79,40.905,40.26,1641531600000000000,6883
ENRpA,7300,87.01,88.5001,88.5001,87.01,1641531600000000000,189
ENS,149756,79.39,78.85,79.825,78.54,1641531600000000000,3214
ENSC,1779259,4.59,3.99,4.7,3.91,1641531600000000000,7129
ENSG,180088,81.74,80.29,83,80.27,1641531600000000000,4773
ENSV,42599,0.914,0.885,0.9176,0.87,1641531600000000000,148
ENTA,174954,71.57,68.78,73.27,68.4,1641531600000000000,4426
ENTFW,190805,0.53,0.4997,0.53,0.4997,1641531600000000000,123
ENTG,1262506,134.97,132.01,136.06,131.11,1641531600000000000,20551
ENTR,3789,13.92,13.7981,13.92,13.7981,1641531600000000000,71
ENTX,84305,2.72,2.84,2.84,2.6,1641531600000000000,357
ENTXW,2542,0.32,0.320201,0.320201,0.32,1641531600000000000,5
ENV,320984,77.67,77.88,78.25,76.5,1641531600000000000,4162
ENVA,184595,41.31,41.35,42.2,41.31,1641531600000000000,3467
ENVB,410025,0.86,0.8398,0.88,0.8228,1641531600000000000,1075
ENVI,2715,9.9303,9.945,9.945,9.9303,1641531600000000000,20
ENVIU,213,10.46,10.46,10.46,10.46,1641531600000000000,5
ENVX,2037396,21,19.78,21.55,19.5,1641531600000000000,20368
ENVXW,43867,9.3,6.82,9.49,5.61,1641531600000000000,755
ENX,13763,12.13,12.11,12.13,12.1,1641531600000000000,242
ENZ,357298,3.0553,3.16,3.2489,3,1641531600000000000,1483
ENZL,3317,57.85,58.055,58.2199,57.85,1641531600000000000,184
EOCT,759,24.92,24.985,24.985,24.91,1641531600000000000,6
EOCW,159745,9.7503,9.79,9.79,9.75,1641531600000000000,316
EOCW.U,49909,10,10,10.02,10,1641531600000000000,99
EOCW.WS,11501,1.0199,0.97,1.02,0.97,1641531600000000000,25
EOD,215657,5.84,5.79,5.84,5.77,1641531600000000000,877
EOG,6256648,96.01,98.16,98.27,94.89,1641531600000000000,73503
EOI,71134,20.04,19.93,20.04,19.92,1641531600000000000,434
EOLS,200765,6.09,6.2,6.24,6.02,1641531600000000000,2071
EOPS,62,22.3768,22.3768,22.3768,22.3768,1641531600000000000,4
EOS,112147,23.55,23.4,23.6354,23.4,1641531600000000000,1022
EOSE,391828,6.57,6.51,6.72,6.3701,1641531600000000000,4117
EOSEW,2373,2.74,2.4,2.74,2.35,1641531600000000000,16
EOT,25197,21.57,21.54,21.7,21.54,1641531600000000000,154
EPpC,407,50.31,50.31,50.31,50.31,1641531600000000000,17
EPAC,197567,20.21,20.39,20.665,20.14,1641531600000000000,2315
EPAM,471129,578.93,556.68,584.69,555.01,1641531600000000000,15311
EPAY,4193514,56.38,56.36,56.58,56.3,1641531600000000000,16355
EPC,468749,49.25,48.86,49.32,48.7,1641531600000000000,6765
EPD,6534294,23.25,23.4,23.42,23.04,1641531600000000000,28225
EPHE,115164,30.75,30.66,30.75,30.55,1641531600000000000,1310
EPHY,10500,9.7501,9.77,9.77,9.75,1641531600000000000,93
EPHYU,4092,9.94,9.94,9.96,9.93,1641531600000000000,27
EPHYW,7700,0.6,0.61,0.6323,0.5241,1641531600000000000,47
EPI,532761,37.63,37.76,37.809,37.46,1641531600000000000,2615
EPIX,73509,13.19,12.57,13.43,12.44,1641531600000000000,1162
EPM,58769,5.46,5.37,5.47,5.32,1641531600000000000,749
EPOL,90478,21.7,21.95,21.99,21.6401,1641531600000000000,566
EPP,305899,47.43,47.58,47.64,47.28,1641531600000000000,2405
EPR,449872,48.18,48.72,49.05,48.06,1641531600000000000,6466
EPRpC,2005,25.765,25.93,25.93,25.705,1641531600000000000,14
EPRpE,3459,36,35,36,34.9464,1641531600000000000,39
EPRpG,6302,25.66,25.69,25.73,25.5,1641531600000000000,72
EPRE,312,20.8774,20.8774,20.8774,20.8774,1641531600000000000,115
EPRF,24720,23.61,23.55,23.6499,23.55,1641531600000000000,152
EPRT,800948,28.34,28.3,28.645,28.23,1641531600000000000,5309
EPS,1347459,50.07,50.07,50.3015,49.89,1641531600000000000,971
EPSN,2854,5.72,5.66,5.72,5.6101,1641531600000000000,21
EPU,137689,30.9,31.62,31.72,30.9,1641531600000000000,938
EPV,3669,11.095,10.98,11.095,10.96,1641531600000000000,36
EPWR.WS,859,0.51,0.528,0.528,0.4799,1641531600000000000,9
EPZM,876843,2.23,2.25,2.31,2.2,1641531600000000000,5741
EQ,84527,3.46,3.46,3.59,3.35,1641531600000000000,585
EQAL,73329,46.85,46.85,47.16,46.72,1641531600000000000,300
EQBK,34924,34.87,34.71,34.98,34.57,1641531600000000000,1113
EQC,801846,26.61,26.67,26.705,26.52,1641531600000000000,7358
EQCpD,8228,29.7171,29.7,29.97,29.6047,1641531600000000000,26
EQD,263300,9.82,9.82,9.84,9.8,1641531600000000000,71
EQD.WS,27979,0.71,0.6825,0.71,0.68005,1641531600000000000,69
EQH,3014330,35.35,35.49,36,35.12,1641531600000000000,25837
EQHpA,22245,26.01,26.09,26.12,26.01,1641531600000000000,237
EQHpC,15250,24.78,24.78,24.86,24.68,1641531600000000000,208
EQHA.WS,40960,0.52,0.49,0.52,0.485,1641531600000000000,110
EQIX,355262,759.7,774.94,783.99,759.7,1641531600000000000,13907
EQL,6387,109.05,109.11,109.28,108.69,1641531600000000000,82
EQNR,2209639,27.34,27.82,27.86,27.12,1641531600000000000,18365
EQOP,0,34.044,34.044,34.044,34.044,1641531600000000000,0
EQOS,330858,1.92,1.96,2.02,1.86,1641531600000000000,1877
EQR,1421802,90.24,89.65,90.8,89.43,1641531600000000000,17846
EQRR,19940,54.15,54.15,54.199,53.69,1641531600000000000,229
EQRX,631240,6.58,6.46,6.65,6.06,1641531600000000000,4113
EQRXW,7790,1.06,1.12,1.2,1.06,1641531600000000000,33
EQS,1958,2.35,2.31,2.35,2.3,1641531600000000000,49
EQT,6050768,22.06,22.81,22.82,22.045,1641531600000000000,41125
EQUL,0,25.3652,25.3652,25.3652,25.3652,1641531600000000000,0
EQWL,1439,86.8994,86.9122,87.0712,86.63,1641531600000000000,37
EQX,1647343,6.45,6.44,6.5,6.33,1641531600000000000,8846
ERAS,404188,13.27,12.89,13.445,12.72,1641531600000000000,5513
ERC,34855,12.84,12.86,12.88,12.82,1641531600000000000,350
ERES,1950,9.8613,9.87,9.87,9.86,1641531600000000000,23
ERESU,1100,10.09,10.09,10.09,10.09,1641531600000000000,11
ERESW,12464,0.5139,0.5,0.5139,0.495,1641531600000000000,40
ERF,2265294,11.17,11.1,11.25,10.92,1641531600000000000,9040
ERH,8101,14.61,14.8399,14.8599,14.6024,1641531600000000000,84
ERIC,6509665,11.03,11.04,11.12,10.96,1641531600000000000,16531
ERIE,71776,191.46,194.58,194.81,190.08,1641531600000000000,2823
ERII,249015,20.39,19.83,20.48,19.83,1641531600000000000,3306
ERJ,1541033,17,17.03,17.36,16.81,1641531600000000000,12990
ERM,1005,26.38,26.3094,26.38,26.3094,1641531600000000000,9
ERO,13965,14.46,14.41,14.57,14.28,1641531600000000000,134
ERSX,550,16.5999,16.5955,16.6,16.585,1641531600000000000,17
ERTH,35843,63.37,63.06,63.45,62.78,1641531600000000000,327
ERUS,405236,41.9,41.74,42.04,41.52,1641531600000000000,2969
ERX,5353083,35.33,36.1,36.27,34.9,1641531600000000000,40066
ERY,1630965,9.22,8.98,9.29,8.935,1641531600000000000,5018
ERYP,42027,2.29,2.32,2.33,2.27,1641531600000000000,133
ES,1036033,88.96,89.66,90.23,88.195,1641531600000000000,12266
ESAC,6744,10.49,9.93,10.49,9.91,1641531600000000000,62
ESACU,5013,10.15,10.15,10.15,10.12,1641531600000000000,30
ESACW,5551,0.48,0.4678,0.48,0.4673,1641531600000000000,33
ESBA,23310,9.12,11.16,11.17,9.07,1641531600000000000,135
ESBK,3449,22.8201,22.82,22.8201,22.81,1641531600000000000,29
ESCA,8920,16.35,16.35,16.67,16.29,1641531600000000000,360
ESCR,1520,21.54,21.5237,21.54,21.47,1641531600000000000,14
ESE,60670,88.15,88.14,89.0598,87.78,1641531600000000000,1508
ESEA,69381,25.24,25.79,26.86,25.24,1641531600000000000,805
ESEB,450,20.58,20.6106,20.6192,20.58,1641531600000000000,9
ESG,5461,115,114.44,115.0099,114,1641531600000000000,128
ESGA,3292,59.01,58.8822,59.06,58.785,1641531600000000000,39
ESGB,13,24.5239,24.5239,24.5239,24.5239,1641531600000000000,8
ESGC,2302266,0.2835,0.2566,0.2885,0.253,1641531600000000000,4667
ESGD,570263,79.26,79.53,79.64,78.96,1641531600000000000,3215
ESGE,1735633,39.57,39.68,39.75,39.37,1641531600000000000,6170
ESGG,3499,150.42,149.946,150.42,149.24,1641531600000000000,23
ESGN,1062,27.47,27.426,27.47,27.426,1641531600000000000,3
ESGR,16947,260.55,260.85,263.01,259.63,1641531600000000000,1162
ESGRO,6180,26.54,26.7371,26.81,26.54,1641531600000000000,74
ESGRP,27180,29.05,28.957,29.12,28.7605,1641531600000000000,147
ESGS,11493,39,39.3339,39.48,39,1641531600000000000,213
ESGU,738691,105.9269,105.42,106.22,105.1,1641531600000000000,7070
ESGV,303001,85.89,85.14,85.985,84.87,1641531600000000000,3078
ESGY,7,43.8171,43.8171,43.8171,43.8171,1641531600000000000,2
ESHY,494,20.8299,20.805,20.8299,20.805,1641531600000000000,8
ESI,753022,24.19,23.88,24.19,23.76,1641531600000000000,7651
ESLT,14494,176,176.89,177.16,175.8,1641531600000000000,789
ESM.U,1193,9.92,9.93,9.93,9.9101,1641531600000000000,12
ESML,83101,39.96,39.53,40.25,39.49,1641531600000000000,489
ESMT,497818,20.14,21.16,21.6194,20.07,1641531600000000000,5042
ESNT,715313,46.82,47.72,47.89,46.82,1641531600000000000,6731
ESP,163,13.15,13.15,13.15,13.15,1641531600000000000,13
ESPO,131675,62.33,61.98,62.96,61.61,1641531600000000000,1821
ESPR,1414520,4.36,4.15,4.44,4.13,1641531600000000000,10477
ESQ,24355,33.37,33.76,34.685,32.79,1641531600000000000,530
ESRT,4175362,10.13,10.17,10.49,10.03,1641531600000000000,17603
ESS,263168,347.16,344.31,348.845,344.18,1641531600000000000,7915
ESSA,10366,17.74,17.33,17.74,17.3,1641531600000000000,187
ESSC,1782749,14.48,13.75,15,11.45,1641531600000000000,10010
ESSCR,38000,0.449,0.401,0.5,0.401,1641531600000000000,11
ESSCU,824,15.22,14.45,15.22,14.45,1641531600000000000,17
ESSCW,283586,0.420351,0.4,0.429899,0.35,1641531600000000000,559
ESTA,141384,64.545,61.57,64.6,60.73,1641531600000000000,2712
ESTC,996916,108.25,108.22,113.89,106.37,1641531600000000000,18021
ESTE,815977,13.54,13.15,13.66,12.58,1641531600000000000,6583
ESUS,0,26.829,26.829,26.829,26.829,1641531600000000000,0
ET,21846612,9.1,9.24,9.31,9.06,1641531600000000000,40684
ETpC,15298,25.04,25.15,25.23,24.9501,1641531600000000000,100
ETpD,13952,25.22,25.34,25.36,25.22,1641531600000000000,96
ETpE,43307,25.42,25.7,25.7,25.42,1641531600000000000,252
ETAC,30192,9.8674,9.87,9.87,9.86,1641531600000000000,210
ETACW,42012,0.558,0.525,0.56,0.5007,1641531600000000000,68
ETB,45444,16.98,17.08,17.14,16.98,1641531600000000000,248
ETD,158752,26.49,26.43,26.81,26.3001,1641531600000000000,2879
ETG,136242,22.3,22.41,22.45,22.18,1641531600000000000,812
ETHO,3919,63.06,61.9335,63.06,61.9017,1641531600000000000,125
ETIp,6102,26.28,26.235,26.28,26.12,1641531600000000000,12
ETJ,277422,10.64,10.68,10.72,10.58,1641531600000000000,1150
ETN,2077222,169.5,167.85,170.88,167.81,1641531600000000000,31518
ETNB,32844,12.68,13.01,13.46,12.5342,1641531600000000000,674
ETO,20634,31.66,31.92,32.03,31.66,1641531600000000000,246
ETON,135342,4.18,4.27,4.29,4.08,1641531600000000000,1023
ETR,1262015,109.85,112.13,112.81,109.1,1641531600000000000,14995
ETRN,3257951,10.4,10.35,10.43,10.26,1641531600000000000,17073
ETSY,2829399,195.34,185.15,198.24,184.67,1641531600000000000,68190
ETTX,94556,2.07,2.03,2.08,1.9912,1641531600000000000,362
ETV,246781,16.42,16.38,16.48,16.3,1641531600000000000,1103
ETW,178930,11.05,11.08,11.11,10.97,1641531600000000000,730
ETWO,1898482,10.11,10.13,10.39,10.1,1641531600000000000,11972
ETWO.WS,80104,2.46,2.5,2.52,2.41,1641531600000000000,346
ETX,9758,21.27,21.28,21.3,21.2477,1641531600000000000,29
ETY,216784,14.79,14.72,14.84,14.7,1641531600000000000,1360
EUCG,2900,25.74,25.7716,25.7716,25.74,1641531600000000000,18
EUCRW,3001,0.5999,0.5999,0.5999,0.5999,1641531600000000000,35
EUDG,41012,34.189,34.347,34.43,34.165,1641531600000000000,105
EUDV,104,52.8895,52.8895,52.8895,52.8895,1641531600000000000,8
EUFN,1074152,20.87,21.03,21.07,20.8427,1641531600000000000,5173
EUFX,6,45.0093,45.0093,45.0093,45.0093,1641531600000000000,5
EUM,342086,12.76,12.69,12.81,12.69,1641531600000000000,395
EUO,53066,26.12,25.88,26.12,25.88,1641531600000000000,210
EURL,22910,37.54,38.1022,38.18,37.52,1641531600000000000,166
EURN,1043334,9.09,9.14,9.15,8.985,1641531600000000000,5992
EURZ,21,27.103,27.103,27.103,27.103,1641531600000000000,2
EUSA,16763,88.1,87.8087,88.37,87.5615,1641531600000000000,154
EUSB,30584,48.74,48.6748,48.74,48.5901,1641531600000000000,136
EUSC,4445,37.4,37.4455,37.48,37.29,1641531600000000000,17
EVA,99131,73.04,73.79,74.29,72.946,1641531600000000000,1509
EVAX,60539,4.44,4.34,4.67,4.28,1641531600000000000,688
EVBG,815081,60.22,60.02,62.5,59.47,1641531600000000000,11916
EVBN,3409,40.94,41,41.725,40.48,1641531600000000000,366
EVC,270768,6.45,6.31,6.56,6.295,1641531600000000000,2380
EVCM,492609,14,13.6,14.21,13.42,1641531600000000000,2651
EVE.U,606,10.03,10.03,10.03,10.03,1641531600000000000,5
EVER,197235,15.35,15.04,15.89,14.89,1641531600000000000,2972
EVF,23978,6.86,6.87,6.88,6.84,1641531600000000000,76
EVFM,1675454,0.3909,0.375,0.401,0.373,1641531600000000000,3235
EVG,63025,13.32,13.4,13.405,13.32,1641531600000000000,423
EVGN,120155,1.63,1.61,1.67,1.58,1641531600000000000,483
EVGO,3360689,9.75,9.52,10.18,9.35,1641531600000000000,19034
EVGOW,58906,2.51,2.42,2.7,2.32,1641531600000000000,272
EVH,707354,23.94,23.06,24.11,22.92,1641531600000000000,7569
EVI,32903,31.95,30,32.71,29.5,1641531600000000000,852
EVK,22535,2.3,2.36,2.39,2.3,1641531600000000000,140
EVLO,132781,6.07,5.99,6.18,5.95,1641531600000000000,1820
EVLV,175374,4.34,4.3,4.46,4.16,1641531600000000000,1516
EVLVW,67032,0.82,0.82,0.8298,0.7802,1641531600000000000,281
EVM,45738,11.61,11.55,11.63,11.55,1641531600000000000,211
EVN,91477,13.71,13.76,13.8,13.56,1641531600000000000,385
EVNT,504,10.0763,10.0731,10.0763,10.0731,1641531600000000000,4
EVO,73241,21.53,21.05,21.56,21.02,1641531600000000000,1055
EVOK,125461,0.53,0.5234,0.5789,0.5184,1641531600000000000,430
EVOL,23349,2.1991,2.24,2.27,2.1991,1641531600000000000,114
EVOP,146606,25.16,25.16,25.77,25.16,1641531600000000000,2181
EVR,334425,138.57,137.04,138.7284,136.03,1641531600000000000,7067
EVRG,1004384,67.11,67.55,67.85,66.69,1641531600000000000,12026
EVRI,768023,20.91,20.2,21.27,20.19,1641531600000000000,8511
EVT,102454,29.16,29.21,29.6436,28.93,1641531600000000000,687
EVTC,227901,48.72,48.09,49.3569,48.09,1641531600000000000,3883
EVTL,365912,8.53,8.87,9.31,8.53,1641531600000000000,2832
EVTL.WS,7394,0.75,0.8177,0.8199,0.75,1641531600000000000,27
EVV,266965,13.15,13.12,13.15,13.08,1641531600000000000,1328
EVX,1211,149.15,147.5487,149.15,147.42,1641531600000000000,83
EW,2164374,122.16,122.3,123.81,121.02,1641531600000000000,27261
EWA,2810960,24.53,24.62,24.63,24.41,1641531600000000000,8655
EWBC,1249888,86.6,86.81,87.13,85.5,1641531600000000000,14589
EWC,4367817,38,38.31,38.34,37.893,1641531600000000000,10374
EWCO,10796,36.07,36.4006,36.56,36.07,1641531600000000000,106
EWCZ,331034,28.12,28.25,28.7264,27.59,1641531600000000000,6214
EWD,620943,45.93,45.92,46.06,45.51,1641531600000000000,4555
EWEB,5887,9.71,9.48,9.71,9.48,1641531600000000000,44
EWG,2564900,33.03,33.11,33.16,32.9,1641531600000000000,5956
EWGS,1601,78.27,78.307,78.307,78.11,1641531600000000000,19
EWH,3330878,23.34,23.42,23.458,23.32,1641531600000000000,6943
EWI,870080,33.09,33.22,33.28,32.98,1641531600000000000,3984
EWJ,4807673,66.52,66.67,66.7983,66.125,1641531600000000000,24296
EWJE,741,36.91,37.0066,37.0066,36.91,1641531600000000000,16
EWJV,15150,27.45,27.57,27.59,27.3,1641531600000000000,64
EWK,1065,21.53,21.6,21.6,21.53,1641531600000000000,37
EWL,1731709,51.81,52.02,52.095,51.69,1641531600000000000,7080
EWM,332294,24.72,24.66,24.75,24.605,1641531600000000000,2392
EWMC,6337,96.0252,95.4482,96.4391,95.3943,1641531600000000000,57
EWN,45056,49.08,49.42,49.5,48.91,1641531600000000000,558
EWO,6966,26.08,26.21,26.25,26.08,1641531600000000000,82
EWP,797547,26.54,26.8,26.815,26.52,1641531600000000000,4309
EWQ,2253221,39.15,39.37,39.43,39.07,1641531600000000000,7477
EWRE,29015,41.23,41.06,41.37,41.0392,1641531600000000000,279
EWS,794555,21.15,21.23,21.27,21.11,1641531600000000000,3468
EWSC,15720,85.68,84.02,85.68,84.02,1641531600000000000,173
EWT,2635347,66.23,66.14,66.35,65.78,1641531600000000000,16171
EWTX,385903,17.56,17.55,18.62,17.28,1641531600000000000,6121
EWU,4119379,33.71,33.98,33.99,33.7,1641531600000000000,8449
EWUS,3846,45.35,45.5084,45.54,45.32,1641531600000000000,48
EWV,2702,13.29,13.23,13.32,13.23,1641531600000000000,33
EWW,1019310,50.69,50.76,50.82,50.26,1641531600000000000,10252
EWX,18119,58.585,58.6525,58.7197,58.31,1641531600000000000,199
EWY,4279549,76.78,77.53,77.55,76.45,1641531600000000000,30929
EWZ,17084068,26.86,27.27,27.345,26.835,1641531600000000000,50051
EWZS,128801,12.2,12.36,12.41,12.18,1641531600000000000,638
EXAI,427457,20.24,20.06,20.33,17.61,1641531600000000000,4250
EXAS,2330751,74.35,75.66,80.33,74.3,1641531600000000000,27889
EXC,8421392,56.73,56.64,57.19,56.24,1641531600000000000,65697
EXD,89573,12.45,12.43,12.45,12.35,1641531600000000000,483
EXEL,1857762,18.46,18.74,19.03,18.355,1641531600000000000,15972
EXFY,390835,33.21,32.33,33.33,30.52,1641531600000000000,5540
EXG,485626,10.49,10.48,10.5199,10.42,1641531600000000000,1948
EXI,3332,123.29,123.4266,123.593,123.29,1641531600000000000,158
EXK,1781515,3.87,3.86,3.92,3.8,1641531600000000000,4881
EXLS,217701,136.33,133.61,136.9163,133.47,1641531600000000000,2583
EXN,235538,1.06,0.934,1.06,0.85875,1641531600000000000,667
EXP,268478,161.74,160.99,163.66,159.17,1641531600000000000,5303
EXPD,985068,129.75,128.11,130.89,127.26,1641531600000000000,18151
EXPE,1682675,177.07,179.91,183.58,176.6,1641531600000000000,29073
EXPI,976109,28.37,28.43,30.1499,28.3,1641531600000000000,12516
EXPO,252642,107.96,103.56,108.41,102.8,1641531600000000000,5876
EXPR,1506317,3.09,3.05,3.2099,2.995,1641531600000000000,6659
EXR,889855,217,208.45,217.835,208.035,1641531600000000000,17950
EXTN,162197,3.41,3.47,3.48,3.345,1641531600000000000,1183
EXTR,1315756,15.095,14.25,15.1509,14.245,1641531600000000000,12380
EYE,871588,45.83,42.98,46.02,42.89,1641531600000000000,11120
EYEN,117653,3.57,3.63,3.65,3.49,1641531600000000000,515
EYES,458540,1.6,1.61,1.67,1.59,1641531600000000000,1992
EYESW,5380,0.2803,0.3,0.3,0.2803,1641531600000000000,7
EYLD,12126,35.72,35.95,36.1373,35.5622,1641531600000000000,126
EYPT,215208,13.53,14.11,14.13,13.441,1641531600000000000,3045
EZA,219247,47.46,47.31,47.5598,46.92,1641531600000000000,2180
EZFL,402483,1.44,1.44,1.6,1.3695,1641531600000000000,1162
EZGO,104795,1.33,1.33,1.38,1.31,1641531600000000000,355
EZJ,746,44.8201,45.2694,45.2694,44.56,1641531600000000000,20
EZM,18006,56.4,56.12,56.6499,56.05,1641531600000000000,229
EZPW,193959,7.36,7.33,7.41,7.3,1641531600000000000,1695
EZU,3393346,49.15,49.37,49.445,48.98,1641531600000000000,11346
F,126599000,24.67,24.44,24.91,24.04,1641531600000000000,338068
FpB,13775,27.15,27.2681,27.3,27.02,1641531600000000000,104
FpC,67223,26.86,26.96,26.98,26.66,1641531600000000000,285
FA,415828,18.31,18,18.37,17.91,1641531600000000000,4953
FAAR,52604,29.09,29.23,29.31,29.09,1641531600000000000,196
FAB,6099,76.43,76.639,76.85,76.43,1641531600000000000,53
FACA,1605,9.823,9.865,9.865,9.823,1641531600000000000,4
FACA.U,109,10.06,10.06,10.06,10.06,1641531600000000000,3
FACA.WS,535,1.09,1.165,1.165,1.09,1641531600000000000,5
FACT,11510,9.7,9.7,9.7002,9.7,1641531600000000000,68
FACT.WS,31323,0.57,0.5512,0.57,0.5499,1641531600000000000,81
FAD,5125,118.8,117.585,119.23,117.585,1641531600000000000,78
FAF,849181,78.44,77.49,78.8,77.35,1641531600000000000,9357
FAIL,1158,20.945,20.945,20.945,20.945,1641531600000000000,35
FALN,1591956,29.5,29.41,29.52,29.41,1641531600000000000,6089
FAM,64275,9.32,9.25,9.36,9.25,1641531600000000000,352
FAMI,25064352,0.24,0.255,0.2589,0.238,1641531600000000000,18617
FAN,60922,19.24,19.35,19.36,19.17,1641531600000000000,828
FANG,2417650,124,121.52,124.69,120.216,1641531600000000000,38728
FANH,32645,7.695,7.41,7.695,7.31,1641531600000000000,423
FAPR,1397,32.425,32.38,32.425,32.38,1641531600000000000,5
FARM,71019,7.27,7.51,7.62,7.27,1641531600000000000,462
FARO,43337,65.93,63.63,65.93,63.63,1641531600000000000,1582
FAS,2086284,145.6,149.66,150.48,144.44,1641531600000000000,24404
FAST,2812743,61.61,60.63,61.67,60.595,1641531600000000000,29613
FAT,14690,11.3462,11.04,11.71,10.93,1641531600000000000,260
FATBB,3052,11.458,12.75,12.7975,11.44,1641531600000000000,75
FATBP,16172,18.95,18.7,18.95,18.6001,1641531600000000000,195
FATE,961301,48.97,48.31,52.54,48.06,1641531600000000000,17651
FATH,346692,6.07,5.65,6.31,5.53,1641531600000000000,2311
FATH.WS,62885,0.6,0.56,0.64,0.56,1641531600000000000,225
FATP,182302,9.76,9.75,9.77,9.75,1641531600000000000,82
FATPW,1499,0.3602,0.3697,0.3697,0.3602,1641531600000000000,3
FAUG,43611,38.44,38.36,38.48,38.336,1641531600000000000,40
FAX,809384,3.82,3.86,3.87,3.82,1641531600000000000,2615
FAZ,3664365,16.95,16.46,17.04,16.345,1641531600000000000,14584
FB,14714389,332.74,331.79,337,328.8801,1641531600000000000,219735
FBC,577423,51.01,51.59,51.66,50.33,1641531600000000000,5858
FBCG,156227,33.09,32.67,33.225,32.475,1641531600000000000,1165
FBCV,29389,29.69,29.71,29.77,29.56,1641531600000000000,272
FBGX,1881,795.7,785.228,795.94,785.228,1641531600000000000,24
FBHS,854585,104.54,101.32,104.64,101.06,1641531600000000000,14786
FBIO,295090,2.42,2.41,2.48,2.4,1641531600000000000,1968
FBIOP,4194,25.77,26.13,26.21,25.77,1641531600000000000,44
FBIZ,18782,30.19,30.8,31.76,30.19,1641531600000000000,637
FBK,140240,46.18,46.43,46.6813,45.65,1641531600000000000,1972
FBMS,27815,39.84,39.75,40,39.54,1641531600000000000,1064
FBNC,148033,48.22,48.37,48.62,47.895,1641531600000000000,1596
FBND,268586,52.34,52.3,52.4,52.2037,1641531600000000000,1259
FBP,3824519,15.43,15.96,16.04,15.3138,1641531600000000000,18114
FBRT,185575,15.45,15.33,15.51,15.32,1641531600000000000,2078
FBRTpE,13608,25.0399,25.06,25.1,25.0399,1641531600000000000,69
FBRX,159626,1.96,1.88,1.99,1.88,1641531600000000000,1357
FBT,63289,154.48,152.74,156.677,152.69,1641531600000000000,746
FBZ,208,10.71,10.71,10.71,10.71,1641531600000000000,15
FC,149857,48.57,50.66,51.1,48.35,1641531600000000000,2269
FCAL,12037,54.51,54.57,54.6,54.51,1641531600000000000,86
FCAP,1631,41.15,41.67,41.67,41.15,1641531600000000000,125
FCAX,4011,9.76,9.78,9.7832,9.76,1641531600000000000,40
FCAX.U,25145,9.94,9.95,9.98,9.94,1641531600000000000,21
FCAX.WS,16676,0.9,0.9,0.9021,0.895,1641531600000000000,51
FCBC,16898,34.92,35.24,35.47,34.65,1641531600000000000,771
FCCO,9160,21.12,21.3,21.31,21.12,1641531600000000000,192
FCEF,4039,25.14,25.31,25.31,25.14,1641531600000000000,41
FCEL,18355302,5.185,5.1,5.36,5.06,1641531600000000000,53741
FCF,618610,17.12,17.24,17.25,16.97,1641531600000000000,4014
FCFS,337403,73.29,73.81,74.315,72.89,1641531600000000000,2565
FCG,1067193,18.73,18.69,18.84,18.47,1641531600000000000,4207
FCLD,10905,23.47,23.35,23.675,23.3,1641531600000000000,195
FCN,153259,155.11,148.61,155.8,148.56,1641531600000000000,5013
FCNCA,205904,868.52,906.08,907.44,867.98,1641531600000000000,8335
FCNCO,38794,26.565,26.98,27.85,26.5,1641531600000000000,192
FCNCP,1674634,26.25,26.06,26.25,25.85,1641531600000000000,219
FCO,47695,7.17,7.22,7.29,7.14,1641531600000000000,340
FCOM,71268,50.33,50.27,50.62,50.1,1641531600000000000,701
FCOR,31282,54.24,54.1425,54.31,54.05,1641531600000000000,259
FCPI,53893,33.89,33.83,33.95,33.58,1641531600000000000,416
FCPT,1083435,28.67,28.47,28.88,28.42,1641531600000000000,6107
FCRD,17701,4.67,4.66,4.7,4.66,1641531600000000000,98
FCRX,1546,25.5,25.5999,25.6,25.5,1641531600000000000,21
FCSH,0,24.99,24.99,24.99,24.99,1641531600000000000,0
FCT,255439,12.15,12.33,12.34,12.07,1641531600000000000,1318
FCTR,180192,33.53,33.3005,33.5443,33.26,1641531600000000000,424
FCUV,43103,8.99,8.8,9.03,8.55,1641531600000000000,638
FCVT,77618,40.27,39.86,40.27,39.81,1641531600000000000,433
FCX,16439897,41,41.88,42.11,40.45,1641531600000000000,112211
FDBC,3173,54.52,53.4,54.57,52.7,1641531600000000000,204
FDD,83711,14.63,14.74,14.755,14.63,1641531600000000000,228
FDEC,77149,34.71,34.55,34.7399,34.5401,1641531600000000000,223
FDEM,2212,25.56,25.75,25.909,25.56,1641531600000000000,24
FDEU,109696,13.24,13.3,13.35,13.18,1641531600000000000,294
FDEV,2090,29.19,29.37,29.43,29.19,1641531600000000000,13
FDG,17057,76.49,75.6343,77.045,75.47,1641531600000000000,118
FDHT,5357,23.74,23.5,23.751,23.4,1641531600000000000,118
FDHY,43510,54,53.835,54.3648,53.8,1641531600000000000,371
FDIS,146246,87.42,85.72,87.46,85.48,1641531600000000000,2316
FDIV,3209,50.846,50.9872,50.9872,50.846,1641531600000000000,33
FDL,252930,36.17,36.49,36.5727,36.13,1641531600000000000,1279
FDLO,35418,50.89,50.69,50.905,50.645,1641531600000000000,434
FDM,18651,64.41,64.24,64.74,63.99,1641531600000000000,101
FDMO,9530,52.61,52.226,52.62,52.12,1641531600000000000,205
FDMT,153185,19.69,18.76,20.1055,18.58,1641531600000000000,2660
FDN,464221,212.39,211.1,215.1,209.7,1641531600000000000,5620
FDNI,14265,33.62,33.6714,34.44,33.5088,1641531600000000000,161
FDP,130070,28.73,29.07,29.15,28.6,1641531600000000000,2414
FDRR,85955,45.46,45.52,45.61,45.35,1641531600000000000,751
FDRV,18303,26.84,26.56,27.22,26.39,1641531600000000000,375
FDS,263620,449.2,441.87,450,441.6,1641531600000000000,9053
FDT,58787,60.67,60.985,61.034,60.57,1641531600000000000,457
FDTS,270,45.48,45.045,45.48,45.045,1641531600000000000,7
FDUS,46296,17.94,17.89,18.0538,17.66,1641531600000000000,541
FDVV,144704,40.73,40.82,40.955,40.6958,1641531600000000000,1050
FDWM,995,20.28,20.1391,20.28,20.1,1641531600000000000,23
FDX,1637333,262.69,263.99,266.61,262.04,1641531600000000000,29254
FE,4266277,41.19,41.41,41.68,40.99,1641531600000000000,27577
FEBZ,0,29.6716,29.6716,29.6716,29.6716,1641531600000000000,0
FEDL,158603,31.58,31.7053,31.91,31.28,1641531600000000000,1079
FEDM,17,51.0288,51.0288,51.0288,51.0288,1641531600000000000,2
FEDU,66229,0.76,0.6798,0.76,0.65,1641531600000000000,384
FEDX,738,24.9999,24.9463,25,24.9463,1641531600000000000,10
FEHY,3009,49.06,49,49.06,49,1641531600000000000,14
FEI,170393,7.69,7.81,7.9,7.69,1641531600000000000,1595
FEIG,0,48.079,48.079,48.079,48.079,1641531600000000000,0
FEIM,1749,9.43,9.5,9.5,9.43,1641531600000000000,43
FELE,110836,93.72,91.56,94.07,91.44,1641531600000000000,2697
FEM,99629,26.05,26.1,26.1299,25.92,1641531600000000000,535
FEMB,504524,30.88,30.8654,31.0299,30.67,1641531600000000000,1981
FEMS,4661,40.19,40.2,40.2,39.88,1641531600000000000,47
FEMY,346740,3.24,3.26,3.399,2.69,1641531600000000000,1274
FEN,190079,15.25,15.63,15.81,15.1502,1641531600000000000,755
FENC,57334,4.2601,4.52,4.56,4.2601,1641531600000000000,392
FENG,102036,0.81,0.8326,0.85,0.8003,1641531600000000000,248
FENY,1279969,16.6,16.72,16.775,16.48,1641531600000000000,4838
FEO,9093,13.23,13.25,13.3375,13.23,1641531600000000000,51
FEP,85553,43.03,43.18,43.29,42.93,1641531600000000000,383
FERG,30392,175.29,174.39,175.38,173.5,1641531600000000000,768
FET,19843,17.32,17.835,18.1899,17.27,1641531600000000000,342
FEUS,10,53.7285,53.7285,53.7285,53.7285,1641531600000000000,2
FEUZ,4460,46.4,46.5563,46.64,46.29,1641531600000000000,66
FEVR,3693,27.98,27.4428,27.98,27.4428,1641531600000000000,41
FEX,18968,90.93,90.4351,90.93,90.26,1641531600000000000,179
FEXDU,2108,10.26,10.23,10.26,10.23,1641531600000000000,12
FEZ,1861760,46.8,46.92,47.02,46.54,1641531600000000000,8950
FF,184134,8.03,8.11,8.15,7.91,1641531600000000000,1717
FFA,32525,21.15,21.12,21.34,20.88,1641531600000000000,270
FFBC,280207,26.3,26.5,26.67,26.18,1641531600000000000,3721
FFC,87517,21.34,21.38,21.42,21.3302,1641531600000000000,400
FFEB,10845,38.32,38.33,38.35,38.31,1641531600000000000,23
FFHG,6694,36.79,36.52,36.84,36.38,1641531600000000000,24
FFHL,860,7.52,7.715,7.715,7.52,1641531600000000000,15
FFIC,59844,25.66,25.59,25.69,25.25,1641531600000000000,1316
FFIE,673739,5.67,5.36,5.85,5.33,1641531600000000000,3728
FFIEW,97398,0.9502,0.89,0.9939,0.8678,1641531600000000000,106
FFIN,349349,52.93,52.79,53.39,52.175,1641531600000000000,4949
FFIU,123,25.645,25.645,25.645,25.645,1641531600000000000,8
FFIV,330839,235.21,231.95,235.8313,229.275,1641531600000000000,9052
FFND,10518,23.28,22.714,23.28,22.6655,1641531600000000000,99
FFNW,3793,16.5377,16.75,16.75,16.5001,1641531600000000000,39
FFR,2423,53,52.74,53.1,52.74,1641531600000000000,35
FFSG,6645,37.0279,36.9602,37.0279,36.9602,1641531600000000000,8
FFTG,7493,30.17,30.42,30.48,30.17,1641531600000000000,40
FFTI,41346,23.5754,23.5848,23.6,23.57,1641531600000000000,35
FFTY,54413,43.03,41.92,43.3151,41.9,1641531600000000000,702
FFWM,111871,26.77,26.81,26.8869,26.34,1641531600000000000,2221
FGB,47744,4.06,4.15,4.15,4.06,1641531600000000000,182
FGBI,6391,20.3,20.25,20.3,20.19,1641531600000000000,250
FGBIP,622,26.99,26.04,27.27,26.04,1641531600000000000,9
FGD,96187,25.61,25.85,25.86,25.61,1641531600000000000,408
FGEN,921124,13.96,13.53,14.23,13.49,1641531600000000000,8259
FGF,57092,3.63,3.63,3.85,3.61,1641531600000000000,525
FGFPP,2033,24.843,24.75,24.87,24.75,1641531600000000000,20
FGM,2094,53.4,53.32,53.4,53.1201,1641531600000000000,16
FGRO,29729,19.26,19.12,19.47,19.0305,1641531600000000000,258
FHB,705429,30,30.51,30.63,29.8,1641531600000000000,7760
FHI,456438,38.89,39.16,39.21,38.71,1641531600000000000,6336
FHLC,257602,65.4,65.06,65.515,65.04,1641531600000000000,3302
FHLT,14981,9.79,9.85,9.85,9.79,1641531600000000000,67
FHLTW,13700,0.5001,0.485,0.5001,0.485,1641531600000000000,14
FHN,5439677,18.14,18.39,18.46,17.95,1641531600000000000,28522
FHNpB,906,27.8878,27.7963,27.8878,27.7963,1641531600000000000,18
FHNpC,1344,27.76,27.5,27.76,27.5,1641531600000000000,21
FHNpD,4685,26.5,26.625,26.7339,26.5,1641531600000000000,32
FHNpE,2892,27,27.2321,27.36,26.955,1641531600000000000,65
FHNpF,14436,25.3203,25.25,25.38,25.23,1641531600000000000,117
FHS,180356,1.91,1.74,1.95,1.7032,1641531600000000000,645
FHTX,320513,18.81,18.05,19.5481,17.1,1641531600000000000,3897
FHYS,110,25.1042,25.09,25.1042,25.09,1641531600000000000,2
FIAC,1669,9.9,9.9,9.9,9.89,1641531600000000000,20
FIACU,806656,10.0999,10.085,10.11,10.085,1641531600000000000,18
FIBK,340860,44.46,44.52,44.91,43.98,1641531600000000000,5657
FIBR,5932,97.9977,98.0362,98.06,97.9828,1641531600000000000,34
FICO,228457,440.67,440.05,449.83,439.645,1641531600000000000,7578
FICS,4479,35.54,35.57,35.59,35.42,1641531600000000000,28
FICV,22608,9.7,9.71,9.71,9.69,1641531600000000000,59
FICVW,3010,0.52,0.557,0.5598,0.51,1641531600000000000,21
FID,13689,17.92,17.88,17.93,17.83,1641531600000000000,77
FIDI,16617,21.12,21.27,21.33,21.095,1641531600000000000,168
FIDU,87338,56.28,55.97,56.42,55.93,1641531600000000000,853
FIEE,15,212.2112,212.2112,212.2112,212.2112,1641531600000000000,1
FIF,51806,13.94,13.95,14.0092,13.8632,1641531600000000000,276
FIGB,1499,49.4498,49.5074,49.5074,49.4498,1641531600000000000,14
FIGS,2280306,23.26,22.53,23.54,22.39,1641531600000000000,21105
FIHD,72,251.2309,251.2309,251.2309,251.2309,1641531600000000000,5
FILL,48694,19.07,19.24,19.26,19.05,1641531600000000000,220
FINM,1021,9.7662,9.76,9.7662,9.76,1641531600000000000,5
FINMW,200,0.6805,0.6805,0.6805,0.6805,1641531600000000000,1
FINS,44398,16.48,16.48,16.54,16.46,1641531600000000000,266
FINV,2234241,4.77,4.69,4.82,4.625,1641531600000000000,12450
FINW,26241,15.64,15.305,15.64,15,1641531600000000000,135
FINX,416078,37.42,37.12,37.8,36.8399,1641531600000000000,3548
FIS,2915326,116.17,117.64,118.23,115.71,1641531600000000000,32352
FISI,50453,33.43,33.61,33.78,33.2501,1641531600000000000,1006
FISR,386807,30.51,30.4875,30.56,30.44,1641531600000000000,179
FISV,2673071,108.68,108.83,109.98,107.83,1641531600000000000,34800
FITB,5191053,48.2599,48.8,48.95,47.95,1641531600000000000,51803
FITBI,31253,27.75,28.205,28.21,27.74,1641531600000000000,431
FITBO,19763,25.95,26.24,26.24,25.95,1641531600000000000,256
FITBP,1090,26.1176,26.18,26.18,26.1176,1641531600000000000,45
FITE,3146,51,50.6005,51.01,50.6005,1641531600000000000,38
FIVA,3331,24.75,24.88,24.89,24.75,1641531600000000000,33
FIVE,810872,192.95,186.21,194.29,185.66,1641531600000000000,15057
FIVG,395859,40.69,40.2,40.89,40.03,1641531600000000000,3354
FIVN,1516738,133.55,134.02,138.04,132.13,1641531600000000000,16352
FIVR,7440,24.85,24.8,24.85,24.6917,1641531600000000000,71
FIW,64202,90.84,89.53,90.84,89.48,1641531600000000000,1362
FIX,224874,97.46,95.87,97.6558,94.79,1641531600000000000,3382
FIXD,1330644,52.55,52.45,52.591,52.38,1641531600000000000,3201
FIXX,345668,3.52,3.49,3.74,3.48,1641531600000000000,3258
FIZZ,272264,45.12,44.8,45.53,44.545,1641531600000000000,3462
FJAN,11652,34.11,34.09,34.15,34.09,1641531600000000000,46
FJP,2786,50.15,50.1917,50.28,49.99,1641531600000000000,38
FJUL,4588,36.33,36.3,36.335,36.3,1641531600000000000,10
FJUN,7536,37.76,37.7,37.79,37.7,1641531600000000000,19
FKU,1145,44.185,44.2,44.26,44.1,1641531600000000000,15
FKWL,36448,4.58,4.54,4.58,4.47,1641531600000000000,325
FL,1891596,41.87,42.05,42.76,41.72,1641531600000000000,19963
FLACW,600,0.6349,0.6099,0.6349,0.6099,1641531600000000000,6
FLAG,2177,9.82,9.82,9.82,9.82,1641531600000000000,9
FLAG.WS,8647,0.5799,0.52,0.5799,0.5162,1641531600000000000,11
FLAU,1367,29.07,29.2193,29.2193,29.07,1641531600000000000,25
FLAX,49,26.0086,26.0086,26.0086,26.0086,1641531600000000000,6
FLBL,135051,24.935,24.965,24.98,24.915,1641531600000000000,261
FLBR,8311,16.74,16.9989,17.01,16.74,1641531600000000000,129
FLC,16485,22.81,22.61,22.81,22.58,1641531600000000000,136
FLCA,182,34.4102,34.4102,34.4102,34.4102,1641531600000000000,16
FLCB,2559843,24.8581,24.8149,24.8581,24.78,1641531600000000000,57
FLCH,73117,24.44,24.58,24.63,24.36,1641531600000000000,303
FLCO,273312,25.405,25.3338,25.41,25.31,1641531600000000000,32
FLDM,351502,3.26,3.18,3.35,3.155,1641531600000000000,4352
FLDR,8922,50.56,50.6124,50.62,50.56,1641531600000000000,54
FLDZ,1336,24.62,24.5542,24.62,24.5542,1641531600000000000,11
FLEE,147716,29.37,29.39,29.46,29.37,1641531600000000000,60
FLEH,3129,28.76,28.7877,28.7935,28.71,1641531600000000000,9
FLEX,3580567,17.9,17.46,18.2,17.35,1641531600000000000,29028
FLFR,111,31.9331,31.9331,31.9331,31.9331,1641531600000000000,10
FLGB,165119,25.81,25.97,26,25.81,1641531600000000000,587
FLGC,1260447,1.79,1.74,1.8,1.69,1641531600000000000,4533
FLGR,687,25.73,25.8,25.805,25.73,1641531600000000000,9
FLGT,494015,80.39,81.25,82.64,79.6,1641531600000000000,7970
FLGV,329810,23.55,23.565,23.584,23.5202,1641531600000000000,26
FLHK,3154,24.54,24.6,24.64,24.54,1641531600000000000,25
FLHY,224060,25.89,25.8835,25.92,25.85,1641531600000000000,44
FLIA,785767,24.345,24.315,24.345,24.31,1641531600000000000,7
FLIC,29643,22.35,22.37,22.515,22.22,1641531600000000000,613
FLIN,4673,32.65,32.7499,32.75,32.52,1641531600000000000,76
FLIY,94,27.7273,27.7273,27.7273,27.7273,1641531600000000000,7
FLJH,1774,31.46,31.5324,31.5324,31.32,1641531600000000000,15
FLJP,103615,29.19,29.27,29.31,29.085,1641531600000000000,392
FLKR,1885,27.36,27.6062,27.6062,27.309,1641531600000000000,56
FLL,279644,10.76,10.63,10.865,10.41,1641531600000000000,2253
FLLA,253,19.6612,19.6612,19.6612,19.6612,1641531600000000000,15
FLLV,4093,50.67,50.4087,50.67,50.37,1641531600000000000,93
FLM,328,54.561,54.895,54.895,54.56,1641531600000000000,5
FLMB,103,27.005,27.005,27.005,27.005,1641531600000000000,3
FLME,403590,9.71,9.72,9.75,9.71,1641531600000000000,37
FLME.U,761,10.0114,10.0114,10.0114,10.0114,1641531600000000000,1
FLME.WS,205,0.646899,0.646899,0.646899,0.646899,1641531600000000000,4
FLMI,7992,26.7509,26.7149,26.76,26.7,1641531600000000000,47
FLMN,279723,5.38,5.36,5.4397,5.3,1641531600000000000,1901
FLMNW,33500,0.1401,0.1383,0.1402,0.1383,1641531600000000000,22
FLMX,27,25.0371,25.0371,25.0371,25.0371,1641531600000000000,2
FLN,155,16.66,16.7725,16.7725,16.66,1641531600000000000,10
FLNC,1057088,28.46,27.4,28.67,27.2,1641531600000000000,12948
FLNG,210311,21.23,21.89,22.3351,21.05,1641531600000000000,1667
FLNT,170891,1.96,1.95,2.02,1.94,1641531600000000000,1171
FLO,816768,27.82,28.03,28.125,27.75,1641531600000000000,8815
FLOT,1249703,50.7,50.69,50.7,50.68,1641531600000000000,3010
FLOW,494447,86.4,85.76,86.43,85.65,1641531600000000000,5524
FLQD,899,37.05,37.0355,37.17,37.0355,1641531600000000000,10
FLQE,78,30.2683,30.2683,30.2683,30.2683,1641531600000000000,8
FLQG,2298,41.36,41.3195,41.36,41.3195,1641531600000000000,6
FLQH,1364,28.641,28.7591,28.7591,28.64,1641531600000000000,6
FLQL,471681,46.2,46.0437,46.26,46.03,1641531600000000000,128
FLQM,3579,47.23,46.7262,47.23,46.7262,1641531600000000000,39
FLQS,12,38.6592,38.6592,38.6592,38.6592,1641531600000000000,3
FLR,1002276,24.47,23.83,24.57,23.7653,1641531600000000000,10903
FLRG,1741,27,26.8852,27,26.8,1641531600000000000,25
FLRN,582910,30.58,30.585,30.6,30.58,1641531600000000000,1546
FLRT,32,48.835,48.835,48.835,48.835,1641531600000000000,6
FLRU,11107,29.9,29.77,29.98,29.77,1641531600000000000,63
FLS,1646376,31.48,31.64,31.83,31.32,1641531600000000000,10536
FLSA,119,35.8186,35.8186,35.8186,35.8186,1641531600000000000,10
FLSP,70796,21.5,21.4857,21.5247,21.15,1641531600000000000,20
FLSW,2146,35.76,35.8411,35.8411,35.6001,1641531600000000000,35
FLT,712206,239.06,243.03,245.75,239,1641531600000000000,16038
FLTB,35516,50.17,51.5232,51.53,50.17,1641531600000000000,186
FLTN,21499,25.0307,25.015,25.06,25.015,1641531600000000000,27
FLTR,117442,25.29,25.3,25.31,25.29,1641531600000000000,362
FLTW,5520,46.29,46.2527,46.3,46.05,1641531600000000000,68
FLUD,0,24.76,24.76,24.76,24.76,1641531600000000000,0
FLUX,46961,4.18,4.22,4.24,4.13,1641531600000000000,319
FLV,20649,61.86,62.2134,62.34,61.86,1641531600000000000,64
FLWS,722549,24.5,24.26,25.08,24.13,1641531600000000000,7473
FLXS,23382,28.01,28.45,28.78,27.7953,1641531600000000000,489
FLYA,508,10.0501,10.08,10.08,10.0501,1641531600000000000,11
FLYA.U,5000,10.22,10.22,10.22,10.22,1641531600000000000,12
FLYA.WS,4000,0.54,0.54,0.54,0.5302,1641531600000000000,21
FLYT,3252,48.93,49.1008,49.101,48.93,1641531600000000000,19
FLYW,304902,33.28,33.11,34.37,32.76,1641531600000000000,5934
FLZA,1497,25.47,25.5436,25.5436,25.35,1641531600000000000,20
FM,38116,34.32,34.52,34.6962,34.32,1641531600000000000,406
FMAC,48522,9.91,9.9,9.91,9.89,1641531600000000000,136
FMAC.U,2251,10.15,10.15,10.15,10.15,1641531600000000000,8
FMAC.WS,100962,0.85,0.7984,0.9298,0.764,1641531600000000000,489
FMAG,25673,24.01,23.71,24.04,23.63,1641531600000000000,234
FMAO,8214,32.95,32.85,32.99,32.645,1641531600000000000,342
FMAR,9881,33.0101,33.01,33.11,33.01,1641531600000000000,41
FMAT,240072,49.88,49.76,49.93,49.51,1641531600000000000,692
FMAY,52298,38.01,38,38.07,38,1641531600000000000,16
FMB,215053,56.79,56.73,56.8,56.73,1641531600000000000,845
FMBH,19678,44.68,44.75,45,44.54,1641531600000000000,759
FMBI,652175,22,22.04,22.18,21.8,1641531600000000000,5867
FMBIO,596,27.76,27.76,27.76,27.76,1641531600000000000,12
FMBIP,12830,28.0088,27.69,28.0088,27.45,1641531600000000000,107
FMC,669151,108.16,108.21,108.55,107.19,1641531600000000000,13424
FMF,20604,45.69,45.69,45.77,45.578,1641531600000000000,133
FMHI,31123,55.94,55.9,55.95,55.8763,1641531600000000000,162
FMIL,8780,30.12,30.24,30.36,30.12,1641531600000000000,110
FMIV,2811,9.75,9.75,9.75,9.75,1641531600000000000,30
FMN,39577,14.83,14.82,14.83,14.69,1641531600000000000,232
FMNB,38626,19.53,19.62,19.73,19.34,1641531600000000000,821
FMNY,2025,30.16,30.16,30.17,30.16,1641531600000000000,4
FMO,18892,11.15,11.19,11.24,11.15,1641531600000000000,124
FMQQ,3280,19.46,19.3896,19.6,19.37,1641531600000000000,30
FMS,763302,31.84,32.43,32.46,31.84,1641531600000000000,6793
FMTX,597366,12.98,12.37,13.22,12.08,1641531600000000000,3839
FMX,382010,78.37,79.6,79.84,78.37,1641531600000000000,2772
FMY,4444,13.43,13.36,13.45,13.32,1641531600000000000,36
FN,497425,119.69,120.62,122.08,118,1641531600000000000,7265
FNA,309672,16.2,15.41,16.63,15.075,1641531600000000000,4310
FNB,3188308,13.54,13.72,13.76,13.39,1641531600000000000,18919
FNBpE,3710,26.835,27.0499,27.2,26.835,1641531600000000000,58
FNCB,2361,9.09,9.09,9.1698,9.0174,1641531600000000000,40
FNCH,28419,9.1,9.17,10,9.06,1641531600000000000,534
FNCL,302235,58.17,58.58,58.68,57.9,1641531600000000000,2528
FND,743707,116.47,114.55,118.21,114.02,1641531600000000000,13621
FNDA,245733,55.74,55.28,55.9399,55.2395,1641531600000000000,806
FNDB,14405,58.82,58.75,58.9481,58.7497,1641531600000000000,141
FNDC,369266,37.23,37.48,37.5152,37.17,1641531600000000000,1324
FNDE,739412,31.28,31.44,31.469,31.25,1641531600000000000,2202
FNDF,532976,33.16,33.4,33.4101,33.11,1641531600000000000,2154
FNDX,472960,59.27,59.43,59.5991,59.1899,1641531600000000000,1706
FNF,1799571,53.49,53.26,53.86,53.07,1641531600000000000,17671
FNGD,467735,40.39,41.89,42.5996,39.4301,1641531600000000000,4284
FNGG,25585,20.2,19.53,20.57,19.16,1641531600000000000,312
FNGO,3078,45.69,44.84,46.32,44.71,1641531600000000000,99
FNGR,62334,5.02,5.21,5.3485,4.945,1641531600000000000,189
FNGS,16373,31.87,31.6,31.94,31.4,1641531600000000000,146
FNGU,3722569,35.59,34.24,36.44,33.79,1641531600000000000,35002
FNHC,64983,1.47,1.5,1.5,1.44,1641531600000000000,202
FNI,12015,46.91,47.17,47.52,46.88,1641531600000000000,89
FNK,240677,48.03,47.96,48.1451,47.832,1641531600000000000,196
FNKO,329586,18.22,18.41,18.64,17.9803,1641531600000000000,3619
FNLC,19742,33.48,33.42,33.8349,33.2,1641531600000000000,370
FNOV,56907,38.64,38.49,38.66,38.45,1641531600000000000,208
FNV,696025,126.86,127.31,127.62,125.2,1641531600000000000,9990
FNVT,4359,9.88,9.88,9.88,9.88,1641531600000000000,58
FNVTU,1000,10.13,10.15,10.15,10.13,1641531600000000000,8
FNVTW,1000,0.39,0.39,0.39,0.39,1641531600000000000,1
FNWB,10422,20.24,20.39,20.4,20.2,1641531600000000000,207
FNWD,696,46.5,46.88,46.88,46.5,1641531600000000000,12
FNX,36195,102.08,101.68,102.8201,101.68,1641531600000000000,345
FNY,72653,71.28,70.13,71.79,70.13,1641531600000000000,268
FOA,658478,3.89,4.07,4.149,3.89,1641531600000000000,2387
FOA.WS,12300,0.3901,0.360367,0.4204,0.360367,1641531600000000000,38
FOCS,242500,57.28,56.66,57.55,56.555,1641531600000000000,3908
FOCT,16415,35.38,35.32,35.45,35.32,1641531600000000000,63
FOE,272688,21.78,21.8,21.855,21.76,1641531600000000000,2559
FOF,58316,14.23,14.5,14.95,14.23,1641531600000000000,316
FOLD,5315701,12.28,11.41,12.38,11.4,1641531600000000000,15618
FOMO,674,22.26,22.3316,22.3316,22.26,1641531600000000000,14
FONR,21506,15.82,15.81,15.9505,15.5,1641531600000000000,186
FOR,84917,21.17,20.19,21.19,20.17,1641531600000000000,1114
FORA,65579,7.96,7.88,8.02,7.78,1641531600000000000,1075
FORD,118693,1.75,1.63,1.78,1.61,1641531600000000000,491
FORG,212684,19.59,19.29,20.45,19.24,1641531600000000000,2798
FORH,0,24.7359,24.7359,24.7359,24.7359,1641531600000000000,0
FORM,325717,45.54,42.27,45.59,42.27,1641531600000000000,5135
FORR,58781,58.76,57,58.76,56.75,1641531600000000000,1616
FORTY,4318,121.8,120.75,122.4,120.2,1641531600000000000,50
FOSL,327563,10.37,10.43,10.71,10.33,1641531600000000000,4460
FOSLL,5097,25.5386,25.54,25.54,25.46,1641531600000000000,55
FOUN,31726,9.96,9.97,9.97,9.94,1641531600000000000,81
FOUNU,4661,10.25,10.33,10.33,10.25,1641531600000000000,28
FOUNW,27569,0.7004,0.785049,0.8299,0.68,1641531600000000000,52
FOUR,1494039,55.88,56.57,58,54.8323,1641531600000000000,13258
FOVL,7642,60.5,60.87,60.934,60.3,1641531600000000000,68
FOX,1164194,35.48,36,36.22,35.48,1641531600000000000,13706
FOXA,4427756,38.57,39.02,39.12,38.44,1641531600000000000,31410
FOXF,168659,161.13,159.85,161.21,156.63,1641531600000000000,4551
FOXWW,837,0.3601,0.3794,0.3794,0.3601,1641531600000000000,5
FPA,375,31.48,31.345,31.48,31.1291,1641531600000000000,9
FPAC,373015,10.02,10.04,10.06,10.0148,1641531600000000000,583
FPAC.U,3711,10.53,10.64,10.64,10.5201,1641531600000000000,24
FPAC.WS,100682,1.83,1.78,1.9099,1.73,1641531600000000000,155
FPAG,2791,25.61,25.54,25.655,25.39,1641531600000000000,14
FPAY,57608,2.4,2.19,2.4,2.1703,1641531600000000000,248
FPE,2051913,20.24,20.2,20.24,20.17,1641531600000000000,4138
FPEI,232667,20.37,20.37,20.37,20.36,1641531600000000000,405
FPF,51699,24.39,24.5,24.57,24.3302,1641531600000000000,328
FPFD,30377,24.87,24.905,24.91,24.87,1641531600000000000,220
FPH,96518,6.39,6.52,6.64,6.32,1641531600000000000,1033
FPI,260240,11.84,11.68,11.85,11.62,1641531600000000000,2047
FPL,331468,5.8,5.89,5.9,5.72,1641531600000000000,1254
FPRO,7996,26.25,26.134,26.28,26.05,1641531600000000000,120
FPX,112776,115.46,114.76,116.7667,113.85,1641531600000000000,1509
FPXE,2112,29.9,29.6894,29.9,29.6894,1641531600000000000,25
FPXI,149441,55.12,54.96,55.3815,54.74,1641531600000000000,1210
FQAL,28571,54.78,54.32,54.8399,54.3,1641531600000000000,478
FR,1431963,62.17,61.47,62.48,61.14,1641531600000000000,11239
FRA,79417,13.45,13.48,13.52,13.45,1641531600000000000,528
FRAF,1314,33.59,33.89,33.95,33.59,1641531600000000000,18
FRBA,19196,14.86,14.86,14.92,14.64,1641531600000000000,454
FRBK,147419,3.82,3.89,3.9119,3.815,1641531600000000000,876
FRBNU,24865,10.075,10.0725,10.1,10.05,1641531600000000000,41
FRC,1033842,203.67,204.06,205,201.32,1641531600000000000,20820
FRCpH,14134,25.32,25.47,25.47,25.2093,1641531600000000000,117
FRCpI,9163,26.51,26.6,26.6778,26.48,1641531600000000000,123
FRCpJ,15475,26.16,26.22,26.31,25.9823,1641531600000000000,187
FRCpK,26360,24.58,24.6121,24.69,24.38,1641531600000000000,255
FRCpL,21898,24.6,24.66,24.79,24.51,1641531600000000000,140
FRCpM,78644,23.53,23.595,23.6365,23.375,1641531600000000000,587
FRCpN,102315,25.25,25.28,25.43,25.1,1641531600000000000,566
FRD,36649,10.31,10.8,11.0564,10.31,1641531600000000000,214
FRDM,28317,33.415,33.4,33.5065,33.28,1641531600000000000,167
FREE,248096,10.22,10.1,10.25,9.98,1641531600000000000,3108
FREEW,16190,1.09,1.08,1.1,1.07,1641531600000000000,50
FREL,474690,33.4,33.27,33.48,33.17,1641531600000000000,3731
FREQ,105489,5.255,5.47,5.64,5.255,1641531600000000000,1508
FREY,1570386,10.25,9.8,10.49,9.68,1641531600000000000,10865
FREY.WS,20283,3.24,3.06,3.25,2.96,1641531600000000000,118
FRG,171619,52.78,52.99,53.8,52.47,1641531600000000000,3259
FRGAP,5036,26.42,26.42,26.5399,26.3001,1641531600000000000,35
FRGI,24839,10.89,10.76,11.01,10.64,1641531600000000000,873
FRHC,1646409,68.22,67.59,68.65,67.26,1641531600000000000,14704
FRI,80383,31.74,31.56,31.78,31.55,1641531600000000000,313
FRLA,9730,9.94,9.95,9.95,9.94,1641531600000000000,67
FRLAU,14607,10.12,10.12,10.12,10.12,1641531600000000000,23
FRLAW,1400,0.4,0.3857,0.4,0.3857,1641531600000000000,13
FRLG,713,344.5,336.5571,344.5,336.5571,1641531600000000000,8
FRLN,2037800,1.82,1.73,1.89,1.71,1641531600000000000,5817
FRME,172392,45.45,45.57,45.82,45.19,1641531600000000000,2606
FRNW,16764,23.17,22.84,23.17,22.83,1641531600000000000,192
FRO,1713013,7.43,7.48,7.525,7.38,1641531600000000000,10351
FROG,555104,28.74,28.08,29.27,27.98,1641531600000000000,8044
FRON,1235,9.78,9.8,9.8,9.765,1641531600000000000,16
FRONU,1483,9.91,9.9084,9.9852,9.9084,1641531600000000000,11
FRPH,4990,59.175,58.12,59.175,58.12,1641531600000000000,218
FRPT,628126,87.59,89.07,91.15,87.5,1641531600000000000,10010
FRSG,91839,9.89,9.88,9.8936,9.88,1641531600000000000,231
FRSGU,740,10.06,10.088,10.088,10.06,1641531600000000000,6
FRSGW,5236,0.7899,0.76,0.7999,0.7501,1641531600000000000,28
FRSH,1038254,22.13,22.8,22.98,21.72,1641531600000000000,10000
FRST,26496,15.99,15.91,16.02,15.84,1641531600000000000,684
FRSX,620498,1.63,1.66,1.71,1.6199,1641531600000000000,2613
FRT,460097,135.16,134.37,135.7467,134.05,1641531600000000000,10331
FRTpC,7539,25.39,25.4,25.4,25.31,1641531600000000000,67
FRTA,249490,23.93,23.9,23.95,23.89,1641531600000000000,2160
FRTY,9300,19.26,19.0976,19.405,19.08,1641531600000000000,58
FRW,2165,9.78,9.8,9.82,9.78,1641531600000000000,26
FRWAW,2508,0.685,0.7001,0.7001,0.6801,1641531600000000000,14
FRXB,40763,9.7295,9.73,9.75,9.71,1641531600000000000,116
FRXB.U,12023,9.92,9.95,9.95,9.92,1641531600000000000,127
FSBC,21234,31.26,31.45,31.73,31.06,1641531600000000000,489
FSBW,8512,34.69,35.28,35.3,34.35,1641531600000000000,441
FSD,47527,15.47,15.41,15.4874,15.4,1641531600000000000,373
FSEA,5364,10.593,10.7,10.7,10.593,1641531600000000000,25
FSEC,142,48.82,48.775,48.82,48.775,1641531600000000000,3
FSEP,31229,35.6101,35.65,35.79,35.6,1641531600000000000,42
FSI,31360,3.745,3.69,3.84,3.52,1641531600000000000,231
FSIG,45,19.93,19.93,19.93,19.93,1641531600000000000,1
FSK,1098710,21.53,21.82,21.83,21.52,1641531600000000000,7453
FSLR,1041774,83.44,84.68,85.99,83.32,1641531600000000000,19482
FSLY,3236842,31.66,33.01,34.03,31.56,1641531600000000000,37847
FSM,3091399,3.58,3.6,3.63,3.53,1641531600000000000,6257
FSMB,59134,20.83,20.81,20.83,20.805,1641531600000000000,167
FSMD,10473,35.53,35.49,35.93,35.47,1641531600000000000,111
FSMO,11922,24.13,23.9068,24.17,23.9068,1641531600000000000,80
FSNB,251576,9.71,9.7,9.715,9.7,1641531600000000000,33
FSNB.U,102,9.9,9.9,9.9,9.9,1641531600000000000,3
FSP,352007,6.15,6.12,6.21,6.105,1641531600000000000,3136
FSR,5511943,16.46,16.24,17.01,16.02,1641531600000000000,40499
FSRX,2637,9.76,9.76,9.76,9.75,1641531600000000000,27
FSRXU,5300,9.87,9.89,9.89,9.86,1641531600000000000,11
FSRXW,3560,0.6241,0.59,0.624101,0.59,1641531600000000000,19
FSS,197685,42.76,41.9,43.05,41.9,1641531600000000000,3325
FSSI,8181,9.76,9.76,9.76,9.75,1641531600000000000,35
FSSIU,664,9.96,10.105,10.105,9.96,1641531600000000000,4
FSSIW,37250,0.5993,0.5311,0.5993,0.53,1641531600000000000,53
FSST,4127,21.82,21.7237,21.82,21.66,1641531600000000000,48
FST,31964,10.14,10.16,10.18,10.14,1641531600000000000,142
FST.WS,6824,3.27,3.15,3.35,3.02,1641531600000000000,44
FSTA,122480,46.72,46.88,47.0229,46.65,1641531600000000000,952
FSTR,10514,14.09,13.93,14.09,13.75,1641531600000000000,167
FSTX,102043,4.74,4.77,4.89,4.57,1641531600000000000,694
FSV,52249,180.85,176.08,180.85,174.95,1641531600000000000,1012
FSZ,2304,70.03,70.21,70.21,70.03,1641531600000000000,19
FT,231174,8.06,8.2,8.25,8,1641531600000000000,754
FTA,265006,71.09,71.41,71.54,70.9128,1641531600000000000,1000
FTAA,10558,9.93,9.93,9.93,9.93,1641531600000000000,25
FTAAW,398,1.08,1.08,1.08,1.08,1641531600000000000,5
FTAG,4695,31.0519,31.0507,31.09,30.9,1641531600000000000,11
FTAI,760310,27.81,28.54,29.1,27.8,1641531600000000000,3519
FTAIpA,7183,26.08,26.05,26.27,26.02,1641531600000000000,98
FTAIpB,12412,25.45,25.35,25.53,25.335,1641531600000000000,130
FTAIpC,6507,26.5,26.6837,26.75,26.465,1641531600000000000,47
FTC,143361,113.63,112.03,114.1,111.9,1641531600000000000,658
FTCH,3912428,29.5,29.39,30.38,29.02,1641531600000000000,36144
FTCI,868603,6.36,6.81,6.885,6.34,1641531600000000000,9367
FTCS,589034,82.36,82.03,82.4282,81.9636,1641531600000000000,2742
FTCV,288945,9.95,9.93,9.965,9.91,1641531600000000000,741
FTCVU,873,10.34,10.3301,10.34,10.3301,1641531600000000000,9
FTCVW,56755,1.4,1.35,1.4,1.27,1641531600000000000,136
FTDR,595440,37.28,37.1,37.865,37.01,1641531600000000000,9265
FTEC,411285,129.79,128.49,130.55,127.68,1641531600000000000,6679
FTEK,140080,1.32,1.33,1.35,1.28,1641531600000000000,806
FTEV,259699,9.74,9.75,9.76,9.73,1641531600000000000,109
FTEV.WS,53100,0.58,0.55,0.58,0.54,1641531600000000000,16
FTF,109474,9.04,9.14,9.15,9.04,1641531600000000000,430
FTFT,2846441,1.225,1.16,1.25,1.14,1641531600000000000,6061
FTGC,479511,23.41,23.4,23.46,23.3,1641531600000000000,1436
FTHI,6710,22.4,22.4698,22.4698,22.37,1641531600000000000,47
FTHM,44962,18.22,18.02,18.595,17.67,1641531600000000000,1157
FTHY,30271,20.32,20.43,20.55,20.2,1641531600000000000,151
FTI,4912438,6.65,6.85,6.86,6.61,1641531600000000000,15887
FTK,1049976,1.1,1.08,1.1599,1.06,1641531600000000000,2385
FTLB,608,22.115,22.105,22.14,22.1046,1641531600000000000,13
FTLS,7153,51.195,50.92,51.195,50.92,1641531600000000000,101
FTNT,1753300,309.44,314.66,319.83,309.0785,1641531600000000000,37046
FTRI,29254,14.13,14.31,14.32,14.13,1641531600000000000,127
FTRP,62110,2.1,2.1,2.1999,2.07,1641531600000000000,509
FTS,413821,46.43,46.52,46.72,46.13,1641531600000000000,4901
FTSD,18978,93.81,93.8633,93.88,93.81,1641531600000000000,137
FTSI,113158,26.23,26.33,26.365,26.22,1641531600000000000,1020
FTSL,585036,47.94,47.9,47.96,47.88,1641531600000000000,2227
FTSM,676305,59.79,59.78,59.8,59.78,1641531600000000000,2115
FTV,1821216,72.35,71.95,72.78,71.75,1641531600000000000,16948
FTVI,30235,9.78,9.81,9.81,9.76,1641531600000000000,77
FTVIW,300,0.8642,0.899999,0.899999,0.8642,1641531600000000000,3
FTXD,2265,35.7,35.26,35.89,35.26,1641531600000000000,54
FTXG,1640,26.61,26.65,26.66,26.5977,1641531600000000000,34
FTXH,1068,26.285,26.3,26.41,26.285,1641531600000000000,21
FTXL,20888,78.82,77.33,79.3072,76.75,1641531600000000000,394
FTXN,564142,21.24,21.2,21.32,21,1641531600000000000,1366
FTXO,283934,35.94,36.34,36.4098,35.85,1641531600000000000,1350
FTXR,57423,35.55,35.33,35.569,35.14,1641531600000000000,350
FUBO,7490910,13.98,13.97,14.56,13.6101,1641531600000000000,45868
FUE,17,10.3353,10.3353,10.3353,10.3353,1641531600000000000,2
FUL,260423,77.83,76.74,78.15,76.73,1641531600000000000,5536
FULC,210272,15.16,15.23,15.46,14.68,1641531600000000000,3378
FULT,792400,18.24,18.28,18.35,18.06,1641531600000000000,7230
FULTP,7311,25.9,25.89,25.98,25.85,1641531600000000000,80
FUMB,211667,20.14,20.13,20.14,20.12,1641531600000000000,166
FUN,944509,48.07,47.99,48.69,47.63,1641531600000000000,8474
FUNC,28972,19.56,19.6,19.64,19.4879,1641531600000000000,239
FUND,25662,8.69,8.7,8.72,8.69,1641531600000000000,120
FUNL,1434,36.11,36.0458,36.11,36.0458,1641531600000000000,15
FURY,63213,0.63,0.6475,0.6599,0.63,1641531600000000000,178
FUSB,1140,10.9637,10.9,10.9637,10.8,1641531600000000000,17
FUSN,11633,4.6679,4.97,4.97,4.481,1641531600000000000,119
FUT,759,38.5854,38.5854,38.5854,38.5854,1641531600000000000,3
FUTU,7709186,40.18,41.99,43.03,39.76,1641531600000000000,69549
FUTY,303122,45.2,45.58,45.77,44.9,1641531600000000000,3692
FUV,311522,7.46,7.5,7.75,7.33,1641531600000000000,3120
FV,119452,49.68,49.19,49.74,49.035,1641531600000000000,663
FVAL,76252,52.07,52.13,52.335,51.96,1641531600000000000,773
FVAM,394,9.88,9.89,9.89,9.88,1641531600000000000,6
FVC,16819,37.93,37.7,37.9699,37.7,1641531600000000000,70
FVCB,5258,19.77,20,20,19.77,1641531600000000000,130
FVD,1130857,42.89,42.98,43.1096,42.8022,1641531600000000000,4710
FVE,27389,3.01,3.08,3.12,3.01,1641531600000000000,419
FVIV.WS,100,0.7997,0.7997,0.7997,0.7997,1641531600000000000,1
FVRR,821603,100.22,98.61,105.5,97.99,1641531600000000000,16573
FVT,499,9.8,9.79,9.8,9.79,1641531600000000000,3
FVT.U,23031,9.92,9.97,9.97,9.92,1641531600000000000,3
FVT.WS,900,0.81,0.7899,0.81,0.7899,1641531600000000000,3
FWAC,28866,9.8,9.8,9.85,9.8,1641531600000000000,321
FWBI,222787,1.48,1.45,1.52,1.42,1641531600000000000,646
FWONA,164572,58.59,57.86,59.29,57.65,1641531600000000000,2261
FWONK,729355,63.59,62.88,64,62.55,1641531600000000000,9610
FWP,5104,5.91,5.96,6.07,5.86,1641531600000000000,100
FWRD,160143,115.12,114.48,115.79,113.49,1641531600000000000,4065
FWRG,309263,15.81,15.3,16.155,15.26,1641531600000000000,2894
FXA,4079,71.131,71.24,71.2731,71,1641531600000000000,64
FXB,7614,130.36,130.8,130.82,130.36,1641531600000000000,129
FXC,131664,77.05,77.48,77.55,77,1641531600000000000,320
FXD,77722,61.18,60.64,61.47,60.545,1641531600000000000,720
FXE,51821,105.2,105.61,105.62,105.2,1641531600000000000,421
FXF,16605,97.63,98.03,98.03,97.63,1641531600000000000,196
FXG,46049,62.66,63.2,63.34,62.66,1641531600000000000,329
FXH,53043,116.05,115.14,116.347,115.08,1641531600000000000,594
FXI,37717668,36.42,36.63,36.82,36.315,1641531600000000000,85349
FXL,192547,125.32,123.55,126.28,123.24,1641531600000000000,1209
FXLV,354644,11.19,11.04,11.37,10.995,1641531600000000000,3683
FXN,1087476,12.79,12.83,12.86,12.68,1641531600000000000,1805
FXNC,28379,22.72,23.12,23.32,21.01,1641531600000000000,319
FXO,247200,47.6,48.06,48.16,47.5,1641531600000000000,1031
FXP,14196,40.5,40.0931,40.5,39.69,1641531600000000000,143
FXR,275873,61.78,61.12,61.91,61.12,1641531600000000000,2077
FXU,34865,32.24,32.46,32.59,32.14,1641531600000000000,205
FXY,356532,81.08,81.22,81.27,81.06,1641531600000000000,1770
FXZ,47179,62.79,62.86,63.27,62.342,1641531600000000000,421
FYBR,830486,30.21,30,30.56,29.37,1641531600000000000,7884
FYC,26781,72.1,70.77,72.225,70.76,1641531600000000000,263
FYLD,5994,27.74,27.9,27.9099,27.685,1641531600000000000,106
FYT,15571,54.02,53.75,54.2299,53.6587,1641531600000000000,116
FYX,21102,96.62,95.63,97.27,95.56,1641531600000000000,265
G,522390,52.22,52.28,52.63,52.09,1641531600000000000,6602
GAA,1911,31.19,31.04,31.19,31.018,1641531600000000000,31
GAB,583098,7.1,7.06,7.11,7.03,1641531600000000000,2501
GABpG,2509,25.6,25.64,25.83,25.5989,1641531600000000000,17
GABpH,6643,25.38,25.42,25.4799,25.38,1641531600000000000,31
GABpJ,2330,25.11,25.1193,25.1193,25.11,1641531600000000000,14
GABpK,2840,26.31,26.3199,26.3199,26.3,1641531600000000000,10
GABC,21083,41.43,41.19,41.495,41,1641531600000000000,992
GACQ,2232,9.9107,9.92,9.92,9.9107,1641531600000000000,14
GACQU,506,10.195,10.19,10.195,10.19,1641531600000000000,7
GACQW,245,0.5801,0.5801,0.5801,0.5801,1641531600000000000,4
GAIA,29391,8.38,8.54,8.64,8.38,1641531600000000000,309
GAIN,65456,16.89,16.9,16.9444,16.75,1641531600000000000,1356
GAINN,1301,25.8199,25.7172,25.8199,25.67,1641531600000000000,24
GAINZ,2493,25.7,25.699,25.7,25.65,1641531600000000000,40
GAL,4466,45.6,45.65,45.66,45.59,1641531600000000000,63
GALT,101929,2.08,2.11,2.19,2.03,1641531600000000000,577
GAM,18088,43.36,43.38,43.64,43.17,1641531600000000000,184
GAMpB,4258,26.85,26.84,26.85,26.62,1641531600000000000,21
GAMB,54980,8.91,9.35,9.5936,8.91,1641531600000000000,835
GAMC,6221,9.7,9.71,9.71,9.7,1641531600000000000,17
GAMCW,2600,0.5249,0.5101,0.528651,0.51,1641531600000000000,8
GAME,146734,2.69,3.02,3.07,2.6683,1641531600000000000,701
GAMR,4176,82.79,82.672,83.03,82.215,1641531600000000000,183
GAN,343504,8.5,8.51,8.9004,8.44,1641531600000000000,4505
GANX,32462,5.5,5.31,5.5,5.31,1641531600000000000,169
GAPA,82356,9.84,9.83,9.84,9.83,1641531600000000000,33
GAPA.WS,3282,0.4799,0.528,0.528,0.4799,1641531600000000000,12
GASS,9541,2.2,2.22,2.245,2.2,1641531600000000000,73
GAST,209,24.5351,24.3937,24.5351,24.3937,1641531600000000000,14
GATE,1174588,9.78,9.78,9.78,9.775,1641531600000000000,295
GATEW,10400,0.4826,0.48,0.485,0.48,1641531600000000000,44
GATO,486976,9.4,9.57,9.67,9.17,1641531600000000000,4798
GATX,137792,104.85,102.9,105.28,102.86,1641531600000000000,2957
GAU,214878,0.6627,0.6709,0.7016,0.6627,1641531600000000000,620
GAZ,5987,19.64,19.57,19.8663,19.57,1641531600000000000,66
GB,4570,6.63,6.84,6.84,6.5,1641531600000000000,41
GB.WS,61891,0.5951,0.520216,0.5951,0.5201,1641531600000000000,36
GBAB,47069,22.76,22.84,22.95,22.76,1641531600000000000,244
GBCI,416303,58.93,59.45,59.605,58.62,1641531600000000000,7162
GBDC,715503,15.39,15.48,15.5,15.35,1641531600000000000,5133
GBDV,441,22.88,22.9847,22.9847,22.88,1641531600000000000,21
GBF,23211,119.74,119.58,119.76,119.418,1641531600000000000,158
GBGR,198,22.45,22.2317,22.45,22.2317,1641531600000000000,24
GBIL,183476,100.03,100.04,100.04,100.02,1641531600000000000,1335
GBIO,479286,6.65,6.69,6.87,6.59,1641531600000000000,5417
GBL,18335,23.94,24.55,25.015,23.67,1641531600000000000,426
GBLD,554,23.5693,23.5261,23.59,23.5261,1641531600000000000,13
GBLI,4707,25.56,25.85,26.12,25.56,1641531600000000000,43
GBLL,4714,25.311,25.4,25.4,25.311,1641531600000000000,51
GBLO,99,25.9865,25.9865,25.9865,25.9865,1641531600000000000,4
GBNH,76736,3.32,3.85,4.23,3.29,1641531600000000000,531
GBOX,2974583,4.35,5.02,5.3,4.33,1641531600000000000,14820
GBR,15116,2.5,2.55,2.57,2.4735,1641531600000000000,137
GBRGR,400,0.18,0.18,0.18,0.18,1641531600000000000,2
GBRGW,590,0.1889,0.18,0.1985,0.18,1641531600000000000,7
GBS,179575,1.54,1.56,1.6,1.48,1641531600000000000,607
GBT,899280,28.37,28.63,29.6594,28,1641531600000000000,11009
GBUG,118,29.215,29.215,29.215,29.215,1641531600000000000,3
GBUY,42290,35.79,35.83,35.94,35.74,1641531600000000000,356
GBX,1094923,48.1,44.69,48.51,44.62,1641531600000000000,11591
GCAC,4342,9.93,9.93,9.9509,9.93,1641531600000000000,22
GCACW,11100,0.85,0.85,0.879,0.85,1641531600000000000,35
GCBC,8385,36.43,36.65,37,35.7755,1641531600000000000,267
GCC,63166,21.09,21.07,21.14,20.98,1641531600000000000,249
GCI,1723240,5.02,5.05,5.14,4.99,1641531600000000000,6208
GCIG,11066,25.805,25.8956,25.94,25.805,1641531600000000000,23
GCMG,139563,10.15,10.01,10.19,9.96,1641531600000000000,2091
GCMGW,30620,1.28,1.2,1.29,1.16,1641531600000000000,81
GCO,148960,61.5,60.2,62.9228,59.81,1641531600000000000,4159
GCOR,28860,48.0183,47.9426,48.02,47.9,1641531600000000000,207
GCOW,30205,32.26,32.55,32.58,32.26,1641531600000000000,111
GCP,1029703,31.89,31.92,31.97,31.785,1641531600000000000,6113
GCV,18693,6.68,6.65,6.7,6.62,1641531600000000000,86
GD,1407067,212.57,212.09,213.87,211.6706,1641531600000000000,22763
GDDY,1135261,76.72,76.82,77.93,76.7,1641531600000000000,15832
GDEN,135858,47.55,48.51,49.64,46.045,1641531600000000000,2274
GDEV,24130,8.74,8.4,9,8.2001,1641531600000000000,171
GDEVW,1099,0.7898,0.79,0.79,0.7898,1641531600000000000,10
GDL,7144,8.94,8.88,8.9774,8.88,1641531600000000000,36
GDMA,4427,31.88,31.97,31.98,31.88,1641531600000000000,28
GDMN,395,25.38,25.5316,25.5316,25.38,1641531600000000000,12
GDNRU,126,10.06,10.06,10.06,10.06,1641531600000000000,3
GDO,13443,16.9,16.97,17,16.9,1641531600000000000,101
GDOC,54512,35.38,34.76,35.38,34.76,1641531600000000000,365
GDOT,271615,35.66,36.03,36.28,35.65,1641531600000000000,3919
GDRX,1807576,27.81,26.37,28.59,26.27,1641531600000000000,17724
GDS,1476566,42.49,42.9,44.99,42.11,1641531600000000000,14958
GDV,339023,26.95,26.83,27.1,26.8,1641531600000000000,1555
GDVpG,5077,25.14,25.13,25.14,25.11,1641531600000000000,27
GDVpK,2982,25.08,25.07,25.13,25.07,1641531600000000000,24
GDX,19479460,29.958,30.01,30.17,29.615,1641531600000000000,61742
GDXD,63550,21.84,21.53,22.35,21.211,1641531600000000000,413
GDXJ,5557139,39.1,39.24,39.42,38.63,1641531600000000000,45204
GDXU,386024,9.27,9.24,9.46,9.01,1641531600000000000,1995
GDYN,369228,34.31,32.37,35.92,32.33,1641531600000000000,5851
GE,6170248,99.8,101.4,102.24,99.77,1641531600000000000,60843
GECC,44413,3.19,3.195,3.22,3.17,1641531600000000000,297
GECCM,455,25.3,25.3,25.3,25.3,1641531600000000000,3
GECCN,11469,25.05,25.2,25.2,25.05,1641531600000000000,24
GEEXU,40837,10.12,10.13,10.13,10.12,1641531600000000000,38
GEF,287626,59.65,60.19,60.31,59.16,1641531600000000000,4038
GEF.B,5909,60.01,60.1,60.45,59.89,1641531600000000000,193
GEG,9789,2.0412,2.17,2.2,2.0412,1641531600000000000,60
GEL,788354,11.49,11.85,12.139,11.49,1641531600000000000,4035
GEM,200603,36.9,37.04,37.0666,36.77,1641531600000000000,741
GENC,3394,11.8,11.76,11.8026,11.53,1641531600000000000,42
GENE,52109,1.89,1.88,1.905,1.8501,1641531600000000000,183
GENI,1271070,7.18,7.33,7.64,7.074,1641531600000000000,9408
GENI.WS,8666,2.11,2.19,2.2799,2.1,1641531600000000000,61
GENY,1353,56.1,55.88,56.11,55.88,1641531600000000000,37
GEO,2712875,7.67,8.03,8.04,7.67,1641531600000000000,11302
GEOS,9776,7.5544,7.78,7.7803,7.5544,1641531600000000000,165
GER,43201,11,11.13,11.13,10.885,1641531600000000000,328
GERM,3628,32.21,32.04,32.31,32,1641531600000000000,92
GERN,1236376,1.21,1.17,1.2399,1.17,1641531600000000000,4522
GES,627341,23.21,22.62,23.79,22.61,1641531600000000000,7937
GET,94851,1.25,1.35,1.35,1.25,1641531600000000000,506
GEVO,5162075,4.3,4.17,4.3679,4.095,1641531600000000000,22923
GF,11924,14.87,14.89,15.09,14.7787,1641531600000000000,163
GFAI,140443,1.27,1.21,1.33,1.1702,1641531600000000000,328
GFED,43060,33.84,33.5,33.84,33.04,1641531600000000000,416
GFF,150010,27.21,26.82,27.4,26.82,1641531600000000000,2471
GFGDU,500812,9.98,10,10,9.98,1641531600000000000,6
GFGF,69534,24.9699,24.885,24.9699,24.75,1641531600000000000,80
GFI,4926586,10.08,10.18,10.19,10,1641531600000000000,19411
GFL,1067760,35.49,35.3,35.706,34.45,1641531600000000000,9030
GFLU,5989,81.92,80.89,82.19,79.225,1641531600000000000,127
GFOR,510,9.72,9.72,9.72,9.72,1641531600000000000,5
GFS,1175833,61.11,60.01,61.7,58.31,1641531600000000000,14278
GFX,423,9.77,9.76,9.77,9.76,1641531600000000000,3
GFX.U,2720,10.08,10.08,10.0812,10.08,1641531600000000000,5
GFX.WS,1360,0.6,0.6102,0.63,0.6,1641531600000000000,4
GGAL,271086,9.34,9.38,9.51,9.245,1641531600000000000,2534
GGB,6770928,4.74,4.87,4.88,4.725,1641531600000000000,9532
GGG,473590,77.92,77.05,78.14,76.82,1641531600000000000,6934
GGGVR,1100,0.35,0.35,0.35,0.35,1641531600000000000,5
GGMC,5619,9.74,9.74,9.74,9.74,1641531600000000000,15
GGMCW,1024,0.61,0.6192,0.6192,0.6089,1641531600000000000,10
GGN,485005,3.79,3.81,3.81,3.74,1641531600000000000,1154
GGNpB,5174,25.18,25.2,25.24,25.1501,1641531600000000000,23
GGPI,2521447,11.0586,11.29,11.54,11.0586,1641531600000000000,12534
GGPIU,1851,11.78,12.0499,12.0499,11.78,1641531600000000000,21
GGPIW,224715,3.25,3.16,3.25,3.12,1641531600000000000,902
GGRW,5,24.6498,24.6498,24.6498,24.6498,1641531600000000000,1
GGT,72024,8.55,8.5,8.6099,8.5,1641531600000000000,446
GGTpE,4641,25.54,25.51,25.67,25.51,1641531600000000000,18
GGTpG,1950,26.4799,26.2,26.4799,26.2,1641531600000000000,2
GGZ,22156,15.9,15.84,15.95,15.7,1641531600000000000,254
GGZpA,746,25.24,25.2399,25.24,25.2399,1641531600000000000,7
GH,849193,90.6,87.83,93.1,87.42,1641531600000000000,14040
GHAC,3496,9.78,9.75,9.78,9.75,1641531600000000000,34
GHACU,100,9.963,9.963,9.963,9.963,1641531600000000000,1
GHACW,100,0.6249,0.6249,0.6249,0.6249,1641531600000000000,1
GHC,22656,640,631.14,642.655,631,1641531600000000000,2486
GHG,136090,8.5,8.59,8.71,8.5,1641531600000000000,1746
GHL,51112,19.23,19.69,19.87,19.2,1641531600000000000,869
GHLD,3100,14.09,14.07,14.1805,14.01,1641531600000000000,67
GHM,5816,12.88,12.81,13.0074,12.4587,1641531600000000000,96
GHRS,216974,22.1,18.68,23.28,18.06,1641531600000000000,1872
GHSI,305293,0.6424,0.6217,0.67,0.621,1641531600000000000,871
GHTA,2001,24.39,24.4248,24.4248,24.39,1641531600000000000,2
GHY,154279,15.05,15.01,15.06,14.97,1641531600000000000,770
GHYB,10942,49.23,49.1349,49.23,49.075,1641531600000000000,193
GHYG,6454,48.99,48.8562,48.99,48.84,1641531600000000000,67
GIA,118709,9.89,9.89,9.89,9.89,1641531600000000000,4
GIA.WS,13588,0.52,0.5249,0.5399,0.52,1641531600000000000,24
GIACW,600,0.5883,0.57,0.5883,0.57,1641531600000000000,6
GIB,227238,85.03,84.09,85.35,84.01,1641531600000000000,3130
GIC,29889,39.26,38.11,39.275,38.09,1641531600000000000,515
GIFI,54743,4.11,4.0699,4.14,3.96,1641531600000000000,159
GIGB,60059,53.24,53.105,53.24,53.05,1641531600000000000,431
GIGE,2538,26.61,26.385,27.1544,26.24,1641531600000000000,91
GIGM,17297,2.25,2.16,2.253,2.16,1641531600000000000,96
GII,11193,54.01,54.49,54.49,53.89,1641531600000000000,90
GIII,251168,27.94,27.28,28.29,27.28,1641531600000000000,5458
GIIX,135048,10.18,10.2,10.21,10.165,1641531600000000000,301
GIIXU,1877,10.42,10.4351,10.45,10.42,1641531600000000000,7
GIIXW,6346,1.9,1.89,1.98,1.89,1641531600000000000,46
GIL,470711,41.12,41.6,41.9,41.12,1641531600000000000,5335
GILD,7095730,71.38,71.26,71.745,70.83,1641531600000000000,68863
GILT,352395,8.045,8.1,8.29,7.96,1641531600000000000,3121
GIM,210310,5.19,5.14,5.21,5.14,1641531600000000000,931
GINN,42289,58.92,58.6,59.19,58.43,1641531600000000000,99
GIPR,34882,6.2,6.19,6.23,6.15,1641531600000000000,105
GIPRW,3500,0.3801,0.3572,0.3801,0.3572,1641531600000000000,8
GIS,4957350,68.09,68.57,69.34,67.7,1641531600000000000,40041
GIW,1351508,9.92,9.91,9.92,9.9,1641531600000000000,354
GIWWW,2000,0.5949,0.5948,0.5949,0.5948,1641531600000000000,4
GJO,193,23.7,23.7,23.7,23.7,1641531600000000000,1
GJS,1263,21.42,21.3,21.42,21.2,1641531600000000000,11
GJT,11695,20.69,20.7099,20.71,20.56,1641531600000000000,31
GK,7446,25.04,24.65,25.04,24.65,1641531600000000000,186
GKOS,773817,45.79,47.55,48.87,45.7,1641531600000000000,12313
GL,503098,99.2,100.72,100.96,98.99,1641531600000000000,8941
GLpD,3198,25.43,25.55,25.6195,25.43,1641531600000000000,98
GLAD,50721,11.26,11.26,11.37,11.21,1641531600000000000,1094
GLAQ,3639,10.14,10.14,10.1402,10.14,1641531600000000000,8
GLAQW,2600,0.7,0.69,0.7449,0.69,1641531600000000000,17
GLBE,962245,50.1,50.32,52.31,48.5101,1641531600000000000,9981
GLBL,19031,9.92,9.92,9.92,9.9,1641531600000000000,38
GLBLU,200,10.27,10.27,10.27,10.27,1641531600000000000,1
GLBS,58392,2.16,2.141,2.2,2.13,1641531600000000000,337
GLBZ,359,14.24,14.21,14.24,14.21,1641531600000000000,10
GLCN,37,36.6782,36.6782,36.6782,36.6782,1641531600000000000,13
GLD,8191731,167.37,167.75,168.01,166.86,1641531600000000000,64927
GLDB,1035,23.57,23.505,23.57,23.43,1641531600000000000,16
GLDD,121290,15.63,15.43,15.642,15.41,1641531600000000000,1251
GLDG,981676,1.48,1.47,1.51,1.46,1641531600000000000,2374
GLDI,116603,8.33,8.38,8.38,8.33,1641531600000000000,345
GLDM,3895556,17.82,17.84,17.875,17.7515,1641531600000000000,3340
GLDX,10,25.0857,25.0857,25.0857,25.0857,1641531600000000000,1
GLEE,58468,9.96,9.97,9.97,9.94,1641531600000000000,38
GLEEU,55692,10.18,10.18,10.18,10.18,1641531600000000000,45
GLEEW,3800,0.49,0.4701,0.49,0.47,1641531600000000000,12
GLG,862514,0.3739,0.355,0.3739,0.3455,1641531600000000000,971
GLHA,1938,9.7,9.7092,9.7092,9.7,1641531600000000000,10
GLHAW,1300,0.61,0.61,0.61,0.61,1641531600000000000,4
GLIF,37,27.8935,27.8935,27.8935,27.8935,1641531600000000000,10
GLIN,5852,42.53,42.7268,42.7268,42.431,1641531600000000000,45
GLL,37217,33.03,32.8,33.17,32.73,1641531600000000000,182
GLLI,17720,9.82,9.83,9.83,9.815,1641531600000000000,104
GLLIU,5295,10.23,10.23,10.25,10.23,1641531600000000000,13
GLLIW,14100,0.17,0.17,0.18,0.17,1641531600000000000,19
GLMD,28559,1.94,1.885,1.94,1.831,1641531600000000000,336
GLNG,637504,13.54,13.54,13.6516,13.33,1641531600000000000,6541
GLO,261353,10.67,10.67,10.73,10.53,1641531600000000000,1430
GLOB,349630,258.84,250.19,267.7,250.13,1641531600000000000,9313
GLOGpA,1831,25.3435,25.2701,25.39,25.2701,1641531600000000000,21
GLOP,327941,4.48,4.52,4.6,4.41,1641531600000000000,1158
GLOPpA,11900,26.27,26.33,26.34,26.2452,1641531600000000000,55
GLOPpB,6149,25.255,25.19,25.2739,25.09,1641531600000000000,49
GLOPpC,6685,25.32,25.3,25.4,25.2,1641531600000000000,42
GLP,61790,24.9,25.12,25.2408,24.7167,1641531600000000000,676
GLPpA,7913,26.13,26.3,26.354,26.13,1641531600000000000,46
GLPpB,2555,26.62,26.785,26.8683,26.62,1641531600000000000,23
GLPG,196220,52.48,51.82,52.9,51.75,1641531600000000000,3253
GLPI,1342504,46.87,46.62,47,46.32,1641531600000000000,14839
GLQ,123969,12.94,13.01,13.12,12.85,1641531600000000000,1363
GLRE,28019,7.81,7.74,7.82,7.72,1641531600000000000,629
GLRY,2991,28.5,28.2682,28.5,28.2682,1641531600000000000,29
GLSI,21018,21.65,21.61,22.5762,21.3519,1641531600000000000,709
GLSPT,783931,10.02,10.02,10.02,10.02,1641531600000000000,5
GLSPW,54307,0.485,0.5,0.59,0.4106,1641531600000000000,124
GLT,82833,18.01,17.82,18.15,17.82,1641531600000000000,1170
GLTA,42976,9.89,9.87,9.89,9.87,1641531600000000000,96
GLTO,96611,2.93,2.935,2.9799,2.76,1641531600000000000,293
GLTR,25920,87.31,87.6726,87.9091,87.01,1641531600000000000,376
GLU,7024,21.1154,21.12,21.34,21.05,1641531600000000000,135
GLUpB,1079,51.33,51.2624,51.33,51.2624,1641531600000000000,7
GLUE,159211,16.72,17.05,17.55,15.985,1641531600000000000,3073
GLV,21902,10.64,10.62,10.68,10.6,1641531600000000000,167
GLW,3794167,38.285,37.97,38.75,37.81,1641531600000000000,31629
GLYC,104770,1.42,1.39,1.449,1.37,1641531600000000000,611
GM,17041429,63.81,62.27,63.91,61.42,1641531600000000000,136648
GMAB,473376,36,36.29,36.405,35.87,1641531600000000000,6639
GMBL,201427,3.57,3.61,3.78,3.5,1641531600000000000,1312
GMBLP,4633,9.95,9.2,9.9799,9.2,1641531600000000000,26
GMBLW,1407,2.52,2.5,2.52,2.5,1641531600000000000,9
GMBT,110322,9.93,9.9,9.93,9.9,1641531600000000000,216
GMBTU,691,10.17,10.11,10.17,10.11,1641531600000000000,12
GMBTW,1604,0.7,0.6987,0.7,0.69,1641531600000000000,15
GMDA,221910,2.3,2.29,2.33,2.26,1641531600000000000,1153
GME,12119172,159.77,140.62,160.31,132.5,1641531600000000000,261667
GMED,448794,72.09,71.59,73.57,70.76,1641531600000000000,7619
GMET,5379,34.29,34.5846,34.63,34.29,1641531600000000000,69
GMF,30465,121.23,121.52,121.96,120.82,1641531600000000000,295
GMII,2281577,9.95,9.96,9.97,9.82,1641531600000000000,2158
GMIIU,6816,10.1264,10.22,10.22,10.12,1641531600000000000,32
GMIIW,26592,1.7,1.62,1.72,1.58,1641531600000000000,35
GMOM,2476,30.45,30.3862,30.45,30.35,1641531600000000000,47
GMRE,302911,17.85,17.83,17.99,17.75,1641531600000000000,2733
GMREpA,3744,26.32,26.3001,26.4846,26.3,1641531600000000000,29
GMS,281286,58.06,53.92,58.06,53.9,1641531600000000000,4461
GMTX,94145,2.58,2.55,2.71,2.52,1641531600000000000,915
GMVD,369477,1.97,2.25,2.26,1.9011,1641531600000000000,1144
GMVDW,1800,0.36,0.3345,0.36,0.33,1641531600000000000,4
GNACU,1190,9.99,9.8901,9.99,9.8901,1641531600000000000,7
GNACW,3906,0.54,0.5101,0.54,0.508,1641531600000000000,12
GNCA,133024,1.07,1.03,1.09,1.02,1641531600000000000,447
GNE,7456,5.38,5.38,5.4493,5.32,1641531600000000000,198
GNFT,18099,4.8,4.82,4.87,4.76,1641531600000000000,188
GNK,281841,15.84,15.99,16.295,15.84,1641531600000000000,3493
GNL,708640,15.64,15.62,15.82,15.61,1641531600000000000,5200
GNLpA,13654,25.8392,26.06,26.66,25.66,1641531600000000000,112
GNLpB,2180,26.1,26.18,26.2141,26.1,1641531600000000000,20
GNLN,333006,0.9,0.9312,0.959,0.9,1641531600000000000,2032
GNMA,68101,49.34,49.24,49.4,49.1811,1641531600000000000,119
GNOG,857095,9.4,9.92,10.16,9.4,1641531600000000000,8630
GNOM,96707,18.19,17.81,18.59,17.78,1641531600000000000,1475
GNPX,8499537,2.1581,2.22,2.33,2.1101,1641531600000000000,26439
GNR,107243,55.15,55.79,55.83,55.15,1641531600000000000,848
GNRC,998729,316.15,316.55,324.2578,311.09,1641531600000000000,21220
GNSS,49284,3.81,3.82,3.895,3.78,1641531600000000000,354
GNT,66529,5.38,5.38,5.3895,5.35,1641531600000000000,223
GNTpA,4522,25.5001,25.53,25.53,25.4001,1641531600000000000,9
GNTA,37788,10.95,10.2355,11.1,9.1,1641531600000000000,1099
GNTX,827169,35.36,35.19,35.38,34.8,1641531600000000000,10254
GNTY,9834,38.54,38.49,38.84,37.7315,1641531600000000000,156
GNUS,3535326,1.073,1.09,1.12,1.05,1641531600000000000,6030
GNW,2832386,4.19,4.26,4.27,4.14,1641531600000000000,9496
GO,1117614,26.93,27.9,27.99,26.765,1641531600000000000,10970
GOAC,3074,9.86,9.86,9.8783,9.86,1641531600000000000,32
GOAC.WS,44627,0.66,0.67,0.68,0.635,1641531600000000000,59
GOAU,20936,16.81,16.82,16.97,16.64,1641531600000000000,177
GOBI,300,9.755,9.755,9.755,9.755,1641531600000000000,1
GOCO,7200342,2.77,2.98,3.045,2.585,1641531600000000000,24670
GOED,976236,2.3,2.27,2.32,2.23,1641531600000000000,3997
GOED.WS,110563,1.1,1.1,1.12,1.08,1641531600000000000,267
GOEV,2757905,7.02,7,7.33,6.9,1641531600000000000,21837
GOEVW,73318,1.82,1.95,2.04,1.82,1641531600000000000,279
GOEX,2958,27.76,27.78,27.9187,27.56,1641531600000000000,50
GOF,534140,19.1,19.16,19.19,18.97,1641531600000000000,2744
GOGL,2060495,9.9153,9.88,10.02,9.81,1641531600000000000,12463
GOGN,100,9.89,9.89,9.89,9.89,1641531600000000000,1
GOGN.U,2995,10.19,10.1898,10.19,10.18,1641531600000000000,15
GOGN.WS,1866,0.4487,0.449,0.45,0.4487,1641531600000000000,11
GOGO,427238,13.38,13.53,13.85,13.37,1641531600000000000,6626
GOL,1790481,5.5,5.67,5.7,5.5,1641531600000000000,7889
GOLD,12695933,18.09,18.1,18.22,17.93,1641531600000000000,41538
GOLF,157853,50.81,49.86,51.1,49.82,1641531600000000000,3550
GOOD,117698,25.03,24.76,25.06,24.76,1641531600000000000,2102
GOODN,1331,26.7,26.65,26.7,26.5,1641531600000000000,16
GOODO,1707,26.5,26.35,26.5,26.35,1641531600000000000,15
GOOG,969587,2758.1,2740.09,2765.0949,2715.78,1641531600000000000,73857
GOOGL,1485762,2762.91,2740.34,2768.97,2715.33,1641531600000000000,111610
GOOS,2025821,35.34,34.38,35.75,33.78,1641531600000000000,22636
GORO,533305,1.51,1.52,1.54,1.5,1641531600000000000,2838
GOSS,671934,11.8,11.95,12.09,11.01,1641531600000000000,6807
GOTU,3164969,1.68,1.65,1.7799,1.64,1641531600000000000,7893
GOVT,4610623,26.085,26.05,26.09,26,1641531600000000000,8578
GOVX,77503,3.56,3.54,3.74,3.47,1641531600000000000,509
GOVXW,11625,0.9,0.8199,0.9339,0.8199,1641531600000000000,78
GOVZ,6262,21.14,20.9596,21.14,20.9,1641531600000000000,48
GP,142139,7.83,7.82,8.14,7.69,1641531600000000000,1249
GPAC,100585,9.75,9.75,9.75,9.75,1641531600000000000,4
GPACW,963,0.8115,0.8115,0.8115,0.8115,1641531600000000000,3
GPAL,0,39.6157,39.6157,39.6157,39.6157,1641531600000000000,0
GPC,450375,140.05,138.94,140.64,138.87,1641531600000000000,9845
GPCO,4514,9.966,9.96,9.966,9.96,1641531600000000000,4
GPCOU,100,10.26,10.26,10.26,10.26,1641531600000000000,1
GPCOW,36899,0.1611,0.16,0.1611,0.1321,1641531600000000000,51
GPI,81294,194.94,191.2,198.59,190.55,1641531600000000000,3580
GPJA,4880,25.7,25.6769,25.7,25.6,1641531600000000000,88
GPK,1462021,19.76,19.72,19.86,19.65,1641531600000000000,12943
GPL,2216711,0.2151,0.22,0.2225,0.2111,1641531600000000000,3129
GPMT,269871,11.83,11.87,11.97,11.7,1641531600000000000,1657
GPMTpA,2525,25.7342,25.77,25.7799,25.64,1641531600000000000,17
GPN,2659938,150.06,150.2,153.76,149.857,1641531600000000000,34324
GPOR,30953,76.71,76.29,77.0904,75.7,1641531600000000000,886
GPP,27210,14.52,14.58,14.6422,14.33,1641531600000000000,226
GPRE,407590,36.2,35.88,36.53,35.31,1641531600000000000,5061
GPRK,63418,12.1001,12.08,12.1857,11.87,1641531600000000000,634
GPRO,1867781,10.86,10.68,10.99,10.59,1641531600000000000,15971
GPS,9084708,18.3,18.12,18.43,18.08,1641531600000000000,59184
GQRE,2454,71.84,71.7095,71.9,71.7095,1641531600000000000,65
GRAB,20763113,6.65,6.81,6.84,6.52,1641531600000000000,43622
GRABW,4451,1.7121,1.78,1.78,1.7121,1641531600000000000,26
GRAY,52675,1.65,1.63,1.6999,1.63,1641531600000000000,311
GRBK,705457,27.83,25.79,27.83,25.74,1641531600000000000,7664
GRBKpA,36026,25.92,26.26,26.3,25.5501,1641531600000000000,106
GRC,19244,44.05,43.34,44.1531,43.16,1641531600000000000,669
GRCL,149577,5.06,4.75,5.1329,4.6805,1641531600000000000,1843
GREE,261477,16,15.89,16.8561,15.6,1641531600000000000,2379
GREEL,13510,23.9,23.84,24.1,23.84,1641531600000000000,91
GREI,4089,40.24,40.135,40.25,40.135,1641531600000000000,30
GREK,81556,26.82,27.03,27.08,26.742,1641531600000000000,459
GRES,5715,31.3696,31.5734,31.5734,31.3304,1641531600000000000,43
GRF,6001,10.2,10.3,10.3699,10.15,1641531600000000000,41
GRFS,806224,11.4,11.39,11.56,11.27,1641531600000000000,5856
GRID,45305,100.77,99.99,101.17,99.865,1641531600000000000,663
GRIL,671217,0.6534,0.6612,0.682,0.62,1641531600000000000,1006
GRIN,160755,17.84,17.87,18.74,17.6,1641531600000000000,1709
GRMN,729629,132.5,130.95,133.06,130.87,1641531600000000000,13396
GRN,55784,34.14,33.31,34.14,33.3,1641531600000000000,413
GRNB,13723,26.4399,26.4102,26.4399,26.371,1641531600000000000,76
GRNQ,550594,0.6201,0.6152,0.63,0.601,1641531600000000000,926
GROM,257680,1.75,1.82,1.83,1.72,1641531600000000000,617
GROW,67218,5.07,5.05,5.19,4.91,1641531600000000000,585
GROY,852249,4.61,4.71,4.76,4.61,1641531600000000000,4737
GROY.WS,3100,1,1.01,1.03,1,1641531600000000000,6
GRP.U,6394,80.01,79.58,80.48,79.43,1641531600000000000,131
GRPH,95567,10.87,11.1,11.45,10.72,1641531600000000000,1853
GRPN,516199,24.18,23.66,24.88,23.65,1641531600000000000,7908
GRTS,2356717,6.625,6.45,7.02,6.38,1641531600000000000,14812
GRTX,1308946,3.7561,3.43,3.79,3.4,1641531600000000000,4607
GRU,132804,4.88,4.9205,4.95,4.71,1641531600000000000,155
GRUB,1715071,9.96,9.93,10.105,9.91,1641531600000000000,10461
GRVI,46063,4.04,4.12,4.24,4.04,1641531600000000000,284
GRVY,48111,68,68.52,69.5,65.4549,1641531600000000000,1253
GRWG,1461822,11.3821,11.16,11.92,11.09,1641531600000000000,14546
GRX,41176,13.34,13.31,13.36,13.2701,1641531600000000000,270
GRZZ,53,23.8956,23.8956,23.8956,23.8956,1641531600000000000,3
GS,2340137,397.67,397.51,400.55,394.53,1641531600000000000,53112
GSpA,25863,24.9,24.82,24.9,24.75,1641531600000000000,161
GSpC,12997,25.0612,25.1,25.15,24.98,1641531600000000000,117
GSpD,78350,24.98,25.06,25.12,24.88,1641531600000000000,338
GSpJ,100301,26.27,26.58,26.65,26.23,1641531600000000000,759
GSpK,34613,27.81,27.98,27.99,27.7,1641531600000000000,267
GSAQW,1100,0.51,0.51,0.51,0.51,1641531600000000000,2
GSAT,4858720,1.05,1.07,1.11,1.05,1641531600000000000,12672
GSBC,25478,60.59,60.63,61.18,60.39,1641531600000000000,738
GSBD,422723,19.2,19.34,19.38,19.2,1641531600000000000,2848
GSEE,99,50.3043,50.3043,50.3043,50.3043,1641531600000000000,3
GSEU,753,37.39,37.4252,37.44,37.39,1641531600000000000,15
GSEV,29197,9.78,9.82,9.82,9.78,1641531600000000000,42
GSEVU,28140,10,10,10,10,1641531600000000000,3
GSEVW,6310,1.3434,1.33,1.4386,1.33,1641531600000000000,15
GSEW,211820,70.32,69.8637,70.45,69.8,1641531600000000000,381
GSFP,19085,39.3,39.1185,39.35,39.1,1641531600000000000,79
GSG,690589,17.64,17.65,17.65,17.55,1641531600000000000,2298
GSHD,335020,120.01,112.07,120.24,111.54,1641531600000000000,5478
GSID,555,56.41,56.5776,56.6199,56.41,1641531600000000000,9
GSIE,525161,34.99,35.1,35.139,34.84,1641531600000000000,2142
GSIG,23,49.3138,49.3138,49.3138,49.3138,1641531600000000000,13
GSIT,32076,4.605,4.47,4.63,4.42,1641531600000000000,386
GSJY,121,36.7198,36.7198,36.7198,36.7198,1641531600000000000,5
GSK,2819315,43.6,43.85,44.01,43.55,1641531600000000000,19976
GSKY,1519619,11.81,11.86,11.9,11.73,1641531600000000000,4502
GSL,236766,22.5,22.61,23.08,22.4,1641531600000000000,2514
GSLpB,13031,25.835,25.81,25.92,25.73,1641531600000000000,58
GSLC,352908,93.36,92.88,93.54,92.64,1641531600000000000,2381
GSLD,12535,25.86,25.84,25.86,25.75,1641531600000000000,45
GSM,1089909,5.61,5.61,5.83,5.485,1641531600000000000,8802
GSMG,27755,1.22,1.155,1.22,1.15,1641531600000000000,133
GSMGW,27709,0.0531,0.0607,0.0607,0.0471,1641531600000000000,33
GSP,6224,17.31,17.2752,17.31,17.25,1641531600000000000,27
GSPY,118,25.1606,25.1606,25.1606,25.1606,1641531600000000000,20
GSQB,24555,9.8,9.8,9.8,9.8,1641531600000000000,61
GSQB.U,370,9.9801,9.9801,9.9801,9.9801,1641531600000000000,1
GSQD,785,9.92,9.915,9.92,9.915,1641531600000000000,8
GSQD.WS,1388,0.8601,0.89,0.89,0.86,1641531600000000000,11
GSS,1260666,3.82,3.85,3.88,3.81,1641531600000000000,3427
GSSC,30493,66.05,65.16,66.2235,65.1399,1641531600000000000,332
GSST,20503,50.49,50.485,50.49,50.4701,1641531600000000000,126
GSUS,7271,64.1633,64.24,64.5,64.1633,1641531600000000000,74
GSV,354609,0.425,0.42,0.429899,0.41,1641531600000000000,841
GSY,675905,50.25,50.25,50.26,50.25,1641531600000000000,1274
GT,3487155,22.35,21.9,22.59,21.66,1641531600000000000,30210
GTAC,1793,9.9,9.9,9.93,9.9,1641531600000000000,21
GTACU,580000,10.1,10.1,10.1,10.1,1641531600000000000,2
GTACW,1601,0.51,0.4847,0.51,0.4695,1641531600000000000,8
GTBP,232362,3.02,3.2,3.25,2.9,1641531600000000000,1619
GTE,952658,0.8,0.815,0.8199,0.7959,1641531600000000000,2477
GTEC,38381,6.34,6.17,6.43,6.1154,1641531600000000000,327
GTEK,152987,36.49,36.08,36.87,35.909,1641531600000000000,1189
GTES,489860,16.32,16.37,16.6,16.25,1641531600000000000,5109
GTH,362666,5.3,5.2,5.51,5.065,1641531600000000000,2356
GTHX,830963,10.24,9.67,10.24,9.65,1641531600000000000,6566
GTIM,16416,4.93,4.68,4.93,4.56,1641531600000000000,135
GTIP,24364,57.21,57.14,57.2106,57.07,1641531600000000000,257
GTLB,503930,69.94,70.69,74.04,68.05,1641531600000000000,7600
GTLS,494455,141.15,137.82,143.39,137.23,1641531600000000000,9320
GTN,537383,21.24,21.49,21.77,21.24,1641531600000000000,5399
GTN.A,424,19.77,19.53,19.77,19.53,1641531600000000000,15
GTO,121786,55.67,55.51,55.7013,55.4301,1641531600000000000,530
GTPA,103129,9.91,9.95,9.95,9.91,1641531600000000000,36
GTPB,1471,9.85,9.86,9.86,9.85,1641531600000000000,25
GTPBW,200,1.1601,1.1601,1.1601,1.1601,1641531600000000000,1
GTR,2378,25.7801,25.6762,25.7801,25.6762,1641531600000000000,8
GTS,114649,35.7,35.7,35.74,35.675,1641531600000000000,841
GTX,156283,7.96,7.89,8.04,7.83,1641531600000000000,1718
GTXAP,46490,8.4,8.12,8.49,8.12,1641531600000000000,131
GTY,129669,31.27,31.4,31.745,31.1324,1641531600000000000,1656
GTYH,51849,6.32,6.27,6.37,6.1,1641531600000000000,580
GUG,33640,19.7797,19.5394,19.79,19.3989,1641531600000000000,84
GUNR,1002858,40.3,40.63,40.66,40.21,1641531600000000000,4435
GURE,1797,4.36,4.25,4.36,4.25,1641531600000000000,38
GURU,1434,45.95,45.3447,45.95,45.3447,1641531600000000000,49
GUSH,1475355,105.13,104.14,106.01,101.3627,1641531600000000000,13728
GUT,93886,8.28,8.24,8.28,8.2,1641531600000000000,189
GUTpA,690,26.05,26.2,26.2,26.03,1641531600000000000,8
GUTpC,1701,26.15,26.3,26.3,26.1,1641531600000000000,5
GVA,180082,39.05,38.62,39.445,38.51,1641531600000000000,2474
GVAL,8325,23.25,23.43,23.48,23.25,1641531600000000000,98
GVCI,16507,9.92,9.92,9.92,9.92,1641531600000000000,30
GVCIU,235,10.11,10.11,10.11,10.11,1641531600000000000,2
GVCIW,410293,0.4914,0.479,0.5305,0.479,1641531600000000000,175
GVI,117146,112.85,112.9344,112.99,112.732,1641531600000000000,549
GVIP,25891,98.81,98.2546,99.48,98.2546,1641531600000000000,225
GVP,8696,1.66,1.59,1.67,1.57,1641531600000000000,63
GWB,557020,36.96,37.19,37.51,36.66,1641531600000000000,3637
GWGH,624,9.12,9.21,9.21,9.12,1641531600000000000,49
GWH,480221,10,9.55,10.12,9.41,1641531600000000000,3740
GWH.WS,43882,2.25,2.0499,2.28,2,1641531600000000000,185
GWII,1434,9.81,9.83,9.83,9.8,1641531600000000000,16
GWIIW,1100,0.66,0.6599,0.66,0.6599,1641531600000000000,2
GWRE,367966,107.31,106.39,108.415,105.59,1641531600000000000,8257
GWRS,11563,16.4,16.31,16.47,16.26,1641531600000000000,375
GWW,174607,509,505.64,510.99,505.44,1641531600000000000,6746
GWX,111902,36.87,37.07,37.1,36.73,1641531600000000000,542
GXC,58910,101.79,102.21,102.863,101.585,1641531600000000000,620
GXG,22096,27.9,27.935,28.04,27.74,1641531600000000000,152
GXII,4387,9.7,9.71,9.74,9.7,1641531600000000000,36
GXIIU,1000,9.86,9.86,9.86,9.86,1641531600000000000,1
GXO,701197,83.46,83.43,85.46,82.64,1641531600000000000,8178
GXTG,20638,41.69,41.29,42.3,41.29,1641531600000000000,242
GYLD,4367,14.93,14.9679,14.985,14.92,1641531600000000000,39
GYRO,3232,11.55,12.14,12.14,11.5,1641531600000000000,60
H,889996,94.94,96.94,97.31,94.895,1641531600000000000,13677
HA,582601,19.29,19.75,20.08,19.14,1641531600000000000,8267
HAAC,162433,9.78,9.78,9.81,9.78,1641531600000000000,264
HAACU,21857,9.98,9.98,10,9.98,1641531600000000000,110
HAACW,43652,0.8,0.8401,0.845,0.8,1641531600000000000,151
HACK,185327,58.03,57.94,58.88,57.53,1641531600000000000,1805
HAE,551957,51.46,52.63,52.985,51.38,1641531600000000000,5928
HAFC,119816,25.9655,25.57,25.9655,25.41,1641531600000000000,1707
HAIAU,117252,10.02,10.02,10.03,10.01,1641531600000000000,73
HAIL,37751,54.73,54.26,55.5,53.8653,1641531600000000000,435
HAIN,668077,42.62,42.47,43.135,42.325,1641531600000000000,7849
HAL,8069783,25.67,26.02,26.25,25.4398,1641531600000000000,51680
HALL,44440,4.57,4.61,4.66,4.53,1641531600000000000,429
HALO,698043,38.43,37.29,38.92,37.28,1641531600000000000,8859
HAP,1706,48.06,48.464,48.464,48.06,1641531600000000000,37
HAPP,107189,0.5435,0.5611,0.5724,0.5298,1641531600000000000,194
HARP,385657,6.62,6.07,6.8444,5.83,1641531600000000000,3976
HART,30,28.3777,28.3777,28.3777,28.3777,1641531600000000000,3
HAS,594654,103.15,102.78,103.63,102.05,1641531600000000000,13346
HASI,420234,49.39,49,50.36,48.6714,1641531600000000000,7494
HAUZ,67163,27.63,27.54,27.63,27.5,1641531600000000000,426
HAWX,11828,32.47,32.515,32.55,32.46,1641531600000000000,68
HAYN,17081,42.49,42.84,43.18,42.1393,1641531600000000000,674
HAYW,997770,22.73,22.16,23.02,22.14,1641531600000000000,11699
HBAN,11697482,17,17.22,17.34,16.95,1641531600000000000,44901
HBANM,9687,25.9844,25.925,26.0299,25.8,1641531600000000000,88
HBANP,68554,25.7,25.79,25.94,25.54,1641531600000000000,566
HBB,12671,13.76,14.02,14.37,13.76,1641531600000000000,283
HBCP,38300,44.31,45.2,45.73,43.85,1641531600000000000,1090
HBI,3708890,16.81,16.86,17.01,16.545,1641531600000000000,25096
HBIO,160861,6.85,6.66,6.9,6.58,1641531600000000000,2019
HBM,777947,7.1,7.34,7.35,7.045,1641531600000000000,3950
HBMD,53630,24.2,24.61,24.68,24.2,1641531600000000000,867
HBNC,61882,21.69,21.79,21.92,21.63,1641531600000000000,1047
HBP,216579,10.16,9.5,10.3,9.44,1641531600000000000,2237
HBT,20415,19.55,19.52,19.655,19.25,1641531600000000000,272
HCA,1651555,253.97,252.21,256.16,251.47,1641531600000000000,22423
HCAR,2236,9.78,9.77,9.8,9.77,1641531600000000000,21
HCARU,520,10,10,10,10,1641531600000000000,5
HCARW,451,0.555,0.57,0.57,0.5528,1641531600000000000,5
HCAT,380163,34.96,33.96,35.4426,33.92,1641531600000000000,5714
HCC,302741,25.53,25.94,26.16,25.385,1641531600000000000,3891
HCCC,482760,9.8299,9.88,9.88,9.8299,1641531600000000000,23
HCCCW,104699,0.485,0.49,0.5,0.48,1641531600000000000,39
HCCI,29557,32.24,31.54,32.43,31.54,1641531600000000000,1068
HCDI,71268,2.38,2.42,2.45,2.35,1641531600000000000,307
HCDIP,7786,15.48,15.4499,15.5,15.34,1641531600000000000,91
HCDIW,20000,0.315,0.31,0.315,0.31,1641531600000000000,2
HCDIZ,15039,0.6032,0.57,0.605649,0.5636,1641531600000000000,95
HCI,138502,79.39,82.34,83.1999,79.39,1641531600000000000,2373
HCIC,5838,9.76,9.76,9.77,9.76,1641531600000000000,49
HCICU,1240,9.95,9.97,9.97,9.95,1641531600000000000,15
HCICW,3825,0.81,0.83,0.87,0.81,1641531600000000000,10
HCII,2535,9.77,9.77,9.77,9.77,1641531600000000000,29
HCIIW,1373,0.7,0.7,0.748997,0.7,1641531600000000000,3
HCKT,50741,20.85,20.11,20.9384,20.08,1641531600000000000,878
HCM,332137,33.9,33.02,34.36,32.71,1641531600000000000,4025
HCNE,103013,9.72,9.74,9.8,9.72,1641531600000000000,90
HCNEW,59800,0.95,0.9365,0.95,0.9279,1641531600000000000,21
HCOM,5171,20.34,20.35,20.35,20.32,1641531600000000000,15
HCP,896757,77.56,71.77,80.29,71.2,1641531600000000000,9959
HCRB,303,40.1,40.0535,40.1,40.0535,1641531600000000000,7
HCSG,1591245,17.49,17.67,17.82,17.27,1641531600000000000,11179
HCTI,42312,1.85,1.77,1.85,1.77,1641531600000000000,157
HCVI,35449,9.66,9.7,9.7,9.66,1641531600000000000,258
HCVIU,22873,9.98,9.99,10,9.98,1641531600000000000,308
HCVIW,8421,0.8101,0.7999,0.8101,0.7999,1641531600000000000,265
HCWB,49915,2.28,2.22,2.29,2.195,1641531600000000000,163
HCXY,1092,26.604,26.7999,26.8,26.5228,1641531600000000000,7
HD,4513014,403.36,393.61,404.09,392.88,1641531600000000000,89409
HDAW,3307,25.56,25.6038,25.64,25.3999,1641531600000000000,37
HDB,2494430,68.57,70.59,70.74,68.08,1641531600000000000,17694
HDEF,138898,24.01,24.2,24.2,23.9864,1641531600000000000,219
HDG,1351,51.39,51.27,51.39,51.16,1641531600000000000,23
HDGE,23618,24.62,24.6,24.715,24.33,1641531600000000000,174
HDIV,7065,32.3,32.3128,32.37,32.21,1641531600000000000,52
HDLB,34286,16.97,17.29,17.36,16.97,1641531600000000000,130
HDMV,3997,31.67,31.79,31.81,31.67,1641531600000000000,40
HDRO,69079,17.93,17.83,18.19,17.7011,1641531600000000000,749
HDSN,98214,4.21,4.09,4.21,4.01,1641531600000000000,985
HDV,627411,102.17,102.83,103.09,101.88,1641531600000000000,6019
HE,345581,42.24,42.74,42.99,42.01,1641531600000000000,4784
HEAR,381233,22.28,21.2,22.29,20.84,1641531600000000000,5218
HEDJ,103058,80.76,80.8,81,80.45,1641531600000000000,1449
HEEM,11433,29.58,29.69,29.69,29.47,1641531600000000000,114
HEES,87710,45.4,44.02,45.88,43.94,1641531600000000000,2131
HEET,0,25.8637,25.8637,25.8637,25.8637,1641531600000000000,0
HEFA,803588,35.41,35.44,35.48,35.245,1641531600000000000,5837
HEGD,64388,19.25,19.295,19.33,19.245,1641531600000000000,142
HEI,443603,148.08,149.63,150.49,147.71,1641531600000000000,7191
HEI.A,273541,130.96,132.06,132.97,130.05,1641531600000000000,3723
HELE,177685,234.36,232.01,237.44,229.87,1641531600000000000,5995
HELX,7002,43.338,42.427,43.338,42.427,1641531600000000000,45
HEP,101026,18.15,18.49,18.5892,18.15,1641531600000000000,1444
HEPA,533213,1.2398,1.25,1.26,1.19,1641531600000000000,2029
HEPS,702152,1.77,1.73,1.805,1.66,1641531600000000000,3161
HEQ,72209,13.15,13.21,13.26,13.03,1641531600000000000,234
HEQT,104,25.38,25.3731,25.38,25.3731,1641531600000000000,3
HERA,22783,9.7812,9.81,9.81,9.78,1641531600000000000,118
HERAW,10801,0.842449,0.84,0.859799,0.81,1641531600000000000,34
HERO,68234,26.55,26.56,26.79,26.3408,1641531600000000000,1124
HES,2524284,85.99,86.62,87.36,85.021,1641531600000000000,29510
HESM,384878,28.02,28.63,28.83,28,1641531600000000000,3788
HEWC,2384,33.03,33.0563,33.0563,32.97,1641531600000000000,18
HEWG,44525,33.04,33.04,33.12,32.88,1641531600000000000,79
HEWJ,191499,39.57,39.645,39.6893,39.3541,1641531600000000000,656
HEWU,48,23.9589,23.9589,23.9589,23.9589,1641531600000000000,3
HEXO,3886325,0.6541,0.6715,0.695,0.65,1641531600000000000,11156
HEZU,168964,37.96,37.96,38.02,37.73,1641531600000000000,598
HFC,1555294,34.05,33.65,34.42,33.45,1641531600000000000,18098
HFFG,130804,8.77,9.22,9.35,8.77,1641531600000000000,780
HFGO,177889,17.74,17.57,17.92,17.51,1641531600000000000,486
HFRO,207491,11.04,11.03,11.1,11,1641531600000000000,937
HFROpA,2784,25.93,25.85,25.93,25.8,1641531600000000000,16
HFWA,194782,25.93,26.28,26.36,25.62,1641531600000000000,2216
HFXI,4360,25,25.035,25.05,24.91,1641531600000000000,53
HGBL,53195,1.81,1.8999,1.9,1.81,1641531600000000000,163
HGEN,1309246,3.12,3.14,3.26,3.06,1641531600000000000,10770
HGH,69545,25.46,25.49,25.54,25.46,1641531600000000000,388
HGLB,115177,9.61,9.61,9.71,9.4506,1641531600000000000,758
HGSH,22295349,2.65,3.48,3.49,2.33,1641531600000000000,76884
HGTY,124366,17.55,16.7,17.55,16.54,1641531600000000000,1103
HGTY.WS,31942,5.61,5.1601,5.86,5.1601,1641531600000000000,312
HGV,576863,53.13,54.33,55.23,53.13,1641531600000000000,7508
HHC,328932,100,101.39,102.125,100,1641531600000000000,5273
HHGCR,9566,0.35,0.35,0.35,0.35,1641531600000000000,2
HHH,22,20.4351,20.4351,20.4351,20.4351,1641531600000000000,6
HHLA.U,521,9.9801,10,10,9.9801,1641531600000000000,6
HHLA.WS,10201,0.52,0.5499,0.5499,0.5001,1641531600000000000,5
HHR,127003,45.3,45.61,46.16,44.75,1641531600000000000,2389
HHS,7981,7.455,7.89,7.8973,7.4101,1641531600000000000,76
HI,190361,53.13,51.95,53.49,51.81,1641531600000000000,3687
HIBB,235670,67,65.94,68.55,65.46,1641531600000000000,5208
HIBL,50060,75.01,73.68,76.435,72.6414,1641531600000000000,840
HIBS,204244,8.02,8.28,8.4,7.95,1641531600000000000,795
HIE,80375,10.57,10.65,10.71,10.57,1641531600000000000,320
HIFS,397,415.11,415.11,415.11,415.11,1641531600000000000,65
HIG,1575525,71.69,72.06,72.08,71.25,1641531600000000000,18925
HIGpG,8872,26.91,26.955,26.99,26.8022,1641531600000000000,155
HIGA,236784,9.81,9.82,9.82,9.81,1641531600000000000,90
HIGA.WS,3420,0.65,0.6301,0.65,0.6301,1641531600000000000,12
HIHO,1648,3.95,3.9,3.9899,3.9,1641531600000000000,39
HII,361188,191.77,192.96,194.52,191.74,1641531600000000000,8993
HIII,358559,9.72,9.75,9.76,9.72,1641531600000000000,249
HIIIU,400,9.85,9.85,9.85,9.85,1641531600000000000,1
HIIIW,1241,0.72,0.72,0.72,0.72,1641531600000000000,4
HIL,19878,2.04,2.05,2.06,2.04,1641531600000000000,95
HIMS,1628420,5.71,5.74,5.89,5.67,1641531600000000000,10127
HIMX,5524377,12,12.67,12.72,12,1641531600000000000,34823
HIO,238148,5.03,5.05,5.05,5.01,1641531600000000000,970
HIPO,2501241,2.52,2.47,2.56,2.41,1641531600000000000,11805
HIPO.WS,35019,0.485101,0.5099,0.5099,0.485,1641531600000000000,17
HIPS,27680,15.33,15.2689,15.33,15.11,1641531600000000000,2200
HITI,74867,4.45,4.59,4.72,4.45,1641531600000000000,785
HIVE,8278308,2.37,2.29,2.4301,2.27,1641531600000000000,15274
HIW,847447,46.56,46.85,47.4,46.23,1641531600000000000,8711
HIX,96552,6.89,6.91,6.95,6.89,1641531600000000000,515
HJEN,4802,19.83,19.72,19.98,19.72,1641531600000000000,84
HJPX,1,35.3507,35.3507,35.3507,35.3507,1641531600000000000,1
HKIB,16608,3.24,3.27,3.27,3.24,1641531600000000000,52
HKND,6648,29.535,29.56,29.595,29.5,1641531600000000000,81
HL,6709968,4.86,4.87,4.95,4.7438,1641531600000000000,20405
HLAHW,1500,0.565,0.58,0.58,0.565,1641531600000000000,5
HLAL,420293,42.42,42.12,42.5,42,1641531600000000000,459
HLBZ,71198,5.46,5.37,5.46,5.06,1641531600000000000,541
HLBZW,20560,0.360101,0.369,0.3699,0.3519,1641531600000000000,24
HLF,1368158,43.54,43.29,44.59,43.07,1641531600000000000,14702
HLG,1886,12.6992,12.8,12.86,12.6992,1641531600000000000,85
HLGE,5,27.7898,27.7898,27.7898,27.7898,1641531600000000000,4
HLGN,832254,8.02,6.93,8.25,6.7,1641531600000000000,6389
HLGN.WS,115615,1.05,0.82,1.07,0.82,1641531600000000000,418
HLI,443146,110.33,111.32,111.63,109.69,1641531600000000000,8631
HLIO,82470,98.61,97.64,99.4793,97.47,1641531600000000000,1722
HLIT,672731,11.59,11.2,11.62,11.18,1641531600000000000,5629
HLLY,113084,12.69,12.06,12.69,11.99,1641531600000000000,1620
HLLY.WS,1716,3.4,3.399,3.41,3.37,1641531600000000000,16
HLMN,675009,10.15,9.95,10.26,9.845,1641531600000000000,5883
HLNE,118891,99.04,99,99.9083,98.32,1641531600000000000,3027
HLT,2036907,152.57,152,155.03,151.97,1641531600000000000,26077
HLTH,666589,11.2,10.85,11.2,10.44,1641531600000000000,7203
HLX,1701466,3.47,3.63,3.63,3.43,1641531600000000000,9790
HMC,646280,29.76,29.75,29.79,29.53,1641531600000000000,6660
HMCO,40154,9.79,9.8,9.8,9.79,1641531600000000000,157
HMCOW,1200,0.75,0.79,0.79,0.75,1641531600000000000,6
HMG,610,22.35,24,24,22.35,1641531600000000000,23
HMHC,827046,15.09,15.21,15.31,14.52,1641531600000000000,7787
HMLP,112315,4.42,4.45,4.5,4.4,1641531600000000000,630
HMLPpA,12125,21.35,21.36,21.4891,21.25,1641531600000000000,104
HMN,149759,38.99,39.56,39.62,38.91,1641531600000000000,2107
HMNF,877,25,25,25,25,1641531600000000000,14
HMOP,47523,41.8074,41.6785,41.81,41.6401,1641531600000000000,224
HMPT,59064,4.68,4.6,4.85,4.57,1641531600000000000,358
HMST,140375,55.98,56.29,56.41,55.38,1641531600000000000,2665
HMTV,32456,7.14,7.5,7.57,7.02,1641531600000000000,745
HMY,3615509,3.56,3.51,3.56,3.48,1641531600000000000,8141
HNDL,1056912,25.67,25.53,25.67,25.45,1641531600000000000,4749
HNGR,72374,18.4,18.43,18.64,18.375,1641531600000000000,1616
HNI,174339,42.24,41.5,42.3614,41.28,1641531600000000000,2774
HNNA,3275,11.1,11.1,11.16,10.8,1641531600000000000,60
HNNAZ,2700,25.69,25.7,25.95,25.6,1641531600000000000,13
HNP,36751,22.65,22.45,22.78,22.2792,1641531600000000000,579
HNRG,78949,2.55,2.54,2.58,2.45,1641531600000000000,490
HNST,1213333,7.3,7.1,7.5,7.09,1641531600000000000,12932
HNW,37086,15.36,15.31,15.36,15.26,1641531600000000000,206
HOFT,54300,23.02,22.86,23.2654,22.8,1641531600000000000,1175
HOFV,960245,1.62,1.58,1.665,1.54,1641531600000000000,5281
HOFVW,82557,0.25,0.26,0.2698,0.24,1641531600000000000,68
HOG,1749787,39.12,39.71,39.8,38.35,1641531600000000000,15668
HOLD,3,98.385,98.385,98.385,98.385,1641531600000000000,2
HOLI,818462,16.18,15.59,16.2,15.45,1641531600000000000,4769
HOLX,1280979,70.63,70.31,71.46,69.96,1641531600000000000,21942
HOM,7777,9.74,9.705,9.74,9.705,1641531600000000000,23
HOMB,436764,25.79,25.78,25.93,25.55,1641531600000000000,4960
HOMZ,20883,44.15,43.23,44.15,43.23,1641531600000000000,142
HON,3036194,212.15,215.75,217.31,211.57,1641531600000000000,53536
HONE,70613,15.24,15.32,15.43,14.895,1641531600000000000,1439
HOOD,23031631,15.62,15.89,16.48,15.52,1641531600000000000,110430
HOOK,87257,2.14,2.15,2.2197,2.07,1641531600000000000,860
HOPE,658926,16.02,16.12,16.19,15.955,1641531600000000000,6471
HORIU,109631,10.02,10.02,10.02,10.01,1641531600000000000,226
HOTH,2969398,1.1,0.9527,1.1101,0.91,1641531600000000000,5713
HOUR,50186513,4.5,7.99,10.33,4.5,1641531600000000000,217446
HOV,119998,119.77,112.43,119.77,111.6487,1641531600000000000,3035
HOVNP,6640,22.75,22.8396,23.4915,22.6828,1641531600000000000,39
HOWL,22041,11.45,11.08,11.68,11,1641531600000000000,407
HP,793438,27.8,27.78,28.33,27.5,1641531600000000000,9506
HPE,10462867,16.98,17.13,17.24,16.98,1641531600000000000,51969
HPF,21610,20.61,20.68,20.8276,20.61,1641531600000000000,136
HPI,25076,20.49,20.52,20.53,20.4,1641531600000000000,174
HPK,91657,17.51,17.9,18.1136,17.12,1641531600000000000,1900
HPKEW,1672,7,7.0301,8,7,1641531600000000000,19
HPLT,441,9.7,9.7,9.7,9.7,1641531600000000000,7
HPLTU,13903,10.91,9.98,10.91,9.93,1641531600000000000,93
HPP,1279239,26.58,27.08,27.49,26.575,1641531600000000000,11790
HPPpC,17482,25.65,25.6,25.725,25.54,1641531600000000000,197
HPQ,7208728,38.9,38.65,39.02,38.4,1641531600000000000,46394
HPS,20326,18.45,18.53,18.56,18.45,1641531600000000000,144
HPX.WS,24289,0.5201,0.5213,0.5225,0.52,1641531600000000000,43
HQH,111597,23.36,23.34,23.5835,23.272,1641531600000000000,667
HQI,4269,20.0374,19.3,20.0374,19.23,1641531600000000000,251
HQL,116364,18.55,18.6,18.8842,18.55,1641531600000000000,717
HQY,657836,46.42,45.4,47.52,45.33,1641531600000000000,9008
HR,794080,31.75,31.46,31.875,31.435,1641531600000000000,8390
HRB,1828405,23.67,23.26,23.79,23.175,1641531600000000000,16667
HRI,406391,163.42,157.1,167.72,156.99,1641531600000000000,8547
HRL,2229578,49.35,49.85,50.05,49.23,1641531600000000000,22798
HRMY,404866,40.25,37.96,40.6792,37.79,1641531600000000000,5235
HROW,55677,7.9802,8.19,8.34,7.9802,1641531600000000000,692
HROWL,8017,26.91,27.008,27.02,26.836,1641531600000000000,28
HRT,97537,15.36,14.18,15.54,14.18,1641531600000000000,1243
HRTG,90304,6.47,6.55,6.59,6.47,1641531600000000000,1356
HRTX,1202457,9.06,8.7,9.06,8.625,1641531600000000000,10121
HRZN,83737,15.8,16,16.02,15.8,1641531600000000000,1403
HSBC,2863125,32.55,32.74,32.835,32.52,1641531600000000000,18090
HSC,355973,16.89,16.35,16.9418,16.27,1641531600000000000,3807
HSCZ,7388,36.53,36.486,36.53,36.4,1641531600000000000,66
HSDT,2816,5.305,5.32,5.33,5.2609,1641531600000000000,42
HSIC,950116,79.02,78.95,79.56,78.29,1641531600000000000,13247
HSII,67029,46.17,45.04,46.3499,45.04,1641531600000000000,1779
HSKA,63973,152.64,150.38,152.94,148.83,1641531600000000000,1885
HSMV,694,34.42,34.3137,34.42,34.3137,1641531600000000000,16
HSON,11580,27.39,27.72,28.495,27.265,1641531600000000000,262
HSRT,4201,40,40.46,40.5031,40,1641531600000000000,14
HST,9245925,17.45,18.21,18.43,17.45,1641531600000000000,41445
HSTM,54980,25.9,25.62,25.9,25.42,1641531600000000000,1205
HSTO,987968,0.3157,0.31,0.325,0.3005,1641531600000000000,1776
HSUN,2,38.68,38.68,38.68,38.68,1641531600000000000,2
HSY,996298,196.45,195.85,197.2,195.32,1641531600000000000,16925
HT,588297,9.87,9.79,10,9.7062,1641531600000000000,4016
HTpC,3410,23.38,23.6,23.6,23.35,1641531600000000000,29
HTpD,4893,22.85,22.76,22.85,22.65,1641531600000000000,47
HTpE,1387,22.945,22.975,23.026,22.945,1641531600000000000,22
HTA,4908355,33.08,33.1,33.2616,32.825,1641531600000000000,26834
HTAB,100,21.17,21.17,21.17,21.17,1641531600000000000,1
HTAQ,7200,9.91,9.92,9.93,9.91,1641531600000000000,30
HTAQ.U,5035,10.14,10.14,10.14,10.14,1641531600000000000,25
HTAQ.WS,2250,0.4501,0.4662,0.4663,0.4501,1641531600000000000,15
HTBI,18774,32.06,32.25,32.435,31.94,1641531600000000000,421
HTBK,67075,12.29,12.29,12.36,12.23,1641531600000000000,1355
HTBX,64345,3.03,3.1,3.12,3.03,1641531600000000000,904
HTD,93267,25.89,25.62,25.9794,25.6,1641531600000000000,810
HTEC,30738,40.82,40.2849,41.19,40.21,1641531600000000000,319
HTGC,2124315,16.66,17.03,17.08,16.66,1641531600000000000,16280
HTGM,23742,4.49,4.43,4.7805,4.4,1641531600000000000,196
HTH,211279,37.17,37.3,37.64,36.668,1641531600000000000,3414
HTHT,1042581,36.5,36.77,37.515,36.13,1641531600000000000,12731
HTIA,4493,25.1144,25.43,25.505,25.1144,1641531600000000000,41
HTIBP,10643,25.02,25.1,25.1,25.02,1641531600000000000,73
HTLD,192562,16.5,16.3,16.55,16.22,1641531600000000000,2550
HTLF,132657,53.19,53.5,53.64,52.83,1641531600000000000,1851
HTLFP,2401,28.36,28.05,28.36,28.05,1641531600000000000,32
HTOO,26544,9.24,8.88,9.47,8.7,1641531600000000000,357
HTOOW,2323,2.31,2.11,2.31,2.11,1641531600000000000,24
HTPA,24279,9.95,9.9392,9.95,9.93,1641531600000000000,47
HTPA.WS,69230,1.51,1.51,1.545,1.5,1641531600000000000,22
HTRB,229649,39.09,39.12,39.2035,39.03,1641531600000000000,301
HTUS,148,31.96,32.909,32.909,31.96,1641531600000000000,14
HTY,29318,6.65,6.62,6.65,6.6,1641531600000000000,118
HTZ,18671077,24.2322,24.31,24.67,22.8905,1641531600000000000,51738
HTZWW,582040,15.67,16.45,16.5,15.26,1641531600000000000,3309
HUBB,248125,204,200.04,205,199.72,1641531600000000000,6591
HUBG,177101,82.5,80.38,82.67,79.86,1641531600000000000,3273
HUBS,901318,520,509.69,539.88,498.34,1641531600000000000,21712
HUDI,38203,28.04,29.87,29.97,27.63,1641531600000000000,585
HUGE,54338,1.03,1.04,1.0473,1.01,1641531600000000000,558
HUGS,581113,10.4,10.46,10.51,10.35,1641531600000000000,962
HUGS.U,11876,10.9037,10.91,10.96,10.9037,1641531600000000000,76
HUGS.WS,40293,1.55,1.54,1.62,1.43,1641531600000000000,185
HUIZ,50946,1.47,1.4275,1.47,1.4,1641531600000000000,239
HUM,5490511,367.03,363.17,370.68,351.2,1641531600000000000,85265
HUMA,462694,6.1,6.25,6.5,5.99,1641531600000000000,3017
HUMAW,24728,2.1,2.125,2.17,2.1,1641531600000000000,66
HUN,1172511,35.7,35.77,35.94,35.575,1641531600000000000,14692
HURC,20305,30.16,31.28,31.48,30.05,1641531600000000000,542
HURN,87395,50.2,49.7,50.9225,49.2,1641531600000000000,1903
HUSA,57744,1.44,1.46,1.48,1.42,1641531600000000000,317
HUSN,11840,2.49,2.7,2.7,2.49,1641531600000000000,49
HUSV,4475,35.33,35.28,35.4127,35.28,1641531600000000000,49
HUT,7700443,6.71,6.61,6.95,6.48,1641531600000000000,27444
HUYA,2291846,6.83,7,7.225,6.66,1641531600000000000,16381
HVAL,0,25.3085,25.3085,25.3085,25.3085,1641531600000000000,0
HVBC,625,21.62,21.62,21.62,21.62,1641531600000000000,13
HVT,206487,30.37,30.24,30.8,30.08,1641531600000000000,3039
HWBK,3876,25.115,25.9,25.91,24.4758,1641531600000000000,78
HWC,431612,53.73,54.29,54.52,53.2,1641531600000000000,8447
HWCPZ,14022,28.58,28.16,28.61,28.1,1641531600000000000,99
HWEL,8215,9.68,9.69,9.69,9.68,1641531600000000000,48
HWELU,4772,10.08,10.06,10.08,10.06,1641531600000000000,32
HWELW,2200,0.5999,0.5899,0.6,0.5899,1641531600000000000,7
HWKN,31320,39.36,39.86,39.9,39.24,1641531600000000000,794
HWKZ,1034,9.76,9.76,9.76,9.75,1641531600000000000,5
HWKZ.WS,1420,0.430101,0.4301,0.4349,0.43,1641531600000000000,10
HWM,3588693,33.78,34.01,34.62,33.34,1641531600000000000,29949
HXL,556116,56,54.7,56.595,54.57,1641531600000000000,8022
HY,51517,44.92,45.03,45.4793,44.5,1641531600000000000,1047
HYAC,790479,9.824,9.87,9.87,9.824,1641531600000000000,59
HYACW,2500,0.720101,0.7,0.722501,0.7,1641531600000000000,5
HYB,66856,9.06,9.06,9.0895,9.02,1641531600000000000,262
HYBB,635,51.199,51.1596,51.2,51.144,1641531600000000000,11
HYD,626230,62.16,62.02,62.16,61.997,1641531600000000000,3173
HYDB,18129,50.97,50.89,50.97,50.79,1641531600000000000,113
HYDR,25213,19.27,19.06,19.6,19.01,1641531600000000000,415
HYDW,913,50.0299,50.0091,50.0299,50.0091,1641531600000000000,21
HYEM,253633,22.19,22.11,22.19,22.0101,1641531600000000000,599
HYFM,1223669,23.25,23.57,24.54,22.41,1641531600000000000,14585
HYG,34370070,86.09,85.87,86.1,85.86,1641531600000000000,78377
HYGH,7253,87.67,87.5984,87.67,87.508,1641531600000000000,152
HYGV,98955,48.6,48.54,48.605,48.4301,1641531600000000000,173
HYHG,51154,62.65,62.6774,62.92,62.51,1641531600000000000,204
HYI,36557,15.44,15.22,15.5,15.22,1641531600000000000,330
HYIN,218,24.9199,24.9357,24.9357,24.9199,1641531600000000000,10
HYLB,2684510,39.45,39.38,39.46,39.32,1641531600000000000,6668
HYLD,40663,30.99,31.14,31.45,30.9254,1641531600000000000,338
HYLN,1669697,5.85,5.82,6.05,5.8,1641531600000000000,9914
HYLS,1300043,47.67,47.34,47.67,47.29,1641531600000000000,3511
HYLV,4197,24.7,24.645,24.71,24.6201,1641531600000000000,52
HYMB,815856,59.87,59.58,59.87,59.58,1641531600000000000,2426
HYMC,78903,0.5555,0.538,0.579999,0.5351,1641531600000000000,258
HYMCL,1026,0.102871,0.102871,0.102871,0.102871,1641531600000000000,17
HYMCW,62055,0.051,0.0556,0.065,0.051,1641531600000000000,49
HYMCZ,5313,0.180049,0.189099,0.189099,0.1611,1641531600000000000,43
HYMU,2865,25.97,25.925,25.97,25.925,1641531600000000000,20
HYPR,292986,7.012,6.75,7.012,6.5,1641531600000000000,1841
HYRE,216760,4.14,3.89,4.14,3.81,1641531600000000000,2440
HYS,185070,98.32,98.03,98.32,98.03,1641531600000000000,1354
HYT,376309,12.07,12.09,12.12,12.01,1641531600000000000,1850
HYTR,2415,23.57,23.585,23.585,23.53,1641531600000000000,20
HYUP,7197,47,47.0148,47.0899,47,1641531600000000000,38
HYW,44443,5.87,5.66,5.88,5.51,1641531600000000000,300
HYXF,16486,51.06,50.9799,51.06,50.84,1641531600000000000,100
HYXU,2404,52.45,52.542,52.62,52.45,1641531600000000000,84
HYZD,93168,22.24,22.16,22.25,22.06,1641531600000000000,617
HYZN,2135709,6.49,6.68,6.9,6.41,1641531600000000000,13206
HYZNW,19833,1.86,1.9,1.94,1.82,1641531600000000000,82
HZN,9063,8.65,8.61,8.65,8.56,1641531600000000000,182
HZNP,1253986,97.48,98.16,99.64,97.48,1641531600000000000,14015
HZO,310431,58,56.5,59.15,56.45,1641531600000000000,4870
HZON,396933,9.84,9.83,9.84,9.81,1641531600000000000,189
HZON.WS,54648,0.860201,0.92,0.93,0.860201,1641531600000000000,59
IAA,513232,50.45,49.44,51.12,49.31,1641531600000000000,7426
IAC,496594,134.02,131.23,134.02,130.545,1641531600000000000,7239
IAE,333601,8.21,8.2,8.25,8.1,1641531600000000000,666
IAF,92372,5.9,5.87,5.9,5.64,1641531600000000000,562
IAG,7867667,2.87,2.79,2.895,2.78,1641531600000000000,13328
IAGG,154983,54.17,54.13,54.17,54.08,1641531600000000000,1392
IAI,48477,112.99,113.22,113.58,112.0536,1641531600000000000,809
IAK,16527,85.76,87.15,87.15,85.76,1641531600000000000,183
IAPR,590,25.87,25.86,25.87,25.82,1641531600000000000,7
IART,446003,66.23,65.86,66.565,65.32,1641531600000000000,7118
IAS,401573,19.46,19.38,20.1,19.0046,1641531600000000000,5852
IAT,495594,67.44,68.05,68.18,66.98,1641531600000000000,3521
IAU,10279205,34.09,34.15,34.21,33.9728,1641531600000000000,12050
IAUF,1950,54.63,54.7482,54.781,54.46,1641531600000000000,33
IAUM,14560,17.92,17.95,17.96,17.88,1641531600000000000,36
IBA,7255,42.0966,41.64,42.37,41.5,1641531600000000000,120
IBB,2717773,142.35,140.55,143.8,140.46,1641531600000000000,50132
IBBQ,4791,22.4,22.21,22.6,22.2,1641531600000000000,95
IBCE,0,24.515,24.515,24.515,24.515,1641531600000000000,0
IBCP,70930,25.18,25.34,25.49,25.17,1641531600000000000,1439
IBD,75781,25.71,25.51,25.71,25.478,1641531600000000000,112
IBDD,7166,26.71,26.75,26.7952,26.71,1641531600000000000,40
IBDN,165127,25.15,25.13,25.15,25.13,1641531600000000000,502
IBDO,195479,25.65,25.64,25.65,25.64,1641531600000000000,447
IBDP,254176,25.86,25.87,25.875,25.86,1641531600000000000,578
IBDQ,217282,26.32,26.29,26.32,26.2757,1641531600000000000,412
IBDR,247831,25.87,25.83,25.87,25.81,1641531600000000000,629
IBDS,114091,26.33,26.27,26.33,26.24,1641531600000000000,382
IBDT,114744,28.03,27.98,28.04,27.96,1641531600000000000,371
IBDU,74521,25.94,25.91,25.97,25.87,1641531600000000000,111
IBDV,68283,24.6,24.63,24.7,24.6,1641531600000000000,124
IBDW,52746,24.47,24.3589,24.47,24.3589,1641531600000000000,89
IBER.U,182,10.25,10.25,10.25,10.25,1641531600000000000,2
IBET,1184,12.6247,12.6472,12.6672,12.6247,1641531600000000000,23
IBEX,6259,13.99,13.99,14.3,13.99,1641531600000000000,254
IBHB,5737,24.12,24.0802,24.13,24.051,1641531600000000000,23
IBHC,32479,24.34,24.38,24.39,24.31,1641531600000000000,212
IBHD,26280,24.38,24.325,24.38,24.3,1641531600000000000,146
IBHE,4929,24.66,24.6773,24.7,24.65,1641531600000000000,24
IBHF,8844,25.21,25.185,25.22,25.185,1641531600000000000,65
IBHG,0,24.57,24.57,24.57,24.57,1641531600000000000,0
IBIO,1460388,0.5394,0.5249,0.5595,0.52,1641531600000000000,4449
IBKR,590674,77.44,77.23,77.63,76.73,1641531600000000000,7636
IBM,5212192,134.9,134.83,135.6618,133.5111,1641531600000000000,62040
IBMK,41073,26.01,26.05,26.06,26.01,1641531600000000000,110
IBML,24281,25.875,25.86,25.89,25.86,1641531600000000000,89
IBMM,31991,26.7401,26.75,26.7584,26.74,1641531600000000000,52
IBMN,25107,27.77,27.76,27.8,27.74,1641531600000000000,48
IBMO,16751,26.8,26.765,26.81,26.75,1641531600000000000,41
IBMP,12322,26.92,26.895,26.92,26.895,1641531600000000000,58
IBMQ,17154,27.115,27.11,27.14,27.11,1641531600000000000,24
IBN,9929305,21.27,21.7,21.74,21.25,1641531600000000000,29995
IBND,19774,34.19,34.36,34.36,34.19,1641531600000000000,219
IBOC,231872,45.31,45.14,45.77,44.7,1641531600000000000,3583
IBP,214466,126.89,120.81,128.355,120.67,1641531600000000000,5137
IBRX,871020,6.19,6.26,6.569,6.18,1641531600000000000,6838
IBTB,969,25.395,25.39,25.395,25.39,1641531600000000000,14
IBTD,3351,25.44,25.455,25.455,25.44,1641531600000000000,14
IBTE,15537,25.33,25.34,25.3499,25.33,1641531600000000000,50
IBTF,1177,25.1674,25.165,25.17,25.16,1641531600000000000,30
IBTG,1576,25.0075,25.005,25.01,24.995,1641531600000000000,37
IBTH,3273,24.83,24.83,24.83,24.7902,1641531600000000000,15
IBTI,46845,24.77,24.78,24.79,24.76,1641531600000000000,59
IBTJ,44813,24.6688,24.68,24.689,24.665,1641531600000000000,48
IBTK,46407,22.93,22.92,22.93,22.92,1641531600000000000,10
IBTL,44124,24.21,24.2,24.21,24.2,1641531600000000000,11
IBTX,147090,76.86,76.86,77.49,76.3,1641531600000000000,2619
IBUY,54686,83.42,82.68,84.74,82.463,1641531600000000000,870
ICAD,245936,6.09,6.14,6.21,5.95,1641531600000000000,2808
ICAP,6451,30.95,31.0754,31.0754,30.94,1641531600000000000,24
ICCC,13268,9.1,9.1,9.1,9.01,1641531600000000000,118
ICCH,114,16.9424,16.9424,16.9424,16.9424,1641531600000000000,4
ICCM,20875,2.96,2.99,3.02,2.8287,1641531600000000000,182
ICD,53308,3.53,3.53,3.6588,3.41,1641531600000000000,359
ICE,1945242,133.24,133.25,133.83,131.54,1641531600000000000,25145
ICF,212627,72.76,72.43,72.9393,72.18,1641531600000000000,1623
ICFI,105532,105.36,105.35,106.48,104.5476,1641531600000000000,1899
ICHR,161136,45.91,44.05,46.16,43.85,1641531600000000000,3539
ICL,295702,10.5,10.42,10.56,10.29,1641531600000000000,1993
ICLK,83559,4.2635,4.33,4.5,4.2635,1641531600000000000,912
ICLN,4522220,19.69,19.66,19.955,19.555,1641531600000000000,22168
ICLR,647090,285.55,280.68,288.37,280.25,1641531600000000000,12283
ICMB,22772,5.34,5.15,5.34,5.15,1641531600000000000,187
ICNC,30920,9.93,9.94,9.95,9.92,1641531600000000000,118
ICNC.U,412524,10.15,10.15,10.1501,10.14,1641531600000000000,76
ICNC.WS,24902,0.5014,0.5,0.55,0.4925,1641531600000000000,37
ICOL,2135,9.89,9.8691,9.89,9.8,1641531600000000000,33
ICOW,8179,32.14,32.275,32.31,32.07,1641531600000000000,67
ICPT,709627,15.56,15.03,16.09,15,1641531600000000000,7217
ICRpA,1595,24.99,25.05,25.05,24.82,1641531600000000000,14
ICSH,637419,50.37,50.38,50.39,50.37,1641531600000000000,1328
ICUI,112421,222.86,229.03,231.37,222.86,1641531600000000000,4452
ICVT,475051,86.25,85.88,87.0719,85.86,1641531600000000000,2777
ICVX,31752,18.41,18.09,19.405,17.4,1641531600000000000,1243
ID,65749,2.03,2.14,2.15,2,1641531600000000000,189
IDA,161261,113.07,113.63,114.185,111.75,1641531600000000000,4741
IDAT,11895,29.28,29.07,29.4284,29,1641531600000000000,98
IDBA,886,25.66,26.25,26.25,25.17,1641531600000000000,56
IDCC,150446,69.98,69.18,70.82,68.91,1641531600000000000,3856
IDE,35747,11.83,11.92,11.95,11.83,1641531600000000000,246
IDEV,744897,67.22,67.49,67.58,66.95,1641531600000000000,2612
IDEX,5409225,1.22,1.2,1.2477,1.1619,1641531600000000000,11227
IDHD,7163,26.78,26.755,26.8,26.71,1641531600000000000,17
IDHQ,15384,31.26,31.435,31.5048,31.14,1641531600000000000,73
IDIV,14593,10.24,10.21,10.3,10.17,1641531600000000000,151
IDLV,32024,31.64,31.82,31.85,31.64,1641531600000000000,161
IDME,14024,24.2343,24.27,24.28,24.16,1641531600000000000,69
IDMO,206,37.46,37.4675,37.4675,37.46,1641531600000000000,9
IDN,62949,4.76,4.75,4.83,4.66,1641531600000000000,672
IDNA,45586,39.69,39.67,40.56,39.55,1641531600000000000,661
IDOG,172739,28.31,28.47,28.52,28.31,1641531600000000000,55
IDRA,561400,0.6211,0.6246,0.66,0.6022,1641531600000000000,1032
IDRV,114558,55,54.49,55.15,54.01,1641531600000000000,1674
IDT,165015,41.51,41.73,42.04,40.36,1641531600000000000,3028
IDU,116525,86.12,86.86,87.22,85.67,1641531600000000000,1381
IDV,714928,31.62,31.92,31.959,31.62,1641531600000000000,2811
IDW,11895,2.36,2.19,2.4,2.19,1641531600000000000,97
IDX,33844,20.25,20.36,20.36,20.2499,1641531600000000000,219
IDXX,603638,568.77,550.3,571.5,549.905,1641531600000000000,20389
IDYA,184900,20.14,17.97,20.14,17.91,1641531600000000000,2967
IEA,343748,9.78,9.67,10.0194,9.55,1641531600000000000,2852
IEAWW,30783,1.59,1.5501,1.6,1.51,1641531600000000000,143
IECS,37,34.836,34.836,34.836,34.836,1641531600000000000,19
IEDI,878,47.13,46.8442,47.25,46.84,1641531600000000000,27
IEF,13096194,112.96,112.74,113,112.47,1641531600000000000,32098
IEFA,8954082,74.35,74.61,74.72,74.06,1641531600000000000,22628
IEFN,8191,34.7,34.8975,34.93,34.7,1641531600000000000,49
IEHS,3610,43.24,43.07,43.32,43.07,1641531600000000000,101
IEI,1270777,127.4082,127.34,127.456,127.19,1641531600000000000,5749
IEIH,5215,34.14,34.04,34.19,34.04,1641531600000000000,66
IEME,1998,33.3301,33.3366,33.49,33.3301,1641531600000000000,16
IEMG,17182653,59.53,59.83,59.86,59.31,1641531600000000000,48961
IEO,170572,67.13,67.49,67.6689,66.51,1641531600000000000,1506
IEP,364435,52.99,54.11,54.32,52.885,1641531600000000000,3110
IESC,25572,51,50.34,51.13,50.11,1641531600000000000,400
IETC,15665,58.43,58.13,58.79,57.72,1641531600000000000,245
IEUR,602139,58.14,58.39,58.45,57.97,1641531600000000000,3959
IEUS,9232,68.93,69.13,69.19,68.74,1641531600000000000,113
IEV,230779,54.37,54.62,54.669,54.2,1641531600000000000,1620
IEX,272507,230.65,227.57,231.13,226.82,1641531600000000000,7895
IEZ,263347,14.52,14.7,14.71,14.47,1641531600000000000,2013
IFBD,477252,1.11,1.14,1.23,1.0401,1641531600000000000,860
IFED,278036,28.2,28.31,28.44,28.13,1641531600000000000,2060
IFF,1584419,144,141.97,144,141.93,1641531600000000000,14984
IFGL,27796,27.95,28.045,28.11,27.9,1641531600000000000,169
IFIN.U,1579103,10.07,10.07,10.07,10.07,1641531600000000000,5
IFN,88529,21.75,21.84,21.875,21.7,1641531600000000000,785
IFRA,67010,38.28,38.14,38.32,38.0243,1641531600000000000,595
IFRX,283319,4.24,3.88,4.24,3.86,1641531600000000000,1676
IFS,24830,26.96,27.91,28,26.96,1641531600000000000,339
IFV,29411,23.26,23.25,23.43,23.21,1641531600000000000,119
IG,1177,25.96,25.8588,25.96,25.8588,1641531600000000000,16
IGA,58389,10.24,10.19,10.25,10.16,1641531600000000000,352
IGAC,39898,9.83,9.82,9.84,9.82,1641531600000000000,152
IGACU,3886,10.13,10.2,10.2,10.1101,1641531600000000000,36
IGACW,122783,0.7011,0.75,0.8,0.66,1641531600000000000,174
IGAP,13403,4.5,4.5,4.5,4.25,1641531600000000000,23
IGBH,169230,24.98,24.92,25.01,24.92,1641531600000000000,508
IGC,240919,0.99,0.9994,1.03,0.9727,1641531600000000000,1681
IGD,268854,6.16,6.14,6.16,6.11,1641531600000000000,828
IGE,233278,33.16,33.39,33.455,32.96,1641531600000000000,1544
IGEB,14963,51.99,51.8003,51.99,51.7137,1641531600000000000,64
IGF,377052,47.19,47.66,47.77,47.14,1641531600000000000,3373
IGHG,152450,74.8,74.75,75.16,73.374,1641531600000000000,416
IGI,20093,20.94,21.01,21.085,20.94,1641531600000000000,101
IGIB,1309731,58.45,58.38,58.47,58.29,1641531600000000000,4871
IGIC,5421,7.8,7.8,7.9469,7.77,1641531600000000000,126
IGICW,33620,0.75,0.6977,0.75,0.69,1641531600000000000,295
IGLB,1058816,67.9,67.5,67.92,67.295,1641531600000000000,5444
IGLD,1362,19.945,19.9686,20.03,19.9,1641531600000000000,12
IGM,31295,420.38,416.33,423.1,414.3,1641531600000000000,781
IGMS,177100,25.58,24.6,26.56,24.18,1641531600000000000,3619
IGN,48388,80.99,79.6,81.18,79.46,1641531600000000000,471
IGOV,182461,49.71,49.7,49.77,49.6,1641531600000000000,864
IGR,242227,9.45,9.41,9.45,9.325,1641531600000000000,1339
IGRO,8651,67.59,67.975,68.13,67.4676,1641531600000000000,79
IGSB,3226830,53.61,53.62,53.64,53.59,1641531600000000000,5783
IGT,935071,29.14,29,29.85,28.77,1641531600000000000,10275
IGTAU,300,10.07,10.07,10.07,10.07,1641531600000000000,3
IGV,1654759,366.22,362.78,370.5099,359.705,1641531600000000000,37207
IH,12387,3.11,2.98,3.16,2.98,1641531600000000000,96
IHAK,168318,41.79,41.72,42.3899,41.45,1641531600000000000,1095
IHC,46587,56.72,56.79,56.89,56.72,1641531600000000000,399
IHD,332729,6.99,6.96,7.09,6.925,1641531600000000000,1280
IHDG,144834,45.07,45.05,45.1599,44.8401,1641531600000000000,501
IHE,5864,194.66,195.65,195.9956,194.4986,1641531600000000000,269
IHF,46429,273.65,270.71,273.65,270.12,1641531600000000000,1015
IHG,134483,68.13,68.36,68.87,68.11,1641531600000000000,2431
IHI,1213705,62.88,62.18,63.075,62.15,1641531600000000000,12852
IHIT,131166,9.29,9.27,9.347,9.26,1641531600000000000,586
IHRT,373373,20.325,20.65,20.98,20.325,1641531600000000000,4325
IHS,110464,13.07,12.88,13.23,12.68,1641531600000000000,1368
IHT,16074,2.4746,2.52,2.52,2.47,1641531600000000000,110
IHTA,5420,9.824,9.84,9.86,9.824,1641531600000000000,7
IHY,9099,23.9,23.861,23.9,23.8275,1641531600000000000,110
IIF,10278,27.29,27.29,27.33,27.1564,1641531600000000000,83
IIGD,6261,25.9933,26.005,26.01,25.99,1641531600000000000,20
IIGV,1838,26.51,26.555,26.56,26.51,1641531600000000000,12
III,242684,7.67,7.22,7.67,7.21,1641531600000000000,2329
IIIIW,860,0.5202,0.536,0.5398,0.5202,1641531600000000000,9
IIIN,91234,42.54,41.26,42.68,41.2,1641531600000000000,2117
IIIV,122055,23.31,23.9,23.98,22.94,1641531600000000000,1741
IIM,139292,16.43,16.3,16.49,16.18,1641531600000000000,548
IIN,44479,15.17,15.89,15.95,14.735,1641531600000000000,554
IINN,670542,4,3.71,4.09,3.69,1641531600000000000,2852
IINNW,5944,0.910101,0.9001,0.911601,0.9,1641531600000000000,20
IIPR,303311,226.65,222.58,230,220.92,1641531600000000000,9322
IIPRpA,6931,32.9,31.99,32.9,31.99,1641531600000000000,95
IIVI,1107298,71.28,71.79,72.35,69.9,1641531600000000000,15512
IIVIP,548,293.53,293.53,293.53,293.53,1641531600000000000,33
IJAN,14467,27.29,27.3,27.33,27.1889,1641531600000000000,67
IJH,1759802,280.48,278.23,281.82,277.31,1641531600000000000,19729
IJJ,205644,111.85,111.63,112.3095,111.0421,1641531600000000000,1749
IJK,253866,82.91,81.69,83.22,81.58,1641531600000000000,1639
IJR,4067336,114.28,113.16,114.93,113.12,1641531600000000000,45075
IJS,516665,106.18,105.75,106.63,105.55,1641531600000000000,3697
IJT,72011,136.18,133.81,136.72,133.75,1641531600000000000,1057
IJUL,2098,24.54,24.57,24.57,24.432,1641531600000000000,18
IKNA,69584,11.99,11.77,12.29,11.505,1641531600000000000,1713
IKT,437467,1.45,1.45,1.49,1.35,1641531600000000000,1073
ILCB,17155,65.1,64.95,65.39,64.82,1641531600000000000,154
ILCG,61447,68.71,68.07,69.1,67.84,1641531600000000000,455
ILCV,13334,69.86,70.04,70.23,69.83,1641531600000000000,149
ILDR,80,20.2544,20.2544,20.2544,20.2544,1641531600000000000,4
ILF,721619,23.17,23.58,23.58,23.17,1641531600000000000,3114
ILMN,1037710,379.8,370.36,389.72,370,1641531600000000000,24819
ILPT,383513,25.08,25.25,25.437,25.045,1641531600000000000,4636
ILTB,25594,70.075,69.72,70.08,69.54,1641531600000000000,233
IMAB,874375,39.31,40.69,42.55,39.31,1641531600000000000,5137
IMAC,1765486,1.37,1.4,1.49,1.26,1641531600000000000,3087
IMAQ,7939,9.82,9.83,9.8393,9.82,1641531600000000000,129
IMAQW,17207,0.3178,0.3099,0.3198,0.28,1641531600000000000,31
IMAX,438855,18.4,19,19.1,18.305,1641531600000000000,4515
IMBI,176342,5.73,6.23,6.4999,5.7,1641531600000000000,949
IMBIL,3795,21.5001,21.7516,21.7999,21.5001,1641531600000000000,14
IMCB,14067,69.6,69.3964,69.96,69.3101,1641531600000000000,122
IMCC,253392,2.98,3.01,3.085,2.9,1641531600000000000,1355
IMCG,78610,69.55,68.57,69.8338,68.55,1641531600000000000,828
IMCR,214562,30.12,28.75,30.975,28.035,1641531600000000000,2916
IMCV,39278,69.08,69.05,69.279,68.72,1641531600000000000,371
IMFL,1042,25.69,25.7,25.77,25.6795,1641531600000000000,15
IMGN,1423837,7.13,6.96,7.21,6.94,1641531600000000000,10744
IMGO,169481,19.91,19.82,20.9299,18.955,1641531600000000000,3253
IMH,8872,1.1744,1.19,1.2198,1.17,1641531600000000000,57
IMKTA,66558,87,86.57,87.49,86.3019,1641531600000000000,2462
IMLP,731,13.28,13.3837,13.3837,13.28,1641531600000000000,10
IMMP,73096,3.28,3.31,3.4,3.265,1641531600000000000,717
IMMR,538675,5.31,5.33,5.46,5.259,1641531600000000000,4472
IMMX,2273195,5.0228,5.34,5.6774,4.84,1641531600000000000,11309
IMNM,18813,11.81,11.86,12.14,11.55,1641531600000000000,1046
IMO,537313,38,38.48,38.55,37.5854,1641531600000000000,5709
IMOM,833,32.4786,32.5428,32.5428,32.3104,1641531600000000000,30
IMOS,23235,34.12,33.64,34.12,33.34,1641531600000000000,327
IMPL,165272,7.32,7.04,7.56,7.03,1641531600000000000,1335
IMPP,11776,2.2747,2.12,2.3,2.07,1641531600000000000,168
IMPPP,461,17.65,17.66,17.66,17.65,1641531600000000000,33
IMPX,86220,9.95,9.95,9.99,9.94,1641531600000000000,270
IMPX.WS,894553,0.99,0.99,1.04,0.8801,1641531600000000000,268
IMRA,154746,2.15,2.05,2.21,2.02,1641531600000000000,915
IMRN,33818,2.63,2.6104,2.72,2.5,1641531600000000000,193
IMRX,115173,14.85,15.47,16.2,14.85,1641531600000000000,2281
IMTB,14683,49.75,49.7324,49.8,49.7166,1641531600000000000,83
IMTE,140485,4.83,5.04,5.1,4.8,1641531600000000000,576
IMTM,101034,37.62,37.67,37.8199,37.4728,1641531600000000000,415
IMTX,88149,12.35,11.98,12.7,11.821,1641531600000000000,1449
IMTXW,4410,3.7,3.52,3.85,3.52,1641531600000000000,19
IMUX,79859,9.94,9.64,9.99,9.62,1641531600000000000,923
IMV,271023,1.28,1.33,1.38,1.28,1641531600000000000,1072
IMVT,2271515,7.225,7.99,8.0499,7.21,1641531600000000000,16563
IMXI,98897,16.24,16.11,16.3,16.065,1641531600000000000,1314
INAB,15021,4.4199,4.285,4.51,4.21,1641531600000000000,95
INAQ,609,9.75,9.78,9.78,9.75,1641531600000000000,2
INAQ.WS,17370,0.5,0.4874,0.5,0.4874,1641531600000000000,30
INBK,36701,51,51.31,51.94,50.8,1641531600000000000,1169
INBX,101614,37.03,34.08,37.89,33.94,1641531600000000000,2743
INCO,2338,55.16,55.397,55.4213,55.16,1641531600000000000,41
INCR,21585,6.84,6.87,6.8821,6.75,1641531600000000000,350
INCY,2530449,72.69,73.19,74.45,72.69,1641531600000000000,26533
INDA,2861344,47.04,47.13,47.18,46.785,1641531600000000000,13770
INDB,128250,86.65,86.64,87.12,85.88,1641531600000000000,2810
INDF,562,36.08,36.2534,36.3599,36.08,1641531600000000000,23
INDI,721118,10.6,10.53,10.71,10.17,1641531600000000000,5309
INDIW,48809,2.9,2.86,2.97,2.73,1641531600000000000,219
INDL,19213,62.52,63.29,63.3262,62.4088,1641531600000000000,408
INDO,7209,2.72,2.75,2.8,2.6767,1641531600000000000,79
INDP,322100,5.74,5.62,6,5.57,1641531600000000000,1648
INDS,129023,52.9,52.08,52.9,52.02,1641531600000000000,959
INDT,8019,80.94,80.26,80.94,80.01,1641531600000000000,307
INDY,32200,48.74,48.96,48.99,48.6108,1641531600000000000,424
INFA,469929,30.5,30.12,31,29.54,1641531600000000000,4913
INFI,2420442,1.65,1.51,1.7,1.475,1641531600000000000,7810
INFL,192750,30.65,30.58,30.72,30.42,1641531600000000000,722
INFN,1675238,9.27,9.08,9.367,8.955,1641531600000000000,9557
INFO,3284586,127.24,126,127.47,125.69,1641531600000000000,21055
INFR,156,31.91,31.91,31.91,31.91,1641531600000000000,10
INFU,67864,16.26,15.77,16.51,15.77,1641531600000000000,2140
INFY,6586778,24.215,24.2,24.365,23.97,1641531600000000000,33739
ING,3960054,14.66,14.88,14.91,14.66,1641531600000000000,11761
INGN,216134,32.92,32.47,33.45,32.14,1641531600000000000,4086
INGR,295794,99.16,99.51,99.56,98.46,1641531600000000000,4426
INKA,10158,9.84,9.86,9.86,9.84,1641531600000000000,9
INKAW,51224,0.53,0.5495,0.5495,0.5,1641531600000000000,44
INKM,24316,35.16,35.27,35.29,35.15,1641531600000000000,55
INKT,116342,3.98,3.99,4.05,3.84,1641531600000000000,667
INM,81234,1.3,1.28,1.311,1.2544,1641531600000000000,302
INMB,80670,9.14,8.99,9.49,8.87,1641531600000000000,1003
INMD,2529976,57.65,54.13,59.025,54.01,1641531600000000000,32632
INMU,4,25.425,25.425,25.425,25.425,1641531600000000000,2
INN,1021657,10.11,10.3,10.52,10.1,1641531600000000000,6811
INNpE,3723,25.4,25.4009,25.41,25.4,1641531600000000000,42
INNpF,3776,25.06,25.4001,25.48,24.8313,1641531600000000000,18
INNO,15004,18.639,18.1967,18.7,18.1967,1641531600000000000,23
INNV,862806,4.69,4.25,4.78,4.22,1641531600000000000,5457
INO,3313069,4.67,4.61,4.81,4.59,1641531600000000000,15310
INOD,91650,5.9199,6.01,6.35,5.81,1641531600000000000,557
INPX,421567,0.55,0.5305,0.5555,0.5288,1641531600000000000,1156
INSE,81053,13.1,13.15,13.33,12.93,1641531600000000000,1153
INSG,1155365,5.3,5.23,5.445,5.15,1641531600000000000,7652
INSI,55037,20,19.88,20.08,19.87,1641531600000000000,258
INSM,404747,26.36,25.75,26.88,25.54,1641531600000000000,5243
INSP,236334,237.01,228.72,239.5043,225.335,1641531600000000000,6115
INST,115148,21,20.49,21.14,20.04,1641531600000000000,2062
INSW,465487,14.9,15.21,15.31,14.81,1641531600000000000,4255
INT,407471,28.83,28.27,28.99,28.25,1641531600000000000,5611
INTA,116743,22.59,22.62,23.295,22.14,1641531600000000000,2062
INTC,30620879,54.19,53.44,54.39,53.15,1641531600000000000,188298
INTE,2963,9.83,10.49,10.49,9.83,1641531600000000000,33
INTEU,367,10.03,10.0401,10.0401,10.03,1641531600000000000,2
INTEW,1200,0.4992,0.5495,0.5495,0.4992,1641531600000000000,3
INTF,125183,28.87,29.02,29.06,28.85,1641531600000000000,782
INTG,1260,53.01,54,54,51,1641531600000000000,51
INTT,92891,12.17,11.72,12.33,11.4601,1641531600000000000,989
INTU,2267228,586.44,567.56,588.99,563.77,1641531600000000000,52734
INTZ,49124,3.46,3.4,3.5799,3.35,1641531600000000000,412
INUV,388109,0.4888,0.4884,0.5081,0.4803,1641531600000000000,1267
INVA,334804,17.45,17.5,17.75,17.45,1641531600000000000,4326
INVE,197238,25.62,23.39,26,23.215,1641531600000000000,3215
INVH,4323518,43.53,42.92,43.76,42.665,1641531600000000000,34532
INVO,51584,3.62,3.49,3.7,3.2,1641531600000000000,228
INVZ,1003373,5.46,5.2,5.48,5.13,1641531600000000000,6418
INVZW,12391,1.67,1.52,1.68,1.51,1641531600000000000,85
INZY,16266,6.56,6.49,6.6635,6.36,1641531600000000000,474
IO,297526,0.9074,0.8881,0.93,0.881,1641531600000000000,1293
IOAC,2398,9.93,9.93,9.93,9.93,1641531600000000000,2
IOACU,5015,10.14,10.14,10.14,10.14,1641531600000000000,3
IOACW,59510,0.47,0.4395,0.47,0.4395,1641531600000000000,43
IOBT,43794,6.68,6.93,7.2,6.48,1641531600000000000,443
IOCT,1000,25.315,25.38,25.38,25.3,1641531600000000000,8
IONM,770,4.7249,5.2,5.2,4.7249,1641531600000000000,19
IONQ,3140795,14.93,14.37,15.03,14.11,1641531600000000000,37950
IONQ.WS,63663,6,5.21,6,5.02,1641531600000000000,438
IONS,965629,30.8,30.38,31.64,30.33,1641531600000000000,9002
IOO,117631,77.3,77.46,77.6444,76.975,1641531600000000000,707
IOSP,108689,98.16,99.59,99.69,98.08,1641531600000000000,2353
IOT,809579,22.99,23.22,23.525,22.75,1641531600000000000,6463
IOVA,1946661,16.3,16.28,17.06,16.015,1641531600000000000,20431
IP,2791827,48.33,48.87,49.245,48.277,1641531600000000000,26162
IPA,51762,5.94,6.12,6.3,5.925,1641531600000000000,421
IPAC,60431,63.28,63.45,63.46,62.9,1641531600000000000,429
IPAR,46047,100.74,99.93,101.54,99.66,1641531600000000000,1806
IPAX,133,9.66,9.66,9.66,9.66,1641531600000000000,2
IPAXU,100,9.96,9.96,9.96,9.96,1641531600000000000,1
IPAXW,2827,0.5201,0.52,0.5201,0.5102,1641531600000000000,14
IPAY,146886,57.24,57.3,57.6217,56.97,1641531600000000000,1470
IPDN,92484,0.9688,0.8699,0.9688,0.85,1641531600000000000,288
IPG,3453441,37.83,37.54,38.36,37.45,1641531600000000000,30308
IPGP,251559,166.41,162.61,167.41,161.24,1641531600000000000,8402
IPHA,23666,4.64,4.53,4.67,4.5,1641531600000000000,304
IPI,49445,42.78,42.25,43.6559,42.08,1641531600000000000,1170
IPKW,6947,40.38,40.579,40.579,40.3,1641531600000000000,59
IPO,140160,51.82,51.805,53.1728,51.001,1641531600000000000,1365
IPOD,256660,10.26,10.26,10.28,10.24,1641531600000000000,861
IPOD.U,3026,10.7,10.7199,10.7347,10.69,1641531600000000000,23
IPOD.WS,96784,1.87,1.85,1.88,1.81,1641531600000000000,121
IPOF,890226,10.3,10.31,10.33,10.27,1641531600000000000,3298
IPOF.U,5387,10.7,10.74,10.78,10.7,1641531600000000000,33
IPOF.WS,210026,1.85,1.85,1.915,1.82,1641531600000000000,744
IPOS,7909,24.02,24,24.22,23.73,1641531600000000000,81
IPSC,45801,13.04,13.22,13.92,13.03,1641531600000000000,1991
IPVA,988,9.7299,9.71,9.7299,9.6924,1641531600000000000,17
IPVF,2356,9.9489,9.95,9.95,9.945,1641531600000000000,25
IPVF.WS,27756,1.1,1.08,1.1255,1.035,1641531600000000000,109
IPVI,5114,9.72,9.8,9.81,9.72,1641531600000000000,35
IPVIU,690,9.8501,9.8601,9.8601,9.8501,1641531600000000000,2
IPW,58013,2.19,2.1,2.204,2.05,1641531600000000000,384
IPWR,38121,10.44,10.28,10.82,9.88,1641531600000000000,458
IQ,14902834,4.31,4.43,4.68,4.222,1641531600000000000,57381
IQDE,4424,23.7347,23.78,23.8,23.68,1641531600000000000,24
IQDF,22609,25.58,25.74,25.74,25.53,1641531600000000000,184
IQDG,28988,39.24,39.36,39.4,39.18,1641531600000000000,135
IQDY,39575,30.48,30.57,30.6,30.35,1641531600000000000,292
IQI,95464,13.15,13.19,13.2233,13.15,1641531600000000000,356
IQIN,334,33.112,33.1683,33.1683,33.112,1641531600000000000,16
IQLT,779708,38.91,39.04,39.0499,38.7,1641531600000000000,3667
IQM,1595,50.705,50.3128,50.705,50.3128,1641531600000000000,33
IQMD,51240,9.9919,9.99,9.9919,9.94,1641531600000000000,89
IQMDU,219462,10.2,10.19,10.2,10.16,1641531600000000000,155
IQMDW,68051,0.489899,0.49,0.49,0.47,1641531600000000000,249
IQSI,938,29.83,29.9805,29.9805,29.83,1641531600000000000,6
IQSU,1832,40.5,40.3488,40.5,40.3488,1641531600000000000,22
IQV,1364109,262.19,256.91,262.635,254.86,1641531600000000000,23343
IR,1917853,60.33,59.3,60.87,59.25,1641531600000000000,19334
IRBO,27028,39.31,39.21,39.68,38.93,1641531600000000000,498
IRBT,180979,67.06,66.6,68.4761,66.34,1641531600000000000,4914
IRCP,26002,2.19,2.2,2.2,2.16,1641531600000000000,237
IRDM,725484,40,40.82,41.88,40,1641531600000000000,10931
IREN,217587,12.57,11.99,12.8699,11.7254,1641531600000000000,3265
IRIX,15803,5.8,5.77,5.85,5.69,1641531600000000000,215
IRL,3760,11.4,11.3,11.457,11.17,1641531600000000000,72
IRM,2941619,46.7,46.79,47.1,46.5072,1641531600000000000,25526
IRMD,64115,47.93,46,48,45.7155,1641531600000000000,1733
IRNT,694981,3.64,3.61,3.75,3.52,1641531600000000000,4778
IRNT.WS,29508,0.76,0.7,0.76,0.6321,1641531600000000000,48
IROQ,306,25.92,25.92,25.92,25.92,1641531600000000000,15
IRRX,32721,9.89,9.85,9.89,9.85,1641531600000000000,53
IRRX.U,31000,10.04,10.04,10.04,10.04,1641531600000000000,31
IRRX.WS,20750,0.399899,0.4,0.4,0.39,1641531600000000000,9
IRS,19973,4.0227,3.98,4.04,3.98,1641531600000000000,139
IRT,3634593,24.185,23.75,24.185,23.55,1641531600000000000,19386
IRTC,314554,105.4,101.95,106.765,101.63,1641531600000000000,6510
IRWD,1820008,11.77,11.8,12,11.6,1641531600000000000,10659
IS,3962582,6.93,6.89,7.14,6.835,1641531600000000000,13195
ISAA,240,10.024,10.024,10.024,10.024,1641531600000000000,9
ISBC,2633460,17.01,17.1,17.3,16.92,1641531600000000000,15623
ISCB,6598,56.61,55.99,56.61,55.99,1641531600000000000,49
ISCF,86103,35.75,35.87,35.88,35.58,1641531600000000000,241
ISCG,30482,47.6,47.0649,48.19,47.05,1641531600000000000,260
ISCV,14620,60.62,60.2323,60.6986,60.06,1641531600000000000,141
ISD,60817,16.04,16.03,16.042,15.97,1641531600000000000,345
ISDR,2614,30.15,29.11,30.15,29.11,1641531600000000000,62
ISDX,38396,30.62,30.88,30.88,30.62,1641531600000000000,83
ISEE,718449,13.955,14,14.23,13.79,1641531600000000000,7561
ISEM,4376,28.14,28.2737,28.3,28.14,1641531600000000000,18
ISHG,1186,77.78,77.9,77.915,77.78,1641531600000000000,23
ISIG,5564912,21.1,23.36,25.73,20.56,1641531600000000000,33744
ISLE,43809,9.83,9.84,9.84,9.83,1641531600000000000,10
ISLEW,410,0.4956,0.4956,0.4956,0.4956,1641531600000000000,2
ISMD,40785,35.48,34.79,35.48,34.79,1641531600000000000,202
ISO,39254,8.51,8.05,8.51,7.76,1641531600000000000,590
ISPC,822009,7.26,6.95,7.4682,6.92,1641531600000000000,5045
ISR,470291,0.3911,0.3821,0.409999,0.382,1641531600000000000,741
ISRA,169,47.5489,47.3889,47.5489,47.3889,1641531600000000000,18
ISRG,1747008,330.94,324.29,333.07,323.23,1641531600000000000,42681
ISSC,11036,6.57,6.59,6.67,6.4701,1641531600000000000,159
ISTB,511977,50.17,50.18,50.19,50.155,1641531600000000000,1925
ISTR,5826,18.47,18.42,18.499,18.26,1641531600000000000,276
ISUN,302232,5.46,5.27,5.5894,5.12,1641531600000000000,2057
ISVL,2240,35.8999,35.9788,36.02,35.8999,1641531600000000000,28
ISWN,3992,24.5,24.555,24.555,24.49,1641531600000000000,17
ISZE,1,29.1632,29.1632,29.1632,29.1632,1641531600000000000,1
IT,371498,304.95,299.39,306.25,299,1641531600000000000,10524
ITA,182333,105.52,106.41,107.36,105.52,1641531600000000000,1700
ITAN,201,26.3,26.2319,26.3,26.23,1641531600000000000,3
ITB,5384716,78.65,75.25,78.8,75.25,1641531600000000000,61148
ITCB,180092,3.16,3.12,3.16,3.05,1641531600000000000,205
ITCI,2829888,46,43.03,46,42.655,1641531600000000000,21080
ITEQ,88126,59.19,58.86,60.18,58.8,1641531600000000000,644
ITGR,150405,80.74,80.43,81.2749,79.58,1641531600000000000,2671
ITHX,1640,9.81,9.79,9.81,9.79,1641531600000000000,8
ITHXW,48304,0.5799,0.575,0.59,0.555,1641531600000000000,42
ITI,193536,4.2,4.14,4.28,4.1,1641531600000000000,979
ITIC,2658,209,209.82,210.25,208.0777,1641531600000000000,182
ITM,180250,51.01,50.93,51.018,50.93,1641531600000000000,564
ITOS,335683,41.52,43.01,43.32,41.52,1641531600000000000,4209
ITOT,1912678,105.12,104.65,105.52,104.3,1641531600000000000,18219
ITP,637578,0.233,0.2252,0.233,0.223,1641531600000000000,1071
ITQ,1530,9.7999,9.8,9.8,9.7999,1641531600000000000,18
ITQRU,200,9.96,9.9601,9.9601,9.96,1641531600000000000,2
ITQRW,301,0.499,0.499,0.499,0.499,1641531600000000000,4
ITRG,32759,2.12,2.11,2.1498,2.09,1641531600000000000,175
ITRI,270004,65.71,64.78,66.97,64.7,1641531600000000000,7647
ITRM,964419,0.4,0.4078,0.4199,0.4,1641531600000000000,2242
ITRN,24143,26.14,25.96,26.5099,25.71,1641531600000000000,376
ITT,306016,101.94,100.57,102.31,100.25,1641531600000000000,4893
ITUB,36468659,3.84,3.98,3.98,3.84,1641531600000000000,33858
ITW,695478,245.9,246.13,247.37,245.45,1641531600000000000,15014
IUS,10851,40.55,40.59,40.64,40.4,1641531600000000000,106
IUSB,877883,52.26,52.18,52.28,52.1137,1641531600000000000,3325
IUSG,731729,111.55,110.5,112.03,110.09,1641531600000000000,3462
IUSS,4835,39.55,38.51,39.55,38.51,1641531600000000000,81
IUSV,622073,77.01,77.18,77.41,76.885,1641531600000000000,2709
IVA,2322,13.1,12.82,13.1,12.48,1641531600000000000,24
IVAC,111935,5.55,5.68,5.75,5.55,1641531600000000000,732
IVAL,10672,26.93,27.03,27.1,26.87,1641531600000000000,108
IVAN,320833,9.96,9.96,9.96,9.94,1641531600000000000,1114
IVAN.U,2662,10.44,10.45,10.45,10.43,1641531600000000000,27
IVAN.WS,28815,1.54,1.63,1.7,1.54,1641531600000000000,79
IVC,395153,2.75,2.73,2.8,2.69,1641531600000000000,2954
IVCBU,70698,10.09,10.1,10.15,10.09,1641531600000000000,176
IVCPU,4409,9.94,9.92,9.94,9.92,1641531600000000000,60
IVDG,189,12.6093,12.6093,12.6093,12.6093,1641531600000000000,24
IVE,2544155,157.96,158.41,158.8707,157.74,1641531600000000000,10703
IVES,2023,45.07,44.3381,45.07,44.32,1641531600000000000,23
IVH,45133,13.89,13.87,13.89,13.795,1641531600000000000,208
IVLC,1325,14.81,14.7592,14.81,14.75,1641531600000000000,21
IVLU,117760,26.18,26.38,26.4,26.15,1641531600000000000,527
IVOG,8078,205.27,202.3953,205.9598,202.3953,1641531600000000000,222
IVOL,927320,26.44,26.47,26.5499,26.44,1641531600000000000,2783
IVOO,13964,189.75,188.26,190.295,187.78,1641531600000000000,382
IVOV,26864,170.28,170.14,171.24,169.54,1641531600000000000,355
IVR,10342707,2.95,2.99,3.02,2.9426,1641531600000000000,14789
IVRpB,9838,24.96,25.04,25.04,24.956,1641531600000000000,102
IVRpC,8693,25.125,25.42,25.42,25.125,1641531600000000000,70
IVRA,914,15,15.04,15.0578,15,1641531600000000000,18
IVSG,153,13.2087,13.2087,13.2087,13.2087,1641531600000000000,21
IVT,311136,26.83,26.95,27.01,26.4,1641531600000000000,3041
IVV,7673579,470.02,468.1,471.25,466.67,1641531600000000000,77770
IVW,3230020,80.8,79.93,81.03,79.64,1641531600000000000,22301
IVZ,4901636,24.47,24.54,24.83,24.23,1641531600000000000,27692
IWB,811982,260.02,258.84,260.8025,257.99,1641531600000000000,7219
IWC,45854,137.84,136.42,138.942,136.3,1641531600000000000,767
IWD,3869372,168.89,169.26,169.74,168.61,1641531600000000000,35324
IWDL,293,36.2129,36.2129,36.2129,36.2129,1641531600000000000,16
IWF,2509212,294.06,290.81,295.26,289.89,1641531600000000000,34055
IWFH,1757,20.72,20.7547,20.79,20.63,1641531600000000000,27
IWFL,49377,34.02,33.28,34.02,33.08,1641531600000000000,463
IWL,59541,112.16,111.77,112.415,111.36,1641531600000000000,398
IWM,30901129,218.6,216.07,220.38,215.925,1641531600000000000,298177
IWML,3,24.4488,24.4488,24.4488,24.4488,1641531600000000000,3
IWN,1367547,166.86,166.11,167.84,165.6,1641531600000000000,15518
IWO,1008760,280.93,276.12,284.32,276.01,1641531600000000000,21279
IWP,2013207,108.17,106.5,109.12,106.46,1641531600000000000,14447
IWR,1540015,81.17,80.64,81.65,80.57,1641531600000000000,11371
IWS,455310,122.32,122.16,122.77,121.86,1641531600000000000,2747
IWV,131832,272.7,271.63,273.85,270.72,1641531600000000000,1309
IWX,54624,70.72,71.02,71.1397,70.7,1641531600000000000,325
IWY,179583,167.66,165.99,168.13,165.41,1641531600000000000,1822
IX,28683,105.24,106.27,106.33,105.24,1641531600000000000,491
IXAQ,4815,9.72,9.72,9.72,9.72,1641531600000000000,122
IXAQU,518,9.9,9.96,9.96,9.9,1641531600000000000,8
IXAQW,4498,0.4001,0.405,0.405,0.4001,1641531600000000000,10
IXC,638860,29.66,29.99,30.035,29.5,1641531600000000000,4040
IXG,96621,83.26,84,84.16,83.15,1641531600000000000,1424
IXJ,53693,86.44,86.41,86.605,86.1,1641531600000000000,697
IXN,221867,62.11,61.52,62.35,61.2268,1641531600000000000,3005
IXP,6209,80.94,81.0739,81.3906,80.82,1641531600000000000,109
IXSE,104,36.53,36.53,36.53,36.53,1641531600000000000,9
IXUS,4304512,70.59,70.83,70.8984,70.3,1641531600000000000,11668
IYC,88556,82.68,81.75,82.97,81.66,1641531600000000000,1193
IYE,2323899,32.56,32.84,32.935,32.38,1641531600000000000,10290
IYF,825276,89.88,90.64,90.83,89.62,1641531600000000000,5426
IYG,94930,200.23,201.49,202.12,199.665,1641531600000000000,1422
IYH,34215,286.09,284.7993,286.09,284.68,1641531600000000000,804
IYJ,37198,112.47,112.24,113.0185,112.22,1641531600000000000,485
IYK,31853,202.08,203.08,203.65,201.67,1641531600000000000,496
IYLD,89325,23.6,23.63,23.6766,23.57,1641531600000000000,134
IYM,35385,139.81,139.78,140.27,138.8,1641531600000000000,449
IYR,7876244,111.3,110.86,111.625,110.55,1641531600000000000,70912
IYT,196814,276.24,276.61,278.04,275.08,1641531600000000000,2293
IYW,4540284,109.47,108.42,110.24,107.6441,1641531600000000000,6868
IYY,46614,115.77,115.2,116.04,114.89,1641531600000000000,532
IYZ,294112,32.48,32.53,32.72,32.45,1641531600000000000,2183
IZEA,288654,1.21,1.21,1.2795,1.21,1641531600000000000,1517
IZRL,51309,27.65,27.63,28,27.5119,1641531600000000000,488
J,513227,138.58,137.19,139.22,136.6064,1641531600000000000,10824
JAAA,55171,50.38,50.385,50.415,50.3701,1641531600000000000,317
JACK,283581,89.04,89.37,90.87,89.04,1641531600000000000,5662
JAGG,197332,53.25,53.17,53.25,53.09,1641531600000000000,200
JAGX,660162,0.93,0.935,0.98,0.93,1641531600000000000,2105
JAKK,70455,9.7,9.68,9.87,9.29,1641531600000000000,858
JAMF,560789,34.28,35,36.03,34.28,1641531600000000000,7287
JAN,16833,3.66,3.695,3.79,3.6245,1641531600000000000,174
JANX,49022,18.5,18.5,19.47,18.195,1641531600000000000,1190
JANZ,11551,28.68,28.7012,28.79,28.675,1641531600000000000,50
JAQC,2463,9.59,9.61,9.61,9.59,1641531600000000000,14
JAQCU,550,9.87,9.87,9.87,9.87,1641531600000000000,6
JAQCW,1700,0.4799,0.4799,0.4799,0.4799,1641531600000000000,6
JATT.WS,600,0.4949,0.48,0.4949,0.48,1641531600000000000,2
JAVA,305,53.8,53.718,53.8,53.718,1641531600000000000,4
JAZZ,409794,133.36,134.43,135.22,133.29,1641531600000000000,8844
JBGS,734118,30.19,30.76,31.09,30.16,1641531600000000000,7375
JBHT,522815,201.69,200.11,201.69,197.4,1641531600000000000,10809
JBI,457493,12.03,12,12.12,11.82,1641531600000000000,4296
JBL,1911102,70.05,69.38,70.96,69.2003,1641531600000000000,21082
JBLU,10887776,14.892,15.11,15.36,14.81,1641531600000000000,46987
JBSS,17676,91.4,90.67,91.6192,90.67,1641531600000000000,899
JBT,84988,154.4,150.08,154.93,149.97,1641531600000000000,2864
JCE,51339,17.34,17.17,17.45,17.09,1641531600000000000,316
JCI,2740042,80.25,79.27,80.5,79.24,1641531600000000000,28590
JCIC,10848,9.756,9.77,9.77,9.75,1641531600000000000,49
JCICW,1200,0.54,0.54,0.54,0.54,1641531600000000000,3
JCO,68388,8.14,8.14,8.15,8.11,1641531600000000000,122
JCPB,120218,53.67,53.6,53.68,53.53,1641531600000000000,172
JCS,40468,2.4,2.47,2.49,2.34,1641531600000000000,186
JCTCF,1851,8.49,8.45,8.49,8.45,1641531600000000000,22
JCTR,77,63.328,63.328,63.328,63.328,1641531600000000000,9
JD,12917562,68.39,68.24,69.68,67.13,1641531600000000000,109746
JDIV,8128,34.62,34.5702,34.65,34.3901,1641531600000000000,106
JDST,2964579,12.39,12.23,12.65,12.135,1641531600000000000,11062
JEF,1253099,40.22,40.38,41.11,40.18,1641531600000000000,16376
JELD,403829,26.03,24.98,26.16,24.98,1641531600000000000,4096
JEMA,19999,46.12,46.25,46.26,46.08,1641531600000000000,74
JEMD,39878,7.57,7.58,7.6,7.55,1641531600000000000,97
JEPI,1403626,62.72,62.56,62.72,62.44,1641531600000000000,8919
JEQ,139015,8.17,8.09,8.235,7.99,1641531600000000000,470
JETS,6532448,21.73,22.21,22.385,21.73,1641531600000000000,27015
JFIN,29782,2.12,2.17,2.1999,2.07,1641531600000000000,255
JFR,262431,10.28,10.33,10.33,10.24,1641531600000000000,1091
JFU,32072,1.13,1.07,1.13,1.05,1641531600000000000,187
JFWD,5453,15.94,15.828,15.96,15.828,1641531600000000000,42
JG,952626,0.9433,0.9475,0.9812,0.901,1641531600000000000,3874
JGH,48104,16,15.84,16.04,15.83,1641531600000000000,250
JGLD,10689,21.32,21.4334,21.51,21.32,1641531600000000000,16
JHAA,3619,9.9201,9.9206,9.9206,9.92,1641531600000000000,23
JHCB,531,24.92,24.915,24.93,24.915,1641531600000000000,6
JHCS,808,34.96,34.9252,34.9601,34.9252,1641531600000000000,4
JHEM,65051,29.02,29.13,29.1489,28.94,1641531600000000000,148
JHG,904800,41.8,42.85,42.91,41.72,1641531600000000000,10571
JHI,12591,18.38,18.31,18.43,18.31,1641531600000000000,72
JHMA,1560,49.16,49.231,49.231,49.16,1641531600000000000,16
JHMB,2,24.445,24.445,24.445,24.445,1641531600000000000,2
JHMC,466,55.29,54.5589,55.29,54.5589,1641531600000000000,15
JHMD,19355,33.73,33.91,33.99,33.73,1641531600000000000,208
JHME,3220,24.25,24.4459,24.4459,24.245,1641531600000000000,34
JHMF,6113,54.55,54.717,54.801,54.37,1641531600000000000,31
JHMH,3243,49.2193,49,49.22,49,1641531600000000000,33
JHMI,1477,55.12,54.8476,55.13,54.8476,1641531600000000000,34
JHML,28594,58.76,58.395,58.76,58.26,1641531600000000000,186
JHMM,127387,54.73,54.3,54.8638,54.2093,1641531600000000000,978
JHMS,1435,37.66,37.5542,37.66,37.5542,1641531600000000000,11
JHMT,1673,96.8301,96.63,97.46,96.63,1641531600000000000,34
JHMU,78,35.0886,35.0886,35.0886,35.0886,1641531600000000000,5
JHPI,48,25.275,25.275,25.275,25.275,1641531600000000000,1
JHS,25486,14.75,14.72,14.83,14.7,1641531600000000000,143
JHSC,23002,36,35.7151,36.12,35.7,1641531600000000000,90
JHX,48664,37.76,37.08,37.76,36.6,1641531600000000000,688
JIB,0,48.82,48.82,48.82,48.82,1641531600000000000,0
JIDA,31,48.9118,48.9118,48.9118,48.9118,1641531600000000000,17
JIG,41306,72.24,72.1922,72.61,71.83,1641531600000000000,170
JIGB,2971,53.5,53.4848,53.5,53.44,1641531600000000000,39
JILL,25478,19.5,19,20.17,18.93,1641531600000000000,346
JJA,183031,22.47,22.711,22.75,22.47,1641531600000000000,34
JJC,32133,21.92,22.07,22.17,21.87,1641531600000000000,211
JJE,11,42.105,42.105,42.105,42.105,1641531600000000000,2
JJG,278,66.7,67.2802,67.2802,66.7,1641531600000000000,16
JJM,69,66.31,66.31,66.31,66.31,1641531600000000000,8
JJN,23152,27.15,27.2801,27.49,27,1641531600000000000,193
JJP,227,62.18,62.1571,62.18,62.1571,1641531600000000000,4
JJS,92,63.1184,63.1184,63.1184,63.1184,1641531600000000000,5
JJSF,45848,157.37,158.6,158.89,157.37,1641531600000000000,1775
JJT,1283,120.565,120.4204,120.83,120.4204,1641531600000000000,51
JJU,441,60.955,61.2,61.2,60.955,1641531600000000000,25
JKHY,416729,169.18,169.75,171.13,167.4,1641531600000000000,11176
JKS,1333417,44.27,44.65,47.0999,43.5,1641531600000000000,15117
JLL,274374,257.75,257.63,261.25,255.97,1641531600000000000,6112
JLS,2438,21.16,20.8827,21.1795,20.8827,1641531600000000000,19
JMACW,1600,0.38,0.3899,0.3899,0.38,1641531600000000000,8
JMBS,61823,52.36,52.3,52.36,52.24,1641531600000000000,410
JMIA,4363309,10.38,10.29,11,10.23,1641531600000000000,27020
JMIN,260,37.936,38.0148,38.0148,37.92,1641531600000000000,7
JMM,4074,7.35,7.4082,7.4082,7.35,1641531600000000000,19
JMOM,15231,46.29,45.79,46.5365,45.77,1641531600000000000,287
JMST,277081,51.025,51.01,51.0299,51,1641531600000000000,465
JMUB,4667,54.64,54.635,54.64,54.62,1641531600000000000,45
JNCE,246773,7.72,7.01,7.79,7,1641531600000000000,3303
JNJ,6950560,171.46,173.95,174.3,171.13,1641531600000000000,75225
JNK,8351548,107.44,107.2,107.45,107.14,1641531600000000000,32496
JNPR,2047501,34.46,34.24,34.59,33.98,1641531600000000000,21847
JNUG,970571,55.53,56.03,56.52,54.3,1641531600000000000,10691
JO,31132,64.89,64.86,65.35,64.62,1641531600000000000,576
JOAN,329634,10.64,10.6,10.67,10.44,1641531600000000000,3999
JOB,596301,0.5706,0.5807,0.59,0.57,1641531600000000000,1359
JOBS,431138,46.38,45.39,46.38,44.84,1641531600000000000,4459
JOBY,3256934,6.39,6.3,6.58,6.2,1641531600000000000,21713
JOBY.WS,52574,1.51,1.45,1.5103,1.375,1641531600000000000,151
JOE,118572,52.97,52.43,53.61,51.86,1641531600000000000,2040
JOET,80851,31.78,31.37,31.805,31.34,1641531600000000000,558
JOF,23230,7.85,7.87,7.89,7.8058,1641531600000000000,135
JOFF,9409,9.73,9.76,9.78,9.73,1641531600000000000,67
JOFFU,44285,9.97,9.94,9.97,9.92,1641531600000000000,125
JOFFW,31128,0.6799,0.62,0.6799,0.61,1641531600000000000,88
JOJO,14258,18.78,18.7397,18.78,18.7,1641531600000000000,63
JOUT,132566,94.67,91.5,94.67,91.13,1641531600000000000,1032
JOYY,2822,30.23,30.2676,30.34,30.23,1641531600000000000,12
JP,55596,0.93,0.935,0.9447,0.93,1641531600000000000,126
JPC,324892,9.83,9.85,9.86,9.77,1641531600000000000,1405
JPEM,10976,56.82,57.06,57.11,56.7,1641531600000000000,146
JPHY,37249,51.16,51.15,51.22,51.1,1641531600000000000,342
JPI,20952,25.44,25.63,25.73,25.44,1641531600000000000,171
JPIB,42444,50.51,50.57,50.57,50.51,1641531600000000000,370
JPIE,2161,49.91,49.9694,50,49.91,1641531600000000000,16
JPIN,50448,58.97,59.21,59.25,58.8,1641531600000000000,252
JPM,13851610,165.665,167.16,167.53,165.06,1641531600000000000,129432
JPMpC,85303,27.07,27.17,27.2242,26.9352,1641531600000000000,574
JPMpD,64304,26.76,26.83,26.88,26.67,1641531600000000000,570
JPMpJ,80640,26.15,26.18,26.22,25.98,1641531600000000000,604
JPMpK,91482,25.66,25.67,25.73,25.52,1641531600000000000,443
JPMpL,108330,25.68,25.67,25.75,25.5,1641531600000000000,686
JPMpM,354852,24.85,24.94,25.04,24.76,1641531600000000000,1750
JPMB,1012,47.45,47.417,47.45,47.417,1641531600000000000,27
JPME,69397,94.2873,94.1004,94.48,94.03,1641531600000000000,97
JPN,2258,31.96,31.9801,32.0247,31.73,1641531600000000000,16
JPS,263544,9.65,9.64,9.71,9.62,1641531600000000000,882
JPSE,15456,45.77,45.2586,46.1699,45.23,1641531600000000000,148
JPST,2137890,50.46,50.48,50.48,50.46,1641531600000000000,3763
JPT,4554,24.5,24.44,24.5,24.2601,1641531600000000000,22
JPUS,29905,105.0118,104.91,105.2016,104.6601,1641531600000000000,163
JPXN,4281,70,70.2949,70.3,69.87,1641531600000000000,43
JQC,317684,6.55,6.56,6.58,6.53,1641531600000000000,940
JQUA,97426,44.47,44.1468,44.47,44.09,1641531600000000000,372
JRE,1720,27.8,27.634,27.8,27.63,1641531600000000000,7
JRI,89581,15.99,15.97,16.03,15.9,1641531600000000000,464
JRJC,6779,6.58,6.5,6.64,6.5,1641531600000000000,49
JRNY,1115,24.91,25.0192,25.1199,24.78,1641531600000000000,9
JRO,236691,10.2,10.21,10.25,10.15,1641531600000000000,801
JRS,63077,12.55,12.5,12.58,12.45,1641531600000000000,211
JRSH,5121,6.59,6.56,6.59,6.41,1641531600000000000,68
JRVR,268373,28.65,28.86,29.04,28.5,1641531600000000000,2633
JSCP,132151,49.59,49.53,49.71,49.5101,1641531600000000000,448
JSD,36270,14.98,15.04,15.1,14.97,1641531600000000000,295
JSM,8746,25.05,25.15,25.25,25.05,1641531600000000000,81
JSMD,39774,65.28,64.2699,65.48,64.06,1641531600000000000,245
JSML,9335,61.635,60.8454,61.635,60.72,1641531600000000000,72
JSPR,72992,7.02,6.82,7.2712,6.8,1641531600000000000,816
JSPRW,1833,1.32,1.33,1.42,1.32,1641531600000000000,40
JSTC,3435,17.98,17.88,17.98,17.87,1641531600000000000,31
JT,200969,1.11,1.19,1.2,1.08,1641531600000000000,545
JUGGU,250,10,10,10,10,1641531600000000000,1
JULZ,388,34.74,34.6729,34.74,34.6729,1641531600000000000,3
JUN,16200,9.86,9.89,9.89,9.86,1641531600000000000,42
JUN.U,15360,10.2,10.2,10.2,10.2,1641531600000000000,33
JUN.WS,58558,0.7,0.7,0.72,0.7,1641531600000000000,74
JUNZ,0,27.0184,27.0184,27.0184,27.0184,1641531600000000000,0
JUPW,231074,0.8835,0.8453,0.889,0.832,1641531600000000000,809
JUPWW,18570,0.67,0.8699,0.8853,0.65,1641531600000000000,172
JUSA,16,52.6316,52.6316,52.6316,52.6316,1641531600000000000,5
JUST,9283,67.45,67.01,67.45,66.87,1641531600000000000,102
JVA,6947,4.29,4.35,4.4299,4.29,1641531600000000000,102
JVAL,294625,38.63,38.57,38.72,38.4627,1641531600000000000,576
JW.A,121756,56.28,56.22,56.5085,55.9,1641531600000000000,3075
JW.B,325,56.4,56.4,56.4,56.4,1641531600000000000,14
JWAC,134604,9.83,9.83,9.83,9.83,1641531600000000000,73
JWACR,1111792,0.35,0.35,0.355,0.33,1641531600000000000,193
JWEL,4661975,4.82,4.9,6.16,4.6501,1641531600000000000,18733
JWN,2733141,23.12,23.2,23.56,22.94,1641531600000000000,22791
JWSM,170380,9.77,9.77,9.78,9.76,1641531600000000000,206
JWSM.U,7877,9.95,10,10.02,9.95,1641531600000000000,23
JWSM.WS,21089,0.97,0.978,1,0.9306,1641531600000000000,57
JXI,7458,63.04,63.7,63.81,62.96,1641531600000000000,71
JXN,1199585,44.7,45.77,45.8,44.1,1641531600000000000,11381
JYAC,108534,9.75,9.83,9.84,9.75,1641531600000000000,110
JYNT,135436,56.35,54.02,57.1,53.81,1641531600000000000,2693
JZRO,0,25.8752,25.8752,25.8752,25.8752,1641531600000000000,0
JZXN,194436,1.41,1.39,1.46,1.36,1641531600000000000,419
K,2453865,65.99,66.6,66.93,65.92,1641531600000000000,22788
KAHC,4076,9.765,9.79,9.8,9.76,1641531600000000000,38
KAHC.U,50902,9.99,10,10,9.99,1641531600000000000,6
KAHC.WS,7700,0.989899,0.9501,0.99,0.95,1641531600000000000,34
KAI,23700,222.4,215.96,222.4,215.85,1641531600000000000,1217
KAII,10312,9.73,9.74,9.74,9.72,1641531600000000000,50
KAIR,85235,9.78,9.78,9.78,9.78,1641531600000000000,4
KAIRU,200,10.01,10.01,10.01,10.01,1641531600000000000,2
KAIRW,502,0.5049,0.5199,0.5199,0.5049,1641531600000000000,3
KALA,670174,1.09,1.08,1.15,1.07,1641531600000000000,3043
KALL,1203,28.29,28.2941,28.34,28.28,1641531600000000000,16
KALU,113690,99.18,100.2,101,98.01,1641531600000000000,2967
KALV,168153,13.02,12.99,13.73,12.861,1641531600000000000,2045
KAMN,71106,44.4,44.59,45.345,44.4,1641531600000000000,1711
KAPR,5210,27.26,27.1986,27.262,27.18,1641531600000000000,31
KAR,1766596,16.3,16.7,16.82,16.28,1641531600000000000,14586
KARO,10114,35.93,37.19,37.29,35.93,1641531600000000000,95
KARS,80323,46.58,46.25,46.8,45.75,1641531600000000000,976
KAVL,2712718,0.6943,0.778,0.7899,0.68,1641531600000000000,5861
KB,262266,46.52,47.24,47.29,46.37,1641531600000000000,3418
KBA,1206144,41.5,41.68,41.68,41.39,1641531600000000000,6311
KBAL,50619,10.71,10.47,10.71,10.43,1641531600000000000,1010
KBE,6298764,58.65,59.28,59.375,58.33,1641531600000000000,35923
KBH,1668787,41.87,39.76,42.2,39.71,1641531600000000000,21291
KBND,20,33.97,33.97,33.97,33.97,1641531600000000000,1
KBNT,133432,2.9,2.78,2.98,2.73,1641531600000000000,578
KBR,1214916,47.56,46.69,47.91,46.21,1641531600000000000,14283
KBUY,20747,23.68,23.83,23.83,23.63,1641531600000000000,184
KBWB,4872340,73.77,74.72,74.87,73.36,1641531600000000000,11364
KBWD,165580,20.62,20.76,20.8,20.6164,1641531600000000000,930
KBWP,12551,81.25,82.4281,82.46,81.25,1641531600000000000,78
KBWR,20535,68.6,68.575,68.725,67.615,1641531600000000000,170
KBWY,80068,26.01,26.02,26.2,25.92,1641531600000000000,1008
KC,1808325,12.78,13.5,13.76,12.6,1641531600000000000,16726
KCCA,53955,28.12,27.82,28.12,27.67,1641531600000000000,499
KCE,28671,102.66,102.57,102.74,101.825,1641531600000000000,312
KCGI,17479,9.84,9.84,9.84,9.83,1641531600000000000,49
KCGI.U,762,10.5,10.5,10.51,10.5,1641531600000000000,8
KCGI.WS,103968,0.9478,0.85,0.948,0.8301,1641531600000000000,341
KD,1576995,17.7,17.79,18.17,17.6,1641531600000000000,13801
KDNY,405378,15.15,14.34,15.475,14.31,1641531600000000000,4290
KDP,4939150,37.3,37.3,37.412,36.99,1641531600000000000,39280
KDRN,0,24.67,24.67,24.67,24.67,1641531600000000000,0
KE,50933,22.28,22.16,22.5299,22.09,1641531600000000000,900
KEJI,101,17.01,17.0364,17.0364,17.01,1641531600000000000,2
KELYA,91010,18.21,17.94,18.21,17.94,1641531600000000000,1133
KELYB,757,17.991,18.04,18.04,17.99,1641531600000000000,22
KEMQ,19609,22.47,22.31,22.59,22.22,1641531600000000000,105
KEMX,4565,31.18,31.3495,31.38,31.18,1641531600000000000,25
KEN,37549,51.5,51.58,52.99,51.5,1641531600000000000,395
KEP,222008,8.95,9.01,9.01,8.8966,1641531600000000000,1721
KEQU,1304,13.07,12.95,13.1,12.73,1641531600000000000,23
KERN,263482,1.67,1.72,1.78,1.66,1641531600000000000,1332
KERNW,22600,0.26,0.2112,0.26,0.2111,1641531600000000000,34
KESG,65270,26.04,26.2319,26.24,25.978,1641531600000000000,95
KEUA,7286,33.53,32.95,33.53,32.75,1641531600000000000,107
KEX,616114,64.08,63.66,64.69,63.42,1641531600000000000,6036
KEY,11138603,26,26.35,26.45,25.86,1641531600000000000,55364
KEYpI,15770,29.82,29.9,30.05,29.68,1641531600000000000,227
KEYpJ,14449,26.39,26.485,26.615,26.33,1641531600000000000,182
KEYpK,20175,26.69,26.77,26.9299,26.5637,1641531600000000000,216
KEYS,1001736,191.98,188,193.06,186.85,1641531600000000000,16948
KF,7509,34.33,34.71,34.71,34.2061,1641531600000000000,77
KFFB,444,7.35,7.35,7.35,7.35,1641531600000000000,9
KFRC,82694,75.58,71.17,75.58,71.115,1641531600000000000,2322
KFS,4192,5.24,5.245,5.29,5.1811,1641531600000000000,35
KFVG,6340,24.89,25.0216,25.0216,24.885,1641531600000000000,64
KFY,434656,77.17,71.86,77.17,71.79,1641531600000000000,8116
KFYP,1053,29.63,29.71,29.71,29.5847,1641531600000000000,13
KGC,13024661,5.44,5.45,5.48,5.36,1641531600000000000,21575
KGRN,8276,42.5,42.56,43.115,42.28,1641531600000000000,150
KGRO,725,22.9,23.0226,23.0226,22.85,1641531600000000000,8
KHC,4911482,36.79,37.35,37.42,36.69,1641531600000000000,41357
KHYB,10954,32.65,32.645,32.68,32.645,1641531600000000000,60
KIDS,50146,54.52,52.75,54.52,52.66,1641531600000000000,1391
KIE,1480838,40.8,41.14,41.19,40.69,1641531600000000000,9710
KIII,3445,9.7,9.74,9.74,9.7,1641531600000000000,31
KIIIU,1070,9.85,9.84,9.85,9.84,1641531600000000000,11
KIIIW,10133,0.53,0.495,0.53,0.495,1641531600000000000,37
KIM,4356252,24.895,24.75,25.02,24.71,1641531600000000000,30059
KIMpL,7346,25.32,25.44,25.44,25.3079,1641531600000000000,94
KIMpM,18013,25.59,25.69,25.74,25.59,1641531600000000000,103
KIND,1547529,6.94,6.76,7.3497,6.73,1641531600000000000,10098
KINS,6812,5.27,5.27,5.41,5.1704,1641531600000000000,69
KINZW,15610,0.48,0.469998,0.48,0.4699,1641531600000000000,79
KIO,85230,16.8,16.77,16.81,16.72,1641531600000000000,599
KIQ,70613,0.4402,0.4491,0.4699,0.4402,1641531600000000000,169
KIRK,264343,16.04,15.75,16.55,15.75,1641531600000000000,2872
KJAN,58177,32.09,31.88,32.11,31.794,1641531600000000000,179
KJUL,11421,26.17,26.1202,26.19,26.08,1641531600000000000,51
KKR,2927191,70.37,69.5,70.68,68.94,1641531600000000000,22622
KKRpC,3932,87.87,87.83,88.3637,87.83,1641531600000000000,64
KKRS,12888,25.7,25.72,25.775,25.54,1641531600000000000,172
KL,1911578,39.55,39.49,39.93,38.9933,1641531600000000000,15984
KLAC,1154051,429.81,416.91,435.53,416.19,1641531600000000000,28085
KLAQW,1800,0.5201,0.5299,0.5399,0.5201,1641531600000000000,6
KLCD,3520,33.85,33.8133,33.875,33.79,1641531600000000000,20
KLDO,65008,2.43,2.45,2.58,2.38,1641531600000000000,813
KLDW,13052,45.98,46.1326,46.199,45.76,1641531600000000000,45
KLIC,787532,60.96,58.16,61.5826,57.7298,1641531600000000000,12219
KLNE,3150,18.465,18.07,18.465,17.998,1641531600000000000,97
KLR,326003,8.95,8.8,9.13,8.717,1641531600000000000,1935
KLR.WS,3383,1.9,1.91,1.91,1.9,1641531600000000000,21
KLTR,318698,3.2,3.19,3.275,3.144,1641531600000000000,2414
KLXE,245455,4.05,4.31,4.35,4,1641531600000000000,1355
KMB,1299997,143.44,143.74,144.32,142.3,1641531600000000000,23304
KMDA,25446,6.4355,6.51,6.55,6.4355,1641531600000000000,194
KMED,917,26.3,26.3116,26.445,26.3,1641531600000000000,19
KMF,97898,7.42,7.47,7.5115,7.3869,1641531600000000000,489
KMI,17764167,17,17.27,17.32,16.96,1641531600000000000,59610
KMLM,202,26.85,26.8151,26.85,26.8151,1641531600000000000,2
KMPH,393508,8.36,8.63,8.7,8.36,1641531600000000000,2380
KMPR,382314,60.64,62.97,63.04,60.55,1641531600000000000,5695
KMT,399253,37.12,36.98,37.61,36.81,1641531600000000000,4300
KMX,2323643,118.99,121.08,123.18,118.43,1641531600000000000,27109
KN,595278,23.43,23.28,23.52,23.215,1641531600000000000,6875
KNBE,468714,21.26,21.23,22,21.075,1641531600000000000,5863
KNDI,772109,3.4,3.38,3.465,3.34,1641531600000000000,4546
KNG,49819,56.84,57.07,57.2099,56.84,1641531600000000000,367
KNGS,626,26.08,26.1,26.1,26.07,1641531600000000000,10
KNOP,140261,14.49,15,15.08,14.49,1641531600000000000,913
KNSA,322758,11.25,10.96,11.36,10.91,1641531600000000000,3391
KNSL,99822,220.87,223.25,223.93,219.82,1641531600000000000,3035
KNTE,103604,15.45,14.86,15.45,14.56,1641531600000000000,2726
KNX,1150505,59.12,58.54,59.13,57.36,1641531600000000000,12099
KO,12222625,60.275,60.33,60.72,60.06,1641531600000000000,85484
KOCG,320,25.46,25.465,25.465,25.46,1641531600000000000,10
KOCT,1980,27.17,27.0087,27.17,27.0087,1641531600000000000,9
KOD,175742,76.88,72.21,78,71.04,1641531600000000000,3935
KODK,850679,4.63,4.55,4.68,4.545,1641531600000000000,6608
KOF,55710,54.17,53.82,54.329,53.82,1641531600000000000,1352
KOIN,3348,42.65,42.72,42.88,42.39,1641531600000000000,64
KOKU,25,85.6408,85.6408,85.6408,85.6408,1641531600000000000,6
KOLD,7358844,11.02,11.14,11.2047,10.67,1641531600000000000,23886
KOMP,190852,56.76,56.24,57.28,56.01,1641531600000000000,790
KONG,0,25.2561,25.2561,25.2561,25.2561,1641531600000000000,0
KOP,40556,32.65,31.9,32.71,31.85,1641531600000000000,860
KOPN,1098517,3.78,3.61,3.84,3.59,1641531600000000000,7291
KOR,478867,3.1,3.22,3.24,3.1,1641531600000000000,1116
KORE,79957,6.86,6.77,6.98,6.7,1641531600000000000,1152
KORE.WS,101530,1.06,1.02,1.0603,0.9416,1641531600000000000,395
KORP,17619,51.29,51.3389,51.3734,51.29,1641531600000000000,32
KORU,75385,24.14,24.92,24.95,23.98,1641531600000000000,964
KOS,7691303,4.24,4.33,4.36,4.18,1641531600000000000,27639
KOSS,168422,10.91,10.62,11.215,10.3,1641531600000000000,1682
KPLT,1477892,2.9,2.9,3.09,2.85,1641531600000000000,5393
KPLTW,67573,0.46,0.495,0.54005,0.46,1641531600000000000,70
KPRX,457997,0.98,1,1.06,0.98,1641531600000000000,1046
KPTI,1965631,7.34,7.06,7.43,6.98,1641531600000000000,16591
KR,8602445,47.25,48.12,48.89,47.14,1641531600000000000,66904
KRA,508911,46.37,46.31,46.455,46.28,1641531600000000000,3281
KRBN,759344,52.96,52.4,53.05,52.28,1641531600000000000,6523
KRBP,70100,1.74,1.64,1.74,1.52,1641531600000000000,493
KRC,814512,70.32,71.05,72.085,70.32,1641531600000000000,10969
KRE,13338853,76.65,77.27,77.43,76.11,1641531600000000000,117329
KREF,417305,21.6,21.68,21.86,21.58,1641531600000000000,3867
KREFpA,461359,24.97,25.37,25.39,24.97,1641531600000000000,1426
KRG,1264146,21.77,21.95,22.1,21.72,1641531600000000000,9717
KRKR,17237,1.055,1.0411,1.0755,1.04,1641531600000000000,45
KRMA,125005,33.88,33.66,33.88,33.54,1641531600000000000,208
KRMD,53281,3.16,3,3.16,2.95,1641531600000000000,449
KRNL,320,9.7306,9.73,9.7306,9.73,1641531600000000000,8
KRNLW,17166,0.48,0.475,0.49,0.4712,1641531600000000000,35
KRNT,180378,135.02,128.63,136.45,128.2601,1641531600000000000,4522
KRNY,230558,13.46,13.68,13.72,13.42,1641531600000000000,3244
KRO,210771,15.2,15.32,15.34,15.05,1641531600000000000,2038
KRON,148625,12.93,12.71,13.2,12.57,1641531600000000000,2152
KROP,836,19.24,19.2964,19.495,19.24,1641531600000000000,38
KROS,56206,54.67,52.8,56.28,52.47,1641531600000000000,1558
KRP,186553,15.47,15.38,15.47,15.07,1641531600000000000,1165
KRT,3504,20.09,20.09,20.41,20.08,1641531600000000000,114
KRTX,280790,126.5,125.12,133,124.59,1641531600000000000,4538
KRUS,457406,70,55.68,70,51.17,1641531600000000000,9419
KRYS,193178,65.6,64.21,68.41,64.16,1641531600000000000,4389
KSA,169750,41.82,41.9,41.93,41.71,1641531600000000000,1532
KSCD,1326,29.6,29.6146,29.6146,29.51,1641531600000000000,15
KSI,1499,9.725,9.75,9.75,9.725,1641531600000000000,27
KSICW,3100,0.500101,0.4998,0.5002,0.4998,1641531600000000000,8
KSM,25711,12.08,12.05,12.12,12.0145,1641531600000000000,190
KSPN,1572,9.99,9.77,9.99,9.5,1641531600000000000,28
KSS,7603853,46.57,48.2,48.68,46.4,1641531600000000000,65660
KSTR,15202,22.51,22.5,22.58,22.38,1641531600000000000,209
KT,828535,12.46,12.59,12.6,12.46,1641531600000000000,5009
KTB,358317,51.98,50.65,52.75,50.61,1641531600000000000,5358
KTCC,4738,6.43,6.4481,6.4999,6.4,1641531600000000000,53
KTEC,1133,17.23,17.21,17.27,17.195,1641531600000000000,17
KTF,33209,11.72,11.78,11.78,11.69,1641531600000000000,218
KTH,2622,31.8889,31.8068,32,31.7999,1641531600000000000,22
KTN,1281,31.4,30.96,31.4,30.96,1641531600000000000,14
KTOS,1149663,18.53,18.51,18.93,18.41,1641531600000000000,11722
KTRA,503077,0.53,0.5215,0.54,0.505,1641531600000000000,970
KTTA,866520,1.5,1.49,1.56,1.47,1641531600000000000,1554
KTTAW,38896,0.3,0.29,0.3,0.27,1641531600000000000,96
KUKE,73387,3.85,4,4.1,3.55,1641531600000000000,293
KULR,822385,2.78,2.72,2.84,2.7,1641531600000000000,3511
KURA,589885,13.45,12.89,13.58,12.89,1641531600000000000,5460
KURE,46197,26.7,26.7744,26.94,26.62,1641531600000000000,511
KVHI,55891,9.45,9.19,9.6,9.165,1641531600000000000,778
KVLE,894,23.9501,23.9964,24.06,23.9501,1641531600000000000,13
KVSA,4646,9.74,9.73,9.75,9.7214,1641531600000000000,53
KVSC,1822,9.7996,9.78,9.8,9.78,1641531600000000000,33
KW,304366,24.31,24.22,24.51,24.2,1641531600000000000,3234
KWAC,12450,10.13,10.15,10.15,10.13,1641531600000000000,21
KWAC.WS,7780,0.4298,0.495,0.495,0.42,1641531600000000000,16
KWEB,23108939,35.72,36.14,36.735,35.534,1641531600000000000,133084
KWR,62346,230.16,227.63,232.24,226.71,1641531600000000000,2383
KWT,453,33.55,33.55,33.56,33.55,1641531600000000000,7
KXI,35807,64.39,64.59,64.75,64.2101,1641531600000000000,406
KXIN,362129,1.1,1.1,1.14,1.07,1641531600000000000,1367
KYMR,261449,58.03,55.56,59.03,55.31,1641531600000000000,4990
KYN,567376,8.12,8.17,8.23,8.05,1641531600000000000,1998
KZIA,13010,8.25,8.19,8.315,8.13,1641531600000000000,176
KZR,427007,14.26,13.62,14.6,13.61,1641531600000000000,5251
L,865690,59.43,60.78,60.89,59.105,1641531600000000000,9561
LAAAW,5301,0.53,0.66,0.66,0.53,1641531600000000000,8
LABD,3381550,29.92,31.98,32.1,28.2,1641531600000000000,21187
LABP,43305,4.3,4.18,4.37,4,1641531600000000000,798
LABU,12240244,29.24,27.38,31.12,27.25,1641531600000000000,91254
LAC,4653249,29.7,27.84,30.2,27.69,1641531600000000000,41930
LAD,213483,296.72,298.21,305.87,294.6278,1641531600000000000,7901
LADR,394786,12.18,12.2,12.23,12.12,1641531600000000000,3042
LAIX,98372,0.586,0.5836,0.626,0.58,1641531600000000000,322
LAKE,21672,21.7,21.9,21.94,21.55,1641531600000000000,442
LAMR,343391,116.13,116.4,117.64,115.83,1641531600000000000,6895
LANC,84409,169,170.73,171.27,168.56,1641531600000000000,2722
LAND,309861,32.72,32.07,32.85,31.72,1641531600000000000,3753
LANDO,8845,26,25.99,26.1477,25.8968,1641531600000000000,81
LARK,1064,28.6,28.87,28.87,28.6,1641531600000000000,64
LASR,169456,24.79,23.42,25.04,23.39,1641531600000000000,2898
LAUR,1460528,12.06,12.14,12.45,12.02,1641531600000000000,12162
LAW,478315,30.14,32.04,32.8,30.14,1641531600000000000,5773
LAWS,6249,49.34,49.14,49.55,48.67,1641531600000000000,202
LAX,4197,9.75,9.75,9.75,9.75,1641531600000000000,35
LAXXR,50500,0.28,0.265,0.28,0.265,1641531600000000000,43
LAXXU,2500,10.26,10.26,10.26,10.26,1641531600000000000,1
LAXXW,17700,0.45,0.39,0.45,0.39,1641531600000000000,19
LAZ,357733,45.84,46,46.39,45.5,1641531600000000000,4663
LAZR,4508446,15.46,15.76,15.92,15.11,1641531600000000000,30704
LAZY,247186,20.05,19.26,20.09,18.8307,1641531600000000000,1928
LBAI,486399,20.46,20.36,20.69,20.02,1641531600000000000,5006
LBAY,911,25.54,25.5406,25.6,25.54,1641531600000000000,8
LBC,18120,14.23,14.07,14.23,14.0205,1641531600000000000,412
LBJ,5602,53.04,54.45,54.67,53.04,1641531600000000000,182
LBPH,27891,4.8989,4.45,4.97,4.43,1641531600000000000,290
LBPS,9428,5.08,5.07,5.13,5.01,1641531600000000000,86
LBRDA,372420,152.95,148.81,153.74,148.6,1641531600000000000,7774
LBRDK,751785,155.71,151.98,156.39,151.77,1641531600000000000,14909
LBRDP,1044,28.52,28.96,28.9999,28.52,1641531600000000000,23
LBRT,994060,12.21,12.13,12.425,12.13,1641531600000000000,10702
LBTYA,1174425,27.43,27.54,28.01,27.405,1641531600000000000,15060
LBTYK,1569836,27.67,27.73,28.21,27.57,1641531600000000000,18951
LC,1625909,22.35,22.43,23.44,22.14,1641531600000000000,15267
LCAA,67994,9.72,9.76,9.76,9.72,1641531600000000000,108
LCAAU,5383,9.96,9.96,9.96,9.96,1641531600000000000,61
LCAAW,62812,0.76,0.6702,0.77,0.62,1641531600000000000,84
LCAHW,537,0.9,0.8999,0.9,0.8999,1641531600000000000,3
LCAP,19279,9.98,9.99,9.99,9.98,1641531600000000000,91
LCAPU,811,10.27,10.2701,10.2701,10.27,1641531600000000000,4
LCAPW,4253,0.61,0.62,0.62,0.61,1641531600000000000,26
LCG,11395,28.5699,28.4392,28.59,28.4392,1641531600000000000,51
LCI,315715,1.62,1.65,1.68,1.6,1641531600000000000,1167
LCID,78407173,37.505,41.98,43.2899,37.5,1641531600000000000,432035
LCII,102048,155.96,152.28,157.999,151.85,1641531600000000000,2627
LCNB,7086,19.92,20.03,20.045,19.915,1641531600000000000,172
LCR,9544,31.41,31.3379,31.49,31.3379,1641531600000000000,62
LCTD,62,47.6347,47.6347,47.6347,47.6347,1641531600000000000,8
LCTU,1952,53.035,52.905,53.15,52.899,1641531600000000000,44
LCTX,710273,2.06,1.98,2.145,1.98,1641531600000000000,4024
LCUT,14452,15.7,15.56,15.76,15.32,1641531600000000000,425
LD,2,48.5,48.5,48.5,48.5,1641531600000000000,2
LDEM,5497,57.34,57.4383,57.52,57.054,1641531600000000000,39
LDHA,8952,9.815,9.83,9.83,9.8,1641531600000000000,13
LDI,750928,4.98,4.89,5.057,4.85,1641531600000000000,3335
LDOS,868965,91.02,91.51,92.195,90.8,1641531600000000000,11214
LDP,94028,26.37,26.6,26.7,26.25,1641531600000000000,597
LDSF,47543,19.97,19.93,19.9799,19.9002,1641531600000000000,88
LDUR,51154,100.16,100.625,100.65,100.16,1641531600000000000,284
LE,155798,20.1,19.36,20.14,19.16,1641531600000000000,3261
LEA,573375,189.81,187.2,192.14,186.5,1641531600000000000,9278
LEAD,14471,58.86,58.515,58.86,58.515,1641531600000000000,79
LEAP,101484,10,9.99,10.01,9.96,1641531600000000000,306
LEAP.U,32814,10.2,10.18,10.21,10.18,1641531600000000000,125
LEAP.WS,8857,1.06,1.18,1.2,1.06,1641531600000000000,157
LECO,172987,139.56,139.78,141.76,138.67,1641531600000000000,4818
LEDS,24546,4.29,4.3,4.42,4.2,1641531600000000000,329
LEE,72983,38.74,39.32,39.99,38.74,1641531600000000000,1856
LEG,974168,42.08,41.96,42.2199,41.59,1641531600000000000,11267
LEGA,11279,9.77,9.79,9.8,9.74,1641531600000000000,124
LEGAU,281712,9.9,9.9,9.9,9.9,1641531600000000000,6
LEGAW,3600,0.77,0.7149,0.77,0.7,1641531600000000000,20
LEGH,28659,24.82,25.01,25.19,24.82,1641531600000000000,871
LEGN,267620,44.34,44.66,45.9,43.83,1641531600000000000,3763
LEGR,20284,44.02,44.22,44.32,44.01,1641531600000000000,298
LEJU,13429,0.82,0.85,0.869899,0.82,1641531600000000000,78
LEMB,140883,38.98,39.0654,39.08,38.98,1641531600000000000,944
LEN,4404663,108.26,102.95,108.26,102.79,1641531600000000000,43511
LEN.B,127512,89.92,85.17,89.92,85.16,1641531600000000000,3239
LEO,126988,8.37,8.35,8.38,8.29,1641531600000000000,707
LESL,2312740,22.6,22.29,22.85,21.85,1641531600000000000,21303
LEU,151192,48.17,51.83,52.51,47.51,1641531600000000000,2613
LEV,537848,9.47,9.68,9.77,9.43,1641531600000000000,4518
LEV.WS,24380,2.58,2.67,2.73,2.58,1641531600000000000,167
LEVI,1864846,23.58,23.27,23.82,22.89,1641531600000000000,15772
LEVL,9067,41.94,42.19,42.19,41.894,1641531600000000000,461
LEXI,21850,26.65,26.5733,26.65,26.57,1641531600000000000,3
LEXX,123304,4.27,4.36,4.48,4.18,1641531600000000000,795
LEXXW,40931,1.16,1.24,1.2699,0.9995,1641531600000000000,113
LFC,675047,8.58,8.69,8.69,8.58,1641531600000000000,3421
LFEQ,2848,43.62,43.3677,43.62,43.3677,1641531600000000000,30
LFG,539568,18.4,18.21,18.79,17.84,1641531600000000000,5482
LFMD,176776,3.79,3.73,3.85,3.66,1641531600000000000,1392
LFMDP,1655,18.78,18.675,18.82,17.8,1641531600000000000,18
LFST,549965,9.21,9.31,9.525,9.02,1641531600000000000,6332
LFT,692378,3.8,3.68,3.8001,3.66,1641531600000000000,1809
LFTpA,100,26.3999,26.3999,26.3999,26.3999,1641531600000000000,1
LFTR,4083,9.83,9.8202,9.84,9.82,1641531600000000000,25
LFTRU,183,10.05,10.05,10.05,10.05,1641531600000000000,2
LFTRW,27917,0.765,0.760401,0.7748,0.7311,1641531600000000000,73
LFUS,56693,316.32,303.48,316.8,303.155,1641531600000000000,3051
LFVN,16168,6.37,6.55,6.62,6.37,1641531600000000000,242
LGAC,52773,9.77,9.78,9.79,9.77,1641531600000000000,69
LGACW,78673,0.77,0.76995,0.779951,0.7401,1641531600000000000,77
LGBT,602,27.96,27.91,27.96,27.91,1641531600000000000,17
LGF.A,464918,16.97,17.49,17.66,16.97,1641531600000000000,5708
LGF.B,457785,15.73,16.04,16.2,15.71,1641531600000000000,6284
LGH,33357,44.96,44.98,45.39,44.72,1641531600000000000,159
LGHL,86370,1.32,1.33,1.36,1.31,1641531600000000000,450
LGHLW,127806,0.1235,0.13,0.1345,0.1202,1641531600000000000,50
LGI,48746,20.13,19.96,20.13,19.92,1641531600000000000,311
LGIH,349278,145.44,133.68,145.77,133.31,1641531600000000000,9283
LGL,16502,10.83,11.0499,11.0499,10.75,1641531600000000000,72
LGL.WS,410,0.72,0.72,0.72,0.72,1641531600000000000,5
LGLV,29946,146.66,146.21,146.68,146.1092,1641531600000000000,353
LGND,114922,144.28,144.63,148.975,143.05,1641531600000000000,3094
LGO,134893,10.12,10.43,10.6,10.12,1641531600000000000,1012
LGOV,7385,27.22,27.145,27.22,27.05,1641531600000000000,59
LGST,209,9.95,9.925,9.95,9.925,1641531600000000000,5
LGSTU,405000,10.16,10.16,10.16,10.16,1641531600000000000,3
LGSTW,426300,0.5,0.49,0.5,0.49,1641531600000000000,390
LGTO,238383,9.84,9.85,9.86,9.84,1641531600000000000,126
LGTOW,246400,0.51,0.5,0.519899,0.5,1641531600000000000,7
LGV,28058,9.8,9.82,9.85,9.8,1641531600000000000,90
LGV.WS,1711,1,0.82495,1,0.82495,1641531600000000000,7
LGVC,61551,9.84,9.87,9.87,9.83,1641531600000000000,151
LGVCU,30103,10.02,10.06,10.06,10.02,1641531600000000000,22
LGVCW,16410,0.4602,0.4751,0.4851,0.4601,1641531600000000000,24
LGVN,1090399,9.95,9.69,10.36,9.43,1641531600000000000,7476
LH,641625,288.55,285.27,291.68,284.18,1641531600000000000,16791
LHC,32306,9.74,9.75,9.76,9.74,1641531600000000000,39
LHC.WS,200,0.7052,0.7052,0.7052,0.7052,1641531600000000000,1
LHCG,316928,128.89,128.02,132.29,127.96,1641531600000000000,7454
LHDX,61279,7.46,7.17,7.6559,7.071,1641531600000000000,650
LHX,1789229,218.37,219.77,220.58,217.95,1641531600000000000,25279
LI,8517957,28.5771,29.18,29.68,28.2,1641531600000000000,54322
LIAN,201134,5.73,4.96,5.73,4.81,1641531600000000000,1929
LIBY,41522,9.91,9.91,9.91,9.88,1641531600000000000,10
LIBYU,100503,10.23,10.24,10.24,10.23,1641531600000000000,4
LIBYW,15900,0.37,0.36,0.37,0.36,1641531600000000000,7
LICY,1335016,8.9,9.02,9.2,8.73,1641531600000000000,10551
LICY.WS,153719,2.18,2.275,2.31,2.18,1641531600000000000,501
LIDR,374979,4.63,4.47,4.72,4.42,1641531600000000000,2698
LIDRW,14235,0.760001,0.76,0.85,0.76,1641531600000000000,25
LIFE,212368,7.09,6.75,7.15,6.66,1641531600000000000,1656
LII,246868,308.02,304.98,312.96,304.35,1641531600000000000,6928
LILA,244043,11.75,11.75,11.87,11.67,1641531600000000000,3032
LILAK,528078,11.735,11.56,11.735,11.46,1641531600000000000,4443
LILM,588881,6.99,6.83,6.99,6.57,1641531600000000000,3803
LILMW,32162,1.22,1.25,1.321,1.22,1641531600000000000,105
LIN,1438836,338.02,336.28,338.19,333.3,1641531600000000000,30619
LINC,100367,7.23,7.385,7.53,7.23,1641531600000000000,351
LIND,597624,17.95,18.26,18.57,17.95,1641531600000000000,3474
LINK,5088,10.2,10.3,10.3,9.9,1641531600000000000,71
LION,3534,9.89,9.91,9.91,9.89,1641531600000000000,29
LIONU,229,10.07,10.07,10.07,10.07,1641531600000000000,4
LIONW,32949,0.43,0.43,0.43,0.43,1641531600000000000,50
LIQT,21477,6.03,5.88,6.03,5.79,1641531600000000000,200
LIT,811001,81.16,81.02,81.81,80.1,1641531600000000000,14335
LITB,181251,1.03,1.02,1.04,1.02,1641531600000000000,320
LITE,876421,105.13,105.3,105.96,103.14,1641531600000000000,12744
LITM,179877,6,6.21,6.37,5.8457,1641531600000000000,1135
LITT,1851,9.7,9.72,9.72,9.7,1641531600000000000,19
LIV,33,24.2558,24.2558,24.2558,24.2558,1641531600000000000,5
LIVE,5412,29.26,29.22,30.4999,29.22,1641531600000000000,325
LIVN,252984,83.85,82.58,84.83,82.49,1641531600000000000,5105
LIXT,1129328,2,2.14,2.18,1.9561,1641531600000000000,4690
LIXTW,62301,0.290101,0.2521,0.290101,0.2519,1641531600000000000,119
LIZI,159598,1.62,1.63,1.6933,1.61,1641531600000000000,1069
LJAQ,880,9.85,9.865,9.865,9.85,1641531600000000000,9
LJAQU,800,10.1,10.1,10.1153,10.1,1641531600000000000,5
LJAQW,119127,0.55,0.489999,0.55,0.4118,1641531600000000000,126
LJPC,81206,4.55,4.52,4.69,4.48,1641531600000000000,841
LKCO,1831599,0.5976,0.62,0.636,0.581,1641531600000000000,2304
LKFN,226487,82.74,83.39,83.76,82.455,1641531600000000000,2438
LKOR,10398,57.58,57.3061,57.58,57.1246,1641531600000000000,66
LKQ,1261740,59.34,58.27,59.445,58.22,1641531600000000000,14200
LL,184527,16.76,16.49,16.8,16.365,1641531600000000000,3424
LLL,3005,2.45,2.29,2.45,2.28,1641531600000000000,43
LLNW,1353011,3.53,3.55,3.59,3.46,1641531600000000000,8286
LLY,2240831,259.74,259.5,261.25,256.71,1641531600000000000,35035
LMACA,15275,10.24,10.28,10.2858,10.24,1641531600000000000,75
LMACU,1231,10.55,10.54,10.63,10.54,1641531600000000000,16
LMACW,2124,1.59,1.6501,1.68,1.59,1641531600000000000,13
LMAOW,14092,0.38,0.4,0.41,0.37,1641531600000000000,18
LMAT,66193,48.16,46.76,49.65,46.62,1641531600000000000,1573
LMB,23578,8.98,8.89,9.1,8.6383,1641531600000000000,314
LMBS,1948890,49.96,49.82,49.97,49.8,1641531600000000000,5014
LMDX,7162,8.84,8.5,8.9499,8.42,1641531600000000000,121
LMDXW,3700,1.606,1.6,1.61,1.6,1641531600000000000,35
LMFA,47502,4.68,4.63,4.7,4.46,1641531600000000000,378
LMND,3608236,35.41,37.14,40.46,35.4,1641531600000000000,43747
LMNL,186611,1.06,1.1256,1.14,1.04,1641531600000000000,411
LMNR,17471,15.86,15.71,15.94,15.33,1641531600000000000,505
LMPX,62743,7.37,7.23,7.5582,6.9,1641531600000000000,547
LMT,1631936,359.08,360.14,362.99,358.15,1641531600000000000,31307
LNC,972122,72.5,73.1,73.66,72.1,1641531600000000000,13913
LND,23230,4.99,5.1,5.1,4.99,1641531600000000000,213
LNDC,178088,10.67,10.44,10.76,10.43,1641531600000000000,1466
LNFA,39152,10.04,10.02,10.0578,10.02,1641531600000000000,221
LNFA.U,32502,10.35,10.35,10.35,10.33,1641531600000000000,105
LNFA.WS,47134,0.6969,0.65,0.699,0.65,1641531600000000000,163
LNG,1310165,109.9,108.52,110.23,107.85,1641531600000000000,22953
LNN,73704,138.31,136.75,138.8,134.0479,1641531600000000000,2337
LNSR,2957,6.05,6.03,6.14,5.95,1641531600000000000,109
LNT,811114,60.86,60.99,61.445,60.24,1641531600000000000,13387
LNTH,467133,27.47,26.89,27.91,26.8,1641531600000000000,5785
LOAN,10230,5.79,5.78,5.8,5.73,1641531600000000000,125
LOB,210185,91.03,90.08,92.19,89.58,1641531600000000000,3941
LOCC,21338,9.76,9.75,9.77,9.75,1641531600000000000,40
LOCC.U,588,10.19,10.19,10.19,10.19,1641531600000000000,1
LOCC.WS,20921,1.31,1.2399,1.31,1.2399,1641531600000000000,23
LOCL,255409,5.97,5.05,6.03,5.05,1641531600000000000,2064
LOCL.WS,36779,0.745,0.7546,0.7598,0.74,1641531600000000000,71
LOCO,224366,13.91,13.81,14.14,13.8,1641531600000000000,2104
LODE,1216401,1.3,1.42,1.45,1.25,1641531600000000000,3629
LOGC,48122,2.23,2.17,2.2894,2.15,1641531600000000000,320
LOGI,666094,79.83,80.99,81.549,79.67,1641531600000000000,9618
LOKM.U,100,10.175,10.175,10.175,10.175,1641531600000000000,1
LOKM.WS,402,1.18,1.16,1.18,1.16,1641531600000000000,4
LOMA,65444,6.33,6.46,6.48,6.33,1641531600000000000,685
LOOP,123783,11.4,11.53,11.75,11.3,1641531600000000000,1062
LOPE,330902,88.24,87.19,90.345,86.78,1641531600000000000,5900
LOPP,36,29.0773,29.0773,29.0773,29.0773,1641531600000000000,4
LOPX,2132,7.65,7.5986,7.69,7.5986,1641531600000000000,28
LOTZ,1006843,2.22,2.23,2.275,2.13,1641531600000000000,6771
LOTZW,5755,0.38,0.4149,0.436599,0.38,1641531600000000000,17
LOUP,6287,51.38,50.8964,51.38,50.62,1641531600000000000,57
LOV,32069,3.32,3.33,3.3414,3.3,1641531600000000000,376
LOVE,242233,57.5,55.96,59.19,55.87,1641531600000000000,6877
LOW,4930961,255.7,251.09,257.38,250.7125,1641531600000000000,63222
LOWC,967,130.91,130.8588,131.16,130.8588,1641531600000000000,37
LPCN,499118,1.06,1.03,1.105,1.03,1641531600000000000,1288
LPG,462036,13.46,13.87,13.908,13.46,1641531600000000000,5383
LPI,572068,74.93,71.45,75.3,70.5,1641531600000000000,9381
LPL,463540,10.08,10.16,10.16,10.005,1641531600000000000,2683
LPLA,701621,174.91,177.41,178.08,171.07,1641531600000000000,12126
LPRO,996395,20.26,20.32,20.61,19.86,1641531600000000000,11269
LPSN,609938,32.57,32.46,33.315,31.88,1641531600000000000,9524
LPTH,132722,2.31,2.37,2.43,2.28,1641531600000000000,566
LPTX,1699172,2.82,2.89,2.98,2.76,1641531600000000000,7383
LPX,1001510,75.1,73.37,75.75,73.165,1641531600000000000,12078
LQD,17448844,130.11,129.72,130.2,129.47,1641531600000000000,69748
LQDA,1213131,6.32,6.26,6.67,5.82,1641531600000000000,8405
LQDB,7,99.6352,99.6352,99.6352,99.6352,1641531600000000000,4
LQDH,42269,95.54,95.62,95.72,95.53,1641531600000000000,264
LQDI,34592,29.86,29.75,29.86,29.6649,1641531600000000000,125
LQDT,135359,21.19,21.45,21.565,20.87,1641531600000000000,2426
LRCX,1553459,697.88,669.29,703.215,668.39,1641531600000000000,42474
LRFC,3801,24.03,24.5,24.6,24,1641531600000000000,60
LRGE,15115,58.28,57.84,58.5075,57.84,1641531600000000000,131
LRGF,80204,45.87,45.65,45.96,45.52,1641531600000000000,459
LRMR,27311,9.84,9.54,10.02,9.48,1641531600000000000,541
LRN,358712,31.81,31.55,32.49,31.45,1641531600000000000,3883
LRNZ,9476,41.93,41.3734,42.6,41.16,1641531600000000000,117
LSAF,3950,35.24,34.9098,35.25,34.885,1641531600000000000,20
LSAT,4025,38.84,36.1083,38.84,35.956,1641531600000000000,30
LSCC,1093135,70.67,68.81,71.34,68.13,1641531600000000000,13744
LSEA,27999,7.705,7.75,7.9544,7.62,1641531600000000000,368
LSEAW,73130,0.1605,0.1801,0.1923,0.1605,1641531600000000000,62
LSF,189228,14.16,13,14.4,13,1641531600000000000,706
LSI,660387,144.08,139.11,144.6,138.75,1641531600000000000,12518
LSLT,20,33.6744,33.6744,33.6744,33.6744,1641531600000000000,1
LSPD,1193995,36.21,36.44,37.44,35.15,1641531600000000000,14476
LSPRU,900,10.02,10.02,10.02,10.02,1641531600000000000,9
LSST,4906,24.83,24.83,24.8499,24.83,1641531600000000000,9
LSTR,305498,169.99,167.41,169.99,164.66,1641531600000000000,8172
LSXMA,571305,49.32,49.2,49.92,48.92,1641531600000000000,5291
LSXMK,469232,49.53,49.22,49.92,48.95,1641531600000000000,6026
LTBR,184393,7.28,7.26,7.5,7,1641531600000000000,1632
LTC,240841,35.3,35.79,36.04,35.25,1641531600000000000,3364
LTCH,1510013,6.42,6.19,6.5699,6.15,1641531600000000000,9875
LTCHW,11349,1.5,1.45,1.51,1.45,1641531600000000000,42
LTH,383276,16.4,16.5,16.6,16.12,1641531600000000000,4177
LTHM,1400434,23.95,23.8,24.57,23.19,1641531600000000000,13931
LTL,3542,54.36,53.89,54.41,53.87,1641531600000000000,45
LTPZ,189724,85.48,85.57,85.711,84.85,1641531600000000000,1918
LTRN,51586,7.1,7.03,7.19,6.72,1641531600000000000,745
LTRPA,379635,2.31,2.34,2.4,2.275,1641531600000000000,2448
LTRPB,21906,19.9,15.8,22.17,15.2,1641531600000000000,777
LTRX,386047,7.84,8.06,8.1699,7.78,1641531600000000000,3076
LTRY,324947,6.02,5.51,6.12,5.44,1641531600000000000,1891
LTRYW,75890,1.24,1.1399,1.25,1.12,1641531600000000000,216
LU,9910633,5.23,5.37,5.6,5.23,1641531600000000000,53343
LUB,8160,2.8789,2.86,2.9,2.855,1641531600000000000,39
LUCD,458922,4.59,4.52,4.653,4.27,1641531600000000000,2686
LULU,2189133,366.04,355.21,366.99,354.32,1641531600000000000,48521
LUMN,13940472,13.12,13.77,13.81,13.05,1641531600000000000,54575
LUMO,20680,7.05,7.07,7.19,6.94,1641531600000000000,175
LUNA,137506,7.7,7.48,7.7899,7.44,1641531600000000000,1663
LUNG,238956,31.84,30.25,32.12,29.88,1641531600000000000,4694
LUV,7474508,44.19,45.35,45.68,44.11,1641531600000000000,66534
LUXA,14579,9.8335,9.85,9.86,9.83,1641531600000000000,64
LUXAW,17355,0.870101,0.86,0.870101,0.85,1641531600000000000,21
LUXE,935,29.68,29.44,29.68,29.34,1641531600000000000,83
LVAC,1328,9.9,9.9,9.9,9.9,1641531600000000000,14
LVACW,100,0.555,0.555,0.555,0.555,1641531600000000000,1
LVHD,18643,40,40.18,40.3246,40,1641531600000000000,431
LVHI,16107,26.75,26.8084,26.8299,26.691,1641531600000000000,99
LVLU,71754,9.96,10,10.15,9.565,1641531600000000000,941
LVO,446244,1,1.01,1.07,1,1641531600000000000,2129
LVOL,30,47.7073,47.7073,47.7073,47.7073,1641531600000000000,3
LVOX,358481,4.92,5.02,5.15,4.9,1641531600000000000,1622
LVOXW,34762,0.75,0.84,0.8496,0.75,1641531600000000000,38
LVRA,3170,9.7764,9.9,9.9,9.76,1641531600000000000,39
LVRAW,25614,0.7,0.7,0.7,0.7,1641531600000000000,56
LVS,5813156,37.87,37.9,38.61,37.8,1641531600000000000,51844
LVTX,13363,6.08,5.9,6.167,5.9,1641531600000000000,189
LW,3026156,67.8,70.24,70.675,67.25,1641531600000000000,30852
LWAY,16898,4.9542,4.85,4.9599,4.78,1641531600000000000,93
LWLG,1082312,14.18,13.13,14.49,12.98,1641531600000000000,6881
LX,1827866,3.565,3.62,3.695,3.44,1641531600000000000,8065
LXFR,41284,19.39,19.03,19.75,18.99,1641531600000000000,590
LXP,1851537,14.52,14.41,14.565,14.39,1641531600000000000,9693
LXPpC,3135,61.9573,61.67,62.2,61.46,1641531600000000000,41
LXRX,271235,3.56,3.53,3.655,3.505,1641531600000000000,2346
LXU,119700,10.6,10.31,10.7,10.08,1641531600000000000,1675
LYB,1212392,97.2,97.61,98.47,97.01,1641531600000000000,16802
LYEL,312870,6.47,6.38,6.71,6.32,1641531600000000000,3586
LYFE,2163,33.17,33.0664,33.26,33.0664,1641531600000000000,26
LYFT,5551925,42.7,43.1,44.24,42.5,1641531600000000000,56061
LYG,10378946,2.82,2.84,2.85,2.81,1641531600000000000,10083
LYL,144562,1.3,1.16,1.3,1.1593,1641531600000000000,482
LYLT,308136,31.62,30.94,32.035,30.87,1641531600000000000,3127
LYRA,26650,4.32,4.2,4.34,4.14,1641531600000000000,299
LYTS,28294,6.7,6.65,6.8,6.62,1641531600000000000,484
LYV,1937888,119.8,115.86,120.405,115.81,1641531600000000000,27825
LZ,1013195,15.43,14.69,15.92,14.5101,1641531600000000000,10674
LZB,231681,36.16,36.1,36.51,35.92,1641531600000000000,3524
M,10327900,26.54,26.36,26.94,25.9933,1641531600000000000,71625
MA,4489640,366.39,369.65,371.79,364.11,1641531600000000000,68967
MAA,544967,219.89,216.42,220.04,216.1,1641531600000000000,11229
MAAX,156,24.69,24.655,24.69,24.655,1641531600000000000,4
MAC,2396548,18.57,18.17,18.71,18.16,1641531600000000000,14504
MACAW,620,0.5577,0.54,0.5599,0.54,1641531600000000000,8
MACC,1052,9.71,9.7152,9.7152,9.71,1641531600000000000,6
MACC.WS,20800,0.5,0.4981,0.5,0.49,1641531600000000000,31
MACK,17098,3.79,3.9,3.98,3.78,1641531600000000000,184
MACU,250,10.05,10.05,10.05,10.05,1641531600000000000,4
MACUW,4200,0.25,0.26,0.26,0.25,1641531600000000000,13
MAG,288016,14.66,14.66,14.79,14.43,1641531600000000000,3243
MAGA,1147,39.79,39.81,39.8401,39.77,1641531600000000000,24
MAIN,242342,44.53,44.4,44.7,44.1701,1641531600000000000,4583
MAKX,6,39.4606,39.4606,39.4606,39.4606,1641531600000000000,2
MAMB,3061,24.7568,24.75,24.76,24.75,1641531600000000000,19
MAN,403796,101.53,100.27,102.14,100.17,1641531600000000000,6830
MANH,278154,140.4,139.42,146.37,138.18,1641531600000000000,7113
MANT,207739,73.15,74.21,74.61,73.15,1641531600000000000,3239
MANU,350780,14.88,14.76,14.94,14.71,1641531600000000000,4155
MAPS,691650,5.24,5.23,5.3199,5.06,1641531600000000000,5244
MAPSW,14424,0.96,0.98,1.08,0.91,1641531600000000000,55
MAQC,3462,10.05,10.07,10.08,10.05,1641531600000000000,37
MAQCU,416,10.32,10.32,10.32,10.32,1641531600000000000,3
MAQCW,38170,0.5,0.499,0.514799,0.4974,1641531600000000000,59
MAR,1498138,166,166.66,168.75,164.69,1641531600000000000,24293
MARA,9229387,28.48,28.49,29.41,27.2,1641531600000000000,74324
MARB,1232,19.62,19.6286,19.69,19.5967,1641531600000000000,9
MARK,5781750,1.02,0.9602,1.03,0.9402,1641531600000000000,14216
MARPS,1805,4.43,4.385,4.43,4.31,1641531600000000000,38
MARZ,0,28.1229,28.1229,28.1229,28.1229,1641531600000000000,0
MAS,1941820,68.58,67.07,68.59,66.85,1641531600000000000,19462
MASI,565812,257.75,254,261.1599,251.945,1641531600000000000,11722
MASS,294597,20.6,20.01,21.28,19.73,1641531600000000000,5477
MAT,2451242,22.45,22.25,22.56,22.035,1641531600000000000,19128
MATW,53437,36.77,36.22,37.02,36,1641531600000000000,1365
MATX,232830,88.29,87.83,90.64,87.76,1641531600000000000,4166
MAV,44781,11.6,11.62,11.63,11.58,1641531600000000000,276
MAX,270422,14.77,14.79,15.1475,14.23,1641531600000000000,3157
MAXN,522448,12.67,12.62,13.2199,12.26,1641531600000000000,5229
MAXR,495780,29.62,29.7,30.42,29.49,1641531600000000000,5871
MAYS,145,41.4,41.4,41.4,41.4,1641531600000000000,11
MAYZ,0,26.6443,26.6443,26.6443,26.6443,1641531600000000000,0
MBAC,708993,9.93,9.9419,9.95,9.93,1641531600000000000,40
MBAC.U,15615,10.27,10.29,10.3,10.27,1641531600000000000,33
MBAC.WS,341409,1.06,1.1,1.11,1.0098,1641531600000000000,100
MBB,2003348,106.46,106.29,106.47,106.17,1641531600000000000,11614
MBBB,3,24.4675,24.4675,24.4675,24.4675,1641531600000000000,2
MBCC,10148,28.695,28.66,28.75,28.66,1641531600000000000,34
MBCN,3571,25.13,25.43,25.43,24.87,1641531600000000000,77
MBI,833636,15.81,15.32,16.24,14.8,1641531600000000000,6133
MBII,182503,0.77,0.76,0.78,0.7492,1641531600000000000,869
MBIN,20825,49.01,49.2,49.62,48.71,1641531600000000000,816
MBINN,15649,26.01,25.99,26.2963,25.99,1641531600000000000,72
MBINO,634,26.1142,26.2,26.2,26.1142,1641531600000000000,22
MBIO,1341986,1.65,1.62,1.7699,1.56,1641531600000000000,5547
MBND,2,29.545,29.545,29.545,29.545,1641531600000000000,2
MBNKP,10343,25.8,25.85,25.85,25.59,1641531600000000000,42
MBOT,81495,6.73,6.57,6.88,6.37,1641531600000000000,645
MBOX,4613,27.15,27.1428,27.18,27.1428,1641531600000000000,30
MBRX,583571,1.74,1.82,1.89,1.72,1641531600000000000,2379
MBSC.WS,96900,0.565,0.55,0.565,0.54,1641531600000000000,51
MBSD,11235,23.03,22.995,23.05,22.99,1641531600000000000,39
MBT,1352087,7.995,7.98,8.019,7.92,1641531600000000000,6872
MBTCU,250,10.32,10.32,10.32,10.32,1641531600000000000,1
MBUU,147837,69.48,67.1,70.4,66.62,1641531600000000000,3349
MBWM,26486,37.55,37.49,37.741,37.23,1641531600000000000,821
MC,494999,61.47,62.41,62.79,61.1,1641531600000000000,6754
MCA,60389,15.39,15.49,15.53,15.34,1641531600000000000,217
MCAA,39412,10,10,10,10,1641531600000000000,149
MCAAU,246300,10.22,10.22,10.22,10.22,1641531600000000000,2
MCAAW,112250,0.48,0.48,0.48,0.48,1641531600000000000,1
MCAEU,1200,10.38,10.3803,10.3803,10.38,1641531600000000000,7
MCAF,18362,9.83,9.83,9.83,9.83,1641531600000000000,9
MCAFR,1018,0.38,0.38,0.38,0.38,1641531600000000000,6
MCAFU,186,10.2201,10.2201,10.2201,10.2201,1641531600000000000,2
MCAG,4375,9.75,9.77,9.77,9.75,1641531600000000000,31
MCAGR,29701,0.35,0.3504,0.3504,0.3,1641531600000000000,29
MCAGU,1788,10.08,10.09,10.09,10.08,1641531600000000000,9
MCB,96688,110.45,110.46,111.2011,107.86,1641531600000000000,2621
MCBC,69599,9.2,9.32,9.3491,9.1701,1641531600000000000,868
MCBS,15180,29.08,29.25,29.26,28.8,1641531600000000000,404
MCD,2201601,268.56,267.06,270.17,267,1641531600000000000,41693
MCEF,6681,20.75,20.66,20.75,20.5901,1641531600000000000,32
MCFE,1281582,25.74,25.74,25.8,25.735,1641531600000000000,5948
MCFT,36198,27.77,27.4,28.03,27.4,1641531600000000000,723
MCG,163641,11.36,11.34,11.65,11.26,1641531600000000000,1765
MCHI,8083668,61.57,61.99,62.42,61.49,1641531600000000000,58119
MCHP,4491351,85.25,81.93,85.79,81.86,1641531600000000000,44815
MCHX,21243,2.6,2.55,2.64,2.53,1641531600000000000,98
MCI,11609,15.86,15.7,15.89,15.7,1641531600000000000,89
MCK,887517,249,249.76,251.49,245.16,1641531600000000000,17607
MCLD,20096,4.98,4.89,4.98,4.7142,1641531600000000000,115
MCMJ,323500,9.98,9.99,10.03,9.98,1641531600000000000,1378
MCMJW,141202,0.98,0.9502,1.01,0.9501,1641531600000000000,208
MCN,45678,8.07,8.07,8.1031,8.0008,1641531600000000000,367
MCO,504419,374.34,372.4,375.08,370.625,1641531600000000000,12073
MCR,74389,8.45,8.39,8.47,8.3804,1641531600000000000,255
MCRB,719166,8.67,8.55,8.9,8.5262,1641531600000000000,6922
MCRI,24641,71.48,71.59,72.07,70.83,1641531600000000000,1322
MCRO,0,27.5647,27.5647,27.5647,27.5647,1641531600000000000,0
MCS,96485,17.59,17.54,17.845,17.39,1641531600000000000,1414
MCW,985205,17.99,18.05,18.37,17.89,1641531600000000000,9692
MCY,229575,55.29,56.27,56.29,54.75,1641531600000000000,3864
MD,272765,26.47,26.55,26.88,26.36,1641531600000000000,3751
MDB,1120753,425,429.63,443.24,419.91,1641531600000000000,25212
MDC,482356,53.34,51.18,53.34,51.14,1641531600000000000,8191
MDCP,515,25.7,25.5774,25.7,25.5774,1641531600000000000,3
MDEV,230,24.5,24.4737,24.5,24.4737,1641531600000000000,7
MDGL,139979,80.89,77.25,82.77,76.68,1641531600000000000,2675
MDGS,216676,1.1,1.12,1.179,1.0701,1641531600000000000,478
MDH.WS,5413,0.4468,0.4483,0.4501,0.4468,1641531600000000000,25
MDIA,48143,5.6,5.97,5.98,5.42,1641531600000000000,408
MDIV,71618,16.83,16.9316,16.95,16.7972,1641531600000000000,240
MDJH,32107,1.71,1.73,1.7899,1.63,1641531600000000000,117
MDLZ,6438909,67.27,67.55,67.76,66.98,1641531600000000000,55983
MDNA,169646,1.8,1.87,1.87,1.7401,1641531600000000000,465
MDRR,383256,1.05,1.05,1.07,1.03,1641531600000000000,1052
MDRRP,439,22.14,22.1,22.14,22.1,1641531600000000000,20
MDRX,820284,17.65,17.65,17.895,17.59,1641531600000000000,7839
MDT,5122418,104,105.16,105.83,103.86,1641531600000000000,47139
MDU,824923,30.95,31.45,31.485,30.95,1641531600000000000,9408
MDVA,4196,25.91,25.9,26,25.9,1641531600000000000,38
MDVL,96071,1.4,1.28,1.4,1.26,1641531600000000000,478
MDWD,321245,3,3.12,3.38,2.97,1641531600000000000,1661
MDWT,8085,18.02,18.58,19.07,18,1641531600000000000,228
MDXG,388835,5.75,5.63,5.96,5.6,1641531600000000000,3186
MDXH,6287,9.8082,9.73,9.92,9.4871,1641531600000000000,326
MDY,1692888,512.25,508.52,515.26,506.95,1641531600000000000,28707
MDYG,41717,79.43,78.15,79.51,78.135,1641531600000000000,640
MDYV,54966,71.82,71.71,72.065,71.34,1641531600000000000,569
ME,2714931,6.255,6.16,6.2909,6.03,1641531600000000000,13911
MEAC,10358,9.79,9.82,9.82,9.79,1641531600000000000,32
MEACW,1000,0.439499,0.439499,0.439499,0.439499,1641531600000000000,1
MEAR,16120,50.0701,50.065,50.0701,50.06,1641531600000000000,56
MEC,30461,14.35,14.71,14.76,14.35,1641531600000000000,615
MED,157742,218.95,214.64,221.995,214.64,1641531600000000000,4450
MEDP,169090,191.59,188.01,193.945,187.7,1641531600000000000,5823
MEDS,49363,2.24,2.25,2.4381,2.15,1641531600000000000,218
MEG,404678,62.1,59.24,63.0607,59.02,1641531600000000000,4994
MEGI,63410,19.81,19.695,19.94,19.52,1641531600000000000,366
MEI,196835,48.17,47.25,48.49,47.16,1641531600000000000,2970
MEIP,633821,2.67,2.6,2.695,2.55,1641531600000000000,4039
MEKA,18081,10.95,10.99,11.3899,10.55,1641531600000000000,482
MELI,1097255,1116.88,1085.36,1144.5079,1072.91,1641531600000000000,46213
MEME,7585,12.94,12.966,13.222,12.73,1641531600000000000,123
MENV,0,25.505,25.505,25.505,25.505,1641531600000000000,0
MEOAW,104,0.4048,0.4048,0.4048,0.4048,1641531600000000000,2
MEOH,302468,42.43,43.56,43.825,42.4001,1641531600000000000,4827
MERpK,19357,26.48,26.55,26.78,26.48,1641531600000000000,123
MERC,297428,12.05,12.09,12.17,12,1641531600000000000,2571
MESA,534728,5.6104,5.68,5.81,5.55,1641531600000000000,4305
MESO,56081,4.71,4.67,4.78,4.645,1641531600000000000,464
MET,4634785,66.74,67.26,67.88,66.29,1641531600000000000,51698
METpA,26754,25.264,25.24,25.41,25.2,1641531600000000000,218
METpE,40591,26.44,26.47,26.56,26.32,1641531600000000000,359
METpF,72875,26.27,26.41,26.48,26.14,1641531600000000000,600
META,1947869,14.28,14.13,14.44,14.01,1641531600000000000,17364
METC,224068,12.82,13.1,13.275,12.6523,1641531600000000000,3035
METCL,12173,27.25,27.86,27.86,27.25,1641531600000000000,43
METX,11810693,0.2331,0.2278,0.239,0.227,1641531600000000000,7989
METXW,17151,0.1086,0.1,0.1098,0.090201,1641531600000000000,25
MEXX,2078,96.46,97.5051,97.645,96.46,1641531600000000000,63
MF,125132,4.79,4.67,4.84,4.61,1641531600000000000,757
MFA,2557786,4.58,4.62,4.665,4.58,1641531600000000000,7308
MFApB,14227,25.13,25.25,25.25,25.08,1641531600000000000,81
MFApC,6217,23.5,23.45,23.61,23.43,1641531600000000000,89
MFC,3564552,19.95,20.21,20.25,19.903,1641531600000000000,13548
MFD,49096,9.82,9.81,9.84,9.76,1641531600000000000,227
MFDX,3751,29.75,29.8677,29.8677,29.75,1641531600000000000,7
MFEM,312612,23.23,23.115,23.23,23.09,1641531600000000000,515
MFG,431423,2.71,2.69,2.715,2.675,1641531600000000000,2125
MFGP,335973,5.58,5.64,5.665,5.57,1641531600000000000,1724
MFH,261336,3.27,2.74,3.39,2.689,1641531600000000000,1245
MFIN,385195,5.66,6.18,6.39,5.65,1641531600000000000,1533
MFL,67313,14.64,14.62,14.72,14.55,1641531600000000000,395
MFM,135895,6.85,6.84,6.85,6.74,1641531600000000000,468
MFUL,56617,24.22,24.2412,24.28,24.22,1641531600000000000,31
MFUS,251,41.84,41.6249,41.84,41.6249,1641531600000000000,8
MFV,18410,6.59,6.62,6.75,6.59,1641531600000000000,68
MG,107559,7.92,7.6,7.975,7.58,1641531600000000000,944
MGA,1090442,85.47,85.56,86.48,84.3196,1641531600000000000,13188
MGC,71135,165.37,164.74,165.67,164.1,1641531600000000000,1122
MGEE,39114,81.49,80.69,81.49,80.49,1641531600000000000,1131
MGF,106003,4.25,4.18,4.25,4.18,1641531600000000000,410
MGI,666132,7.46,7.55,7.62,7.455,1641531600000000000,5710
MGIC,27131,20.6631,20.49,20.9199,20.335,1641531600000000000,614
MGK,410493,251,248.27,251.82,247.22,1641531600000000000,7320
MGM,5449682,44.58,44.53,45.38,44.34,1641531600000000000,41705
MGMT,1741,37.585,37.3378,37.65,37.27,1641531600000000000,33
MGNI,1128923,15.64,15.41,16.28,15.37,1641531600000000000,12132
MGNX,299180,15.57,14.79,16.09,14.7375,1641531600000000000,3564
MGP,836235,39.22,38.59,39.35,38.58,1641531600000000000,9660
MGPI,70798,82.93,83.16,85.0863,82.21,1641531600000000000,1977
MGR,16857,26.63,26.6,26.79,26.52,1641531600000000000,240
MGRB,47962,25.99,26.01,26.07,25.91,1641531600000000000,368
MGRC,67958,80.28,79.2,80.5,79.2,1641531600000000000,1430
MGRD,15528,24.19,24.22,24.32,24.19,1641531600000000000,73
MGTA,196138,5.18,4.67,5.3039,4.63,1641531600000000000,2397
MGTX,78707,21.78,21.53,22.22,21.42,1641531600000000000,1799
MGU,20007,24.09,24.23,24.3,24.05,1641531600000000000,303
MGV,385072,108.11,108.59,108.825,107.96,1641531600000000000,2394
MGY,1098206,20.34,19.89,20.405,19.84,1641531600000000000,10352
MGYR,397,12.4399,12.4399,12.4399,12.4399,1641531600000000000,11
MHpA,1313,11.04,10.9004,11.04,10.8269,1641531600000000000,18
MHpC,1493,12.16,12.36,12.36,12.14,1641531600000000000,23
MHpD,3309,12.2892,12.1721,12.2892,12.1721,1641531600000000000,34
MHD,61927,16.47,16.46,16.55,16.37,1641531600000000000,287
MHF,29337,7.92,7.82,7.92,7.76,1641531600000000000,157
MHH,4873,16.6,16.99,17,16.485,1641531600000000000,95
MHI,39835,12.06,12.07,12.07,12.03,1641531600000000000,113
MHK,441840,180.45,176.55,180.85,176.47,1641531600000000000,10832
MHLA,1858,20.93,20.62,20.93,20.62,1641531600000000000,41
MHLD,32040,2.95,2.98,3.02,2.95,1641531600000000000,366
MHN,49902,14.18,14.09,14.24,14.03,1641531600000000000,247
MHNC,1147,22.61,22.59,22.61,22.51,1641531600000000000,27
MHO,475072,57.71,55.28,57.71,55.26,1641531600000000000,7176
MIC,1918686,3.63,3.63,3.65,3.62,1641531600000000000,3777
MICT,523661,0.8229,0.8267,0.86,0.82,1641531600000000000,1569
MID,4086,52.81,52.5,52.96,52.5,1641531600000000000,32
MIDD,282602,198.26,197.34,199.01,196.8,1641531600000000000,4727
MIDE,38,27.8485,27.8485,27.8485,27.8485,1641531600000000000,5
MIDF,1284,40.43,40.2715,40.43,40.2715,1641531600000000000,25
MIDU,31330,67.62,65.89,68.09,65.34,1641531600000000000,479
MIG,1,24.3498,24.3498,24.3498,24.3498,1641531600000000000,1
MIGI,54956,5.31,5.25,5.4106,5.13,1641531600000000000,500
MILE,2059769,1.82,1.92,2.08,1.82,1641531600000000000,6371
MILEW,10722,0.205,0.2126,0.213,0.2,1641531600000000000,13
MILN,19789,40.82,40.56,41.2769,40.537,1641531600000000000,370
MIME,2554155,79.16,79.1,79.38,78.99,1641531600000000000,19070
MIMO,56874,4.01,3.85,4.082,3.81,1641531600000000000,716
MIMO.WS,59275,0.7401,0.69,0.7401,0.69,1641531600000000000,88
MIN,359262,3.56,3.56,3.57,3.55,1641531600000000000,2374
MINC,3726,48.18,48.215,48.2393,48.1707,1641531600000000000,19
MIND,67472,1.6,1.68,1.71,1.6,1641531600000000000,322
MINDP,10085,18.93,19.02,19.24,18.93,1641531600000000000,78
MINM,45190,1.3,1.3102,1.34,1.3,1641531600000000000,58
MINN,5163,25.03,25.015,25.05,25.01,1641531600000000000,28
MINO,5045,49.85,49.77,49.85,49.72,1641531600000000000,31
MINT,807498,101.46,101.44,101.46,101.44,1641531600000000000,3905
MIO,12540,18.24,18.15,18.24,18.1,1641531600000000000,38
MIR,1255939,9.86,9.57,9.95,9.3,1641531600000000000,7625
MIR.WS,128215,2.2499,2.15,2.25,2.06,1641531600000000000,518
MIRM,70747,15.82,15.56,16.1,15.5,1641531600000000000,1316
MIRO,43985,4.62,4.56,4.73,4.435,1641531600000000000,248
MIST,45680,7.4,7.1,7.535,7.0654,1641531600000000000,322
MIT,2840,9.7,9.75,9.75,9.67,1641531600000000000,19
MIT.U,5700,9.91,9.91,9.91,9.91,1641531600000000000,15
MIT.WS,1200,0.62,0.6498,0.6501,0.62,1641531600000000000,12
MITA,1182,9.72,9.72,9.72,9.72,1641531600000000000,16
MITAW,400,0.57,0.5699,0.57,0.562,1641531600000000000,4
MITC,46587,6.15,6.07,6.4123,5.95,1641531600000000000,594
MITK,263122,16.605,16.35,17.04,16.34,1641531600000000000,3600
MITO,60500,0.84,0.8483,0.8895,0.84,1641531600000000000,124
MITQ,60647,1.96,1.91,1.99,1.9,1641531600000000000,284
MITT,181645,10.36,10.39,10.565,10.36,1641531600000000000,2042
MITTpA,850,25.3,25.27,25.3,25.2505,1641531600000000000,3
MITTpB,12387,24.72,24.74,24.74,24.69,1641531600000000000,11
MITTpC,5126,24.75,24.835,24.85,24.75,1641531600000000000,20
MIXT,13764,11.79,11.8,12.1682,11.66,1641531600000000000,77
MIY,52867,14.9,14.99,15.06,14.9,1641531600000000000,203
MJ,1148033,10.71,10.87,11.085,10.71,1641531600000000000,7162
MJIN,697,13.35,13.3229,13.35,13.3229,1641531600000000000,12
MJUS,1829,5.6199,5.69,5.69,5.5342,1641531600000000000,43
MJXL,8682,2.83,2.98,3.04,2.8092,1641531600000000000,73
MKC,1266446,96.28,96.04,97.06,95.84,1641531600000000000,19365
MKC.V,296,96.4166,96.5,96.5,96.4166,1641531600000000000,23
MKD,3716117,0.22,0.2099,0.22,0.2052,1641531600000000000,4552
MKFG,592668,5.68,5.41,5.81,5.36,1641531600000000000,5141
MKFG.WS,73626,0.8201,0.929799,0.929799,0.8201,1641531600000000000,50
MKL,32892,1241.23,1254.75,1259.56,1235.8,1641531600000000000,5405
MKSI,556552,174.77,169,178.67,168.91,1641531600000000000,12061
MKTW,52835,6.95,6.79,6.95,6.6,1641531600000000000,490
MKTWW,600,0.955,0.9405,0.95507,0.9405,1641531600000000000,3
MKTX,198394,372.21,378.74,380.05,371.57,1641531600000000000,7044
ML,706793,3.43,3.37,3.54,3.315,1641531600000000000,3392
ML.WS,139575,0.6399,0.515,0.6499,0.5112,1641531600000000000,91
MLAB,13988,312.72,305.45,312.72,305.45,1641531600000000000,933
MLAC,25798,10.02,10.025,10.025,10.01,1641531600000000000,94
MLACW,5650,0.4079,0.4,0.4196,0.4,1641531600000000000,25
MLAI,16313,9.89,9.9,9.9,9.89,1641531600000000000,136
MLAIU,1349,10.07,10.08,10.08,10.06,1641531600000000000,9
MLAIW,6248,0.45,0.4399,0.45,0.3998,1641531600000000000,33
MLCO,2340103,9.7,9.71,10.05,9.7,1641531600000000000,17214
MLI,351880,58.96,59.38,60.31,58.64,1641531600000000000,3903
MLKN,848301,36.61,35.73,36.78,35.12,1641531600000000000,10339
MLM,305583,437.77,429.2,439.63,428.49,1641531600000000000,10265
MLN,97551,21.5,21.44,21.51,21.41,1641531600000000000,374
MLNK,119650,18.01,18.07,18.28,17.26,1641531600000000000,1500
MLP,4380,9.75,9.99,10.1,9.75,1641531600000000000,60
MLPA,377696,37.12,37.51,37.55,37.07,1641531600000000000,2239
MLPB,2393,16.2847,16.4733,16.4749,16.2847,1641531600000000000,20
MLPR,1464,35.19,35.1619,35.19,35,1641531600000000000,37
MLPX,125931,37.14,37.52,37.58,36.9704,1641531600000000000,970
MLR,19144,34.36,34.34,34.86,34.11,1641531600000000000,634
MLSS,109407,2.03,2.09,2.12,2,1641531600000000000,454
MLVF,3342,15.8,15.76,15.929,15.75,1641531600000000000,42
MMAT,4274398,2.438,2.43,2.54,2.37,1641531600000000000,16990
MMC,2798892,166.81,163.81,167.12,163.13,1641531600000000000,30723
MMCA,2002,24.92,24.895,24.92,24.895,1641531600000000000,21
MMD,51657,20.88,21.06,21.09,20.8401,1641531600000000000,254
MMI,84809,49.52,48.81,49.72,48.43,1641531600000000000,1534
MMIN,551486,27.39,27.395,27.4235,27.375,1641531600000000000,225
MMIT,24302,26.6,26.55,26.6,26.5201,1641531600000000000,90
MMLG,108319,25.59,25.29,25.59,25.25,1641531600000000000,48
MMLP,64364,2.85,2.99,3,2.835,1641531600000000000,309
MMM,2794545,178.13,179.95,180.49,177.22,1641531600000000000,39523
MMMB,125566,1.81,1.84,1.87,1.77,1641531600000000000,322
MMP,906881,47.25,47.55,47.75,47.12,1641531600000000000,8202
MMS,291640,78.36,77.47,78.82,77.31,1641531600000000000,4378
MMSC,205,19.07,19.0004,19.07,19.0004,1641531600000000000,2
MMSI,227525,60.16,59.08,60.56,58.99,1641531600000000000,4979
MMT,62195,6.37,6.37,6.42,6.34,1641531600000000000,340
MMTM,900,199.789,199.5807,199.9303,199.5807,1641531600000000000,30
MMU,61043,13.01,13.09,13.09,12.96,1641531600000000000,234
MMX,72461,4.12,4.09,4.16,4.0501,1641531600000000000,543
MMYT,133954,26.09,26.15,26.8799,25.51,1641531600000000000,2189
MN,23075,8.3,8.28,8.34,8.1493,1641531600000000000,272
MNA,74700,32.07,32.22,32.45,32.07,1641531600000000000,435
MNDO,19699,3.06,3.1,3.14,3.06,1641531600000000000,123
MNDT,3910474,16.37,16.42,16.6,16.22,1641531600000000000,21969
MNDY,465202,241.58,237.38,250.13,231.345,1641531600000000000,10089
MNKD,1714542,4.11,4.07,4.25,4.06,1641531600000000000,8216
MNM,1255,30.71,30.6873,30.9862,30.15,1641531600000000000,18
MNMD,3193121,1.22,1.23,1.3,1.2,1641531600000000000,9050
MNOV,52303,2.63,2.61,2.685,2.605,1641531600000000000,736
MNP,28735,15.39,15.36,15.48,15.29,1641531600000000000,137
MNPR,115276,3.33,3.52,3.71,3.32,1641531600000000000,443
MNR,538105,20.92,20.94,20.95,20.9001,1641531600000000000,4041
MNRpC,16834,25.19,25.17,25.19,25.155,1641531600000000000,123
MNRL,247705,22.21,22.41,22.59,22.14,1641531600000000000,3813
MNRO,164327,59.03,58.39,59.77,58.265,1641531600000000000,3355
MNSB,6042,24.23,24.7,24.89,24.06,1641531600000000000,162
MNSBP,1290,26.8,26.9,27.32,26.8,1641531600000000000,20
MNSO,1080036,10.14,10.5,10.67,10.13,1641531600000000000,3267
MNST,1828575,95.36,94.06,95.71,94.02,1641531600000000000,23721
MNTK,188566,9.97,9.9,10.199,9.35,1641531600000000000,3171
MNTS,539789,3.72,4,4.1198,3.69,1641531600000000000,3938
MNTSW,41237,0.4502,0.51,0.6,0.4502,1641531600000000000,45
MNTV,907203,19.63,19.88,20.02,18.63,1641531600000000000,7643
MNTX,6950,6.38,6.2,6.445,6.13,1641531600000000000,78
MO,8084728,49.2,49.77,49.995,49.1,1641531600000000000,57376
MOAT,463471,76.01,75.89,76.35,75.72,1641531600000000000,3643
MOBQ,34382,2.35,2.2601,2.41,2.2,1641531600000000000,138
MOD,127234,11.07,10.58,11.09,10.58,1641531600000000000,1575
MODN,145709,28.46,28.4,29.105,28.07,1641531600000000000,3070
MODV,104186,134.3,131.58,134.5,130.3275,1641531600000000000,2411
MOFG,10399,33.75,33.74,33.75,33.45,1641531600000000000,737
MOG.A,80659,81.52,80.69,82.2831,80.66,1641531600000000000,1768
MOGO,665654,3.02,2.92,3.06,2.88,1641531600000000000,3190
MOGU,189941,0.3723,0.365,0.403,0.365,1641531600000000000,489
MOH,336404,290.18,289.77,293.46,287.07,1641531600000000000,8710
MOHO,347355,0.41,0.385,0.414799,0.385,1641531600000000000,762
MOHR,67261,24.5,24.6012,24.69,24.5,1641531600000000000,23
MOLN,9644,16.66,16.51,16.81,16.14,1641531600000000000,132
MOMO,2054175,9.17,9.19,9.66,9.11,1641531600000000000,15803
MON,517,9.74,9.75,9.75,9.74,1641531600000000000,2
MOO,35732,93.97,93.95,94.38,93.8004,1641531600000000000,484
MOON,35822,24.73,24.37,25.245,24.26,1641531600000000000,464
MOR,121077,8.61,8.64,8.73,8.55,1641531600000000000,1554
MORF,111410,47.99,47.78,48.75,47.08,1641531600000000000,2497
MORN,96970,316.42,309.19,316.66,308.96,1641531600000000000,3540
MORT,57916,18.24,18.22,18.2892,18.15,1641531600000000000,482
MOS,3902417,39.49,40.18,40.315,39.43,1641531600000000000,40978
MOTE,104,26.4,26.292,26.4,26.292,1641531600000000000,2
MOTG,242,37.57,37.5709,37.5709,37.57,1641531600000000000,8
MOTI,15616,32.7499,32.7752,32.8703,32.58,1641531600000000000,21
MOTO,1148,47.87,47.3703,47.9901,47.3703,1641531600000000000,26
MOTS,506727,0.4683,0.468,0.51,0.4601,1641531600000000000,1248
MOTV,12200,9.9091,9.9,9.93,9.9,1641531600000000000,29
MOTV.U,100,10.2385,10.2385,10.2385,10.2385,1641531600000000000,1
MOTV.WS,100,1.065,1.065,1.065,1.065,1641531600000000000,1
MOV,98484,41.09,40.62,41.68,40.6,1641531600000000000,2368
MOVE,57024,3.82,3.92,3.99,3.7677,1641531600000000000,314
MOXC,733219,2.93,2.92,3.24,2.7607,1641531600000000000,2032
MP,1693425,46,45.52,46.9,44.5402,1641531600000000000,17930
MPA,10594,16.55,16.15,16.6,16.15,1641531600000000000,62
MPAA,39670,17.73,17.69,18.05,17.66,1641531600000000000,938
MPAC,1020,10.0136,10.01,10.0136,10.01,1641531600000000000,3
MPACW,4702,0.44,0.44,0.45,0.44,1641531600000000000,15
MPB,11231,33.29,33.33,33.5,32.95,1641531600000000000,617
MPC,6439752,70.1,70.93,71.01,69.82,1641531600000000000,67211
MPLN,3309659,4.21,4.03,4.35,4.01,1641531600000000000,9506
MPLN.WS,165881,1.2,1.25,1.26,1.15,1641531600000000000,499
MPLX,1548059,31,31.12,31.235,30.88,1641531600000000000,8361
MPRA,2334,9.88,9.87,9.88,9.87,1641531600000000000,21
MPRAW,6300,0.5,0.4938,0.5,0.49,1641531600000000000,29
MPRO,8331,27.46,27.46,27.49,27.41,1641531600000000000,36
MPV,4945,14.3,14.41,14.41,14.2671,1641531600000000000,51
MPW,3768282,23.34,23.25,23.53,23.235,1641531600000000000,23148
MPWR,410271,464.45,444.69,469.81,444.19,1641531600000000000,13022
MPX,10444,12.25,12.21,12.32,12.18,1641531600000000000,209
MQ,5669137,15.053,15.57,16.1,15.053,1641531600000000000,34499
MQT,12479,14.38,14.4,14.49,14.26,1641531600000000000,88
MQY,161803,15.88,15.86,15.91,15.76,1641531600000000000,579
MRAD,264,24.145,24.0028,24.145,24.0028,1641531600000000000,9
MRAI,463018,3.635,3.525,3.73,3.51,1641531600000000000,2150
MRAM,178348,10.16,10.1,10.48,9.86,1641531600000000000,1717
MRBK,5427,37.12,37.74,37.74,36.87,1641531600000000000,165
MRC,307878,7.59,7.64,7.68,7.51,1641531600000000000,3636
MRCC,58352,11.23,11.12,11.25,11.05,1641531600000000000,402
MRCY,404097,57.01,56.47,57.48,56.38,1641531600000000000,7734
MREO,820401,1.52,1.38,1.56,1.365,1641531600000000000,3749
MRGR,10382,41.36,41.2789,41.36,41.19,1641531600000000000,67
MRIN,80591737,4.32,4.53,5,4.12,1641531600000000000,325362
MRK,15159664,78.86,80.3,80.53,78.46,1641531600000000000,118263
MRKR,260335,0.85,0.855,0.896,0.8429,1641531600000000000,1506
MRLN,86687,23.4,23.39,23.54,23.35,1641531600000000000,594
MRM,10276,6.2,6.15,6.225,5.995,1641531600000000000,34
MRNA,4754002,216.414,213.86,221.9666,211.95,1641531600000000000,82422
MRNS,48055,11.84,11.08,11.84,11.015,1641531600000000000,984
MRO,16382707,18.135,18.24,18.3292,17.85,1641531600000000000,58627
MRSK,391,29.25,29.2,29.25,29.2,1641531600000000000,3
MRSN,926678,6.7,6.27,6.805,6.19,1641531600000000000,7500
MRTN,179182,16.83,16.74,17.02,16.55,1641531600000000000,3841
MRTX,306699,135.94,132.61,140.64,132.4,1641531600000000000,5996
MRUS,149160,28.93,29.14,29.76,28.4,1641531600000000000,2463
MRVI,1444059,34.3,33.45,35.03,33.06,1641531600000000000,14288
MRVL,10271806,85.47,83.11,85.87,82.585,1641531600000000000,88766
MS,6092792,103.505,104.05,104.53,102.93,1641531600000000000,58126
MSpA,56005,24.9,24.95,25.032,24.84,1641531600000000000,316
MSpE,64504,27.33,27.52,27.52,27.21,1641531600000000000,501
MSpF,33713,27.15,27.4044,27.42,27.15,1641531600000000000,266
MSpI,28186,27.65,27.72,27.7773,27.42,1641531600000000000,315
MSpK,22524,28.51,28.535,28.59,28.34,1641531600000000000,275
MSpL,32634,25.86,25.95,26,25.86,1641531600000000000,355
MSpO,197966,24.76,24.87,24.93,24.76,1641531600000000000,1046
MSA,60916,145.33,146.51,147.04,145.33,1641531600000000000,2976
MSAC,75269,9.73,9.74,9.74,9.73,1641531600000000000,6
MSACW,1666,0.82975,0.75,0.82975,0.75,1641531600000000000,5
MSB,81307,28.9,30.2,30.83,28.9,1641531600000000000,902
MSBI,53963,26.96,27.16,27.43,26.89,1641531600000000000,1122
MSC,2677,5.855,5.87,5.87,5.68,1641531600000000000,83
MSCI,545640,562.98,552,566.165,551.68,1641531600000000000,15798
MSD,24233,8.96,8.95,9.015,8.94,1641531600000000000,225
MSDA,3815,9.8101,9.87,9.87,9.8101,1641531600000000000,32
MSDAU,4552,10,10.05,10.05,10,1641531600000000000,12
MSDAW,250,1.05,1.05,1.05,1.05,1641531600000000000,1
MSEX,119880,115.57,112.2,115.57,112.07,1641531600000000000,3328
MSFT,32685456,314.15,314.04,316.5,310.09,1641531600000000000,499820
MSGE,203442,70.88,72.4,72.82,70.51,1641531600000000000,3889
MSGM,11272,3.848,3.905,3.9725,3.77,1641531600000000000,174
MSGR,15805,21.3299,20.71,21.3299,20.66,1641531600000000000,132
MSGS,79527,169.91,168.42,170.94,168.18,1641531600000000000,3032
MSI,586046,257.78,252.55,258.97,252.39,1641531600000000000,13465
MSM,494315,83.36,83.71,83.95,82.99,1641531600000000000,8653
MSMR,14102,23.8701,23.9147,23.98,23.8701,1641531600000000000,24
MSN,89885,0.82,0.8201,0.868299,0.8038,1641531600000000000,170
MSOS,1001953,24,24.45,24.5797,23.74,1641531600000000000,6029
MSP,389631,24.8,24.97,25.2,24.701,1641531600000000000,4184
MSTB,32779,32.05,31.62,32.05,31.53,1641531600000000000,142
MSTR,425830,490.9,482.95,500,471.21,1641531600000000000,20785
MSVX,146951,25.1001,25.132,25.15,25.09,1641531600000000000,10
MT,3911023,34.2,34.81,34.85,34.17,1641531600000000000,31917
MTA,146240,6.47,6.45,6.55,6.2579,1641531600000000000,1125
MTAC,27650,9.9,9.89,9.97,9.89,1641531600000000000,57
MTACU,1249,10.066,10.07,10.07,10.066,1641531600000000000,5
MTACW,4237,0.56,0.56,0.56,0.56,1641531600000000000,3
MTAL,20795,9.79,9.79,9.79,9.72,1641531600000000000,211
MTAL.U,1509,9.92,9.98,9.99,9.92,1641531600000000000,15
MTAL.WS,1900,0.6699,0.58,0.6699,0.58,1641531600000000000,8
MTB,1695976,172.38,176.93,177.305,170.99,1641531600000000000,29231
MTBC,50793,6.11,5.96,6.1789,5.79,1641531600000000000,623
MTBCP,12375,28.7,28.9,28.95,28.6313,1641531600000000000,107
MTC,84775,0.649,0.5922,0.649,0.5745,1641531600000000000,206
MTCH,1262582,125.91,125.27,128.37,124.925,1641531600000000000,20993
MTCN,5442,79.72,81.27,81.38,79.72,1641531600000000000,106
MTCR,1067735,0.5861,0.5901,0.62,0.5689,1641531600000000000,1943
MTD,106024,1597.98,1542.39,1598,1542.34,1641531600000000000,8408
MTDR,1101092,42.34,41.24,42.385,41.23,1641531600000000000,11758
MTEM,162125,4.09,3.92,4.1141,3.8535,1641531600000000000,2057
MTEX,3804,36.23,36.86,38.1099,36.23,1641531600000000000,134
MTG,4613158,15.18,15.62,15.64,15.08,1641531600000000000,23080
MTGP,639,49.91,49.92,49.92,49.9,1641531600000000000,14
MTH,634875,110.54,106.46,110.95,106.4,1641531600000000000,10914
MTL,45887,3.25,3.28,3.3,3.21,1641531600000000000,353
MTLp,6379,1.97,2.1,2.1,1.97,1641531600000000000,125
MTLS,253198,22.09,22.06,23.62,21.61,1641531600000000000,3523
MTN,368838,315.02,308.12,322.3,308.07,1641531600000000000,9509
MTNB,651909,0.97,0.9462,0.99,0.93,1641531600000000000,1701
MTOR,365227,26.45,26.15,27.225,26.11,1641531600000000000,4249
MTP,37823,1.27,1.23,1.27,1.2016,1641531600000000000,105
MTR,14634,6.54,6.7,6.75,6.3409,1641531600000000000,82
MTRN,73334,91.64,91.03,92.67,90.73,1641531600000000000,1848
MTRX,255792,8.08,7.99,8.13,7.93,1641531600000000000,2496
MTRYW,103,0.38,0.38,0.38,0.38,1641531600000000000,1
MTSI,380546,76.6159,72.48,76.6159,71.35,1641531600000000000,6866
MTTR,7122912,16.3,15.61,16.8299,15.3546,1641531600000000000,53649
MTTRW,102228,4.79,4.11,5.2838,3.9199,1641531600000000000,596
MTUL,138706,25.74,25.04,25.8,24.83,1641531600000000000,1173
MTUM,799689,176.3,174.49,177.15,173.7,1641531600000000000,11827
MTVC.U,4312,9.99,9.99,9.99,9.99,1641531600000000000,29
MTVR,3152,22.3,22.2428,22.3799,22.16,1641531600000000000,272
MTW,135481,19.48,19.25,19.74,19.24,1641531600000000000,1841
MTX,76568,74.41,73.97,74.82,73.865,1641531600000000000,1531
MTZ,559038,94.7,93.96,96.24,92.92,1641531600000000000,9685
MU,14778599,96.09,94.45,97.19,93.94,1641531600000000000,154047
MUA,35629,14.81,14.75,14.8198,14.72,1641531600000000000,169
MUB,1850466,115.83,115.78,115.86,115.75,1641531600000000000,6773
MUC,82177,15.2,15.48,15.51,15.2,1641531600000000000,487
MUDS,20668,9.95,9.95,9.955,9.95,1641531600000000000,329
MUDSW,56539,0.6953,0.7802,0.8,0.6953,1641531600000000000,16
MUE,67331,13.66,13.66,13.7,13.5302,1641531600000000000,316
MUFG,1345053,5.9,5.97,5.975,5.87,1641531600000000000,4677
MUI,84892,15.23,15.11,15.2728,15.05,1641531600000000000,472
MUJ,49443,15.52,15.42,15.55,15.4,1641531600000000000,191
MULN,598346,4.93,4.7,4.99,4.65,1641531600000000000,3493
MUNI,74987,56.01,56.06,56.077,55.9808,1641531600000000000,331
MUR,1076839,30.79,30.81,31.0757,30.45,1641531600000000000,10742
MUSA,108979,197.52,194.91,199,194.89,1641531600000000000,4509
MUSI,1090,49.2692,49.2235,49.27,49.21,1641531600000000000,20
MUST,47526,22.33,22.39,22.43,22.33,1641531600000000000,181
MUX,1155278,0.8983,0.9079,0.9079,0.89,1641531600000000000,3432
MVBF,12724,42.11,41.65,42.175,41.4001,1641531600000000000,594
MVF,146225,9.58,9.55,9.5996,9.53,1641531600000000000,665
MVIS,4528985,4.43,4.28,4.6,4.26,1641531600000000000,23078
MVO,194431,9.45,9.48,9.5,9.3027,1641531600000000000,952
MVP,523,13.0424,13.0522,13.0522,13.0424,1641531600000000000,17
MVPS,3683,23.76,23.5337,23.761,23.411,1641531600000000000,38
MVRL,36553,44.55,44.4722,44.7,44.28,1641531600000000000,290
MVST,583151,5.47,5.21,5.635,5.18,1641531600000000000,4343
MVSTW,75923,1.0253,1.0299,1.05,1,1641531600000000000,263
MVT,63857,15.69,15.8,15.84,15.633,1641531600000000000,471
MVV,24299,69.16,68.18,69.75,67.75,1641531600000000000,241
MWA,609558,13.97,13.88,13.99,13.775,1641531600000000000,4570
MX,2473793,19.62,18.29,20.03,17.9,1641531600000000000,20755
MXC,4399,9.85,9.46,9.85,9.4,1641531600000000000,47
MXCT,278982,8.8,8.84,9.14,8.545,1641531600000000000,3315
MXDU,44,39.4425,39.4425,39.4425,39.4425,1641531600000000000,11
MXE,3932,8.96,8.96,9.04,8.939,1641531600000000000,36
MXF,9336,15.7757,15.77,15.78,15.73,1641531600000000000,68
MXI,7225,90.67,91.17,91.19,90.35,1641531600000000000,254
MXL,784828,68.86,65.3,69.8,65.02,1641531600000000000,10722
MYC,22692,14.81,14.93,14.93,14.81,1641531600000000000,120
MYD,93142,14.52,14.61,14.66,14.52,1641531600000000000,559
MYE,57097,19.77,19.48,19.79,19.44,1641531600000000000,706
MYFW,10652,30.92,32,32,30.8,1641531600000000000,199
MYGN,547963,25.97,24.93,26.16,24.82,1641531600000000000,5799
MYI,122562,14.39,14.41,14.43,14.37,1641531600000000000,648
MYJ,40354,15.54,15.45,15.69,15.33,1641531600000000000,154
MYMD,30245,5.22,5.11,5.298,5.05,1641531600000000000,689
MYN,49241,14.27,14.24,14.29,14.17,1641531600000000000,174
MYNA,31091,12.54,12.4098,12.54,12.2,1641531600000000000,238
MYNZ,463456,13.86,13.9,15.19,13.63,1641531600000000000,4344
MYO,20204,7.14,7.13,7.29,6.93,1641531600000000000,151
MYOV,607740,14.28,13.84,14.73,13.82,1641531600000000000,4593
MYPS,188575,4.04,3.99,4.12,3.935,1641531600000000000,1560
MYPSW,57661,0.59,0.5931,0.6059,0.555,1641531600000000000,111
MYRG,81875,104.45,102.01,105.87,102.01,1641531600000000000,2198
MYSZ,314084,0.465,0.4785,0.49,0.465,1641531600000000000,661
MYTE,225180,19,18.75,19.86,18.27,1641531600000000000,2604
MYY,4184,22.94,23.0237,23.0237,22.9,1641531600000000000,30
MZZ,452,15.6421,15.7057,15.7057,15.62,1641531600000000000,17
NAAC,6525,9.82,9.8425,9.85,9.82,1641531600000000000,13
NAACU,2732,9.9768,10.06,10.06,9.9768,1641531600000000000,8
NAACW,7328,0.7485,0.7351,0.7895,0.7,1641531600000000000,43
NABL,360455,10.4,10.26,10.63,10.19,1641531600000000000,3500
NAC,125102,15.13,15.11,15.13,15.06,1641531600000000000,402
NACP,6320,35.16,35.03,35.165,35,1641531600000000000,153
NAD,370055,15.64,15.74,15.75,15.62,1641531600000000000,1258
NAII,16927,13.3481,13.15,13.45,13.11,1641531600000000000,141
NAIL,674010,105.29,92.01,105.42,91.7,1641531600000000000,10992
NAK,1232749,0.3324,0.3498,0.3498,0.3324,1641531600000000000,2307
NAKD,5471893,4,3.98,4.1896,3.9,1641531600000000000,25686
NAN,9922,14.45,14.39,14.45,14.37,1641531600000000000,61
NANR,6619,44.84,45.3052,45.3052,44.84,1641531600000000000,46
NAOV,297411,1.02,0.99,1.04,0.9815,1641531600000000000,843
NAPA,385264,22.2,22.29,22.7,22.11,1641531600000000000,4805
NAPR,584,38.53,38.5175,38.53,38.5175,1641531600000000000,13
NARI,385139,87.13,84.2,89.35,83.83,1641531600000000000,8127
NAT,1002528,1.78,1.78,1.8058,1.755,1641531600000000000,3835
NATH,1534,58.45,58.4,58.45,58.4,1641531600000000000,102
NATI,672244,42.5,41.03,42.98,40.705,1641531600000000000,11282
NATR,50702,18.75,18.71,18.86,18.59,1641531600000000000,551
NAUT,144736,4.74,4.73,4.88,4.6358,1641531600000000000,1625
NAVB,73194,1.14,1.06,1.1714,1.0371,1641531600000000000,203
NAVI,1039087,21.87,22.26,22.4,21.87,1641531600000000000,10601
NAZ,10510,15.75,15.69,15.89,15.69,1641531600000000000,94
NBB,34780,22.54,22.52,22.6,22.3788,1641531600000000000,227
NBEV,654174,1.02,1.02,1.0483,1,1641531600000000000,3529
NBH,44945,15.04,15.11,15.11,14.97,1641531600000000000,189
NBHC,142311,46.78,47.4,47.66,46.57,1641531600000000000,1673
NBIX,2253092,80.45,75.32,80.79,75.16,1641531600000000000,30261
NBN,14871,36.8,37.1,37.39,36.67,1641531600000000000,529
NBO,2051,12.94,12.8434,12.94,12.8434,1641531600000000000,18
NBR,75172,97.37,94.76,99.1799,94.715,1641531600000000000,2364
NBRV,372556,0.59,0.5833,0.6398,0.5701,1641531600000000000,1017
NBSE,80025,2.5,2.58,2.61,2.38,1641531600000000000,626
NBST,617,9.69,9.69,9.69,9.69,1641531600000000000,3
NBTB,117171,41.32,41.36,41.52,41.02,1641531600000000000,1678
NBTX,19049,9.47,8.928,9.47,8.735,1641531600000000000,266
NBW,1523,13.98,13.9437,13.98,13.9437,1641531600000000000,10
NBXG,224649,16.31,16.12,16.42,15.95,1641531600000000000,912
NBY,604452,0.3763,0.3671,0.3922,0.365,1641531600000000000,1272
NC,7145,35.94,34.16,36,33.9,1641531600000000000,222
NCA,48268,10.07,10.09,10.11,10.05,1641531600000000000,346
NCAC,3392,9.91,9.93,9.93,9.91,1641531600000000000,30
NCACU,582320,10.13,10.14,10.14,10.13,1641531600000000000,14
NCACW,9700,0.4852,0.4852,0.5,0.4852,1641531600000000000,18
NCBS,72646,88.05,87.8,88.54,87.4,1641531600000000000,1881
NCLH,21977574,21.7,22.2,22.79,21.51,1641531600000000000,99395
NCMI,364155,2.78,2.83,2.95,2.78,1641531600000000000,2804
NCNA,115638,2.4,2.45,2.6,2.38,1641531600000000000,847
NCNO,518484,51.88,50.82,53.15,50.27,1641531600000000000,8243
NCR,1462425,41.77,41.53,42.19,41.29,1641531600000000000,15083
NCSM,9255,35.3,36.3482,36.95,34.98,1641531600000000000,279
NCTY,240491,5.88,5.84,6.165,5.74,1641531600000000000,2189
NCV,262236,5.74,5.74,5.76,5.66,1641531600000000000,844
NCVpA,283,26.3001,26.3001,26.3001,26.3001,1641531600000000000,2
NCZ,350127,5.03,5.02,5.03,4.9609,1641531600000000000,1485
NDAC,264241,9.73,9.8,9.8,9.73,1641531600000000000,314
NDACU,16000,9.95,9.94,9.95,9.94,1641531600000000000,199
NDACW,13570,0.8323,0.8101,0.85,0.8101,1641531600000000000,143
NDAQ,763513,194.31,193.51,195,191.04,1641531600000000000,18618
NDJI,5042,25.17,25.141,25.23,25.1,1641531600000000000,71
NDLS,192565,8.69,8.22,8.79,8.2,1641531600000000000,2188
NDMO,106220,15.71,15.7,15.92,15.67,1641531600000000000,328
NDP,13770,23.92,24.2,24.254,23.92,1641531600000000000,130
NDRA,831752,0.74,0.7135,0.77,0.6954,1641531600000000000,1066
NDRAW,2650,0.1,0.097551,0.1,0.0802,1641531600000000000,5
NDSN,220644,240.42,238.09,241.43,237.435,1641531600000000000,5501
NDVG,351,27.2501,27.2066,27.2501,27.2066,1641531600000000000,5
NE,145467,27.03,26.33,27.03,26.021,1641531600000000000,2273
NEA,513094,15.01,15.09,15.1,14.99,1641531600000000000,1538
NEAR,3825818,49.925,49.935,49.95,49.92,1641531600000000000,1685
NECB,10449,11.33,11.34,11.3499,11.28,1641531600000000000,161
NEE,13285553,85.77,86.41,86.865,84.51,1641531600000000000,109242
NEEpN,38442,27.42,27.44,27.645,27.35,1641531600000000000,334
NEEpO,929530,62.74,63.39,63.57,62.2,1641531600000000000,113
NEEpP,867996,54.19,54.86,54.86,53.75,1641531600000000000,171
NEEpQ,688331,54.4,54.89,55.0486,54.2,1641531600000000000,554
NEGG,335931,9.51,8.93,9.59,8.86,1641531600000000000,3197
NEM,5905773,59.44,59.43,59.6699,58.785,1641531600000000000,64075
NEN,4311,67.5625,71.5,72.5,66.125,1641531600000000000,56
NEO,1047939,28.76,28.05,29.58,27.835,1641531600000000000,8855
NEOG,518486,41.22,40.03,41.77,39.99,1641531600000000000,7691
NEON,138008,8.27,7.84,8.37,7.05,1641531600000000000,1491
NEP,830823,77.69,79.1,79.11,76.88,1641531600000000000,7813
NEPH,12707,5.84,5.675,5.88,5.58,1641531600000000000,82
NEPT,339947,0.3858,0.3916,0.3957,0.371,1641531600000000000,909
NERD,10434,23.45,23.4929,23.67,23.35,1641531600000000000,153
NERV,151928,0.88,0.8483,0.8987,0.84,1641531600000000000,542
NES,1210335,2.64,2.25,2.79,2.25,1641531600000000000,3283
NESR,271683,9.84,9.84,10.4,9.81,1641531600000000000,1639
NESRW,106,1.96,1.96,1.96,1.96,1641531600000000000,3
NET,6105715,102.87,107,110.04,101.77,1641531600000000000,68345
NETC.U,84542,10.2,10.19,10.2,10.185,1641531600000000000,50
NETC.WS,1012068,0.65,0.65,0.75,0.6,1641531600000000000,50
NETI,73778,7.64,7.71,7.82,7.52,1641531600000000000,907
NETL,8159,31.11,30.9174,31.11,30.8739,1641531600000000000,150
NEU,36921,342.94,342.42,343.89,336.665,1641531600000000000,1634
NEV,54671,15.75,15.55,15.75,15.32,1641531600000000000,251
NEW,5232794,0.3326,0.35,0.375,0.317,1641531600000000000,5605
NEWP,94083,2.52,2.57,2.59,2.51,1641531600000000000,433
NEWR,707385,101.17,101.95,103.24,99.68,1641531600000000000,9991
NEWT,116421,27.22,27.52,27.5875,27.15,1641531600000000000,1794
NEWTZ,192,25.802,25.802,25.802,25.802,1641531600000000000,4
NEX,6246953,5.3,5.48,5.6785,5.28,1641531600000000000,30089
NEXA,71390,8.36,8.54,8.83,8.36,1641531600000000000,707
NEXI,24782,4.29,4.2,4.369,4.15,1641531600000000000,364
NEXT,270734,2.75,2.65,2.78,2.57,1641531600000000000,2474
NFBK,73234,17.12,17.22,17.25,17.05,1641531600000000000,1170
NFE,772261,24.18,23.92,24.18,23.34,1641531600000000000,8499
NFG,564209,64.13,64.82,65.12,63.37,1641531600000000000,7790
NFGC,102846,6.45,6.56,6.7,6.38,1641531600000000000,506
NFH,1468890,11.4,11.14,11.45,10.7785,1641531600000000000,6010
NFH.WS,100,2.75,2.75,2.75,2.75,1641531600000000000,1
NFJ,436137,15.84,15.68,15.89,15.63,1641531600000000000,2165
NFLT,205,24.97,24.97,24.97,24.97,1641531600000000000,11
NFLX,3366880,549.46,541.06,553.43,538.2175,1641531600000000000,107098
NFRA,64448,56.72,57.03,57.155,56.61,1641531600000000000,401
NFTY,2018,49.44,49.4699,49.4699,49.17,1641531600000000000,56
NFTZ,24808,16.62,16.4599,16.845,16.26,1641531600000000000,478
NFYS,2013,9.65,9.67,9.67,9.65,1641531600000000000,6
NFYS.U,2800,9.89,9.95,9.95,9.89,1641531600000000000,20
NFYS.WS,3100,0.495,0.495196,0.496,0.495,1641531600000000000,18
NG,660788,6.39,6.37,6.45,6.29,1641531600000000000,4888
NGC,439,9.735,9.73,9.735,9.73,1641531600000000000,13
NGC.WS,7624,0.85,0.84,0.85,0.83005,1641531600000000000,12
NGD,7662616,1.45,1.5,1.505,1.42,1641531600000000000,6661
NGE,53898,10.12,9.71,10.1991,9.69,1641531600000000000,305
NGG,276307,71.4,71.61,71.84,71.24,1641531600000000000,3708
NGL,587527,2.11,2.17,2.2,2.11,1641531600000000000,2459
NGLpB,35413,15.6341,15.64,16.1595,15.32,1641531600000000000,277
NGLpC,15217,16.1,16.37,16.67,15.96,1641531600000000000,108
NGM,188095,17.03,16.99,17.52,16.9678,1641531600000000000,2901
NGMS,41772,26.34,26.76,26.91,26.21,1641531600000000000,1705
NGS,23924,10.64,10.81,10.9099,10.64,1641531600000000000,297
NGVC,24080,14.72,14.56,14.76,14.43,1641531600000000000,625
NGVT,185129,74.62,73.6,75.65,73.46,1641531600000000000,3734
NH,60660,0.9758,0.9667,1.04,0.96,1641531600000000000,285
NHC,55139,69.84,70.02,71.16,68.42,1641531600000000000,1559
NHI,301960,59.99,61,61.28,59.7491,1641531600000000000,5785
NHICU,200,9.95,9.95,9.95,9.95,1641531600000000000,1
NHS,33174,12.23,12.16,12.2796,12.15,1641531600000000000,299
NHTC,9424,7.16,7.23,7.3094,7.1398,1641531600000000000,128
NI,3836752,27.65,27.87,27.97,27.42,1641531600000000000,20075
NIpB,48568,27.14,27.12,27.1979,26.94,1641531600000000000,427
NIB,21703,28.39,28.92,29.07,28.31,1641531600000000000,218
NICE,188760,283.63,277.74,287.27,275.86,1641531600000000000,4888
NICK,2542,11.77,11.69,11.77,11.65,1641531600000000000,47
NID,60990,14.8,14.87,14.9086,14.7774,1641531600000000000,168
NIE,153937,29.36,29.09,29.3675,28.85,1641531600000000000,1058
NIFE,151,54.85,54.5694,54.85,54.5694,1641531600000000000,10
NILE,869628,1.12,1.15,1.18,1.11,1641531600000000000,3133
NIM,19379,10.5,10.59,10.6,10.4704,1641531600000000000,114
NIMC,25451,111.83,111.84,112.25,111.81,1641531600000000000,68
NINE,171904,1.29,1.24,1.29,1.2,1641531600000000000,705
NIO,40551154,29.45,29.3,30.42,28.78,1641531600000000000,213418
NIQ,30917,14.72,14.63,14.84,14.63,1641531600000000000,137
NISN,1079402,2.85,2.7,3.03,2.5,1641531600000000000,6150
NIU,650490,16.248,16.46,16.81,16.0487,1641531600000000000,5791
NJAN,71827,41.7,41.53,41.749,41.4299,1641531600000000000,416
NJR,484599,39.67,40.04,40.35,39.37,1641531600000000000,6891
NJUL,729,47.51,47.5558,47.565,47.51,1641531600000000000,14
NKE,5047905,160.77,156.97,161.14,156.86,1641531600000000000,65855
NKG,2010,13.77,13.77,13.77,13.77,1641531600000000000,5
NKLA,14278490,10.21,10.62,10.755,10.11,1641531600000000000,65997
NKSH,6302,36.805,36.74,37.0675,36.63,1641531600000000000,380
NKTR,2010811,12.75,12.68,13.27,12.63,1641531600000000000,19875
NKTX,171873,13.42,13.5,14.09,13.27,1641531600000000000,2725
NKX,58987,15.71,15.67,15.71,15.63,1641531600000000000,244
NL,20765,7.4928,7.36,7.6,7.35,1641531600000000000,195
NLITW,20012,0.44,0.478,0.4849,0.4332,1641531600000000000,12
NLOK,3209093,27.06,26.61,27.19,26.59,1641531600000000000,30765
NLR,5358,54.62,55.102,55.102,54.27,1641531600000000000,85
NLS,471944,5.84,5.95,6.06,5.75,1641531600000000000,3893
NLSN,4785790,20.38,21,21.01,20.38,1641531600000000000,19784
NLSP,754004,1.25,1.22,1.3,1.17,1641531600000000000,2058
NLSPW,27693,0.3999,0.3789,0.3999,0.36,1641531600000000000,76
NLTX,99061,4.31,4.1,4.4,4.06,1641531600000000000,1328
NLY,16887180,8,8.01,8.03,7.96,1641531600000000000,29801
NLYpF,47627,25.3,25.28,25.39,25.25,1641531600000000000,252
NLYpG,13479,25.13,25.17,25.27,25.13,1641531600000000000,129
NLYpI,23798,26.14,25.99,26.14,25.91,1641531600000000000,164
NM,119728,3.77,3.7,3.82,3.69,1641531600000000000,919
NMpG,149,14.71,14.71,14.71,14.71,1641531600000000000,3
NMpH,4307,13.54,14.71,15.1788,13.54,1641531600000000000,41
NMAI,58762,18.8,18.56,18.9,18.5,1641531600000000000,414
NMCO,85667,15.58,15.5,15.63,15.48,1641531600000000000,519
NMFC,248022,13.64,13.67,13.71,13.615,1641531600000000000,2258
NMG,58276,7.36,7.49,7.5199,7.1301,1641531600000000000,604
NMI,13604,11.27,11.2923,11.4519,11.24,1641531600000000000,111
NMIH,734574,23.21,23.94,24,23.14,1641531600000000000,6714
NML,112095,5.42,5.47,5.51,5.42,1641531600000000000,398
NMM,119691,25.18,25.06,25.75,24.96,1641531600000000000,1054
NMMC,1364,9.83,9.83,9.83,9.83,1641531600000000000,52
NMR,690034,4.52,4.55,4.56,4.5025,1641531600000000000,2697
NMRD,8998,4.5,4.66,4.75,4.5,1641531600000000000,104
NMRK,1220907,17.18,16.81,17.32,16.79,1641531600000000000,9893
NMS,4236,15.05,15.16,15.16,15.04,1641531600000000000,27
NMT,3047,15.8499,15.85,15.85,15.6393,1641531600000000000,14
NMTC,25200,1.9149,1.89,1.925,1.87,1641531600000000000,117
NMTR,669254,0.8958,0.8908,0.925,0.885,1641531600000000000,2383
NMZ,342599,14.92,14.97,14.98,14.85,1641531600000000000,1877
NN,47556,8.77,8.74,8.91,8.5646,1641531600000000000,776
NNAVW,51800,1.56,1.55,1.58,1.54,1641531600000000000,520
NNBR,246217,4.21,4.27,4.35,4.17,1641531600000000000,921
NNDM,3611913,3.75,3.81,3.9,3.73,1641531600000000000,15834
NNI,56281,96.16,96.75,97.06,95.81,1641531600000000000,1239
NNN,728913,48,47.93,48.17,47.74,1641531600000000000,9464
NNOX,943066,13.8,12.97,13.82,12.89,1641531600000000000,11076
NNVC,31015,3.12,3.08,3.2315,3.0675,1641531600000000000,216
NNY,18507,9.58,9.57,9.58,9.55,1641531600000000000,53
NOA,16328,14.99,15.1,15.27,14.96,1641531600000000000,210
NOAC,10133,9.77,9.771,9.8,9.77,1641531600000000000,33
NOACU,306,10.17,10.18,10.18,10.17,1641531600000000000,4
NOACW,52387,0.425,0.4203,0.45,0.4013,1641531600000000000,74
NOAH,123004,29.47,28.75,29.47,28.34,1641531600000000000,1944
NOBL,663106,98.05,98.12,98.35,97.7827,1641531600000000000,6908
NOC,908455,398.32,400.42,401.15,396.08,1641531600000000000,16418
NOCT,13181,39.8,39.82,39.935,39.72,1641531600000000000,111
NODK,6613,19.08,18.52,19.13,18.52,1641531600000000000,116
NOG,838955,22.86,22.58,23.05,22.3155,1641531600000000000,8274
NOK,25342458,6.15,6.1,6.19,6.075,1641531600000000000,60518
NOM,1565,14.86,15.0828,15.09,14.86,1641531600000000000,10
NOMD,604923,26.26,26.42,26.89,26.15,1641531600000000000,6584
NORW,6981,30.61,30.79,30.91,30.2,1641531600000000000,71
NOTV,72721,35.29,34.45,35.82,34.07,1641531600000000000,1590
NOV,2264737,14.8,15.08,15.12,14.65,1641531600000000000,17959
NOVA,1921033,23.85,23.99,25.0424,23.41,1641531600000000000,18447
NOVN,81322,4.01,3.99,4.1,3.9,1641531600000000000,958
NOVT,70181,165.08,159.92,167.42,159.62,1641531600000000000,2275
NOVV,10001,9.94,9.92,9.94,9.92,1641531600000000000,7
NOVVR,11500,0.33,0.32,0.33,0.32,1641531600000000000,11
NOVVU,10050,10.4,10.4,10.4,10.4,1641531600000000000,7
NOVVW,8887,0.33,0.237,0.33,0.225,1641531600000000000,54
NOVZ,0,32.913,32.913,32.913,32.913,1641531600000000000,0
NOW,1177492,570.69,566.39,585.58,558.33,1641531600000000000,34773
NP,56023,47.63,46.84,48.1454,46.83,1641531600000000000,1171
NPABW,6902,0.5902,0.56,0.5902,0.56,1641531600000000000,29
NPCE,92709,10.41,10.04,10.57,9.71,1641531600000000000,902
NPCT,46777,17.81,17.83,17.88,17.8,1641531600000000000,331
NPFD,29069,25.74,25.34,25.74,25.25,1641531600000000000,93
NPK,19675,83.36,83.52,83.88,83.16,1641531600000000000,571
NPO,195388,115.9,114.93,117.1,114.13,1641531600000000000,4497
NPTN,518894,15.2,15.17,15.22,15.12,1641531600000000000,4471
NPV,13172,16.1,16.05,16.2638,16,1641531600000000000,72
NQP,29800,14.87,14.81,14.91,14.77,1641531600000000000,147
NR,174442,3.29,3.34,3.36,3.28,1641531600000000000,1481
NRAC,200,9.71,9.71,9.71,9.71,1641531600000000000,1
NRACU,400,9.89,9.83,9.89,9.83,1641531600000000000,4
NRACW,13655,0.6001,0.534101,0.6001,0.5341,1641531600000000000,35
NRBO,534111,1.37,1.49,1.62,1.36,1641531600000000000,2203
NRC,43774,41.27,40.76,42.34,40.75,1641531600000000000,923
NRDS,436010,15.07,14.93,15.25,14.42,1641531600000000000,4541
NRDY,1274317,4.09,4.33,4.5662,4.06,1641531600000000000,7342
NRDY.WS,1282,0.88,0.88,0.88,0.88,1641531600000000000,10
NREF,41169,19.53,19.72,19.89,19.45,1641531600000000000,422
NREFpA,2948,26.1725,26.17,26.1786,26.046,1641531600000000000,25
NRG,1926115,40.67,40.56,40.86,40.22,1641531600000000000,19732
NRGD,1274341,5.45,5.26,5.53,5.23,1641531600000000000,3906
NRGU,363652,213.14,221.99,222.66,211.15,1641531600000000000,7259
NRGX,77557,13.45,13.51,13.64,13.42,1641531600000000000,352
NRIM,7300,46.05,46.22,46.44,46,1641531600000000000,467
NRIX,676334,27.56,27.66,28.1,27.15,1641531600000000000,7041
NRK,87090,13.72,13.66,13.73,13.63,1641531600000000000,274
NRO,102457,5.17,5.17,5.2,5.16,1641531600000000000,497
NRP,44679,33.17,34.78,34.8,32.95,1641531600000000000,906
NRSN,210612,2.68,2.56,2.7399,2.52,1641531600000000000,809
NRSNW,1453,0.76,0.85,0.879,0.7505,1641531600000000000,9
NRT,22434,9.95,10.2,10.4483,9.8799,1641531600000000000,184
NRUC,11162,26.61,26.62,26.7,26.6,1641531600000000000,110
NRXP,1208953,5.08,4.67,5.1,4.66,1641531600000000000,5923
NRXPW,19523,2.1501,2.0726,2.1501,2,1641531600000000000,35
NRZ,3807938,10.79,10.87,10.9,10.7769,1641531600000000000,15220
NRZpA,7422,25.87,25.91,25.96,25.775,1641531600000000000,68
NRZpB,11009,25.275,25.31,25.32,25.19,1641531600000000000,86
NRZpC,35889,23.29,23.29,23.35,23.1201,1641531600000000000,223
NRZpD,26071,25.4,25.435,25.44,25.32,1641531600000000000,141
NS,331940,16.56,16.42,16.69,16.32,1641531600000000000,3383
NSpA,12179,25,24.94,25.09,24.94,1641531600000000000,120
NSpB,9139,22.21,22.1416,22.21,22.085,1641531600000000000,83
NSpC,7694,25.01,25.05,25.0799,24.9682,1641531600000000000,106
NSA,711871,65.97,64.31,66.83,64.01,1641531600000000000,9874
NSApA,4130,26.01,26.04,26.04,25.9475,1641531600000000000,63
NSC,897551,296.18,296.81,298.75,293.06,1641531600000000000,18489
NSCS,616,25.66,25.2915,25.68,25.2915,1641531600000000000,8
NSEC,125,9.05,9.05,9.05,9.05,1641531600000000000,4
NSIT,214641,109,105.07,109,104.71,1641531600000000000,5177
NSL,102833,5.97,5.96,5.98,5.94,1641531600000000000,410
NSP,113213,113.34,110.45,114.765,110.45,1641531600000000000,3051
NSPI,13832,25.03,25.0425,25.125,24.92,1641531600000000000,100
NSPR,80175,3,2.94,3.02,2.89,1641531600000000000,412
NSPRZ,48022,0.08,0.0732,0.08,0.0731,1641531600000000000,123
NSR,12208,7.51,7.59,7.67,7.33,1641531600000000000,79
NSS,14619,25.33,25.271,25.33,25.1007,1641531600000000000,151
NSSC,120211,22.61,22.43,22.91,22.27,1641531600000000000,1607
NSTB,43202,9.71,9.73,9.74,9.71,1641531600000000000,172
NSTB.U,1742,9.82,9.83,9.865,9.82,1641531600000000000,17
NSTB.WS,1690,0.63,0.625451,0.65,0.625451,1641531600000000000,7
NSTC,9338,9.72,9.72,9.72,9.72,1641531600000000000,46
NSTC.U,3726,9.9,9.89,9.9,9.89,1641531600000000000,36
NSTC.WS,13515,0.8801,0.8301,0.8802,0.8298,1641531600000000000,57
NSTD,120,9.73,9.73,9.73,9.73,1641531600000000000,5
NSTD.WS,10670,0.7631,0.7999,0.8,0.763,1641531600000000000,70
NSTG,467397,35.42,34.18,36.36,33.615,1641531600000000000,8501
NSYS,1070,10.22,10.56,10.56,10.22,1641531600000000000,17
NTAP,1581886,93.24,92.24,93.9,92.02,1641531600000000000,23137
NTB,153755,39.12,39.53,39.72,39.12,1641531600000000000,1891
NTCO,778048,8.02,7.84,8.14,7.84,1641531600000000000,4367
NTCT,264636,32.11,31.32,32.25,31.26,1641531600000000000,4908
NTES,2493944,98.9,99.71,101.67,98.535,1641531600000000000,23637
NTEST,1080,25.04,25.04,25.04,25.04,1641531600000000000,15
NTG,11466,32.16,32.26,32.4432,32.07,1641531600000000000,97
NTGR,221159,30.48,30.12,30.7399,29.93,1641531600000000000,3461
NTIC,2035,15.15,15.36,15.8324,15.15,1641531600000000000,60
NTIP,5749,2.87,2.825,2.88,2.8,1641531600000000000,44
NTKI,1737,25.1,25.0664,25.12,25.06,1641531600000000000,37
NTLA,732839,103.87,105.74,112.89,102.265,1641531600000000000,14315
NTNX,1469538,30.96,30.49,31.43,30.02,1641531600000000000,15876
NTP,981505,11.75,11.08,12.54,10.75,1641531600000000000,5165
NTR,2029458,69.21,69.13,70.13,69.03,1641531600000000000,22257
NTRA,1808625,81.88,75.15,83.28,74.87,1641531600000000000,23968
NTRB,384287,6.41,6.17,6.87,6.03,1641531600000000000,2152
NTRBW,26203,1.7863,1.99,2.02,1.64,1641531600000000000,83
NTRS,1139935,125.93,129.66,130.215,125.87,1641531600000000000,16900
NTRSO,9386,26.6,26.51,26.63,26.39,1641531600000000000,144
NTSE,4508,36.98,36.9468,36.98,36.79,1641531600000000000,20
NTSI,5499,40.02,40.1387,40.15,40.02,1641531600000000000,13
NTST,311555,23.07,23.12,23.3599,22.82,1641531600000000000,4012
NTSX,252104,43.2,43.09,43.2525,42.8096,1641531600000000000,1317
NTUS,84196,23.49,23.2,23.7499,23.1805,1641531600000000000,1615
NTWK,26780,4.2,4.13,4.24,4.03,1641531600000000000,73
NTZ,4277,15.51,15.07,15.51,14.76,1641531600000000000,235
NTZO,1,19.7219,19.7219,19.7219,19.7219,1641531600000000000,1
NU,4784699,9.5,9.36,9.68,9.14,1641531600000000000,24950
NUAG,36913,24.26,24.2288,24.26,24.203,1641531600000000000,158
NUAN,4853917,55.18,55.06,55.19,55.05,1641531600000000000,18462
NUBD,43542,25.34,25.31,25.35,25.28,1641531600000000000,186
NUDM,29446,30.795,30.96,30.97,30.79,1641531600000000000,623
NUDV,3069,26.84,26.86,26.93,26.84,1641531600000000000,37
NUE,3509737,117.5,114.44,117.7399,113.5,1641531600000000000,39840
NUEM,53999,32.04,32.13,32.18,31.97,1641531600000000000,557
NUGO,772,25.04,24.7445,25.04,24.7445,1641531600000000000,16
NUGT,2540954,44.6,44.76,45.235,43.5819,1641531600000000000,28281
NUHY,6592,24.14,24.11,24.18,24.1,1641531600000000000,70
NULC,3303,40.09,40.0405,40.14,40.0405,1641531600000000000,15
NULG,111887,65.02,64.02,65.3499,63.91,1641531600000000000,408
NULV,519241,38.93,39.02,39.16,38.93,1641531600000000000,1027
NUMG,94872,46.17,45.29,46.43,45.28,1641531600000000000,796
NUMV,61414,37.29,37.09,37.29,37.0634,1641531600000000000,335
NUO,31020,16,16.05,16.05,15.9592,1641531600000000000,98
NURE,79582,39.68,39.2,39.71,39.2,1641531600000000000,429
NURO,152083,4.65,4.7,4.89,4.5899,1641531600000000000,780
NUS,447276,54.01,53.63,54.67,53.5,1641531600000000000,8439
NUSA,1317,24.605,24.6149,24.62,24.605,1641531600000000000,11
NUSC,265957,41.63,41.21,41.935,41.21,1641531600000000000,901
NUSI,740296,27.13,26.85,27.19,26.7968,1641531600000000000,6882
NUV,563348,10.23,10.2,10.25,10.15,1641531600000000000,1742
NUVA,498691,54.03,52.13,54.24,52.015,1641531600000000000,9203
NUVB,647948,6.71,6.7,6.89,6.45,1641531600000000000,5680
NUVB.WS,352,1.44,1.46,1.46,1.44,1641531600000000000,3
NUVL,63904,14.62,14.6,14.98,13.91,1641531600000000000,1419
NUW,31702,16.36,16.41,16.43,16.35,1641531600000000000,153
NUWE,155687,1.13,1.12,1.2,1.11,1641531600000000000,245
NUZE,31074,3.73,3.64,3.7726,3.595,1641531600000000000,287
NVACU,1801,10.08,10.08,10.08,10.08,1641531600000000000,13
NVAX,6435426,121.51,126.7,132.57,119.015,1641531600000000000,84313
NVCN,272286,0.466,0.483,0.4996,0.463,1641531600000000000,779
NVCR,653260,69.26,66.25,70.54,66.06,1641531600000000000,19392
NVDA,40917701,281.41,272.47,284.22,270.57,1641531600000000000,639605
NVEC,15446,67.65,66.78,67.65,66.5,1641531600000000000,771
NVEE,47911,131.32,128.86,132.29,128.86,1641531600000000000,1785
NVEI,379642,61.62,63.4,63.59,60.985,1641531600000000000,5224
NVFY,14055,1.95,1.825,1.95,1.82,1641531600000000000,85
NVG,362060,17.13,17.18,17.2602,17.11,1641531600000000000,1085
NVGS,27314,9.1,9.1,9.2,8.9235,1641531600000000000,739
NVIV,207741,0.52,0.4994,0.53,0.4899,1641531600000000000,481
NVMI,134802,137.43,131.99,137.5,131.3306,1641531600000000000,2821
NVNO,26154,6.8,6.54,6.8375,6.5,1641531600000000000,291
NVNOW,200,0.33,0.3293,0.33,0.3293,1641531600000000000,2
NVO,3906167,100.55,101.49,101.95,100.54,1641531600000000000,21914
NVOS,43149,1.55,1.44,1.55,1.4,1641531600000000000,119
NVQ,2810,33.08,32.9757,33.08,32.9757,1641531600000000000,21
NVR,33625,5670.75,5438.88,5683.15,5427.32,1641531600000000000,6140
NVRO,584663,81.16,79.02,82.64,78.36,1641531600000000000,11645
NVS,2651271,88.51,89.31,89.43,88.47,1641531600000000000,19883
NVSA,27893,9.75,9.75,9.75,9.73,1641531600000000000,47
NVSAU,2729,10,10.0001,10.0036,10,1641531600000000000,16
NVSAW,525,0.7999,0.74,0.7999,0.725,1641531600000000000,5
NVST,1207814,44.31,44.42,44.88,44.125,1641531600000000000,13300
NVT,442840,38.26,37.37,39.53,37.3325,1641531600000000000,7026
NVTA,5695918,13,12.55,13.8999,12.54,1641531600000000000,37683
NVTS,1107746,13.55,13.13,13.95,13.04,1641531600000000000,6376
NVTSW,43284,4.12,3.95,4.36,3.95,1641531600000000000,232
NVVE,135248,11.1,10.3,11.2765,10.26,1641531600000000000,1813
NVVEW,31163,1.57,1.4197,1.588,1.4197,1641531600000000000,167
NWBI,907852,14.73,14.72,14.78,14.57,1641531600000000000,7194
NWE,239040,57.05,57.33,57.5483,56.91,1641531600000000000,3947
NWFL,9668,28.8,27.7,28.8,26.999,1641531600000000000,362
NWG,1246715,6.63,6.69,6.705,6.605,1641531600000000000,3339
NWL,2244581,23.09,23.14,23.34,23.075,1641531600000000000,20974
NWLG,779,25.1,24.8138,25.1701,24.8138,1641531600000000000,12
NWLI,3840,219.1465,221,223,219.1465,1641531600000000000,241
NWN,129853,49.55,49.8,49.98,49.17,1641531600000000000,2168
NWPX,19087,30.89,30.38,30.89,30.0772,1641531600000000000,445
NWS,821514,22.79,22.69,22.95,22.66,1641531600000000000,6176
NWSA,3055243,22.52,22.5,22.775,22.455,1641531600000000000,19209
NX,104576,24.78,24.1,24.88,24.07,1641531600000000000,1771
NXC,9793,16.4,16.31,16.45,16.3,1641531600000000000,55
NXDT,83196,13.52,13.5,13.5501,13.45,1641531600000000000,457
NXDTpA,980,21.24,21.2461,21.25,21.23,1641531600000000000,8
NXE,2311174,4.4,4.64,4.69,4.365,1641531600000000000,9428
NXGL,56115,2.652,2.71,2.8,2.64,1641531600000000000,255
NXGN,329759,17.99,18.19,18.34,17.89,1641531600000000000,5208
NXJ,50797,15.19,15.08,15.202,15.01,1641531600000000000,257
NXN,4699,13.47,13.33,13.47,13.33,1641531600000000000,18
NXP,123447,15.67,15.62,15.6898,15.54,1641531600000000000,673
NXPI,1756953,228,221.33,229.99,219.88,1641531600000000000,29951
NXRT,98052,80.46,79.19,81.77,78.98,1641531600000000000,2016
NXST,281197,150.85,155.33,155.87,150.85,1641531600000000000,6297
NXTC,89946,5.7,5.64,5.77,5.63,1641531600000000000,1143
NXTD,849089,2.95,3.05,3.16,2.9,1641531600000000000,2597
NXTG,45705,81.32,81.19,81.63,80.72,1641531600000000000,698
NXTP,696359,0.8,0.7073,0.8,0.7001,1641531600000000000,1722
NXU,25096,9.98,9.94,9.98,9.94,1641531600000000000,142
NXU.U,254,10.35,10.3364,10.35,10.3364,1641531600000000000,5
NXU.WS,10900,1.2,1.1905,1.28,1.1905,1641531600000000000,18
NYC,93000,10.71,10.76,11.42,10.5508,1641531600000000000,704
NYCB,6860022,13.01,13.13,13.16,12.84,1641531600000000000,31984
NYCBpA,19341,28.26,28.249,28.7524,27.7163,1641531600000000000,214
NYCBpU,6995,52.79,52.34,52.79,52.34,1641531600000000000,49
NYF,23898,57.76,57.7,57.76,57.6203,1641531600000000000,92
NYMT,1709777,3.77,3.81,3.83,3.77,1641531600000000000,5670
NYMTL,3293,24.6933,24.5611,24.6933,24.5301,1641531600000000000,15
NYMTM,31940,25.38,25.4311,25.51,25.25,1641531600000000000,197
NYMTN,6774,25.56,25.62,25.62,25.4208,1641531600000000000,83
NYMTZ,10233,24.76,24.85,24.9,24.7515,1641531600000000000,30
NYMX,57299,1.35,1.42,1.43,1.35,1641531600000000000,205
NYT,4438282,47.42,42.71,47.42,42.3401,1641531600000000000,40040
NYXH,402,22.25,22.25,22.25,22.25,1641531600000000000,22
NZF,148639,16.65,16.68,16.68,16.6,1641531600000000000,501
O,3109029,71.13,71.41,71.54,70.71,1641531600000000000,41295
OACB,32707,9.8818,9.915,9.93,9.8818,1641531600000000000,27
OACB.WS,6799,1,0.9636,1,0.9636,1641531600000000000,18
OAKpA,1022,26.27,26.38,26.38,26.27,1641531600000000000,43
OAKpB,11375,26.28,26.39,26.39,26.26,1641531600000000000,116
OALC,18517,24.32,24.1019,24.68,24.095,1641531600000000000,63
OAS,162146,135.38,132.98,136.4977,131.4,1641531600000000000,3042
OB,130136,14.69,14.52,15.31,14.49,1641531600000000000,2058
OBCI,1137,8.7823,8.7823,8.7823,8.7823,1641531600000000000,50
OBLG,67155,0.93,0.9419,0.9997,0.9137,1641531600000000000,136
OBND,1041,29.75,29.675,29.75,29.675,1641531600000000000,11
OBNK,37490,45.23,45.06,45.5,45.01,1641531600000000000,992
OBOR,414,30.22,30.2541,30.2541,30.22,1641531600000000000,16
OBSV,640641,2,1.94,2.01,1.94,1641531600000000000,3300
OBT,53407,41.12,41.69,41.69,40.04,1641531600000000000,266
OC,1180245,92.26,89.87,92.755,89.65,1641531600000000000,11203
OCA,32978,9.94,9.94,9.94,9.93,1641531600000000000,56
OCA.U,1205,10.22,10.2,10.22,10.2,1641531600000000000,9
OCA.WS,28115,0.62,0.6,0.62,0.53,1641531600000000000,97
OCAXW,13700,0.4802,0.48,0.4802,0.46,1641531600000000000,19
OCC,25999,4.4183,4.58,4.79,4.36,1641531600000000000,143
OCCI,26080,13.36,13.4,13.43,13.3201,1641531600000000000,169
OCCIN,6222,25.05,25.07,25.08,25.0499,1641531600000000000,33
OCCIO,970,25.5787,25.57,25.5787,25.505,1641531600000000000,9
OCDX,2188197,20.6,20.01,20.62,19.8159,1641531600000000000,13895
OCEN,115,25.38,25.38,25.38,25.38,1641531600000000000,5
OCFC,340689,23.46,23.7,23.72,23.18,1641531600000000000,4709
OCFT,1565939,2.42,2.29,2.45,2.25,1641531600000000000,11135
OCG,516243,4.98,5.18,5.29,4.9,1641531600000000000,2588
OCGN,7709873,4.06,4.06,4.23,4.02,1641531600000000000,28092
OCIO,582,32.56,32.5699,32.66,32.56,1641531600000000000,7
OCN,46539,40.25,41.3,41.92,39.47,1641531600000000000,984
OCSL,953572,7.56,7.58,7.6,7.5,1641531600000000000,4643
OCTZ,0,32.2565,32.2565,32.2565,32.2565,1641531600000000000,0
OCUL,515851,6.49,6.44,6.56,6.405,1641531600000000000,4332
OCUP,254202,3.67,3.59,3.71,3.53,1641531600000000000,1273
OCX,332608,2.08,2.06,2.139,2.01,1641531600000000000,2463
ODC,31467,34.32,34.79,35.71,34.315,1641531600000000000,1022
ODFL,1005814,340.78,332.6,341.73,331.27,1641531600000000000,20075
ODP,352997,42.16,41.25,42.74,41.16,1641531600000000000,5560
ODT,6650991,0.85,1.09,1.18,0.85,1641531600000000000,11209
OEC,225045,18.71,18.52,18.86,18.52,1641531600000000000,2375
OEF,271547,216.13,215.71,216.73,214.59,1641531600000000000,3720
OEG,1027148,2.11,2.07,2.17,2.05,1641531600000000000,4212
OEPW,281721,9.75,9.78,9.78,9.75,1641531600000000000,308
OEPWW,2806,0.62,0.57,0.62,0.57,1641531600000000000,11
OESX,288615,3.84,3.92,4.01,3.805,1641531600000000000,1463
OEUR,6022,28.65,28.82,28.82,28.61,1641531600000000000,60
OFC,508420,29.14,29.18,29.39,29.1,1641531600000000000,5793
OFED,1231,23.92,23.93,23.93,23.92,1641531600000000000,70
OFG,366902,29.07,29.4,29.56,28.78,1641531600000000000,2757
OFIX,32960,31.46,31.05,31.46,30.89,1641531600000000000,856
OFLX,5259,131.8,132.04,133.68,131.361,1641531600000000000,464
OFS,16686,10.8,10.83,10.9173,10.54,1641531600000000000,163
OFSSH,665,25.7,25.7,25.7,25.7,1641531600000000000,4
OG,15758,2.34,2.28,2.468,2.2,1641531600000000000,96
OGCP,867,9.97,9.97,9.98,9.97,1641531600000000000,10
OGE,1588871,37.3,37.53,37.815,36.715,1641531600000000000,14974
OGEN,1143995,0.53,0.5237,0.5448,0.5042,1641531600000000000,2361
OGI,5853222,1.6,1.62,1.73,1.596,1641531600000000000,9360
OGIG,94397,44.88,44.63,45.725,44.35,1641531600000000000,957
OGN,1334847,31.52,32.41,32.47,31.52,1641531600000000000,13844
OGS,228009,78.87,78.97,79.4,78.59,1641531600000000000,5122
OHAA,1850,9.83,9.8,9.83,9.79,1641531600000000000,38
OHAAW,21299,0.485,0.4771,0.485,0.47,1641531600000000000,54
OHI,2999300,30.7,31.37,31.5,30.66,1641531600000000000,24078
OHPA,2993,9.7,9.79,9.79,9.7,1641531600000000000,8
OHPAU,100,9.87,9.87,9.87,9.87,1641531600000000000,1
OHPAW,100,0.6195,0.6195,0.6195,0.6195,1641531600000000000,1
OI,507340,12.78,13.02,13.19,12.75,1641531600000000000,5384
OIA,26211,7.92,7.92,7.94,7.8602,1641531600000000000,119
OIH,822326,209.79,211.88,212.4561,208.4814,1641531600000000000,13138
OII,552231,12.56,12.84,13,12.56,1641531600000000000,6371
OIIM,139012,4.34,4.46,4.49,4.2113,1641531600000000000,940
OIL,18114,24.6,24.42,24.6,24.35,1641531600000000000,188
OILD,121,18.9543,18.9543,18.9543,18.9543,1641531600000000000,5
OILK,35741,42.44,42.3286,42.72,42.15,1641531600000000000,221
OILU,32005,26.6878,27.76,27.76,26.47,1641531600000000000,169
OIS,626745,5.83,5.87,5.94,5.762,1641531600000000000,3880
OKE,2242859,61.65,62.46,62.559,61.4,1641531600000000000,26604
OKTA,1776184,199.56,196.67,207.03,195.9501,1641531600000000000,37681
OLB,187480,2.26,2.25,2.4,2.23,1641531600000000000,879
OLED,427361,164.46,158.85,165.22,158.84,1641531600000000000,10620
OLITU,100,10.03,10.03,10.03,10.03,1641531600000000000,1
OLK,820835,11.59,11.68,12.58,11.16,1641531600000000000,7421
OLLI,1108262,49.37,49.71,50.59,48.3,1641531600000000000,15261
OLMA,429589,7.65,7.3,7.71,7.22,1641531600000000000,6230
OLN,2025702,53.42,53.9,54.87,53.015,1641531600000000000,24188
OLO,797915,18.71,18.75,19.46,18.51,1641531600000000000,8349
OLP,46756,35.18,34.97,35.608,34.625,1641531600000000000,958
OLPX,1767416,24.96,24.48,25.66,24.37,1641531600000000000,12663
OM,373274,44.26,39.5,44.26,39.41,1641531600000000000,7546
OMAB,34761,53.93,54.83,55.14,53.93,1641531600000000000,904
OMC,2094494,78,78.39,79.24,77.95,1641531600000000000,24156
OMCL,441375,165.72,162.2,168.055,161.6,1641531600000000000,7791
OMEG,26106,9.78,9.79,9.79,9.77,1641531600000000000,15
OMER,332731,6.24,6.27,6.3775,6.18,1641531600000000000,3478
OMEX,13635,5.38,5.27,5.41,5.27,1641531600000000000,119
OMF,1521959,52.5,53.13,53.67,52.48,1641531600000000000,9609
OMFL,81639,49.13,49.03,49.2435,48.905,1641531600000000000,396
OMFS,23175,42.2099,41.39,42.2099,41.3806,1641531600000000000,156
OMGA,69938,11.65,11.2,11.65,10.95,1641531600000000000,1365
OMI,641236,44.1,45.08,45.57,43.9948,1641531600000000000,7592
OMIC,244997,9.89,9.56,10.14,9.27,1641531600000000000,3243
OMP,79266,24.7,24.79,24.89,24.5,1641531600000000000,921
OMQS,21656,6.22,6.425,6.58,6.22,1641531600000000000,131
ON,6778307,67.5,64.56,68.48,64.18,1641531600000000000,69199
ONB,1796183,19.49,19.67,19.7,19.31,1641531600000000000,15170
ONCR,74928,4.82,4.54,4.82,4.4075,1641531600000000000,893
ONCS,83374,0.86,0.854499,0.88,0.842,1641531600000000000,379
ONCT,456674,2.21,2.13,2.28,2.12,1641531600000000000,2405
ONCY,196200,1.31,1.32,1.33,1.285,1641531600000000000,636
OND,109,31.2,31.1959,31.2,31.1959,1641531600000000000,6
ONDS,519669,5.73,5.46,5.86,5.42,1641531600000000000,4019
ONE,34986203,0.3468,0.2901,0.45,0.27,1641531600000000000,33418
ONEM,3869528,16.39,15.4,16.97,15.045,1641531600000000000,38346
ONEO,370,104.42,104.4,104.42,104.4,1641531600000000000,15
ONEQ,382408,58.89,58.26,59.15,57.99,1641531600000000000,3720
ONEV,14371,112.69,112.19,112.78,112.0373,1641531600000000000,157
ONEW,57115,57.48,55.35,58.265,55.17,1641531600000000000,1412
ONEY,17343,101.7022,102.1747,102.38,101.7022,1641531600000000000,227
ONL,383342,17.82,18,18.21,17.77,1641531600000000000,6053
ONLN,99356,54.8,54.43,55.78,54.18,1641531600000000000,835
ONOF,3532,30.4201,30.3659,30.44,30.3659,1641531600000000000,21
ONON,1860664,33.34,33,33.67,31.796,1641531600000000000,14976
ONTF,216948,16.79,16.52,17.38,16.38,1641531600000000000,2962
ONTO,478316,98.31,95.22,100.92,95.19,1641531600000000000,7746
ONTX,137611,2.39,2.3,2.39,2.28,1641531600000000000,988
ONVO,33409,3.81,3.8,3.95,3.73,1641531600000000000,396
ONYX,285151,9.92,9.92,9.93,9.92,1641531600000000000,466
ONYXU,7105,10.16,10.16,10.16,10.04,1641531600000000000,27
ONYXW,5852,0.5,0.5,0.5,0.4999,1641531600000000000,20
OOMA,40606,19.73,19.27,19.88,19.22,1641531600000000000,932
OOTO,103370,19.27,19.74,20.21,19.27,1641531600000000000,864
OP,97494,2.04,2,2.0599,1.98,1641531600000000000,521
OPA,413,9.9,9.93,9.93,9.9,1641531600000000000,7
OPA.WS,5990,1,0.922,1,0.92,1641531600000000000,15
OPAD,813149,5.79,5.57,6,5.51,1641531600000000000,5415
OPAD.WS,32699,1,0.74,1,0.7002,1641531600000000000,86
OPBK,79387,13.53,13.56,13.56,13.12,1641531600000000000,535
OPCH,1183949,25.9,25.04,26.25,24.88,1641531600000000000,10645
OPEN,24436523,11.8,11.36,12.01,10.9873,1641531600000000000,131775
OPER,54129,100.081,100.08,100.081,100.08,1641531600000000000,16
OPFI,484881,4.67,5.16,5.17,4.5,1641531600000000000,2851
OPFI.WS,117752,0.83,0.83005,0.8499,0.70205,1641531600000000000,261
OPGN,398021,1,0.9813,1.02,0.98,1641531600000000000,1011
OPHC,3847,4.23,4.258,4.2799,4.1443,1641531600000000000,36
OPI,213443,27.15,27.51,27.77,26.82,1641531600000000000,3589
OPINL,8412,26.8,27.01,27.09,26.8,1641531600000000000,63
OPK,3414714,4.62,4.45,4.64,4.44,1641531600000000000,14900
OPNT,38664,32,31.82,33.51,31.52,1641531600000000000,1451
OPOF,664,23.03,23.17,23.17,23.03,1641531600000000000,13
OPP,84064,14.48,14.58,14.6399,14.48,1641531600000000000,382
OPPpA,6477,24.63,24.51,24.64,24.45,1641531600000000000,44
OPPpB,6170,25.19,25.05,25.19,25.04,1641531600000000000,48
OPPX,4786,27.25,27.108,27.25,27.108,1641531600000000000,27
OPRA,116609,7.09,6.79,7.1,6.6201,1641531600000000000,977
OPRT,62771,20.21,20.06,20.57,19.96,1641531600000000000,994
OPRX,175913,55.37,53.28,56.7,52.62,1641531600000000000,4187
OPT,2946,7.5,7.5042,7.5042,7.5,1641531600000000000,19
OPTN,106358,1.79,1.77,1.86,1.67,1641531600000000000,503
OPTT,416568,1.42,1.41,1.48,1.4,1641531600000000000,2670
OPY,93173,47.89,49.57,49.84,47.7118,1641531600000000000,1686
OR,669363,11.26,11.26,11.32,11.08,1641531600000000000,4070
ORA,345198,75.34,75.99,76.67,74.17,1641531600000000000,5260
ORAN,692481,10.7,10.74,10.77,10.669,1641531600000000000,2879
ORC,2227911,4.62,4.63,4.65,4.59,1641531600000000000,9086
ORCC,1791175,14.32,14.48,14.545,14.32,1641531600000000000,9240
ORCL,8869981,86.45,87.51,88,86.2801,1641531600000000000,82877
ORGN,775687,6.56,6.41,6.76,6.31,1641531600000000000,6815
ORGNW,35047,1.44,1.41,1.48,1.38,1641531600000000000,82
ORGO,496772,8.54,8.22,8.585,8.185,1641531600000000000,3971
ORGS,58292,2.65,2.59,2.979,2.55,1641531600000000000,185
ORI,1375430,24.95,25.49,25.555,24.75,1641531600000000000,13704
ORIA,3743,9.8,9.8,9.84,9.8,1641531600000000000,35
ORIC,161884,14.4,14.33,14.925,14.08,1641531600000000000,2513
ORLA,28803,3.45,3.45,3.5,3.39,1641531600000000000,234
ORLY,350341,699.97,682.25,699.97,681.2877,1641531600000000000,17289
ORMP,553388,12.01,12.38,12.58,11.97,1641531600000000000,5467
ORN,32261,3.9,3.78,3.9,3.78,1641531600000000000,338
ORPH,327652,2.3866,2.32,2.461,2.29,1641531600000000000,2051
ORRF,20126,25.39,25.4,25.68,25.1207,1641531600000000000,290
ORTX,458188,1.2838,1.27,1.35,1.26,1641531600000000000,1750
OSAT,170719,4,3.9,4.095,3.85,1641531600000000000,930
OSBC,122698,13.45,13.6,13.62,13.31,1641531600000000000,1218
OSCR,2188348,6.93,6.89,7.35,6.89,1641531600000000000,11761
OSCV,18609,35.32,35.0761,35.47,35.05,1641531600000000000,67
OSG,99243,1.92,1.98,1.99,1.91,1641531600000000000,564
OSH,2723909,26.5,25.47,27,25.12,1641531600000000000,27826
OSI,235,9.7,9.7,9.7,9.7,1641531600000000000,1
OSIS,108959,93.195,91.25,93.78,90.88,1641531600000000000,2390
OSK,562472,117.38,119.77,121.205,115.84,1641531600000000000,9855
OSMT,181857,1.05,1.03,1.06,1.03,1641531600000000000,605
OSPN,185410,16.74,16.45,16.93,16.45,1641531600000000000,2578
OSS,38264,4.75,4.77,4.8,4.6,1641531600000000000,458
OSTK,1118207,53.71,53.4,55.67,52.83,1641531600000000000,14787
OSTR,1625,9.72,9.75,9.75,9.72,1641531600000000000,19
OSTRW,16452,0.4948,0.4694,0.4948,0.4545,1641531600000000000,26
OSUR,1449054,7.89,7.94,7.97,7.56,1641531600000000000,9115
OSW,158155,10.3,10.23,10.48,10.21,1641531600000000000,2447
OTEC,1018,9.99,9.99,9.99,9.99,1641531600000000000,12
OTECW,700,0.4298,0.4297,0.4298,0.4297,1641531600000000000,7
OTEX,738603,45.38,46.15,46.365,45.38,1641531600000000000,10398
OTIC,180412,2.04,2,2.07,1.98,1641531600000000000,662
OTIS,2344591,84.4,84.36,85.27,84.21,1641531600000000000,19875
OTLK,803063,1.32,1.26,1.35,1.26,1641531600000000000,2818
OTLKW,24397,0.0472,0.0795,0.0795,0.0472,1641531600000000000,33
OTLY,2521410,8.12,7.98,8.3345,7.92,1641531600000000000,17479
OTMO,81990,3.5,3.46,3.54,3.28,1641531600000000000,684
OTMOW,23056,0.32,0.3099,0.32,0.2999,1641531600000000000,64
OTRA,100,10.1301,10.1301,10.1301,10.1301,1641531600000000000,1
OTRAW,10680,0.5499,0.5199,0.5499,0.485,1641531600000000000,29
OTRK,379903,4.71,4.65,4.85,4.46,1641531600000000000,4039
OTRKP,11184,10.675,10.6572,10.7,10.45,1641531600000000000,96
OTTR,110049,67.88,67.79,68.22,67.03,1641531600000000000,1731
OUNZ,125737,17.43,17.46,17.485,17.37,1641531600000000000,380
OUSA,25670,45.86,45.68,45.86,45.6323,1641531600000000000,382
OUSM,6864,36.975,36.8625,36.975,36.75,1641531600000000000,77
OUST,1207306,4.84,4.58,4.945,4.58,1641531600000000000,5791
OUST.WS,28826,1,0.92,1,0.9101,1641531600000000000,85
OUT,887144,25.87,26.22,26.66,25.87,1641531600000000000,7064
OVB,43654,25.07,25.0339,25.08,25,1641531600000000000,29
OVBC,741,29.36,29.36,29.36,29.36,1641531600000000000,173
OVF,107,26.41,26.4145,26.4145,26.41,1641531600000000000,3
OVID,191925,3.3,3.3,3.34,3.255,1641531600000000000,1599
OVL,42679,39.83,39.7546,39.87,39.63,1641531600000000000,51
OVLH,12305,29.46,29.4648,29.54,29.46,1641531600000000000,35
OVLY,6148,17.8218,17.68,17.985,17.65,1641531600000000000,267
OVM,7433,25.14,25.1312,25.17,25.1312,1641531600000000000,17
OVS,135,37.01,36.8048,37.01,36.8048,1641531600000000000,6
OVT,4193,24.23,24.2428,24.29,24.22,1641531600000000000,20
OVV,2173662,38.44,37.81,38.65,37.39,1641531600000000000,23359
OWL,1421444,14.27,14.01,14.41,13.965,1641531600000000000,10590
OWL.WS,5728,4.31,4.1699,4.31,4.15,1641531600000000000,32
OWLT,374837,2.73,2.48,2.74,2.395,1641531600000000000,2197
OWLT.WS,9969,0.3805,0.38,0.3997,0.38,1641531600000000000,35
OWNS,10,19.47,19.47,19.47,19.47,1641531600000000000,5
OXACW,1300,0.4149,0.4,0.4149,0.4,1641531600000000000,5
OXBR,189874,5.05,5.72,6.03,5.05,1641531600000000000,1323
OXBRW,45317,0.49,0.5802,0.64,0.49,1641531600000000000,85
OXLC,1102818,8.08,8.15,8.18,8.075,1641531600000000000,3401
OXLCL,11416,26.16,26.32,26.32,26.16,1641531600000000000,134
OXLCM,2476,25.36,25.35,25.36,25.315,1641531600000000000,12
OXLCO,5317,25,24.9701,25,24.9601,1641531600000000000,27
OXLCP,2208,25.3001,25.363,25.409,25.3,1641531600000000000,12
OXM,94787,99.79,97.87,100.8341,97.83,1641531600000000000,2914
OXSQ,163645,4.22,4.28,4.28,4.2,1641531600000000000,996
OXSQG,810,25.25,25.25,25.25,25.25,1641531600000000000,3
OXSQZ,2215,25.48,25.65,25.65,25.36,1641531600000000000,15
OXUS,10029,9.8701,9.89,9.89,9.87,1641531600000000000,46
OXUSU,374,10.43,10.345,10.43,10.345,1641531600000000000,5
OXUSW,98448,0.5001,0.509799,0.51,0.4611,1641531600000000000,136
OXY,14852881,33.03,33.21,33.425,32.69,1641531600000000000,103460
OXY.WS,273375,15.38,15.38,15.53,15.02,1641531600000000000,1859
OYST,176634,15.75,16,16.23,15.68,1641531600000000000,2879
OZ,80284,96,93.56,96,91.25,1641531600000000000,511
OZK,445567,50.92,50.84,51.01,50.4,1641531600000000000,8311
OZKAP,35735,24.95,24.97,25.005,24.89,1641531600000000000,231
OZON,917729,27,27.13,27.95,26.68,1641531600000000000,8444
PAA,3611140,10.04,10.07,10.21,10.04,1641531600000000000,13845
PAAS,2457114,22.741,22.48,22.88,22.315,1641531600000000000,23182
PAB,4,48.8566,48.8566,48.8566,48.8566,1641531600000000000,3
PAC,31796,142.24,141.65,144.245,141.37,1641531600000000000,990
PACB,3239746,17.13,16.76,18.13,16.69,1641531600000000000,29923
PACI.U,31771,10.025,10.03,10.035,10.02,1641531600000000000,22
PACK,270632,35.25,35,35.85,34.25,1641531600000000000,4220
PACW,1120264,49.57,49.9,50.405,48.97,1641531600000000000,10860
PACX,37687,9.8701,9.87,9.8787,9.87,1641531600000000000,276
PACXU,376,10.07,10.08,10.08,10.07,1641531600000000000,5
PACXW,23933,0.6801,0.694,0.7488,0.6501,1641531600000000000,49
PAE,348753,9.93,9.93,9.94,9.92,1641531600000000000,1246
PAEWW,21200,1.88,1.88,1.95,1.88,1641531600000000000,8
PAFOR,900,0.41,0.41,0.41,0.41,1641531600000000000,9
PAFOU,750,10.29,10.3,10.3,10.29,1641531600000000000,6
PAG,201395,107.02,107.05,108.41,106.1,1641531600000000000,5051
PAGP,1546739,10.92,10.92,11.03,10.88,1641531600000000000,11001
PAGS,1388228,23.64,23.7,24.99,23.58,1641531600000000000,16496
PAHC,54676,20.32,20.27,20.6355,20.17,1641531600000000000,1160
PAI,20754,14.97,15.05,15.09,14.97,1641531600000000000,171
PAIC,6327,9.25,9.22,9.25,9.05,1641531600000000000,68
PAICW,56890,0.55,0.54,0.55,0.53,1641531600000000000,24
PAK,5823,23.58,23.41,23.62,23.26,1641531600000000000,50
PALC,61070,41.38,41.13,41.38,41.13,1641531600000000000,235
PALI,51624,1.44,1.33,1.44,1.31,1641531600000000000,245
PALL,23234,176.8,179.6,180.57,175.89,1641531600000000000,736
PALT,35707,2.87,2.92,2.99,2.83,1641531600000000000,319
PAM,82702,18.74,19.16,19.3,18.575,1641531600000000000,981
PAMC,3286,35.585,35.691,35.75,35.585,1641531600000000000,42
PANA,4230,9.71,9.71,9.72,9.71,1641531600000000000,9
PANL,84738,3.97,3.96,4.05,3.93,1641531600000000000,828
PANW,2260297,526.8593,525.49,548.2,524.3,1641531600000000000,37753
PAPR,9888,29.28,29.2952,29.2952,29.28,1641531600000000000,40
PAQC,9332,9.8,9.77,9.8,9.76,1641531600000000000,54
PAQCU,7727,9.94,9.995,10,9.94,1641531600000000000,44
PAQCW,10139,0.5301,0.52,0.5301,0.49,1641531600000000000,47
PAR,363610,49.61,47.3,50.59,47.0006,1641531600000000000,6630
PARR,361604,17.17,17.68,17.745,17.17,1641531600000000000,5000
PASG,200454,5.85,5.62,6.03,5.59,1641531600000000000,2151
PATH,3665609,39.37,39.2,41.15,38.68,1641531600000000000,27831
PATI,2326,8,8.125,8.125,8,1641531600000000000,21
PATK,344388,80.99,80.92,82.46,80.44,1641531600000000000,6521
PAUG,4641,30.21,30.2834,30.285,30.21,1641531600000000000,26
PAVE,1846001,28.7,28.35,28.77,28.32,1641531600000000000,8220
PAVM,1093833,2.14,2.06,2.21,2.04,1641531600000000000,5637
PAVMZ,8316,1.23,1.24,1.33,1.23,1641531600000000000,34
PAWZ,77593,72.44,71.28,72.44,71.2,1641531600000000000,987
PAX,396166,15.73,16.44,16.57,15.6,1641531600000000000,3528
PAY,210071,27.59,28.27,28.84,27.52,1641531600000000000,3708
PAYA,545061,6.65,6.57,6.78,6.56,1641531600000000000,4725
PAYC,776520,356.12,355.8,362.07,351.02,1641531600000000000,20968
PAYO,1196708,6.79,6.64,6.86,6.585,1641531600000000000,10109
PAYOW,242008,2.185,2.26,2.265,2.16,1641531600000000000,645
PAYS,105651,1.81,1.81,1.87,1.77,1641531600000000000,536
PAYX,1555529,130.755,128.84,131.39,128.735,1641531600000000000,23076
PB,389270,75.91,77.19,77.53,75.64,1641531600000000000,7412
PBA,1055553,30.96,31.29,31.47,30.73,1641531600000000000,10722
PBAX,3495,9.94,9.94,9.96,9.94,1641531600000000000,31
PBAXW,2000,0.4501,0.45,0.46,0.45,1641531600000000000,9
PBBK,1343,13.52,13.77,13.78,13.49,1641531600000000000,22
PBCT,5069667,20,20.39,20.43,19.73,1641531600000000000,28478
PBCTP,14666,27.56,27.655,27.8,27.3579,1641531600000000000,172
PBD,77780,25.25,25.17,25.59,24.98,1641531600000000000,795
PBDM,2797,29.42,29.31,29.445,29.09,1641531600000000000,33
PBE,7805,65.85,65.28,65.94,65.25,1641531600000000000,136
PBEE,18527,27.595,27.54,27.595,27.51,1641531600000000000,13
PBF,4453020,15.73,16.3,16.38,15.515,1641531600000000000,37921
PBFS,5757,11.76,11.63,11.76,11.63,1641531600000000000,105
PBFX,113561,12.81,12.77,12.83,12.54,1641531600000000000,878
PBH,134340,60.82,60.32,61.21,60.29,1641531600000000000,2347
PBHC,794,17.045,17.05,17.075,17.045,1641531600000000000,19
PBI,1435578,6.51,6.64,6.675,6.5,1641531600000000000,7800
PBIpB,24457,25.12,25.19,25.19,25.0618,1641531600000000000,100
PBIP,4892,13.73,13.94,13.94,13.73,1641531600000000000,58
PBJ,23256,45.58,45.63,45.75,45.54,1641531600000000000,235
PBLA,21908,1.79,1.74,1.8699,1.71,1641531600000000000,92
PBND,8795,25.2563,25.24,25.2563,25.18,1641531600000000000,18
PBP,93233,22.961,23.09,23.1,22.961,1641531600000000000,391
PBPB,49792,5.75,5.65,5.86,5.61,1641531600000000000,536
PBR,22490765,10.84,11.01,11.045,10.82,1641531600000000000,50904
PBR.A,6353766,9.84,9.97,10.01,9.81,1641531600000000000,18488
PBS,10144,50.11,49.97,50.4331,49.8482,1641531600000000000,98
PBSM,8380,38.99,38.4747,39,38.34,1641531600000000000,59
PBT,301038,11.97,11.85,12.36,11.5701,1641531600000000000,1640
PBTP,8937,26.31,26.305,26.33,26.29,1641531600000000000,35
PBTS,2518531,0.4791,0.4639,0.4988,0.4614,1641531600000000000,3237
PBUG,20,22.4102,22.4102,22.4102,22.4102,1641531600000000000,2
PBUS,3519,47.2,47.0325,47.21,46.92,1641531600000000000,57
PBW,528521,67.27,66.46,68.585,65.87,1641531600000000000,6631
PBYI,306747,2.82,2.79,2.83,2.72,1641531600000000000,3130
PCAR,1665171,93.7,93.42,94.36,93.13,1641531600000000000,21530
PCB,17514,23,23,23,22.72,1641531600000000000,295
PCCT,6839,9.915,9.93,9.93,9.915,1641531600000000000,66
PCCTU,999440,10.1099,10.11,10.13,10.1098,1641531600000000000,19
PCCTW,21700,0.43,0.4301,0.4301,0.43,1641531600000000000,2
PCEF,68214,23.95,23.91,23.98,23.86,1641531600000000000,466
PCF,53069,8.67,8.69,8.7,8.6301,1641531600000000000,285
PCG,16023996,11.8,12.21,12.35,11.755,1641531600000000000,40384
PCGpA,9377,29.218,29.2,29.595,29,1641531600000000000,163
PCGpB,1350,27.05,27.05,27.1,27.05,1641531600000000000,40
PCGpD,740,24.4501,24.41,24.4501,24.41,1641531600000000000,6
PCGpI,500,23.755,23.506,23.755,22.53,1641531600000000000,4
PCGU,12436,114.97,116.46,116.47,114.97,1641531600000000000,110
PCH,250856,56.91,56.55,57.4,56.18,1641531600000000000,4709
PCK,32888,9.4,9.42,9.61,9.36,1641531600000000000,114
PCM,15317,10.68,10.78,10.8832,10.68,1641531600000000000,84
PCN,90833,17.23,17.24,17.3263,17.1366,1641531600000000000,388
PCOM,8404,15.43,14.79,15.83,14.65,1641531600000000000,94
PCOR,353202,73.12,71.21,74.77,71.18,1641531600000000000,5231
PCPC,1001,24.31,24.31,24.31,24.31,1641531600000000000,2
PCQ,3792,18.8,18.79,18.8,18.76,1641531600000000000,68
PCRX,488182,60.51,60.03,62,59.6,1641531600000000000,8787
PCSA,33063,4.38,4.75,4.95,4.37,1641531600000000000,215
PCSB,8082,19.28,19.25,19.38,19.25,1641531600000000000,174
PCT,668997,8.86,8.65,9.22,8.6,1641531600000000000,6943
PCTI,51931,5.61,5.56,5.6435,5.4783,1641531600000000000,432
PCTTU,3310,11.485,11.1,11.65,11.1,1641531600000000000,105
PCTTW,14424,3.32,3.2,3.4299,3.15,1641531600000000000,131
PCTY,179175,212.11,206.39,215.82,206.005,1641531600000000000,6711
PCVX,189449,24.53,23.79,24.86,23.62,1641531600000000000,3306
PCX,58051,9.93,9.93,9.94,9.93,1641531600000000000,58
PCXCU,1098,10.38,10.35,10.38,10.35,1641531600000000000,10
PCXCW,56462,0.3801,0.37,0.3801,0.37,1641531600000000000,10
PCY,882725,25.62,25.63,25.66,25.535,1641531600000000000,3650
PCYG,7987,5.9065,5.78,5.99,5.72,1641531600000000000,66
PCYO,33019,14.03,14,14.39,13.9462,1641531600000000000,536
PD,1589599,31.31,31.91,33.16,30.78,1641531600000000000,21442
PDBC,3801702,14.34,14.37,14.38,14.3,1641531600000000000,6797
PDCE,696636,54.29,52.81,54.8,52.78,1641531600000000000,10549
PDCO,734630,29.23,29.37,29.47,28.953,1641531600000000000,8427
PDD,12344736,53.05,55.9,58.1365,52.7,1641531600000000000,119958
PDEC,25385,31.58,31.5448,31.58,31.44,1641531600000000000,65
PDFS,64591,29.74,28.22,29.74,28.13,1641531600000000000,1277
PDI,944675,26.48,26.48,26.7,26.4,1641531600000000000,4165
PDLB,17721,14.7,14.87,14.9612,14.7,1641531600000000000,130
PDM,1033056,19.32,19.67,19.84,19.28,1641531600000000000,8175
PDN,66770,36.5405,36.73,36.75,36.527,1641531600000000000,480
PDO,215017,19.47,19.51,19.64,19.46,1641531600000000000,1020
PDOT,925,9.73,9.73,9.73,9.73,1641531600000000000,18
PDOT.U,3000,9.88,9.88,9.88,9.88,1641531600000000000,5
PDOT.WS,21209,0.773,0.7599,0.7731,0.7498,1641531600000000000,30
PDP,129223,89.13,87.08,89.21,87.08,1641531600000000000,886
PDS,102544,40.3,41.3,42.0794,39.84,1641531600000000000,1549
PDSB,401729,7.17,7.27,7.599,7.14,1641531600000000000,2809
PDT,161025,16.09,16.16,16.21,15.97,1641531600000000000,824
PEAK,2708885,35.8,35.97,36.13,35.61,1641531600000000000,21503
PEAR,237173,6.27,5.83,6.35,5.71,1641531600000000000,1722
PEARW,53450,0.74,0.7,0.75,0.7,1641531600000000000,228
PEB,2400260,23.11,23.71,24.04,23.01,1641531600000000000,16567
PEBpE,1603,25.07,25,25.07,24.89,1641531600000000000,13
PEBpF,6565,25.0722,25.09,25.17,25.0722,1641531600000000000,76
PEBpG,2011,25.07,25.5,25.5,25.0501,1641531600000000000,7
PEBpH,5015,24.57,24.5694,24.57,24.272,1641531600000000000,39
PEBK,11918,27.5,27.55,27.8,27,1641531600000000000,284
PEBO,65561,33.36,33.52,33.6,33.26,1641531600000000000,1800
PECO,127128,33.6,34.24,34.64,33.53,1641531600000000000,3138
PED,455336,1.17,1.16,1.18,1.12,1641531600000000000,760
PEG,2098559,66.37,67,67.62,65.59,1641531600000000000,23429
PEGA,461103,99.55,99.21,101.9818,98.67,1641531600000000000,7363
PEGR,4128,9.69,9.76,9.77,9.69,1641531600000000000,10
PEGRU,2300,10,10.05,10.23,10,1641531600000000000,23
PEI,596704,1.11,1.18,1.21,1.1005,1641531600000000000,1443
PEIpB,4663,8.31,8.54,8.54,7.96,1641531600000000000,46
PEIpC,20483,8.22,8.68,8.69,7.97,1641531600000000000,120
PEIpD,18392,7.72,7.8601,8.0142,7.5786,1641531600000000000,107
PEJ,98623,48.65,48.82,49.37,48.65,1641531600000000000,1226
PEN,176509,253.74,254.5,263.12,249.36,1641531600000000000,5267
PENN,3032889,46.86,47.28,48.39,46.3,1641531600000000000,36581
PEO,85014,17.57,17.76,17.77,17.5038,1641531600000000000,693
PEP,4898718,174.09,174.08,174.69,172.61,1641531600000000000,49388
PEPL,7163,9.9,9.96,9.96,9.89,1641531600000000000,61
PEPLW,3100,0.4311,0.47,0.47,0.4309,1641531600000000000,4
PERI,471724,21.75,21.49,22.23,21.27,1641531600000000000,4773
PESI,9887,6.15,6.29,6.45,6.13,1641531600000000000,106
PETQ,484414,21.5,20.35,21.7199,20.31,1641531600000000000,5506
PETS,281229,24.99,24.86,25.25,24.52,1641531600000000000,4368
PETV,289433,3.365,3,3.51,2.995,1641531600000000000,2115
PETVW,1218,0.55,0.54,0.55,0.54,1641531600000000000,5
PETZ,1139811,3.82,4.08,4.31,3.82,1641531600000000000,3826
PEX,5725,35.51,35.6749,35.6749,35.51,1641531600000000000,45
PEXL,38,44.9084,44.9084,44.9084,44.9084,1641531600000000000,5
PEY,184320,21.67,21.86,21.91,21.59,1641531600000000000,1290
PEZ,12244,88.63,87.15,88.695,86.7294,1641531600000000000,104
PFBC,80340,78.13,79.47,79.82,77.735,1641531600000000000,1443
PFC,225486,32.4,31.63,32.41,31.53,1641531600000000000,3747
PFD,18962,16.56,16.6945,16.7999,16.56,1641531600000000000,180
PFDR,11696,9.72,9.72,9.72,9.72,1641531600000000000,145
PFDRW,3116,0.58,0.56,0.58,0.55,1641531600000000000,22
PFE,27463150,55.36,55.72,55.77,54.63,1641531600000000000,174462
PFEB,7738,29.19,29.2148,29.2227,29.19,1641531600000000000,84
PFF,9274441,38.7516,38.63,38.79,38.52,1641531600000000000,22993
PFFA,163486,24.84,25.01,25.02,24.8301,1641531600000000000,841
PFFD,666302,25.4,25.35,25.4,25.2201,1641531600000000000,2313
PFFL,48917,18.455,18.4424,18.55,18.32,1641531600000000000,34
PFFR,21360,23.44,23.606,23.69,23.44,1641531600000000000,148
PFFV,22825,27.59,27.48,27.59,27.325,1641531600000000000,233
PFG,1531653,75.49,76.26,76.74,74.92,1641531600000000000,22433
PFGC,783369,46.94,46.76,47.44,46.43,1641531600000000000,9498
PFH,30810,25.69,25.77,25.8384,25.65,1641531600000000000,315
PFHD,68824,19.91,20.2,20.25,19.77,1641531600000000000,475
PFI,15906,54.005,53.5556,54.12,53.3324,1641531600000000000,81
PFIE,37553,1.1,1.11,1.13,1.1,1641531600000000000,162
PFIG,3339,25.9102,25.905,25.93,25.905,1641531600000000000,31
PFIS,2437,52.86,52.85,52.9,52.8,1641531600000000000,75
PFIX,94223,38.97,38.63,39.1,38.54,1641531600000000000,1074
PFL,114857,10.92,10.95,10.95,10.84,1641531600000000000,411
PFLD,106471,24.8477,24.9248,24.95,24.8297,1641531600000000000,358
PFLT,220409,13.17,13.33,13.35,13.13,1641531600000000000,1863
PFM,57884,39.51,39.52,39.615,39.45,1641531600000000000,224
PFMT,214891,2.22,2.21,2.32,2.2,1641531600000000000,1726
PFN,224700,9.6,9.61,9.6345,9.56,1641531600000000000,697
PFO,7392,12.37,12.36,12.44,12.3145,1641531600000000000,57
PFS,458383,25.67,26.02,26.05,25.46,1641531600000000000,2945
PFSI,818507,68.52,67.79,68.92,67.34,1641531600000000000,11923
PFSW,36945,12.73,12.4,12.73,12.24,1641531600000000000,1080
PFTA,1502,9.7,9.69,9.7,9.69,1641531600000000000,15
PFTAU,1012,10.015,9.9,10.015,9.9,1641531600000000000,8
PFTAW,2900,0.6599,0.6599,0.66,0.6599,1641531600000000000,5
PFUT,574,23.55,23.3971,23.55,23.3971,1641531600000000000,22
PFX,1963,40.85,41.5,41.5,40.85,1641531600000000000,35
PFXF,240724,21.57,21.49,21.6658,21.4012,1641531600000000000,782
PFXNZ,700,25.1443,25.17,25.17,25.1443,1641531600000000000,4
PG,6055753,163.13,162.74,163.53,161.95,1641531600000000000,63830
PGAL,5093,10.68,10.6534,10.7215,10.6501,1641531600000000000,34
PGC,26742,37.02,37.09,37.42,36.79,1641531600000000000,727
PGEN,872821,3.24,3.17,3.27,3.14,1641531600000000000,6302
PGF,262011,18.54,18.54,18.5743,18.45,1641531600000000000,843
PGHY,29357,21.35,21.29,21.35,21.26,1641531600000000000,157
PGJ,75537,35.26,35.54,36.32,35.26,1641531600000000000,738
PGM,2050,44.69,44.7982,44.7982,44.69,1641531600000000000,8
PGNY,1136816,45.65,43.78,46.82,43.61,1641531600000000000,10892
PGP,52442,10.91,10.81,10.91,10.79,1641531600000000000,266
PGR,4840548,105.57,109.18,109.29,105.14,1641531600000000000,48204
PGRE,2122012,9.33,9.65,9.745,9.3,1641531600000000000,10937
PGRO,309,27.99,27.7964,27.99,27.7964,1641531600000000000,7
PGRW,400,9.77,9.77,9.77,9.77,1641531600000000000,2
PGRWU,2351,10,9.99,10,9.99,1641531600000000000,11
PGRWW,3600,0.5997,0.5796,0.5997,0.5,1641531600000000000,27
PGSS,34298,9.83,9.84,9.85,9.83,1641531600000000000,88
PGSS.U,35695,10.08,10.08,10.08,10.08,1641531600000000000,24
PGSS.WS,1000,0.52,0.52,0.52,0.52,1641531600000000000,1
PGTI,328952,21.92,21.72,22.24,21.57,1641531600000000000,4178
PGX,3125320,14.77,14.78,14.8,14.69,1641531600000000000,6277
PGZ,26039,15.85,15.78,15.87,15.74,1641531600000000000,119
PH,621752,324.52,323.74,328.23,322.81,1641531600000000000,15658
PHAR,3837,9.1,9.45,9.56,8.6,1641531600000000000,98
PHAS,109210,2.37,2.38,2.39,2.31,1641531600000000000,753
PHAT,82487,17.26,16.69,17.81,16.61,1641531600000000000,1815
PHB,133419,19.22,19.2,19.23,19.18,1641531600000000000,525
PHCF,218075,1.4017,1.5,1.55,1.39,1641531600000000000,547
PHD,45362,11.76,11.79,11.8296,11.76,1641531600000000000,282
PHDG,50879,37.48,37.41,37.6599,37.34,1641531600000000000,443
PHG,1589170,37.02,37.77,37.94,36.98,1641531600000000000,14730
PHGE,14518,1.59,1.57,1.6391,1.55,1641531600000000000,107
PHGE.WS,4611,0.11,0.115,0.12,0.11,1641531600000000000,15
PHI,22852,35.98,35.91,35.98,35.73,1641531600000000000,509
PHIC,5100,9.81,9.8,9.81,9.8,1641531600000000000,3
PHICU,5000,9.9401,9.9401,9.9401,9.9401,1641531600000000000,1
PHICW,4550,0.5299,0.5338,0.53995,0.5299,1641531600000000000,5
PHIO,83324,1.01,0.9663,1.0199,0.9624,1641531600000000000,326
PHK,614662,6.28,6.27,6.3,6.24,1641531600000000000,2440
PHM,3238147,54.97,52.28,54.97,52.26,1641531600000000000,32052
PHO,197622,58.06,57.3,58.1299,57.28,1641531600000000000,1821
PHR,963236,35.39,35.82,36.78,34.69,1641531600000000000,10441
PHT,90477,9.46,9.41,9.5,9.4,1641531600000000000,667
PHUN,18221710,2.86,2.66,2.98,2.65,1641531600000000000,51315
PHUNW,67257,1.91,1.67,1.91,1.56,1641531600000000000,308
PHVS,13504,19.25,19.3,21.34,17.91,1641531600000000000,528
PHX,59102,2.33,2.32,2.3746,2.28,1641531600000000000,346
PHYL,12999,40.27,40.155,40.27,40.155,1641531600000000000,117
PHYS,843448,14.07,14.09,14.115,14.02,1641531600000000000,1626
PHYT,11351,9.95,9.96,9.96,9.95,1641531600000000000,7
PHYT.U,300000,10.17,10.17,10.17,10.17,1641531600000000000,2
PHYT.WS,79880,0.5141,0.5,0.5141,0.5,1641531600000000000,27
PI,196667,83.07,80.61,84.35,79.66,1641531600000000000,5321
PIAI,100756,9.83,9.85,9.85,9.83,1641531600000000000,160
PIAI.WS,54010,0.5502,0.5501,0.58,0.55,1641531600000000000,62
PICB,21566,27.5,27.5504,27.57,27.4818,1641531600000000000,171
PICC.U,100,9.88,9.88,9.88,9.88,1641531600000000000,1
PICK,261584,43.21,44.06,44.1461,43.21,1641531600000000000,1664
PID,92280,18.32,18.53,18.54,18.3,1641531600000000000,288
PIE,34340,24.98,25.08,25.08,24.8508,1641531600000000000,187
PIFI,3,97.8946,97.8946,97.8946,97.8946,1641531600000000000,3
PII,716649,115.69,114.85,118.11,113.83,1641531600000000000,13468
PIII,42272,5.38,5.01,5.59,5,1641531600000000000,669
PIIIW,1509,0.67,0.67,0.67,0.67,1641531600000000000,19
PIK,143024,6.5,6.5492,7.1599,6.31,1641531600000000000,789
PILL,64526,14.67,14.68,14.9187,14.5301,1641531600000000000,939
PIM,69153,3.89,3.9,3.9,3.89,1641531600000000000,138
PIN,10727,27.2,27.29,27.29,27.14,1641531600000000000,138
PINC,305403,40.35,40.21,40.62,40.21,1641531600000000000,4284
PINE,148920,20.01,20.03,20.1548,19.96,1641531600000000000,908
PING,1447625,20.81,20.85,21,20.16,1641531600000000000,11095
PINK,88800,26.22,26.03,26.3199,26.03,1641531600000000000,519
PINS,8215517,32.65,32.42,33.48,32.1,1641531600000000000,62034
PIO,11359,41.94,41.68,41.94,41.57,1641531600000000000,256
PIPP,106387,9.81,9.89,9.89,9.81,1641531600000000000,547
PIPP.U,1190,10.14,10.14,10.14,10.14,1641531600000000000,16
PIPP.WS,6855,0.9,0.85,0.946,0.85,1641531600000000000,31
PIPR,87554,172.79,176.5,177.42,172.79,1641531600000000000,2794
PIRS,590985,3.54,3.38,3.565,3.37,1641531600000000000,4060
PIXY,1037111,0.918,0.9194,0.9618,0.8821,1641531600000000000,2231
PIZ,637330,38.06,38.14,38.14,37.87,1641531600000000000,149
PJAN,232487,33.04,32.98,33.08,32.91,1641531600000000000,894
PJP,11727,79.18,79.57,79.86,79.18,1641531600000000000,173
PJT,209634,73.02,73.49,74.14,72.2,1641531600000000000,4050
PJUL,15213,30.6246,30.71,30.72,30.6246,1641531600000000000,107
PJUN,3563,32.04,32.1199,32.18,32.04,1641531600000000000,33
PK,3410339,19.23,19.81,20.1215,19.12,1641531600000000000,24602
PKB,18010,52.7124,51.43,52.809,51.4132,1641531600000000000,177
PKBK,6272,22.41,23.1,23.21,22.41,1641531600000000000,137
PKE,77695,13.15,13.52,13.65,13.11,1641531600000000000,1083
PKG,547030,137.26,137.85,139.11,137.09,1641531600000000000,10206
PKI,884225,181.51,181.65,183.48,179.46,1641531600000000000,16791
PKOH,20284,22.71,22.42,23,22.42,1641531600000000000,573
PKW,100718,96.43,96.48,96.96,96.2,1641531600000000000,1236
PKX,229717,63.13,63.48,63.48,62.36,1641531600000000000,3252
PL,3360216,5.57,5.37,5.64,5.25,1641531600000000000,15790
PL.WS,36222,1.72,1.61,1.7599,1.61,1641531600000000000,123
PLAB,497859,19.2,18.55,19.25,18.54,1641531600000000000,5685
PLAG,19668,1.01,0.9701,1.01,0.9536,1641531600000000000,72
PLAN,1498209,44.56,44.25,45.93,43.855,1641531600000000000,17190
PLAT,1378,41.25,41.0668,41.25,41.0668,1641531600000000000,27
PLAY,771943,37.9,38.43,39.1,37.88,1641531600000000000,10107
PLBC,1504,34.87,35.15,35.15,34.87,1641531600000000000,83
PLBY,851363,24.38,24.65,25.73,24.38,1641531600000000000,9816
PLCE,502307,73.49,72.22,74.85,71.5,1641531600000000000,8938
PLD,3446144,156.5,153.73,156.84,153.43,1641531600000000000,44245
PLDR,5,26.8411,26.8411,26.8411,26.8411,1641531600000000000,1
PLG,400759,1.6,1.64,1.65,1.56,1641531600000000000,1607
PLIN,746099,1.27,1.13,1.2917,1.12,1641531600000000000,1430
PLL,251491,52,50.67,53.22,50.3,1641531600000000000,5903
PLM,69126,2.59,2.66,2.71,2.53,1641531600000000000,741
PLMIW,8100,0.7499,0.6965,0.7499,0.69005,1641531600000000000,47
PLMR,152200,57.69,59.09,60.41,57.45,1641531600000000000,3331
PLNT,773507,90.98,91.26,93.03,90.6,1641531600000000000,12983
PLOW,56426,39.95,39.37,40.215,39.28,1641531600000000000,1108
PLPC,2468,62.63,62.62,62.89,62.1,1641531600000000000,240
PLRG,54907,28.32,28.2483,28.32,28.18,1641531600000000000,91
PLRX,52233,13.01,13.16,13.59,13.005,1641531600000000000,1141
PLSE,48529,13.63,13.51,14.05,13.24,1641531600000000000,872
PLTK,729336,16.54,16.84,17.48,16.5,1641531600000000000,8426
PLTL,0,26.4458,26.4458,26.4458,26.4458,1641531600000000000,0
PLTM,24078,9.45,9.41,9.45,9.34,1641531600000000000,167
PLTR,37694036,16.7,16.56,17.33,16.475,1641531600000000000,165938
PLUG,13075617,25.35,24.96,26.24,24.76,1641531600000000000,105952
PLUS,66759,53.45,51.85,53.94,51.68,1641531600000000000,2006
PLW,23798,35.8,35.67,35.8,35.59,1641531600000000000,130
PLX,349348,0.87,0.86,0.8985,0.8434,1641531600000000000,831
PLXP,326519,6.89,6.88,7.1,6.645,1641531600000000000,2295
PLXS,90009,95.53,92.83,95.53,92.76,1641531600000000000,2819
PLYA,965136,7.84,7.94,8.03,7.83,1641531600000000000,3986
PLYM,413503,29.05,28.88,29.5,28.61,1641531600000000000,3213
PLYMpA,7036,26.405,26.1,26.55,26,1641531600000000000,73
PM,4732255,97.39,99.14,99.73,97.07,1641531600000000000,40978
PMAR,8473,31.45,31.5142,31.532,31.45,1641531600000000000,35
PMAY,19193,30.505,30.56,30.579,30.46,1641531600000000000,95
PMCB,231774,2.49,2.48,2.51,2.42,1641531600000000000,1167
PMD,269,7.56,7.56,7.56,7.56,1641531600000000000,29
PME,442322,0.5,0.52,0.54,0.4511,1641531600000000000,711
PMF,36332,14.37,14.47,14.5,14.36,1641531600000000000,172
PMGM,467,9.76,9.77,9.77,9.76,1641531600000000000,2
PMGMU,500,9.95,9.93,9.95,9.93,1641531600000000000,5
PMGMW,3900,0.54,0.5001,0.557451,0.5001,1641531600000000000,11
PML,90875,14.39,14.42,14.44,14.33,1641531600000000000,373
PMM,158940,8.54,8.37,8.56,8.3501,1641531600000000000,655
PMO,37858,13.74,13.73,13.74,13.69,1641531600000000000,133
PMT,1084071,17.91,18.04,18.12,17.755,1641531600000000000,7844
PMTpA,16209,25.76,25.81,25.81,25.63,1641531600000000000,126
PMTpB,16793,25.61,25.63,25.72,25.57,1641531600000000000,127
PMTpC,20108,24.97,25.01,25.08,24.8546,1641531600000000000,128
PMTS,15103,15.91,16.42,16.5,15.91,1641531600000000000,323
PMVC,25613,9.82,9.83,9.83,9.82,1641531600000000000,7
PMVC.WS,9400,0.55,0.55,0.55,0.5,1641531600000000000,28
PMVP,723545,18.91,18.52,19.28,18.2402,1641531600000000000,8941
PMX,67884,12.16,12.23,12.31,12.14,1641531600000000000,577
PNBK,1012,15.02,15.318,15.32,15,1641531600000000000,12
PNC,2094547,220.52,223.73,224.52,220.07,1641531600000000000,38300
PNCpP,96475,25.73,25.75,25.77,25.67,1641531600000000000,483
PNF,6722,12.14,12.09,12.1981,12.04,1641531600000000000,52
PNFP,495539,106,106.8,107.38,104.9,1641531600000000000,9767
PNFPP,4837,27.65,27.465,28.3208,27.38,1641531600000000000,84
PNI,12257,11.49,11.34,11.49,11.28,1641531600000000000,62
PNM,1085454,45.75,45.97,46,45.74,1641531600000000000,4891
PNNT,132158,6.85,6.87,6.92,6.83,1641531600000000000,1041
PNOV,5501,30.77,30.71,30.7837,30.71,1641531600000000000,29
PNQI,48039,204.31,202.26,206.48,201.325,1641531600000000000,922
PNR,2110696,69.4,69.4,69.85,68.73,1641531600000000000,17019
PNRG,1401,74.46,74.51,74.51,74.46,1641531600000000000,230
PNT,170003,5.76,5.71,5.85,5.55,1641531600000000000,1683
PNTG,175156,20.49,19.26,21,19.24,1641531600000000000,2733
PNTM,57626,9.7701,9.79,9.8,9.76,1641531600000000000,301
PNTM.U,21418,10.06,10.055,10.06,10.05,1641531600000000000,43
PNTM.WS,66007,0.85,0.82,0.8999,0.8101,1641531600000000000,110
PNW,749735,70.13,70.8,71.47,69.75,1641531600000000000,11119
POAI,291592,0.96,0.9618,0.99,0.96,1641531600000000000,809
POCT,19338,30.28,30.24,30.29,30.19,1641531600000000000,134
PODD,434964,257.52,250.08,260.69,249.73,1641531600000000000,10253
POLA,67287,3.54,3.49,3.68,3.42,1641531600000000000,445
POLY,129646,28.74,28.3,29.17,28.07,1641531600000000000,2954
POND,37110,9.71,9.78,9.8,9.7,1641531600000000000,421
POOL,314463,517.82,503.17,519.465,502.194,1641531600000000000,9560
POR,625027,52.48,53.27,53.69,52.415,1641531600000000000,6663
PORT.U,47955,10.02,10.02,10.02,10.01,1641531600000000000,29
POSH,600659,15.38,15.86,16.04,15.22,1641531600000000000,8258
POST,375684,114.03,115.58,117.08,113.39,1641531600000000000,6957
POTX,186498,5.65,5.69,5.8299,5.61,1641531600000000000,1071
POWI,371642,87.37,85.11,89.055,84.99,1641531600000000000,6872
POWL,16208,29.91,29.16,29.95,29.16,1641531600000000000,656
POWRU,1340,9.92,9.98,9.98,9.92,1641531600000000000,4
POWW,1587420,5.17,4.98,5.2,4.96,1641531600000000000,8998
POWWP,5470,28.1087,28.2,28.2,27.6612,1641531600000000000,28
PPA,16984,73.47,73.7357,74.3596,73.47,1641531600000000000,256
PPBI,497187,43.63,44.15,44.42,43.37,1641531600000000000,4664
PPBT,53277,4.18,4.1497,4.2,4.11,1641531600000000000,340
PPC,777720,28.35,28.48,28.75,28.17,1641531600000000000,5706
PPG,1113568,170.43,167.71,170.505,167.43,1641531600000000000,17271
PPGH,29094,9.92,9.9,9.935,9.9,1641531600000000000,269
PPGHU,518,10.55,10.55,10.55,10.55,1641531600000000000,2
PPGHW,76924,1.2733,1.329,1.37,1.27,1641531600000000000,179
PPH,17887,75.89,76.46,76.625,75.78,1641531600000000000,231
PPI,54019,26.07,26.091,26.24,25.92,1641531600000000000,244
PPIH,25363,8.75,8.75,8.9783,8.74,1641531600000000000,90
PPL,2941954,29.93,30.25,30.435,29.8,1641531600000000000,22166
PPLT,104689,89.63,89.22,89.7763,88.57,1641531600000000000,948
PPSI,224472,7.85,7.75,8.21,7.69,1641531600000000000,1311
PPT,126507,4.36,4.37,4.38,4.34,1641531600000000000,430
PPTA,53765,4.56,4.54,4.59,4.3597,1641531600000000000,506
PPTY,23883,38.83,38.6734,38.88,38.6501,1641531600000000000,157
PQDI,107,20.96,20.94,20.96,20.94,1641531600000000000,4
PQIN,3,57.2747,57.2747,57.2747,57.2747,1641531600000000000,3
PRA,82194,25.17,25.41,25.569,25.17,1641531600000000000,1261
PRAA,196262,49.32,48.9,49.84,48.79,1641531600000000000,3844
PRAX,127382,18.97,18.11,20.17,17.95,1641531600000000000,2710
PRBM,5354,9.77,9.76,9.77,9.76,1641531600000000000,24
PRBM.U,292,10.1169,10.1169,10.1169,10.1169,1641531600000000000,8
PRBM.WS,4054,0.44,0.4598,0.4699,0.4301,1641531600000000000,25
PRCH,1767416,13.34,13.09,13.91,12.65,1641531600000000000,14336
PRCT,348911,23.74,21.9,24,21.26,1641531600000000000,5935
PRDO,467605,12.07,12.08,12.305,12.05,1641531600000000000,5472
PRDS,528856,13.7,13.56,13.7,12.1117,1641531600000000000,2737
PREpJ,786,26.65,26.7,26.7,26.65,1641531600000000000,26
PREF,132115,20.18,20.14,20.18,20.13,1641531600000000000,356
PRF,82483,173.97,174.25,174.695,173.6,1641531600000000000,708
PRFT,408611,116.59,111.53,117.96,111.08,1641531600000000000,7046
PRFX,78324,1.36,1.33,1.4269,1.26,1641531600000000000,222
PRFZ,22832,190.62,189.07,190.9942,189.0106,1641531600000000000,274
PRG,426289,44.3,43.31,45.3471,43.31,1641531600000000000,5850
PRGO,1255151,40.3,40.72,41.06,40.21,1641531600000000000,11952
PRGS,204712,46.17,45.63,46.66,45.44,1641531600000000000,3431
PRI,176786,154.48,154.3,155.68,153.37,1641531600000000000,3983
PRIFpD,400,25.38,25.39,25.39,25.38,1641531600000000000,4
PRIFpF,356,25.5,25.52,25.56,25.5,1641531600000000000,4
PRIFpG,400,25.55,25.55,25.55,25.55,1641531600000000000,1
PRIFpH,204,25.3,25.3,25.3,25.3,1641531600000000000,3
PRIFpI,5283,25,24.99,25,24.94,1641531600000000000,33
PRIFpJ,4762,25.0574,25.1,25.11,24.94,1641531600000000000,22
PRIFpK,2756,24.91,24.8087,24.91,24.8087,1641531600000000000,17
PRIM,287757,25.32,25.4,25.66,25.1,1641531600000000000,3952
PRK,17930,144.24,143.12,145.25,143.08,1641531600000000000,931
PRLB,194535,51.85,52.17,53.13,51.2768,1641531600000000000,3688
PRLD,158043,10.4,10.05,10.8,9.97,1641531600000000000,2663
PRLHU,12158,10.01,10,10.0102,10,1641531600000000000,24
PRM,164507,13.98,13.79,14.2,13.52,1641531600000000000,2227
PRMW,816121,17.3,17.36,17.42,17.065,1641531600000000000,6566
PRN,31974,111.37,107.91,111.37,107.845,1641531600000000000,282
PRNT,83588,32.98,32.89,33.35,32.62,1641531600000000000,911
PRO,161157,32,31.65,33.11,31.33,1641531600000000000,3180
PROC,17102,9.39,9.3,9.51,9.08,1641531600000000000,314
PROCW,403355,0.8299,0.84,0.88,0.79535,1641531600000000000,222
PROF,50114,10.43,10.5,10.66,10.27,1641531600000000000,620
PROG,6260458,1.97,1.92,2.05,1.91,1641531600000000000,16244
PROV,14368,16.45,16.79,16.83,16.45,1641531600000000000,187
PRPB,1850378,9.88,9.91,9.92,9.88,1641531600000000000,424
PRPB.WS,24310,1.25,1.2601,1.29,1.23,1641531600000000000,71
PRPC,33608,9.85,9.84,9.875,9.83,1641531600000000000,69
PRPC.U,100,10.025,10.025,10.025,10.025,1641531600000000000,1
PRPC.WS,1239,0.9341,1.04,1.04,0.9341,1641531600000000000,10
PRPH,10203,7.32,7.56,7.5899,7.1347,1641531600000000000,133
PRPL,1305960,12.55,11.66,12.755,11.53,1641531600000000000,13464
PRPO,101173,1.59,1.57,1.6153,1.5402,1641531600000000000,456
PRQR,421171,7.19,7.03,7.4,6.9,1641531600000000000,4352
PRS,14328,26.47,26.64,26.7,26.45,1641531600000000000,178
PRSO,86176,3.9,3.71,3.95,3.65,1641531600000000000,551
PRSR,9257,9.74,9.7573,9.7574,9.74,1641531600000000000,40
PRSRU,2112,9.955,9.9502,9.955,9.95,1641531600000000000,19
PRSRW,2841,0.6,0.607,0.615,0.6,1641531600000000000,12
PRT,38823,7.2,7.23,7.29,7.2,1641531600000000000,194
PRTA,299331,43.45,41.19,44.5,40.71,1641531600000000000,3888
PRTC,2548,40.55,40.03,41.58,40.03,1641531600000000000,322
PRTG,15876,10.77,11.08,11.4364,10.77,1641531600000000000,243
PRTH,42012,6.31,6.43,6.58,6.09,1641531600000000000,308
PRTK,288002,4.5,4.49,4.55,4.34,1641531600000000000,1963
PRTS,984971,11.97,11.25,12.68,11.16,1641531600000000000,9822
PRTY,2474721,6.5,6.39,6.67,6.38,1641531600000000000,14627
PRU,2052277,113.75,114.79,115.98,113.14,1641531600000000000,31180
PRVA,992358,25.57,22.52,25.7309,22.45,1641531600000000000,13541
PRVB,265216,5.49,5.23,5.62,5.2,1641531600000000000,2698
PSA,718636,364,355.91,365.56,355.67,1641531600000000000,17076
PSApF,15331,25.45,25.49,25.49,25.4,1641531600000000000,157
PSApG,17242,25.56,25.5516,25.5699,25.4292,1641531600000000000,168
PSApH,7100,26.76,26.73,26.8034,26.55,1641531600000000000,141
PSApI,9548,26.23,26.14,26.2527,25.86,1641531600000000000,129
PSApJ,16363,26,26.01,26.02,25.67,1641531600000000000,128
PSApK,5329,26.01,26.05,26.1399,25.9057,1641531600000000000,99
PSApL,13891,26.06,26.12,26.155,25.95,1641531600000000000,151
PSApM,10970,24.85,24.98,25.0153,24.75,1641531600000000000,117
PSApN,27198,24.47,24.54,24.67,24.36,1641531600000000000,193
PSApO,10820,24.62,24.78,24.79,24.55,1641531600000000000,121
PSApP,78021,24.59,24.69,24.79,24.46,1641531600000000000,521
PSApQ,17797,24.31,24.45,24.51,24.1,1641531600000000000,150
PSApR,94026,24.4,24.62,24.73,24.3,1641531600000000000,653
PSAG,3770,9.73,9.74,9.74,9.73,1641531600000000000,20
PSAGU,1193,9.84,9.88,9.88,9.84,1641531600000000000,15
PSAGW,6031,0.69,0.5502,0.69,0.5501,1641531600000000000,15
PSB,99820,182.83,178.78,183.28,178.67,1641531600000000000,2333
PSBpX,6864,25.79,25.61,25.79,25.55,1641531600000000000,84
PSBpY,2802,25.59,25.68,25.8167,25.59,1641531600000000000,81
PSBpZ,14439,26.27,26.55,26.7599,26.27,1641531600000000000,178
PSC,1806,46.85,46.908,47.18,46.85,1641531600000000000,21
PSCC,9186,109.88,109.48,109.88,109.48,1641531600000000000,39
PSCD,2740,110.27,107.9409,110.27,107.9,1641531600000000000,68
PSCE,218243,7.77,7.66,7.77,7.61,1641531600000000000,1116
PSCF,4397,62.99,63.15,63.269,62.9141,1641531600000000000,34
PSCH,5475,170.27,167.29,170.6911,167.29,1641531600000000000,252
PSCI,1610,98.02,96.5999,98.02,96.5999,1641531600000000000,39
PSCJ,1780,21.1151,21.1124,21.16,21.1124,1641531600000000000,7
PSCQ,0,20.9884,20.9884,20.9884,20.9884,1641531600000000000,0
PSCT,8593,150.64,146.99,150.64,146.82,1641531600000000000,193
PSCU,1033,67.3135,67.1488,67.34,67.1488,1641531600000000000,16
PSCW,3094,21.91,21.9548,22.01,21.91,1641531600000000000,27
PSCX,0,22.4619,22.4619,22.4619,22.4619,1641531600000000000,0
PSDN,28328,7.39,7.6262,7.6477,7.37,1641531600000000000,86
PSEC,1795618,8.62,8.66,8.675,8.55,1641531600000000000,10262
PSECpA,84006,21.57,21.57,21.6299,21.21,1641531600000000000,538
PSEP,16004,30.1744,30.235,30.26,30.17,1641531600000000000,117
PSET,6869,58.26,57.6,58.26,57.57,1641531600000000000,109
PSF,24554,26.51,26.67,26.7199,26.5015,1641531600000000000,106
PSFD,147,24.37,24.3603,24.37,24.3603,1641531600000000000,3
PSFE,5505866,3.92,3.92,4.04,3.8665,1641531600000000000,15932
PSFE.WS,161446,0.73,0.7455,0.7898,0.7201,1641531600000000000,201
PSFF,21988,22.67,22.6405,22.725,22.595,1641531600000000000,41
PSFJ,0,21.6004,21.6004,21.6004,21.6004,1641531600000000000,0
PSFM,3,23.0681,23.0681,23.0681,23.0681,1641531600000000000,1
PSFO,30,21.4839,21.4839,21.4839,21.4839,1641531600000000000,1
PSHG,22248,3.39,3.7,3.79,3.39,1641531600000000000,156
PSI,47503,148.6,143.01,149.0157,142.8,1641531600000000000,1324
PSIL,25073,5.35,5.3,5.35,5.285,1641531600000000000,224
PSJ,44001,116.06,114.76,118.0111,114.331,1641531600000000000,321
PSK,465635,42.31,42.29,42.31,42.07,1641531600000000000,1844
PSL,757,90.06,89.9826,90.06,89.9826,1641531600000000000,38
PSLV,4205380,7.65,7.68,7.7327,7.6,1641531600000000000,6417
PSMB,3061,17.13,16.95,17.13,16.9,1641531600000000000,21
PSMC,1981,13.7228,13.7116,13.73,13.71,1641531600000000000,26
PSMD,5301,22.845,22.8386,22.87,22.8386,1641531600000000000,8
PSMG,6645,18.87,18.8,18.9,18.8,1641531600000000000,48
PSMJ,0,21.2195,21.2195,21.2195,21.2195,1641531600000000000,0
PSMM,8366,15.67,15.58,15.67,15.55,1641531600000000000,32
PSMO,0,21.1145,21.1145,21.1145,21.1145,1641531600000000000,0
PSMR,0,22.2016,22.2016,22.2016,22.2016,1641531600000000000,0
PSMT,148035,76,74.24,76.125,72.26,1641531600000000000,4010
PSN,191818,33.24,33.18,33.89,33.09,1641531600000000000,2488
PSNL,764697,13.08,12.92,13.75,12.67,1641531600000000000,11393
PSO,246203,8.27,8.3,8.32,8.265,1641531600000000000,1845
PSP,56724,15,14.97,15.02,14.93,1641531600000000000,326
PSPC,5761,9.79,9.79,9.8356,9.79,1641531600000000000,41
PSPC.U,243,10.03,10.03,10.03,10.03,1641531600000000000,5
PSPC.WS,940,0.75,0.8,0.8197,0.75,1641531600000000000,8
PSQ,17423578,11.21,11.32,11.38,11.155,1641531600000000000,10125
PSR,9288,115.13,114.7371,115.43,114.51,1641531600000000000,189
PST,155066,16.68,16.75,16.83,16.68,1641531600000000000,309
PSTG,2905771,30.7,29.83,30.94,29.68,1641531600000000000,23713
PSTH,449731,19.81,19.85,19.86,19.8,1641531600000000000,2121
PSTH.WS,45376,1.39,1.46,1.46,1.38,1641531600000000000,100
PSTI,88065,1.43,1.47,1.52,1.43,1641531600000000000,386
PSTL,61921,19.33,19.18,19.3771,19.06,1641531600000000000,1112
PSTV,3400767,1.2,1.2,1.2502,1.131,1641531600000000000,7531
PSTX,139722,6.54,6.39,6.73,6.23,1641531600000000000,1963
PSX,3686813,80.48,81.96,82.09,79.89,1641531600000000000,36607
PSXP,1090994,40.48,41.12,41.205,40.1616,1641531600000000000,9071
PSY,5719,11.1,10.96,11.1,10.9234,1641531600000000000,99
PT,1015591,0.4238,0.494,0.53,0.42,1641531600000000000,1292
PTA,175651,24,23.99,24,23.74,1641531600000000000,875
PTBD,301687,26.64,26.54,26.64,26.52,1641531600000000000,667
PTC,456075,116.4,115.08,118.825,115.05,1641531600000000000,11167
PTCT,1298503,38.53,38.1,39.425,37.65,1641531600000000000,14401
PTE,689355,0.64,0.6055,0.64,0.5952,1641531600000000000,1143
PTEN,2179979,9.675,9.64,9.85,9.59,1641531600000000000,17425
PTEU,760,24.75,24.75,24.76,24.75,1641531600000000000,16
PTF,15287,156.21,151.49,157.05,151.37,1641531600000000000,504
PTGX,609674,34.18,34.86,36.24,34.18,1641531600000000000,6988
PTH,19551,139.76,136.76,139.79,136.76,1641531600000000000,361
PTIC,1035,9.78,9.81,9.81,9.78,1641531600000000000,5
PTICW,4100,0.565,0.541,0.565,0.541,1641531600000000000,5
PTIN,28615,28.72,28.7955,28.9,28.65,1641531600000000000,56
PTIX,206482,1.39,1.44,1.44,1.37,1641531600000000000,440
PTIXW,1077,0.3125,0.3107,0.3125,0.3107,1641531600000000000,4
PTLC,258214,40.96,40.77,41.04,40.69,1641531600000000000,315
PTLO,840858,33.45,33.74,35.065,32.88,1641531600000000000,10425
PTMC,19341,36.42,36.23,36.46,36.17,1641531600000000000,147
PTMN,37591,24.55,24.7,24.75,24.5,1641531600000000000,329
PTN,1089414,0.4701,0.4615,0.4801,0.4555,1641531600000000000,2496
PTNQ,43046,57.88,57.58,58.0301,57.5,1641531600000000000,194
PTNR,9513,7.81,8.015,8.19,7.78,1641531600000000000,116
PTOC,27191,9.87,9.86,9.87,9.86,1641531600000000000,12
PTOCU,100,10.1357,10.1357,10.1357,10.1357,1641531600000000000,1
PTOCW,640,0.62,0.62,0.62,0.62,1641531600000000000,6
PTON,17034124,33.55,35.58,36.01,33.03,1641531600000000000,111559
PTPI,1985025,2.62,2.72,2.84,2.6,1641531600000000000,5658
PTR,261091,47.2,48.03,48.3,46.8,1641531600000000000,3431
PTRA,1633046,9.09,9.09,9.26,8.86,1641531600000000000,11819
PTRB,10,49.0775,49.0775,49.0775,49.0775,1641531600000000000,2
PTRS,12860,10.1942,10.38,10.41,10.1808,1641531600000000000,143
PTSI,39858,69.95,65.61,69.95,65,1641531600000000000,835
PTVE,701997,13.2,12.7,13.29,12.51,1641531600000000000,4618
PTY,471459,16.23,16.57,16.62,16.22,1641531600000000000,2173
PUBM,1087695,27.81,26.79,28.67,26.67,1641531600000000000,12910
PUCK,2399,9.74,9.73,9.75,9.73,1641531600000000000,21
PUCKU,4505,10.21,10.285,10.285,10.21,1641531600000000000,17
PUCKW,45646,0.51,0.5154,0.5154,0.4997,1641531600000000000,132
PUI,706,35,35.32,35.39,34.9991,1641531600000000000,19
PUK,252046,35.43,35.93,35.97,35.43,1641531600000000000,2496
PULM,814383,0.4085,0.40335,0.43,0.401,1641531600000000000,791
PULS,131582,49.47,49.5,49.5,49.47,1641531600000000000,467
PUMP,596704,9.57,9.6,9.75,9.495,1641531600000000000,4786
PUTW,9196,34.57,34.4835,34.57,34.4,1641531600000000000,101
PUYI,189866,6.92,6.94,7.2,6.87,1641531600000000000,613
PV,4155,9.7201,9.73,9.74,9.72,1641531600000000000,12
PV.WS,1100,0.63,0.63,0.63,0.6299,1641531600000000000,3
PVAL,24645,27.88,27.9011,28.01,27.86,1641531600000000000,170
PVBC,37827,18.47,18.85,19.21,18.47,1641531600000000000,742
PVG,974648,13.93,14.1,14.12,13.85,1641531600000000000,6707
PVH,1118931,109.78,106.96,110.87,106.84,1641531600000000000,14536
PVI,252,24.855,24.855,24.855,24.855,1641531600000000000,8
PVL,59677,2.23,2.23,2.2743,2.17,1641531600000000000,207
PW,36194,71.6,69.41,74.8027,69,1641531600000000000,1818
PWpA,3933,26.35,26.1,26.37,26.02,1641531600000000000,43
PWB,18683,76.89,76.24,77.47,76,1641531600000000000,247
PWC,336,119.64,119.5466,119.69,119.5466,1641531600000000000,11
PWFL,396149,4.9,4.92,4.96,4.78,1641531600000000000,1004
PWOD,6848,23.8,24.1,24.2399,23.8,1641531600000000000,205
PWP,488879,12.85,12.76,12.955,12.72,1641531600000000000,1857
PWPPW,18560,3.6,3.545,3.6,3.525,1641531600000000000,104
PWR,832278,109.8,106.69,110.25,106.62,1641531600000000000,14184
PWS,310,32.0716,32.0716,32.0716,32.0716,1641531600000000000,12
PWSC,344342,14.14,14.04,14.6433,13.61,1641531600000000000,4203
PWV,47449,49.815,50.14,50.23,49.815,1641531600000000000,400
PWZ,100626,27.73,27.7594,27.7728,27.73,1641531600000000000,312
PX,65319,13.06,13.1,13.2,12.91,1641531600000000000,891
PXD,3224033,199.36,199.07,200,196.95,1641531600000000000,48089
PXE,207640,21.48,21.45,21.5417,21.17,1641531600000000000,717
PXF,73274,48.23,48.54,48.59,48.18,1641531600000000000,271
PXH,215318,22.01,22.19,22.19,22.01,1641531600000000000,857
PXI,60263,33.61,33.27,33.61,33,1641531600000000000,295
PXJ,107401,3.56,3.56,3.58,3.54,1641531600000000000,333
PXLW,541741,4.455,4.11,4.455,4.08,1641531600000000000,3553
PXQ,1073,93.98,93.663,93.98,93.59,1641531600000000000,24
PXS,110829,0.51,0.5199,0.52,0.4852,1641531600000000000,299
PXSAP,2444,14.7,15,15.1,14.7,1641531600000000000,19
PXUS,2,25.0923,25.0923,25.0923,25.0923,1641531600000000000,1
PY,793,44.92,44.88,44.9698,44.88,1641531600000000000,21
PYCR,517483,25.68,25.84,26.82,25.1,1641531600000000000,6572
PYN,3317,9.3,9.4,9.43,9.3,1641531600000000000,49
PYPD,19192,5.99,6.22,6.22,5.82,1641531600000000000,76
PYPE,58,19.4164,19.4164,19.4164,19.4164,1641531600000000000,3
PYPL,12449496,190.02,187.6,193.125,186.3,1641531600000000000,164408
PYR,159016,2.77,2.76,2.77,2.687,1641531600000000000,1218
PYS,2745,23.84,24,24.35,23.84,1641531600000000000,12
PYXS,60582,9.63,10.1,10.1,9.48,1641531600000000000,1706
PYZ,8058,94,93.98,94.4743,93.29,1641531600000000000,114
PZA,530959,26.92,26.9,26.95,26.89,1641531600000000000,1095
PZC,11732,11,10.98,11.03,10.98,1641531600000000000,33
PZG,82486,0.6606,0.6701,0.7299,0.6605,1641531600000000000,342
PZN,22444,9.48,9.58,9.72,9.48,1641531600000000000,519
PZT,37239,25.87,25.87,25.935,25.87,1641531600000000000,166
PZZA,525175,130.17,127.67,132.91,127.29,1641531600000000000,10898
QABA,25677,62.42,62.9265,63.0882,62.3164,1641531600000000000,181
QAI,49151,31.65,31.55,31.65,31.52,1641531600000000000,300
QARP,632,43.13,43.0076,43.13,42.9887,1641531600000000000,16
QCLN,343516,64.49,63.59,65.7487,63.2,1641531600000000000,3213
QCLR,104,24.8219,24.8614,24.8614,24.8219,1641531600000000000,5
QCOM,7328679,186.6,180.41,188.3582,180.12,1641531600000000000,110112
QCON,6385,47.06,47.1243,47.23,47.06,1641531600000000000,10
QCRH,67366,59.27,59.2,59.27,58.46,1641531600000000000,1477
QD,543812,1.06,1.02,1.07,1.015,1641531600000000000,1610
QDEC,69961,23,22.92,23.05,22.82,1641531600000000000,293
QDEF,10000,57.8818,57.9569,58.1,57.8818,1641531600000000000,96
QDEL,1161869,130.16,124.1,130.25,122.74,1641531600000000000,20914
QDF,31596,60.61,60.59,60.81,60.485,1641531600000000000,199
QDIV,7195,34.0479,34.1381,34.25,34.0479,1641531600000000000,100
QDPL,882,36.03,36.01,36.03,35.9,1641531600000000000,13
QDYN,647,65.33,65.0349,65.385,65.0349,1641531600000000000,14
QED,9356,23.07,22.99,23.08,22.99,1641531600000000000,41
QEFA,52151,76.23,76.62,76.67,76.1595,1641531600000000000,326
QEMM,63056,67.43,67.44,67.44,67.1,1641531600000000000,76
QFIN,1610427,21.3,20.16,21.98,20.07,1641531600000000000,17699
QFTA,1208,9.885,9.88,9.885,9.88,1641531600000000000,17
QFTA.U,100,10.3,10.3,10.3,10.3,1641531600000000000,1
QFTA.WS,29130,0.45,0.45,0.450101,0.45,1641531600000000000,38
QGEN,519005,50.99,50.42,51.08,50.31,1641531600000000000,8092
QGRO,30367,73.38,72.09,73.38,72.09,1641531600000000000,112
QH,210526,1.17,1.09,1.17,1.0405,1641531600000000000,260
QID,18211193,16.7,17.07,17.22,16.55,1641531600000000000,33139
QINT,8895,50.6,50.8773,50.91,50.6,1641531600000000000,74
QIPT,51209,5.67,5.89,6,5.67,1641531600000000000,278
QIWI,107869,8.02,8.05,8.13,8,1641531600000000000,1150
QJUN,6065,21.0667,21.0503,21.0667,21.01,1641531600000000000,28
QK,139434,0.49,0.5264,0.56,0.49,1641531600000000000,297
QLC,3977,51.52,51.3732,51.53,51.3732,1641531600000000000,42
QLD,7428224,82.89,81.1,83.65,80.33,1641531600000000000,95657
QLGN,444580,1.05,1.04,1.07,1.0201,1641531600000000000,1106
QLI,16237,2.28,2.55,2.68,2.28,1641531600000000000,119
QLS,3581,27.62,27.627,27.64,27.5999,1641531600000000000,20
QLTA,64961,55.18,55.08,55.22,55,1641531600000000000,457
QLV,1040,54.8,54.9032,54.99,54.78,1641531600000000000,18
QLVD,4,27.7831,27.7831,27.7831,27.7831,1641531600000000000,2
QLVE,0,26.3915,26.3915,26.3915,26.3915,1641531600000000000,0
QLYS,251930,127.14,125.66,130,125,1641531600000000000,5981
QMAR,3735,22.58,22.52,22.58,22.51,1641531600000000000,25
QMCO,362813,5.435,5.43,5.45,5.23,1641531600000000000,2733
QMN,4,26.825,26.825,26.825,26.825,1641531600000000000,2
QMOM,2902,49.1485,48.98,49.38,48.8841,1641531600000000000,57
QNRX,50501869,1.93,2.08,2.35,1.89,1641531600000000000,119014
QNST,256100,17.67,17.13,17.75,17.11,1641531600000000000,4152
QPFF,1339,40.55,40.5855,40.5873,40.55,1641531600000000000,10
QPT,385,25.95,25.8977,25.95,25.8977,1641531600000000000,4
QPX,42334,29.27,29.12,29.34,28.94,1641531600000000000,51
QQC,5893,32.02,31.7793,32.3399,31.71,1641531600000000000,89
QQD,12443,31.16,30.8718,31.23,30.78,1641531600000000000,36
QQEW,47621,113.74,112.83,114.45,112.6234,1641531600000000000,545
QQH,29371,54.09,52.95,54.09,52.7,1641531600000000000,264
QQJG,581,23.79,23.5743,23.79,23.5743,1641531600000000000,17
QQMG,8731,25.69,25.38,25.69,25.29,1641531600000000000,125
QQQ,72509799,384.03,379.86,385.76,378.04,1641531600000000000,715694
QQQA,4998,42.09,41.44,42.09,41.44,1641531600000000000,104
QQQE,41692,82.05,81.26,82.225,81.02,1641531600000000000,522
QQQJ,224761,31.81,31.52,32.07,31.47,1641531600000000000,2282
QQQM,581989,157.855,156.27,158.62,155.5,1641531600000000000,8781
QQQN,5774,31.95,31.5842,32.196,31.5501,1641531600000000000,95
QQQX,148615,29.3,29.16,29.3673,29,1641531600000000000,1158
QQXT,1060,85.81,85.5,85.81,85.5,1641531600000000000,39
QRFT,2237,44.47,44.12,44.77,44.12,1641531600000000000,117
QRHC,35414,6.76,6.3,6.76,6.165,1641531600000000000,292
QRMI,30992,23.12,23.1025,23.1799,23.03,1641531600000000000,261
QRTEA,3869013,8,8.04,8.06,7.82,1641531600000000000,22546
QRTEB,2157,7.9613,7.96,8.0101,7.96,1641531600000000000,19
QRTEP,25786,102.87,103.1,103.13,102.72,1641531600000000000,318
QRVO,925775,158.96,154.69,159.63,154.5,1641531600000000000,17895
QS,5920467,20.93,21.01,21.7699,20.5,1641531600000000000,38774
QSI,998379,6.75,6.45,6.88,6.37,1641531600000000000,7540
QSIAW,5496,1.54,1.5,1.555,1.5,1641531600000000000,35
QSPT,14703,20.62,20.48,20.62,20.4,1641531600000000000,51
QSR,1374299,58.375,58.3,58.78,58.05,1641531600000000000,15278
QSWN,888,24.03,23.7822,24.03,23.771,1641531600000000000,12
QTAP,1976,29.79,29.7553,29.8,29.73,1641531600000000000,9
QTEC,105744,166.42,163.69,167.95,162.72,1641531600000000000,1910
QTJA,4068,24.81,24.5173,24.83,24.49,1641531600000000000,31
QTJL,1391,27.4023,27.4027,27.4027,27.3628,1641531600000000000,4
QTNT,361573,2.17,2.2,2.24,2.13,1641531600000000000,3059
QTOC,100,25.589,25.5447,25.589,25.5447,1641531600000000000,1
QTR,2017,24.5599,24.5248,24.5599,24.5248,1641531600000000000,9
QTRX,325662,36.79,34.23,37.59,34.04,1641531600000000000,4527
QTT,105549,2.52,2.54,2.65,2.48,1641531600000000000,1384
QTUM,17031,54.78,54.01,55.0581,53.86,1641531600000000000,422
QTWO,341186,75.28,75.66,76.655,74.98,1641531600000000000,5475
QUAD,110488,4.1,4.24,4.24,4.07,1641531600000000000,867
QUAL,1075313,141.76,140.31,141.76,140.01,1641531600000000000,13073
QUBT,321425,3.08,3,3.2,2.91,1641531600000000000,1537
QUIK,36935,4.85,5.02,5.09,4.85,1641531600000000000,301
QULL,79200,36.38,35.78,36.38,35.69,1641531600000000000,753
QUMU,76879,2.07,1.98,2.07,1.96,1641531600000000000,252
QUOT,913543,7.48,7.35,7.51,7.33,1641531600000000000,7599
QURE,361372,19.65,19.5,20.51,19.45,1641531600000000000,4364
QUS,271569,128.85,128.03,128.85,127.85,1641531600000000000,304
QVAL,24861,37.01,36.44,37.01,36.44,1641531600000000000,177
QVCC,26707,25.67,25.72,25.765,25.55,1641531600000000000,149
QVCD,8850,25.4,25.405,25.42,25.335,1641531600000000000,62
QVML,151,27.63,27.571,27.63,27.571,1641531600000000000,5
QVMM,1,25.8999,25.8999,25.8999,25.8999,1641531600000000000,1
QVMS,111,25.9,25.7068,25.9,25.7068,1641531600000000000,3
QWLD,869,109,108.9818,109.14,108.9818,1641531600000000000,16
QYLD,7662670,21.935,21.81,21.995,21.71,1641531600000000000,42345
QYLG,45972,31.23,30.95,31.3,30.84,1641531600000000000,1320
R,513039,79.23,78.07,80.32,77.84,1641531600000000000,8887
RA,153167,21.38,21.47,21.53,21.35,1641531600000000000,1451
RAAS,721814,2.55,2.47,2.61,2.43,1641531600000000000,3258
RAAX,19534,24.815,24.84,24.87,24.66,1641531600000000000,95
RACB,22144,9.76,9.82,9.82,9.76,1641531600000000000,21
RACE,276553,257.52,257.02,258.6,254.12,1641531600000000000,4849
RAD,3046637,13.01,13.03,13.23,12.46,1641531600000000000,23150
RADA,440522,9.3,9.34,9.38,9.026,1641531600000000000,3609
RADI,586707,15.28,15.61,15.815,15.05,1641531600000000000,6572
RAFE,6927,33.45,33.5288,33.6199,33.44,1641531600000000000,38
RAIL,55495,4.04,4.01,4.08,3.9056,1641531600000000000,572
RAIN,583734,12.31,12.01,12.77,11.76,1641531600000000000,2416
RALS,5965,31.895,31.895,31.895,31.895,1641531600000000000,2
RAM,59282,9.98,10,10,9.98,1641531600000000000,203
RAMMU,3587,10.35,10.39,10.39,10.35,1641531600000000000,17
RAMMW,38243,0.73,0.72,0.78,0.7014,1641531600000000000,85
RAMP,200145,46.3,45.84,47.72,45.8,1641531600000000000,3958
RAND,696,17.1377,17.1377,17.1377,17.1377,1641531600000000000,16
RANI,51124,16.76,16.61,17.8292,15.49,1641531600000000000,940
RAPT,233837,38.82,39.08,40.74,38.82,1641531600000000000,4346
RARE,636838,79.85,73.79,79.85,73.66,1641531600000000000,12051
RAVE,73238,1.03,1.03,1.05,1.02,1641531600000000000,245
RAVI,39952,75.51,75.54,75.54,75.51,1641531600000000000,63
RAYC,2012,24.5,24.6527,24.6527,24.5,1641531600000000000,26
RAYD,3,24.5921,24.5921,24.5921,24.5921,1641531600000000000,1
RAYE,3,25.305,25.305,25.305,25.305,1641531600000000000,1
RAYS,2640,21.06,20.9878,21.14,20.82,1641531600000000000,47
RBA,630375,60.39,59.79,60.92,58.77,1641531600000000000,8213
RBAC,342081,9.9,9.9,9.94,9.9,1641531600000000000,410
RBAC.U,13611,10.28,10.3,10.3,10.2601,1641531600000000000,85
RBAC.WS,69975,1.24,1.11,1.24,1.06,1641531600000000000,132
RBB,17399,26.7,27,27.22,26.445,1641531600000000000,520
RBBN,265500,6.09,6.11,6.22,6.075,1641531600000000000,2210
RBCAA,9656,52.39,52.39,52.63,52.18,1641531600000000000,517
RBCN,1119,9.29,9.07,9.29,9.07,1641531600000000000,23
RBIN,0,27.1665,27.1665,27.1665,27.1665,1641531600000000000,0
RBLX,24997605,86.38,84.37,88.69,82.58,1641531600000000000,238582
RBND,434,24.196,24.2127,24.2127,24.196,1641531600000000000,6
RBOT,641628,9.49,9.48,9.7871,8.78,1641531600000000000,5074
RBOT.WS,214364,1.6,1.68,1.6993,1.4499,1641531600000000000,1102
RBUS,1,40.1764,40.1764,40.1764,40.1764,1641531600000000000,1
RC,459346,16.11,16.02,16.23,16.01,1641531600000000000,3366
RCpC,833,25.1999,25.2,25.2,25.19,1641531600000000000,8
RCpE,14197,24.87,24.83,24.87,24.7,1641531600000000000,69
RCA,549,27.15,27.03,27.15,27.03,1641531600000000000,26
RCACU,40692,9.95,9.94,9.958,9.94,1641531600000000000,140
RCAT,880028,2.04,2.05,2.13,2,1641531600000000000,1828
RCB,450,25.9527,25.9527,25.9527,25.9527,1641531600000000000,16
RCC,1597,25.71,25.83,25.86,25.71,1641531600000000000,50
RCD,16061,155.23,153.07,155.2739,152.94,1641531600000000000,333
RCEL,117906,11.3,11.3,11.5,11.17,1641531600000000000,1641
RCFA,57779,9.88,9.88,9.89,9.87,1641531600000000000,130
RCFA.U,20000,10.12,10.12,10.12,10.12,1641531600000000000,3
RCFA.WS,267300,0.5351,0.52,0.54,0.52,1641531600000000000,11
RCG,9200,2.52,2.53,2.531,2.5,1641531600000000000,49
RCHGU,1000,10.1,10.1,10.1,10.1,1641531600000000000,10
RCHGW,33277,0.48,0.49,0.5099,0.48,1641531600000000000,52
RCI,208827,47.92,48.74,48.78,47.91,1641531600000000000,3002
RCII,645287,47.29,46.66,48.38,46.59,1641531600000000000,8235
RCKT,322458,21.03,20.54,21.66,20.39,1641531600000000000,4705
RCKY,112222,44.4,45.89,46.09,44.4,1641531600000000000,1765
RCL,5104851,78.79,81.02,82.5,78.4,1641531600000000000,56344
RCLF,61299,9.81,9.81,9.85,9.81,1641531600000000000,178
RCLFU,38608,10.0229,10.02,10.03,10.02,1641531600000000000,84
RCLFW,22171,0.67,0.6576,0.7,0.6551,1641531600000000000,127
RCM,1151872,23.15,23.35,23.48,22.61,1641531600000000000,9829
RCMT,47010,7.07,6.99,7.2506,6.86,1641531600000000000,533
RCON,114120,1.24,1.27,1.2984,1.24,1641531600000000000,619
RCOR,8475,8.21,7.89,8.25,7.775,1641531600000000000,304
RCRT,100986,2.46,2.45,2.49,2.3598,1641531600000000000,443
RCS,84691,6.87,6.84,6.92,6.73,1641531600000000000,335
RCUS,679572,38.16,37.36,39.685,36.79,1641531600000000000,8915
RDBX,191417,6.56,6.44,6.5987,6.22,1641531600000000000,1768
RDBXW,69365,0.8,0.8352,0.8454,0.7156,1641531600000000000,181
RDCM,24476,12.262,12.72,12.96,11.88,1641531600000000000,156
RDFI,6154,28.44,28.4022,28.44,28.37,1641531600000000000,25
RDFN,1452434,34.52,33.14,35.79,33.04,1641531600000000000,18505
RDHL,438470,2.45,2.55,2.65,2.45,1641531600000000000,2492
RDI,21715,4.26,4.3,4.34,4.23,1641531600000000000,360
RDIB,1115,21.5,21.5,21.5,21.3,1641531600000000000,30
RDIV,48397,42.87,43.45,43.5488,42.8339,1641531600000000000,527
RDN,1633140,22.11,22.56,22.57,22.01,1641531600000000000,13700
RDNT,201562,27.9,26.66,28.01,26.64,1641531600000000000,3284
RDOG,519,52.8521,52.6382,52.88,52.6382,1641531600000000000,32
RDS.A,4608062,46.82,47.27,47.32,46.49,1641531600000000000,35919
RDS.B,2259339,46.85,47.32,47.39,46.54,1641531600000000000,17449
RDUS,1624853,6.38,6.64,6.975,6.26,1641531600000000000,12662
RDVT,28489,34.22,33.16,35.2956,32.77,1641531600000000000,1037
RDVY,2189502,52.1,51.88,52.21,51.62,1641531600000000000,5724
RDW,403527,6.05,6.32,6.49,5.98,1641531600000000000,3014
RDW.WS,20321,1.74,1.76,1.76,1.7,1641531600000000000,87
RDWR,216264,36.78,36.03,37.04,36.02,1641531600000000000,3685
RDY,129714,63.09,63.62,63.92,63.09,1641531600000000000,1054
RE,160895,275.56,279.17,280.16,274.33,1641531600000000000,6071
REAL,2417516,11.78,11.86,12.25,11.465,1641531600000000000,21426
REAX,203978,3.05,3.1,3.19,3,1641531600000000000,846
REC,0,24.2993,24.2993,24.2993,24.2993,1641531600000000000,0
RECS,1353,26.51,26.5003,26.55,26.5003,1641531600000000000,13
REDU,259767,0.5035,0.5185,0.52,0.501,1641531600000000000,283
REE,891007,5.93,5.63,6.04,5.5101,1641531600000000000,5498
REEAW,14961,1.2,1.15,1.2,1.13,1641531600000000000,55
REED,161188,0.3618,0.3587,0.3639,0.3505,1641531600000000000,612
REET,284757,29.88,29.72,29.89,29.68,1641531600000000000,3051
REFI,23448,17.27,17.33,17.5,17.27,1641531600000000000,397
REFR,14226,1.81,1.79,1.8599,1.77,1641531600000000000,79
REG,1114099,76.26,75.74,76.56,75.6,1641531600000000000,14386
REGI,722423,46.36,45.8,47.05,44.49,1641531600000000000,10071
REGL,68496,73.79,73.85,73.9691,73.41,1641531600000000000,552
REGN,583540,598.44,603.73,607.01,592.86,1641531600000000000,19697
REI,1975046,2.77,2.78,2.78,2.69,1641531600000000000,7880
REIT,22593,31.71,30.09,31.71,30.02,1641531600000000000,181
REK,3564,8.289,8.2994,8.3,8.26,1641531600000000000,29
REKR,219475,6.045,6,6.27,5.92,1641531600000000000,2536
RELI,4031481,6.79,6.1,7.39,5.68,1641531600000000000,18084
RELIW,222516,1.65,1.46,2.0599,1.36,1641531600000000000,514
RELL,551389,14.36,15.04,15.3,14.15,1641531600000000000,5302
RELX,3842766,30.2,30.1,30.275,30.01,1641531600000000000,19220
RELY,365244,16.15,15.92,16.6461,15.88,1641531600000000000,4596
REM,529106,34.96,34.97,35.12,34.82,1641531600000000000,2950
REMX,252794,110.47,109.77,111,108.28,1641531600000000000,3904
RENN,147417,17.92,18.29,18.38,17.22,1641531600000000000,1531
RENO,54967,0.74,0.7201,0.74,0.7016,1641531600000000000,249
RENT,1199958,7.46,6.62,7.5,6.555,1641531600000000000,10133
REPH,123422,1.66,1.61,1.6901,1.55,1641531600000000000,757
REPL,126310,27.72,25.98,28.3,25.9,1641531600000000000,2447
REPX,10946,23.61,22.84,24.31,22.26,1641531600000000000,362
RERE,322393,6.08,6,6.1,5.72,1641531600000000000,1606
RES,650352,5.71,5.72,5.885,5.68,1641531600000000000,5235
RESD,160,31.15,31.2388,31.2388,31.15,1641531600000000000,1
RESE,1361,35.18,35.17,35.18,35.125,1641531600000000000,16
RESN,535864,1.66,1.7,1.71,1.64,1641531600000000000,2758
RESP,1835,50.54,50.377,50.66,50.377,1641531600000000000,27
RETA,356345,28.85,28.71,29.9099,28.38,1641531600000000000,6167
RETL,209979,33.86,32.67,34.82,32.27,1641531600000000000,2195
RETO,280180,1.34,1.39,1.4,1.29,1641531600000000000,933
REV,91653,10.95,10.98,11.11,10.75,1641531600000000000,1224
REVE,10133,10.01,10.01,10.01,10.01,1641531600000000000,5
REVEW,3000,0.485,0.48,0.485,0.48,1641531600000000000,5
REVG,178242,14.6,14.52,14.725,14.4,1641531600000000000,2560
REVH,3833,9.7618,9.77,9.77,9.7502,1641531600000000000,32
REVHW,540,0.7043,0.7349,0.73495,0.7043,1641531600000000000,5
REVS,18376,21.5,21.57,21.6299,21.46,1641531600000000000,189
REW,68468,7.26,7.44,7.53,7.26,1641531600000000000,187
REX,34409,99.42,99.02,101.81,95.51,1641531600000000000,1037
REXR,927416,76.83,75.32,77.04,75.05,1641531600000000000,13281
REXRpC,2500,26.04,25.9147,26.04,25.87,1641531600000000000,10
REYN,253832,31.62,32.06,32.15,31.595,1641531600000000000,3946
REZ,199428,96.49,95.22,96.49,95.13,1641531600000000000,1341
REZI,269279,25.36,24.85,25.92,24.84,1641531600000000000,3449
RF,11454212,24.61,25.12,25.27,24.44,1641531600000000000,61145
RFpB,31720,28.32,28.57,28.78,28.29,1641531600000000000,330
RFpC,27254,28.11,28.3,28.3,28.1,1641531600000000000,286
RFpE,72441,24.9,24.905,24.99,24.75,1641531600000000000,339
RFCI,664,24.5201,24.5476,24.62,24.5201,1641531600000000000,3
RFDA,915,47.94,48.1588,48.28,47.94,1641531600000000000,7
RFDI,1579,71.679,71.96,71.96,71.679,1641531600000000000,26
RFEM,4739,67.45,67.8455,67.85,67.35,1641531600000000000,20
RFEU,232,76.9967,77.115,77.115,76.8201,1641531600000000000,3
RFFC,1009,47.54,47.5241,47.63,47.51,1641531600000000000,13
RFG,1286,221.46,220.1826,221.46,220.1826,1641531600000000000,62
RFI,51270,16.93,17.22,17.48,16.8727,1641531600000000000,314
RFIL,23663,7.71,7.45,7.895,7.45,1641531600000000000,207
RFL,161214,4.7,4.7,4.92,4.65,1641531600000000000,1593
RFM,26730,22.11,22.31,22.4,22.11,1641531600000000000,115
RFMZ,46136,19.6,19.53,19.6,19.49,1641531600000000000,255
RFP,352029,14.99,15.13,15.29,14.82,1641531600000000000,3478
RFV,38668,98.56,98.61,99.1249,97.86,1641531600000000000,327
RGA,473878,113.47,115.92,115.95,113,1641531600000000000,9838
RGC,19098,35.41,32.17,38.5,31.61,1641531600000000000,603
RGCO,1620,22.6931,22.76,23.02,22.63,1641531600000000000,218
RGEN,598610,214.89,206.79,217.98,204.1,1641531600000000000,13505
RGF,157516,7.49,6.82,7.51,6.7,1641531600000000000,1241
RGI,18867,197.65,196.77,197.95,196.68,1641531600000000000,295
RGLD,534413,98.5,99.29,99.82,97.57,1641531600000000000,9234
RGLS,1536277,0.3121,0.3,0.323599,0.2938,1641531600000000000,2001
RGNX,266765,28.945,29.17,30.115,28.945,1641531600000000000,4285
RGP,924985,19,18.99,19.4,18.7101,1641531600000000000,7957
RGR,90382,68.79,68.02,69.44,67.84,1641531600000000000,2287
RGS,1627097,1.65,1.61,1.6899,1.56,1641531600000000000,5571
RGT,5999,13.02,12.96,13.0383,12.8394,1641531600000000000,47
RH,635131,512.23,494.8,520.6499,490.3785,1641531600000000000,19180
RHE,53006,4.458,4.03,4.58,4.03,1641531600000000000,670
RHEpA,2272,4.285,4.2999,4.2999,4.25,1641531600000000000,7
RHI,1497100,111.84,110,111.9,107.925,1641531600000000000,16675
RHP,418784,90.83,91.91,93.86,90.83,1641531600000000000,6586
RHRX,4210,14.32,14.3099,14.33,14.25,1641531600000000000,10
RHS,11109,171.9,173.17,173.5516,171.9,1641531600000000000,203
RHTX,3669,15.5006,15.5527,15.59,15.5006,1641531600000000000,8
RIBT,835740,0.3465,0.3189,0.3479,0.3004,1641531600000000000,1449
RICK,81807,91.79,91.04,94.33,90.02,1641531600000000000,2551
RICO,194939,10.04,10.06,10.06,10.035,1641531600000000000,65
RICOW,100,0.4489,0.4489,0.4489,0.4489,1641531600000000000,1
RIDE,3990701,3.25,3.29,3.39,3.195,1641531600000000000,18967
RIET,15411,15.65,15.6373,15.7,15.605,1641531600000000000,138
RIG,7902305,3.3,3.31,3.32,3.24,1641531600000000000,14315
RIGL,1423068,2.62,2.52,2.67,2.52,1641531600000000000,6809
RIGS,51756,24.55,24.4502,24.55,24.4418,1641531600000000000,81
RIGZ,10898,26.43,25.93,26.5,25.69,1641531600000000000,291
RILY,181566,85.44,84.77,86.97,84.5,1641531600000000000,4457
RILYG,29633,24.98,24.96,25,24.96,1641531600000000000,155
RILYK,6325,25.42,25.5,25.54,25.42,1641531600000000000,37
RILYL,1169,27.3791,27.3999,27.4275,27.31,1641531600000000000,11
RILYM,22859,25.95,25.97,26.07,25.95,1641531600000000000,113
RILYN,3767,26.33,26.37,26.37,26.32,1641531600000000000,46
RILYO,14144,25.931,25.94,25.95,25.86,1641531600000000000,48
RILYP,10522,26.96,26.88,27.01,26.8748,1641531600000000000,67
RILYT,13845,25.615,25.62,25.65,25.6,1641531600000000000,52
RILYZ,28373,25,25,25.01,24.9898,1641531600000000000,230
RINF,7555,29.86,30.065,30.065,29.86,1641531600000000000,64
RING,87989,25.28,25.38,25.48,25.1,1641531600000000000,539
RIO,5363756,71.19,72.24,72.33,71.1399,1641531600000000000,41970
RIOT,11922033,19.985,20.36,21.0564,19.45,1641531600000000000,73150
RISN,2457,28.03,27.1487,28.03,27.14,1641531600000000000,37
RISR,3349,25.92,26.005,26.1,25.92,1641531600000000000,33
RITA,142,25.0823,25.0823,25.0823,25.0823,1641531600000000000,11
RIV,164885,16.65,16.62,16.65,16.525,1641531600000000000,1023
RIVN,17497425,87.02,86.28,89.2699,81.6214,1641531600000000000,189725
RJA,104256,8.68,8.72,8.73,8.65,1641531600000000000,208
RJAC.U,18622,9.99,9.99,9.99,9.99,1641531600000000000,12
RJF,1308422,106.74,109.07,109.1896,106.52,1641531600000000000,18012
RJI,11460,7.045,7.06,7.07,7.03,1641531600000000000,49
RJN,17719,2.765,2.765,2.78,2.76,1641531600000000000,19
RJZ,476,11.3,11.44,11.44,11.3,1641531600000000000,10
RKDA,2936045,1.04,1.14,1.22,1.0201,1641531600000000000,4643
RKLB,2108621,10.6776,10.86,11.08,10.56,1641531600000000000,15447
RKLBW,158217,2.88,3.09,3.15,2.88,1641531600000000000,535
RKLY,840249,4.16,4.01,4.27,3.92,1641531600000000000,3502
RKLY.WS,6818,1.05,1.02,1.0634,1.02,1641531600000000000,26
RKT,4207295,14.34,14.16,14.415,13.99,1641531600000000000,26845
RKTA,38114,9.76,9.79,9.79,9.76,1641531600000000000,12
RKTA.WS,1015,0.72,0.71,0.72,0.7,1641531600000000000,13
RL,680492,119.3,118.06,120.78,117.78,1641531600000000000,12455
RLAY,767284,27.66,26.8,28.29,26.755,1641531600000000000,7301
RLGT,121588,6.95,6.94,7,6.85,1641531600000000000,1648
RLGY,844217,16.28,16.17,16.51,16.0701,1641531600000000000,8701
RLI,114550,112.58,112.59,112.9,111.8477,1641531600000000000,2346
RLJ,1591643,14.23,14.48,14.77,14.21,1641531600000000000,12442
RLJpA,8088,28.06,28.15,28.32,28.0001,1641531600000000000,109
RLMD,243261,21.3,20.91,21.6,20.78,1641531600000000000,3291
RLX,6659830,3.58,3.67,3.77,3.51,1641531600000000000,17123
RLY,44998,27.34,27.49,27.5,27.3,1641531600000000000,176
RLYB,31979,8.96,9.91,10,8.8101,1641531600000000000,783
RM,21709,56.59,55.88,57.35,55.75,1641531600000000000,1000
RMAX,57351,29.44,29.91,30.05,29.44,1641531600000000000,1302
RMBI,1265,16.25,16.32,16.32,16.25,1641531600000000000,51
RMBL,66536,42.58,40.33,43.6857,40.13,1641531600000000000,1455
RMBS,687824,28.13,27.54,28.28,27.35,1641531600000000000,6766
RMCF,28272,7.75,7.9344,7.96,7.5763,1641531600000000000,243
RMD,533291,240.27,237.23,242.125,236.81,1641531600000000000,11099
RMED,186375,1.52,1.51,1.58,1.49,1641531600000000000,459
RMGC,93757,9.76,9.8,9.8,9.76,1641531600000000000,76
RMGCU,850,9.922,9.96,9.96,9.922,1641531600000000000,8
RMI,4873,22.06,22.1,22.205,22.02,1641531600000000000,35
RMM,16237,20.07,20,20.07,19.97,1641531600000000000,59
RMNI,495849,5.35,5.46,5.605,5.251,1641531600000000000,4410
RMO,3211032,3.33,3.23,3.43,3.23,1641531600000000000,17003
RMR,75377,35.37,35.36,35.645,35.13,1641531600000000000,1322
RMT,98546,11.38,11.17,11.45,11.16,1641531600000000000,925
RMTI,378565,0.3987,0.409299,0.43,0.3889,1641531600000000000,919
RNA,183075,20.172,19.17,21.5099,19.13,1641531600000000000,3145
RNAZ,61293,2.62,2.43,2.62,2.4101,1641531600000000000,244
RNDB,233,24.05,24.05,24.05,24.05,1641531600000000000,12
RNDM,3067,55.065,55.116,55.1305,54.78,1641531600000000000,18
RNDV,2504,31.4299,31.3959,31.59,31.3959,1641531600000000000,16
RNEM,294,48.705,48.7216,48.725,48.705,1641531600000000000,4
RNER,546384,9.9,9.92,9.93,9.88,1641531600000000000,196
RNERU,164299,10.2,10.2,10.21,10.2,1641531600000000000,209
RNERW,337455,0.3,0.29,0.31,0.29,1641531600000000000,177
RNG,662915,172.15,172.35,179.41,171.53,1641531600000000000,16240
RNGR,13013,10.21,10.38,10.46,10.14,1641531600000000000,128
RNLC,6084,34.9982,34.804,34.9982,34.804,1641531600000000000,19
RNLX,73877,14.95,14.96,15.57,14.8,1641531600000000000,803
RNMC,6122,30.42,30.3234,30.438,30.27,1641531600000000000,15
RNP,73995,28.69,28.61,29,28.6,1641531600000000000,632
RNR,244445,164.79,166.19,166.62,163.99,1641531600000000000,5308
RNRpF,14936,26.28,26.36,26.37,26.14,1641531600000000000,165
RNRpG,24511,24.56,24.57,24.59,24.48,1641531600000000000,276
RNRG,121576,14.82,14.8,14.9,14.71,1641531600000000000,454
RNSC,10474,30.0245,29.91,30.079,29.83,1641531600000000000,112
RNST,172816,40.14,40.35,40.66,39.2,1641531600000000000,2608
RNW,642713,7.34,6.99,7.34,6.97,1641531600000000000,5280
RNWK,34176,0.92,0.9483,0.954699,0.917,1641531600000000000,174
RNWWW,6398,1.3901,1.37,1.43,1.3541,1641531600000000000,26
RNXT,170920,3.99,4.03,4.21,3.95,1641531600000000000,587
ROAD,183850,28.81,28.58,28.9099,28.24,1641531600000000000,2877
ROAM,22,24.1122,24.1122,24.1122,24.1122,1641531600000000000,3
ROBO,196834,67.7,66.99,67.95,66.681,1641531600000000000,2636
ROBT,31906,52.99,52.43,53.4,52.21,1641531600000000000,416
ROC,5828,9.88,9.85,9.9,9.85,1641531600000000000,8
ROCAR,49850,0.31,0.3005,0.31,0.3005,1641531600000000000,11
ROCAU,3318,10.17,10.16,10.17,10.16,1641531600000000000,6
ROCC,314258,31.31,29.3,31.49,29.13,1641531600000000000,4516
ROCG,2064,9.8601,9.95,9.99,9.8601,1641531600000000000,20
ROCK,118904,65.06,63.58,65.8,63.25,1641531600000000000,3003
ROCL,23702,9.79,9.8,9.81,9.75,1641531600000000000,51
ROCLU,1286,10.13,10.14,10.14,10.13,1641531600000000000,12
ROCLW,8718,1.68,0.52,1.68,0.52,1641531600000000000,67
ROCRU,100,10.1389,10.1389,10.1389,10.1389,1641531600000000000,1
ROCRW,280,1.19,1.19,1.19,1.19,1641531600000000000,6
RODE,4,28.786,28.786,28.786,28.786,1641531600000000000,2
RODI,0,128.455,128.455,128.455,128.455,1641531600000000000,0
RODM,119891,29.98,30.16,30.19,29.98,1641531600000000000,510
ROG,295350,273.55,273.96,274.17,272,1641531600000000000,4123
ROIC,802249,19.54,19.55,19.69,19.455,1641531600000000000,8312
ROIV,228075,8.53,8.55,8.87,8.49,1641531600000000000,2653
ROIVW,85200,1.66,1.7501,1.76,1.6411,1641531600000000000,404
ROK,613410,336.11,327.88,336.11,327.64,1641531600000000000,16558
ROKT,6626,40.47,40.1639,40.47,40.1096,1641531600000000000,68
ROKU,9044690,189.46,180.41,189.46,178.61,1641531600000000000,144088
ROL,2407592,33.6,33.69,33.89,33.5,1641531600000000000,20088
ROLL,61119,211.45,205.75,213.01,205.75,1641531600000000000,2262
ROLLP,984,107.3195,106.66,107.3195,106.66,1641531600000000000,28
ROM,93488,116.13,113.62,117.356,111.91,1641531600000000000,1256
ROMO,1594,29.83,29.6579,29.83,29.54,1641531600000000000,21
RONI,1664,9.99,9.99,9.99,9.99,1641531600000000000,9
RONI.U,4366,10.4,10.33,10.4,10.32,1641531600000000000,11
RONI.WS,415,1.42,1.42,1.42,1.42,1641531600000000000,2
ROOF,3606,26.88,27.0218,27.15,26.88,1641531600000000000,52
ROOT,1916376,2.8405,2.86,3,2.84,1641531600000000000,7622
ROP,375236,469.18,461.43,473.22,460.98,1641531600000000000,10892
RORO,4751,22.68,22.2289,22.68,22.22,1641531600000000000,40
ROSC,325,40.445,40.1904,40.445,40.1904,1641531600000000000,14
ROSE,203,9.93,9.93,9.93,9.93,1641531600000000000,9
ROSEW,31016,0.46,0.45,0.46,0.45,1641531600000000000,37
ROSS,2965,9.71,9.74,9.74,9.71,1641531600000000000,11
ROST,2964234,108.665,104.99,108.665,104.9,1641531600000000000,40880
ROUS,29579,43.38,43.26,43.48,43.26,1641531600000000000,141
ROVR,732361,8.87,8.27,9.13,8.25,1641531600000000000,6316
ROVRW,137774,2.25,2.1,2.29,2.1,1641531600000000000,666
RPAR,125615,24.33,24.35,24.35,24.18,1641531600000000000,668
RPAY,390098,18.5,18.3,18.7641,18.26,1641531600000000000,4463
RPD,826246,104.49,100.7,105.25,99.76,1641531600000000000,15504
RPG,185838,200.94,197.35,201.64,197.16,1641531600000000000,1905
RPHM,16777,8.69,8.65,8.8,8.37,1641531600000000000,367
RPID,40201,9.1,9.14,9.335,9.09,1641531600000000000,1625
RPM,971558,93.92,91.96,93.92,91.295,1641531600000000000,15202
RPRX,2599947,38.86,40.26,40.36,38.71,1641531600000000000,17718
RPT,484025,13.56,13.67,13.78,13.48,1641531600000000000,4320
RPTpD,717,59.45,59.5,59.5,59.45,1641531600000000000,10
RPTX,183986,18.86,16.66,19.24,16.51,1641531600000000000,2464
RPV,721696,83.87,84.79,84.97,83.79,1641531600000000000,4529
RQI,315010,17.39,17.35,17.43,17.21,1641531600000000000,1253
RRAC.U,156364,10.12,10.12,10.12,10.12,1641531600000000000,6
RRAC.WS,3567,0.63,0.6,0.63,0.6,1641531600000000000,20
RRBI,2110,53,53.05,53.06,53,1641531600000000000,151
RRC,3235870,18.79,18.71,19.14,18.4769,1641531600000000000,24029
RRD,717600,11.2,11.21,11.27,11.173,1641531600000000000,3949
RRGB,208145,17.38,17.02,17.45,16.83,1641531600000000000,3455
RRH,23810,25.17,25.44,25.48,25.17,1641531600000000000,76
RRR,536197,50.49,50.42,51.71,50.245,1641531600000000000,7694
RRX,392362,171.91,170.6,172.67,170.41,1641531600000000000,7316
RS,216204,166.85,166.53,167.265,164.19,1641531600000000000,5545
RSF,18745,19.84,19.79,19.85,19.69,1641531600000000000,148
RSG,909884,134.3,133.77,134.59,132.54,1641531600000000000,13345
RSI,1087048,14.98,15.09,15.75,14.86,1641531600000000000,9634
RSKD,858190,6.79,6.82,7.04,6.675,1641531600000000000,9240
RSLS,230520,1.57,1.54,1.63,1.53,1641531600000000000,774
RSP,4051788,162.04,161.77,162.57,161.42,1641531600000000000,38867
RSPE,6670,25.1325,25.1299,25.23,25.1299,1641531600000000000,49
RSPY,0,25.5806,25.5806,25.5806,25.5806,1641531600000000000,0
RSSS,2530,2.26,2.255,2.31,2.255,1641531600000000000,31
RSVR,96849,7.56,7.51,7.77,7.25,1641531600000000000,1243
RSVRW,800,1.35,1.35,1.35,1.31,1641531600000000000,9
RSX,5882663,26.06,25.95,26.15,25.91,1641531600000000000,23236
RSXJ,4699,32.8,32.7943,32.99,32.3001,1641531600000000000,106
RTAI,572,27.27,27.2721,27.2721,27.27,1641531600000000000,11
RTH,5816,191.1358,190.15,191.1358,189.71,1641531600000000000,207
RTLR,178365,12.01,12.1,12.15,11.82,1641531600000000000,1360
RTM,10768,179.61,179.578,180.0288,178.8444,1641531600000000000,301
RTX,4824668,90.26,90.44,91.365,90.09,1641531600000000000,46228
RUBY,373557,9.8,9.52,9.99,9.43,1641531600000000000,4010
RUFF,390,23.76,23.6137,23.76,23.6137,1641531600000000000,5
RULE,117577,24.31,24.3013,24.36,24.3013,1641531600000000000,30
RUN,3758822,31.5,31.72,33.49,31.39,1641531600000000000,37862
RUSHA,217976,60,58,60.885,57.6445,1641531600000000000,3781
RUSHB,6823,57.36,55.59,57.78,55.53,1641531600000000000,133
RUSL,33180,25.72,25.66,25.97,25.52,1641531600000000000,277
RUTH,279841,20.37,19.77,20.5158,19.74,1641531600000000000,4041
RVAC,6629,9.74,9.81,9.81,9.74,1641531600000000000,23
RVACU,300,10,10,10,10,1641531600000000000,3
RVACW,2100,0.56,0.5197,0.56,0.5197,1641531600000000000,11
RVI,96460,6.27,6.3,6.38,6.2201,1641531600000000000,1130
RVLV,1498044,54.64,54.38,56.83,53.55,1641531600000000000,19360
RVMD,308943,24.02,22.94,24.42,22.86,1641531600000000000,3000
RVNC,897207,15.63,16.24,16.59,15.26,1641531600000000000,9250
RVNU,11799,29.15,29.09,29.15,29.0701,1641531600000000000,81
RVP,200306,6.5,6.46,6.6071,6.41,1641531600000000000,1894
RVPH,183599,2.76,2.97,3.05,2.76,1641531600000000000,600
RVPHW,19982,0.3651,0.389,0.389,0.341,1641531600000000000,67
RVSB,13896,7.8,7.8,7.8,7.69,1641531600000000000,237
RVT,210708,19.04,18.88,19.13,18.7603,1641531600000000000,1168
RWAY,136795,13.21,13.33,13.44,13.15,1641531600000000000,804
RWGV,7588,123.61,122.9625,123.61,122.9625,1641531600000000000,22
RWJ,168459,125.04,123.78,125.77,123.66,1641531600000000000,1151
RWK,13761,94.85,93.94,94.9905,93.64,1641531600000000000,154
RWL,48737,80.34,80.73,80.96,80.34,1641531600000000000,509
RWLK,352867,1.23,1.21,1.24,1.2,1641531600000000000,1250
RWM,1616795,21.22,21.46,21.4735,21.05,1641531600000000000,4217
RWO,55250,55.31,55.08,55.41,54.9616,1641531600000000000,891
RWR,41405,119.62,118.8,119.83,118.72,1641531600000000000,702
RWT,1218804,13.12,13.04,13.185,12.94,1641531600000000000,7601
RWVG,1215,61.21,61.4,61.5,61.1,1641531600000000000,36
RWX,62458,34.77,34.79,34.85,34.61,1641531600000000000,484
RXD,4076,13.16,13.141,13.16,13.04,1641531600000000000,26
RXDX,113256,35.33,35.46,35.84,34.14,1641531600000000000,2487
RXI,9161,178.18,175.89,178.44,175.69,1641531600000000000,163
RXL,9784,101.41,100.69,101.41,100.68,1641531600000000000,166
RXRA,3261,9.73,9.73,9.73,9.73,1641531600000000000,30
RXRAW,100,0.69,0.69,0.69,0.69,1641531600000000000,1
RXRX,635927,16.39,15.8,17.15,15.72,1641531600000000000,6489
RXST,29085,9.3185,8.97,9.4904,8.8,1641531600000000000,649
RXT,839462,13.33,13.25,13.47,13.08,1641531600000000000,6717
RY,1517482,110.25,112.13,112.385,110.21,1641531600000000000,18586
RYAAY,496872,112.05,115.99,116.59,111.65,1641531600000000000,7979
RYAM,181322,5.98,6.02,6.1,5.94,1641531600000000000,2222
RYAN,402978,37.71,36.83,37.77,36.495,1641531600000000000,5568
RYB,10453,2.08,2.05,2.16,2.05,1641531600000000000,143
RYE,328403,52.66,53.12,53.1827,52.31,1641531600000000000,1350
RYF,109015,66.8,67.49,67.62,66.7,1641531600000000000,826
RYH,6815,306.22,304.4148,306.22,304.4148,1641531600000000000,273
RYI,63011,26.36,26.3,26.63,26.11,1641531600000000000,1106
RYJ,641,62.42,62.2008,62.42,62.2008,1641531600000000000,7
RYLD,759466,24.27,24.18,24.3499,24.11,1641531600000000000,4971
RYN,515661,38.88,38.88,39.17,38.315,1641531600000000000,6316
RYT,49597,314.02,309.93,315.145,309.82,1641531600000000000,825
RYTM,198470,9.43,9.31,9.61,9.28,1641531600000000000,3035
RYU,5669,111.97,113.18,113.69,111.87,1641531600000000000,114
RZA,29830,25.76,25.75,25.84,25.72,1641531600000000000,262
RZB,27693,28.93,29.05,29.09,28.828,1641531600000000000,257
RZG,650,159.9702,159.9702,159.9702,159.9702,1641531600000000000,26
RZLT,25105,4.77,4.53,4.8794,4.52,1641531600000000000,156
RZV,12673,99.01,98.55,99.28,98.4011,1641531600000000000,154
S,3515741,43.46,44.33,45.44,42.636,1641531600000000000,33853
SA,291459,15.29,15.21,15.39,15.06,1641531600000000000,2475
SAA,4901,32.7792,31.9296,32.805,31.9296,1641531600000000000,67
SABR,5171448,9.4,9.3,9.55,9.24,1641531600000000000,25895
SABRP,349,123.561,123.561,123.561,123.561,1641531600000000000,26
SABS,91263,7.64,7.37,7.8898,7.32,1641531600000000000,785
SABSW,75039,1.8,1.588,1.8,1.588,1641531600000000000,139
SACC,4015,25.2859,25.2859,25.2859,25.2859,1641531600000000000,2
SACH,357947,6.21,6.2,6.3,6.07,1641531600000000000,2007
SACHpA,1804,25.33,25.315,25.33,25.315,1641531600000000000,27
SAEF,4532,24.54,24.4706,24.54,24.4399,1641531600000000000,47
SAFE,164276,72.3,70.63,73.06,70.53,1641531600000000000,3455
SAFM,94261,189.34,188.31,190.025,188.06,1641531600000000000,2595
SAFT,68674,85.97,86.73,87.02,85.5,1641531600000000000,1226
SAGAU,1581,10.04,10.0213,10.04,10.0201,1641531600000000000,12
SAGE,607916,43.01,42.04,45.093,41.9,1641531600000000000,9857
SAH,206214,49.82,49.71,51.439,49.56,1641531600000000000,4856
SAIA,287088,294.13,282.78,297.5725,282.34,1641531600000000000,9118
SAIC,216436,86.25,86.15,87.24,85.9259,1641531600000000000,4227
SAIL,621047,45,44.56,45.93,44.48,1641531600000000000,8236
SAK,1053,25.825,25.844,25.8564,25.825,1641531600000000000,10
SAL,1659,53.23,53.56,53.56,53,1641531600000000000,45
SALM,207503,3.19,3.15,3.25,3.1,1641531600000000000,856
SAM,382319,500,516.88,535,499.3,1641531600000000000,12076
SAMA,23075,9.8,9.8,9.8,9.79,1641531600000000000,98
SAMAU,2300,10.03,10.03,10.03,10.03,1641531600000000000,6
SAMAW,12025,0.49,0.47,0.49,0.47,1641531600000000000,38
SAMG,11660,16.8106,16.9,17.04,16.6877,1641531600000000000,151
SAN,7203141,3.51,3.58,3.58,3.5,1641531600000000000,13642
SANA,511442,13.47,12.72,13.47,12.56,1641531600000000000,5705
SANB,352077,9.95,9.94,9.95,9.93,1641531600000000000,15
SANBU,15343,10.17,10.16,10.17,10.15,1641531600000000000,29
SAND,3448664,5.63,5.64,5.7,5.54,1641531600000000000,7342
SANG,207,16.65,16.65,16.65,16.65,1641531600000000000,11
SANM,276332,41.81,40.79,41.83,40.78,1641531600000000000,4344
SANW,51482,2.56,2.58,2.65,2.51,1641531600000000000,460
SAP,628828,137.07,138.26,138.43,136.62,1641531600000000000,10447
SAR,55902,27.95,28.34,28.8599,27.95,1641531600000000000,602
SARK,908556,40.75,41.19,41.48,39.2,1641531600000000000,7524
SASR,91346,50.8,51,51.275,49.89,1641531600000000000,2007
SATO,4916,19.395,19.421,19.635,19.2247,1641531600000000000,78
SATS,231732,25.85,26.14,26.3428,25.6561,1641531600000000000,3282
SAVA,2639569,50,47.95,51.61,46.18,1641531600000000000,26844
SAVE,4350167,22.98,23.61,23.95,22.92,1641531600000000000,33451
SAVN,502,9.93,9.9168,9.93,9.9168,1641531600000000000,3
SB,803161,3.74,3.72,3.8,3.6625,1641531600000000000,4171
SBpC,1988,25.5,25.3929,25.5,25.3348,1641531600000000000,19
SBpD,5372,25.5,25.3832,25.57,25.35,1641531600000000000,32
SBAC,851754,348.09,347.91,351.885,342.1,1641531600000000000,19234
SBB,722,16.4614,16.5436,16.5436,16.455,1641531600000000000,7
SBBA,11028,24.8,24.8,24.82,24.7012,1641531600000000000,58
SBCF,248316,37.81,38.16,38.37,37.415,1641531600000000000,3548
SBEA,281575,10.2,10.24,10.25,10.15,1641531600000000000,1961
SBEAU,3649,10.65,10.68,10.715,10.65,1641531600000000000,21
SBEAW,137384,1.47,1.48,1.53,1.435,1641531600000000000,286
SBET,301381,2.35,2.28,2.45,2.25,1641531600000000000,1050
SBEV,52912,1.06,1.05,1.09,1.04,1641531600000000000,142
SBEV.WS,500,0.275,0.275,0.275,0.275,1641531600000000000,1
SBFG,4266,19.59,19.58,19.6891,19.495,1641531600000000000,106
SBGI,1496047,26.79,28.85,28.86,26.79,1641531600000000000,11539
SBH,622353,18.44,18.05,18.67,18,1641531600000000000,7664
SBI,5889,9.4299,9.45,9.45,9.4,1641531600000000000,53
SBII,139,9.73,9.73,9.73,9.73,1641531600000000000,4
SBII.U,1000,9.98,9.9801,9.9801,9.98,1641531600000000000,3
SBII.WS,600,0.6605,0.640498,0.6606,0.64,1641531600000000000,5
SBIO,19996,39.86,38.88,40.519,38.88,1641531600000000000,221
SBLK,2826056,22.78,22.57,23.38,22.54,1641531600000000000,12319
SBM,900,9.29,9.285,9.34,9.285,1641531600000000000,3
SBND,0,19.7,19.7,19.7,19.7,1641531600000000000,0
SBNY,1249057,362,365.71,370.8978,356.98,1641531600000000000,24023
SBNYP,32919,25.55,25.62,25.64,25.28,1641531600000000000,235
SBOW,111291,22.91,22.02,22.99,21.8,1641531600000000000,1620
SBR,201371,43.4,47.27,48.36,43.19,1641531600000000000,1705
SBRA,1939416,14.345,14.31,14.49,14.11,1641531600000000000,14312
SBS,2892743,6.35,6.34,6.43,6.27,1641531600000000000,9888
SBSI,165279,44.34,44.3,44.75,43.835,1641531600000000000,1087
SBSW,3042576,12.73,13.09,13.1399,12.72,1641531600000000000,17358
SBT,15686,5.76,5.84,5.85,5.76,1641531600000000000,272
SBTX,117880,5.59,5.5,5.76,5.46,1641531600000000000,1448
SBUG,1,30.6145,30.6145,30.6145,30.6145,1641531600000000000,1
SBUX,11165077,108.215,107.57,109.71,107.475,1641531600000000000,133702
SC,189758,41.75,41.84,41.94,41.7,1641531600000000000,1532
SCAQU,1000,9.87,9.8632,9.87,9.86,1641531600000000000,8
SCAQW,1400,0.61,0.6101,0.62,0.61,1641531600000000000,6
SCC,328,9.17,9.2487,9.2487,9.17,1641531600000000000,5
SCCB,659,25.43,25.3214,25.43,25.3214,1641531600000000000,6
SCCC,9182,25.66,25.65,25.66,25.625,1641531600000000000,40
SCCD,10996,25.24,25.16,25.26,25.14,1641531600000000000,68
SCCO,759394,63.51,64.35,64.44,62.6,1641531600000000000,10519
SCD,42279,14.96,14.96,15,14.8201,1641531600000000000,294
SCDL,139429,39.39,39.43,39.66,39.19,1641531600000000000,1241
SCEpG,21156,24.99,25.14,25.14,24.9,1641531600000000000,100
SCEpH,50571,25.04,25.25,25.455,24.9772,1641531600000000000,277
SCEpJ,42012,25,25.08,25.22,24.94,1641531600000000000,323
SCEpK,21776,25.42,25.45,25.53,25.412,1641531600000000000,210
SCEpL,43208,24.96,24.98,25.01,24.96,1641531600000000000,136
SCHA,823082,100.88,99.74,101.52,99.64,1641531600000000000,5135
SCHB,672252,111.05,110.52,111.4377,110.18,1641531600000000000,17361
SCHC,300574,40.21,40.35,40.45,40.07,1641531600000000000,1146
SCHD,2816543,81.36,81.65,81.84,81.2713,1641531600000000000,28939
SCHE,3391613,29.52,29.63,29.685,29.401,1641531600000000000,6523
SCHF,4504209,38.78,38.95,38.995,38.6448,1641531600000000000,16575
SCHG,565383,156.37,154.73,157.11,154.0714,1641531600000000000,6424
SCHH,857148,50.73,50.54,50.91,50.42,1641531600000000000,7813
SCHI,27876,50.9,50.8523,50.9077,50.77,1641531600000000000,79
SCHJ,39051,50.27,50.2802,50.3052,50.2534,1641531600000000000,173
SCHK,241555,45.75,45.5,45.8699,45.38,1641531600000000000,1545
SCHL,103149,42.29,42.14,42.85,40.95,1641531600000000000,1512
SCHM,292054,79.23,78.71,79.56,78.5123,1641531600000000000,3095
SCHN,545493,46.12,48.76,49.31,46.12,1641531600000000000,9491
SCHO,1006824,50.7,50.7,50.71,50.68,1641531600000000000,2079
SCHP,4252909,61.51,61.49,61.559,61.38,1641531600000000000,11159
SCHQ,64083,49.57,49.27,49.57,49.05,1641531600000000000,420
SCHR,444459,55.49,55.44,55.49,55.355,1641531600000000000,1620
SCHV,421186,73.65,73.8,74.02,73.5912,1641531600000000000,3564
SCHW,7254089,90.55,91.74,92.32,90.1,1641531600000000000,80226
SCHWpD,37345,25.56,25.54,25.6,25.48,1641531600000000000,274
SCHWpJ,86284,25.56,25.79,25.79,25.53,1641531600000000000,678
SCHX,825414,111.88,111.38,112.21,110.98,1641531600000000000,7699
SCHY,115454,25.62,25.83,25.84,25.62,1641531600000000000,502
SCHZ,1134660,53.25,53.11,53.25,53.04,1641531600000000000,4623
SCI,645312,67.09,66.14,67.44,66.02,1641531600000000000,8931
SCJ,12761,74.06,74.1441,74.1441,73.58,1641531600000000000,128
SCKT,25284,4.07,4.07,4.25,4.02,1641531600000000000,263
SCL,55274,122.04,122.94,123.22,121.88,1641531600000000000,2242
SCLE,1629,9.83,9.845,9.845,9.83,1641531600000000000,22
SCLEW,141113,1.02,1.02,1.04,0.97,1641531600000000000,308
SCM,85263,13.3,13.36,13.5,13.16,1641531600000000000,609
SCMAW,3200,0.55,0.5,0.55,0.5,1641531600000000000,7
SCO,1674498,11.67,11.77,11.88,11.61,1641531600000000000,4469
SCOA,1171,9.7766,9.79,9.79,9.76,1641531600000000000,20
SCOAW,23755,0.55,0.5702,0.5776,0.55,1641531600000000000,64
SCOB,4663,9.75,9.75,9.77,9.75,1641531600000000000,47
SCOBW,1900,0.61,0.59,0.6103,0.59,1641531600000000000,6
SCOR,150901,3.48,3.37,3.55,3.36,1641531600000000000,1532
SCPH,18359,4.86,4.85,4.875,4.7,1641531600000000000,226
SCPL,710806,11.83,12,12.055,11.5,1641531600000000000,5609
SCPS,50494,1.51,1.43,1.535,1.4,1641531600000000000,244
SCRD,0,48.3433,48.3433,48.3433,48.3433,1641531600000000000,0
SCRMU,1470692,9.91,9.92,9.95,9.91,1641531600000000000,4830
SCS,1369687,11.91,11.92,12.02,11.765,1641531600000000000,7190
SCSC,84042,35.13,34.81,35.2,34.615,1641531600000000000,1629
SCU,222077,20.78,20.96,21.17,20.54,1641531600000000000,2864
SCUA.U,120100,10.0801,10.09,10.1,10.08,1641531600000000000,18
SCVL,161378,38.34,38.05,38.81,37.59,1641531600000000000,4064
SCVX,155773,9.99,9.99,10,9.99,1641531600000000000,90
SCVX.WS,4165,0.34,0.3203,0.34,0.3203,1641531600000000000,20
SCWX,73381,15.68,15.85,16.51,15.43,1641531600000000000,1464
SCX,8656,9.53,9.75,9.85,9.5,1641531600000000000,72
SCYX,189750,6.03,6.33,6.33,5.93,1641531600000000000,1458
SCZ,1051208,72.18,72.29,72.42,71.82,1641531600000000000,6434
SD,570027,10.97,10.89,11.21,10.53,1641531600000000000,4386
SDAC,155504,9.74,9.76,9.76,9.74,1641531600000000000,50
SDACU,51229,9.99,10.02,10.02,9.99,1641531600000000000,15
SDACW,5610,0.6301,0.56,0.6301,0.5501,1641531600000000000,41
SDC,6733853,2.14,2.11,2.26,2.09,1641531600000000000,19174
SDCI,217,18.86,18.86,18.86,18.86,1641531600000000000,28
SDD,894,21.57,21.8575,21.8575,21.57,1641531600000000000,23
SDEF,4697,20.85,20.8758,20.92,20.85,1641531600000000000,30
SDEI,0,26.84,26.84,26.84,26.84,1641531600000000000,0
SDEM,25611,10.99,11.08,11.09,10.99,1641531600000000000,225
SDG,69190,88.48,88.57,88.8172,88.318,1641531600000000000,230
SDGA,229,27.0825,27.0825,27.0825,27.0825,1641531600000000000,16
SDGR,580269,31.32,31.93,33.155,31.195,1641531600000000000,10037
SDH,15681,1.1827,1.165,1.2227,1.165,1641531600000000000,77
SDHY,34854,18.28,18.27,18.3,18.21,1641531600000000000,175
SDIG,449214,12.89,12.54,13.1086,12.25,1641531600000000000,6070
SDIV,442957,12.41,12.5,12.5,12.41,1641531600000000000,3769
SDOG,71228,54.98,55.57,55.69,54.9282,1641531600000000000,434
SDOW,8241439,26.3,26.19,26.4697,25.871,1641531600000000000,29479
SDP,6282,13.22,12.8,13.22,12.72,1641531600000000000,35
SDPI,106886,0.7985,0.8297,0.83,0.7603,1641531600000000000,594
SDS,33169158,7.26,7.32,7.37,7.225,1641531600000000000,10521
SDVY,304582,30.7,30.42,30.73,30.33,1641531600000000000,664
SDY,966039,130.16,130.75,131.04,129.93,1641531600000000000,8601
SE,7071089,193.25,187.1,198.22,186.74,1641531600000000000,73924
SEAC,4530387,1.43,1.48,1.58,1.38,1641531600000000000,7659
SEAH,370806,9.95,9.93,9.97,9.92,1641531600000000000,1229
SEAH.WS,26410,2.1501,2.27,2.35,2.15,1641531600000000000,135
SEAS,948048,67.47,68.33,69.97,66.95,1641531600000000000,10550
SEAT,243290,11.72,11.35,11.72,11.27,1641531600000000000,2163
SEATW,53954,3.03,2.97,3.11,2.93,1641531600000000000,325
SEB,673,3894.94,3949.99,3950,3860,1641531600000000000,381
SECO,197435,0.4321,0.4307,0.4497,0.4062,1641531600000000000,493
SECT,48156,44.3778,44.0272,44.3778,44,1641531600000000000,72
SEDA.WS,1800,0.6,0.5702,0.6,0.5701,1641531600000000000,9
SEDG,640322,248.01,248.91,259.52,247.01,1641531600000000000,21395
SEE,567488,66.43,65.7,66.97,65.67,1641531600000000000,9525
SEED,14983,7.13,6.8,7.13,6.77,1641531600000000000,108
SEEL,1854530,1.49,1.47,1.5,1.41,1641531600000000000,5325
SEER,400807,18.95,18.65,19.94,18.55,1641531600000000000,6193
SEF,6675,11.38,11.36,11.389,11.355,1641531600000000000,29
SEIC,436533,63.46,63.33,63.7,62.56,1641531600000000000,7530
SEIX,3242,25.09,25.085,25.09,25.08,1641531600000000000,24
SELB,741807,2.91,2.91,2.995,2.88,1641531600000000000,4439
SELF,102917,5.6707,5.75,5.9283,5.6707,1641531600000000000,339
SEM,1065332,28.24,28.03,28.53,27.84,1641531600000000000,10796
SEMR,362452,17.7,17.47,18.01,17.08,1641531600000000000,4076
SENEA,11352,49,48.53,49.3195,48.18,1641531600000000000,341
SENS,9783164,2.72,2.7,2.81,2.66,1641531600000000000,23902
SENT,3140,26.2301,25.8645,26.2301,25.8645,1641531600000000000,14
SEPZ,0,31.8763,31.8763,31.8763,31.8763,1641531600000000000,0
SERA,10100,7,7,7.105,6.91,1641531600000000000,114
SESN,1783214,0.81,0.8287,0.85,0.81,1641531600000000000,5323
SEV,525090,8.42,8.65,8.88,8.12,1641531600000000000,5921
SEVN,23857,10.64,10.6,10.79,10.51,1641531600000000000,161
SF,478485,74.48,75.71,75.73,74.19,1641531600000000000,6131
SFpB,2100,26.38,26.445,26.49,26.34,1641531600000000000,25
SFpC,13549,26.95,26.97,26.97,26.7704,1641531600000000000,149
SFpD,14324,25.06,24.96,25.2,24.9,1641531600000000000,127
SFB,5033,25.49,25.39,25.7196,25.39,1641531600000000000,126
SFBS,139692,87,88.02,88.31,86.3395,1641531600000000000,2384
SFE,63606,7.11,7.35,7.36,7.11,1641531600000000000,543
SFET,400178,0.8,0.7475,0.81,0.7101,1641531600000000000,973
SFIG,945,50.42,50.3456,50.42,50.34,1641531600000000000,12
SFIX,2648760,19.2798,19.02,20.17,18.78,1641531600000000000,26059
SFL,528461,8.43,8.43,8.465,8.365,1641531600000000000,3269
SFM,2603597,29.54,30.21,30.52,29.52,1641531600000000000,23672
SFNC,684055,31.69,32.08,32.305,31.54,1641531600000000000,8555
SFST,12554,64.74,65.02,65.38,64.405,1641531600000000000,372
SFT,2975375,3.015,3.04,3.24,2.9,1641531600000000000,13843
SFY,169214,17.12,16.96,17.12,16.91,1641531600000000000,1167
SFYF,3755,36.85,36.4677,36.85,36.41,1641531600000000000,152
SFYX,12001,14.06,14,14.16,13.92,1641531600000000000,249
SG,970318,26.21,27.05,27.51,25.08,1641531600000000000,9537
SGA,616,23.4863,23.4863,23.4863,23.4863,1641531600000000000,28
SGBX,168724,2.03,1.92,2.06,1.89,1641531600000000000,717
SGC,17711,21.99,21.95,22.26,21.9,1641531600000000000,461
SGDJ,20230,38.44,38.63,38.8,38.1741,1641531600000000000,213
SGDM,16623,25.78,25.67,25.78,25.33,1641531600000000000,112
SGEN,671793,144.23,143.72,147.85,143.37,1641531600000000000,11662
SGFY,1460267,13.22,12.95,14.32,12.95,1641531600000000000,14392
SGG,3737,54.33,53.95,54.33,53.95,1641531600000000000,38
SGH,772480,63.25,64.6,66.24,62.67,1641531600000000000,10910
SGHT,346515,16.8,15.9,17.07,15.73,1641531600000000000,5502
SGLB,61249,1.79,1.75,1.83,1.7,1641531600000000000,287
SGLBW,7065,0.0311,0.0293,0.05479,0.0292,1641531600000000000,16
SGLY,2984671,4.2,4.97,5.45,4.17,1641531600000000000,6928
SGMA,155400,8.82,8.77,9.1199,8.77,1641531600000000000,1123
SGML,601747,10.46,11.13,11.53,10.4,1641531600000000000,3506
SGMO,2153445,6.77,6.77,6.9101,6.71,1641531600000000000,12760
SGMS,652294,62.39,63.57,65.07,61.425,1641531600000000000,10370
SGOL,691527,17.19,17.23,17.26,17.1492,1641531600000000000,1524
SGOV,99910,100.02,100.025,100.03,100.01,1641531600000000000,105
SGRP,18379,1.21,1.21,1.22,1.1897,1641531600000000000,102
SGRY,552662,48.25,45.29,48.9,44.84,1641531600000000000,8057
SGTX,143303,2.56,2.48,2.59,2.4,1641531600000000000,1205
SGU,30821,10.72,10.6,10.88,10.59,1641531600000000000,280
SH,10115165,13.81,13.87,13.91,13.775,1641531600000000000,6488
SHAC,1607,9.76,9.79,9.79,9.76,1641531600000000000,17
SHACW,2878,0.5596,0.4997,0.559603,0.4997,1641531600000000000,20
SHAG,11798,50.225,50.1948,50.24,50.19,1641531600000000000,72
SHAK,766956,69.89,69.56,73.02,69.41,1641531600000000000,10287
SHAP.U,20258,10.035,10.04,10.04,10.03,1641531600000000000,204
SHBI,45968,21.05,20.83,21.05,20.74,1641531600000000000,978
SHC,260987,21.935,21.6,22.4,21.48,1641531600000000000,3792
SHCA,4251,9.92,9.93,9.93,9.92,1641531600000000000,47
SHCAU,14384,10.15,10.14,10.18,10.06,1641531600000000000,51
SHCAW,1100,0.48,0.48,0.48,0.48,1641531600000000000,3
SHCR,2201572,4.1,3.95,4.2698,3.81,1641531600000000000,14254
SHCRW,55739,0.63,0.6294,0.6498,0.5701,1641531600000000000,136
SHE,9021,99.07,98.4,99.19,98.26,1641531600000000000,256
SHEN,262980,25.27,25.92,26.24,25.25,1641531600000000000,4415
SHFT,2092,19.27,19.13,19.2799,19.13,1641531600000000000,21
SHG,150232,31.37,31.87,31.87,31.36,1641531600000000000,2081
SHI,27237,23.2,23.4,23.536,23.2,1641531600000000000,243
SHIP,1157958,0.945,0.936,0.9559,0.93,1641531600000000000,2409
SHIPZ,2411,0.0444,0.0444,0.0444,0.038,1641531600000000000,22
SHLS,1575538,21.01,21.87,22.27,21.01,1641531600000000000,14599
SHLX,778971,12.22,12.42,12.42,12.15,1641531600000000000,4050
SHM,563668,49.08,49.03,49.09,49.02,1641531600000000000,1425
SHO,4579772,11.82,12.04,12.2,11.82,1641531600000000000,22525
SHOpH,17399,25.49,25.6,25.8,25.1418,1641531600000000000,99
SHOpI,23707,24.4,24.81,24.81,24.3,1641531600000000000,168
SHOO,468143,45.54,43.93,45.89,43.79,1641531600000000000,6969
SHOP,1257577,1169,1144.48,1182.3699,1121.4,1641531600000000000,49403
SHPW,160268,3.06,2.98,3.09,2.91,1641531600000000000,1066
SHPW.WS,176918,0.36,0.345,0.36,0.2723,1641531600000000000,254
SHQA,1356,9.74,9.77,9.78,9.74,1641531600000000000,18
SHQAU,608,10.01,10.01,10.01,10.01,1641531600000000000,5
SHQAW,200,0.5449,0.5449,0.5449,0.5449,1641531600000000000,3
SHUS,0,41.3575,41.3575,41.3575,41.3575,1641531600000000000,0
SHV,2089860,110.39,110.4,110.4,110.38,1641531600000000000,5312
SHW,1325460,333,323.22,333.175,322.69,1641531600000000000,26518
SHY,2657971,85.275,85.29,85.32,85.26,1641531600000000000,7663
SHYD,223840,25.08,25.1,25.114,25.0001,1641531600000000000,842
SHYF,106653,49.67,48.39,49.9,48.28,1641531600000000000,2580
SHYG,851368,45.04,45.01,45.04,44.97,1641531600000000000,3781
SHYL,3199,47.19,47.14,47.19,47.11,1641531600000000000,136
SI,971477,132.24,128.49,137,127.18,1641531600000000000,15043
SIpA,7667,24.75,24.66,24.95,24.66,1641531600000000000,70
SIBN,439045,22.2,20.86,22.44,20.13,1641531600000000000,6716
SID,1831461,4.04,4.25,4.255,4.04,1641531600000000000,5783
SIDU,210331,9.4,8.86,9.6,8.71,1641531600000000000,1761
SIEB,22442,2.25,2.25,2.32,2.212,1641531600000000000,129
SIEN,391384,3.21,3.1,3.2699,3.05,1641531600000000000,2820
SIER,10954,9.8,9.81,10.29,9.8,1641531600000000000,81
SIERW,305,0.4999,0.488,0.4999,0.488,1641531600000000000,3
SIF,1454,6.66,6.7913,6.82,6.51,1641531600000000000,26
SIFI,2,48.3244,48.3244,48.3244,48.3244,1641531600000000000,2
SIFY,132143,3.07,3.13,3.17,3.04,1641531600000000000,1225
SIG,842963,93.44,90.89,95.11,90.88,1641531600000000000,13053
SIGA,132893,7.23,7.03,7.23,6.98,1641531600000000000,1606
SIGI,198069,79,79.52,79.99,78.58,1641531600000000000,3918
SIGIP,5859,27.36,25.57,27.36,25.41,1641531600000000000,66
SIHY,11,48.9396,48.9396,48.9396,48.9396,1641531600000000000,2
SII,96943,41.62,41.2,41.99,40.8372,1641531600000000000,1076
SIJ,1462,13.47,13.4791,13.4791,13.29,1641531600000000000,13
SIL,347359,33.95,33.98,34.19,33.44,1641531600000000000,2296
SILC,33269,48.57,48,48.91,47.02,1641531600000000000,571
SILJ,1032714,11.5,11.56,11.67,11.39,1641531600000000000,3340
SILK,510425,37.905,39.61,40.05,37.905,1641531600000000000,7468
SILV,672472,7.04,7.04,7.14,6.915,1641531600000000000,4469
SILX,3589,4.35,4.2753,4.35,4.145,1641531600000000000,23
SIM,3360,23.8763,25.09,25.09,23.8763,1641531600000000000,366
SIMO,607683,90.33,92.05,93.125,88.26,1641531600000000000,6381
SIMS,33850,44,43.1537,44.11,43.1537,1641531600000000000,123
SINT,267451,0.6766,0.666,0.695,0.6383,1641531600000000000,882
SINV,40,15.7869,15.7869,15.7869,15.7869,1641531600000000000,1
SIOX,762514,1.35,1.27,1.37,1.24,1641531600000000000,2087
SIRI,15806279,6.22,6.2,6.29,6.18,1641531600000000000,43128
SISI,42896,4.63,4.44,4.89,4.24,1641531600000000000,334
SITC,1491054,16.01,16.03,16.12,15.945,1641531600000000000,10366
SITCpA,75850,25.4832,25.78,25.91,25.4,1641531600000000000,320
SITE,469178,225.12,209.31,225.12,209.0701,1641531600000000000,8770
SITM,186121,254.62,242.85,264.84,240.6,1641531600000000000,5749
SIVB,398229,733.29,733.15,746.7,724.9801,1641531600000000000,16443
SIVBP,15426,26.54,26.53,26.54,26.3,1641531600000000000,210
SIVR,689124,21.39,21.5,21.61,21.23,1641531600000000000,2873
SIX,1236351,43.22,43.76,44.27,42.98,1641531600000000000,17038
SIXA,1357,36.51,36.6198,36.63,36.51,1641531600000000000,3
SIXH,2662,31.383,31.4611,31.4611,31.383,1641531600000000000,14
SIXJ,8467,24.82,24.8045,24.8599,24.8045,1641531600000000000,41
SIXL,573,35.25,35.1903,35.25,35.1903,1641531600000000000,6
SIXO,1970,25.94,25.9642,26.01,25.94,1641531600000000000,34
SIXS,950,51.2,51.1672,51.4,51.1672,1641531600000000000,28
SIZE,6370,134.8,134.71,135.06,134.49,1641531600000000000,134
SJ,20966,5.593,5.58,5.915,5.475,1641531600000000000,142
SJB,48158,17.62,17.62,17.65,17.6197,1641531600000000000,139
SJI,1124870,25.61,26.04,26.31,25.27,1641531600000000000,8371
SJIJ,7276,25.85,25.79,25.95,25.73,1641531600000000000,98
SJIV,1091,56.0815,55.81,56.0815,55.81,1641531600000000000,21
SJM,739909,142.07,143.35,143.67,141.24,1641531600000000000,14331
SJNK,5752392,27.03,27,27.03,26.98,1641531600000000000,10007
SJR,265268,29.87,30.11,30.17,29.87,1641531600000000000,3138
SJT,666325,6.8,6.86,7,6.64,1641531600000000000,2771
SJW,92539,70.6,70.5,71,69.83,1641531600000000000,1894
SKE,22504,10.05,10.16,10.38,9.925,1641531600000000000,168
SKF,46779,8.02,7.89,8.02,7.85,1641531600000000000,151
SKIL,330010,8.52,8.5,8.71,8.3701,1641531600000000000,3780
SKIL.WS,189930,1.61,1.62,1.72,1.585,1641531600000000000,594
SKIN,1801634,21.95,22.16,23.16,21.89,1641531600000000000,16213
SKLZ,10936954,6.14,6.08,6.39,5.99,1641531600000000000,48772
SKM,893276,26,25.88,26.23,25.71,1641531600000000000,8378
SKOR,13313,52.27,52.24,52.28,52.21,1641531600000000000,42
SKT,697611,19.7,19.71,19.92,19.494,1641531600000000000,5778
SKX,1504621,46.33,46.04,46.88,45.93,1641531600000000000,17262
SKY,518655,74.56,69.91,74.81,69.8,1641531600000000000,9627
SKYA,1955,9.76,9.8,9.8,9.76,1641531600000000000,20
SKYT,189138,13.5,13.38,13.98,12.89,1641531600000000000,2535
SKYU,459,38.31,38.15,38.31,38.15,1641531600000000000,21
SKYW,287262,40.84,41.23,42,40.84,1641531600000000000,4671
SKYY,651558,97.42,97.5,99.085,96.36,1641531600000000000,7928
SLAB,452598,196.55,188.53,198.22,187.27,1641531600000000000,10173
SLAC,2179,9.75,9.75,9.76,9.75,1641531600000000000,25
SLAC.U,4500,9.9155,9.91,9.92,9.91,1641531600000000000,10
SLAC.WS,275,0.7731,0.7801,0.7801,0.7731,1641531600000000000,3
SLAM,24225,9.77,9.77,9.77,9.74,1641531600000000000,101
SLAMU,100,9.8907,9.8907,9.8907,9.8907,1641531600000000000,1
SLAMW,5641,0.63,0.6098,0.655651,0.6,1641531600000000000,21
SLB,14182834,34.015,35.03,35.135,34,1641531600000000000,90352
SLCA,1289644,10.8,10.6,10.9,10.49,1641531600000000000,7807
SLCR,14235,9.85,9.85,9.86,9.85,1641531600000000000,25
SLCRU,700,10.1,10.0804,10.1,10.08,1641531600000000000,7
SLCRW,50784,0.55,0.55,0.55,0.5101,1641531600000000000,52
SLDB,500894,1.64,1.58,1.68,1.58,1641531600000000000,2702
SLDP,2839517,8.37,7.71,8.44,7.66,1641531600000000000,17269
SLDPW,220252,2.36,2.05,2.4465,1.9302,1641531600000000000,946
SLF,671888,55.61,56.09,56.23,55.61,1641531600000000000,7112
SLG,1747662,79.44,79.95,81.91,78.985,1641531600000000000,18949
SLGpI,3462,26.18,26.18,26.29,26.0873,1641531600000000000,140
SLGC,1066334,10.69,9.93,10.97,9.78,1641531600000000000,8445
SLGCW,71362,3.25,2.84,3.25,2.84,1641531600000000000,79
SLGG,228843,2.23,2.24,2.32,2.17,1641531600000000000,1619
SLGL,18544,7.87,7.71,7.9459,7.34,1641531600000000000,148
SLGN,234206,42.63,42.43,42.78,42.27,1641531600000000000,4258
SLHG,89130,1.25,1.21,1.25,1.2,1641531600000000000,356
SLHGP,668,17.75,17.73,17.75,17.5,1641531600000000000,18
SLI,715392,8.58,8.65,8.8,8.32,1641531600000000000,4245
SLM,1451288,20.02,20.34,20.49,20.02,1641531600000000000,13594
SLMBP,1954,59.9,59.4,59.9,59,1641531600000000000,47
SLN,2080,23.05,23.4,23.975,23,1641531600000000000,48
SLNG,3587,4.85,4.31,4.85,4.31,1641531600000000000,43
SLNH,112778,10.29,9.99,10.5077,9.7,1641531600000000000,1462
SLNHP,31554,19.11,19.02,19.11,18.65,1641531600000000000,264
SLNO,196671,0.4413,0.4332,0.468,0.428,1641531600000000000,570
SLP,442504,50.3,49.86,52.54,46.9683,1641531600000000000,6022
SLQD,617876,50.84,50.84,50.845,50.81,1641531600000000000,3825
SLQT,3532037,7.71,8.11,8.18,7.55,1641531600000000000,17668
SLRC,174085,18.8,18.98,18.98,18.75,1641531600000000000,1285
SLRX,624883,0.5147,0.4874,0.5147,0.463,1641531600000000000,1419
SLS,84707,5.6,5.57,5.73,5.44,1641531600000000000,863
SLT,120,40.8,40.488,40.8,40.488,1641531600000000000,3
SLV,23522177,20.52,20.62,20.75,20.3734,1641531600000000000,29913
SLVM,265322,30.41,29.74,30.73,29.68,1641531600000000000,5283
SLVO,811726,4.9,4.91,4.95,4.87,1641531600000000000,1920
SLVP,127676,12.03,12,12.0994,11.85,1641531600000000000,742
SLVRW,330,0.65,0.65,0.65,0.65,1641531600000000000,1
SLX,44472,55.11,55.85,55.86,55.04,1641531600000000000,493
SLY,30749,99.08,98.2,99.47,98.12,1641531600000000000,468
SLYG,60715,91.23,89.56,91.57,89.49,1641531600000000000,964
SLYV,158311,86.2,85.86,86.65,85.74,1641531600000000000,1581
SM,2387709,34.44,32.76,34.72,32.34,1641531600000000000,22858
SMAP,1170,9.85,9.86,9.86,9.85,1641531600000000000,13
SMAPW,1600,0.4649,0.4796,0.4796,0.4301,1641531600000000000,7
SMAR,5704989,67.99,62.96,70.6,60.2,1641531600000000000,50708
SMB,100616,17.79,17.85,17.85,17.79,1641531600000000000,356
SMBC,46678,58.2848,57.81,58.2848,57.07,1641531600000000000,949
SMBK,17513,27.98,28.27,28.49,27.82,1641531600000000000,377
SMCI,135990,45.1,44.08,45.415,44.05,1641531600000000000,2562
SMCP,722,30.28,30.1874,30.282,30.1874,1641531600000000000,14
SMDD,8460,21.57,22.04,22.085,21.36,1641531600000000000,60
SMDV,38931,67.52,67.36,67.68,67.1901,1641531600000000000,386
SMDY,126,40.25,40.1593,40.25,40.1593,1641531600000000000,2
SMED,44694,7.1,7.01,7.1,6.94,1641531600000000000,779
SMFG,1579049,7.16,7.22,7.24,7.145,1641531600000000000,6697
SMFR,1107535,4.11,4.11,4.245,4.05,1641531600000000000,7749
SMFRW,14049,0.7866,0.7649,0.7999,0.75,1641531600000000000,41
SMG,259889,159.66,160.85,162.815,159.62,1641531600000000000,6943
SMH,6929423,305.62,296.89,306.612,296.19,1641531600000000000,132352
SMHB,32839,12.89,12.77,12.89,12.67,1641531600000000000,143
SMHI,72230,3.58,3.81,4,3.58,1641531600000000000,300
SMI,39,49.825,49.825,49.825,49.825,1641531600000000000,7
SMID,39156,39.34,38.94,39.9999,38,1641531600000000000,673
SMIG,30125,26.14,25.9241,26.15,25.9241,1641531600000000000,129
SMIH,11315,9.7,9.72,9.72,9.7,1641531600000000000,103
SMIHU,7006,10.02,10.035,10.04,10.02,1641531600000000000,41
SMIHW,2490,0.7001,0.6801,0.710001,0.6801,1641531600000000000,16
SMIN,53601,61.8,62.09,62.3,61.6,1641531600000000000,689
SMIT,16744,5.03,5,5.085,4.97,1641531600000000000,66
SMLE,125,27.1511,27.1511,27.1511,27.1511,1641531600000000000,7
SMLF,56735,56.71,56.15,57.08,56.14,1641531600000000000,463
SMLP,31650,25,24.91,26.22,24.86,1641531600000000000,406
SMLR,60872,82.07,80.06,83.584,79.04,1641531600000000000,1988
SMLV,2894,119.3497,119.5121,119.9842,119.3497,1641531600000000000,41
SMM,85566,6.83,6.93,6.95,6.83,1641531600000000000,354
SMMD,36985,64.98,64.55,65.22,64.43,1641531600000000000,250
SMMF,10902,27.99,27.9,28,27.61,1641531600000000000,629
SMMT,176303,2.66,2.67,2.72,2.62,1641531600000000000,645
SMMU,36970,51.18,51.14,51.18,51.13,1641531600000000000,81
SMMV,198912,38.34,38.14,38.4799,38.11,1641531600000000000,462
SMN,4114,11.56,11.1829,11.56,11.18,1641531600000000000,43
SMOG,20729,151.14,150.639,152.85,149.855,1641531600000000000,179
SMP,74368,52.61,52.57,53.44,52.43,1641531600000000000,1403
SMPL,638704,38.84,39.31,39.845,38.795,1641531600000000000,8210
SMRT,2521799,8.21,7.66,8.25,7.49,1641531600000000000,9505
SMSI,275284,4.6,4.57,4.69,4.57,1641531600000000000,2056
SMTC,433961,84.54,80.07,87.32,79.96,1641531600000000000,8700
SMTI,22362,27.927,27.89,28.72,26.47,1641531600000000000,339
SMTS,293224,1.3,1.3,1.31,1.27,1641531600000000000,904
SMWB,78721,17.86,17.47,18.16,17.045,1641531600000000000,1719
SNA,248223,219.31,219.04,221.17,218.42,1641531600000000000,8112
SNAP,15556861,41.54,41.36,43.28,41.05,1641531600000000000,126151
SNAX,790811,3.6608,3.2,3.6608,3.17,1641531600000000000,4370
SNAXW,159199,0.4559,0.41,0.4559,0.383,1641531600000000000,185
SNBR,280195,79.14,77.02,80.22,75.66,1641531600000000000,6399
SNCE,149184,12.82,11.47,12.82,11.3401,1641531600000000000,1398
SNCR,458155,2.29,2.27,2.358,2.24,1641531600000000000,3239
SNCRL,3559,23.81,23.6899,23.81,23.56,1641531600000000000,36
SNCY,526225,27.78,28.12,28.58,27.455,1641531600000000000,5038
SND,13192,2.01,2.04,2.06,2.0045,1641531600000000000,258
SNDA,19661,26.78,28.11,28.91,26.56,1641531600000000000,486
SNDL,68082867,0.5814,0.5958,0.613,0.5761,1641531600000000000,65944
SNDR,487309,26.38,26.15,26.51,25.8315,1641531600000000000,5823
SNDX,374933,19.72,19.11,20.15,19.06,1641531600000000000,5444
SNES,39372,1.02,1.02,1.02,0.9951,1641531600000000000,73
SNEX,43485,63.87,65.06,65.37,63.6,1641531600000000000,1293
SNFCA,21791,9.2323,9.3,9.41,9.14,1641531600000000000,123
SNGX,754296,0.66,0.692549,0.75,0.66,1641531600000000000,918
SNII,222048,10.21,10.25,10.25,10.185,1641531600000000000,796
SNII.U,706,10.91,10.91,10.93,10.91,1641531600000000000,8
SNII.WS,104960,2.52,2.55,2.55,2.49,1641531600000000000,69
SNLN,5954,15.94,15.93,15.94,15.93,1641531600000000000,30
SNMP,437703,0.5551,0.5601,0.57,0.545,1641531600000000000,1066
SNN,398864,35.09,35.31,35.49,35.06,1641531600000000000,4282
SNOA,16818,4.58,4.47,4.63,4.42,1641531600000000000,141
SNOW,2682447,296.98,299.68,307.5747,292.06,1641531600000000000,48219
SNP,123219,49.6,50.22,50.28,49.6,1641531600000000000,1558
SNPE,168813,42.03,41.86,42.09,41.71,1641531600000000000,411
SNPO,249692,18.22,17.24,18.47,16.54,1641531600000000000,3797
SNPS,899499,341.67,330.36,345.06,330.11,1641531600000000000,23894
SNPX,38957,8.72,9.01,9.1,8.68,1641531600000000000,351
SNRH,222,9.765,9.7589,9.765,9.7589,1641531600000000000,7
SNRHW,89780,0.54,0.52,0.54,0.505,1641531600000000000,65
SNSE,43090,5.5,5.65,5.78,5.5,1641531600000000000,625
SNSR,200439,37.73,37.42,38.15,37.3001,1641531600000000000,1269
SNT,48711,2.74,2.68,2.74,2.68,1641531600000000000,369
SNTG,113258,1.02,1.02,1.0496,0.99,1641531600000000000,383
SNUG,4454,27.7,27.83,27.86,27.7,1641531600000000000,37
SNV,1148142,52.24,52.59,52.86,51.86,1641531600000000000,14392
SNVpD,13722,25.78,26.01,26.16,25.76,1641531600000000000,113
SNVpE,33298,26.73,27.01,27.12,26.61,1641531600000000000,332
SNX,262650,114.15,109.25,114.2248,108.93,1641531600000000000,6034
SNY,1670401,50.18,50.19,50.65,50.04,1641531600000000000,13683
SO,4370325,67.88,68.64,69.14,67.4747,1641531600000000000,46115
SOCL,13234,51.07,50.85,51.83,50.64,1641531600000000000,271
SOFI,28689665,13.8205,13.74,14.4,13.62,1641531600000000000,130552
SOGU,10626,34.1,33.41,34.1,32.63,1641531600000000000,116
SOHO,33648,2.12,2.14,2.19,2.11,1641531600000000000,202
SOHOB,11412,16.6,17.01,17.1,16.6,1641531600000000000,64
SOHON,6229,17,17.32,17.4476,16.9899,1641531600000000000,47
SOHOO,11285,16.66,17.0008,17.0008,16.66,1641531600000000000,33
SOHU,247124,16.57,16.46,17.14,16.45,1641531600000000000,2748
SOI,125158,7.6,7.68,7.78,7.53,1641531600000000000,1236
SOJC,9919,26,25.95,26.0399,25.8816,1641531600000000000,161
SOJD,52957,26.43,26.52,26.5399,26.34,1641531600000000000,419
SOJE,69145,25.61,25.42,25.65,25.42,1641531600000000000,416
SOL,1430716,6.05,6.37,6.53,6.03,1641531600000000000,8671
SOLN,6036,53.51,53.82,53.9,53.51,1641531600000000000,107
SOLO,2040086,2.23,2.2,2.28,2.15,1641531600000000000,9737
SOLOW,3041,0.641,0.6506,0.695451,0.641,1641531600000000000,21
SOLR,258,31.5373,31.595,31.595,31.5373,1641531600000000000,10
SON,455759,58.08,58.39,58.53,57.995,1641531600000000000,6900
SONM,351476,0.8653,0.8576,0.91,0.84,1641531600000000000,999
SONN,721946,0.41,0.3899,0.41,0.3815,1641531600000000000,847
SONO,3734281,29.61,28.68,30.5,28.6299,1641531600000000000,26471
SONX,139244,5.7,5.63,5.7002,5.44,1641531600000000000,813
SONY,566773,125.5,124.31,125.74,123.3,1641531600000000000,13009
SOPA,659348,8.84,8.72,9.68,8.56,1641531600000000000,5183
SOPH,53423,12.14,12.8,12.955,11.92,1641531600000000000,874
SOR,20485,43.09,43.2,43.365,42.9565,1641531600000000000,173
SOS,3777978,0.798,0.7956,0.84,0.7919,1641531600000000000,8378
SOTK,31135,7.5,7.71,7.73,7.3101,1641531600000000000,173
SOVO,197602,15.05,14.79,15.33,14.55,1641531600000000000,2457
SOXL,22625851,65.08,59.74,66.05,59.14,1641531600000000000,273753
SOXQ,48067,30.88,30.02,30.93,29.799,1641531600000000000,1438
SOXS,31511425,3.52,3.8,3.84,3.47,1641531600000000000,27613
SOXX,761547,536.29,521.24,538.2499,519.61,1641531600000000000,24736
SOYB,68356,23.5,23.83,23.89,23.33,1641531600000000000,443
SP,40360,28.68,27.84,29.1899,27.8,1641531600000000000,817
SPAB,2071270,29.32,29.23,29.32,29.19,1641531600000000000,6030
SPAK,10545,20.24,20.14,20.3262,20.041,1641531600000000000,137
SPAQ,147948,9.9,9.89,9.9131,9.89,1641531600000000000,210
SPAQ.U,920,10.21,10.21,10.21,10.2,1641531600000000000,7
SPAQ.WS,15760,1.3,1.2858,1.3,1.28,1641531600000000000,43
SPAX,87,20.5549,20.5549,20.5549,20.5549,1641531600000000000,10
SPB,178206,101.77,101.12,102.38,100.81,1641531600000000000,4165
SPBC,6142,27.39,27.38,27.441,27.16,1641531600000000000,81
SPBO,81487,34.26,34.2,34.27,34.155,1641531600000000000,488
SPC,42132,20.51,20.53,20.53,20.5099,1641531600000000000,72
SPCB,529372,0.5082,0.5035,0.5299,0.501,1641531600000000000,666
SPCE,15887529,12,12.45,12.805,11.92,1641531600000000000,97765
SPCX,6913,27.85,27.91,27.9599,27.85,1641531600000000000,97
SPD,97897,32.75,32.49,32.75,32.4501,1641531600000000000,341
SPDN,594234,14.25,14.31,14.34,14.21,1641531600000000000,942
SPDV,28697,31.81,32.0966,32.1401,31.81,1641531600000000000,120
SPDW,1960188,36.26,36.39,36.44,36.11,1641531600000000000,5880
SPE,42345,15.5056,15.6,15.66,15.3,1641531600000000000,250
SPEr,16248,0.055,0.050001,0.0687,0.0451,1641531600000000000,120
SPEM,3132617,41.36,41.51,41.56,41.2099,1641531600000000000,7379
SPEU,132059,42.64,42.8,42.85,42.49,1641531600000000000,631
SPFF,78484,11.7,11.68,11.708,11.64,1641531600000000000,438
SPFI,19615,28.5,28.83,29.305,28.5,1641531600000000000,395
SPG,1455597,162.83,161.27,163.9,161.05,1641531600000000000,24247
SPGpJ,496,69,68.8068,69,68.8068,1641531600000000000,11
SPGI,1081496,450.08,446.75,452.08,446.13,1641531600000000000,24637
SPGM,16384,57.1686,57.33,57.44,57.11,1641531600000000000,358
SPGP,334762,95.03,94.34,95.085,94.2,1641531600000000000,1991
SPGS,2026,9.75,9.74,9.7674,9.74,1641531600000000000,35
SPGS.U,5721,9.9,9.9348,9.9348,9.865,1641531600000000000,14
SPGS.WS,10196,0.8754,0.85,0.8755,0.8,1641531600000000000,50
SPH,320141,15.56,15.48,15.58,15.4,1641531600000000000,1656
SPHB,786116,79.23,78.74,79.84,78.38,1641531600000000000,6235
SPHD,921145,45.68,46.14,46.26,45.61,1641531600000000000,7898
SPHQ,1128124,52.9,52.92,53.15,52.7,1641531600000000000,6497
SPHY,182869,26.34,26.26,26.34,26.23,1641531600000000000,875
SPI,194029,3.42,3.4,3.55,3.33,1641531600000000000,1222
SPIB,1947009,35.8,35.8,35.84,35.76,1641531600000000000,2616
SPIP,2391755,30.74,30.72,30.75,30.65,1641531600000000000,4456
SPIR,666411,3.09,2.93,3.12,2.9,1641531600000000000,3793
SPIR.WS,129313,0.3401,0.315,0.35,0.309899,1641531600000000000,243
SPK,31306,9.95,9.99,9.99,9.84,1641531600000000000,71
SPKBU,1319,9.93,9.95,9.9903,9.9201,1641531600000000000,17
SPLB,1871762,30.72,30.56,30.73,30.45,1641531600000000000,6425
SPLG,3464710,55.04,54.82,55.17,54.64,1641531600000000000,14261
SPLK,2315384,113.75,114.79,116.99,112.49,1641531600000000000,31571
SPLP,12315,39.4,39.89,40.99,38.1464,1641531600000000000,271
SPLPpA,104775,23.8,23.83,24.045,23.75,1641531600000000000,462
SPLV,5416138,67.47,67.51,67.755,67.28,1641531600000000000,26986
SPMB,1388339,25.16,25.1,25.17,25.06,1641531600000000000,3364
SPMD,807465,49.25,48.86,49.51,48.72,1641531600000000000,4070
SPMO,2618,64.37,64.056,64.37,63.85,1641531600000000000,62
SPMV,26,40.5313,40.5313,40.5313,40.5313,1641531600000000000,7
SPNE,111306,13.06,12.65,13.06,12.31,1641531600000000000,1327
SPNS,40740,33.61,33.07,33.74,33,1641531600000000000,740
SPNT,303033,8.34,8.47,8.51,8.34,1641531600000000000,2650
SPNTpB,7240,27.47,27.54,27.59,27.31,1641531600000000000,92
SPOK,64667,9.39,9.52,9.7,9.38,1641531600000000000,1083
SPOT,893467,228.15,223.58,232.47,221.34,1641531600000000000,21762
SPPI,4002814,1.2,1.16,1.26,1.15,1641531600000000000,10505
SPPP,86354,13.8,13.85,13.9959,13.68,1641531600000000000,584
SPR,1934744,47,47.45,48.66,46.8322,1641531600000000000,23002
SPRB,1311306,3.87,3.86,4.02,3.73,1641531600000000000,5124
SPRC,8453,6.4,6.27,6.4,6.0201,1641531600000000000,144
SPRE,17547,26.93,26.5775,26.93,26.5,1641531600000000000,165
SPRO,95000,12.99,13.1,13.26,12.7,1641531600000000000,1620
SPRX,1857,20.95,20.8432,21.2,20.8432,1641531600000000000,15
SPSB,1631505,30.86,30.89,30.89,30.86,1641531600000000000,4116
SPSC,135498,125.09,119.66,125.99,119.46,1641531600000000000,3865
SPSK,11037,19.55,19.55,19.56,19.53,1641531600000000000,72
SPSM,983250,44.58,44.14,44.8465,44.11,1641531600000000000,2824
SPT,926228,73.59,74.98,78.49,72.76,1641531600000000000,14950
SPTI,886190,31.66,31.63,31.67,31.59,1641531600000000000,2128
SPTK,7481,9.71,9.74,9.74,9.71,1641531600000000000,27
SPTKW,5700,0.5846,0.54,0.5846,0.53,1641531600000000000,15
SPTL,1959046,40.82,40.57,40.83,40.385,1641531600000000000,6414
SPTM,1179283,57.61,57.4,57.78,57.215,1641531600000000000,2560
SPTN,144744,25.7,25.6,25.89,25.48,1641531600000000000,2963
SPTS,840764,30.34,30.36,30.36,30.3339,1641531600000000000,1242
SPUC,7105,34.43,34.2757,34.6499,34.2757,1641531600000000000,54
SPUS,80760,32.58,32.38,32.79,32.27,1641531600000000000,812
SPUU,17814,112.91,112.11,113.5,111.3304,1641531600000000000,204
SPVM,7975,53.62,53.9732,54.0238,53.59,1641531600000000000,66
SPVU,65545,46.22,46.58,46.65,46.21,1641531600000000000,421
SPWH,1683147,11.82,12.02,12.06,11.47,1641531600000000000,13773
SPWR,2497611,19.21,19.38,20.0283,19.0314,1641531600000000000,23129
SPXB,1457,89.09,89.0516,89.13,88.91,1641531600000000000,22
SPXC,118639,58.17,56.95,58.415,56.88,1641531600000000000,1892
SPXE,1994,101.57,101.0081,101.57,100.64,1641531600000000000,35
SPXL,8150714,136.88,135.37,138.04,134.04,1641531600000000000,90349
SPXN,425,98.32,98.1489,98.32,98.1489,1641531600000000000,11
SPXS,14210205,17.1,17.27,17.4493,16.95,1641531600000000000,20124
SPXT,342,79.62,79.62,79.62,79.62,1641531600000000000,12
SPXU,19472569,12.94,13.09,13.225,12.84,1641531600000000000,18050
SPXV,420,98.8128,98.6246,98.83,98.6246,1641531600000000000,5
SPXX,44596,18.55,18.44,18.55,18.37,1641531600000000000,317
SPXZ,5493,15.14,14.9323,15.15,14.85,1641531600000000000,82
SPY,84171446,467.95,466.09,469.2,464.65,1641531600000000000,625062
SPYC,29830,33.89,33.41,33.89,33.41,1641531600000000000,148
SPYD,1363031,43.32,43.72,43.82,43.21,1641531600000000000,10991
SPYG,1997135,69.94,69.22,70.18,68.96,1641531600000000000,18950
SPYV,3291232,42.35,42.44,42.58,42.27,1641531600000000000,9562
SPYX,185198,115.79,115.27,115.9403,114.91,1641531600000000000,658
SQ,9057356,143.25,141.54,148.5199,141.19,1641531600000000000,127846
SQEW,4117,34.59,34.4682,34.59,34.365,1641531600000000000,46
SQFT,84024,3.82,3.92,3.93,3.82,1641531600000000000,378
SQFTP,916,22.4219,22.6662,22.6662,22.4219,1641531600000000000,20
SQL,64266,1.93,1.9,1.9399,1.84,1641531600000000000,315
SQLLW,1000,0.9399,0.9399,0.9399,0.9399,1641531600000000000,1
SQLV,506,40,39.8147,40.0035,39.8147,1641531600000000000,11
SQM,1387019,49.77,49.96,50.85,49.24,1641531600000000000,12691
SQNS,23123,5.03,4.99,5.065,4.985,1641531600000000000,136
SQQQ,227222387,6.54,6.74,6.84,6.44,1641531600000000000,121523
SQSP,295472,26.88,26.76,27.41,26.41,1641531600000000000,3907
SQZ,27443,9.37,9.62,9.84,9.37,1641531600000000000,720
SR,230436,65.9,66.49,66.65,65.74,1641531600000000000,4023
SRpA,5072,26.88,26.97,27.2848,26.88,1641531600000000000,120
SRAD,147498,16.77,16.48,17.1123,16.12,1641531600000000000,1878
SRAX,50557,4.24,4.32,4.38,4.19,1641531600000000000,531
SRC,736622,48.15,48.21,48.64,48.06,1641531600000000000,6491
SRCpA,1776,25.38,25.47,25.5308,25.38,1641531600000000000,32
SRCE,68685,52.47,52.22,52.605,52,1641531600000000000,1178
SRCL,244252,58.96,58.92,59.24,56.3858,1641531600000000000,4562
SRDX,57151,47.35,46.83,48.01,46.72,1641531600000000000,1550
SRE,1781334,136.16,138.21,139.425,134.9,1641531600000000000,29287
SREA,17003,26.96,27.01,27.1985,26.85,1641531600000000000,164
SRET,137472,9.5,9.51,9.5495,9.47,1641531600000000000,1629
SREV,51914,1.04,1.035,1.04,1.01,1641531600000000000,185
SRG,668418,13.39,13,13.39,12.86,1641531600000000000,5579
SRGpA,2144,23.03,23.3377,23.57,23.03,1641531600000000000,15
SRGA,825522,0.77,0.7998,0.81,0.77,1641531600000000000,1885
SRI,131063,21.81,21.24,22.17,21.22,1641531600000000000,1552
SRL,3398,8.25,8.25,8.3,8.2,1641531600000000000,35
SRLN,2765426,45.62,45.65,45.65,45.565,1641531600000000000,14262
SRLP,36467,14.5,14.84,15.0082,14.49,1641531600000000000,495
SRNE,3882874,4.58,4.53,4.795,4.53,1641531600000000000,17674
SRPT,2664823,86.96,85.5,92,84.5,1641531600000000000,24437
SRRA,286050,21.41,21.8,22.43,21.24,1641531600000000000,566
SRRK,125275,23.53,21.41,23.86,21.31,1641531600000000000,2098
SRS,23012,12.77,12.9672,13.02,12.77,1641531600000000000,122
SRSA,63689,9.8,9.86,9.95,9.8,1641531600000000000,37
SRT,60099,5.07,5.03,5.25,5.02,1641531600000000000,581
SRTS,583987,7.86,8.2,8.54,7.68,1641531600000000000,3290
SRTY,5222845,8.81,9.12,9.125,8.6,1641531600000000000,8661
SRV,11310,32.2,32.55,32.62,32.2,1641531600000000000,154
SRVR,474739,39.78,39.95,40.19,39.5,1641531600000000000,1041
SRZN,160552,5.32,5.39,5.81,4.81,1641531600000000000,1045
SRZNW,1416,0.9105,0.9105,0.9105,0.91,1641531600000000000,23
SSAA,9665,9.72,9.78,9.78,9.72,1641531600000000000,46
SSAAU,1565,9.9,9.9,9.9,9.89,1641531600000000000,11
SSAAW,6479,0.59,0.53,0.61845,0.53,1641531600000000000,36
SSB,397225,88.5,90.02,90.43,88.33,1641531600000000000,9132
SSBI,2462,15.74,15.7,15.845,15.615,1641531600000000000,44
SSBK,1017,20.0587,19.68,20.0587,19.66,1641531600000000000,21
SSD,141448,134.38,131.46,134.68,130.75,1641531600000000000,3634
SSFI,120521,24.569,24.5149,24.569,24.5098,1641531600000000000,40
SSG,21393,19.055,19.8499,19.9199,19.055,1641531600000000000,263
SSKN,12011,1.36,1.37,1.39,1.36,1641531600000000000,81
SSL,230042,16.75,16.8,16.85,16.61,1641531600000000000,2718
SSLY,50,49.7073,49.7073,49.7073,49.7073,1641531600000000000,2
SSNC,1037028,83.54,82.96,84.4,82.93,1641531600000000000,14275
SSNT,66195,4.05,4.03,4.178,3.93,1641531600000000000,457
SSO,3628783,142,140.98,142.8,140.04,1641531600000000000,49217
SSP,115958,19.86,20.11,20.4,19.86,1641531600000000000,1937
SSPX,103,24.3039,24.3039,24.3039,24.3039,1641531600000000000,4
SSPY,9790,71.19,71.02,71.33,71.02,1641531600000000000,118
SSRM,1167407,16.39,16.35,16.52,16.1,1641531600000000000,11536
SSSS,181776,12.65,12.62,12.8221,12.58,1641531600000000000,2193
SSSSL,900,25.8,25.75,25.8,25.7301,1641531600000000000,8
SSTI,16681,28.08,28.07,28.8,27.445,1641531600000000000,668
SSTK,226434,101.37,98.8,102.37,98.04,1641531600000000000,5958
SSU,112354,8.4,8.65,9,8.3,1641531600000000000,2178
SSU.WS,172493,0.8,0.8,0.81495,0.789999,1641531600000000000,439
SSUS,36835,36.84,36.75,36.91,36.66,1641531600000000000,225
SSY,52681,1.6,1.55,1.62,1.51,1641531600000000000,170
SSYS,666175,23.16,23.82,24.64,22.981,1641531600000000000,8685
ST,1017744,63.89,62.91,64.62,62.875,1641531600000000000,11629
STAA,319288,84.79,82.67,85.72,81.49,1641531600000000000,6974
STAB,128218,1.88,1.84,1.9903,1.84,1641531600000000000,582
STAF,1137934,0.93,1.01,1.04,0.9217,1641531600000000000,1354
STAG,1081761,45.15,44.78,45.46,44.66,1641531600000000000,11587
STAR,400682,24.22,24.64,24.78,24.12,1641531600000000000,3631
STARpD,380,25.9934,25.9934,25.9934,25.9934,1641531600000000000,15
STARpG,4631,25.8,25.545,25.84,25.5101,1641531600000000000,26
STARpI,2050,25.44,25.53,25.54,25.44,1641531600000000000,35
STBA,156160,33.87,33.85,33.99,33.495,1641531600000000000,1614
STBL,0,24.305,24.305,24.305,24.305,1641531600000000000,0
STC,152802,78.26,77.79,78.67,77.255,1641531600000000000,2103
STCN,51641,1.5009,1.52,1.54,1.495,1641531600000000000,321
STE,416475,237.23,234.81,238.05,232.8,1641531600000000000,9142
STEM,2168954,16.05,15.83,16.7299,15.8,1641531600000000000,17881
STEP,280129,38.6,38.23,38.955,38,1641531600000000000,4278
STER,381360,21.09,20.84,21.78,20.62,1641531600000000000,3720
STET.U,4967,9.99,9.99,9.99,9.99,1641531600000000000,54
STFC,42140,51.62,51.61,51.76,51.58,1641531600000000000,860
STG,39947,6,6.2,6.39,5.82,1641531600000000000,357
STGW,255034,7.67,7.75,7.94,7.65,1641531600000000000,2721
STIM,253475,3.96,3.76,4.01,3.64,1641531600000000000,2332
STIP,964667,105.2,105.11,105.26,105.05,1641531600000000000,5379
STK,38752,36.55,36.46,36.85,36.12,1641531600000000000,853
STKL,623067,6.64,6.59,6.78,6.4,1641531600000000000,4829
STKS,114378,12.77,12.6,13.17,12.57,1641531600000000000,1699
STL,1147143,28.57,29.16,29.21,28.27,1641531600000000000,11327
STLpA,12489,25.64,25.95,25.95,25.62,1641531600000000000,121
STLA,4807762,20.44,20.44,20.575,20.24,1641531600000000000,24507
STLD,1944025,64.4,62.31,64.91,61.45,1641531600000000000,25682
STLG,47,38.3378,38.3378,38.3378,38.3378,1641531600000000000,2
STLV,0,30.3527,30.3527,30.3527,30.3527,1641531600000000000,0
STM,4494047,51.13,49.9,51.515,49.825,1641531600000000000,38963
STN,86597,55.23,54.97,55.43,54.43,1641531600000000000,2035
STNC,0,28.2365,28.2365,28.2365,28.2365,1641531600000000000,0
STNE,4596735,15.91,16.12,16.81,15.82,1641531600000000000,30531
STNG,504382,12.955,13.13,13.24,12.83,1641531600000000000,4608
STOK,566409,20.95,20.21,21.35,20.14,1641531600000000000,1483
STON,53262,2.4,2.4,2.5,2.3401,1641531600000000000,421
STOR,1659629,34.12,34.24,34.39,34.09,1641531600000000000,14453
STOT,30304,48.93,48.9051,48.94,48.899,1641531600000000000,120
STPZ,213212,54.74,54.68,54.7592,54.6301,1641531600000000000,577
STRA,107855,60.15,58.61,60.15,58.04,1641531600000000000,2779
STRC,109278,8.39,8.57,8.58,8.05,1641531600000000000,1472
STRCW,47739,1.29,1.41,1.41,1.235,1641531600000000000,222
STRE,1366,9.75,9.76,9.76,9.75,1641531600000000000,9
STRE.WS,9362,0.8,0.8,0.8,0.795049,1641531600000000000,40
STRL,172441,27.92,26.57,27.92,26.29,1641531600000000000,2953
STRM,72880,1.29,1.34,1.3794,1.29,1641531600000000000,122
STRN,1861757,4.95,4.67,4.96,4.48,1641531600000000000,9958
STRNW,151840,0.9401,0.88,1,0.8499,1641531600000000000,231
STRO,1008349,10.11,10.47,10.53,10.085,1641531600000000000,11408
STRR,107461,2.17,2.22,2.26,2.1,1641531600000000000,432
STRRP,1478,10.077,10.0301,10.077,10.03,1641531600000000000,7
STRS,14344,35,34.52,35.2,34.45,1641531600000000000,181
STRT,2606,41.6,41.22,41.6,41.22,1641531600000000000,125
STSA,24271,4.36,4.66,4.74,4.36,1641531600000000000,273
STT,4313101,98.65,101.66,102.32,98.47,1641531600000000000,36550
STTpD,50566,26.89,27.035,27.16,26.88,1641531600000000000,472
STTpG,56547,28.3,28.46,28.59,28.26,1641531600000000000,506
STTK,153243,7.6,7.56,7.71,7.4,1641531600000000000,1945
STVN,594288,18.96,17.97,19.7023,17.75,1641531600000000000,5244
STWD,1718093,25.05,24.87,25.13,24.86,1641531600000000000,13046
STX,1493997,112,110.96,112.65,110.0283,1641531600000000000,21448
STXB,177144,31.36,31.47,31.62,30.71,1641531600000000000,2484
STXS,270694,6.39,6.16,6.535,6.11,1641531600000000000,3098
STZ,1263924,242.46,246.18,248.67,242.0827,1641531600000000000,22338
SU,7012790,26.75,26.56,26.77,26.345,1641531600000000000,46021
SUB,583614,107.08,107.12,107.12,107.0501,1641531600000000000,1745
SUBS,2822,22.4935,22.4935,22.4935,22.4935,1641531600000000000,363
SUBZ,5960,8.7,8.7648,8.8484,8.69,1641531600000000000,89
SUI,523270,198.92,196.22,199.73,196.085,1641531600000000000,10309
SUM,348233,40.08,39.13,40.11,39.01,1641531600000000000,4327
SUMO,999033,12.3,12.14,12.68,11.95,1641531600000000000,9481
SUMR,2572,10.13,10.44,10.47,10.13,1641531600000000000,26
SUN,364740,42.13,42.22,42.31,41.81,1641531600000000000,2394
SUNL,1455701,4.28,3.88,4.28,3.81,1641531600000000000,8230
SUNL.WS,1160,0.540001,0.54,0.540001,0.54,1641531600000000000,5
SUNS,44842,14.14,14.3,14.5275,14.14,1641531600000000000,425
SUNW,762122,2.87,2.82,2.99,2.815,1641531600000000000,4319
SUNY,2,9.675,9.675,9.675,9.675,1641531600000000000,1
SUP,251236,4.92,4.93,5,4.84,1641531600000000000,950
SUPN,299852,28.4,29.73,29.82,28.06,1641531600000000000,5568
SUPV,128687,1.92,1.99,2.005,1.92,1641531600000000000,620
SURF,661158,4.62,4.49,4.78,4.46,1641531600000000000,5101
SURG,94113,2.01,1.93,2.07,1.92,1641531600000000000,234
SUSA,2471258,103.92,103.13,104.09,102.85,1641531600000000000,3177
SUSB,227101,25.53,25.53,25.54,25.51,1641531600000000000,789
SUSC,342461,26.87,26.81,26.88,26.7521,1641531600000000000,1569
SUSL,25883,82.39,81.98,82.53,81.74,1641531600000000000,285
SUZ,615504,10.49,10.54,10.6,10.44,1641531600000000000,3480
SV,93191,10.08,10.07,10.08,10.04,1641531600000000000,338
SVAL,33963,32.91,32.69,32.9388,32.57,1641531600000000000,235
SVC,2425453,9.7,9.7,9.935,9.67,1641531600000000000,11997
SVFA,152230,9.96,10,10.0192,9.955,1641531600000000000,717
SVFAU,15295,10.17,10.17,10.27,10.17,1641531600000000000,145
SVFAW,33781,1.1,1.04,1.1,1.04,1641531600000000000,213
SVFB,7649,9.87,9.9,9.9,9.81,1641531600000000000,63
SVFC,26332,9.98,9.98,10.0096,9.98,1641531600000000000,49
SVFD,9263,4.13,4.15,4.46,4.06,1641531600000000000,59
SVM,1114511,3.38,3.42,3.45,3.35,1641531600000000000,5105
SVNA,5612,9.87,9.87,9.97,9.86,1641531600000000000,68
SVNAU,144,10.09,10.09,10.09,10.09,1641531600000000000,2
SVNAW,1600,0.51,0.51,0.51,0.51,1641531600000000000,7
SVOL,15898,27.07,27.1919,27.1919,26.87,1641531600000000000,121
SVRA,169228,1.27,1.31,1.34,1.27,1641531600000000000,770
SVSVW,27318,1.325,1.22,1.355,1.2,1641531600000000000,128
SVT,3701,13.39,13.5436,13.5436,13.03,1641531600000000000,53
SVVC,20778,4.13,4.1601,4.1699,4.11,1641531600000000000,82
SVXY,4009799,60,60.855,60.97,59.24,1641531600000000000,51918
SWAG,1867,9.86,9.9,9.9,9.86,1641531600000000000,17
SWAGU,200,10.11,10.11,10.11,10.11,1641531600000000000,1
SWAGW,1600,0.579,0.5201,0.5847,0.5201,1641531600000000000,8
SWAN,162017,33.59,33.47,33.6356,33.4,1641531600000000000,529
SWAR,2068,20.62,20.2842,20.62,20.2842,1641531600000000000,46
SWAV,580831,177.04,169.02,178.43,167.07,1641531600000000000,13193
SWBI,803400,17.93,17.63,17.99,17.5,1641531600000000000,9136
SWCH,838821,26.63,26.4,26.75,26.08,1641531600000000000,8830
SWET,114,9.7898,9.7898,9.7898,9.7898,1641531600000000000,6
SWETU,800,10.05,10.06,10.06,10.05,1641531600000000000,8
SWETW,2400,0.6347,0.6001,0.6347,0.6,1641531600000000000,6
SWI,791750,13.74,14.04,14.2,13.74,1641531600000000000,6553
SWIM,8283594,19.75,20.37,20.65,19.27,1641531600000000000,60564
SWIR,270904,17.14,16.92,17.34,16.8672,1641531600000000000,3077
SWK,1116381,191.95,189.29,193.815,189.21,1641531600000000000,19920
SWKH,6954,19.88,19.87,19.88,19.3007,1641531600000000000,78
SWKS,1681221,158.71,154.21,159.78,154.09,1641531600000000000,29870
SWM,175909,31.2,31.35,31.89,31.13,1641531600000000000,2710
SWN,14116577,4.49,4.45,4.54,4.42,1641531600000000000,33629
SWSS,2385,9.81,9.83,9.83,9.81,1641531600000000000,30
SWSSW,1585,0.52,0.4993,0.52,0.4993,1641531600000000000,6
SWT,27218,109.63,109.82,109.855,109.6,1641531600000000000,51
SWTX,265629,59.22,56.06,60.92,55.78,1641531600000000000,4987
SWX,177853,67.66,68.23,68.4385,67.53,1641531600000000000,2607
SWZ,12939,9.87,9.8299,9.87,9.82,1641531600000000000,73
SXC,506408,6.99,7.08,7.13,6.94,1641531600000000000,3673
SXI,37737,110.19,110.39,111.3,110.03,1641531600000000000,1302
SXQG,2825,25.6,25.5847,25.72,25.5847,1641531600000000000,6
SXT,112648,96.48,95.56,97.03,95.32,1641531600000000000,2521
SXTC,219313,0.5238,0.532,0.56,0.52,1641531600000000000,655
SXUS,1708,21.66,21.67,21.73,21.66,1641531600000000000,30
SY,173463,3.15,3.04,3.22,3.04,1641531600000000000,1129
SYBT,54953,67.02,65.76,67.24,65.63,1641531600000000000,1549
SYBX,71557,2.17,2.18,2.3,2.14,1641531600000000000,634
SYF,5424153,47.24,48.21,48.9,47.09,1641531600000000000,44560
SYFpA,31702,26.5,26.31,26.6111,26.14,1641531600000000000,255
SYK,1784613,268.26,263.57,271.07,262.76,1641531600000000000,31505
SYLD,61212,66.06,65.7,66.15,65.387,1641531600000000000,543
SYN,1467153,0.2893,0.2779,0.2893,0.2686,1641531600000000000,1813
SYNA,362956,257.46,252.09,260.17,248,1641531600000000000,9653
SYNH,483152,95.31,91.8,95.68,91.73,1641531600000000000,8152
SYNL,19508,16.39,16.362,16.7,16.2,1641531600000000000,203
SYPR,32746,2.39,2.36,2.47,2.3,1641531600000000000,177
SYRS,268144,3.47,3.5,3.65,3.445,1641531600000000000,2416
SYTA,19023482,1.8,1.87,1.95,1.78,1641531600000000000,58420
SYTAW,191932,0.54,0.5235,0.6,0.501,1641531600000000000,538
SYUS,5,45.1541,45.1541,45.1541,45.1541,1641531600000000000,1
SYY,3376533,79.68,80.46,80.94,79.65,1641531600000000000,25879
SZC,30728,45.99,46.15,46.6964,45.0577,1641531600000000000,601
SZK,5615,11.1,11.2712,11.29,11.1,1641531600000000000,60
SZNE,2464,39.47,39.1654,39.47,39.1654,1641531600000000000,33
SZZLU,187,10.13,10.13,10.13,10.13,1641531600000000000,4
T,74027897,25.91,26.29,26.515,25.77,1641531600000000000,231237
TpA,45312,26,26.13,26.18,25.91,1641531600000000000,283
TpC,90496,25.49,25.67,25.69,25.3805,1641531600000000000,763
TA,118399,48.54,47.5,49.03,47.1,1641531600000000000,2601
TAC,207482,10.79,11,11.04,10.71,1641531600000000000,2231
TACA,200,9.98,10,10,9.98,1641531600000000000,2
TACA.WS,2309,0.5315,0.528312,0.54,0.528312,1641531600000000000,9
TACO,1375784,12.46,12.47,12.49,12.46,1641531600000000000,4620
TACT,11738,10.57,10.1,10.57,10.1,1641531600000000000,219
TADS,43791,0.441,0.3887,0.441,0.362001,1641531600000000000,287
TAGG,820,49.17,49.1898,49.2,49.17,1641531600000000000,9
TAGS,4635,26.76,27.1252,27.1599,26.73,1641531600000000000,28
TAIL,151977,17.67,17.61,17.67,17.58,1641531600000000000,1144
TAIT,6341,4.03,4.01,4.05,3.95,1641531600000000000,122
TAK,3210862,13.76,13.91,13.965,13.69,1641531600000000000,14026
TAL,11994752,3.54,3.42,3.62,3.395,1641531600000000000,35408
TALK,406822,1.83,1.82,1.9,1.815,1641531600000000000,2069
TALKW,46443,0.2198,0.2297,0.2398,0.2011,1641531600000000000,44
TALO,3000373,10.89,10.93,11.02,10.37,1641531600000000000,22465
TALS,28557,14.43,13.63,14.56,13.33,1641531600000000000,731
TAN,1024217,70.5,70.75,72.54,70.3,1641531600000000000,13171
TANH,509543,0.4302,0.4302,0.453,0.43,1641531600000000000,1463
TANNI,1359,26.0846,26.1,26.25,26.0846,1641531600000000000,23
TANNL,4540,25.89,25.9,25.95,25.825,1641531600000000000,37
TANNZ,839,25.66,25.75,25.75,25.66,1641531600000000000,10
TAOP,317581,1.62,1.59,1.91,1.59,1641531600000000000,817
TAP,2922409,49.87,50.64,50.98,49.85,1641531600000000000,29790
TAP.A,881,56.75,56.05,56.75,56,1641531600000000000,40
TARA,18981,6.29,6.27,6.29,6.13,1641531600000000000,280
TARO,12275,48.7948,48.75,49.03,47.86,1641531600000000000,283
TARS,8544,22.75,22.83,22.83,22.3307,1641531600000000000,157
TASK,545409,46.83,46.1,49.3599,45.6,1641531600000000000,6818
TAST,192333,2.99,2.9,3.01,2.89,1641531600000000000,2227
TATT,1518,6.41,6.58,6.59,6.36,1641531600000000000,36
TAXF,71440,55.06,55.005,55.06,54.9801,1641531600000000000,89
TAYD,261,10.47,10.47,10.47,10.47,1641531600000000000,20
TBB,51916,25.95,25.97,26.02,25.83,1641531600000000000,365
TBBK,498351,27.11,27.28,27.59,26.89,1641531600000000000,5439
TBC,51568,26.6,26.63,26.675,26.4631,1641531600000000000,432
TBCP,21243,9.77,9.78,9.78,9.77,1641531600000000000,110
TBCPU,23631,9.95,9.98,9.98,9.95,1641531600000000000,102
TBCPW,3771,0.8333,0.8,0.85,0.8,1641531600000000000,26
TBF,1655582,16.57,16.67,16.76,16.565,1641531600000000000,2745
TBI,175761,28.5,27.36,28.53,27.16,1641531600000000000,2591
TBJL,433,24.006,24.025,24.025,24.006,1641531600000000000,3
TBK,95098,119.25,119.24,121.2521,118.47,1641531600000000000,2498
TBKCP,5738,27.6699,27.69,27.69,27.1692,1641531600000000000,40
TBLA,873844,6.72,6.74,6.9,6.69,1641531600000000000,4726
TBLAW,3042,1.31,1.31,1.3105,1.29,1641531600000000000,11
TBLD,72430,19.04,18.97,19.04,18.97,1641531600000000000,349
TBLT,569661,0.38,0.372,0.38,0.3676,1641531600000000000,1166
TBLTW,8000,0.1321,0.166,0.166,0.1318,1641531600000000000,6
TBNK,15923,25.61,25.45,25.82,25.21,1641531600000000000,431
TBPH,2482419,12.58,12.96,13.17,12.56,1641531600000000000,17748
TBSA,2101,9.77,9.77,9.77,9.77,1641531600000000000,8
TBT,8808319,18.06,18.25,18.45,18.035,1641531600000000000,16603
TBUX,1650,49.745,49.785,49.799,49.745,1641531600000000000,20
TBX,34289,24.73,24.7903,24.82,24.73,1641531600000000000,153
TC,17580,3.02,2.99,3.039,2.9753,1641531600000000000,73
TCBC,2714,13.58,13.7,13.7,13.5001,1641531600000000000,17
TCBI,388654,65.74,66.01,66.84,65.3,1641531600000000000,5627
TCBIO,14378,26.07,26.83,26.8313,26.07,1641531600000000000,53
TCBK,66170,45.45,45.02,45.45,44.5,1641531600000000000,1207
TCBS,2317,15.6,15.6,15.6,15.5999,1641531600000000000,24
TCBX,19623,26,25.76,26,25.51,1641531600000000000,388
TCDA,222644,9.07,9.06,9.33,8.9198,1641531600000000000,2601
TCFC,5070,39.91,39.4,39.91,39.4,1641531600000000000,176
TCHP,70096,31.6,31.23,31.7,31.03,1641531600000000000,639
TCI,1430,40,39.99,40,39.61,1641531600000000000,31
TCMD,294991,17.95,18,18.495,17.54,1641531600000000000,3030
TCN,396133,15.43,15.08,15.45,14.93,1641531600000000000,3116
TCOA.U,1044,10.05,10,10.05,10,1641531600000000000,9
TCOM,4353560,25.42,25.02,25.8,24.75,1641531600000000000,41575
TCON,135787,2.49,2.37,2.5209,2.35,1641531600000000000,501
TCPC,123338,13.58,13.64,13.64,13.52,1641531600000000000,1328
TCRR,390277,4.17,4.13,4.3,4.11,1641531600000000000,3775
TCRX,18041,4.63,4.58,4.81,4.35,1641531600000000000,193
TCS,506245,11.3,11.2,11.55,11.09,1641531600000000000,6112
TCTL,198,33.88,33.8496,33.88,33.8496,1641531600000000000,5
TCVA,60794,9.75,9.79,9.8,9.75,1641531600000000000,87
TCX,17799,81.83,81.61,82.84,81.39,1641531600000000000,387
TD,3396732,78.73,79.21,79.42,78.275,1641531600000000000,17483
TDC,586288,42.65,42.38,43.24,42.16,1641531600000000000,7995
TDCX,143532,16.69,16.5,16.81,16.01,1641531600000000000,1717
TDF,64808,16.4,16.52,16.5937,16.4,1641531600000000000,491
TDG,313200,651.28,654.21,669.03,651.28,1641531600000000000,11323
TDIV,101121,62.55,62.16,62.764,61.91,1641531600000000000,710
TDOC,3831012,81.6,82.18,85.98,81.43,1641531600000000000,55339
TDS,1214223,20.03,20.8,20.83,19.98,1641531600000000000,12234
TDSpU,10831,26.59,26.8963,27.06,26.59,1641531600000000000,140
TDSpV,69748,25.88,25.68,26.06,25.65,1641531600000000000,344
TDSA,458,25.6819,25.6634,25.6819,25.6634,1641531600000000000,7
TDSB,24010,25.66,25.5,25.72,25.5,1641531600000000000,75
TDSC,100458,27.53,27.4,27.5315,27.35,1641531600000000000,110
TDSD,39704,28.22,27.95,28.43,27.95,1641531600000000000,103
TDSE,38496,28.84,28.6059,28.84,28.605,1641531600000000000,28
TDTF,119451,27.56,27.535,27.589,27.5,1641531600000000000,446
TDTT,207337,26.13,26.11,26.14,26.08,1641531600000000000,541
TDUP,492483,11.66,11.7,12.41,11.53,1641531600000000000,6439
TDV,7312,65.79,65,65.93,64.95,1641531600000000000,137
TDVG,22135,34.68,34.613,34.71,34.6,1641531600000000000,146
TDW,103127,11.75,12.03,12.2,11.65,1641531600000000000,1189
TDW.WS.A,3388,0.54,0.5749,0.5749,0.54,1641531600000000000,16
TDW.WS.B,4431,0.365,0.365148,0.365148,0.365,1641531600000000000,9
TDY,160508,425.27,422.01,428.3379,421.53,1641531600000000000,5767
TEAF,30835,15.13,15.15,15.15,14.9591,1641531600000000000,172
TEAM,2219902,310.36,303.71,317.11,294.25,1641531600000000000,40001
TECB,40578,39.94,39.43,39.94,39.283,1641531600000000000,103
TECH,250094,424.88,415.28,426.365,411.74,1641531600000000000,9702
TECK,3129208,29.71,30.41,30.435,29.37,1641531600000000000,24085
TECL,2301812,76.57,74.49,77.65,73.1017,1641531600000000000,29725
TECS,2002876,31.23,32.05,32.58,30.75,1641531600000000000,12436
TECTP,2505,10.54,10.56,10.56,10.54,1641531600000000000,26
TEDU,97199,1.94,1.91,2.05,1.91,1641531600000000000,280
TEF,1275510,4.36,4.39,4.4,4.36,1641531600000000000,3514
TEGS,2264,7.37,7.26,7.37,7.26,1641531600000000000,28
TEI,178144,7.36,7.25,7.43,7.19,1641531600000000000,703
TEKK,4510,9.9,9.86,9.9,9.86,1641531600000000000,23
TEKKW,71499,0.619899,0.63,0.63,0.5803,1641531600000000000,110
TEL,1521912,160.92,158.57,162.06,158.24,1641531600000000000,23701
TELA,1579,12.26,12.3,12.37,12.1623,1641531600000000000,39
TELL,11729867,3.15,3,3.16,2.93,1641531600000000000,28620
TELZ,3099,25.02,25.01,25.1,25.005,1641531600000000000,31
TEMP,1136,46.54,46.4997,46.54,46.48,1641531600000000000,8
TEN,650542,13.23,12.86,13.43,12.83,1641531600000000000,6165
TENB,1056358,49.56,49.47,51.49,49.135,1641531600000000000,14024
TENG,513,28.712,28.712,28.712,28.712,1641531600000000000,29
TENX,129946,0.9136,0.8599,0.9136,0.85,1641531600000000000,362
TEO,46102,4.86,5,5.01,4.86,1641531600000000000,313
TEQI,20473,36.84,37.07,37.12,36.84,1641531600000000000,76
TER,1469396,162.57,158.27,163.9432,156.86,1641531600000000000,23314
TERN,45389,6.08,6.1,6.18,5.97,1641531600000000000,442
TESS,36669,6.34,6.5,6.57,6.07,1641531600000000000,235
TETCU,1000,9.92,9.92,9.92,9.92,1641531600000000000,3
TETCW,688,0.6402,0.6401,0.6402,0.6401,1641531600000000000,16
TEVA,10698752,8.52,8.85,8.93,8.52,1641531600000000000,48669
TEX,451171,45.97,45.44,46.6744,45.37,1641531600000000000,5793
TFC,7048286,63.72,65,65.19,63.41,1641531600000000000,72577
TFCpI,8926,25,25.11,25.19,25,1641531600000000000,81
TFCpO,72586,27.54,27.64,27.73,27.34,1641531600000000000,620
TFCpR,62766,26.24,26.37,26.46,26.04,1641531600000000000,476
TFFP,169270,7.12,7.44,7.57,7,1641531600000000000,1400
TFI,1341865,51.53,51.37,51.55,51.35,1641531600000000000,17073
TFII,263576,102.3,102.79,104.5,101.82,1641531600000000000,4242
TFJL,408,23.44,23.46,23.48,23.435,1641531600000000000,10
TFLO,15326,50.27,50.265,50.27,50.26,1641531600000000000,108
TFSL,155896,18.27,18.33,18.37,18.16,1641531600000000000,2250
TFX,423220,322.37,316.42,325,312.56,1641531600000000000,9937
TG,108355,12.12,12.19,12.28,12.02,1641531600000000000,1859
TGA,531143,3.35,3.18,3.37,3.16,1641531600000000000,2049
TGAAU,3145,9.99,9.99,9.99,9.99,1641531600000000000,21
TGB,1557039,2.07,2.06,2.0801,2,1641531600000000000,2659
TGH,301736,37.89,37.22,38.3,37.14,1641531600000000000,4810
TGHpB,8983,25.56,25.45,25.95,25.45,1641531600000000000,45
TGI,607385,20.42,20.7,21.2748,20.42,1641531600000000000,5501
TGIF,1402,102.96,103.18,103.4,102.96,1641531600000000000,202
TGLS,675109,24.83,23.09,25.0152,22.74,1641531600000000000,5643
TGNA,1052995,18.4,18.47,18.55,18.31,1641531600000000000,8399
TGP,955108,16.97,16.99,17,16.97,1641531600000000000,3169
TGPpA,12619,25.25,25.33,25.33,25.25,1641531600000000000,98
TGPpB,17924,26.2,26.24,26.29,26.15,1641531600000000000,146
TGRW,5544,31.63,31.3974,31.815,31.26,1641531600000000000,85
TGS,65172,4.24,4.41,4.539,4.24,1641531600000000000,462
TGT,3049172,230.18,230.78,233.2,229.1,1641531600000000000,44859
TGTX,999222,17.85,17.52,18.39,17.37,1641531600000000000,10028
TGVC,64104,9.86,9.86,9.86,9.86,1641531600000000000,66
TGVCW,100,0.4399,0.4399,0.4399,0.4399,1641531600000000000,1
TH,69271,3.525,3.56,3.69,3.51,1641531600000000000,439
THAC,2243,9.93,9.93,9.93,9.92,1641531600000000000,29
THACW,51783,0.4299,0.4101,0.4299,0.4101,1641531600000000000,47
THC,794849,77.18,74.88,77.6308,74.88,1641531600000000000,11154
THCA,6445,10.2,10.2,10.2002,10.2,1641531600000000000,17
THCP,1450,9.74,9.78,9.78,9.73,1641531600000000000,17
THCPU,4425,9.89,9.895,9.91,9.89,1641531600000000000,40
THCX,51166,8.1,8.19,8.44,8.1,1641531600000000000,545
THD,75093,75.14,75.47,75.55,74.345,1641531600000000000,688
THFF,67051,45.65,45.81,45.97,44.585,1641531600000000000,1642
THG,166189,134.32,136.56,136.57,134.32,1641531600000000000,3565
THM,94645,0.75,0.7374,0.7651,0.7203,1641531600000000000,183
THMO,39030,1.03,1.015,1.035,1,1641531600000000000,132
THNQ,3758,41.03,40.605,41.5,40.6,1641531600000000000,102
THO,1079536,106.77,106.42,108.36,104.55,1641531600000000000,16324
THQ,75686,24.1,23.93,24.24,23.93,1641531600000000000,612
THR,46999,17.06,16.94,17.21,16.885,1641531600000000000,970
THRM,216368,86.58,86.11,87.98,85.83,1641531600000000000,4088
THRN,64940,6.28,6.14,6.28,6.04,1641531600000000000,1100
THRX,141869,9.69,9.83,10.0357,9.16,1641531600000000000,1647
THRY,207846,37.79,37.5,38.76,37.28,1641531600000000000,3400
THS,375456,42.38,44.02,44.189,42.38,1641531600000000000,5260
THTX,59107,2.87,2.89,2.97,2.86,1641531600000000000,290
THW,141999,15.66,15.67,15.71,15.62,1641531600000000000,782
THWWW,68419,0.3242,0.2323,0.3242,0.2001,1641531600000000000,146
THY,8483,24.33,24.2,24.33,24.19,1641531600000000000,51
TIG,79696,8.1,8.34,8.59,7.95,1641531600000000000,885
TIGO,140905,29.14,29.08,29.23,28.84,1641531600000000000,1509
TIGR,3276341,4.41,4.33,4.59,4.3,1641531600000000000,14230
TIL,331437,15.12,14.38,15.315,14.325,1641531600000000000,4353
TILE,206108,15.71,15.28,15.73,15.26,1641531600000000000,3004
TILT,5236,180.45,180,181.14,179.43,1641531600000000000,81
TIMB,716191,10.99,11.02,11.18,10.9,1641531600000000000,3915
TINT,0,40.6812,40.6812,40.6812,40.6812,1641531600000000000,0
TINV,845451,10.14,10.16,10.16,10.14,1641531600000000000,13
TINV.U,400,10.4601,10.625,10.625,10.46,1641531600000000000,4
TINY,471,41.18,40.93,41.18,40.93,1641531600000000000,14
TIOA,2059,9.73,9.73,9.74,9.73,1641531600000000000,18
TIOAU,2015,10,10,10,10,1641531600000000000,4
TIP,8132959,126.33,126.23,126.41,126.04,1641531600000000000,38291
TIPT,45977,13.22,13.39,13.56,13.06,1641531600000000000,670
TIPX,488868,20.86,20.84,20.87,20.81,1641531600000000000,1195
TIPZ,59746,64.34,64.32,64.405,64.226,1641531600000000000,441
TIRX,404633,1.56,1.58,1.73,1.52,1641531600000000000,808
TISI,301134,1.23,1.17,1.245,1.16,1641531600000000000,1283
TITN,133122,34.02,33.45,34.67,33.22,1641531600000000000,2347
TIVC,338445,3.49,3.21,3.49,3.16,1641531600000000000,1207
TIXT,76223,30.45,30.13,30.53,29.97,1641531600000000000,1279
TJX,5428941,74.93,74.38,75.42,74.195,1641531600000000000,50624
TK,241063,3.28,3.3,3.32,3.25,1641531600000000000,1360
TKAT,659765,3.58,3.37,3.88,3.37,1641531600000000000,3180
TKC,831513,3.57,3.6,3.61,3.55,1641531600000000000,3428
TKNO,46790,18.07,17.35,18.07,16.34,1641531600000000000,1049
TKR,746861,73.75,74.07,75.5,73.66,1641531600000000000,10565
TLGA,257,9.73,9.73,9.73,9.73,1641531600000000000,11
TLGA.WS,28366,0.52,0.5,0.527476,0.49,1641531600000000000,24
TLH,43876,144.27,143.54,144.41,143.1,1641531600000000000,623
TLIS,153134,3.44,3.31,3.63,3.2538,1641531600000000000,1322
TLK,104697,29,28.99,29.11,28.85,1641531600000000000,1416
TLMD,1417650,1.21,1.17,1.28,1.11,1641531600000000000,3647
TLMDW,14799,0.16,0.1649,0.1649,0.1261,1641531600000000000,38
TLRY,27138123,6.51,6.42,6.77,6.29,1641531600000000000,82485
TLS,844967,13.8,13.72,14.08,13.4443,1641531600000000000,6899
TLSA,52520,0.99,0.9948,1.021,0.98,1641531600000000000,266
TLT,18756845,143.13,142.26,143.236,141.56,1641531600000000000,96822
TLTD,12975,72.02,72.3147,72.42,71.86,1641531600000000000,48
TLTE,3724,58.94,59.3122,59.33,58.94,1641531600000000000,46
TLYS,390555,15.95,15.62,16.03,15.21,1641531600000000000,4872
TM,370736,200.68,200.44,201.99,198.72,1641531600000000000,10214
TMAC,564395,9.71,9.76,9.76,9.71,1641531600000000000,36
TMAC.U,24400,10.02,10.02,10.07,9.99,1641531600000000000,21
TMAC.WS,551,0.62,0.6599,0.6599,0.62,1641531600000000000,8
TMAT,6086,19.19,18.9471,19.28,18.9471,1641531600000000000,43
TMBR,783988,0.3804,0.3833,0.4,0.368,1641531600000000000,776
TMC,1370104,1.8,1.73,1.845,1.7,1641531600000000000,4854
TMCI,306130,19.31,17.63,20.34,17.475,1641531600000000000,5558
TMCWW,12982,0.2401,0.2398,0.2401,0.2125,1641531600000000000,35
TMDI,420576,0.6453,0.6286,0.65,0.615101,1641531600000000000,753
TMDV,1191,50.6938,50.7255,50.74,50.66,1641531600000000000,13
TMDX,169643,18.18,17.38,18.65,17.2501,1641531600000000000,2655
TME,12071622,6.69,6.75,7.01,6.57,1641531600000000000,42705
TMF,2002441,25.37,24.93,25.4198,24.52,1641531600000000000,11186
TMFC,34376,42.43,42.24,42.43,42,1641531600000000000,536
TMFE,2235,19.07,18.9962,19.07,18.9962,1641531600000000000,83
TMFG,9598,31.5,30.4882,31.5,30.45,1641531600000000000,71
TMFM,10436,27.92,27.8571,28.27,27.8571,1641531600000000000,68
TMFS,110737,34.82,33.8803,34.82,33.831,1641531600000000000,186
TMFX,18402,19.09,18.7885,19.15,18.77,1641531600000000000,123
TMHC,889446,32.61,30.84,32.65,30.815,1641531600000000000,8318
TMKR,450,9.86,9.85,9.86,9.84,1641531600000000000,6
TMKRU,5460,10.06,10.08,10.08,10.06,1641531600000000000,7
TMKRW,20231,0.5,0.4949,0.51,0.47,1641531600000000000,46
TMO,1729449,621,607.07,621.475,606.1902,1641531600000000000,41207
TMP,15546,86,86.3,86.42,85.52,1641531600000000000,739
TMPM,301,9.8,9.8262,9.8262,9.8,1641531600000000000,3
TMPMW,521,0.6739,0.65,0.6739,0.65,1641531600000000000,7
TMQ,110467,1.52,1.59,1.61,1.5,1641531600000000000,589
TMST,481672,17.29,17.12,17.65,17,1641531600000000000,5468
TMUS,11685559,112.07,109.74,113.54,108.55,1641531600000000000,116609
TMV,369800,60.08,61.15,62.03,59.975,1641531600000000000,3487
TMX,1083906,43.33,43.57,44.2795,43.33,1641531600000000000,10475
TNA,15827411,79.9,77.15,81.85,77.01,1641531600000000000,144639
TNC,33883,81.99,81.79,82.575,81.4849,1641531600000000000,1051
TNDM,593022,135.66,131.29,137.405,130.6,1641531600000000000,10131
TNET,166358,92.26,90.28,92.93,90.18,1641531600000000000,3355
TNGX,104057,9.9,9.13,9.9,8.86,1641531600000000000,1598
TNK,125051,11.62,11.71,11.75,11.4,1641531600000000000,1457
TNL,1065764,57.11,57.58,58.6376,56.86,1641531600000000000,12458
TNP,116150,7.76,8.17,8.27,7.745,1641531600000000000,1342
TNPpD,1073,23.9294,23.8101,23.9294,23.81,1641531600000000000,11
TNPpE,18615,23.94,23.92,23.94,23.7465,1641531600000000000,323
TNPpF,13124,24.1565,24.2637,24.3,24.14,1641531600000000000,95
TNXP,7200113,0.3409,0.3384,0.35,0.329,1641531600000000000,12861
TNYA,219233,13.75,13.55,14.53,13.21,1641531600000000000,3180
TOAC,105,9.97,9.97,9.97,9.97,1641531600000000000,2
TOACU,548,10.1,10.1,10.1,10.1,1641531600000000000,1
TOACW,104400,0.45,0.45,0.45,0.45,1641531600000000000,172
TOI,85102,8.99,8.93,8.99,8.28,1641531600000000000,1215
TOIIW,49683,0.99,0.92,1,0.91,1641531600000000000,238
TOK,1251,100.12,100.0467,100.12,99.84,1641531600000000000,33
TOKE,8255,12,12.15,12.25,12,1641531600000000000,131
TOL,2209155,68.44,65.54,68.44,65.47,1641531600000000000,31314
TOLZ,14829,47.19,47.49,47.62,47.12,1641531600000000000,76
TOMZ,93375,1.43,1.41,1.4346,1.37,1641531600000000000,422
TOPS,324193,0.88,0.91,0.91,0.88,1641531600000000000,962
TOST,2332732,28.91,28.4,30.03,28.01,1641531600000000000,20923
TOTL,269923,46.96,46.87,46.9799,46.8633,1641531600000000000,1184
TOTR,2716,49.1699,49.1987,49.1987,49.149,1641531600000000000,29
TOUR,178956,1.01,1.05,1.09,1.01,1641531600000000000,659
TOWN,404366,33.3,33.34,33.45,33.1321,1641531600000000000,4637
TPAY,821,37.49,37.4543,37.49,37.29,1641531600000000000,20
TPB,190340,35.8,37.21,37.59,35.8,1641531600000000000,2757
TPBA,173028,9.8,9.71,9.8,9.71,1641531600000000000,13
TPC,182963,12.51,12.17,12.57,12.14,1641531600000000000,1972
TPGY,638709,9.87,9.85,9.91,9.84,1641531600000000000,2188
TPGY.U,5695,9.9,9.99,10.01,9.9,1641531600000000000,29
TPGY.WS,44750,0.81,0.763,0.829901,0.76,1641531600000000000,81
TPH,1226357,26.3,25.36,26.49,25.35,1641531600000000000,12672
TPHD,17019,32.75,32.41,32.75,32.41,1641531600000000000,161
TPHE,10150,26.9251,26.9785,27.05,26.89,1641531600000000000,68
TPHS,39329,1.76,1.74,1.79,1.74,1641531600000000000,90
TPIC,585098,13.92,14.01,14.48,13.77,1641531600000000000,6477
TPIF,36253,28.775,28.96,28.975,28.7,1641531600000000000,181
TPL,24843,1270.19,1260.1,1270.19,1252.3,1641531600000000000,1969
TPLC,11259,37.93,37.23,37.93,37.23,1641531600000000000,151
TPLE,2981,26.47,26.3651,26.47,26.325,1641531600000000000,49
TPOR,31073,51.11,50.38,51.3442,49.685,1641531600000000000,579
TPR,3045783,41.18,39.34,41.38,39.32,1641531600000000000,28860
TPSC,3397,35.77,35.4232,35.77,35.4232,1641531600000000000,60
TPST,16898,4.7566,4.625,4.84,4.59,1641531600000000000,122
TPTA,1100,25.025,24.91,25.025,24.91,1641531600000000000,6
TPTX,506561,45.34,42.95,46.37,42.45,1641531600000000000,4694
TPVG,97466,17.25,17.28,17.35,17.1327,1641531600000000000,919
TPX,1596930,47.08,44.84,47.185,44.82,1641531600000000000,15262
TPYP,77194,23.01,23.25,23.29,22.9835,1641531600000000000,342
TPZ,9020,13.91,14.02,14.08,13.91,1641531600000000000,146
TQQQ,71164895,148.9,144.07,150.94,142,1641531600000000000,837623
TR,108659,35.65,36.36,36.85,35.47,1641531600000000000,2983
TRAQ.U,996500,10.12,10.12,10.12,10.12,1641531600000000000,2
TRAQ.WS,194117,0.5888,0.55,0.5888,0.55,1641531600000000000,100
TRC,30903,18.34,18.15,18.3809,18.05,1641531600000000000,476
TRCA,113637,9.71,9.72,9.73,9.71,1641531600000000000,20
TRCA.U,7374,9.85,9.9,9.9,9.85,1641531600000000000,22
TRCA.WS,65000,0.56,0.54,0.5899,0.54,1641531600000000000,57
TRDA,104382,12.85,11.84,13.4571,11.5,1641531600000000000,1770
TRDF,41360,24.34,24.4101,24.52,24.34,1641531600000000000,28
TREB,870856,9.96,9.96,9.98,9.96,1641531600000000000,495
TREB.WS,73305,1.19,1.19,1.23,1.19,1641531600000000000,38
TREC,14961,8.5649,8.24,8.5649,8.13,1641531600000000000,137
TREE,200703,130.5,130.21,133.41,128.91,1641531600000000000,4855
TREX,1146666,123.09,116.94,124.8,116.75,1641531600000000000,13908
TRGP,1377946,55.81,55.91,56.27,55.23,1641531600000000000,14924
TRHC,255532,13.85,14.66,14.89,13.63,1641531600000000000,3738
TRI,289768,113.29,112.66,113.29,112.16,1641531600000000000,5328
TRIB,119937,1.42,1.31,1.44,1.3,1641531600000000000,283
TRIN,42895,17.67,18.12,18.2646,17.42,1641531600000000000,366
TRIP,1647745,27.99,28.23,28.51,27.675,1641531600000000000,18124
TRIS,100,9.75,9.75,9.75,9.75,1641531600000000000,1
TRIS.U,1800,10.07,10.07,10.07,10.07,1641531600000000000,1
TRIS.WS,7100,0.51,0.49,0.51,0.49,1641531600000000000,14
TRIT,149287,2.25,2.28,2.355,2.25,1641531600000000000,1050
TRITW,9211,0.3289,0.35,0.35,0.325,1641531600000000000,39
TRKA,368081,1.0535,1.13,1.19,1.04,1641531600000000000,737
TRKAW,71919,0.2899,0.25,0.2918,0.2486,1641531600000000000,87
TRMB,1312116,81.6,79.14,82.06,78.92,1641531600000000000,18164
TRMD,86746,7.94,7.94,8,7.8,1641531600000000000,740
TRMK,172538,34.95,35.04,35.25,34.125,1641531600000000000,3748
TRMR,80936,14.07,14.15,14.24,13.98,1641531600000000000,1001
TRN,721655,31.23,31.17,31.53,30.91,1641531600000000000,8140
TRND,10332,31.13,30.902,31.13,30.841,1641531600000000000,13
TRNO,409082,79.69,78.33,80.15,78.3,1641531600000000000,5824
TRNS,18411,90.6,87.76,90.6,87.35,1641531600000000000,597
TRON,2152,9.9,9.93,9.93,9.9,1641531600000000000,29
TROO,136199,5,4.97,5.4,4.9202,1641531600000000000,786
TROW,970665,190.5,191.58,192.32,187.94,1641531600000000000,18650
TROX,449669,24.01,24.2,24.49,23.94,1641531600000000000,6402
TRP,2513568,47.69,48.81,48.8699,47.52,1641531600000000000,25291
TRPL,0,42.4464,42.4464,42.4464,42.4464,1641531600000000000,0
TRQ,510722,15.43,15.4,15.57,15.01,1641531600000000000,4778
TRS,70696,36.08,35.77,36.3,35.505,1641531600000000000,1311
TRST,36494,35,35.29,35.43,34.89,1641531600000000000,608
TRT,686147,10.4,9.95,11.3,9.8,1641531600000000000,3202
TRTL,108327,9.712,9.71,9.72,9.7,1641531600000000000,10
TRTN,289009,61.81,61.75,62.7,61.7,1641531600000000000,5348
TRTNpA,1533,27.39,27.36,27.39,27.36,1641531600000000000,11
TRTNpB,3251,27.01,26.98,27.01,26.9172,1641531600000000000,41
TRTNpC,4405,26.9899,26.88,26.9899,26.88,1641531600000000000,18
TRTNpD,24838,26.208,26.43,26.43,26.17,1641531600000000000,149
TRTNpE,2148,26.255,26.0724,26.2908,25.73,1641531600000000000,41
TRTX,194242,12.65,12.71,12.91,12.58,1641531600000000000,2184
TRTXpC,2550,23.915,23.8515,23.926,23.8301,1641531600000000000,19
TRTY,8552,27.55,27.4,27.55,27.3171,1641531600000000000,67
TRU,1240314,115.65,111.36,116.86,109.96,1641531600000000000,18042
TRUE,868195,3.67,3.76,3.78,3.62,1641531600000000000,4965
TRUP,367816,115.19,109.02,120.155,108.63,1641531600000000000,6941
TRV,1699659,162.255,166.24,166.68,161.49,1641531600000000000,20770
TRVG,483972,2.25,2.28,2.2969,2.18,1641531600000000000,2809
TRVI,49349,0.8315,0.7899,0.8607,0.76,1641531600000000000,240
TRVN,554485,0.6167,0.6205,0.63,0.605,1641531600000000000,2488
TRX,262692,0.4,0.405,0.41,0.3854,1641531600000000000,609
TRYP,45221,4.66,4.82,4.84,4.66,1641531600000000000,246
TS,2342556,22.1,22.42,22.49,21.99,1641531600000000000,16346
TSAT,47439,28.69,28.68,29.97,28.65,1641531600000000000,1591
TSBK,8452,29.19,29.5,29.86,29.12,1641531600000000000,304
TSC,215875,31.83,32.35,32.41,31.83,1641531600000000000,3284
TSCAP,1496,25.95,26.2,26.2,25.95,1641531600000000000,11
TSCBP,3395,26.06,26.31,26.31,26.06,1641531600000000000,25
TSCO,830567,230.84,228.38,231.58,225.24,1641531600000000000,18219
TSE,376479,57.05,57.15,58.25,56.8775,1641531600000000000,5723
TSEM,536658,39.87,39.15,40.1666,38.621,1641531600000000000,7106
TSHA,91201,10.86,10.78,11.28,10.21,1641531600000000000,1480
TSI,42053,5.6,5.58,5.6299,5.56,1641531600000000000,91
TSIB,5752,9.8,9.8,9.8,9.795,1641531600000000000,65
TSIBW,200,0.7712,0.7713,0.7713,0.7712,1641531600000000000,2
TSJA,871,29.1701,29.1,29.1701,29.1,1641531600000000000,5
TSLA,27957050,1080.37,1026.96,1080.9299,1010,1641531600000000000,823556
TSLX,343236,23.85,23.91,23.935,23.74,1641531600000000000,3409
TSM,21115597,126.55,123.5,127.14,123.31,1641531600000000000,175446
TSN,1750960,90.81,91.01,91.69,90.35,1641531600000000000,18186
TSOC,391,31.9,31.8989,31.9899,31.8989,1641531600000000000,4
TSP,2761248,28.4,27.81,29.49,27.24,1641531600000000000,29913
TSPA,1596,27.85,27.7906,27.85,27.79,1641531600000000000,23
TSPQ,111,9.72,9.72,9.72,9.72,1641531600000000000,4
TSPQ.WS,26672,0.61,0.6,0.61,0.6,1641531600000000000,5
TSQ,23711,12.15,11.95,12.18,11.8,1641531600000000000,279
TSRI,9817,8.68,8.75,9.095,8.68,1641531600000000000,82
TSVT,342230,25,23.89,26.24,23.68,1641531600000000000,5004
TT,1110638,194.76,189.27,195.3227,189.16,1641531600000000000,19294
TTAC,25780,53.6815,53.48,53.76,53.4405,1641531600000000000,86
TTAI,902,35.6644,35.69,35.73,35.6644,1641531600000000000,7
TTC,466862,97.87,97.5,98.4497,96.29,1641531600000000000,7082
TTCF,531898,14.48,14.55,14.9347,14.44,1641531600000000000,7689
TTD,6357319,78,78.94,82.4,77.4201,1641531600000000000,66353
TTE,1782439,52.55,52.97,53.05,52.18,1641531600000000000,16530
TTEC,118027,89.94,86.26,90.59,86.25,1641531600000000000,2706
TTEK,242936,156.04,152.93,156.79,152.84,1641531600000000000,6717
TTGT,155815,89.03,84.25,90.81,84.09,1641531600000000000,4208
TTI,687015,3.14,3.09,3.14,3.01,1641531600000000000,3342
TTM,598016,32.81,32.88,32.92,32.37,1641531600000000000,5981
TTMI,1003305,15.8,15.52,15.83,15.51,1641531600000000000,8668
TTNP,104842,1.02,1.0379,1.07,1.02,1641531600000000000,368
TTOO,931122,0.466,0.468,0.49,0.466,1641531600000000000,1978
TTP,7321,24.44,24.745,24.7701,23.55,1641531600000000000,54
TTSH,52837,6.96,6.95,7.04,6.8461,1641531600000000000,492
TTT,135818,34,34.61,35.14,33.96,1641531600000000000,1122
TTWO,913397,162.79,164.6,165.68,161.6,1641531600000000000,20512
TU,753252,23.26,23.45,23.5072,23.16,1641531600000000000,6141
TUEM,478349,2.11,2,2.11,1.95,1641531600000000000,1199
TUFN,113497,9.56,9.41,9.72,9.37,1641531600000000000,1596
TUGC,4890,9.83,9.83,9.83,9.83,1641531600000000000,10
TUGCU,1526,10.08,10.08,10.08,10.08,1641531600000000000,2
TUGCW,102,0.51,0.51,0.51,0.51,1641531600000000000,2
TUP,515296,15.58,15.53,15.85,15.36,1641531600000000000,5082
TUR,345896,19.86,19.9,19.99,19.63,1641531600000000000,2174
TURN,5695,7.56,7.5,7.5793,7.5,1641531600000000000,42
TUSA,732,49.92,49.56,49.92,49.56,1641531600000000000,11
TUSK,57402,1.98,1.97,2.02,1.87,1641531600000000000,454
TUYA,2215630,5.04,5.44,5.5387,5.04,1641531600000000000,16077
TV,1960508,9.76,10.01,10.04,9.72,1641531600000000000,11267
TVAC,426,10.14,10.14,10.14,10.14,1641531600000000000,30
TVACW,3972,0.8927,0.88,0.8927,0.88,1641531600000000000,12
TVC,5637,25.3739,25.4091,25.45,25.37,1641531600000000000,57
TVE,6642,25.4,25.43,25.53,25.31,1641531600000000000,55
TVTX,307104,29.27,27.83,30.1,27.76,1641531600000000000,4518
TVTY,362759,25.64,24.81,25.97,24.72,1641531600000000000,4473
TW,770317,91,91.5,91.8,90.51,1641531600000000000,9873
TWCB,200,9.72,9.72,9.72,9.72,1641531600000000000,2
TWCBW,200,0.8201,0.8201,0.8201,0.8201,1641531600000000000,1
TWI,499102,11.39,11.06,11.39,10.8405,1641531600000000000,4236
TWIN,10038,11.52,11.45,11.7097,11.17,1641531600000000000,105
TWIO,7425,10.33,10.3671,10.3671,10.33,1641531600000000000,2
TWKS,378451,24.4,24.09,24.88,23.21,1641531600000000000,5193
TWLO,2700876,239.12,230.2,244.81,228.55,1641531600000000000,53511
TWLV,667,9.705,9.73,9.73,9.705,1641531600000000000,7
TWLVW,200,0.565,0.565,0.565,0.565,1641531600000000000,1
TWM,2637075,13.36,13.66,13.69,13.15,1641531600000000000,5372
TWN,20536,36.45,36.62,36.91,36.02,1641531600000000000,127
TWND,13684,9.85,9.84,9.85,9.835,1641531600000000000,56
TWND.WS,9700,0.529699,0.5337,0.54245,0.52,1641531600000000000,26
TWNI.U,900,9.9,9.9,9.9,9.9,1641531600000000000,6
TWNI.WS,260,0.63,0.63,0.63,0.63,1641531600000000000,1
TWNK,751361,20.56,20.36,20.62,20.335,1641531600000000000,7764
TWNT,101072,9.9,9.89,9.9,9.89,1641531600000000000,130
TWNT.WS,36072,0.84,0.8621,0.8621,0.8,1641531600000000000,13
TWO,2320628,5.79,5.81,5.86,5.78,1641531600000000000,7845
TWOpA,7297,26.46,26.41,26.55,26.31,1641531600000000000,87
TWOpB,16096,25.62,25.8907,25.9,25.62,1641531600000000000,127
TWOpC,13969,25.36,25.48,25.48,25.21,1641531600000000000,106
TWOA,192493,9.7573,9.75,9.7573,9.75,1641531600000000000,8
TWOU,1440621,18.8,18.83,19.8,18.59,1641531600000000000,11699
TWST,933268,73.18,66.74,77.26,66.6056,1641531600000000000,15668
TWTR,14573833,39.65,39.67,40.69,39.32,1641531600000000000,105953
TX,751573,48.29,48.28,48.61,47.61,1641531600000000000,5121
TXG,592821,130.83,127.79,135.15,125.6,1641531600000000000,13967
TXMD,3730589,0.3874,0.3828,0.3987,0.38,1641531600000000000,8509
TXN,7361861,181.97,179.44,184.06,178.9,1641531600000000000,97704
TXRH,1055895,92.26,90.22,92.755,90.02,1641531600000000000,11407
TXT,1698372,77.04,78.25,79.45,76.69,1641531600000000000,16955
TY,177289,32.58,32.38,32.67,32.29,1641531600000000000,1400
TYA,28309,23.65,23.545,23.65,23.46,1641531600000000000,217
TYD,11075,49.76,49.48,49.8095,49.22,1641531600000000000,144
TYG,77466,29.3,29.48,29.64,29.27,1641531600000000000,546
TYL,194421,492.96,483.59,499.205,481.14,1641531600000000000,7449
TYME,967380,0.61,0.6099,0.6573,0.6026,1641531600000000000,2638
TYNE,306,22.005,21.7673,22.005,21.7673,1641531600000000000,9
TYO,197779,8.97,9,9.06,8.94,1641531600000000000,424
TYRA,64587,12.26,12.05,12.49,12.01,1641531600000000000,1243
TZA,20254540,28.31,29.25,29.3181,27.6,1641531600000000000,72483
TZOO,38631,10.22,10.08,10.26,9.92,1641531600000000000,497
TZPS,4345,9.78,9.79,9.79,9.78,1641531600000000000,46
TZPSW,22676,0.5124,0.503815,0.528,0.4867,1641531600000000000,20
U,3132293,120.11,120.38,126.39,118.3,1641531600000000000,53068
UA,2308934,17.57,16.98,17.59,16.98,1641531600000000000,17321
UAA,6458926,20.7,19.85,20.7875,19.8115,1641531600000000000,44307
UAE,6513,16.23,16.32,16.39,16.2004,1641531600000000000,68
UAL,11535763,46.31,47.31,47.77,45.99,1641531600000000000,99565
UAMY,1035108,0.4797,0.5018,0.51,0.4605,1641531600000000000,1433
UAN,79159,86.97,86.86,87.3309,84.61,1641531600000000000,998
UAPR,1457,26.25,26.24,26.28,26.24,1641531600000000000,6
UAUG,1048,29.18,29.1575,29.18,29.1504,1641531600000000000,5
UAVS,1145756,1.53,1.51,1.595,1.51,1641531600000000000,5465
UBA,115442,21.12,21.21,21.325,21.12,1641531600000000000,1531
UBCB,3,24.0564,24.0564,24.0564,24.0564,1641531600000000000,3
UBCP,13410,17.29,17.9684,18.625,17.035,1641531600000000000,264
UBER,24630403,42,41.51,42.65,41.2,1641531600000000000,179480
UBFO,8143,8.1046,8.16,8.16,8.1,1641531600000000000,110
UBOH,4086,29.99,32.2,32.2,29.3333,1641531600000000000,143
UBOT,20024,39.44,38.9,39.94,38.43,1641531600000000000,451
UBP,648,19,18.3711,19,18.3711,1641531600000000000,21
UBPpH,386,25.82,25.82,25.82,25.82,1641531600000000000,2
UBPpK,504,25.78,25.78,25.78,25.78,1641531600000000000,9
UBR,3286,19.83,20.46,20.52,19.83,1641531600000000000,36
UBS,3033617,19.3,19.35,19.39,19.23,1641531600000000000,13268
UBSI,562226,38.48,38.89,38.98,38.15,1641531600000000000,7710
UBT,29946,51.16,50.46,51.16,49.97,1641531600000000000,284
UBX,705524,1.7,1.6,1.76,1.56,1641531600000000000,4252
UCBI,604995,38.14,38.41,38.495,37.65,1641531600000000000,7205
UCBIO,2579,27.4441,27.39,27.55,27.39,1641531600000000000,22
UCC,738,99.04,99.4665,99.9399,99.04,1641531600000000000,34
UCIB,1840,21.2999,21.285,21.3,21.25,1641531600000000000,8
UCL,133012,2.66,2.25,2.66,2.17,1641531600000000000,681
UCO,374338,94.71,93.81,95.0659,92.9,1641531600000000000,4921
UCON,539196,26.32,26.25,26.32,26.19,1641531600000000000,678
UCTT,478224,57,54,57.84,53.89,1641531600000000000,7674
UCYB,2507,46.04,44.3016,46.05,44.2539,1641531600000000000,64
UDEC,20606,30.18,30.1352,30.19,30.0501,1641531600000000000,29
UDMY,366685,15.05,14.7,15.45,14.11,1641531600000000000,4728
UDN,12085,20.1899,20.215,20.22,20.1799,1641531600000000000,67
UDOW,6336618,83.57,83.89,84.9294,83.02,1641531600000000000,58578
UDR,1632874,58.65,58.21,58.96,58.07,1641531600000000000,13207
UE,1153441,19.36,19.52,19.75,19.33,1641531600000000000,6601
UEC,8571234,3.63,3.88,3.94,3.5025,1641531600000000000,28038
UEIC,47258,39.42,38.74,39.66,38.69,1641531600000000000,679
UEPS,61262,5.33,5.34,5.48,5.26,1641531600000000000,727
UEVM,7225,48.42,48.5543,48.5543,48.33,1641531600000000000,56
UFAB,21424,1.98,2.04,2.09,1.98,1641531600000000000,102
UFCS,52536,24.22,24.85,25,23.95,1641531600000000000,1030
UFEB,2853,27.95,27.985,28.0008,27.95,1641531600000000000,21
UFI,26153,23.33,22.97,23.386,22.8,1641531600000000000,611
UFO,69432,26.31,26.46,26.71,26.31,1641531600000000000,531
UFPI,260241,91.43,88.04,92.4,87.98,1641531600000000000,4589
UFPT,16148,73.06,73.3,74.01,72.3,1641531600000000000,650
UG,11567,16.65,16.98,17,16.55,1641531600000000000,99
UGA,25650,42.63,42.49,42.714,42.32,1641531600000000000,211
UGCE,658,26.94,26.8899,26.97,26.8899,1641531600000000000,10
UGE,975,116.62,116.1449,116.62,116.1449,1641531600000000000,68
UGI,1770001,45.48,44.83,45.51,44.48,1641531600000000000,20501
UGIC,1632,102.42,102.31,102.5,102.03,1641531600000000000,30
UGL,112055,57.3011,57.52,57.69,56.8601,1641531600000000000,707
UGP,1493680,2.31,2.36,2.37,2.305,1641531600000000000,5861
UGRO,141663,9.61,9.52,9.948,9.1656,1641531600000000000,1094
UHAL,34084,715.32,701.89,718.385,701.88,1641531600000000000,2299
UHS,757311,130.98,131.97,133.575,130.83,1641531600000000000,10641
UHT,79823,60.14,60.2,60.8899,59.87,1641531600000000000,1348
UI,129928,296.04,296.52,302.4,294.36,1641531600000000000,3688
UIHC,39690,4.31,4.37,4.41,4.29,1641531600000000000,652
UIS,387180,20.61,19.85,20.84,19.825,1641531600000000000,4002
UITB,121438,52.3,52.33,52.38,52.28,1641531600000000000,232
UIVM,2118,49.68,49.8561,49.8561,49.6,1641531600000000000,22
UJAN,73571,31.3901,31.3401,31.44,31.33,1641531600000000000,256
UJB,45734,76.76,76.8214,76.8214,76.76,1641531600000000000,122
UJUL,3675,27.5693,27.545,27.5693,27.5101,1641531600000000000,16
UJUN,705,29.3459,29.3396,29.3459,29.3396,1641531600000000000,2
UK,467756,0.5954,0.599,0.6294,0.5741,1641531600000000000,1394
UKOMW,3116,0.0804,0.0734,0.0804,0.0734,1641531600000000000,9
UL,2856673,53.15,53.8,53.89,53.13,1641531600000000000,25380
ULBI,13672,6.0078,5.98,6.01,5.83,1641531600000000000,208
ULCC,280130,14.15,14.18,14.34,13.92,1641531600000000000,3366
ULE,19657,13.17,13.26,13.3,13.17,1641531600000000000,86
ULH,15494,18.4247,18.68,18.7971,18.35,1641531600000000000,351
ULST,130529,40.3,40.3,40.3,40.28,1641531600000000000,123
ULTA,524044,398.56,397.1,404.99,393.63,1641531600000000000,15532
ULTR,2075,48.561,48.575,48.59,48.561,1641531600000000000,19
ULVM,511,70.73,70.5798,70.73,70.5798,1641531600000000000,17
UMAR,1063,29.7856,29.7698,29.7856,29.73,1641531600000000000,9
UMAY,7658,28.7057,28.7017,28.76,28.69,1641531600000000000,29
UMBF,203284,110.58,109.54,111.42,109.48,1641531600000000000,5292
UMC,12180707,11.4,11.02,11.43,10.87,1641531600000000000,44739
UMDD,28291,33.5,33.23,33.72,32.85,1641531600000000000,328
UMH,251269,25.39,25.03,25.55,24.9502,1641531600000000000,2896
UMHpC,7208,25.8601,25.99,25.99,25.7652,1641531600000000000,84
UMHpD,5207,25.83,25.84,25.84,25.7701,1641531600000000000,49
UMI,14601,30.29,30.64,30.69,30.25,1641531600000000000,70
UMMA,860102,25.1,25.199,25.23,25.1,1641531600000000000,74
UMPQ,1799280,20.47,20.44,20.605,20.18,1641531600000000000,15106
UNAM,766,3.17,3.48,3.48,3.17,1641531600000000000,12
UNB,749,30.1101,30.29,30.29,30.1101,1641531600000000000,146
UNCY,88792,1.81,1.84,1.9146,1.75,1641531600000000000,333
UNF,64122,200.11,195.51,200.11,194.155,1641531600000000000,2547
UNFI,291234,47,47.73,48.14,47,1641531600000000000,5353
UNG,6974429,12.93,13.02,13.21,12.85,1641531600000000000,26801
UNH,5481197,467.69,458.6,467.97,455.55,1641531600000000000,109756
UNIT,1327496,13.145,13.04,13.16,12.74,1641531600000000000,11312
UNL,13318,12.15,12.0922,12.28,12.08,1641531600000000000,138
UNM,2573951,27.15,27.89,28.105,26.96,1641531600000000000,23858
UNMA,28972,26.1,26.065,26.1,25.99,1641531600000000000,213
UNOV,1585,29.425,29.4113,29.46,29.4113,1641531600000000000,14
UNP,2331419,252.79,254.78,256.105,251.57,1641531600000000000,36797
UNTY,17480,27.87,29.5,29.825,27.721,1641531600000000000,452
UNVR,620669,28.39,28,28.59,27.97,1641531600000000000,5840
UOCT,2666,28.34,28.4118,28.45,28.33,1641531600000000000,17
UONE,143453,4.81,5.03,5.08,4.7806,1641531600000000000,1063
UONEK,113082,3.75,3.88,4.08,3.74,1641531600000000000,889
UP,3566571,4.29,4.32,4.38,4.23,1641531600000000000,6399
UP.WS,64112,0.8001,0.7999,0.855,0.745,1641531600000000000,159
UPAR,58344,19.47,19.59,19.66,19.4,1641531600000000000,170
UPC,16647,1.6073,1.6,1.61,1.5271,1641531600000000000,116
UPH,626025,2.51,2.36,2.545,2.35,1641531600000000000,3242
UPH.WS,38609,0.3695,0.37,0.37,0.31,1641531600000000000,63
UPLD,194072,18.06,18.1,18.52,18.02,1641531600000000000,3894
UPRO,6578344,145.63,144.04,146.85,142.6,1641531600000000000,82980
UPS,3003129,217.35,218.16,219.45,215.18,1641531600000000000,50943
UPST,5833944,119.03,116.95,125.25,114.5767,1641531600000000000,82199
UPTD,234,10.0531,10.035,10.0531,10.035,1641531600000000000,3
UPTDU,1859,10.27,10.17,10.27,10.17,1641531600000000000,20
UPV,335,71.3804,71.3804,71.3804,71.3804,1641531600000000000,3
UPW,7764,71.5338,72.2326,72.4501,71.2401,1641531600000000000,84
UPWK,2313620,29.65,29.51,30.76,29.13,1641531600000000000,22466
URA,1962306,23.59,24.21,24.26,23.17,1641531600000000000,12430
URBN,1666049,28.71,28.73,29.25,28.31,1641531600000000000,17133
URE,6960,106.52,105.74,106.555,105.2501,1641531600000000000,127
URG,2695778,1.35,1.45,1.47,1.31,1641531600000000000,5749
URGN,66670,8.73,8.77,9.09,8.61,1641531600000000000,1515
URI,792155,335.1,325.98,338.72,325.59,1641531600000000000,17340
URNM,206303,75.79,77.3,77.53,73.8,1641531600000000000,2707
UROY,612696,3.95,4.05,4.1,3.77,1641531600000000000,3614
URTH,212780,133.25,133.19,133.74,132.6,1641531600000000000,2099
URTY,796796,95.49,92.2,97.76,92,1641531600000000000,8213
USA,1085515,8.36,8.32,8.38,8.3,1641531600000000000,4710
USAC,199513,17.01,17.32,17.36,16.911,1641531600000000000,1093
USAI,3352,24.545,24.7063,24.7063,24.4408,1641531600000000000,31
USAK,95407,19.24,19.61,19.8442,18.8,1641531600000000000,1298
USAP,9372,8.63,8.77,8.92,8.61,1641531600000000000,93
USAS,290052,0.79,0.8077,0.8374,0.785,1641531600000000000,1028
USAU,15127,8.2332,8.6,8.6,8.2332,1641531600000000000,138
USB,7010268,59.895,61,61.165,59.68,1641531600000000000,65809
USBpH,50438,23.93,23.85,24.03,23.71,1641531600000000000,389
USBpM,35934,24.99,24.99,25,24.99,1641531600000000000,183
USBpP,36587,26.38,26.51,26.57,26.38,1641531600000000000,310
USBpQ,60794,23.27,23.3,23.34,23.0601,1641531600000000000,368
USBpR,83727,24.55,24.66,24.68,24.41,1641531600000000000,505
USCB,2450,14.01,14.47,14.47,13.9245,1641531600000000000,52
USCI,19233,44.3,44.35,44.44,44.2245,1641531600000000000,260
USCT,5825,9.9,9.94,9.94,9.9,1641531600000000000,62
USCTU,705500,10.13,10.1113,10.13,10.11,1641531600000000000,5
USCTW,5556,0.4901,0.44,0.4952,0.44,1641531600000000000,21
USD,220035,50.45,47.54,50.83,47.3,1641531600000000000,2931
USDP,51053,5.6,5.56,5.7,5.47,1641531600000000000,274
USDU,8552,26.15,26.08,26.15,26.0501,1641531600000000000,165
USEG,19947,3.39,3.38,3.4001,3.3,1641531600000000000,132
USEP,4151,28.5742,28.5501,28.6,28.545,1641531600000000000,14
USEQ,152,38.85,38.7189,38.85,38.7189,1641531600000000000,3
USER,159341,8.2,8.06,8.375,8.01,1641531600000000000,1253
USFD,656456,35.62,35.92,36.07,35.53,1641531600000000000,7901
USFR,452607,25.1,25.1,25.11,25.09,1641531600000000000,516
USHY,3448626,40.75,40.67,40.76,40.66,1641531600000000000,13217
USI,5,24.48,24.48,24.48,24.48,1641531600000000000,5
USIG,1168209,58.8781,58.73,58.89,58.65,1641531600000000000,5073
USIO,104855,4.23,4.15,4.3599,4.08,1641531600000000000,856
USL,30844,29.45,29.05,29.45,28.95,1641531600000000000,131
USLB,383,42.4286,42.5171,42.5171,42.4286,1641531600000000000,4
USLM,3773,131.6,128.8,133.8531,127.95,1641531600000000000,268
USM,96427,32.01,32.48,32.54,31.72,1641531600000000000,2327
USMC,9433,43.71,43.69,43.8064,43.58,1641531600000000000,62
USMF,47966,41.7784,41.5224,41.78,41.44,1641531600000000000,54
USML,0,34.0857,34.0857,34.0857,34.0857,1641531600000000000,0
USMV,3019145,78.75,78.55,78.8,78.44,1641531600000000000,22471
USNA,37961,102.19,101,102.19,100.64,1641531600000000000,1219
USO,5677687,56.9,56.67,57.04,56.365,1641531600000000000,37275
USOI,853326,5.31,5.31,5.33,5.285,1641531600000000000,2993
USPH,143682,91.15,92.93,93.49,90.11,1641531600000000000,1954
USRT,130720,65.85,65.39,65.96,65.39,1641531600000000000,1408
USSG,20473,43.38,43.13,43.38,42.99,1641531600000000000,239
UST,2177,65.56,65.3317,65.56,65.24,1641531600000000000,51
USTB,12671,51.1922,51.2,51.205,51.17,1641531600000000000,51
USVM,5288,73.26,72.0675,73.26,72.0675,1641531600000000000,52
USVT,612,27.3,27.2472,27.3,27.2472,1641531600000000000,11
USWS,281065,1.34,1.28,1.35,1.25,1641531600000000000,1221
USWSW,49050,0.0963,0.0915,0.1061,0.09,1641531600000000000,44
USX,204908,5.25,5.26,5.39,5.07,1641531600000000000,2226
USXF,51265,38.1431,37.84,38.27,37.75,1641531600000000000,338
UTAAU,1278,10.0148,10,10.0148,10,1641531600000000000,6
UTES,2225,46,46.405,46.5266,45.9,1641531600000000000,24
UTF,121831,28.19,28.35,28.39,27.98,1641531600000000000,931
UTG,241173,34.45,34.33,34.56,34.21,1641531600000000000,1682
UTHR,555859,195.2,198.94,200.77,195.06,1641531600000000000,8614
UTI,64947,7.95,7.75,7.95,7.72,1641531600000000000,409
UTL,28737,46.16,47.06,47.1,46.16,1641531600000000000,629
UTMD,6795,93.31,91.36,93.31,90.96,1641531600000000000,336
UTME,203309,2.57,2.64,2.78,2.55,1641531600000000000,824
UTRN,49217,28.83,28.63,28.83,28.51,1641531600000000000,102
UTRS,305259,5.18,5.37,5.4,5.18,1641531600000000000,345
UTSI,19441,0.878,0.8833,0.89,0.8,1641531600000000000,87
UTSL,33415,36.63,37.87,38.225,36.0106,1641531600000000000,1288
UTZ,821449,17.16,18,18.04,17.16,1641531600000000000,5424
UUP,540460,25.74,25.66,25.7455,25.64,1641531600000000000,1711
UUU,30825,3.13,2.98,3.15,2.98,1641531600000000000,181
UUUU,3375931,7.96,8.35,8.39,7.6,1641531600000000000,19611
UVDV,270,10.24,10.2526,10.2526,10.24,1641531600000000000,4
UVE,358894,18.44,18.33,18.8,18.26,1641531600000000000,4739
UVSP,64107,31.4,31.38,31.57,30.57,1641531600000000000,1131
UVV,139929,55.14,56.26,56.53,55.03,1641531600000000000,2552
UVXY,62714604,13.23,12.665,13.74,12.58,1641531600000000000,188227
UWM,478160,53.45,52.29,54.37,52.21,1641531600000000000,4953
UWMC,2332521,5.8,6.02,6.09,5.76,1641531600000000000,12666
UWMC.WS,47228,0.5474,0.65,0.65,0.535049,1641531600000000000,43
UXI,1085,33.53,33.0962,33.53,33.0962,1641531600000000000,44
UXIN,879174,1.35,1.28,1.408,1.275,1641531600000000000,4574
UYG,239279,70.25,70.94,71.26,69.75,1641531600000000000,851
UYM,3893,109.27,110.2011,110.2777,108.84,1641531600000000000,134
UZD,7444,26.95,26.98,26.98,26.71,1641531600000000000,122
UZE,10500,25.94,26.1,26.22,25.76,1641531600000000000,126
UZF,20323,25.96,26,26,25.8,1641531600000000000,142
V,10687852,217.31,216.96,220.2,215.64,1641531600000000000,120918
VABK,1392,36.616,36.6,36.93,36.38,1641531600000000000,30
VABS,1,24.685,24.685,24.685,24.685,1641531600000000000,1
VAC,289020,170.36,172.06,174.74,170.32,1641531600000000000,6903
VACC,13543,12.2,11.75,12.2,11.66,1641531600000000000,154
VAL,256376,39.45,39.8,40.46,38.94,1641531600000000000,3259
VAL.WS,16708,3.9,3.87,3.93,3.7694,1641531600000000000,133
VALE,45594026,14.11,14.81,14.825,14.11,1641531600000000000,111540
VALN,27497,39.88,39.9,40.15,39.3301,1641531600000000000,548
VALQ,2018,52.998,52.9322,53.11,52.9,1641531600000000000,50
VALT,3251,49.495,49.49,49.495,49.49,1641531600000000000,93
VALU,18830,50.18,48.56,50.18,48.2,1641531600000000000,508
VAMO,3062,25.73,25.58,25.76,25.57,1641531600000000000,38
VAPO,178155,19.75,19.78,20.11,19.33,1641531600000000000,3166
VAQC,135,9.7946,9.7946,9.7946,9.7946,1641531600000000000,1
VATE,129237,3.78,3.81,3.84,3.77,1641531600000000000,1222
VAW,93657,194.68,194.5,195.335,193.635,1641531600000000000,1749
VAXX,47347,5.53,5.69,5.7291,5.4,1641531600000000000,1626
VB,684122,222.7,220.93,224.2456,220.4541,1641531600000000000,9778
VBF,27922,19.08,19.08,19.23,19.08,1641531600000000000,244
VBFC,1113,60,58.11,61,58.11,1641531600000000000,48
VBIV,2143261,2.22,2.12,2.24,2.11,1641531600000000000,6388
VBK,394467,268.01,263.85,270.58,263.78,1641531600000000000,5956
VBLT,112213,1.82,1.8,1.87,1.78,1641531600000000000,840
VBND,26424,49.97,50.051,50.13,49.97,1641531600000000000,135
VBNK,4878,12.23,12.0801,12.23,12.0801,1641531600000000000,58
VBOCU,4187934,9.93,9.99,10,9.93,1641531600000000000,2296
VBR,680071,180.43,179.94,181.2657,179.125,1641531600000000000,7174
VBTX,341879,42.33,42.22,42.58,41.7084,1641531600000000000,3336
VC,211551,118.6,115.05,120.6068,113.89,1641531600000000000,5113
VCAR,4130,15.49,14.8,15.49,14.8,1641531600000000000,95
VCEB,12929,72.41,72.16,72.45,72.1228,1641531600000000000,136
VCEL,384196,38.56,36.48,39.4,36.27,1641531600000000000,4531
VCF,5438,14.2048,14.29,14.29,14.2048,1641531600000000000,58
VCIF,27022,10.19,10.2,10.2,10.1,1641531600000000000,73
VCIT,3767450,91.45,91.33,91.49,91.21,1641531600000000000,14591
VCKA,94375,10.065,10.07,10.09,10.065,1641531600000000000,59
VCKAU,366,10.28,10.25,10.28,10.25,1641531600000000000,3
VCKAW,10883,0.4099,0.4492,0.4492,0.4099,1641531600000000000,34
VCLN,6203,22.76,22.6713,22.78,22.609,1641531600000000000,11
VCLO,13578,13.13,13.51,13.8,13.13,1641531600000000000,156
VCLT,819258,103.36,102.78,103.36,102.43,1641531600000000000,4284
VCNX,204337,1.1,1.12,1.16,1.06,1641531600000000000,583
VCR,184203,336.83,330.6,337.2968,329.85,1641531600000000000,3194
VCRA,3693909,79.1,79.17,79.22,79.05,1641531600000000000,31276
VCSA,335312,8.2,8.05,8.26,7.86,1641531600000000000,3508
VCSH,3232814,80.85,80.86,80.89,80.82,1641531600000000000,9800
VCTR,215570,34.11,34.23,34.345,33.47,1641531600000000000,4209
VCV,23958,13.71,13.67,13.73,13.64,1641531600000000000,278
VCXA,4311,9.82,9.8301,9.85,9.82,1641531600000000000,30
VCXAU,494,10.54,10.54,10.54,10.54,1641531600000000000,4
VCXAW,2179,1.8501,1.8312,1.9,1.82,1641531600000000000,26
VCYT,617530,35.15,33.58,37.78,33.2,1641531600000000000,10943
VDC,189001,200.04,200.59,201.3637,199.7771,1641531600000000000,2634
VDE,1896004,84.84,85.52,85.76,84.26,1641531600000000000,19008
VDNI,3764,25.21,25.2126,25.29,25.2,1641531600000000000,40
VEA,12525287,50.81,51.04,51.11,50.65,1641531600000000000,33719
VEC,17293,45.93,46.26,46.3127,45.73,1641531600000000000,378
VECO,422715,28.72,27.78,29.24,27.75,1641531600000000000,5843
VECT,29532,4.6919,4.96,5.09,4.6919,1641531600000000000,206
VEEE,39574,3.86,3.99,4.1499,3.86,1641531600000000000,214
VEEV,1272182,235.89,231.47,242.46,231.09,1641531600000000000,25781
VEGA,1102,40.6501,40.725,40.8399,40.6501,1641531600000000000,4
VEGI,5219,41.59,41.7471,41.79,41.569,1641531600000000000,117
VEGN,2814,42.18,41.69,42.18,41.69,1641531600000000000,166
VEL,38786,13.2,13.53,13.57,13.2,1641531600000000000,361
VELO,33003,9.74,9.72,9.74,9.72,1641531600000000000,119
VELOW,1006,0.49,0.4997,0.4997,0.49,1641531600000000000,8
VENA,14950,10.07,10.08,10.08,10.07,1641531600000000000,55
VENAR,25748,0.34,0.43,0.4597,0.34,1641531600000000000,44
VENAW,100,0.2599,0.2599,0.2599,0.2599,1641531600000000000,1
VEON,1370293,1.7,1.71,1.74,1.685,1641531600000000000,3637
VERA,56935,22.57,21.14,22.965,20.4001,1641531600000000000,1910
VERB,352226,1.18,1.21,1.2411,1.18,1641531600000000000,1072
VERBW,2147,0.6393,0.6393,0.6393,0.57015,1641531600000000000,16
VERI,215235,19.7,19.6,20.55,19.4,1641531600000000000,3679
VERO,112274,1.57,1.6,1.649,1.53,1641531600000000000,403
VERU,717074,5.53,5.46,5.665,5.415,1641531600000000000,4922
VERV,293478,31.07,32.05,33.19,31.0448,1641531600000000000,5772
VERX,146206,15.13,15.79,16.15,15.105,1641531600000000000,2310
VET,2835344,13.77,13.97,14.15,13.42,1641531600000000000,17086
VEU,3330522,61.12,61.34,61.43,60.9041,1641531600000000000,8645
VEV,49379,3.7,3.66,3.7,3.63,1641531600000000000,303
VFC,2957028,71.34,72.49,73,71.2,1641531600000000000,26796
VFF,818777,6.03,6.01,6.24,5.93,1641531600000000000,7414
VFH,1407729,100.22,101.06,101.27,99.9,1641531600000000000,13396
VFIN,608,7.6777,7.542,7.6777,7.4989,1641531600000000000,22
VFL,11922,14.11,14.1,14.11,13.97,1641531600000000000,80
VFLQ,1149,113.06,112.3432,113.06,112.3432,1641531600000000000,38
VFMF,5334,108.15,107.34,108.15,107.34,1641531600000000000,81
VFMO,16254,131.35,129.24,131.35,129.22,1641531600000000000,458
VFMV,3776,104.58,104.4065,104.6,104.4065,1641531600000000000,53
VFQY,7548,123.8631,122.8796,124.435,122.8796,1641531600000000000,119
VFVA,53782,108.3,108.17,108.73,107.74,1641531600000000000,523
VG,5484272,20.78,20.76,20.8,20.71,1641531600000000000,11364
VGFC,239034,0.71,0.72,0.7498,0.71,1641531600000000000,495
VGI,49986,11.09,11.09,11.16,11.06,1641531600000000000,222
VGII,26865,9.94,9.94,9.94,9.92,1641531600000000000,103
VGII.WS,8023,0.8497,0.82,0.8529,0.82,1641531600000000000,27
VGIT,2178174,65.71,65.65,65.7371,65.575,1641531600000000000,4347
VGK,4590799,68.13,68.45,68.55,67.965,1641531600000000000,17804
VGLT,3373990,86.62,86.11,86.64,85.69,1641531600000000000,17979
VGM,98048,13.55,13.59,13.61,13.5,1641531600000000000,535
VGR,1249958,11.13,11.01,11.2,10.91,1641531600000000000,8189
VGSH,2202599,60.63,60.66,60.67,60.62,1641531600000000000,4428
VGT,1835348,439.21,434.86,441.63,432.12,1641531600000000000,23561
VGZ,59065,0.666,0.6741,0.69,0.6657,1641531600000000000,298
VHAQ.U,100,10.41,10.41,10.41,10.41,1641531600000000000,1
VHC,266675,2.49,2.56,2.62,2.47,1641531600000000000,2143
VHI,14861,27.83,28.14,29.36,27.81,1641531600000000000,433
VHT,301750,253.95,252.48,254.17,252.28,1641531600000000000,5700
VIA,39578,11.34,11.33,11.4,11.2855,1641531600000000000,760
VIAC,27571066,33.35,35.39,35.72,33.08,1641531600000000000,160292
VIACA,115559,36.41,38.9,39,36.41,1641531600000000000,2652
VIACP,252897,56.16,59.28,59.6477,56.16,1641531600000000000,741
VIAO,1106,9.06,8.77,9.06,8.4752,1641531600000000000,27
VIASP,9723,25.33,25.51,25.6,25.15,1641531600000000000,112
VIAV,1224752,17.4,17.08,17.47,16.9571,1641531600000000000,12181
VICE,364,32.38,32.3152,32.41,32.3152,1641531600000000000,14
VICI,5227776,28.92,28.55,29.11,28.53,1641531600000000000,39970
VICR,195651,118.96,115.94,120.5799,115.26,1641531600000000000,4701
VIDI,56266,26.7,26.78,26.83,26.67,1641531600000000000,205
VIEW,696832,3.67,3.58,3.77,3.53,1641531600000000000,5342
VIG,2166072,169.6,169.04,169.68,168.69,1641531600000000000,29820
VIGI,372766,83.48,83.61,83.685,83.03,1641531600000000000,2119
VIGL,2210289,12,12.65,12.9,10.85,1641531600000000000,15626
VII,2501,9.75,9.79,9.79,9.75,1641531600000000000,18
VIIAW,1500,0.56,0.52,0.56,0.52,1641531600000000000,16
VINC,39518,9.81,9.49,10.11,9.45,1641531600000000000,768
VINE,93945,4.63,4.55,4.7999,4.55,1641531600000000000,983
VINO,80158,2.05,2.02,2.12,2.01,1641531600000000000,428
VINP,30307,10.95,11.25,11.3,10.95,1641531600000000000,623
VIOG,16591,235,230.6,235.245,230.38,1641531600000000000,323
VIOO,27381,209.91,207.51,210.3401,207.47,1641531600000000000,593
VIOT,168981,2.21,2.22,2.32,2.2,1641531600000000000,795
VIOV,33132,183.4,182.74,184.13,182.445,1641531600000000000,777
VIPS,13555828,8.45,8.92,9.12,8.33,1641531600000000000,71384
VIR,963255,33.86,33.63,34.85,32.6,1641531600000000000,9354
VIRC,4927,3.11,3.11,3.11,3.095,1641531600000000000,32
VIRI,37819,5.87,5.63,6,5.46,1641531600000000000,416
VIRS,218,33.52,33.4732,33.52,33.4732,1641531600000000000,2
VIRT,1254881,29.57,29.6,29.88,29.34,1641531600000000000,11356
VIRX,63474,3.35,3.32,3.43,3.3,1641531600000000000,665
VIS,101037,203.1,202.28,203.92,202.18,1641531600000000000,1728
VISL,428686,1.1,1.12,1.1384,1.09,1641531600000000000,1291
VIST,162628,5.63,5.71,5.73,5.45,1641531600000000000,999
VITL,82857,17.845,18.51,18.94,17.845,1641531600000000000,1414
VIV,852247,8.17,8.28,8.285,8.155,1641531600000000000,6815
VIVE,56979,1.16,1.16,1.18,1.145,1641531600000000000,232
VIVO,680902,19.89,20.51,20.6,19.58,1641531600000000000,6719
VIXM,33928,30.91,30.45,31.185,30.45,1641531600000000000,311
VIXY,5428530,15.83,15.38,16.23,15.3,1641531600000000000,39150
VJET,5248,6.2081,6.15,6.44,6.0461,1641531600000000000,74
VKI,59375,12.02,11.98,12.0453,11.95,1641531600000000000,228
VKQ,110326,13.25,13.32,13.34,13.2,1641531600000000000,353
VKTX,697882,4.31,4.2,4.39,4.19,1641531600000000000,5372
VLATW,25600,0.6311,0.61,0.6311,0.61,1641531600000000000,5
VLCN,33236,10.21,9.55,10.29,9.55,1641531600000000000,498
VLD,692178,6.61,6.23,6.6693,6.16,1641531600000000000,6093
VLD.WS,168113,1.4,1.31,1.45,1.29,1641531600000000000,153
VLDR,1940393,4.27,4.23,4.3999,4.19,1641531600000000000,12591
VLDRW,8641,0.82,0.8181,0.8601,0.8181,1641531600000000000,42
VLGEA,13382,23.19,22.86,23.19,22.79,1641531600000000000,848
VLN,52280,7.15,6.9,7.52,6.9,1641531600000000000,347
VLN.WS,58605,0.551,0.57,0.5712,0.5275,1641531600000000000,132
VLNS,27726,2.45,2.47,2.62,2.44,1641531600000000000,350
VLO,3723186,80.58,81,81.43,79.95,1641531600000000000,38802
VLON,82699,7.7,7.51,7.93,7.34,1641531600000000000,515
VLRS,805838,17.61,18.54,18.63,17.61,1641531600000000000,5412
VLT,17398,14.27,14.27,14.42,14.25,1641531600000000000,136
VLTA,1125881,6.37,6.34,6.6,6.2,1641531600000000000,8083
VLTA.WS,11396,1.7057,1.65,1.73,1.6301,1641531600000000000,86
VLU,22038,157.9,158.1511,158.4915,157.58,1641531600000000000,209
VLUE,2336044,112.71,112.85,113.31,112.49,1641531600000000000,19208
VLY,1923917,14.71,14.69,14.73,14.475,1641531600000000000,14386
VLYPO,2488,25.2,25.3484,25.3571,25.18,1641531600000000000,50
VLYPP,3106,28.76,29,29.7788,28.76,1641531600000000000,54
VMAC,20019,10.16,10.17,10.1942,10.16,1641531600000000000,61
VMACW,12595,0.6,0.5948,0.6003,0.5926,1641531600000000000,39
VMAR,22685,4.84,4.82,5,4.8,1641531600000000000,241
VMBS,1456169,52.38,52.28,52.3915,52.23,1641531600000000000,4626
VMC,689664,210,207.92,211.63,206.23,1641531600000000000,12798
VMD,134159,5.41,5.49,5.51,5.345,1641531600000000000,1044
VMEO,2038231,15.5,15.63,16.15,15.42,1641531600000000000,14730
VMGA,5003,9.835,9.85,9.85,9.82,1641531600000000000,15
VMGAU,10379,10.14,10.1,10.14,10.0925,1641531600000000000,27
VMGAW,101700,0.5701,0.5,0.5701,0.5,1641531600000000000,12
VMI,83025,243.62,240.29,246.48,237.31,1641531600000000000,2896
VMM,8399,13.9269,14.09,14.1699,13.9269,1641531600000000000,22
VMO,105544,13.71,13.7,13.715,13.64,1641531600000000000,280
VMOT,7976,26.5701,26.47,26.5701,26.31,1641531600000000000,89
VMW,1648696,119.81,120.46,121.12,118.92,1641531600000000000,21144
VNAM,5170,27.47,27.45,27.47,27.34,1641531600000000000,58
VNCE,5246,8.12,8.13,8.24,7.6793,1641531600000000000,139
VNDA,264114,15.86,15.38,15.95,15.34,1641531600000000000,2769
VNE,489571,35.79,35.92,35.97,35.67,1641531600000000000,4609
VNET,1722464,8.48,8.74,9.15,8.38,1641531600000000000,14458
VNLA,223848,49.55,49.56,49.56,49.55,1641531600000000000,799
VNM,160269,21.4,21.4,21.475,21.39,1641531600000000000,1391
VNMC,0,32.4532,32.4532,32.4532,32.4532,1641531600000000000,0
VNO,2032502,45.02,45.77,46.34,44.96,1641531600000000000,20288
VNOpL,4966,25.16,25.13,25.16,25.13,1641531600000000000,70
VNOpM,7122,25.42,25.44,25.5593,25.37,1641531600000000000,107
VNOpN,19947,25.94,26.12,26.12,25.9087,1641531600000000000,155
VNOpO,28796,24.3,24.46,24.48,24.23,1641531600000000000,170
VNOM,629392,25.51,25.26,25.585,25.02,1641531600000000000,5839
VNQ,6999306,111.48,111.03,111.85,110.755,1641531600000000000,79580
VNQI,345113,53.32,53.49,53.5392,53.17,1641531600000000000,3102
VNRX,219252,3.17,3.08,3.17,3.02,1641531600000000000,567
VNSE,393,30.85,30.8099,30.88,30.8099,1641531600000000000,8
VNT,2093906,30.9,30.58,31.08,30.06,1641531600000000000,18355
VNTR,104547,2.52,2.54,2.57,2.49,1641531600000000000,876
VO,524150,247.48,246.01,248.95,245.785,1641531600000000000,8246
VOC,56795,5.15,5.11,5.15,5.0201,1641531600000000000,311
VOD,4347302,15.645,15.83,15.86,15.6066,1641531600000000000,18308
VOE,379839,151.48,151.74,152.32,151.185,1641531600000000000,3829
VOLT,26527,2.93,2.86,2.97,2.86,1641531600000000000,179
VONE,62690,215.07,214.12,215.71,213.415,1641531600000000000,667
VONG,364332,75.64,74.78,75.89,74.53,1641531600000000000,3766
VONV,472327,74.12,74.28,74.465,74.04,1641531600000000000,1584
VOO,6153836,430.21,428.59,431.36,427.2,1641531600000000000,134145
VOOG,153783,291.26,288.37,292.1783,287.17,1641531600000000000,5243
VOOV,225615,152.73,153.1,153.5278,152.49,1641531600000000000,2102
VOR,30945,10.77,10.58,11.197,10.46,1641531600000000000,596
VORB,7769174,6.81,8.06,8.44,6.7669,1641531600000000000,34640
VORBW,1077367,1.05,1.27,1.4,1.05,1641531600000000000,2897
VOT,203782,238.9,235.34,240.59,235.26,1641531600000000000,4036
VOTE,59426,55.03,54.69,55.05,54.51,1641531600000000000,402
VOX,126854,132.7,132.6,133.66,132.09,1641531600000000000,1786
VOXX,265832,10.22,9.58,10.41,9.5,1641531600000000000,2420
VOYA,1190211,71.15,72.54,72.6,70.87,1641531600000000000,15738
VOYApB,45339,29.27,29.37,29.44,29.08,1641531600000000000,470
VPC,11132,25.57,25.64,25.85,25.56,1641531600000000000,133
VPCB,238,9.86,9.86,9.86,9.86,1641531600000000000,14
VPCBU,148,10.05,10.05,10.05,10.05,1641531600000000000,1
VPCBW,3749,1.04,0.98,1.04,0.98,1641531600000000000,12
VPG,15378,35.28,34.72,35.35,34.72,1641531600000000000,496
VPL,1339410,77.42,77.71,77.79,76.99,1641531600000000000,7693
VPN,137465,17.24,17.27,17.38,17.05,1641531600000000000,198
VPOP,143,10.31,10.4237,10.4237,10.31,1641531600000000000,10
VPU,202472,152.4,153.91,154.5685,151.55,1641531600000000000,2858
VPV,35398,13.65,13.61,13.7125,13.54,1641531600000000000,75
VQS,61187,2.1,2,2.1301,2,1641531600000000000,381
VRA,224777,8.52,8.3,8.56,8.29,1641531600000000000,2310
VRAI,10425,27.11,27.288,27.44,27.11,1641531600000000000,74
VRAR,66591,9.32,9.2,9.55,9.0538,1641531600000000000,560
VRAY,2623976,4.97,4.71,4.97,4.54,1641531600000000000,17915
VRCA,26629,9.4,9.07,9.4,8.94,1641531600000000000,397
VRDN,63999,20,20,20.17,19.69,1641531600000000000,871
VRE,1069738,18.92,19.47,19.5,18.86,1641531600000000000,7437
VREX,211695,30.49,29.93,30.49,29.67,1641531600000000000,2887
VRIG,103979,25.0699,25.07,25.07,25.06,1641531600000000000,349
VRM,2885800,9.69,9.73,10.045,9.46,1641531600000000000,20005
VRME,9849,3.24,3.23,3.25,3.15,1641531600000000000,76
VRNA,63500,6.85,6.88,7.0399,6.7276,1641531600000000000,571
VRNS,1011320,42.555,43.87,45.97,42.555,1641531600000000000,13020
VRNT,347234,51.88,52.32,52.48,51.47,1641531600000000000,5001
VRP,239442,25.82,25.82,25.8799,25.78,1641531600000000000,920
VRPX,122102,3.02,2.96,3.07,2.94,1641531600000000000,656
VRRM,575973,15.5,15.11,15.67,15.1,1641531600000000000,6556
VRS,205675,26.85,26.9,26.94,26.83,1641531600000000000,2264
VRSK,1669638,212.32,206.65,212.32,206.26,1641531600000000000,20606
VRSN,478423,241.3,237.71,242.47,237.67,1641531600000000000,11090
VRT,4054990,23.48,22.55,23.77,22.53,1641531600000000000,15844
VRTS,70720,285.74,290.01,292.78,284.19,1641531600000000000,1975
VRTV,133558,113.4,107.11,115.32,106.99,1641531600000000000,3182
VRTX,1276373,220.78,221.85,223.98,220,1641531600000000000,24501
VS,10936,2.2,2.03,2.2,2.03,1641531600000000000,94
VSAC,10374,9.9,9.92,9.92,9.9,1641531600000000000,37
VSACU,8011,10.2,10.21,10.21,10.19,1641531600000000000,28
VSACW,112500,0.4251,0.42,0.4251,0.42,1641531600000000000,16
VSAT,400326,46.69,46.98,47.52,46.4528,1641531600000000000,6264
VSCO,1312098,57,56.82,58,56.26,1641531600000000000,16387
VSDA,10269,46.88,46.91,46.99,46.7873,1641531600000000000,116
VSEC,16031,59.94,58.99,60.59,58.88,1641531600000000000,904
VSGX,556238,61.41,61.77,61.839,61.35,1641531600000000000,959
VSH,535386,21.91,21.39,22.04,21.37,1641531600000000000,4819
VSL,62,38.557,38.557,38.557,38.557,1641531600000000000,4
VSLU,1347,27.95,27.8874,27.95,27.8874,1641531600000000000,12
VSMV,3661,41.53,41.62,41.69,41.53,1641531600000000000,36
VSPY,30696,10.03,10.005,10.03,9.98,1641531600000000000,83
VSS,175103,131.6,131.91,132.09,130.97,1641531600000000000,2349
VST,6010087,22.32,22.71,22.76,22.11,1641531600000000000,33572
VST.WS.A,502,0.1701,0.1744,0.1749,0.170001,1641531600000000000,5
VSTA,38262,4.01,4.03,4.25,3.95,1641531600000000000,368
VSTM,986134,1.96,1.89,1.98,1.89,1641531600000000000,4219
VSTO,705590,47.82,46.83,48.41,46.43,1641531600000000000,10624
VT,2552065,106.17,106,106.49,105.49,1641531600000000000,18448
VTAQ,21909,10.03,10.01,10.03,10.01,1641531600000000000,102
VTAQR,61960,0.190501,0.1811,0.24,0.1811,1641531600000000000,44
VTAQU,50171,10.59,10.59,10.61,10.59,1641531600000000000,31
VTAQW,5212,0.420201,0.4203,0.4437,0.420201,1641531600000000000,22
VTC,35166,89.35,89.07,89.35,88.9254,1641531600000000000,301
VTEB,2808059,54.72,54.62,54.72,54.59,1641531600000000000,20626
VTEX,550300,8.46,8.75,8.98,8.46,1641531600000000000,6092
VTGN,974628,1.81,1.76,1.865,1.74,1641531600000000000,4969
VTHR,7045,212.55,211.08,212.6449,211.08,1641531600000000000,262
VTI,3580217,237.19,236.11,238.07,235.32,1641531600000000000,73056
VTIP,3422327,51.095,51.06,51.1272,51.03,1641531600000000000,8084
VTIQ,1451,9.78,9.78,9.7842,9.78,1641531600000000000,19
VTIQU,1690,10,10,10,10,1641531600000000000,12
VTIQW,4627,0.8403,0.84,0.875001,0.84,1641531600000000000,35
VTN,18651,13.39,13.3001,13.39,13.2899,1641531600000000000,104
VTNR,1055929,5.01,4.91,5.13,4.82,1641531600000000000,7259
VTOL,57729,33.55,33.55,33.89,33.35,1641531600000000000,1183
VTR,2785286,53.07,53.62,54.33,52.9,1641531600000000000,22811
VTRS,9506546,14.54,14.74,14.75,14.5,1641531600000000000,40462
VTRU,26484,14.2,13.8,14.6,13.74,1641531600000000000,265
VTSI,34807,6.9,6.63,6.9,6.58,1641531600000000000,554
VTV,4447195,148.674,149.42,149.79,148.55,1641531600000000000,43240
VTVT,146467,0.9,0.916,0.929,0.9,1641531600000000000,506
VTWG,10493,204.44,200.78,206.29,200.78,1641531600000000000,532
VTWO,2233648,88.2,87.09,88.84,87.07,1641531600000000000,14291
VTWV,98334,146.22,145.42,146.9,144.98,1641531600000000000,1395
VTYX,128331,15.965,15.17,15.965,14.9,1641531600000000000,1793
VUG,1267866,307.486,304.21,308.905,302.97,1641531600000000000,24699
VUSB,315657,49.91,49.91,49.91,49.9,1641531600000000000,618
VUSE,36154,46.6662,46.4136,46.71,46.36,1641531600000000000,79
VUZI,1999515,8.24,7.97,8.41,7.82,1641531600000000000,15911
VV,245109,216.4,215.55,217.1,214.8,1641531600000000000,2933
VVI,124115,42.33,42.23,42.77,41.94,1641531600000000000,1482
VVNT,950455,7.81,7.52,7.89,7.27,1641531600000000000,8901
VVOS,52332,2.03,2.03,2.12,1.995,1641531600000000000,269
VVPR,46417,3,3.1,3.14,2.97,1641531600000000000,397
VVR,1494650,4.37,4.36,4.37,4.34,1641531600000000000,3531
VVV,1151400,36.4,35.3,36.56,35.2,1641531600000000000,10311
VWE,58277,11,10.94,11.16,10.89,1641531600000000000,786
VWID,29,27.9593,27.9593,27.9593,27.9593,1641531600000000000,4
VWO,10705671,49.26,49.4,49.51,49.051,1641531600000000000,41255
VWOB,440493,75.86,75.79,75.91,75.54,1641531600000000000,2974
VWTR,27580,11.97,11.86,12.1092,11.8289,1641531600000000000,410
VXF,273709,176.69,175.09,178.265,174.56,1641531600000000000,4396
VXRT,1965543,6.19,6.1,6.36,6.1,1641531600000000000,11167
VXUS,3575328,63.2,63.52,63.5872,63.03,1641531600000000000,14637
VXX,52311065,19.32,18.82,19.86,18.73,1641531600000000000,158162
VXZ,15808,25.98,25.61,26,25.61,1641531600000000000,82
VYGG,90909,9.8082,9.8,9.83,9.79,1641531600000000000,264
VYGG.WS,26123,1.0935,1.1,1.13,1.0935,1641531600000000000,15
VYGR,268910,2.78,2.8,2.86,2.775,1641531600000000000,2277
VYM,1887949,114,114.55,114.835,113.86,1641531600000000000,18723
VYMI,327159,68.3,68.83,68.85,68.21,1641531600000000000,2543
VYNE,427973,1.03,1.02,1.06,1.02,1641531600000000000,1466
VYNT,154521,1.33,1.31,1.34,1.3,1641531600000000000,296
VZ,26444772,53.26,54.24,54.36,53.26,1641531600000000000,140082
VZIO,533220,18.43,17.78,18.61,17.73,1641531600000000000,5222
W,1364772,173,180.08,181.1,171.51,1641531600000000000,20667
WAB,917803,96.32,95.1,96.32,94.4,1641531600000000000,12578
WABC,87555,59.81,59.56,60,59.15,1641531600000000000,1365
WAFD,508194,35.72,36.01,36.05,35.4,1641531600000000000,5123
WAFDP,2153,26.133,25.95,26.133,25.95,1641531600000000000,66
WAFU,10491,3.71,3.57,3.7126,3.45,1641531600000000000,94
WAL,887300,121.52,119.23,123.1799,118.26,1641531600000000000,14522
WALpA,19390,25.97,26,26.0221,25.7,1641531600000000000,144
WALD,56573,9.92,10.02,10.02,9.92,1641531600000000000,263
WALDU,15494,10.27,10.45,10.45,10.26,1641531600000000000,90
WALDW,11845,1.11,1.19,1.2,1.11,1641531600000000000,113
WANT,32675,91.7,87.15,92.46,86.87,1641531600000000000,952
WARR,15681,9.82,9.8,9.85,9.8,1641531600000000000,35
WARR.U,724,10.0301,10.0301,10.0301,10.03,1641531600000000000,7
WARR.WS,6989,0.49,0.4975,0.4975,0.48,1641531600000000000,27
WASH,49808,59.66,60.51,60.58,58.27,1641531600000000000,1224
WAT,559987,352,347.03,355.03,342.31,1641531600000000000,13955
WATT,956992,1.2,1.24,1.3,1.2,1641531600000000000,3315
WAVC,501,9.7,9.68,9.7,9.68,1641531600000000000,4
WAVC.U,6404,9.85,9.95,9.95,9.85,1641531600000000000,12
WAVC.WS,300,0.8151,0.6401,0.8151,0.6401,1641531600000000000,3
WAVD,391785,4.4,4.53,4.75,4.3999,1641531600000000000,993
WAVE,17454,5.5,5.52,5.89,5.46,1641531600000000000,187
WB,2234608,33.73,33.43,35.2,33.361,1641531600000000000,12249
WBA,7637739,52.24,53.84,54.15,51.9,1641531600000000000,71698
WBEV,83420,8.37,7.5,8.37,7.3,1641531600000000000,561
WBIF,929,31.41,31.339,31.41,31.339,1641531600000000000,10
WBIG,820,27.45,27.4463,27.45,27.4463,1641531600000000000,8
WBII,965,24.53,24.53,24.5502,24.53,1641531600000000000,10
WBIL,673,31.2802,31.2632,31.2802,31.2632,1641531600000000000,19
WBIT,640,20.981,20.9899,20.9899,20.98,1641531600000000000,6
WBIY,6414,28.59,28.9453,29.01,28.59,1641531600000000000,68
WBK,211363,15.51,15.56,15.58,15.46,1641531600000000000,1884
WBND,27101,25.88,25.895,25.92,25.85,1641531600000000000,107
WBS,1257081,61.72,63.16,63.23,61.13,1641531600000000000,15096
WBSpF,2951,25.89,25.73,25.89,25.68,1641531600000000000,71
WBT,841837,23.83,23.84,23.85,23.8,1641531600000000000,5130
WBX,491956,14.45,13.99,14.9725,13.75,1641531600000000000,4501
WBX.WS,73238,4.14,3.805,4.14,3.51,1641531600000000000,821
WCBR,8054,23.15,23.3411,23.5,23.14,1641531600000000000,125
WCC,205639,133.52,128.69,134.59,128.68,1641531600000000000,4371
WCCpA,16065,30.4,30.35,30.485,30.26,1641531600000000000,189
WCLD,596098,46.43,46.27,47.7692,45.81,1641531600000000000,5044
WCN,908306,131.06,130.24,131.64,129.71,1641531600000000000,12266
WD,76187,148.27,148.56,149.67,146.53,1641531600000000000,2687
WDAY,1176111,250.31,250.24,256.49,246.03,1641531600000000000,23951
WDC,3841450,64.66,65.83,66.23,64.52,1641531600000000000,35280
WDFC,225514,240,240.99,251.445,236.41,1641531600000000000,5251
WDH,286183,1.37,1.33,1.38,1.3,1641531600000000000,1250
WDI,87029,18.36,18.4,18.42,18.33,1641531600000000000,269
WDIV,11967,67.67,68.23,68.2325,67.67,1641531600000000000,128
WDNA,1612,22.1201,21.8583,22.1201,21.8319,1641531600000000000,37
WE,2927813,9.14,9.21,9.33,9.1,1641531600000000000,17149
WE.WS,23696,2.29,2.35,2.4,2.25,1641531600000000000,198
WEA,22469,13.75,13.65,13.76,13.65,1641531600000000000,154
WEAT,221615,7.14,7.31,7.31,7.1,1641531600000000000,566
WEAV,148767,11.73,11.49,12.24,11.33,1641531600000000000,1444
WEBL,209942,52.58,51.44,54.4,50.5,1641531600000000000,6505
WEBR,665538,11.6,10.87,11.7273,10.79,1641531600000000000,5194
WEBS,62250,20.38,20.66,21.06,19.61,1641531600000000000,450
WEC,1200541,96.26,97.21,97.69,95.53,1641531600000000000,19778
WEI,59762,0.73,0.7536,0.7752,0.7202,1641531600000000000,175
WEJO,417098,5.91,6.05,6.2054,5.78,1641531600000000000,2754
WEJOW,69061,1.05,0.88,1.05,0.82,1641531600000000000,182
WELL,2815879,87.61,87.83,89.425,86.79,1641531600000000000,19885
WEN,2305811,24.11,24.07,24.48,24.06,1641531600000000000,19097
WERN,376306,46.15,46,46.96,45.19,1641531600000000000,5815
WES,305290,23.19,23.26,23.4,23.0601,1641531600000000000,2739
WETF,528167,6.4,6.46,6.47,6.3007,1641531600000000000,4191
WEX,325758,150.28,155.09,156.445,150.28,1641531600000000000,8494
WEYS,6601,23.71,23.61,23.9999,23.4301,1641531600000000000,160
WF,22609,32.66,34,34,32.61,1641531600000000000,371
WFC,35070811,53.86,54.77,55.19,53.8,1641531600000000000,204083
WFCpA,69462,25.51,25.65,25.65,25.472,1641531600000000000,367
WFCpC,169484,24.79,24.65,24.85,24.63,1641531600000000000,862
WFCpD,247854,24.38,24.27,24.49,24.24,1641531600000000000,1328
WFCpL,4977,1471.1499,1478.27,1478.27,1468.95,1641531600000000000,280
WFCpQ,59830,26.48,26.72,26.72,26.43,1641531600000000000,543
WFCpR,69828,27.5,27.73,27.74,27.33,1641531600000000000,487
WFCpY,18310,25.55,25.55,25.6,25.44,1641531600000000000,184
WFCpZ,112365,25.54,25.62,25.7,25.46,1641531600000000000,596
WFCF,1777,14.91,14.9037,14.91,14.3869,1641531600000000000,57
WFG,205961,92.18,91.83,94.37,91.185,1641531600000000000,3031
WFH,7977,70.62,70.08,70.92,69.94,1641531600000000000,146
WFHY,27578,51.87,51.775,51.87,51.7184,1641531600000000000,102
WFIG,2996,52.795,52.7088,52.795,52.6699,1641531600000000000,24
WFRD,132674,28.44,27.42,28.44,27.35,1641531600000000000,2728
WGLD,415,17.24,17.2747,17.28,17.24,1641531600000000000,5
WGO,610873,77.92,77.45,78.88,76.8119,1641531600000000000,11238
WGRO,4948,25.43,25.0277,25.56,24.9901,1641531600000000000,24
WH,439253,89,88.48,89.585,88.11,1641531600000000000,7461
WHD,239764,42.49,42.7,43.02,42.22,1641531600000000000,3420
WHF,86077,15.45,15.55,15.635,15.42,1641531600000000000,878
WHG,10251,18.56,18.64,18.945,18.08,1641531600000000000,570
WHLM,1909,5.16,5.09,5.16,5.02,1641531600000000000,58
WHLR,18590,2.04,1.88,2.04,1.88,1641531600000000000,80
WHLRP,104,7,7,7,7,1641531600000000000,3
WHR,586568,233.94,227.04,234.32,226.83,1641531600000000000,12784
WIA,44968,13.05,12.99,13.05,12.95,1641531600000000000,194
WIL,1,101.6854,101.6854,101.6854,101.6854,1641531600000000000,1
WILC,971,19.5,19.5,19.5,19.43,1641531600000000000,30
WIMI,1045999,2.81,2.83,2.92,2.79,1641531600000000000,5069
WINA,6777,241.5,233.76,241.5,233.76,1641531600000000000,411
WINC,6405,25.76,25.76,25.84,25.74,1641531600000000000,36
WING,311662,170.28,163.75,172.6697,163.75,1641531600000000000,7682
WINT,38994,1.4,1.38,1.42,1.37,1641531600000000000,210
WINV,500006,9.86,9.86,9.86,9.86,1641531600000000000,3
WINVW,500,0.23,0.24,0.24,0.22,1641531600000000000,5
WIP,26987,53.04,53.16,53.23,53.04,1641531600000000000,311
WIRE,352591,138,128.97,138.1,128.76,1641531600000000000,7289
WISA,101046,1.36,1.28,1.37,1.27,1641531600000000000,366
WISH,16429798,2.69,2.76,2.84,2.681,1641531600000000000,34591
WIT,2287893,9.63,9.61,9.665,9.55,1641531600000000000,9307
WIW,157939,12.95,12.73,12.97,12.73,1641531600000000000,879
WIX,865485,145.05,144.83,151.265,143.19,1641531600000000000,14978
WIZ,3347,35.74,35.7106,35.88,35.7106,1641531600000000000,32
WK,349592,113.73,114.64,117.07,112.11,1641531600000000000,8905
WKEY,264317,4.31,4.33,4.39,4.19,1641531600000000000,2107
WKHS,4040274,4.09,4.11,4.27,4.04,1641531600000000000,22969
WKLY,3567,52.02,52.3565,52.3565,52,1641531600000000000,238
WKME,130685,17.62,18.04,18.25,17.19,1641531600000000000,2046
WKSP,76903,2.57,2.57,2.6399,2.5,1641531600000000000,482
WLDN,50027,31.55,31.83,32,31.155,1641531600000000000,1207
WLDR,83,27.115,27.115,27.115,27.115,1641531600000000000,5
WLFC,6082,36.725,36.81,36.83,36.65,1641531600000000000,220
WLK,559732,102.17,103.33,103.83,101.77,1641531600000000000,7691
WLKP,53801,26.21,26.61,26.68,26.1399,1641531600000000000,680
WLL,340105,70.49,71.03,72.175,69.29,1641531600000000000,6334
WLMS,71732,3.28,3.33,3.33,3.21,1641531600000000000,353
WLTG,2100,25.38,25.3722,25.406,25.3722,1641531600000000000,14
WLTH,113,9.76,9.7433,9.76,9.7433,1641531600000000000,4
WLTW,1233519,233.05,231.56,235.5,231.26,1641531600000000000,20572
WM,1547795,162.65,161.76,163.88,160.69,1641531600000000000,24962
WMB,8931617,27.51,28.01,28.055,27.35,1641531600000000000,48387
WMC,244807,2.24,2.24,2.27,2.23,1641531600000000000,1365
WMG,904574,39.76,39.92,40.46,39.51,1641531600000000000,10107
WMK,31719,66.68,66.29,66.74,66.06,1641531600000000000,1638
WMPN,18894,12.5,12.74,12.75,12.4507,1641531600000000000,112
WMS,294777,129.88,125.94,131.585,125.92,1641531600000000000,5506
WMT,6565484,143.5,144.89,145.36,142.96,1641531600000000000,68718
WNC,335356,20.92,20.45,21.03,20.44,1641531600000000000,3741
WNDY,2265,21.57,21.55,21.59,21.52,1641531600000000000,26
WNEB,16653,9.23,9.2,9.2766,9.13,1641531600000000000,256
WNS,162647,86.905,87.82,88.14,86.245,1641531600000000000,2994
WNW,75181,2.2038,2.18,2.3,2.17,1641531600000000000,405
WOLF,1468196,111.96,108.97,116.91,108.7,1641531600000000000,21630
WOMN,2005,34.56,34.6861,34.78,34.56,1641531600000000000,39
WOOD,9613,91.22,91.8,91.93,91.0467,1641531600000000000,329
WOOF,2222161,18.67,18.51,19.08,18.5,1641531600000000000,17919
WOR,231354,57.64,58.19,58.53,57.41,1641531600000000000,4876
WORX,77141,1.2982,1.289,1.3,1.26,1641531600000000000,150
WOW,293313,20.37,20.68,20.71,20.315,1641531600000000000,3820
WPC,564753,80.42,80.66,80.89,80.23,1641531600000000000,9726
WPCA.WS,10200,1,1,1,1,1641531600000000000,3
WPCB,11255,9.77,9.78,9.79,9.75,1641531600000000000,98
WPCB.U,62541,9.95,9.98,9.98,9.95,1641531600000000000,13
WPCB.WS,6781,1,1,1,1,1641531600000000000,7
WPM,3140858,38.74,38.56,38.98,38.02,1641531600000000000,27507
WPP,121843,78.91,78.93,79.42,78.87,1641531600000000000,2814
WPRT,1738905,2.28,2.33,2.42,2.27,1641531600000000000,7399
WPS,419,36.6201,36.6587,36.6587,36.6201,1641531600000000000,19
WQGA,1000,9.83,9.8215,9.835,9.82,1641531600000000000,6
WRAC,39392,9.8948,9.9,9.91,9.89,1641531600000000000,48
WRAC.U,6090,10.16,10.14,10.16,10.13,1641531600000000000,26
WRAC.WS,2650,0.5348,0.5,0.5348,0.5,1641531600000000000,10
WRAP,69834,4.06,4.12,4.15,4.035,1641531600000000000,810
WRB,577495,82.93,84.58,84.7999,82.93,1641531600000000000,11478
WRBpE,4260,26.47,26.57,26.68,26.47,1641531600000000000,62
WRBpF,28824,26.54,26.62,26.79,26.48,1641531600000000000,296
WRBpG,2230,25.71,25.79,25.8172,25.65,1641531600000000000,35
WRBpH,4678,25.16,25.25,25.3,25.16,1641531600000000000,51
WRBY,1888108,43.23,39.71,43.49,39.34,1641531600000000000,11897
WRE,1185129,26.56,26.59,26.73,26.47,1641531600000000000,8459
WRK,1701014,46.25,46.94,47.11,46.18,1641531600000000000,18942
WRLD,22309,212.45,210.72,213.22,209.89,1641531600000000000,1346
WRN,146834,1.5,1.54,1.54,1.49,1641531600000000000,563
WSBC,172431,37.935,38.01,38.06,37.07,1641531600000000000,3013
WSBCP,3276,28.38,28.31,28.38,28.06,1641531600000000000,72
WSBF,126537,22,21.77,22,21.612,1641531600000000000,1397
WSC,1802708,39.58,38.09,40.03,38.08,1641531600000000000,18735
WSFS,441162,55.5,55.26,55.88,54.98,1641531600000000000,6333
WSM,1299900,155.63,150.86,158.02,149.29,1641531600000000000,23476
WSO,116780,305.12,299.4,309.0239,299.21,1641531600000000000,4309
WSR,383100,10.36,10.27,10.5,10.27,1641531600000000000,3669
WST,513374,404.22,390.47,404.9,389.77,1641531600000000000,12871
WSTG,9256,32.4,32.25,32.67,32.25,1641531600000000000,212
WTAI,1222,23.63,23.3924,23.829,23.3799,1641531600000000000,17
WTBA,25778,31.69,31.7,31.7663,31.32,1641531600000000000,650
WTER,1107309,1.14,1.16,1.16,1.11,1641531600000000000,3030
WTFC,346378,99.35,99.38,99.89,98.19,1641531600000000000,7480
WTFCM,3419,27.1,27.395,27.49,27.01,1641531600000000000,65
WTFCP,17801,27.53,27.36,27.57,27.2,1641531600000000000,190
WTI,1070560,3.7,3.63,3.71,3.59,1641531600000000000,3643
WTM,16609,1012.66,1029.06,1029.6806,1012.66,1641531600000000000,1708
WTMAU,2673,10.02,10.03,10.03,10.02,1641531600000000000,9
WTMF,60308,35.02,34.895,35.039,34.85,1641531600000000000,180
WTRG,1070069,52.03,52.18,52.25,51.7,1641531600000000000,12694
WTRH,3413687,0.7,0.6401,0.7,0.632,1641531600000000000,7055
WTRU,16714,63.24,63.35,63.35,63.1,1641531600000000000,48
WTS,112412,189.64,187.03,190.48,186.4201,1641531600000000000,2201
WTT,24039,2.07,2.11,2.11,2.05,1641531600000000000,128
WTTR,209218,6.72,6.6,6.86,6.6,1641531600000000000,2228
WTV,4466,63.88,63.7764,64,63.7764,1641531600000000000,127
WU,7665132,18.41,19.01,19.01,18.38,1641531600000000000,37038
WUGI,3935,58,58.242,58.6759,57.99,1641531600000000000,54
WULF,80460,13.17,12.91,13.415,12.001,1641531600000000000,1403
WVE,316714,2.96,2.88,3.01,2.862,1641531600000000000,2501
WVFC,527,15.9,15.9018,15.9018,15.9,1641531600000000000,13
WVVI,21341,8.76,8.85,9.18,8.69,1641531600000000000,201
WW,1178531,15.68,15.2,15.99,15.19,1641531600000000000,10656
WWAC,2591,9.76,9.76,9.76,9.76,1641531600000000000,28
WWACW,22750,0.5651,0.5001,0.5651,0.5001,1641531600000000000,37
WWD,351378,112.07,112.04,115,111.9,1641531600000000000,7834
WWE,385974,49.19,50.02,50.37,49.18,1641531600000000000,6671
WWJD,76937,30.97,31.177,31.21,30.8518,1641531600000000000,120
WWOW,108,23.8554,23.8554,23.8554,23.8554,1641531600000000000,9
WWR,430194,2.25,2.29,2.3414,2.2301,1641531600000000000,2444
WWW,484420,27.71,27.17,27.884,27.01,1641531600000000000,6626
WY,3282196,40.33,40.34,40.94,40.16,1641531600000000000,26785
WYNN,1717168,84.58,84.55,86.38,84.49,1641531600000000000,26994
WYY,26129,3.99,3.93,4.03,3.93,1641531600000000000,165
X,15536087,25.07,25.4,25.42,24.425,1641531600000000000,80960
XAIR,180712,8.43,8.52,8.75,8.21,1641531600000000000,2098
XAR,34082,118.03,118.39,119.5163,118.03,1641531600000000000,687
XBAP,778,27.44,27.4388,27.45,27.4388,1641531600000000000,7
XBI,11657239,105.18,102.99,107.4,102.7799,1641531600000000000,160088
XBIO,96260,1.25,1.27,1.29,1.23,1641531600000000000,460
XBIT,27205,11.3,11.32,11.43,11.23,1641531600000000000,537
XBJA,38536,24.5299,24.4875,24.53,24.4301,1641531600000000000,76
XBJL,433,26.82,26.8085,26.82,26.7859,1641531600000000000,2
XBOC,290,25.0109,25.04,25.04,25.0109,1641531600000000000,1
XBTF,29562,41.19,41.27,41.4142,40,1641531600000000000,375
XBUY,684,34.48,34.2894,34.48,34.16,1641531600000000000,15
XCEM,5614,32.03,32.03,32.03,31.9,1641531600000000000,22
XCLR,2055,27.309,27.2486,27.309,27.2486,1641531600000000000,9
XCUR,2530677,0.2,0.1995,0.21,0.195,1641531600000000000,2416
XDAP,100,28.75,28.8194,28.8194,28.75,1641531600000000000,1
XDAT,437,24.18,24.3993,24.3993,24.18,1641531600000000000,12
XDEC,7145,30.64,30.6,30.66,30.57,1641531600000000000,19
XDJA,3912,24.39,24.3122,24.39,24.3122,1641531600000000000,5
XDJL,0,27.6815,27.6815,27.6815,27.6815,1641531600000000000,0
XDOC,0,25.6374,25.6374,25.6374,25.6374,1641531600000000000,0
XDQQ,4411,29.61,29.3639,29.61,29.3639,1641531600000000000,46
XDSQ,522,28.45,28.4324,28.45,28.4324,1641531600000000000,4
XEL,2671852,68.27,69.1,69.43,67.75,1641531600000000000,29769
XELA,8595663,0.7057,0.701,0.7296,0.681,1641531600000000000,16223
XELB,140254,1.17,1.22,1.27,1.1601,1641531600000000000,309
XENE,585165,30.75,30.5,31.32,29.82,1641531600000000000,5286
XENT,202158,27.31,27.3,27.36,27.29,1641531600000000000,1690
XERS,2091748,2.65,2.56,2.75,2.54,1641531600000000000,8048
XES,85324,56.18,56.55,56.78,56.06,1641531600000000000,913
XFIN,2725,9.89,10,10,9.89,1641531600000000000,24
XFINU,300,10.17,10.17,10.17,10.17,1641531600000000000,3
XFLT,150676,8.95,9.02,9.1516,8.92,1641531600000000000,1017
XFOR,116651,2.24,2.21,2.3,2.18,1641531600000000000,905
XGN,25895,10.53,10.6,11.54,10.27,1641531600000000000,593
XHB,4112434,82.37,79.71,82.49,79.68,1641531600000000000,51859
XHE,58968,111.69,109.61,112.36,109.59,1641531600000000000,810
XHR,609210,17.84,18.36,18.72,17.84,1641531600000000000,4060
XHS,5475,98.7257,97.6276,98.7257,97.6276,1641531600000000000,164
XIN,886055,0.6,0.76,0.762699,0.59,1641531600000000000,1729
XITK,7804,175.56,174.09,179.4,173.89,1641531600000000000,222
XJH,8862,38.5,38.1543,38.62,38.1,1641531600000000000,78
XJR,1208,40.48,40.0979,40.645,40.0979,1641531600000000000,27
XJUN,424,30.59,30.533,30.59,30.533,1641531600000000000,1
XL,2304856,3.01,2.97,3.1116,2.93,1641531600000000000,10768
XLB,8264440,89.49,89.3,89.64,88.91,1641531600000000000,63082
XLC,7882807,76.43,76.44,76.96,76.15,1641531600000000000,49546
XLE,35537925,60.74,61.34,61.5,60.32,1641531600000000000,190827
XLF,62034612,40.78,41.17,41.27,40.635,1641531600000000000,123558
XLG,59007,362.53,360.76,363.3325,359.34,1641531600000000000,1282
XLI,11614853,106.55,106.49,107.2,106.45,1641531600000000000,104709
XLK,15244335,167.36,165.93,168.16,164.84,1641531600000000000,123109
XLNX,4200665,203.1,193.07,203.45,192.15,1641531600000000000,47503
XLO,34018,13.8,14.32,14.665,13.551,1641531600000000000,568
XLP,12650260,77.22,77.42,77.719,77.0104,1641531600000000000,63186
XLRE,6141083,49.37,49.27,49.599,49.04,1641531600000000000,30248
XLSR,147943,46.71,46.58,46.78,46.38,1641531600000000000,390
XLU,19636027,69.73,70.41,70.75,69.3,1641531600000000000,109366
XLV,9613154,134.72,134.35,134.97,134.07,1641531600000000000,87771
XLY,7502017,203.16,199.48,203.68,198.83,1641531600000000000,116087
XM,1039220,29.82,29.33,30.7,29.26,1641531600000000000,12719
XME,3159831,45.85,46.07,46.4525,45.41,1641531600000000000,26840
XMHQ,28131,80.57,80.06,80.82,79.51,1641531600000000000,248
XMLV,60637,57.56,57.39,57.6499,57.22,1641531600000000000,551
XMMO,147399,90.33,89.35,91,89.0106,1641531600000000000,561
XMPT,28212,28.96,28.99,28.99,28.9,1641531600000000000,189
XMTR,1061291,54.17,55.56,56.43,52.89,1641531600000000000,7876
XMVM,68214,50.04,49.65,50.12,49.36,1641531600000000000,299
XNCR,188455,39.47,37.97,40.05,37.94,1641531600000000000,3352
XNET,236775,1.93,1.89,1.96,1.85,1641531600000000000,1356
XNTK,22784,159.27,157.26,160.14,156.43,1641531600000000000,476
XOM,23893848,68.52,68.88,69.18,67.98,1641531600000000000,157886
XOMA,6214,22.515,22.3,22.97,22.195,1641531600000000000,240
XOMAO,2210,25.96,26.046,26.06,25.8732,1641531600000000000,25
XOMAP,1934,25.78,25.7325,25.8,25.65,1641531600000000000,15
XOP,5711863,105.21,104.7,105.73,103.362,1641531600000000000,68797
XOS,370626,2.65,2.61,2.7,2.56,1641531600000000000,2143
XOSWW,58262,0.41995,0.39,0.42,0.375,1641531600000000000,56
XOUT,10111,43.5678,43.27,43.651,43.25,1641531600000000000,105
XP,4800532,27.57,27.74,28.65,27.16,1641531600000000000,33716
XPAX,2308,9.65,9.69,9.69,9.65,1641531600000000000,13
XPAXU,1534,9.87,9.88,9.88,9.87,1641531600000000000,12
XPAXW,45600,0.53,0.52,0.5438,0.52,1641531600000000000,36
XPDBU,30105,10.2,10.15,10.2,10.15,1641531600000000000,10
XPDI,1394750,10.05,10.06,10.16,10.02,1641531600000000000,4722
XPDIU,40427,10.68,10.7,10.9,10.64,1641531600000000000,146
XPDIW,253517,2.15,2.44,2.54,2.15,1641531600000000000,598
XPEL,255243,68.35,66.5,69.44,65.31,1641531600000000000,3624
XPER,335252,18.97,18.68,19.22,18.59,1641531600000000000,3501
XPEV,9956854,46.72,45.05,48.0036,44.18,1641531600000000000,66964
XPH,121026,44.94,44.93,45.22,44.88,1641531600000000000,807
XPL,40445,0.487,0.49,0.4999,0.487,1641531600000000000,205
XPND,433,21.76,21.6869,21.76,21.6869,1641531600000000000,10
XPO,1756830,72.16,71.4,73.1,70.63,1641531600000000000,21897
XPOA,7552,9.8,9.81,9.8244,9.8,1641531600000000000,29
XPOA.WS,9650,0.5804,0.58,0.597461,0.58,1641531600000000000,32
XPOF,238156,18.21,17.66,19.46,17.14,1641531600000000000,3160
XPP,13657,42.75,43.21,43.54,42.75,1641531600000000000,76
XPRO,275954,15.81,15.57,15.99,15.49,1641531600000000000,3850
XRAY,1226814,56.41,56.4,56.95,56.04,1641531600000000000,13957
XRLV,408,51.4475,51.3281,51.4475,51.3281,1641531600000000000,9
XRMI,15537,26.5201,26.59,26.63,26.5,1641531600000000000,124
XRT,2686449,88.26,87.18,89.17,86.88,1641531600000000000,26792
XRTX,28988,1.96,1.9,1.9799,1.9,1641531600000000000,117
XRX,1608713,23.7,23.7,23.93,23.69,1641531600000000000,14340
XSD,99553,232.97,225.96,234.34,225.2954,1641531600000000000,2492
XSHD,665,23.18,23.1591,23.26,23.1591,1641531600000000000,14
XSHQ,5330,39.66,39.4217,39.66,39.4,1641531600000000000,70
XSLV,75163,51.96,51.56,51.96,51.56,1641531600000000000,470
XSMO,154209,55.87,54.85,55.95,54.85,1641531600000000000,139
XSOE,1431726,36.5,36.61,36.685,36.31,1641531600000000000,2912
XSPA,3007290,1.85,1.88,1.95,1.82,1641531600000000000,10119
XSVM,149662,55.33,55.12,55.6762,54.9,1641531600000000000,817
XSW,54654,156.27,154.95,157.5,154.34,1641531600000000000,580
XT,94775,63.27,62.97,63.8013,62.66,1641531600000000000,1044
XTAP,117,28.7,28.6898,28.7,28.6898,1641531600000000000,2
XTJA,11609,24.43,24.26,24.43,24.26,1641531600000000000,46
XTJL,370,27.55,27.5349,27.55,27.51,1641531600000000000,4
XTL,1974,98.7,98.3391,99.45,98.1,1641531600000000000,67
XTLB,6908,2.96,2.7,2.96,2.69,1641531600000000000,63
XTN,38541,92.3,92.23,92.989,91.6783,1641531600000000000,670
XTNT,70585,0.5883,0.578625,0.6,0.5659,1641531600000000000,309
XTOC,0,25.5645,25.5645,25.5645,25.5645,1641531600000000000,0
XTR,1812,27.369,27.3389,27.38,27.3389,1641531600000000000,18
XVOL,220,22.0155,22.0155,22.0155,22.0155,1641531600000000000,18
XVV,5623,36.04,35.899,36.1799,35.8133,1641531600000000000,93
XWEB,1698,137.81,136.3869,138.33,136.3869,1641531600000000000,56
XXII,2178505,2.65,2.76,2.7999,2.61,1641531600000000000,10851
XYF,26700,3.02,3.09,3.13,3.0043,1641531600000000000,219
XYL,764751,115.98,115.43,116.71,115.29,1641531600000000000,11944
XYLD,199283,50.45,50.4,50.53,50.3059,1641531600000000000,1957
XYLG,13893,31.36,31.244,31.36,31.1,1641531600000000000,294
Y,79885,662.58,674.31,677.275,661.06,1641531600000000000,3807
YALA,568704,6.12,6.18,6.4,6.08,1641531600000000000,3401
YANG,1292191,20.49,20.21,20.72,19.82,1641531600000000000,8942
YCBD,259430,1.02,1.06,1.13,1.02,1641531600000000000,1069
YCBDpA,3521,5.865,5.75,5.865,5.68,1641531600000000000,44
YCL,27,46.8644,46.8644,46.8644,46.8644,1641531600000000000,21
YCS,5069,83.92,83.7032,83.92,83.7,1641531600000000000,60
YDEC,1435,21.22,21.2211,21.23,21.19,1641531600000000000,10
YELL,829570,11.37,10.94,11.37,10.74,1641531600000000000,6806
YELP,421568,35.37,35.3,36.016,34.99,1641531600000000000,5277
YETI,1107788,75.77,74.27,76.62,73.06,1641531600000000000,13316
YEXT,979067,8.98,9.03,9.235,8.88,1641531600000000000,8760
YGMZ,108511,1.71,1.66,1.78,1.66,1641531600000000000,472
YI,308272,3.1,2.97,3.16,2.95,1641531600000000000,1793
YINN,7141946,8.19,8.3,8.4387,8.1,1641531600000000000,18764
YJ,128100,0.56,0.59,0.62,0.56,1641531600000000000,316
YJUN,400,20.1,20.139,20.15,20.1,1641531600000000000,4
YLD,719,20.68,20.68,20.685,20.68,1641531600000000000,21
YLDE,1052,43.38,43.455,43.455,43.3288,1641531600000000000,18
YMAB,161125,14.92,14.04,15.14,13.94,1641531600000000000,2693
YMAR,4749,20.78,20.78,20.82,20.78,1641531600000000000,46
YMM,8505708,7.99,8.3,8.635,7.951,1641531600000000000,34194
YMTX,24826,2.7,2.69,2.88,2.65,1641531600000000000,275
YNDX,2497341,55.32,54.64,55.99,54.4631,1641531600000000000,20988
YOLO,90477,12.06,12.17,12.3836,11.96,1641531600000000000,1011
YORW,20161,47.25,46.44,47.585,46.41,1641531600000000000,606
YOU,747311,25.75,26.18,26.98,25.13,1641531600000000000,9113
YPF,1132560,3.94,4.03,4.03,3.86,1641531600000000000,5845
YPS,2035,24.53,24.42,24.53,24.42,1641531600000000000,33
YQ,60139,1.2,1.15,1.23,1.15,1641531600000000000,423
YRD,38908,3.09,3.12,3.15,3.02,1641531600000000000,854
YSAC,7294,10.17,10.19,10.19,10.17,1641531600000000000,43
YSAC.U,400,10.53,10.54,10.54,10.5002,1641531600000000000,5
YSAC.WS,34999,0.82,0.81,0.8799,0.7846,1641531600000000000,64
YSEP,0,19.9035,19.9035,19.9035,19.9035,1641531600000000000,0
YSG,4089407,1.72,1.9,1.93,1.72,1641531600000000000,6737
YTEN,32834,4.29,4.32,4.5199,4.22,1641531600000000000,254
YTPG,106,9.88,9.88,9.88,9.88,1641531600000000000,6
YTRA,95469,1.68,1.7,1.77,1.6606,1641531600000000000,358
YUM,823156,136.36,135.35,137.12,135.32,1641531600000000000,13767
YUMC,2482590,48.54,49.69,50.41,48.54,1641531600000000000,19483
YUMY,2018,24.39,24.3924,24.565,24.39,1641531600000000000,18
YVR,242807,0.96,1.01,1.08,0.96,1641531600000000000,811
YXI,24817,16.71,16.63,16.7282,16.58,1641531600000000000,75
YY,403789,49.05,49.38,50.61,48.74,1641531600000000000,7163
YYY,139168,16.55,16.58,16.6173,16.5418,1641531600000000000,657
Z,3414398,57,56.68,58.75,55.6889,1641531600000000000,33967
ZBH,1630407,127.2,128.15,129.46,127.03,1641531600000000000,19030
ZBRA,424861,552.14,530.86,553.54,530.14,1641531600000000000,13882
ZBZX,0,0.04,0.04,0.04,0.04,1641531600000000000,0
ZCMD,25931,1.76,1.76,1.79,1.72,1641531600000000000,133
ZD,205504,107.71,107.08,109.11,106.92,1641531600000000000,4595
ZDGE,57116,8.93,8.93,9.14,8.81,1641531600000000000,797
ZEAL,1371,21.68,21.68,21.68,21.68,1641531600000000000,43
ZECP,928,26.38,26.2821,26.39,26.24,1641531600000000000,18
ZEN,1203885,97.95,97.92,100.22,97.3,1641531600000000000,14614
ZENV,81730,6.04,6.04,6.25,5.7,1641531600000000000,961
ZEPP,184235,5,5.04,5.12,4.98,1641531600000000000,1303
ZEST,117692,3,2.95,3.05,2.87,1641531600000000000,344
ZETA,118440,7.98,8.02,8.21,7.83,1641531600000000000,1880
ZEUS,38846,25.26,25.8,25.92,25.09,1641531600000000000,934
ZEV,397436,7.02,6.82,7.22,6.7119,1641531600000000000,2950
ZEV.WS,41654,1.49,1.38,1.52,1.32,1641531600000000000,170
ZEXIT,2000,10,10,10,10,1641531600000000000,1
ZG,731608,55.68,55.2,57.04,54.3,1641531600000000000,15582
ZGN,285784,9.56,10.02,10.24,9.5,1641531600000000000,2100
ZGN.WS,95648,1.8,1.89,1.94,1.8,1641531600000000000,396
ZGNX,456572,16.41,16.4,17.06,16.365,1641531600000000000,6158
ZH,1579344,4.91,4.97,5.17,4.89,1641531600000000000,11476
ZHDG,22512,20.7799,20.68,20.7799,20.63,1641531600000000000,117
ZI,3360697,54.285,52.5,55.94,52.3,1641531600000000000,30854
ZIEXT,2000,1,1,1,1,1641531600000000000,1
ZIG,7069,31.24,31.06,31.27,30.93,1641531600000000000,48
ZIM,2227674,56.51,56.58,58.67,56,1641531600000000000,19695
ZION,1286017,69.18,70.09,70.39,68.39,1641531600000000000,18935
ZIONL,76706,26.74,26.7254,26.839,26.68,1641531600000000000,396
ZIONO,4198,26.48,26.29,26.48,26.27,1641531600000000000,71
ZIOP,1042459,1,0.9955,1.05,0.9901,1641531600000000000,5199
ZIP,676082,23.41,23.84,24.61,23.06,1641531600000000000,6018
ZIVO,17660,2.6,2.44,2.6,2.42,1641531600000000000,133
ZKIN,286908,1.31,1.36,1.45,1.3,1641531600000000000,1154
ZLAB,438729,54.4,55.08,58.71,53.68,1641531600000000000,6563
ZM,3032564,176.05,171.6,180.67,170.72,1641531600000000000,64097
ZME,1179526,2.32,2.1496,2.6,1.74,1641531600000000000,4189
ZNGA,22282652,6.08,6,6.14,5.9,1641531600000000000,59503
ZNH,4888,30.74,30.9,31.08,30.74,1641531600000000000,211
ZNTE,205475,10.18,10.17,10.19,10.17,1641531600000000000,366
ZNTEW,9546,0.8403,0.935,0.935,0.8403,1641531600000000000,49
ZNTL,307459,72.72,69.77,75.66,69.38,1641531600000000000,5645
ZOM,6572402,0.328,0.3201,0.332,0.32,1641531600000000000,10506
ZROZ,118478,145.46,144.44,145.67,143.54,1641531600000000000,505
ZS,1678643,258.38,261.53,268.36,254.351,1641531600000000000,29540
ZSAN,1162600,0.51,0.505,0.5299,0.5001,1641531600000000000,1774
ZSL,256133,29.37,29.0665,29.8,28.75,1641531600000000000,1870
ZT,12397,9.7834,9.8,9.8,9.7,1641531600000000000,107
ZTAQU,6375,9.97,9.95,10.02,9.9201,1641531600000000000,32
ZTEST,0,8662.955,8662.955,8662.955,8662.955,1641531600000000000,0
ZTO,3125037,28,28.13,28.85,28,1641531600000000000,20055
ZTR,107461,9.39,9.43,9.433,9.37,1641531600000000000,509
ZTS,2205728,217.13,211.09,217.42,210.78,1641531600000000000,35904
ZTST,0,40.17,40.17,40.17,40.17,1641531600000000000,0
ZUMZ,267660,47.43,46.54,48.17,46.41,1641531600000000000,5311
ZUO,1970114,16.44,16.53,16.76,15.99,1641531600000000000,14835
ZVIA,284233,6.9,6.93,7.08,6.705,1641531600000000000,869
ZVO,52694,1.33,1.3,1.36,1.28,1641531600000000000,319
ZVZZT,923376,10.01,10.02,10.02,9.99,1641531600000000000,11975
ZWRK,204502,9.74,9.75,9.75,9.74,1641531600000000000,7
ZWRKW,49999,0.59,0.59,0.59,0.59,1641531600000000000,2
ZWS,652030,35.28,34.67,35.49,34.59,1641531600000000000,5958
ZXIET,2000,100,100,100,100,1641531600000000000,1
ZY,940357,5.69,5.69,5.83,5.48,1641531600000000000,8263
ZYME,899547,14.07,14.11,14.76,14.03,1641531600000000000,8989
ZYNE,551838,2.72,2.69,2.84,2.68,1641531600000000000,4117
ZYXI,282580,8.9,8.47,9,8.43,1641531600000000000,3983
