ticker,volume,open,close,high,low,window_start,transactions
A,1329902,121.19,120.79,121.905,120.31,1652846400000000000,23442
AA,6809651,62.62,60.51,63.8189,60.01,1652846400000000000,72120
AAA,492,24.46,24.45,24.46,24.45,1652846400000000000,10
AAAU,229230,18.01,18.04,18.1257,17.9855,1652846400000000000,1060
AAC,160881,9.82,9.81,9.82,9.79,1652846400000000000,271
AAC.U,46592,9.85,9.84,9.8568,9.84,1652846400000000000,113
AAC.WS,2745,0.230101,0.23,0.230101,0.23,1652846400000000000,20
AACG,3072,1.1,1.08,1.1,1.08,1652846400000000000,88
AACI,1183,9.84,9.84,9.84,9.84,1652846400000000000,3
AADI,107810,14.54,13.86,14.995,13.72,1652846400000000000,2864
AADR,1910,54.2321,53.22,54.2321,52.97,1652846400000000000,34
AAIC,49504,3.55,3.45,3.6,3.45,1652846400000000000,334
AAICpC,952,22.52,22.7,22.7,22.5,1652846400000000000,12
AAIN,2172,24.13,24.15,24.15,23.955,1652846400000000000,13
AAL,29337039,17.45,16.89,17.835,16.78,1652846400000000000,113870
AAMpA,45429,24.06,23.82,24.07,23.77,1652846400000000000,477
AAMpB,17640,24.53,24.56,24.845,24.53,1652846400000000000,183
AAMC,1106,10.48,10.3583,10.48,10.3583,1652846400000000000,34
AAME,1963,2.8,2.785,2.8,2.78,1652846400000000000,48
AAN,331634,20.39,19.62,20.66,19.26,1652846400000000000,4579
AAOI,74674,2.45,2.38,2.56,2.37,1652846400000000000,571
AAON,249116,50.76,50.08,51.315,49.58,1652846400000000000,5149
AAP,1391085,212.86,195.5,212.86,192.42,1652846400000000000,35041
AAPL,108778953,146.85,140.82,147.3601,139.9,1652846400000000000,982266
AAQC,98416,9.74,9.745,9.75,9.74,1652846400000000000,73
AAQC.U,300,9.94,9.94,9.94,9.94,1652846400000000000,4
AAT,279633,33.33,32.75,33.415,32.52,1652846400000000000,4426
AATC,19473,6.085,6.02,6.1,5.96,1652846400000000000,118
AAU,254746,0.28,0.2725,0.287,0.2711,1652846400000000000,870
AAWW,565885,72.5,69.1,72.5,68.97,1652846400000000000,13657
AAXJ,1735817,69.13,67.99,69.35,67.87,1652846400000000000,8882
AB,398559,39.25,39.01,39.71,38.6,1652846400000000000,3852
ABB,3812206,29.26,28.81,29.43,28.765,1652846400000000000,24012
ABBV,6495313,154.79,152.43,155.7,151.75,1652846400000000000,78377
ABC,1793400,156.93,151.11,157.56,150.78,1652846400000000000,28286
ABCB,557487,43.54,42.86,43.915,42.497,1652846400000000000,9755
ABCL,1660853,7.92,8.03,8.57,7.9001,1652846400000000000,12208
ABCM,141751,13.81,13.58,13.88,13.56,1652846400000000000,1597
ABEO,856160,0.1946,0.1626,0.1946,0.1605,1652846400000000000,1614
ABEQ,16985,28.53,28.226,28.53,28.226,1652846400000000000,30
ABEV,49194017,2.91,2.8,2.94,2.8,1652846400000000000,41717
ABG,280573,188.68,176.43,189.97,173.8,1652846400000000000,9000
ABGI,10422,9.79,9.79,9.79,9.79,1652846400000000000,19
ABIO,42992,2.31,2.29,2.35,2.25,1652846400000000000,222
ABM,546398,46.93,45.61,46.94,45.29,1652846400000000000,8654
ABMD,314614,253.22,240.46,254.88,239.21,1652846400000000000,12925
ABNB,9702711,116.11,108.03,117.04,107.62,1652846400000000000,144964
ABOS,152346,3.5,3.49,3.7,3.46,1652846400000000000,1903
ABR,4232962,17.03,16.8,17.225,16.72,1652846400000000000,28548
ABRpD,17312,21.15,20.88,21.15,20.8508,1652846400000000000,122
ABRpE,1868,20.79,20.7902,20.885,20.79,1652846400000000000,17
ABRpF,12316,21.2,20.9,21.2,20.9,1652846400000000000,137
ABSI,424850,3.67,3.44,3.84,3.42,1652846400000000000,3881
ABST,116558,8.65,8.73,8.74,8.5,1652846400000000000,1759
ABT,6927021,113.42,112.74,114.7,112.225,1652846400000000000,83759
ABTX,79708,39.52,39.11,39.66,38.87,1652846400000000000,1835
ABUS,1047592,2.34,2.31,2.45,2.3,1652846400000000000,5935
ABVC,13402,2.1,2.08,2.21,2.08,1652846400000000000,241
AC,28865,38.76,38.09,38.76,37.8,1652846400000000000,431
ACA,291900,53.6,53.69,55.39,53.41,1652846400000000000,5185
ACAB,5000,9.92,9.92,9.92,9.92,1652846400000000000,2
ACAD,1315021,16.56,16.04,16.79,15.79,1652846400000000000,16652
ACAH,19520,9.74,9.76,9.765,9.74,1652846400000000000,40
ACAHW,4904,0.103,0.1076,0.1076,0.103,1652846400000000000,3
ACAQ.U,490,10.0404,10.0404,10.0404,10.0404,1652846400000000000,1
ACAXW,2093,0.1,0.1,0.1,0.1,1652846400000000000,1
ACB,6439120,2.99,2.92,3.115,2.88,1652846400000000000,15816
ACC,5523030,64.75,64.53,64.76,64.5,1652846400000000000,18507
ACCD,1212833,6.03,5.64,6.27,5.59,1652846400000000000,10554
ACCO,495093,7.53,7.29,7.59,7.25,1652846400000000000,4749
ACDI.U,1800,10.2,10.2,10.2,10.2,1652846400000000000,11
ACDI.WS,100,0.25,0.25,0.25,0.25,1652846400000000000,1
ACEL,441620,10.7,10.51,10.92,10.46,1652846400000000000,3037
ACER,53125,1.99,2.085,2.1,1.99,1652846400000000000,216
ACES,147793,48.41,48.43,50.185,48.03,1652846400000000000,898
ACET,354084,11.98,10.79,12.49,10.74,1652846400000000000,6234
ACEV,11457,9.99,9.99,10,9.99,1652846400000000000,78
ACEVU,549,10.06,10.06,10.06,10.06,1652846400000000000,2
ACEVW,23122,0.2777,0.2442,0.2918,0.2442,1652846400000000000,32
ACGL,1661643,46.7,45.82,46.91,45.701,1652846400000000000,20370
ACGLN,87658,18.79,18.77,18.79,18.45,1652846400000000000,581
ACGLO,32353,22.24,22.31,22.31,22,1652846400000000000,284
ACH,96490,10.27,10.01,10.4,9.925,1652846400000000000,1099
ACHC,628531,72.64,69.48,73.19,69.14,1652846400000000000,12949
ACHL,48559,2.35,2.34,2.4,2.3001,1652846400000000000,288
ACHR,1428260,3.91,3.83,4.005,3.73,1652846400000000000,11783
ACHR.WS,2597,0.65,0.65,0.65,0.65,1652846400000000000,18
ACHV,23462,6.98,6.95,7,6.77,1652846400000000000,327
ACI,3989383,27.88,27.1,28.1066,26.97,1652846400000000000,38361
ACII,4192,9.83,9.79,9.83,9.78,1652846400000000000,40
ACII.U,10000,9.8,9.8,9.8,9.8,1652846400000000000,16
ACII.WS,270,0.1551,0.1551,0.1551,0.1551,1652846400000000000,1
ACIO,29657,29.38,28.95,29.4261,28.8512,1652846400000000000,56
ACIU,168783,3.08,3.2,3.27,3.08,1652846400000000000,805
ACIW,495991,25.41,25.11,25.86,24.94,1652846400000000000,8156
ACKIW,38390,0.36,0.35,0.36,0.3307,1652846400000000000,317
ACLS,372465,58.65,57.02,60.75,56.26,1652846400000000000,9069
ACLX,45530,7.43,7.21,7.75,6.9372,1652846400000000000,796
ACM,899240,68.17,66.27,70.095,66.2,1652846400000000000,13579
ACMR,496155,13.39,13.3,14.145,13.169,1652846400000000000,8392
ACN,2630989,286.87,274.16,287.245,272.415,1652846400000000000,52884
ACNB,25316,32.15,32.18,32.7,31.99,1652846400000000000,1640
ACON,100410,1.35,1.5,1.52,1.35,1652846400000000000,527
ACOR,461006,0.6503,0.5792,0.6768,0.532,1652846400000000000,1698
ACP,91928,8.6,8.52,8.6,8.52,1652846400000000000,464
ACPpA,3172,22.51,22.47,22.51,22.42,1652846400000000000,14
ACQRU,500,9.78,9.78,9.78,9.78,1652846400000000000,1
ACQRW,5386,0.271701,0.25,0.2899,0.25,1652846400000000000,21
ACR,18777,10.99,10.9,11.29,10.88,1652846400000000000,323
ACRpC,19526,22.98,22.01,22.98,22,1652846400000000000,177
ACRpD,931,22.06,21.5001,22.06,21.5001,1652846400000000000,22
ACRE,6600835,14.59,14.3,14.7,14.26,1652846400000000000,35096
ACRO,5900,9.69,9.69,9.69,9.69,1652846400000000000,13
ACRO.WS,7017,0.3,0.3096,0.3698,0.2738,1652846400000000000,59
ACRS,391321,12.12,11.92,12.34,11.57,1652846400000000000,6488
ACRX,567920,0.2235,0.2266,0.232,0.2229,1652846400000000000,990
ACSI,184,43.05,42.7789,43.05,42.7789,1652846400000000000,41
ACST,1054367,1,0.9605,1,0.9003,1652846400000000000,2014
ACT,192338,23.79,23.3,23.94,23.22,1652846400000000000,4196
ACTD,208164,9.9,9.89,9.91,9.86,1652846400000000000,222
ACTDU,400,10.09,10.09,10.09,10.09,1652846400000000000,1
ACTDW,5608,1.66,1.5,1.66,1.41,1652846400000000000,61
ACTG,653460,4.51,4.37,4.6,4.35,1652846400000000000,4878
ACTV,5820,32.55,31.8239,32.664,31.82,1652846400000000000,54
ACU,9721,32.78,33.26,33.29,32.73,1652846400000000000,202
ACV,51420,20.98,20.29,21.03,20.17,1652846400000000000,408
ACVA,2106703,8.11,7.77,8.39,7.55,1652846400000000000,18823
ACVF,1947,30.305,29.5691,30.305,29.5606,1652846400000000000,50
ACWF,10198,33.93,32.9872,33.94,32.901,1652846400000000000,132
ACWI,3497030,89.77,87.62,89.85,87.35,1652846400000000000,25161
ACWV,226442,97.82,95.88,97.82,95.64,1652846400000000000,1840
ACWX,2525956,47.93,47.14,47.9823,47.05,1652846400000000000,6190
ACXP,6750,2.89,2.7501,2.89,2.7072,1652846400000000000,34
ADAG,23692,2.755,2.88,2.99,2.755,1652846400000000000,180
ADAP,121540,1.56,1.47,1.56,1.4591,1652846400000000000,1159
ADBE,2895175,404.38,397.88,411.6599,396.11,1652846400000000000,67138
ADC,630271,68.55,67.92,69.1,67.425,1652846400000000000,12670
ADCpA,38536,17.94,17.86,18,17.65,1652846400000000000,236
ADCT,237742,6.61,6.45,6.81,6.39,1652846400000000000,2961
ADER,458,9.855,9.85,9.855,9.85,1652846400000000000,13
ADERU,580,10.07,10.07,10.07,10.07,1652846400000000000,4
ADERW,21902,0.68,0.5003,0.68,0.485,1652846400000000000,147
ADES,162518,5.17,5.1,5.19,5.0568,1652846400000000000,1059
ADEX,25540,9.84,9.84,9.87,9.83,1652846400000000000,58
ADEX.U,38150,9.89,9.92,9.95,9.88,1652846400000000000,81
ADEX.WS,73475,0.1793,0.2438,0.255,0.1785,1652846400000000000,138
ADFI,5341,8.62,8.625,8.63,8.6,1652846400000000000,15
ADGI,1047291,2.98,2.95,3.12,2.895,1652846400000000000,8352
ADI,5557083,166.33,159.92,166.33,159.24,1652846400000000000,88348
ADIL,133259,1.4401,1.36,1.5141,1.22,1652846400000000000,436
ADILW,1555,0.3564,0.373801,0.4177,0.3564,1652846400000000000,7
ADIV,72,14.3076,14.3076,14.3076,14.3076,1652846400000000000,5
ADM,4470217,88.2,84.54,88.46,84.18,1652846400000000000,53448
ADMA,2607182,1.99,2.01,2.1,1.9301,1652846400000000000,11700
ADME,34401,36.6252,35.99,36.68,35.9,1652846400000000000,113
ADMP,409119,0.4262,0.4248,0.4419,0.4174,1652846400000000000,1005
ADN,714438,1.67,1.66,1.79,1.62,1652846400000000000,4549
ADNT,1122862,32.06,31.49,33.03,31.37,1652846400000000000,17657
ADNWW,14742,0.31,0.3057,0.3499,0.28,1652846400000000000,22
ADOCR,2315,0.3128,0.199,0.3128,0.199,1652846400000000000,24
ADP,1623621,213.48,208.5,213.58,207.8014,1652846400000000000,35976
ADPT,1298681,7.99,7.53,8.1884,7.44,1652846400000000000,14649
ADRA,28867,9.85,9.86,9.87,9.85,1652846400000000000,71
ADRA.WS,1500,0.17,0.1578,0.1776,0.1578,1652846400000000000,10
ADRE,11284,39.3092,38.45,39.3092,38.45,1652846400000000000,38
ADSE,16732,5.89,5.71,5.89,5.69,1652846400000000000,234
ADSEW,455,0.51,0.51,0.51,0.51,1652846400000000000,8
ADSK,1284522,192.09,187.98,193.945,186.395,1652846400000000000,26812
ADT,1548177,7.09,6.89,7.17,6.83,1652846400000000000,12061
ADTH,77140,8.94,8.65,9.49,8.53,1652846400000000000,1978
ADTHW,42944,0.9,0.869,0.9288,0.855,1652846400000000000,154
ADTN,378006,18.12,17.94,18.44,17.71,1652846400000000000,6955
ADTX,149865,0.27,0.2531,0.2751,0.2531,1652846400000000000,335
ADUS,79680,82.19,81.74,82.38,80.9,1652846400000000000,2652
ADV,423896,4.56,4.34,4.695,4.31,1652846400000000000,4218
ADVM,1287031,0.845,0.8333,0.9,0.83,1652846400000000000,5143
ADX,326023,16.31,15.82,16.315,15.738,1652846400000000000,2145
ADXN,1141,3.61,3.86,3.86,3.6,1652846400000000000,27
AE,9303,34.04,34.62,35.1588,33.27,1652846400000000000,313
AEAC,2871,9.8,9.81,9.81,9.8,1652846400000000000,21
AEACU,10285,9.83,9.83,9.86,9.83,1652846400000000000,135
AEACW,30000,0.1499,0.13,0.1999,0.13,1652846400000000000,42
AEE,1408682,93.88,92.8,93.9,92.3,1652846400000000000,19837
AEF,50199,5.65,5.57,5.68,5.56,1652846400000000000,164
AEFC,87233,21.31,21.5201,21.64,21.31,1652846400000000000,584
AEG,7301500,5.32,5.19,5.345,5.19,1652846400000000000,8631
AEHL,36011,0.7301,0.75,0.7874,0.71,1652846400000000000,200
AEHR,386596,8.11,8.11,8.35,7.96,1652846400000000000,4528
AEI,1150173,0.36,0.34,0.36,0.3311,1652846400000000000,1319
AEIS,302028,79.03,77.4,81.085,76.99,1652846400000000000,6047
AEL,667585,36.9,36.98,37.82,36.806,1652846400000000000,10474
AELpA,24722,23.51,23.75,23.9186,23.51,1652846400000000000,296
AELpB,9172,25.56,25.53,25.66,25.27,1652846400000000000,170
AEM,1671699,52,50.9,52.2,50.86,1652846400000000000,20283
AEMB,1,39.74,39.74,39.74,39.74,1652846400000000000,1
AEMD,40932,1.13,1.07,1.13,1.05,1652846400000000000,163
AENZ,7850,1.37,1.4,1.47,1.37,1652846400000000000,50
AEO,14739378,14,13.48,14.39,13.33,1652846400000000000,93811
AEP,3266149,100.87,99.88,101.54,99.56,1652846400000000000,43946
AEPPZ,9030,55.63,55.5,56.01,55.38,1652846400000000000,146
AER,2019419,47.01,46.08,48.16,45.98,1652846400000000000,22624
AERC,92702,2.2,2.14,2.4623,2.0666,1652846400000000000,525
AERI,772521,7.14,6.92,7.33,6.76,1652846400000000000,6394
AES,3508864,20.65,20.23,20.705,20.11,1652846400000000000,27567
AESC,16662,85.2,83.42,85.21,83.0201,1652846400000000000,252
AESE,25666,1.37,1.36,1.41,1.35,1652846400000000000,174
AESR,15462,11.87,11.67,11.87,11.59,1652846400000000000,45
AEVA,783999,3.31,3.18,3.47,3.14,1652846400000000000,5495
AEVA.WS,3420,0.5102,0.5499,0.5499,0.4901,1652846400000000000,27
AEY,9105,1.3661,1.34,1.4,1.34,1652846400000000000,68
AEYE,20261,3.44,3.32,3.45,3.14,1652846400000000000,186
AEZS,2325566,0.1974,0.1958,0.22,0.1921,1652846400000000000,1144
AFACW,2105,0.23,0.22,0.23,0.1741,1652846400000000000,26
AFAQ,7395,9.74,9.74,9.75,9.74,1652846400000000000,9
AFAQW,7643,0.1956,0.15,0.209,0.08,1652846400000000000,74
AFARU,3450,9.91,9.94,9.94,9.9,1652846400000000000,10
AFB,47997,11.33,11.23,11.33,11.21,1652846400000000000,354
AFBI,1911,14.725,14.6,14.725,14.6,1652846400000000000,20
AFCG,129654,17.88,17.34,18.025,17.15,1652846400000000000,1936
AFG,476000,145.26,142.49,146.3,142.18,1652846400000000000,11103
AFGB,2370,25.05,25.0475,25.05,24.91,1652846400000000000,102
AFGC,4761,21.46,21.688,21.7712,21.46,1652846400000000000,93
AFGD,3590,23.13,23.25,23.467,23.13,1652846400000000000,66
AFGE,5586,19.4,19.45,19.59,19.22,1652846400000000000,55
AFI,50517074,0.34,0.43,0.524,0.33,1652846400000000000,50040
AFIB,284961,0.87,0.8705,0.9839,0.86,1652846400000000000,1555
AFIF,20350,8.9891,8.9947,9.009,8.9891,1652846400000000000,25
AFK,7403,18.92,18.48,18.92,18.36,1652846400000000000,156
AFL,2711360,56.91,56.32,56.97,56.155,1652846400000000000,31238
AFLG,17,23.6002,23.6002,23.6002,23.6002,1652846400000000000,6
AFMC,5,22.3882,22.3882,22.3882,22.3882,1652846400000000000,1
AFMD,1860814,3.41,3.26,3.5099,3.2,1652846400000000000,9394
AFRM,28718151,24.53,24.45,27.5,23.78,1652846400000000000,168942
AFSM,0,23.024,23.024,23.024,23.024,1652846400000000000,0
AFT,55728,13.28,13.22,13.38,13.19,1652846400000000000,295
AFTR,21408,9.64,9.6567,9.7,9.64,1652846400000000000,23
AFTR.U,386,9.7,9.715,9.715,9.7,1652846400000000000,3
AFTR.WS,5883,0.2554,0.2553,0.2576,0.2553,1652846400000000000,8
AFTY,309,16.62,16.409,16.62,16.409,1652846400000000000,3
AFYA,484090,11.77,11.2,11.78,11.05,1652846400000000000,3853
AG,5876045,8.22,7.83,8.245,7.83,1652846400000000000,24957
AGAC,162768,9.78,9.78,9.8,9.77,1652846400000000000,382
AGAC.U,331773,9.86,9.86,9.89,9.86,1652846400000000000,501
AGAC.WS,107938,0.1402,0.14,0.16,0.1193,1652846400000000000,462
AGBA,126,11.29,11.29,11.29,11.29,1652846400000000000,2
AGCB,32900,9.8,9.8,9.81,9.78,1652846400000000000,114
AGCO,544561,126.86,123.96,128.31,123.15,1652846400000000000,14868
AGD,49153,9.94,9.71,9.94,9.66,1652846400000000000,261
AGE,23549,0.72,0.71,0.74,0.6828,1652846400000000000,132
AGEN,4431692,1.61,1.53,1.62,1.51,1652846400000000000,12281
AGFS,35281,1.61,1.55,1.6289,1.54,1652846400000000000,135
AGFY,706788,2.74,2.56,3.06,2.46,1652846400000000000,4177
AGG,6093818,102.11,102.59,102.639,102.075,1652846400000000000,20150
AGGH,0,23.7639,23.7639,23.7639,23.7639,1652846400000000000,0
AGGR,3241,9.77,9.7716,9.7719,9.77,1652846400000000000,12
AGGRU,4967,9.83,9.83,9.83,9.83,1652846400000000000,9
AGGRW,200,0.1901,0.1901,0.1901,0.1901,1652846400000000000,2
AGGY,549362,45.19,45.33,45.39,45.19,1652846400000000000,572
AGI,2888511,7.11,6.97,7.17,6.925,1652846400000000000,12187
AGIL,33326,4.284,4.6,4.7,4.284,1652846400000000000,474
AGILW,34195,0.3703,0.38,0.4258,0.3702,1652846400000000000,254
AGIO,601598,21.57,21.15,22.06,20.66,1652846400000000000,8509
AGL,1416852,19.22,18.75,19.96,18.67,1652846400000000000,15547
AGLE,233494,1.5,1.5,1.51,1.43,1652846400000000000,2093
AGM,31518,104.64,101.7,104.64,101.0492,1652846400000000000,1156
AGM.A,455,96.8,97,97,96.8,1652846400000000000,8
AGMpC,2567,24.35,25.32,25.32,24.2836,1652846400000000000,18
AGMpD,9160,24.4001,23.14,24.4001,22.78,1652846400000000000,84
AGMpE,3463,22.56,22.4389,22.72,22.4389,1652846400000000000,23
AGMpF,13774,21.04,20.82,21.04,20.54,1652846400000000000,99
AGMpG,39806,19.51,19.2,19.58,18.933,1652846400000000000,298
AGMH,317611,2.09,2,2.15,1.97,1652846400000000000,825
AGNC,14314045,12.08,11.89,12.11,11.86,1652846400000000000,49406
AGNCM,36805,21.3,21.33,21.37,21.23,1652846400000000000,236
AGNCN,19643,23.2,23.26,23.35,23.15,1652846400000000000,195
AGNCO,42261,21.94,21.8265,22.03,21.78,1652846400000000000,390
AGNCP,33522,21.1,21.09,21.2741,21,1652846400000000000,325
AGNG,1392,25.5833,25.33,25.615,25.33,1652846400000000000,25
AGO,397027,56.68,57.06,57.52,56.52,1652846400000000000,8465
AGOV,1,79,79,79,79,1652846400000000000,1
AGOX,51058,21.73,21.22,21.73,21.145,1652846400000000000,94
AGQ,654427,28.36,27.81,28.4888,27.7701,1652846400000000000,2848
AGR,1284916,46.16,46.63,47.4,46.01,1652846400000000000,15752
AGRI,57041774,2.99,2.92,3.13,2.58,1652846400000000000,156600
AGRIW,8299,0.5102,0.5192,0.54,0.47,1652846400000000000,61
AGRO,541501,10.93,10.32,10.935,10.23,1652846400000000000,6845
AGRX,239450,1.34,1.35,1.35,1.3,1652846400000000000,945
AGS,222885,5.62,5.72,5.83,5.58,1652846400000000000,3364
AGT,13020,26.1,25.36,26.23,25.11,1652846400000000000,135
AGTC,277219,0.83,0.8269,0.8499,0.7657,1652846400000000000,1039
AGTI,101247,18.36,18.01,18.595,17.78,1652846400000000000,2705
AGX,133732,37.53,38.19,39.01,37.53,1652846400000000000,2399
AGYS,439125,40,39.6,42.7838,38.62,1652846400000000000,4816
AGZ,50342,110.14,110.31,110.5455,110.14,1652846400000000000,372
AGZD,46591,45.95,45.89,46.07,45.84,1652846400000000000,215
AHCO,1075873,16.77,16.94,17.45,16.63,1652846400000000000,15171
AHG,4213,0.9,0.9098,0.9098,0.8899,1652846400000000000,51
AHH,443004,13.22,13.17,13.33,13.08,1652846400000000000,5296
AHHpA,2625,24.14,24.0325,24.14,24,1652846400000000000,37
AHHX,14998,8.95,8.9537,8.96,8.9,1652846400000000000,33
AHI,42232,0.8427,0.8474,0.8474,0.81,1652846400000000000,178
AHLpC,29695,24.25,24.62,24.64,23.73,1652846400000000000,233
AHLpD,13398,22.86,22.96,23.2193,22.4343,1652846400000000000,127
AHLpE,14519,22.6,22.8,22.88,22.24,1652846400000000000,129
AHPA,8850,10.05,10.06,10.06,10.05,1652846400000000000,83
AHPAU,49298,10.2,10.18,10.2,10.15,1652846400000000000,56
AHPAW,649,0.52,0.4801,0.52,0.4801,1652846400000000000,10
AHPI,11191,1.95,1.9,1.95,1.84,1652846400000000000,73
AHRN,4738,9.96,9.96,9.96,9.88,1652846400000000000,34
AHT,1603280,5.72,5.55,6.065,5.41,1652846400000000000,9798
AHTpD,2184,20,19.57,20.1,19.4001,1652846400000000000,49
AHTpF,426,20.16,20.4945,20.4945,20.16,1652846400000000000,3
AHTpG,200,20.75,20.75,20.75,20.75,1652846400000000000,2
AHTpH,2574,18.2501,18.095,18.5519,17.4,1652846400000000000,29
AHTpI,3350,18.96,18.51,19.0419,18.4,1652846400000000000,30
AHYB,760,44.116,44.085,44.116,44.04,1652846400000000000,9
AI,1532790,17.15,17.15,18.09,16.84,1652846400000000000,19051
AIA,39677,62.9,61.55,63.1322,61.55,1652846400000000000,545
AIBBU,1000,10.06,10.02,10.06,10.01,1652846400000000000,6
AIC,346,25,25.04,25.04,25,1652846400000000000,5
AIEQ,53621,33.35,32.6323,33.49,32.41,1652846400000000000,331
AIF,42656,12.85,12.84,12.87,12.75,1652846400000000000,304
AIG,5615080,59.73,58.3,60.14,58.08,1652846400000000000,50661
AIGpA,65916,24.34,24.11,24.34,23.79,1652846400000000000,501
AIH,34031,2.01,2.17,2.17,1.8,1652846400000000000,204
AIHS,110767,0.97,1.0242,1.03,0.839,1652846400000000000,286
AIIQ,11,25.8812,25.8812,25.8812,25.8812,1652846400000000000,4
AIKI,725580,0.3233,0.3127,0.3275,0.3127,1652846400000000000,534
AILG,30,15.6653,15.6653,15.6653,15.6653,1652846400000000000,1
AILV,0,23.9805,23.9805,23.9805,23.9805,1652846400000000000,0
AIM,168983,0.95,0.8915,0.95,0.830067,1652846400000000000,472
AIMC,229235,37.9,35.69,39.52,35.57,1652846400000000000,5188
AIN,203756,83.47,84.07,85.04,83.275,1652846400000000000,4649
AINC,3527,15.83,15.5,16.07,15.18,1652846400000000000,115
AINV,277213,12.45,12.2,12.45,12.15,1652846400000000000,2994
AIO,104723,17.43,17.23,17.71,17.08,1652846400000000000,661
AIP,159001,8.61,8.12,8.645,7.98,1652846400000000000,2697
AIQ,23619,22.18,21.5,22.25,21.45,1652846400000000000,857
AIR,252969,46.88,46.16,47.77,45.96,1652846400000000000,5660
AIRC,1299376,44.55,43.72,44.81,43.49,1652846400000000000,14985
AIRG,42839,10.39,9.99,10.6,9.9,1652846400000000000,558
AIRI,12716,0.67,0.671,0.695999,0.67,1652846400000000000,110
AIRR,14249,38.48,38.1184,39.2925,38.0304,1652846400000000000,102
AIRS,173940,8.06,7.69,8.38,7.53,1652846400000000000,3163
AIRT,10722,16,16.3,16.31,15.96,1652846400000000000,672
AIRTP,418,23.16,23.16,23.16,23.16,1652846400000000000,9
AIT,230431,106.54,105.03,107.635,104.23,1652846400000000000,4912
AIU,24165,1.4,1.43,1.47,1.38,1652846400000000000,162
AIV,3299095,6.11,5.93,6.165,5.88,1652846400000000000,11569
AIVI,6353,38.75,38.282,38.78,38.282,1652846400000000000,38
AIVL,6704,95.28,92.96,95.29,92.79,1652846400000000000,55
AIZ,472055,183.96,186.85,188.08,183.36,1652846400000000000,13982
AIZN,6615,21.39,21.225,21.39,20.91,1652846400000000000,59
AJG,670858,162.92,156.71,163.46,156.36,1652846400000000000,14086
AJRD,679329,40.2,39.84,40.685,39.61,1652846400000000000,9272
AJX,277925,9.54,9.75,10.16,9.54,1652846400000000000,3012
AJXA,1510,25.05,25.07,25.18,25.02,1652846400000000000,17
AKA,128370,3.52,3.3,3.6,3.3,1652846400000000000,2039
AKAM,2501194,97.61,96.15,98.94,95.88,1652846400000000000,33041
AKAN,481634,1.04,1.06,1.1201,1.03,1652846400000000000,1330
AKBA,11913769,0.361,0.3344,0.3794,0.3246,1652846400000000000,12566
AKIC,70084,9.85,9.85,9.86,9.85,1652846400000000000,62
AKICW,11850,0.75,0.7999,0.8,0.75,1652846400000000000,11
AKO.A,33133,9.45,9.37,10.1,9.35,1652846400000000000,144
AKO.B,4917,11.2301,10.8624,11.24,10.79,1652846400000000000,111
AKR,671185,20.27,19.64,20.39,19.525,1652846400000000000,8931
AKRO,350568,9.3,8.74,9.4893,8.64,1652846400000000000,4385
AKTS,350111,4.01,3.86,4.13,3.8409,1652846400000000000,3882
AKTX,207455,1.09,1.18,1.19,1.09,1652846400000000000,497
AKU,11030,0.93,0.871,0.93,0.871,1652846400000000000,41
AKUS,107070,3.17,2.97,3.17,2.93,1652846400000000000,1497
AKYA,73973,8.78,8.88,9.05,8.51,1652846400000000000,1419
AL,725821,36.8,36.22,37.23,36.03,1652846400000000000,10489
ALpA,18806,23.48,23.43,23.9,23.25,1652846400000000000,256
ALB,1103517,237.12,235.98,244.9,234.09,1652846400000000000,30241
ALBO,925460,22.43,21.16,22.43,20.54,1652846400000000000,11987
ALC,628202,71.09,70.62,71.96,70.51,1652846400000000000,9984
ALCC,227,9.67,9.67,9.67,9.67,1652846400000000000,8
ALCO,61033,41.68,40.17,41.68,39.5,1652846400000000000,2024
ALDX,627804,2.62,2.46,2.62,2.45,1652846400000000000,5228
ALE,395854,62.5,62.1,63.32,61.91,1652846400000000000,9065
ALEC,1134514,8.78,8.77,8.98,8.67,1652846400000000000,11515
ALEX,381761,21.55,20.91,21.59,20.82,1652846400000000000,5674
ALF,72190,1.33,1.22,1.335,1.2,1652846400000000000,295
ALFA,2482,58.77,57.68,58.7854,57.53,1652846400000000000,24
ALG,52093,114.3,113.44,116.69,112.76,1652846400000000000,2083
ALGM,443587,23.86,23.09,24.49,22.91,1652846400000000000,7356
ALGN,1276822,276.5,269.11,277.41,267.31,1652846400000000000,28471
ALGS,735141,1.14,1.13,1.19,1.08,1652846400000000000,3774
ALGT,254230,149.8,150.8,153.53,146.02,1652846400000000000,7819
ALHC,269559,9.56,9.42,10.04,9.23,1652846400000000000,4953
ALIM,19591,4.2737,4.2,4.3228,4.15,1652846400000000000,75
ALINpA,21398,3.09,3.15,3.15,2.9,1652846400000000000,117
ALINpB,10876,3.08,2.9447,3.08,2.94,1652846400000000000,107
ALINpE,9850,3.07,3,3.11,2.95,1652846400000000000,79
ALIT,2347880,8.47,8.1,8.6,8.03,1652846400000000000,18139
ALJJ,212258,2.12,2.05,2.12,1.98,1652846400000000000,404
ALK,1580290,47.32,46.58,48.15,46.39,1652846400000000000,23480
ALKS,1251102,29.13,28.87,29.77,28.64,1652846400000000000,17833
ALKT,271162,10.56,10.48,11.06,10.35,1652846400000000000,4689
ALL,1599399,128.49,128.01,130.03,127.58,1652846400000000000,29982
ALLpB,44772,24.86,24.92,25.06,24.8,1652846400000000000,323
ALLpG,114197,24.59,24.78,24.88,24.51,1652846400000000000,866
ALLpH,198962,22.24,22.6,22.65,22.0473,1652846400000000000,1095
ALLpI,48746,20.91,21.24,21.24,20.71,1652846400000000000,504
ALLE,511225,112.1,109.16,112.1,108.78,1652846400000000000,11540
ALLG,91398,8.55,8.26,9.03,8.25,1652846400000000000,922
ALLG.WS,5560,0.7,0.67,0.7,0.650101,1652846400000000000,18
ALLK,672290,3.17,2.96,3.22,2.93,1652846400000000000,7537
ALLO,1463657,7.37,7.27,7.53,7.145,1652846400000000000,12562
ALLR,36405,1.4,1.45,1.52,1.4,1652846400000000000,293
ALLT,451855,4.88,5.67,5.68,4.8712,1652846400000000000,4991
ALLY,3049038,40.31,39,40.75,38.85,1652846400000000000,36979
ALNA,8114742,0.1193,0.1144,0.1227,0.1111,1652846400000000000,5042
ALNY,659647,126.44,128.31,130.9,125.52,1652846400000000000,13178
ALOT,3462,12.53,12.42,13.205,12.42,1652846400000000000,136
ALPpQ,27116,24.67,24.75,24.75,24.3042,1652846400000000000,236
ALPA,200,9.66,9.66,9.66,9.66,1652846400000000000,1
ALPAW,2202,0.4799,0.37,0.4799,0.3351,1652846400000000000,23
ALPN,79253,7.87,7.95,8.09,7.66,1652846400000000000,1262
ALPP,511981,0.83,0.8382,0.9399,0.8,1652846400000000000,1101
ALR,32084,1.23,1.22,1.27,1.22,1652846400000000000,196
ALRM,571486,58.57,59.42,60,58.3001,1652846400000000000,10019
ALRN,63654,0.4249,0.437,0.44,0.4,1652846400000000000,206
ALRS,18403,25.73,24.97,25.73,24.68,1652846400000000000,488
ALSA,7241,9.9,9.9,9.9001,9.9,1652846400000000000,4
ALSAU,1001,10.03,10.02,10.03,10.02,1652846400000000000,3
ALSN,626505,39.24,38.67,39.7,38.41,1652846400000000000,9501
ALT,564256,5.13,4.84,5.35,4.8,1652846400000000000,6363
ALTG,83599,11.19,10.76,11.2992,10.62,1652846400000000000,983
ALTGpA,5250,26.8642,27.216,27.414,26.76,1652846400000000000,29
ALTL,87175,42.78,41.6,42.78,41.52,1652846400000000000,429
ALTO,1784542,4.87,4.48,4.87,4.39,1652846400000000000,11808
ALTR,335361,51.33,51.02,52.12,49.26,1652846400000000000,7578
ALTU,30593,9.97,9.97,9.98,9.97,1652846400000000000,122
ALTUU,3438,9.9897,10.03,10.05,9.9897,1652846400000000000,27
ALTUW,144772,0.1299,0.1494,0.18,0.1299,1652846400000000000,203
ALTY,9867,12.09,11.92,12.0904,11.9,1652846400000000000,157
ALV,795409,75.63,74.19,76.705,73.99,1652846400000000000,10952
ALVR,617107,4.6,4.31,4.63,4.18,1652846400000000000,6574
ALX,11195,237.99,233.41,239.25,232.18,1652846400000000000,810
ALXO,344903,9.32,8.64,9.61,8.42,1652846400000000000,5943
ALYA,4161,2.15,2.14,2.17,2.11,1652846400000000000,48
ALZN,305260,0.958,0.9291,0.98,0.9,1652846400000000000,957
AM,3285666,10.66,10.31,10.68,10.17,1652846400000000000,25560
AMAL,81330,19.69,19.49,19.95,19.31,1652846400000000000,1240
AMAM,2870,3.64,3.57,3.6616,3.51,1652846400000000000,28
AMAO,7910,10.09,10.19,10.2,10.09,1652846400000000000,43
AMAOU,500,10.25,10.2,10.25,10.2,1652846400000000000,5
AMAOW,800,0.1434,0.1434,0.1434,0.1434,1652846400000000000,3
AMAT,7925540,113.99,111.34,117.05,110.79,1652846400000000000,104897
AMAX,8317,8.615,8.5149,8.63,8.5,1652846400000000000,34
AMBA,474713,79.5,75.89,82.49,75.335,1652846400000000000,10382
AMBC,1206757,9,9.53,9.59,8.82,1652846400000000000,10358
AMBC.WS,3404,1.1796,1.26,1.26,1.1796,1652846400000000000,9
AMBO,605117,0.7,0.69,0.7051,0.62,1652846400000000000,1119
AMBP,3138069,6.31,5.86,6.34,5.83,1652846400000000000,15799
AMBP.WS,5474,1,0.991,1,0.9701,1652846400000000000,34
AMC,53729292,12.73,12.76,14.22,12.51,1652846400000000000,273734
AMCI,145,9.86,9.86,9.86,9.86,1652846400000000000,8
AMCIW,464,0.4003,0.4001,0.4053,0.3952,1652846400000000000,5
AMCR,12917349,13.21,12.73,13.21,12.67,1652846400000000000,64336
AMCX,1005991,39.99,41.07,41.9,39.32,1652846400000000000,12979
AMD,141843468,100,96.28,104.22,95.71,1652846400000000000,818268
AME,1423526,120.57,116.37,120.76,116.01,1652846400000000000,21072
AMED,342512,121.71,120.91,123.86,118.88,1652846400000000000,7131
AMEH,279513,32.8,32.47,33.74,31.39,1652846400000000000,6051
AMER,311,28.52,27.6865,28.52,27.6865,1652846400000000000,10
AMG,172717,126.74,124.44,129.55,123.85,1652846400000000000,4920
AMGN,3042651,246.49,243.96,247.29,243,1652846400000000000,57113
AMH,3932111,37.87,36.64,38.03,36.525,1652846400000000000,38939
AMHpG,9027,24.85,24.72,24.85,24.7,1652846400000000000,39
AMHpH,4323,25.07,25.13,25.13,24.8,1652846400000000000,74
AMJ,634824,21.85,21.17,21.85,20.975,1652846400000000000,4820
AMK,45639,19.54,18.89,19.54,18.77,1652846400000000000,1083
AMKR,712838,19.67,19.27,20.07,19.23,1652846400000000000,10891
AMLP,2549079,39.08,38.01,39.16,37.6,1652846400000000000,17989
AMLX,220180,8.58,8.74,8.99,8.57,1652846400000000000,2283
AMN,595199,90.28,88.25,91.57,86.09,1652846400000000000,11777
AMNA,76,39.101,39.101,39.101,39.101,1652846400000000000,1
AMNB,12917,34.95,34.96,35.12,34.93,1652846400000000000,410
AMND,3,39.7154,39.7154,39.7154,39.7154,1652846400000000000,2
AMOM,3309,26.4782,25.8414,26.4782,25.61,1652846400000000000,98
AMOT,34574,23.12,23.05,23.56,22.8,1652846400000000000,859
AMOV,3105,19.84,20.2,20.2,19.84,1652846400000000000,142
AMP,622281,265,259.92,266.68,259.09,1652846400000000000,18714
AMPE,5164636,0.1881,0.1801,0.2,0.175,1652846400000000000,6087
AMPG,77143,2.01,1.95,2.08,1.89,1652846400000000000,461
AMPH,567005,35.74,34.07,36.16,33.45,1652846400000000000,10981
AMPL,875766,17.74,17.81,18.7449,17.14,1652846400000000000,12600
AMPS,502613,6.17,6.39,6.57,6.05,1652846400000000000,5909
AMPS.WS,4975,1.05,1.04,1.08,1.02,1652846400000000000,40
AMPY,877295,8.12,7.7,8.27,7.455,1652846400000000000,6225
AMR,835556,156.95,152.73,158.6399,147.0501,1652846400000000000,13965
AMRC,226033,52.53,52.08,55.01,51.09,1652846400000000000,5872
AMRK,105758,64.46,62.18,64.46,61.38,1652846400000000000,2692
AMRN,2613606,1.6,1.47,1.62,1.46,1652846400000000000,6007
AMRS,6228860,2.51,2.26,2.56,2.25,1652846400000000000,28938
AMRX,431525,3.66,3.48,3.67,3.425,1652846400000000000,4306
AMS,9715,2.4,2.374,2.4,2.34,1652846400000000000,92
AMSC,217880,5.29,5.17,5.62,5.14,1652846400000000000,3102
AMSF,142546,48.78,48.65,49.6475,48.45,1652846400000000000,2925
AMST,34556,0.5851,0.6121,0.6121,0.5851,1652846400000000000,86
AMSWA,88909,16.57,16.645,16.7,16.34,1652846400000000000,1623
AMT,1612163,232.57,230.63,233.3,229.51,1652846400000000000,33135
AMTB,87296,28.29,27.94,28.65,27.73,1652846400000000000,2007
AMTD,50950,1.73,1.5,1.78,1.4,1652846400000000000,350
AMTI,231991,4.13,3.48,4.14,3.47,1652846400000000000,3369
AMTR,23,48.4383,48.4383,48.4383,48.4383,1652846400000000000,3
AMTX,997384,8.13,7.8,8.89,7.63,1652846400000000000,8661
AMUB,2024,13.41,13.3492,13.41,13.29,1652846400000000000,25
AMWD,122594,50.86,50.35,52.07,50.06,1652846400000000000,3937
AMWL,1558482,3.09,3.01,3.2,2.97,1652846400000000000,10795
AMX,3828255,20.1,20.26,20.42,19.57,1652846400000000000,20017
AMYT,70014,7.86,7.89,7.95,7.76,1652846400000000000,894
AMZA,63068,31.03,30.22,31.3,29.9,1652846400000000000,594
AMZN,5365817,2228.79,2142.25,2257.06,2124.975,1652846400000000000,321101
AN,1057569,120.32,110.39,120.34,109.15,1652846400000000000,23791
ANAB,386694,20.5,20.3,20.87,19.79,1652846400000000000,6454
ANAC.WS,743,0.1786,0.19,0.19,0.1786,1652846400000000000,6
ANAT,164367,189.67,188.75,189.9,188.69,1652846400000000000,3438
ANDE,424451,38.11,37.32,38.36,36.72,1652846400000000000,8850
ANEB,3101,3.65,3.389,3.6999,3.389,1652846400000000000,55
ANET,2420667,105.41,102.57,106.38,100.86,1652846400000000000,39411
ANEW,133,33.22,33.2403,33.2403,33.22,1652846400000000000,14
ANF,3123645,31.89,29.87,32.29,29.385,1652846400000000000,42370
ANGH,7794,7.33,7.28,7.5,7.27,1652846400000000000,143
ANGHW,22872,0.3189,0.3344,0.45957,0.3188,1652846400000000000,35
ANGI,1128233,4.84,4.72,4.95,4.65,1652846400000000000,9829
ANGL,1504292,27.89,27.82,27.89,27.77,1652846400000000000,4603
ANGN,114421,1.22,1.1,1.2498,1.075,1652846400000000000,1094
ANGO,227393,19.73,19.46,20.38,19.33,1652846400000000000,3240
ANIK,130844,22.09,21.9,22.38,21.81,1652846400000000000,2441
ANIP,137916,29.41,29.18,30,29.12,1652846400000000000,2724
ANIX,160003,3.31,3.32,3.54,3.24,1652846400000000000,807
ANNX,434139,3.31,3.3,3.45,3.23,1652846400000000000,3847
ANPC,818141,0.3025,0.2949,0.3301,0.28,1652846400000000000,1375
ANSS,520367,248.83,242.27,250.74,240.85,1652846400000000000,18528
ANTE,18991,1.21,1.19,1.21,1.18,1652846400000000000,146
ANTM,980616,493.43,476.39,496.41,473.65,1652846400000000000,26162
ANTX,81749,13.5,11.94,14.5595,11.445,1652846400000000000,2613
ANVS,19850,9.54,9.41,10.0885,9.02,1652846400000000000,223
ANY,793264,1.04,1.03,1.11,1.01,1652846400000000000,2419
ANZUU,1261,9.8,9.8,9.8,9.8,1652846400000000000,5
ANZUW,70265,0.175,0.1899,0.19,0.15,1652846400000000000,61
AOA,140373,62.88,61.7,62.88,61.6,1652846400000000000,873
AOD,559273,8.48,8.33,8.48,8.28,1652846400000000000,2153
AOGOW,9540,0.13,0.1047,0.13,0.1001,1652846400000000000,20
AOK,300339,35.32,35.16,35.38,35.16,1652846400000000000,425
AOM,439858,40.11,39.76,40.11,39.72,1652846400000000000,598
AOMR,96729,13.29,13.3,13.65,13.22,1652846400000000000,998
AON,1000475,277.09,269.49,277.91,268.52,1652846400000000000,21622
AOR,157837,49.85,49.16,49.85,49.1,1652846400000000000,764
AORT,336227,18.31,18.48,19.12,18.2,1652846400000000000,4456
AOS,821524,59.35,57.77,59.96,57.5,1652846400000000000,14741
AOSL,5097054,39.45,39.91,41.77,39.29,1652846400000000000,23870
AOUT,89320,11.37,10.98,11.495,10.82,1652846400000000000,2344
AP,10014,4.67,4.51,4.809,4.51,1652846400000000000,87
APA,8693226,43.41,40.45,43.48,39.78,1652846400000000000,71681
APAC,347,9.98,9.98,9.98,9.98,1652846400000000000,3
APACW,6254,0.13,0.1,0.13,0.1,1652846400000000000,24
APAM,883716,35.64,35.27,36.04,35.01,1652846400000000000,14396
APCX,65012,0.708301,0.6383,0.715,0.585,1652846400000000000,286
APD,872769,237.06,234.47,237.5,233.38,1652846400000000000,21002
APDN,39061,1.3201,1.3,1.4,1.3,1652846400000000000,165
APEI,128335,14.11,14.45,15.1,14.11,1652846400000000000,2466
APEN,202509,4.07,3.82,4.07,3.7,1652846400000000000,1278
APG,941425,17.4,17.05,18,16.87,1652846400000000000,11267
APGB,6202,9.77,9.78,9.785,9.77,1652846400000000000,50
APGB.U,74138,9.81,9.84,9.85,9.81,1652846400000000000,109
APGB.WS,16327,0.33,0.3301,0.3442,0.33,1652846400000000000,22
APH,1998037,70.2,67.97,70.74,67.79,1652846400000000000,23259
API,492742,6.89,6.73,7.08,6.65,1652846400000000000,6417
APLD,242473,2.48,2.54,2.65,2.45,1652846400000000000,1425
APLE,1901214,16.95,16.38,17.155,16.27,1652846400000000000,16492
APLS,1607185,40.98,43.52,45.39,40.16,1652846400000000000,24341
APLT,177587,1.65,1.57,1.758,1.48,1652846400000000000,1617
APM,118113,1.08,1.07,1.12,1.02,1652846400000000000,366
APMI,6378,9.71,9.63,10.3,9.63,1652846400000000000,28
APMIU,795,9.65,9.63,9.65,9.63,1652846400000000000,6
APMIW,158941,0.2,0.2999,0.3,0.2,1652846400000000000,10
APO,2959793,53.81,54.34,55.25,53.7,1652846400000000000,38574
APOG,224933,42.07,41.63,43.44,41.34,1652846400000000000,6985
APP,2651244,37.17,36.5,38.8,36.34,1652846400000000000,29977
APPF,112096,85.74,85.86,88.11,84.155,1652846400000000000,3255
APPH,1386858,3.15,2.87,3.2,2.86,1652846400000000000,9944
APPHW,77670,0.38,0.4,0.4001,0.36,1652846400000000000,473
APPN,1060180,50.53,48.82,52,47.8,1652846400000000000,18910
APPS,2317587,26.31,25.28,27.3899,25.02,1652846400000000000,28952
APRE,1241159,0.71,0.6251,0.71,0.62,1652846400000000000,2368
APRN,513907,3.37,3.3,3.46,3.22,1652846400000000000,3690
APRZ,16,24.6403,24.6403,24.6403,24.6403,1652846400000000000,1
APSG,2057361,9.97,9.98,9.98,9.97,1652846400000000000,390
APSG.U,1728,10.16,10.33,10.33,10.07,1652846400000000000,16
APSG.WS,316948,1.51,1.45,1.525,1.45,1652846400000000000,187
APT,126261,4.19,4.14,4.25,4.03,1652846400000000000,729
APTM,3415,9.65,9.65,9.65,9.65,1652846400000000000,4
APTMW,296042,0.15,0.21,0.248,0.122,1652846400000000000,31
APTO,118058,1.12,1.05,1.1238,1.05,1652846400000000000,453
APTS,857609,24.92,24.88,24.92,24.87,1652846400000000000,4492
APTV,1882660,96.91,94.15,98.39,93.95,1652846400000000000,29295
APTVpA,37572,114.61,111.81,114.61,111.81,1652846400000000000,65
APTX,536293,0.73,0.6694,0.73,0.653,1652846400000000000,967
APVO,11113,4.67,4.68,4.88,4.58,1652846400000000000,93
APWC,2395,1.17,1.1906,1.25,1.17,1652846400000000000,26
APXH,9952,8.5502,8.4308,8.5502,8.4308,1652846400000000000,14
APXI,5401,9.96,9.96,9.96,9.96,1652846400000000000,6
APXIU,600,10.01,10.02,10.02,10.01,1652846400000000000,4
APXIW,200,0.0575,0.15,0.15,0.0575,1652846400000000000,2
APYX,156644,3.49,3.36,3.59,3.35,1652846400000000000,2818
AQB,646292,1.35,1.27,1.3579,1.25,1652846400000000000,3531
AQGX,9961,12.52,12.078,12.52,12.0325,1652846400000000000,48
AQMS,339565,0.86,0.805,0.8989,0.8016,1652846400000000000,1449
AQN,2476589,14.46,14.25,14.575,14.18,1652846400000000000,10908
AQNA,36273,25.41,25.63,25.94,25.18,1652846400000000000,370
AQNB,17671,24.52,24.72,24.74,24.2671,1652846400000000000,419
AQNU,34912,46.22,46.1,46.71,45.99,1652846400000000000,238
AQST,251784,1.2,1.17,1.2234,1.14,1652846400000000000,943
AQUA,779053,35.86,35.36,36.02,34.96,1652846400000000000,9223
AQWA,930,13.76,13.66,13.8,13.66,1652846400000000000,23
AR,12913298,36.3,34.8,36.36,34.01,1652846400000000000,101286
ARAV,40654,1.09,1.06,1.15,1.04,1652846400000000000,223
ARAY,1054513,2.33,2.2,2.33,2.2,1652846400000000000,5025
ARB,7754,25.87,25.8167,25.91,25.8167,1652846400000000000,37
ARBE,7658,6.21,6.15,6.45,6.113,1652846400000000000,97
ARBEW,202,0.8999,0.8999,0.8999,0.8999,1652846400000000000,4
ARBG,70995,9.84,9.84,9.86,9.84,1652846400000000000,16
ARBGW,21600,0.13,0.12,0.13,0.12,1652846400000000000,2
ARBK,95468,6.25,6.14,6.4068,5.9672,1652846400000000000,1250
ARBKL,34333,20.03,19.63,20.03,19.6,1652846400000000000,307
ARC,185068,3.01,2.93,3.01,2.8,1652846400000000000,1380
ARCB,533711,75.7,68.44,76.365,67.58,1652846400000000000,12332
ARCC,4123940,19.44,18.67,19.52,18.61,1652846400000000000,26165
ARCE,355408,15.57,15.37,15.825,14.96,1652846400000000000,2804
ARCH,559572,164.24,160.15,164.59,154.81,1652846400000000000,11827
ARCK,8105,10.01,10.04,10.04,10.01,1652846400000000000,30
ARCKU,1789,10.05,10.05,10.05,10.05,1652846400000000000,1
ARCKW,1100,0.1358,0.1358,0.1358,0.1358,1652846400000000000,1
ARCM,1,99.24,99.24,99.24,99.24,1652846400000000000,1
ARCO,3565958,8,7.6,8.11,7.48,1652846400000000000,18845
ARCT,538206,17.33,16.57,17.95,16.09,1652846400000000000,8337
ARDC,148294,13.09,13.11,13.17,13,1652846400000000000,690
ARDS,44338,1.2,1.05,1.2,1.04,1652846400000000000,241
ARDX,1650569,0.6832,0.6578,0.6999,0.6552,1652846400000000000,5587
ARE,852277,164.98,158,165.04,157.3676,1652846400000000000,19625
AREB,269586,0.7128,0.65,0.7128,0.62,1652846400000000000,574
AREBW,19239,0.11,0.1,0.11,0.1,1652846400000000000,31
AREC,347365,1.53,1.51,1.58,1.485,1652846400000000000,1797
AREN,22891,10.49,9.87,10.7,9.85,1652846400000000000,614
ARES,518113,68.02,66.79,69.35,66.1,1652846400000000000,10263
ARGD,6623,23.9,23.9001,24.14,23.9,1652846400000000000,42
ARGO,104753,42.92,41.89,43.13,41.64,1652846400000000000,2327
ARGOpA,12371,24.42,24.3,24.42,24.27,1652846400000000000,266
ARGT,14995,30.48,29.36,30.48,29.29,1652846400000000000,96
ARGUW,3863,0.2631,0.25,0.3276,0.241,1652846400000000000,33
ARGX,254900,315.67,304.71,319.045,302.24,1652846400000000000,7787
ARHS,415870,6.38,5.96,6.38,5.885,1652846400000000000,4826
ARI,1403940,12.71,12.36,12.71,12.32,1652846400000000000,9731
ARIS,238009,17.64,17.36,17.65,17.18,1652846400000000000,3150
ARIZU,2100,10.14,10.08,10.53,10.04,1652846400000000000,16
ARIZW,500,0.1404,0.1294,0.1404,0.127,1652846400000000000,5
ARKF,2351009,17.91,17.4,18.56,17.32,1652846400000000000,25922
ARKG,3473512,31.88,31.25,32.77,31.03,1652846400000000000,28092
ARKK,35805555,42.06,41.17,43.74,40.96,1652846400000000000,223538
ARKO,534592,8.36,8.18,8.5,8.03,1652846400000000000,6964
ARKOW,31505,1.55,1.44,1.55,1.4,1652846400000000000,144
ARKQ,213622,53.2,52.41,54.52,52.12,1652846400000000000,3587
ARKR,4399,16.9,17.14,17.22,16.9,1652846400000000000,105
ARKW,2627685,54.35,53.14,56.21,52.77,1652846400000000000,26735
ARKX,408836,14.58,14.325,14.75,14.27,1652846400000000000,2828
ARL,26937,21.2,21.49,22.84,20.71,1652846400000000000,1171
ARLO,860337,7.08,6.89,7.29,6.835,1652846400000000000,8383
ARLP,277530,18.43,18.18,18.975,17.81,1652846400000000000,2353
ARMK,1122693,34.01,32.75,34.01,32.565,1652846400000000000,11648
ARMP,22453,4.6,4.31,4.61,4.25,1652846400000000000,158
ARMR,7328,23.3,22.8074,23.3,22.8074,1652846400000000000,29
ARNC,873641,28.66,27.59,29.05,27.47,1652846400000000000,14889
AROC,1068032,9.32,9.22,9.39,9.07,1652846400000000000,9679
AROW,29172,31.75,31.86,32.39,31.63,1652846400000000000,682
ARQQ,107099,6.53,6.84,7.01,6.4055,1652846400000000000,1217
ARQQW,8071,1.19,1.2,1.2099,1.19,1652846400000000000,14
ARQT,315938,18.87,19.5,19.79,18.87,1652846400000000000,5964
ARR,2013630,7.5,7.41,7.525,7.39,1652846400000000000,11925
ARRpC,17372,22.3208,22,22.3699,21.775,1652846400000000000,173
ARRWU,146,9.81,9.81,9.81,9.81,1652846400000000000,3
ARRY,8106304,7.75,8.5,9.23,7.74,1652846400000000000,56765
ARTEW,300,0.1605,0.1605,0.1605,0.1605,1652846400000000000,3
ARTL,182232,0.3367,0.325,0.3475,0.32,1652846400000000000,360
ARTLW,2050,0.099599,0.063,0.099599,0.063,1652846400000000000,3
ARTNA,43780,45.52,46.84,48.5399,45.485,1652846400000000000,1717
ARTW,208388,2.5,2.52,2.6,2.4239,1652846400000000000,573
ARVL,5181707,1.9156,1.88,2.04,1.87,1652846400000000000,17962
ARVN,326495,44.12,42.84,44.96,42.32,1652846400000000000,8232
ARVR,108,27.2438,27.2438,27.2438,27.2438,1652846400000000000,3
ARW,874865,125.9,122.77,127.025,122.58,1652846400000000000,14147
ARWR,1314549,35.08,34.2,36.14,34.08,1652846400000000000,16929
ARYD,54703,9.77,9.76,9.77,9.75,1652846400000000000,35
ASA,46225,18.28,17.9,18.35,17.9,1652846400000000000,368
ASAI,421140,15.74,15.43,15.83,15.33,1652846400000000000,3632
ASAN,4299710,21.55,20.82,22.45,20.38,1652846400000000000,37302
ASAQ.U,650,9.92,9.9,9.92,9.9,1652846400000000000,5
ASAQ.WS,2200,0.046,0.0982,0.1436,0.046,1652846400000000000,12
ASAX,731,9.79,9.79,9.79,9.79,1652846400000000000,2
ASB,1128426,19.98,19.8,20.16,19.67,1652846400000000000,14420
ASBpE,8171,25.5,25.42,25.5297,25.4,1652846400000000000,52
ASBpF,11888,23.4716,22.8999,23.49,22.65,1652846400000000000,151
ASC,707065,7.75,7.4,7.77,7.21,1652846400000000000,5359
ASCA,3806,9.89,9.89,9.89,9.89,1652846400000000000,13
ASCAR,17423,0.23,0.24,0.25,0.1331,1652846400000000000,139
ASCBU,568,9.92,9.92,9.92,9.92,1652846400000000000,4
ASEA,15770,14.6,14.61,14.76,14.5,1652846400000000000,135
ASET,5461,32.64,32.1695,32.6699,32.12,1652846400000000000,33
ASG,179057,5.91,5.7,5.95,5.6663,1652846400000000000,843
ASGI,7245,18.97,18.63,18.97,18.53,1652846400000000000,120
ASGN,227131,105.27,100.47,106.16,100.39,1652846400000000000,5286
ASH,328817,100.26,100.09,101.07,99.625,1652846400000000000,7584
ASHR,2558730,29.67,29.32,29.75,29.29,1652846400000000000,9464
ASHS,2003,30.92,30.5672,30.92,30.55,1652846400000000000,21
ASHX,0,22.6846,22.6846,22.6846,22.6846,1652846400000000000,0
ASIX,325373,47.37,45.95,48.41,45.56,1652846400000000000,6532
ASLE,83345,13.64,13.23,13.84,13.04,1652846400000000000,1864
ASLN,99441,0.451,0.4516,0.4788,0.4412,1652846400000000000,485
ASM,268059,0.6792,0.6656,0.6916,0.6601,1652846400000000000,421
ASMB,196538,1.67,1.62,1.71,1.6,1652846400000000000,1020
ASML,1036823,547.18,528.3,552.83,526.87,1652846400000000000,33353
ASND,425503,87.42,86,89.44,85.34,1652846400000000000,7224
ASNS,303186,2,1.84,2,1.81,1652846400000000000,1218
ASO,9166491,35.18,32.26,35.24,31.15,1652846400000000000,82544
ASPA,100,9.9499,9.9499,9.9499,9.9499,1652846400000000000,1
ASPAW,6899,0.164,0.2399,0.248,0.164,1652846400000000000,74
ASPC,613,9.87,9.87,9.87,9.87,1652846400000000000,6
ASPCU,7078,10.2,10.205,10.2182,9.96,1652846400000000000,53
ASPCW,2952,0.451,0.37,0.4532,0.3624,1652846400000000000,35
ASPN,338684,17.06,16.46,17.465,16.2,1652846400000000000,5220
ASPS,26769,9.83,9.6,9.96,9.51,1652846400000000000,433
ASPU,59793,0.96,0.9506,0.988,0.9047,1652846400000000000,208
ASPY,7031,26.88,26.875,26.92,26.87,1652846400000000000,27
ASR,40725,224,213.93,224,213.36,1652846400000000000,1946
ASRT,797723,2.95,2.93,3.09,2.85,1652846400000000000,4300
ASRV,6161,3.98,3.99,4.05,3.98,1652846400000000000,64
ASTC,42574,0.535,0.521,0.535,0.5185,1652846400000000000,145
ASTE,237908,45.58,44.1,48.67,43.93,1652846400000000000,4025
ASTL,1031773,9.39,9.19,9.42,9.085,1652846400000000000,9666
ASTLW,13540,2.3701,2.28,2.3701,2.28,1652846400000000000,51
ASTR,2700007,2.7,2.65,2.855,2.61,1652846400000000000,14569
ASTS,584107,7.44,7.28,7.7863,7.11,1652846400000000000,5608
ASTSW,16430,2.74,2.37,2.74,2.2901,1652846400000000000,55
ASUR,12705,6.0136,6.1,6.15,5.9075,1652846400000000000,166
ASX,8113646,6.64,6.42,6.66,6.41,1652846400000000000,19790
ASXC,1762981,0.43,0.4114,0.44,0.407,1652846400000000000,7839
ASYS,49275,8.07,8.09,8.3121,7.99,1652846400000000000,487
ASZ,146580,9.76,9.775,9.78,9.75,1652846400000000000,258
ASZ.WS,60181,0.3359,0.39,0.4222,0.32397,1652846400000000000,113
ATA,103064,10.26,10.261,10.27,10.26,1652846400000000000,30
ATA.U,2340,10.31,10.31,10.31,10.31,1652846400000000000,14
ATA.WS,100,0.07,0.07,0.07,0.07,1652846400000000000,1
ATAI,685847,4.08,3.92,4.19,3.86,1652846400000000000,4976
ATAK,3260,9.86,9.86,9.86,9.86,1652846400000000000,6
ATAKR,500,0.08,0.0752,0.0801,0.0752,1652846400000000000,4
ATAKW,214650,0.05,0.0504,0.0505,0.049,1652846400000000000,80
ATAQ,101,9.795,9.795,9.795,9.795,1652846400000000000,2
ATAX,31001,17.54,17.52,17.83,17.4601,1652846400000000000,165
ATC,3611696,20.92,19.77,21.11,19.28,1652846400000000000,23651
ATCO,544746,12.4,12.11,12.47,11.985,1652846400000000000,6916
ATCOL,15555,25.5,24.63,25.5299,24.6,1652846400000000000,107
ATCOpD,29390,25.25,24.75,25.2704,24.2904,1652846400000000000,177
ATCOpH,37162,24.85,24.72,24.9681,24.41,1652846400000000000,256
ATCOpI,28483,25.73,25.42,25.73,25.25,1652846400000000000,238
ATCX,91516,8.54,8.23,8.7842,8.22,1652846400000000000,1563
ATEC,850444,8.43,8.25,8.69,8.18,1652846400000000000,10363
ATEN,1149771,15.51,14.79,15.7451,14.68,1652846400000000000,11414
ATER,5869754,3.57,3.46,3.74,3.34,1652846400000000000,25899
ATEX,75804,49.33,47.28,49.33,47.01,1652846400000000000,1565
ATFV,8,14.0405,14.0405,14.0405,14.0405,1652846400000000000,4
ATGE,531633,31.15,31.7,32.54,31.115,1652846400000000000,8508
ATHpA,102485,24.42,24.79,25.08,24.3356,1652846400000000000,655
ATHpB,53259,21.59,21.46,21.9461,21.39,1652846400000000000,533
ATHpC,85985,25.25,25.21,25.41,25.06,1652846400000000000,617
ATHpD,126093,18.88,19.2494,19.31,18.77,1652846400000000000,1109
ATHA,223591,8.72,8.31,8.85,8.215,1652846400000000000,3694
ATHE,61031,0.6625,0.67255,0.7,0.655,1652846400000000000,145
ATHM,670571,28.19,29.9,29.9,27.78,1652846400000000000,8894
ATHX,1890522,0.7218,0.7119,0.73,0.68,1652846400000000000,6575
ATI,2661021,26.92,27.04,27.88,26.72,1652846400000000000,23277
ATIF,537,2.44,2.2964,2.44,2.2964,1652846400000000000,8
ATIP,555525,1.64,1.72,1.75,1.621,1652846400000000000,3195
ATIP.WS,10967,0.15,0.1599,0.1659,0.15,1652846400000000000,26
ATKR,304392,106.53,103.96,106.83,102.52,1652846400000000000,7839
ATLC,48173,34.46,35.12,36.28,34.46,1652846400000000000,1745
ATLCL,5012,24,23.979,24.158,23.7,1652846400000000000,25
ATLCP,12437,24.14,24.3,24.35,23.8001,1652846400000000000,85
ATLO,7025,23.01,22.96,23.72,22.95,1652846400000000000,127
ATMP,36,19.2652,19.2652,19.2652,19.2652,1652846400000000000,6
ATNF,237229,1.26,1.43,1.45,1.24,1652846400000000000,1210
ATNFW,2712,0.2999,0.28,0.3,0.28,1652846400000000000,14
ATNI,73156,42.19,42.74,43.69,41.82,1652846400000000000,1783
ATNM,132247,6.17,6.03,6.2409,5.9,1652846400000000000,1149
ATNX,505789,0.49,0.4513,0.4904,0.45,1652846400000000000,2536
ATO,996285,114.37,111.85,114.37,111.6,1652846400000000000,20630
ATOM,234385,11.95,11.65,12.55,11.51,1652846400000000000,2863
ATOS,1366462,0.9848,0.957,1.02,0.9422,1652846400000000000,6163
ATR,323713,107.99,104.07,108.9,103.57,1652846400000000000,9147
ATRA,1395932,5.36,5.13,5.43,4.965,1652846400000000000,12362
ATRC,306848,42.08,41.77,42.75,41.33,1652846400000000000,7465
ATRI,2466,630.53,630.53,630.53,630.53,1652846400000000000,260
ATRO,88253,11.02,10.76,11.35,10.65,1652846400000000000,1476
ATRS,1352036,5.57,5.58,5.58,5.57,1652846400000000000,4212
ATSG,266444,30.84,30.04,30.91,29.9,1652846400000000000,6195
ATTO,3416,14.46,13.85,14.46,13.85,1652846400000000000,126
ATUS,16497089,10.33,10.83,11.385,10,1652846400000000000,76241
ATVCW,8816,0.37,0.34,0.37,0.24,1652846400000000000,62
ATVI,3900745,78.53,77.92,78.62,77.79,1652846400000000000,41550
ATXI,65841,0.35,0.3129,0.35,0.3126,1652846400000000000,212
ATXS,8221,3.99,3.93,4.26,3.93,1652846400000000000,243
ATY,48200,2.45,2.49,2.5,2.41,1652846400000000000,347
AU,2104147,17.31,17.04,17.54,17.01,1652846400000000000,18046
AUB,259847,34.64,34.41,34.9,34.11,1652846400000000000,5049
AUBAP,9676,25.09,25.0264,25.1,24.8618,1652846400000000000,100
AUD,637161,1.83,1.76,1.87,1.74,1652846400000000000,3618
AUDC,102943,21.6,21.29,22.37,21.16,1652846400000000000,1504
AUGX,6826,2.1636,2.12,2.2602,2.06,1652846400000000000,95
AUGZ,98,29.9321,29.9321,29.9321,29.9321,1652846400000000000,5
AUID,34613,2.9,2.94,3.04,2.9,1652846400000000000,314
AUMN,254663,0.3808,0.3731,0.39,0.37,1652846400000000000,441
AUPH,1645340,11.21,11.21,11.48,11.03,1652846400000000000,17177
AUR,2973850,3.77,3.58,3.885,3.535,1652846400000000000,18357
AURA,18659,16.95,17.2,17.54,16.95,1652846400000000000,825
AURC,1300,9.79,9.81,9.81,9.79,1652846400000000000,14
AURCW,6511,0.14,0.2821,0.3443,0.14,1652846400000000000,66
AUROW,18752,0.7919,0.7799,0.8198,0.752,1652846400000000000,97
AUS,4426411,9.76,9.78,9.78,9.76,1652846400000000000,87
AUS.U,10970,9.84,9.84,9.84,9.84,1652846400000000000,114
AUS.WS,18510,0.25,0.2986,0.2986,0.25,1652846400000000000,16
AUSF,3078,29.245,29.3116,29.3116,29.2277,1652846400000000000,45
AUST,421331,1.72,1.71,1.895,1.67,1652846400000000000,1242
AUTL,118744,2.79,2.73,2.85,2.71,1652846400000000000,1118
AUTO,1568345,0.7528,0.64,0.779,0.64,1652846400000000000,3716
AUUD,325384,1.4,1.12,1.4,1.04,1652846400000000000,1004
AUVI,2252485,1.16,1.31,1.37,1.13,1652846400000000000,6788
AUVIP,1465,25,24.9899,25.2,24.9899,1652846400000000000,24
AUY,24017195,5.01,4.95,5.04,4.9043,1652846400000000000,23024
AVA,630162,44,43.8,44.94,43.58,1652846400000000000,14050
AVAC,817,9.95,9.95,9.95,9.95,1652846400000000000,2
AVAH,340860,2.84,2.72,2.86,2.69,1652846400000000000,2836
AVAL,33572,4.07,3.98,4.12,3.98,1652846400000000000,333
AVAN,138604,9.88,9.89,9.9,9.88,1652846400000000000,218
AVAN.U,1123,10.0066,9.9501,10.0066,9.9501,1652846400000000000,6
AVAN.WS,700,0.2499,0.2496,0.2499,0.2496,1652846400000000000,2
AVAV,374461,83.6,85.51,88.33,82.58,1652846400000000000,9435
AVB,838299,207.65,201.56,208.76,200.68,1652846400000000000,22329
AVCO,106418,0.48,0.4472,0.48,0.4006,1652846400000000000,252
AVCT,1535902,0.386,0.3639,0.3954,0.36,1652846400000000000,3003
AVCTW,11117,0.062999,0.0651,0.0699,0.06,1652846400000000000,29
AVD,302139,23.12,22.63,23.55,22.6,1652846400000000000,4686
AVDE,247144,55.81,54.99,55.93,54.92,1652846400000000000,1032
AVDG,2018,26.98,26.2505,26.98,26.2,1652846400000000000,14
AVDL,281100,4.26,4.12,4.3,4.07,1652846400000000000,3150
AVDR,290,25.93,25.1388,25.93,25.1388,1652846400000000000,14
AVDV,301026,58.39,57.53,58.476,57.422,1652846400000000000,2087
AVDX,1141319,7.55,7.73,8.02,7.55,1652846400000000000,14522
AVEM,437860,54.41,53.51,54.59,53.37,1652846400000000000,1810
AVEO,171504,4.15,4.15,4.24,4.03,1652846400000000000,1527
AVES,102720,45.1,44.44,45.1,44.39,1652846400000000000,340
AVGO,3499052,600,570.57,600.72,566.18,1652846400000000000,69684
AVGOP,18965,1859.4,1788.5,1859.4,1788.5,1652846400000000000,271
AVGR,129307,1.8,1.89,1.97,1.7555,1652846400000000000,630
AVID,320954,24.96,24.03,25.38,23.8,1652846400000000000,7659
AVIG,105158,43.249,43.3383,43.36,43.19,1652846400000000000,90
AVIR,817772,7.11,7.14,7.48,7,1652846400000000000,6981
AVIV,28238,46.92,46.25,46.969,46.2,1652846400000000000,166
AVK,81177,13.18,12.9,13.18,12.88,1652846400000000000,427
AVLR,779042,75.38,75.52,77.54,73.57,1652846400000000000,17311
AVLV,109200,51.49,49.71,51.49,49.49,1652846400000000000,783
AVMU,7837,44.87,44.785,44.88,44.785,1652846400000000000,65
AVNS,314047,28.24,28.02,28.79,27.82,1652846400000000000,6032
AVNT,445192,47.96,47.21,48.64,46.94,1652846400000000000,9400
AVNW,63845,29.37,28.18,29.47,27.97,1652846400000000000,1362
AVO,106646,13.77,13.23,13.82,13.18,1652846400000000000,2428
AVPT,701279,4.88,4.93,5.085,4.83,1652846400000000000,6249
AVPTW,3914,0.78,0.79,0.8398,0.76,1652846400000000000,30
AVRE,50505,47,46.08,47,46.03,1652846400000000000,222
AVRO,339081,0.8165,0.7506,0.8266,0.7421,1652846400000000000,2361
AVSC,38452,43.81,43.0397,43.82,42.88,1652846400000000000,187
AVSD,30521,48.08,47.908,48.08,47.88,1652846400000000000,87
AVSE,5134,45.355,44.9185,45.355,44.8801,1652846400000000000,14
AVSF,18883,46.93,46.9772,47.005,46.93,1652846400000000000,56
AVSU,8008,46.43,46.2033,46.43,46.19,1652846400000000000,38
AVT,702401,48.2,47.06,48.34,46.88,1652846400000000000,11257
AVTE,58934,11.96,11.83,12.875,11.8,1652846400000000000,793
AVTR,4848033,30.81,30.19,31.1,30.02,1652846400000000000,27168
AVTX,363275,0.3,0.326,0.3324,0.3,1652846400000000000,1882
AVUS,356022,70.49,68.43,70.49,68.15,1652846400000000000,1789
AVUV,730454,75.87,73.78,75.91,73.25,1652846400000000000,3601
AVXL,955010,8.98,8.72,9.24,8.51,1652846400000000000,8969
AVY,549411,175.48,168.47,175.9,167.91,1652846400000000000,13955
AVYA,4572723,5.4,4.94,5.47,4.88,1652846400000000000,31013
AWAY,289495,19.75,19.27,19.84,19.25,1652846400000000000,1639
AWF,491570,9.62,9.8,9.83,9.6,1652846400000000000,3491
AWH,621650,0.565,0.5801,0.5937,0.5131,1652846400000000000,4059
AWI,427939,85.39,82.37,85.47,81.83,1652846400000000000,7293
AWK,672343,146.45,144.28,147.58,143.92,1652846400000000000,15603
AWP,252530,5.25,5.18,5.26,5.1439,1652846400000000000,990
AWR,292843,78.22,78.5,80.68,77.66,1652846400000000000,7863
AWRE,14066,2.7,2.78,2.78,2.66,1652846400000000000,167
AWTM,45,48.79,48.79,48.79,48.79,1652846400000000000,11
AWYX,8548,3.45,3.4666,3.4666,3.4,1652846400000000000,8
AX,443974,35.98,35.85,36.61,35.33,1652846400000000000,6905
AXAC,2034,9.96,9.96,9.96,9.96,1652846400000000000,3
AXAC.WS,50000,0.1,0.1,0.1,0.094999,1652846400000000000,40
AXDX,1273765,0.6052,0.5865,0.6151,0.58,1652846400000000000,3895
AXGN,316641,9.74,9.87,10.02,9.49,1652846400000000000,4914
AXH,19547,10.01,10.01,10.01,10,1652846400000000000,41
AXL,1776774,7.32,7.03,7.43,7.01,1652846400000000000,14623
AXLA,20275,1.55,1.6,1.61,1.5232,1652846400000000000,189
AXNX,511355,48.6,48.62,50.235,47.93,1652846400000000000,10035
AXON,464332,95.37,96.25,97.8368,94.78,1652846400000000000,9807
AXP,2689633,160.79,156.1,160.85,155.4,1652846400000000000,48907
AXR,3858,12.12,12.15,12.15,12.1,1652846400000000000,75
AXS,469910,58.05,56.59,58.28,56.28,1652846400000000000,9118
AXSpE,54530,21.74,21.9,21.99,21.71,1652846400000000000,474
AXSM,660754,32.53,31.13,33.6374,30.53,1652846400000000000,10067
AXTA,1708085,26.12,25.56,26.35,25.45,1652846400000000000,17313
AXTI,163276,5.42,5.26,5.56,5.22,1652846400000000000,2107
AXU,804464,0.7882,0.745,0.7998,0.725,1652846400000000000,2380
AY,493624,32.4,32.81,33.62,32.38,1652846400000000000,8618
AYI,243455,169.03,166.73,170.67,166.505,1652846400000000000,7509
AYLA,289008,2.04,1.84,2.11,1.75,1652846400000000000,474
AYRO,246486,0.96,0.9602,1.01,0.94,1652846400000000000,1017
AYTU,275861,0.549,0.5452,0.57,0.5405,1652846400000000000,511
AYX,673354,55.4,53.57,56.23,52.79,1652846400000000000,14807
AZ,37314,4.06,3.75,4.2,3.73,1652846400000000000,334
AZAA,700,27.41,26.9347,27.41,26.9347,1652846400000000000,4
AZAJ,8377,25.38,25.025,25.405,25.0001,1652846400000000000,21
AZAL,0,26.8082,26.8082,26.8082,26.8082,1652846400000000000,0
AZAO,839,27.94,27.4412,27.9888,27.4412,1652846400000000000,6
AZBA,32532,25.9,25.6471,25.94,25.6104,1652846400000000000,138
AZBJ,40188,25.03,24.8,25.03,24.75,1652846400000000000,84
AZBL,3887,26.22,26.1632,26.24,26.13,1652846400000000000,29
AZBO,4458,26.36,26.3107,26.43,26.3107,1652846400000000000,11
AZEK,2082966,18.8,18.78,19.63,18.635,1652846400000000000,23820
AZN,8750442,64.22,63.32,64.54,63.205,1652846400000000000,72524
AZO,381101,2002.61,1839.62,2002.61,1807.91,1652846400000000000,17414
AZPN,491774,181.27,178.21,191.46,174.035,1652846400000000000,8787
AZRE,86123,12.39,13.01,13.08,12.39,1652846400000000000,1785
AZTA,629881,74.19,70.73,75.97,70.16,1652846400000000000,13608
AZUL,1737075,13.16,12.88,13.49,12.71,1652846400000000000,13670
AZYO,3400,6.38,6.35,6.878,6.25,1652846400000000000,154
AZZ,180097,44.82,44.16,45.18,43.96,1652846400000000000,3045
B,878256,34.43,33.91,35.165,33.81,1652846400000000000,6922
BA,9510109,130.34,125.52,132.1,124.36,1652846400000000000,113526
BAB,706226,27.59,27.76,27.8161,27.54,1652846400000000000,1709
BABA,18970728,90,87.31,91.64,87,1652846400000000000,184596
BAC,44476933,35.62,34.88,35.69,34.605,1652846400000000000,191502
BACpB,170344,24.97,24.65,24.97,24.63,1652846400000000000,1140
BACpE,95079,20.31,20.1,20.31,20.1,1652846400000000000,159
BACpK,211866,24.47,24.2,24.47,24.07,1652846400000000000,1116
BACpL,13376,1212.62,1212,1221.9999,1208.5,1652846400000000000,413
BACpM,310994,22.51,22.52,22.53,22.02,1652846400000000000,1359
BACpN,238356,21.4,21.22,21.4,20.78,1652846400000000000,1741
BACpO,175671,18.67,18.54,18.67,18.32,1652846400000000000,1304
BACpP,177134,18.28,18.33,18.44,18.065,1652846400000000000,1354
BACpQ,262460,18.36,18.4,18.42,17.99,1652846400000000000,861
BACpS,178332,19.99,20.05,20.1326,19.68,1652846400000000000,579
BACA,120,9.72,9.72,9.72,9.72,1652846400000000000,3
BAD,321,12.95,12.5849,12.95,12.5849,1652846400000000000,17
BAFN,2422,16.4,16.359,16.4,16.25,1652846400000000000,47
BAH,1562653,82.79,79.72,83.17,79.09,1652846400000000000,20603
BAK,281097,17.52,17.14,17.72,16.9,1652846400000000000,4356
BAL,4622,86.98,85.6035,86.98,84.13,1652846400000000000,114
BALL,2750421,72.89,71.21,73.63,70.46,1652846400000000000,30640
BALT,27498,25.62,25.52,25.63,25.49,1652846400000000000,111
BALY,531336,25.13,24.71,25.445,24.35,1652846400000000000,7035
BAM,2439695,48.27,45.89,48.36,45.78,1652846400000000000,29468
BAMH,39186,18.03,17.71,18.03,17.42,1652846400000000000,248
BAMI,17936,17.88,17.585,17.88,17.37,1652846400000000000,152
BAMR,40583,48.16,46,48.17,45.93,1652846400000000000,1078
BANC,327283,18.25,18.05,18.37,17.92,1652846400000000000,4636
BAND,386767,19.55,19,20.87,18.68,1652846400000000000,9032
BANF,148863,82.35,81.56,82.755,80.92,1652846400000000000,4912
BANFP,1186,30.4953,29,30.4953,29,1652846400000000000,8
BANR,183664,55.16,55.15,55.68,53.83,1652846400000000000,4102
BANX,6229,18.5601,19.11,19.9397,18.5601,1652846400000000000,57
BAOS,401109,0.4231,0.3902,0.4414,0.38,1652846400000000000,496
BAP,318782,138.19,132.09,140.31,131.59,1652846400000000000,5781
BAPR,5413,31.34,30.67,31.34,30.5211,1652846400000000000,85
BAR,186056,17.98,18.01,18.09,17.945,1652846400000000000,2747
BARK,1568237,2.65,2.52,2.77,2.485,1652846400000000000,9242
BARK.WS,10450,0.3533,0.3567,0.3567,0.3533,1652846400000000000,30
BASE,191399,13.26,12.63,13.48,12.3,1652846400000000000,4650
BATL,58863,17.36,18.01,18.83,17.36,1652846400000000000,2491
BATRA,20844,26.32,26.13,26.535,26.07,1652846400000000000,458
BATRK,110698,25.14,25.07,25.52,24.93,1652846400000000000,1441
BATT,154557,14.5,14.26,14.66,14.21,1652846400000000000,1140
BAUG,5665,30.05,29.8619,30.05,29.8619,1652846400000000000,6
BAX,1984561,73.9,72.12,74.15,71.82,1652846400000000000,26874
BB,11153721,5.93,5.88,6.25,5.83,1652846400000000000,23137
BBAI,961467,7.7,9.21,9.72,7.4391,1652846400000000000,6307
BBAI.WS,85986,0.5601,0.8644,0.8644,0.56,1652846400000000000,323
BBAR,619489,3.1,3,3.13,2.9798,1652846400000000000,3142
BBAX,473628,51.01,50.19,51.1,50.07,1652846400000000000,2036
BBBY,7661698,9.31,8.895,9.5,8.515,1652846400000000000,55552
BBC,4327,19.9,19.2847,19.9525,19.17,1652846400000000000,31
BBCA,1303184,63.84,62.54,63.9499,62.31,1652846400000000000,4586
BBCP,71001,4.74,4.64,4.92,4.64,1652846400000000000,932
BBD,35838263,3.92,3.87,3.95,3.85,1652846400000000000,31564
BBDC,655228,10.36,10.17,10.49,10.13,1652846400000000000,4846
BBDO,40564,3.34,3.32,3.34,3.22,1652846400000000000,168
BBEU,1967122,50.54,49.7,50.59,49.66,1652846400000000000,5629
BBGI,26495,1.58,1.48,1.58,1.48,1652846400000000000,82
BBH,51076,145.07,143.26,145.7669,142.72,1652846400000000000,1354
BBI,2646441,0.1769,0.17,0.1838,0.165,1652846400000000000,2961
BBIG,59185234,2.9891,3.05,3.42,2.94,1652846400000000000,124977
BBIGV,41084,2.85,1.92,2.85,1.91,1652846400000000000,300
BBIN,37374,51.06,50.25,51.11,50.25,1652846400000000000,118
BBIO,2607333,7.14,7.09,7.4,6.93,1652846400000000000,26403
BBJP,884295,46.61,46.07,46.65,45.97,1652846400000000000,2971
BBLG,27302,1.66,1.61,1.758,1.55,1652846400000000000,121
BBLN,596901,1.13,1.12,1.17,1.1,1652846400000000000,4688
BBMC,3882,75.8,73.7665,75.86,73.7665,1652846400000000000,52
BBN,292535,20.08,19.88,20.1892,19.74,1652846400000000000,2063
BBP,812,38.11,37.3341,38.11,37.3341,1652846400000000000,7
BBQ,32246,12.6,12.42,12.95,12.3,1652846400000000000,283
BBRE,35617,94.59,91.69,94.6,91.4199,1652846400000000000,460
BBSA,2666,48.24,48.3,48.3,48.24,1652846400000000000,15
BBSC,1212,54.39,52.9888,54.39,52.9888,1652846400000000000,12
BBSI,35858,74.76,72.1,74.76,71.39,1652846400000000000,1253
BBU,34769,23.33,22.14,23.67,21.99,1652846400000000000,489
BBUC,102948,24.85,24.11,24.85,23.63,1652846400000000000,1737
BBUS,97779,72.5,70.44,72.54,70.24,1652846400000000000,684
BBVA,1914195,5.12,5.02,5.1398,5,1652846400000000000,6133
BBW,360653,19.12,18.48,19.12,17.97,1652846400000000000,5573
BBWI,10728320,45.05,42.94,45.14,42.46,1652846400000000000,100810
BBY,9349423,78.74,75.62,79.57,74.05,1652846400000000000,125721
BC,1110380,77.53,73.03,77.795,71.66,1652846400000000000,19276
BCpA,2392,25.7,25.041,25.9191,25.041,1652846400000000000,28
BCpB,9587,26.75,26.24,26.75,25.14,1652846400000000000,97
BCpC,18037,25,25.04,25.11,24.8,1652846400000000000,105
BCAB,426525,2.3,2.3,2.335,2.21,1652846400000000000,4137
BCAC,3882,10.09,10.13,10.13,10.09,1652846400000000000,23
BCACU,1775,10.13,10.11,10.17,10.1,1652846400000000000,15
BCACW,2748,0.1203,0.155001,0.155001,0.1203,1652846400000000000,10
BCAT,488587,15.23,15.09,15.31,14.9581,1652846400000000000,2177
BCBP,62689,19.11,18.82,19.305,18.7,1652846400000000000,2881
BCC,372355,81.81,79.71,84.18,79,1652846400000000000,9272
BCD,100918,40.76,39.93,40.76,39.75,1652846400000000000,488
BCDA,45256,1.48,1.46,1.51,1.455,1652846400000000000,206
BCE,865446,53.59,53.03,53.62,52.85,1652846400000000000,11177
BCEL,161409,1.88,1.75,1.88,1.75,1652846400000000000,1677
BCH,115227,19.8,19.61,19.95,19.55,1652846400000000000,1997
BCI,264737,30.42,29.84,30.42,29.8,1652846400000000000,1692
BCIM,798,26.96,26.48,26.96,26.48,1652846400000000000,9
BCLI,41021,2.9,2.9,2.9963,2.86,1652846400000000000,190
BCM,162,49.415,49.415,49.415,49.415,1652846400000000000,9
BCML,52026,22.78,22.34,22.85,22.25,1652846400000000000,1950
BCO,252729,57.83,57.06,58.28,56.645,1652846400000000000,4201
BCOR,340005,16.79,16.39,17.01,16.33,1652846400000000000,5632
BCOV,154830,6.88,6.98,7.07,6.84,1652846400000000000,2756
BCOW,1905,10.2499,10.055,10.2499,10.0143,1652846400000000000,21
BCPC,229100,118.16,118.1,119.34,115.9,1652846400000000000,5067
BCRX,3213749,8.68,8.52,8.91,8.33,1652846400000000000,27945
BCS,5485896,7.82,7.73,7.88,7.7,1652846400000000000,12684
BCSA,1808,9.95,9.95,9.95,9.95,1652846400000000000,43
BCSAU,549,10.03,10.04,10.04,10.03,1652846400000000000,3
BCSF,279735,15.16,14.6,15.16,14.5,1652846400000000000,2946
BCTX,233326,4.91,4.71,5.09,4.55,1652846400000000000,1630
BCTXW,18538,2.2608,2,2.3,1.9282,1652846400000000000,143
BCV,20486,18.91,18.72,19.16,18.63,1652846400000000000,134
BCVpA,1310,23.8293,23.85,23.85,23.56,1652846400000000000,11
BCX,323443,10.9,10.74,10.9393,10.65,1652846400000000000,1487
BCYC,771511,17.8,17.36,19.26,17.15,1652846400000000000,7703
BDC,285917,56.39,55.46,57.02,55.09,1652846400000000000,5104
BDCX,2353,35.04,34.4338,35.04,34.4338,1652846400000000000,15
BDCZ,897,18.4952,18.2855,18.4952,18.2855,1652846400000000000,13
BDEC,28172,31.52,30.9975,31.52,30.9601,1652846400000000000,38
BDJ,467677,9.29,9.1,9.29,9.055,1652846400000000000,2010
BDL,7639,36.47,35.125,36.47,34.9,1652846400000000000,169
BDN,1677654,11.22,10.99,11.305,10.9,1652846400000000000,12859
BDR,16038,0.4095,0.3909,0.42,0.3909,1652846400000000000,120
BDRY,490373,25.73,25.78,26.07,25.02,1652846400000000000,3006
BDSX,102883,1.68,1.59,1.73,1.5101,1652846400000000000,767
BDTX,122532,1.96,1.81,1.96,1.8,1652846400000000000,1976
BDX,885792,255.8,251.1,256.43,250.55,1652846400000000000,19889
BDXB,10992,51.02,50.65,51.6,50.65,1652846400000000000,215
BE,2865056,14.58,14.11,15.48,13.975,1652846400000000000,31052
BEAM,1327676,32.51,32.03,34.06,31.21,1652846400000000000,24539
BEAT,34988,1.35,1.43,1.43,1.32,1652846400000000000,170
BECN,458474,63.01,62.66,63.98,62.34,1652846400000000000,11305
BECO,114,20.28,20.28,20.28,20.28,1652846400000000000,7
BEDU,43018,0.74,0.75,0.7596,0.73,1652846400000000000,174
BEDZ,3811,22,21.6813,22,21.67,1652846400000000000,32
BEEM,138208,15.13,14.37,15.9987,14.03,1652846400000000000,2135
BEEMW,309,8.22,8.22,8.22,8.22,1652846400000000000,6
BEKE,16452403,12.25,12.66,13.07,12.17,1652846400000000000,75882
BELFA,586,21.91,22.13,22.13,21.8,1652846400000000000,12
BELFB,14961,16.7,16.43,16.8,16.26,1652846400000000000,320
BEN,3176407,25.5,25.23,25.805,25.1115,1652846400000000000,30926
BENE,6648,10.28,10.28,10.285,10.28,1652846400000000000,65
BENER,19985,0.224,0.22,0.224,0.22,1652846400000000000,16
BENEW,19254,0.3501,0.34,0.37211,0.2684,1652846400000000000,63
BEP,265632,34.47,34.61,35.5,34.36,1652846400000000000,3697
BEPpA,6052,20.06,19.9806,20.08,19.82,1652846400000000000,61
BEPC,530012,35.2,35.48,36.27,35.17,1652846400000000000,7542
BEPH,33904,17.52,17.72,17.97,17.1701,1652846400000000000,289
BEPI,31865,19.11,18.93,19.28,18.91,1652846400000000000,260
BERY,807446,55.66,53.8,55.89,53.64,1652846400000000000,11182
BERZ,79624,35.27,38.4147,38.495,34.25,1652846400000000000,1403
BEST,2192188,0.31,0.3072,0.35,0.3,1652846400000000000,6030
BETZ,118125,16.27,16,16.4316,15.92,1652846400000000000,978
BF.A,27588,62.85,59.17,62.945,58.86,1652846400000000000,1733
BF.B,1095445,66.77,62.47,66.77,62.26,1652846400000000000,18500
BFAM,851326,80.42,81.35,83.36,80.42,1652846400000000000,14715
BFC,10233,71.22,70.55,71.23,70.5093,1652846400000000000,729
BFEB,1677,29.7201,29.2704,29.73,29.2704,1652846400000000000,17
BFH,415821,51.07,48.77,51.63,48.53,1652846400000000000,9404
BFI,36792,3.14,3.08,3.18,3,1652846400000000000,293
BFIIW,114394,0.31,0.26,0.31,0.2504,1652846400000000000,238
BFIN,18831,9.89,9.77,9.89,9.73,1652846400000000000,212
BFIT,842,21.1,20.49,21.1,20.49,1652846400000000000,17
BFIX,914,23.7,23.745,23.755,23.7,1652846400000000000,23
BFK,320141,11.63,11.3,11.63,11.29,1652846400000000000,1227
BFLY,1936467,3.18,3.03,3.29,3.01,1652846400000000000,11106
BFLY.WS,22542,0.43,0.4,0.43,0.4,1652846400000000000,61
BFOR,3616,55.07,53.21,55.07,53.01,1652846400000000000,44
BFRI,235258,2.6,2.61,2.68,2.44,1652846400000000000,1093
BFS,89211,48.91,47.41,49.05,46.91,1652846400000000000,1460
BFSpE,736,22.88,22.92,22.92,22.61,1652846400000000000,22
BFST,39513,21.7,21.37,21.84,21.28,1652846400000000000,1117
BFTR,1627,25.38,24.3918,25.38,24.3918,1652846400000000000,16
BFZ,96904,10.88,10.74,10.88,10.6607,1652846400000000000,397
BG,1237146,115.22,111.29,115.915,110.63,1652846400000000000,22530
BGB,159695,11.77,11.73,11.78,11.67,1652846400000000000,1224
BGCP,2718006,3.18,3.08,3.21,3.0642,1652846400000000000,9338
BGFV,1410718,13.01,12.19,13.02,11.9506,1652846400000000000,14900
BGH,44662,13.99,13.91,13.99,13.78,1652846400000000000,326
BGI,30462,5.16,5.08,5.16,5.01,1652846400000000000,242
BGLD,5865,18.5191,18.53,18.54,18.47,1652846400000000000,36
BGNE,286151,136.57,131.09,138.36,128.55,1652846400000000000,6986
BGR,214607,12.22,12.08,12.24,11.98,1652846400000000000,1264
BGRN,35964,47.98,48.11,48.125,47.9601,1652846400000000000,373
BGRY,785182,2.04,2.01,2.15,1.95,1652846400000000000,5582
BGRYW,26269,0.24,0.2182,0.24,0.2004,1652846400000000000,109
BGS,2156727,23.83,22.64,23.83,22.51,1652846400000000000,23798
BGSF,14647,12.6,12.46,12.6,12.45,1652846400000000000,115
BGSX,105,9.75,9.75,9.75,9.75,1652846400000000000,5
BGSX.U,5000,9.78,9.78,9.78,9.78,1652846400000000000,1
BGSX.WS,410,0.24,0.1975,0.24,0.1975,1652846400000000000,7
BGT,153952,11.08,11.18,11.27,11.06,1652846400000000000,767
BGX,31108,12.19,12.16,12.21,12.11,1652846400000000000,224
BGXX,3221052,23.73,48.08,58,18.01,1652846400000000000,43981
BGY,741542,5.23,5.18,5.27,5.15,1652846400000000000,2037
BH,3367,136.8,128.17,136.8,127.89,1652846400000000000,380
BH.A,111,655,655,655,655,1652846400000000000,32
BHACU,100,9.97,9.97,9.97,9.97,1652846400000000000,1
BHACW,600,0.15,0.15,0.15,0.15,1652846400000000000,1
BHAT,374748,0.2385,0.229,0.239,0.22,1652846400000000000,453
BHB,24430,25.57,25.5,25.78,25.1701,1652846400000000000,647
BHC,7171839,10.97,9.95,11.09,9.925,1652846400000000000,45283
BHE,403703,25.22,25.01,25.67,24.93,1652846400000000000,5975
BHF,512010,48.78,46.81,48.93,46.65,1652846400000000000,9895
BHFAL,14576,24.5,24.08,24.5,23.86,1652846400000000000,93
BHFAM,177014,17.05,16.7,17.115,16.51,1652846400000000000,810
BHFAN,70824,20.2,19.77,20.2,19.76,1652846400000000000,523
BHFAO,65644,24.88,24.19,24.88,24.1,1652846400000000000,628
BHFAP,65457,24.3,23.9,24.4,23.75,1652846400000000000,642
BHG,2155063,2,1.95,2.115,1.91,1652846400000000000,8713
BHIL,1108313,2.99,3.15,3.33,2.87,1652846400000000000,10650
BHIL.WS,7948,0.555,0.5,0.555,0.462,1652846400000000000,39
BHK,144262,11.4,11.49,11.53,11.4,1652846400000000000,597
BHLB,357641,26.13,25.57,26.2,25.45,1652846400000000000,6503
BHP,3198223,64.54,63.82,64.75,63.58,1652846400000000000,34060
BHR,620238,5.76,5.68,6.01,5.65,1652846400000000000,4175
BHRpB,8525,17.54,17.63,18.0363,17.4,1652846400000000000,145
BHRpD,1014,24.9806,24.8328,25.02,24.8328,1652846400000000000,75
BHSE,553,10.04,10.04,10.04,10.04,1652846400000000000,4
BHV,3088,12.25,12.11,12.25,12.1,1652846400000000000,30
BHVN,1893235,141.25,141.73,141.95,140.72,1652846400000000000,28495
BIB,41760,47.01,45.8,47.97,45.53,1652846400000000000,347
BIBL,31735,31.22,30.26,31.22,30.2064,1652846400000000000,154
BICK,106,26.64,26.64,26.64,26.64,1652846400000000000,7
BIDS,1,14.6047,14.6047,14.6047,14.6047,1652846400000000000,1
BIDU,3050578,121.2,118.86,124.22,118.43,1652846400000000000,37919
BIG,3058527,30.06,29,30.07,27.48,1652846400000000000,39543
BIGC,1424237,17.92,17.37,19.06,17.17,1652846400000000000,19105
BIGZ,1135363,8.2,8.05,8.32,7.95,1652846400000000000,3832
BIIB,1195517,201.05,195.71,201.77,195,1652846400000000000,24295
BIL,4456327,91.44,91.44,91.45,91.43,1652846400000000000,5877
BILI,4674765,20.62,20.75,21.76,20.5,1652846400000000000,41261
BILL,2068170,106.69,101.63,111.08,100.4453,1652846400000000000,30079
BILS,40689,99.87,99.88,99.88,99.87,1652846400000000000,36
BIMI,65823,0.62,0.5905,0.636,0.58,1652846400000000000,219
BIO,212717,505.78,503.49,510,498.42,1652846400000000000,9679
BIOC,109121,1.56,1.42,1.58,1.4,1652846400000000000,648
BIOL,53658,3.85,3.75,3.97,3.67,1652846400000000000,671
BIOR,4307509,0.81,0.8708,0.95,0.7918,1652846400000000000,9877
BIOSW,5703,0.0593,0.15,0.15,0.0593,1652846400000000000,33
BIOT,49618,9.96,9.955,9.96,9.95,1652846400000000000,62
BIOTU,603,10.0101,10.01,10.0101,10.01,1652846400000000000,5
BIOTW,4996,0.26,0.2399,0.26,0.239895,1652846400000000000,9
BIOX,80007,14.16,14.05,14.36,13.9,1652846400000000000,1199
BIP,194197,60.5,60.85,61.23,60.31,1652846400000000000,3087
BIPpA,8091,18.33,18.2,18.33,18,1652846400000000000,58
BIPpB,17656,17.79,17.78,17.9,17.51,1652846400000000000,121
BIPC,173447,71.7,71.24,72.185,70.78,1652846400000000000,3858
BIPH,18697,18.66,17.89,18.66,17.72,1652846400000000000,168
BIPI,56384,19.47,18.94,19.47,18.31,1652846400000000000,274
BIRD,2299871,4.81,4.59,4.935,4.42,1652846400000000000,18343
BIS,32599,29.115,30.16,30.33,28.91,1652846400000000000,238
BIT,129859,14.51,14.62,14.66,14.49,1652846400000000000,771
BITE,6722,9.7771,9.77,9.7771,9.77,1652846400000000000,14
BITE.WS,625,0.2342,0.2463,0.2463,0.2342,1652846400000000000,7
BITF,4865463,1.94,1.9,2.04,1.86,1652846400000000000,11078
BITO,5417447,18.3,18.13,18.385,17.82,1652846400000000000,27730
BITQ,84994,8.37,8,8.51,7.9401,1652846400000000000,726
BITS,14974,9.75,9.62,9.75,9.38,1652846400000000000,97
BIV,1297857,77.96,78.31,78.39,77.96,1652846400000000000,4096
BIVI,28168,2.79,2.88,3.08,2.79,1652846400000000000,300
BIZD,209936,16.47,16.03,16.47,15.9801,1652846400000000000,865
BJ,7155794,59.48,53.42,59.48,52.75,1652846400000000000,82943
BJAN,15194,33.53,32.88,33.55,32.7958,1652846400000000000,100
BJDX,63149,1.04,1.07,1.09,1.01,1652846400000000000,292
BJK,31482,34.97,34.41,35.1977,34.2883,1652846400000000000,114
BJRI,382018,24.98,23.95,24.98,23.63,1652846400000000000,7882
BJUL,3665,30.4,30.1676,30.4001,30.15,1652846400000000000,39
BJUN,3995,31.85,31.5398,31.85,31.5398,1652846400000000000,41
BK,4051678,44.2,43.29,44.255,43.14,1652846400000000000,46954
BKAG,87046,43.84,44.12,44.13,43.84,1652846400000000000,160
BKCC,193962,4.06,4,4.06,3.94,1652846400000000000,1715
BKCH,165576,8.07,7.72,8.19,7.6692,1652846400000000000,1525
BKCI,743,41.83,41.0734,41.83,41.0734,1652846400000000000,5
BKD,2204037,5.79,5.44,5.805,5.43,1652846400000000000,15124
BKE,860427,31.82,30.57,32.155,30.16,1652846400000000000,12749
BKEM,15736,57.93,56.744,57.93,56.744,1652846400000000000,32
BKEP,206927,4.51,4.5,4.52,4.48,1652846400000000000,617
BKEPP,18036,8.54,8.6,8.63,8.54,1652846400000000000,45
BKES,0,38.76,38.76,38.76,38.76,1652846400000000000,0
BKF,9960,35.19,34.61,35.44,34.585,1652846400000000000,153
BKH,593807,76.64,74.43,76.64,74.3,1652846400000000000,10270
BKHY,38189,48.14,47.9702,48.14,47.94,1652846400000000000,387
BKI,1527226,71.87,70.6,72.07,70.07,1652846400000000000,18757
BKIE,34507,64.085,63.11,64.09,63.1,1652846400000000000,138
BKIS,25,40.4224,40.4224,40.4224,40.4224,1652846400000000000,1
BKKT,3366068,2.7,2.67,2.83,2.55,1652846400000000000,15079
BKKT.WS,69003,0.8899,0.95,1.35,0.8601,1652846400000000000,188
BKLC,34892,74.48,72.2385,74.4931,72.18,1652846400000000000,241
BKLN,12789007,21.05,20.9,21.07,20.87,1652846400000000000,17503
BKMC,34445,81.51,79.0945,81.51,79.0945,1652846400000000000,31
BKN,90968,15.49,15.06,15.49,14.9,1652846400000000000,297
BKNG,359397,2120,2050.38,2134.06,2042,1652846400000000000,19040
BKR,7184410,35.44,34.64,35.72,34.07,1652846400000000000,71779
BKSB,444,47.675,47.68,47.71,47.675,1652846400000000000,8
BKSC,8330,17.37,16.75,17.6,16.75,1652846400000000000,122
BKSE,4925,80.7,78.8101,80.79,78.5899,1652846400000000000,26
BKSY,684759,1.39,1.33,1.43,1.27,1652846400000000000,2543
BKSY.WS,9381,0.1501,0.16,0.175499,0.1456,1652846400000000000,29
BKT,205160,4.54,4.54,4.57,4.52,1652846400000000000,479
BKTI,10543,2.415,2.41,2.51,2.3501,1652846400000000000,83
BKU,991327,39.85,39.66,40.41,39.49,1652846400000000000,13069
BKUI,6936,49.09,49.0846,49.09,49.08,1652846400000000000,35
BKUS,80,40.2744,40.2744,40.2744,40.2744,1652846400000000000,1
BKYI,4389,2.04,1.95,2.04,1.945,1652846400000000000,44
BL,1113563,61.02,61.9,63.29,60.51,1652846400000000000,20098
BLBD,103826,12.49,12.33,12.94,12.17,1652846400000000000,2205
BLBX,343944,1.52,1.5,1.66,1.44,1652846400000000000,1002
BLCM,10367,1.65,1.55,1.72,1.55,1652846400000000000,96
BLCN,31962,29.2,28.55,29.3,28.5,1652846400000000000,234
BLCO,488156,17.08,16.51,17.23,16.3,1652846400000000000,3132
BLCT,146274,1.2825,1.29,1.3,1.28,1652846400000000000,379
BLD,238712,199.29,191.86,200.85,190.86,1652846400000000000,7908
BLDE,481190,6.83,7.03,7.33,6.83,1652846400000000000,6541
BLDEW,4917,1.36,1.33,1.452,1.31,1652846400000000000,26
BLDG,1409,28.29,27.8222,28.35,27.8,1652846400000000000,51
BLDP,4215172,6.95,6.91,7.39,6.85,1652846400000000000,22634
BLDR,3464590,67.27,62.99,67.51,62.77,1652846400000000000,41474
BLE,197399,10.85,10.63,10.86,10.63,1652846400000000000,904
BLES,17135,32.57,31.71,32.57,31.71,1652846400000000000,68
BLEUU,4828,9.94,10.04,10.04,9.9,1652846400000000000,29
BLEUW,4200,0.2038,0.2499,0.2499,0.2,1652846400000000000,23
BLFS,486180,12.5,11.64,12.725,11.435,1652846400000000000,7051
BLFY,81094,11.88,11.93,12.1,11.82,1652846400000000000,1020
BLHY,620,21.63,21.63,21.63,21.63,1652846400000000000,6
BLI,919335,4.65,4.59,4.88,4.51,1652846400000000000,11073
BLIN,108232,1.28,1.17,1.33,1.07,1652846400000000000,467
BLK,934250,604.89,591.86,606.4,587.41,1652846400000000000,33154
BLKB,592884,57.67,57.69,59.56,56.05,1652846400000000000,9357
BLKC,548,13.29,13.1821,13.29,13.1821,1652846400000000000,8
BLMN,1813425,21.37,20.65,21.37,20.26,1652846400000000000,22076
BLND,3145946,3.34,3.31,3.4699,3.17,1652846400000000000,16960
BLNK,1108631,16.78,15.7,17.1599,15.16,1652846400000000000,13825
BLOK,419891,22.33,21.64,22.47,21.53,1652846400000000000,4455
BLPH,52090,0.98,1.06,1.15,0.97,1652846400000000000,339
BLRX,245839,1.29,1.27,1.38,1.25,1652846400000000000,613
BLTE,175085,13.23,12.33,13.48,11.96,1652846400000000000,1103
BLTS,56385,9.84,9.83,9.845,9.82,1652846400000000000,165
BLTSW,19126,0.4188,0.4,0.4229,0.370399,1652846400000000000,65
BLU,1121901,8.67,8.8,9.02,8.59,1652846400000000000,8712
BLUA,7850,9.8,9.8002,9.8002,9.8,1652846400000000000,10
BLUE,2489159,3.46,3.33,3.5301,3.27,1652846400000000000,14398
BLV,785468,80.16,81.15,81.16,80.1,1652846400000000000,2729
BLW,126134,13.38,13.36,13.38,13.2424,1652846400000000000,592
BLX,86821,14.21,13.91,14.21,13.82,1652846400000000000,1619
BLZE,257939,6.35,6.04,6.39,5.95,1652846400000000000,2381
BMA,143049,16.14,15.73,16.24,15.5,1652846400000000000,1849
BMAC.WS,300,0.2,0.15,0.2,0.15,1652846400000000000,3
BMAQ,25431,9.86,9.86,9.86,9.86,1652846400000000000,23
BMAQU,100,10.1,10.1,10.1,10.1,1652846400000000000,1
BMAR,1708,31.99,31.682,32,31.682,1652846400000000000,10
BMAY,91034,29.75,29.0947,29.75,29.0641,1652846400000000000,272
BMBL,3114521,26.85,26.5,27.8,26.11,1652846400000000000,32830
BME,32189,42.95,42.23,43.084,42.06,1652846400000000000,473
BMEA,245437,5.2,5.19,5.41,5.07,1652846400000000000,2603
BMED,102,22.06,22.0499,22.06,22.0499,1652846400000000000,2
BMEZ,553109,16.23,15.9,16.54,15.75,1652846400000000000,3110
BMI,143750,77.92,77.2,79.03,76.71,1652846400000000000,3288
BMLpG,2129,18.38,18.34,18.38,18.05,1652846400000000000,15
BMLpH,8186,18.4,18.41,18.62,18.32,1652846400000000000,70
BMLpJ,16157,20.2,20.07,20.305,19.845,1652846400000000000,103
BMLpL,31462,20.12,19.92,20.157,19.9,1652846400000000000,159
BMO,584031,104.79,102.84,104.92,102.71,1652846400000000000,8833
BMRA,36850,3.14,3.15,3.21,2.9801,1652846400000000000,176
BMRC,39163,31.29,31.01,31.35,30.76,1652846400000000000,810
BMRN,921837,78.3,78.18,79.99,77.61,1652846400000000000,15182
BMTX,27208,7.02,7.01,7.17,6.86,1652846400000000000,415
BMTX.WS,16368,0.7701,0.73,0.7831,0.73,1652846400000000000,58
BMY,14968075,78.27,77.02,78.465,76.84,1652846400000000000,114348
BND,4963336,75.54,75.93,75.97,75.54,1652846400000000000,16289
BNDC,45016,23.125,23.19,23.22,23.125,1652846400000000000,100
BNDD,36205,22.85,23.09,23.175,22.85,1652846400000000000,230
BNDW,80767,71.03,71.24,71.313,71.02,1652846400000000000,527
BNDX,1966927,50.57,50.71,50.73,50.56,1652846400000000000,7890
BNE,16,22.7823,22.7823,22.7823,22.7823,1652846400000000000,3
BNED,624892,2.52,2.37,2.54,2.36,1652846400000000000,4459
BNFT,132192,8.76,8.97,9.16,8.76,1652846400000000000,2114
BNGE,437,19.17,18.9203,19.17,18.9203,1652846400000000000,2
BNGO,5864279,1.64,1.57,1.71,1.55,1652846400000000000,13545
BNGOW,1790,0.2841,0.2841,0.2841,0.2841,1652846400000000000,3
BNIXR,4700,0.15,0.15,0.15,0.09,1652846400000000000,19
BNKD,77827,14.45,15.19,15.221,14.4,1652846400000000000,293
BNKU,96903,28.19,26.75,28.26,26.27,1652846400000000000,1331
BNL,428189,20.58,20.22,20.73,20.06,1652846400000000000,5208
BNNR,3834,9.84,9.84,9.84,9.82,1652846400000000000,37
BNNRU,6145,9.92,9.98,9.98,9.9,1652846400000000000,49
BNNRW,520,0.3,0.2999,0.3,0.2999,1652846400000000000,4
BNO,1000979,32.3,31.29,32.3,31.03,1652846400000000000,5803
BNOV,5759,29.26,29.215,29.27,29.215,1652846400000000000,24
BNR,310436,3.16,3.08,3.25,3.01,1652846400000000000,2707
BNS,1539470,64.21,62.58,64.21,62.35,1652846400000000000,16762
BNSO,1515,2.85,2.9673,2.9673,2.85,1652846400000000000,16
BNTC,4921,1.05,1.02,1.07,1.02,1652846400000000000,49
BNTX,840377,157.2,157.06,160.8,155.7087,1652846400000000000,14172
BNY,120492,10.86,10.58,10.86,10.5,1652846400000000000,526
BOAC,17585,9.88,9.9,9.9,9.87,1652846400000000000,76
BOAC.WS,10800,0.2272,0.2286,0.2422,0.2271,1652846400000000000,25
BOAS,30046,9.84,9.84,9.84,9.83,1652846400000000000,27
BOAS.U,15100,9.9,9.91,9.91,9.9,1652846400000000000,7
BOAS.WS,5300,0.2185,0.2138,0.2185,0.2138,1652846400000000000,10
BOAT,37724,34.95,34.11,34.95,34.1,1652846400000000000,288
BOB,76,22.8492,22.8492,22.8492,22.8492,1652846400000000000,9
BOC,64871,20.57,20.24,21.0771,20.1,1652846400000000000,1597
BOCT,2109,31.38,30.9386,31.38,30.93,1652846400000000000,19
BODY,1408513,1.21,1.2,1.22,1.11,1652846400000000000,7929
BODY.WS,55082,0.11,0.122715,0.1305,0.1001,1652846400000000000,179
BOE,274005,10.26,10.14,10.3,10.075,1652846400000000000,1745
BOH,212932,76.96,76.33,77.37,75.93,1652846400000000000,4992
BOHpA,52650,19.29,19.05,19.29,19,1652846400000000000,115
BOIL,1107091,111.83,109,113.64,106.11,1652846400000000000,10514
BOKF,121977,83.93,82.34,84.3099,81.85,1652846400000000000,5090
BOLT,108972,1.71,1.57,1.71,1.52,1652846400000000000,1904
BON,10747,5.01,4.99,5.1114,4.9,1652846400000000000,117
BOND,1115031,96.63,96.87,97.04,96.591,1652846400000000000,2067
BOOM,182183,24.66,24.97,25.65,24.05,1652846400000000000,4010
BOOT,1538440,89.15,79.36,89.2,76.555,1652846400000000000,30713
BORR,836987,5.17,4.91,5.2387,4.7858,1652846400000000000,4972
BOSC,2376,2.14,2.08,2.14,2.08,1652846400000000000,29
BOSS,1625,24.02,23.71,24.02,23.71,1652846400000000000,17
BOTJ,7773,13.65,12.95,13.65,12.55,1652846400000000000,98
BOTZ,647028,22.73,22.37,23.06,22.29,1652846400000000000,5164
BOUT,4588,35.3,33.91,35.3,33.8,1652846400000000000,51
BOWL,231311,10.58,9.93,10.65,9.86,1652846400000000000,3662
BOX,1454883,28,27.01,28.3,26.7,1652846400000000000,16164
BOXD,231316,10.92,10.49,11.12,10.2,1652846400000000000,3642
BOXD.WS,4700,1.05,1.15,1.15,1.05,1652846400000000000,7
BOXL,375072,1.03,1.01,1.06,1,1652846400000000000,1304
BP,11181711,31.88,31.11,32.06,30.94,1652846400000000000,63658
BPMC,374902,56.49,55.5,58.1,55,1652846400000000000,8910
BPOP,556142,79.8,77.81,80.43,77.49,1652846400000000000,11772
BPOPM,3491,26.09,26.1,26.31,25.981,1652846400000000000,28
BPRN,11172,28.67,28.65,28.67,28.45,1652846400000000000,252
BPT,376165,16.34,15.72,16.36,15.11,1652846400000000000,2304
BPTH,7267,3.11,3.11,3.15,3.0976,1652846400000000000,91
BPTS,1063,1.44,1.44,1.44,1.44,1652846400000000000,72
BPYPM,10718,19.74,19.67,19.8052,19.45,1652846400000000000,279
BPYPN,50692,18.9,17.94,18.93,17.89,1652846400000000000,406
BPYPO,3964,20.33,19.95,20.33,19.94,1652846400000000000,57
BPYPP,23598,21.21,20.63,21.21,20.53,1652846400000000000,197
BQ,48641,0.29,0.2855,0.3,0.2803,1652846400000000000,112
BR,397257,138.84,136.6,138.97,135.535,1652846400000000000,10697
BRACR,950,0.155,0.1401,0.155,0.14,1652846400000000000,6
BRACU,250,9.96,9.9612,9.9612,9.96,1652846400000000000,2
BRAG,16540,4.9399,4.95,5.15,4.87,1652846400000000000,111
BRBR,813210,25.52,24.88,25.64,24.65,1652846400000000000,8567
BRBS,34040,14.25,14.06,14.46,14.03,1652846400000000000,659
BRC,263362,44.87,44.5,45.23,44.09,1652846400000000000,4046
BRCC,803969,10.65,10.04,10.66,9.74,1652846400000000000,11140
BRCN,34806,0.7275,0.7075,0.7275,0.6574,1652846400000000000,84
BRD,1300,9.8907,9.89,9.925,9.89,1652846400000000000,13
BRDG,154591,19.09,18.7,19.59,18.57,1652846400000000000,2827
BRDS,7951098,0.9323,0.7816,0.9809,0.7607,1652846400000000000,22900
BRDS.WS,12424,0.125,0.12,0.125,0.1137,1652846400000000000,72
BREZ,83575,10.21,10.2,10.2103,10.2,1652846400000000000,366
BREZW,12675,0.185101,0.185,0.185101,0.185,1652846400000000000,11
BRF,2811,17.26,16.92,17.26,16.92,1652846400000000000,34
BRFH,280,5.19,5.19,5.19,5.19,1652846400000000000,24
BRFS,3114850,2.92,2.73,2.95,2.73,1652846400000000000,5608
BRG,203919,26.35,26.22,26.35,26.09,1652846400000000000,3397
BRGpD,1050,25.08,25.19,25.19,25.08,1652846400000000000,8
BRIV,25200,9.7,9.715,9.715,9.7,1652846400000000000,3
BRIVU,12965,9.78,9.78,9.78,9.78,1652846400000000000,8
BRIVW,8113,0.25,0.2917,0.32,0.25,1652846400000000000,41
BRK.A,2506,471052.775,461000,473284.54,458619.82,1652846400000000000,2495
BRK.B,4418491,312.94,306.64,314.17,305.57,1652846400000000000,85726
BRKHW,5000,0.105,0.105,0.105,0.105,1652846400000000000,1
BRKL,434294,14.62,14.69,14.7,14.53,1652846400000000000,4674
BRKR,551280,60.1,60.04,60.89,59.69,1652846400000000000,10836
BRLIR,5435,0.14,0.2278,0.2863,0.14,1652846400000000000,58
BRLIW,500,0.11,0.1035,0.11,0.1035,1652846400000000000,2
BRLT,695995,4.01,3.82,4.02,3.6,1652846400000000000,6915
BRMK,1045681,7.54,7.34,7.58,7.305,1652846400000000000,7387
BRMK.WS,106,0.0801,0.0801,0.0801,0.0801,1652846400000000000,3
BRN,262744,3.32,2.95,3.34,2.9163,1652846400000000000,900
BRO,1592013,57.63,55.26,57.78,55.11,1652846400000000000,22305
BROG,585,7.39,7.39,7.39,7.39,1652846400000000000,25
BROS,1972004,26.02,25.61,27.14,24.81,1652846400000000000,21217
BRP,558386,23.59,22.88,24.41,22.54,1652846400000000000,8727
BRPM,10950,9.85,9.84,9.85,9.84,1652846400000000000,260
BRPMW,13307,0.5,0.5,0.5475,0.5,1652846400000000000,18
BRQS,107705152,0.2085,0.1914,0.233,0.187,1652846400000000000,60082
BRSP,630343,8.4,8.2,8.48,8.14,1652846400000000000,7112
BRT,32744,20.64,20.13,20.685,20.1001,1652846400000000000,769
BRTX,3903,3.65,3.75,3.87,3.65,1652846400000000000,61
BRW,153798,4.1,4.1,4.15,4.09,1652846400000000000,549
BRX,1918776,24.57,23.48,24.57,23.29,1652846400000000000,20733
BRY,484673,10.21,9.99,10.37,9.76,1652846400000000000,7124
BRZE,540432,31,30.38,31.7446,29.21,1652846400000000000,7761
BRZU,86817,86.37,83.29,87.24,82.62,1652846400000000000,1292
BSAC,449531,19.48,19.13,19.5,19.085,1652846400000000000,4341
BSAQ,26201,9.65,9.65,9.65,9.65,1652846400000000000,4
BSAQ.U,84615,9.73,9.74,9.74,9.73,1652846400000000000,28
BSAQ.WS,13825,0.15,0.15,0.1675,0.15,1652846400000000000,8
BSBE,684,24.08,24.105,24.105,24.08,1652846400000000000,5
BSBK,3276,10.7303,10.78,10.7908,10.7303,1652846400000000000,46
BSBR,1894669,6.79,6.63,6.81,6.59,1652846400000000000,10868
BSCE,234497,23.3605,23.31,23.3899,23.31,1652846400000000000,44
BSCM,550168,21.23,21.23,21.24,21.2234,1652846400000000000,2324
BSCN,554778,21.03,21.02,21.04,21.01,1652846400000000000,2029
BSCO,770394,20.84,20.84,20.88,20.84,1652846400000000000,1100
BSCP,1493326,20.565,20.57,20.6094,20.56,1652846400000000000,2398
BSCQ,139587,19.45,19.46,19.4649,19.42,1652846400000000000,405
BSCR,60316,19.52,19.54,19.61,19.51,1652846400000000000,314
BSCS,67720,20.22,20.26,20.29,20.19,1652846400000000000,889
BSCT,88296,18.35,18.38,18.4075,18.33,1652846400000000000,1479
BSCU,20201,16.61,16.67,16.71,16.61,1652846400000000000,401
BSCV,7205,16.58,16.62,16.65,16.57,1652846400000000000,77
BSDE,228823,24.535,24.47,24.5499,24.45,1652846400000000000,62
BSEA,301,21.8,21.8,21.8,21.8,1652846400000000000,2
BSEP,16221,29.889,29.7657,29.89,29.75,1652846400000000000,29
BSET,95701,16.53,16.15,16.66,15.89,1652846400000000000,2269
BSFC,17429,1.2407,1.26,1.3,1.23,1652846400000000000,118
BSGA,2332,10.09,10.07,10.09,10.07,1652846400000000000,32
BSGAR,795,0.132,0.135,0.135,0.132,1652846400000000000,5
BSGAU,2316,10.14,10.19,10.19,10.14,1652846400000000000,9
BSGM,430471,1.22,1.19,1.3,1.08,1652846400000000000,1359
BSIG,556205,20.11,19.88,20.39,19.62,1652846400000000000,8780
BSJM,126689,22.32,22.29,22.33,22.27,1652846400000000000,664
BSJN,675484,23.51,23.46,23.51,23.45,1652846400000000000,700
BSJO,580014,22.52,22.5,22.54,22.47,1652846400000000000,2180
BSJP,1244724,22.7,22.67,22.71,22.6305,1652846400000000000,820
BSJQ,133241,23.05,23,23.05,22.96,1652846400000000000,642
BSJR,711,22.14,22.115,22.14,22.111,1652846400000000000,16
BSJS,2811,21.74,21.72,21.765,21.65,1652846400000000000,35
BSJT,49,20.78,20.78,20.78,20.78,1652846400000000000,3
BSKY,1609,9.72,9.73,9.73,9.72,1652846400000000000,8
BSKYW,56972,0.251,0.2505,0.253,0.25,1652846400000000000,32
BSL,44525,13.92,13.98,14.15,13.87,1652846400000000000,349
BSM,374712,15.36,15.11,15.49,14.85,1652846400000000000,2592
BSMM,18830,25.22,25.22,25.28,25.22,1652846400000000000,30
BSMN,23532,25.03,25.025,25.06,25.025,1652846400000000000,75
BSMO,55019,24.67,24.6121,24.67,24.55,1652846400000000000,297
BSMP,32500,24.2,24.2,24.23,24.16,1652846400000000000,97
BSMQ,26492,23.32,23.255,23.349,23.255,1652846400000000000,101
BSMR,11204,23.2316,23.195,23.25,23.195,1652846400000000000,49
BSMS,867,22.86,22.8,22.86,22.8,1652846400000000000,7
BSMT,4542,22.44,22.35,22.47,22.35,1652846400000000000,27
BSMU,3058,21.26,21.16,21.29,21.16,1652846400000000000,31
BSMV,30290,20.38,20.33,20.39,20.28,1652846400000000000,267
BSMX,1224,5.32,5.28,5.32,5.28,1652846400000000000,49
BSQR,25182,1.34,1.31,1.3953,1.31,1652846400000000000,113
BSRR,32555,21.6,21.54,21.72,21.43,1652846400000000000,694
BST,152145,36.3,35.16,36.45,35.06,1652846400000000000,3331
BSTP,8704,24.74,24.1868,24.74,24.1696,1652846400000000000,61
BSTZ,315934,20.92,20.68,21.33,20.65,1652846400000000000,2374
BSV,2761986,77.03,77.1,77.16,77,1652846400000000000,6984
BSVN,28133,24.1,24.5,24.9,23.02,1652846400000000000,512
BSX,10474582,40.85,40.23,41.12,40.12,1652846400000000000,68522
BSXpA,7414,109.8,107.31,109.8,107.31,1652846400000000000,115
BSY,1114117,30.84,30.85,31.57,30.36,1652846400000000000,17615
BTA,87334,10.36,10.1,10.3885,10.07,1652846400000000000,419
BTAI,628699,13.15,13.29,13.9026,13.03,1652846400000000000,10501
BTAL,77016,20.59,20.52,20.59,20.32,1652846400000000000,287
BTB,305630,0.36,0.3406,0.375,0.34,1652846400000000000,626
BTBD,1116,2.0188,2.0579,2.0579,2.0188,1652846400000000000,66
BTBDW,400,0.4199,0.4199,0.4199,0.4199,1652846400000000000,1
BTBT,2542774,1.74,1.67,1.79,1.65,1652846400000000000,7560
BTCM,591019,1.4,1.64,1.65,1.35,1652846400000000000,1730
BTCR,839,7.05,7.07,7.07,7.015,1652846400000000000,25
BTCS,99211,3.01,2.92,3.05,2.8,1652846400000000000,594
BTCY,52800,1.04,1.12,1.18,1.04,1652846400000000000,144
BTEC,1823,30.6361,30.57,30.6497,30.5062,1652846400000000000,29
BTEK,2771,20.62,20.04,20.71,19.9222,1652846400000000000,34
BTF,152766,11.39,11.28,11.41,11.1,1652846400000000000,468
BTG,10014921,4,3.94,4.0586,3.905,1652846400000000000,11663
BTHM,5,20.4039,20.4039,20.4039,20.4039,1652846400000000000,5
BTI,2558322,43.6,42.67,43.68,42.61,1652846400000000000,20570
BTN,17367,3.02,2.95,3.0267,2.92,1652846400000000000,96
BTO,40425,35.47,34.53,35.49,34,1652846400000000000,447
BTOG,333590,0.7414,0.715,0.7784,0.715,1652846400000000000,351
BTRS,1337994,5.06,4.79,5.11,4.655,1652846400000000000,10827
BTT,112393,22.48,22.32,22.48,22.22,1652846400000000000,488
BTTR,118395,2.22,2.11,2.24,2.1,1652846400000000000,431
BTTX,390775,1.68,1.58,1.68,1.54,1652846400000000000,1920
BTU,4514215,23.02,21.65,23.37,21.11,1652846400000000000,38943
BTWN,47710,9.87,9.88,9.89,9.87,1652846400000000000,547
BTWNU,5605,9.97,9.96,9.97,9.942,1652846400000000000,25
BTWNW,10394,0.2301,0.265911,0.3171,0.2301,1652846400000000000,34
BTX,396404,0.83,0.7501,0.83,0.7401,1652846400000000000,2476
BTZ,288968,11.01,11.04,11.06,10.9633,1652846400000000000,703
BUD,1102377,56.91,55.23,57.09,55.21,1652846400000000000,15101
BUFB,16690,23.12,22.83,23.1799,22.7751,1652846400000000000,74
BUFD,296888,20.11,19.805,20.11,19.7613,1652846400000000000,438
BUFF,36285,33.87,33.5,33.87,33.425,1652846400000000000,194
BUFG,35359,18.4,18.05,18.41,17.9901,1652846400000000000,157
BUFR,138911,22.15,21.72,22.15,21.6848,1652846400000000000,487
BUFT,71082,19.11,18.84,19.11,18.8,1652846400000000000,323
BUG,572179,24.89,24.36,25.18,24.22,1652846400000000000,4493
BUI,63968,21.45,21.29,21.91,21.22,1652846400000000000,458
BUL,4043,35.83,34.5518,35.95,34.5518,1652846400000000000,23
BULD,0,18.62,18.62,18.62,18.62,1652846400000000000,0
BULZ,4207546,6.03,5.45,6.235,5.36,1652846400000000000,22275
BUR,264381,7.91,7.68,7.92,7.67,1652846400000000000,2356
BURL,2234836,179.82,177.46,187.43,176.22,1652846400000000000,39669
BUSE,144155,22.28,22,22.475,21.91,1652846400000000000,2289
BUYZ,1564,22.42,21.7299,22.42,21.7299,1652846400000000000,22
BUZZ,46627,14.4,14.06,14.68,14,1652846400000000000,312
BV,176974,12.23,11.82,12.37,11.76,1652846400000000000,2485
BVH,66123,26.37,25.16,26.37,24.68,1652846400000000000,1515
BVN,1252585,7.72,7.65,7.84,7.57,1652846400000000000,8236
BVS,328956,9.04,8.71,9.11,8.5,1652846400000000000,4143
BVXV,15388,1.4,1.35,1.41,1.33,1652846400000000000,104
BW,422383,6.86,6.35,7.07,6.31,1652846400000000000,4256
BWpA,24048,23.78,23.09,23.78,22.49,1652846400000000000,312
BWA,2357023,38.86,38.35,39.29,38.155,1652846400000000000,34331
BWAC,330862,10.3,10.26,10.3,10.26,1652846400000000000,150
BWACU,9386,10.35,10.37,10.4,9.875,1652846400000000000,78
BWACW,1670,0.1153,0.1152,0.1153,0.1152,1652846400000000000,7
BWAY,2562,6.41,6.65,6.66,6.41,1652846400000000000,28
BWB,46336,15.74,15.63,15.74,15.46,1652846400000000000,843
BWBBP,603,22,22,22,22,1652846400000000000,5
BWC,3534,9.66,9.66,9.66,9.66,1652846400000000000,3
BWCAW,2074,0.2913,0.3768,0.4014,0.2913,1652846400000000000,13
BWEN,65859,1.6,1.6,1.66,1.52,1652846400000000000,361
BWFG,19617,34.13,33.72,34.13,33.55,1652846400000000000,1364
BWG,67485,8.73,8.74,8.77,8.6801,1652846400000000000,391
BWMN,16647,16.3,16.67,17.2,16.21,1652846400000000000,706
BWMX,90890,12.83,12.72,13.19,11.55,1652846400000000000,1054
BWNB,8463,22.5,22.5495,22.7658,22.5,1652846400000000000,77
BWSN,19614,23.8,23.83,23.96,23.7,1652846400000000000,141
BWV,2320785,4.95,4.65,5.25,4.51,1652846400000000000,7847
BWX,118088,23.97,23.98,24.022,23.94,1652846400000000000,417
BWXT,381110,50.08,50.01,50.64,49.715,1652846400000000000,6851
BWZ,30329,27.55,27.4608,27.59,27.45,1652846400000000000,84
BX,4136957,105.64,103.54,107.16,103.18,1652846400000000000,50675
BXC,267600,91.22,84.04,93.72,81.39,1652846400000000000,5903
BXMT,1477528,30.71,30.27,30.77,30.125,1652846400000000000,15942
BXMX,185452,13.47,13.1,13.47,13.01,1652846400000000000,1127
BXP,795863,114.34,109.8,114.34,109.445,1652846400000000000,17706
BXRX,1918747,0.84,0.808,0.8531,0.78,1652846400000000000,4758
BXSL,377967,25.07,25.35,25.8599,25.07,1652846400000000000,2559
BY,97466,24.22,23.71,24.27,23.585,1652846400000000000,1907
BYD,1239488,55.65,54.07,55.83,53.31,1652846400000000000,19779
BYFC,302983,1.56,1.47,1.61,1.45,1652846400000000000,852
BYLD,17997,22.36,22.39,22.4284,22.36,1652846400000000000,79
BYM,85582,11.72,11.52,11.72,11.52,1652846400000000000,380
BYND,2755511,26.6,26.42,27.68,25.13,1652846400000000000,32030
BYNO,294070,9.9,9.95,9.95,9.9,1652846400000000000,67
BYRN,314741,7.21,7.39,7.6822,7.05,1652846400000000000,4855
BYSI,227680,1.25,1.23,1.28,1.21,1652846400000000000,2335
BYTE,154,12.5,12.5,12.5,12.5,1652846400000000000,7
BYTS,765,9.78,9.75,9.78,9.75,1652846400000000000,10
BYTSW,4604,0.1,0.1523,0.217,0.1,1652846400000000000,48
BZ,1567904,19,18.84,20,18.65,1652846400000000000,16525
BZFD,225252,3.25,3.81,3.86,3.21,1652846400000000000,3353
BZFDW,28297,0.45,0.4354,0.5836,0.3641,1652846400000000000,119
BZH,350426,15.74,14.81,15.74,14.68,1652846400000000000,5433
BZQ,273938,12.01,12.44,12.54,11.93,1652846400000000000,1082
BZUN,611626,7.99,8.11,8.54,7.9,1652846400000000000,7166
C,32069644,50.73,49.32,51.06,49.01,1652846400000000000,213259
CpJ,92179,25.5524,25.52,25.64,25.465,1652846400000000000,599
CpK,224974,25.27,25.14,25.3,25.03,1652846400000000000,1528
CpN,128473,26.72,26.5,26.74,26.5,1652846400000000000,956
CAAP,51403,6.3,6.3,6.38,6.24,1652846400000000000,658
CAAS,19598,2.8138,2.9699,2.9699,2.8138,1652846400000000000,145
CABA,210281,1.72,1.63,1.82,1.553,1652846400000000000,1039
CABO,55619,1147.73,1158.12,1179.99,1138.315,1652846400000000000,4020
CAC,39896,42.52,41.93,42.52,41.48,1652846400000000000,1028
CACC,133072,601.76,591.27,607.5,586.85,1652846400000000000,5474
CACG,6317,37.81,36.73,37.81,36.73,1652846400000000000,46
CACI,158476,269.74,263.14,271.33,261.73,1652846400000000000,4805
CADE,1225999,25.52,25.46,25.64,25.18,1652846400000000000,12655
CADEpA,11843,23.74,23.44,23.74,23.28,1652846400000000000,52
CADL,22847,4,3.75,4.25,3.65,1652846400000000000,165
CAE,593992,23.36,23.17,23.83,22.69,1652846400000000000,7384
CAF,22843,14.65,14.47,14.7355,14.47,1652846400000000000,136
CAG,5939479,35.05,32.33,35.1,32.17,1652846400000000000,55276
CAH,2368345,57.67,55.68,57.92,55.48,1652846400000000000,32749
CAJ,282268,24.78,24.72,25.03,24.67,1652846400000000000,2934
CAKE,991200,32.96,31.57,33,31.105,1652846400000000000,15711
CAL,820697,25.19,24.05,25.48,23.7,1652846400000000000,13303
CALA,1539284,0.2159,0.193,0.219,0.193,1652846400000000000,1599
CALB,3408,20.3494,20.11,20.3494,20.11,1652846400000000000,96
CALF,602250,38.28,36.87,38.34,36.5722,1652846400000000000,1354
CALM,1433215,48.15,45.77,48.45,44.9,1652846400000000000,17791
CALT,9427,15.41,15.9899,16.16,15.41,1652846400000000000,201
CALX,460390,35.23,34.3,35.8,33.62,1652846400000000000,7848
CAMP,303659,5.67,5.9,5.98,5.67,1652846400000000000,3803
CAMT,102993,27.8,27.58,28.47,27.18,1652846400000000000,1776
CAN,5361419,3.07,3.14,3.395,3.0519,1652846400000000000,21507
CANE,275030,10.01,9.93,10.01,9.8701,1652846400000000000,539
CANF,82544,0.9025,0.9013,0.9296,0.858501,1652846400000000000,258
CANG,267725,3.11,3.2,3.29,3.11,1652846400000000000,1972
CANO,3457227,5.46,5.58,5.735,5.46,1652846400000000000,21720
CANO.WS,40614,1.05,1.05,1.1001,1.03,1652846400000000000,172
CAPD,57743,20.38,19.01,20.45,19.01,1652846400000000000,267
CAPL,34412,20.45,19.7,20.45,19.5,1652846400000000000,368
CAPR,62549,3.14,3.18,3.245,3.1191,1652846400000000000,427
CAR,1016690,208.35,186.24,209,185.13,1652846400000000000,22102
CARA,618621,8.63,8.37,8.835,8.23,1652846400000000000,10065
CARE,52614,14.65,14.4,14.82,14.35,1652846400000000000,1227
CARG,1100702,24.77,23.16,25.47,22.97,1652846400000000000,13550
CARR,6991535,38.75,37.36,39.48,37.2,1652846400000000000,50275
CARS,558602,10.43,10.31,10.72,10.21,1652846400000000000,6973
CARV,206800,9.39,9.48,10.15,9.2402,1652846400000000000,1771
CARZ,8614,49.94,48.67,50.568,48.51,1652846400000000000,96
CAS,1121,10.03,10.03,10.04,10.03,1652846400000000000,29
CAS.WS,26001,0.0406,0.05,0.05,0.0333,1652846400000000000,42
CASA,705028,4.35,4.22,4.4464,4.145,1652846400000000000,5769
CASH,256018,38.87,38.11,39.35,37.57,1652846400000000000,5867
CASI,122872,0.3861,0.3625,0.39,0.3625,1652846400000000000,383
CASS,43435,34.12,33.71,34.1288,33.44,1652846400000000000,1055
CASY,499011,211.76,201.04,213.85,200.1613,1652846400000000000,14122
CAT,4662442,213.84,207.94,217.9,207.52,1652846400000000000,72532
CATC,17059,80,79.1,80.35,78,1652846400000000000,800
CATH,22269,49.44,47.98,49.44,47.75,1652846400000000000,181
CATO,148389,13.75,13.34,14.13,13.2445,1652846400000000000,2575
CATY,280205,39.42,38.65,39.66,38.45,1652846400000000000,6508
CB,2036205,211.02,207.31,211.645,206.64,1652846400000000000,39971
CBAN,39947,16.5,16.26,16.55,16.18,1652846400000000000,1647
CBAT,640654,1.05,1.07,1.09,1.02,1652846400000000000,1962
CBAY,666897,1.88,1.9,1.94,1.88,1652846400000000000,5700
CBD,890436,4.3,4.07,4.3,4.03,1652846400000000000,4791
CBFV,1960,22.15,22.12,22.62,22.12,1652846400000000000,63
CBH,10376,8.74,8.71,8.75,8.69,1652846400000000000,95
CBIO,59968,0.39,0.37,0.4093,0.37,1652846400000000000,218
CBL,153022,27.1,25.79,27.23,25.19,1652846400000000000,2873
CBLS,8166,20.96,20.9122,20.9999,20.9122,1652846400000000000,22
CBNK,18924,22.92,22.09,22.92,21.99,1652846400000000000,411
CBOE,518340,108.2,104.84,108.43,104.84,1652846400000000000,14251
CBON,194185,23.05,23.0467,23.09,23.02,1652846400000000000,121
CBRE,2662378,81.26,79.01,82.33,78.56,1652846400000000000,38192
CBRGW,10254,0.201,0.2499,0.2499,0.201,1652846400000000000,29
CBRL,455671,103.53,98.75,104.32,97.345,1652846400000000000,12708
CBSE,6771,21.46,21.5904,21.5904,21.46,1652846400000000000,15
CBSH,313329,68.04,67.18,68.81,66.88,1652846400000000000,7257
CBT,380988,72,70.58,72.7,70.16,1652846400000000000,8179
CBTX,55973,27.58,27.49,27.73,27.33,1652846400000000000,1400
CBU,290001,63.44,63.66,63.81,63.05,1652846400000000000,5690
CBZ,202400,39.11,38.07,39.27,37.83,1652846400000000000,5078
CC,1491729,42.27,41.35,43.0599,40.98,1652846400000000000,21753
CCAIW,7110,0.2401,0.22,0.248,0.19915,1652846400000000000,42
CCAP,76520,17.68,17.48,17.7,17.32,1652846400000000000,624
CCB,30565,38.61,37.88,39.17,37.44,1652846400000000000,785
CCBG,21132,26.61,26.2,27.2015,25.88,1652846400000000000,492
CCCC,602408,6.63,6.36,6.9,6.2,1652846400000000000,8436
CCCS,693934,8.38,8.31,8.51,8.22,1652846400000000000,7660
CCD,109804,21.66,21.96,22.45,21.61,1652846400000000000,851
CCEL,216,6.35,6.35,6.35,6.35,1652846400000000000,12
CCEP,2236184,53.1,51.79,53.32,51.66,1652846400000000000,18065
CCF,13359,79.62,78.81,79.74,78.36,1652846400000000000,846
CCI,1626364,176.96,175.46,177.52,174.75,1652846400000000000,28885
CCJ,7202895,23.52,22.94,23.94,22.51,1652846400000000000,58055
CCK,744180,105.5,101.09,105.5,100.6399,1652846400000000000,14643
CCL,36536153,14.61,13.84,14.8265,13.7,1652846400000000000,148676
CCLP,64274,1.2959,1.3,1.3,1.25,1652846400000000000,205
CCM,532,1.53,1.53,1.53,1.53,1652846400000000000,11
CCMP,255090,175.58,172.6,176.355,172.14,1652846400000000000,5845
CCNC,17500,0.6599,0.659899,0.66,0.620001,1652846400000000000,76
CCNE,19996,24.91,24.33,24.99,24.22,1652846400000000000,426
CCO,3019372,1.93,1.86,2.02,1.85,1652846400000000000,13700
CCOI,362281,57.08,55.82,58,55.55,1652846400000000000,9866
CCOR,14591,29.87,30.09,30.09,29.6101,1652846400000000000,118
CCRD,55192,22.83,23.34,23.42,22.7,1652846400000000000,1802
CCRN,419146,17.01,16.39,17.01,16.05,1652846400000000000,7096
CCRV,1728,29.39,28.8789,29.39,28.8789,1652846400000000000,59
CCS,374782,53.07,51.33,53.115,50.58,1652846400000000000,9035
CCSI,84137,47.89,47.78,48.98,47.1,1652846400000000000,2263
CCU,191125,13.38,13.1,13.38,13.02,1652846400000000000,2357
CCV,44993,9.8,9.79,9.8,9.77,1652846400000000000,163
CCV.U,43887,9.885,9.93,9.93,9.88,1652846400000000000,65
CCV.WS,1958,0.5,0.48,0.5,0.48,1652846400000000000,8
CCVI,36180,9.8,9.768,9.8,9.7501,1652846400000000000,182
CCVI.U,706,9.8,9.81,9.83,9.8,1652846400000000000,10
CCVI.WS,64900,0.35,0.35,0.35,0.35,1652846400000000000,4
CCXI,1493845,20,20.86,21.44,19.83,1652846400000000000,15707
CCZ,1273,56.8,56.2,58,56.2,1652846400000000000,10
CD,3487605,6.66,6.33,6.92,6.19,1652846400000000000,18266
CDAK,66870,2.79,2.91,2.99,2.71,1652846400000000000,1407
CDAY,1458501,56.4,55.33,57.43,54.89,1652846400000000000,22740
CDC,262501,71.13,69.44,71.13,69.1716,1652846400000000000,1568
CDE,5196487,3.53,3.36,3.56,3.36,1652846400000000000,19978
CDEV,6924671,8,7.49,8,7.335,1652846400000000000,28342
CDK,2411541,54.05,54.1,54.24,54.05,1652846400000000000,13578
CDL,44103,62.55,60.97,62.55,60.71,1652846400000000000,300
CDLX,461516,29.28,28.26,29.73,28.13,1652846400000000000,9332
CDMO,777291,11.96,11.63,12.22,11.43,1652846400000000000,10647
CDNA,798301,24.35,23.27,24.97,23.01,1652846400000000000,11888
CDNS,1368767,140.3,136.3,141.4,135.47,1652846400000000000,28805
CDR,153470,27.26,26.58,27.3762,26.42,1652846400000000000,2307
CDRpB,6974,15.38,15.13,15.38,14.8228,1652846400000000000,31
CDRpC,11740,13,12.99,13.18,12.85,1652846400000000000,94
CDRE,75524,23.94,24,24.25,23.5823,1652846400000000000,2281
CDRO,33204,3.24,3.1798,3.96,3.1,1652846400000000000,174
CDROW,1200,0.35,0.36,0.36,0.35,1652846400000000000,11
CDTX,180342,0.482,0.4621,0.5154,0.46,1652846400000000000,431
CDW,683245,171.25,163.73,172.17,162.811,1652846400000000000,16965
CDX,43918,22.81,22.86,23.24,22.81,1652846400000000000,33
CDXC,240153,1.77,1.73,1.8941,1.72,1652846400000000000,2428
CDXS,555604,10.47,10.17,10.87,9.96,1652846400000000000,7135
CDZI,133335,1.89,1.92,1.96,1.85,1652846400000000000,1658
CDZIP,346,14.23,14.7,14.83,14.23,1652846400000000000,16
CE,1039747,153.33,151.31,156.54,150.751,1652846400000000000,18575
CEA,6518,16.55,16.23,16.57,16.23,1652846400000000000,100
CEAD,557635,1.26,1.2,1.37,1.11,1652846400000000000,1214
CEADW,15141,0.3499,0.3148,0.3599,0.260201,1652846400000000000,64
CECE,177703,5.74,5.89,6,5.66,1652846400000000000,2532
CEE,35262,10.37,10.45,10.5,10.2907,1652846400000000000,165
CEF,570101,17.26,17.28,17.37,17.18,1652846400000000000,1759
CEFA,716,26.21,26.0623,26.21,26.0623,1652846400000000000,13
CEFD,2338,23.18,22.9674,23.18,22.9674,1652846400000000000,44
CEFS,20147,18.22,17.99,18.25,17.9285,1652846400000000000,122
CEG,4608072,59.42,57.28,60.255,56.93,1652846400000000000,33172
CEI,20732027,0.79,0.76,0.808,0.7268,1652846400000000000,25442
CEIX,563391,51.69,49.91,52.76,48.17,1652846400000000000,10863
CELC,65920,5.35,5.51,5.52,5.14,1652846400000000000,1487
CELGr,6080,0.1099,0.11,0.1203,0.1099,1652846400000000000,15
CELH,1092516,57.04,56.45,58.35,54.7401,1652846400000000000,19410
CELU,900868,7.5,7.85,8.84,7.44,1652846400000000000,9839
CELUW,72635,0.6,0.8447,0.91,0.57,1652846400000000000,275
CELZ,117214,1.55,1.57,1.62,1.49,1652846400000000000,615
CEM,43814,34.29,33.12,34.29,32.6593,1652846400000000000,461
CEMB,161364,43.94,44.05,44.13,43.89,1652846400000000000,979
CEMI,163548,0.6,0.6,0.65,0.581,1652846400000000000,518
CEN,28200,17.85,17.42,17.85,17.305,1652846400000000000,600
CENN,4405704,1.8,1.77,1.9,1.74,1652846400000000000,13944
CENQW,1000,0.1269,0.1269,0.1269,0.1269,1652846400000000000,2
CENT,80054,45.32,44.24,45.48,44.07,1652846400000000000,2155
CENTA,275079,42.66,41.62,42.8,41.455,1652846400000000000,5231
CENX,5031411,12.972,11.54,13.17,11.42,1652846400000000000,50327
CEPU,69231,3.6,3.58,3.7,3.48,1652846400000000000,758
CEQP,301015,30.02,28.79,30.02,28.61,1652846400000000000,3941
CEQPp,144204,9.55,9.4999,9.55,9.4,1652846400000000000,491
CERE,482052,25.02,23.62,26.15,22.995,1652846400000000000,8678
CERN,2344080,94.15,93.97,94.2,93.95,1652846400000000000,18949
CERS,4382213,5.01,4.78,5.06,4.76,1652846400000000000,17285
CERT,341862,18.98,18.66,19.105,18.2701,1652846400000000000,7359
CET,22090,37.75,36.77,38.005,36.5801,1652846400000000000,343
CETX,176350,0.3215,0.3117,0.3299,0.3117,1652846400000000000,288
CETXP,4643,1.76,1.81,1.92,1.76,1652846400000000000,32
CEV,38780,10.32,10.22,10.32,10.18,1652846400000000000,216
CEVA,219414,33.54,32.83,34.7111,32.43,1652846400000000000,4060
CEW,201,16.84,16.8123,16.84,16.8123,1652846400000000000,6
CEY,5848,19.88,19.65,19.9201,19.57,1652846400000000000,55
CF,3365029,107.83,101.61,108.5,99.42,1652846400000000000,48356
CFA,12117,68.37,66.58,68.37,66.44,1652846400000000000,169
CFB,86882,13,12.8,13,12.68,1652846400000000000,1970
CFBK,7703,20.8,20.85,20.96,20.8,1652846400000000000,155
CFCV,0,30.5711,30.5711,30.5711,30.5711,1652846400000000000,0
CFFE,8053,10.07,10.08,10.08,10.07,1652846400000000000,15
CFFEW,24083,0.28,0.2383,0.28,0.2196,1652846400000000000,62
CFFI,3107,52,51.15,52,51.15,1652846400000000000,111
CFFN,928207,9.7,9.76,9.81,9.62,1652846400000000000,8111
CFFSW,2000,0.3,0.3498,0.3498,0.3,1652846400000000000,3
CFG,6068308,38.88,38,39,37.59,1652846400000000000,53861
CFGpD,25338,25.44,25.18,25.62,25.18,1652846400000000000,345
CFGpE,92320,19.59,19.78,19.9795,19.5,1652846400000000000,583
CFIV,18923,9.81,9.81,9.81,9.81,1652846400000000000,127
CFIVU,12333,9.85,9.84,9.8554,9.84,1652846400000000000,118
CFIVW,2767,0.1901,0.1681,0.1901,0.1559,1652846400000000000,33
CFLT,5322199,19.01,17.93,19.48,17.22,1652846400000000000,55082
CFMS,517850,0.45,0.445,0.4681,0.42,1652846400000000000,1193
CFO,24082,69.075,68.6953,69.075,68.66,1652846400000000000,153
CFR,348606,124.71,121.02,124.91,120.44,1652846400000000000,9984
CFRpB,8396,20.21,19.93,20.25,19.86,1652846400000000000,113
CFRX,104234,3.31,3.16,3.445,3.15,1652846400000000000,582
CFSB,3613,9.68,9.52,9.68,9.5,1652846400000000000,24
CFVI,275332,10.78,10.85,10.95,10.7,1652846400000000000,1644
CFVIU,510,11.28,11.3375,11.3375,11.28,1652846400000000000,8
CFVIW,29636,2.54,2.46,2.56,2.39,1652846400000000000,133
CG,3446247,37.9,36.25,38.5,36.025,1652846400000000000,26232
CGA,9805,8.18,8.425,8.425,8.1,1652846400000000000,77
CGABL,24544,18.64,18.91,18.92,18.5,1652846400000000000,244
CGAU,35787,7.83,7.93,7.97,7.776,1652846400000000000,466
CGBD,228027,14.55,14.27,14.55,14.1546,1652846400000000000,1823
CGC,3909696,5.8,5.59,5.955,5.56,1652846400000000000,19131
CGCP,149676,23.86,23.8961,23.94,23.8133,1652846400000000000,300
CGDV,254224,24.26,23.63,24.26,23.58,1652846400000000000,548
CGEM,376428,11.6,11.37,12.21,11.288,1652846400000000000,5329
CGEN,1018417,1.97,1.93,2.01,1.86,1652846400000000000,7509
CGGO,527799,21.15,20.66,21.189,20.625,1652846400000000000,1460
CGGR,243683,21.85,21.13,21.85,21.09,1652846400000000000,1073
CGNT,306775,7.23,7.15,7.35,7.03,1652846400000000000,2966
CGNX,1281395,48.33,47.56,48.89,47.39,1652846400000000000,16939
CGO,17842,11.69,11.69,11.98,11.65,1652846400000000000,128
CGRN,38848,2.75,2.74,2.9013,2.63,1652846400000000000,304
CGTX,15428,2.9092,2.9,2.9092,2.68,1652846400000000000,100
CGUS,146225,23.15,22.55,23.15,22.5,1652846400000000000,533
CGW,65821,47.01,46.21,47.22,46.141,1652846400000000000,778
CGXU,182176,22.15,21.71,22.184,21.7,1652846400000000000,629
CHAA.WS,543854,0.17,0.1565,0.17,0.14,1652846400000000000,42
CHAD,15261,20.54,20.79,20.8235,20.54,1652846400000000000,118
CHAU,29088,22.5,21.98,22.59,21.935,1652846400000000000,231
CHB,23,9.285,9.285,9.285,9.285,1652846400000000000,4
CHCI,2773,4.66,4.4014,4.66,4.4,1652846400000000000,39
CHCO,75679,79.24,79.5,80.05,78.8,1652846400000000000,1796
CHCT,107388,36.63,36.33,37.08,36.13,1652846400000000000,1812
CHD,1571350,96.4,90.19,96.455,89.99,1652846400000000000,23949
CHDN,212420,192.88,186.1,197.195,183.91,1652846400000000000,6441
CHE,42301,498.2,484.71,498.2,483.895,1652846400000000000,3267
CHEF,339349,37,35.67,37.185,35.365,1652846400000000000,6428
CHEK,332017,0.36,0.365,0.37,0.3551,1652846400000000000,532
CHGG,2606883,18.84,18.51,19.13,18.1837,1652846400000000000,27381
CHGX,12245,28,27.16,28,27.0763,1652846400000000000,60
CHH,318500,126.25,121.68,126.8,121.53,1652846400000000000,8498
CHI,231099,10.98,11.39,11.61,10.98,1652846400000000000,1021
CHIC,130,14.75,14.662,14.75,14.662,1652846400000000000,6
CHIE,6011,13.77,13.655,13.83,13.655,1652846400000000000,27
CHIH,56,14.3775,14.3775,14.3775,14.3775,1652846400000000000,8
CHII,1501,13.33,13.2218,13.33,13.2218,1652846400000000000,3
CHIK,606,18.235,18.2349,18.235,18.2349,1652846400000000000,19
CHIM,271,19.87,19.86,19.87,19.86,1652846400000000000,7
CHIQ,79166,19.01,18.74,19.3225,18.66,1652846400000000000,652
CHIR,747,9.29,9.06,9.29,9.06,1652846400000000000,19
CHIS,6295,21.63,21.5281,21.73,21.41,1652846400000000000,47
CHIU,327,15.5912,15.5912,15.5912,15.5912,1652846400000000000,8
CHIX,38821,12.49,12.42,12.53,12.4,1652846400000000000,246
CHK,1850039,87.71,86.63,88.4299,85.53,1652846400000000000,25546
CHKEL,10081,60.49,58.42,60.49,56.99,1652846400000000000,59
CHKEW,7334,67.16,66.64,68.15,65.85,1652846400000000000,53
CHKEZ,109374,63.74,62.53,63.74,61.48,1652846400000000000,68
CHKP,853156,123.62,121.54,124.92,121.05,1652846400000000000,14724
CHMG,1959,45.25,45.46,45.825,45.25,1652846400000000000,65
CHMI,220205,6.89,6.89,6.92,6.8,1652846400000000000,1261
CHMIpA,10021,22.25,22.6,22.894,22.25,1652846400000000000,55
CHMIpB,2036,22.62,22.45,22.62,22.44,1652846400000000000,24
CHN,12573,12.9,12.67,13,12.6355,1652846400000000000,85
CHNA,22,17.48,17.48,17.48,17.48,1652846400000000000,6
CHNG,1663701,23.06,23.01,23.12,22.805,1652846400000000000,10355
CHNGU,2151,74.52,75.065,75.065,73.88,1652846400000000000,28
CHNR,10447,0.6702,0.685,0.7,0.6701,1652846400000000000,38
CHPT,7970106,10.68,10.38,11.08,10.22,1652846400000000000,51883
CHRA,52828,2.5,2.44,2.6,2.36,1652846400000000000,340
CHRB,4594,17.8334,17.8999,17.9416,17.75,1652846400000000000,35
CHRS,1380499,7.62,7.45,7.7,7.24,1652846400000000000,14665
CHRW,1711807,109.32,103.17,109.75,102.94,1652846400000000000,32700
CHS,3170891,5.05,4.54,5.05,4.46,1652846400000000000,19009
CHSCL,31868,26.26,26.445,26.71,26.1,1652846400000000000,273
CHSCM,22599,25.13,25.27,25.51,25,1652846400000000000,189
CHSCN,54068,25.48,25.48,25.74,25.1,1652846400000000000,491
CHSCO,24788,26.95,27.1,27.1922,26.7375,1652846400000000000,203
CHSCP,12390,31.27,31.07,31.38,30.8006,1652846400000000000,120
CHT,162116,41.99,41.7,42.13,41.61,1652846400000000000,2366
CHTR,1573492,469.98,469.5,480.83,463.32,1652846400000000000,36263
CHUY,174291,22.23,21.41,22.655,21.11,1652846400000000000,3115
CHW,88090,7.51,7.32,7.51,7.3,1652846400000000000,642
CHWAW,25275,0.3011,0.3,0.305,0.3,1652846400000000000,5
CHWY,4749891,26.86,24.29,27.08,24.092,1652846400000000000,59608
CHX,952310,22.19,21.39,22.46,20.965,1652846400000000000,14675
CHY,178935,11.66,11.56,11.85,11.46,1652846400000000000,1087
CI,2380014,269.57,257.57,270,255.93,1652846400000000000,41659
CIA,179365,3.29,3.25,3.39,3.15,1652846400000000000,2510
CIB,497150,38.15,36.52,38.27,36.29,1652846400000000000,5737
CIBR,1173179,40.75,39.67,41.1186,39.41,1652846400000000000,7974
CID,50,31.63,31.63,31.63,31.63,1652846400000000000,13
CIDM,750112,0.68,0.624,0.69,0.624,1652846400000000000,1312
CIEN,980740,53.07,51.17,53.37,50.77,1652846400000000000,13603
CIF,17641,2.1,2.09,2.1,2.08,1652846400000000000,84
CIFR,266586,1.83,1.82,2.01,1.81,1652846400000000000,2864
CIFRW,390,0.33,0.33,0.33,0.33,1652846400000000000,5
CIG,7421141,2.86,2.87,2.9262,2.85,1652846400000000000,11946
CIG.C,73421,3.6,3.64,3.74,3.6,1652846400000000000,225
CIGI,82555,112.95,109.78,113.05,109.41,1652846400000000000,2229
CIH,57109,0.7727,0.84,0.9192,0.7725,1652846400000000000,244
CII,129980,18.67,18.17,18.67,18.11,1652846400000000000,929
CIIG,17806,9.89,9.9,9.9,9.86,1652846400000000000,30
CIIGU,29709,10,9.98,10,9.98,1652846400000000000,10
CIIGW,14350,0.16,0.181,0.2,0.16,1652846400000000000,14
CIK,328086,2.7,2.68,2.7,2.66,1652846400000000000,836
CIL,2195,39.19,38.81,39.19,38.74,1652846400000000000,29
CIM,3052876,9.61,9.35,9.615,9.25,1652846400000000000,16620
CIMpA,17795,23.57,23.51,23.64,23.3599,1652846400000000000,164
CIMpB,61056,22.93,21.9,22.95,21.89,1652846400000000000,495
CIMpC,45667,21.55,20.75,21.55,20.5,1652846400000000000,681
CIMpD,39665,22.1599,21.29,22.16,21,1652846400000000000,323
CINC,159658,20.99,20.05,21.2,19.4,1652846400000000000,2508
CINF,420825,126.48,124.81,126.5268,124.34,1652846400000000000,12698
CING,9583,1.24,1.23,1.25,1.22,1652846400000000000,109
CINT,337845,13.75,13.72,14.82,13.03,1652846400000000000,1075
CIO,378136,14.12,13.58,14.27,13.56,1652846400000000000,3599
CIOpA,1856,21.85,21.51,22.02,21.51,1652846400000000000,28
CION,136074,11.32,10.97,11.388,10.91,1652846400000000000,1399
CIR,129703,19.7,19.45,20.18,19.3,1652846400000000000,2413
CISO,193657,5.26,5.39,5.55,5.0912,1652846400000000000,2603
CIVB,39816,21.05,20.83,21.15,20.72,1652846400000000000,657
CIVI,808027,65.95,62.06,66.63,60.34,1652846400000000000,14607
CIX,5752,22.02,22.01,22.45,21.1762,1652846400000000000,253
CIXX,126135,11.48,11.47,11.54,11.05,1652846400000000000,1617
CIZ,1502,29.939,30.08,30.08,29.76,1652846400000000000,16
CIZN,8196,17.6893,17.86,17.9668,17.6893,1652846400000000000,90
CJJD,65331,1.92,1.82,1.92,1.76,1652846400000000000,324
CKPT,374386,1.44,1.36,1.4464,1.325,1652846400000000000,1286
CKX,3389,11.7899,11.49,11.7899,11.3,1652846400000000000,52
CL,4564203,78.28,75.71,78.47,75.51,1652846400000000000,49823
CLAA.U,257,9.8,9.8,9.8,9.8,1652846400000000000,2
CLAQW,800,0.4301,0.5048,0.5235,0.4301,1652846400000000000,8
CLAR,673258,22.8,20.7,23.07,20.655,1652846400000000000,7306
CLAS,898,9.78,9.797,9.797,9.78,1652846400000000000,6
CLAS.WS,202410,0.098,0.1005,0.1007,0.098,1652846400000000000,50
CLAY,34822,9.94,9.94,9.94,9.94,1652846400000000000,6
CLAYW,500,0.07,0.0995,0.0995,0.07,1652846400000000000,4
CLB,480123,24.66,24.29,24.89,23.86,1652846400000000000,7330
CLBK,151230,20.27,20.22,20.5,20.12,1652846400000000000,3604
CLBR,2275,9.67,9.7,9.7,9.67,1652846400000000000,25
CLBS,60642,0.4563,0.4571,0.476,0.4561,1652846400000000000,187
CLBT,111364,4.68,4.69,4.765,4.63,1652846400000000000,1344
CLBTW,13282,0.7899,0.729949,0.7998,0.7201,1652846400000000000,64
CLDL,35275,7.63,7.2288,7.85,7.125,1652846400000000000,202
CLDS,12354,41.01,42.8975,43.39,39.71,1652846400000000000,145
CLDT,332558,12.75,12.56,13,12.48,1652846400000000000,4252
CLDTpA,21280,21.6,21,21.6,21,1652846400000000000,70
CLDX,467361,29.99,29.27,30.91,29.05,1652846400000000000,9697
CLEU,1299525,2.8,2.83,2.88,2.5001,1652846400000000000,3559
CLF,14000368,22.29,21.17,22.55,21,1652846400000000000,85672
CLFD,137970,55.6,53.93,56.99,53.09,1652846400000000000,3967
CLGN,20508,9.33,8.82,9.5,8.37,1652846400000000000,278
CLH,333313,90.85,88.75,91.145,88.56,1652846400000000000,5678
CLIM,38686,9.85,9.77,9.85,9.77,1652846400000000000,138
CLIM.U,48029,9.85,9.82,9.85,9.81,1652846400000000000,120
CLIM.WS,21967,0.3219,0.228,0.3701,0.228,1652846400000000000,131
CLIN,157410,9.8,9.83,9.83,9.8,1652846400000000000,26
CLINR,200,0.13,0.13,0.13,0.13,1652846400000000000,1
CLINU,10900,10.03,10.0296,10.03,10.02,1652846400000000000,12
CLIR,28955,1.2686,1.18,1.3,1.1664,1652846400000000000,243
CLIX,14393,35.36,35.0438,36.13,35.0438,1652846400000000000,155
CLLS,172196,3.56,3.27,3.5677,3.25,1652846400000000000,942
CLM,1636892,12.6,12.16,12.6,12.11,1652846400000000000,6684
CLMA,1003,15.6799,15.2302,15.68,15.2302,1652846400000000000,7
CLMT,168821,13.33,13.29,13.59,12.765,1652846400000000000,1692
CLNE,2500894,4.93,4.89,5.09,4.775,1652846400000000000,16874
CLNN,91267,2.19,2.22,2.31,2.11,1652846400000000000,1187
CLNNW,100,0.17,0.17,0.17,0.17,1652846400000000000,1
CLNR,0,19.7627,19.7627,19.7627,19.7627,1652846400000000000,0
CLOER,7200,0.185,0.14,0.185,0.1317,1652846400000000000,10
CLOU,1093832,16.96,16.57,17.26,16.455,1652846400000000000,8655
CLOV,9119872,2.65,2.72,2.88,2.65,1652846400000000000,24573
CLPR,58786,9.43,8.95,9.43,8.91,1652846400000000000,772
CLPS,8988,1.752,1.81,1.83,1.75,1652846400000000000,68
CLPT,105250,9.08,8.71,9.35,8.67,1652846400000000000,2143
CLR,1254460,61.78,58.9,61.78,57.97,1652846400000000000,17954
CLRB,93307,0.372,0.36,0.428,0.353,1652846400000000000,315
CLRCU,1011,9.94,9.94,9.94,9.94,1652846400000000000,5
CLRG,10,30.56,30.56,30.56,30.56,1652846400000000000,6
CLRMW,2600,0.1499,0.12,0.1499,0.12,1652846400000000000,5
CLRO,5725,0.5391,0.5521,0.566,0.5391,1652846400000000000,37
CLS,605822,11.21,11.05,11.42,10.95,1652846400000000000,6270
CLSA,33156,19.24,19.26,19.3246,19.24,1652846400000000000,107
CLSC,83627,21.2,21.24,21.25,21.2,1652846400000000000,179
CLSD,177649,1.54,1.48,1.59,1.45,1652846400000000000,964
CLSE,1170,15.5,15.1737,15.5,15.17,1652846400000000000,13
CLSK,1494255,5.99,5.75,6.2239,5.6804,1652846400000000000,12369
CLSM,13040,21.67,21.67,21.7,21.67,1652846400000000000,57
CLSN,43454,2.6,2.47,2.6001,2.3,1652846400000000000,300
CLST,981,12.4,12.17,12.43,12.17,1652846400000000000,19
CLTL,192234,105.59,105.6,105.6,105.57,1652846400000000000,4551
CLVR,517454,1.23,1.29,1.34,1.23,1652846400000000000,1775
CLVRW,133342,0.2,0.2048,0.2048,0.1601,1652846400000000000,75
CLVS,3843944,0.79,0.7401,0.799,0.7103,1652846400000000000,9084
CLVT,4112337,14.35,14.33,14.86,14.25,1652846400000000000,34120
CLVTpA,87498,59.98,59.07,59.98,58.795,1652846400000000000,129
CLW,140038,34.16,33.55,34.75,33.17,1652846400000000000,3381
CLWT,4943,1.5373,1.46,1.5373,1.46,1652846400000000000,56
CLX,1709091,155.45,145.83,155.61,145.39,1652846400000000000,31897
CLXT,3643703,0.34,0.33,0.385,0.3137,1652846400000000000,3696
CM,890576,54.73,53.56,54.73,53.47,1652846400000000000,11993
CMA,1033914,77.63,75.24,78.3,74.64,1652846400000000000,18456
CMAX,271040,4.68,4.8,5.03,4.68,1652846400000000000,3968
CMBM,85605,13.74,13.22,14.115,13.06,1652846400000000000,2338
CMBS,52041,48.35,48.4,48.5,48.21,1652846400000000000,374
CMC,1066320,38.19,36.89,38.935,36.77,1652846400000000000,18409
CMCA,450,10.02,10.02,10.02,10.02,1652846400000000000,1
CMCAW,2660,0.15,0.179799,0.179799,0.15,1652846400000000000,6
CMCL,25447,12.49,12.85,12.99,12.49,1652846400000000000,355
CMCM,10294,0.731,0.72,0.74,0.72,1652846400000000000,95
CMCO,123692,33.95,33.46,34.85,33.13,1652846400000000000,2698
CMCSA,23540404,42.71,42.13,42.945,41.93,1652846400000000000,140000
CMCT,8339,7.21,7.05,7.21,7,1652846400000000000,276
CMDY,220072,64.7,63.8,64.7938,62.0017,1652846400000000000,405
CME,1811797,194.96,188.48,195.13,187.1,1652846400000000000,36015
CMF,532726,55.45,55.47,55.52,55.35,1652846400000000000,1262
CMG,301494,1299.38,1252.89,1305.62,1240,1652846400000000000,17102
CMI,1432490,207.77,204.16,209.96,203.57,1652846400000000000,27201
CMLS,377424,13.66,12.7,13.88,12.48,1652846400000000000,5064
CMMB,37430,3.19,3.06,3.19,2.95,1652846400000000000,171
CMP,404762,46.34,45.27,47.22,45,1652846400000000000,8560
CMPI,507347,10.45,10.45,10.47,10.44,1652846400000000000,1345
CMPO,99073,6.85,7.02,7.02,6.81,1652846400000000000,1370
CMPOW,37487,1.03,1.12,1.12,1.03,1652846400000000000,250
CMPR,80814,44.56,43.67,45.73,43.22,1652846400000000000,3171
CMPS,356333,8.88,8.26,8.99,8.0101,1652846400000000000,4068
CMPX,63662,2.32,2.47,2.4999,2.32,1652846400000000000,398
CMRE,918720,13.75,13.25,13.82,13.16,1652846400000000000,9646
CMREpB,822,25.22,25.23,25.23,25.21,1652846400000000000,8
CMREpC,12814,25.3816,25.1,25.3987,25.1,1652846400000000000,67
CMREpD,16319,25.44,25.2,25.5,25.2,1652846400000000000,65
CMREpE,10164,25.585,25.49,25.585,25.38,1652846400000000000,33
CMRX,6336250,1.7445,1.81,1.91,1.68,1652846400000000000,24868
CMS,1574447,69.55,68.9,69.67,68.74,1652846400000000000,22434
CMSpB,707,94.75,95.98,95.98,94.0001,1652846400000000000,8
CMSpC,51481,17.6,17.596,17.625,17.3,1652846400000000000,434
CMSA,6344,23.74,23.6531,23.895,23.61,1652846400000000000,109
CMSC,22584,24.58,24.45,24.8,24.3127,1652846400000000000,335
CMSD,150066,24.25,24.46,24.62,23.9725,1652846400000000000,1139
CMT,12945,10.75,10.46,10.75,10.31,1652846400000000000,114
CMTG,333105,19.74,19.75,19.95,19.5,1652846400000000000,3905
CMTL,178956,12.33,13.04,13.34,12.33,1652846400000000000,2307
CMU,131294,3.33,3.32,3.35,3.29,1652846400000000000,326
CN,462,29.67,29.4535,29.67,29.4535,1652846400000000000,11
CNA,104173,45.16,44.42,45.35,44.225,1652846400000000000,2501
CNBS,28799,8.72,8.5,8.76,8.341,1652846400000000000,258
CNC,1975090,83.69,81.77,83.97,81.05,1652846400000000000,26438
CNCE,702207,4.86,4.79,5,4.41,1652846400000000000,2915
CNCR,2488,14.6,14.23,14.6,14.1987,1652846400000000000,34
CND,261248,9.91,9.91,9.91,9.89,1652846400000000000,641
CND.U,364,10.59,10.59,10.59,10.59,1652846400000000000,4
CND.WS,5138,1.4,1.38,1.47,1.32,1652846400000000000,37
CNDA,49998,9.65,9.65,9.65,9.65,1652846400000000000,1
CNDB,66500,9.9,9.89,9.9,9.89,1652846400000000000,31
CNDT,1230316,4.98,4.87,4.995,4.82,1652846400000000000,9986
CNET,818130,0.29,0.3221,0.33,0.282,1652846400000000000,750
CNEY,37929,1.81,1.96,1.98,1.8,1652846400000000000,261
CNF,20202,2.34,2.27,2.39,2.245,1652846400000000000,171
CNFR,990,1.85,1.73,1.85,1.675,1652846400000000000,37
CNFRL,25268,24.6,24.65,24.98,24,1652846400000000000,74
CNGL,1706,9.99,9.99,9.99,9.9898,1652846400000000000,14
CNHI,2750996,14.97,14.65,15.145,14.615,1652846400000000000,15307
CNI,2493470,115.33,112.7,115.97,112.1932,1652846400000000000,29643
CNK,2140436,16.04,15.6,16.61,15.5,1652846400000000000,21084
CNM,251349,21.83,21.22,22.13,21.06,1652846400000000000,5027
CNMD,271738,115.16,112.64,117.19,111.91,1652846400000000000,7204
CNNB,2617,14.5241,14.4,14.6,14.3531,1652846400000000000,9
CNNE,659347,18.67,18.26,19.155,18.1,1652846400000000000,9392
CNO,849367,20.45,20.15,20.62,20.025,1652846400000000000,11019
CNOpA,221261,19.1704,19.01,19.42,18.91,1652846400000000000,33
CNOB,112035,26.66,26.44,26.95,26.35,1652846400000000000,2044
CNOBP,2321,20.25,20.16,20.375,20.16,1652846400000000000,19
CNP,4446608,31.34,30.67,31.43,30.6,1652846400000000000,37142
CNQ,2095046,63.37,61.15,63.5,60.53,1652846400000000000,26027
CNR,1959324,24.34,24.25,24.38,24.22,1652846400000000000,12183
CNRG,19102,76.44,76.94,79.24,76.44,1652846400000000000,277
CNS,74580,72.24,71.36,73.13,70.74,1652846400000000000,2042
CNSL,490739,6.31,6.22,6.43,6.195,1652846400000000000,4530
CNSP,525695,0.265,0.2861,0.3044,0.265,1652846400000000000,653
CNTA,345526,5.4,5.05,5.49,4.945,1652846400000000000,2159
CNTB,421678,0.84,0.853,0.8999,0.8007,1652846400000000000,1745
CNTG,12620,3.15,3.06,3.19,3.01,1652846400000000000,71
CNTQ,16173,10.09,10.07,10.09,10.07,1652846400000000000,78
CNTQU,2085,10.21,10.235,10.24,10.17,1652846400000000000,18
CNTQW,10008,0.26,0.25,0.28,0.2401,1652846400000000000,92
CNTX,135364,1.43,1.44,1.4894,1.39,1652846400000000000,451
CNTY,82033,8.65,8.23,8.69,8.2,1652846400000000000,1334
CNVY,42254,5.41,5.05,5.44,4.95,1652846400000000000,691
CNX,2683966,20.02,19.63,20.04,19.23,1652846400000000000,25629
CNXC,158384,145.41,141.18,145.94,140.3801,1652846400000000000,5460
CNXN,63768,46.98,45.74,47.43,45.33,1652846400000000000,1834
CNXT,6672,32.19,31.8185,32.22,31.8185,1652846400000000000,67
CNYA,67388,33.03,32.5699,33.04,32.54,1652846400000000000,409
CO,88598,2.69,2.68,2.7,2.6,1652846400000000000,782
COCO,180260,10.455,9.67,10.67,9.56,1652846400000000000,3502
COCP,88731,0.391,0.39,0.41,0.3824,1652846400000000000,594
CODA,12212,5.065,4.9,5.08,4.77,1652846400000000000,180
CODI,254325,22.89,22.24,23.22,21.96,1652846400000000000,4165
CODIpA,4294,23.3399,23.54,23.98,23.25,1652846400000000000,42
CODIpB,2893,25.48,25.35,25.48,25.26,1652846400000000000,58
CODIpC,3708,25.06,24.95,25.06,24.78,1652846400000000000,43
CODX,211356,5.01,4.91,5.085,4.89,1652846400000000000,2367
COE,35964,1.16,1.15,1.19,1.12,1652846400000000000,160
COF,2662004,118.12,114.39,118.85,114.03,1652846400000000000,47623
COFpI,264619,19.99,19.47,20,19.31,1652846400000000000,1891
COFpJ,266075,18.99,18.66,19.1,18.4,1652846400000000000,2038
COFpK,23511,18.55,17.9578,18.55,17.9,1652846400000000000,154
COFpL,127495,17.39,16.94,17.39,16.8,1652846400000000000,1124
COFpN,64362,17.1,16.6,17.1,16.54,1652846400000000000,503
COFS,43805,21.55,20.46,21.55,20.46,1652846400000000000,355
COGT,186441,4,4.17,4.325,4,1652846400000000000,2660
COHN,14319,16.43,16.6421,16.8853,16.43,1652846400000000000,235
COHR,487879,269.86,265.73,270.87,265.04,1652846400000000000,9947
COHU,506343,29.32,29,30,28.633,1652846400000000000,6507
COIN,17420249,67.69,63.03,71.81,61.94,1652846400000000000,196033
COKE,42737,514.2,488.86,514.2,485,1652846400000000000,4500
COLB,707965,29.02,29,29.34,28.74,1652846400000000000,10372
COLD,1230820,25.89,25.33,26.02,25.22,1652846400000000000,9057
COLI,10272,9.79,9.76,9.79,9.76,1652846400000000000,28
COLIU,810,9.8,9.8175,9.8175,9.8,1652846400000000000,8
COLIW,1171,0.18,0.1994,0.1994,0.17,1652846400000000000,5
COLL,337573,15.39,15.41,15.59,15.16,1652846400000000000,5615
COLM,743828,78.2,75.06,78.95,74.65,1652846400000000000,14092
COM,67594,34.01,33.75,34.01,33.7,1652846400000000000,288
COMB,113193,33.97,33.29,33.97,33.2601,1652846400000000000,1775
COMM,2452001,7.25,6.95,7.305,6.91,1652846400000000000,18522
COMP,3134082,5.28,5.16,5.56,5.08,1652846400000000000,20524
COMS,617220,0.25,0.2599,0.2702,0.25,1652846400000000000,1006
COMSP,2561,12.38,12.4,12.4,12.38,1652846400000000000,32
COMT,27428332,42.55,41.6,42.65,41.38,1652846400000000000,39331
CONN,555136,14.48,13.17,14.48,12.96,1652846400000000000,8995
CONX,167113,9.86,9.85,9.86,9.85,1652846400000000000,1844
CONXU,10097,9.93,9.92,9.935,9.91,1652846400000000000,107
CONXW,94760,0.372,0.3653,0.4,0.3524,1652846400000000000,468
COO,506038,335.65,333.76,338.795,332.92,1652846400000000000,11144
COOK,1046959,5.78,5.28,5.8,5.175,1652846400000000000,7975
COOL,1800636,9.82,9.825,9.825,9.82,1652846400000000000,13
COOLU,10501,9.85,9.84,9.85,9.84,1652846400000000000,102
COOP,834733,44.23,43.76,44.96,43.375,1652846400000000000,14424
COP,8429291,107.72,104.48,108.1,102.76,1652846400000000000,105726
COPX,376257,37.66,36.62,37.6951,36.47,1652846400000000000,3585
CORN,504107,29.72,29.16,29.72,29.0602,1652846400000000000,3352
CORP,20907,97.1,97.53,97.53,97.0713,1652846400000000000,292
CORR,61837,2.57,2.48,2.62,2.44,1652846400000000000,415
CORRpA,2506,17.94,17.6744,17.94,17.6744,1652846400000000000,37
CORT,837388,19.12,19.47,19.55,19.12,1652846400000000000,12384
CORZ,2471212,3.83,3.74,3.96,3.65,1652846400000000000,14279
CORZW,17510,1.1,1.14,1.22,1.1,1652846400000000000,33
COSM,259778,0.95,1.0002,1.01,0.95,1652846400000000000,1095
COST,9510047,460,429.4,463.8599,424.551,1652846400000000000,263032
COTY,9242218,6.55,6.13,6.55,6.11,1652846400000000000,34481
COUP,2065352,67.61,65.08,69.12,63.76,1652846400000000000,30292
COUR,764946,15.02,14.79,15.33,14.5,1652846400000000000,10121
COVA,200,9.79,9.79,9.79,9.79,1652846400000000000,1
COVAU,400,9.81,9.81,9.81,9.81,1652846400000000000,1
COW,6013,37.49,37.0246,37.49,36.39,1652846400000000000,113
COWN,374497,24.32,23.37,24.45,23.09,1652846400000000000,7103
COWNL,3496,25.41,25.5,25.6194,25.41,1652846400000000000,15
COWZ,2187666,49.18,47.58,49.18,47.29,1652846400000000000,8332
CP,2213646,71.27,69.88,71.86,69.815,1652846400000000000,26956
CPA,532586,69.88,68.09,72.56,68,1652846400000000000,7090
CPAA,21312,9.64,9.65,9.66,9.64,1652846400000000000,8
CPAAW,5632,0.35,0.35,0.35,0.35,1652846400000000000,8
CPAC,5871,5.25,5.15,5.38,5.15,1652846400000000000,86
CPAQW,16500,0.175,0.149901,0.1751,0.1499,1652846400000000000,8
CPAR,2965,9.72,9.72,9.73,9.72,1652846400000000000,23
CPARU,1100,9.7699,9.75,9.7699,9.75,1652846400000000000,2
CPARW,7213,0.2815,0.3488,0.35,0.2589,1652846400000000000,52
CPB,3902916,49.52,46.22,49.93,46.03,1652846400000000000,41381
CPE,1347042,50.29,47.84,50.69,46.85,1652846400000000000,18785
CPER,149368,25.41,25.07,25.5088,25.03,1652846400000000000,549
CPF,220595,24.02,23.82,24.26,23.59,1652846400000000000,3825
CPG,14438512,7.72,7.44,7.78,7.335,1652846400000000000,21775
CPHC,46372,24.2,20.94,24.2,20.035,1652846400000000000,836
CPHI,40651,0.23,0.24,0.243,0.23,1652846400000000000,88
CPI,4591,26.61,26.3122,26.61,26.28,1652846400000000000,95
CPIX,9069,2.26,2.27,2.5795,2.23,1652846400000000000,134
CPK,80090,128.41,128.47,130.52,127.36,1652846400000000000,3216
CPLP,61507,15.8,15.13,15.87,15.04,1652846400000000000,849
CPNG,14130643,12.87,13.06,14.3,12.66,1652846400000000000,95461
CPOP,60943,0.8,0.87,0.8794,0.8,1652846400000000000,208
CPRI,2795191,43.45,42.5,44.1086,41.53,1652846400000000000,30897
CPRT,1480670,111.71,106.55,112.11,106.24,1652846400000000000,27070
CPRX,1073597,7.2114,6.82,7.2114,6.73,1652846400000000000,12216
CPS,301258,5.1,4.74,5.16,4.705,1652846400000000000,3432
CPSH,59411,3.68,3.37,3.75,3.37,1652846400000000000,702
CPSI,124392,32.8,31.98,32.89,31.86,1652846400000000000,2750
CPSS,104796,14.41,13.69,14.51,13.625,1652846400000000000,2621
CPT,900831,142.99,138.24,143.235,137.86,1652846400000000000,17563
CPTAG,1059,24.98,24.97,24.98,24.97,1652846400000000000,16
CPTK,2236,9.84,9.81,9.84,9.81,1652846400000000000,12
CPTN,108487,2.55,2.62,2.63,2.55,1652846400000000000,1656
CPTNW,1293,0.23,0.2349,0.2349,0.23,1652846400000000000,5
CPUH,77107,9.79,9.79,9.79,9.7707,1652846400000000000,526
CPUH.U,77618,9.82,9.83,9.84,9.82,1652846400000000000,256
CPUH.WS,4617,0.28,0.2801,0.29,0.28,1652846400000000000,8
CPZ,55984,17.21,17.08,17.5499,16.8201,1652846400000000000,226
CQP,212267,52.4,51.56,52.41,50.69,1652846400000000000,4285
CQQQ,250907,43.07,42.5,43.649,42.35,1652846400000000000,2856
CR,388548,93.46,94.17,95.42,92.68,1652846400000000000,8699
CRAI,35917,83.6,80.01,83.6,79.51,1652846400000000000,1688
CRAK,130602,32.04,31.23,32.16,31.05,1652846400000000000,723
CRBN,18479,145.76,142.7,145.76,142.404,1652846400000000000,379
CRBP,3247835,0.3068,0.33,0.3459,0.29,1652846400000000000,5157
CRBU,885686,9.4,9.12,9.58,8.95,1652846400000000000,9111
CRC,521071,42.19,40.71,42.55,40.19,1652846400000000000,7964
CRCT,469932,8.5,8.26,9,8.03,1652846400000000000,4988
CRD.A,34109,7.51,7.54,7.69,7.51,1652846400000000000,319
CRD.B,30310,7.29,7.1,7.29,7.1,1652846400000000000,158
CRDF,291055,1.34,1.29,1.385,1.28,1652846400000000000,2193
CRDL,300133,1.27,1.09,1.315,1.05,1652846400000000000,1328
CRDO,244450,9.86,9.82,10.14,9.72,1652846400000000000,4426
CREC,3400,9.91,9.94,9.94,9.91,1652846400000000000,8
CRECW,226256,0.13995,0.14,0.14,0.1,1652846400000000000,43
CREG,24021,4.08,4.31,4.49,3.945,1652846400000000000,127
CRESW,8715,0.47,0.46,0.47,0.46,1652846400000000000,23
CRESY,182659,6.8,6.52,6.8,6.5,1652846400000000000,1877
CREX,135513,0.75,0.6899,0.75,0.653,1652846400000000000,394
CREXW,580,0.0995,0.099899,0.099899,0.0995,1652846400000000000,2
CRF,1159594,11.99,11.52,12.04,11.44,1652846400000000000,5938
CRGE,496948,4.73,4.54,4.89,4.45,1652846400000000000,3975
CRGY,248951,17.52,16.96,17.65,16.8,1652846400000000000,3757
CRH,393203,39.58,39.05,39.81,38.86,1652846400000000000,6790
CRHC,291528,9.9,9.91,9.93,9.9,1652846400000000000,760
CRHC.U,150,10.11,10.11,10.11,10.11,1652846400000000000,1
CRHC.WS,80217,0.74,0.65,0.74,0.6278,1652846400000000000,113
CRI,1169513,81.05,79.13,81.28,75.311,1652846400000000000,18496
CRIS,1681177,0.8555,0.7822,0.87,0.77,1652846400000000000,6235
CRIT,2010,20.64,20.64,20.64,20.62,1652846400000000000,12
CRK,3861185,16.49,15.43,16.49,15.15,1652846400000000000,36342
CRKN,8077,0.91,0.975,1,0.91,1652846400000000000,76
CRL,437546,231.53,225.02,234.39,223.96,1652846400000000000,12529
CRM,7439571,162.82,157.33,164.52,156.19,1652846400000000000,101456
CRMD,360987,3.8,3.6,3.89,3.57,1652846400000000000,3559
CRMT,90509,83.83,80.85,83.83,79.425,1652846400000000000,3678
CRNC,893821,29.65,29.8,30.745,28.97,1652846400000000000,12695
CRNT,263894,1.79,1.7,1.79,1.67,1652846400000000000,1461
CRNX,374984,20.48,19.91,20.95,19.095,1652846400000000000,6881
CRON,1256576,3.52,3.32,3.535,3.315,1652846400000000000,6229
CROX,2236287,56.32,55.24,59.37,54.35,1652846400000000000,39751
CRPT,44138,6.79,6.522,6.9245,6.48,1652846400000000000,182
CRS,549251,35.33,34.93,36.76,34.62,1652846400000000000,10797
CRSP,1278177,53.01,54.76,56.27,52.85,1652846400000000000,24095
CRSR,518558,15.72,15.25,15.925,15.08,1652846400000000000,8912
CRT,80814,16.96,17.1,17.3,16.75,1652846400000000000,471
CRTD,84890,0.7457,0.7119,0.76,0.7119,1652846400000000000,520
CRTDW,100,0.3499,0.3499,0.3499,0.3499,1652846400000000000,1
CRTO,342266,25.79,25.49,26.45,25.39,1652846400000000000,3049
CRTX,376662,3.16,3.27,3.5,3.155,1652846400000000000,4210
CRU,5289,9.79,9.8,9.8,9.79,1652846400000000000,65
CRU.WS,476600,0.1393,0.189499,0.189499,0.1393,1652846400000000000,69
CRUS,397274,80.7,79.86,82.03,79.665,1652846400000000000,9205
CRUZ,52635,19.27,18.58,19.3,18.45,1652846400000000000,382
CRVL,50291,154.11,149.61,154.77,149.33,1652846400000000000,1949
CRVS,162083,1.08,1.06,1.09,1.03,1652846400000000000,613
CRWD,5882634,144.18,138.5,148.42,136.36,1652846400000000000,87318
CRWS,19810,6.11,5.97,6.1452,5.96,1652846400000000000,221
CRXT,5981085,0.4705,0.4242,0.48,0.41,1652846400000000000,9392
CRXTW,196125,0.0906,0.07,0.091,0.07,1652846400000000000,155
CRYP,175,19.23,19.2675,19.2675,19.23,1652846400000000000,16
CRZNW,100,0.185,0.185,0.185,0.185,1652846400000000000,1
CS,11870588,6.72,6.63,6.78,6.61,1652846400000000000,14930
CSA,5,58.2849,58.2849,58.2849,58.2849,1652846400000000000,4
CSAN,225431,15.14,14.53,15.16,14.51,1652846400000000000,3323
CSB,37498,55.59,54.59,55.59,54.2544,1652846400000000000,258
CSBR,3028,7.32,7.31,7.54,7.31,1652846400000000000,33
CSCO,40590675,50.47,48.36,50.47,48.21,1652846400000000000,269699
CSCW,10449073,0.135,0.1371,0.1569,0.135,1652846400000000000,4316
CSD,1434,56.69,55.48,56.87,55.37,1652846400000000000,16
CSF,1560,55.7143,55.3987,55.7143,55.3987,1652846400000000000,49
CSGP,2140678,56.91,55.39,58.04,55.11,1652846400000000000,24789
CSGS,205964,58.52,57.9,58.97,57.51,1652846400000000000,4405
CSH,128,24.9,24.905,24.905,24.9,1652846400000000000,3
CSII,285264,15.39,15.09,15.73,14.95,1652846400000000000,5908
CSIQ,968612,26.16,27.26,28,26.0699,1652846400000000000,14474
CSL,238663,256.83,246.36,258.39,245.85,1652846400000000000,9746
CSLM,117623,9.78,9.75,9.93,9.74,1652846400000000000,151
CSLMR,2713,0.1539,0.221,0.2436,0.1539,1652846400000000000,21
CSM,9610,48.33,47.35,48.33,47.31,1652846400000000000,85
CSML,3556,31.7,31.23,31.7,31.23,1652846400000000000,29
CSPI,9045,7.7829,7.8161,7.8161,7.58,1652846400000000000,98
CSQ,391204,14.18,13.89,14.3,13.76,1652846400000000000,1913
CSR,96174,85.85,85.34,87,84.52,1652846400000000000,2850
CSRpC,5758,25.19,24.9999,25.19,24.925,1652846400000000000,21
CSSE,260138,6.27,7.28,7.33,6.18,1652846400000000000,3302
CSSEN,24648,24.052,24.46,24.5,24.01,1652846400000000000,185
CSSEP,3983,24.7757,24.6,25,24.6,1652846400000000000,57
CSTA.U,150001,9.84,9.84,9.84,9.83,1652846400000000000,19
CSTA.WS,79555,0.12,0.135,0.135,0.12,1652846400000000000,62
CSTE,182419,8.99,8.55,9.06,8.515,1652846400000000000,2406
CSTL,199978,19.48,18.54,20.09,18.37,1652846400000000000,4931
CSTM,958844,16.64,16.02,17.02,15.935,1652846400000000000,9999
CSTR,50836,19.84,19.84,20.21,19.78,1652846400000000000,1186
CSV,90107,40.14,38.68,40.23,38.51,1652846400000000000,2338
CSWC,139142,23.28,22.74,23.39,22.66,1652846400000000000,1891
CSWI,53725,105.86,104.83,107.81,102.97,1652846400000000000,1301
CSX,18909229,33.69,32.32,33.78,32.21,1652846400000000000,97937
CTA,14476,26.81,26.6905,26.9,26.67,1652846400000000000,159
CTApA,672,68,67.9447,68,67.9447,1652846400000000000,14
CTApB,3353,87,89.2735,89.5,87,1652846400000000000,48
CTAQ,2258,9.81,9.83,9.83,9.81,1652846400000000000,21
CTAQW,508,0.1786,0.1786,0.1786,0.1786,1652846400000000000,8
CTAS,582451,376.95,358.26,377.44,356.705,1652846400000000000,17998
CTBB,122903,22.81,23.65,23.72,22.6459,1652846400000000000,790
CTBI,37659,40.805,40.49,40.805,40.07,1652846400000000000,975
CTDD,73925,22.75,23.74,23.85,22.62,1652846400000000000,766
CTEC,28959,13.39,13.34,13.73,13.3,1652846400000000000,165
CTEK,41309,0.68,0.6499,0.68,0.6499,1652846400000000000,193
CTEX,200,28.38,28.0722,28.38,28.0722,1652846400000000000,2
CTG,12390,8.86,8.6,8.86,8.361,1652846400000000000,196
CTGO,534,22.0001,22,22.0001,22,1652846400000000000,10
CTHR,8099,1.45,1.4,1.4649,1.4,1652846400000000000,103
CTIB,37845,0.859949,0.853799,0.8965,0.8201,1652846400000000000,142
CTIC,2721012,4.53,4.43,4.625,4.23,1652846400000000000,16336
CTK,137562,0.92,0.8901,0.9637,0.8601,1652846400000000000,883
CTKB,1406159,9.82,9.65,10.1043,9.38,1652846400000000000,10892
CTLP,236650,4.57,4.55,4.61,4.47,1652846400000000000,2458
CTLT,1343041,99.41,97.82,100.57,97.72,1652846400000000000,16833
CTMX,921437,1.82,1.69,1.825,1.68,1652846400000000000,6482
CTO,20691,65,63.3,65.11,63.21,1652846400000000000,738
CTOpA,317,23.25,23.25,23.25,23.25,1652846400000000000,8
CTOS,248387,6.35,6.1,6.58,6.065,1652846400000000000,3322
CTOS.WS,1140,1.34,1.24,1.34,1.24,1652846400000000000,7
CTR,15977,29.84,28.99,29.84,28.71,1652846400000000000,133
CTRA,8561994,31.33,30.69,31.37,30.175,1652846400000000000,65358
CTRE,694034,17.55,17.4,17.67,17.3,1652846400000000000,8883
CTRM,1513920,2.04,1.97,2.12,1.92,1652846400000000000,7018
CTRN,1069201,28.88,28.55,29.61,27.42,1652846400000000000,14267
CTRU,41995,13.09,12.81,13.09,12.77,1652846400000000000,95
CTS,343948,39,39.1,40.03,38.97,1652846400000000000,3698
CTSH,4761966,74.22,70.23,74.66,70.13,1652846400000000000,48804
CTSO,238064,2.1,2.23,2.2772,2.09,1652846400000000000,2563
CTT,288842,8.24,8.19,8.24,8.12,1652846400000000000,2488
CTV,171170,4.89,4.9,5.47,4.78,1652846400000000000,2882
CTVA,4307881,57.036,57.09,58.3,56.86,1652846400000000000,45280
CTXR,790013,0.94,0.9016,0.9478,0.89,1652846400000000000,3396
CTXRW,7967,0.15,0.16,0.16,0.15,1652846400000000000,23
CTXS,838112,100.55,99.68,100.62,99.55,1652846400000000000,11917
CUBA,58876,5.1,4.86,5.1315,4.83,1652846400000000000,306
CUBB,114533,24.2699,23.74,24.2699,23.52,1652846400000000000,9
CUBE,1780962,42.28,41.07,42.4389,40.67,1652846400000000000,19037
CUBI,571681,39.48,39.12,40.33,38.57,1652846400000000000,8847
CUBIpE,3605,25.19,25.13,25.19,25.06,1652846400000000000,29
CUBIpF,3247,24.45,24.47,24.62,24.35,1652846400000000000,15
CUBS,775,22.0994,22.0793,22.14,22.0793,1652846400000000000,4
CUE,234982,3.62,3.41,3.65,3.36,1652846400000000000,3895
CUEN,34187,0.7,0.69,0.74,0.68,1652846400000000000,127
CUENW,575,0.243515,0.243515,0.243515,0.243515,1652846400000000000,7
CUK,3228866,13.49,12.89,13.75,12.75,1652846400000000000,22478
CULL,2848,10.94,11.05,11.05,10.94,1652846400000000000,70
CULP,58667,5.71,5.58,5.78,5.5,1652846400000000000,286
CURE,82867,110.34,103.71,110.5,102.61,1652846400000000000,1223
CURI,472401,1.78,1.68,1.85,1.66,1652846400000000000,3355
CURO,82658,8.4,8.09,8.57,8.04,1652846400000000000,1369
CURV,317187,5.38,5.19,5.415,5.13,1652846400000000000,4503
CUT,5090,34.7,33.7812,34.7,33.7812,1652846400000000000,101
CUTR,320687,51.66,52.02,53.09,50.77,1652846400000000000,6827
CUZ,723340,34.63,34.29,34.98,34.14,1652846400000000000,11825
CVAC,614038,17.51,18.01,18.24,17.215,1652846400000000000,8266
CVAR,1,25.1043,25.1043,25.1043,25.1043,1652846400000000000,1
CVBF,1368303,24.03,23.91,24.25,23.79,1652846400000000000,15810
CVCO,51937,236.76,225.84,236.76,223.22,1652846400000000000,3279
CVCY,29328,17.53,17.05,17.77,16.93,1652846400000000000,816
CVE,9520340,21.22,20.74,21.25,20.555,1652846400000000000,45051
CVE.WS,2258,16,15.62,16.05,15.62,1652846400000000000,23
CVEO,41006,26.74,25.62,26.86,25.01,1652846400000000000,536
CVET,2237202,17.74,17.27,18.005,16.75,1652846400000000000,24770
CVGI,174277,6.88,6.5,6.94,6.47,1652846400000000000,3140
CVGW,125888,32.5,32.07,32.78,31.685,1652846400000000000,2448
CVI,545149,32.98,31.99,33.1673,31.52,1652846400000000000,11360
CVII,310976,9.73,9.75,9.76,9.73,1652846400000000000,310
CVII.U,129507,9.76,9.805,9.81,9.76,1652846400000000000,149
CVII.WS,22090,0.3699,0.3308,0.419799,0.3308,1652846400000000000,86
CVLG,62087,21.84,19.83,21.84,19.744,1652846400000000000,1572
CVLT,243661,60.64,58.52,61.03,58.19,1652846400000000000,4819
CVLY,3560,22.06,22.11,22.325,22.06,1652846400000000000,88
CVM,461154,3.17,3.06,3.26,2.94,1652846400000000000,4464
CVNA,10480860,40.19,35.05,40.258,34.52,1652846400000000000,110624
CVR,1426,25.79,26.59,28.2499,25.42,1652846400000000000,59
CVRX,61839,5.22,5.05,5.315,4.98,1652846400000000000,1074
CVS,8214778,98.43,94.02,98.43,92.93,1652846400000000000,103589
CVT,263000,6.21,5.79,6.51,5.59,1652846400000000000,4151
CVU,6306,2.38,2.32,2.38,2.32,1652846400000000000,123
CVV,12999,4.36,4.2,4.36,4.08,1652846400000000000,135
CVX,13100029,174.12,168.06,174.13,165.79,1652846400000000000,173499
CVY,9027,22.87,22.4135,22.9,22.305,1652846400000000000,74
CW,291854,142.13,142.12,144.45,141.38,1652846400000000000,7391
CWAN,330596,16.43,15.58,16.55,15.29,1652846400000000000,4661
CWB,919817,67,66.73,67.845,66.53,1652846400000000000,6425
CWBC,1879,13.47,13.67,13.8,13.47,1652846400000000000,55
CWBR,352375,0.2001,0.1914,0.2099,0.1902,1652846400000000000,597
CWCO,277641,11.75,12.02,12.38,11.55,1652846400000000000,1743
CWEB,6476274,5.19,5.1,5.47,5.04,1652846400000000000,18537
CWEN,1182582,32.93,33.16,33.92,32.74,1652846400000000000,13646
CWEN.A,330205,30.53,31.29,31.54,30.53,1652846400000000000,5115
CWH,1802992,30,28.22,30,27.43,1652846400000000000,18528
CWI,313661,25.35,24.96,25.4,24.92,1652846400000000000,1095
CWK,730286,18.58,17.86,18.75,17.7,1652846400000000000,11851
CWS,430,43.56,42.8013,43.56,42.8013,1652846400000000000,88
CWST,160870,69.95,68.46,71.295,68.18,1652846400000000000,4752
CWT,323022,53.62,53.25,55.1,52.97,1652846400000000000,7306
CX,3386131,4.39,4.3,4.465,4.27,1652846400000000000,10442
CXAC,864,9.92,9.92,9.92,9.92,1652846400000000000,14
CXAC.U,1404,9.97,10.02,10.02,9.97,1652846400000000000,10
CXAC.WS,3000,0.2448,0.2448,0.2448,0.2448,1652846400000000000,1
CXDO,98910,3.15,3.07,3.1899,2.97,1652846400000000000,279
CXE,71542,3.88,3.86,3.88,3.82,1652846400000000000,268
CXH,18366,7.55,7.42,7.55,7.42,1652846400000000000,144
CXM,277962,11.12,10.82,11.47,10.715,1652846400000000000,4400
CXSE,62318,36.57,36,36.88,35.9343,1652846400000000000,644
CXW,962041,11.64,11.57,12.22,11.46,1652846400000000000,11352
CYA,163195,21.28,21.28,21.688,21,1652846400000000000,186
CYAD,1463,1.7,1.55,1.7,1.55,1652846400000000000,27
CYAN,2484,2.81,2.83,2.98,2.8,1652846400000000000,41
CYB,5719,25.56,25.274,25.56,25.25,1652846400000000000,75
CYBE,35127,44.02,43.2,45.375,42.62,1652846400000000000,1515
CYBN,1057541,0.5,0.55,0.584,0.49,1652846400000000000,2253
CYBR,316621,128.34,125.44,129.81,123.62,1652846400000000000,7339
CYCC,51803,1.43,1.35,1.47,1.34,1652846400000000000,323
CYCN,82565,0.59,0.5603,0.59,0.554,1652846400000000000,171
CYD,10002,10.5,10.39,10.61,10.2408,1652846400000000000,125
CYH,2875391,6.21,5.91,6.34,5.755,1652846400000000000,20820
CYN,3226984,2.59,2.41,2.88,2.36,1652846400000000000,11811
CYRN,286556,2.0922,2.03,2.2405,2.01,1652846400000000000,975
CYRX,372060,24.7,23.02,25.23,22.49,1652846400000000000,7538
CYT,326299,1.87,1.77,1.91,1.75,1652846400000000000,2036
CYTH,9149,2.14,2.14,2.1799,2.14,1652846400000000000,73
CYTK,1189109,41.02,38.65,42.16,38.45,1652846400000000000,17612
CYTO,256204,0.8,0.81,0.85,0.74,1652846400000000000,621
CYXT,398211,12.54,12.75,12.92,12.54,1652846400000000000,5059
CZA,3785,88.91,87.0887,89.14,87.0887,1652846400000000000,65
CZNC,33291,24.29,24.05,24.54,23.95,1652846400000000000,727
CZOO,1084118,1.38,1.4,1.4,1.32,1652846400000000000,3190
CZOO.WS,7995,0.1601,0.1826,0.1826,0.16,1652846400000000000,14
CZR,4185192,50.7,47.95,50.95,47.08,1652846400000000000,50056
CZWI,780,12.96,12.94,12.96,12.94,1652846400000000000,25
D,3780790,84.25,82.66,84.38,82.4,1652846400000000000,54109
DAC,624671,80.09,74.5,80.09,74.05,1652846400000000000,9768
DADA,2159157,6.57,6.63,7.28,6.47,1652846400000000000,18848
DAIO,18246,3.06,3,3.06,3,1652846400000000000,64
DAKT,298591,3.33,3.28,3.37,3.25,1652846400000000000,2771
DAL,11181907,40.31,39.31,40.83,39.005,1652846400000000000,92768
DALI,22453,27.61,27.13,27.61,27.13,1652846400000000000,72
DALN,4202,6.75,6.54,6.7501,6.54,1652846400000000000,57
DALS,50302,9.65,9.65,9.65,9.61,1652846400000000000,34
DALT,14056,9.38,9.09,9.38,9.09,1652846400000000000,47
DAM,808,19.2809,18.6829,19.475,18.63,1652846400000000000,13
DAN,1100627,15.59,15.38,15.97,15.32,1652846400000000000,11939
DAO,303443,5.33,6.3,6.42,5.33,1652846400000000000,3168
DAOO,200,9.9,9.9,9.9,9.9,1652846400000000000,9
DAPP,87476,7.05,6.77,7.209,6.73,1652846400000000000,504
DAPR,203239,30.2,29.78,30.2,29.7201,1652846400000000000,870
DAR,1273711,78.84,77.82,80.8,76.58,1652846400000000000,19367
DARE,581875,1.11,1.06,1.15,1.06,1652846400000000000,1161
DASH,4188235,67.1,63.63,68.45,63,1652846400000000000,48868
DAT,23,23.2048,23.2048,23.2048,23.2048,1652846400000000000,8
DATS,172928,1.34,1.27,1.34,1.26,1652846400000000000,839
DATSW,295,0.354,0.354,0.354,0.354,1652846400000000000,18
DAUG,14095,32.99,32.6271,32.99,32.6271,1652846400000000000,58
DAVA,129818,94.49,91.5,95.295,91.155,1652846400000000000,3131
DAVE,827828,2.5,2.44,2.53,2.325,1652846400000000000,7080
DAVEW,5601,0.29,0.27,0.31,0.2506,1652846400000000000,53
DAWN,248281,8.36,7.58,8.5,7.4001,1652846400000000000,3150
DAX,40526,26.44,25.89,26.47,25.89,1652846400000000000,232
DB,3784124,10.05,9.83,10.09,9.785,1652846400000000000,13404
DBA,3828622,22.72,22.4,22.73,22.355,1652846400000000000,11577
DBAW,24948,30.87,30.36,30.87,30.35,1652846400000000000,112
DBB,688567,22.38,22.06,22.43,22.02,1652846400000000000,2429
DBC,3436839,28.26,27.57,28.36,27.49,1652846400000000000,11799
DBD,1822492,3.22,3.12,3.325,3.02,1652846400000000000,12402
DBE,163883,26.51,25.63,26.51,25.48,1652846400000000000,668
DBEF,1277470,36.76,36.28,36.79,36.23,1652846400000000000,4710
DBEH,110,26.3718,26.3718,26.3718,26.3718,1652846400000000000,3
DBEM,64875,22.78,22.51,22.9401,22.45,1652846400000000000,385
DBEU,83762,33.67,33.25,33.71,33.23,1652846400000000000,289
DBEZ,1803,35.18,34.89,35.2,34.89,1652846400000000000,9
DBGI,6838609,0.22,0.227,0.2341,0.22,1652846400000000000,4711
DBGIW,169,0.13,0.13,0.13,0.13,1652846400000000000,2
DBGR,439,28,27.7089,28,27.7,1652846400000000000,3
DBI,1889759,14.08,13.8,14.08,13.33,1652846400000000000,22799
DBJA,3000,24.88,24.8579,24.88,24.8579,1652846400000000000,6
DBJP,5772,47.84,47.0235,47.84,46.97,1652846400000000000,54
DBL,72219,15.39,15.51,15.9844,15.38,1652846400000000000,275
DBLV,171,90.035,89.3527,90.035,89.3527,1652846400000000000,10
DBMF,90986,31.79,31.9,32.07,31.73,1652846400000000000,386
DBND,813,48.5899,48.6811,48.69,48.5899,1652846400000000000,7
DBO,1467380,18.68,18.07,18.685,17.92,1652846400000000000,4363
DBOC,0,27.3682,27.3682,27.3682,27.3682,1652846400000000000,0
DBP,3059,47.59,47.5188,47.78,47.5,1652846400000000000,78
DBRG,2704244,6.09,5.92,6.16,5.865,1652846400000000000,16732
DBRGpH,8219,22.65,22.65,22.76,22.65,1652846400000000000,76
DBRGpI,6342,22.81,22.8,23.0051,22.56,1652846400000000000,76
DBRGpJ,7081,22.4,22.5,22.7426,22.3937,1652846400000000000,79
DBS,326,29.6,29.3307,29.6,29.3307,1652846400000000000,11
DBTX,38881,2.51,2.24,2.53,2.17,1652846400000000000,247
DBV,81124,25.92,25.735,26.02,25.65,1652846400000000000,42
DBVT,68243,1.37,1.33,1.37,1.31,1652846400000000000,119
DBX,3317091,20.27,19.81,20.555,19.665,1652846400000000000,36976
DC,46015,3.25,3.21,3.26,3.18,1652846400000000000,159
DCBO,80976,32.38,32.71,33.43,31.87,1652846400000000000,899
DCF,60841,7.7,7.61,8,7.59,1652846400000000000,164
DCFC,114929,7.95,8.33,8.33,7.7515,1652846400000000000,1392
DCFCW,34005,1.84,1.79,1.9622,1.7201,1652846400000000000,70
DCGO,476158,5.79,5.64,6.11,5.61,1652846400000000000,7870
DCGOW,9711,1.2661,1.39,1.4,1.132,1652846400000000000,45
DCI,243377,50.8,50.02,51.34,49.9,1652846400000000000,6868
DCO,36783,45.73,44.27,45.98,43.7,1652846400000000000,929
DCOM,282835,29.8,29.3,29.855,28.84,1652846400000000000,6229
DCOMP,6294,21.24,21.25,21.7499,21.04,1652846400000000000,45
DCP,492502,34.14,32.61,34.6278,32.3,1652846400000000000,7388
DCPpB,8935,23.655,23.88,24.11,23.38,1652846400000000000,72
DCPpC,6089,23.97,23.8,24.1,23.75,1652846400000000000,55
DCPE,28212,22.13,21.5704,22.13,21.55,1652846400000000000,106
DCPH,1259732,11,10.91,11.215,10.71,1652846400000000000,13537
DCRD,29045,9.88,9.87,9.88,9.87,1652846400000000000,10
DCRDW,400,0.3751,0.375058,0.3751,0.375058,1652846400000000000,4
DCT,633348,16.97,17.15,17.31,16.76,1652846400000000000,8586
DCTH,11587,4.4001,4.5,4.58,4.4001,1652846400000000000,110
DCUE,272435,102.75,101.39,102.76,101.31,1652846400000000000,410
DD,2592162,65.59,64.28,66.0699,64.065,1652846400000000000,31273
DDD,2225204,10.55,10.16,10.9,10,1652846400000000000,22598
DDEC,25119,30.54,30.24,30.54,30.21,1652846400000000000,80
DDF,23961,9.33,9.08,9.33,9.07,1652846400000000000,178
DDI,3833,10.48,10.7,11,10.48,1652846400000000000,49
DDIV,15516,32.6999,32.23,32.71,31.8714,1652846400000000000,78
DDL,1327084,4.98,4.79,5.16,4.73,1652846400000000000,9348
DDLS,29940,32.06,31.67,32.06,31.585,1652846400000000000,100
DDM,909331,62.94,59.56,63.021,59.15,1652846400000000000,9529
DDOG,8991779,94.13,88.07,95.05,84.69,1652846400000000000,105554
DDS,637790,308,268.04,308,266.6001,1652846400000000000,19349
DDT,9074,26.28,26.04,26.36,26,1652846400000000000,82
DDWM,21022,30.02,29.64,30.02,29.5905,1652846400000000000,149
DE,1439424,384,368.67,385.09,367.35,1652846400000000000,37117
DEA,824836,19.45,19.45,19.725,19.31,1652846400000000000,9631
DECK,719718,235,227.29,235.36,223.02,1652846400000000000,16701
DECZ,15,26.6907,26.6907,26.6907,26.6907,1652846400000000000,1
DEED,28507,23.16,23.22,23.2599,23.16,1652846400000000000,137
DEEF,4381,27.43,27.2244,27.43,27.2068,1652846400000000000,36
DEEP,2455,31.64,30.7074,31.64,30.7012,1652846400000000000,37
DEF,23530,66.57,64.56,66.57,64.49,1652846400000000000,259
DEHP,7395,24.68,24.2124,24.68,24.2124,1652846400000000000,79
DEI,1411160,28.24,27.65,28.43,27.435,1652846400000000000,18524
DEIF,0,23.8938,23.8938,23.8938,23.8938,1652846400000000000,0
DELL,4532065,45.93,43.31,46.145,43.235,1652846400000000000,41053
DEM,249673,39.59,39.13,39.73,39.07,1652846400000000000,1209
DEMZ,1956,24.49,23.69,24.49,23.69,1652846400000000000,55
DEN,330697,70.28,66.71,70.28,65.7,1652846400000000000,6996
DENN,841465,10.05,9.87,10.13,9.78,1652846400000000000,10118
DEO,268665,189.69,184.68,190.01,184.26,1652846400000000000,6344
DERM,29965,3.8,3.48,3.89,3.39,1652846400000000000,234
DES,128548,30.08,29.58,30.17,29.44,1652846400000000000,632
DESP,199813,9.27,8.88,9.37,8.86,1652846400000000000,3161
DEUS,8278,42.58,41.27,42.58,41.23,1652846400000000000,75
DEW,1489,49.08,48.2866,49.08,48.2866,1652846400000000000,21
DEX,9401,7.89,7.77,7.962,7.76,1652846400000000000,100
DFAC,2817973,25.11,24.37,25.14,24.28,1652846400000000000,3029
DFAE,1249246,23.99,23.64,24.089,23.575,1652846400000000000,3068
DFAI,1377010,26.04,25.67,26.08,25.62,1652846400000000000,3387
DFAR,99081,24.46,23.65,24.46,23.6099,1652846400000000000,434
DFAS,343495,51.52,50.38,51.7,50.0501,1652846400000000000,920
DFAT,500668,44.19,43.13,44.27,42.9052,1652846400000000000,1025
DFAU,869194,28.32,27.54,28.3387,27.43,1652846400000000000,1108
DFAX,1014859,23.02,22.68,23.06,22.63,1652846400000000000,2090
DFCF,1463971,44.1,44.3,44.43,44.09,1652846400000000000,4611
DFE,6790,62,60.9867,62,60.9209,1652846400000000000,76
DFEB,37695,34.2489,33.753,34.2489,33.7207,1652846400000000000,38
DFEM,881662,24.55,24.14,24.6,24.1,1652846400000000000,2323
DFEN,981652,16.19,15.39,16.55,15.19,1652846400000000000,7019
DFEV,174677,24.41,24.07,24.46,24.04,1652846400000000000,703
DFFN,8168,7.7,7.44,8.1199,7.4304,1652846400000000000,183
DFH,245191,17.41,16.81,17.65,16.67,1652846400000000000,5515
DFHY,4933,22.08,22.37,22.37,22.08,1652846400000000000,23
DFIC,1345271,23.12,22.74,23.13,22.73,1652846400000000000,1426
DFIN,301656,28.61,28.19,29.19,27.915,1652846400000000000,5833
DFIP,77986,45.79,45.925,45.995,45.7829,1652846400000000000,351
DFIS,131020,22.67,22.27,22.67,22.24,1652846400000000000,529
DFIV,661325,31.99,31.53,32.0399,31.47,1652846400000000000,2586
DFJ,58060,61.53,60.99,61.55,60.98,1652846400000000000,213
DFND,1395,33.7,33.6477,33.87,33.6477,1652846400000000000,16
DFNL,13417,27.79,27.3,27.79,27.27,1652846400000000000,68
DFNM,116080,47.556,47.55,47.5691,47.47,1652846400000000000,162
DFNV,14875,22.64,22.1875,22.64,22.16,1652846400000000000,26
DFP,62257,22.6,22.48,22.63,22.36,1652846400000000000,410
DFRA,15692,27.12,26.5447,27.12,26.47,1652846400000000000,34
DFS,2596874,105.7,105.1,107.1,104.36,1652846400000000000,34071
DFSD,217532,47.2,47.24,47.3083,47.2,1652846400000000000,472
DFSV,162113,26.79,24.09,26.79,24,1652846400000000000,700
DFUS,451604,43.57,42.34,43.63,42.22,1652846400000000000,1189
DFUV,307902,34.01,33.416,34.64,33.25,1652846400000000000,872
DG,5492351,210.37,202.26,210.76,196.49,1652846400000000000,96132
DGHI,45888,1.48,1.47,1.55,1.3,1652846400000000000,226
DGICA,59730,15.58,15.55,15.59,15.47,1652846400000000000,1413
DGICB,449,15.6,15.6,15.6,15.6,1652846400000000000,6
DGII,221038,21.91,21.81,22.16,21.43,1652846400000000000,4162
DGIN,118,30.0636,30.0636,30.0636,30.0636,1652846400000000000,6
DGL,3151,51.638,51.52,51.7,51.52,1652846400000000000,69
DGLY,309802,1.02,0.98,1.05,0.9495,1652846400000000000,756
DGP,12404,37.91,38.06,38.38,37.81,1652846400000000000,71
DGRE,22399,23.53,23.12,23.54,23.1,1652846400000000000,200
DGRO,2054676,50.5,49.09,50.5,48.95,1652846400000000000,13912
DGRS,7415,42.6,41.7488,42.6,41.56,1652846400000000000,88
DGRW,353614,60.8,59.09,60.87,58.92,1652846400000000000,2453
DGS,296540,48.69,48.13,48.892,48.06,1652846400000000000,2395
DGT,3431,104.18,102.8532,104.19,102.8532,1652846400000000000,52
DGX,1057412,139.51,139.2,140.33,138.22,1652846400000000000,21356
DGZ,107,10.0739,10.0739,10.0739,10.0739,1652846400000000000,3
DH,699094,16.4,15.71,16.6,15.49,1652846400000000000,10169
DHAC,300,10,10,10,10,1652846400000000000,1
DHBC,1100,9.79,9.77,9.79,9.76,1652846400000000000,3
DHBCU,1900,9.81,9.84,9.84,9.81,1652846400000000000,13
DHBCW,1904,0.1701,0.1999,0.1999,0.1701,1652846400000000000,9
DHC,1700253,2.29,2.23,2.34,2.21,1652846400000000000,7808
DHCNI,15723,17.12,16.87,17.12,16.8,1652846400000000000,144
DHCNL,14617,18.35,17.99,18.35,17.9247,1652846400000000000,99
DHF,270792,2.37,2.35,2.37,2.33,1652846400000000000,1007
DHHC,985,9.78,9.78,9.78,9.78,1652846400000000000,3
DHHCU,200,9.81,9.81,9.81,9.81,1652846400000000000,2
DHHCW,5604,0.134,0.1601,0.17,0.134,1652846400000000000,42
DHI,3272905,69.41,65.71,69.77,65.48,1652846400000000000,43061
DHIL,5785,176.57,174.49,176.57,172.55,1652846400000000000,452
DHR,2153750,247,243.6,248.945,242.71,1652846400000000000,38309
DHS,81566,89.16,87.39,89.16,87.0701,1652846400000000000,746
DHT,2647308,5.76,5.72,5.86,5.65,1652846400000000000,13590
DHX,251234,6.73,6.68,6.99,6.61,1652846400000000000,2605
DHY,583459,1.93,1.91,1.935,1.89,1652846400000000000,1867
DIA,3636549,324.21,315.55,324.39,314.43,1652846400000000000,57413
DIAL,306938,18.07,18.1,18.1,18,1652846400000000000,436
DIAX,79149,15.86,15.58,15.9,15.43,1652846400000000000,490
DIBS,328718,5.34,5.06,5.46,4.77,1652846400000000000,3375
DICE,355404,17.26,18,18.12,17.26,1652846400000000000,4241
DIDI,22515621,1.51,1.51,1.53,1.49,1652846400000000000,25672
DIG,67687,164.71,153.7,164.71,149.99,1652846400000000000,1161
DIHP,83216,22.89,22.52,22.89,22.49,1652846400000000000,202
DILA,400,9.8,9.8,9.8,9.8,1652846400000000000,4
DILAU,7720,10,10,10.01,10,1652846400000000000,17
DILAW,700,0.235,0.234,0.235,0.234,1652846400000000000,5
DIM,10046,60.53,59.6507,60.551,59.64,1652846400000000000,43
DIN,358852,70.03,68.06,70.5,67.34,1652846400000000000,8481
DINO,2099571,47.54,46.94,47.55,46.2068,1652846400000000000,22717
DINT,16053,15.92,15.5935,15.93,15.59,1652846400000000000,53
DIOD,343422,75.58,73.44,77.53,72.64,1652846400000000000,7321
DIS,11369497,107.38,104.3,107.66,103.88,1652846400000000000,150330
DISA,780,9.77,9.77,9.77,9.77,1652846400000000000,1
DISAW,2000,0.1201,0.1201,0.1201,0.1201,1652846400000000000,2
DISH,4864759,21.12,20.89,21.53,20.73,1652846400000000000,42279
DISV,268758,23.01,22.65,23.02,22.63,1652846400000000000,1102
DIT,2675,156.52,165.51,167.5618,152.5,1652846400000000000,138
DIV,117866,20.66,20.28,20.66,20.1834,1652846400000000000,1115
DIVA,6521,27.36,26.9879,27.44,26.98,1652846400000000000,51
DIVB,93200,39.16,38.04,39.16,37.93,1652846400000000000,645
DIVO,546238,35.74,34.8,35.8872,34.67,1652846400000000000,3516
DIVS,7187,24.28,23.76,24.28,23.7,1652846400000000000,60
DIVZ,10520,29.88,29.4665,29.88,29.4299,1652846400000000000,72
DJAN,12955,31.0299,30.7,31.0299,30.6811,1652846400000000000,17
DJCB,2263,25.39,24.94,25.39,24.85,1652846400000000000,20
DJCO,3204,247.9999,247.65,248,247.23,1652846400000000000,304
DJD,51522,45.86,44.52,45.86,44.4042,1652846400000000000,515
DJIA,28314,24.25,23.4,24.25,23.4,1652846400000000000,408
DJP,127127,39.57,38.63,39.57,38.57,1652846400000000000,886
DJUL,13195,31.449,31.0893,31.45,31.05,1652846400000000000,40
DJUN,13064,32.38,32.04,32.38,32.015,1652846400000000000,40
DK,991314,29.31,28.66,29.47,28.19,1652846400000000000,13305
DKDCA,596,10.21,10.21,10.21,10.21,1652846400000000000,1
DKL,54783,52.19,51.95,52.19,50.72,1652846400000000000,1471
DKNG,28631977,13.47,13.86,14.65,13.31,1652846400000000000,133822
DKS,7479354,82.7,79.32,83.94,77.3,1652846400000000000,93210
DLA,10538,30.96,30.32,31.1,29.9978,1652846400000000000,298
DLB,544777,75,75,76.3,74.82,1652846400000000000,8862
DLCAU,599,9.85,9.85,9.85,9.85,1652846400000000000,3
DLCAW,12700,0.1185,0.1258,0.1258,0.1185,1652846400000000000,10
DLHC,14289,16.4857,16.22,16.761,16.22,1652846400000000000,319
DLN,275596,63.13,61.46,63.13,61.25,1652846400000000000,1795
DLNG,152558,3.57,3.63,3.63,3.44,1652846400000000000,620
DLNGpA,552,24,23.98,24,23.98,1652846400000000000,13
DLNGpB,4429,23.82,23.37,24.19,23.255,1652846400000000000,34
DLO,10402102,21.49,22.2,25.64,21.07,1652846400000000000,75881
DLPN,22599,3.63,3.57,3.69,3.54,1652846400000000000,237
DLR,1333951,128.15,125.29,128.495,124.79,1652846400000000000,25044
DLRpJ,30513,23.29,23.19,23.35,23.06,1652846400000000000,202
DLRpK,45887,24.99,24.63,24.99,24.57,1652846400000000000,471
DLRpL,28557,22.79,22.8,23.0782,22.75,1652846400000000000,311
DLS,54582,63.39,62.535,63.46,62.46,1652846400000000000,381
DLTH,64830,12.1,11.77,12.1,11.59,1652846400000000000,1654
DLTR,9211934,144.77,133.8,144.77,128.02,1652846400000000000,133902
DLX,262047,25.24,24.77,25.64,24.65,1652846400000000000,4785
DLY,154484,15.25,15.12,15.31,15,1652846400000000000,654
DM,11227900,2.02,2.01,2.17,1.99,1652846400000000000,26592
DMA,6719,8.12,8.25,8.25,8.12,1652846400000000000,60
DMAC,128976,2.5,2.3,2.53,2.25,1652846400000000000,520
DMAQR,1200,0.17,0.16,0.19,0.16,1652846400000000000,4
DMAR,45577,30.69,30.3,30.69,30.2881,1652846400000000000,263
DMAT,261,21.68,21.6002,21.68,21.6002,1652846400000000000,16
DMAY,152661,32.12,31.52,32.12,31.46,1652846400000000000,243
DMB,59509,11.19,11.09,11.19,11.03,1652846400000000000,337
DMCY,200,22.49,22.49,22.49,22.49,1652846400000000000,1
DMDV,26,22.0884,22.0884,22.0884,22.0884,1652846400000000000,7
DMF,51037,6.68,6.6,6.68,6.54,1652846400000000000,265
DMLP,89343,28.65,27.81,28.8162,27.3729,1652846400000000000,799
DMO,62791,12.24,12.02,12.24,11.93,1652846400000000000,191
DMRC,166803,17.7,16.93,17.865,16.71,1652846400000000000,3031
DMS,38351,1.78,1.54,1.86,1.54,1652846400000000000,423
DMS.WS,2800,0.1404,0.11,0.1404,0.11,1652846400000000000,4
DMTK,1110469,7.03,6.66,7.1018,6.5201,1652846400000000000,10017
DMXF,151567,55.75,54.89,55.8172,54.86,1652846400000000000,670
DMYS,570500,9.75,9.75,9.75,9.75,1652846400000000000,18
DMYS.WS,11249,0.39,0.4199,0.4199,0.39,1652846400000000000,10
DNA,29784192,2.59,2.43,2.72,2.43,1652846400000000000,53477
DNA.WS,82132,0.55,0.49,0.55,0.49,1652846400000000000,231
DNAA,175,9.85,9.85,9.85,9.85,1652846400000000000,5
DNAB,48102,9.678,9.67,9.678,9.67,1652846400000000000,42
DNAC,10359,9.84,9.85,9.85,9.84,1652846400000000000,8
DNAD,396358,9.69,9.69,9.7,9.66,1652846400000000000,59
DNAY,78070,4.35,4.32,4.42,4.11,1652846400000000000,1556
DNB,1408138,16.4,16.42,16.67,16.2,1652846400000000000,13491
DNL,91135,34.9,34.35,34.95,34.251,1652846400000000000,557
DNLI,597887,24.08,23.19,24.89,22.95,1652846400000000000,9832
DNMR,3306999,4.42,4.39,5,4.28,1652846400000000000,22685
DNN,7480761,1.17,1.1,1.185,1.07,1652846400000000000,11043
DNOV,168844,32.9,32.61,33.015,32.51,1652846400000000000,650
DNOW,1121386,10.92,10.8,11.12,10.63,1652846400000000000,11268
DNP,431242,11.37,11.25,11.395,11.18,1652846400000000000,1596
DNUT,648935,14.35,14.09,14.5,13.97,1652846400000000000,10214
DNZ,8314,9.78,9.77,9.78,9.77,1652846400000000000,158
DNZ.U,67896,9.82,9.8,9.82,9.8,1652846400000000000,146
DNZ.WS,233,0.14,0.1599,0.1599,0.14,1652846400000000000,3
DO,963387,7.61,7.4,7.6742,7.17,1652846400000000000,8141
DOC,1890413,18.26,17.9,18.38,17.84,1652846400000000000,17171
DOCN,2224014,36.64,36.45,38.2452,34.7,1652846400000000000,28083
DOCS,14974773,29.27,30.31,31.84,28.55,1652846400000000000,111531
DOCT,16355,31.12,30.75,31.12,30.66,1652846400000000000,22
DOCU,2948842,73.88,72.76,76.12,71.91,1652846400000000000,44922
DOG,2143976,34.77,35.68,35.78,34.74,1652846400000000000,11362
DOGZ,246790,4.18,4.23,4.28,4.18,1652846400000000000,1094
DOL,34561,45.42,44.87,45.52,44.81,1652846400000000000,248
DOLE,296006,11.24,11.02,11.2808,10.94,1652846400000000000,3721
DOMA,954897,1.75,1.7,1.835,1.67,1652846400000000000,7569
DOMA.WS,2921,0.212,0.19,0.2199,0.19,1652846400000000000,15
DOMO,283241,32.21,30.51,32.97,29.94,1652846400000000000,6147
DON,164885,42.55,41.43,42.56,41.22,1652846400000000000,909
DOOO,126757,78.16,72.59,78.26,71.72,1652846400000000000,3120
DOOR,133886,84.87,83.8,86.26,83.19,1652846400000000000,3953
DORM,141567,100.75,98.13,101.62,97.55,1652846400000000000,5064
DOUG,526494,5.38,5.12,5.46,5.07,1652846400000000000,4764
DOV,743217,134.08,129.39,134.33,128.98,1652846400000000000,16168
DOW,4314372,69.41,68.91,70.38,68.495,1652846400000000000,49098
DOX,686532,84.67,83.45,85,83.06,1652846400000000000,11323
DOYU,1273563,1.48,1.39,1.57,1.36,1652846400000000000,4305
DOZR,17,24.8189,24.8189,24.8189,24.8189,1652846400000000000,3
DPCSW,941,0.223,0.2,0.223,0.19,1652846400000000000,7
DPG,75258,14.87,14.71,15.05,14.67,1652846400000000000,625
DPRO,68892,1.1,1.07,1.1353,1.03,1652846400000000000,375
DPSI,23183258,6.05,8.15,12.9799,5.9,1652846400000000000,129354
DPST,333926,28.86,27.8,29.35,27.28,1652846400000000000,3468
DPZ,541768,331,328.02,331.61,322.605,1652846400000000000,15948
DQ,1019680,43.36,45.03,45.9,43.1,1652846400000000000,12369
DRAY,368,9.89,9.89,9.89,9.89,1652846400000000000,5
DRAYU,152,9.96,9.96,9.96,9.96,1652846400000000000,1
DRCT,76646,1.93,1.69,1.93,1.69,1652846400000000000,356
DRD,176475,6.5,6.35,6.58,6.26,1652846400000000000,2208
DRE,2926762,54.26,51.74,54.57,51.61,1652846400000000000,27356
DRH,2662273,10.39,10.09,10.6,10.015,1652846400000000000,19318
DRHpA,2016,25.7825,25.61,25.8,25.6,1652846400000000000,32
DRI,2056085,127.4,119.48,127.4,118.77,1652846400000000000,32875
DRIO,439887,7.05,6.45,7.25,6.37,1652846400000000000,4097
DRIP,3623157,19.88,21.45,22.16,19.88,1652846400000000000,17818
DRIV,286143,23.67,23.15,23.99,23.06,1652846400000000000,2293
DRMA,43372,0.83,0.7401,0.84,0.6304,1652846400000000000,168
DRN,139932,17.05,15.83,17.27,15.6692,1652846400000000000,1215
DRQ,237366,31.07,29.93,31.17,29.21,1652846400000000000,5355
DRRX,576994,0.4061,0.4137,0.435,0.4003,1652846400000000000,3270
DRSK,59584,26.76,26.7612,26.7912,26.74,1652846400000000000,131
DRTS,21273,6.14,6.395,6.49,6.14,1652846400000000000,263
DRTSW,236570,0.47,0.4203,0.47,0.4202,1652846400000000000,242
DRTT,40860,0.95,0.9326,0.9848,0.9202,1652846400000000000,97
DRUG,16931,0.98,0.85,1,0.85,1652846400000000000,115
DRV,438113,47.08,50.22,50.6,46.2,1652846400000000000,3650
DRVN,682948,27.07,25.55,27.49,25.43,1652846400000000000,9656
DS,1388840,1.73,1.55,1.73,1.525,1652846400000000000,5534
DSpB,785,22.31,22.44,22.44,22.31,1652846400000000000,8
DSpC,2772,18.6699,18.75,18.75,17.9,1652846400000000000,27
DSpD,482,19.65,19.37,19.65,19.37,1652846400000000000,7
DSAC,1281,9.93,9.9301,9.9301,9.93,1652846400000000000,19
DSACW,3042,0.646,0.86,0.86,0.646,1652846400000000000,25
DSAQ.WS,2800,0.1999,0.1661,0.1999,0.1648,1652846400000000000,9
DSCF,28394,21.8,21.75,21.8001,21.75,1652846400000000000,21
DSEP,6762,30.95,30.71,30.95,30.71,1652846400000000000,20
DSEY,1915314,9.22,9.06,9.44,9.01,1652846400000000000,13851
DSGN,112356,11.89,11.01,12.23,10.95,1652846400000000000,2152
DSGR,10814,40.34,38.38,40.34,38.3,1652846400000000000,503
DSGX,100922,59.93,59.49,60.72,59,1652846400000000000,2046
DSI,2626278,76.59,74.36,76.66,74.1,1652846400000000000,3350
DSJA,765,25.0833,24.4663,25.0833,24.4663,1652846400000000000,5
DSKE,594076,8.02,7.42,8.2,7.3,1652846400000000000,5666
DSL,385912,12.85,12.96,12.98,12.8,1652846400000000000,2669
DSM,100334,6.28,6.2,6.28,6.17,1652846400000000000,528
DSOC,1600,28.82,28.0142,28.83,28.0142,1652846400000000000,7
DSP,97786,5.61,5.64,5.87,5.56,1652846400000000000,1544
DSPC,358,9.33,9.2899,9.34,9.2899,1652846400000000000,17
DSS,136723,0.3789,0.3763,0.39,0.375,1652846400000000000,349
DSTL,81868,42.1,40.81,42.11,40.7,1652846400000000000,737
DSTX,118,22.0469,22.0218,22.0469,22.0218,1652846400000000000,2
DSU,131162,9.46,9.4,9.46,9.35,1652846400000000000,732
DSWL,984,3.2763,3.42,3.42,3.2763,1652846400000000000,28
DSX,966339,5.52,5.42,5.65,5.3312,1652846400000000000,5826
DSXpB,12527,25.72,25.64,25.892,25.5,1652846400000000000,238
DT,6981225,34.31,33.12,35.74,32.84,1652846400000000000,74686
DTB,32013,18.89,18.9,19.1399,18.6041,1652846400000000000,229
DTC,515980,4.13,4.09,4.33,4.01,1652846400000000000,5864
DTD,82175,62,60.44,62,60.1965,1652846400000000000,505
DTE,2063856,130.68,128.31,130.68,128,1652846400000000000,29588
DTEA,9945,2.0088,1.99,2.02,1.98,1652846400000000000,87
DTEC,67118,34.51,34.02,34.89,33.93,1652846400000000000,102
DTF,12870,11.92,11.829,11.92,11.75,1652846400000000000,70
DTG,20151,19.12,18.87,19.12,18.82,1652846400000000000,245
DTH,29317,37.8,37.37,37.8,37.3319,1652846400000000000,196
DTIL,603964,1.82,1.78,1.95,1.76,1652846400000000000,4790
DTLAp,2135,9.55,9.42,9.61,9.42,1652846400000000000,45
DTM,917698,58.02,56.16,58.02,55.56,1652846400000000000,13757
DTOCU,6524,9.78,9.78,9.78,9.78,1652846400000000000,26
DTOCW,125801,0.17,0.2366,0.2366,0.15409,1652846400000000000,10
DTOX,3,14.6021,14.6021,14.6021,14.6021,1652846400000000000,1
DTP,79405,51.66,51.56,51.66,51.39,1652846400000000000,344
DTRT,101205,10.02,10.02,10.03,10.02,1652846400000000000,6
DTRTU,21500,10.06,10.05,10.06,10.05,1652846400000000000,7
DTRTW,300,0.1699,0.1102,0.1715,0.1102,1652846400000000000,3
DTSS,339184,1.86,1.43,1.86,1.365,1652846400000000000,1634
DTST,756706,3.15,3.04,3.15,2.76,1652846400000000000,3532
DTSTW,6120,0.28,0.3,0.3,0.2301,1652846400000000000,18
DTW,30700,22.67,22.625,22.7399,22.44,1652846400000000000,385
DUDE,22484,25.4,24.38,25.4,24.33,1652846400000000000,188
DUG,425135,17.88,19,19.41,17.8,1652846400000000000,2194
DUHP,396966,24.1355,23.42,24.1355,23.35,1652846400000000000,358
DUK,4005350,109.82,108.9,110.56,108.575,1652846400000000000,44681
DUKpA,142011,24.98,24.99,25.076,24.9,1652846400000000000,866
DUKB,74215,24.75,24.83,24.96,24.75,1652846400000000000,375
DUNEW,1500,0.04,0.0399,0.04,0.0399,1652846400000000000,2
DUO,813822,0.24,0.2231,0.243,0.2122,1652846400000000000,1021
DUOL,561983,80.02,79.37,81.6,76.25,1652846400000000000,11638
DUOT,1683,3.47,3.36,3.47,3.36,1652846400000000000,21
DURA,6216,31.97,31.1667,31.97,31.1667,1652846400000000000,40
DUSA,40392,29.32,28.68,29.43,28.63,1652846400000000000,256
DUSL,17069,31.71,28.89,31.71,28.675,1652846400000000000,293
DUST,2685458,17.33,18.01,18.01,17.09,1652846400000000000,10314
DV,634687,21.43,21.22,22.44,20.77,1652846400000000000,7781
DVA,858958,97.9,94.56,97.9,94.39,1652846400000000000,16080
DVAX,4417552,9.4,9.62,9.66,9.27,1652846400000000000,31041
DVLU,3708,24.1699,24.08,24.1699,24.01,1652846400000000000,42
DVN,13776943,73,69.92,73.18,68.8,1652846400000000000,136810
DVOL,8786,25.9753,25.44,25.9753,25.4163,1652846400000000000,57
DVY,1096989,127.92,125.12,127.92,124.7,1652846400000000000,9157
DVYA,4435,36.15,35.6845,36.15,35.68,1652846400000000000,34
DVYE,121055,29.61,29.21,29.76,29.21,1652846400000000000,608
DWAC,982945,45.7,44.67,45.9999,44.1,1652846400000000000,11352
DWACU,896,53,51.5,53,51.5,1652846400000000000,47
DWACW,105912,14.06,13.67,14.1,13.5,1652846400000000000,846
DWAS,10522,77.95,75.43,77.95,74.8255,1652846400000000000,137
DWAT,329,11.73,11.605,11.73,11.605,1652846400000000000,11
DWAW,819,31.59,31.59,31.59,31.35,1652846400000000000,8
DWCR,0,29.7691,29.7691,29.7691,29.7691,1652846400000000000,0
DWEQ,0,21.6836,21.6836,21.6836,21.6836,1652846400000000000,0
DWIN,851,9.98,9.98,9.98,9.98,1652846400000000000,5
DWLD,44898,24.72,24.14,24.72,24.09,1652846400000000000,125
DWM,28848,49.42,48.67,49.44,48.64,1652846400000000000,237
DWMC,311,33.1907,33.265,33.265,33.1907,1652846400000000000,10
DWMF,2255,24.66,24.326,24.66,24.326,1652846400000000000,42
DWPP,0,28.7381,28.7381,28.7381,28.7381,1652846400000000000,0
DWSH,70326,9.69,9.8932,9.92,9.6545,1652846400000000000,181
DWSN,29988,1.63,1.61,1.64,1.6,1652846400000000000,84
DWUS,3,33.22,33.22,33.22,33.22,1652846400000000000,3
DWX,34461,36.75,36.53,36.8448,36.49,1652846400000000000,226
DX,669778,16.3,16.11,16.31,16.08,1652846400000000000,7098
DXpC,6424,24,23.98,24.05,23.9,1652846400000000000,80
DXC,2304947,30.2,29.14,30.41,28.62,1652846400000000000,27192
DXCM,1012209,327.06,308.49,329.1,306.89,1652846400000000000,25489
DXD,1392820,48.41,50.86,51.24,48.38,1652846400000000000,11588
DXF,17132,0.5674,0.5657,0.58,0.54,1652846400000000000,69
DXGE,2902,33.95,33.89,33.95,33.65,1652846400000000000,8
DXJ,412709,63.15,62.38,63.21,62.21,1652846400000000000,3210
DXJS,9181,41.47,41.2,41.56,41.18,1652846400000000000,107
DXLG,1352369,4.67,4.05,4.67,4.01,1652846400000000000,12469
DXPE,142534,29.81,29.8,30.67,29.27,1652846400000000000,2312
DXYN,85342,1.82,1.82,1.9199,1.8101,1652846400000000000,216
DY,220135,80.68,79.94,83.59,79.485,1652846400000000000,5749
DYAI,46688,2.275,2.13,2.3,2.12,1652846400000000000,330
DYFN,4918,17.05,16.976,17.05,16.8501,1652846400000000000,22
DYLD,10379,22.73,22.7347,22.75,22.715,1652846400000000000,58
DYN,127991,5.98,5.59,6,5.4701,1652846400000000000,2213
DYNF,8926,30.55,30.2661,30.55,30.24,1652846400000000000,40
DYNS,65483,9.94,9.92,9.94,9.91,1652846400000000000,392
DYNT,12064,0.65,0.6597,0.6699,0.64,1652846400000000000,70
DZSI,129393,15.12,14.68,15.19,14.58,1652846400000000000,1787
DZZ,13515,2.694,2.675,2.695,2.6685,1652846400000000000,25
E,529239,29.59,28.74,29.625,28.62,1652846400000000000,5949
EA,4120718,126.9,128.97,130.11,126.56,1652846400000000000,61363
EACPU,2702,9.82,9.82,9.82,9.82,1652846400000000000,3
EACPW,2963,0.08,0.1345,0.1499,0.08,1652846400000000000,32
EAD,139082,6.95,6.9,6.95,6.88,1652846400000000000,573
EAF,1724393,8.23,8.05,8.445,8.02,1652846400000000000,13442
EAFD,2342,21.1099,20.8565,21.1099,20.8565,1652846400000000000,16
EAGG,373665,49.2,49.46,49.46,49.2,1652846400000000000,561
EAI,30204,23.15,22.8,23.15,22.62,1652846400000000000,332
EAOA,77,28.7014,28.7014,28.7014,28.7014,1652846400000000000,5
EAOK,323,24.45,24.4537,24.4537,24.45,1652846400000000000,6
EAOM,1301,25.33,25.34,25.34,25.32,1652846400000000000,17
EAOR,103,27.01,27.01,27.01,27.01,1652846400000000000,3
EAPR,150825,23.34,23.1307,23.34,23.1159,1652846400000000000,52
EAR,450450,1.49,1.35,1.53,1.35,1652846400000000000,3762
EARN,97315,8.01,7.98,8.08,7.91,1652846400000000000,1051
EASG,2898,26.3,26.0019,26.3,26.0019,1652846400000000000,22
EAST,31270,0.7065,0.7,0.7648,0.6902,1652846400000000000,217
EAT,1226447,32.06,29.89,32.07,29.555,1652846400000000000,16534
EATV,452,17.06,16.9851,17.06,16.9851,1652846400000000000,11
EATZ,62,17.7515,17.7515,17.7515,17.7515,1652846400000000000,9
EB,653401,11.79,11.5,12.03,11.3,1652846400000000000,7921
EBAY,5805962,46.1,44.94,46.78,44.65,1652846400000000000,64391
EBC,640074,18.91,18.56,19.02,18.46,1652846400000000000,8779
EBET,95721,2.92,2.9,3.06,2.82,1652846400000000000,1163
EBF,66728,17.71,17.6,17.88,17.5,1652846400000000000,1266
EBIX,388188,31.73,30.87,33.42,30.34,1652846400000000000,7844
EBIZ,11902,17.41,16.79,17.41,16.71,1652846400000000000,148
EBLU,4042,37.97,37.0978,37.97,37.08,1652846400000000000,80
EBMT,13608,19.36,19.58,19.61,19.0609,1652846400000000000,141
EBND,241428,20.87,20.85,20.9225,20.81,1652846400000000000,774
EBON,505960,0.7346,0.7316,0.8016,0.731,1652846400000000000,1920
EBR,2194131,8.63,8.5,8.74,8.24,1652846400000000000,13446
EBR.B,19735,8.44,8.42,8.57,8.14,1652846400000000000,331
EBS,567510,29.29,28.34,29.55,28.105,1652846400000000000,9221
EBTC,8279,34.3375,32.64,34.3375,32.64,1652846400000000000,224
EC,2084167,15.4,14.17,15.45,14.1,1652846400000000000,16349
ECAT,376410,14.7,14.4,14.7,14.23,1652846400000000000,2340
ECC,251520,12.4,12.09,12.4791,12.05,1652846400000000000,1391
ECCpD,2191,22.3,22.34,22.34,22.3,1652846400000000000,20
ECCC,1722,24.25,24.19,24.25,24.07,1652846400000000000,21
ECCV,9542,22.8,23.05,23.3284,22.72,1652846400000000000,45
ECCW,2835,24.7,24.9899,24.9899,24.7,1652846400000000000,44
ECCX,3752,25.0097,25.17,25.2,25.0097,1652846400000000000,76
ECF,93081,8.9,8.78,8.98,8.7101,1652846400000000000,431
ECH,597848,27.51,27.12,27.73,26.77,1652846400000000000,2354
ECL,1165098,160.38,156.21,160.94,155.43,1652846400000000000,24979
ECLN,3464,25.36,25.14,25.36,25.06,1652846400000000000,9
ECNS,10219,36.1,35.96,36.48,35.95,1652846400000000000,107
ECOM,204689,12.8,12.65,13.06,12.47,1652846400000000000,2717
ECON,26403,20.31,19.99,20.4075,19.96,1652846400000000000,140
ECOR,184509,0.41,0.3983,0.41,0.377,1652846400000000000,772
ECOW,12368,21.2401,21.0503,21.28,21.0503,1652846400000000000,22
ECOZ,104,32.36,31.5651,32.36,31.5651,1652846400000000000,5
ECPG,291522,58.17,56.89,58.32,56.7,1652846400000000000,5647
ECVT,599978,9.96,9.98,10.37,9.87,1652846400000000000,9235
ED,1785199,95.85,95.22,96.4,95.02,1652846400000000000,28840
EDAP,102357,7,7.25,7.25,6.97,1652846400000000000,895
EDBL,432750,1.97,1.76,1.9994,1.62,1652846400000000000,1138
EDBLW,1025,0.44,0.4383,0.44,0.4202,1652846400000000000,10
EDC,54242,40.13,38.05,40.55,37.81,1652846400000000000,888
EDD,316992,4.55,4.53,4.55,4.49,1652846400000000000,824
EDEN,9889,89.87,88.71,90.03,88.38,1652846400000000000,131
EDF,44066,5.3,5.1,5.3,5.045,1652846400000000000,298
EDI,24472,5.66,5.61,5.703,5.6,1652846400000000000,142
EDIT,1442133,11.25,10.72,11.48,10.52,1652846400000000000,15266
EDIV,89942,27.26,26.935,27.26,26.8884,1652846400000000000,489
EDN,5734,5.56,5.66,5.75,5.55,1652846400000000000,54
EDOC,52358,11.62,11.43,11.705,11.34,1652846400000000000,234
EDOG,5929,21.76,21.48,21.76,21.46,1652846400000000000,29
EDOW,28262,29.24,28.3486,29.24,28.33,1652846400000000000,143
EDR,2187431,19.65,19.53,20.29,19.21,1652846400000000000,18611
EDRY,58286,34.82,33.21,35.9499,32.6001,1652846400000000000,777
EDSA,39781,1.96,1.91,1.96,1.87,1652846400000000000,142
EDTK,116401,1.25,1.33,1.35,1.24,1652846400000000000,317
EDTX,198767,10.12,10.13,10.13,10.12,1652846400000000000,14
EDTXW,200,0.24,0.24,0.24,0.24,1652846400000000000,1
EDU,2267482,11.13,11.27,11.6,11.1,1652846400000000000,18645
EDUC,8084,5.04,4.95,5.04,4.922,1652846400000000000,101
EDUT,91,6.11,6.11,6.11,6.11,1652846400000000000,11
EDV,157613,99.82,102.39,102.65,99.82,1652846400000000000,1564
EDZ,903305,13.68,14.31,14.4,13.51,1652846400000000000,3233
EE,576938,25.45,24.58,25.75,23.26,1652846400000000000,5951
EEA,6533,7.58,7.46,7.58,7.45,1652846400000000000,42
EEFT,240476,114.34,113.28,117.09,112.18,1652846400000000000,7385
EEIQ,10378,2.07,2.008,2.07,1.87,1652846400000000000,49
EELV,5143989,24.53,24.31,24.6,24.3,1652846400000000000,4972
EEM,51372410,41.03,40.33,41.2,40.27,1652846400000000000,73059
EEMA,66619,67.79,66.78,68.17,66.73,1652846400000000000,685
EEMD,11,19.7838,19.7838,19.7838,19.7838,1652846400000000000,8
EEMO,4667,15.3,15.1236,15.3,15.11,1652846400000000000,5
EEMS,77569,51.81,50.92,51.89,50.91,1652846400000000000,256
EEMV,34778970,57.07,56.5,57.25,56.42,1652846400000000000,24838
EEMX,9157,62.88,61.6602,62.88,61.5786,1652846400000000000,85
EERN,61,20.4982,20.4982,20.4982,20.4982,1652846400000000000,5
EES,488853,44.32,43.46,44.4907,43.25,1652846400000000000,285
EET,2985,57.16,56.3038,57.16,56.24,1652846400000000000,32
EEV,40775,22.46,23.15,23.26,22.3,1652846400000000000,180
EEX,158769,3.09,3.11,3.21,3.015,1652846400000000000,1975
EFA,22829473,67.71,66.67,67.81,66.57,1652846400000000000,66764
EFAD,2671,36.2376,36.0023,36.2376,36.0023,1652846400000000000,30
EFAS,1657,14.8273,14.67,14.8273,14.66,1652846400000000000,32
EFAV,886347,66.55,65.93,66.72,65.89,1652846400000000000,4992
EFAX,3466,70.3608,69.306,70.42,69.2512,1652846400000000000,113
EFC,664362,15.44,15.04,15.44,14.965,1652846400000000000,6647
EFCpA,6117,23.125,22.8976,23.125,22.85,1652846400000000000,41
EFCpB,10322,21.9513,21.8,21.9799,21.75,1652846400000000000,94
EFG,1393857,85.46,83.89,85.5,83.8,1652846400000000000,7132
EFIV,28739,38.41,37.4365,38.45,37.41,1652846400000000000,181
EFIX,733,15.91,16.05,16.05,15.91,1652846400000000000,5
EFL,26729,8.71,8.685,8.73,8.65,1652846400000000000,71
EFNL,6780,38.98,38.1,38.998,38.04,1652846400000000000,117
EFO,5220,37.4193,36.5524,37.4193,36.52,1652846400000000000,63
EFOI,25821,0.8999,0.84,0.947,0.84,1652846400000000000,170
EFR,151050,11.83,11.89,11.9399,11.7934,1652846400000000000,601
EFSC,135791,43.44,43.43,43.77,42.61,1652846400000000000,2918
EFSCP,227,20.99,20.99,20.99,20.99,1652846400000000000,4
EFT,109954,11.94,11.91,11.9705,11.88,1652846400000000000,719
EFTR,32061,1.71,1.7,1.97,1.6989,1652846400000000000,290
EFU,3460,12.689,13.0616,13.0616,12.66,1652846400000000000,30
EFV,7879670,47.9,47.2,47.93,47.14,1652846400000000000,18947
EFX,1138152,195.02,188.08,195.38,187.125,1652846400000000000,17704
EFZ,105706,20.23,20.535,20.56,20.21,1652846400000000000,313
EGAN,48568,9.4,9.32,9.45,9.265,1652846400000000000,929
EGBN,202949,49.7,49.44,50.09,49.16,1652846400000000000,3853
EGF,2325,10.44,10.5,10.5,10.44,1652846400000000000,14
EGGF.WS,315,0.1501,0.1501,0.1501,0.1501,1652846400000000000,3
EGHT,1528786,7.82,7.63,8.09,7.53,1652846400000000000,13794
EGIS,13945,31.93,30.97,31.93,30.91,1652846400000000000,151
EGLE,377655,64.99,65.12,68.71,63.72,1652846400000000000,7938
EGLX,1175992,2.41,2.34,2.48,2.2,1652846400000000000,6490
EGO,1763878,8.12,7.94,8.185,7.885,1652846400000000000,10135
EGP,320827,165.62,156.04,166.7,155.55,1652846400000000000,10838
EGPT,21391,20.92,20.295,20.96,20.115,1652846400000000000,97
EGRX,172098,46.2,45.68,46.39,45.06,1652846400000000000,3300
EGY,1304537,6.73,6.22,6.73,6.065,1652846400000000000,10092
EH,324403,7.93,8.09,8.17,7.81,1652846400000000000,2957
EHC,440226,65.93,63.79,66.45,63.62,1652846400000000000,9721
EHI,35521,7.4,7.43,7.44,7.38,1652846400000000000,204
EHTH,510961,11.05,10.49,11.37,10.32,1652846400000000000,6710
EIC,8489,15.77,15.28,15.77,15.1,1652846400000000000,95
EIDO,1081612,23.63,23.26,23.63,23.21,1652846400000000000,5076
EIG,187654,41.38,41.42,41.99,41,1652846400000000000,2529
EIGR,397167,6.83,6.55,7.045,6.49,1652846400000000000,4479
EIM,257073,10.6,10.61,10.62,10.5,1652846400000000000,825
EINC,5243,64.92,63.9598,65,63.588,1652846400000000000,91
EIRL,11547,43.48,44.2231,45.2244,43.48,1652846400000000000,71
EIS,21901,65.13,63.57,65.13,63.2781,1652846400000000000,339
EIX,1454321,66.76,65.83,67.04,65.68,1652846400000000000,22555
EJAN,1457,27.27,26.9594,27.27,26.9594,1652846400000000000,24
EJFA,20655,9.8885,9.87,9.89,9.86,1652846400000000000,61
EJFAW,6270,0.41,0.400101,0.4239,0.400101,1652846400000000000,12
EJH,381538,0.401,0.4002,0.41,0.3931,1652846400000000000,508
EJUL,143583,23.52,23.1973,23.52,23.18,1652846400000000000,9
EKAR,265,32.9462,32.9462,32.9462,32.9462,1652846400000000000,13
EKG,22,14.9177,14.9177,14.9177,14.9177,1652846400000000000,2
EKSO,45089,1.83,1.76,1.83,1.76,1652846400000000000,222
EL,2035626,238,229.13,238.42,228.43,1652846400000000000,33626
ELA,19612,5.15,4.91,5.16,4.893,1652846400000000000,197
ELAN,4570209,23.85,23.35,24.03,23.27,1652846400000000000,32040
ELAT,3507,37.73,37.35,37.77,37.13,1652846400000000000,45
ELBM,69966,3.85,3.75,3.91,3.61,1652846400000000000,466
ELC,38100,22.89,22.6,22.89,22.41,1652846400000000000,331
ELD,68144,26.05,25.9,26.05,25.75,1652846400000000000,147
ELDN,46072,2.9811,3.04,3.128,2.79,1652846400000000000,187
ELEV,29558,3.292,3.34,3.445,3.09,1652846400000000000,259
ELF,712435,23.2,21.62,23.2,21.46,1652846400000000000,11746
ELMD,3647,12.11,12,12.29,12,1652846400000000000,47
ELMS,444549,0.8711,0.7747,0.9395,0.762,1652846400000000000,2290
ELMSW,11201,0.1099,0.102099,0.1099,0.096807,1652846400000000000,13
ELOX,151300,0.2983,0.2935,0.3152,0.2829,1652846400000000000,315
ELP,732183,7.14,7.04,7.24,7.03,1652846400000000000,5853
ELQD,11,83.4655,83.4655,83.4655,83.4655,1652846400000000000,2
ELS,756543,72.26,70.08,72.74,69.95,1652846400000000000,12876
ELSE,10701,4.9026,4.77,4.99,4.77,1652846400000000000,79
ELTK,117665,4.2,4.12,4.34,4.05,1652846400000000000,693
ELVT,194065,2.42,2.33,2.46,2.33,1652846400000000000,954
ELY,1839940,21.54,20.46,21.69,20.015,1652846400000000000,23020
ELYM,66550,3.87,3.63,4.04,3.41,1652846400000000000,1262
ELYS,98214,1.26,1.18,1.2899,1.15,1652846400000000000,503
EM,19359,1.26,1.09,1.26,1.05,1652846400000000000,153
EMAN,274579,0.8112,0.73,0.8112,0.72,1652846400000000000,1030
EMB,4977118,88.96,88.57,89.07,88.52,1652846400000000000,27216
EMBC,1197430,25.87,26.67,27.33,25.53,1652846400000000000,15632
EMBD,10914,22.13,22.17,22.27,22.13,1652846400000000000,101
EMBH,195,21.42,21.2649,21.42,21.2649,1652846400000000000,7
EMBK,7180318,1.56,1.68,1.81,1.48,1652846400000000000,24944
EMBKW,34062,0.31,0.3788,0.38,0.29,1652846400000000000,310
EMCB,1384,62.37,62.29,62.37,62.11,1652846400000000000,17
EMCF,1955,34.74,34.22,35.3099,34.22,1652846400000000000,29
EMCR,1690,27.46,27.1982,27.46,27.1982,1652846400000000000,8
EMD,452269,9.7,9.7,9.755,9.55,1652846400000000000,2295
EMDV,11,48.0412,48.0412,48.0412,48.0412,1652846400000000000,5
EME,271644,103.4,102.24,105.62,101.98,1652846400000000000,7837
EMF,14988,12.1,11.99,12.18,11.95,1652846400000000000,159
EMFM,80,19.6097,19.6097,19.6097,19.6097,1652846400000000000,5
EMFQ,2361,21.3523,21.3486,21.3631,21.3486,1652846400000000000,10
EMGD,3246,20.7401,20.6036,20.81,20.6036,1652846400000000000,16
EMGF,81973,45.25,44.64,45.25,44.59,1652846400000000000,1375
EMHC,1436,24.08,24.02,24.08,24.02,1652846400000000000,1
EMHY,27495,36.65,36.39,36.65,36.3775,1652846400000000000,239
EMIF,6510,22.34,21.96,22.44,21.78,1652846400000000000,39
EMKR,236182,3.16,3.11,3.21,3.1,1652846400000000000,2536
EML,2420,20.1968,20.21,20.735,20.1968,1652846400000000000,49
EMLC,1753009,24.85,24.8,24.95,24.78,1652846400000000000,13300
EMLD,5204,9.74,9.76,9.76,9.74,1652846400000000000,7
EMLDW,6434,0.2098,0.28,0.28,0.1951,1652846400000000000,66
EMLP,3111011,27.43,27.09,27.44,26.9,1652846400000000000,2741
EMMF,31,21.8643,21.8643,21.8643,21.8643,1652846400000000000,2
EMN,1154859,106.19,104.22,106.76,103.64,1652846400000000000,18087
EMNT,20471,98.74,98.77,98.78,97.38,1652846400000000000,72
EMO,34578,28.64,27.4,28.6499,27.07,1652846400000000000,273
EMP,21312,22.9,22.64,22.9,22.3,1652846400000000000,248
EMQQ,129124,28.72,28.12,29.12,27.97,1652846400000000000,1221
EMR,3322008,86.04,83.56,86.28,83.21,1652846400000000000,35403
EMSG,845,25.62,25.2,25.68,25.2,1652846400000000000,10
EMTL,2654,42.25,42.3252,42.3252,42.19,1652846400000000000,61
EMTY,55583,16.48,17.2082,17.359,16.48,1652846400000000000,424
EMX,69823,1.93,1.8,1.93,1.78,1652846400000000000,427
EMXC,273843,52.7,51.72,52.741,51.618,1652846400000000000,1588
EMXF,19114,36.82,36.33,36.91,36.27,1652846400000000000,57
ENB,3339829,44.97,44.24,45.1,44.035,1652846400000000000,25861
ENBA,56808,24.69,24.91,25.08,24.69,1652846400000000000,687
ENDP,55147219,1.13,0.6201,1.14,0.3615,1652846400000000000,83043
ENER,41080,9.8,9.8,9.8,9.8,1652846400000000000,25
ENERU,77207,10.0099,10.0599,10.0599,9.96,1652846400000000000,303
ENERW,2300,0.1601,0.1601,0.1601,0.16,1652846400000000000,7
ENFN,202490,9.21,8.75,9.385,8.49,1652846400000000000,3692
ENFR,25414,22.82,22.4,22.85,22.24,1652846400000000000,238
ENG,148985,1.11,1.06,1.1799,1.06,1652846400000000000,387
ENIA,1263719,5.73,5.61,5.78,5.6,1652846400000000000,6830
ENIC,333220,1.35,1.36,1.41,1.35,1652846400000000000,1641
ENJ,1348,24.1,23.67,24.1,23.67,1652846400000000000,20
ENJY,1158650,0.3651,0.324,0.3712,0.324,1652846400000000000,3202
ENJYW,17931,0.07,0.053101,0.07,0.051,1652846400000000000,36
ENLC,2453902,10.73,10.13,10.77,9.995,1652846400000000000,19004
ENLV,32250,3.92,3.96,4.1,3.77,1652846400000000000,450
ENO,7218,24.27,24.14,24.27,24.14,1652846400000000000,84
ENOB,147288,6.16,5.91,6.26,5.86,1652846400000000000,2735
ENOR,5491,26.87,26.3723,26.93,26.3723,1652846400000000000,116
ENOV,242266,65.97,64.72,66.254,64.25,1652846400000000000,4762
ENPC,3917469,9.87,9.92,9.95,9.87,1652846400000000000,1303
ENPC.WS,117101,0.63,0.65,0.7,0.63,1652846400000000000,146
ENPH,2071386,155.01,156.17,166.1507,154.1964,1652846400000000000,43939
ENR,616051,33.89,32.73,33.89,32.31,1652846400000000000,9786
ENS,261778,64.12,62.47,64.885,61.97,1652846400000000000,5904
ENSC,836654,0.575,0.5538,0.575,0.5533,1652846400000000000,1922
ENSG,241791,80.72,79.12,81.225,78.4,1652846400000000000,6643
ENSV,1090814,2.66,2.1,2.7,2.1,1652846400000000000,2656
ENTA,353085,47.73,45.97,49.35,44.85,1652846400000000000,6395
ENTFU,400,10.03,10.03,10.03,10.03,1652846400000000000,4
ENTFW,1600,0.22,0.2561,0.2561,0.22,1652846400000000000,8
ENTG,1124940,110.39,105.3,112.51,104.92,1652846400000000000,18767
ENTR,1166,10.07,9.7631,10.07,9.7501,1652846400000000000,21
ENTX,32542,2.18,2.38,2.3974,2.15,1652846400000000000,585
ENV,544045,67.47,67.33,68.04,66.86,1652846400000000000,8471
ENVA,308998,31.44,30.66,31.94,30.395,1652846400000000000,5479
ENVB,899464,0.2139,0.1986,0.2198,0.1905,1652846400000000000,1335
ENVX,4649910,9.1,9.18,10.25,8.98,1652846400000000000,20896
ENX,30534,9.33,9.2,9.33,9.19,1652846400000000000,134
ENZ,20133,2.44,2.42,2.4512,2.39,1652846400000000000,151
ENZL,4012,47,46.42,47,46.28,1652846400000000000,111
EOCT,309,23.06,22.7993,23.06,22.7993,1652846400000000000,5
EOCW,201177,9.75,9.78,9.78,9.71,1652846400000000000,365
EOCW.U,226764,9.89,9.85,9.98,9.85,1652846400000000000,127
EOCW.WS,45281,0.3296,0.461,0.492,0.3296,1652846400000000000,147
EOD,179564,4.83,4.7,4.83,4.67,1652846400000000000,593
EOG,4274683,128.21,122.58,128.89,120.73,1652846400000000000,60495
EOI,99267,15.78,15.21,15.78,15.19,1652846400000000000,726
EOLS,696739,13.62,12.33,14,12.15,1652846400000000000,7374
EOPS,102,16.3,16.243,16.3,16.243,1652846400000000000,3
EOS,162310,17.63,17.08,17.67,17.05,1652846400000000000,955
EOSE,8803232,1.7421,1.42,1.83,1.41,1652846400000000000,31404
EOSEW,3618,0.649,0.4801,0.649,0.48,1652846400000000000,17
EOT,29848,17.14,17.14,17.22,17.14,1652846400000000000,232
EP,89342,22.04,21.55,22.76,21.05,1652846400000000000,2663
EPpC,2165,47.76,47.76,48.19,47.76,1652846400000000000,31
EPAC,312781,20.74,20.71,21.21,20.64,1652846400000000000,4038
EPAM,831046,305.03,313,315.12,304,1652846400000000000,23189
EPC,547870,37.49,36.06,37.49,35.85,1652846400000000000,9735
EPD,6048931,26.9,26.61,26.9587,26.333,1652846400000000000,29102
EPHE,162250,28.74,28.52,28.92,28.415,1652846400000000000,1647
EPHY,8752,9.79,9.81,9.81,9.79,1652846400000000000,44
EPHYU,750,9.83,9.83,9.8411,9.83,1652846400000000000,7
EPHYW,7378,0.15,0.165,0.165,0.15,1652846400000000000,17
EPI,646584,33.43,32.88,33.55,32.8,1652846400000000000,3369
EPIX,141580,5.68,5.69,5.85,5.53,1652846400000000000,2165
EPM,102412,6.77,6.53,6.7794,6.35,1652846400000000000,1170
EPOL,146619,15.71,15.27,15.78,15.26,1652846400000000000,877
EPP,718361,45.03,44.32,45.11,44.2,1652846400000000000,4995
EPR,600083,51.15,50.94,51.63,50.55,1652846400000000000,9671
EPRpC,5783,24.3354,24.3,24.3354,24.27,1652846400000000000,73
EPRpE,1004,31.72,31.9,31.9,31.72,1652846400000000000,20
EPRpG,70903,22.34,22.03,22.34,21.97,1652846400000000000,308
EPRE,0,15.8471,15.8471,15.8471,15.8471,1652846400000000000,0
EPRF,17533,19.6,19.4254,19.6001,19.334,1652846400000000000,122
EPRT,795363,22.84,22.05,22.9,21.91,1652846400000000000,11936
EPS,139641,43.74,42.59,43.74,42.47,1652846400000000000,893
EPSN,193603,7.02,6.91,7.11,6.8,1652846400000000000,1662
EPU,34488,29.3,28.555,29.35,28.53,1652846400000000000,295
EPV,493370,14.32,14.76,14.7869,14.27,1652846400000000000,1309
EPWR,12800,9.78,9.785,9.79,9.78,1652846400000000000,24
EPWR.U,3200,9.83,9.83,9.83,9.83,1652846400000000000,3
EPWR.WS,5201,0.098601,0.1062,0.1095,0.098601,1652846400000000000,15
EPZM,2317287,0.567,0.5365,0.6,0.5202,1652846400000000000,6357
EQ,23047,2.45,2.625,2.71,2.45,1652846400000000000,238
EQAL,92505,42.79,41.71,42.79,41.54,1652846400000000000,619
EQBK,33694,31.2,30.84,31.43,30.6367,1652846400000000000,720
EQC,617417,26.26,26.04,26.35,25.99,1652846400000000000,9013
EQCpD,6375,26.8,26.3,26.8,26.12,1652846400000000000,63
EQD,184932,9.91,9.885,9.91,9.88,1652846400000000000,120
EQD.U,411,9.94,9.94,9.94,9.94,1652846400000000000,3
EQD.WS,21097,0.18,0.18,0.195,0.18,1652846400000000000,33
EQH,2825645,28.35,27.75,28.53,27.655,1652846400000000000,20237
EQHpA,63842,21.38,21.34,21.62,21.15,1652846400000000000,441
EQHpC,12480,17.98,18.07,18.07,17.7444,1652846400000000000,190
EQHA.WS,600,0.16,0.1699,0.1699,0.16,1652846400000000000,5
EQIX,458508,644.09,637.44,645.53,633.37,1652846400000000000,18021
EQL,5975,100.72,97.925,100.72,97.815,1652846400000000000,93
EQNR,5038421,35.11,33.98,35.2,33.77,1652846400000000000,42612
EQOP,100,26.57,26.2423,26.57,26.2423,1652846400000000000,1
EQOS,109011,1.31,1.27,1.33,1.24,1652846400000000000,665
EQR,1337312,75.87,73.76,75.98,73.535,1652846400000000000,19515
EQRR,7390,52.45,50.81,52.45,50.5302,1652846400000000000,102
EQRX,2053011,4.63,4.65,4.85,4.17,1652846400000000000,7825
EQS,11147,2.35,2.49,2.52,2.35,1652846400000000000,36
EQT,8595709,42.5,40.44,42.6906,39.57,1652846400000000000,74849
EQUL,7,20.6865,20.6865,20.6865,20.6865,1652846400000000000,2
EQWL,11738,76.37,74.4618,76.37,74.385,1652846400000000000,122
EQX,1687906,5.55,5.43,5.625,5.41,1652846400000000000,10214
ERAS,419193,6,5.57,6.09,5.52,1652846400000000000,4534
ERC,39076,9.21,9.2,9.2286,9.12,1652846400000000000,182
ERES,2305,9.93,9.93,9.93,9.93,1652846400000000000,125
ERESW,78555,0.09,0.07,0.1026,0.07,1652846400000000000,108
ERF,2098217,13.09,12.58,13.195,12.39,1652846400000000000,13750
ERH,14832,12.58,12.39,12.6356,12.37,1652846400000000000,120
ERIC,7504527,7.9,7.75,7.935,7.72,1652846400000000000,13769
ERIE,39257,165.49,163.7,166.42,163.62,1652846400000000000,2849
ERII,334027,17.63,17.6,18.1,17.49,1652846400000000000,6497
ERJ,2710670,10.94,10.44,11.12,10.26,1652846400000000000,17222
ERM,1790,22.611,22.5623,22.63,22.5623,1652846400000000000,14
ERO,82206,11.68,11.29,11.72,11.1251,1652846400000000000,1558
ERSX,4402,12.96,12.851,12.96,12.85,1652846400000000000,68
ERTH,8725,53.28,52.4431,53.73,52.4431,1652846400000000000,170
ERX,3584235,66,61.93,66.28,60.32,1652846400000000000,30447
ERY,10083704,4.12,4.37,4.47,4.0967,1652846400000000000,7787
ERYP,48459,1.1,1.095,1.14,1.095,1652846400000000000,116
ES,1757931,89.81,89.18,90.045,88.84,1652846400000000000,25578
ESAB,164625,50.3,48.13,50.3,48.07,1652846400000000000,3746
ESAC,5605,10.0001,10,10.0104,9.98,1652846400000000000,12
ESCA,35483,13.38,13.1,13.38,12.97,1652846400000000000,1298
ESCR,0,18.7498,18.7498,18.7498,18.7498,1652846400000000000,0
ESE,123529,65.44,64.92,66.56,64.61,1652846400000000000,2892
ESEA,111252,24.77,24.97,26.17,24.024,1652846400000000000,1248
ESEB,607,16.94,17.0161,17.0161,16.94,1652846400000000000,7
ESG,4759,96.61,93.9334,96.61,93.9334,1652846400000000000,90
ESGA,7572,49.28,47.797,49.28,47.797,1652846400000000000,76
ESGB,1,22.1592,22.1592,22.1592,22.1592,1652846400000000000,1
ESGC,130629,1.81,1.62,1.81,1.6,1652846400000000000,1172
ESGD,1024257,67.84,66.87,67.95,66.76,1652846400000000000,5231
ESGE,49535108,33.25,32.62,33.35,32.54,1652846400000000000,40923
ESGG,167,124.5872,124.5872,124.5872,124.5872,1652846400000000000,8
ESGN,315,25.48,25.2697,25.48,25.2697,1652846400000000000,3
ESGR,31859,230.95,225.29,231.61,223.61,1652846400000000000,1937
ESGRO,6111,25.16,25.0151,25.16,24.99,1652846400000000000,40
ESGRP,41509,24.73,24.61,24.79,24.565,1652846400000000000,303
ESGS,4213,38.58,36.9584,38.58,36.9584,1652846400000000000,38
ESGU,11749001,89.8,87.23,89.87,86.9,1652846400000000000,24069
ESGV,297779,70.6,68.46,70.68,68.29,1652846400000000000,2005
ESGY,1265,33.7,33.4584,33.7,33.4584,1652846400000000000,13
ESHY,2134,18.4215,18.28,18.4259,18.28,1652846400000000000,18
ESI,1121200,20.53,19.98,20.777,19.83,1652846400000000000,13643
ESIX,51,25.8718,25.8718,25.8718,25.8718,1652846400000000000,2
ESLT,15829,212.62,210.62,212.67,209.17,1652846400000000000,816
ESM.WS,5755,0.18,0.18,0.2,0.18,1652846400000000000,17
ESML,712320,33.79,33.03,33.9333,32.83,1652846400000000000,876
ESMT,346398,19.74,19.13,20.28,18.87,1652846400000000000,5659
ESMV,137,21.93,21.93,21.93,21.93,1652846400000000000,5
ESNT,1011367,42.32,40.9,42.74,40.77,1652846400000000000,12344
ESOA,11098,2.4,2.35,2.4,2.33,1652846400000000000,157
ESP,3312,13.46,13.13,13.46,12.3935,1652846400000000000,31
ESPO,165484,50.27,49.66,50.955,49.54,1652846400000000000,1780
ESPR,1477510,6.32,6.07,6.45,6.03,1652846400000000000,13193
ESQ,33305,35.34,34.38,35.34,33.76,1652846400000000000,2057
ESRT,1556193,8.42,8.22,8.53,8.16,1652846400000000000,10900
ESS,295332,296.48,288.03,296.48,287.01,1652846400000000000,10426
ESSA,7928,15.8729,16.06,16.48,15.8729,1652846400000000000,144
ESSC,127704,10.5,10.3746,10.5,10.34,1652846400000000000,609
ESSCR,5125,0.27,0.26,0.27,0.26,1652846400000000000,7
ESSCW,9764,0.21,0.211118,0.211118,0.21,1652846400000000000,4
ESTA,226210,59.33,57.38,59.67,57.02,1652846400000000000,4534
ESTC,639227,57.87,56.43,59.23,55.52,1652846400000000000,13600
ESTE,956637,15.34,14.59,15.4899,14.28,1652846400000000000,10671
ESUS,474,18.89,17.7359,18.89,17.71,1652846400000000000,4
ET,21875334,11.75,11.23,11.79,11.0647,1652846400000000000,60892
ETpC,56497,22.39,22.52,22.6,22.15,1652846400000000000,509
ETpD,57374,23.38,23.47,23.57,23.32,1652846400000000000,358
ETpE,48560,23.33,23.52,23.67,23.22,1652846400000000000,427
ETAC,4180,9.92,9.92,9.9399,9.92,1652846400000000000,72
ETACU,867,9.93,9.93,9.93,9.93,1652846400000000000,5
ETACW,78091,0.0784,0.08,0.08,0.0665,1652846400000000000,66
ETB,34376,14.96,14.78,15.05,14.73,1652846400000000000,253
ETD,502585,24.4,23.15,24.43,22.835,1652846400000000000,7945
ETG,245279,17.12,16.8,17.13,16.72,1652846400000000000,1829
ETHO,5310,50.86,49.6454,51.03,49.6454,1652846400000000000,61
ETIp,1568,24.69,24.46,24.69,24.33,1652846400000000000,18
ETJ,221204,9,8.86,9,8.77,1652846400000000000,1046
ETN,1928417,141.09,136.52,141.79,135.96,1652846400000000000,36711
ETNB,223961,2.87,2.96,3.18,2.82,1652846400000000000,1835
ETO,61560,24.2,23.69,24.74,23.54,1652846400000000000,563
ETON,23143,3.21,3.17,3.235,3.16,1652846400000000000,278
ETR,1147010,118.78,116.47,118.92,116.2275,1652846400000000000,22360
ETRN,3058766,7.99,7.59,8,7.51,1652846400000000000,22549
ETSY,6015593,85.05,78.84,85.05,77.0976,1652846400000000000,85594
ETTX,22172,1.75,1.75,1.79,1.75,1652846400000000000,78
ETV,329186,14.04,13.78,14.05,13.75,1652846400000000000,1766
ETW,501686,8.69,8.49,8.74,8.44,1652846400000000000,1627
ETWO,1599305,8.22,7.99,8.44,7.94,1652846400000000000,10724
ETWO.WS,5000,1.84,1.81,1.84,1.81,1652846400000000000,5
ETX,15684,20.41,20.13,20.41,19.87,1652846400000000000,49
ETY,300854,12.1,11.82,12.1,11.77,1652846400000000000,1388
EUCG,1,19.8138,19.8138,19.8138,19.8138,1652846400000000000,1
EUCR,2021,9.88,9.88,9.88,9.88,1652846400000000000,4
EUCRW,2100,0.105,0.111,0.1186,0.105,1652846400000000000,21
EUDG,10683,28.44,27.83,28.44,27.81,1652846400000000000,55
EUDV,806,43.03,42.293,43.14,42.293,1652846400000000000,11
EUFN,3427423,17.32,17.1,17.39,17.045,1652846400000000000,6523
EUM,204070,14.7,14.94,14.96,14.64,1652846400000000000,556
EUO,97517,30.17,30.49,30.5,30.1205,1652846400000000000,344
EURL,21752,20.73,19.66,20.81,19.6,1652846400000000000,279
EURN,1859617,11.43,11.33,11.6,11.165,1652846400000000000,14294
EUSA,18270,75.925,74.2,75.983,73.925,1652846400000000000,187
EUSB,441781,44.25,44.4,44.4534,44.23,1652846400000000000,389
EUSC,8147,34.44,34.09,34.44,34.04,1652846400000000000,66
EVA,264918,74.03,72.86,74.6673,71.99,1652846400000000000,8873
EVAX,22213,1.89,1.81,1.89,1.78,1652846400000000000,146
EVBG,496960,37.91,38.57,39.16,37.42,1652846400000000000,11852
EVBN,1805,37.08,37.19,37.21,37.08,1652846400000000000,58
EVC,407501,4.93,5,5.12,4.92,1652846400000000000,4191
EVCM,111243,9.79,9.64,9.995,9.48,1652846400000000000,2382
EVE,1292,9.95,9.915,9.95,9.87,1652846400000000000,18
EVE.WS,37625,0.2,0.23,0.23,0.2,1652846400000000000,3
EVEN,950,20.97,19.8509,20.98,19.8509,1652846400000000000,20
EVER,211886,9.5,9.18,9.74,9.14,1652846400000000000,3654
EVEX,356207,8.4,7.09,9.1,6.92,1652846400000000000,2668
EVEX.WS,16178,0.87,0.71,0.87,0.697,1652846400000000000,91
EVF,32622,5.63,5.64,5.67,5.62,1652846400000000000,128
EVFM,497598,1.18,1.03,1.18,1.01,1652846400000000000,1702
EVG,53386,10.32,10.33,10.44,10.3,1652846400000000000,289
EVGN,149947,0.9,0.9068,0.92,0.85,1652846400000000000,501
EVGO,1558383,8.95,9,9.3486,8.76,1652846400000000000,14675
EVGOW,43150,2.12,1.99,2.12,1.95,1652846400000000000,258
EVGRW,5700,0.1,0.1,0.1,0.1,1652846400000000000,25
EVH,895535,29.75,29.34,29.77,28.955,1652846400000000000,9203
EVI,85841,10.85,10.09,11.27,9.9,1652846400000000000,1253
EVK,1626,1.33,1.34,1.3473,1.33,1652846400000000000,25
EVLO,360938,1.77,1.85,1.9299,1.72,1652846400000000000,2560
EVLV,323127,2.4,2.38,2.525,2.315,1652846400000000000,3285
EVLVW,102364,0.25,0.2399,0.25,0.2329,1652846400000000000,50
EVM,38729,9.33,9.2,9.33,9.17,1652846400000000000,208
EVMT,1185,26.56,26.2,26.56,26.1701,1652846400000000000,46
EVN,93896,11.08,11.15,11.15,11,1652846400000000000,366
EVNT,105,9.471,9.471,9.471,9.471,1652846400000000000,3
EVO,42075,12.69,12.39,12.74,12.35,1652846400000000000,442
EVOJ,16124,9.78,9.78,9.805,9.78,1652846400000000000,41
EVOK,1925160,0.32,0.3007,0.324,0.29,1652846400000000000,1608
EVOP,236761,22.81,22.29,23.085,21.85,1652846400000000000,3332
EVR,458663,112.37,110.68,113.43,110,1652846400000000000,12471
EVRG,988378,68.2,67.06,68.32,66.89,1652846400000000000,17901
EVRI,757884,16.81,16.56,17.16,16.36,1652846400000000000,11962
EVT,171128,24.64,24.34,24.68,24.21,1652846400000000000,1516
EVTC,252599,37.81,37.58,38.425,37.23,1652846400000000000,4335
EVTL,56552,6.14,6.34,6.34,6.1,1652846400000000000,830
EVTL.WS,2458,0.69,0.6899,0.6901,0.6898,1652846400000000000,18
EVV,303156,10.31,10.28,10.31,10.21,1652846400000000000,1184
EVX,3523,138.525,135.98,138.5807,135.98,1652846400000000000,88
EW,2141034,96.09,93.41,96.25,93.01,1652846400000000000,30425
EWA,3750593,24,23.52,24.01,23.45,1652846400000000000,8045
EWBC,866552,72.49,69.88,73.045,69.65,1652846400000000000,14683
EWC,9259567,36.62,35.91,36.65,35.8101,1652846400000000000,18885
EWCO,5225,29.608,29.0806,29.715,29.0806,1652846400000000000,64
EWCZ,1372461,22.96,21.58,23.05,20.77,1652846400000000000,19807
EWD,322023,35.01,34.3,35.08,34.18,1652846400000000000,2953
EWEB,1159,6.95,6.71,6.95,6.71,1652846400000000000,11
EWG,3652310,26.1,25.56,26.13,25.54,1652846400000000000,10159
EWGS,344,64.56,63.063,64.56,63.063,1652846400000000000,18
EWH,2304910,21.58,21.39,21.62,21.37,1652846400000000000,5857
EWI,1425710,27.5,27.04,27.54,26.97,1652846400000000000,4719
EWJ,5407383,56.49,55.89,56.6,55.77,1652846400000000000,21335
EWJE,1956,31.54,31.3587,31.54,31.3587,1652846400000000000,16
EWJV,5576,24.96,24.77,24.96,24.7207,1652846400000000000,37
EWK,1638,18.8,18.5072,18.8,18.5,1652846400000000000,48
EWL,1192596,43.91,43.69,44.09,43.63,1652846400000000000,7311
EWM,834447,23.92,23.74,23.975,23.69,1652846400000000000,3097
EWMC,3035,83.9802,82.4754,83.9802,82.28,1652846400000000000,35
EWN,223235,37.43,36.78,37.63,36.65,1652846400000000000,2494
EWO,25916,20.27,19.82,20.27,19.82,1652846400000000000,162
EWP,720430,24.78,24.45,24.85,24.415,1652846400000000000,3239
EWQ,864176,32.95,32.38,33,32.3346,1652846400000000000,5211
EWRE,16981,36.57,35.57,36.57,35.432,1652846400000000000,249
EWS,564038,18.83,18.47,18.83,18.443,1652846400000000000,3483
EWSC,542,72.74,71.5766,72.74,71.5766,1652846400000000000,21
EWT,4100518,54.54,53.71,54.66,53.625,1652846400000000000,23620
EWTX,576627,7.21,7.26,7.4,6.97,1652846400000000000,4351
EWU,3193885,32.18,31.64,32.225,31.61,1652846400000000000,14042
EWUS,7474,34.84,34.2255,34.84,34.2255,1652846400000000000,60
EWV,14526,17.48,17.9484,17.97,17.461,1652846400000000000,106
EWW,2217697,50.79,49.66,50.93,49.41,1652846400000000000,18114
EWX,21701,51.52,50.78,51.58,50.6712,1652846400000000000,234
EWY,4441346,65.83,64.23,65.89,64.12,1652846400000000000,32689
EWZ,25935376,32.7,32.14,32.87,31.99,1652846400000000000,78479
EWZS,30248,14.68,14.43,14.76,14.285,1652846400000000000,158
EXAI,120011,9.29,9.8,10.1,9.28,1652846400000000000,1537
EXAS,2535911,52.52,52,54.53,51.9,1652846400000000000,37621
EXC,6945539,47.63,47.13,47.89,46.95,1652846400000000000,70965
EXD,16515,10.65,10.22,10.65,9.9872,1652846400000000000,85
EXEL,4489976,20.46,19.49,20.725,19.45,1652846400000000000,29260
EXFY,513881,18.14,18.51,19.13,17.24,1652846400000000000,9304
EXG,597199,8.47,8.3,8.47,8.27,1652846400000000000,3360
EXI,8489,104.91,102.58,104.91,102.58,1652846400000000000,176
EXK,3284423,3.59,3.39,3.62,3.39,1652846400000000000,8268
EXLS,262863,131.09,128.78,132.86,126.17,1652846400000000000,6964
EXN,54967,0.6372,0.5899,0.6372,0.5505,1652846400000000000,124
EXP,344870,125.69,123.31,126.93,122.97,1652846400000000000,10781
EXPD,1518205,113.49,104.56,113.99,104.16,1652846400000000000,27770
EXPE,4438812,122.92,120.15,124.82,119.665,1652846400000000000,75238
EXPI,1178894,13.84,13.12,14.3,13.03,1652846400000000000,15927
EXPO,462331,87.1,86.02,88.18,85.38,1652846400000000000,8806
EXPR,1873724,3.875,3.6,3.88,3.55,1652846400000000000,10301
EXR,654800,178.18,171.15,178.77,170.465,1652846400000000000,17337
EXTN,102214,6.09,5.86,6.13,5.81,1652846400000000000,1133
EXTR,1461168,10.08,9.81,10.355,9.605,1652846400000000000,12357
EYE,1723365,26.86,27.78,28.02,26.13,1652846400000000000,23788
EYEN,136116,2.03,2.05,2.1497,2,1652846400000000000,454
EYES,962101,1.57,1.75,1.76,1.47,1652846400000000000,2709
EYESW,158,0.48,0.48,0.48,0.48,1652846400000000000,2
EYLD,8212,29.07,28.3758,29.07,28.35,1652846400000000000,112
EYPT,100751,10.29,9.64,10.35,9.5,1652846400000000000,1882
EZA,338593,46.2,45.02,46.36,44.86,1652846400000000000,4359
EZFL,62639,0.46,0.4399,0.4999,0.4228,1652846400000000000,275
EZGO,18710,0.85,0.8706,0.9,0.83125,1652846400000000000,86
EZJ,1001,31.64,30.9535,31.698,30.9535,1652846400000000000,7
EZM,190763,50.65,49.26,50.69,49.05,1652846400000000000,201
EZPW,361770,7.31,7.27,7.48,7.235,1652846400000000000,4370
EZU,5858361,39.99,39.27,40.08,39.18,1652846400000000000,27878
F,66794574,13.25,12.78,13.36,12.71,1652846400000000000,183935
FpB,42984,24.76,25,25.19,24.74,1652846400000000000,262
FpC,90127,23.95,23.75,24.05,23.67,1652846400000000000,434
FA,269993,15.23,14.98,15.68,14.97,1652846400000000000,5217
FAAR,28710,34.21,33.9,34.26,33.8301,1652846400000000000,208
FAB,53419,72.08,70.19,72.08,70.04,1652846400000000000,446
FACA,165,9.79,9.79,9.79,9.79,1652846400000000000,4
FACA.U,9560,9.91,9.9101,9.9101,9.91,1652846400000000000,4
FACA.WS,262500,0.34,0.34,0.34,0.34,1652846400000000000,2
FACT,1029,9.77,9.77,9.77,9.77,1652846400000000000,3
FACT.U,200,9.81,9.8,9.81,9.8,1652846400000000000,2
FAD,4819,97.94,95.51,97.94,95.0511,1652846400000000000,49
FAF,575485,61.12,59.38,61.36,59.31,1652846400000000000,9801
FAIL,264,22.89,22.89,22.89,22.89,1652846400000000000,24
FALN,7302328,25.39,25.37,25.41,25.33,1652846400000000000,13327
FAM,13062,6.59,6.55,6.62,6.545,1652846400000000000,68
FAMI,25112130,0.0891,0.0859,0.094869,0.0836,1652846400000000000,10974
FAN,71103,17.59,17.51,17.77,17.4652,1652846400000000000,1244
FANG,3284830,132.1,128.36,132.25,126.4,1652846400000000000,61879
FANH,73438,5.84,6,6,5.63,1652846400000000000,1109
FAPR,132117,29.67,29.04,29.67,28.95,1652846400000000000,219
FARM,184073,5.5,5.28,5.5,5.13,1652846400000000000,1168
FARO,112739,32.83,32.19,33.73,32,1652846400000000000,3137
FAS,1510364,78.9,74.5,79.26,73.5947,1652846400000000000,14716
FAST,3400496,52.69,51.3,52.78,51.01,1652846400000000000,37755
FAT,5306,6.59,6.56,6.7,6.36,1652846400000000000,89
FATBB,1264,5.99,5.83,5.99,5.83,1652846400000000000,34
FATBP,81290,17.95,18.08,18.8,17.78,1652846400000000000,675
FATE,1896884,22.77,21.83,23.51,21.45,1652846400000000000,23339
FATH,34589,5.82,5.54,5.82,5.5,1652846400000000000,506
FATH.WS,244,0.6666,0.6539,0.6666,0.6539,1652846400000000000,5
FATP,3600,9.87,9.88,9.88,9.87,1652846400000000000,9
FATPW,4200,0.13,0.1549,0.1549,0.13,1652846400000000000,11
FAUG,20921,34.9498,34.8719,34.965,34.8,1652846400000000000,58
FAX,933993,3.01,3.02,3.04,3,1652846400000000000,1820
FAZ,5210304,25.44,26.65,26.98,25.2801,1652846400000000000,28151
FB,23920442,200,192.24,201,191.63,1652846400000000000,283673
FBC,648335,35.66,36.36,36.38,35.54,1652846400000000000,9418
FBCG,101972,23.97,23.12,24.0375,22.9519,1652846400000000000,1097
FBCV,17115,28.36,27.66,28.36,27.56,1652846400000000000,281
FBGX,110,472.63,435.0545,472.63,435.0545,1652846400000000000,10
FBHS,1450276,68.57,66.21,69.06,65.67,1652846400000000000,21638
FBIO,555912,0.8994,0.8717,0.9278,0.85,1652846400000000000,2318
FBIOP,12972,21.27,21.38,22.2966,21.2,1652846400000000000,53
FBIZ,40772,33.71,33.19,33.97,33.04,1652846400000000000,1508
FBK,189550,39.15,39.18,39.4898,38.86,1652846400000000000,3245
FBMS,50234,30.91,30.1,31.23,29.88,1652846400000000000,1106
FBNC,201829,36.82,36.63,38.75,36.24,1652846400000000000,3445
FBND,281249,47.26,47.39,47.4492,47.2573,1652846400000000000,1075
FBP,3053806,13.84,13.8,14.1,13.64,1652846400000000000,19007
FBRT,655961,14.54,14.44,14.71,14.33,1652846400000000000,9618
FBRTpE,9208,21.1888,20.9544,21.2299,20.9,1652846400000000000,75
FBRX,205562,1.17,1.12,1.21,1.1,1652846400000000000,1066
FBT,28750,133.28,131.32,134.52,131.11,1652846400000000000,563
FBZ,579,12.16,12.02,12.16,11.98,1652846400000000000,10
FC,75492,38.4,37.58,38.96,37.35,1652846400000000000,1817
FCA,0,24.9628,24.9628,24.9628,24.9628,1652846400000000000,0
FCAL,12637,47.8831,47.85,48.03,47.85,1652846400000000000,82
FCAP,735,34.5,33.565,34.5,33.565,1652846400000000000,44
FCAX,61091,9.81,9.8,9.82,9.8,1652846400000000000,121
FCAX.U,19240,9.82,9.83,9.85,9.82,1652846400000000000,127
FCAX.WS,205597,0.23,0.25,0.25,0.23,1652846400000000000,49
FCBC,31734,27.32,27.43,28.6986,27.055,1652846400000000000,664
FCCO,7984,20.2158,18.86,20.2158,18.58,1652846400000000000,217
FCEF,2234,20.775,20.59,20.775,20.57,1652846400000000000,20
FCEL,18012393,3.6513,3.53,3.83,3.5018,1652846400000000000,45299
FCF,592176,13.43,13.37,13.58,13.24,1652846400000000000,5796
FCFS,148653,74.29,73.77,75.765,73.41,1652846400000000000,4060
FCG,2612182,25.9,24.82,25.94,24.4,1652846400000000000,17481
FCLD,12793,16.33,15.85,16.4334,15.7761,1652846400000000000,180
FCN,229533,166.58,162.67,167.2375,162.59,1652846400000000000,6262
FCNCA,111892,664.78,658.49,667.44,655.12,1652846400000000000,5451
FCNCO,16316,22.89,22.65,22.89,22.6,1652846400000000000,122
FCNCP,21012,22.5162,22.57,23.2499,22.26,1652846400000000000,205
FCO,40888,5.75,5.85,5.9116,5.75,1652846400000000000,147
FCOM,52434,38.66,37.91,38.83,37.8303,1652846400000000000,1267
FCOR,33894,47.03,47.22,47.26,47.03,1652846400000000000,188
FCPI,149285,32.23,31.22,32.32,31.12,1652846400000000000,815
FCPT,520062,26.94,26.48,27,26.356,1652846400000000000,7679
FCRD,16271,3.82,3.87,3.87,3.79,1652846400000000000,113
FCRX,484,24.35,23.96,24.35,23.96,1652846400000000000,7
FCSH,0,23.64,23.64,23.64,23.64,1652846400000000000,0
FCT,78617,11.2,11.16,11.22,11.09,1652846400000000000,346
FCTR,25577,29.58,28.625,29.58,28.5599,1652846400000000000,134
FCUV,69479,12.19,11.96,12.63,11.76,1652846400000000000,3100
FCVT,16100,33.66,33.17,33.8689,33.06,1652846400000000000,229
FCX,18261325,37.16,35.34,37.595,35.12,1652846400000000000,140544
FDBC,21048,35.65,36.26,36.9177,35.295,1652846400000000000,920
FDD,91809,12.64,12.45,12.64,12.4405,1652846400000000000,239
FDEC,62908,31.55,31.006,31.62,31.0031,1652846400000000000,193
FDEM,16087,22.9984,22.7827,23.01,22.7001,1652846400000000000,23
FDEU,57912,12.0396,11.58,12.0396,11.47,1652846400000000000,301
FDEV,1822,25.036,24.8812,25.036,24.83,1652846400000000000,17
FDG,5293,55.84,53.95,56.01,53.76,1652846400000000000,62
FDHT,698,18.38,17.83,18.38,17.83,1652846400000000000,32
FDHY,34041,47.5,47.2,47.51,47.2,1652846400000000000,291
FDIG,33897,16.98,16.48,17.23,16.4081,1652846400000000000,360
FDIS,258241,64.16,61.58,64.16,61.15,1652846400000000000,2153
FDL,1365313,38.36,37.65,38.4005,37.49,1652846400000000000,4355
FDLO,15453,46.07,44.93,46.07,44.84,1652846400000000000,304
FDM,11153,55.306,54.3338,55.306,54.125,1652846400000000000,87
FDMO,9417,44.07,42.7789,44.1077,42.71,1652846400000000000,156
FDMT,230205,7.84,7.4,7.915,7.15,1652846400000000000,3402
FDN,443140,140.15,135.46,141.24,134.8,1652846400000000000,5664
FDNI,4101,21.65,21.12,22.172,21.12,1652846400000000000,52
FDP,262098,25.37,24.59,25.37,24.31,1652846400000000000,4195
FDRR,111453,41.5,40.58,41.51,40.43,1652846400000000000,797
FDRV,28623,19.15,18.6,19.39,18.52,1652846400000000000,292
FDS,193912,370.41,356.1,370.41,354.78,1652846400000000000,9027
FDT,22425,53.49,52.59,53.57,52.55,1652846400000000000,205
FDTS,1533,40.6,40.1695,40.6,40.1695,1652846400000000000,3
FDUS,58365,19.56,19.23,19.8255,19.22,1652846400000000000,625
FDVV,188900,39.14,38.4,39.205,38.22,1652846400000000000,2136
FDWM,448,16.92,16.4232,16.92,16.4232,1652846400000000000,10
FDX,3705986,217.22,203.57,218.55,202.61,1652846400000000000,67460
FE,2762296,42.87,42.27,42.98,42.08,1652846400000000000,32881
FEAM,190021,23.26,21.58,23.99,21.34,1652846400000000000,3987
FEBZ,0,26.2493,26.2493,26.2493,26.2493,1652846400000000000,0
FEDL,0,26.3048,26.3048,26.3048,26.3048,1652846400000000000,0
FEDM,0,43.3031,43.3031,43.3031,43.3031,1652846400000000000,0
FEDU,38977,0.467,0.45,0.48,0.45,1652846400000000000,99
FEDX,174,25.45,25.0755,25.45,25.0755,1652846400000000000,6
FEEM,0,46.509,46.509,46.509,46.509,1652846400000000000,0
FEHY,383,43.47,43.23,43.48,43.23,1652846400000000000,3
FEI,309736,8.15,8.07,8.15,8.06,1652846400000000000,1273
FEIG,697,42.06,42.15,42.15,42.05,1652846400000000000,8
FEIM,927,7.67,7.65,7.67,7.585,1652846400000000000,17
FELE,352546,70.58,70.67,74.1,69.91,1652846400000000000,7368
FEM,47051,23.16,22.81,23.23,22.78,1652846400000000000,264
FEMB,305359,27.61,27.37,27.61,27.18,1652846400000000000,291
FEMS,4365,36.98,36.42,37.21,36.42,1652846400000000000,49
FEMY,3086,1.57,1.55,1.59,1.4911,1652846400000000000,24
FEN,44064,15.69,15.67,15.8,15.48,1652846400000000000,254
FENC,13639,5.9678,5.97,5.98,5.78,1652846400000000000,114
FENG,421658,0.4656,0.4859,0.492,0.4598,1652846400000000000,204
FENY,1776174,22.783,22.05,22.83,21.77,1652846400000000000,6786
FEO,5069,8.98,8.9501,9.01,8.95,1652846400000000000,37
FEP,23562,35.39,34.84,35.45,34.7848,1652846400000000000,208
FERG,806738,120.16,116.64,120.64,116.29,1652846400000000000,10416
FET,37079,21.22,21.25,21.42,20.61,1652846400000000000,471
FEUS,0,44.8901,44.8901,44.8901,44.8901,1652846400000000000,0
FEUZ,260,37.605,38.07,38.07,37.605,1652846400000000000,3
FEVR,6542,22.8,22.1473,22.8,22.08,1652846400000000000,37
FEX,39550,82.6,80.39,82.62,80.11,1652846400000000000,220
FEXD,5026,10,10,10,10,1652846400000000000,3
FEXDR,5800,0.1197,0.1197,0.1197,0.1197,1652846400000000000,3
FEZ,6899458,38.01,37.26,38.09,37.24,1652846400000000000,26757
FF,195403,7.2,7.19,7.365,7.1067,1652846400000000000,2496
FFA,20106,17.59,17.25,17.59,17.14,1652846400000000000,217
FFBC,466602,20.64,20.46,20.769,20.35,1652846400000000000,6487
FFBW,76288,12.19,12.11,12.19,12.1,1652846400000000000,61
FFC,105393,17.85,17.88,17.9929,17.8,1652846400000000000,670
FFEB,59293,35.6,34.8974,35.6,34.82,1652846400000000000,121
FFHG,2641,32.73,32.09,32.7315,32.09,1652846400000000000,16
FFHL,2458,4.99,4.79,4.99,4.7327,1652846400000000000,35
FFIC,92285,22.6,22.19,22.72,22.04,1652846400000000000,1919
FFIE,6679217,2.79,3.12,3.35,2.78,1652846400000000000,25776
FFIEW,81971,0.4,0.42,0.48,0.38,1652846400000000000,184
FFIN,457500,40.92,40.68,41.8,40.36,1652846400000000000,8951
FFIU,21,22.605,22.605,22.605,22.605,1652846400000000000,6
FFIV,681812,166.98,161.3,167.52,158.25,1652846400000000000,16113
FFND,1757,16.96,16.4015,16.96,16.4015,1652846400000000000,27
FFNW,1879,16.44,16.44,16.5,16.4,1652846400000000000,40
FFR,148,44.8964,44.8964,44.8964,44.8964,1652846400000000000,12
FFSG,1,31.8725,31.8725,31.8725,31.8725,1652846400000000000,1
FFTG,2955,26.1,25.6566,26.1111,25.6566,1652846400000000000,11
FFTI,17185,21.3506,21.4305,21.452,21.3506,1652846400000000000,110
FFTY,652569,31.195,30.22,31.24,30.05,1652846400000000000,2775
FFWM,287549,21.59,21.5,21.71,21.3148,1652846400000000000,4525
FGB,39273,3.68,3.62,3.688,3.61,1652846400000000000,128
FGBI,33003,28.99,27.89,28.99,27.68,1652846400000000000,1435
FGBIP,9100,24.8,24.7,24.8,24.55,1652846400000000000,44
FGD,202365,24.1,23.775,24.1499,23.739,1652846400000000000,521
FGEN,853569,8.93,8.41,9.11,8.215,1652846400000000000,9184
FGF,1262,2.85,2.74,2.87,2.74,1652846400000000000,21
FGI,15793,2.17,2.12,2.18,2.06,1652846400000000000,103
FGM,9039,40.03,39.88,40.23,39.45,1652846400000000000,86
FGMC,1242,9.94,9.93,9.94,9.929,1652846400000000000,11
FGMCU,1982,10.01,10.033,10.06,9.99,1652846400000000000,22
FGRO,173140,14.23,13.8,14.3,13.7333,1652846400000000000,567
FHB,1020126,25.15,25.01,25.395,24.89,1652846400000000000,13916
FHI,934284,32.46,31.87,32.56,31.77,1652846400000000000,13643
FHLC,72629,61.47,60.28,61.58,60.0601,1652846400000000000,1232
FHN,3028725,22.09,21.97,22.28,21.91,1652846400000000000,21606
FHNpB,5259,25.61,25.76,25.88,25.57,1652846400000000000,34
FHNpC,2815,25.8425,25.96,25.96,25.75,1652846400000000000,11
FHNpD,5191,24.74,24.8,24.95,24.45,1652846400000000000,45
FHNpE,14561,25.49,25.06,25.49,25.06,1652846400000000000,109
FHNpF,14877,19.85,19.6,19.85,19.385,1652846400000000000,130
FHS,149864,1.06,1.01,1.07,0.96,1652846400000000000,258
FHTX,142993,11.62,11.6,12.4908,11.1,1652846400000000000,2499
FHYS,36,22.495,22.495,22.495,22.495,1652846400000000000,2
FIAC,1659,9.91,9.91,9.91,9.91,1652846400000000000,7
FIACU,3017,9.99,9.97,9.99,9.97,1652846400000000000,18
FIACW,500,0.2,0.18,0.2,0.18,1652846400000000000,5
FIBK,491426,34.55,34,34.84,33.865,1652846400000000000,9581
FIBR,21552,86.92,87.2,87.2,86.9,1652846400000000000,92
FICO,330355,371.53,375.63,378.48,371.29,1652846400000000000,10882
FICS,5777,30.01,29.63,30.06,29.5854,1652846400000000000,39
FICVU,2333,9.99,10,10,9.9,1652846400000000000,15
FICVW,4488,0.1927,0.1575,0.1927,0.12,1652846400000000000,33
FID,6125,17.0395,16.85,17.0395,16.85,1652846400000000000,29
FIDI,14587,20.05,19.81,20.05,19.7576,1652846400000000000,128
FIDU,50097,48.62,47.24,48.687,47.1,1652846400000000000,700
FIEE,0,161.6369,161.6369,161.6369,161.6369,1652846400000000000,0
FIF,55657,14.99,14.83,15.036,14.711,1652846400000000000,398
FIG,11785,24.96,24.3343,24.96,24.3343,1652846400000000000,49
FIGB,1375,44.8322,44.8527,44.8527,44.8322,1652846400000000000,12
FIGS,4293669,10,9.31,10.03,9.19,1652846400000000000,35754
FIHD,306,226,218.0758,226,218.0758,1652846400000000000,5
FILL,43092,24.3,23.73,24.3,23.5,1652846400000000000,358
FINM,23497,9.825,9.8,9.825,9.8,1652846400000000000,198
FINMU,11893,9.84,9.85,9.855,9.84,1652846400000000000,137
FINMW,2941,0.21,0.2,0.21,0.2,1652846400000000000,100
FINS,49350,14.42,14.28,14.6,14.2511,1652846400000000000,253
FINV,464923,3.5,3.77,3.8,3.5,1652846400000000000,3040
FINW,14624,13.03,13.2,13.25,13.01,1652846400000000000,315
FINX,400425,23.63,23.23,24.1,23.1555,1652846400000000000,4478
FIS,3042552,97.27,96.73,98.77,96.425,1652846400000000000,45442
FISI,48314,27.5,26.99,27.79,26.8,1652846400000000000,1416
FISK,500,8.07,8.58,8.6,8.07,1652846400000000000,4
FISR,16332,27.25,27.4088,27.42,27.25,1652846400000000000,99
FISV,3265122,96.32,94.17,97.39,93.94,1652846400000000000,49646
FITB,5682195,36.84,36.05,36.98,35.77,1652846400000000000,58584
FITBI,148577,25.24,24.86,25.31,24.55,1652846400000000000,1063
FITBO,44422,20.3,20.24,20.62,20.21,1652846400000000000,393
FITBP,16162,24.41,24.6,24.7857,24.28,1652846400000000000,140
FITE,930,45.53,44.6743,45.6334,44.49,1652846400000000000,14
FIVA,4956,21.98,21.6201,21.98,21.62,1652846400000000000,33
FIVE,1980836,136,125.51,136.815,121.15,1652846400000000000,34857
FIVG,86443,34.01,33.3,34.28,33.17,1652846400000000000,690
FIVN,1351339,95.51,93.8,98,91.62,1652846400000000000,18828
FIVR,236,21.75,21.6572,21.75,21.6572,1652846400000000000,14
FIW,86129,74.52,73.07,74.85,72.7725,1652846400000000000,766
FIX,242921,84.83,83.72,87.82,83.31,1652846400000000000,6275
FIXD,472251,46.97,47.16,47.2544,46.97,1652846400000000000,1612
FIXX,243274,1.5,1.41,1.6,1.41,1652846400000000000,2498
FIZZ,797069,48.69,48.48,49.04,47.69,1652846400000000000,9451
FJAN,26158,32.47,31.8191,32.47,31.8191,1652846400000000000,106
FJP,5474,44.7026,44.29,44.82,44.29,1652846400000000000,26
FJUL,45911,33.48,33.1607,33.48,33.15,1652846400000000000,25
FJUN,23183,35.17,34.74,35.17,34.69,1652846400000000000,75
FKU,4935,35.42,33.61,35.52,33.61,1652846400000000000,45
FKWL,15834,4.19,3.79,4.19,3.76,1652846400000000000,163
FL,4132669,30.65,30.92,31.55,30.06,1652846400000000000,40130
FLACW,1430,0.1504,0.1043,0.1519,0.0824,1652846400000000000,20
FLAG.WS,1400,0.3346,0.2098,0.3346,0.2037,1652846400000000000,8
FLAU,2650,28.46,27.8742,28.46,27.8742,1652846400000000000,40
FLAX,14,21.6327,21.6327,21.6327,21.6327,1652846400000000000,3
FLBL,36052,23.95,23.89,23.99,23.89,1652846400000000000,214
FLBR,19543,20.39,20.07,20.45,19.98,1652846400000000000,91
FLC,37597,18.59,18.96,19.0463,18.57,1652846400000000000,245
FLCA,11153,32.97,32.285,32.97,32.28,1652846400000000000,37
FLCB,20885,22.24,22.335,22.34,22.2302,1652846400000000000,125
FLCH,25482,19.49,19.23,19.6294,19.23,1652846400000000000,188
FLCO,4939,21.87,21.9406,21.9406,21.85,1652846400000000000,44
FLDR,19392,49.865,49.895,49.9,49.865,1652846400000000000,106
FLDZ,0,21.8705,21.8705,21.8705,21.8705,1652846400000000000,0
FLEE,3737,24.8,24.3853,24.8,24.3853,1652846400000000000,29
FLEH,42880,26.68,26.3117,26.68,26.305,1652846400000000000,88
FLEX,4461664,16.8,16.23,16.86,16.18,1652846400000000000,33428
FLFR,16,25.977,25.977,25.977,25.977,1652846400000000000,7
FLGB,162773,24.03,23.65,24.07,23.63,1652846400000000000,321
FLGC,460232,1.3,1.2,1.3,1.16,1652846400000000000,1612
FLGR,1891,20.19,20,20.19,20,1652846400000000000,22
FLGT,382255,55.38,55.49,57.9,54.62,1652846400000000000,9446
FLGV,18303,21.81,21.9402,21.97,21.81,1652846400000000000,130
FLHK,166,21.97,21.97,21.97,21.97,1652846400000000000,7
FLHY,8272,22.89,22.805,22.89,22.805,1652846400000000000,145
FLIA,10424,23.4899,23.465,23.49,23.4397,1652846400000000000,20
FLIC,40814,18.64,18.27,18.74,18.07,1652846400000000000,1053
FLIN,14390,28.74,28.2548,28.83,28.2548,1652846400000000000,112
FLIY,318,22.23,22.2562,22.2562,22.23,1652846400000000000,5
FLJH,6227,29.929,29.4692,29.93,29.4692,1652846400000000000,19
FLJP,113775,24.94,24.67,24.9878,24.6507,1652846400000000000,278
FLKR,7103,23.21,22.66,23.21,22.66,1652846400000000000,73
FLL,402055,6.97,6.62,7.135,6.56,1652846400000000000,5018
FLLA,5240,22.3,22.002,22.3,22.002,1652846400000000000,27
FLLV,8144,45.76,44.7086,45.76,44.66,1652846400000000000,49
FLM,52,49.6794,49.6794,49.6794,49.6794,1652846400000000000,4
FLMB,12091,23.34,23.335,23.41,23.32,1652846400000000000,65
FLME,5420,9.76,9.7636,9.79,9.76,1652846400000000000,12
FLME.WS,5500,0.15,0.1259,0.15,0.065,1652846400000000000,25
FLMI,46883,23.45,23.36,23.455,23.35,1652846400000000000,204
FLMN,957940,7.05,6.94,7.24,6.775,1652846400000000000,6191
FLMNW,56974,0.3999,0.34,0.3999,0.2916,1652846400000000000,188
FLMX,1204,25.17,24.6342,25.2,24.6342,1652846400000000000,7
FLN,15037,19,18.71,19.06,18.5055,1652846400000000000,139
FLNC,1250514,8.22,8.1,8.92,8.03,1652846400000000000,11876
FLNG,439280,28.68,27.68,28.9799,27.25,1652846400000000000,4917
FLNT,153853,1.35,1.37,1.395,1.34,1652846400000000000,1908
FLO,1975368,26.72,25.37,26.89,25.37,1652846400000000000,21108
FLOT,2042411,50.46,50.42,50.47,50.42,1652846400000000000,4256
FLQD,1113,34.17,33.682,34.17,33.682,1652846400000000000,17
FLQE,984,25.63,25.2503,25.63,25.21,1652846400000000000,11
FLQG,263,36.93,36.2453,36.93,36.2453,1652846400000000000,4
FLQH,19014,27.9,27.53,27.9,27.53,1652846400000000000,75
FLQL,19575,41.41,40.15,41.42,40.025,1652846400000000000,144
FLQM,9807,41.25,40.009,41.25,40.009,1652846400000000000,98
FLQS,0,32.0284,32.0284,32.0284,32.0284,1652846400000000000,0
FLR,2370982,25.3,25.96,27.09,25.17,1652846400000000000,26575
FLRG,1306,23.52,23.4285,23.5203,23.4285,1652846400000000000,29
FLRN,1084040,30.44,30.43,30.45,30.41,1652846400000000000,2394
FLRT,29755,46.2284,46.1601,46.29,46.136,1652846400000000000,101
FLS,1173446,31.05,30.41,31.37,30.31,1652846400000000000,14052
FLSA,1097,40.28,39.8784,40.28,39.8784,1652846400000000000,16
FLSP,2225,22.12,21.9301,22.12,21.91,1652846400000000000,10
FLSW,5995,30.15,30.0013,30.2454,30,1652846400000000000,49
FLT,453182,226.79,221.52,230.42,220.55,1652846400000000000,15493
FLTB,55233,49.06,49.085,49.1015,49.02,1652846400000000000,210
FLTN,1752,24.54,24.57,24.57,24.53,1652846400000000000,16
FLTR,294364,25.03,24.99,25.03,24.9726,1652846400000000000,512
FLTW,7699,38.37,37.7791,38.4,37.73,1652846400000000000,50
FLUD,0,24.445,24.445,24.445,24.445,1652846400000000000,0
FLUX,35948,2.35,2.2,2.37,2.2,1652846400000000000,286
FLV,2775,59.0241,58.237,59.0241,58.237,1652846400000000000,29
FLWS,854965,10.49,10.08,10.5537,9.905,1652846400000000000,11504
FLXS,32891,19.71,19.33,19.71,18.92,1652846400000000000,1226
FLYA.WS,28600,0.12,0.1282,0.1498,0.12,1652846400000000000,19
FLYW,1040334,18.81,18.53,19.36,18.14,1652846400000000000,11760
FLZA,710,24.57,24.15,24.57,24.15,1652846400000000000,7
FM,50842,29.48,28.72,29.5,28.64,1652846400000000000,460
FMAG,16383,19.185,18.6129,19.185,18.6129,1652846400000000000,156
FMAO,40087,39.26,37.98,39.26,37.89,1652846400000000000,2153
FMAR,52019,31.38,30.87,31.38,30.8,1652846400000000000,29
FMAT,65014,46.93,45.89,47.025,45.74,1652846400000000000,613
FMAY,562046,35.0799,35.0333,35.09,34.99,1652846400000000000,110
FMB,295757,50.24,50.11,50.2689,50.1,1652846400000000000,788
FMBH,32917,36.5,36.19,37.245,35.86,1652846400000000000,903
FMC,1026070,118.46,118.69,120.24,117.9,1652846400000000000,19676
FMCX,202,22.94,22.6884,22.94,22.6884,1652846400000000000,3
FMET,8600,23.01,22.5311,23.11,22.5029,1652846400000000000,169
FMF,23684,51.87,51.8867,52.06,51.51,1652846400000000000,248
FMHI,107711,47.6,47.34,47.6,47.33,1652846400000000000,374
FMIL,3660,28.93,28.31,28.93,28.31,1652846400000000000,76
FMIV,59373,9.75,9.75,9.75,9.75,1652846400000000000,23
FMIVW,1002,0.2699,0.2934,0.2934,0.1901,1652846400000000000,12
FMN,20820,11.42,11.24,11.42,11.23,1652846400000000000,148
FMNB,56008,15.06,14.84,15.1255,14.74,1652846400000000000,1209
FMNY,25,26.045,26.045,26.045,26.045,1652846400000000000,3
FMQQ,2240,11.49,11.1618,11.49,11.1618,1652846400000000000,22
FMS,513270,29.97,29.33,30.01,29.29,1652846400000000000,6566
FMTX,447112,6.48,5.98,6.65,5.755,1652846400000000000,5305
FMX,500498,76.32,74.05,76.375,73.85,1652846400000000000,5863
FMY,3552,11.65,11.62,11.6502,11.6,1652846400000000000,24
FN,281394,88.28,85.96,89.6358,85.01,1652846400000000000,6508
FNA,149207,15.45,15.19,15.86,15.02,1652846400000000000,3358
FNB,2260939,11.67,11.5,11.77,11.47,1652846400000000000,15467
FNBpE,36278,25.09,24.87,25.16,24.755,1652846400000000000,333
FNCB,18803,7.76,7.51,7.852,7.51,1652846400000000000,95
FNCH,252156,2.3,2.22,2.3,2,1652846400000000000,1709
FNCL,132985,47.97,47.12,48.0499,46.93,1652846400000000000,1385
FND,1636421,70,69.14,70.91,67.32,1652846400000000000,23411
FNDA,249390,49.03,47.99,49.15,47.77,1652846400000000000,970
FNDB,25452,54.63,53,54.63,52.87,1652846400000000000,277
FNDC,303302,32.81,32.38,32.87,32.3401,1652846400000000000,1562
FNDE,852374,26.99,26.58,27.06,26.565,1652846400000000000,2918
FNDF,1476684,30.69,30.25,30.73,30.2,1652846400000000000,4306
FNDX,417120,55.38,53.84,55.38,53.61,1652846400000000000,1541
FNF,1479823,41.82,40.93,42,40.76,1652846400000000000,17694
FNGD,806532,73.29,80.42,81.25,72,1652846400000000000,8635
FNGG,113855,5.59,5.25,5.79,5.19,1652846400000000000,658
FNGO,34297,20.15,18.62,20.39,18.62,1652846400000000000,395
FNGR,18386,1.86,1.65,1.86,1.58,1652846400000000000,74
FNGS,13728,22.02,21.27,22.11,21.22,1652846400000000000,117
FNGU,17561919,9.1,8.1,9.2799,7.98,1652846400000000000,61508
FNHC,146730,0.44,0.3873,0.44,0.3808,1652846400000000000,780
FNI,3124,36.05,35.0691,36.06,35.0628,1652846400000000000,47
FNK,9863,44.82,43.6172,44.82,43.54,1652846400000000000,62
FNKO,453778,19.98,19.32,20.3119,19.13,1652846400000000000,7841
FNLC,13739,28.81,29,29.28,28.81,1652846400000000000,296
FNOV,55582,35.27,34.72,35.27,34.6303,1652846400000000000,127
FNTC,3611,14.6,14.0462,14.6,13.88,1652846400000000000,36
FNV,653694,137.6,133.48,137.6,133.18,1652846400000000000,12608
FNVT,8379,9.98,9.92,9.98,9.92,1652846400000000000,75
FNVTU,22170,10.03,9.995,10.03,9.995,1652846400000000000,31
FNVTW,6590,0.1499,0.1592,0.1592,0.1499,1652846400000000000,15
FNWB,13236,17.715,17.33,17.75,17,1652846400000000000,204
FNWD,1291,38.3,38.25,38.3,38,1652846400000000000,86
FNX,23429,91.86,89.36,91.86,89.045,1652846400000000000,331
FNY,11260,59.54,57.68,59.54,57.4199,1652846400000000000,158
FOA,243179,2.49,2.43,2.53,2.34,1652846400000000000,2301
FOCS,431229,36.29,35.49,36.8,35.25,1652846400000000000,7267
FOCT,17986,32.55,32.0162,32.56,31.97,1652846400000000000,84
FOF,145987,11.28,11,11.3385,10.91,1652846400000000000,607
FOLD,2781128,7.46,7.27,7.63,7.13,1652846400000000000,21436
FOMO,10,19.1735,19.1735,19.1735,19.1735,1652846400000000000,1
FONR,9155,15.95,15.85,16.0736,15.75,1652846400000000000,90
FOR,111633,16.44,16.15,16.54,16.01,1652846400000000000,1974
FORA,36614,2.9,2.88,2.9791,2.85,1652846400000000000,1153
FORD,24259,1.39,1.34,1.39,1.3,1652846400000000000,170
FORG,229792,17.04,16.91,17.93,16.5,1652846400000000000,3587
FORH,0,24.1094,24.1094,24.1094,24.1094,1652846400000000000,0
FORM,480172,40.42,40.18,41.5,39.82,1652846400000000000,8004
FORR,75440,50.51,49.17,51.07,48.71,1652846400000000000,1842
FORTY,1579,94.59,92.76,94.8,92.48,1652846400000000000,41
FOSL,1034057,7.36,7.14,7.44,7.06,1652846400000000000,11270
FOSLL,14646,21.9999,21.8,22,21.75,1652846400000000000,97
FOUN,888,10.02,10.02,10.055,10.02,1652846400000000000,11
FOUNU,480,10.18,10.19,10.19,10.18,1652846400000000000,6
FOUNW,16770,0.3999,0.38,0.4,0.362,1652846400000000000,24
FOUR,997843,45.96,46.23,48.59,45.26,1652846400000000000,16621
FOVL,26151,54.18,52.848,54.18,52.69,1652846400000000000,54
FOX,1163392,31.79,30.89,31.83,30.79,1652846400000000000,15643
FOXA,2870466,34.5,33.49,34.61,33.41,1652846400000000000,36755
FOXF,300916,81.36,81.22,83.71,80.55,1652846400000000000,6556
FOXWU,198,10.39,10.39,10.39,10.39,1652846400000000000,3
FPA,2799,28.13,28.0647,28.35,27.94,1652846400000000000,20
FPAC,52723,9.85,9.84,9.85,9.835,1652846400000000000,163
FPAG,1184,21.4899,21.43,21.4899,21.43,1652846400000000000,3
FPAY,100602,1.25,1.23,1.26,1.18,1652846400000000000,299
FPE,2369783,17.89,17.83,17.9084,17.8,1652846400000000000,4303
FPEI,197103,18.43,18.45,18.49,18.43,1652846400000000000,497
FPF,125362,19.11,18.95,19.11,18.82,1652846400000000000,731
FPFD,14122,20.77,20.615,20.79,20.6,1652846400000000000,103
FPH,362915,5.08,4.99,5.12,4.93,1652846400000000000,2315
FPI,338862,14.59,14.39,14.64,14.24,1652846400000000000,3834
FPL,113695,6.27,6.2,6.2887,6.155,1652846400000000000,553
FPRO,6050,23.2375,22.835,23.2375,22.8,1652846400000000000,52
FPX,85332,88.69,86,89.19,85.635,1652846400000000000,703
FPXE,204,21.49,21.09,21.49,21.09,1652846400000000000,6
FPXI,128176,43.34,42.76,43.7606,42.75,1652846400000000000,457
FQAL,58685,47.29,45.89,47.29,45.825,1652846400000000000,419
FR,1236516,53.2,51.06,53.4,50.95,1652846400000000000,14414
FRA,104246,11.5,11.46,11.52,11.42,1652846400000000000,484
FRAF,6954,29.7984,29.58,30.3712,29.58,1652846400000000000,100
FRBA,31343,13.94,13.96,14.0725,13.93,1652846400000000000,637
FRBK,332093,4,4.01,4.02,3.96,1652846400000000000,3123
FRBN,38745,9.92,9.92,9.92,9.92,1652846400000000000,136
FRBNU,38344,9.99,9.98,9.99,9.96,1652846400000000000,41
FRBNW,13691,0.2701,0.2584,0.285,0.15,1652846400000000000,144
FRC,1226000,142.03,141.52,142.993,140.405,1652846400000000000,19973
FRCpH,18634,20.85,21.03,21.14,20.7602,1652846400000000000,244
FRCpI,133692,23.58,23.53,23.8856,23.23,1652846400000000000,1135
FRCpJ,91527,18.87,18.71,18.91,18.55,1652846400000000000,589
FRCpK,113729,16.89,16.65,16.89,16.53,1652846400000000000,807
FRCpL,107647,17.27,17.1,17.27,16.92,1652846400000000000,796
FRCpM,257153,16.35,16.13,16.4,15.94,1652846400000000000,1696
FRCpN,101651,18.6,18.45,18.6,18.22,1652846400000000000,926
FRD,12604,9.35,8.97,9.88,8.97,1652846400000000000,100
FRDM,30643,30.58,30.05,30.63,30.0046,1652846400000000000,216
FREE,320802,6.71,6.28,6.715,6.2,1652846400000000000,2780
FREL,460783,29.01,28.27,29.03,28.18,1652846400000000000,4113
FREQ,754980,1.3,1.21,1.34,1.19,1652846400000000000,3380
FREY,950764,8.2,8.06,8.56,7.97,1652846400000000000,7930
FREY.WS,2149,2.4,2.4,2.4784,2.4,1652846400000000000,15
FRG,429693,41.52,39.47,41.52,39,1652846400000000000,7094
FRGAP,5196,24.79,24.7433,24.86,24.7096,1652846400000000000,49
FRGE,618433,20.4999,21.38,22.03,19.51,1652846400000000000,10657
FRGE.WS,169084,1.6,1.61,1.7,1.52,1652846400000000000,177
FRGI,98518,7.15,7.02,7.15,7,1652846400000000000,1964
FRHC,83885,42.77,41.11,42.9,40.97,1652846400000000000,962
FRI,81077,27.65,26.91,27.69,26.82,1652846400000000000,627
FRLAW,1200,0.1601,0.2,0.2,0.1601,1652846400000000000,12
FRLN,22003,0.76,0.75,0.7896,0.7229,1652846400000000000,117
FRME,136855,39.44,39.2,39.64,38.9,1652846400000000000,4011
FRMEP,7571,26.19,25.1,26.2,23.22,1652846400000000000,53
FRNW,15127,20.67,20.56,20.96,20.51,1652846400000000000,116
FRO,3335232,8.57,8.6,8.81,8.48,1652846400000000000,18798
FROG,732243,17.93,17.84,18.39,17.57,1652846400000000000,10802
FRONU,313,9.81,9.81,9.81,9.81,1652846400000000000,8
FRONW,500,0.37,0.37,0.3701,0.37,1652846400000000000,3
FRPH,19592,55.29,56.06,56.68,55.22,1652846400000000000,1087
FRPT,894855,68.04,64.84,68.73,64.37,1652846400000000000,18009
FRSG,30245,9.73,9.755,9.76,9.73,1652846400000000000,29
FRSGW,1854,0.1238,0.1835,0.24,0.1238,1652846400000000000,21
FRSH,2754760,15.25,15.14,16.62,14.86,1652846400000000000,31888
FRST,57253,12.99,12.97,13.175,12.922,1652846400000000000,944
FRSX,672348,0.65,0.6968,0.75,0.65,1652846400000000000,1298
FRT,363285,117.9,113.47,117.9,113.05,1652846400000000000,12043
FRTpC,13488,22.8,22.89,22.98,22.56,1652846400000000000,88
FRTY,11478,13.79,13.191,13.79,13.13,1652846400000000000,60
FRW,5453,9.75,9.75,9.7536,9.75,1652846400000000000,22
FRWAW,902,0.24,0.1801,0.24,0.13755,1652846400000000000,11
FRXB,11736,9.759,9.76,9.77,9.75,1652846400000000000,14
FRXB.U,125,9.79,9.79,9.79,9.79,1652846400000000000,2
FSBC,23536,25.19,25.13,25.6,25.04,1652846400000000000,814
FSBD,202,49.32,49.39,49.39,49.32,1652846400000000000,3
FSBW,23220,28.89,28.74,29.01,28.62,1652846400000000000,1059
FSD,120271,12.05,11.9,12.05,11.8,1652846400000000000,705
FSEC,322,44.84,44.922,44.922,44.84,1652846400000000000,5
FSEP,7840,32.88,32.3041,32.88,32.29,1652846400000000000,29
FSFG,2192,24.32,24.15,24.82,24.15,1652846400000000000,71
FSI,116173,2.5234,2.62,2.64,2.27,1652846400000000000,606
FSIG,3079,18.95,18.96,18.98,18.94,1652846400000000000,23
FSK,1009593,21.9,21.53,21.96,21.52,1652846400000000000,6996
FSLD,603,50.01,50,50.01,50,1652846400000000000,5
FSLR,1156245,63.87,65.36,66.8525,63.82,1652846400000000000,21989
FSLY,3693040,11.69,11.06,11.96,10.99,1652846400000000000,36814
FSM,4680540,3.15,3.08,3.21,3.06,1652846400000000000,8397
FSMB,197102,19.75,19.73,19.75,19.72,1652846400000000000,307
FSMD,4071,31.76,31.04,31.76,31.02,1652846400000000000,121
FSMO,9182,20.5,20.045,20.5,20.045,1652846400000000000,85
FSNB,620,9.79,9.79,9.79,9.79,1652846400000000000,2
FSP,614515,4.69,4.57,4.73,4.53,1652846400000000000,5649
FSR,8929373,10.36,11.14,11.476,10.31,1652846400000000000,46465
FSRD,288718,0.5701,0.5301,0.58,0.51,1652846400000000000,1008
FSRDW,33529,0.0801,0.078,0.0801,0.07,1652846400000000000,71
FSRX,3973,9.83,9.79,10.3,9.79,1652846400000000000,17
FSRXW,796,0.14,0.16,0.16,0.14,1652846400000000000,7
FSS,276393,33.64,33.1,34.07,32.95,1652846400000000000,4660
FSSI,1104,9.82,9.82,9.82,9.82,1652846400000000000,6
FSSIW,6369,0.1519,0.2299,0.3374,0.1519,1652846400000000000,64
FSST,263,18,17.984,18,17.984,1652846400000000000,9
FST,689,10.04,10.04,10.04,10.03,1652846400000000000,13
FST.U,530,10.02,10.59,10.59,10.02,1652846400000000000,7
FSTA,219875,45.45,43.06,45.48,42.9502,1652846400000000000,3269
FSTR,21657,12.55,12.67,12.71,12.47,1652846400000000000,445
FSTX,103560,2.4,2.38,2.53,2.26,1652846400000000000,379
FSV,49117,125.51,119.68,125.51,119.32,1652846400000000000,1374
FSYD,2,46.15,46.15,46.15,46.15,1652846400000000000,2
FSZ,3089,57.26,56.93,57.45,56.93,1652846400000000000,33
FT,59806,7.3,7.25,7.3,7.23,1652846400000000000,315
FTA,49040,68.46,66.7,68.46,66.46,1652846400000000000,409
FTAA,155790,9.78,9.79,9.79,9.78,1652846400000000000,22
FTAAU,28746,9.84,9.84,9.84,9.84,1652846400000000000,1
FTAAW,2400,0.24,0.2325,0.24,0.2325,1652846400000000000,15
FTAG,14236,32.46,31.76,32.46,31.56,1652846400000000000,134
FTAI,492065,18.86,17.83,18.97,17.62,1652846400000000000,5395
FTAIN,4743,25.42,25.3,25.421,25.22,1652846400000000000,55
FTAIO,3729,22.92,23.427,23.427,22.92,1652846400000000000,36
FTAIP,13932,24.22,24.24,24.315,24.12,1652846400000000000,73
FTC,32207,94.04,90.92,94.09,90.5995,1652846400000000000,435
FTCH,13098251,8.38,7.94,8.66,7.885,1652846400000000000,75797
FTCI,2804490,3.51,3.79,4.14,3.49,1652846400000000000,21611
FTCS,420347,73.61,71.5,73.61,71.28,1652846400000000000,2321
FTCV,45790,9.81,9.82,9.83,9.81,1652846400000000000,470
FTCVU,1441,9.95,9.9,10,9.9,1652846400000000000,11
FTCVW,1762,0.7078,0.6199,0.7078,0.59,1652846400000000000,10
FTDR,462663,26.88,26.74,27.21,26.405,1652846400000000000,9063
FTDS,744,44.625,43.6944,44.625,43.6944,1652846400000000000,11
FTEC,472705,103.79,100.53,104.22,100.1,1652846400000000000,6145
FTEK,111010,1.19,1.14,1.22,1.13,1652846400000000000,808
FTEV,18381,9.78,9.76,9.78,9.725,1652846400000000000,45
FTEV.WS,100,0.14,0.14,0.14,0.14,1652846400000000000,1
FTF,263501,6.78,6.76,6.79,6.726,1652846400000000000,609
FTFT,181844,0.5014,0.5085,0.53,0.5014,1652846400000000000,663
FTGC,1147744,29.26,28.75,29.26,28.68,1652846400000000000,3827
FTHI,7109,21.135,20.9129,21.135,20.91,1652846400000000000,32
FTHM,91054,8.11,7.88,9,7.825,1652846400000000000,1569
FTHY,211495,14.82,14.62,14.94,14.59,1652846400000000000,498
FTI,4701167,7.9,7.5,7.94,7.41,1652846400000000000,20745
FTII,5000,9.97,9.97,9.97,9.97,1652846400000000000,3
FTIIW,5055,0.0999,0.1,0.1,0.0999,1652846400000000000,3
FTK,383570,1.25,1.25,1.27,1.21,1652846400000000000,1518
FTLS,33299,50.71,49.57,50.8,49.54,1652846400000000000,154
FTNT,2237218,276.58,270.58,283.28,268.4301,1652846400000000000,47364
FTPA,124,9.82,9.82,9.82,9.82,1652846400000000000,1
FTPAU,4730,10.85,10,10.85,10,1652846400000000000,34
FTPAW,14510,0.272,0.293,0.422,0.2649,1652846400000000000,133
FTQI,674,20.73,20.6779,20.73,20.6779,1652846400000000000,5
FTRI,236275,15.44,15.07,15.44,14.98,1652846400000000000,723
FTRP,93050,0.995,0.9212,0.995,0.881,1652846400000000000,327
FTS,712602,49.54,49.31,49.92,49.295,1652846400000000000,8721
FTSD,9922,91.6084,91.5365,91.65,91.52,1652846400000000000,102
FTSL,588064,45.71,45.4,45.7152,45.4,1652846400000000000,2288
FTSM,1161300,59.51,59.51,59.52,59.49,1652846400000000000,2431
FTV,2009168,58.89,57.79,59.33,57.53,1652846400000000000,21609
FTVI,138217,9.81,9.835,9.835,9.81,1652846400000000000,36
FTVIU,36166,9.86,9.86,9.86,9.86,1652846400000000000,2
FTVIW,3500,0.3977,0.3138,0.41,0.27,1652846400000000000,35
FTXG,168037,27.71,26.04,27.71,25.94,1652846400000000000,724
FTXH,4802,26.23,25.9703,26.23,25.912,1652846400000000000,45
FTXL,7972,61.56,59.72,62.77,59.7,1652846400000000000,80
FTXN,173597,28.14,27.01,28.14,26.57,1652846400000000000,873
FTXO,61681,28.14,27.62,28.21,27.48,1652846400000000000,276
FTXR,29012,28.17,27.13,28.2,27.1,1652846400000000000,325
FUBO,12370225,3.33,3.23,3.54,3.18,1652846400000000000,40224
FUE,427,12.85,12.8948,12.8948,12.85,1652846400000000000,20
FUL,461508,66.89,66.85,67.76,66.22,1652846400000000000,9584
FULC,466860,8.51,8.5,8.86,8.34,1652846400000000000,5285
FULT,1156001,15.29,15.21,15.41,15.08,1652846400000000000,13237
FULTP,9144,19.93,19.75,20.1388,19.75,1652846400000000000,56
FUMB,34109,19.95,19.925,19.95,19.91,1652846400000000000,100
FUN,592612,46.4,46.38,47.338,46,1652846400000000000,5033
FUNC,10744,20.3,19.79,20.3,19.42,1652846400000000000,352
FUND,58290,8.32,8.2,8.3246,8.12,1652846400000000000,281
FUNL,18969,32.97,32.55,32.97,32.52,1652846400000000000,31
FURY,77252,0.5907,0.5806,0.595,0.5805,1652846400000000000,203
FUSB,4322,11.05,10.95,11.07,10.95,1652846400000000000,75
FUSN,4589,4.05,3.95,4.05,3.9186,1652846400000000000,75
FUTU,2783053,31.34,31.71,33.19,31.03,1652846400000000000,29451
FUTY,200118,46.58,46.19,46.8,46.05,1652846400000000000,1801
FUV,321500,3.96,3.75,4.11,3.73,1652846400000000000,3097
FV,231307,47.33,45.62,47.37,45.3101,1652846400000000000,1187
FVAL,58071,46.9,45.62,46.925,45.47,1652846400000000000,468
FVAM,26039,9.86,9.86,9.865,9.855,1652846400000000000,151
FVC,24142,35.99,35.21,35.99,34.991,1652846400000000000,122
FVCB,37834,20.03,20.18,20.59,19.94,1652846400000000000,1414
FVD,1631992,40.57,39.69,40.59,39.57,1652846400000000000,5700
FVIV,563,9.75,9.75,9.75,9.75,1652846400000000000,37
FVIV.U,200,9.77,9.77,9.77,9.77,1652846400000000000,2
FVIV.WS,400,0.26,0.2897,0.2897,0.26,1652846400000000000,4
FVRR,2298665,40.24,37.6,41.42,37.19,1652846400000000000,32767
FVT,8625,9.8,9.81,9.825,9.8,1652846400000000000,10
FVT.U,610,9.85,9.85,9.85,9.85,1652846400000000000,8
FWAC,2952,9.72,9.72,9.73,9.72,1652846400000000000,10
FWBI,703204,0.379,0.4018,0.4249,0.3489,1652846400000000000,862
FWONA,103476,55.58,54.59,56.28,54.15,1652846400000000000,2515
FWONK,1665493,61.08,59.77,61.8,59.33,1652846400000000000,13977
FWP,1046,5.29,5.17,5.49,5.02,1652846400000000000,18
FWRD,258292,96.43,89.68,96.43,88.82,1652846400000000000,6722
FWRG,129988,13.76,12.81,13.97,12.685,1652846400000000000,2053
FXA,6132,69.45,68.94,69.47,68.9,1652846400000000000,74
FXB,46200,119.24,118.608,119.33,118.55,1652846400000000000,302
FXC,84923,76.22,75.89,76.3334,75.85,1652846400000000000,201
FXCO,2001,9.9236,9.92,9.9236,9.92,1652846400000000000,5
FXCOW,300,0.1494,0.1489,0.1494,0.1489,1652846400000000000,3
FXD,97871,49.34,47.58,49.34,47.35,1652846400000000000,707
FXE,67364,97.4,96.88,97.56,96.8701,1652846400000000000,390
FXF,21048,89.96,90.775,90.91,89.96,1652846400000000000,214
FXG,210499,65.67,62.35,65.67,62.145,1652846400000000000,981
FXH,60589,106.86,104.84,107.17,104.47,1652846400000000000,734
FXI,29222091,30.11,29.62,30.32,29.59,1652846400000000000,57372
FXL,55769,101.27,98.58,101.85,98.25,1652846400000000000,707
FXLV,660379,7.02,6.41,7.35,6.4,1652846400000000000,8734
FXN,1467665,16.74,16.16,16.74,15.91,1652846400000000000,5796
FXNC,272,19.85,19.85,19.85,19.85,1652846400000000000,57
FXO,176811,42.16,41.38,42.199,41.24,1652846400000000000,1171
FXP,38439,42.62,44,44.03,42.12,1652846400000000000,404
FXR,132683,53.16,51.44,53.28,51.32,1652846400000000000,1268
FXU,474836,33.88,33.65,34.06,33.56,1652846400000000000,892
FXY,68303,72.71,73.03,73.15,72.71,1652846400000000000,541
FXZ,141101,69.38,67.56,69.85,67.24,1652846400000000000,1682
FYBR,1401853,23.42,22.49,23.65,22.425,1652846400000000000,13090
FYC,10863,58.16,56.56,58.16,56.264,1652846400000000000,129
FYLD,13381,25.89,25.78,26.0181,25.6115,1652846400000000000,184
FYT,9209,48.39,47.296,48.39,47.25,1652846400000000000,76
FYX,32126,83.58,81.52,83.69,81.07,1652846400000000000,377
FZT,600,9.77,9.77,9.77,9.77,1652846400000000000,1
FZT.WS,4802,0.125,0.1593,0.19,0.125,1652846400000000000,49
G,1478233,42.85,41.02,43.16,40.98,1652846400000000000,15997
GAA,6767,28.18,28.05,28.18,27.8401,1652846400000000000,64
GAB,597073,6.75,6.64,6.75,6.6,1652846400000000000,1819
GABpG,6826,22.8,23.05,23.05,22.6448,1652846400000000000,44
GABpH,3010,22.78,22.965,22.965,22.75,1652846400000000000,12
GABpK,8278,23.23,23.2848,23.65,23.2263,1652846400000000000,24
GABC,60644,35.38,35.46,35.8693,35.21,1652846400000000000,1640
GABF,650,25.06,24.9641,25.06,24.9641,1652846400000000000,1
GACQ,21626,10.03,10.03,10.03,10.02,1652846400000000000,38
GACQW,1905,0.162,0.18,0.2199,0.162,1652846400000000000,23
GAIA,103322,4.94,5.32,5.33,4.87,1652846400000000000,626
GAIN,82208,15.25,15.09,15.32,15.02,1652846400000000000,1413
GAINN,2521,24.65,24.385,24.68,24.0717,1652846400000000000,23
GAINZ,2343,23.58,23.51,23.63,23.5,1652846400000000000,25
GAL,4711,40.59,40.5,40.66,40.5,1652846400000000000,36
GALT,64835,1.33,1.28,1.39,1.28,1652846400000000000,289
GAM,11145,37.89,36.38,37.89,36.37,1652846400000000000,159
GAMpB,1241,26.005,25.96,26.005,25.96,1652846400000000000,7
GAMB,14620,8.04,8.06,8.21,7.78,1652846400000000000,414
GAMC,3002,9.72,9.72,9.72,9.72,1652846400000000000,4
GAMCU,1883,9.78,9.78,9.78,9.78,1652846400000000000,8
GAMCW,419866,0.1704,0.1914,0.2,0.15,1652846400000000000,24
GAME,45988,0.8247,0.8788,0.99,0.8247,1652846400000000000,173
GAMR,9925,63.32,62.46,63.77,62.37,1652846400000000000,213
GAN,300898,3.57,3.41,3.61,3.3901,1652846400000000000,3588
GANX,22952,2.69,2.66,2.75,2.615,1652846400000000000,150
GAPA,24374,9.92,9.92,9.93,9.92,1652846400000000000,44
GAPA.U,200,9.97,9.97,9.97,9.97,1652846400000000000,2
GASS,57805,2.56,2.42,2.5995,2.42,1652846400000000000,262
GAST,0,19.9148,19.9148,19.9148,19.9148,1652846400000000000,0
GATEU,349,9.9451,9.9451,9.9451,9.9451,1652846400000000000,2
GATEW,21500,0.15,0.15,0.15,0.12,1652846400000000000,40
GATO,762210,3.23,2.94,3.23,2.93,1652846400000000000,5131
GATX,212829,113,109.93,113.93,109.52,1652846400000000000,5480
GAU,151586,0.41,0.4023,0.42,0.4002,1652846400000000000,372
GAZ,27267,45.77,44.237,46.3298,43.0007,1652846400000000000,264
GB,18622,4.5717,4.48,4.6211,4.3598,1652846400000000000,58
GB.WS,5692,0.25,0.25,0.265801,0.25,1652846400000000000,17
GBAB,63312,18.61,18.64,18.74,18.52,1652846400000000000,459
GBBKU,88690,9.93,9.91,9.94,9.905,1652846400000000000,88
GBCI,325959,45.96,45.92,46.33,45.6,1652846400000000000,8647
GBDC,998689,14.55,14.19,14.55,14.15,1652846400000000000,9781
GBDV,7513,24.14,23.5778,24.14,23.5,1652846400000000000,93
GBF,8147,108.1357,108.4293,108.5544,108.1357,1652846400000000000,95
GBGR,111,16.1086,16.1086,16.1086,16.1086,1652846400000000000,16
GBIL,282862,99.92,99.93,99.9497,99.92,1652846400000000000,654
GBIO,273682,5.52,5.43,5.65,5.32,1652846400000000000,5931
GBL,14646,20.71,20.17,20.71,20.14,1652846400000000000,379
GBLD,1949,20.6641,20.56,20.7189,20.56,1652846400000000000,13
GBLI,18790,26.84,26.76,27.0675,26.4,1652846400000000000,109
GBLO,240,25.7671,25.7671,25.7671,25.7671,1652846400000000000,13
GBNH,592,2.41,2.41,2.41,2.41,1652846400000000000,7
GBNY,1981,11.625,11.65,11.7,11.625,1652846400000000000,32
GBOX,1011174,1.91,2.24,2.45,1.89,1652846400000000000,5845
GBR,64583,2.07,1.86,2.08,1.82,1652846400000000000,315
GBRGR,1483,0.0433,0.0499,0.0499,0.0433,1652846400000000000,11
GBS,101054,0.6602,0.6222,0.6905,0.6216,1652846400000000000,279
GBT,932445,27.81,27.04,28.41,26.65,1652846400000000000,11940
GBUG,0,30.24,30.24,30.24,30.24,1652846400000000000,0
GBUY,1,25.2995,25.2995,25.2995,25.2995,1652846400000000000,1
GBX,369778,44.42,42.66,44.7,42.56,1652846400000000000,6690
GCBC,11842,52.04,51.08,52.93,50.38,1652846400000000000,1024
GCC,58392,25.61,25.14,25.61,25.04,1652846400000000000,236
GCI,1295431,3.96,3.94,4.065,3.9,1652846400000000000,7836
GCIG,250,20.66,20.0589,20.66,20.0589,1652846400000000000,3
GCLN,0,36.3802,36.3802,36.3802,36.3802,1652846400000000000,0
GCMG,467954,8.27,8,8.32,7.92,1652846400000000000,6300
GCO,271159,59.22,56.89,59.22,55.42,1652846400000000000,7326
GCOR,48127,43.4522,43.58,43.72,43.4433,1652846400000000000,152
GCOW,161866,33.66,33.18,33.698,33.0506,1652846400000000000,838
GCP,2207024,30.75,31.1,31.275,30.71,1652846400000000000,17075
GCTK,359,3,2.8236,3,2.8236,1652846400000000000,10
GCV,23541,5.87,5.86,5.87,5.78,1652846400000000000,103
GD,1920509,230.52,225.98,232.25,225.45,1652846400000000000,36257
GDDY,1321390,72.03,70.03,73.09,69.75,1652846400000000000,20820
GDE,579,21.48,21.48,21.48,21.48,1652846400000000000,6
GDEN,305628,45.25,42.86,45.36,42.09,1652846400000000000,5926
GDL,7704,8.24,8.16,8.24,8.16,1652846400000000000,43
GDLpC,600,50.51,50.785,50.785,50.51,1652846400000000000,3
GDMA,17534,32.56,32.4304,32.587,32.375,1652846400000000000,55
GDMN,4820,25.57,25.1111,25.57,25.1111,1652846400000000000,50
GDO,29147,14.1,13.985,14.1111,13.91,1652846400000000000,254
GDOC,2205,28.15,28.13,28.22,28.07,1652846400000000000,17
GDOT,728868,27.73,28.75,29.49,27.564,1652846400000000000,10614
GDRX,2388412,8.44,8.31,8.65,8.21,1652846400000000000,18956
GDS,2203233,29.18,27.16,30.31,26.1563,1652846400000000000,25977
GDSTR,63100,0.16,0.1611,0.1611,0.1502,1652846400000000000,44
GDSTW,6812,0.049,0.09,0.09,0.049,1652846400000000000,13
GDV,195654,22.02,21.34,22.0507,21.175,1652846400000000000,1415
GDVpH,1700,25.045,25.09,25.09,25.045,1652846400000000000,4
GDVpK,22319,19.51,19.43,19.59,19.26,1652846400000000000,81
GDVD,356,22.745,22.3491,22.745,22.3491,1652846400000000000,8
GDX,18348297,31.12,30.45,31.28,30.43,1652846400000000000,80198
GDXD,31935,14.7,15.51,15.51,14.38,1652846400000000000,241
GDXJ,5591011,37.81,36.98,37.97,36.9,1652846400000000000,41259
GDXU,547673,8.07,7.55,8.18,7.55,1652846400000000000,2129
GDYN,423242,16.26,16.24,16.8255,15.7003,1652846400000000000,7111
GE,7049430,75.65,75.2,76.52,74.82,1652846400000000000,69366
GECC,34143,12.68,12.9,13.05,12.28,1652846400000000000,200
GECCM,2604,25.03,25.035,25.105,25.02,1652846400000000000,14
GECCO,1705,24.5,24.42,24.75,24.3,1652846400000000000,13
GEEX,1095,9.99,9.99,9.99,9.99,1652846400000000000,9
GEEXW,13882,0.1801,0.2099,0.21,0.1799,1652846400000000000,143
GEF,161043,61.56,59.77,61.56,59.41,1652846400000000000,4822
GEF.B,15499,58.74,57.22,58.74,56.75,1652846400000000000,506
GEG,16984,2.14,2.07,2.14,2.0035,1652846400000000000,92
GEL,391671,11.26,11.09,11.28,10.75,1652846400000000000,3459
GEM,213663,30.93,30.47,31.045,30.41,1652846400000000000,815
GEMD,9791,42.08,41.9907,42.38,41.93,1652846400000000000,117
GENC,12849,9.98,9.45,9.98,9.4292,1652846400000000000,175
GENE,44310,1.29,1.27,1.29,1.24,1652846400000000000,143
GENI,2331526,3.13,3.17,3.245,3.05,1652846400000000000,14129
GENI.WS,1603,0.5698,0.5699,0.5699,0.5598,1652846400000000000,5
GENQU,312,10.06,10.06,10.06,10.06,1652846400000000000,2
GENQW,1100,0.16,0.16,0.165,0.16,1652846400000000000,3
GENY,20301,41.4,40.44,41.52,40.44,1652846400000000000,71
GEO,1887334,6.71,6.72,6.9,6.58,1652846400000000000,12524
GEOS,13192,5.55,5.37,5.55,5.24,1652846400000000000,103
GER,70026,12.71,12.41,12.76,12.35,1652846400000000000,369
GERM,5073,23.06,22.96,23.4765,22.9129,1652846400000000000,47
GERN,2853713,1.37,1.3,1.405,1.29,1652846400000000000,8654
GES,1369516,20.76,20.17,21.04,20,1652846400000000000,17407
GET,19150,1.41,1.4,1.45,1.39,1652846400000000000,206
GEVO,8256681,3.85,3.74,4.09,3.65,1652846400000000000,26609
GF,47059,9.45,9.3,9.4599,9.27,1652846400000000000,210
GFAI,3525578,0.6106,0.5999,0.6499,0.5805,1652846400000000000,5321
GFAIW,1157,0.1901,0.2,0.2,0.1901,1652846400000000000,12
GFF,908181,30.78,29.84,31.7,29.7,1652846400000000000,11587
GFGDU,400,9.95,9.95,9.95,9.95,1652846400000000000,1
GFGF,23,19.9652,19.9652,19.9652,19.9652,1652846400000000000,8
GFI,7451673,11.3,11.2,11.585,11.11,1652846400000000000,37947
GFL,1306865,28.37,27.78,28.825,27.64,1652846400000000000,12267
GFLU,246305,65.28,63.75,65.72,63.75,1652846400000000000,102
GFOF,88696,14.44,13.8989,14.64,13.855,1652846400000000000,264
GFOR.WS,10997,0.244,0.3829,0.388,0.244,1652846400000000000,122
GFS,1478124,54.2,53.69,57.0899,53.04,1652846400000000000,19405
GFX,7333,9.84,9.82,9.84,9.81,1652846400000000000,27
GFX.WS,100,0.13,0.13,0.13,0.13,1652846400000000000,1
GGAA,29185,9.9871,9.97,9.9871,9.97,1652846400000000000,49
GGAL,433821,9.46,9.25,9.55,9.195,1652846400000000000,4418
GGB,13016766,5.48,5.25,5.5,5.235,1652846400000000000,19844
GGE,10217,1.73,1.7999,1.96,1.73,1652846400000000000,82
GGG,590846,60.69,59.41,61.26,59.12,1652846400000000000,10305
GGGVR,1903,0.1524,0.1432,0.1524,0.14,1652846400000000000,24
GGGVU,2060,10.22,10.22,10.22,10.22,1652846400000000000,7
GGMC,1038,9.77,9.77,9.77,9.77,1652846400000000000,16
GGMCW,1900,0.15,0.1899,0.1899,0.15,1652846400000000000,6
GGN,608288,3.9,3.83,3.9,3.83,1652846400000000000,1590
GGNpB,1534,22.7201,22.8,22.846,22.72,1652846400000000000,5
GGPI,1862507,10.28,10.21,10.29,10.2,1652846400000000000,7684
GGPIU,500,10.9108,10.6864,10.9108,10.6864,1652846400000000000,6
GGPIW,31761,2.21,2.325,2.35,2.16,1652846400000000000,115
GGR,308831,5.2,4.76,5.22,4.75,1652846400000000000,2978
GGROW,78226,0.9941,0.6787,0.9941,0.6502,1652846400000000000,179
GGRW,0,16.5539,16.5539,16.5539,16.5539,1652846400000000000,0
GGT,34191,7.61,7.41,7.6801,7.3033,1652846400000000000,180
GGTpE,600,22.8995,22.8995,22.8995,22.8995,1652846400000000000,1
GGTpG,2600,23.4899,23.368,23.4899,23.033,1652846400000000000,14
GGZ,19082,12.25,12.044,12.285,11.99,1652846400000000000,141
GH,1645855,33.85,32.21,35,32.01,1652846400000000000,20593
GHAC,2003,9.79,9.78,9.79,9.78,1652846400000000000,2
GHACW,7200,0.1499,0.1566,0.1566,0.1499,1652846400000000000,16
GHC,17076,610,607.95,612.715,600.7,1652846400000000000,2055
GHG,17708,3.92,3.99,4.0399,3.77,1652846400000000000,144
GHIX,6210,9.65,9.65,9.65,9.64,1652846400000000000,13
GHIXU,601,9.71,9.82,9.82,9.71,1652846400000000000,3
GHIXW,600,0.3434,0.4501,0.4501,0.3434,1652846400000000000,2
GHL,228557,12.5,12.07,12.5,12.04,1652846400000000000,4181
GHLD,18520,8.8,9.12,9.69,8.8,1652846400000000000,259
GHM,14133,7.64,7.44,7.9,7.4,1652846400000000000,166
GHRS,102268,10.9,10.01,11.01,9.84,1652846400000000000,950
GHSI,849301,0.1689,0.159,0.169,0.1568,1652846400000000000,1521
GHTA,0,22.3429,22.3429,22.3429,22.3429,1652846400000000000,0
GHY,84606,11.9,11.84,11.9,11.79,1652846400000000000,479
GHYB,11724,43.45,43.3055,43.45,43.29,1652846400000000000,174
GHYG,2974,42.7,42.4,42.7,42.38,1652846400000000000,35
GIA,4567,9.97,9.99,9.99,9.97,1652846400000000000,42
GIA.U,1218,10.095,10.04,10.095,10.04,1652846400000000000,3
GIA.WS,400,0.1599,0.2397,0.2397,0.11,1652846400000000000,4
GIACW,100,0.23,0.23,0.23,0.23,1652846400000000000,1
GIB,174837,80.9,80.72,81.9816,80.41,1652846400000000000,3129
GIC,43391,34,33.45,34.38,33.285,1652846400000000000,1424
GIFI,55669,3.48,3.41,3.49,3.41,1652846400000000000,348
GIGB,24214,46.22,46.428,46.428,46.22,1652846400000000000,252
GIGE,1171,16.98,15,16.98,15,1652846400000000000,46
GIGM,10211,1.54,1.53,1.54,1.52,1652846400000000000,45
GII,31422,56.98,56.32,57.03,56.2,1652846400000000000,273
GIII,646134,24.24,23.54,24.5,23.33,1652846400000000000,10101
GIIX,38737,9.86,9.8699,9.9,9.855,1652846400000000000,138
GIIXU,7304,9.94,9.93,9.95,9.925,1652846400000000000,49
GIIXW,11602,0.6401,0.6213,0.6999,0.6213,1652846400000000000,38
GIL,774315,30.8,30.17,30.93,29.9,1652846400000000000,9057
GILD,9557513,63.14,63.22,63.925,62.6901,1652846400000000000,88478
GILT,161825,7,7,7.15,6.85,1652846400000000000,1803
GIM,153967,4.5,4.52,4.54,4.47,1652846400000000000,891
GINN,6375,44.79,43.7495,45.06,43.7495,1652846400000000000,74
GIPR,12352,6.74,6.25,6.74,6.2001,1652846400000000000,153
GIPRW,1500,0.5716,0.57,0.5716,0.57,1652846400000000000,2
GIS,5638129,72.53,67.57,72.65,67.14,1652846400000000000,59591
GIWWW,3000,0.1101,0.1101,0.1101,0.1101,1652846400000000000,1
GJH,2470,10.05,10.1,10.1,10.05,1652846400000000000,11
GJO,7701,23.05,23.2,23.3,23.05,1652846400000000000,9
GJS,900,21.3,21.35,21.35,21.2,1652846400000000000,6
GJT,400,20.5416,20.5,20.5416,20.5,1652846400000000000,3
GK,23015,17.4025,17.1119,17.43,17.07,1652846400000000000,156
GKOS,510458,39.86,39.12,40.56,38.76,1652846400000000000,7911
GL,400055,97.8,95.81,97.8,95.5,1652846400000000000,9584
GLpD,26326,19.31,19.22,19.385,19.1622,1652846400000000000,199
GLAD,206242,11.94,11.92,11.94,11.63,1652846400000000000,2142
GLAQ,2975,10.28,10.27,10.28,10.27,1652846400000000000,13
GLAQW,7250,0.385,0.35,0.385,0.35,1652846400000000000,23
GLBE,5442797,21.99,19.23,22.9389,18.49,1652846400000000000,53451
GLBL,402,9.82,9.82,9.82,9.82,1652846400000000000,4
GLBLU,24677,9.93,9.92,9.93,9.92,1652846400000000000,190
GLBLW,368,0.4499,0.4499,0.4499,0.4499,1652846400000000000,8
GLBS,102845,2.13,2.06,2.19,2.02,1652846400000000000,455
GLBZ,1754,12.22,11.87,12.22,11.87,1652846400000000000,39
GLCN,1533,27.23,27.1865,27.27,27.1865,1652846400000000000,17
GLD,7456600,169.01,169.42,170.21,168.81,1652846400000000000,43928
GLDB,550,20.34,20.445,20.445,20.34,1652846400000000000,8
GLDD,438473,14.4,14.34,15.1,14.29,1652846400000000000,6268
GLDG,359617,1.07,1,1.07,1,1652846400000000000,1414
GLDI,129402,7.95,7.96,7.99,7.94,1652846400000000000,582
GLDM,830297,36.01,36.09,36.2499,35.9599,1652846400000000000,2696
GLDX,52,25.7255,25.7255,25.7255,25.7255,1652846400000000000,3
GLEEW,3150,0.46,0.3699,0.46,0.3333,1652846400000000000,25
GLG,409838,0.195,0.1798,0.195,0.1701,1652846400000000000,727
GLHA,301,9.7405,9.7409,9.745,9.7405,1652846400000000000,4
GLHAW,2600,0.1538,0.18,0.1999,0.1538,1652846400000000000,24
GLIF,160,27.612,27.612,27.612,27.612,1652846400000000000,6
GLIN,1299,34.19,34.06,34.2137,34,1652846400000000000,17
GLL,57856,31.47,31.33,31.5,31.06,1652846400000000000,332
GLLI,5000,9.89,9.89,9.89,9.89,1652846400000000000,2
GLMD,89003,0.5842,0.539,0.5842,0.52,1652846400000000000,324
GLNG,1349948,24.0634,23.57,24.75,23.11,1652846400000000000,16672
GLO,153839,8.28,8.21,8.28,8.11,1652846400000000000,688
GLOB,311965,180.35,179.69,183.96,177.105,1652846400000000000,8686
GLOGpA,30565,25.11,24.9,25.12,23.36,1652846400000000000,155
GLOP,135723,5.01,4.88,5.17,4.88,1652846400000000000,875
GLOPpA,5918,25.68,25.5712,25.7,25.55,1652846400000000000,58
GLOPpB,8441,25.4,25.21,25.4,25.15,1652846400000000000,61
GLOPpC,8979,25.4801,25.45,25.5,25.35,1652846400000000000,47
GLOV,18075,39.05,38.3257,39.05,38.31,1652846400000000000,30
GLP,81091,27.62,27.51,27.77,27.2,1652846400000000000,967
GLPpA,6576,26.25,25.8902,26.25,25.8794,1652846400000000000,35
GLPpB,4205,26.0087,26.01,26.06,26.0087,1652846400000000000,27
GLPG,351785,57.6,55.59,57.815,55.44,1652846400000000000,4566
GLPI,859120,45.27,44.49,45.39,44.35,1652846400000000000,13050
GLQ,82005,10.05,10.08,10.18,9.92,1652846400000000000,506
GLRE,92936,7.41,7.23,7.43,7.22,1652846400000000000,1538
GLRY,2624,22.46,21.792,22.46,21.74,1652846400000000000,20
GLS,72722,4.91,4.9,4.98,4.65,1652846400000000000,1221
GLS.WS,14000,0.28,0.28,0.28,0.28,1652846400000000000,48
GLSI,230014,9.25,9.3,9.99,9.15,1652846400000000000,2579
GLSPT,2469,10.14,10.14,10.14,10.135,1652846400000000000,15
GLT,416356,7.98,7.84,8.08,7.7,1652846400000000000,4896
GLTA.WS,33319,0.17,0.1503,0.17,0.14485,1652846400000000000,24
GLTO,58514,1.42,1.39,1.42,1.38,1652846400000000000,207
GLTR,49559,87.91,87.51,88.229,87.4452,1652846400000000000,674
GLU,7357,16.61,16.44,16.68,16.3601,1652846400000000000,104
GLUpB,440,50.4801,50.48,50.4801,50.48,1652846400000000000,8
GLUr,65117,0.025,0.03,0.04,0.025,1652846400000000000,89
GLUE,129573,8.28,8.17,8.76,7.91,1652846400000000000,2944
GLV,134951,9.62,9.65,9.7,9.45,1652846400000000000,672
GLW,7796055,35.83,34.06,35.83,33.815,1652846400000000000,65115
GLYC,113056,0.643,0.601,0.67,0.6,1652846400000000000,416
GM,19025728,37.5,35.83,37.77,35.59,1652846400000000000,145915
GMAB,940144,29.83,29.59,30.24,29.53,1652846400000000000,9316
GMBL,239661,0.468,0.4831,0.49,0.4504,1652846400000000000,719
GMBLP,1615,7,7,7,6.5,1652846400000000000,17
GMBLW,4187,0.1454,0.1454,0.1454,0.143496,1652846400000000000,23
GMDA,231643,2.36,2.26,2.44,2.25,1652846400000000000,1541
GME,2889826,96.38,91.48,99.8399,90.171,1652846400000000000,64669
GMED,791122,65.93,65.72,66.89,65.57,1652846400000000000,12406
GMET,7859,31.5,30.8172,31.5,30.74,1652846400000000000,92
GMF,10252,101.165,99.3116,101.33,99.29,1652846400000000000,149
GMFI,170002,9.89,9.88,9.89,9.88,1652846400000000000,3
GMFIW,7000,0.13,0.13,0.1301,0.13,1652846400000000000,3
GMGI,22209,4.6,4.58,4.7034,4.19,1652846400000000000,286
GMOM,61064,31.75,30.9253,31.75,30.86,1652846400000000000,259
GMRE,347008,13.34,13.07,13.3899,13.03,1652846400000000000,3433
GMREpA,2115,25.1001,25.215,25.215,25,1652846400000000000,10
GMS,205627,47.67,47.11,48.66,46.52,1652846400000000000,5026
GMTX,322394,1.36,1.45,1.46,1.36,1652846400000000000,1415
GMVD,226200,0.74,0.7102,0.7909,0.69,1652846400000000000,307
GNACW,492889,0.09,0.14,0.15,0.09,1652846400000000000,95
GNCA,1082385,0.2182,0.2421,0.245,0.215,1652846400000000000,1135
GNE,88799,7.4,7.45,7.6393,7.3596,1652846400000000000,644
GNEpA,5249,9.34,9.16,9.34,9.16,1652846400000000000,34
GNFT,8033,3.43,3.42,3.48,3.37,1652846400000000000,146
GNK,918952,21.87,21.44,22.74,21.16,1652846400000000000,11649
GNL,968155,14.19,14.06,14.44,14.05,1652846400000000000,9787
GNLpA,3462,24.15,23.15,24.19,23.06,1652846400000000000,51
GNLpB,10314,22.5,22.3776,22.54,22.3001,1652846400000000000,80
GNLN,457177,0.38,0.3552,0.3832,0.3441,1652846400000000000,2301
GNMA,36895,46,46.15,46.255,45.96,1652846400000000000,113
GNOM,95970,11.77,11.55,12,11.49,1652846400000000000,1052
GNPX,142420,1.56,1.46,1.6,1.45,1652846400000000000,639
GNR,256283,60.63,59.22,60.65,58.9399,1652846400000000000,2419
GNRC,1067971,220.91,209.81,226.76,206.74,1652846400000000000,27985
GNS,30620,5.88,5.85,6.19,5.85,1652846400000000000,266
GNSS,164742,3.09,3.12,3.1495,2.9505,1652846400000000000,692
GNT,70920,5.2,5.1,5.2,5.05,1652846400000000000,363
GNTpA,1013,22.6157,23.55,23.55,22.6157,1652846400000000000,7
GNTA,1263,6.59,6.3001,6.6,6.3001,1652846400000000000,28
GNTX,754093,29.92,29.66,30.23,29.56,1652846400000000000,12582
GNTY,17336,34.81,34.89,35.0772,34.79,1652846400000000000,614
GNUS,82392371,0.9001,0.7751,0.93,0.73,1652846400000000000,103378
GNW,4219202,4.06,4,4.13,3.98,1652846400000000000,16582
GO,1161713,36.11,35.03,36.19,34.53,1652846400000000000,18415
GOAC,114051,9.92,9.92,9.94,9.92,1652846400000000000,137
GOAC.WS,31950,0.1,0.095,0.1,0.0905,1652846400000000000,28
GOAU,26974,16.71,16.27,16.71,16.25,1652846400000000000,149
GOCO,1226354,0.6658,0.63,0.6871,0.621,1652846400000000000,5818
GOED,1439662,1.73,1.6,1.73,1.57,1652846400000000000,5229
GOED.WS,243543,0.53,0.484,0.53,0.44,1652846400000000000,323
GOEV,1740509,3.56,3.38,3.72,3.35,1652846400000000000,12957
GOEVW,50949,0.5306,0.47,0.5599,0.4651,1652846400000000000,146
GOEX,2295,26.25,26.2745,26.71,26.25,1652846400000000000,36
GOF,587890,17.575,17.54,17.63,17.32,1652846400000000000,2999
GOGL,4885055,15.14,14.72,15.285,14.56,1652846400000000000,37450
GOGN,2591,10.0517,10.01,10.0517,10,1652846400000000000,30
GOGO,675559,18.14,17.53,18.24,17.37,1652846400000000000,11223
GOL,1787220,6,5.88,6.18,5.815,1652846400000000000,10624
GOLD,20660080,20.38,19.75,20.47,19.73,1652846400000000000,70952
GOLF,397331,42.25,41,42.525,40.26,1652846400000000000,6969
GOOD,281836,20.26,19.64,20.26,19.57,1652846400000000000,4763
GOODN,15494,24.33,24.5,24.51,24.15,1652846400000000000,71
GOODO,5237,22.99,24.49,24.85,22.9,1652846400000000000,70
GOOG,1389434,2304.75,2248.02,2313.9134,2242.84,1652846400000000000,85041
GOOGL,1733663,2300,2237.99,2308,2231.11,1652846400000000000,132773
GOOS,2226855,20.25,19.01,20.36,18.92,1652846400000000000,22512
GORO,973273,1.93,1.88,1.9408,1.88,1652846400000000000,3775
GOSS,491260,8.4,7.76,8.6,7.72,1652846400000000000,7659
GOTU,2211568,1.34,1.38,1.45,1.3394,1652846400000000000,2967
GOVT,18416052,23.94,24.06,24.1,23.935,1652846400000000000,7794
GOVX,52191,0.67,0.6709,0.697,0.650001,1652846400000000000,187
GOVXW,1820,0.2,0.17,0.2,0.17,1652846400000000000,14
GOVZ,20452,15.58,15.97,15.98,15.58,1652846400000000000,131
GP,176899,3.99,4,4.15,3.91,1652846400000000000,1462
GPAC,123987,9.82,9.79,9.82,9.79,1652846400000000000,37
GPACU,5900,9.85,9.82,9.85,9.82,1652846400000000000,10
GPACW,6207,0.16,0.19,0.33,0.16,1652846400000000000,70
GPAL,0,32.4947,32.4947,32.4947,32.4947,1652846400000000000,0
GPC,905503,135.92,131.48,135.92,130.26,1652846400000000000,20572
GPCO,10597,10.06,10.08,10.08,10.06,1652846400000000000,23
GPCOR,2732,0.2,0.2,0.2,0.2,1652846400000000000,8
GPCOU,780,10.29,10.29,10.29,10.29,1652846400000000000,8
GPCOW,6600,0.0511,0.0699,0.08,0.0511,1652846400000000000,27
GPI,238675,184.46,174.22,184.74,172.4,1652846400000000000,7802
GPJA,25061,24.01,24.01,24.23,23.75,1652846400000000000,228
GPK,1970921,21.32,20.64,21.32,20.565,1652846400000000000,21234
GPL,1030457,0.18,0.175,0.180399,0.1712,1652846400000000000,830
GPMT,394003,10.12,9.98,10.18,9.9,1652846400000000000,4525
GPMTpA,45289,20.9,20.07,21.02,19.24,1652846400000000000,287
GPN,1722237,121.42,119.67,122.61,119.11,1652846400000000000,26718
GPOR,165860,92.1,89.5,92.1,88.42,1652846400000000000,5350
GPP,82310,12.99,12.63,12.9995,12.5919,1652846400000000000,425
GPRE,1584716,33.4,33.8,35.155,33,1652846400000000000,20757
GPRK,147348,16.2,15.52,16.2,15.14,1652846400000000000,1880
GPRO,1735340,6.89,6.79,7.02,6.715,1652846400000000000,17299
GPS,8871188,12.15,11.55,12.185,11.44,1652846400000000000,62736
GQRE,5571,61.65,60.3647,61.6999,60.3312,1652846400000000000,68
GRAB,19766027,2.7,2.53,2.745,2.46,1652846400000000000,44098
GRABW,3033,0.4799,0.411,0.4799,0.41,1652846400000000000,17
GRAY,17128,0.91,0.8766,0.95,0.858001,1652846400000000000,137
GRBK,528904,23.48,22.57,23.51,22.43,1652846400000000000,7606
GRBKpA,13627,23.1,22.95,23.1025,22.9,1652846400000000000,61
GRC,82205,29.57,29.49,30.08,29.27,1652846400000000000,1681
GRCL,27892,3.38,3.39,3.51,3.3,1652846400000000000,314
GRCY,5201,10.44,10.45,10.45,10.44,1652846400000000000,7
GREE,250849,5.32,5.17,5.58,5.08,1652846400000000000,2467
GREEL,15373,20.5,19.23,21.5,18.8865,1652846400000000000,139
GREI,2439,35.51,34.9387,35.62,34.91,1652846400000000000,11
GREK,27840,25.16,24.61,25.33,24.61,1652846400000000000,201
GRES,7464,34.09,33.2553,34.09,33.19,1652846400000000000,42
GRF,5375,10.23,9.8,10.26,9.0738,1652846400000000000,116
GRFS,1229820,12.83,12.96,13.13,12.77,1652846400000000000,9301
GRID,36046,82.74,81.45,83.7022,81.275,1652846400000000000,394
GRIL,182277,0.42,0.385,0.4201,0.3696,1652846400000000000,330
GRIN,593517,26.35,26.85,27.87,26.15,1652846400000000000,6603
GRMN,1051560,103.08,101.2,103.3988,100.44,1652846400000000000,15948
GRN,89795,32.75,33.05,33.6822,32.45,1652846400000000000,766
GRNA,119689,7.09,6.78,7.22,6.61,1652846400000000000,2879
GRNAW,8901,0.7501,0.7104,0.77,0.7104,1652846400000000000,13
GRNB,14144,23.82,23.86,23.86,23.81,1652846400000000000,68
GRNQ,153261,0.3597,0.3476,0.3597,0.335,1652846400000000000,252
GRNR,0,23.3677,23.3677,23.3677,23.3677,1652846400000000000,0
GROM,105474,0.618,0.5833,0.618,0.581,1652846400000000000,253
GROW,51307,4.825,4.81,4.87,4.7703,1652846400000000000,575
GROY,423233,3.12,3.06,3.18,3,1652846400000000000,2416
GROY.WS,10196,0.47,0.4305,0.4701,0.43,1652846400000000000,25
GRP.U,3526,68.26,67.43,68.59,67.43,1652846400000000000,64
GRPH,394280,2.58,2.36,2.64,2.34,1652846400000000000,3855
GRPN,1141959,13.81,12.7,13.9699,12.605,1652846400000000000,15542
GRTS,946515,2.1,1.98,2.1,1.965,1652846400000000000,6287
GRTX,115824,1.66,1.7,1.79,1.57,1652846400000000000,613
GRU,22803,6.77,6.6,6.77,6.5,1652846400000000000,166
GRVI,251813,5.02,5.51,5.55,4.65,1652846400000000000,1236
GRVY,10824,55.75,53.99,56.04,53.515,1652846400000000000,618
GRWG,2218601,5.53,5.09,5.58,5.02,1652846400000000000,16853
GRX,38049,11.48,11.06,11.5297,11.06,1652846400000000000,395
GRZZ,275,22.89,22.3523,22.89,22.3523,1652846400000000000,3
GS,1995143,309,306.73,312.86,304.88,1652846400000000000,46052
GSpA,42446,18.81,19.17,19.23,18.665,1652846400000000000,207
GSpC,12869,18.99,19,19.15,18.72,1652846400000000000,89
GSpD,105814,18.91,18.93,19.04,18.7,1652846400000000000,491
GSpJ,158532,24.3,24.2,24.5422,24.01,1652846400000000000,1191
GSpK,82759,25.15,25.02,25.21,25,1652846400000000000,613
GSAQ,3659,9.93,9.95,9.95,9.9299,1652846400000000000,29
GSAQW,131300,0.1,0.1,0.1,0.1,1652846400000000000,135
GSAT,2962021,1.2,1.18,1.23,1.15,1652846400000000000,8141
GSBC,41687,58.4,57.66,58.64,57.26,1652846400000000000,1625
GSBD,317372,18.5,18.02,18.53,18.015,1652846400000000000,2892
GSEE,0,41.8417,41.8417,41.8417,41.8417,1652846400000000000,0
GSEU,2409,30.8101,30.3482,30.8101,30.3482,1652846400000000000,18
GSEV,31586,9.76,9.79,9.79,9.76,1652846400000000000,56
GSEVU,38821,9.8,9.82,9.82,9.8,1652846400000000000,119
GSEVW,20140,0.44,0.5299,0.59,0.4384,1652846400000000000,247
GSEW,36818,59.68,58.18,59.8,57.965,1652846400000000000,198
GSFP,3053,30.35,29.7944,30.35,29.7944,1652846400000000000,16
GSG,1867250,24.57,23.93,24.57,23.84,1652846400000000000,6231
GSHD,231741,51,49.35,52.49,49.12,1652846400000000000,4722
GSID,758,47.95,47.6361,47.95,47.6361,1652846400000000000,2
GSIE,531870,29.98,29.54,30.04,29.51,1652846400000000000,2043
GSIG,40,46.803,46.803,46.803,46.803,1652846400000000000,9
GSIT,19503,2.99,3.07,3.22,2.99,1652846400000000000,105
GSJY,363,31.2999,30.9877,31.2999,30.98,1652846400000000000,6
GSK,4785074,44.38,43.63,44.48,43.6,1652846400000000000,28251
GSL,779945,22.7,21.7,22.795,21.53,1652846400000000000,7036
GSLpB,32506,25.78,25.4721,25.92,25.3173,1652846400000000000,286
GSLC,329617,79.97,77.48,80.0752,77.25,1652846400000000000,2071
GSLD,26344,25.7,25.53,25.732,25.52,1652846400000000000,112
GSM,1637656,7.55,7.23,7.835,7.18,1652846400000000000,14822
GSMG,125160,0.75,0.69,0.75,0.68,1652846400000000000,296
GSMGW,110,0.0113,0.0113,0.0113,0.0113,1652846400000000000,2
GSP,2254,25.2501,24.8891,25.395,24.6501,1652846400000000000,37
GSPY,1407,22.18,21.6,22.18,21.51,1652846400000000000,22
GSQB.U,1350,9.83,9.825,9.83,9.825,1652846400000000000,4
GSQD,2430,9.81,9.82,9.835,9.81,1652846400000000000,5
GSQD.WS,2190,0.34495,0.3959,0.3999,0.34495,1652846400000000000,12
GSRM,2565,9.84,9.9,9.9195,9.84,1652846400000000000,16
GSRMR,500,1.15,1.15,1.15,1.15,1652846400000000000,3
GSRMU,621,10.05,10.0503,10.0503,10.05,1652846400000000000,4
GSSC,18920,55.97,54.72,55.9858,54.34,1652846400000000000,267
GSST,260145,50,50.02,50.02,49.99,1652846400000000000,538
GSUS,24990,54.7,53.34,54.76,53.21,1652846400000000000,115
GSV,131844,0.375,0.3644,0.375,0.3501,1652846400000000000,365
GSY,334938,49.7,49.69,49.71,49.69,1652846400000000000,1034
GT,6043545,12.07,11.64,12.19,11.575,1652846400000000000,38166
GTACW,2100,0.12,0.2649,0.2649,0.12,1652846400000000000,31
GTBP,247635,2.55,2.52,2.6,2.4301,1652846400000000000,1726
GTE,6526829,1.61,1.51,1.62,1.49,1652846400000000000,8324
GTEC,80624,3.14,3.05,3.15,2.86,1652846400000000000,360
GTEK,32067,24.83,24.07,24.9404,24.01,1652846400000000000,339
GTES,449294,12.7,12.37,12.795,12.28,1652846400000000000,5835
GTH,170836,1.55,1.53,1.57,1.5,1652846400000000000,989
GTHX,1595556,4.44,4.63,4.74,4.4,1652846400000000000,13474
GTIM,7617,3,2.9,3,2.89,1652846400000000000,61
GTIP,115493,53.57,53.9,53.98,53.57,1652846400000000000,909
GTLB,991534,39.74,37.7,41.45,37.08,1652846400000000000,15668
GTLS,319677,176.78,171.17,178.62,169.42,1652846400000000000,8290
GTN,1509078,20.33,20.33,20.71,20.02,1652846400000000000,14492
GTN.A,793,18.3701,18.0002,18.3701,18,1652846400000000000,19
GTO,254137,49.33,49.53,49.53,49.33,1652846400000000000,731
GTPAW,2731,0.5768,0.6,0.606,0.5768,1652846400000000000,18
GTPB,2600,9.75,9.76,9.76,9.75,1652846400000000000,8
GTPBW,18954,0.5024,0.45,0.5029,0.45,1652846400000000000,62
GTR,6076,22.78,22.505,22.78,22.4981,1652846400000000000,27
GTX,280019,5.87,5.75,6.08,5.655,1652846400000000000,2755
GTXAP,33228,7.1899,7.04,7.2,6.75,1652846400000000000,168
GTY,263758,27.31,27.02,27.58,26.86,1652846400000000000,3709
GTYH,638912,5.86,5.82,5.92,5.78,1652846400000000000,3093
GUG,127880,14.65,14.53,15.19,14.41,1652846400000000000,540
GUNR,1795139,45.44,44.43,45.57,44.24,1652846400000000000,11087
GURE,5598,3.91,3.87,3.91,3.75,1652846400000000000,60
GURU,1020,35,33.97,35,33.88,1652846400000000000,35
GUSA,800,34.59,34.045,34.59,34.045,1652846400000000000,8
GUSH,975459,178.6,165,178.98,158.78,1652846400000000000,11633
GUT,110257,7.03,7,7.1,7,1652846400000000000,201
GUTpC,800,24.891,25,25.15,24.891,1652846400000000000,8
GVA,596182,31.82,31.66,32.89,31.23,1652846400000000000,9131
GVAL,23077,20.09,19.65,20.09,19.64,1652846400000000000,157
GVCIU,195,10.03,10.03,10.03,10.03,1652846400000000000,1
GVI,960887,106,106.05,106.31,105.86,1652846400000000000,2212
GVIP,12334,76.28,74.0424,77.17,74.0259,1652846400000000000,96
GVP,35349,1.35,1.28,1.35,1.28,1652846400000000000,154
GWH,2518415,5.35,5.37,5.75,5.21,1652846400000000000,18784
GWH.WS,3241,1.02,1.01,1.02,1.01,1652846400000000000,11
GWIIW,2136,0.1889,0.17,0.1907,0.125,1652846400000000000,27
GWRE,542651,79.67,76.76,79.8,76.575,1652846400000000000,9288
GWRS,19306,13.72,13.44,13.725,13.32,1652846400000000000,508
GWW,314836,476.42,465.78,477.605,465.04,1652846400000000000,12077
GWX,157617,31.7,31.21,31.74,31.1601,1652846400000000000,803
GXC,36595,81.66,80.3,82.13,80.18,1652846400000000000,364
GXG,8895,30.5,29.37,30.5,29.178,1652846400000000000,71
GXII,2010,9.75,9.76,9.765,9.75,1652846400000000000,5
GXO,2245165,54.1,53.4,55.26,52.51,1652846400000000000,24460
GXTG,18327,30.47,30.01,30.849,29.9552,1652846400000000000,119
GYLD,2171,13.85,13.71,13.8727,13.71,1652846400000000000,18
GYRO,2652,12.51,12.3,12.51,12.01,1652846400000000000,26
H,1030061,81.37,79.03,83.13,78.03,1652846400000000000,18935
HA,1037205,16.5,16.49,17.04,16.25,1652846400000000000,14410
HAAC,49616,9.84,9.84,9.855,9.83,1652846400000000000,436
HAACW,16366,0.23,0.245,0.2613,0.23,1652846400000000000,40
HACK,148495,46.42,45.24,46.65,45,1652846400000000000,1564
HAE,584070,59.46,59.04,60.14,58.59,1652846400000000000,7447
HAFC,251848,22.11,22.01,22.24,21.71,1652846400000000000,3558
HAIA,410,9.88,9.88,9.88,9.88,1652846400000000000,2
HAIAW,2200,0.2186,0.2,0.2499,0.2,1652846400000000000,18
HAIL,5707,38.62,37.8165,39.3371,37.73,1652846400000000000,136
HAIN,1351733,26.67,25.12,26.67,24.75,1652846400000000000,16501
HAL,9382048,38.25,36,38.34,35.385,1652846400000000000,90571
HALL,57839,2.82,2.68,2.82,2.68,1652846400000000000,244
HALO,1296039,43.64,43,44.5,42.851,1652846400000000000,17284
HAP,15512,52.13,50.92,52.15,50.76,1652846400000000000,159
HAPP,99693,0.205,0.2001,0.205,0.1855,1652846400000000000,202
HAPY,223,16.31,16.3338,16.3338,16.31,1652846400000000000,4
HARP,389693,2.76,2.52,2.8899,2.51,1652846400000000000,2626
HART,0,26.3707,26.3707,26.3707,26.3707,1652846400000000000,0
HAS,843899,91.82,90.73,92.18,90.415,1652846400000000000,20403
HASI,775777,38.38,38.47,39.26,38.0928,1652846400000000000,10627
HAUS,73,18.2361,18.2361,18.2361,18.2361,1652846400000000000,10
HAUZ,50176,24.13,23.7886,24.13,23.77,1652846400000000000,256
HAWX,12338,29.75,29.4193,29.8387,29.4,1652846400000000000,48
HAYN,129828,38.15,38.11,39.66,37.695,1652846400000000000,2679
HAYW,1042042,14.55,14.41,14.82,14.15,1652846400000000000,10649
HBAN,11337827,13.42,13.19,13.43,13.09,1652846400000000000,46954
HBANM,13371,22.75,22.78,22.8999,22.67,1652846400000000000,93
HBANP,116376,18.23,18,18.26,17.79,1652846400000000000,900
HBB,31212,9.55,9.51,9.655,9.44,1652846400000000000,1111
HBCP,11697,34.91,34.35,35.1,33.96,1652846400000000000,397
HBI,9397686,12.5,12.07,12.64,11.89,1652846400000000000,50719
HBIO,165691,3.73,3.65,3.74,3.62,1652846400000000000,2655
HBM,1293648,5.68,5.46,5.81,5.4,1652846400000000000,6207
HBNC,105708,17.37,17.12,17.52,16.7976,1652846400000000000,1713
HBT,11699,16.8,16.77,17.2355,16.73,1652846400000000000,324
HCA,2354632,212.78,206.8,212.78,205.16,1652846400000000000,40584
HCAR,3884,9.85,9.815,9.85,9.81,1652846400000000000,30
HCARW,3605,0.14,0.1679,0.1999,0.14,1652846400000000000,13
HCAT,673162,14.86,14.02,15.15,13.93,1652846400000000000,9242
HCC,1742828,33.59,33.17,34.19,32.75,1652846400000000000,15468
HCCI,115329,26.62,25.98,26.74,25.89,1652846400000000000,2165
HCDI,509271,2.04,1.98,2.04,1.93,1652846400000000000,1960
HCDIP,17736,15.3199,15.486,15.486,15.19,1652846400000000000,86
HCDIW,10042,0.210001,0.2195,0.22,0.210001,1652846400000000000,59
HCDIZ,30003,0.45,0.445,0.45,0.420603,1652846400000000000,27
HCI,69857,65.4,64.43,66.13,63.5,1652846400000000000,1767
HCIC,1001,9.8,9.8,9.805,9.8,1652846400000000000,23
HCICU,205,9.85,9.85,9.85,9.85,1652846400000000000,3
HCICW,3119,0.225,0.213,0.225,0.213,1652846400000000000,9
HCII,3481,9.78,9.8,9.8,9.78,1652846400000000000,30
HCIIW,1479,0.17,0.1601,0.17,0.1601,1652846400000000000,8
HCKT,154753,20.73,19.91,20.73,19.68,1652846400000000000,2667
HCM,973855,10.27,8.91,10.67,8.78,1652846400000000000,9562
HCNEU,5622,9.86,9.825,9.885,9.825,1652846400000000000,16
HCNEW,112735,0.45,0.38,0.45,0.38,1652846400000000000,33
HCOM,1037,26.585,26.6193,26.66,26.541,1652846400000000000,44
HCP,1099214,34.71,33.62,35.9,31.5,1652846400000000000,13897
HCRB,1441,36.15,36.275,36.32,36.15,1652846400000000000,5
HCSG,909496,17.47,17.05,17.94,16.97,1652846400000000000,12039
HCTI,18957,0.7651,0.75,0.78245,0.7484,1652846400000000000,80
HCWB,3610,2.12,2.15,2.2,2.0821,1652846400000000000,41
HCXY,1446,25.1397,25.05,25.1397,25.05,1652846400000000000,10
HD,7720980,293,285.18,295.44,281.1801,1652846400000000000,150315
HDAW,8299,23.68,23.3868,23.68,23.3868,1652846400000000000,34
HDB,2417178,53.75,52.9,54.09,52.72,1652846400000000000,17179
HDEF,120634,22.81,22.57,22.84,22.52,1652846400000000000,377
HDG,2522,47.29,47.0193,47.65,46.9,1652846400000000000,27
HDGE,99381,29.96,30.18,30.25,29.79,1652846400000000000,668
HDIV,1304,30.9299,30.6144,30.9299,30.6144,1652846400000000000,42
HDLB,65435,18.95,16.7063,18.95,16.18,1652846400000000000,184
HDMV,39405,29.52,29.16,29.53,29.16,1652846400000000000,211
HDRO,40423,12.64,12.18,12.729,12.16,1652846400000000000,458
HDSN,775920,9.68,9.55,9.73,9.28,1652846400000000000,7996
HDV,13632632,108.06,105.59,108.13,105.27,1652846400000000000,25373
HE,630308,42.23,42.32,43.18,41.39,1652846400000000000,12075
HEAR,631726,18.18,18.34,18.76,17.68,1652846400000000000,10222
HEDJ,36374,72.72,71.68,72.87,71.66,1652846400000000000,331
HEEM,30548,25.61,25.27,25.71,25.27,1652846400000000000,172
HEES,210404,35.2,33.88,36.66,33.64,1652846400000000000,4597
HEET,0,22.039,22.039,22.039,22.039,1652846400000000000,0
HEFA,679061,33.12,32.72,33.18,32.66,1652846400000000000,2728
HEGD,17644,17.21,17.2702,17.4599,17.21,1652846400000000000,46
HEI,357395,135.62,133.37,136.42,132.7,1652846400000000000,9227
HEI.A,480556,109.5,108.29,110.91,107.965,1652846400000000000,8049
HELE,422257,201.99,184.89,207.46,183.96,1652846400000000000,10336
HELX,1123,31.9,31.4224,32.05,31.4224,1652846400000000000,30
HEP,216507,17.1,17.41,17.44,16.69,1652846400000000000,4072
HEPA,168004,0.71,0.7185,0.77,0.68,1652846400000000000,730
HEPS,156936,1.49,1.41,1.49,1.38,1652846400000000000,1137
HEQ,28691,13.19,13.26,13.4699,13.125,1652846400000000000,190
HEQT,8463,23.11,22.98,23.11,22.945,1652846400000000000,22
HERA,8425,9.82,9.771,9.82,9.76,1652846400000000000,129
HERAU,161495,9.8,9.8,9.8,9.8,1652846400000000000,7
HERAW,68500,0.2499,0.2498,0.25,0.1602,1652846400000000000,33
HERD,6821,36.1,33.0655,36.21,33.06,1652846400000000000,30
HERO,207033,22.09,21.97,22.2846,21.91,1652846400000000000,1224
HES,1936198,118.63,114.19,119.4268,111.94,1652846400000000000,35179
HESM,428975,30.69,29.76,30.86,29.55,1652846400000000000,6477
HEWC,1025,32.06,31.676,32.06,31.676,1652846400000000000,17
HEWG,33277,28.29,27.9,28.31,27.89,1652846400000000000,216
HEWJ,428396,37.57,36.95,37.58,36.89,1652846400000000000,1361
HEWU,1398,24.8525,24.6259,24.8525,24.6259,1652846400000000000,15
HEXO,10650570,0.3165,0.2889,0.3239,0.28,1652846400000000000,13474
HEZU,185512,33.46,33,33.49,32.95,1652846400000000000,1213
HFFG,48610,5.69,5.54,5.73,5.46,1652846400000000000,438
HFGO,51111,12.51,12.07,12.6,12.07,1652846400000000000,144
HFRO,208937,11.67,11.72,11.79,11.59,1652846400000000000,1322
HFROpA,3925,22.3504,22.36,22.8721,22.3504,1652846400000000000,10
HFWA,173496,24.89,24.74,25.04,24.61,1652846400000000000,2729
HFXI,15308,22.331,22.0292,22.331,22.0292,1652846400000000000,136
HGBL,53493,1.2,1.19,1.2485,1.18,1652846400000000000,200
HGEN,1142872,1.88,2.03,2.04,1.8,1652846400000000000,7828
HGER,8626,23.06,22.6593,23.06,22.6593,1652846400000000000,84
HGLB,73798,10.39,10.25,10.39,10.22,1652846400000000000,361
HGTY,102789,8.83,8.92,8.99,8.79,1652846400000000000,1643
HGTY.WS,3708,1.94,1.94,1.95,1.94,1652846400000000000,12
HGV,831898,43,42.18,44.08,41.97,1652846400000000000,9866
HHC,286014,87.44,86.55,88.92,86.02,1652846400000000000,6165
HHGC,200,9.97,9.97,9.97,9.97,1652846400000000000,2
HHGCR,3200,0.17,0.14,0.1836,0.14,1652846400000000000,33
HHGCW,3320,0.14,0.14,0.14,0.14,1652846400000000000,14
HHH,8,13.4109,13.4109,13.4109,13.4109,1652846400000000000,5
HHLA,29102,9.7901,9.79,9.7901,9.78,1652846400000000000,39
HHLA.U,100,9.94,9.94,9.94,9.94,1652846400000000000,1
HHLA.WS,1000,0.18,0.2,0.2,0.18,1652846400000000000,6
HHS,5740,8.5,8.26,8.5,8.1303,1652846400000000000,66
HI,436840,42.38,41.56,42.91,41.37,1652846400000000000,7262
HIBB,780699,45.36,43.2,45.53,41.71,1652846400000000000,16694
HIBL,217782,36.75,33.05,37.309,32.46,1652846400000000000,1985
HIBS,1115304,10.87,11.64,11.795,10.51,1652846400000000000,4798
HIE,22123,10.53,10.18,10.53,10.16,1652846400000000000,201
HIFS,2488,312,304.54,312,301.72,1652846400000000000,240
HIG,2229178,70.51,68.76,70.95,68.55,1652846400000000000,28147
HIGpG,52604,24.75,24.65,24.8616,24.62,1652846400000000000,980
HIGA,268,9.86,9.86,9.86,9.86,1652846400000000000,5
HIGA.U,832,9.9184,9.93,9.93,9.9184,1652846400000000000,2
HIHO,2065,2.02,1.9927,2.02,1.9927,1652846400000000000,25
HII,270574,207.56,202.84,208.9754,201.14,1652846400000000000,8502
HIII,2105,9.77,9.77,9.77,9.77,1652846400000000000,7
HIIIU,3300,9.786,9.78,9.786,9.78,1652846400000000000,3
HIIIW,153767,0.12,0.13,0.1499,0.11,1652846400000000000,287
HIL,101639,1.45,1.41,1.48,1.41,1652846400000000000,365
HILS,10127,0.9,0.93,0.93,0.9,1652846400000000000,52
HIMS,2117429,3.6,3.41,3.72,3.34,1652846400000000000,13858
HIMX,2227588,9.69,9.42,9.91,9.335,1652846400000000000,14937
HIO,151535,4.08,4.08,4.09,4.05,1652846400000000000,537
HIPO,1682372,1.56,1.5,1.58,1.49,1652846400000000000,9389
HIPO.WS,1100,0.3359,0.21,0.3359,0.21,1652846400000000000,2
HIPS,16222,13.28,13.19,13.32,13.19,1652846400000000000,184
HISF,4885,45.98,45.85,45.98,45.85,1652846400000000000,39
HITI,214871,2.7,2.32,2.7,2.3,1652846400000000000,1305
HIVE,2137799,0.9312,0.8716,0.932,0.8568,1652846400000000000,5182
HIW,768435,40.04,39.35,40.41,39.11,1652846400000000000,14595
HIX,320429,5.12,5.06,5.12,5.05,1652846400000000000,811
HJEN,33960,16.19,15.92,16.31,15.7701,1652846400000000000,262
HJPX,31,33.1073,33.1073,33.1073,33.1073,1652846400000000000,2
HKND,124,26.6041,26.6041,26.6041,26.6041,1652846400000000000,27
HL,5556638,4.61,4.42,4.66,4.41,1652846400000000000,21019
HLAH,355135,9.8,9.79,9.8,9.79,1652846400000000000,14
HLAHU,132777,9.84,9.82,9.85,9.82,1652846400000000000,146
HLAHW,904,0.13,0.14,0.1508,0.13,1652846400000000000,13
HLAL,24961,37.92,36.73,37.92,36.54,1652846400000000000,354
HLBZ,136479,1.1,1.07,1.1,1.06,1652846400000000000,376
HLBZW,27515,0.0852,0.1148,0.13,0.079,1652846400000000000,190
HLF,1247416,22.38,21.78,22.79,21.595,1652846400000000000,16207
HLG,1045,13.55,13.11,13.55,13.05,1652846400000000000,22
HLGE,0,23.6071,23.6071,23.6071,23.6071,1652846400000000000,0
HLGN,452654,3.19,3.31,3.39,3.07,1652846400000000000,3448
HLGN.WS,8538,0.315,0.4233,0.4505,0.315,1652846400000000000,39
HLI,326086,86.5,85.05,87.265,84.01,1652846400000000000,7291
HLIO,92464,67.74,65.71,68.745,64.95,1652846400000000000,2417
HLIT,822688,9.09,9.2,9.49,8.95,1652846400000000000,8594
HLLY,469876,10.14,9.98,10.23,9.69,1652846400000000000,5103
HLLY.WS,3356,2.35,2.21,2.35,2.21,1652846400000000000,14
HLMN,1078517,11.29,10.88,11.575,10.795,1652846400000000000,11311
HLNE,164463,65.05,64.04,66.985,63.21,1652846400000000000,3714
HLT,3520675,133.11,128.66,134.29,126.92,1652846400000000000,43356
HLTH,543248,4.85,4.6,4.88,4.59,1652846400000000000,5169
HLVX,227701,15.61,12.89,15.875,11.63,1652846400000000000,4415
HLX,1646438,4.41,4.25,4.45,4.18,1652846400000000000,10930
HMC,1455491,24.96,24.54,25.045,24.51,1652846400000000000,13740
HMCO,11186,9.82,9.82,9.85,9.82,1652846400000000000,17
HMCOU,4910,9.91,9.9,9.91,9.9,1652846400000000000,26
HMLP,144275,6.31,6.19,6.36,6.05,1652846400000000000,906
HMLPpA,58712,23.5624,23.72,23.84,23.0439,1652846400000000000,258
HMN,380431,38.94,39.48,39.68,38.82,1652846400000000000,4515
HMNF,526,23.88,23.48,23.88,23.48,1652846400000000000,8
HMOP,92446,37.51,37.4998,37.545,37.44,1652846400000000000,380
HMPT,40222,3.67,3.46,3.68,3.37,1652846400000000000,442
HMST,181788,40.36,39.82,40.77,39.27,1652846400000000000,4376
HMTV,314836,6.71,6.74,6.75,6.71,1652846400000000000,2946
HMY,3379124,3.52,3.43,3.575,3.42,1652846400000000000,7271
HNDL,328537,21.69,21.47,21.79,21.42,1652846400000000000,1615
HNGR,228837,15.9,15.88,16.57,15.68,1652846400000000000,2278
HNI,267654,37.66,37.25,38.505,37.17,1652846400000000000,5122
HNNA,7599,10.61,10.61,10.98,10.61,1652846400000000000,104
HNP,9339,18.5,18.59,18.93,18.5,1652846400000000000,218
HNRG,177016,4.38,4.12,4.4299,4.06,1652846400000000000,1135
HNST,1589234,3.57,3.17,3.58,3.16,1652846400000000000,12999
HNVR,18140,21.285,21.5,21.7,21,1652846400000000000,287
HNW,13903,11.49,11.45,11.5133,11.43,1652846400000000000,91
HOFT,96892,16.65,16.42,16.65,16.04,1652846400000000000,2299
HOFV,937024,0.78,0.7091,0.79,0.6997,1652846400000000000,3372
HOFVW,12495,0.2,0.1911,0.237599,0.19,1652846400000000000,24
HOG,1985231,37.5,35.75,37.84,35.55,1652846400000000000,23045
HOLD,402,97.57,97.69,97.69,97.57,1652846400000000000,6
HOLI,210478,15.04,15.01,15.38,14.88,1652846400000000000,2908
HOLX,2243317,78.94,77.55,79.02,77.25,1652846400000000000,28624
HOM,5582,8.87,8.8139,8.87,8.8139,1652846400000000000,30
HOMB,960701,20.77,20.35,20.85,20.275,1652846400000000000,14425
HOMZ,1879,35.15,34.4272,35.2201,34.39,1652846400000000000,55
HON,3180502,197.7605,193.87,198.69,193.25,1652846400000000000,53694
HONE,151581,13.83,13.69,13.89,13.615,1652846400000000000,2581
HOOD,16553317,9.9,9.73,10.45,9.675,1652846400000000000,95512
HOOK,298962,1.52,1.54,1.59,1.51,1652846400000000000,2137
HOPE,1366822,14.23,13.95,14.31,13.89,1652846400000000000,14236
HORI,1005,9.97,10,10,9.97,1652846400000000000,7
HOTH,454854,0.46,0.42,0.46,0.4126,1652846400000000000,615
HOTL,3666,14.06,13.4815,14.06,13.3101,1652846400000000000,15
HOUR,307343,3.63,3.42,3.7,3.33,1652846400000000000,1411
HOV,104183,45.58,42.74,45.58,42.35,1652846400000000000,1782
HOVNP,1555,18.6052,18.9,19.53,18.6052,1652846400000000000,36
HOWL,319466,4.65,3.96,4.65,3.81,1652846400000000000,3731
HP,1139450,48.58,46.82,48.98,46.16,1652846400000000000,19061
HPE,13259244,16.55,15.76,16.63,15.65,1652846400000000000,58090
HPF,33581,17.61,17.58,17.8,17.5201,1652846400000000000,134
HPI,51220,17.62,17.5,17.76,17.3201,1652846400000000000,325
HPK,468929,27.67,25.32,28.675,25.085,1652846400000000000,6899
HPKEW,10615,17.52,15.85,17.579,15.85,1652846400000000000,43
HPLTU,100,9.85,9.85,9.85,9.85,1652846400000000000,1
HPLTW,5810,0.0847,0.1401,0.2097,0.0847,1652846400000000000,55
HPP,3226342,20.8,20.25,20.93,20.14,1652846400000000000,27345
HPPpC,107352,17.61,17.35,17.64,17.07,1652846400000000000,566
HPQ,13225521,39,36.85,39.02,36.71,1652846400000000000,110449
HPS,37549,16.23,16.18,16.3,16.06,1652846400000000000,163
HPX,23502,9.95,9.95,9.95,9.95,1652846400000000000,155
HQH,79135,19.75,19.5,19.7783,19.4301,1652846400000000000,517
HQI,41636,14.89,15.28,16.36,14.89,1652846400000000000,1622
HQL,83453,14.94,14.64,14.9596,14.62,1652846400000000000,657
HQY,488118,59.63,58.57,60.64,58.21,1652846400000000000,10741
HR,1943775,28.53,28.05,28.67,27.93,1652846400000000000,20557
HRB,6448475,33.65,33.33,33.99,33.015,1652846400000000000,56059
HRI,229606,110.09,105.42,112.03,104.11,1652846400000000000,7200
HRL,3045467,52.56,48.23,52.56,48.03,1652846400000000000,36181
HRMY,355521,41.09,39.845,41.8599,37.6101,1652846400000000000,9971
HROW,128291,5.72,5.75,5.9216,5.54,1652846400000000000,1002
HROWL,3271,24.5001,24.65,24.74,24.5001,1652846400000000000,28
HRT,158990,14.65,13.54,14.81,13.38,1652846400000000000,3746
HRTG,271495,3.39,3.34,3.425,3.3,1652846400000000000,3050
HRTX,2150487,3.66,3.48,3.735,3.47,1652846400000000000,14656
HRZN,158657,12.15,11.9,12.26,11.8607,1652846400000000000,2224
HSBC,3365380,30.74,30.57,31.035,30.495,1652846400000000000,26563
HSC,568984,8.15,8.02,8.35,7.92,1652846400000000000,6380
HSCZ,10259,32.95,32.62,32.98,32.6012,1652846400000000000,102
HSDT,93695,1.57,1.395,1.6613,1.31,1652846400000000000,386
HSIC,717488,85.76,83.71,87.28,83.41,1652846400000000000,13765
HSII,127985,31.77,30.78,32.275,30.55,1652846400000000000,2369
HSKA,119948,95.15,95.97,100.45,95.01,1652846400000000000,3579
HSMV,476,31.2848,30.7209,31.2848,30.7209,1652846400000000000,9
HSON,19692,40.18,39.52,42.15,38.79,1652846400000000000,483
HSRT,15766,38.555,38.515,38.5601,38.48,1652846400000000000,31
HST,10301455,20.6,19.77,20.94,19.63,1652846400000000000,70488
HSTM,170878,19.09,19.58,19.63,18.96,1652846400000000000,2673
HSTO,962132,0.193,0.185,0.2,0.173,1652846400000000000,1165
HSUN,344,34.7189,34.69,34.75,34.69,1652846400000000000,3
HSY,1747750,224.72,207.69,225.09,207.14,1652846400000000000,37303
HT,377056,10.74,10.54,11.12,10.48,1652846400000000000,4531
HTpC,200,21.6,21.6,21.6,21.6,1652846400000000000,3
HTpD,1756,20.25,20.3523,21.04,20.23,1652846400000000000,27
HTpE,2131,20.8812,20.65,20.8812,20.65,1652846400000000000,39
HTA,2777530,29.67,28.85,29.68,28.825,1652846400000000000,25127
HTAB,12872,19.01,19.02,19.065,18.98,1652846400000000000,28
HTBI,47955,26.36,26.01,26.36,25.77,1652846400000000000,911
HTBK,175516,11.15,11.02,11.3,10.9599,1652846400000000000,2202
HTCR,46144,1.16,1.07,1.229,1.05,1652846400000000000,212
HTD,40263,24.05,23.74,24.05,23.49,1652846400000000000,370
HTEC,35803,29.41,28.76,29.47,28.67,1652846400000000000,317
HTFB,340,24.604,24.6,24.604,24.6,1652846400000000000,4
HTGC,1401596,15,14.62,15.055,14.59,1652846400000000000,10538
HTGM,115577,0.6807,0.6222,0.689,0.6,1652846400000000000,264
HTH,1422438,30.11,30.14,30.29,29.81,1652846400000000000,14730
HTHT,1049485,29.22,28.89,29.94,28.48,1652846400000000000,9992
HTIA,2827,23.18,23.1457,23.2431,23.0322,1652846400000000000,27
HTIBP,6040,24,23.05,24,23,1652846400000000000,49
HTLD,369575,14.12,13.41,14.12,13.36,1652846400000000000,4961
HTLF,107714,42.01,41.61,42.36,41.28,1652846400000000000,3112
HTLFP,4314,26.14,25.95,26.14,25.95,1652846400000000000,30
HTOO,96678,8.73,8.55,8.89,8.4,1652846400000000000,955
HTOOW,4757,2.16,2.21,2.25,2.16,1652846400000000000,51
HTPA,169412,9.84,9.83,9.86,9.83,1652846400000000000,706
HTPA.WS,1710,0.115,0.12,0.12,0.105,1652846400000000000,9
HTRB,69614,34.8,34.98,35,34.8,1652846400000000000,251
HTUS,798,30.24,29.4957,30.385,29.4957,1652846400000000000,13
HTY,58703,5.6,5.54,5.65,5.5079,1652846400000000000,200
HTZ,4159907,19.59,18.47,19.6,18.37,1652846400000000000,38585
HTZWW,172349,12.79,12.17,13,12,1652846400000000000,1368
HUBB,214276,192.45,189,194.98,187.69,1652846400000000000,6121
HUBG,338068,75.35,69.95,75.35,69.68,1652846400000000000,9118
HUBS,843749,331.64,313.92,339.77,305.48,1652846400000000000,21887
HUDI,33633,29.21,29,30,28.28,1652846400000000000,470
HUGE,53077,0.9428,0.8965,0.9599,0.8895,1652846400000000000,350
HUGS,47639,9.92,9.92,9.98,9.8928,1652846400000000000,302
HUGS.U,15061,9.7969,10.12,10.15,9.7969,1652846400000000000,43
HUGS.WS,87126,0.81,0.7199,0.8102,0.49878,1652846400000000000,272
HUIZ,10379,0.9024,0.844,0.9028,0.8371,1652846400000000000,46
HUM,948137,436.76,420.04,437.395,416.95,1652846400000000000,25171
HUMA,444978,4.62,4.4,4.91,4.3,1652846400000000000,5787
HUMAW,1100,1.21,1.21,1.23,1.21,1652846400000000000,11
HUN,2196196,36.3,35.57,36.69,35.391,1652846400000000000,29059
HURC,2120,27.635,27.43,28.0583,27.325,1652846400000000000,110
HURN,171274,59.11,57.49,59.71,57.31,1652846400000000000,2917
HUSA,1795043,3.4,3.35,3.49,3.1112,1652846400000000000,5941
HUSN,20301,1.88,1.66,1.88,1.61,1652846400000000000,208
HUSV,5422,33.44,32.56,33.44,32.56,1652846400000000000,50
HUT,9755823,2.58,2.47,2.61,2.41,1652846400000000000,15740
HUYA,3100610,3.93,4.13,4.2,3.87,1652846400000000000,17965
HVAL,0,22.2012,22.2012,22.2012,22.2012,1652846400000000000,0
HVBC,3684,21.25,20.75,21.25,20.75,1652846400000000000,44
HVT,363157,28.43,28.04,28.85,27.7,1652846400000000000,5738
HVT.A,1054,27.91,28.018,28.0775,27.8556,1652846400000000000,14
HWBK,1215,25.59,25.54,25.59,25.4,1652846400000000000,44
HWC,379822,47.33,46.85,48.22,46.54,1652846400000000000,8043
HWCPZ,6464,24.93,24.85,25,24.675,1652846400000000000,46
HWELW,12283,0.1144,0.1964,0.229,0.1144,1652846400000000000,138
HWKN,112253,39.06,38.31,39.869,37.9901,1652846400000000000,2281
HWKZ.WS,2400,0.18,0.18,0.1802,0.18,1652846400000000000,11
HWM,2275960,34.81,33.59,35.25,33.42,1652846400000000000,23219
HXL,971305,53.98,53.03,54.63,52.55,1652846400000000000,12627
HY,74381,35.29,35.36,35.99,34,1652846400000000000,1755
HYAC,425009,9.95,9.98,9.98,9.95,1652846400000000000,483
HYACU,48639,9.89,9.79,9.9,9.76,1652846400000000000,16
HYACW,129609,0.55,0.55,0.5594,0.54,1652846400000000000,410
HYB,48434,7.2,7.21,7.225,7.14,1652846400000000000,237
HYBB,2771,45.63,45.6208,45.7,45.6208,1652846400000000000,25
HYBL,103,28.26,28.26,28.26,28.26,1652846400000000000,4
HYD,1842401,53.03,52.78,53.1199,52.75,1652846400000000000,5104
HYDB,10774,45.39,45.295,45.395,45.2747,1652846400000000000,95
HYDR,50957,13.38,13.15,13.63,13.01,1652846400000000000,458
HYDW,942,45.625,45.6081,45.63,45.57,1652846400000000000,32
HYEM,165452,18.89,18.77,18.91,18.76,1652846400000000000,990
HYFM,545158,7.44,6.77,7.684,6.7,1652846400000000000,7520
HYG,47564842,76.21,76,76.25,75.91,1652846400000000000,99911
HYGH,3486,81.75,81.77,81.84,81.61,1652846400000000000,53
HYGV,141245,42.27,42.1,42.2713,42.0901,1652846400000000000,363
HYHG,25918,58.78,58.65,58.92,58.15,1652846400000000000,85
HYI,48584,12.5,12.55,12.61,12.5,1652846400000000000,227
HYIN,4192,21.4,21.0811,21.4,21.0811,1652846400000000000,31
HYLB,1502924,34.89,34.79,34.91,34.7438,1652846400000000000,6248
HYLD,8385,27.5,27.035,27.6099,27.035,1652846400000000000,111
HYLN,1432412,3.14,3.06,3.29,3.035,1652846400000000000,8880
HYLS,266713,41.26,41.11,41.4499,40.86,1652846400000000000,890
HYLV,496,21.8701,21.88,21.88,21.87,1652846400000000000,10
HYMB,792700,50.9,50.72,50.93,50.62,1652846400000000000,3200
HYMC,7129320,1.3,1.26,1.38,1.2,1652846400000000000,13411
HYMCL,866,0.320101,0.33,0.33,0.320101,1652846400000000000,7
HYMCW,106475,0.24,0.2195,0.2711,0.2059,1652846400000000000,204
HYMCZ,3246,0.1352,0.1316,0.1352,0.1302,1652846400000000000,31
HYMU,44542,21.62,21.62,21.65,21.62,1652846400000000000,98
HYPR,97061,2.8,2.92,3.02,2.77,1652846400000000000,884
HYRE,426225,1.07,1.09,1.27,1.05,1652846400000000000,2003
HYRM,7589,22.8399,22.765,22.84,22.73,1652846400000000000,28
HYS,255801,91.43,90.95,91.43,90.95,1652846400000000000,1235
HYT,681268,9.68,9.68,9.68,9.53,1652846400000000000,3905
HYTR,246,22.119,22.135,22.135,22.119,1652846400000000000,5
HYUP,234,40.52,40.4644,40.52,40.4644,1652846400000000000,14
HYW,8234,6.5,6.71,6.74,6.39,1652846400000000000,56
HYXF,310755,45.1,44.87,45.1,44.1,1652846400000000000,591
HYXU,1234,44.59,44.2856,44.622,44.27,1652846400000000000,45
HYZD,31108,20.75,20.6255,20.75,20.6001,1652846400000000000,215
HYZN,1932883,3.95,4.14,4.35,3.91,1652846400000000000,16733
HYZNW,13763,0.85,0.78,0.85,0.778,1652846400000000000,89
HZN,84337,2.33,2.44,2.45,2.31,1652846400000000000,577
HZNP,1613541,91.69,88.42,92.125,87.735,1652846400000000000,23990
HZO,660382,42.6,41.04,42.69,39.91,1652846400000000000,13052
HZON,67597,9.87,9.87,9.88,9.86,1652846400000000000,138
HZON.U,200,9.96,9.96,9.96,9.96,1652846400000000000,1
HZON.WS,25950,0.2799,0.3134,0.3135,0.25,1652846400000000000,24
IAA,814935,37.07,36.94,37.81,36.87,1652846400000000000,14002
IAC,658508,80.24,79.28,81.88,78.72,1652846400000000000,13306
IAE,25304,7.03,6.94,7.035,6.94,1652846400000000000,183
IAF,87461,5.65,5.7,5.7,5.52,1652846400000000000,492
IAG,11513612,2.09,2.08,2.12,2.02,1652846400000000000,14815
IAGG,222871,50.75,50.83,50.8775,50.721,1652846400000000000,875
IAI,38941,87.14,85.35,87.2,84.92,1652846400000000000,503
IAK,20712,86.21,85.21,86.21,84.95,1652846400000000000,272
IAPR,20394,23.55,23.32,23.58,23.32,1652846400000000000,55
IART,334960,61.89,59.79,61.89,59.42,1652846400000000000,8219
IAS,144369,11.08,11.25,11.54,10.99,1652846400000000000,3857
IAT,144839,51.91,51.15,52.14,50.9001,1652846400000000000,1412
IAU,7700375,34.45,34.51,34.6731,34.38,1652846400000000000,11612
IAUF,2590,55.3529,55.2693,55.3529,55.171,1652846400000000000,53
IAUM,81007,18.11,18.15,18.23,18.1,1652846400000000000,161
IBA,14163,46.59,46.25,46.98,45.74,1652846400000000000,160
IBB,2081912,114.52,113.56,115.96,112.91,1652846400000000000,28791
IBBQ,10211,18.46,18.15,18.52,18.145,1652846400000000000,61
IBCE,12188,24.285,24.29,24.3,24.271,1652846400000000000,42
IBCP,70114,19.43,19.13,19.58,18.98,1652846400000000000,1812
IBD,30678,23.5263,23.64,23.65,23.5263,1652846400000000000,105
IBDD,2169,26.48,26.495,26.495,26.48,1652846400000000000,22
IBDN,805246,25,25.025,25.03,25,1652846400000000000,1756
IBDO,392557,25.15,25.155,25.17,25.14,1652846400000000000,1235
IBDP,340945,24.85,24.88,24.88,24.82,1652846400000000000,1101
IBDQ,227943,24.87,24.99,24.99,24.82,1652846400000000000,635
IBDR,585648,23.95,23.98,24.0399,23.95,1652846400000000000,1100
IBDS,381308,24.05,24.1,24.14,23.982,1652846400000000000,435
IBDT,395728,25.33,25.3,25.35,25.14,1652846400000000000,545
IBDU,355895,23.03,23.155,23.2,23.03,1652846400000000000,288
IBDV,53751,21.67,21.81,21.81,21.63,1652846400000000000,554
IBDW,17275,21.03,21.08,21.12,20.94,1652846400000000000,143
IBET,9,9.1314,9.1314,9.1314,9.1314,1652846400000000000,8
IBEX,17949,16.05,15.4,16.25,15.4,1652846400000000000,625
IBHB,6734,23.9999,23.93,23.9999,23.9,1652846400000000000,59
IBHC,60191,23.55,23.53,23.59,23.44,1652846400000000000,239
IBHD,41764,22.8,22.73,22.8,22.69,1652846400000000000,260
IBHE,6409,22.91,22.92,23,22.91,1652846400000000000,63
IBHF,8204,22.94,22.8901,22.9499,22.8901,1652846400000000000,83
IBHG,564,21.9286,21.94,21.94,21.9286,1652846400000000000,4
IBHH,283,23.08,23.12,23.12,23.08,1652846400000000000,4
IBHI,33,22.83,22.83,22.83,22.83,1652846400000000000,2
IBIO,2199622,0.242,0.2302,0.257699,0.2273,1652846400000000000,6636
IBKR,1521034,55.6,54.04,56.035,53.32,1652846400000000000,17902
IBLC,3213,17.9,17.2007,18.09,17.1449,1652846400000000000,69
IBM,5979273,137.1,132.94,137.615,132.17,1652846400000000000,77905
IBMK,82382,25.93,25.91,25.93,25.9,1652846400000000000,142
IBML,84178,25.33,25.345,25.36,25.33,1652846400000000000,177
IBMM,95510,25.65,25.69,25.72,25.65,1652846400000000000,182
IBMN,661883,26.16,26.2,26.2199,26.16,1652846400000000000,120
IBMO,103614,24.85,24.89,24.91,24.85,1652846400000000000,240
IBMP,56701,24.6883,24.68,24.725,24.68,1652846400000000000,118
IBMQ,97535,24.61,24.52,24.61,24.47,1652846400000000000,190
IBN,6775593,18.26,17.87,18.275,17.79,1652846400000000000,24615
IBND,23690,29.16,29.04,29.16,29.0186,1652846400000000000,129
IBOC,194010,40.65,40.3,41.84,40.03,1652846400000000000,4303
IBP,251237,89.27,87.01,89.85,85.85,1652846400000000000,7387
IBRX,2076875,3.84,3.76,4.04,3.69,1652846400000000000,13528
IBTB,45357,25.38,25.35,25.38,25.3408,1652846400000000000,170
IBTD,48338,25.02,25.035,25.04,25.02,1652846400000000000,102
IBTE,90787,24.4874,24.52,24.53,24.4864,1652846400000000000,138
IBTF,98755,24,24.05,24.05,23.9988,1652846400000000000,72
IBTG,44062,23.645,23.66,23.68,23.6401,1652846400000000000,66
IBTH,10655,23.2575,23.275,23.2998,23.2575,1652846400000000000,29
IBTI,4866,22.98,23.08,23.09,22.975,1652846400000000000,19
IBTJ,21782,22.75,22.87,22.91,22.75,1652846400000000000,619
IBTK,14257,20.84,20.96,20.98,20.84,1652846400000000000,411
IBTL,6137,21.929,22.005,22.02,21.929,1652846400000000000,11
IBTX,319172,70.41,69,70.899,68.72,1652846400000000000,6154
IBUY,80089,46.97,44.97,47.035,44.69,1652846400000000000,1736
ICAD,148559,3.75,3.62,3.89,3.58,1652846400000000000,2429
ICAP,10388,29.7104,28.9852,29.7104,28.97,1652846400000000000,88
ICCC,2135,8.25,8.19,8.346,8.1196,1652846400000000000,53
ICCM,38365,2.09,1.948,2.09,1.9,1652846400000000000,105
ICD,51190,3.88,3.73,3.9,3.62,1652846400000000000,526
ICE,3162296,97.86,95.11,98.36,94.69,1652846400000000000,43329
ICF,210790,63.48,61.85,63.54,61.65,1652846400000000000,2130
ICFI,150596,96.09,91.52,96.09,91.5,1652846400000000000,3243
ICHR,269280,29.04,28.69,30,28.32,1652846400000000000,5670
ICL,1666154,11.92,11.43,11.94,11.33,1652846400000000000,13635
ICLK,458926,0.8299,0.8648,0.898,0.8051,1652846400000000000,2301
ICLN,5577889,18.16,18.16,18.665,18.1,1652846400000000000,28287
ICLR,623463,206.39,203.27,208.98,202.49,1652846400000000000,11720
ICMB,22872,4.73,4.75,4.79,4.472,1652846400000000000,184
ICOL,3619,10.8691,10.46,10.8691,10.4566,1652846400000000000,35
ICOW,36152,29.8,29.421,29.9394,29.398,1652846400000000000,97
ICPT,639667,18.43,17.87,18.7,17.56,1652846400000000000,8272
ICRpA,4978,21.4,20.99,21.4,20.855,1652846400000000000,39
ICSH,756302,50.06,50.08,50.08,50.06,1652846400000000000,2141
ICUI,128951,183.47,179.25,185.45,178.48,1652846400000000000,5218
ICVT,9873567,72.83,72.22,73.66,72.06,1652846400000000000,17658
ICVX,97653,8.28,8.21,8.78,8.01,1652846400000000000,2036
ID,9063,1.21,1.3,1.417,1.21,1652846400000000000,122
IDA,316218,108.7,107,109.89,106.675,1652846400000000000,9151
IDAI,277709,1.99,1.96,2.2,1.86,1652846400000000000,1504
IDAT,724,22.54,21.8941,22.54,21.86,1652846400000000000,13
IDBA,207,10,10,10,10,1652846400000000000,7
IDCC,199779,60.39,59.63,60.965,59.18,1652846400000000000,3623
IDE,37135,10.33,10.07,10.39,10.06,1652846400000000000,340
IDEV,975837,58.4,57.51,58.45,57.4,1652846400000000000,3759
IDEX,4671853,0.62,0.5922,0.6292,0.58,1652846400000000000,11320
IDHD,2781,25.3389,25.325,25.3389,25.05,1652846400000000000,12
IDHQ,3830,25.4401,25.063,25.49,25.0381,1652846400000000000,41
IDIV,39819,7.95,7.97,8,7.65,1652846400000000000,236
IDLB,820,25.11,24.8858,25.11,24.8858,1652846400000000000,1
IDLV,92605,29.62,29.29,29.62,29.24,1652846400000000000,271
IDME,31144,20.89,20.6128,20.9,20.61,1652846400000000000,92
IDMO,5599,32.35,31.9082,32.44,31.9082,1652846400000000000,17
IDN,65250,2.07,1.88,2.07,1.83,1652846400000000000,426
IDNA,28461,28.76,28.3,28.91,28.1729,1652846400000000000,292
IDOG,23651,27.32,26.96,27.36,26.9063,1652846400000000000,132
IDR,17509,6.5001,6.99,7.01,6.5001,1652846400000000000,249
IDRA,3279189,0.3845,0.4447,0.451,0.383,1652846400000000000,5740
IDRV,77881,40.5,39.53,40.74,39.43,1652846400000000000,1295
IDT,94550,27.33,26.06,27.61,26,1652846400000000000,2404
IDU,61542,88.2,87.44,88.59,87.225,1652846400000000000,484
IDV,1292407,30.32,29.925,30.4,29.898,1652846400000000000,4454
IDW,19231,1.27,1.28,1.3499,1.27,1652846400000000000,103
IDX,107812,20.27,20.11,20.37,20.03,1652846400000000000,404
IDXX,1006411,361.59,357.33,361.725,350.88,1652846400000000000,25563
IDYA,275380,11.05,10.37,11.49,10.28,1652846400000000000,4003
IEA,758693,7.44,7.47,8.36,7.4,1652846400000000000,9424
IEAWW,335,1.36,1.36,1.36,1.36,1652846400000000000,6
IECS,3640,33.64,32.6766,33.64,32.6766,1652846400000000000,72
IEDI,14298,37.16,35.49,37.16,35.4,1652846400000000000,170
IEF,4465536,102.26,102.99,103.1,102.1909,1652846400000000000,23611
IEFA,14561509,63.77,62.83,63.8683,62.705,1652846400000000000,43963
IEFN,704,29.5099,28.9264,29.5099,28.9264,1652846400000000000,8
IEHS,3045,39.67,38.9622,39.67,38.9622,1652846400000000000,58
IEI,990799,119.41,119.82,119.96,119.41,1652846400000000000,4626
IEIH,2215,32.5132,31.9566,32.5132,31.9566,1652846400000000000,55
IEME,1195,27.2,26.7482,27.2,26.7482,1652846400000000000,21
IEMG,13696035,50.63,49.78,50.815,49.68,1652846400000000000,38307
IEO,295249,92.05,88.62,92.05,87.1577,1652846400000000000,3034
IEP,909594,55.51,54.52,55.55,54.25,1652846400000000000,7234
IESC,95653,31.06,29.69,32.55,29.469,1652846400000000000,2092
IETC,13724,45.31,43.86,45.42,43.842,1652846400000000000,202
IEUR,1009058,48.99,48.21,49.08,48.16,1652846400000000000,6546
IEUS,15556,54.69,53.95,54.69,53.69,1652846400000000000,144
IEV,574065,46.42,45.72,46.52,45.66,1652846400000000000,3146
IEX,462719,186.92,181.53,186.93,181.035,1652846400000000000,9195
IEZ,487362,19.18,18.37,19.32,18.11,1652846400000000000,4739
IFBD,20789,0.5461,0.624,0.64,0.5461,1652846400000000000,97
IFED,27,26.1385,26.1385,26.1385,26.1385,1652846400000000000,5
IFF,1405309,128.31,126.95,129.355,126.57,1652846400000000000,21957
IFGL,42190,24.73,24.44,24.74,24.32,1652846400000000000,150
IFIN,4079,9.99,10.005,10.005,9.99,1652846400000000000,25
IFIN.WS,700,0.12,0.12,0.12,0.12,1652846400000000000,6
IFN,91560,17.84,17.53,17.94,17.45,1652846400000000000,731
IFRA,17270394,37.1,36.66,37.75,36.51,1652846400000000000,11210
IFRX,29041,1.44,1.44,1.49,1.4,1652846400000000000,139
IFS,54451,25.93,25.5,26.37,25.42,1652846400000000000,842
IFV,12205,19.3049,19.33,19.335,18.97,1652846400000000000,38
IG,33767,22.2,22.2595,22.2595,22.2,1652846400000000000,10
IGA,36782,9.36,9.16,9.36,9.12,1652846400000000000,277
IGAC,106758,9.8723,9.88,9.88,9.87,1652846400000000000,80
IGACU,3067,9.9484,9.9309,9.9484,9.93,1652846400000000000,40
IGACW,49352,0.17,0.1799,0.195,0.15,1652846400000000000,61
IGBH,17047,23.19,23.0608,23.19,23.01,1652846400000000000,105
IGC,760848,0.4873,0.45,0.5188,0.445,1652846400000000000,1757
IGD,313693,5.7,5.57,5.72,5.56,1652846400000000000,1201
IGE,753930,41.66,40.31,41.66,39.94,1652846400000000000,6500
IGEB,56215,45.2348,45.3248,45.3248,45.2192,1652846400000000000,82
IGF,307467,49.97,49.25,49.98,49.12,1652846400000000000,2622
IGHG,27210,69.94,69.67,69.94,69.4801,1652846400000000000,157
IGI,16466,16.92,17.02,17.2416,16.915,1652846400000000000,89
IGIB,890548,51.6,51.78,51.79,51.6,1652846400000000000,2715
IGIC,11504,7.18,7.65,7.85,7.18,1652846400000000000,108
IGLB,414866,53.67,54.21,54.21,53.67,1652846400000000000,1628
IGLD,24703,19.98,20.0146,20.04,19.91,1652846400000000000,71
IGM,74971,318.75,308.77,319.9633,307.75,1652846400000000000,1192
IGMS,378776,16.57,16.5,17.512,16.18,1652846400000000000,5478
IGN,11190,63.8,62.52,64.197,62.09,1652846400000000000,101
IGNYW,30907,0.3343,0.25,0.34,0.18,1652846400000000000,144
IGOV,73977,42.45,42.38,42.54,42.36,1652846400000000000,553
IGR,214562,7.97,7.77,7.97,7.762,1652846400000000000,950
IGRO,46151,60.49,59.48,60.49,59.48,1652846400000000000,254
IGSB,2854674,50.81,50.83,50.895,50.81,1652846400000000000,4301
IGT,1573199,21.03,20.11,21.3399,19.85,1652846400000000000,18764
IGTAU,2349,10.01,10.03,10.03,9.96,1652846400000000000,8
IGTAW,8200,0.16,0.1499,0.16,0.1388,1652846400000000000,21
IGV,855518,274.39,266.88,276.99,265.53,1652846400000000000,20707
IH,9530,2.75,2.55,2.75,2.55,1652846400000000000,44
IHAK,129889,35.49,34.53,35.585,34.4,1652846400000000000,951
IHD,59586,5.93,5.87,5.97,5.86,1652846400000000000,399
IHDG,222959,40.43,39.87,40.4671,39.79,1652846400000000000,629
IHE,7048,191.57,187.5982,191.737,187.53,1652846400000000000,193
IHF,50265,262.45,253.98,262.52,252.729,1652846400000000000,1345
IHG,123734,59.4,58.34,59.97,58.2,1652846400000000000,2235
IHI,1058431,53.63,52.76,53.77,52.59,1652846400000000000,10198
IHIT,49431,8.77,8.59,8.77,8.58,1652846400000000000,218
IHRT,612071,12.43,12.1,12.715,12.025,1652846400000000000,7827
IHS,74477,10.95,11.21,11.43,10.95,1652846400000000000,947
IHT,3511,2.73,2.39,2.73,2.39,1652846400000000000,43
IHTA,11047,8.7194,8.62,8.7194,8.62,1652846400000000000,26
IHY,6276,20.4,20.231,20.42,20.22,1652846400000000000,134
IHYF,65,22.24,22.24,22.24,22.24,1652846400000000000,4
IIF,18335,22.64,22.35,22.865,22.3175,1652846400000000000,167
IIGD,8455,24.485,24.4645,24.485,24.45,1652846400000000000,92
IIGV,2615,23.58,23.6205,23.6205,23.58,1652846400000000000,9
III,138830,6.46,6.3,6.479,6.225,1652846400000000000,2322
IIII,21543,9.81,9.82,9.82,9.81,1652846400000000000,56
IIIIU,4275,9.84,9.8335,9.84,9.8335,1652846400000000000,2
IIIN,213117,42.95,41.56,45.555,41.18,1652846400000000000,4335
IIIV,104098,23.65,23.28,24.64,23.25,1652846400000000000,2073
IIM,256774,12.86,12.61,12.865,12.56,1652846400000000000,725
IIN,525710,24.04,24.19,24.31,24.02,1652846400000000000,1922
IINN,42178,1.765,1.69,1.7823,1.66,1652846400000000000,167
IIPR,298360,133.45,128.11,134.9463,125.785,1652846400000000000,10001
IIPRpA,2471,26,26.19,26.6332,26,1652846400000000000,28
IIVI,1852004,64.76,63.58,66.715,63.06,1652846400000000000,32328
IIVIP,40324,268.46,268.46,268.46,268.46,1652846400000000000,31
IJAN,1359,25.2053,25.1916,25.2053,25.1916,1652846400000000000,9
IJH,1766369,245.65,238.97,245.85,238.1101,1652846400000000000,22417
IJJ,266519,102.43,100.1,102.6,99.68,1652846400000000000,2184
IJK,289891,69.09,67.05,69.18,66.79,1652846400000000000,2081
IJR,24837460,98.9,96.97,99.27,96.19,1652846400000000000,112287
IJS,11375920,96.33,94.78,96.83,94.305,1652846400000000000,17163
IJT,485033,111.37,108.6,111.7,107.7794,1652846400000000000,1776
IJUL,470,23.527,23.31,23.527,23.31,1652846400000000000,11
IKNA,108520,3.87,3.72,4,3.4,1652846400000000000,2688
IKT,119004,0.708,0.67,0.7269,0.65,1652846400000000000,434
ILCB,242805,55.51,53.94,55.51,53.82,1652846400000000000,128
ILCG,737255,53.22,51.51,53.34,51.36,1652846400000000000,456
ILCV,28016,64.97,63.11,64.97,62.905,1652846400000000000,212
ILDR,1109,14.32,14.1911,14.32,14.18,1652846400000000000,9
ILF,1977791,26.5,26.05,26.61,25.92,1652846400000000000,9959
ILMN,1650925,239.39,239.81,248.815,237.61,1652846400000000000,40176
ILPT,670370,14.97,14.38,15.0676,14.27,1652846400000000000,8707
ILTB,17707,56.07,56.5815,56.605,56.05,1652846400000000000,181
IMAB,1015101,12.23,12.06,12.675,11.98,1652846400000000000,7427
IMAC,2519842,0.7606,0.8504,0.99,0.75,1652846400000000000,3489
IMAQ,4526,9.94,9.936,9.96,9.92,1652846400000000000,95
IMAQR,800,0.0859,0.0807,0.0859,0.0807,1652846400000000000,8
IMAQW,219950,0.071,0.0442,0.0792,0.0442,1652846400000000000,142
IMAX,398751,15.96,15.7,16.46,15.53,1652846400000000000,5205
IMBI,408512,2.2,2.09,2.2,2.04,1652846400000000000,1290
IMBIL,1804,18.3,18.2,18.3,18.2,1652846400000000000,16
IMCB,51568,61.02,59.3666,61.02,59.1801,1652846400000000000,158
IMCC,251139,1.07,1.09,1.1,1.03,1652846400000000000,935
IMCG,110362,55.06,53.49,55.1202,53.24,1652846400000000000,655
IMCR,193294,29.77,29.15,31.49,27.81,1652846400000000000,2339
IMCV,18149,65.1497,63.6079,65.1497,63.427,1652846400000000000,168
IMFL,2,22.0517,22.0517,22.0517,22.0517,1652846400000000000,2
IMGN,4591478,3.83,3.505,3.9,3.49,1652846400000000000,17209
IMGO,120805,15.5,14.71,16,14.55,1652846400000000000,2812
IMH,4838,0.7,0.67,0.7,0.6502,1652846400000000000,54
IMKTA,184195,90,85.52,90.41,84.38,1652846400000000000,5004
IMLP,0,15.774,15.774,15.774,15.774,1652846400000000000,0
IMMP,78740,2.62,2.61,2.7223,2.5512,1652846400000000000,370
IMMR,503013,5.66,5.57,5.755,5.55,1652846400000000000,3646
IMMX,48636,1.33,1.3,1.35,1.25,1652846400000000000,163
IMNM,50513,2.76,2.84,2.87,2.6151,1652846400000000000,438
IMO,573148,51.1,50.06,51.54,49.45,1652846400000000000,8338
IMOM,4212,26.81,26.385,26.89,26.385,1652846400000000000,84
IMOS,18761,32.17,31.6,32.17,31.6,1652846400000000000,245
IMPL,83800,6.69,6.42,7,6,1652846400000000000,1241
IMPP,43404993,0.514,0.464,0.514,0.4502,1652846400000000000,47536
IMPPP,3086,21,20.49,21,20.25,1652846400000000000,21
IMPX,35733,9.9,9.89,9.9,9.89,1652846400000000000,143
IMPX.WS,13803,0.56,0.5789,0.6076,0.55,1652846400000000000,68
IMRA,34109,1.2601,1.22,1.31,1.22,1652846400000000000,201
IMRN,10608,2.72,2.73,2.94,2.7,1652846400000000000,94
IMRNW,52828,0.35,0.2,0.35,0.1828,1652846400000000000,134
IMRX,51550,4.94,4.7,5.165,4.67,1652846400000000000,1277
IMTB,18301,45.16,45.16,45.28,45.16,1652846400000000000,145
IMTE,299789,5.4507,5.6,5.77,5.33,1652846400000000000,1787
IMTM,548246,31.97,31.43,31.98,31.3465,1652846400000000000,922
IMTX,145317,6.42,6.17,6.65,5.85,1652846400000000000,1325
IMTXW,41395,1.11,0.996,1.15,0.9866,1652846400000000000,110
IMUX,295608,6.27,5.75,6.515,5.62,1652846400000000000,4486
IMV,54221,1.04,1,1.06,0.96,1652846400000000000,378
IMVT,259358,4,3.7,4.05,3.67,1652846400000000000,3576
IMXI,326708,19.41,19.84,20.0825,19.41,1652846400000000000,4422
INAB,4707,2.67,2.54,2.67,2.495,1652846400000000000,46
INAQ,10461,9.79,9.79,9.79,9.79,1652846400000000000,16
INAQ.WS,4800,0.269,0.22415,0.27,0.2133,1652846400000000000,40
INBK,48096,38.46,37.52,39.23,37.21,1652846400000000000,1136
INBKZ,1136,25.12,25.5,25.5,24.8501,1652846400000000000,13
INBX,696630,13.64,13.2,13.875,12.61,1652846400000000000,8425
INCO,17394,48.53,47.7,48.74,47.61,1652846400000000000,148
INCR,255968,7.17,7.28,7.3,7.075,1652846400000000000,1098
INCY,1575885,74.78,73.39,75.06,73.12,1652846400000000000,22719
INDA,5430406,41.17,40.5,41.32,40.39,1652846400000000000,18492
INDB,309085,78.15,79.09,79.59,78.15,1652846400000000000,7129
INDF,27,29.5399,29.5399,29.5399,29.5399,1652846400000000000,8
INDI,983273,6.89,6.74,6.99,6.655,1652846400000000000,9122
INDIW,20824,1.35,1.33,1.3701,1.2981,1652846400000000000,49
INDL,34467,46.995,45.2045,46.995,45.11,1652846400000000000,330
INDO,679014,17.2,15.8,17.49,15,1652846400000000000,7062
INDP,7300,2.45,2.5,2.52,2.45,1652846400000000000,76
INDS,48096,43.05,41.61,43.2479,41.55,1652846400000000000,437
INDT,25218,64.78,63.99,66.787,63.59,1652846400000000000,807
INDY,14456,42.39,41.73,42.5339,41.67,1652846400000000000,213
INFA,294283,18.45,17.78,18.8,17.51,1652846400000000000,5938
INFI,513383,0.6634,0.6194,0.6634,0.61001,1652846400000000000,3119
INFL,210727,31.14,30.34,31.14,30.185,1652846400000000000,817
INFN,1829769,5.81,5.78,5.99,5.76,1652846400000000000,12468
INFU,91504,8.55,8.45,8.74,8.26,1652846400000000000,1731
INFY,10671577,19.32,18.78,19.39,18.76,1652846400000000000,42299
ING,4386709,10.02,9.87,10.04,9.835,1652846400000000000,14665
INGN,260316,25.65,24.56,25.67,24.48,1652846400000000000,4461
INGR,519470,94.24,92.37,94.37,92.11,1652846400000000000,10143
INKAW,20000,0.145,0.145,0.145,0.145,1652846400000000000,3
INKM,5783,32.2744,32.0172,32.2744,31.98,1652846400000000000,58
INKT,32201,1.3,1.26,1.31,1.23,1652846400000000000,373
INM,96808,0.84,0.78,0.89,0.7678,1652846400000000000,372
INMB,69684,7.35,7.25,7.845,7.14,1652846400000000000,838
INMD,1328898,23.06,23.02,23.98,22.81,1652846400000000000,17104
INMU,2355,23.37,23.34,23.39,23.34,1652846400000000000,11
INN,891595,9.02,8.87,9.28,8.845,1652846400000000000,6953
INNpE,13348,20.26,20,20.26,19.63,1652846400000000000,71
INNpF,1463,22.25,19.99,22.25,19.77,1652846400000000000,14
INNO,1231,12.28,11.7678,12.28,11.7678,1652846400000000000,9
INNV,240494,4.49,4.64,4.71,4.49,1652846400000000000,1851
INO,5989243,1.88,1.84,1.9199,1.795,1652846400000000000,16121
INOD,216469,6.8,6.44,6.95,6.23,1652846400000000000,1544
INPX,1384897,0.2112,0.2011,0.22,0.201,1652846400000000000,1716
INQQ,6973,13.14,12.7719,13.14,12.651,1652846400000000000,35
INSE,116707,10.6,10.1,10.6,10,1652846400000000000,3064
INSG,734401,2.29,2.19,2.35,2.17,1652846400000000000,5789
INSI,11445,16.36,16.3401,16.36,16.3,1652846400000000000,60
INSM,1380121,20.91,19.9,21.415,19.76,1652846400000000000,15097
INSP,217563,169.53,167.29,173.735,165.185,1652846400000000000,7228
INST,114188,16.84,16.74,17.12,16.5,1652846400000000000,1350
INSW,562029,23.74,23.77,24.11,23.1912,1652846400000000000,7695
INT,1009769,24.9,25.54,26.64,24.6,1652846400000000000,13586
INTA,42001,21.15,21.4,21.88,20.91,1652846400000000000,1893
INTC,34382912,43.98,42.35,43.98,42.22,1652846400000000000,218449
INTE,12504,9.85,9.83,9.85,9.83,1652846400000000000,23
INTF,141317,25.7699,25.39,25.7699,25.34,1652846400000000000,712
INTG,1977,47.96,47.76,48.43,47.02,1652846400000000000,45
INTT,66260,7.42,7.2,7.4729,6.961,1652846400000000000,328
INTU,1688703,364.15,353.31,368.84,351.9,1652846400000000000,41411
INTZ,104459,2.85,2.8,2.85,2.15,1652846400000000000,609
INUV,388024,0.447,0.4742,0.4896,0.44,1652846400000000000,731
INVA,741807,16.09,15.95,16.19,15.76,1652846400000000000,10892
INVE,146096,11.83,11.47,12.08,11.01,1652846400000000000,2448
INVH,2933981,36.8,35.68,37.01,35.57,1652846400000000000,30704
INVO,182920,1.65,1.09,1.65,1.07,1652846400000000000,728
INVZ,2522782,4.11,4.25,4.425,4.105,1652846400000000000,9778
INVZW,2988,1.12,1.2,1.2,1.12,1652846400000000000,15
INZY,147147,4.14,3.94,4.15,3.83,1652846400000000000,2188
IO,904581,0.3592,0.345,0.369,0.33,1652846400000000000,1330
IOAC,56251,9.99,9.99,10,9.99,1652846400000000000,80
IOACU,50405,10.04,10.04,10.04,10.04,1652846400000000000,24
IOACW,3600,0.1301,0.13,0.1301,0.12,1652846400000000000,4
IOBT,110253,6.7,5.5,6.901,5.2,1652846400000000000,1123
IOCT,9877,23.47,23.4975,23.4975,23.46,1652846400000000000,51
IONM,6470,2.9,2.6201,2.9,2.565,1652846400000000000,105
IONQ,8711868,5.63,5.45,6.34,5.39,1652846400000000000,62027
IONQ.WS,150571,1.53,1.48,1.66,1.4299,1652846400000000000,286
IONS,1144767,37.7,38.39,39.14,37.69,1652846400000000000,15141
IOO,100440,68.49,66.69,68.516,66.52,1652846400000000000,913
IOR,1373,12.84,12.66,13.45,12.66,1652846400000000000,47
IOSP,133684,105.88,103.99,105.95,103.59,1652846400000000000,3310
IOT,1443294,10.4,10.09,10.65,9.8,1652846400000000000,14247
IOVA,1701794,14.29,14.59,15.14,14.25,1652846400000000000,18336
IP,3600661,48.78,48.33,49.055,48.16,1652846400000000000,41005
IPA,33934,4.86,4.8,5.23,4.8,1652846400000000000,312
IPAC,66265,55.89,55.17,56.02,55.12,1652846400000000000,325
IPAR,140593,72.89,70.57,74.75,69.78,1652846400000000000,3599
IPAXW,803,0.34,0.3599,0.3599,0.339,1652846400000000000,7
IPAY,103709,42.95,42.47,43.56,42.26,1652846400000000000,1428
IPB,941,26.05,26.06,26.06,26.05,1652846400000000000,5
IPDN,12846,0.83,0.79,0.83505,0.7872,1652846400000000000,60
IPDP,549,14.6445,14.148,14.655,14.148,1652846400000000000,7
IPG,3119841,32.34,31.32,32.48,31.16,1652846400000000000,34603
IPGP,524125,100.63,99.98,102.485,99.48,1652846400000000000,15213
IPHA,6710,3.11,3.01,3.11,2.9844,1652846400000000000,54
IPI,818151,72.71,64.2,73.81,63.301,1652846400000000000,14592
IPKW,24964,36.16,35.81,36.27,35.65,1652846400000000000,262
IPO,91287,29.82,29.03,30.448,28.8,1652846400000000000,734
IPOD,288585,9.93,9.95,9.97,9.93,1652846400000000000,746
IPOD.U,20447,10.15,10.17,10.17,10.11,1652846400000000000,95
IPOD.WS,100348,0.86445,0.8556,0.864451,0.8306,1652846400000000000,163
IPOF,2337447,10,10,10.04,9.99,1652846400000000000,5375
IPOF.U,9499,10.2,10.191,10.2,10.18,1652846400000000000,47
IPOF.WS,294995,0.8001,0.7879,0.86,0.71,1652846400000000000,568
IPOS,547,17.6727,17.2641,17.6727,17.2641,1652846400000000000,12
IPPP,1,10.0396,10.0396,10.0396,10.0396,1652846400000000000,1
IPSC,63246,8.77,8.79,8.9,8.13,1652846400000000000,1471
IPVA,46532,9.75,9.74,9.75,9.74,1652846400000000000,13
IPVA.WS,6220,0.24,0.2327,0.244949,0.2327,1652846400000000000,15
IPVF,34747,9.84,9.78,9.84,9.77,1652846400000000000,88
IPVF.U,146736,9.89,9.88,9.96,9.88,1652846400000000000,50
IPVF.WS,8105,0.6724,0.6306,0.7023,0.6306,1652846400000000000,32
IPW,49283,1.26,1.18,1.26,1.15,1652846400000000000,354
IPWR,74197,10.25,10.45,11.99,10.1585,1652846400000000000,535
IQ,27728467,3.52,3.76,4.02,3.52,1652846400000000000,64295
IQDE,21996,21.05,20.7523,21.05,20.74,1652846400000000000,98
IQDF,127362,22.2,21.915,22.25,21.8895,1652846400000000000,301
IQDG,95812,32.39,31.85,32.41,31.7901,1652846400000000000,246
IQDY,10913,26.36,25.9126,26.38,25.91,1652846400000000000,71
IQI,206297,9.98,9.94,10,9.88,1652846400000000000,790
IQIN,1306,29.703,29.5173,29.74,29.5173,1652846400000000000,26
IQLT,973367,33.12,32.62,33.19,32.57,1652846400000000000,3556
IQM,33,35.7394,35.7394,35.7394,35.7394,1652846400000000000,5
IQMD,32013,9.97,9.98,9.985,9.97,1652846400000000000,82
IQMDU,26900,10.05,10.05,10.05,10.045,1652846400000000000,34
IQMDW,1923,0.19,0.2388,0.2462,0.19,1652846400000000000,24
IQSI,12511,25.52,25.0313,25.52,25.03,1652846400000000000,110
IQSU,4463,33.5,33.503,33.503,33.46,1652846400000000000,7
IQV,1213910,204.11,197.26,205.74,195.81,1652846400000000000,21927
IR,2437932,44.33,43.63,44.93,43.35,1652846400000000000,26808
IRBA,1,9.1875,9.1875,9.1875,9.1875,1652846400000000000,1
IRBO,100373,28.2,27.69,28.47,27.6041,1652846400000000000,715
IRBT,440248,48.08,47.24,49.35,46.82,1652846400000000000,9997
IRCP,17325,2.24,2.27,2.43,2.23,1652846400000000000,185
IRDM,453367,35.02,34.53,35.72,34.31,1652846400000000000,10590
IREN,344293,5.92,5.6,5.92,5.31,1652846400000000000,5085
IRIX,19896,3.17,2.98,3.17,2.96,1652846400000000000,140
IRL,1839,8.22,8.24,8.24,8.17,1652846400000000000,20
IRM,1634254,53.18,51.02,53.37,50.74,1652846400000000000,22330
IRMD,51450,32.28,31.14,32.39,31.02,1652846400000000000,1477
IRNT,1073431,2.59,2.63,2.83,2.51,1652846400000000000,5357
IRNT.WS,2050,0.51,0.4805,0.51,0.4805,1652846400000000000,14
IROQ,574,22.2,22.2,22.2,22.2,1652846400000000000,53
IRRX,660,9.94,9.94,9.94,9.94,1652846400000000000,9
IRS,46876,4.35,4.34,4.52,4.3254,1652846400000000000,224
IRT,37929462,22.61,22.19,22.7,21.86,1652846400000000000,55821
IRTC,280594,130.74,125.54,133.15,123.7,1652846400000000000,8004
IRWD,4230627,11.62,11.41,11.67,11.185,1652846400000000000,16127
IS,6674877,2.75,2.76,2.9,2.67,1652846400000000000,25766
ISAA,37823,9.905,9.905,9.93,9.8973,1652846400000000000,104
ISCB,224725,47.21,46.565,47.21,46.3643,1652846400000000000,47
ISCF,53917,31.38,30.87,31.42,30.87,1652846400000000000,330
ISCG,33616,37.4,36.4545,37.53,36.31,1652846400000000000,197
ISCV,9119,54.9,53.6581,54.9199,53.39,1652846400000000000,117
ISD,74171,12.74,12.82,12.82,12.71,1652846400000000000,397
ISDR,16025,21.38,22.85,22.9,20.89,1652846400000000000,380
ISDX,12156,28.6611,28.35,28.67,28.245,1652846400000000000,73
ISEE,2991980,11.28,11.05,11.43,10.925,1652846400000000000,28100
ISEM,8279,24.08,23.74,24.08,23.74,1652846400000000000,42
ISHG,4687,70.97,70.72,71.02,70.72,1652846400000000000,35
ISHP,1175,24.7119,23.9365,24.7119,23.9365,1652846400000000000,9
ISIG,34666,7.22,6.91,7.7028,6.9,1652846400000000000,342
ISLE,33181,9.895,9.89,9.9,9.88,1652846400000000000,59
ISMD,8217,30.77,30.15,30.78,30.04,1652846400000000000,95
ISO,74367,1.97,1.79,1.98,1.76,1652846400000000000,1006
ISPC,85281,2.48,2.43,2.56,2.4,1652846400000000000,589
ISPO,621613,5.67,5.52,5.765,5.13,1652846400000000000,4152
ISPOW,105192,1.02,0.84,1.02,0.79,1652846400000000000,229
ISR,211009,0.2997,0.2999,0.315,0.2901,1652846400000000000,344
ISRA,1124,39.2617,39.0141,39.4088,39.0141,1652846400000000000,20
ISRG,2022963,221.21,215.35,223.4,214.31,1652846400000000000,42934
ISSC,96427,9.78,9.25,9.78,8.8002,1652846400000000000,774
ISTB,1785940,47.66,47.7,47.76,47.66,1652846400000000000,2728
ISTR,18052,20.15,20.06,20.24,20.06,1652846400000000000,413
ISUN,73595,2.6,2.78,2.89,2.52,1652846400000000000,440
ISVL,5085,31.46,30.9616,31.46,30.9616,1652846400000000000,19
ISWN,2996,20.5401,20.6119,20.66,20.5401,1652846400000000000,14
ISZE,0,24.9748,24.9748,24.9748,24.9748,1652846400000000000,0
IT,617715,250.88,240,252.24,238.55,1652846400000000000,17383
ITA,516186,99.9,98.36,100.735,97.95,1652846400000000000,7747
ITAN,183,21.46,21.3498,21.46,21.3498,1652846400000000000,6
ITAQU,686,9.99,9.99,9.99,9.99,1652846400000000000,4
ITB,4245907,58.31,56.22,58.31,56.02,1652846400000000000,35666
ITCB,3286,3.0349,3,3.0701,3,1652846400000000000,40
ITCI,1258103,58.49,58.5,58.79,56.8926,1652846400000000000,12540
ITEQ,93167,46.15,45.46,46.63,45.28,1652846400000000000,625
ITGR,275182,75.13,74.64,75.96,74.43,1652846400000000000,5212
ITHX,2492,9.8,9.8071,9.81,9.8,1652846400000000000,6
ITHXW,1000,0.6199,0.6199,0.6199,0.6199,1652846400000000000,1
ITI,152224,2.56,2.46,2.5862,2.434,1652846400000000000,1838
ITIC,1964,164.24,162.1,164.24,162.05,1652846400000000000,199
ITM,1104324,44.73,44.7,44.75,44.61,1652846400000000000,2511
ITOS,400707,18.5,16.92,19.09,16.43,1652846400000000000,6217
ITOT,2482451,89.57,86.99,89.67,86.72,1652846400000000000,21004
ITP,14337214,0.1653,0.1565,0.1724,0.153,1652846400000000000,5686
ITRG,93597,0.945,0.8925,0.965499,0.87,1652846400000000000,140
ITRI,335962,49.23,49.3,50.51,48.77,1652846400000000000,8728
ITRM,783109,0.25,0.25,0.26,0.235,1652846400000000000,1391
ITRN,13853,23.29,23.32,23.36,22.75,1652846400000000000,405
ITT,428685,72.45,70.06,72.69,69.96,1652846400000000000,8754
ITUB,55385027,5,4.95,5.05,4.93,1652846400000000000,41821
ITW,1204629,209.78,203.39,210.23,202.83,1652846400000000000,27515
IUS,101180,38.31,37.09,38.31,36.99,1652846400000000000,403
IUSA,663,15.99,15.628,15.99,15.628,1652846400000000000,52
IUSB,8873369,47.17,47.38,47.38,47.17,1652846400000000000,7706
IUSG,506352,88.81,86.04,89.0638,85.74,1652846400000000000,3174
IUSS,13791,34.91,33.7,34.91,33.63,1652846400000000000,80
IUSV,627124,71.96,70.03,71.96,69.8,1652846400000000000,3202
IVAC,127448,5.16,5.17,5.2,5.03,1652846400000000000,1009
IVAL,10115,25.09,24.71,25.09,24.63,1652846400000000000,95
IVC,1645017,0.97,0.85,0.97,0.848,1652846400000000000,4794
IVCAU,80956,10,9.99,10,9.77,1652846400000000000,141
IVCP,1756,9.79,9.79,9.79,9.79,1652846400000000000,7
IVCPW,714,0.2866,0.2779,0.3049,0.2779,1652846400000000000,12
IVDA,99703,1.55,1.45,1.57,1.24,1652846400000000000,329
IVDAW,1701,0.3001,0.3001,0.3001,0.3,1652846400000000000,11
IVDG,1118,9.73,9.5416,9.7333,9.5416,1652846400000000000,10
IVE,1249175,147.73,143.85,147.73,143.38,1652846400000000000,7724
IVEG,959,23.59,22.975,23.59,22.975,1652846400000000000,20
IVES,2824,32.21,31.3393,32.21,31.17,1652846400000000000,39
IVH,34198,10.94,10.91,10.94,10.86,1652846400000000000,197
IVLC,255,12.14,11.991,12.14,11.991,1652846400000000000,4
IVLU,1092250,24.25,23.95,24.3283,23.93,1652846400000000000,2172
IVOG,4280,166.93,166.201,166.975,165.845,1652846400000000000,140
IVOL,365421,25.83,25.71,25.9499,25.69,1652846400000000000,1372
IVOO,24726,166.46,161.83,166.46,161.39,1652846400000000000,350
IVOV,17783,157.08,152.94,157.08,152.53,1652846400000000000,247
IVR,4729644,1.77,1.74,1.78,1.72,1652846400000000000,16400
IVRpB,13721,19.975,19.9507,20.07,19.75,1652846400000000000,438
IVRpC,8752,21.0736,20.32,21.09,20.32,1652846400000000000,118
IVRA,2756,14.76,14.41,14.76,14.4,1652846400000000000,35
IVSG,359,10.31,10.2607,10.31,10.26,1652846400000000000,13
IVT,634462,30.72,29.77,30.87,29.71,1652846400000000000,8390
IVV,6214993,405.24,393.56,405.5,392.25,1652846400000000000,86794
IVW,4245401,64.14,62.04,64.25,61.82,1652846400000000000,20513
IVZ,3192940,18.39,17.98,18.44,17.855,1652846400000000000,25343
IWB,1308754,222.1,215.91,222.38,215.12,1652846400000000000,9211
IWC,40941,112.27,109.89,113.155,109.2676,1652846400000000000,514
IWD,2615751,156.28,152.32,156.34,151.79,1652846400000000000,21061
IWDL,45,28.9336,28.9336,28.9336,28.9336,1652846400000000000,4
IWF,2096334,232.2,224.51,232.6683,223.7,1652846400000000000,19684
IWFH,102,14.5,14.3968,14.5,14.3968,1652846400000000000,2
IWFL,15,18.7171,18.7171,18.7171,18.7171,1652846400000000000,2
IWIN,13079,23.85,23.4081,23.85,23.37,1652846400000000000,41
IWL,151981,95.55,92.84,95.5999,92.49,1652846400000000000,1125
IWM,35853935,180.47,176.24,181.41,175.1,1652846400000000000,269148
IWML,0,15.7096,15.7096,15.7096,15.7096,1652846400000000000,0
IWN,1479197,147.81,144.34,148.21,143.59,1652846400000000000,13735
IWO,795536,215.01,209.49,216.29,207.96,1652846400000000000,15325
IWP,1690234,83.26,80.46,83.4,80.0304,1652846400000000000,13042
IWR,2555556,70.18,68.19,70.26,67.93,1652846400000000000,13343
IWS,396468,111.97,108.92,111.97,108.485,1652846400000000000,3155
IWV,237732,232.57,226.14,232.83,225.39,1652846400000000000,1638
IWX,67212,65.85,64.25,65.85,64.02,1652846400000000000,486
IWY,309113,133.01,128.63,133.25,128.22,1652846400000000000,3062
IX,15557,89.21,87.94,89.21,87.78,1652846400000000000,575
IXC,733388,39.15,38.13,39.23,37.77,1652846400000000000,5350
IXG,68367,71.35,70.1,71.53,69.94,1652846400000000000,1082
IXHL,27774,8.41,8.64,8.6501,8.3,1652846400000000000,328
IXJ,94568,82.8,81.44,82.915,81.16,1652846400000000000,1282
IXN,15333505,49.6,48.16,49.805,47.96,1652846400000000000,29484
IXP,22570,65.64,64.11,65.64,64.11,1652846400000000000,112
IXSE,1516,31.88,31.31,31.96,31.31,1652846400000000000,8
IXUS,2271131,60.87,59.88,60.93,59.76,1652846400000000000,8968
IYC,2477681,61.41,59.11,61.41,58.7708,1652846400000000000,1071
IYE,21513930,44.25,42.93,44.395,42.395,1652846400000000000,33272
IYF,269490,74.89,73.43,74.89,73.18,1652846400000000000,2351
IYG,1087080,158.4,155.98,159.11,155.31,1652846400000000000,3310
IYH,34795,272.73,267.27,272.73,266.36,1652846400000000000,669
IYJ,157197,94.8,92.57,95.16,92.35,1652846400000000000,868
IYK,100683,207.23,196.82,207.49,196.3616,1652846400000000000,1593
IYLD,42570,20.59,20.5695,20.6366,20.55,1652846400000000000,122
IYM,76309,137.98,134.7,138.44,134.26,1652846400000000000,951
IYR,7983082,96.9,94.39,97.12,94.105,1652846400000000000,79653
IYT,365122,235.83,224.81,235.84,224.31,1652846400000000000,7142
IYW,691161,86.49,83.52,86.82,83.23,1652846400000000000,3834
IYY,51926,98.79,95.9,98.79,95.63,1652846400000000000,654
IYZ,838647,26.93,26.47,26.97,26.39,1652846400000000000,3776
IZEA,267516,0.92,0.9225,0.97,0.91,1652846400000000000,1366
IZRL,19158,19.5364,19.1707,19.6384,19.09,1652846400000000000,243
J,758712,135.38,132.2,136.14,131.99,1652846400000000000,15508
JAAA,142735,49.3,49.25,49.3,49.21,1652846400000000000,526
JACK,632667,77.57,73.56,77.94,72.91,1652846400000000000,13788
JAGG,123985,48.21,48.405,48.4628,48.21,1652846400000000000,186
JAGX,624615,0.4,0.3907,0.41,0.3851,1652846400000000000,1965
JAKK,71153,14.57,13.53,14.7,13.28,1652846400000000000,839
JAMF,359639,22.73,22.85,23.565,22.3911,1652846400000000000,6578
JAN,3023,2.28,2.06,2.28,2.06,1652846400000000000,57
JANX,222869,10.44,10.58,11.43,9.955,1652846400000000000,2598
JANZ,0,25.5729,25.5729,25.5729,25.5729,1652846400000000000,0
JAQC,3000,9.63,9.63,9.63,9.63,1652846400000000000,2
JAQCW,3801,0.2699,0.2099,0.2699,0.13,1652846400000000000,39
JATT.WS,1800,0.2708,0.2861,0.2992,0.2708,1652846400000000000,7
JAVA,12489,50.79,49.8901,50.79,49.79,1652846400000000000,59
JAZZ,416084,152.31,147.52,152.93,147.31,1652846400000000000,9686
JBBB,5294,46.04,46.21,46.2499,46.04,1652846400000000000,17
JBGS,970404,26.09,25.73,26.51,25.625,1652846400000000000,11528
JBHT,1879290,176.75,162.85,177.955,160.46,1652846400000000000,38934
JBI,1409361,10.47,10.56,11.12,10.37,1652846400000000000,12917
JBL,697179,60.5,58.39,60.92,58.27,1652846400000000000,13117
JBLU,9317234,10.05,9.92,10.26,9.88,1652846400000000000,47727
JBSS,94283,73.5,72.77,73.5,71.56,1652846400000000000,2193
JBT,161004,116.89,115.86,119.66,115.19,1652846400000000000,4550
JCE,67884,14.16,13.71,14.24,13.55,1652846400000000000,514
JCI,5157089,51.32,51.42,52.29,50.95,1652846400000000000,47805
JCIC,1982,9.8,9.8,9.8,9.8,1652846400000000000,25
JCICU,10119,9.83,9.83,9.83,9.83,1652846400000000000,101
JCICW,100,0.15,0.15,0.15,0.15,1652846400000000000,1
JCO,52640,7.99,8,8.02,7.99,1652846400000000000,38
JCPB,29099,48.32,48.56,48.57,48.32,1652846400000000000,152
JCPI,30654,49.25,49.3,49.43,49.21,1652846400000000000,265
JCSE,45763,11,10.88,11.445,9.98,1652846400000000000,683
JCTCF,1835,7.3,7.06,7.3,7.06,1652846400000000000,22
JCTR,12,52.5904,52.5904,52.5904,52.5904,1652846400000000000,3
JD,13681563,52.43,51.2,53.26,50.64,1652846400000000000,104755
JDIV,21226,34.59,33.5817,34.59,33.58,1652846400000000000,126
JDST,2970896,10.94,11.43,11.48,10.86,1652846400000000000,11823
JEF,844790,31.8,30.94,31.93,30.7,1652846400000000000,11837
JELD,957846,17.94,17.99,18.22,17.54,1652846400000000000,11025
JEMA,51245,37.51,36.82,37.54,36.76,1652846400000000000,172
JEMD,20544,6.85,6.83,6.89,6.814,1652846400000000000,99
JEPI,3198299,57.46,56,57.5,55.85,1652846400000000000,23479
JEPQ,26028,48.57,47,48.59,46.75,1652846400000000000,508
JEQ,24163,6.03,5.99,6.125,5.98,1652846400000000000,120
JETS,6139762,19.94,19.51,20.245,19.42,1652846400000000000,28659
JFIN,9039,1.82,1.73,1.8392,1.73,1652846400000000000,104
JFR,256544,8.53,8.52,8.57,8.48,1652846400000000000,968
JFU,263854,0.8285,0.9495,0.9668,0.8011,1652846400000000000,727
JFWD,119,9.2999,9.2433,9.2999,9.2433,1652846400000000000,4
JG,254561,1.03,0.9979,1.08,0.96,1652846400000000000,799
JGGC,20905,9.83,9.83,9.83,9.83,1652846400000000000,7
JGGCU,500,10.04,10.056,10.056,10.04,1652846400000000000,5
JGGCW,2000,0.15,0.16,0.16,0.15,1652846400000000000,6
JGH,227641,12.07,12.49,12.68,11.98,1652846400000000000,1974
JGLD,146,20.2164,20.2164,20.2164,20.2164,1652846400000000000,10
JHAA,9823,8.98,8.99,9.0984,8.98,1652846400000000000,47
JHCB,36,21.6415,21.6415,21.6415,21.6415,1652846400000000000,2
JHCS,387,27.74,27.2538,27.74,27.2538,1652846400000000000,6
JHEM,9416,25.4,24.9047,25.4,24.9,1652846400000000000,43
JHG,1052108,28.38,27.29,28.59,27.16,1652846400000000000,14197
JHI,8474,14.1,14.06,14.1,14,1652846400000000000,88
JHMA,1028,46.6812,46.2616,46.6812,46.2616,1652846400000000000,48
JHMB,2,22.68,22.68,22.68,22.68,1652846400000000000,2
JHMC,9794,41.18,40.0843,41.18,39.84,1652846400000000000,79
JHMD,6926,29.37,28.92,29.38,28.92,1652846400000000000,93
JHME,14160,33.78,32.92,33.78,32.4601,1652846400000000000,95
JHMF,1099,45.04,44.9064,45.04,44.9064,1652846400000000000,24
JHMH,495,45.8685,45.6296,45.8685,45.6296,1652846400000000000,8
JHMI,1554,46.21,45.5755,46.26,45.5755,1652846400000000000,18
JHML,43034,51.28,49.79,51.28,49.62,1652846400000000000,248
JHMM,162141,48,46.59,48.02,46.42,1652846400000000000,902
JHMS,13749,38,36.2013,38,36.13,1652846400000000000,146
JHMT,1203,75.1,74.09,75.1,74.01,1652846400000000000,41
JHMU,3892,37.0861,36.7986,37.13,36.7501,1652846400000000000,13
JHPI,3886,23.009,22.865,23.01,22.865,1652846400000000000,31
JHS,9088,12.29,12.27,12.3,12.2,1652846400000000000,77
JHSC,6524,31.39,30.66,31.39,30.56,1652846400000000000,77
JHX,92295,26.79,26.11,26.88,26.06,1652846400000000000,1121
JIB,0,44.15,44.15,44.15,44.15,1652846400000000000,0
JIDA,25,40.6989,40.6989,40.6989,40.6989,1652846400000000000,10
JIG,18403,53.58,52.56,53.58,52.44,1652846400000000000,204
JIGB,912,46.48,46.69,46.69,46.48,1652846400000000000,11
JILL,10337,18.1,17.37,18.28,17.04,1652846400000000000,245
JJA,18447,28.5179,28.46,29.2853,28.36,1652846400000000000,168
JJC,16701,21.22,20.81,21.25,20.73,1652846400000000000,149
JJE,5491,75.62,77.01,81.1,75.62,1652846400000000000,45
JJG,5021,94.65,91.9999,94.65,91.0001,1652846400000000000,121
JJM,2950,69.5,66.9599,69.87,66.9599,1652846400000000000,35
JJN,10526,34.48,34.56,34.8998,34.11,1652846400000000000,232
JJP,602,60.99,60.99,60.99,60.99,1652846400000000000,7
JJSF,118896,121.71,118.86,124.36,117.45,1652846400000000000,4031
JJT,376,102.27,102.27,102.27,102.27,1652846400000000000,19
JJU,1667,62,59.4799,62,59.4799,1652846400000000000,22
JKHY,425401,181.83,176.47,181.83,175.725,1652846400000000000,12447
JKS,1207583,52.03,53.85,54.85,51.55,1652846400000000000,13265
JLL,300743,196.24,187.65,197.74,186.91,1652846400000000000,9536
JLS,20237,17.05,17.13,17.1799,17.02,1652846400000000000,220
JMBS,92919,48.15,48.38,48.43,48.15,1652846400000000000,564
JMEE,18987,49.33,48.4027,50.48,48.36,1652846400000000000,111
JMIA,9473448,6.91,6.66,7.25,6.585,1652846400000000000,48684
JMIN,4742,37.17,36.1496,37.17,36.1496,1652846400000000000,23
JMM,1966,6.21,6.02,6.21,6.02,1652846400000000000,19
JMOM,69034,38.77,37.4668,38.77,37.34,1652846400000000000,218
JMSB,55803,27.38,27.5,27.935,27.35,1652846400000000000,1212
JMST,768868,50.46,50.46,50.4799,50.44,1652846400000000000,857
JMUB,81636,49.25,49.21,49.2875,49.2,1652846400000000000,168
JNCE,329678,4.81,4.6,4.96,4.5,1652846400000000000,2973
JNJ,8334164,178.84,175.5,179.37,175.17,1652846400000000000,92624
JNK,8922841,94.52,94.13,94.53,94.03,1652846400000000000,41282
JNPR,5612154,31.1,29.85,31.27,29.47,1652846400000000000,42651
JNUG,1528199,48.3,46.32,48.71,46.03,1652846400000000000,13716
JO,24182,59.35,59.46,60.01,58.62,1652846400000000000,458
JOAN,710495,8.77,7.7,8.77,7.56,1652846400000000000,5556
JOB,324485,0.6018,0.605,0.625,0.6,1652846400000000000,509
JOBY,5242311,5.44,5.46,5.69,5.38,1652846400000000000,31707
JOBY.WS,12092,1.38,1.26,1.38,1.26,1652846400000000000,87
JOE,380422,49.75,47.92,50.6,47.29,1652846400000000000,6416
JOET,70152,26.63,25.83,26.63,25.78,1652846400000000000,504
JOF,60575,6.5,6.4,6.52,6.37,1652846400000000000,182
JOFF,236872,9.77,9.77,9.77,9.77,1652846400000000000,38
JOFFU,118441,9.81,9.81,9.81,9.8,1652846400000000000,40
JOFFW,2400,0.1399,0.1399,0.1399,0.1399,1652846400000000000,8
JOJO,1257,16.23,16.242,16.242,16.23,1652846400000000000,9
JOUT,29489,64,62.77,64,62.26,1652846400000000000,1606
JOYY,4951,24.34,23.62,24.36,23.62,1652846400000000000,15
JP,98947,0.450201,0.4615,0.53,0.450101,1652846400000000000,424
JPC,361814,7.92,7.9,7.98,7.83,1652846400000000000,1518
JPEM,19023,51.5201,50.93,51.6,50.91,1652846400000000000,125
JPHY,174558,45.07,44.955,45.07,44.92,1652846400000000000,675
JPI,45980,20.5,20.45,20.59,20.27,1652846400000000000,212
JPIB,14783,46.73,46.6299,46.73,46.5811,1652846400000000000,199
JPIE,126669,46.79,46.73,46.7984,46.7,1652846400000000000,104
JPIN,95547,53.01,52.36,53.03,52.246,1652846400000000000,619
JPM,12592604,121.3,120.09,121.97,119.53,1652846400000000000,138003
JPMpC,471772,25.06,24.99,25.1,24.87,1652846400000000000,1741
JPMpD,310070,24.14,24.15,24.2685,23.94,1652846400000000000,1717
JPMpJ,178659,20.36,20.2878,20.36,20.07,1652846400000000000,1085
JPMpK,810374,19.12,19.16,19.24,18.8,1652846400000000000,2063
JPMpL,910238,19.39,19.51,19.6,19.2001,1652846400000000000,2307
JPMpM,902527,18.55,18.74,18.82,18.35,1652846400000000000,4372
JPMB,5098,39.62,39.4562,39.64,39.4562,1652846400000000000,34
JPME,5586,88.21,85.6923,88.32,85.6,1652846400000000000,94
JPS,522939,7.5,7.41,7.5,7.37,1652846400000000000,1385
JPSE,52649,40.33,39.46,40.34,39.21,1652846400000000000,333
JPST,3500466,50.16,50.15,50.18,50.15,1652846400000000000,6072
JPT,4166,19.3,19.13,19.3,18.9833,1652846400000000000,27
JPUS,18755,99.26,96.66,99.26,96.35,1652846400000000000,132
JPXN,3426,59.8,59.1065,59.8,59.1065,1652846400000000000,25
JQC,2288431,5.4,5.36,5.405,5.3,1652846400000000000,1823
JQUA,151805,39.26,38.18,39.26,38.07,1652846400000000000,495
JRE,17,23.7894,23.7894,23.7894,23.7894,1652846400000000000,1
JRI,80267,13.75,13.59,13.79,13.48,1652846400000000000,508
JRNY,1886,20.18,20.1332,20.18,20.1332,1652846400000000000,3
JRO,171886,8.41,8.38,8.45,8.36,1652846400000000000,491
JRS,115356,10.09,9.73,10.09,9.69,1652846400000000000,565
JRSH,15181,6.15,5.91,6.15,5.91,1652846400000000000,87
JRVR,522441,25.19,25.99,26.53,25.19,1652846400000000000,6973
JSCP,99155,46.95,46.87,46.95,46.81,1652846400000000000,349
JSD,77859,12.56,12.48,12.57,12.46,1652846400000000000,304
JSM,13675,20.62,20.35,20.64,19.9506,1652846400000000000,147
JSMD,10228,53.74,51.95,53.74,51.9,1652846400000000000,93
JSML,20621,49.81,48.29,49.98,48.12,1652846400000000000,136
JSPR,11064,2.96,3.01,3.26,2.96,1652846400000000000,143
JSTC,9864,15.21,14.8859,15.21,14.8859,1652846400000000000,61
JT,146312,1.45,1.48,1.5396,1.29,1652846400000000000,304
JULZ,1194,31.402,31.2107,31.402,31.2107,1652846400000000000,4
JUN,3717,9.9001,9.96,9.96,9.9001,1652846400000000000,17
JUN.WS,100,0.3499,0.3499,0.3499,0.3499,1652846400000000000,1
JUNZ,95,24.4834,24.4834,24.4834,24.4834,1652846400000000000,1
JUPW,44747,0.834,0.855,0.89,0.834,1652846400000000000,177
JUSA,0,44.5448,44.5448,44.5448,44.5448,1652846400000000000,0
JUST,3849,57.214,55.9592,57.214,55.95,1652846400000000000,66
JVA,12128,2.82,2.81,2.96,2.81,1652846400000000000,90
JVAL,339710,35.05,34.08,35.05,33.94,1652846400000000000,476
JWAC,10000,9.93,9.93,9.93,9.93,1652846400000000000,1
JWEL,17883,2.02,2.15,2.18,2.01,1652846400000000000,131
JWN,8336845,23.24,22.5,23.4,22.145,1652846400000000000,70627
JWSM,212874,9.81,9.796,9.81,9.79,1652846400000000000,91
JWSM.U,145937,9.86,9.88,9.88,9.86,1652846400000000000,5
JWSM.WS,38416,0.345,0.35395,0.35395,0.34,1652846400000000000,11
JXI,34960,63.83,63.54,64.23,63.32,1652846400000000000,342
JXN,1341452,34.52,33.83,35.29,33.69,1652846400000000000,14751
JYNT,335622,17.52,16.61,17.535,16.05,1652846400000000000,5512
JZRO,0,24.6625,24.6625,24.6625,24.6625,1652846400000000000,0
JZXN,146912,1.08,1.06,1.11,1.01,1652846400000000000,484
K,3896589,73.19,69.32,73.265,68.67,1652846400000000000,44655
KAHC,50195,9.775,9.76,9.775,9.75,1652846400000000000,23
KAHC.WS,894897,0.4174,0.379,0.4174,0.35,1652846400000000000,86
KAI,30590,188.57,181.09,188.97,179.36,1652846400000000000,1214
KAII,1103,9.76,9.775,9.775,9.76,1652846400000000000,5
KAIIU,200,9.77,9.77,9.77,9.77,1652846400000000000,1
KAIIW,11333,0.07,0.0999,0.0999,0.068,1652846400000000000,27
KAIR,616,9.81,9.81,9.81,9.81,1652846400000000000,4
KAIRW,3506,0.084,0.134,0.1359,0.084,1652846400000000000,37
KALA,475707,0.7482,0.699,0.75,0.6501,1652846400000000000,2164
KALL,103,22.3296,22.3296,22.3296,22.3296,1652846400000000000,3
KALU,192047,104.5,101.24,107.41,100.8,1652846400000000000,6899
KALV,423281,9,9.18,9.22,8.66,1652846400000000000,5312
KAMN,206187,35.04,35.03,35.84,34.86,1652846400000000000,5254
KAPR,341161,24.98,24.6158,24.98,24.59,1652846400000000000,74
KAR,1439859,14.96,14.72,15.18,14.58,1652846400000000000,14139
KARO,20889,25.48,24.8,26.23,24.35,1652846400000000000,352
KARS,60146,34.81,33.93,35.1799,33.8742,1652846400000000000,852
KAVL,170591,1.03,1.03,1.07,0.99,1652846400000000000,549
KB,220889,45.56,44.87,45.64,44.67,1652846400000000000,4410
KBA,59743,33.14,32.7,33.211,32.67,1652846400000000000,444
KBAL,207200,8.46,8.41,8.578,8.34,1652846400000000000,2440
KBE,3577824,46.91,46.28,47.17,46.03,1652846400000000000,24351
KBH,1978693,33.5,31.88,33.5,31.68,1652846400000000000,24893
KBND,3975,32.14,31.79,32.14,31.79,1652846400000000000,48
KBNT,33518,1.0289,1.05,1.07,1.0289,1652846400000000000,169
KBNTW,600,0.25,0.25,0.25,0.25,1652846400000000000,4
KBR,1085242,46.02,44.9,46.83,44.61,1652846400000000000,15489
KBUY,800,18.94,18.6034,18.94,18.6034,1652846400000000000,8
KBWB,538692,56.26,55.17,56.28,54.8689,1652846400000000000,5753
KBWD,100199,18.19,17.81,18.19,17.77,1652846400000000000,702
KBWP,7506,83.14,82.71,83.35,82.5,1652846400000000000,115
KBWR,2339,56.22,55.564,56.22,55.53,1652846400000000000,28
KBWY,166389,23.34,22.99,23.44,22.9,1652846400000000000,1719
KC,3682559,3.58,3.51,3.74,3.45,1652846400000000000,20233
KCA.U,2410,9.75,9.75,9.75,9.75,1652846400000000000,6
KCAC.U,10452,10.2,10.15,10.2,10.1,1652846400000000000,44
KCAC.WS,183228,0.4,0.39,0.5129,0.3801,1652846400000000000,262
KCCA,733312,25.45,25.79,25.98,25.28,1652846400000000000,340
KCE,10013,77.89,76.03,77.89,75.81,1652846400000000000,236
KCGI,97011,9.92,9.92,9.93,9.9,1652846400000000000,407
KCGI.U,64636,10.08,10.1,10.12,10.06,1652846400000000000,168
KCGI.WS,80413,0.32,0.31,0.32,0.25,1652846400000000000,310
KD,2109034,13,13.19,13.86,12.85,1652846400000000000,23519
KDNY,327371,13.39,12.59,13.59,12.49,1652846400000000000,5111
KDP,12430104,35.91,34.52,35.93,34.49,1652846400000000000,82419
KDRN,4573,23.01,23.058,23.058,22.96,1652846400000000000,36
KE,88878,17.95,18.16,18.28,17.91,1652846400000000000,1335
KEJI,329,12.84,12.66,12.84,12.66,1652846400000000000,11
KELYA,225610,19.16,19.13,19.74,18.99,1652846400000000000,3652
KEMQ,34227,15.03,14.7154,15.19,14.63,1652846400000000000,223
KEMX,2126,26.6,26.14,26.6,26.14,1652846400000000000,16
KEN,73199,57.7,54.34,57.7,54.08,1652846400000000000,908
KEP,193421,8.84,8.58,8.89,8.56,1652846400000000000,2265
KEQU,1486,14.5,14.24,14.52,14.24,1652846400000000000,51
KERN,279890,0.45,0.4043,0.4581,0.4012,1652846400000000000,951
KERNW,12280,0.0651,0.0744,0.0744,0.06,1652846400000000000,51
KESG,8,20.4538,20.4538,20.4538,20.4538,1652846400000000000,1
KEUA,63285,30.26,30.6516,30.9,30.04,1652846400000000000,358
KEX,415475,65.8,64.31,66.32,63.91,1652846400000000000,8468
KEY,7954686,19.01,18.51,19.075,18.39,1652846400000000000,42759
KEYpI,96870,25.1,24.78,25.19,24.69,1652846400000000000,798
KEYpJ,60335,23.42,23.34,23.6689,23.17,1652846400000000000,400
KEYpK,126909,23.85,24.22,24.29,23.7,1652846400000000000,992
KEYS,2147518,137,136,141.155,134.41,1652846400000000000,32652
KF,2733,27.63,27.14,28.31,27.04,1652846400000000000,43
KFRC,63815,71.13,68.66,71.825,68.09,1652846400000000000,1892
KFS,26622,5.39,5.35,5.4,5.35,1652846400000000000,89
KFVG,4041,17.33,17.1801,17.42,17.05,1652846400000000000,40
KFY,371568,60.04,57.96,60.66,57.31,1652846400000000000,8119
KFYP,34,25,25,25,25,1652846400000000000,4
KGC,20081089,4.31,4.3,4.39,4.23,1652846400000000000,29645
KGHG,434,24.61,24.3275,24.61,24.3275,1652846400000000000,22
KGRN,16843,33.4,33.54,34.28,33.1,1652846400000000000,230
KGRO,7,16.827,16.827,16.827,16.827,1652846400000000000,1
KHC,13778338,42.95,39.04,43.09,38.8632,1652846400000000000,113647
KHYB,2900,28.58,28.6,28.613,28.535,1652846400000000000,27
KIDS,134670,43.66,43.64,45.35,42.68,1652846400000000000,2931
KIE,920766,39.26,38.68,39.405,38.59,1652846400000000000,8903
KIII,821,9.7609,9.7609,9.7609,9.7609,1652846400000000000,3
KIIIW,1300,0.1199,0.1499,0.1499,0.1124,1652846400000000000,8
KIM,5311535,23.92,22.98,23.96,22.91,1652846400000000000,37041
KIMpL,11763,23.56,23.52,23.59,23.28,1652846400000000000,160
KIMpM,49950,23.73,23.71,24.01,23.353,1652846400000000000,492
KIND,3850987,3.15,2.81,3.15,2.79,1652846400000000000,16974
KINS,42824,4.68,4.66,4.68,4.0292,1652846400000000000,247
KINZ,176511,10.08,10.075,10.08,10.07,1652846400000000000,57
KINZU,6015,10.2076,10.1,11.1199,10.1,1652846400000000000,52
KINZW,126554,0.103,0.0955,0.11495,0.095,1652846400000000000,76
KIO,68022,12.55,12.45,12.55,12.38,1652846400000000000,376
KIQ,57851,0.3455,0.343101,0.35,0.341,1652846400000000000,147
KIRK,615811,7.12,6.41,7.15,6.2501,1652846400000000000,5504
KJAN,2427,29.1511,28.7445,29.1511,28.67,1652846400000000000,25
KJUL,339192,24.43,23.9751,24.43,23.96,1652846400000000000,3
KKR,4378394,51.98,50.76,52.94,50.195,1652846400000000000,42233
KKRpC,102911,66.46,64.34,66.55,64.34,1652846400000000000,124
KKRS,107120,19,19.07,19.1,18.8488,1652846400000000000,613
KLAC,1434313,345.09,333.85,350.98,331.45,1652846400000000000,35101
KLCD,372,31.0884,30.5605,31.1,30.5605,1652846400000000000,8
KLDW,4751,37.91,37.142,37.91,37.14,1652846400000000000,37
KLIC,721682,51.26,49.76,52.495,49.37,1652846400000000000,12419
KLNE,2768,14.51,14.26,14.99,14.26,1652846400000000000,83
KLR,483567,3.67,3.33,3.73,3.3,1652846400000000000,3157
KLR.WS,500,0.3399,0.34,0.34,0.3399,1652846400000000000,4
KLTR,790166,1.7,1.71,1.725,1.68,1652846400000000000,4371
KLXE,247383,5.49,5.3,5.5,5.03,1652846400000000000,1458
KMB,2164633,137.93,132.51,137.94,132.105,1652846400000000000,33842
KMDA,7091,4.83,4.66,4.83,4.65,1652846400000000000,96
KMED,1400,20.51,20.79,20.92,20.23,1652846400000000000,12
KMF,89718,8.32,8.03,8.335,7.98,1652846400000000000,484
KMI,14019857,19.83,19.3,19.89,19.1,1652846400000000000,75738
KMLM,14193,36.6,35.865,36.6,35.6601,1652846400000000000,123
KMPB,7596,24.4942,23.75,24.4942,23.6075,1652846400000000000,124
KMPH,851272,4.52,4.76,5.0441,4.47,1652846400000000000,4444
KMPR,239810,48.08,48.52,49.18,48.08,1652846400000000000,4755
KMT,753458,26.9,26.35,27.22,26.15,1652846400000000000,10050
KMX,2228906,95.08,89.8,95.24,88.17,1652846400000000000,35255
KN,665378,19.36,19.09,19.55,18.985,1652846400000000000,7648
KNBE,520161,15.55,14.77,16.11,14.59,1652846400000000000,9709
KNDI,272228,2.41,2.45,2.535,2.37,1652846400000000000,2178
KNG,79749,52.55,51.08,52.55,51.0076,1652846400000000000,361
KNGS,170,17.33,17.2684,17.33,17.2684,1652846400000000000,7
KNOP,111497,16.98,16.52,16.98,16.43,1652846400000000000,966
KNSA,296539,8.49,8.06,8.88,7.93,1652846400000000000,5997
KNSL,99661,209.69,208.24,213,207.39,1652846400000000000,5181
KNTE,207797,10.05,9.96,10.35,9.77,1652846400000000000,2068
KNTK,225751,80.88,78.08,81.7,76.74,1652846400000000000,5891
KNX,4461521,47.58,43.8,47.8,42.5,1652846400000000000,52988
KO,30998610,65.42,61.2,65.52,60.9639,1652846400000000000,261175
KOCG,24210,21.62,21.0057,22.0194,20.11,1652846400000000000,212
KOCT,1397,24.73,24.4552,24.73,24.433,1652846400000000000,6
KOD,912005,5.94,6,6.1199,5.86,1652846400000000000,8689
KODK,1084702,4.51,4.53,4.72,4.435,1652846400000000000,7217
KOF,100598,56.13,54.05,56.13,54,1652846400000000000,2225
KOIN,1275,34.74,33.8234,34.74,33.8,1652846400000000000,23
KOKU,403,72.6701,71.7523,72.6701,71.7523,1652846400000000000,11
KOLD,23468088,5.85,6,6.15,5.75,1652846400000000000,38297
KOMP,115222,43.51,42.8,44.1,42.5801,1652846400000000000,710
KONG,0,22.5247,22.5247,22.5247,22.5247,1652846400000000000,0
KOP,194912,26.15,26.13,26.57,25.9,1652846400000000000,2519
KOPN,839845,1.37,1.25,1.375,1.24,1652846400000000000,5122
KORE,101352,4.36,4.36,4.5,4,1652846400000000000,2171
KORE.WS,3948,0.43,0.39,0.43,0.39,1652846400000000000,10
KORP,2950,47.07,47.0561,47.09,47.02,1652846400000000000,20
KORU,44247,13.92,12.9,13.93,12.82,1652846400000000000,550
KOS,6724717,7.33,6.82,7.33,6.705,1652846400000000000,33916
KOSS,74480,6.11,6,6.45,5.87,1652846400000000000,601
KPLT,389385,1.42,1.29,1.432,1.26,1652846400000000000,1973
KPLTW,7852,0.18,0.1699,0.18,0.1699,1652846400000000000,15
KPRX,32528,0.382,0.3992,0.42,0.3801,1652846400000000000,177
KPTI,3931715,5.47,5.4,5.58,5.225,1652846400000000000,22556
KR,10261273,49.62,47.9,49.87,47.35,1652846400000000000,100543
KRBN,663396,47.2,47.5,47.95,47.07,1652846400000000000,5555
KRBP,239059,0.3364,0.3533,0.3975,0.3364,1652846400000000000,274
KRC,1166599,61.68,59.09,61.695,58.74,1652846400000000000,18779
KRE,11007738,61.35,60.55,61.655,60.19,1652846400000000000,89108
KREF,352319,19.76,19.38,19.82,19.26,1652846400000000000,5157
KREFpA,11039,22.32,22.1499,22.32,22.0001,1652846400000000000,68
KRG,1421080,22.16,21.01,22.32,20.75,1652846400000000000,17647
KRKR,4620,0.79,0.72,0.79,0.72,1652846400000000000,27
KRMA,4906,28.71,27.82,28.71,27.77,1652846400000000000,85
KRMD,14673,2.25,2.07,2.26,2.07,1652846400000000000,405
KRNL,48324,9.79,9.79,9.8,9.79,1652846400000000000,25
KRNLU,48361,9.835,9.83,9.85,9.83,1652846400000000000,36
KRNLW,1485,0.1201,0.13,0.14,0.1201,1652846400000000000,11
KRNT,904256,45.34,42.5,46.5,41.68,1652846400000000000,13686
KRNY,275122,11.93,11.97,12,11.86,1652846400000000000,4068
KRO,151178,16.35,16.48,16.62,16.2657,1652846400000000000,2338
KRON,585547,3.79,3.76,4,3.6,1652846400000000000,5706
KROP,1726,17.8,17.3102,17.8,17.3102,1652846400000000000,36
KROS,1025050,44.26,38.5,44.31,35.3252,1652846400000000000,11514
KRP,273095,17.94,17.52,17.97,17.18,1652846400000000000,3850
KRT,28807,18.96,19.7,20,18.96,1652846400000000000,359
KRTX,255519,104.23,100.44,104.5,99.2,1652846400000000000,6857
KRUS,68020,34.59,32.93,34.59,32.02,1652846400000000000,2538
KRYS,167509,57.3,54.97,58.63,53.3,1652846400000000000,4929
KSA,1917023,46,45.42,46.1,45.4,1652846400000000000,11905
KSCD,1033,26.7,26.2235,26.7,26.2235,1652846400000000000,10
KSCP,139273,3.77,3.58,3.805,3.54,1652846400000000000,1013
KSET,95,23.85,23.85,23.85,23.85,1652846400000000000,8
KSI,15786,9.73,9.73,9.73,9.73,1652846400000000000,23
KSICW,6091,0.19,0.18495,0.19,0.18495,1652846400000000000,10
KSM,18024,9.18,9.07,9.18,9.04,1652846400000000000,152
KSPN,13854,4.13,3.65,4.13,3.2423,1652846400000000000,101
KSS,8071283,45.01,43.13,45.28,42.29,1652846400000000000,77380
KSTR,4744,16.29,16.1298,16.41,16.1298,1652846400000000000,33
KT,573334,14.27,14,14.27,13.99,1652846400000000000,4769
KTB,1387397,39.91,37.26,40.1382,36.715,1652846400000000000,19651
KTCC,2331,5.08,5.1,5.15,5.06,1652846400000000000,37
KTEC,1289,12.92,12.5914,12.92,12.5914,1652846400000000000,7
KTF,48360,9,8.96,9.01,8.9,1652846400000000000,275
KTH,317,30.1,30,30.1,30,1652846400000000000,3
KTN,424,30.0702,29.9901,30.0702,29.9901,1652846400000000000,5
KTOS,1233047,13.82,13.5,14.34,13.44,1652846400000000000,13677
KTRA,2740307,0.1591,0.155,0.163,0.15,1652846400000000000,2818
KTTA,62611,0.96,0.9333,0.9772,0.9333,1652846400000000000,220
KTTAW,671,0.11,0.1398,0.1477,0.109753,1652846400000000000,5
KUKE,12123,2.99,2.69,3.0401,2.67,1652846400000000000,87
KULR,211205,1.33,1.3,1.34,1.3,1652846400000000000,720
KURA,706055,12.03,11.9,12.5742,11.62,1652846400000000000,7928
KURE,30900,19.63,19.38,19.75,19.34,1652846400000000000,224
KVHI,62759,7.82,7.55,7.9,7.48,1652846400000000000,1448
KVLE,561,22.55,22.1438,22.55,22.1438,1652846400000000000,3
KVSA,945,9.759,9.74,9.759,9.74,1652846400000000000,21
KVSC,11847,9.72,9.73,9.73,9.715,1652846400000000000,48
KW,381436,21.35,21,21.55,20.82,1652846400000000000,5834
KWAC.WS,2500,0.1099,0.1,0.1099,0.1,1652846400000000000,8
KWEB,22355933,27,26.7,27.635,26.555,1652846400000000000,93388
KWR,102261,144.68,136.81,146.81,136,1652846400000000000,3794
KWT,914,37.86,38,38.0899,37.86,1652846400000000000,30
KXI,59591,60.95,58.58,60.95,58.5,1652846400000000000,645
KXIN,1272259,0.9504,0.96,1.02,0.95,1652846400000000000,1164
KYCHR,200,0.1253,0.1253,0.1253,0.1253,1652846400000000000,2
KYCHU,3418,9.99,9.99,9.99,9.99,1652846400000000000,46
KYMR,842320,16.72,15.52,17.11,14.94,1652846400000000000,11387
KYN,1087291,9.39,9.08,9.39,9.01,1652846400000000000,4925
KZIA,5576,5.884,5.58,5.884,5.52,1652846400000000000,65
KZR,1696112,6.45,5.9,6.7,5.87,1652846400000000000,10605
L,941381,64.48,63.46,64.65,63.28,1652846400000000000,13335
LAB,6988823,2.05,2.19,2.25,1.92,1652846400000000000,13742
LABD,4676244,57.28,60.41,62.22,55.24,1652846400000000000,35078
LABP,128956,0.85,0.7176,0.85,0.69,1652846400000000000,790
LABU,59705938,6.16,5.69,6.38,5.5,1652846400000000000,106906
LAC,3077492,23.88,23.59,24.89,23.14,1652846400000000000,28569
LAD,409737,304.77,290.31,305.18,288.28,1652846400000000000,13682
LADR,582790,11.58,11.22,11.58,11.18,1652846400000000000,5070
LAKE,24419,16.58,16.53,16.73,16.47,1652846400000000000,746
LAMR,443889,99.79,97.43,100.42,97.16,1652846400000000000,11323
LANC,139295,130.07,121.25,130.615,119.5,1652846400000000000,5410
LAND,589302,25.55,24.12,25.6,23.89,1652846400000000000,9418
LANDM,9373,25.74,25.75,25.91,25.7183,1652846400000000000,53
LANDO,16707,26.48,26.14,26.48,26.11,1652846400000000000,127
LARK,3685,24.75,24.29,25.3117,24.16,1652846400000000000,169
LASR,211715,11.44,11.39,12,11.23,1652846400000000000,4800
LATGU,1300,10.05,10.05,10.05,10.05,1652846400000000000,3
LATGW,6072,0.24,0.255,0.258,0.24,1652846400000000000,31
LAUR,1043835,12.13,12.14,12.35,11.995,1652846400000000000,13071
LAW,246598,24.38,23,24.79,22.525,1652846400000000000,5731
LAXXR,161,0.32,0.32,0.32,0.32,1652846400000000000,2
LAXXW,3000,0.3221,0.35,0.35,0.3221,1652846400000000000,6
LAZ,450447,33.56,32.91,33.57,32.76,1652846400000000000,6382
LAZR,4697258,10.18,9.9,10.74,9.805,1652846400000000000,38647
LAZY,211107,17.72,16.51,17.72,16.32,1652846400000000000,2266
LBAI,204938,15.16,15.01,15.45,14.88,1652846400000000000,3257
LBAY,63202,28.91,28.46,28.91,28.41,1652846400000000000,157
LBBBR,10081,0.16,0.16,0.16,0.16,1652846400000000000,4
LBC,28210,13.1,13.04,13.16,12.98,1652846400000000000,746
LBPH,6658,4.535,4.16,4.535,4.16,1652846400000000000,83
LBPS,8164,3.33,3.28,3.3644,3.15,1652846400000000000,57
LBRDA,206232,112.29,112.44,114.705,111.51,1652846400000000000,8259
LBRDK,841014,117.97,117.04,119.42,115.98,1652846400000000000,17565
LBRDP,5795,25.55,25.5,25.7276,25.34,1652846400000000000,61
LBRT,1674901,15.68,14.93,15.82,14.61,1652846400000000000,19135
LBTYA,1168473,23.4,22.93,23.68,22.9,1652846400000000000,12024
LBTYK,2256020,24.11,23.75,24.42,23.73,1652846400000000000,24489
LC,2250194,13.72,13.19,14.0994,12.995,1652846400000000000,20172
LCA,517,9.74,9.74,9.74,9.74,1652846400000000000,2
LCAA,598662,9.79,9.7819,9.79,9.77,1652846400000000000,83
LCAAW,6718,0.15,0.1714,0.1714,0.1499,1652846400000000000,26
LCAHU,1000,9.823,9.823,9.823,9.823,1652846400000000000,1
LCAHW,10500,0.2299,0.3499,0.41,0.22,1652846400000000000,103
LCAP,1299644,10.49,10.29,11.7,9.99,1652846400000000000,1152
LCAPW,648214,1.2,1.31,1.56,1.0885,1652846400000000000,961
LCFY,33231,0.9999,0.935,1.0399,0.935,1652846400000000000,134
LCFYW,4002,0.26,0.2601,0.2601,0.26,1652846400000000000,2
LCG,15727,20.17,19.58,20.17,19.53,1652846400000000000,59
LCI,291815,0.5673,0.53,0.6205,0.5253,1652846400000000000,1117
LCID,22287248,17.58,17.36,18.4057,17.065,1652846400000000000,125824
LCII,219515,117.1,113.26,118.79,111.5,1652846400000000000,6357
LCNB,21972,16,15.98,16.1369,15.7,1652846400000000000,282
LCR,11411,28.8704,28.84,28.8711,28.79,1652846400000000000,26
LCTD,2,40.3008,40.3008,40.3008,40.3008,1652846400000000000,2
LCTU,2173686,44.93,43.64,44.93,43.4891,1652846400000000000,692
LCTX,770528,1.18,1.2,1.21,1.12,1652846400000000000,3891
LCUT,80843,11.6,11.74,11.96,11.35,1652846400000000000,957
LCW.WS,6302,0.2717,0.25,0.28,0.25,1652846400000000000,42
LD,50,44.4994,44.4994,44.4994,44.4994,1652846400000000000,1
LDEM,110240,48.2001,47.68,48.2001,47.62,1652846400000000000,149
LDHA,6330,9.785,9.785,9.79,9.785,1652846400000000000,16
LDHAU,100,9.77,9.77,9.77,9.77,1652846400000000000,1
LDHAW,1700,0.2599,0.2599,0.2599,0.2599,1652846400000000000,13
LDI,886187,2.55,2.54,2.68,2.475,1652846400000000000,4654
LDOS,518648,103.94,101.69,104.24,101.31,1652846400000000000,12302
LDP,70801,20.49,20.44,20.6,20.37,1652846400000000000,450
LDSF,82238,19.02,18.955,19.02,18.93,1652846400000000000,210
LDUR,932558,96.57,97.14,97.14,96.57,1652846400000000000,491
LE,149297,13.12,12.04,13.12,11.875,1652846400000000000,2970
LEA,388975,131.96,130.03,133.995,129.66,1652846400000000000,10196
LEAD,7428,50.09,48.9457,50.09,48.9457,1652846400000000000,44
LEAP,34890,9.8667,9.87,9.88,9.8667,1652846400000000000,179
LEAP.U,29655,9.92,9.9,9.92,9.9,1652846400000000000,112
LEAP.WS,17456,0.2899,0.2481,0.29,0.211,1652846400000000000,93
LECO,286880,135.13,132.13,136.11,131.85,1652846400000000000,8586
LEDS,16379,2.48,2.37,2.516,2.34,1652846400000000000,129
LEE,24186,20.88,20.83,21.05,20.79,1652846400000000000,309
LEG,1067631,37.39,37.22,37.97,36.85,1652846400000000000,15335
LEGA,6087,9.71,9.76,9.76,9.68,1652846400000000000,64
LEGAU,5003,9.77,9.77,9.77,9.77,1652846400000000000,7
LEGAW,100,0.2549,0.2549,0.2549,0.2549,1652846400000000000,1
LEGH,16908,18.05,17.63,18.0738,17.58,1652846400000000000,396
LEGN,1105828,40.99,40.68,42.1,40.25,1652846400000000000,7829
LEGR,17979,36.09,35.26,36.19,35.25,1652846400000000000,367
LEJU,45254,0.3,0.3103,0.3254,0.2825,1652846400000000000,119
LEMB,173064,34.36,34.32,34.44,34.23,1652846400000000000,358
LEN,2570592,75.72,72.4,75.72,71.99,1652846400000000000,34424
LEN.B,153746,64.62,61.76,64.62,61.04,1652846400000000000,2377
LEO,163828,6.54,6.45,6.54,6.45,1652846400000000000,441
LESL,2492840,18.55,17.74,18.76,17.24,1652846400000000000,21871
LETB,99,23.2894,23.2894,23.2894,23.2894,1652846400000000000,1
LEU,213971,24.42,23,26,22.05,1652846400000000000,3458
LEV,459198,5.56,5.37,5.68,5.36,1652846400000000000,3680
LEV.WS,17264,1.43,1.42,1.55,1.42,1652846400000000000,93
LEVI,2314654,16.97,16.78,17.02,16.415,1652846400000000000,25914
LEXI,0,23.2406,23.2406,23.2406,23.2406,1652846400000000000,0
LEXX,58317,2.06,1.97,2.06,1.955,1652846400000000000,354
LEXXW,101,0.95,0.95,0.95,0.95,1652846400000000000,2
LFACW,3295,0.21,0.2,0.21,0.2,1652846400000000000,9
LFC,470203,7.19,7.12,7.21,7.1,1652846400000000000,2634
LFEQ,3340,37.27,37.24,37.39,37.24,1652846400000000000,17
LFG,1391316,18.11,17.44,18.72,17.27,1652846400000000000,17710
LFLY,136338,10.2,9.1,10.2,8.97,1652846400000000000,3146
LFLYW,12558,1.31,1.18,1.31,1.03,1652846400000000000,38
LFMD,105978,2.07,2.13,2.18,2.04,1652846400000000000,768
LFMDP,1825,16.5,16.5,16.5,16.5,1652846400000000000,15
LFST,417826,6.75,6.8,7.06,6.68,1652846400000000000,6982
LFT,28644,2.6,2.58,2.64,2.55,1652846400000000000,210
LFTpA,1353,24.35,24.2,24.35,24.2,1652846400000000000,11
LFTR,5481,9.85,9.86,9.87,9.85,1652846400000000000,42
LFTRU,224,9.902,9.902,9.902,9.902,1652846400000000000,1
LFTRW,2408,0.1012,0.129899,0.129899,0.1012,1652846400000000000,12
LFUS,96886,269.54,262.68,272.29,261.59,1652846400000000000,4305
LFVN,59206,4.1,4.1,4.13,3.99,1652846400000000000,364
LGAC,7465,9.78,9.78,9.8,9.78,1652846400000000000,190
LGACU,1083,9.83,9.82,9.83,9.82,1652846400000000000,7
LGACW,8778,0.28,0.32485,0.32485,0.2552,1652846400000000000,39
LGF.A,365289,12.5,12.79,13.025,12.41,1652846400000000000,4274
LGF.B,415509,11.37,11.87,12.03,11.37,1652846400000000000,5246
LGH,18170,36.22,35.86,36.32,35.8,1652846400000000000,78
LGHL,100357,1.09,0.9975,1.0992,0.98,1652846400000000000,277
LGHLW,112945,0.1198,0.0957,0.1199,0.09,1652846400000000000,501
LGI,47180,15.37,15.08,15.42,15.04,1652846400000000000,301
LGIH,419787,98.51,97.09,98.59,95.71,1652846400000000000,9920
LGL,6302,10.8,11.01,11.25,10.8,1652846400000000000,69
LGL.WS,8144,0.4884,0.4682,0.4884,0.4682,1652846400000000000,5
LGLV,37796,136.22,132.84,136.22,132.58,1652846400000000000,449
LGMK,80260,1.35,1.26,1.35,1.2499,1652846400000000000,323
LGND,193181,88.02,82.97,89.835,81.86,1652846400000000000,5395
LGO,103371,9.45,9.52,9.6948,9.18,1652846400000000000,1329
LGOV,12453,24,24.09,24.1899,23.9,1652846400000000000,66
LGST,1253769,9.98,9.97,9.98,9.97,1652846400000000000,40
LGSTU,42288,10.06,10.03,10.06,10.03,1652846400000000000,109
LGSTW,2815,0.2001,0.2099,0.2099,0.2,1652846400000000000,19
LGTO,11875,9.9,9.9,9.9,9.9,1652846400000000000,32
LGTOU,12701,9.95,9.95,9.97,9.95,1652846400000000000,11
LGTOW,3700,0.2,0.2499,0.2999,0.2,1652846400000000000,11
LGV,115419,9.7401,9.72,9.755,9.71,1652846400000000000,194
LGV.U,1713,9.78,9.765,9.78,9.765,1652846400000000000,11
LGV.WS,553483,0.23,0.2,0.23,0.2,1652846400000000000,15
LGVC,117,9.95,9.95,9.95,9.95,1652846400000000000,2
LGVN,246118,8.91,8.39,9.2866,8.1663,1652846400000000000,2055
LH,503993,245.23,242.45,248.09,241.47,1652846400000000000,14752
LHC,11088,9.81,9.82,9.82,9.81,1652846400000000000,13
LHC.U,10020,9.82,9.82,9.82,9.81,1652846400000000000,112
LHC.WS,400,0.14,0.1211,0.14,0.1211,1652846400000000000,4
LHCG,225201,165.42,165.79,166.26,165.28,1652846400000000000,4962
LHDX,59919,2.16,2.16,2.2836,2.135,1652846400000000000,449
LHX,966399,241,237.85,242.01,236.63,1652846400000000000,22121
LI,8337878,23.352,23.41,24.59,23.18,1652846400000000000,65358
LIAN,125868,2.73,2.52,2.79,2.505,1652846400000000000,882
LIBY,5496,9.98,9.96,9.98,9.96,1652846400000000000,30
LICY,946490,7.14,7.28,7.72,7.11,1652846400000000000,8482
LIDR,702780,5.45,5.43,5.64,5.24,1652846400000000000,7367
LIDRW,28697,1.19,1.11,1.23,1.105,1652846400000000000,177
LIFE,65768,3.18,3,3.185,2.92,1652846400000000000,584
LII,422342,212.35,202.56,212.35,201.82,1652846400000000000,12393
LILA,269246,9.32,9.32,9.61,9.25,1652846400000000000,4418
LILAK,1212224,9.25,9.27,9.61,9.22,1652846400000000000,11650
LILM,788022,3.09,2.96,3.15,2.92,1652846400000000000,6109
LILMW,291099,0.32,0.3001,0.3499,0.3,1652846400000000000,104
LIN,1564470,314.62,310.07,316.29,308.91,1652846400000000000,39134
LINC,89630,5.26,5.22,5.38,5.19,1652846400000000000,941
LIND,242726,11.97,12.29,12.31,11.74,1652846400000000000,3416
LINK,5732,8.4621,9.13,9.14,8.4621,1652846400000000000,114
LIONW,2147,0.191,0.2999,0.2999,0.181,1652846400000000000,7
LIQT,1492487,0.51,0.51,0.55,0.5001,1652846400000000000,2816
LIT,782337,70.5,69.06,71.15,68.93,1652846400000000000,12071
LITB,40392,1.18,1.15,1.19,1.14,1652846400000000000,197
LITE,1195632,89.53,87.95,92.36,86.75,1652846400000000000,20165
LITM,220979,3.46,3.27,3.65,3.19,1652846400000000000,1176
LITTW,100,0.2,0.2,0.2,0.2,1652846400000000000,1
LIV,0,17.412,17.412,17.412,17.412,1652846400000000000,0
LIVB,6434,9.91,9.91,9.92,9.91,1652846400000000000,8
LIVBU,1100,9.89,9.89,9.89,9.89,1652846400000000000,1
LIVE,5129,35.55,35.58,36.77,35.55,1652846400000000000,427
LIVN,267425,65.4,64.44,66.71,64.27,1652846400000000000,7885
LIXT,222790,0.8921,0.8457,0.9211,0.84,1652846400000000000,491
LIXTW,356,0.150101,0.151108,0.151108,0.1501,1652846400000000000,3
LIZI,49631,1.11,1.15,1.2,1.11,1652846400000000000,256
LJAQ,242595,9.94,9.94,9.945,9.94,1652846400000000000,162
LJAQW,35731,0.095,0.163775,0.2421,0.095,1652846400000000000,90
LJPC,26553,4.11,4.06,4.25,4.06,1652846400000000000,391
LKCO,1018173,0.43,0.4173,0.4364,0.403,1652846400000000000,1449
LKFN,193143,71,70.51,71.41,69.3,1652846400000000000,4560
LKOR,948,45.3,45.5961,45.5961,45.3,1652846400000000000,23
LKQ,2589946,51.09,50.11,51.2,49.685,1652846400000000000,33082
LL,417171,11.25,11.01,11.32,10.76,1652846400000000000,5317
LLAP,784678,4.58,5,5.05,4.36,1652846400000000000,7156
LLAP.WS,617850,0.371001,0.35,0.382,0.33,1652846400000000000,326
LLL,20538,1.85,1.85,1.957,1.78,1652846400000000000,129
LLNW,852591,3.41,3.49,3.52,3.395,1652846400000000000,6708
LLY,2152198,300,295.19,302.6,294.03,1652846400000000000,45323
LMACA,52820,9.81,9.8,9.82,9.8,1652846400000000000,198
LMACU,42017,9.9,9.9,9.9338,9.89,1652846400000000000,174
LMACW,9000,0.7566,0.5513,0.7566,0.5,1652846400000000000,111
LMAO,109,10.14,10.14,10.14,10.14,1652846400000000000,6
LMAOW,1600,0.14,0.1617,0.1617,0.14,1652846400000000000,10
LMAT,196511,44.64,43.45,44.83,42.81,1652846400000000000,4148
LMB,23379,6.24,5.82,6.31,5.82,1652846400000000000,185
LMBS,531089,48.53,48.61,48.63,48.53,1652846400000000000,2010
LMDX,19587,3.69,3.68,3.77,3.54,1652846400000000000,278
LMFA,128996,1.23,1.16,1.2969,1.15,1652846400000000000,234
LMND,1182202,20.61,19.8,21.39,19.76,1652846400000000000,13557
LMNL,2393,0.57,0.57,0.6,0.56,1652846400000000000,37
LMNR,78651,10.91,10.95,10.95,10.79,1652846400000000000,1776
LMPX,14997,4.58,4.6,4.7,4.4,1652846400000000000,105
LMST,654,20.36,20.2867,20.3639,20.2867,1652846400000000000,57
LMT,958148,441,434.33,442.07,433.1034,1652846400000000000,29862
LNC,1552811,55.17,53.71,55.67,53.52,1652846400000000000,25839
LND,59891,6.48,6.23,6.48,6.17,1652846400000000000,388
LNDC,89295,9.47,9.05,9.47,9,1652846400000000000,1280
LNFA,13628,10.07,10.06,10.0701,10.06,1652846400000000000,90
LNFA.U,27000,10.1801,10.18,10.2498,10.18,1652846400000000000,245
LNFA.WS,4004,0.265,0.3299,0.3299,0.265,1652846400000000000,23
LNG,1679604,138,132.97,138.7399,130.76,1652846400000000000,27587
LNN,90620,126.87,124.71,126.87,123.48,1652846400000000000,2824
LNSR,2497,7.4,7.3,7.48,7.25,1652846400000000000,89
LNT,1588817,60.25,58.94,60.53,58.77,1652846400000000000,28414
LNTH,1060450,65.07,62.86,65.07,61.841,1652846400000000000,19970
LNW,1014946,51.38,50.05,52.745,49.42,1652846400000000000,13170
LOAN,9887,5.59,5.46,5.59,5.45,1652846400000000000,133
LOB,517849,38.95,37.83,39.84,37.53,1652846400000000000,9217
LOCL,258623,6.1,5.08,6.21,5,1652846400000000000,3604
LOCL.WS,2000,1.01,1.01,1.01,1.01,1652846400000000000,3
LOCO,163182,10.45,10.26,10.51,10.2,1652846400000000000,3065
LODE,198261,0.8,0.7511,0.8016,0.7511,1652846400000000000,760
LOGC,173247,0.418,0.4175,0.43,0.4012,1652846400000000000,521
LOGI,1447463,58.87,58.55,59.61,57.84,1652846400000000000,17865
LOKM,5307,9.76,9.76,9.76,9.76,1652846400000000000,25
LOKM.U,79980,9.82,9.82,9.82,9.82,1652846400000000000,1
LOMA,110353,5.71,5.7,5.79,5.58,1652846400000000000,808
LOOP,35479,5.33,5.33,5.61,5.24,1652846400000000000,651
LOPE,296937,88.45,87.77,90.65,87.59,1652846400000000000,8390
LOPP,500,24.52,24.2821,24.52,24.2821,1652846400000000000,1
LOPX,86,6.0821,6.0821,6.0821,6.0821,1652846400000000000,20
LOTZ,1323482,0.62,0.5901,0.62,0.589,1652846400000000000,5171
LOTZW,4767,0.1278,0.1263,0.1394,0.1263,1652846400000000000,18
LOUP,3677,34.63,33.77,34.63,33.719,1652846400000000000,41
LOV,47350,1.98,1.83,2.0599,1.82,1652846400000000000,157
LOVE,613796,36.27,33.37,36.3567,32.47,1652846400000000000,12363
LOW,7821043,187.5,183.82,191.46,179.755,1652846400000000000,137812
LPCN,205597,0.92,0.89,0.9499,0.863,1652846400000000000,933
LPG,717325,15.58,15.3,15.89,15.03,1652846400000000000,9559
LPI,552289,63.59,61.07,64.09,59.4,1652846400000000000,11329
LPL,423911,6.74,6.56,6.75,6.53,1652846400000000000,3157
LPLA,945622,175.35,172.42,177.36,170.78,1652846400000000000,20650
LPRO,501199,13.1,12.79,13.7,12.6,1652846400000000000,6932
LPSN,983205,16.54,15.86,16.84,15.7,1652846400000000000,16346
LPTH,53999,1.66,1.77,1.78,1.66,1652846400000000000,250
LPTX,842821,1.26,1.22,1.3,1.19,1652846400000000000,3246
LPX,1153603,70,66.97,70.84,66.53,1652846400000000000,21188
LQD,16146364,110.89,111.57,111.62,110.89,1652846400000000000,65669
LQDA,774288,5.89,5.61,6.08,5.55,1652846400000000000,7453
LQDB,2,86.9506,86.9506,86.9506,86.9506,1652846400000000000,1
LQDH,64466,90.66,90.43,90.66,90.0407,1652846400000000000,474
LQDI,3608,27.05,27.0843,27.0843,26.94,1652846400000000000,44
LQDT,288640,13.43,13.07,13.89,12.93,1652846400000000000,5006
LQIG,4,99.7675,99.7675,99.7675,99.7675,1652846400000000000,4
LRCX,1699619,500.515,477.48,508.5,474.62,1652846400000000000,50043
LRFC,5970,19.51,19.29,19.51,19.01,1652846400000000000,62
LRGE,16736,43.89,42.5,43.89,42.3101,1652846400000000000,94
LRGF,122966,40.76,39.52,40.76,39.37,1652846400000000000,809
LRMR,124219,2.46,2.605,2.66,2.42,1652846400000000000,309
LRN,236075,37.75,37.21,38.41,36.98,1652846400000000000,4621
LRND,0,21.4952,21.4952,21.4952,21.4952,1652846400000000000,0
LRNZ,2721,26.61,25.521,26.61,25.38,1652846400000000000,60
LSAF,6896,30.73,29.9873,30.73,29.9873,1652846400000000000,34
LSAT,6856,33.11,31.9655,33.11,31.95,1652846400000000000,47
LSCC,1714428,49.98,48.95,51.38,48.56,1652846400000000000,22169
LSEA,38650,7.56,7.41,7.65,7.3507,1652846400000000000,838
LSEAW,16082,0.2196,0.2212,0.227,0.2196,1652846400000000000,9
LSF,79033,3.1,3.41,3.43,2.99,1652846400000000000,1154
LSI,690741,114.02,110.74,114.41,110.11,1652846400000000000,14530
LSPD,1967590,20.25,20.19,22.03,19.8,1652846400000000000,23980
LSPR,144929,9.95,9.89,9.95,9.88,1652846400000000000,13
LSST,6648,24.0201,24.01,24.0201,23.98,1652846400000000000,12
LSTR,551921,154.25,141.98,154.49,141.4,1652846400000000000,13730
LSXMA,826506,39.73,39.64,40.37,39.41,1652846400000000000,10529
LSXMK,1166651,39.92,39.57,40.44,39.49,1652846400000000000,8183
LTBR,74405,6.59,5.9,6.6,5.8001,1652846400000000000,677
LTC,653874,37.63,37.89,38.45,37.5,1652846400000000000,8304
LTCH,2135971,2.37,2.22,2.445,2.17,1652846400000000000,14762
LTCHW,175377,0.384,0.3595,0.384,0.3102,1652846400000000000,349
LTH,402879,14.41,14.43,14.65,13.905,1652846400000000000,5657
LTHM,3738503,27.35,27.17,28.9,26.77,1652846400000000000,39242
LTL,1465,39.65,37.8576,39.65,37.76,1652846400000000000,18
LTPZ,71656,71.52,72.67,72.75,71.5,1652846400000000000,854
LTRN,14061,5.855,5.7,5.94,5.66,1652846400000000000,78
LTRPA,314980,1.25,1.2,1.265,1.18,1652846400000000000,3311
LTRX,213376,6.02,5.72,6.02,5.58,1652846400000000000,1558
LTRY,221317,1.38,1.31,1.4,1.31,1652846400000000000,697
LTRYW,74073,0.2694,0.28,0.3,0.2539,1652846400000000000,87
LU,6427971,5.95,6.02,6.195,5.88,1652846400000000000,28421
LUB,256074,1.8,1.84,1.85,1.8,1652846400000000000,682
LUCD,208866,2.19,2.18,2.27,2.11,1652846400000000000,1188
LULU,2832103,296,272.52,296.01,268.36,1652846400000000000,60011
LUMN,10597091,11.86,11.4,11.88,11.32,1652846400000000000,50824
LUMO,9344,8.01,7.61,8.01,7.42,1652846400000000000,282
LUNA,233966,6.09,5.79,6.165,5.74,1652846400000000000,3188
LUNG,195142,18.52,18.16,19.03,18.05,1652846400000000000,3830
LUV,4541670,44.52,44.23,45.3499,44.02,1652846400000000000,50669
LUXA,8913,9.87,9.85,9.87,9.85,1652846400000000000,180
LUXAU,400,9.91,9.93,9.93,9.91,1652846400000000000,2
LUXAW,480226,0.16,0.2106,0.2322,0.1451,1652846400000000000,61
LUXE,2821,22.045,21.5948,22.05,21.57,1652846400000000000,58
LVACW,600,0.19,0.19,0.19,0.19,1652846400000000000,1
LVHD,45296,39.27,38.38,39.27,38.3267,1652846400000000000,714
LVHI,12550,27.44,27.09,27.44,27.09,1652846400000000000,84
LVLU,506418,10.68,11.55,11.71,9.1,1652846400000000000,6052
LVO,344427,0.6708,0.6496,0.7,0.6483,1652846400000000000,1413
LVOL,10,41.847,41.847,41.847,41.847,1652846400000000000,1
LVOX,681074,2.31,2.29,2.353,2.13,1652846400000000000,1912
LVS,4936214,34.16,33.82,34.63,33.115,1652846400000000000,52572
LVTX,2396,3.87,3.64,3.87,3.6,1652846400000000000,62
LW,1664607,63.51,62.4,63.99,61.74,1652846400000000000,21960
LWAY,6862,5.48,5.42,5.6199,5.38,1652846400000000000,85
LWLG,1160125,8.05,7.95,8.65,7.71,1652846400000000000,10306
LX,1048621,2.25,2.32,2.4,2.24,1652846400000000000,5018
LXFR,137482,16.53,15.87,16.815,15.66,1652846400000000000,2810
LXP,2647773,11.59,11.2,11.69,11.15,1652846400000000000,19157
LXPpC,346,50.9632,50.9632,50.9632,50.9632,1652846400000000000,10
LXRX,376473,1.69,1.64,1.71,1.605,1652846400000000000,3481
LXU,433666,21.48,20.6,21.97,20.43,1652846400000000000,6062
LYB,2231851,110.71,110.31,112.43,109.87,1652846400000000000,35246
LYEL,858911,3.94,3.68,4.175,3.62,1652846400000000000,7110
LYFE,11406,29.975,28.9593,29.975,28.9593,1652846400000000000,166
LYFT,13687101,19.53,18.15,19.69,18.12,1652846400000000000,75092
LYG,12049945,2.14,2.12,2.17,2.12,1652846400000000000,7101
LYL,46858,0.97,1.03,1.04,0.9673,1652846400000000000,145
LYLT,325440,11.65,11.61,12.44,11.46,1652846400000000000,5916
LYRA,62001,5.32,5.61,5.69,5.19,1652846400000000000,773
LYTS,15553,6.83,6.94,7.04,6.83,1652846400000000000,272
LYV,2597593,84.87,85.39,86.97,83.87,1652846400000000000,35470
LZ,920924,11.25,11.27,11.795,11.05,1652846400000000000,12794
LZB,519967,26.23,25.61,26.23,25.17,1652846400000000000,8322
M,28265700,19.65,19.03,19.93,18.64,1652846400000000000,157530
MA,4440742,333.62,335.9,341.595,333.56,1652846400000000000,79955
MAA,750592,176.89,173.11,177.66,172.44,1652846400000000000,17072
MAApI,600,59.025,58.16,59.025,58.16,1652846400000000000,9
MAAQR,11201,0.132,0.158,0.25,0.1098,1652846400000000000,108
MAAQU,450,10.27,10.27,10.27,10.27,1652846400000000000,5
MAAQW,1600,0.16,0.17,0.1951,0.16,1652846400000000000,13
MAAX,1,21.115,21.115,21.115,21.115,1652846400000000000,1
MAC,3269235,13.35,12.29,13.37,12.21,1652846400000000000,28186
MACA,2406,9.78,9.78,9.78,9.78,1652846400000000000,8
MACAU,600,9.82,9.82,9.82,9.82,1652846400000000000,6
MACC,4267,9.75,9.76,9.78,9.75,1652846400000000000,34
MACC.U,1000,9.8,9.8,9.8,9.8,1652846400000000000,3
MACC.WS,1300,0.12,0.1377,0.1377,0.12,1652846400000000000,4
MACK,18539,4.9669,5.05,5.14,4.92,1652846400000000000,212
MAG,348636,13.42,13.17,13.63,13.0825,1652846400000000000,4218
MAGA,997,38.8355,37.9045,38.8355,37.9045,1652846400000000000,93
MAIN,302509,39,37.89,39.2,37.76,1652846400000000000,7004
MAKX,684,30.71,30.6197,30.72,30.6197,1652846400000000000,14
MAMB,11074,22.565,22.535,22.5706,22.53,1652846400000000000,26
MAN,380987,92.83,89.31,93.47,88.88,1652846400000000000,7821
MANH,480794,118.7,112.66,120.59,111.58,1652846400000000000,12452
MANT,1626194,94.25,94.43,94.5,94.13,1652846400000000000,16026
MANU,269731,13.18,13,13.31,12.91,1652846400000000000,3324
MAPS,789658,5.7,5.35,5.78,5.28,1652846400000000000,10198
MAPSW,1006,1.25,1.25,1.25,1.25,1652846400000000000,2
MAQC,7104,10.16,10.18,10.18,10.16,1652846400000000000,15
MAQCW,2650,0.1349,0.14,0.14,0.1349,1652846400000000000,5
MAR,3443818,162.73,154.02,164.38,153.01,1652846400000000000,51012
MARA,9922208,10.61,10.16,10.99,9.93,1652846400000000000,59944
MARB,4618,19.76,19.6989,19.77,19.69,1652846400000000000,15
MARK,970657,0.5,0.4709,0.51,0.4701,1652846400000000000,2741
MARPS,62328,7.75,7.65,8.0117,7.5,1652846400000000000,344
MARZ,0,24.448,24.448,24.448,24.448,1652846400000000000,0
MAS,3204585,55.13,54.32,55.33,54.12,1652846400000000000,40950
MASI,1074584,137.18,136.85,140.8,136.55,1652846400000000000,18340
MASS,273408,15.85,15.21,16.73,14.585,1652846400000000000,6912
MAT,3493896,25.86,24.75,25.91,24.46,1652846400000000000,32723
MATW,174945,31.52,30.94,31.85,30.82,1652846400000000000,2787
MATX,487521,89.66,85.18,91.2999,84.585,1652846400000000000,11700
MAV,51222,8.76,8.64,8.77,8.62,1652846400000000000,347
MAX,178013,10.57,10.36,11,10.2597,1652846400000000000,3009
MAXN,264471,10.67,11.05,11.585,10.61,1652846400000000000,4102
MAXR,806063,28.03,27.25,28.89,27.01,1652846400000000000,14156
MAYS,326,42,42,42,42,1652846400000000000,22
MAYZ,0,23.1661,23.1661,23.1661,23.1661,1652846400000000000,0
MBAC,900,9.79,9.79,9.79,9.79,1652846400000000000,2
MBAC.WS,101,0.2643,0.2643,0.2643,0.2643,1652846400000000000,2
MBB,1467299,97.89,98.29,98.44,97.87,1652846400000000000,7121
MBBB,0,21.2648,21.2648,21.2648,21.2648,1652846400000000000,0
MBCC,12626,23.22,22.5984,23.22,22.57,1652846400000000000,75
MBCN,4126,25.14,25.4,25.7087,25.1,1652846400000000000,113
MBI,270018,12.18,12.5,12.56,12.04,1652846400000000000,5182
MBII,389913,1.07,1.06,1.1,1.05,1652846400000000000,2453
MBIN,58684,23.41,23.25,23.515,23,1652846400000000000,1086
MBINN,16024,23.4246,23.1605,23.48,23.15,1652846400000000000,76
MBINO,8751,23.33,23.04,23.33,22.94,1652846400000000000,95
MBINP,1094,25.78,25.79,25.845,25.78,1652846400000000000,11
MBIO,666729,0.7499,0.6936,0.7699,0.686601,1652846400000000000,2007
MBND,8,26.56,26.56,26.56,26.56,1652846400000000000,4
MBNE,175,29.31,29.155,29.31,29.155,1652846400000000000,1
MBNKP,1509,25.01,24.95,25.01,24.95,1652846400000000000,20
MBOT,11454,4.99,4.83,5.09,4.81,1652846400000000000,137
MBOX,8375,26.07,25.4046,26.07,25.33,1652846400000000000,31
MBRX,53564,1.32,1.3,1.3805,1.27,1652846400000000000,463
MBSC,1942,9.96,9.96,9.96,9.96,1652846400000000000,7
MBSC.U,1401,10,9.99,10,9.99,1652846400000000000,15
MBSC.WS,1612,0.1001,0.1431,0.163,0.1001,1652846400000000000,28
MBSD,3721,21.28,21.345,21.35,21.28,1652846400000000000,22
MBTC,238768,10.18,10.17,10.18,10.15,1652846400000000000,33
MBTCR,500,0.1408,0.1496,0.1496,0.1408,1652846400000000000,5
MBUU,221548,60.31,55.82,60.31,55.105,1652846400000000000,6739
MBWM,35412,31.44,31.15,31.86,30.91,1652846400000000000,806
MC,871667,43.94,43.48,44.38,42.91,1652846400000000000,11062
MCACU,11339,9.945,9.94,9.945,9.94,1652846400000000000,10
MCAER,3109,0.1146,0.1473,0.1708,0.11,1652846400000000000,35
MCAF,12440,9.88,9.895,9.895,9.88,1652846400000000000,16
MCAFR,2605,0.171,0.2,0.2556,0.17,1652846400000000000,25
MCAFU,720,10.1,10.1,10.1,10.1,1652846400000000000,6
MCAG,441,9.85,9.85,9.85,9.85,1652846400000000000,4
MCAGR,2200,0.1096,0.1471,0.1739,0.1096,1652846400000000000,22
MCAGU,800,9.97,9.9804,9.9804,9.97,1652846400000000000,6
MCB,111673,81.63,77.63,82.46,76.39,1652846400000000000,3495
MCBC,54359,9.02,9.01,9.14,8.95,1652846400000000000,870
MCBS,52908,20,19.99,20.31,19.84,1652846400000000000,1177
MCD,3713504,239.46,231.05,240.08,230.37,1652846400000000000,75423
MCFT,162468,24.15,22.54,24.32,22.44,1652846400000000000,2958
MCG,589909,8,7.95,8.74,7.56,1652846400000000000,6291
MCHI,4198895,49.11,48.38,49.49,48.27,1652846400000000000,24933
MCHP,6172995,68.4,66.14,69.005,65.72,1652846400000000000,57227
MCHX,22649,2.07,2.05,2.22,2.05,1652846400000000000,210
MCI,9313,13.99,14.06,14.1594,13.95,1652846400000000000,46
MCK,979070,331.5,320.65,333.855,319.23,1652846400000000000,25054
MCLD,16548,2.322,2.17,2.322,2.15,1652846400000000000,51
MCN,31628,6.84,6.73,6.84,6.7,1652846400000000000,159
MCO,829185,288.86,280.6,288.99,279.73,1652846400000000000,21750
MCR,93148,6.44,6.49,6.5,6.41,1652846400000000000,281
MCRB,947506,3.58,3.34,3.61,3.22,1652846400000000000,9307
MCRI,100306,67.55,65,67.8,63.43,1652846400000000000,2656
MCRO,2,25.6846,25.6846,25.6846,25.6846,1652846400000000000,2
MCS,516355,14.53,13.76,14.58,13.47,1652846400000000000,6875
MCW,1974439,11.51,11.25,11.635,10.97,1652846400000000000,15992
MCY,255363,48.33,48.28,48.8991,48.1,1652846400000000000,5661
MD,662459,19.09,18.55,19.22,18.44,1652846400000000000,10174
MDB,2474797,243.9,229.97,249.66,219.7301,1652846400000000000,52192
MDC,584222,37.43,36.31,37.43,36.1,1652846400000000000,10236
MDCP,2,21.11,21.11,21.11,21.11,1652846400000000000,2
MDEV,0,18.987,18.987,18.987,18.987,1652846400000000000,0
MDGL,173460,67.63,66.67,68.78,65.63,1652846400000000000,3909
MDGS,33426,0.83,0.825,0.85,0.815,1652846400000000000,103
MDH,7115,9.78,9.79,9.79,9.78,1652846400000000000,23
MDH.WS,5300,0.1,0.1074,0.1074,0.1,1652846400000000000,12
MDIA,23820,2.5084,2.7,2.73,2.45,1652846400000000000,186
MDIV,124337,16.39,16.115,16.39,16.04,1652846400000000000,194
MDJH,2276,1.59,1.5734,1.59,1.57,1652846400000000000,39
MDLZ,12659955,65.4,60.94,65.45,60.71,1652846400000000000,103975
MDNA,15583,1.07,1.06,1.1082,1.05,1652846400000000000,73
MDRR,58599,1.05,1.03,1.05,1.02,1652846400000000000,242
MDRX,1719756,17.9,16.95,17.9,16.9,1652846400000000000,18531
MDT,4120072,105.14,103.57,105.9,103.25,1652846400000000000,58494
MDU,1489295,27.39,26.92,27.52,26.81,1652846400000000000,18287
MDV,41944,15.55,15.81,17.3,15.55,1652846400000000000,1225
MDVpA,5550,25.1,24.68,25.1,24.6701,1652846400000000000,42
MDVL,1524910,1.6,1.65,1.7,1.55,1652846400000000000,4699
MDWD,40588,1.83,1.81,1.84,1.72,1652846400000000000,213
MDWT,11442,10.29,10.11,10.8,9.55,1652846400000000000,179
MDXG,542980,3.78,3.64,3.83,3.62,1652846400000000000,4021
MDXH,3943,7.83,7.81,7.83,7.0747,1652846400000000000,121
MDY,1005400,449.38,437.14,449.59,435.5,1652846400000000000,17969
MDYG,68421,66.21,64.25,66.23,63.95,1652846400000000000,679
MDYV,102063,65.76,64.3,65.87,64.04,1652846400000000000,1041
ME,2534675,2.9704,2.93,3.13,2.86,1652846400000000000,14817
MEACU,700,9.9,9.88,9.91,9.88,1652846400000000000,3
MEACW,1213,0.135,0.1323,0.14,0.1323,1652846400000000000,13
MEAR,375580,49.62,49.64,49.66,49.62,1652846400000000000,559
MEC,141098,8.77,8.98,9.18,8.7547,1652846400000000000,1753
MED,182862,161.38,158.52,162.97,156.09,1652846400000000000,7644
MEDP,598534,135.67,131.45,137.705,129.65,1652846400000000000,13389
MEDS,14038,1.5,1.46,1.5,1.2798,1652846400000000000,54
MEG,143240,41.17,39.49,42.37,39.18,1652846400000000000,3436
MEGI,131294,17.17,17,17.4,16.9,1652846400000000000,702
MEI,187976,45.88,44.81,46.21,44.57,1652846400000000000,3973
MEIP,2182214,0.488,0.4688,0.5115,0.461,1652846400000000000,4231
MEKA,94070,10,10.02,10.05,10,1652846400000000000,504
MELI,660181,802.01,749.3,824.85,745.774,1652846400000000000,28150
MEME,2116,7.0099,6.8376,7.0099,6.8376,1652846400000000000,49
MENV,1,23.035,23.035,23.035,23.035,1652846400000000000,1
MEOA,1200,10.04,10.04,10.04,10.04,1652846400000000000,6
MEOAU,430,10.07,10.07,10.07,10.07,1652846400000000000,4
MEOAW,28200,0.09,0.08,0.1,0.08,1652846400000000000,16
MEOH,308605,50.93,49.81,51.36,49.34,1652846400000000000,6527
MERpK,200277,25.4,25.47,25.62,25.2,1652846400000000000,758
MERC,481455,15.24,14.95,15.44,14.84,1652846400000000000,5167
MESA,385583,3.0126,2.93,3.11,2.895,1652846400000000000,3509
MESO,131085,3.66,3.58,3.66,3.55,1652846400000000000,790
MET,4993969,64.58,63.32,64.6,62.97,1652846400000000000,58532
METpA,58741,21.5,21.14,21.6183,21.11,1652846400000000000,390
METpE,95156,25,24.88,25.0177,24.84,1652846400000000000,761
METpF,149275,21.61,21.48,21.6621,21.24,1652846400000000000,1107
METC,901672,15.12,14.48,15.25,14.16,1652846400000000000,11693
METCL,1859,26.28,26.2789,26.47,26.1158,1652846400000000000,14
METV,563532,8.97,8.76,9.1,8.722,1652846400000000000,4001
METX,552380,1.28,1.35,1.35,1.26,1652846400000000000,2324
METXW,128414,0.1199,0.0851,0.12,0.0842,1652846400000000000,122
MEXX,1755,91.34,85.8398,91.412,85.725,1652846400000000000,60
MF,5738096,0.2623,0.2364,0.2623,0.2333,1652846400000000000,6868
MFA,1459294,13.67,13.15,13.7,13.12,1652846400000000000,11540
MFApB,22451,22.7269,22.33,22.93,22.25,1652846400000000000,153
MFApC,33041,20.55,20.52,20.65,20,1652846400000000000,314
MFC,4718484,17.94,17.64,17.96,17.57,1652846400000000000,17482
MFD,12813,9.98,9.91,10.0087,9.85,1652846400000000000,189
MFDX,17001,26.845,26.4241,26.861,26.4241,1652846400000000000,60
MFEM,5410,19.3741,19.1391,19.3741,19.1391,1652846400000000000,63
MFG,1245654,2.29,2.28,2.325,2.28,1652846400000000000,4982
MFGP,388990,4.54,4.41,4.61,4.41,1652846400000000000,2178
MFH,17558,1.39,1.43,1.47,1.37,1652846400000000000,103
MFIN,40570,7.71,7.57,7.81,7.57,1652846400000000000,366
MFLX,6832,16.6,16.445,16.6,16.39,1652846400000000000,24
MFM,85557,5.45,5.41,5.4623,5.35,1652846400000000000,450
MFUL,698185,21.95,21.7886,21.95,21.7886,1652846400000000000,37
MFUS,14873,39.02,37.83,39.02,37.7,1652846400000000000,64
MFV,10837,5.375,5.2428,5.375,5.22,1652846400000000000,71
MG,61669,5.44,5.4,5.64,5.39,1652846400000000000,1061
MGA,1376476,62.6,61.53,63.14,61.15,1652846400000000000,18096
MGC,233895,140.54,136.46,140.6886,136.09,1652846400000000000,1537
MGEE,127807,81.85,82.01,84.21,81.57,1652846400000000000,3264
MGF,54260,3.54,3.58,3.59,3.54,1652846400000000000,228
MGI,1595593,9.63,9.68,9.845,9.525,1652846400000000000,10455
MGIC,29355,17.39,17.29,17.72,17.03,1652846400000000000,358
MGK,420792,193.45,187.15,193.91,186.48,1652846400000000000,4561
MGLD,16336,1.05,1.04,1.07,1.02,1652846400000000000,227
MGM,12776359,35,33,35.11,32.5125,1652846400000000000,98719
MGMT,23634,33.2,32.5274,33.38,32.511,1652846400000000000,109
MGNI,1210555,10.19,10.13,10.61,10.02,1652846400000000000,14800
MGNX,584765,4.16,3.92,4.27,3.845,1652846400000000000,7506
MGPI,188792,97.66,95.55,98.3004,93.225,1652846400000000000,4153
MGR,68866,23.67,24.1,24.34,23.0944,1652846400000000000,501
MGRB,71083,19.34,19.27,19.5,18.94,1652846400000000000,630
MGRC,66284,82.66,81.53,83.41,81.025,1652846400000000000,1787
MGRD,6550,17.5,17.45,17.5,17.07,1652846400000000000,82
MGTA,698578,1.18,1.56,1.59,1.18,1652846400000000000,3797
MGTX,197631,8.33,8.09,8.41,7.97,1652846400000000000,2224
MGU,50235,24.68,24.29,24.82,24.23,1652846400000000000,378
MGV,463521,102.84,100.2,102.84,99.835,1652846400000000000,4005
MGY,1956095,24.65,23.77,24.82,23.2,1652846400000000000,20787
MGYR,6671,11.56,11.59,11.59,11.56,1652846400000000000,86
MHpA,4211,5.07,5.54,5.54,4.976,1652846400000000000,41
MHpC,4877,5.45,5.4856,5.4999,5.36,1652846400000000000,42
MHpD,2153,5.1,5.27,5.27,4.8816,1652846400000000000,24
MHD,297597,12.65,12.23,12.65,12.21,1652846400000000000,1402
MHF,32483,6.59,6.57,6.595,6.5557,1652846400000000000,133
MHH,4194,18.47,18.4573,18.47,18.1044,1652846400000000000,115
MHI,72116,9.3,9.15,9.3,9.12,1652846400000000000,425
MHK,578760,138.1,137.01,139.5,135.38,1652846400000000000,16980
MHLA,3605,17.55,17.4,17.55,17.4,1652846400000000000,39
MHLD,173249,2.14,2.12,2.17,2.11,1652846400000000000,1898
MHN,50844,11.09,11.05,11.1373,11.0297,1652846400000000000,211
MHNC,1689,19.34,19.1,19.34,19.01,1652846400000000000,29
MHO,588622,45.66,45.03,46.1,44.92,1652846400000000000,9577
MHUA,1244,6.28,6.5,6.5,6.28,1652846400000000000,38
MIC,1701166,3.8,3.82,3.82,3.77,1652846400000000000,4439
MICT,450325,0.7311,0.732,0.75,0.7028,1652846400000000000,1737
MID,2828,40.6093,39.2093,40.6093,39.2093,1652846400000000000,14
MIDD,506062,144.26,141.66,147.06,140.35,1652846400000000000,12296
MIDE,296,24.51,23.964,24.51,23.964,1652846400000000000,2
MIDF,150,35.55,35.5118,35.55,35.5118,1652846400000000000,3
MIDU,35493,42.24,38.77,42.28,38.4,1652846400000000000,465
MIG,0,21.4086,21.4086,21.4086,21.4086,1652846400000000000,0
MIGI,158974,2.75,2.5,2.75,2.3,1652846400000000000,780
MILE,614300,0.96,0.9636,1.03,0.9575,1652846400000000000,4718
MILEW,75037,0.13,0.1214,0.167,0.1133,1652846400000000000,117
MILN,10787,28.76,27.79,28.8155,27.775,1652846400000000000,203
MIME,5697599,79.91,79.92,79.96,79.91,1652846400000000000,12058
MIMO,20250,2.88,2.75,2.89,2.73,1652846400000000000,200
MIMO.WS,1000,0.1455,0.1455,0.1455,0.1455,1652846400000000000,1
MIN,357188,3,3.01,3.02,2.98,1652846400000000000,963
MINC,2801,46.14,46.1407,46.22,46.0933,1652846400000000000,28
MIND,39649,0.96,0.925,0.96,0.9222,1652846400000000000,84
MINDP,3362,14.32,14.19,14.32,14,1652846400000000000,35
MINM,33034,0.54,0.54,0.57,0.54,1652846400000000000,56
MINN,3720,21.499,21.455,21.5,21.455,1652846400000000000,16
MINO,970,43.61,43.535,43.61,43.49,1652846400000000000,12
MINT,1012275,99.61,99.61,99.65,99.61,1652846400000000000,2974
MIO,65688,11.68,11.52,11.7,11.5,1652846400000000000,208
MIR,1137715,7.1,6.95,7.33,6.81,1652846400000000000,10800
MIR.WS,27721,1.41,1.3299,1.45,1.29,1652846400000000000,90
MIRM,148298,23.74,22.95,23.83,22.55,1652846400000000000,3525
MIRO,20661,3.99,3.9,4.18,3.6795,1652846400000000000,112
MIST,6702,5.51,5.36,5.6,5.36,1652846400000000000,190
MIT,56704,9.73,9.75,9.77,9.72,1652846400000000000,100
MIT.U,62662,9.78,9.79,9.79,9.75,1652846400000000000,119
MIT.WS,16106,0.13,0.15,0.1565,0.13,1652846400000000000,20
MITC,32951,3.96,3.49,3.96,3.3,1652846400000000000,312
MITK,278814,9.26,9.16,9.34,8.96,1652846400000000000,4380
MITO,686169,0.2479,0.2342,0.265,0.2271,1652846400000000000,821
MITQ,931754,1.15,1.23,1.26,1.12,1652846400000000000,2890
MITT,188254,7.92,7.84,7.985,7.78,1652846400000000000,1551
MITTpA,6454,20.2443,20.07,20.5,20.0604,1652846400000000000,40
MITTpB,2666,20.0501,20.2185,20.2185,20.05,1652846400000000000,28
MITTpC,984,20.4365,20.24,20.455,20.24,1652846400000000000,17
MIXT,9228,10.2168,9.96,10.2168,9.85,1652846400000000000,54
MIY,115382,13.2,12.97,13.2,12.86,1652846400000000000,439
MJ,1532701,7.94,7.62,8.03,7.605,1652846400000000000,7011
MJIN,2608,16.56,17.8489,17.92,16.56,1652846400000000000,30
MJUS,757,3.195,3.1834,3.195,3.16,1652846400000000000,38
MJXL,54590,1.5,1.2866,1.5,1.2101,1652846400000000000,140
MKC,1914997,100.12,91.65,100.415,91.31,1652846400000000000,31348
MKC.V,2480,100.05,92.02,100.05,92.02,1652846400000000000,53
MKD,42965652,0.153,0.1389,0.18,0.135,1652846400000000000,25639
MKFG,1036095,3.06,2.96,3.195,2.95,1652846400000000000,7443
MKFG.WS,846,0.4231,0.41,0.4231,0.41,1652846400000000000,3
MKL,61033,1356.59,1348.89,1371.77,1345.37,1652846400000000000,7772
MKSI,666286,119.95,115.44,122.08,114.2401,1652846400000000000,18928
MKTW,262264,2.77,2.48,2.78,2.47,1652846400000000000,1951
MKTX,295892,257.08,250.18,258.99,249.01,1652846400000000000,9598
ML,1454488,1.45,1.59,1.63,1.44,1652846400000000000,7703
ML.WS,400,0.1951,0.1951,0.1951,0.1951,1652846400000000000,2
MLAB,35513,213.71,213.08,214,210.4,1652846400000000000,2110
MLAC,105,10.13,10.13,10.13,10.13,1652846400000000000,2
MLACU,235,10.1,10.09,10.1,10.09,1652846400000000000,2
MLACW,6508,0.0359,0.0646,0.0675,0.0359,1652846400000000000,33
MLAI,5419,9.98,9.985,9.985,9.98,1652846400000000000,3
MLCO,5888318,5.43,5.34,5.535,5.24,1652846400000000000,33447
MLI,465198,53.37,53.14,54.485,53,1652846400000000000,8935
MLKN,361779,28.91,27.94,29.16,27.84,1652846400000000000,6716
MLM,331192,330.8,323.97,333.41,322.51,1652846400000000000,12309
MLN,148036,17.42,17.44,17.54,17.42,1652846400000000000,620
MLNK,98163,16.24,16.06,16.81,15.73,1652846400000000000,1853
MLP,7116,11.72,11.23,11.93,11.1197,1652846400000000000,216
MLPA,282354,41.1,40.06,41.1,39.57,1652846400000000000,2881
MLPB,41594,18.56,17.9598,18.56,17.8278,1652846400000000000,22
MLPR,3,39.5583,39.5583,39.5583,39.5583,1652846400000000000,3
MLPX,115644,43.44,42.15,43.44,41.701,1652846400000000000,1091
MLR,56557,24.25,24.06,24.49,24.02,1652846400000000000,1110
MLSS,84980,0.9013,0.87,0.9361,0.86,1652846400000000000,251
MLTX,11753,4.63,4.85,5,4.63,1652846400000000000,413
MLVF,1540,15.44,15.48,15.87,15.26,1652846400000000000,48
MMAT,3858064,1.67,1.7,1.76,1.62,1652846400000000000,12669
MMC,1527482,158.3,152.45,158.335,152.02,1652846400000000000,26820
MMCA,1000,21.189,21.155,21.19,21.155,1652846400000000000,10
MMD,98283,17.11,16.94,17.165,16.88,1652846400000000000,491
MMI,253042,41.1,39.19,41.4,38.88,1652846400000000000,5237
MMIN,107037,24.06,24.04,24.07,24,1652846400000000000,401
MMIT,906772,24.1,24.06,24.1,24.05,1652846400000000000,198
MMLG,115840,18.13,17.525,18.23,17.4787,1652846400000000000,90
MMLP,53696,4.32,4.17,4.33,4.17,1652846400000000000,319
MMM,2952503,151.59,148.93,151.71,148.47,1652846400000000000,50020
MMMB,81075,1.59,1.39,1.59,1.39,1652846400000000000,414
MMP,1003431,50.56,49.66,50.69,48.95,1652846400000000000,12204
MMS,320158,65.89,64.42,66.31,63.88,1652846400000000000,5523
MMSC,240,14.46,14.3039,14.46,14.3039,1652846400000000000,2
MMSI,295259,61.31,60.69,61.86,60.17,1652846400000000000,6672
MMT,101747,4.58,4.58,4.63,4.55,1652846400000000000,299
MMTM,1064,168.15,166.1341,168.15,166.1341,1652846400000000000,36
MMU,87376,10.5,10.48,10.51,10.36,1652846400000000000,511
MMX,246513,4.14,4.18,4.23,4.08,1652846400000000000,1830
MMYT,323648,24.8,24.22,24.99,23.85,1652846400000000000,4145
MN,250404,12.21,12.14,12.23,12.13,1652846400000000000,2009
MNA,39636,31.29,31.12,31.3,31.1,1652846400000000000,262
MNDO,55883,2.4,2.38,2.5099,2.38,1652846400000000000,226
MNDT,3084165,21.83,21.87,21.92,21.78,1652846400000000000,21077
MNDY,544382,104.84,101.62,108.71,99.355,1652846400000000000,10072
MNKD,7446458,3.345,3.19,3.37,3.12,1652846400000000000,20517
MNM,69454,37,34.31,37.45,33.91,1652846400000000000,532
MNMD,2488008,0.79,0.7146,0.79,0.705,1652846400000000000,8216
MNOV,23976,2.38,2.31,2.46,2.31,1652846400000000000,280
MNP,43394,12.73,12.32,12.73,12.23,1652846400000000000,268
MNPR,13721,2.3,2.2,2.3,2.1985,1652846400000000000,131
MNRL,357706,28.25,26.94,28.277,26.56,1652846400000000000,6312
MNRO,531449,45.95,43.65,45.95,42.61,1652846400000000000,12437
MNSB,5364,24.85,24.44,25.23,24.44,1652846400000000000,95
MNSBP,5800,26,26.2,26.2,25.804,1652846400000000000,30
MNSO,321061,5.6,5.55,5.78,5.38,1652846400000000000,2983
MNST,3187779,89.45,86.62,90.24,86.24,1652846400000000000,39651
MNTK,186252,11.61,11.7,12.03,11.46,1652846400000000000,4078
MNTN,78033,9.94,9.96,9.96,9.94,1652846400000000000,60
MNTN.WS,2800,0.2024,0.21435,0.21435,0.2024,1652846400000000000,11
MNTS,715541,2.75,2.69,2.85,2.6,1652846400000000000,5663
MNTSW,16200,0.442,0.395701,0.45,0.3957,1652846400000000000,115
MNTV,998202,11.93,11.4,12.03,11.28,1652846400000000000,11339
MNTX,4555,7.61,7.45,7.61,7.43,1652846400000000000,252
MO,9884385,54.16,53.2,54.19,53.02,1652846400000000000,76412
MOAT,584464,68.07,66.1,68.07,65.86,1652846400000000000,4702
MOBQ,23208,0.9,0.8912,0.905,0.837,1652846400000000000,64
MOBQW,1385,0.1501,0.1501,0.150849,0.1501,1652846400000000000,14
MOD,180427,8.66,8.4,8.77,8.35,1652846400000000000,2648
MODD,39569,4.66,4.68,4.9099,4.6185,1652846400000000000,222
MODN,240703,22.77,21.94,22.775,21.6606,1652846400000000000,4888
MODV,86879,99.7,100.4,102.07,99.17,1652846400000000000,2773
MOFG,26083,29.19,28.71,29.21,28.55,1652846400000000000,730
MOG.A,132500,77.05,76.68,78.22,76.36,1652846400000000000,2855
MOGO,437078,1.23,1.12,1.24,1.08,1652846400000000000,2148
MOGU,53428,1.71,1.85,1.85,1.7,1652846400000000000,157
MOH,598137,305.89,304,307.66,300.13,1652846400000000000,13949
MOHO,318549,0.1929,0.1956,0.2066,0.1806,1652846400000000000,369
MOHR,508079,21.24,21.0457,21.24,21.01,1652846400000000000,52
MOLN,41371,6.99,7.21,7.2499,6.99,1652846400000000000,300
MOMO,3446102,4.93,4.89,5.2,4.82,1652846400000000000,19187
MON,2213,9.79,9.79,9.79,9.79,1652846400000000000,7
MONCW,600,0.1201,0.1201,0.1201,0.12,1652846400000000000,4
MOO,271702,97.71,95.31,97.83,94.84,1652846400000000000,4491
MOON,24806,14.67,14.47,15.14,14.37,1652846400000000000,195
MOR,17124,4.92,4.82,4.95,4.79,1652846400000000000,315
MORF,360946,23.72,22.99,24.39,22.83,1652846400000000000,5915
MORN,102992,238.97,231.24,240.94,230.2293,1652846400000000000,3840
MORT,126928,15.51,15.16,15.51,15.13,1652846400000000000,920
MOS,7717181,64.91,61.45,65.7454,60.41,1652846400000000000,74094
MOTE,0,21.6516,21.6516,21.6516,21.6516,1652846400000000000,0
MOTG,1062,33.79,33.0411,33.79,33.0411,1652846400000000000,13
MOTI,9998,30.11,29.5086,30.11,29.48,1652846400000000000,20
MOTO,1197,36.71,36.5644,36.71,36.5644,1652846400000000000,16
MOTS,154722,0.26,0.2505,0.2641,0.241,1652846400000000000,356
MOV,204202,33.7,33.29,33.79,32.64,1652846400000000000,3237
MOVE,3782,2.11,2.01,2.11,2,1652846400000000000,41
MOXC,35219,1.21,1.21,1.3299,1.18,1652846400000000000,224
MP,2696641,38.11,36.96,39.67,36.5,1652846400000000000,31616
MPA,24705,12.67,12.66,12.85,12.62,1652846400000000000,119
MPAA,136776,13.92,13.86,14.16,13.75,1652846400000000000,1765
MPAC,10113,10.14,10.15,10.15,10.14,1652846400000000000,3
MPACR,1013,0.2328,0.19,0.2328,0.19,1652846400000000000,10
MPACU,113,10.6,10.6,10.6,10.6,1652846400000000000,2
MPACW,456,0.175,0.1601,0.175,0.1601,1652846400000000000,5
MPAY,61,23.6796,23.6796,23.6796,23.6796,1652846400000000000,7
MPB,36448,25.89,25.12,26.035,25.01,1652846400000000000,955
MPC,5670031,97.98,96.21,98.2,94.52,1652846400000000000,78292
MPLN,1711867,4.86,4.62,4.94,4.54,1652846400000000000,10746
MPLN.WS,13162,1.06,0.9501,1.09,0.9501,1652846400000000000,106
MPLX,2318962,31.5,30.87,31.61,30.535,1652846400000000000,18945
MPRAW,3800,0.2101,0.2499,0.2499,0.2,1652846400000000000,9
MPRO,18548,25.89,25.74,25.89,25.72,1652846400000000000,8
MPV,9475,12.85,12.75,12.87,12.6,1652846400000000000,63
MPW,3897868,18.49,18.12,18.55,18.02,1652846400000000000,26803
MPWR,601040,434.05,411.36,447.475,407.22,1652846400000000000,19094
MPX,21237,11.79,11.4,11.9966,11.39,1652846400000000000,509
MQ,10510588,9,9.1,9.4896,8.87,1652846400000000000,65105
MQT,60765,11.1,10.99,11.1,10.96,1652846400000000000,235
MQY,172017,12.36,12.2,12.37,12.16,1652846400000000000,731
MRAD,50,15.252,15.252,15.252,15.252,1652846400000000000,1
MRAI,36974,1.34,1.36,1.47,1.31,1652846400000000000,306
MRAM,110760,6.07,5.94,6.3,5.92,1652846400000000000,1533
MRBK,17054,31.5,30.85,31.6,30.76,1652846400000000000,447
MRC,446181,10.3,10.2,10.59,10.05,1652846400000000000,6143
MRCC,60167,10.01,9.86,10.24,9.81,1652846400000000000,381
MRCY,717705,59.89,59.52,61.79,59.09,1652846400000000000,11816
MREO,1013967,0.4214,0.4835,0.51,0.4,1652846400000000000,1178
MRGR,11139,39.87,39.845,39.87,39.73,1652846400000000000,109
MRIN,182052,2.06,2.06,2.13,2.02,1652846400000000000,1333
MRK,12704846,92.56,92.1,93.16,91.77,1652846400000000000,126419
MRKR,109298,0.333,0.324,0.333,0.316,1652846400000000000,276
MRM,1693,6.8,6.8,6.8,6.49,1652846400000000000,54
MRNA,4968472,138.41,137.71,144.13,136.29,1652846400000000000,76440
MRND,0,21.1527,21.1527,21.1527,21.1527,1652846400000000000,0
MRNS,232445,5.58,5.32,5.92,5.29,1652846400000000000,4277
MRO,18096069,28.52,26.77,28.57,26.32,1652846400000000000,118537
MRSK,2905,27.0601,26.9732,27.105,26.965,1652846400000000000,10
MRSN,1094140,3.24,3.29,3.41,3.22,1652846400000000000,8276
MRTN,535749,17.76,16.28,17.76,16.23,1652846400000000000,7842
MRTX,530372,58.27,57.68,59.77,56.92,1652846400000000000,12132
MRUS,209488,15.95,15.81,16.48,15.47,1652846400000000000,3796
MRVI,622096,31.77,31.13,32.29,30.61,1652846400000000000,11482
MRVL,10819628,57.37,55.01,59.1,54.6871,1652846400000000000,99167
MS,5946713,81.9,80.69,82.22,80.32,1652846400000000000,71734
MSpA,158910,19.97,19.8,20.0791,19.67,1652846400000000000,412
MSpE,132677,25.62,25.65,25.75,25.52,1652846400000000000,1058
MSpF,94364,25.56,25.51,25.74,25.45,1652846400000000000,983
MSpI,127396,25.34,25.29,25.44,25.14,1652846400000000000,1175
MSpK,243517,24.44,24.4899,24.54,24.21,1652846400000000000,1695
MSpL,86887,20.45,20.45,20.45,19.93,1652846400000000000,710
MSpO,229449,17.915,17.85,17.93,17.41,1652846400000000000,1556
MSA,144217,122.74,119.59,124.15,119.34,1652846400000000000,4057
MSB,73959,24.92,24.61,25.6,24.21,1652846400000000000,855
MSBI,54620,25.56,25.31,25.66,25.07,1652846400000000000,1230
MSC,28561,2.24,2.21,2.45,1.93,1652846400000000000,225
MSCI,894747,400.27,399.5,405.85,398.16,1652846400000000000,20953
MSD,56288,6.97,7,7,6.92,1652846400000000000,242
MSDA,29956,9.77,9.77,9.78,9.76,1652846400000000000,80
MSDAW,14602,0.3605,0.3899,0.3899,0.34,1652846400000000000,65
MSEX,128138,88.83,88.44,90.56,87.58,1652846400000000000,3811
MSFT,31258676,263,254.08,263.6,252.77,1652846400000000000,414285
MSGE,203279,63.57,64.74,65.75,62.92,1652846400000000000,5150
MSGM,5253,0.692101,0.7038,0.7101,0.6702,1652846400000000000,114
MSGR,1562,13.78,13.5727,13.8924,13.5727,1652846400000000000,23
MSGS,250248,157.57,158.55,161,157.2,1652846400000000000,6782
MSI,1098843,211.05,205.47,211.415,202.63,1652846400000000000,22014
MSM,489487,84.51,82.66,84.95,82.34,1652846400000000000,10156
MSMR,1411,21.94,22.17,22.32,21.94,1652846400000000000,15
MSN,14131,0.61,0.58,0.61,0.58,1652846400000000000,38
MSOS,1262123,13.8,13.48,14,13.2201,1652846400000000000,8625
MSP,953303,33.8,33.95,34.12,33.68,1652846400000000000,8118
MSTB,15253,26.71,26.34,26.85,26.29,1652846400000000000,54
MSTQ,4342,22.63,22.4482,22.69,22.4482,1652846400000000000,6
MSTR,990530,216.88,197.44,223.8809,195.54,1652846400000000000,29265
MSVB,1955,13.36,13.5,13.59,13.35,1652846400000000000,60
MSVX,4960,25.9,25.7475,25.9,25.7475,1652846400000000000,46
MT,2863315,29.17,28.45,29.48,28.325,1652846400000000000,26059
MTA,162847,5.65,5.4,5.67,5.31,1652846400000000000,1435
MTAC,1594,9.8,9.8,9.81,9.8,1652846400000000000,16
MTACW,14782,0.21303,0.1502,0.21303,0.15,1652846400000000000,5
MTAL,57538,9.65,9.82,9.82,9.65,1652846400000000000,91
MTAL.U,541,9.72,9.9,9.9,9.72,1652846400000000000,9
MTAL.WS,45233,0.55,0.55,0.55,0.55,1652846400000000000,12
MTB,907210,168.68,165.7,169.97,164.81,1652846400000000000,20915
MTBpH,99104,24.74,24.42,24.9,24.14,1652846400000000000,549
MTBC,14659,3.89,3.86,3.99,3.7797,1652846400000000000,208
MTBCO,11298,25.25,25.08,25.5,25,1652846400000000000,63
MTBCP,6186,26.15,26.21,26.47,26.15,1652846400000000000,100
MTC,351376,0.405,0.3704,0.454,0.3704,1652846400000000000,823
MTCH,4428830,74.21,71.87,75.75,71.43,1652846400000000000,55617
MTCN,3564,69.46,67.35,69.5,67.32,1652846400000000000,61
MTCR,272631,0.441,0.4211,0.4511,0.4211,1652846400000000000,585
MTD,127285,1215.76,1194.52,1225,1189.87,1652846400000000000,7472
MTDR,1470806,51.07,49.22,51.09,48.4,1652846400000000000,23568
MTEK,36044,1.13,1.09,1.13,1.08,1652846400000000000,233
MTEKW,317,0.1999,0.1998,0.1999,0.1998,1652846400000000000,5
MTEM,239536,1.14,1.09,1.17,1.07,1652846400000000000,2674
MTG,4089888,13.56,13.16,13.645,13.08,1652846400000000000,21602
MTGP,7689,46.2291,46.325,46.35,46.13,1652846400000000000,38
MTH,363396,82.7,80,83.455,79.57,1652846400000000000,8194
MTLS,202815,15.24,14.98,15.83,14.86,1652846400000000000,3917
MTMT,10689,1.28,1.21,1.31,1.21,1652846400000000000,202
MTN,221663,231.38,229.38,235.42,228.53,1652846400000000000,7248
MTNB,245066,0.661,0.6505,0.68,0.641,1652846400000000000,408
MTOR,1574456,36.04,35.94,36.04,35.94,1652846400000000000,11851
MTP,45745,0.5,0.5399,0.54,0.480001,1652846400000000000,100
MTR,16578,13.6,13.61,13.925,13.0445,1652846400000000000,171
MTRN,132202,81.36,80.22,82.225,79.88,1652846400000000000,4287
MTRX,529597,5.61,5.35,5.61,5.2,1652846400000000000,6733
MTRYW,4400,0.12,0.1229,0.1229,0.12,1652846400000000000,20
MTSI,525218,52.01,52.42,53.585,51.23,1652846400000000000,9006
MTTR,7724681,5.14,5.12,5.63,4.99,1652846400000000000,35847
MTUL,301,14.7,14.7115,14.7115,14.7,1652846400000000000,5
MTUM,721182,141.45,137.24,141.75,136.61,1652846400000000000,10566
MTVC,81069,9.83,9.85,9.85,9.83,1652846400000000000,41
MTVC.U,71261,9.92,9.93,9.93,9.91,1652846400000000000,18
MTVC.WS,40747,0.25,0.25,0.26,0.25,1652846400000000000,150
MTVR,942,16.91,16.9275,16.9275,16.91,1652846400000000000,97
MTW,130286,12.18,11.76,12.5121,11.67,1652846400000000000,2796
MTX,145512,66.62,65.39,66.74,64.825,1652846400000000000,2665
MTZ,761917,79.33,78.04,82.05,77.88,1652846400000000000,15647
MU,20610588,73.18,71.05,74.22,70.09,1652846400000000000,189341
MUA,103393,10.97,10.83,10.97,10.7501,1652846400000000000,397
MUB,4244043,104.72,104.73,104.85,104.6501,1652846400000000000,13112
MUC,251749,11.62,11.48,11.68,11.47,1652846400000000000,970
MUDS,3414,10.03,10.05,10.055,10.03,1652846400000000000,34
MUDSW,1720,0.4765,0.44,0.4765,0.4001,1652846400000000000,8
MUE,59941,10.58,10.59,10.65,10.5,1652846400000000000,318
MUFG,4419200,5.63,5.59,5.63,5.545,1652846400000000000,11173
MUI,262119,11.57,11.54,11.635,11.53,1652846400000000000,1159
MUJ,87018,12.74,12.6,12.775,12.58,1652846400000000000,272
MULN,40826080,1.07,1.05,1.14,1.03,1652846400000000000,40692
MUNI,136760,50.9,50.91,50.9881,50.9,1652846400000000000,401
MUR,1546279,36.66,34.37,36.77,33.725,1652846400000000000,23259
MURF,2378,9.99,9.98,9.99,9.98,1652846400000000000,23
MUSA,733835,255.7,238.08,255.7,236,1652846400000000000,21614
MUSI,2781,44.93,44.8664,44.95,44.84,1652846400000000000,33
MUST,92552,19.81,19.84,19.95,19.81,1652846400000000000,131
MUX,1588140,0.52,0.5,0.5351,0.5,1652846400000000000,3274
MVBF,26216,37.59,37.19,37.97,37.11,1652846400000000000,578
MVF,432763,7.18,7.14,7.18,7.1,1652846400000000000,906
MVIS,2456108,3.21,3.09,3.375,3.03,1652846400000000000,14800
MVO,55107,10.8,10.4,10.81,10.28,1652846400000000000,402
MVPS,102,16.0871,16.0871,16.0871,16.0871,1652846400000000000,5
MVRL,596,32.5,31.9704,32.5,31.9704,1652846400000000000,23
MVST,792641,3.92,4.11,4.34,3.88,1652846400000000000,8043
MVSTW,100169,0.5985,0.5962,0.7,0.57645,1652846400000000000,182
MVT,152484,11.62,11.32,11.65,11.31,1652846400000000000,670
MVV,57252,52.1,49.09,52.1,48.75,1652846400000000000,257
MWA,707560,11.54,11.41,11.7,11.34,1652846400000000000,7810
MX,2528132,19.16,19.66,19.99,19.11,1652846400000000000,18547
MXC,25829,16.5578,16.49,17.55,16.21,1652846400000000000,305
MXCT,527466,4.71,4.45,4.72,4.4,1652846400000000000,4926
MXDU,8,34.5718,34.5718,34.5718,34.5718,1652846400000000000,1
MXE,6775,8.46,8.35,8.46,8.35,1652846400000000000,40
MXF,8071,15.37,15.09,15.48,15.01,1652846400000000000,50
MXI,19206,85.58,84.17,85.6902,83.826,1652846400000000000,332
MXL,864183,41.08,39.94,42.95,39.5,1652846400000000000,13267
MYD,122845,10.94,10.82,10.94,10.76,1652846400000000000,384
MYE,260854,24.41,23.47,24.64,23.13,1652846400000000000,3287
MYFW,48479,31.86,31.09,32.645,30.6,1652846400000000000,1765
MYGN,780109,22.11,21.2,22.6,21.01,1652846400000000000,8599
MYI,226681,11.3,11.1,11.31,11.09,1652846400000000000,1206
MYMD,109371,2.29,2.5,2.54,2.29,1652846400000000000,540
MYN,119991,10.54,10.44,10.54,10.41,1652846400000000000,318
MYNA,6204,10.4261,9.528,10.4261,9.39,1652846400000000000,211
MYNZ,6338,11.51,11.1,11.65,11.02,1652846400000000000,70
MYO,10373,2.4,2.47,2.5599,2.39,1652846400000000000,96
MYOV,821522,10.07,9.76,10.4,9.62,1652846400000000000,6985
MYPS,590527,5.38,5.02,5.545,4.98,1652846400000000000,6545
MYPSW,660,0.96,0.95,0.96,0.95,1652846400000000000,2
MYRG,147811,85.22,85.21,89.02,84.95,1652846400000000000,4379
MYSZ,473958,0.2499,0.2401,0.2499,0.2326,1652846400000000000,559
MYTE,123568,10.74,10.65,10.84,10.35,1652846400000000000,1434
MYY,23155,25.34,26.03,26.099,25.34,1652846400000000000,87
MZZ,5808,18.75,19.6828,19.81,18.75,1652846400000000000,40
NAAC,74387,9.92,9.88,9.92,9.84,1652846400000000000,421
NAACU,620,9.57,9.57,9.57,9.57,1652846400000000000,8
NAACW,102908,0.276,0.225,0.2761,0.162,1652846400000000000,312
NABL,291233,9.14,9.25,9.505,9.135,1652846400000000000,4176
NAC,756988,11.65,11.39,11.65,11.3,1652846400000000000,2482
NACP,4543,29.54,28.8001,29.565,28.8001,1652846400000000000,91
NAD,913637,12.08,11.96,12.08,11.87,1652846400000000000,2527
NAII,2177,10.29,10.43,10.465,10.29,1652846400000000000,42
NAIL,815732,35.96,32.21,36.04,31.75,1652846400000000000,8207
NAK,1127793,0.314,0.318,0.3186,0.3001,1652846400000000000,1756
NAN,40039,11.39,11.32,11.44,11.31,1652846400000000000,154
NANR,71455,57.47,55.73,57.47,55.3901,1652846400000000000,582
NAOV,176067,0.6808,0.6814,0.7178,0.6808,1652846400000000000,240
NAPA,237720,19.89,18.96,20.05,18.84,1652846400000000000,5226
NAPR,33199,35.49,34.74,35.49,34.676,1652846400000000000,73
NARI,576783,61.81,60.09,63.395,59.37,1652846400000000000,11803
NAT,5202127,2.65,2.62,2.77,2.58,1652846400000000000,13215
NATH,7698,48.01,48.01,48.54,48,1652846400000000000,563
NATI,507025,33.34,33.12,33.78,32.94,1652846400000000000,9415
NATR,131278,12.17,12.04,12.23,11.84,1652846400000000000,1228
NAUT,168693,3.9,3.9,3.99,3.805,1652846400000000000,2357
NAVB,15746,0.85,0.82,0.85,0.82,1652846400000000000,165
NAVI,1268217,16.03,15.61,16.38,15.535,1652846400000000000,16498
NAZ,17552,12.65,12.585,12.65,12.55,1652846400000000000,99
NBB,57900,17.5,17.61,17.66,17.3856,1652846400000000000,307
NBCC,6,19.4776,19.4776,19.4776,19.4776,1652846400000000000,2
NBCT,277,21.9954,21.9954,21.9954,21.9954,1652846400000000000,7
NBDS,2114,18.79,18.5361,18.79,18.51,1652846400000000000,10
NBEV,1211210,0.391,0.3591,0.4252,0.359,1652846400000000000,5105
NBH,85979,11.04,11,11.0405,10.99,1652846400000000000,346
NBHC,280564,39.48,39.84,40.04,39.31,1652846400000000000,4619
NBIX,631166,84.6,84.95,86.98,84.365,1652846400000000000,15821
NBN,45971,36.58,36.28,37.2055,36.07,1652846400000000000,1249
NBO,22108,9.96,9.81,9.96,9.74,1652846400000000000,159
NBR,176555,144.69,134.06,145.32,131.93,1652846400000000000,5485
NBRV,639566,0.2042,0.2049,0.213,0.2,1652846400000000000,602
NBSE,10250,1.01,1.01,1.02,0.982,1652846400000000000,86
NBST,13640,9.71,9.73,9.73,9.71,1652846400000000000,47
NBSTU,38544,9.8,9.79,9.8,9.79,1652846400000000000,10
NBSTW,50768,0.2499,0.1699,0.2523,0.14,1652846400000000000,129
NBTB,211533,36.07,35.9,36.34,35.73,1652846400000000000,3644
NBTX,1291,5.3,5.82,5.82,5.3,1652846400000000000,13
NBW,6350,11.32,11.15,11.32,11.07,1652846400000000000,30
NBXG,288954,10.93,10.59,10.9779,10.46,1652846400000000000,1668
NBY,453948,0.1996,0.192,0.2051,0.1901,1652846400000000000,408
NC,38905,53.37,52.87,53.4,51.76,1652846400000000000,1710
NCA,197891,8.68,8.53,8.68,8.43,1652846400000000000,619
NCBS,44449,76.29,75.87,77.23,75.4,1652846400000000000,1450
NCLH,25772055,16.58,15.9,16.88,15.51,1652846400000000000,120406
NCMI,21760080,1.75,1.37,1.76,1.34,1652846400000000000,64780
NCNA,152245,0.62,0.5985,0.6496,0.5985,1652846400000000000,323
NCNO,716093,29.47,29.22,30.68,28.77,1652846400000000000,13140
NCR,1744878,34.87,32.88,34.99,32.43,1652846400000000000,18604
NCSM,9115,41.0316,39.5,41.4203,38.99,1652846400000000000,128
NCTY,330226,1.57,1.46,1.58,1.43,1652846400000000000,1861
NCV,232060,3.9,3.84,3.93,3.84,1652846400000000000,855
NCZ,706869,3.36,3.32,3.41,3.29,1652846400000000000,2134
NCZpA,6085,23.55,23.27,23.7,23.2,1652846400000000000,54
NDAC,7685,9.74,9.74,9.745,9.74,1652846400000000000,54
NDACU,1230,9.78,9.7804,9.79,9.78,1652846400000000000,13
NDACW,5129,0.2983,0.29,0.2983,0.29,1652846400000000000,19
NDAQ,715763,147.86,142.09,147.86,141.63,1652846400000000000,18733
NDJI,331,22.6,22.552,22.6,22.552,1652846400000000000,15
NDLS,206488,5.91,5.72,6.08,5.7,1652846400000000000,4291
NDMO,319543,10.8,10.56,10.8,10.4401,1652846400000000000,1064
NDP,13652,31.26,30.45,31.36,30.19,1652846400000000000,190
NDRA,3015512,0.205,0.23,0.232,0.205,1652846400000000000,3348
NDSN,195011,213.44,205.82,215.07,205.37,1652846400000000000,6551
NDVG,6705,24.85,24.11,24.85,24.09,1652846400000000000,65
NE,715324,34.93,32.9,35,31.87,1652846400000000000,10181
NEA,1706873,11.52,11.42,11.555,11.37,1652846400000000000,4265
NEAR,1107790,49.42,49.39,49.43,49.39,1652846400000000000,2529
NECB,39409,10.74,10.68,10.75,10.67,1652846400000000000,311
NEE,10019634,71.79,71,72.25,70.705,1652846400000000000,92656
NEEpN,66103,24.67,24.435,24.757,24.34,1652846400000000000,510
NEEpO,48087,53.42,53.29,53.89,53.25,1652846400000000000,285
NEEpP,80151,47.22,47.05,48.01,46.98,1652846400000000000,464
NEEpQ,72912,47.3,47.12,47.47,46.94,1652846400000000000,679
NEGG,487652,4.48,4.59,4.74,4.41,1652846400000000000,2643
NEM,5179612,65.36,63.88,65.59,63.68,1652846400000000000,54336
NEO,1583519,8.65,8.39,8.94,8.31,1652846400000000000,14814
NEOG,578534,26.44,26.02,26.9225,25.82,1652846400000000000,7471
NEON,14720,4.96,4.5,4.96,4.49,1652846400000000000,160
NEP,684351,65.63,65.38,67.31,64.71,1652846400000000000,9151
NEPH,131402,1.91,1.88,2,1.76,1652846400000000000,380
NEPT,1354775,0.1595,0.1452,0.16,0.1441,1652846400000000000,1344
NERD,5324,18.26,18.098,18.55,18.08,1652846400000000000,87
NERV,144142,0.4557,0.39,0.4557,0.3811,1652846400000000000,504
NESR,313169,6.58,6.31,6.665,6.15,1652846400000000000,4269
NET,7750308,55.24,53.36,56.41,51.71,1652846400000000000,85000
NETI,524456,6.65,6.5,6.84,6.47,1652846400000000000,4327
NETL,8943,26.7167,26.19,26.8299,26.19,1652846400000000000,73
NETZ,1040,48.52,47.316,48.52,47.316,1652846400000000000,15
NEU,22558,336.2,335.41,340,334.685,1652846400000000000,1434
NEV,97572,11.38,11.3174,11.4,11.29,1652846400000000000,573
NEWP,100696,3.06,2.96,3.09,2.9,1652846400000000000,523
NEWR,1243776,43.88,42.76,45.11,42.5,1652846400000000000,17679
NEWT,212349,24.84,24.45,24.84,24.1,1652846400000000000,3373
NEWTL,242,25.05,25.05,25.05,25.05,1652846400000000000,7
NEX,2132799,10.74,10.32,10.87,10.12,1652846400000000000,19119
NEXA,80974,8.45,8.12,8.46,8.1,1652846400000000000,1189
NEXI,93232,1.99,2.14,2.39,1.96,1652846400000000000,1141
NEXT,861112,7.29,6.96,7.4,6.77,1652846400000000000,9953
NFBK,216196,13.05,12.89,13.05,12.46,1652846400000000000,2565
NFE,672187,43.72,42.23,44.41,41.71,1652846400000000000,12694
NFG,525701,69.74,68.42,69.83,67.76,1652846400000000000,11440
NFGC,159958,5.58,5.67,5.75,5.44,1652846400000000000,755
NFJ,232408,12.3,12.01,12.32,11.94,1652846400000000000,1475
NFLT,5436,22.8,22.77,22.803,22.77,1652846400000000000,48
NFLX,9652148,186.72,177.19,187.7,176.27,1652846400000000000,166424
NFRA,51641,54.44,53.81,54.52,53.68,1652846400000000000,289
NFTY,1620,42.45,42.92,42.92,42.02,1652846400000000000,50
NFTZ,4464,8.36,8.1757,8.5001,8.1757,1652846400000000000,85
NG,1747130,5.51,5.45,5.56,5.395,1652846400000000000,11389
NGC,1683,9.79,9.798,9.798,9.79,1652846400000000000,27
NGD,3765609,1.31,1.29,1.32,1.25,1652846400000000000,5427
NGE,2810,9.6,9.58,9.6,9.56,1652846400000000000,46
NGG,384190,76.83,76.54,77.52,76.49,1652846400000000000,6897
NGL,218660,2.03,1.98,2.04,1.94,1652846400000000000,855
NGLpB,7545,14.84,14.5,14.84,14.5,1652846400000000000,97
NGLpC,2267,16.7,15.7,16.7,15.7,1652846400000000000,48
NGM,291779,13.5,13.35,13.58,12.975,1652846400000000000,5184
NGMS,149539,12.96,12.76,13.45,12.51,1652846400000000000,3826
NGS,97625,12.7,12.85,12.9849,12.4901,1652846400000000000,1015
NGVC,161609,18.55,17.57,18.55,17.27,1652846400000000000,3325
NGVT,199942,68.57,67.48,69.86,67.24,1652846400000000000,5048
NH,176661,0.5975,0.6,0.6499,0.5975,1652846400000000000,824
NHC,24881,70,69.31,70.15,69.02,1652846400000000000,1590
NHI,293780,56.71,56.45,57.51,56.18,1652846400000000000,5500
NHIC,22300,9.79,9.8,9.8,9.745,1652846400000000000,17
NHICW,7307,0.1537,0.17,0.1799,0.0954,1652846400000000000,44
NHS,103220,8.93,8.84,9,8.79,1652846400000000000,440
NHTC,43158,7.0184,6.83,7.02,6.81,1652846400000000000,571
NHWK,76170,2.49,2.27,2.49,2.22,1652846400000000000,690
NI,4411027,30.89,30.56,31.03,30.465,1652846400000000000,37937
NIpB,54923,25.29,25.31,25.5043,25.21,1652846400000000000,467
NIB,8729,27.5,27.47,27.75,27.26,1652846400000000000,76
NICE,345777,192.02,186.66,192.59,184.21,1652846400000000000,6735
NICK,2879,8.81,9.3,9.37,8.81,1652846400000000000,48
NID,112143,12.88,12.88,12.94,12.83,1652846400000000000,537
NIE,95423,22.61,21.98,22.73,21.91,1652846400000000000,752
NIFE,7,42.2271,42.2271,42.2271,42.2271,1652846400000000000,2
NILE,17966004,0.2979,0.2955,0.3285,0.2912,1652846400000000000,15486
NIM,23268,9.19,9.15,9.19,9.15,1652846400000000000,97
NIMC,175831,117.38,117.39,118.14,116.5,1652846400000000000,117
NINE,613958,3.1,2.95,3.17,2.86,1652846400000000000,2894
NIO,72865478,16.29,15.83,16.93,15.66,1652846400000000000,265599
NIQ,32690,12.87,12.58,12.882,12.53,1652846400000000000,134
NISN,923486,0.8,0.72,0.8297,0.704,1652846400000000000,1766
NIU,405952,8.2,7.96,8.58,7.89,1652846400000000000,4912
NJAN,651,36.225,36.0189,36.225,36.0189,1652846400000000000,11
NJR,423882,45.78,45.54,46.3,45.27,1652846400000000000,8692
NJUL,10182,44.05,43.21,44.05,43.21,1652846400000000000,89
NKE,7168076,112.5,109.37,113.36,108.78,1652846400000000000,100783
NKG,11343,10.96,10.85,10.96,10.8,1652846400000000000,49
NKLA,11201194,5.88,5.92,6.3,5.8,1652846400000000000,48184
NKSH,9681,33.15,33.87,34.1846,33.15,1652846400000000000,154
NKTR,2820701,3.83,3.8,3.98,3.73,1652846400000000000,16829
NKTX,867738,13.42,13.08,13.77,12.57,1652846400000000000,10975
NKX,191566,12.56,12.33,12.65,12.25,1652846400000000000,579
NL,49167,7.7,7.84,8,7.65,1652846400000000000,779
NLITW,9001,0.07,0.0892,0.1099,0.07,1652846400000000000,44
NLOK,6892130,24.1,23.8,24.38,23.6701,1652846400000000000,43557
NLR,2594,55.5404,54.65,55.595,54.395,1652846400000000000,81
NLS,2434347,2.5,2.75,2.83,2.43,1652846400000000000,9356
NLSN,3851903,25.57,25.2,25.7,25,1652846400000000000,21297
NLSP,30983,0.65,0.5801,0.65,0.58,1652846400000000000,139
NLSPW,1177,0.1521,0.38,0.38,0.1521,1652846400000000000,4
NLTX,167250,1.07,1.08,1.14,1.06,1652846400000000000,1675
NLY,57784398,6.43,6.36,6.47,6.36,1652846400000000000,84942
NLYpF,54839,23.25,23.63,23.68,23.25,1652846400000000000,386
NLYpG,27729,22.09,22.16,22.24,22.0308,1652846400000000000,187
NLYpI,45029,22.91,23.01,23.155,22.91,1652846400000000000,288
NM,228066,3.65,3.62,3.84,3.51,1652846400000000000,1103
NMpG,500,17.76,18.19,18.19,17.76,1652846400000000000,4
NMpH,4457,17.55,17.8,18,17.55,1652846400000000000,46
NMAI,45552,13.96,13.8,14.135,13.77,1652846400000000000,334
NMCO,112168,12.22,12.05,12.22,11.82,1652846400000000000,325
NMFC,405390,13.11,12.79,13.11,12.77,1652846400000000000,3613
NMG,45060,5.78,5.57,5.83,5.45,1652846400000000000,532
NMI,48156,9.21,9.2,9.21,9.145,1652846400000000000,151
NMIH,1182465,18.45,17.55,18.62,17.51,1652846400000000000,14127
NML,85324,6.53,6.35,6.54,6.3,1652846400000000000,333
NMM,212519,28.73,27.78,29.29,27.45,1652846400000000000,1841
NMMC,1043,9.86,9.86,9.86,9.86,1652846400000000000,9
NMMCU,1245,9.98,9.98,10.0035,9.98,1652846400000000000,10
NMMCW,36212,0.3,0.3,0.3,0.3,1652846400000000000,48
NMR,1263149,3.7,3.65,3.7,3.63,1652846400000000000,5057
NMRD,14406,2.5344,2.53,2.6508,2.53,1652846400000000000,155
NMRK,1689743,11.29,10.97,11.39,10.915,1652846400000000000,18030
NMS,1875,14.57,14.5821,14.75,14.57,1652846400000000000,7
NMT,20697,11.77,11.67,11.77,11.5,1652846400000000000,162
NMTC,42452,0.57,0.6101,0.63,0.57,1652846400000000000,133
NMTR,1852422,0.47,0.4399,0.473,0.43,1652846400000000000,5085
NMZ,784618,11.5,11.19,11.5,11.1,1652846400000000000,2271
NN,283442,4.59,4.27,4.67,4.235,1652846400000000000,4181
NNAVW,5530,0.93,0.9,0.93,0.9,1652846400000000000,27
NNBR,240590,2.49,2.59,2.72,2.49,1652846400000000000,2709
NNDM,8126155,2.83,2.99,3.13,2.82,1652846400000000000,19680
NNI,87845,82.96,81.7,83.49,81.44,1652846400000000000,3004
NNN,1104006,44.42,43.41,44.73,43.27,1652846400000000000,15363
NNOX,559664,9.8,9.45,10.19,9.24,1652846400000000000,6894
NNVC,30589,1.45,1.53,1.63,1.45,1652846400000000000,161
NNY,56229,8.45,8.46,8.54,8.37,1652846400000000000,158
NOA,40370,12.79,12.19,12.89,12.08,1652846400000000000,447
NOAC,2178,9.8301,9.83,9.86,9.83,1652846400000000000,22
NOACW,2640,0.0801,0.0997,0.099799,0.0801,1652846400000000000,9
NOAH,340118,16.39,16.11,16.9299,16,1652846400000000000,4572
NOBL,814246,91.21,88.34,91.4,88.12,1652846400000000000,7116
NOC,746417,459.23,454.87,462.28,451.26,1652846400000000000,22379
NOCT,21826,36.01,35.58,36.01,35.47,1652846400000000000,17
NODK,6289,17.15,17.04,17.49,16.89,1652846400000000000,246
NOG,909143,28.68,27.47,28.68,26.62,1652846400000000000,12035
NOK,35275175,5,4.86,5.02,4.83,1652846400000000000,32136
NOM,579,12.8373,12.8373,12.8373,12.8373,1652846400000000000,2
NOMD,940832,20.85,20.49,20.98,20.42,1652846400000000000,10875
NORW,25356,28.17,27.5866,28.27,27.54,1652846400000000000,259
NOTV,245596,18.26,17.82,19.01,17.26,1652846400000000000,5155
NOV,2670590,19.1,18.42,19.16,18.09,1652846400000000000,29845
NOVA,3640884,16.18,16.54,17.71,16.001,1652846400000000000,37423
NOVN,57067,2.58,2.6,2.785,2.58,1652846400000000000,357
NOVT,98809,124.12,121.1,125.87,120.31,1652846400000000000,3608
NOVVW,1200,0.055,0.06,0.06,0.055,1652846400000000000,3
NOVZ,2,29.4493,29.4493,29.4493,29.4493,1652846400000000000,1
NOW,1773187,428.5,412.25,434.62,408.215,1652846400000000000,44760
NP,203203,40.27,38,40.29,37.1401,1652846400000000000,5046
NPCE,50219,5.71,5.8,6.2,5.52,1652846400000000000,1422
NPCT,104924,12.11,12.25,12.31,12.11,1652846400000000000,462
NPFD,55752,18.54,18.49,18.77,18.47,1652846400000000000,181
NPK,51157,72.24,71.12,72.7,70.62,1652846400000000000,2058
NPO,116456,100.81,98.12,102.68,97.92,1652846400000000000,3576
NPTN,1580984,15.05,15.08,15.27,14.96,1652846400000000000,12162
NPV,17398,12.24,12.1,12.24,12.082,1652846400000000000,67
NQP,92837,11.64,11.57,11.64,11.52,1652846400000000000,302
NR,764279,4.36,4.15,4.43,4.08,1652846400000000000,5358
NRAC,4669,9.79,9.79,9.8,9.79,1652846400000000000,20
NRACU,4002,9.8,9.8,9.8,9.8,1652846400000000000,8
NRACW,1802,0.15,0.1501,0.1501,0.15,1652846400000000000,4
NRBO,18371,0.55,0.5226,0.56,0.518589,1652846400000000000,210
NRC,27747,33.09,32.46,33.59,32.28,1652846400000000000,1136
NRDS,187130,10.13,10.16,10.4899,10.01,1652846400000000000,4334
NRDY,2759425,1.9,1.73,1.9512,1.69,1652846400000000000,16892
NREF,152204,25.35,25.08,25.67,24.5,1652846400000000000,2190
NREFpA,303245,25,25,25.0886,24.9,1652846400000000000,11
NRG,5336080,45.23,45.76,45.92,44.82,1652846400000000000,49733
NRGD,217293,62.83,69.522,72.07,62.83,1652846400000000000,2820
NRGU,137164,590.8,533,595.95,515,1652846400000000000,7085
NRGV,516551,10.58,11,11.4,10.4,1652846400000000000,6273
NRGV.WS,69061,1.39,1.6,1.7,1.39,1652846400000000000,295
NRGX,90090,14.71,14.49,14.73,14.43,1652846400000000000,567
NRIM,25506,39.5,39.34,39.5,38.91,1652846400000000000,1619
NRIX,354235,10.01,10.01,10.51,9.86,1652846400000000000,6017
NRK,213356,10.81,10.77,10.81,10.69,1652846400000000000,898
NRO,117113,4.4,4.33,4.445,4.32,1652846400000000000,486
NRP,33451,48.08,47.43,49.24,47.43,1652846400000000000,536
NRSN,102934,1.27,1.28,1.35,1.26,1652846400000000000,336
NRT,29113,17.57,16.455,18.0664,16.3101,1652846400000000000,286
NRUC,32189,23.3,23.47,23.55,23.3,1652846400000000000,554
NRXP,337464,1.35,1.32,1.46,1.3,1652846400000000000,1700
NRXPW,210,0.5601,0.560101,0.560101,0.5601,1652846400000000000,3
NRZ,5507529,11.14,10.85,11.2,10.82,1652846400000000000,22144
NRZpA,6483,24.01,23.7585,24.01,23.6001,1652846400000000000,83
NRZpB,19586,22.3,22.3,22.425,22.09,1652846400000000000,200
NRZpC,17151,20.38,20.42,20.48,20.35,1652846400000000000,153
NRZpD,39195,22.94,22.92,23.03,22.7705,1652846400000000000,422
NS,805624,14.5,14.77,14.85,14.28,1652846400000000000,6022
NSpA,3849,22.0214,22.28,22.38,22.0214,1652846400000000000,48
NSpB,6345,20.445,20.41,20.54,20.32,1652846400000000000,43
NSpC,12874,24.09,24.08,24.09,23.75,1652846400000000000,89
NSA,919668,50.75,48.39,51.06,48.09,1652846400000000000,16780
NSApA,24859,24.25,24.45,24.455,23.92,1652846400000000000,141
NSC,1690902,250.68,237.57,250.83,237.175,1652846400000000000,31390
NSCS,8,20.4227,20.4227,20.4227,20.4227,1652846400000000000,2
NSEC,384,16.34,16.34,16.34,16.34,1652846400000000000,19
NSIT,282409,100.84,100.7,101.29,99.44,1652846400000000000,7067
NSL,153345,4.95,4.89,4.95,4.88,1652846400000000000,582
NSP,154540,98.27,95.06,98.56,94.11,1652846400000000000,4130
NSPI,3771,22.46,22.4378,22.47,22.42,1652846400000000000,40
NSPR,13575,2.2801,2.24,2.36,2.2055,1652846400000000000,238
NSR,14676,7.59,7.29,7.59,7.275,1652846400000000000,144
NSS,10516,23.81,23.88,24.08,23.81,1652846400000000000,140
NSSC,137423,17.32,17.09,17.66,17.01,1652846400000000000,2248
NSTB,32423,9.79,9.8,9.8,9.79,1652846400000000000,137
NSTB.WS,917,0.2,0.1499,0.2,0.1499,1652846400000000000,9
NSTC,4454,9.78,9.78,9.82,9.78,1652846400000000000,37
NSTC.WS,8506,0.25,0.2,0.25,0.1999,1652846400000000000,68
NSTD.WS,3200,0.27,0.2799,0.2799,0.2122,1652846400000000000,32
NSTG,825480,14.9,14.95,15.38,14.5,1652846400000000000,10635
NSTS,13714,11,11.02,11.13,10.74,1652846400000000000,84
NSYS,3530,11.9,11.7,12,11.7,1652846400000000000,59
NTAP,1310497,73.12,70.73,73.3,70.31,1652846400000000000,22278
NTB,120808,30.15,29.56,30.335,29.4,1652846400000000000,2180
NTCO,1614449,7,6.8,7.125,6.76,1652846400000000000,7700
NTCT,779957,34.83,35.18,35.35,34.53,1652846400000000000,12797
NTES,1984202,94.65,93.58,96.12,93.07,1652846400000000000,31396
NTEST.H,1720,25.08,25.08,25.08,25.08,1652846400000000000,41
NTEST.I,1320,25,25,25,25,1652846400000000000,30
NTG,13668,36.81,35.93,37.08,35.73,1652846400000000000,326
NTGR,249261,20.1,19.4,20.16,19.285,1652846400000000000,5410
NTIC,4330,10.98,10.67,10.99,10.61,1652846400000000000,56
NTIP,13617,2.409,2.42,2.44,2.4,1652846400000000000,90
NTKI,1,22.774,22.774,22.774,22.774,1652846400000000000,1
NTLA,941219,46.42,46.94,49.09,45.6,1652846400000000000,21331
NTNX,1216653,21.74,20.94,21.935,20.58,1652846400000000000,17999
NTP,134768,4.5,4.2,4.62,4.16,1652846400000000000,1115
NTR,2842398,103.74,101.45,104.65,101.03,1652846400000000000,37183
NTRA,1370955,35.4,35.93,38.58,35.4,1652846400000000000,19429
NTRB,3766,4.13,3.96,4.19,3.7301,1652846400000000000,106
NTRS,685117,105.29,102.82,105.83,102.36,1652846400000000000,14381
NTRSO,50156,21.57,21.18,21.57,21.03,1652846400000000000,487
NTSE,5945,29.25,28.7896,29.28,28.7694,1652846400000000000,28
NTSI,8096,33.37,32.9896,33.37,32.98,1652846400000000000,30
NTST,224030,20.81,20.45,20.93,20.31,1652846400000000000,5786
NTSX,146622,35.52,34.65,35.52,34.5036,1652846400000000000,850
NTUS,431010,32.76,32.67,32.88,32.55,1652846400000000000,4741
NTWK,11885,3.15,3.05,3.15,2.93,1652846400000000000,89
NTZ,2622,9.96,10.04,10.04,9.785,1652846400000000000,28
NTZO,60,16.1781,16.1781,16.1781,16.1781,1652846400000000000,1
NU,120929343,3.85,3.82,4.01,3.67,1652846400000000000,220875
NUAG,41317,21.69,21.75,21.77,21.69,1652846400000000000,177
NUBD,31505,22.9899,23.085,23.09,22.9899,1652846400000000000,116
NUBI,33002,9.95,9.94,9.95,9.94,1652846400000000000,20
NUDM,28284,26.5448,26.17,26.64,26.17,1652846400000000000,237
NUDV,222,24.33,24.0476,24.33,24.0476,1652846400000000000,11
NUE,2321734,123.978,119.18,126.51,118.4,1652846400000000000,43089
NUEM,115720,27.78,27.25,27.82,27.19,1652846400000000000,406
NUGO,44905,19.2,18.55,19.24,18.5,1652846400000000000,454
NUGT,1822041,45.54,43.61,45.949,43.49,1652846400000000000,18709
NUHY,10883,21.31,21.17,21.32,21.14,1652846400000000000,70
NULC,99,32.9747,32.9747,32.9747,32.9747,1652846400000000000,6
NULG,40346,50.58,48.91,50.58,48.7573,1652846400000000000,262
NULV,393623,35.95,34.91,35.95,34.79,1652846400000000000,693
NUMG,40397,36.35,35.23,36.38,35.0282,1652846400000000000,353
NUMV,18256,34.03,32.8938,34.03,32.8455,1652846400000000000,196
NUO,77508,12.5,12.47,12.56,12.37,1652846400000000000,282
NURE,15040,34.77,33.845,34.77,33.8118,1652846400000000000,140
NURO,10082,3.27,3.12,3.29,3.0417,1652846400000000000,140
NUS,448688,46.63,45.34,46.67,44.92,1652846400000000000,8656
NUSA,287,23.39,23.3953,23.3953,23.39,1652846400000000000,4
NUSC,107216,35.58,34.69,35.7,34.535,1652846400000000000,484
NUSI,301738,22.2,22.29,22.3328,22.15,1652846400000000000,1992
NUTX,3366131,7.15,8.09,8.97,6.98,1652846400000000000,19212
NUV,741754,8.81,8.79,8.86,8.7,1652846400000000000,1728
NUVA,592031,55.06,54.4,55.3,54.11,1652846400000000000,8639
NUVB,633616,4.15,4.05,4.2,4.02,1652846400000000000,7047
NUVL,99261,8.3,7.52,8.97,7.34,1652846400000000000,2211
NUW,53057,13.9,13.74,13.94,13.74,1652846400000000000,247
NUWE,47503,0.66,0.6605,0.7,0.6394,1652846400000000000,171
NUZE,50576,1.46,1.23,1.55,1.2,1652846400000000000,372
NVACR,1800,0.11,0.11,0.11,0.0861,1652846400000000000,18
NVACW,30001,0.1122,0.1186,0.1368,0.101,1652846400000000000,29
NVAX,3059474,50.54,52.11,53.2488,49.6,1652846400000000000,41674
NVCN,15989,6.205,6.1,6.26,6.0348,1652846400000000000,136
NVCR,472038,70,69.73,71.79,68.4,1652846400000000000,11587
NVCT,102001,20.92,18.86,20.92,18.01,1652846400000000000,2228
NVDA,54179998,177.05,169.38,181.18,168.64,1652846400000000000,536752
NVEC,34481,48.05,47.76,48.56,47.5031,1652846400000000000,1386
NVEE,97867,113.91,111.21,117.64,109.9063,1652846400000000000,3178
NVEI,220337,46.12,45.07,47.58,44.89,1652846400000000000,4283
NVFY,16755,0.76,0.816,0.84,0.76,1652846400000000000,90
NVG,852616,13.19,12.97,13.2,12.8602,1652846400000000000,2251
NVGS,187425,13.74,13.74,13.94,13.42,1652846400000000000,1921
NVIV,4552,4.34,4.42,4.42,4.31,1652846400000000000,160
NVMI,96562,101.46,98.59,102.47,97.5,1652846400000000000,3155
NVNO,7182,4.1201,4.22,4.29,4.1201,1652846400000000000,67
NVO,989426,104.63,103.5,105.08,103.12,1652846400000000000,13283
NVOS,3172,2.0501,2.05,2.1,2.05,1652846400000000000,72
NVQ,211,31.495,31.2047,31.495,31.2047,1652846400000000000,8
NVR,14978,4306.11,4136.52,4306.11,4122.01,1652846400000000000,2872
NVRO,613508,46.38,44.52,46.96,44.45,1652846400000000000,9846
NVS,3849969,87.85,87.68,88.315,87.54,1652846400000000000,28054
NVSA,1801,9.785,9.78,9.785,9.78,1652846400000000000,40
NVSAU,884,9.832,9.82,9.832,9.82,1652846400000000000,6
NVSAW,6550,0.1692,0.17,0.209551,0.1692,1652846400000000000,33
NVST,1675151,42.91,41.33,43.28,40.91,1652846400000000000,18419
NVT,893620,34.9,34.3,35.2,34.225,1652846400000000000,12351
NVTA,9248922,3.72,3.44,3.84,3.44,1652846400000000000,42330
NVTS,730874,6.82,6.96,7.33,6.79,1652846400000000000,8307
NVVE,157204,6.71,6.72,6.99,6.6,1652846400000000000,1437
NVVEW,11128,0.6384,0.66,0.671451,0.6384,1652846400000000000,30
NVX,12778,10.88,10.62,11.02,10.55,1652846400000000000,99
NWBI,1031903,12.52,12.55,12.615,12.44,1652846400000000000,9971
NWE,572034,61.5,61.8,62.95,61.105,1652846400000000000,10899
NWFL,9400,26.26,26.33,26.5,26.23,1652846400000000000,237
NWG,1422596,5.36,5.29,5.37,5.26,1652846400000000000,4568
NWL,4960155,22.74,20.67,22.74,20.63,1652846400000000000,45727
NWLG,1201,18.2,18.1654,18.2,18.16,1652846400000000000,13
NWLI,11555,203.4,201.47,205,201.03,1652846400000000000,603
NWN,410759,51.82,51.07,52.43,50.97,1652846400000000000,7363
NWPX,142440,30.79,30.47,32.135,30.28,1652846400000000000,2763
NWS,584158,18.37,17.74,18.38,17.69,1652846400000000000,7778
NWSA,3222582,18.02,17.48,18.4,17.42,1652846400000000000,27193
NX,174042,19.68,19.73,20.18,19.576,1652846400000000000,2795
NXC,9305,13.59,13.35,13.59,13.27,1652846400000000000,56
NXDT,90607,15.61,15.38,15.61,15.24,1652846400000000000,413
NXDTpA,7018,20.02,20,20.0636,20,1652846400000000000,75
NXE,3748697,4.59,4.47,4.68,4.38,1652846400000000000,11894
NXGL,7812,1.55,1.51,1.55,1.4513,1652846400000000000,162
NXGN,645963,19.48,18.94,19.48,18.17,1652846400000000000,12443
NXJ,38519,12.33,12.23,12.33,12.22,1652846400000000000,214
NXN,20524,11.74,11.46,11.74,11.38,1652846400000000000,183
NXP,108578,13.49,13.54,13.59,13.41,1652846400000000000,614
NXPI,2652856,182.5784,175.39,185.31,174.44,1652846400000000000,43663
NXPL,30133,1.77,1.75,1.85,1.7,1652846400000000000,216
NXRT,186751,72.67,72.3,73.74,70.99,1652846400000000000,4546
NXST,392200,176.4,172.86,179.455,171.01,1652846400000000000,9999
NXTC,62844,3.7,3.63,3.87,3.62,1652846400000000000,963
NXTG,32049,69.45,68.17,69.995,68.06,1652846400000000000,401
NXTP,132456,0.291,0.28,0.308599,0.28,1652846400000000000,368
NYC,22091,9.35,9.25,9.723,9.1026,1652846400000000000,247
NYCB,9851706,9.49,9.59,9.6,9.391,1652846400000000000,39077
NYCBpA,57697,23.28,22.89,23.49,22.75,1652846400000000000,633
NYCBpU,2179,44.89,44.12,44.89,44.12,1652846400000000000,32
NYF,75106,51.76,51.72,51.8591,51.7038,1652846400000000000,199
NYMT,3731010,3.03,2.97,3.07,2.97,1652846400000000000,13207
NYMTL,7173,21.56,21.55,21.5849,21.55,1652846400000000000,73
NYMTM,4827,22.15,22.24,22.39,22.15,1652846400000000000,64
NYMTN,6428,22.185,22.1641,22.32,22.05,1652846400000000000,54
NYMTZ,3875,20.38,20.26,20.38,20.0601,1652846400000000000,41
NYMX,44040,1.39,1.3,1.39,1.3,1652846400000000000,119
NYT,1575840,33.59,33.35,33.98,33.27,1652846400000000000,15071
NYXH,23314,14.8,13.94,14.8,13.93,1652846400000000000,204
NZAC,3726,27.33,27.0761,27.3508,27.0433,1652846400000000000,27
NZF,937729,12.29,12.25,12.3,12.18,1652846400000000000,2418
NZRO,100,20.09,20.0579,20.09,20.0579,1652846400000000000,1
NZUS,7,21.6774,21.6774,21.6774,21.6774,1652846400000000000,2
O,5181922,68.34,67.56,68.5,67.37,1652846400000000000,53139
OACB,84997,9.95,9.945,9.955,9.94,1652846400000000000,126
OACB.WS,6194,1.01,1.0102,1.0103,1.01,1652846400000000000,12
OACP,6308,23.851,23.8551,23.87,23.85,1652846400000000000,34
OAKpA,10091,24.09,23.935,24.1379,23.79,1652846400000000000,75
OAKpB,19014,24.05,23.56,24.05,23.45,1652846400000000000,148
OALC,3447,21.05,20.3505,21.05,20.3505,1652846400000000000,27
OAS,248524,143.97,135.47,144.44,132.425,1652846400000000000,7621
OB,481084,5.95,5.84,6.25,5.66,1652846400000000000,4739
OBCI,29794,7.34,7,7.34,6.6,1652846400000000000,202
OBE,714548,8.22,7.88,8.2899,7.775,1652846400000000000,4064
OBLG,86846,0.37,0.3573,0.374,0.3262,1652846400000000000,124
OBND,1570,26.7699,26.7,26.77,26.7,1652846400000000000,8
OBNK,37336,38.01,37.85,38.5542,37.6,1652846400000000000,913
OBOR,306,24.97,24.8894,24.98,24.8894,1652846400000000000,4
OBSV,253794,1.65,1.68,1.72,1.64,1652846400000000000,1363
OBT,11106,37.4,36.81,37.625,36.81,1652846400000000000,123
OC,580421,95.63,94.71,97.54,94.13,1652846400000000000,13262
OCA,16206,9.98,9.985,9.9882,9.98,1652846400000000000,28
OCA.WS,232765,0.012,0.014,0.015,0.012,1652846400000000000,106
OCAX,100,10.04,10.04,10.04,10.04,1652846400000000000,1
OCAXW,730,0.08724,0.1289,0.1289,0.08724,1652846400000000000,2
OCC,905,3.78,3.75,3.78,3.7,1652846400000000000,28
OCCI,38852,10.2,10.25,10.3,10.1301,1652846400000000000,253
OCCIN,800,23.26,22.71,23.26,22.71,1652846400000000000,8
OCCIO,4242,24.2,24.35,24.48,24.2,1652846400000000000,37
OCDX,1200526,17.91,17.64,18.2,17.59,1652846400000000000,11393
OCEN,1,19.7973,19.7973,19.7973,19.7973,1652846400000000000,1
OCFC,366692,19.31,19.31,19.5,19.1,1652846400000000000,5529
OCFCP,9510,25.24,25.15,25.24,25.15,1652846400000000000,19
OCFT,620118,1.38,1.39,1.44,1.36,1652846400000000000,2449
OCG,108688,3.24,3.05,3.24,2.96,1652846400000000000,549
OCGN,8860235,2.11,2.06,2.24,2.02,1652846400000000000,20273
OCIO,706,29.019,28.8731,29.02,28.8731,1652846400000000000,5
OCN,67547,22,22.95,23.225,21.78,1652846400000000000,1996
OCSL,812933,7.14,6.95,7.14,6.95,1652846400000000000,4584
OCTZ,1512,28.85,28.7407,28.8735,28.7407,1652846400000000000,14
OCUL,504801,3.68,3.48,3.77,3.44,1652846400000000000,4661
OCUP,41719,2.21,2.12,2.2292,2.09,1652846400000000000,223
OCX,283577,1.15,1.14,1.18,1.14,1652846400000000000,1854
ODC,28380,24.96,24.47,25.005,23.86,1652846400000000000,1046
ODDS,75,17.4056,17.4056,17.4056,17.4056,1652846400000000000,1
ODFL,1849249,265.99,236.47,266.41,234.81,1652846400000000000,42600
ODP,465950,41.28,40.55,41.3,40.06,1652846400000000000,8613
OEC,507327,18.52,18.3,19,18.26,1652846400000000000,7118
OEF,460402,183.5,178.11,183.67,177.51,1652846400000000000,2677
OEG,1313922,1.05,0.9602,1.05,0.9426,1652846400000000000,4593
OEPW,1332,9.79,9.79,9.79,9.79,1652846400000000000,11
OEPWU,11035,9.82,9.83,9.83,9.82,1652846400000000000,114
OEPWW,733,0.1799,0.1799,0.1799,0.1799,1652846400000000000,8
OESX,38835,2.66,2.52,2.66,2.5,1652846400000000000,471
OEUR,11534,23.4,23.21,23.58,23.1917,1652846400000000000,55
OFC,1418816,26.41,26.81,27.07,26.41,1652846400000000000,15029
OFG,426457,27.71,27.12,27.74,26.84,1652846400000000000,5588
OFIX,136212,28.46,27.78,29.1,27.75,1652846400000000000,2498
OFLX,31797,100.57,99.79,103.07,97.37,1652846400000000000,1335
OFS,29252,12.23,11.92,12.25,11.89,1652846400000000000,262
OG,1163,1.16,1.27,1.27,1.16,1652846400000000000,18
OGCP,200,8.29,8.39,8.39,8.29,1652846400000000000,2
OGE,1273749,40.4,39.92,40.55,39.8,1652846400000000000,18785
OGEN,309820,0.2657,0.2571,0.274199,0.254,1652846400000000000,633
OGI,5299461,1.32,1.21,1.33,1.21,1652846400000000000,8756
OGIG,96064,27.24,26.43,27.57,26.28,1652846400000000000,998
OGN,1650858,36.44,35.96,37.36,35.825,1652846400000000000,21726
OGS,389954,88.7,87.37,89.455,86.91,1652846400000000000,10940
OHAAU,1100,9.9,9.82,9.9,9.82,1652846400000000000,2
OHAAW,1700,0.35,0.3259,0.35,0.25,1652846400000000000,5
OHI,3221741,30,29.82,30.5,29.64,1652846400000000000,33961
OHPA,5296,9.77,9.76,9.77,9.76,1652846400000000000,54
OHPAU,10175,9.79,9.78,9.79,9.78,1652846400000000000,11
OHPAW,8544,0.0938,0.1975,0.27,0.091,1652846400000000000,89
OI,1415618,14.44,13.97,14.79,13.83,1652846400000000000,13564
OIA,62251,6.35,6.29,6.35,6.28,1652846400000000000,195
OIH,860641,280.11,266.87,280.37,263.6,1652846400000000000,15157
OII,1155845,11.35,10.9,11.4,10.595,1652846400000000000,13652
OIIM,24516,3.09,3.02,3.2026,3,1652846400000000000,239
OIL,51824,35.25,33.94,35.47,33.86,1652846400000000000,481
OILD,200845,4.88,5.38,5.539,4.85,1652846400000000000,488
OILK,23957,56.79,55.06,56.79,54.58,1652846400000000000,339
OILU,141104,66.95,60.11,66.95,57.4778,1652846400000000000,1424
OIS,746300,7.46,7.19,7.53,7,1652846400000000000,9802
OKE,2546409,66.85,64.79,66.87,64.07,1652846400000000000,41101
OKTA,6055576,84.43,78.77,86.43,77.16,1652846400000000000,86485
OKYO,462431,3.59,3.04,3.6881,2.87,1652846400000000000,3116
OLB,35255,1.24,1.18,1.259,1.1746,1652846400000000000,213
OLED,422854,125.92,120.69,128.02,120.105,1652846400000000000,10106
OLIT,705,9.97,9.96,9.97,9.96,1652846400000000000,7
OLK,266431,11.22,10.79,11.86,10.69,1652846400000000000,4360
OLLI,2150306,43.64,43.46,44.85,42.14,1652846400000000000,35269
OLMA,447795,2.16,2.1,2.24,2.07,1652846400000000000,4543
OLN,1828660,64.58,63,65.31,62.795,1652846400000000000,23387
OLO,1355671,10.99,10.79,11.28,10.52,1652846400000000000,15821
OLP,67928,27.12,26.1,27.12,25.94,1652846400000000000,943
OLPX,2546541,14.54,13.92,14.64,13.69,1652846400000000000,19609
OM,886076,25.59,23.88,25.98,23.58,1652846400000000000,14643
OMAB,45947,58.78,57.43,59.01,57.22,1652846400000000000,907
OMC,1267406,78.66,77,79.11,76.74,1652846400000000000,23705
OMCL,449998,108.21,108.91,112.028,107.52,1652846400000000000,9647
OMER,995393,2.97,2.93,3.085,2.89,1652846400000000000,7945
OMEX,9624,5.38,5.42,5.65,5.38,1652846400000000000,130
OMF,1476582,43.57,42.24,44.38,42.08,1652846400000000000,19370
OMFL,88348,44.8,43.36,44.8,43.16,1652846400000000000,951
OMFS,15540,36.03,35.12,36.18,34.92,1652846400000000000,213
OMGA,97083,3.06,3,3.3393,2.99,1652846400000000000,1947
OMI,935019,35.78,35.09,36.34,34.7,1652846400000000000,15128
OMIC,325031,3.33,3.04,3.37,3,1652846400000000000,3527
OMQS,7381,6.5299,5.91,6.5299,5.9,1652846400000000000,79
ON,6294737,57.32,55.83,59.0749,55.33,1652846400000000000,66501
ONB,2429826,15.69,15.66,15.86,15.54,1652846400000000000,17934
ONBPO,9451,25.2,25.4,25.5,25.2,1652846400000000000,41
ONBPP,12373,25.6,25.58,25.6,25.35,1652846400000000000,40
ONCR,54796,1.26,1.25,1.29,1.23,1652846400000000000,967
ONCS,14661,0.7698,0.7389,0.7698,0.73,1652846400000000000,35
ONCT,369146,0.84,0.8797,0.9419,0.81,1652846400000000000,2381
ONCY,37952,1.15,1.12,1.15,1.115,1652846400000000000,136
OND,200,20.92,20.6153,21.16,20.6153,1652846400000000000,2
ONDS,484138,6.79,7.23,7.6,6.79,1652846400000000000,4946
ONEM,1616693,8.29,8.11,8.63,8.005,1652846400000000000,18599
ONEO,10047,93.04,90.15,93.04,90.04,1652846400000000000,60
ONEQ,462468,46.16,44.66,46.28,44.5665,1652846400000000000,4146
ONEV,8428,104.08,100.6655,104.08,100.595,1652846400000000000,124
ONEW,271256,34.26,34.02,34.27,32.85,1652846400000000000,4669
ONEY,101145,98.98,96.09,98.98,95.835,1652846400000000000,371
ONG,30347,36.1501,33.392,36.47,32.6,1652846400000000000,214
ONL,406327,13.45,13.11,13.505,13.09,1652846400000000000,6897
ONLN,62938,33.29,31.83,33.29,31.6,1652846400000000000,846
ONOF,877,25.67,25.69,25.69,25.6608,1652846400000000000,13
ONON,4045219,20.5,19.62,21.06,18.86,1652846400000000000,29495
ONTF,251311,11.05,10.85,11.37,10.69,1652846400000000000,3482
ONTO,292460,75.7,73.08,78.87,72.29,1652846400000000000,7586
ONTX,63864,1.19,1.12,1.19,1.11,1652846400000000000,423
ONVO,14462,2.71,2.67,2.73,2.66,1652846400000000000,260
ONYX,10248,9.99,9.99,10.5,9.99,1652846400000000000,15
ONYXW,3900,0.2201,0.18,0.2201,0.18,1652846400000000000,14
OOMA,98280,13.06,13,13.21,12.89,1652846400000000000,1518
OOTO,73900,12.72,12.05,13,11.89,1652846400000000000,662
OP,280042,0.626,0.5852,0.629799,0.5852,1652846400000000000,602
OPA,25243,9.83,9.85,9.85,9.83,1652846400000000000,168
OPA.U,17113,10.1,10.09,10.1,10.075,1652846400000000000,177
OPA.WS,12726,0.55,0.5798,0.58,0.55,1652846400000000000,138
OPAD,672743,4.94,4.81,5.08,4.67,1652846400000000000,7547
OPAD.WS,65717,0.71,0.6999,0.7351,0.6473,1652846400000000000,290
OPBK,83143,12.33,12.11,12.585,12,1652846400000000000,1108
OPCH,652481,28.95,28.48,29.85,28.33,1652846400000000000,11823
OPEN,17057401,7.33,6.85,7.36,6.77,1652846400000000000,94059
OPER,5201,100.14,100.135,100.14,100.12,1652846400000000000,15
OPFI,123698,3.16,3.25,3.36,3.13,1652846400000000000,1684
OPFI.WS,160,0.32,0.32,0.32,0.32,1652846400000000000,2
OPGN,495685,0.39,0.3825,0.43,0.38,1652846400000000000,679
OPHC,24094,4.07,4,4.1285,4,1652846400000000000,104
OPI,434573,21.17,21.23,21.8,21.06,1652846400000000000,7558
OPINL,3335,24.07,23.74,24.07,23.605,1652846400000000000,29
OPK,5831331,3.02,2.86,3.02,2.82,1652846400000000000,20452
OPNT,85910,14.9,14.98,15.69,14.49,1652846400000000000,1395
OPOF,3923,25.76,24.94,26.26,24.94,1652846400000000000,52
OPP,170828,10.78,10.82,10.9,10.7201,1652846400000000000,682
OPPpA,3328,19.05,18.75,19.05,18.71,1652846400000000000,26
OPPpB,6793,20.06,20.205,20.205,19.84,1652846400000000000,35
OPPX,3275,21.4927,21.4562,21.4927,21.4293,1652846400000000000,2
OPRA,170159,5.16,5.19,5.25,5.02,1652846400000000000,1477
OPRT,192931,11.29,10.96,11.58,10.87,1652846400000000000,2854
OPRX,277379,26.25,25.88,27.88,25.59,1652846400000000000,4191
OPT,1755,7.24,6.62,7.3,6.61,1652846400000000000,48
OPTN,38207,2.01,1.99,2.06,1.99,1652846400000000000,669
OPTT,179579,1.05,0.98,1.06,0.95,1652846400000000000,899
OPY,104766,33.47,32.89,33.63,32.69,1652846400000000000,1737
OR,1182642,10.75,10.68,10.84,10.52,1652846400000000000,7412
ORA,354914,74.86,75.88,78.06,74.765,1652846400000000000,6186
ORAN,466819,12.25,12.14,12.29,12.14,1652846400000000000,2544
ORC,1672908,2.96,2.95,2.98,2.93,1652846400000000000,7022
ORCC,2653370,13.44,13.08,13.46,13.05,1652846400000000000,14788
ORCL,7924509,70.8,68.3,70.94,67.81,1652846400000000000,78695
ORFN,5496,20,19.5649,20.02,19.5649,1652846400000000000,21
ORGN,1448807,6.37,6.4,6.73,6.28,1652846400000000000,12605
ORGNW,59617,1.34,1.21,1.38,1.2,1652846400000000000,318
ORGO,1235718,5.66,5.46,5.778,5.375,1652846400000000000,10368
ORGS,120739,2.19,2.11,2.3,2.1,1652846400000000000,419
ORI,1687111,23.35,22.89,23.46,22.85,1652846400000000000,17652
ORIA,1617,9.75,9.78,9.79,9.75,1652846400000000000,15
ORIAW,4117,0.31,0.3201,0.36,0.31,1652846400000000000,46
ORIC,422530,3.8,3.68,3.87,3.39,1652846400000000000,5395
ORLA,22619,4.11,4.09,4.14,4.07,1652846400000000000,313
ORLY,963029,637.32,599.87,638.51,592.55,1652846400000000000,28546
ORMP,745122,5.02,4.45,5.11,4.44,1652846400000000000,6789
ORN,46114,2.81,2.84,2.9,2.74,1652846400000000000,214
ORRF,47903,23.76,23.7,24.3299,23.61,1652846400000000000,1062
ORTX,447555,0.475,0.4798,0.48,0.46,1652846400000000000,1308
OSBC,115862,14.18,14.01,14.25,13.92,1652846400000000000,2378
OSCR,1879199,5.85,5.67,6.055,5.532,1652846400000000000,13086
OSCV,22649,30.8599,30.0581,30.86,29.93,1652846400000000000,80
OSG,88817,2.1,2.02,2.1,2,1652846400000000000,516
OSH,1593047,17.1,16.24,17.56,16.1,1652846400000000000,20935
OSI,440,9.77,9.7701,9.7701,9.77,1652846400000000000,4
OSI.WS,200,0.1734,0.1734,0.1734,0.1734,1652846400000000000,1
OSIS,95226,83.05,82.59,83.76,82.15,1652846400000000000,2581
OSK,669966,91.11,90.2,93.04,89.94,1652846400000000000,13170
OSPN,380074,10.91,11.01,11.145,10.48,1652846400000000000,5709
OSS,21267,4.53,4.3,4.53,4.3,1652846400000000000,303
OST,2003659,2.34,2.5889,2.72,2.21,1652846400000000000,5602
OSTK,3303768,29.26,27.35,29.7938,27.2,1652846400000000000,41907
OSTR,5061,9.78,9.78,9.8299,9.78,1652846400000000000,16
OSUR,551460,5.23,5.23,5.45,5.19,1652846400000000000,5520
OSW,208661,9.56,9.3,9.61,9.19,1652846400000000000,3369
OTEC,355,10.07,10.07,10.07,10.07,1652846400000000000,4
OTECU,1703,10.16,10.15,10.16,10.13,1652846400000000000,5
OTECW,4966,0.1,0.0853,0.1,0.0853,1652846400000000000,15
OTEX,772599,37.5,37.67,37.94,37.38,1652846400000000000,10789
OTIC,133803,1.94,1.87,2.11,1.854,1652846400000000000,468
OTIS,1879987,74.41,72.21,74.87,71.99,1652846400000000000,26260
OTLK,575327,1.58,1.53,1.61,1.5,1652846400000000000,2741
OTLY,2879933,3.65,3.58,3.745,3.52,1652846400000000000,16593
OTMO,1401218,1.3,1.45,1.45,1.21,1652846400000000000,1064
OTRA,4651313,9.4,11.23,13,9.375,1652846400000000000,26285
OTRAU,6897,11.01,11.54,14.23,11,1652846400000000000,89
OTRAW,940651,0.44,0.4016,0.6836,0.33,1652846400000000000,2372
OTRK,339823,1.62,1.58,1.67,1.53,1652846400000000000,3693
OTRKP,21786,4.5794,4.46,4.8676,4.45,1652846400000000000,118
OTTR,191392,63.96,64.27,66.72,63.86,1652846400000000000,4680
OUNZ,172880,17.61,17.64,17.72,17.5799,1652846400000000000,437
OUSA,47375,41.75,40.74,41.79,40.63,1652846400000000000,400
OUSM,61409,33.271,32.64,33.271,32.55,1652846400000000000,165
OUST,1502438,2.58,2.47,2.64,2.41,1652846400000000000,8713
OUST.WS,12044,0.4,0.5099,0.5198,0.4,1652846400000000000,50
OUT,1491138,21.63,20.93,21.74,20.87,1652846400000000000,15241
OVB,11285,22.1999,22.1445,22.1999,22.11,1652846400000000000,8
OVBC,448,31.02,31.02,31.02,31.02,1652846400000000000,23
OVF,498,22.6601,22.4166,22.6601,22.4166,1652846400000000000,4
OVID,136524,2.12,2.09,2.17,2.09,1652846400000000000,1073
OVL,14875,33.08,32.34,33.08,32.11,1652846400000000000,42
OVLH,0,25.4809,25.4809,25.4809,25.4809,1652846400000000000,0
OVLY,861,17.16,17.08,17.23,17.06,1652846400000000000,54
OVM,4743,22.18,22.0604,22.18,22.02,1652846400000000000,69
OVS,90,30.3852,30.3852,30.3852,30.3852,1652846400000000000,1
OVT,11169,22.43,22.3266,22.43,22.3266,1652846400000000000,19
OVV,3583130,47.68,45.32,47.68,44.73,1652846400000000000,34473
OWL,2062056,11.43,11.26,11.62,11.235,1652846400000000000,18649
OWL.WS,1002,2.99,2.86,2.99,2.835,1652846400000000000,11
OWLT,216870,3.8,3.82,3.94,3.69,1652846400000000000,2624
OWLT.WS,19910,0.63,0.64,0.7097,0.63,1652846400000000000,121
OWNS,58,18.0742,18.0742,18.0742,18.0742,1652846400000000000,4
OXAC,355410,10,10.015,10.015,9.99,1652846400000000000,177
OXACU,150,10.11,10.11,10.11,10.11,1652846400000000000,1
OXBR,70309,4.98,4.87,5.0553,4.78,1652846400000000000,182
OXLC,983744,6.54,6.46,6.54,6.36,1652846400000000000,4447
OXLCL,5176,25.29,25.25,25.32,25.07,1652846400000000000,72
OXLCM,4853,25.253,25.3099,25.3099,25.2,1652846400000000000,22
OXLCO,2777,24.58,24.4294,24.58,23.9201,1652846400000000000,21
OXLCP,2129,24.2258,24.2201,24.35,24.2201,1652846400000000000,35
OXLCZ,8603,23.6336,23.83,23.84,23.6,1652846400000000000,97
OXM,229376,85.1,83.67,85.87,82.245,1652846400000000000,5614
OXSQ,129132,4.09,4.08,4.105,4.05,1652846400000000000,776
OXSQG,854,24.21,24.21,24.21,24.21,1652846400000000000,9
OXSQL,682,25.3,25.3,25.3,25.3,1652846400000000000,5
OXSQZ,216,24.7494,24.7494,24.7494,24.7494,1652846400000000000,2
OXUS,3200,9.95,9.95,9.95,9.95,1652846400000000000,20
OXY,28535177,68.5,64.3,68.7,63.23,1652846400000000000,211406
OXY.WS,429497,46.3,42.16,46.72,41.5,1652846400000000000,3625
OYST,144211,4.56,4.31,4.59,4.19,1652846400000000000,1814
OZ,16182,100.28,100.08,100.52,99.8873,1652846400000000000,158
OZK,804274,38.96,38.57,39.28,38.32,1652846400000000000,13985
OZKAP,44539,18.305,18.2,18.3799,18.18,1652846400000000000,476
PAA,4550718,11.01,10.91,11.07,10.715,1652846400000000000,19848
PAAS,1697751,21.94,21.26,22.02,21.2031,1652846400000000000,15344
PAB,0,44.0201,44.0201,44.0201,44.0201,1652846400000000000,0
PABU,22,42.3444,42.3444,42.3444,42.3444,1652846400000000000,9
PAC,51765,149.87,142.65,149.87,142.49,1652846400000000000,1072
PACB,7907692,5.53,5.22,5.75,5.155,1652846400000000000,47800
PACK,465764,11.67,11.43,11.9,11.33,1652846400000000000,6488
PACW,1497625,30.65,30.48,31.185,30.395,1652846400000000000,15846
PACX,16823,9.81,9.82,9.82,9.81,1652846400000000000,116
PACXU,10876,9.84,9.84,9.855,9.84,1652846400000000000,116
PACXW,3104,0.19,0.19,0.19,0.19,1652846400000000000,60
PAFOR,2098,0.2367,0.2121,0.267,0.206,1652846400000000000,25
PAG,395365,115.63,108.79,115.63,108.05,1652846400000000000,11406
PAGP,3376125,11.69,11.56,11.72,11.32,1652846400000000000,21574
PAGS,5321019,12.7,13.11,13.89,12.7,1652846400000000000,40023
PAHC,117309,18.53,18.67,18.93,18.46,1652846400000000000,1700
PAI,6936,12.31,12.43,12.6813,12.31,1652846400000000000,37
PAK,1934,19.715,19.735,19.98,19.54,1652846400000000000,87
PALC,47445,37.31,36.29,37.31,36.13,1652846400000000000,261
PALI,67076,0.52,0.5119,0.5375,0.5051,1652846400000000000,251
PALL,16148,189.01,184.03,191.19,184.03,1652846400000000000,458
PALT,38003,2.21,2.04,2.27,2.01,1652846400000000000,291
PAM,57812,22.4,21.32,22.4,21.0107,1652846400000000000,888
PAMC,4436,32,31.3604,32.02,31.3099,1652846400000000000,46
PANL,463844,5.87,5.86,6.1,5.74,1652846400000000000,4043
PANW,2615864,466.21,438.6,475,433.93,1652846400000000000,56925
PAPR,41219,27.84,27.49,27.84,27.4011,1652846400000000000,246
PAQC,13673,9.82,9.825,9.86,9.82,1652846400000000000,64
PAQCU,2100,9.95,9.95,9.95,9.95,1652846400000000000,2
PAQCW,15588,0.37,0.271,0.37,0.271,1652846400000000000,39
PAR,328522,33.15,33.92,34.84,32.79,1652846400000000000,6466
PARA,13538848,31.87,31.55,33.39,31.485,1652846400000000000,108513
PARAA,52671,34.61,33.94,35.53,33.8,1652846400000000000,1883
PARAP,82190,45.97,46.24,47.7,45.92,1652846400000000000,476
PARR,763365,15.76,15.76,15.77,15.33,1652846400000000000,8966
PASG,536265,1.8,1.77,1.89,1.72,1652846400000000000,5364
PATH,4156209,16.69,16.54,17.41,16.21,1652846400000000000,38885
PATI,2758,7.6551,7.74,7.7701,7.6551,1652846400000000000,42
PATK,318065,66.28,62.36,66.555,61.73,1652846400000000000,8230
PAUG,9370,28.77,28.51,28.78,28.48,1652846400000000000,57
PAVE,1146483,25.35,24.72,25.54,24.65,1652846400000000000,6396
PAVM,1400328,1.02,0.99,1.025,0.97,1652846400000000000,4855
PAVMZ,3450,0.62,0.6699,0.6699,0.6197,1652846400000000000,17
PAWZ,33164,54.97,53.04,54.97,52.75,1652846400000000000,420
PAX,205358,17.18,16.9,17.65,16.89,1652846400000000000,4130
PAXS,85780,16.88,16.78,17.16,16.7,1652846400000000000,402
PAY,409374,14.64,14.81,15.385,14.62,1652846400000000000,3495
PAYA,500821,5.54,5.52,5.76,5.49,1652846400000000000,5209
PAYC,301845,277.46,268.94,278.98,265.03,1652846400000000000,12393
PAYO,3711842,4.65,4.63,4.84,4.535,1652846400000000000,23135
PAYOW,1257,0.821,0.77,0.8259,0.7699,1652846400000000000,9
PAYS,204921,1.3838,1.41,1.55,1.35,1652846400000000000,852
PAYX,1599981,120.39,117.44,120.44,117.15,1652846400000000000,27515
PB,634299,70.52,70,71.01,69.495,1652846400000000000,12644
PBA,968151,39.72,39.26,39.82,39.075,1652846400000000000,10264
PBD,75523,20.51,20.43,21.04,20.4,1652846400000000000,452
PBDM,165,24.59,24.59,24.59,24.59,1652846400000000000,6
PBE,6452,55.77,54.77,55.8164,54.745,1652846400000000000,97
PBEE,2539,23.52,23.1,23.52,22.37,1652846400000000000,25
PBF,2963899,31.41,30.67,31.47,30.23,1652846400000000000,33100
PBFS,8992,9.95,9.76,9.95,9.71,1652846400000000000,146
PBFX,186912,14.92,14.84,15.15,14.635,1652846400000000000,2337
PBH,340292,57.22,55.29,57.53,54.94,1652846400000000000,7677
PBHC,1359,19.61,19.5,19.61,19.5,1652846400000000000,43
PBI,1437693,4.78,4.64,4.855,4.605,1652846400000000000,10781
PBIpB,14569,20.85,21.38,21.49,20.85,1652846400000000000,140
PBIP,843,15.39,15.31,15.4,15.31,1652846400000000000,56
PBJ,164482,45.91,43.58,45.91,43.4084,1652846400000000000,1152
PBLA,12794,1.74,1.57,1.74,1.5121,1652846400000000000,42
PBND,16044,22.942,22.98,22.98,22.9205,1652846400000000000,42
PBP,94025,21.55,20.993,21.588,20.98,1652846400000000000,394
PBPB,19988,5.37,5.45,5.64,5.34,1652846400000000000,205
PBR,22708204,15.06,14.75,15.14,14.61,1652846400000000000,64796
PBR.A,9454010,13.72,13.45,13.775,13.38,1652846400000000000,22115
PBS,36800,38.73,37.94,38.87,37.83,1652846400000000000,77
PBSM,4310,32.52,32.0299,32.52,32.0299,1652846400000000000,23
PBT,255952,13.79,13.88,14.48,13.75,1652846400000000000,1472
PBTP,19642,26.22,26.205,26.225,26.17,1652846400000000000,119
PBTS,1089982,0.3069,0.3104,0.32,0.3,1652846400000000000,2032
PBUS,16543,40.15,39.11,40.15,39,1652846400000000000,82
PBW,264707,49.07,48.98,51.48,48.6,1652846400000000000,2963
PBYI,324342,1.94,1.94,2.06,1.93,1652846400000000000,2903
PCAR,2465745,84.73,81.17,84.9,81.01,1652846400000000000,32218
PCB,83968,20,19.67,20.165,19.52,1652846400000000000,1977
PCCT,639,10.02,10.02,10.03,10.02,1652846400000000000,8
PCCTW,1100,0.1,0.1326,0.1326,0.1,1652846400000000000,3
PCEF,229888,19.95,19.75,19.95,19.62,1652846400000000000,956
PCF,108721,8.01,7.93,8.019,7.84,1652846400000000000,378
PCG,14735640,12.1,11.89,12.25,11.75,1652846400000000000,53019
PCGpA,10963,24.05,24.25,24.3999,23.75,1652846400000000000,74
PCGpB,2196,21.99,21.875,22.44,21.5812,1652846400000000000,23
PCGpD,3326,19.47,19.45,19.5,19.282,1652846400000000000,22
PCGpE,2370,18.19,18.5,18.5,18.19,1652846400000000000,26
PCGpG,3307,21.8,19.94,21.8,19.15,1652846400000000000,15
PCGpH,1789,18.45,18,18.45,18,1652846400000000000,22
PCGpI,264,19.94,19.94,19.94,19.94,1652846400000000000,3
PCGU,2162,112.54,110.13,112.81,109.64,1652846400000000000,73
PCH,327599,54.31,53.4,54.84,53.16,1652846400000000000,6734
PCK,157486,6.68,6.47,6.7,6.41,1652846400000000000,401
PCM,29457,10.32,10.11,10.32,10.02,1652846400000000000,95
PCN,111902,14.26,14.12,14.26,13.8803,1652846400000000000,517
PCOM,202609,24.08,23.98,24.25,23.96,1652846400000000000,1303
PCOR,488336,42.73,41.66,43.44,40.79,1652846400000000000,9293
PCPC,16090,24.45,24.45,24.45,24.45,1652846400000000000,29
PCPC.WS,24751,0.51,0.51,0.51,0.51,1652846400000000000,4
PCQ,18378,14.82,14.6,14.86,14.48,1652846400000000000,127
PCRX,392595,62.59,61.41,63.655,60.67,1652846400000000000,8262
PCSA,30283,1.81,2.17,2.27,1.81,1652846400000000000,126
PCSB,27961,18.12,18.14,18.2,18.02,1652846400000000000,1046
PCT,1139832,8.4,9.22,9.2752,8.3615,1652846400000000000,14065
PCTI,5082,4.36,4.37,4.4,4.3512,1652846400000000000,99
PCTTU,2856,10.86,11.89,11.89,10.52,1652846400000000000,40
PCTTW,7851,3.3601,3.52,3.52,3.36,1652846400000000000,33
PCTY,256456,164.38,159.43,167.58,157.48,1652846400000000000,8540
PCVX,298832,24.52,24.03,25.48,23.35,1652846400000000000,4896
PCX,108,10.02,10.02,10.02,10.02,1652846400000000000,2
PCXCU,3960,10.18,10.18,10.18,10.18,1652846400000000000,23
PCY,870753,19.91,19.76,19.96,19.74,1652846400000000000,4309
PCYG,229185,5.25,5.43,6.02,5.03,1652846400000000000,1547
PCYO,70932,10.2,10,10.2,9.96,1652846400000000000,1234
PD,1008317,23.82,23.13,24.37,22.63,1652846400000000000,16784
PDBC,4522789,19.17,18.67,19.18,18.62,1652846400000000000,16599
PDCE,1163584,67.22,64.36,68.44,63.52,1652846400000000000,21123
PDCO,566731,32.12,31.38,32.42,31.19,1652846400000000000,9460
PDD,8638759,38.955,38.59,41.14,38.2,1652846400000000000,64982
PDEC,59451,29.48,28.9984,29.48,28.9984,1652846400000000000,165
PDEX,5452,15.85,16.19,16.3,15.3,1652846400000000000,200
PDFS,159315,24.21,23.29,24.89,22.93,1652846400000000000,3123
PDI,926414,21.58,21.36,21.6212,21.22,1652846400000000000,4105
PDLB,74959,9.21,9.23,9.23,9.15,1652846400000000000,1286
PDM,865838,15.37,15.08,15.57,14.95,1652846400000000000,8128
PDN,113148,31.55,31.05,31.6,31.005,1652846400000000000,588
PDO,502715,15.34,15.03,15.41,14.91,1652846400000000000,2310
PDOT.WS,25100,0.202,0.202,0.202,0.202,1652846400000000000,2
PDP,46627,73.56,71.11,73.6,70.69,1652846400000000000,287
PDS,87202,73.57,71.85,74.45,69.3,1652846400000000000,1999
PDSB,287921,5.22,4.98,5.419,4.94,1652846400000000000,1653
PDT,37465,14.84,14.68,14.94,14.6647,1652846400000000000,374
PEAK,2857771,30.86,30.07,30.95,30.005,1652846400000000000,27876
PEAR,297927,4.21,3.79,4.215,3.72,1652846400000000000,3944
PEARW,800,0.343,0.353,0.4135,0.343,1652846400000000000,9
PEB,2390696,23.19,22.44,23.65,22.11,1652846400000000000,23443
PEBpE,12888,20.2999,20,20.2999,19.64,1652846400000000000,53
PEBpF,32234,19.86,19.95,20.36,19.07,1652846400000000000,198
PEBpG,14872,19.95,20.105,20.7106,19.86,1652846400000000000,95
PEBpH,21668,17.89,18,18.236,17.89,1652846400000000000,136
PEBK,568,26.3058,26.2,26.3058,26.2,1652846400000000000,16
PEBO,76968,27.26,27.19,27.34,26.91,1652846400000000000,1690
PECO,918172,34,33.51,34.46,33.4,1652846400000000000,13957
PED,934546,1.19,1.18,1.2,1.16,1652846400000000000,2008
PEG,2996951,68.87,67.86,68.92,67.7,1652846400000000000,30735
PEGA,597698,48.91,46.98,49.56,46.68,1652846400000000000,11045
PEGRW,3100,0.3899,0.3981,0.3981,0.3899,1652846400000000000,15
PEGY,26651,2.82,2.2,2.8399,2.1597,1652846400000000000,209
PEI,205987,0.48,0.4676,0.51,0.45,1652846400000000000,679
PEIpB,12107,3.96,3.96,3.96,3.474,1652846400000000000,63
PEIpC,6818,3.45,3.49,3.5,3.33,1652846400000000000,59
PEIpD,17480,3.5903,3.77,3.78,3.58,1652846400000000000,107
PEJ,203366,40.76,39.82,40.972,39.6114,1652846400000000000,1809
PEN,398316,147.92,144.51,150,143.2701,1652846400000000000,9399
PENN,5744025,31.42,30.2,31.77,29.648,1652846400000000000,56009
PEO,77620,22.12,21.48,22.12,21.33,1652846400000000000,569
PEP,8861230,173.6855,163.65,173.87,162.92,1652846400000000000,104455
PEPG,34835,11.86,11.65,11.91,10.8601,1652846400000000000,1019
PEPL,6901,9.83,9.81,9.83,9.81,1652846400000000000,8
PEPLU,302,10,9.95,10.025,9.95,1652846400000000000,4
PEPLW,1150,0.43,0.4499,0.4499,0.43,1652846400000000000,6
PERI,370524,19.46,19.36,20.305,19.09,1652846400000000000,6495
PESI,1175,5.8,5.74,5.8,5.73,1652846400000000000,43
PETQ,307439,16.63,15.28,16.91,15.25,1652846400000000000,5159
PETS,575825,20.94,20.2,20.95,19.92,1652846400000000000,9547
PETV,33818,1.63,1.49,1.63,1.4403,1652846400000000000,150
PETVW,1300,0.25,0.301,0.301,0.2115,1652846400000000000,9
PETZ,988646,0.23,0.2211,0.2315,0.2121,1652846400000000000,1127
PEX,893,29,28.3654,29,28.3654,1652846400000000000,27
PEXL,317,37.539,37.3906,37.539,37.3906,1652846400000000000,8
PEY,351751,21.85,21.49,21.85,21.43,1652846400000000000,1438
PEZ,7122,66.93,64.22,66.96,63.99,1652846400000000000,62
PFBC,91416,67.41,66.58,67.49,65.79,1652846400000000000,1993
PFC,64861,26.17,25.8,26.31,25.71,1652846400000000000,1566
PFD,44809,12.45,12.26,12.45,12.12,1652846400000000000,221
PFDRU,210,9.8099,9.8099,9.8099,9.8099,1652846400000000000,2
PFE,19307625,51.22,50.4,51.42,50.16,1652846400000000000,143338
PFEB,21320,27.7,27.35,27.72,27.3,1652846400000000000,132
PFF,3623299,33.17,32.97,33.2399,32.95,1652846400000000000,11876
PFFA,181241,22.21,21.99,22.25,21.9,1652846400000000000,1124
PFFD,620320,21.28,21.06,21.28,21.025,1652846400000000000,1964
PFFL,769,12.85,12.683,12.85,12.63,1652846400000000000,16
PFFR,12551,19.6,19.3751,19.61,19.31,1652846400000000000,112
PFFV,106076,24.14,24.1,24.14,23.98,1652846400000000000,401
PFG,2325487,72.14,71.44,72.27,71.24,1652846400000000000,38514
PFGC,1627492,46.67,43.62,46.67,43.32,1652846400000000000,23792
PFH,59110,20.1,19.8,20.1,19.68,1652846400000000000,443
PFHC,790809,18.05,17.98,18.3,17.77,1652846400000000000,5795
PFHD,44665,22.65,21.9,22.68,21.9,1652846400000000000,1673
PFI,55894,42.14,41.0927,42.261,41.07,1652846400000000000,49
PFIE,93293,1.34,1.34,1.38,1.34,1652846400000000000,281
PFIG,6019,23.72,23.75,23.7641,23.72,1652846400000000000,21
PFIN,4525,5.45,5.41,5.4575,5.34,1652846400000000000,52
PFIS,10305,50.88,50.05,50.88,49.62,1652846400000000000,534
PFIX,144591,59.15,56.61,59.275,56.4,1652846400000000000,1491
PFL,90674,9.44,9.25,9.44,9.22,1652846400000000000,414
PFLD,49642,22.28,22.23,22.31,22.07,1652846400000000000,115
PFLT,326573,12.18,11.91,12.23,11.87,1652846400000000000,3154
PFM,27174,36.41,35.45,36.41,35.31,1652846400000000000,233
PFMT,149829,2.17,2.03,2.23,2.03,1652846400000000000,914
PFN,132812,7.99,7.88,8.02,7.88,1652846400000000000,676
PFO,19624,9.85,9.839,10,9.8,1652846400000000000,97
PFS,413521,22.09,22.31,22.4,22,1652846400000000000,5975
PFSI,507777,46.9,46.49,47.82,46.12,1652846400000000000,7923
PFSW,75438,12.71,12.6,12.845,12.3,1652846400000000000,1747
PFTA,503,9.72,9.665,9.72,9.665,1652846400000000000,7
PFTAU,5849,9.75,9.74,9.75,9.74,1652846400000000000,7
PFTAW,188512,0.34,0.2799,0.34,0.2,1652846400000000000,65
PFUT,10426,17.55,16.9602,17.55,16.9602,1652846400000000000,54
PFX,744,38.94,38.3393,38.94,38.3393,1652846400000000000,35
PFXF,289715,18.72,18.55,18.795,18.55,1652846400000000000,532
PFXNL,1369,25.26,25.27,25.27,25.26,1652846400000000000,4
PG,9622333,154.67,145.04,154.76,144.545,1652846400000000000,125737
PGAL,185,10.3921,10.3921,10.3921,10.3921,1652846400000000000,12
PGC,42287,31.12,30.76,31.3096,30.47,1652846400000000000,1153
PGEN,961918,1.26,1.25,1.2723,1.15,1652846400000000000,4952
PGF,338582,15.37,15.27,15.37,15.1637,1652846400000000000,1108
PGHY,74563,19.63,19.6,19.6999,19.5601,1652846400000000000,220
PGJ,86395,25.89,25.61,26.6499,25.44,1652846400000000000,408
PGNY,330280,36.84,35.18,37.53,34.83,1652846400000000000,7086
PGP,26959,8.19,7.94,8.25,7.91,1652846400000000000,168
PGR,3517332,111.09,111.9,113.4,109.77,1652846400000000000,46914
PGRE,1804648,9.05,8.9,9.105,8.86,1652846400000000000,10789
PGRO,660,21.51,20.8056,21.51,20.8056,1652846400000000000,8
PGRU,7619,6.8,6.5,7.075,6.5,1652846400000000000,123
PGRW,1500,9.85,9.86,9.86,9.85,1652846400000000000,5
PGSS,7903,9.9,9.9,9.9005,9.9,1652846400000000000,7
PGSS.U,1120,10.1,10.11,10.12,10.1,1652846400000000000,7
PGSS.WS,904,0.4369,0.4789,0.4789,0.4369,1652846400000000000,9
PGTI,406530,19.55,19.54,20.07,19.36,1652846400000000000,4971
PGX,4359878,12.29,12.22,12.29,12.1701,1652846400000000000,7034
PGZ,16082,13.34,13.17,13.3978,13.08,1652846400000000000,149
PH,532621,269.23,263.35,270.94,262.49,1652846400000000000,15389
PHAR,4570,7.79,7.32,8.2,7.1,1652846400000000000,61
PHAS,763357,0.88,0.8119,0.9,0.8,1652846400000000000,1636
PHAT,348950,9.67,8.95,9.875,8.61,1652846400000000000,4957
PHB,356013,17.37,17.34,17.37,17.315,1652846400000000000,1265
PHCF,22582,0.574,0.55,0.615,0.502101,1652846400000000000,46
PHD,73711,9.31,9.32,9.35,9.26,1652846400000000000,327
PHDG,80008,33.6151,33.64,33.64,33.5405,1652846400000000000,249
PHG,1159609,25.15,24.67,25.22,24.62,1652846400000000000,10867
PHGE,4562,0.8782,0.8305,0.8782,0.8301,1652846400000000000,85
PHGE.WS,3560,0.11,0.131,0.131,0.11,1652846400000000000,12
PHI,22221,37.24,37.49,37.5,36.99,1652846400000000000,365
PHIC,826,9.85,9.85,9.85,9.85,1652846400000000000,7
PHICW,18298,0.06,0.1001,0.125,0.06,1652846400000000000,46
PHIO,1601824,0.6649,0.655,0.75,0.6337,1652846400000000000,1737
PHK,251060,5.66,5.61,5.67,5.54,1652846400000000000,1038
PHM,3207222,43.26,41.64,43.61,41.36,1652846400000000000,37024
PHO,64628,47.735,46.68,47.8,46.5301,1652846400000000000,803
PHR,807198,15.64,15.75,16.35,15.16,1652846400000000000,11990
PHT,68200,7.05,7.07,7.0851,7.04,1652846400000000000,427
PHUN,1481859,1.46,1.43,1.54,1.41,1652846400000000000,5592
PHUNW,11693,0.6501,0.6331,0.7,0.5627,1652846400000000000,61
PHVS,6401,16.78,16.88,17.28,16.62,1652846400000000000,227
PHX,363286,3.35,3.24,3.425,3.1801,1652846400000000000,2389
PHYL,1967,35.43,35.225,35.43,35.21,1652846400000000000,21
PHYS,1946570,14.13,14.19,14.24,14.11,1652846400000000000,3141
PHYT.U,2999,10.12,10.09,10.12,10.09,1652846400000000000,5
PHYT.WS,900,0.24,0.2995,0.2995,0.24,1652846400000000000,2
PI,181518,46.25,45.32,47.17,44.59,1652846400000000000,5353
PIAI,1700788,9.91,9.9,9.91,9.9,1652846400000000000,13
PIAI.WS,5300,0.14,0.12,0.14,0.1075,1652846400000000000,12
PICB,180394,23.1,22.96,23.1,22.96,1652846400000000000,90
PICC,100,9.8,9.8,9.8,9.8,1652846400000000000,1
PICC.U,200,9.81,9.81,9.81,9.81,1652846400000000000,1
PICK,570200,43.26,41.96,43.35,41.89,1652846400000000000,4890
PID,198244,18.53,18.27,18.53,18.22,1652846400000000000,1057
PIE,89482,21.19,20.73,21.19,20.71,1652846400000000000,302
PIFI,601,93.26,93.245,93.29,93.245,1652846400000000000,5
PII,964914,107.64,103.09,108.72,101.27,1652846400000000000,21466
PIII,318759,4.87,4.84,5.05,4.72,1652846400000000000,2165
PIIIW,2585,0.81,0.9262,0.949,0.81,1652846400000000000,30
PIK,22294069,2.315,2.2,2.62,2.04,1652846400000000000,63332
PILL,27977,10.68,10,10.795,9.92,1652846400000000000,259
PIM,45278,3.42,3.45,3.46,3.42,1652846400000000000,255
PIN,29969,23.85,23.47,23.93,23.4101,1652846400000000000,73
PINC,411400,37.23,36.96,37.4,36.88,1652846400000000000,9205
PINE,35678,19.03,18.79,19.19,18.79,1652846400000000000,421
PING,776672,18.65,18.2,18.93,18.06,1652846400000000000,10368
PINK,13102,25.03,24.59,25.03,24.481,1652846400000000000,128
PINS,11864944,21.93,22.09,22.68,21.7824,1652846400000000000,85865
PIO,15655,33.2,32.53,33.2012,32.46,1652846400000000000,180
PIPP,56931,9.83,9.84,9.8442,9.83,1652846400000000000,215
PIPP.WS,2018,0.2999,0.29871,0.3,0.270001,1652846400000000000,9
PIPR,180622,126.15,119.61,126.83,118.51,1652846400000000000,4832
PIRS,421891,1.77,1.74,1.81,1.72,1652846400000000000,2720
PIXY,6133176,0.3973,0.3998,0.46,0.3872,1652846400000000000,6947
PIZ,18422,30.215,29.7,30.2613,29.62,1652846400000000000,113
PJAN,64087,30.8195,30.38,30.8195,30.27,1652846400000000000,297
PJP,10457,74.86,73.43,74.86,73.22,1652846400000000000,347
PJT,147579,72.89,71.68,73.53,70.86,1652846400000000000,5040
PJUL,11907,29.14,29.0034,29.14,28.96,1652846400000000000,132
PJUN,19981,30.57,30.4467,30.59,30.43,1652846400000000000,33
PK,7072674,18.66,18.09,18.93,17.93,1652846400000000000,45748
PKB,19800,41.25,39.98,41.25,39.85,1652846400000000000,180
PKBK,28296,24.35,23.81,24.495,23.67,1652846400000000000,1349
PKE,194699,12.06,11.81,12.06,11.74,1652846400000000000,2114
PKG,779810,157.62,151.02,157.62,150.47,1652846400000000000,15928
PKI,772055,144.09,142.49,145.26,141.07,1652846400000000000,15271
PKOH,39610,15,14.88,15.17,14.73,1652846400000000000,1324
PKW,57251,83.99,81.55,83.99,81.22,1652846400000000000,797
PKX,222715,56.5,55.02,56.78,54.775,1652846400000000000,3455
PL,1313696,4.8,4.78,5.029,4.705,1652846400000000000,8654
PL.WS,17372,1.02,1.015,1.03,1,1652846400000000000,25
PLAB,386424,15.96,15.41,16.03,15.148,1652846400000000000,6531
PLAG,30426,0.5005,0.4699,0.531,0.4494,1652846400000000000,115
PLAN,3128547,64.95,64.5,65.05,64.45,1652846400000000000,24306
PLAOU,308,10.0501,10.0501,10.0501,10.0501,1652846400000000000,1
PLAT,1493,27.631,27.4709,27.631,27.4687,1652846400000000000,18
PLAY,950065,38.17,36.24,38.43,35.65,1652846400000000000,17075
PLBC,30116,32.56,31.25,32.8,30.4901,1652846400000000000,459
PLBY,1579763,9.59,9.45,10.35,9.27,1652846400000000000,14609
PLCE,1381777,46.14,43.22,46.32,42.7001,1652846400000000000,24497
PLD,4607556,126.05,119.53,126.8,119.23,1652846400000000000,58935
PLDR,1,21.2682,21.2682,21.2682,21.2682,1652846400000000000,1
PLG,417551,1.44,1.36,1.45,1.32,1652846400000000000,1540
PLL,320129,55.52,55,57.96,53.72,1652846400000000000,8861
PLM,77025,2.98,2.85,2.98,2.8,1652846400000000000,794
PLMIW,2194,0.3906,0.2612,0.3906,0.25,1652846400000000000,33
PLMR,163980,60.32,58.91,63.32,58.48,1652846400000000000,3532
PLNT,1340377,70.13,69.56,70.98,68.82,1652846400000000000,16053
PLOW,80768,30.22,29.71,30.72,29.39,1652846400000000000,1415
PLPC,12683,60.8169,59.17,60.8169,59.08,1652846400000000000,491
PLRG,1127,24.62,23.9626,24.62,23.9626,1652846400000000000,11
PLRX,365098,4.76,4.84,5.15,4.7418,1652846400000000000,2975
PLSE,111150,2.29,2.13,2.29,2.09,1652846400000000000,1218
PLTK,1373023,13.87,13.71,14.14,13.502,1652846400000000000,17029
PLTL,0,22.7684,22.7684,22.7684,22.7684,1652846400000000000,0
PLTM,33683,9.29,9.1309,9.29,9.13,1652846400000000000,201
PLTR,29257089,8.21,8.01,8.43,7.92,1652846400000000000,92208
PLUG,28879111,16.28,15.88,17.205,15.68,1652846400000000000,171576
PLUS,157932,58.37,56.98,58.84,56.81,1652846400000000000,3354
PLW,18149,31.23,31.55,31.58,31.22,1652846400000000000,153
PLX,233242,1.06,1.06,1.1,1.055,1652846400000000000,659
PLXP,192946,3.03,2.78,3.0808,2.75,1652846400000000000,1921
PLXS,160942,84.46,83.42,85.27,83.22,1652846400000000000,4301
PLYA,1602168,8.66,8.31,8.845,8.11,1652846400000000000,14154
PLYM,358802,21.07,19.98,21.21,19.8,1652846400000000000,5264
PLYMpA,600,25.25,25.3501,25.3501,25.25,1652846400000000000,3
PM,5790656,107,106.18,107.01,105.2,1652846400000000000,56976
PMAR,11562,30.54,30.03,30.54,29.9811,1652846400000000000,59
PMAY,190966,28.4,28.01,28.45,27.9301,1652846400000000000,602
PMCB,110821,2.23,2.25,2.3,2.17,1652846400000000000,489
PMD,2062,6.45,6.29,6.46,6.29,1652846400000000000,29
PME,50193,0.8926,0.92,0.9451,0.892,1652846400000000000,154
PMF,83936,10.64,10.29,10.73,10.28,1652846400000000000,334
PMGM,11430,9.78,9.77,9.78,9.77,1652846400000000000,42
PMGMU,169788,9.8,9.8,9.81,9.8,1652846400000000000,97
PMGMW,468466,0.14,0.1201,0.14,0.1201,1652846400000000000,2
PML,325574,10.6,10.37,10.69,10.36,1652846400000000000,930
PMM,163395,6.4,6.43,6.59,6.4,1652846400000000000,426
PMO,138781,10.56,10.51,10.61,10.5,1652846400000000000,445
PMT,1157522,15.84,15.56,15.84,15.5,1652846400000000000,11404
PMTpA,7859,24.5,24.33,24.607,24.16,1652846400000000000,76
PMTpB,18640,24.37,23.71,24.37,23.58,1652846400000000000,311
PMTpC,28500,21.18,20.96,21.5976,20.18,1652846400000000000,195
PMTS,14973,17.2189,17,17.4,17,1652846400000000000,184
PMVC,10465,9.88,9.895,9.895,9.88,1652846400000000000,52
PMVC.U,225,9.9235,9.9235,9.9235,9.9235,1652846400000000000,1
PMVC.WS,79620,0.0901,0.0945,0.0945,0.0873,1652846400000000000,45
PMVP,741839,13.67,13.72,14.19,13.3,1652846400000000000,7972
PMX,185306,8.75,8.62,8.7699,8.6,1652846400000000000,523
PNACU,36066,9.95,9.99,9.99,9.95,1652846400000000000,18
PNC,1894002,159.11,155.93,159.53,155.35,1652846400000000000,35682
PNCpP,264911,24.93,24.88,24.98,24.88,1652846400000000000,1068
PNF,37767,8.75,8.63,8.75,8.56,1652846400000000000,86
PNFP,357570,76.61,75.75,77.925,75.43,1652846400000000000,9785
PNFPP,8460,25,24.95,25.0249,24.6228,1652846400000000000,116
PNI,17270,8.45,8.45,8.57,8.41,1652846400000000000,101
PNM,536910,47.1,46.66,47.19,46.45,1652846400000000000,9048
PNNT,256989,7.18,7,7.18,6.95,1652846400000000000,1556
PNOV,11752,28.8625,28.52,28.8625,28.52,1652846400000000000,98
PNQI,40148,129.1827,124.44,129.1827,124.245,1652846400000000000,505
PNR,1388113,49.74,48.09,50.005,47.79,1652846400000000000,17798
PNRG,514,79.2,79.2,79.2,79.2,1652846400000000000,37
PNT,204579,5.89,6.05,6.17,5.855,1652846400000000000,2780
PNTG,208499,18.15,17.99,19,17.56,1652846400000000000,3231
PNTM,46905,9.8,9.8,9.805,9.79,1652846400000000000,109
PNTM.U,11884,9.83,9.84,9.85,9.83,1652846400000000000,124
PNTM.WS,27354,0.175,0.1601,0.18,0.16,1652846400000000000,54
PNW,473389,74.77,74.54,75.6,74.25,1652846400000000000,10920
POAI,2490278,0.362,0.3359,0.3885,0.3163,1652846400000000000,4295
POCT,59953,28.6887,28.3,28.6887,28.28,1652846400000000000,321
PODD,302587,195.4,190.03,197.65,189.7,1652846400000000000,9775
POET,5967,5.9901,5.98,6.0999,5.97,1652846400000000000,96
POLA,199505,2.32,2.5,2.55,2.15,1652846400000000000,892
POLY,936707,39.48,39.55,39.635,39.38,1652846400000000000,9578
POND.WS,67936,0.6,0.6,0.600001,0.6,1652846400000000000,58
PONO,4527,10.05,10.0567,10.0567,10.05,1652846400000000000,32
PONOU,109,10.08,10.08,10.08,10.08,1652846400000000000,2
PONOW,3101,0.1002,0.13,0.149,0.1002,1652846400000000000,33
POOL,396777,398.7,387.31,399.95,385.04,1652846400000000000,14620
POR,799169,48.11,48.24,48.655,47.79,1652846400000000000,11576
PORT.U,1400,9.94,10.02,10.02,9.94,1652846400000000000,11
POSH,1128735,11.32,10.82,11.44,10.65,1652846400000000000,13462
POST,683366,82.53,78.6,82.84,78.06,1652846400000000000,12940
POTX,70201,3.88,3.7044,3.88,3.65,1652846400000000000,564
POW,5169,9.81,9.81,9.82,9.81,1652846400000000000,19
POWI,412544,84.51,82.19,86.52,81.59,1652846400000000000,9545
POWL,63271,25.8,25.82,26.42,25.59,1652846400000000000,1726
POWRU,3500,9.84,9.84,9.84,9.83,1652846400000000000,7
POWW,955004,3.94,3.83,3.96,3.79,1652846400000000000,6098
POWWP,499,26.5,26.5001,26.5001,26.5,1652846400000000000,24
PPA,150289,71.05,69.86,71.3903,69.53,1652846400000000000,1752
PPBI,568180,31.71,31.56,32.63,31.22,1652846400000000000,9401
PPBT,110765,2.97,3.05,3.21,2.97,1652846400000000000,669
PPC,1071801,30.43,29.48,30.48,29.09,1652846400000000000,13611
PPG,1076260,122.69,119.56,122.99,119.05,1652846400000000000,19163
PPH,105722,78.04,76.66,78.31,76.5,1652846400000000000,908
PPHPU,5532,10.25,10.26,10.26,10.25,1652846400000000000,57
PPHPW,8897,0.0998,0.0999,0.1246,0.0271,1652846400000000000,99
PPI,10757,27.38,26.64,27.38,26.5599,1652846400000000000,92
PPIH,56970,14.77,13.73,14.77,12.8601,1652846400000000000,361
PPL,5209007,29.5,29.37,29.57,29.265,1652846400000000000,40619
PPLT,143494,87.84,86.36,88.11,86.3301,1652846400000000000,1429
PPSI,1375585,3.46,4.04,4.1963,3.442,1652846400000000000,7403
PPT,159724,3.89,3.86,3.895,3.83,1652846400000000000,424
PPTA,91178,3.13,3,3.14,3,1652846400000000000,1048
PPTY,13112,33.47,32.6563,33.47,32.5826,1652846400000000000,72
PPYAW,300200,0.15,0.2,0.2,0.15,1652846400000000000,5
PQDI,4856,18.85,18.825,18.85,18.82,1652846400000000000,37
PQIN,10,49.2451,49.2451,49.2451,49.2451,1652846400000000000,1
PRA,484319,20.98,21.84,22.16,20.74,1652846400000000000,6356
PRAA,449492,37.82,36.98,37.9,36.844,1652846400000000000,7482
PRAX,318403,10.53,10.11,10.84,9.86,1652846400000000000,5460
PRAY,0,22.0643,22.0643,22.0643,22.0643,1652846400000000000,0
PRBM,1138,9.82,9.82,9.8434,9.82,1652846400000000000,14
PRBM.U,400,9.91,9.91,9.91,9.91,1652846400000000000,4
PRBM.WS,1040,0.189949,0.1999,0.1999,0.189949,1652846400000000000,4
PRCH,1377867,4.6,4.4,4.82,4.315,1652846400000000000,12868
PRCT,214277,39.39,37.67,41.05,36.78,1652846400000000000,4334
PRDO,592540,10.6,10.5,10.805,10.45,1652846400000000000,7309
PRDS,307619,5.89,5.87,6.57,5.7,1652846400000000000,4414
PRE,201799,8.4,7.65,8.75,6.91,1652846400000000000,1608
PREpJ,20908,20.07,20.13,20.13,19.8,1652846400000000000,136
PREF,82385,17.78,17.77,17.85,17.77,1652846400000000000,275
PRENW,8569,0.4059,0.39,0.53,0.36,1652846400000000000,52
PRF,75319,160.53,156.32,160.71,155.82,1652846400000000000,1188
PRFT,243049,95.94,94.56,97.18,92.8,1652846400000000000,7908
PRFX,11878,0.85,0.7962,0.8839,0.74,1652846400000000000,64
PRFZ,52405,163.64,160.52,164.82,159.8341,1652846400000000000,485
PRG,637394,27.99,27.29,27.99,27.01,1652846400000000000,10772
PRGO,3108277,38.6,37.52,39.03,37.41,1652846400000000000,26334
PRGS,366524,46.39,45.94,47.32,45.255,1652846400000000000,6642
PRI,172608,123.86,123.88,126.25,123.3156,1652846400000000000,5113
PRIFpD,100,24.95,24.95,24.95,24.95,1652846400000000000,1
PRIFpG,368,24.475,24.47,24.5745,24.47,1652846400000000000,5
PRIFpI,355,24.3895,24.3895,24.3895,24.3895,1652846400000000000,4
PRIFpJ,3763,23.85,23.97,24.3,23.5,1652846400000000000,71
PRIFpK,3215,23.64,23.7245,23.8684,23.32,1652846400000000000,16
PRIFpL,13698,24.28,24.06,24.28,24.05,1652846400000000000,96
PRIM,352519,23.91,23.43,24.84,23.24,1652846400000000000,6919
PRK,63111,117.2,116.84,119.09,116.28,1652846400000000000,2261
PRLB,354771,43.75,44.81,45.83,43.5697,1652846400000000000,8161
PRLD,193314,4.71,4.45,4.8,4.42,1652846400000000000,2405
PRLHU,300,9.965,9.965,9.965,9.965,1652846400000000000,1
PRM,394412,10.09,10.1,10.54,9.97,1652846400000000000,4019
PRMW,748655,14.26,13.91,14.26,13.88,1652846400000000000,8092
PRN,9979,88.93,86.3,89.1647,86.03,1652846400000000000,119
PRNT,47784,22.97,22.64,23.22,22.58,1652846400000000000,591
PRO,176878,26,25.35,27.06,25.085,1652846400000000000,3588
PROC,26489,7.39,8.38,8.38,6.92,1652846400000000000,249
PROCW,24783,0.66,0.6887,0.6889,0.602317,1652846400000000000,30
PROF,15578,7.21,7.14,7.32,6.9,1652846400000000000,245
PROV,11681,14.3701,14.85,14.85,14.37,1652846400000000000,167
PRPB,773023,9.92,9.95,9.96,9.92,1652846400000000000,715
PRPB.U,750,10.12,10.12,10.12,10.12,1652846400000000000,4
PRPB.WS,31755,0.7899,0.7999,0.8,0.7852,1652846400000000000,29
PRPC,465961,9.8,9.81,9.81,9.79,1652846400000000000,471
PRPC.U,129119,9.86,9.86,9.87,9.845,1652846400000000000,245
PRPC.WS,28135,0.3899,0.36,0.39985,0.3306,1652846400000000000,79
PRPH,28279,7.68,7.67,7.9,7.6,1652846400000000000,204
PRPL,2364893,4.73,4.76,4.8,4.4001,1652846400000000000,14428
PRPO,53199,1.06,1.04,1.1,1.04,1652846400000000000,212
PRQR,606848,0.66,0.6351,0.69,0.6232,1652846400000000000,794
PRS,43771,24.83,24.88,24.9,24.6,1652846400000000000,434
PRSO,18882,1.76,1.64,1.8,1.6,1652846400000000000,200
PRSR,15983,9.8,9.84,9.84,9.8,1652846400000000000,114
PRSRU,11092,9.85,9.8689,9.8689,9.84,1652846400000000000,95
PRSRW,5071,0.1599,0.1501,0.1599,0.1501,1652846400000000000,15
PRT,40712,8.94,8.71,8.94,8.44,1652846400000000000,282
PRTA,556814,26.62,25.6,27.08,24.81,1652846400000000000,6957
PRTC,5232,22.5,21.71,22.8,21.05,1652846400000000000,126
PRTG,24818,6.26,6.53,6.8,6.23,1652846400000000000,672
PRTH,22149,4.72,4.75,4.95,4.7,1652846400000000000,520
PRTK,295266,2.03,1.96,2.085,1.94,1652846400000000000,2605
PRTS,863990,7.25,6.92,7.36,6.885,1652846400000000000,10432
PRTY,5758178,1.37,1.28,1.37,1.21,1652846400000000000,17187
PRU,2115622,102.95,101.59,103.3099,101.14,1652846400000000000,37759
PRVA,466301,22.87,22.32,23.48,21.96,1652846400000000000,8645
PRVB,408204,4.39,4.17,4.465,4.02,1652846400000000000,4613
PSA,621525,316.14,306.9,316.715,305.93,1652846400000000000,21299
PSApF,33899,23.85,23.87,23.98,23.69,1652846400000000000,260
PSApG,56088,23.35,23.35,23.53,23.2395,1652846400000000000,450
PSApH,62097,25.24,25.03,26.06,25,1652846400000000000,389
PSApI,65145,22.01,21.84,22.02,21.7,1652846400000000000,314
PSApJ,29678,21.3,21.11,21.3,20.8401,1652846400000000000,650
PSApK,9592,21.69,21.675,21.76,21.53,1652846400000000000,91
PSApL,60538,20.77,20.7707,20.93,20.679,1652846400000000000,482
PSApM,12959,18.6,18.58,18.61,18.52,1652846400000000000,112
PSApN,13037,17.72,17.755,17.9148,17.7,1652846400000000000,170
PSApO,24292,17.44,17.44,17.7406,17.39,1652846400000000000,143
PSApP,114154,17.85,17.84,17.9995,17.71,1652846400000000000,463
PSApQ,122240,17.92,17.5899,17.92,17.51,1652846400000000000,371
PSApR,87144,18.01,17.78,18.01,17.69,1652846400000000000,472
PSApS,95832,18.4,18.36,18.4,18.1801,1652846400000000000,347
PSAG,33860,9.75,9.76,9.76,9.75,1652846400000000000,68
PSAGU,39382,9.79,9.79,9.79,9.78,1652846400000000000,20
PSAGW,31750,0.339,0.215,0.354,0.146,1652846400000000000,301
PSB,626746,186.41,185.75,186.69,185.63,1652846400000000000,8872
PSBpX,27632,19.8,19.6,19.8,19.41,1652846400000000000,243
PSBpY,34737,19.9,19.87,20.025,19.75,1652846400000000000,201
PSBpZ,31391,18.15,17.87,18.15,17.8,1652846400000000000,318
PSC,5000,40.7,39.85,40.7,39.74,1652846400000000000,42
PSCC,2444,99.62,96.27,99.62,96.05,1652846400000000000,57
PSCD,3123,86.17,82.2,86.17,81.82,1652846400000000000,73
PSCE,260067,10.12,9.81,10.17,9.64,1652846400000000000,993
PSCF,3254,51.91,51.2941,52.17,51.2941,1652846400000000000,37
PSCH,7120,137.6011,134.26,137.6011,134.02,1652846400000000000,121
PSCI,1113,85.79,85.7243,85.835,85.7243,1652846400000000000,17
PSCJ,176,19.5343,19.5343,19.5343,19.5343,1652846400000000000,2
PSCM,854,65.61,64.79,66.62,64.79,1652846400000000000,41
PSCQ,1926,19.84,19.7124,19.85,19.7124,1652846400000000000,12
PSCT,5617,123.3,121.55,124.88,120.9,1652846400000000000,116
PSCU,755,59.53,59.0464,59.53,59.0464,1652846400000000000,57
PSCW,348182,20.94,20.7966,20.94,20.7966,1652846400000000000,1016
PSCX,0,20.7724,20.7724,20.7724,20.7724,1652846400000000000,0
PSDN,16211,3.6,3.4879,3.6,3.43,1652846400000000000,81
PSEC,1709951,7.83,7.64,7.855,7.63,1652846400000000000,9323
PSECpA,7341,18.3,18.32,18.3481,18.17,1652846400000000000,70
PSEP,13464,28.4901,28.27,28.619,28.19,1652846400000000000,60
PSET,4808,49.7299,48.77,49.7299,48.77,1652846400000000000,26
PSF,22814,21.08,20.97,21.182,20.827,1652846400000000000,216
PSFD,564,22.1699,21.8513,22.1699,21.8513,1652846400000000000,19
PSFE,6132485,2.4,2.46,2.61,2.39,1652846400000000000,19691
PSFE.WS,34700,0.3298,0.33,0.36,0.2839,1652846400000000000,62
PSFF,15572,21.31,21.03,21.31,20.97,1652846400000000000,37
PSFJ,0,20.1105,20.1105,20.1105,20.1105,1652846400000000000,0
PSFM,25,21.0402,21.0402,21.0402,21.0402,1652846400000000000,1
PSFO,4097,19.93,19.77,19.93,19.77,1652846400000000000,42
PSHG,16443,2.97,2.78,2.97,2.75,1652846400000000000,73
PSI,39583,112.88,109.51,114.57,108.94,1652846400000000000,581
PSIL,29576,2.81,2.77,3,2.74,1652846400000000000,180
PSJ,7741,94.48,92.77,95.11,92.6206,1652846400000000000,170
PSK,127396,35.16,35.14,35.243,34.97,1652846400000000000,622
PSL,39798,80.595,78.5343,80.595,78.3506,1652846400000000000,48
PSLV,2943218,7.42,7.35,7.42,7.32,1652846400000000000,2937
PSMB,2048,15.14,15.0597,15.1437,15.0597,1652846400000000000,27
PSMC,3593,12.41,12.4301,12.51,12.41,1652846400000000000,25
PSMD,3,20.93,20.93,20.93,20.93,1652846400000000000,2
PSMG,87918,16.9,16.7418,17.029,16.7418,1652846400000000000,55
PSMJ,0,20.0786,20.0786,20.0786,20.0786,1652846400000000000,0
PSMM,9085,14.06,13.9742,14.06,13.97,1652846400000000000,93
PSMO,8274,19.93,19.82,19.93,19.82,1652846400000000000,76
PSMR,200,20.91,20.8396,20.91,20.82,1652846400000000000,2
PSMT,232490,78.62,76.85,79.42,75.94,1652846400000000000,6263
PSN,333322,37.77,37.02,38.15,36.79,1652846400000000000,6691
PSNL,447200,4.64,4.33,4.76,4.245,1652846400000000000,6728
PSO,381196,9.59,9.47,9.645,9.45,1652846400000000000,2577
PSP,87044,11.01,10.77,11.04,10.76,1652846400000000000,441
PSPC,1177,9.71,9.7,9.71,9.7,1652846400000000000,9
PSPC.WS,2175,0.33,0.33,0.33,0.33,1652846400000000000,10
PSQ,33656181,13.62,14.08,14.14,13.6,1652846400000000000,37929
PSR,3631,101,98.6232,101,98.505,1652846400000000000,111
PST,103025,19.8951,19.64,19.93,19.61,1652846400000000000,421
PSTG,3322948,25.77,25.57,26.32,25.19,1652846400000000000,25910
PSTH,539895,19.84,19.83,19.855,19.83,1652846400000000000,1503
PSTH.WS,28011,0.7,0.66,0.7,0.6505,1652846400000000000,61
PSTI,65722,1.42,1.41,1.45,1.3969,1652846400000000000,213
PSTL,139079,15.69,15.33,15.69,15.225,1652846400000000000,1953
PSTP,9828,25.11,24.6501,25.11,24.6501,1652846400000000000,67
PSTV,55241,0.5657,0.4963,0.5657,0.4832,1652846400000000000,162
PSTX,137777,2.15,2,2.1806,2,1652846400000000000,1618
PSX,3700631,98.2,95.52,98.58,94.31,1652846400000000000,48716
PSY,12595,5.6483,5.38,5.7,5.35,1652846400000000000,109
PSYK,239,18.65,18.21,18.65,18.21,1652846400000000000,8
PT,18334,1.76,1.6,1.765,1.54,1652846400000000000,118
PTA,218473,19.04,18.74,19.33,18.6,1652846400000000000,1474
PTBD,404785,22.66,22.56,22.66,22.5001,1652846400000000000,1245
PTC,433446,110.54,107.42,111.4,107.07,1652846400000000000,14160
PTCT,633658,31.01,31.51,32.18,30.92,1652846400000000000,8991
PTE,197772,2.87,2.6,2.87,2.558,1652846400000000000,2047
PTEN,3528792,16.4,16,16.55,15.53,1652846400000000000,39208
PTEU,4524,22.365,22.36,22.365,22.34,1652846400000000000,29
PTF,18617,117.16,113.81,117.74,113.5,1652846400000000000,166
PTGX,1650401,8.37,7.85,8.4,7.49,1652846400000000000,16354
PTH,17378,118.39,115.18,118.39,114.66,1652846400000000000,250
PTIC,20306,9.83,9.82,9.86,9.82,1652846400000000000,48
PTICW,51321,0.2601,0.26,0.27,0.2523,1652846400000000000,105
PTIN,19460,24.38,24.34,24.38,24.33,1652846400000000000,83
PTIX,168130,0.7288,0.8,0.82,0.6,1652846400000000000,245
PTLC,234363,37.5,37.53,37.55,37.48,1652846400000000000,754
PTLO,511264,18.77,18.1,18.95,17.71,1652846400000000000,7147
PTMC,17452,34.51,34.52,34.55,34.51,1652846400000000000,137
PTMN,28570,23.3,22.84,23.3,22.81,1652846400000000000,383
PTN,525352,0.4046,0.3615,0.41,0.3601,1652846400000000000,698
PTNQ,105612,52.25,51.25,52.25,51.09,1652846400000000000,326
PTNR,3463,7.44,7.0703,7.44,7.02,1652846400000000000,39
PTON,11287637,15.24,14.42,15.92,14.315,1652846400000000000,83908
PTPI,316287,0.9,0.8511,0.9619,0.84,1652846400000000000,802
PTR,89644,48.91,48.18,49.25,47.82,1652846400000000000,2220
PTRA,1773704,5.83,5.66,6.1,5.583,1652846400000000000,16089
PTRB,11414,44,43.9755,44,43.96,1652846400000000000,10
PTRS,1228,9,9.02,9.02,9,1652846400000000000,43
PTSI,37897,28.76,26.3,28.76,26.01,1652846400000000000,1321
PTVE,269780,10.64,10.13,10.73,10.06,1652846400000000000,3771
PTY,290632,14.2,14.04,14.2,13.95,1652846400000000000,1385
PUBM,647374,21.3,21.55,22.88,21.02,1652846400000000000,10713
PUCK,138047,9.7419,9.74,9.77,9.73,1652846400000000000,131
PUCKU,96525,9.92,9.92,9.92,9.91,1652846400000000000,86
PUCKW,49950,0.25,0.175,0.25,0.1617,1652846400000000000,143
PUI,1838,36.15,35.87,36.25,35.74,1652846400000000000,19
PUK,420797,25.22,24.48,25.32,24.42,1652846400000000000,6227
PULM,6713,5.2286,4.99,5.2286,4.9201,1652846400000000000,112
PULS,610232,49.1,49.08,49.1,49.07,1652846400000000000,718
PUMP,1296739,13.1,12.26,13.22,12.04,1652846400000000000,12880
PUNK,115,18.8399,18.8399,18.8399,18.8399,1652846400000000000,15
PUTW,10529,32.4787,31.9581,32.4787,31.88,1652846400000000000,140
PUYI,146225,8.36,7,8.36,6.6701,1652846400000000000,666
PV,15046,9.81,9.82,9.82,9.81,1652846400000000000,40
PV.U,11265,9.88,9.91,9.91,9.88,1652846400000000000,62
PV.WS,44150,0.1951,0.23,0.2399,0.1951,1652846400000000000,120
PVAL,6129,25.89,25.6791,25.935,25.6791,1652846400000000000,30
PVBC,21798,15.4,15.13,15.48,15.01,1652846400000000000,455
PVH,1521041,67.04,65.48,69,65.295,1652846400000000000,22894
PVI,1664,24.93,24.894,24.93,24.875,1652846400000000000,20
PVL,233483,3.64,3.67,3.79,3.64,1652846400000000000,477
PW,26379,21.42,21.1,22.1415,20.55,1652846400000000000,551
PWpA,3342,25.13,25.1,25.19,25.1,1652846400000000000,20
PWB,31764,62.09,60.09,62.09,59.82,1652846400000000000,209
PWC,362,99.07,99.1419,99.1419,99.07,1652846400000000000,17
PWFL,28658,2.26,2.27,2.32,2.24,1652846400000000000,250
PWOD,10729,23.25,22.84,23.4101,22.71,1652846400000000000,108
PWP,642957,7.02,6.68,7.13,6.6,1652846400000000000,6849
PWPPW,1109,1.07,0.8501,1.07,0.85,1652846400000000000,10
PWR,1127908,112.93,110.62,116.26,110.02,1652846400000000000,24740
PWS,4741,29.49,29.3748,29.52,29.3748,1652846400000000000,30
PWSC,343319,12.96,12.65,13.06,12.48,1652846400000000000,5658
PWUP,1050,9.95,9.95,9.95,9.95,1652846400000000000,4
PWUPU,200,10.11,10.06,10.11,10.06,1652846400000000000,2
PWUPW,3950,0.2,0.19495,0.2,0.19495,1652846400000000000,5
PWV,45371,47.37,46.11,47.37,45.92,1652846400000000000,278
PWZ,255848,24,23.85,24,23.85,1652846400000000000,642
PX,146154,11.33,11.51,11.59,11.3,1652846400000000000,2416
PXD,2480437,279,271.08,279.98,266.33,1652846400000000000,54521
PXE,152156,30.68,29.27,30.68,28.83,1652846400000000000,1002
PXF,166146,43.52,42.91,43.56,42.8061,1652846400000000000,841
PXH,646169,19.05,18.79,19.11,18.755,1652846400000000000,1398
PXI,39412,44.88,43.1,44.88,42.54,1652846400000000000,363
PXJ,310119,4.48,4.31,4.51,4.25,1652846400000000000,618
PXLW,215170,2.13,2.05,2.1901,2.03,1652846400000000000,1487
PXQ,570,72.2663,72.2663,72.2663,72.2663,1652846400000000000,12
PXS,269758,2.88,2.71,2.92,2.54,1652846400000000000,817
PXSAP,2901,18.26,18.3001,18.4661,18.26,1652846400000000000,22
PXSAW,16461,0.28,0.2799,0.29,0.249588,1652846400000000000,47
PXUS,523,21.322,21.2377,21.322,21.2377,1652846400000000000,10
PY,4623,41.8392,41.5717,41.8392,41.53,1652846400000000000,31
PYCR,264963,22.71,22.87,22.95,22.425,1652846400000000000,5448
PYN,3133,8.01,7.85,8.01,7.85,1652846400000000000,20
PYPD,21340,5.13,5.015,5.13,4.97,1652846400000000000,91
PYPE,1,21.0629,21.0629,21.0629,21.0629,1652846400000000000,1
PYPL,15949551,78.6,77.18,79.9383,76.77,1652846400000000000,143475
PYR,42029,1.77,1.83,1.9199,1.77,1652846400000000000,188
PYS,158,20.3821,20.3821,20.3821,20.3821,1652846400000000000,7
PYXS,216373,2.13,2.04,2.255,2,1652846400000000000,2256
PYZ,8925,88.89,86.1775,90.06,86.02,1652846400000000000,107
PZA,937536,23.1,23.05,23.11,22.98,1652846400000000000,2310
PZC,83759,8.08,7.88,8.12,7.88,1652846400000000000,286
PZG,179004,0.494,0.5,0.5498,0.494,1652846400000000000,376
PZN,35104,6.37,6.25,6.46,6.23,1652846400000000000,822
PZT,11689,22.16,22.05,22.16,22.04,1652846400000000000,55
PZZA,648177,80.1,76.42,80.1,75.51,1652846400000000000,14206
QABA,13028,51.57,50.95,51.58,50.69,1652846400000000000,90
QAI,122102,29.34,29.18,29.34,29.13,1652846400000000000,469
QARP,506,37.3903,36.965,37.3903,36.965,1652846400000000000,11
QAT,6344,23.11,22.89,23.13,22.86,1652846400000000000,50
QCLN,557830,51.21,50.64,53.02,50.33,1652846400000000000,4318
QCLR,0,21.91,21.91,21.91,21.91,1652846400000000000,0
QCOM,11675431,136.83,130.45,137.28,129.88,1652846400000000000,143652
QCON,1648,42.27,41.5443,42.27,41.53,1652846400000000000,16
QCRH,76614,52.91,51.86,53.12,51.345,1652846400000000000,2016
QD,532466,0.7601,0.8,0.8395,0.7601,1652846400000000000,2044
QDEC,20219,19.74,19.19,19.74,19.19,1652846400000000000,109
QDEF,36339,53.05,51.73,53.05,51.63,1652846400000000000,205
QDEL,742302,101.66,100.04,104.74,99.5,1652846400000000000,16118
QDF,47877,55.28,53.76,55.28,53.645,1652846400000000000,243
QDIV,18638,33.1,32,33.1,31.9,1652846400000000000,259
QDPL,7511,31,30.3593,31,30.3,1652846400000000000,33
QDYN,433,58.758,57.2434,58.7586,57.2434,1652846400000000000,12
QED,2099,21.04,21.0124,21.04,21,1652846400000000000,20
QEFA,52541,66.46,65.58,66.4999,65.4703,1652846400000000000,532
QEMM,3107,58.9,57.7291,58.96,57.61,1652846400000000000,22
QFIN,981403,13.64,13.83,14.12,13.26,1652846400000000000,9401
QFTA.WS,324,0.2006,0.219799,0.219799,0.2006,1652846400000000000,2
QGEN,1038994,44.88,43.96,45.26,43.9118,1652846400000000000,11021
QGRO,8531,59.32,57.58,59.32,57.3797,1652846400000000000,83
QH,2796,0.395,0.397,0.3999,0.3923,1652846400000000000,25
QID,13929311,23.79,25.36,25.55,23.69,1652846400000000000,42846
QINT,5369,42.88,42.1411,42.895,42.1411,1652846400000000000,41
QIPT,90382,4.38,4.5,4.6867,4.38,1652846400000000000,479
QJUN,9335,18.929,18.4399,18.929,18.39,1652846400000000000,21
QK,16304,0.6885,0.7247,0.791,0.6502,1652846400000000000,114
QLC,5459,44.8,43.8308,44.8,43.7899,1652846400000000000,26
QLD,5871076,48.76,45.32,49.02,44.95,1652846400000000000,56757
QLGN,123863,0.5418,0.5048,0.549,0.48,1652846400000000000,336
QLI,6194,1.69,1.65,1.6954,1.65,1652846400000000000,41
QLS,3839,24.7699,24.587,24.7699,24.56,1652846400000000000,75
QLTA,100856,48.51,48.75,48.75,48.41,1652846400000000000,955
QLV,16309,50.8,49.3381,50.8,49.32,1652846400000000000,65
QLVD,1646,24.8534,24.598,24.8534,24.57,1652846400000000000,14
QLVE,2967,24.03,23.87,24.03,23.87,1652846400000000000,29
QLYS,303112,116.17,115.57,119.32,114.58,1652846400000000000,9326
QMAR,19139,20.13,19.6877,20.13,19.6613,1652846400000000000,151
QMCO,546712,1.78,1.8,1.88,1.78,1652846400000000000,4575
QMN,2751,25.31,25.31,25.33,25.31,1652846400000000000,14
QMOM,4770,46.76,45.3453,46.76,45.33,1652846400000000000,45
QNGY,145342,1.24,1.16,1.24,1.14,1652846400000000000,914
QNGY.WS,29428,0.125,0.1446,0.1446,0.1243,1652846400000000000,34
QNRX,97851,0.7,0.67,0.7201,0.642,1652846400000000000,360
QNST,446548,10.38,10.28,10.705,10.23,1652846400000000000,5566
QPFF,1313,36.3885,36.3067,36.41,36.3067,1652846400000000000,16
QPT,105,21.1242,21.1055,21.1242,21.1055,1652846400000000000,4
QPX,2922,23.58,22.7707,23.59,22.7707,1652846400000000000,14
QQC,510,24.17,24.1015,24.17,24.08,1652846400000000000,13
QQD,14118,24.6,24.0888,24.6,24.0888,1652846400000000000,111
QQEW,32689,91.91,88.96,91.97,88.59,1652846400000000000,599
QQH,20580,38.83,38.39,39.07,38.34,1652846400000000000,98
QQJG,2887,19.02,18.4773,19.02,18.4773,1652846400000000000,18
QQMG,4194,20.13,19.4,20.13,19.39,1652846400000000000,99
QQQ,78747615,301.54,291.14,302.25,289.85,1652846400000000000,648085
QQQA,2045,32.83,31.86,32.83,31.85,1652846400000000000,38
QQQE,172869,66.42,64.16,66.42,63.915,1652846400000000000,1532
QQQJ,342520,24.815,24.17,24.92,24.08,1652846400000000000,1815
QQQM,914515,124.06,119.88,124.26,119.23,1652846400000000000,12508
QQQN,4701,25.26,24.6,25.37,24.5347,1652846400000000000,75
QQQX,155031,24.16,23.56,24.1999,23.4701,1652846400000000000,1398
QQXT,12998,72.9599,70.97,73.0059,70.92,1652846400000000000,88
QRFT,4401,38.09,37.0222,38.09,37.01,1652846400000000000,80
QRHC,11053,5.23,5.08,5.23,5.04,1652846400000000000,179
QRMI,1739,20.55,20.595,20.595,20.55,1652846400000000000,34
QRTEA,7190798,3.82,3.62,3.89,3.6,1652846400000000000,29447
QRTEB,173,4.55,4.55,4.55,4.55,1652846400000000000,31
QRTEP,47205,67.27,68,68.6887,66.9418,1652846400000000000,845
QRVO,1672241,106.7,104.64,108.6425,104.4,1652846400000000000,31751
QS,8256963,11.95,11.43,12.37,11.27,1652846400000000000,58766
QSI,677954,3.66,3.69,3.98,3.59,1652846400000000000,6578
QSPT,6952,17.735,17.3448,17.735,17.3448,1652846400000000000,36
QSR,1397143,51.56,50.81,51.75,50.631,1652846400000000000,16115
QSWN,5,19.0827,19.0827,19.0827,19.0827,1652846400000000000,3
QTAP,1849,25.18,24.6959,25.18,24.67,1652846400000000000,15
QTEC,165103,122.76,118.79,123.8979,118.26,1652846400000000000,1647
QTEK,650175,1.93,1.52,2.29,1.38,1652846400000000000,2874
QTEKW,300,0.400101,0.4,0.400101,0.4,1652846400000000000,3
QTJA,37027,18.53,18.452,18.54,18.4,1652846400000000000,47
QTJL,12,20.7411,20.7411,20.7411,20.7411,1652846400000000000,1
QTNT,444210,0.4061,0.3735,0.4061,0.35,1652846400000000000,2087
QTOC,20712,20.015,19.7186,20.015,19.65,1652846400000000000,45
QTR,23,19.7081,19.7081,19.7081,19.7081,1652846400000000000,1
QTRX,234817,18.12,17.06,18.43,16.88,1652846400000000000,3950
QTT,52187,0.9,0.89,0.9391,0.8611,1652846400000000000,223
QTUM,10834,44.93,43.8918,45.26,43.8201,1652846400000000000,188
QTWO,911754,50.61,49.49,51.82,49,1652846400000000000,15942
QUAD,195624,4.63,4.27,4.63,4.23,1652846400000000000,2476
QUAL,1035013,119.88,116.42,120.02,116.03,1652846400000000000,9295
QUBT,145150,1.61,1.48,1.61,1.43,1652846400000000000,512
QUIK,59920,6.05,5.69,6.05,5.6601,1652846400000000000,268
QULL,50,23.8902,23.8902,23.8902,23.8902,1652846400000000000,1
QUMU,7755,1.06,1.1,1.13,1.06,1652846400000000000,49
QUOT,1361125,4.24,4.1,4.24,3.98,1652846400000000000,11837
QURE,584170,13.64,13.42,13.72,13.02,1652846400000000000,7237
QUS,22500,114.2,111.23,114.2,110.97,1652846400000000000,252
QVAL,12340,35.35,33.96,35.35,33.868,1652846400000000000,90
QVCC,24686,20.94,20.6655,20.98,20.4101,1652846400000000000,191
QVCD,13340,21.36,20.74,21.36,20.27,1652846400000000000,81
QVML,60,23.5789,23.5789,23.5789,23.5789,1652846400000000000,2
QVMM,2,22.3661,22.3661,22.3661,22.3661,1652846400000000000,2
QVMS,1,22.0804,22.0804,22.0804,22.0804,1652846400000000000,1
QWLD,231,94.812,94.6715,94.812,94.6715,1652846400000000000,14
QYLD,8666934,18.67,18.02,18.69,17.93,1652846400000000000,40025
QYLG,26157,25.55,24.62,25.55,24.49,1652846400000000000,788
R,1436000,84.7,80.75,85,79.1,1652846400000000000,18933
RA,191160,19.89,19.55,19.89,19.46,1652846400000000000,1845
RAAS,194310,0.71,0.7138,0.7565,0.7055,1652846400000000000,851
RAAX,44445,27.07,26.33,27.07,26.2,1652846400000000000,207
RACB,1000,9.74,9.76,9.76,9.74,1652846400000000000,2
RACE,880835,188.38,183.17,189,181.67,1652846400000000000,10805
RAD,4034244,5.8,5.59,5.84,5.495,1652846400000000000,21057
RADA,375852,11.38,11.27,11.651,11.02,1652846400000000000,4045
RADI,839650,15.17,14.66,15.55,14.57,1652846400000000000,12178
RAFE,837,29,28.5576,29,28.5576,1652846400000000000,16
RAIL,249079,4.84,4.63,4.985,4.51,1652846400000000000,1811
RAIN,48678,2.81,2.79,2.88,2.69,1652846400000000000,934
RAM,23553,10.07,10.09,10.1,10.07,1652846400000000000,73
RAMMW,13155,0.3001,0.2659,0.3001,0.2659,1652846400000000000,10
RAMP,447560,25.22,25.08,25.79,24.91,1652846400000000000,7055
RANI,33893,11.11,10.82,11.7924,10.74,1652846400000000000,981
RAPT,424676,14.25,13.43,14.8,13.26,1652846400000000000,5580
RARE,946780,52.64,47.7,54.16,47.69,1652846400000000000,13507
RAVE,76462,0.9,0.8817,0.91,0.86,1652846400000000000,354
RAVI,275468,74.69,74.645,74.71,74.64,1652846400000000000,146
RAYC,6311,19.325,19.1051,19.325,19.1,1652846400000000000,30
RAYD,7278,22.48,22.0889,22.48,22.0889,1652846400000000000,40
RAYE,2480,21.7,21.4375,21.73,21.4375,1652846400000000000,6
RAYS,12856,18.25,18.0999,18.51,18.06,1652846400000000000,104
RBA,261090,60.88,60.69,61.38,60.53,1652846400000000000,5501
RBAC,255020,9.97,9.96,9.97,9.95,1652846400000000000,262
RBAC.U,6858,10.16,10.15,10.19,10.13,1652846400000000000,61
RBAC.WS,141244,0.67,0.67,0.7,0.67,1652846400000000000,292
RBB,47995,20.05,20.1,20.52,20,1652846400000000000,1120
RBBN,281658,3.08,2.92,3.15,2.87,1652846400000000000,2987
RBCAA,20385,43.23,43.57,43.69,43.23,1652846400000000000,634
RBCN,459,9.1147,9.1098,9.1147,9.1098,1652846400000000000,20
RBIN,6,24.1,24.1,24.1,24.1,1652846400000000000,1
RBKB,3725,9.53,9.5,9.55,9.5,1652846400000000000,55
RBLX,42944846,31.65,32.55,34.66,30.93,1652846400000000000,235733
RBND,415,21.18,21.2333,21.2333,21.18,1652846400000000000,2
RBOT,255414,4.05,3.8,4.06,3.702,1652846400000000000,2660
RBOT.WS,1849,0.5976,0.519799,0.6,0.49,1652846400000000000,14
RBUS,304,37.65,38.0625,38.0625,37.65,1652846400000000000,4
RC,1479931,14.93,14.51,14.94,14.4,1652846400000000000,11364
RCpE,2508,20.35,20.38,20.38,20.3,1652846400000000000,25
RCA,2432,25.66,25.6014,25.66,25.57,1652846400000000000,16
RCACW,1725,0.1729,0.17,0.1729,0.17,1652846400000000000,17
RCAT,368669,1.75,1.68,1.865,1.66,1652846400000000000,1501
RCB,912,24.5,24.54,24.55,24.5,1652846400000000000,16
RCC,4922,24.6,24.63,24.9,24.6,1652846400000000000,46
RCD,31518,119.44,114.7,119.44,114,1652846400000000000,484
RCEL,94865,5.54,5.4,5.72,5.36,1652846400000000000,1931
RCFA.WS,100,0.25,0.25,0.25,0.25,1652846400000000000,1
RCG,8654,2.07,2.05,2.1402,2.04,1652846400000000000,23
RCHG,900,9.97,9.97,9.97,9.97,1652846400000000000,11
RCHGW,19700,0.0688,0.0785,0.1299,0.0625,1652846400000000000,87
RCI,291180,50.78,50.39,51.31,50.14,1652846400000000000,4869
RCII,1417512,28.13,26.3,28.285,25.58,1652846400000000000,22743
RCKT,530294,10.26,9.94,10.7,9.7,1652846400000000000,7239
RCKY,26304,38.51,37.36,38.51,36.895,1652846400000000000,1210
RCL,3173185,62.12,59.6,63.16,58.95,1652846400000000000,43099
RCLF,1539,9.76,9.77,9.77,9.76,1652846400000000000,10
RCLFU,633,9.81,9.81,9.81,9.81,1652846400000000000,4
RCLFW,3125,0.175,0.1747,0.175,0.17,1652846400000000000,7
RCM,970546,22.15,21.68,22.51,21.61,1652846400000000000,14914
RCMT,207728,20.63,20.16,21.74,19.71,1652846400000000000,2910
RCON,169408,0.8295,0.806,0.8444,0.8,1652846400000000000,575
RCOR,4919,2.005,2.03,2.05,2.005,1652846400000000000,63
RCRT,194977,1.12,1.08,1.2,1,1652846400000000000,466
RCS,76862,5.34,5.22,5.34,5.21,1652846400000000000,316
RCUS,975649,20.14,18.87,20.47,18.7401,1652846400000000000,12887
RDBX,14933940,3.86,3.73,4.25,3.34,1652846400000000000,46322
RDBXW,846678,0.13,0.1041,0.13,0.0903,1652846400000000000,1038
RDCM,17125,11.1,10.95,11.475,10.91,1652846400000000000,115
RDFI,10844,23.36,23.4843,23.4843,23.29,1652846400000000000,63
RDFN,2796010,10.96,10.25,11.18,10.17,1652846400000000000,32832
RDHL,351055,1.23,1.07,1.23,1.05,1652846400000000000,1401
RDI,15119,3.45,3.46,3.6175,3.4,1652846400000000000,109
RDIB,11353,22.41,21.205,22.5,21,1652846400000000000,418
RDIV,57505,44.21,43.2,44.27,43.11,1652846400000000000,514
RDMX,0,24.6896,24.6896,24.6896,24.6896,1652846400000000000,0
RDN,1823600,22.06,21.12,22.26,21.01,1652846400000000000,18655
RDNT,486224,18.9,18.7,19.26,18.38,1652846400000000000,6618
RDOG,1802,49.42,44.9242,49.42,44.9242,1652846400000000000,41
RDUS,2101712,5.61,5.84,5.86,4.97,1652846400000000000,16433
RDVT,26573,23.63,23.49,23.85,22.95,1652846400000000000,1585
RDVY,1883058,45.51,44.23,45.51,44.02,1652846400000000000,8249
RDW,322891,4.24,4.12,4.29,3.97,1652846400000000000,3204
RDW.WS,10510,0.6,0.5601,0.6197,0.5569,1652846400000000000,53
RDWR,186213,24.06,23.78,24.5199,23.39,1652846400000000000,2940
RDY,236509,50.73,49.98,51.01,49.92,1652846400000000000,2959
RE,237434,287.48,280.39,287.53,279.75,1652846400000000000,8156
REAL,5167064,3.55,3.28,3.66,3.225,1652846400000000000,30569
REAX,61103,1.66,1.6384,1.7,1.62,1652846400000000000,134
REC,0,21.705,21.705,21.705,21.705,1652846400000000000,0
RECS,2945,23.73,23.1635,23.81,23.1635,1652846400000000000,34
REDU,180138,1.26,1.12,1.26,1.12,1652846400000000000,527
REE,907144,1.81,1.87,1.87,1.76,1652846400000000000,3740
REEAW,7086,0.2,0.2,0.23485,0.2,1652846400000000000,26
REED,382037,0.2,0.195,0.2125,0.195,1652846400000000000,624
REET,589053,26.03,25.5,26.17,25.4399,1652846400000000000,4824
REFI,30417,16.05,15.62,16.05,15.55,1652846400000000000,587
REFR,14033,1.64,1.64,1.68,1.64,1652846400000000000,114
REG,1004546,69.25,66.34,69.35,65.99,1652846400000000000,18916
REGI,1628030,61.16,61.24,61.28,61.09,1652846400000000000,15755
REGL,44793,70.81,69.36,70.81,69.1392,1652846400000000000,433
REGN,558050,664.1,659.2,672.54,655.25,1652846400000000000,24050
REI,1903850,4.37,4.14,4.3901,3.97,1652846400000000000,11447
REIT,9340,27.04,26.5,27.1,26.461,1652846400000000000,61
REK,34787,18.61,19.05,19.08,18.48,1652846400000000000,227
REKR,830012,2.49,2.35,2.57,2.24,1652846400000000000,8291
RELI,40778,2.27,2.27,2.39,2.2001,1652846400000000000,264
RELIW,314,0.3201,0.3201,0.3201,0.3201,1652846400000000000,4
RELL,71139,13.7,13.55,13.9,13.37,1652846400000000000,768
RELX,2939451,28.35,28.14,28.53,28.09,1652846400000000000,19035
RELY,818777,9.22,9.45,9.82,9.14,1652846400000000000,10672
REM,985703,30.13,29.55,30.22,29.47,1652846400000000000,5736
REMG,0,24.549,24.549,24.549,24.549,1652846400000000000,0
REMX,159791,96.25,94.13,97.35,93.8259,1652846400000000000,3148
RENEU,355,10,10,10,10,1652846400000000000,4
RENN,20571,27.56,27.67,28.1,27.4,1652846400000000000,503
RENO,652621,0.236,0.245,0.2734,0.23,1652846400000000000,584
RENT,1214188,3.79,4.21,4.23,3.79,1652846400000000000,10592
REPL,274230,15,14.23,15.47,14.17,1652846400000000000,4322
REPX,47609,24.12,22.75,24.12,22.5,1652846400000000000,1256
RERE,258192,2.5,2.57,2.69,2.5,1652846400000000000,2170
RES,1957106,9.84,8.94,10.01,8.805,1652846400000000000,17915
RESD,385,26.96,26.5452,26.96,26.5452,1652846400000000000,5
RESE,710,29.51,29.1979,29.51,29.1114,1652846400000000000,9
RESI,424,12.69,12.3968,12.69,12.3968,1652846400000000000,9
RESP,2983,43.2729,42.3756,43.4023,42.3756,1652846400000000000,18
RETA,494582,26.56,27.18,28.215,26.56,1652846400000000000,9226
RETL,1051087,11.94,10,11.97,9.5904,1652846400000000000,10195
RETO,24930,0.75,0.755,0.7999,0.7,1652846400000000000,117
REV,253580,4.91,4.37,4.91,4.22,1652846400000000000,3178
REVB,177123,0.6405,0.601,0.6533,0.5829,1652846400000000000,314
REVBW,6202,0.06582,0.077,0.0889,0.06582,1652846400000000000,31
REVE,2031,10.09,10.09,10.09,10.09,1652846400000000000,5
REVG,164431,12.49,12.04,12.63,11.95,1652846400000000000,2909
REVH,1335,9.75,9.75,9.7501,9.75,1652846400000000000,11
REVHU,2400,9.79,9.805,9.805,9.79,1652846400000000000,12
REVHW,14654,0.246701,0.24,0.3,0.24,1652846400000000000,48
REVS,2805,20.3813,19.9083,20.3813,19.8801,1652846400000000000,47
REW,129051,20.26,21.445,21.48,19.971,1652846400000000000,510
REX,51871,91.57,90.67,94.14,90.41,1652846400000000000,2427
REXR,1395995,66.33,63.27,66.78,63.12,1652846400000000000,19928
REXRpC,437,24.46,24.275,24.46,24.04,1652846400000000000,7
REYN,374841,28.73,27.53,28.74,27.405,1652846400000000000,7955
REZ,136846,84.38,82.35,84.5097,82.08,1652846400000000000,1809
REZI,701994,23.45,23.2,24.16,23.08,1652846400000000000,10587
RF,6340805,20.41,19.93,20.53,19.755,1652846400000000000,42110
RFpB,97363,24.95,24.98,25.06,24.77,1652846400000000000,879
RFpC,131009,22.67,22.53,22.78,22.2,1652846400000000000,856
RFpE,70071,17.8,17.68,17.9,17.53,1652846400000000000,501
RFAC,205,9.84,9.84,9.84,9.84,1652846400000000000,2
RFACU,958,10.09,10.09,10.09,10.09,1652846400000000000,11
RFACW,200,0.07,0.07,0.07,0.07,1652846400000000000,1
RFCI,12459,22.81,22.8048,22.82,22.78,1652846400000000000,77
RFDA,2880,46.86,45.8124,46.86,45.795,1652846400000000000,33
RFDI,6574,59.55,58.85,59.56,58.651,1652846400000000000,59
RFEM,1647,58.76,58.7,58.82,58.57,1652846400000000000,19
RFEU,3668,63.31,61.92,63.31,61.86,1652846400000000000,36
RFFC,1518,42.6,41.3628,42.6,41.3628,1652846400000000000,13
RFG,5021,180.53,174.59,180.53,174.48,1652846400000000000,77
RFI,97874,13.86,13.44,13.91,13.42,1652846400000000000,754
RFIL,5341,5.8854,6.005,6.1,5.8718,1652846400000000000,60
RFL,66295,1.81,1.84,1.94,1.8,1652846400000000000,933
RFM,11973,16.3,15.98,16.3,15.9101,1652846400000000000,63
RFMZ,98875,14.09,13.98,14.14,13.93,1652846400000000000,309
RFP,802511,14.84,14.13,14.97,14.03,1652846400000000000,9372
RFV,5291,91.41,89.3499,91.41,89.12,1652846400000000000,113
RGA,594606,124.21,121.1,124.93,120.6,1652846400000000000,14103
RGC,5163,24.54,24.8,24.9,24,1652846400000000000,289
RGCO,11138,19.87,19.95,19.95,19.55,1652846400000000000,351
RGEN,297774,151.66,150.55,155.48,149.765,1652846400000000000,7823
RGF,23135,6.5517,6.1,6.58,6.1,1652846400000000000,170
RGI,35904,173.81,168.51,173.81,168.3,1652846400000000000,322
RGLD,480468,116.3,112.3,117.02,112.25,1652846400000000000,14270
RGLS,535703,0.1967,0.2034,0.2078,0.19,1652846400000000000,777
RGNX,501554,21.7,19.57,21.7,19.21,1652846400000000000,8224
RGP,259520,17.22,16.98,17.41,16.81,1652846400000000000,3704
RGR,230346,65.83,63.56,65.83,62.66,1652846400000000000,5842
RGS,643480,0.9,0.8401,0.927,0.8301,1652846400000000000,3237
RGT,21158,9.53,9.375,9.6,9.3204,1652846400000000000,156
RGTI,406048,7.56,7.3,7.85,7.17,1652846400000000000,6106
RGTIW,12763,1.19,1.285,1.415,1.18,1652846400000000000,44
RH,2553363,279.03,262.82,288.73,261.0001,1652846400000000000,42183
RHCB,0,46.9869,46.9869,46.9869,46.9869,1652846400000000000,0
RHE,14154,2.4,2.63,2.6363,2.35,1652846400000000000,155
RHEpA,100,5.93,5.93,5.93,5.93,1652846400000000000,1
RHI,994885,92.88,89.6,93.26,89.06,1652846400000000000,17787
RHP,359459,90.93,88.58,92.78,87.91,1652846400000000000,9080
RHRX,1112,11.95,11.9279,11.95,11.9279,1652846400000000000,3
RHS,58941,174.25,164.28,174.25,163.9201,1652846400000000000,842
RHTX,0,12.8892,12.8892,12.8892,12.8892,1652846400000000000,0
RIBT,12243535,0.6403,0.72,0.7292,0.59,1652846400000000000,14257
RICK,100864,58.87,55.96,60,55.66,1652846400000000000,2478
RICO,728,10.17,10.17,10.17,10.17,1652846400000000000,16
RICOW,36282,0.2199,0.209,0.2199,0.2,1652846400000000000,63
RIDE,11400252,2.334,2.35,2.73,2.29,1652846400000000000,31915
RIET,19445,13.43,13.26,13.5,13.26,1652846400000000000,174
RIG,19258008,4.2,3.97,4.245,3.89,1652846400000000000,33448
RIGL,2340045,2.16,2.14,2.2,2.09,1652846400000000000,9425
RIGS,18739,23.027,23.005,23.05,22.98,1652846400000000000,59
RIGZ,2110,12.5,12.11,12.56,12,1652846400000000000,71
RILY,317951,51.01,49.85,52.1599,49.16,1652846400000000000,6968
RILYG,8746,22.91,22.99,23,22.85,1652846400000000000,67
RILYK,11250,24.02,24.23,24.2749,23.7745,1652846400000000000,55
RILYL,396,25.45,25.45,25.45,25.45,1652846400000000000,7
RILYM,2545,25.1,25,25.1,24.99,1652846400000000000,38
RILYN,5541,24.9,25.11,25.1485,24.9,1652846400000000000,46
RILYO,12286,25.2,25.195,25.2455,25.18,1652846400000000000,67
RILYP,2158,24.84,24.84,25,24.8201,1652846400000000000,20
RILYT,20922,23.3,23.3,23.4,22.9775,1652846400000000000,120
RILYZ,26789,22.27,22.15,22.33,22.01,1652846400000000000,149
RINF,33462,33.94,33.82,34.07,33.5844,1652846400000000000,200
RING,134067,25.13,24.62,25.22,24.6005,1652846400000000000,893
RIO,2543201,67.97,66.67,68.06,66.435,1652846400000000000,29233
RIOT,10537363,7.45,6.93,7.57,6.8,1652846400000000000,71525
RISN,5227,24.14,24.11,24.16,24.1,1652846400000000000,39
RISR,79417,33.15,33,33.3079,33,1652846400000000000,337
RITA,38,20.7069,20.7069,20.7069,20.7069,1652846400000000000,7
RIV,69289,14.26,14.07,14.26,14,1652846400000000000,479
RIVpA,47729,24.18,24.15,24.5,23.88,1652846400000000000,234
RIVN,26684913,27.165,27.29,29.22,26.31,1652846400000000000,188660
RJA,367791,10.94,10.77,10.94,10.71,1652846400000000000,1275
RJAC.WS,1000,0.2085,0.2,0.2085,0.2,1652846400000000000,10
RJF,1319966,95.75,91.99,96,91.71,1652846400000000000,25861
RJI,69998,9.35,9.15,9.35,9.1306,1652846400000000000,234
RJN,42339,4.53,4.39,4.539,4.38,1652846400000000000,105
RJZ,1820,11.33,11.1849,11.33,11.1809,1652846400000000000,17
RKDA,1833703,1.27,1.38,1.45,1.26,1652846400000000000,4676
RKLB,12769653,5.32,4.7,5.34,4.63,1652846400000000000,70399
RKLY,1074003,2.48,2.42,2.6,2.305,1652846400000000000,7645
RKLY.WS,7786,0.33,0.2667,0.33,0.2667,1652846400000000000,35
RKT,3042030,8.7,8.54,8.975,8.48,1652846400000000000,22122
RKTA.WS,180,0.27,0.27,0.27,0.27,1652846400000000000,2
RL,1184333,97.57,95.29,97.95,94.43,1652846400000000000,21163
RLAY,623192,17.48,17.58,18.61,17.2,1652846400000000000,13085
RLGT,163730,6.7,6.36,6.7,6.33,1652846400000000000,1842
RLGY,3166723,11.6,11.26,11.95,11.22,1652846400000000000,22987
RLI,192567,119.49,118.45,119.49,117.4859,1652846400000000000,5455
RLJ,2015029,13.85,13.55,14.135,13.415,1652846400000000000,16104
RLJpA,13118,25.7,25.8,26.08,25.7,1652846400000000000,126
RLMD,191157,21.79,21.7,22.68,21.26,1652846400000000000,3854
RLTY,142148,17.04,17.11,18.572,16.86,1652846400000000000,1888
RLX,4044686,1.96,1.94,2.07,1.935,1652846400000000000,10062
RLY,142879,30.64,30.03,30.64,29.91,1652846400000000000,563
RLYB,50153,11.38,10.77,12.55,10.63,1652846400000000000,1185
RM,49885,43.68,43.2,43.68,42.655,1652846400000000000,956
RMAX,494751,24.15,22.96,24.8,22.9,1652846400000000000,3510
RMBI,755,15.06,15.01,15.06,15.01,1652846400000000000,50
RMBL,296315,18.64,15.8,18.64,15.6601,1652846400000000000,5412
RMBS,975917,24.84,24.08,25.14,23.89,1652846400000000000,12443
RMCF,16399,6.29,6.28,6.7,6.14,1652846400000000000,322
RMD,812119,195.13,191.41,196.495,190.19,1652846400000000000,15077
RMED,894745,0.284,0.2765,0.29,0.2733,1652846400000000000,1102
RMGC,161929,9.78,9.8,9.8,9.78,1652846400000000000,456
RMGCU,103501,9.81,9.83,9.86,9.81,1652846400000000000,485
RMGCW,23989,0.485,0.2501,0.485,0.2334,1652846400000000000,209
RMI,38412,15.81,15.52,15.81,15.52,1652846400000000000,277
RMM,31613,15.12,14.93,15.12,14.8,1652846400000000000,160
RMMZ,15431,15.6,15.59,15.81,15.2301,1652846400000000000,41
RMNI,185027,5.83,5.84,6.1,5.78,1652846400000000000,2341
RMO,5777714,1,0.9226,1.05,0.9189,1652846400000000000,12758
RMPLp,21152,25.21,25.2,25.23,25.18,1652846400000000000,225
RMR,73381,28.79,28.65,28.92,28.47,1652846400000000000,1038
RMT,97089,9.32,9.05,9.35,9,1652846400000000000,664
RMTI,99320,2.03,1.96,2.07,1.9,1652846400000000000,833
RNA,296688,14.33,12.87,14.59,12.63,1652846400000000000,5620
RNAZ,39449,2.06,2.04,2.14,2.04,1652846400000000000,131
RNDB,5284,25.56,25.66,25.9,25.5,1652846400000000000,188
RNDM,3621,48.52,48.2846,48.52,48.26,1652846400000000000,47
RNDV,943,28.746,28.746,28.746,28.746,1652846400000000000,36
RNEM,4084,45.35,44.85,45.35,44.58,1652846400000000000,35
RNER,688,10.06,10,10.06,10,1652846400000000000,4
RNERW,18072,0.170001,0.1743,0.21,0.170001,1652846400000000000,23
RNG,1962578,62.8,60.14,64.39,59.815,1652846400000000000,29876
RNGR,15159,9.99,10,10,9.9549,1652846400000000000,211
RNLC,300,30.195,30.0932,30.195,30.0932,1652846400000000000,3
RNLX,73663,4,4.07,4.26,3.92,1652846400000000000,762
RNMC,1259,27.09,26.7634,27.09,26.7,1652846400000000000,15
RNP,75655,22.42,22.01,22.5532,21.94,1652846400000000000,852
RNR,308377,153.61,150.15,153.76,149.52,1652846400000000000,8145
RNRpF,41262,23.37,23.25,23.45,23.18,1652846400000000000,768
RNRpG,25587,18.35,18.3,18.3999,18.18,1652846400000000000,261
RNRG,45404,14.33,14.2,14.47,14.2,1652846400000000000,153
RNSC,1997,27.09,26.5774,27.09,26.53,1652846400000000000,25
RNST,370615,29.67,29.84,30.08,29.45,1652846400000000000,5650
RNW,1051588,6.68,6.66,6.72,6.5,1652846400000000000,7010
RNWK,115415,0.59,0.57,0.6,0.55,1652846400000000000,531
RNXT,4559,1.82,2.09,2.09,1.71,1652846400000000000,40
ROAD,354330,22.41,22.49,24.44,22.38,1652846400000000000,7417
ROAM,3986,21.121,21.154,21.154,21.1,1652846400000000000,20
ROBO,60554,48.77,47.66,48.9391,47.52,1652846400000000000,969
ROBT,41371,40.03,38.92,40.18,38.9,1652846400000000000,293
ROC,150006,9.92,9.91,9.92,9.91,1652846400000000000,28
ROCAU,4114,10.15,10.01,10.17,10.01,1652846400000000000,25
ROCC,465692,35.08,32.57,35.58,31.85,1652846400000000000,8139
ROCGW,7700,0.11,0.1001,0.11,0.1,1652846400000000000,10
ROCI,46,21.5746,21.5746,21.5746,21.5746,1652846400000000000,2
ROCK,322899,39.65,39.67,41.73,39.01,1652846400000000000,5270
ROCLW,600,0.22,0.22,0.22,0.22,1652846400000000000,2
RODE,2400,26.39,25.93,26.39,25.93,1652846400000000000,28
RODI,5,115.41,115.41,115.41,115.41,1652846400000000000,5
RODM,217433,27.18,26.81,27.19,26.77,1652846400000000000,840
ROG,267752,258.72,254.82,262.89,254.37,1652846400000000000,5371
ROIC,1386892,18.2,17.81,18.37,17.69,1652846400000000000,14835
ROIV,525114,3.77,3.63,3.87,3.61,1652846400000000000,5092
ROIVW,14352,0.3816,0.37,0.469799,0.37,1652846400000000000,49
ROK,1070383,201.95,195.4,202.49,194.53,1652846400000000000,26992
ROKT,3395,37.1282,36.7233,37.14,36.7233,1652846400000000000,38
ROKU,5496699,95.92,94.84,100.58,94.0641,1652846400000000000,70094
ROL,1665765,35,34.4,35.14,34.295,1652846400000000000,20693
ROLL,137429,160.96,157.41,163.265,155.83,1652846400000000000,4643
ROLLP,22058,85.6,84.06,85.7,84.06,1652846400000000000,85
ROM,148975,33.92,31.65,34.262,31.46,1652846400000000000,1113
ROMO,1344,25.86,25.8285,25.9,25.8285,1652846400000000000,14
RONI,134,9.82,9.82,9.82,9.82,1652846400000000000,6
RONI.WS,500,0.49,0.4799,0.49,0.4799,1652846400000000000,2
ROOF,587,23.49,23.3476,23.49,23.3476,1652846400000000000,22
ROOT,1702115,1.28,1.31,1.39,1.26,1652846400000000000,7351
ROP,642903,429.36,411.48,430,410.8,1652846400000000000,17354
RORO,609,14.22,14.48,14.48,14.22,1652846400000000000,8
ROSC,2038,36.05,35.3864,36.05,35.29,1652846400000000000,15
ROSE,272550,10,9.98,10,9.98,1652846400000000000,17
ROSEW,5545,0.0647,0.1499,0.1499,0.0647,1652846400000000000,41
ROSS,9617,9.79,9.77,9.79,9.77,1652846400000000000,29
ROSS.U,500,9.82,9.82,9.82,9.82,1652846400000000000,1
ROSS.WS,1204,0.28,0.28,0.28,0.28,1652846400000000000,4
ROST,6981470,95.36,92.8,98.41,92.16,1652846400000000000,99417
ROUS,9439,39.55,38.3241,39.55,38.2816,1652846400000000000,39
ROVR,832626,4.73,4.69,4.97,4.61,1652846400000000000,8696
RPAR,50918,20.91,20.91,21.035,20.882,1652846400000000000,385
RPAY,1344393,10.67,11.37,11.66,10.67,1652846400000000000,16134
RPD,499672,66.33,66.81,67.77,65.79,1652846400000000000,15946
RPG,61305,157.67,152.84,158.0222,152.23,1652846400000000000,713
RPHM,83411,2.13,2.11,2.18,2.08,1652846400000000000,993
RPHS,10650,9.03,8.9598,9.03,8.95,1652846400000000000,33
RPID,121576,4.1,4.01,4.35,3.91,1652846400000000000,1820
RPM,444042,85.67,84.19,85.93,84.03,1652846400000000000,9870
RPRX,2349707,41.15,40.51,41.8,40.195,1652846400000000000,24243
RPT,658493,12.66,12.03,12.78,12.02,1652846400000000000,7243
RPTpD,2085,55.88,55.52,55.945,55.52,1652846400000000000,24
RPTX,646129,8.82,8.86,8.99,8.33,1652846400000000000,2160
RPV,483724,83.28,80.96,83.28,80.595,1652846400000000000,2854
RQI,344551,14.05,13.62,14.0585,13.5896,1652846400000000000,1538
RRAC,11670,9.94,9.91,9.945,9.91,1652846400000000000,26
RRAC.WS,7000,0.24,0.24,0.24,0.24,1652846400000000000,31
RRBI,29880,52.88,52.31,53.05,52.31,1652846400000000000,196
RRC,3071854,29.08,27.78,29.27,27.39,1652846400000000000,29425
RRGB,313219,9.03,8.42,9.06,8.29,1652846400000000000,4435
RRH,7565,28.46,27.5985,28.5,27.37,1652846400000000000,51
RRR,1514021,37.8,35.37,37.8,34.64,1652846400000000000,21022
RRX,224421,125.37,121.24,126.48,120.97,1652846400000000000,6266
RS,352883,191,182.41,191.4872,181.55,1652846400000000000,10219
RSEE,100,24.12,24.12,24.12,24.12,1652846400000000000,1
RSF,12280,17.95,18.05,18.2331,17.76,1652846400000000000,40
RSG,1148003,131.62,128.09,132.36,127.915,1652846400000000000,19239
RSI,770176,5.83,5.86,6.0841,5.79,1652846400000000000,8886
RSKD,919531,5.2,5.11,5.56,5.07,1652846400000000000,10007
RSLS,26001,0.796,0.8247,0.86,0.79,1652846400000000000,196
RSP,2108426,145.56,141.51,145.59,141.01,1652846400000000000,24242
RSPE,1316,21.99,21.5311,21.99,21.5311,1652846400000000000,19
RSPY,0,22.0844,22.0844,22.0844,22.0844,1652846400000000000,0
RSSS,30273,2,2,2.05,1.93,1652846400000000000,116
RSVR,56399,7.33,7.51,7.695,6.81,1652846400000000000,1537
RSX,0,5.65,5.65,5.65,5.65,1652846400000000000,0
RSXJ,0,11.24,11.24,11.24,11.24,1652846400000000000,0
RTAI,140,21.08,21.0918,21.0918,21.08,1652846400000000000,1
RTH,35956,157.04,150.46,157.04,149.6367,1652846400000000000,816
RTL,960087,7.74,7.64,7.97,7.615,1652846400000000000,8874
RTLPO,16916,23.9,23.8657,23.9,23.8208,1652846400000000000,91
RTLPP,7218,24.3399,24.33,24.3399,24.11,1652846400000000000,106
RTLR,1642587,14.75,14.4,14.88,14.22,1652846400000000000,13284
RTM,14250,178.25,173.94,178.5,173.78,1652846400000000000,341
RTX,5809869,94.33,92.61,95.2,92.28,1652846400000000000,63935
RTYD,2732,21.69,21.663,21.76,21.663,1652846400000000000,6
RUBY,965581,1.18,1.01,1.18,0.9999,1652846400000000000,4809
RUFF,226,19.7,19.6232,19.7,19.6232,1652846400000000000,23
RULE,417067,21.02,20.7494,21.02,20.7494,1652846400000000000,39
RUN,7664774,21.71,22.39,23.43,21.53,1652846400000000000,69430
RUSHA,189457,51.97,49.59,51.97,48.895,1652846400000000000,4599
RUSHB,22605,49.76,47.47,49.76,47.16,1652846400000000000,894
RUTH,389740,18.8,18.08,18.82,17.94,1652846400000000000,6817
RVAC,2989,9.92,9.89,9.92,9.865,1652846400000000000,18
RVACU,2005,10.27,10.5352,10.56,10.2601,1652846400000000000,25
RVACW,1631,0.705,0.87,0.9999,0.705,1652846400000000000,26
RVLP,45556,1.47,1.4,1.47,1.4,1652846400000000000,177
RVLV,2398106,28.22,27.05,28.22,26.04,1652846400000000000,26637
RVMD,482564,15.98,15.47,16.5,15.3,1652846400000000000,6900
RVNC,721305,15.14,14.37,15.52,14.1,1652846400000000000,9748
RVNU,20343,24.39,24.324,24.42,24.26,1652846400000000000,91
RVP,219616,3.71,3.7,3.86,3.6682,1652846400000000000,1780
RVPH,23531,1.7,1.65,1.78,1.64,1652846400000000000,109
RVPHW,14129,0.2298,0.2298,0.2298,0.2298,1652846400000000000,8
RVSB,13954,6.59,6.55,6.7,6.51,1652846400000000000,167
RVSN,185379,1.18,1.23,1.2783,1.15,1652846400000000000,486
RVSNW,17870,0.2,0.21,0.22,0.199866,1652846400000000000,27
RVT,587802,15.11,14.76,15.165,14.66,1652846400000000000,1719
RWAY,95158,13.45,13.01,13.64,12.93,1652846400000000000,1236
RWGV,955,90.408,87.2482,90.43,87.2482,1652846400000000000,12
RWJ,57105,113.37,110.74,113.62,110.05,1652846400000000000,422
RWK,21861,86.45,84.13,86.47,83.5834,1652846400000000000,183
RWL,61040,75.53,73.13,75.53,72.8,1652846400000000000,614
RWLK,162665,0.93,0.8909,0.94,0.8795,1652846400000000000,553
RWM,4314893,24.81,25.39,25.5201,24.69,1652846400000000000,8049
RWO,113692,48.19,47.15,48.26,46.98,1652846400000000000,1147
RWODR,300,0.1499,0.145,0.1499,0.145,1652846400000000000,3
RWODU,130,10.11,10.11,10.11,10.11,1652846400000000000,2
RWR,172742,103.43,100.29,103.5935,100.01,1652846400000000000,1745
RWT,1346331,9.87,9.54,9.87,9.495,1652846400000000000,12292
RWVG,14828,59.505,59.4926,60.8,59.46,1652846400000000000,67
RWX,95740,31.13,30.84,31.23,30.76,1652846400000000000,817
RXD,2642,13.75,14.2526,14.27,13.75,1652846400000000000,33
RXDX,355049,31,29.68,32.425,29.3,1652846400000000000,6378
RXI,1044573,132.5,128.41,132.5,127.9,1652846400000000000,422
RXL,6298,90.26,86.48,90.5204,86.18,1652846400000000000,146
RXRA,18003,9.76,9.76,9.76,9.76,1652846400000000000,9
RXRAU,549,9.78,9.78,9.78,9.78,1652846400000000000,1
RXRAW,3161,0.17,0.1795,0.24,0.17,1652846400000000000,8
RXRX,701557,5.83,5.62,6.03,5.4916,1652846400000000000,7839
RXST,77240,13.02,12.42,13.29,12.25,1652846400000000000,1370
RXT,477493,9.31,9.17,9.5,8.99,1652846400000000000,8816
RY,900337,98.67,97.78,98.96,97.275,1652846400000000000,12989
RYpT,172,26.42,26.42,26.42,26.42,1652846400000000000,2
RYAAY,419953,84.13,82.98,85.3065,82.58,1652846400000000000,5975
RYAM,2079595,5.16,4.9,5.28,4.87,1652846400000000000,6319
RYAN,896186,38.61,38.08,38.82,36.9,1652846400000000000,7623
RYB,19280,0.7,0.6982,0.7279,0.6888,1652846400000000000,71
RYE,178286,73.79,70.99,73.79,69.98,1652846400000000000,1694
RYF,46071,56.32,55.27,56.33,55.1097,1652846400000000000,522
RYH,6506,280.46,274.5864,281.02,273.94,1652846400000000000,266
RYI,556345,27.79,26.42,28.43,26.22,1652846400000000000,10135
RYJ,962,54.94,53.4041,54.94,53.4041,1652846400000000000,3
RYLD,1253522,21.69,21.15,21.7599,21.02,1652846400000000000,7397
RYN,838838,38.52,37.89,38.57,37.61,1652846400000000000,9910
RYT,29910,255.06,248.65,256.39,247.67,1652846400000000000,570
RYTM,514203,3.28,3.15,3.35,3.14,1652846400000000000,6667
RYU,44414,119.69,118.29,119.766,118.0492,1652846400000000000,641
RZA,32298,25.19,25.22,25.29,25.12,1652846400000000000,310
RZB,47469,25.13,25.05,25.37,25,1652846400000000000,331
RZG,903,121.3257,118.547,121.3257,118.547,1652846400000000000,23
RZLT,74712,3.34,2.86,3.35,2.745,1652846400000000000,564
RZV,4734,92.31,90.96,93.27,90.77,1652846400000000000,93
S,2450192,22.5,21.59,22.84,21.06,1652846400000000000,27891
SA,497784,14.02,13.64,14.1901,13.61,1652846400000000000,4573
SAA,4082,23.65,22.72,23.71,22.615,1652846400000000000,82
SABR,8268556,7.12,7.03,7.38,6.93,1652846400000000000,40450
SABRP,7109,96.38,95.74,98.16,95.23,1652846400000000000,52
SABS,25095,1.94,2.01,2.23,1.77,1652846400000000000,310
SABSW,8283,0.1779,0.1612,0.21,0.16,1652846400000000000,81
SACC,4931,24.95,25,25,24.85,1652846400000000000,32
SACH,112624,4.73,4.63,4.73,4.6,1652846400000000000,594
SACHpA,1531,24.59,24.57,24.59,24.565,1652846400000000000,19
SAEF,1547,21.19,20.6891,21.19,20.6891,1652846400000000000,13
SAFE,285572,42.26,40.54,42.78,40.28,1652846400000000000,5594
SAFM,161157,187.36,185.23,187.79,185.01,1652846400000000000,5155
SAFT,88520,86.83,87.08,88.42,86.51,1652846400000000000,2773
SAGA,80399,9.89,9.89,9.89,9.8898,1652846400000000000,43
SAGE,690658,32.92,31.64,33.84,31.43,1652846400000000000,10341
SAGP,361,23.36,23.3445,23.38,23.3445,1652846400000000000,10
SAH,469034,47.14,43.77,47.14,42.98,1652846400000000000,10606
SAI,47121,5.8,5.95,6.3,5.77,1652846400000000000,395
SAIA,1174007,201.73,181.35,205.87,175.14,1652846400000000000,23653
SAIC,285507,85.29,82.73,85.78,82.555,1652846400000000000,6769
SAIL,3276276,62.2,61.74,62.66,61.13,1652846400000000000,21917
SAITW,9258,0.3206,0.32069,0.3207,0.3109,1652846400000000000,13
SAK,1836,25.05,25.15,25.15,25.05,1652846400000000000,11
SALM,37548,2.83,2.79,2.85,2.73,1652846400000000000,366
SAM,116218,353.55,337.2,353.55,335.93,1652846400000000000,6451
SAMA,2560,9.82,9.77,9.82,9.77,1652846400000000000,15
SAMAW,800,0.26,0.26,0.26,0.2567,1652846400000000000,3
SAMG,25042,19.95,19.45,19.95,19.18,1652846400000000000,1119
SAMT,4673,24.1,23.76,24.1,23.56,1652846400000000000,23
SAN,4777906,2.89,2.84,2.9087,2.82,1652846400000000000,11122
SANA,1454369,4.76,4.39,4.97,4.38,1652846400000000000,13192
SAND,2005856,6.32,6.15,6.3652,6.1401,1652846400000000000,11146
SANG,761,8.7,8.61,8.72,8.61,1652846400000000000,14
SANM,652524,43.48,43.5,43.85,43.15,1652846400000000000,12968
SANW,154466,1.3,1.27,1.35,1.25,1652846400000000000,531
SAP,2291931,97.36,93.24,97.4854,92.94,1652846400000000000,28735
SAR,29389,26.56,26.19,26.56,25.81,1652846400000000000,270
SARK,4415594,66.01,67.26,67.73,63.47,1652846400000000000,47259
SASR,174309,39.35,39.49,39.99,39.1013,1652846400000000000,3346
SAT,6935,24.85,24.6,24.86,24.6,1652846400000000000,48
SATL,216509,5.45,5.46,5.84,5.3601,1652846400000000000,2965
SATLW,2800,0.76,0.78,0.78,0.76,1652846400000000000,5
SATO,3593,10.06,9.7082,10.06,9.66,1652846400000000000,40
SATS,754059,21.06,21.02,21.415,20.74,1652846400000000000,10639
SAVA,934186,22.9,22.28,23.22,21.6501,1652846400000000000,8391
SAVE,5154993,20.35,19.42,20.6,19.19,1652846400000000000,41519
SAVN,288,9.1301,9.11,9.1301,9.11,1652846400000000000,3
SB,1095785,4.25,4.12,4.27,4.045,1652846400000000000,6227
SBpC,2787,25.34,25.1313,25.34,25.1313,1652846400000000000,23
SBpD,14625,25.16,25.1749,25.23,25,1652846400000000000,43
SBAC,680510,323.03,314.09,324.28,312.79,1652846400000000000,17528
SBB,16432,18.4,18.8656,18.915,18.4,1652846400000000000,91
SBBA,2277,24.9,24.82,24.9,24.81,1652846400000000000,15
SBCF,318163,33,32.75,33.41,32.47,1652846400000000000,6108
SBET,68880,0.79,0.8636,0.88,0.79,1652846400000000000,96
SBEV,198692,2.19,2.08,2.24,2.06,1652846400000000000,424
SBEV.WS,9099,0.4,0.4498,0.4599,0.4,1652846400000000000,16
SBFG,9784,17.63,17.33,17.925,16.28,1652846400000000000,156
SBFM,617646,1.92,1.89,2.0252,1.85,1652846400000000000,2018
SBFMW,1591,2.05,1.44,2.05,1.41,1652846400000000000,29
SBGI,860342,25.49,25.37,25.64,25.03,1652846400000000000,11817
SBH,2123574,14.42,14,14.52,13.79,1652846400000000000,22018
SBI,29503,7.78,7.73,7.82,7.72,1652846400000000000,188
SBII,2904,9.75,9.745,9.75,9.745,1652846400000000000,4
SBIO,17547,26.78,25.7996,26.8381,25.6,1652846400000000000,185
SBLK,2164590,31.85,30.65,31.92,30.24,1652846400000000000,20906
SBND,1,18.345,18.345,18.345,18.345,1652846400000000000,1
SBNY,1672262,194.99,189.89,197.42,188.62,1652846400000000000,27577
SBNYP,214393,18.72,18.23,19.1242,18.2,1652846400000000000,898
SBOW,381599,33.48,33.42,34,31.255,1652846400000000000,5013
SBR,87119,69.79,67,69.8599,66.2,1652846400000000000,992
SBRA,2171974,13.32,13.36,13.62,13.26,1652846400000000000,20480
SBS,2929872,9.14,8.85,9.215,8.83,1652846400000000000,15555
SBSI,187379,38.62,38.86,39.03,38.27,1652846400000000000,2865
SBSW,4848441,12.12,11.85,12.35,11.83,1652846400000000000,25056
SBT,89352,6.72,6.7,6.74,6.63,1652846400000000000,2137
SBTX,186994,3.16,3.12,3.18,3.085,1652846400000000000,1970
SBUG,0,30.1701,30.1701,30.1701,30.1701,1652846400000000000,0
SBUX,10438280,73.15,71.28,73.54,70.78,1652846400000000000,122689
SCAQU,2852,9.79,9.79,9.8175,9.79,1652846400000000000,37
SCAQW,110,0.1564,0.1564,0.1564,0.1564,1652846400000000000,3
SCC,91933,14.729,15.6,15.79,14.729,1652846400000000000,412
SCCB,5350,25.33,25.09,25.33,25.09,1652846400000000000,30
SCCC,4400,25.48,25.51,25.51,25.45,1652846400000000000,26
SCCD,4095,24.29,24.25,24.3,23.9,1652846400000000000,22
SCCE,1518,24.05,23.925,24.05,23.86,1652846400000000000,10
SCCF,8278,24.65,24.7,24.7,24.59,1652846400000000000,59
SCCO,1857969,56.69,55.88,57.2,55.63,1652846400000000000,23550
SCD,25866,13.56,13.05,13.56,12.96,1652846400000000000,195
SCDL,153,33.6526,33.6526,33.6526,33.6526,1652846400000000000,5
SCEpG,20600,19.82,20.99,21.1824,19.82,1652846400000000000,196
SCEpH,16824,21.52,21.65,21.71,21.22,1652846400000000000,219
SCEpJ,13319,21.21,20.89,21.47,20.89,1652846400000000000,167
SCEpK,20040,22.28,22.3,22.3399,22.14,1652846400000000000,248
SCEpL,22497,19.39,19.27,19.4,19.185,1652846400000000000,376
SCHA,3146388,42.02,41.05,42.21,40.79,1652846400000000000,10026
SCHB,3053597,47.34,45.97,47.35,45.82,1652846400000000000,17779
SCHC,650770,34.13,33.58,34.15,33.5,1652846400000000000,3101
SCHD,3627806,77.41,75.52,77.4999,75.2799,1652846400000000000,39290
SCHE,5372454,25.47,25.08,25.55,25.0347,1652846400000000000,8769
SCHF,7671950,33.78,33.23,33.815,33.185,1652846400000000000,18457
SCHG,1727427,61.26,59.25,61.41,59.02,1652846400000000000,9189
SCHH,2266233,22.37,21.82,22.45,21.73,1652846400000000000,6644
SCHI,61656,45.05,45.2,45.2,45.05,1652846400000000000,118
SCHJ,38358,47.72,47.74,47.7911,47.72,1652846400000000000,185
SCHK,350273,39,37.91,39.067,37.78,1652846400000000000,2160
SCHL,162296,37.12,37.29,37.74,37.11,1652846400000000000,2748
SCHM,570104,68.62,66.76,68.65,66.51,1652846400000000000,3248
SCHN,347265,38.13,37.36,38.65,37.11,1652846400000000000,7239
SCHO,812288,49.32,49.35,49.39,49.3141,1652846400000000000,2304
SCHP,5558925,58.03,58.21,58.3,58.01,1652846400000000000,17790
SCHQ,52643,40.24,40.89,40.94,40.2,1652846400000000000,265
SCHR,646351,51.66,51.84,51.9155,51.64,1652846400000000000,1868
SCHV,558418,67.47,65.71,67.47,65.4792,1652846400000000000,4121
SCHW,7829040,64.42,63.27,64.455,62.84,1652846400000000000,68999
SCHWpD,156797,24.55,24.41,24.62,24.33,1652846400000000000,1014
SCHWpJ,198607,19.95,19.83,19.99,19.6816,1652846400000000000,1354
SCHX,3949064,47.73,46.4,47.8,46.23,1652846400000000000,14051
SCHY,254259,24.06,23.77,24.069,23.7352,1652846400000000000,1190
SCHZ,1160725,48.21,48.31,48.353,48.09,1652846400000000000,3354
SCI,1018051,67.17,66.53,67.63,66.39,1652846400000000000,13803
SCJ,811,63.9101,63.4573,64.03,63.4573,1652846400000000000,20
SCKT,11279,3.02,2.96,3.0248,2.93,1652846400000000000,142
SCL,130586,108.47,108.24,109.48,107.51,1652846400000000000,3189
SCLE,31999,9.77,9.77,9.77,9.77,1652846400000000000,3
SCLEU,31943,9.91,9.91,9.91,9.91,1652846400000000000,3
SCLEW,8068,0.5701,0.57,0.6,0.57,1652846400000000000,5
SCM,94070,13.14,12.66,13.1702,12.6,1652846400000000000,1141
SCMAU,125,10.04,10.04,10.04,10.04,1652846400000000000,1
SCO,12668008,4.57,4.88,4.957,4.57,1652846400000000000,15034
SCOA,94890,9.82,9.84,9.84,9.82,1652846400000000000,365
SCOAU,49117,9.84,9.85,9.87,9.84,1652846400000000000,281
SCOAW,241428,0.120101,0.13,0.1304,0.12,1652846400000000000,178
SCOB,52577,9.79,9.79,9.79,9.785,1652846400000000000,19
SCOBU,60141,9.82,9.81,9.83,9.81,1652846400000000000,10
SCOBW,1830,0.1101,0.1005,0.1293,0.1005,1652846400000000000,16
SCOR,493842,1.64,1.67,1.7,1.62,1652846400000000000,4010
SCPH,18320,4.8,4.8,4.889,4.76,1652846400000000000,216
SCPL,243068,13.13,12.9,13.21,12.61,1652846400000000000,2652
SCPS,55499,0.41,0.4013,0.41,0.3601,1652846400000000000,228
SCRD,0,42.1999,42.1999,42.1999,42.1999,1652846400000000000,0
SCRM,55217,9.64,9.64,9.64,9.6398,1652846400000000000,44
SCRMU,851850,9.84,9.82,9.84,9.76,1652846400000000000,9
SCRMW,150500,0.4042,0.4385,0.49,0.4,1652846400000000000,6
SCS,428026,11.98,11.9,12.095,11.8,1652846400000000000,6389
SCSC,203416,40.25,39.09,40.25,38.7807,1652846400000000000,3667
SCTL,46465,0.7964,0.8,0.84,0.7913,1652846400000000000,372
SCU,241610,11.14,11.26,11.34,10.81,1652846400000000000,3229
SCUA,900,9.91,9.92,9.92,9.91,1652846400000000000,23
SCVL,1414046,30.02,26.49,30.03,25.8,1652846400000000000,25917
SCWX,84537,10.54,10.47,10.67,10.34,1652846400000000000,1479
SCX,11549,7.77,7.36,7.77,7.35,1652846400000000000,98
SCYX,382573,2.13,2.12,2.21,2.06,1652846400000000000,1863
SCZ,1373210,59.96,59.15,60.05,59.03,1652846400000000000,8663
SD,726936,20.77,19.86,20.94,19.34,1652846400000000000,9549
SDACW,3002,0.1914,0.1539,0.1914,0.1101,1652846400000000000,23
SDC,2330246,1.44,1.33,1.5,1.33,1652846400000000000,10937
SDCI,745,24.82,24.4,24.82,24.4,1652846400000000000,30
SDD,9091,26.8614,27.76,27.99,26.63,1652846400000000000,113
SDEF,3014,17.92,17.87,18,17.84,1652846400000000000,41
SDEI,11081,26.79,26.37,26.81,26.26,1652846400000000000,75
SDEM,17436,9.2,9.12,9.22,9.0901,1652846400000000000,177
SDG,18557,82.31,80.89,82.31,80.835,1652846400000000000,199
SDGA,2831,23.155,22.6031,23.155,22.6031,1652846400000000000,15
SDGR,602665,24.24,23.46,24.77,23.16,1652846400000000000,12680
SDH,6337,1.7699,1.67,1.7699,1.62,1652846400000000000,32
SDHY,78768,15.52,15.5,15.527,15.3882,1652846400000000000,315
SDIG,616642,2.45,2.38,2.55,2.26,1652846400000000000,4943
SDIV,763694,10.47,10.26,10.5,10.23,1652846400000000000,3589
SDOG,54615,55.82,54.37,55.82,54.205,1652846400000000000,443
SDOW,8209637,33.37,35.93,36.27,33.31,1652846400000000000,46649
SDP,16502,11.555,11.99,11.99,11.55,1652846400000000000,99
SDPI,153178,1.02,0.9547,1.04,0.9547,1652846400000000000,357
SDS,16096686,45.66,48.21,48.49,45.5999,1652846400000000000,47618
SDVY,155499,26.35,25.62,26.35,25.4991,1652846400000000000,739
SDY,610995,125.76,122.62,125.93,122.175,1652846400000000000,4839
SE,8790585,78.29,74.2,79.55,73.2715,1652846400000000000,89952
SEA,5110,21.06,20.55,21.06,20.5499,1652846400000000000,47
SEAC,424235,0.8273,0.8281,0.86,0.82,1652846400000000000,1156
SEALpA,22820,25.01,25.04,25.05,24.95,1652846400000000000,182
SEALpB,17415,25,24.9699,25.15,24.9,1652846400000000000,86
SEAS,1870508,57.05,55.76,57.87,55.56,1652846400000000000,25726
SEAT,426371,8.26,7.79,8.39,7.67,1652846400000000000,5867
SEATW,700,1.66,1.68,1.68,1.66,1652846400000000000,5
SEB,800,3875.75,3802.43,3967.82,3766.32,1652846400000000000,520
SECO,75639,0.2561,0.2523,0.2598,0.2451,1652846400000000000,215
SECT,73674,38.85,37.96,38.85,37.755,1652846400000000000,148
SEDA.WS,72592,0.2302,0.2404,0.2404,0.2299,1652846400000000000,91
SEDG,996874,232.87,238.8,252.93,232.25,1652846400000000000,26127
SEE,816060,64.02,61.03,64.17,60.73,1652846400000000000,18192
SEED,457866,7.25,6.93,7.63,6.52,1652846400000000000,2451
SEEL,885114,0.58,0.5713,0.625,0.5712,1652846400000000000,3456
SEER,301845,7.98,7.63,8.41,7.61,1652846400000000000,5687
SEF,74716,13.09,13.34,13.39,13.09,1652846400000000000,208
SEIC,558510,55.75,55.11,56,54.94,1652846400000000000,11537
SEIM,464,25.93,25.0729,25.93,25.0729,1652846400000000000,11
SEIQ,98,24.8935,24.8935,24.8935,24.8935,1652846400000000000,7
SEIV,733,25.28,24.9349,25.28,24.9349,1652846400000000000,6
SEIX,53424,23.96,23.93,23.96,23.91,1652846400000000000,37
SELB,1482024,0.84,0.7552,0.859799,0.755,1652846400000000000,6720
SELF,19993,5.79,5.75,5.8684,5.7401,1652846400000000000,180
SELV,620,25.27,24.7739,25.35,24.7739,1652846400000000000,6
SEM,982505,25.04,24.56,25.34,24.46,1652846400000000000,14166
SEMI,1087,17.81,17.1368,17.84,17.1368,1652846400000000000,10
SEMR,117018,9.85,9.6,10.21,9.49,1652846400000000000,1960
SENEA,43968,57.06,55.59,57.24,55.375,1652846400000000000,1114
SENS,3118748,1.19,1.09,1.19,1.08,1652846400000000000,7278
SENT,10590,22.04,21.57,22.16,21.548,1652846400000000000,87
SEPZ,750,29.16,28.7428,29.18,28.7428,1652846400000000000,6
SERA,123960,1.54,1.5,1.605,1.49,1652846400000000000,1001
SES,970163,6.84,6.84,7.24,6.69,1652846400000000000,9816
SES.WS,59302,1.3,1.17,1.31,1.17,1652846400000000000,322
SESN,4808480,0.46,0.5128,0.54,0.458101,1652846400000000000,7976
SEV,1269832,3.08,3,3.28,2.86,1652846400000000000,8030
SEVN,34511,11,10.72,11,10.72,1652846400000000000,266
SF,591984,63.08,60.16,63.55,59.88,1652846400000000000,10579
SFpB,15027,24.57,24.55,24.93,24.355,1652846400000000000,90
SFpC,25126,24.55,24.53,24.62,24.1705,1652846400000000000,228
SFpD,12823,18.28,18.365,18.49,17.9599,1652846400000000000,151
SFB,7672,21.69,21.49,21.7498,21.4178,1652846400000000000,127
SFBC,530,36.875,36.875,36.875,36.875,1652846400000000000,33
SFBS,249807,80.41,79.36,81.25,78.44,1652846400000000000,5319
SFE,12657,3.6,3.5,3.6025,3.45,1652846400000000000,130
SFET,132304,0.61,0.6111,0.6214,0.5784,1652846400000000000,292
SFIG,3455,47.74,47.865,47.865,47.74,1652846400000000000,30
SFIX,3092776,7.91,7.72,8.1,7.595,1652846400000000000,29826
SFL,1010279,11.3,11.07,11.37,10.985,1652846400000000000,8333
SFM,2018046,23.52,22.98,23.63,22.67,1652846400000000000,25543
SFNC,1135081,24.72,24.83,25.02,24.61,1652846400000000000,14229
SFST,17142,43.44,42.7,43.44,42.5,1652846400000000000,602
SFT,2036660,1.07,1.02,1.08,1,1652846400000000000,8153
SFY,198568,14.23,13.84,14.26,13.78,1652846400000000000,1139
SFYF,1686,24.567,23.7184,24.567,23.7,1652846400000000000,57
SFYX,8707,11.8339,11.4732,11.8339,11.435,1652846400000000000,130
SG,1355224,18.36,19.18,19.56,18.01,1652846400000000000,16253
SGA,1702,22.65,22.65,22.72,22.37,1652846400000000000,91
SGBX,32528,1.85,1.88,1.92,1.85,1652846400000000000,193
SGC,49067,16.82,16.9,17.06,16.64,1652846400000000000,779
SGDJ,24098,34.53,33.8843,34.53,33.85,1652846400000000000,162
SGDM,32385,27.09,26.522,27.09,26.47,1652846400000000000,202
SGEN,1101893,143.71,143,145.14,141.99,1652846400000000000,22302
SGFY,1131421,13.07,12.46,13.37,12.3,1652846400000000000,15220
SGG,122,61.3433,61.3433,61.3433,61.3433,1652846400000000000,12
SGH,456726,23.4,23.15,24.14,22.82,1652846400000000000,7452
SGHC,194410,8.75,8.67,8.94,8.64,1652846400000000000,2716
SGHC.WS,24287,1.8801,1.9237,2,1.85,1652846400000000000,90
SGHT,443324,8.95,9.25,9.5,8.71,1652846400000000000,5346
SGII,2812,9.92,9.92,9.92,9.92,1652846400000000000,3
SGIIU,300,9.99,9.99,9.99,9.99,1652846400000000000,2
SGIIW,4500,0.23,0.2303,0.2999,0.23,1652846400000000000,7
SGLB,20377,1.01,1.05,1.0943,1.01,1652846400000000000,110
SGLY,333500,4.57,4.61,4.84,4.5301,1652846400000000000,1945
SGMA,26998,5.81,5.58,6.0899,5.55,1652846400000000000,252
SGML,309419,14.32,13.87,14.5099,13.7,1652846400000000000,2646
SGMO,1895999,3.9,3.77,3.97,3.68,1652846400000000000,12300
SGOL,959226,17.38,17.42,17.4999,17.355,1652846400000000000,2463
SGOV,473838,100.05,100.05,100.06,100.04,1652846400000000000,1051
SGRP,22894,1.16,1.1,1.16,1.09,1652846400000000000,130
SGRY,591274,45.33,40.83,46.22,40.46,1652846400000000000,14834
SGTX,85437,0.86,0.7977,0.8688,0.7977,1652846400000000000,603
SGU,98838,10.09,9.58,10.2,9.5,1652846400000000000,1038
SH,42691634,15.61,16.06,16.11,15.61,1652846400000000000,40942
SHACW,102,0.1149,0.1149,0.1149,0.1149,1652846400000000000,2
SHAG,10735,47.7781,47.8237,47.8582,47.7781,1652846400000000000,73
SHAK,1725211,44.52,42.11,44.58,41.285,1652846400000000000,22907
SHAP.WS,110,0.1501,0.1501,0.1501,0.1501,1652846400000000000,1
SHBI,48031,19.5,19.44,19.67,19.3,1652846400000000000,2035
SHC,254132,19.36,19.23,19.64,18.995,1652846400000000000,5372
SHCA,160492,9.98,9.96,9.98,9.95,1652846400000000000,294
SHCR,1182411,2.72,2.69,2.875,2.64,1652846400000000000,9331
SHCRW,1376,0.39,0.3635,0.39,0.3605,1652846400000000000,14
SHE,5137,80.78,78.58,80.78,78.3009,1652846400000000000,148
SHEL,7157851,59.45,58.42,59.7191,58.14,1652846400000000000,56538
SHEN,283501,21.55,21.7,21.84,21.2,1652846400000000000,6174
SHFT,4524,15.53,14.8928,15.54,14.8928,1652846400000000000,13
SHG,163795,32.88,32.35,33.02,32.24,1652846400000000000,2171
SHI,18572,18.41,18.47,18.8694,18.28,1652846400000000000,250
SHIP,3186317,1.17,1.14,1.2,1.12,1652846400000000000,4253
SHLS,3326287,13.04,13.86,14.45,12.92,1652846400000000000,36929
SHLX,1515026,13.99,13.84,14.04,13.74,1652846400000000000,8851
SHM,1092800,46.58,46.64,46.64,46.58,1652846400000000000,1897
SHO,3265919,11.9,11.7,12.15,11.615,1652846400000000000,23467
SHOpH,134720,21.05,21.09,21.14,20.88,1652846400000000000,394
SHOpI,37566,20.5,20.45,20.57,20.38,1652846400000000000,179
SHOO,914990,37.79,36.68,37.85,36.27,1652846400000000000,15707
SHOP,4238203,363.06,360.62,379.73,355.02,1652846400000000000,73008
SHPW,28918,1.66,1.67,1.73,1.66,1652846400000000000,250
SHPW.WS,6716,0.16,0.14,0.1601,0.14,1652846400000000000,24
SHQA,4100,9.8,9.8,9.8,9.8,1652846400000000000,11
SHQAW,15523,0.131,0.2,0.2099,0.131,1652846400000000000,137
SHUAW,700,0.1601,0.2599,0.2599,0.1501,1652846400000000000,6
SHUS,0,37.91,37.91,37.91,37.91,1652846400000000000,0
SHV,3987123,110.21,110.21,110.22,110.2,1652846400000000000,12990
SHW,1524848,266.4,259.66,267.975,258.06,1652846400000000000,33558
SHY,3613849,82.98,83.05,83.11,82.97,1652846400000000000,6583
SHYD,375394,22.24,22.14,22.3,22.12,1652846400000000000,600
SHYF,479979,22.39,22.02,23.275,21.89,1652846400000000000,4702
SHYG,2995360,41.71,41.64,41.7101,41.59,1652846400000000000,6605
SHYL,13132,43.6,43.456,43.6,43.4001,1652846400000000000,111
SI,1055689,76.505,73.34,79.7,71.82,1652846400000000000,20640
SIpA,24340,16.79,16.65,17,16.55,1652846400000000000,122
SIBN,378861,13.98,12.86,13.98,12.81,1652846400000000000,5031
SID,6824081,3.65,3.5,3.68,3.49,1652846400000000000,11231
SIDU,145058,1.51,1.5,1.6499,1.47,1652846400000000000,605
SIEB,7564,1.61,1.62,1.64,1.61,1652846400000000000,88
SIEN,330318,1.26,1.32,1.34,1.25,1652846400000000000,2546
SIF,5615,4.5,4.25,4.5,3.93,1652846400000000000,62
SIFI,0,43.33,43.33,43.33,43.33,1652846400000000000,0
SIFY,59960,2.21,2.13,2.2303,2.06,1652846400000000000,337
SIG,2042626,59.36,57.43,59.468,55.155,1652846400000000000,30932
SIGA,275031,7.23,7.39,7.43,7.17,1652846400000000000,3465
SIGI,228074,76.95,77.01,77.69,76.41,1652846400000000000,5848
SIGIP,13539,18.46,18.6,18.6,18.2994,1652846400000000000,102
SIHY,0,44.07,44.07,44.07,44.07,1652846400000000000,0
SII,234115,34.94,35.48,35.53,34.5,1652846400000000000,2424
SIJ,2507,18.3,18.7746,18.7895,18.3,1652846400000000000,55
SIL,342375,29.46,28.69,29.61,28.65,1652846400000000000,2669
SILC,21000,34.81,35.235,35.25,34.18,1652846400000000000,299
SILJ,1472478,10.87,10.56,10.97,10.54,1652846400000000000,4312
SILK,254332,29.2,28.57,30.14,28.44,1652846400000000000,6080
SILV,765287,6.89,6.74,6.95,6.665,1652846400000000000,6538
SILX,17319,3.41,3.1992,3.41,3.16,1652846400000000000,64
SIM,1146,29.5335,29.5,29.5335,29.01,1652846400000000000,51
SIMO,695535,92.5,91.7,92.7123,91.01,1652846400000000000,8728
SIMS,18101,34.84,34.0864,34.84,34.0635,1652846400000000000,91
SINT,23813,0.4499,0.4198,0.4499,0.4002,1652846400000000000,81
SINV,23835,13.8739,13.97,14.89,13.13,1652846400000000000,94
SIOX,156293,0.295,0.28,0.295,0.2777,1652846400000000000,328
SIRE,18112,18.54,18.3,18.7459,17.63,1652846400000000000,268
SIRI,22145887,6.15,6.04,6.18,6.02,1652846400000000000,44283
SISI,6804,1.9,1.81,1.92,1.81,1652846400000000000,58
SITC,2686418,15.25,14.56,15.36,14.46,1652846400000000000,22202
SITCpA,15973,23,22.93,23.01,22.55,1652846400000000000,133
SITE,285819,127.48,123.61,129.66,122.74,1652846400000000000,6816
SITM,160368,193.6,185.91,199.6,182.055,1652846400000000000,7884
SIVB,709998,439.84,431.25,448.58,430.13,1652846400000000000,20553
SIVBP,45526,19.7,19.45,20.0965,19.27,1652846400000000000,405
SIVR,548586,20.78,20.58,20.81,20.5601,1652846400000000000,1782
SIX,4087672,28.73,29.04,29.96,28.63,1652846400000000000,40978
SIXA,7,33.2667,33.2667,33.2667,33.2667,1652846400000000000,2
SIXH,7768,30.84,30.3393,30.84,30.3393,1652846400000000000,32
SIXJ,8833,23.66,22.8897,23.66,22.8897,1652846400000000000,59
SIXL,1,32.5169,32.5169,32.5169,32.5169,1652846400000000000,1
SIXO,5226,24.73,24.3154,24.73,24.281,1652846400000000000,24
SIXS,8,43.1193,43.1193,43.1193,43.1193,1652846400000000000,3
SIZE,9236,118.57,115.7,118.57,115.3428,1652846400000000000,113
SJ,520983,2.6799,2.64,2.89,2.55,1652846400000000000,2009
SJB,359521,19.25,19.34,19.355,19.25,1652846400000000000,953
SJI,1324718,33.91,34.1,34.14,33.67,1652846400000000000,14482
SJIJ,24123,17.49,17.51,17.7305,17.45,1652846400000000000,140
SJIV,34748,67.78,68.27,68.425,67.78,1652846400000000000,176
SJM,1880026,142.39,128.36,142.52,127.86,1652846400000000000,35949
SJNK,7555903,24.91,24.85,24.91,24.83,1652846400000000000,9447
SJR,475014,27.67,27.45,27.76,27.28,1652846400000000000,5546
SJT,550654,11.9,11.66,11.92,11.1705,1652846400000000000,3263
SJW,153722,60.9,60.37,62.11,60.04,1652846400000000000,3118
SKE,27011,8.51,8.07,8.51,8.04,1652846400000000000,214
SKF,45280,20.77,21.48,21.6,20.7114,1652846400000000000,298
SKIL,521243,4.97,5.03,5.235,4.94,1652846400000000000,5550
SKIL.WS,34331,0.7128,0.7247,0.7487,0.71,1652846400000000000,179
SKIN,1497090,12.17,11.55,12.6,11.51,1652846400000000000,18403
SKLZ,12056867,1.81,1.78,1.93,1.7128,1652846400000000000,26246
SKM,438032,25.95,25.47,26,25.44,1652846400000000000,5095
SKOR,16769,47.83,47.935,47.965,47.83,1652846400000000000,60
SKT,3299074,18.73,18.33,19.2,18.31,1652846400000000000,22897
SKX,1236867,37.2,37.05,38.46,36.86,1652846400000000000,17771
SKY,495124,55.36,53.01,55.83,52.54,1652846400000000000,10462
SKYA,300480,9.7,9.73,9.73,9.7,1652846400000000000,6
SKYAU,300,9.78,9.78,9.78,9.78,1652846400000000000,2
SKYH,1337076,7.48,8.75,9.199,7.4,1652846400000000000,8886
SKYH.WS,56409,0.69,0.6453,0.73,0.6032,1652846400000000000,117
SKYT,128838,5.78,5.24,5.936,5.2,1652846400000000000,2198
SKYU,436,17.15,15.8839,17.15,15.7076,1652846400000000000,21
SKYW,435820,26.88,26.35,27.67,26.295,1652846400000000000,8263
SKYX,89501,4.1,4.15,4.555,4.07,1652846400000000000,1638
SKYY,498635,67.54,65.49,68.25,65,1652846400000000000,5474
SLAB,467184,139.15,138.5,142.33,137.7,1652846400000000000,12377
SLAC.U,535,9.8111,9.8111,9.8111,9.8111,1652846400000000000,3
SLAC.WS,6119,0.2591,0.25,0.2901,0.25,1652846400000000000,45
SLAM,9426,9.78,9.78,9.78,9.78,1652846400000000000,67
SLAMU,6622,9.8,9.88,9.88,9.8,1652846400000000000,22
SLAMW,1000,0.2,0.2,0.2,0.2,1652846400000000000,1
SLB,9626849,43.34,41.13,43.52,40.52,1652846400000000000,89508
SLCA,1197486,17.59,16.49,17.89,16.36,1652846400000000000,15606
SLCR,393,9.84,9.82,9.84,9.82,1652846400000000000,4
SLCRW,14242,0.255,0.25,0.3198,0.25,1652846400000000000,28
SLDB,334632,0.55,0.5472,0.5773,0.525,1652846400000000000,1954
SLDP,1305968,8.2,8.67,8.85,8.15,1652846400000000000,10269
SLDPW,98713,1.82,1.89,1.9825,1.82,1652846400000000000,645
SLF,785562,48.65,48.09,48.86,48.01,1652846400000000000,8631
SLG,972614,64.93,62.43,64.99,61.87,1652846400000000000,15913
SLGpI,15456,25,24.88,25,24.86,1652846400000000000,71
SLGC,2490158,5.27,5.38,5.525,5.15,1652846400000000000,10541
SLGCW,19405,0.77,0.75,0.77,0.720201,1652846400000000000,20
SLGG,181868,1.35,1.24,1.37,1.2001,1652846400000000000,1160
SLGL,1759,6.25,6.45,6.45,6.21,1652846400000000000,51
SLGN,420208,44.17,43.35,44.36,43.21,1652846400000000000,7082
SLHG,21572,0.6335,0.62,0.6564,0.62,1652846400000000000,74
SLHGP,1224,13,13,13.25,12.98,1652846400000000000,19
SLI,830528,6.09,5.74,6.17,5.675,1652846400000000000,4998
SLM,4148897,17.45,16.98,17.795,16.905,1652846400000000000,35574
SLMBP,2356,56.7501,56.385,56.7501,56.34,1652846400000000000,51
SLN,12536,9.4001,9.12,9.785,9,1652846400000000000,143
SLNG,3322,4.6981,4.54,4.747,4.4601,1652846400000000000,98
SLNH,57705,7.62,7.39,8.09,7.37,1652846400000000000,573
SLNHP,7124,16.2299,16.4,16.6501,16.2299,1652846400000000000,41
SLNO,398121,0.185,0.1719,0.1909,0.165,1652846400000000000,648
SLP,120932,44.23,44.34,45.61,43.97,1652846400000000000,2595
SLQD,459269,48.68,48.68,48.7237,48.65,1652846400000000000,1619
SLQT,1733551,2.9,2.74,3.02,2.68,1652846400000000000,10503
SLRC,266499,15.74,15.21,15.74,15.2,1652846400000000000,2977
SLRX,1790266,0.1769,0.217,0.2195,0.1769,1652846400000000000,2118
SLS,326623,2.85,3.12,3.21,2.83,1652846400000000000,1982
SLV,22132287,19.93,19.73,19.965,19.72,1652846400000000000,22522
SLVM,311800,48.56,46.49,49.45,46.03,1652846400000000000,8321
SLVO,589153,4.47,4.45,4.5,4.45,1652846400000000000,1370
SLVP,76365,11.17,10.8,11.17,10.76,1652846400000000000,718
SLVR,342706,9.65,9.65,9.65,9.65,1652846400000000000,9
SLVRW,1800,0.3699,0.27,0.3735,0.27,1652846400000000000,18
SLX,50970,58.44,57,58.9499,56.78,1652846400000000000,512
SLY,119758,85.88,84.03,86.1366,83.53,1652846400000000000,894
SLYG,164211,74.68,72.71,74.77,72.1051,1652846400000000000,1508
SLYV,179646,78.3,77.07,78.775,76.72,1652846400000000000,1666
SM,2390945,38.36,36.68,38.405,35.44,1652846400000000000,36907
SMAR,3126769,36.71,35.25,37.28,34.77,1652846400000000000,22110
SMB,1968187,16.8,16.8,16.85,16.78,1652846400000000000,224
SMBC,31939,45.18,45.02,45.2,44.67,1652846400000000000,783
SMBK,22287,24.625,24.33,24.82,24.23,1652846400000000000,442
SMCI,335632,53.6,52.37,54.9,51.94,1652846400000000000,6951
SMCP,107,25,24.7725,25,24.7725,1652846400000000000,4
SMDD,31956,27.69,29.59,29.7572,27.49,1652846400000000000,230
SMDV,291335,61.25,60.31,61.34,59.9935,1652846400000000000,301
SMDY,0,34.4814,34.4814,34.4814,34.4814,1652846400000000000,0
SMED,211893,4.18,4.06,4.24,3.94,1652846400000000000,3232
SMFG,2765738,5.98,5.96,6.025,5.96,1652846400000000000,9248
SMFL,387690,0.5781,0.5978,0.6,0.56,1652846400000000000,473
SMFR,1276438,1.98,1.96,2.1,1.945,1652846400000000000,8899
SMFRW,14681,0.32,0.3,0.341,0.3,1652846400000000000,66
SMG,571979,96.4,89.13,96.4,88.88,1652846400000000000,14090
SMH,5389114,235.5,228,238.36,226.95,1652846400000000000,86674
SMHB,14351,10.09,9.61,10.09,9.555,1652846400000000000,162
SMHI,147169,9.46,9.23,9.46,8.98,1652846400000000000,2224
SMI,0,44.78,44.78,44.78,44.78,1652846400000000000,0
SMID,5820,14.8701,14.82,15.3,14.82,1652846400000000000,101
SMIG,8642,23.33,22.8515,23.33,22.79,1652846400000000000,59
SMIHW,20209,0.2018,0.1501,0.2018,0.145,1652846400000000000,31
SMIN,13163,51.82,50.87,51.82,50.68,1652846400000000000,325
SMIT,5648,4.93,4.97,5,4.7801,1652846400000000000,57
SMLE,1,23.4549,23.4549,23.4549,23.4549,1652846400000000000,1
SMLF,97549,51.25,49.56,51.25,49.3099,1652846400000000000,269
SMLP,30162,20.107,18.48,20.107,18.27,1652846400000000000,404
SMLR,58938,30,28.52,30.42,28.03,1652846400000000000,1608
SMLV,6353,107.55,106.01,107.6714,105.67,1652846400000000000,86
SMM,30357,8.19,7.88,8.2617,7.79,1652846400000000000,218
SMMD,115856,55.655,54.32,55.72,54.0613,1652846400000000000,342
SMMF,12727,26.45,26.25,26.675,26.09,1652846400000000000,404
SMMT,62548,1.02,1.01,1.03,1,1652846400000000000,1151
SMMU,242316,49.21,49.13,49.21,49.12,1652846400000000000,396
SMMV,97093,34.61,33.9,34.61,33.82,1652846400000000000,293
SMN,6497,11.17,11.7152,11.73,11.08,1652846400000000000,67
SMOG,9607,122.18,120.1477,123.49,119.8602,1652846400000000000,179
SMP,169643,40.61,40.1,40.82,40,1652846400000000000,3403
SMPL,892335,39.67,37.54,39.87,36.974,1652846400000000000,15453
SMR,441959,9.77,9.6,9.8394,9.31,1652846400000000000,3960
SMR.WS,84965,2.07,2.31,2.47,2.01,1652846400000000000,190
SMRT,1290883,4.96,5.07,5.22,4.96,1652846400000000000,9069
SMSI,389413,2.66,2.53,2.695,2.5,1652846400000000000,3208
SMTC,302025,60.49,59.09,62.28,58.26,1652846400000000000,6372
SMTI,35538,23.1,22,23.85,21.25,1652846400000000000,1843
SMTS,92440,0.9138,0.8722,0.9197,0.82,1652846400000000000,493
SMWB,153205,9,8.89,9.34,8.76,1652846400000000000,2136
SNA,354570,222,216.4,222.73,215.88,1652846400000000000,10128
SNAP,29453518,24.05,22.73,24.754,22.645,1652846400000000000,173779
SNAX,929730,1.15,1.18,1.3,1.15,1652846400000000000,1873
SNAXW,46823,0.1139,0.095,0.1139,0.092,1652846400000000000,50
SNBR,834907,42.13,41.82,42.13,40.46,1652846400000000000,11942
SNCE,419978,3.11,2.91,3.11,2.86,1652846400000000000,6092
SNCR,118126,1.56,1.57,1.5999,1.525,1652846400000000000,739
SNCRL,2255,20.99,20.95,20.99,20.5,1652846400000000000,29
SNCY,318110,24.75,23.81,25.09,23.52,1652846400000000000,6858
SND,209969,3.56,3.32,3.6566,3.2504,1652846400000000000,1737
SNDA,7670,25.1809,25,26.25,25,1652846400000000000,204
SNDL,90376642,0.4332,0.4125,0.4479,0.407,1652846400000000000,61504
SNDR,785547,24.25,22.08,24.25,22,1652846400000000000,11724
SNDX,395120,14.13,13.64,14.87,13.54,1652846400000000000,5675
SNES,22027,0.5076,0.4755,0.508,0.4703,1652846400000000000,116
SNEX,83456,73.55,72.03,73.93,71.88,1652846400000000000,2313
SNFCA,7734,8.5,8.62,8.68,8.4307,1652846400000000000,117
SNGX,107364,0.47,0.4423,0.52,0.4125,1652846400000000000,496
SNLN,29711,15.1,15.07,15.11,15.07,1652846400000000000,44
SNMP,276446,0.4806,0.47,0.4897,0.44,1652846400000000000,763
SNN,514779,31.9,31.47,32.025,31.365,1652846400000000000,6136
SNOA,66411,3.9,3.91,3.98,3.75,1652846400000000000,540
SNOW,6208432,142.45,137.76,146.35,134.1001,1652846400000000000,85809
SNP,131688,50.63,50.02,50.64,49.8,1652846400000000000,2275
SNPE,166626,36.38,35.33,36.41,35.25,1652846400000000000,699
SNPO,87915,11.01,10.12,11.57,10,1652846400000000000,2340
SNPS,1251469,277.63,272.57,281.62,270.74,1652846400000000000,34030
SNPX,37821,5.41,5.19,5.49,5.11,1652846400000000000,170
SNRH,12884,9.87,9.84,9.87,9.83,1652846400000000000,78
SNRHU,10000,9.85,9.85,9.86,9.85,1652846400000000000,99
SNRHW,46150,0.1,0.0975,0.1001,0.0951,1652846400000000000,75
SNSE,124097,1.68,1.61,1.78,1.6,1652846400000000000,1175
SNSR,80336,28.49,27.74,28.56,27.68,1652846400000000000,613
SNT,9578,2.15,2.115,2.15,2.11,1652846400000000000,152
SNTG,14576,0.6402,0.6418,0.658099,0.6112,1652846400000000000,82
SNUG,48,25.23,25.23,25.23,25.23,1652846400000000000,5
SNV,909146,40.67,40.2,40.93,39.85,1652846400000000000,12081
SNVpD,9691,24.4,24.23,24.4,24.03,1652846400000000000,615
SNVpE,46344,24.57,24.7,24.9,24.5,1652846400000000000,402
SNX,225404,100.81,98.03,101.69,97.33,1652846400000000000,5495
SNY,1012771,53.41,52.39,53.41,52.38,1652846400000000000,11134
SO,4889560,74.6,73.82,74.78,73.65,1652846400000000000,54264
SOBR,530913,1.53,1.32,1.81,1.25,1652846400000000000,2754
SOCL,17686,36.1,35.43,36.46,35.32,1652846400000000000,218
SOFI,54106187,6.93,7.23,7.56,6.8,1652846400000000000,145748
SOFO,14496,1.88,1.82,1.9,1.78,1652846400000000000,112
SOGU,41341,47.88,48.71,49.3499,46.1632,1652846400000000000,432
SOHO,57844,1.86,1.79,1.94,1.77,1652846400000000000,168
SOHOB,1335,19,19,19.0001,19,1652846400000000000,6
SOHON,1573,19.5,19.5,19.52,19.5,1652846400000000000,14
SOHOO,1450,19.05,19.1,19.1,19.05,1652846400000000000,10
SOHU,236366,14.35,14.35,14.73,14.1204,1652846400000000000,3051
SOI,252164,12.77,12.5,13.0643,12.29,1652846400000000000,3362
SOJC,41561,22.68,22.75,22.79,22.38,1652846400000000000,396
SOJD,139299,21.17,21.1,21.2499,20.91,1652846400000000000,880
SOJE,233578,18.77,18.84,18.86,18.65,1652846400000000000,1193
SOL,508840,4.31,4.25,4.59,4.24,1652846400000000000,3657
SOLN,124348,55.29,55.05,55.66,55.02,1652846400000000000,283
SOLO,1709548,1.65,1.55,1.72,1.53,1652846400000000000,6340
SOLOW,492,0.2202,0.260049,0.2999,0.2202,1652846400000000000,5
SOLR,2010,27.05,26.5682,27.08,26.5682,1652846400000000000,27
SON,439986,58.84,57.45,59.15,57.4,1652846400000000000,8406
SOND,715729,1.94,1.77,1.99,1.74,1652846400000000000,5056
SONDW,98918,0.44,0.29,0.475,0.29,1652846400000000000,377
SONM,331136,0.5388,0.5411,0.5689,0.534,1652846400000000000,701
SONN,384880,0.2586,0.2581,0.2647,0.25,1652846400000000000,611
SONO,4508617,21.02,19.97,21.155,19.65,1652846400000000000,41983
SONX,139283,2.6,2.65,2.77,2.6,1652846400000000000,1727
SONY,1061599,88.8,87.07,89.23,86.94,1652846400000000000,15764
SOPA,433562,1.75,1.79,1.83,1.72,1652846400000000000,1551
SOPH,66433,4.98,4.45,5.1225,4.35,1652846400000000000,1316
SOR,54128,38.5,37.74,40.19,37.62,1652846400000000000,1180
SOS,4903230,0.4,0.3883,0.409,0.3823,1652846400000000000,7639
SOTK,722,5.49,5.6434,5.6434,5.49,1652846400000000000,45
SOUN,642633,6.06,5.19,6.27,5.15,1652846400000000000,4631
SOUNW,73545,0.4303,0.4111,0.4949,0.40355,1652846400000000000,182
SOVO,259943,14.21,13.16,14.21,12.97,1652846400000000000,4242
SOXL,61497837,23.395,20.85,24.345,20.53,1652846400000000000,352349
SOXQ,30223,23.83,22.95,23.99,22.85,1652846400000000000,514
SOXS,13753769,46.1,50.58,51.16,44.4,1652846400000000000,103637
SOXX,1193738,413.84,399.58,419.59,397.88,1652846400000000000,24850
SOYB,102541,28.37,27.9,28.37,27.885,1652846400000000000,1035
SP,89932,31.68,30.81,31.75,30.61,1652846400000000000,1804
SPAB,2612492,26.53,26.6,26.6199,26.462,1652846400000000000,2736
SPAK,2237,14.77,14.5,14.77,14.46,1652846400000000000,45
SPAX,23351,20.4272,20.365,20.4272,20.36,1652846400000000000,89
SPB,236892,89.91,85.06,89.91,84.7,1652846400000000000,5558
SPBC,1887,22.66,21.8898,22.66,21.885,1652846400000000000,48
SPBO,61373,29.81,29.9212,29.9212,29.792,1652846400000000000,235
SPC,16526,20.44,20.45,20.45,20.44,1652846400000000000,55
SPCB,611648,0.3454,0.332,0.355799,0.3235,1652846400000000000,1069
SPCE,10125359,6.6,6.37,6.93,6.32,1652846400000000000,52575
SPCMU,700,10.04,10.05,10.05,10.04,1652846400000000000,2
SPCX,2979,27.3201,27.32,27.3201,27.31,1652846400000000000,67
SPD,194832,28.4,28.05,28.49,27.9623,1652846400000000000,399
SPDN,3729793,16.13,16.59,16.64,16.13,1652846400000000000,4068
SPDV,18498,31.62,30.9816,31.7,30.965,1652846400000000000,142
SPDW,13957789,31.44,30.95,31.47,30.9,1652846400000000000,19328
SPE,25987,13.5,13.17,13.5,13.11,1652846400000000000,212
SPEpC,16424,24.2,24.2,24.2,24.2,1652846400000000000,338
SPEM,4228596,35.19,34.63,35.29,34.56,1652846400000000000,11033
SPEU,14713,35.72,35.125,35.72,35.1,1652846400000000000,93
SPFF,35914,10.34,10.29,10.34,10.28,1652846400000000000,206
SPFI,24045,23.61,23.35,24.2599,23.06,1652846400000000000,483
SPG,1995992,119.32,113.67,119.69,113.16,1652846400000000000,36869
SPGpJ,513,66.45,65.91,66.45,65.91,1652846400000000000,11
SPGI,2448099,332.41,330.12,335.59,329.39,1652846400000000000,47506
SPGM,34662,49.42,48.28,49.5078,48.16,1652846400000000000,378
SPGP,108603,84.68,82.44,84.68,82.19,1652846400000000000,1026
SPGS,500,9.77,9.77,9.77,9.77,1652846400000000000,4
SPGS.WS,736,0.2849,0.268901,0.2849,0.26695,1652846400000000000,7
SPH,167112,17.2,16.73,17.2,16.6757,1652846400000000000,1272
SPHB,956917,65.46,63.5,65.96,63.15,1652846400000000000,6199
SPHD,1744445,47.73,46.59,47.77,46.43,1652846400000000000,12847
SPHQ,1019576,45.39,44.32,45.4,44.12,1652846400000000000,5183
SPHY,976211,23.33,23.22,23.35,23.21,1652846400000000000,1324
SPI,78892,1.96,1.89,1.97,1.86,1652846400000000000,666
SPIB,1767671,32.9,32.94,32.9668,32.8997,1652846400000000000,2533
SPIP,2686381,28.7,28.82,28.87,28.7,1652846400000000000,5234
SPIR,803175,1.34,1.43,1.49,1.34,1652846400000000000,4034
SPIR.WS,6711,0.1501,0.161,0.1899,0.15,1652846400000000000,36
SPKB,7575,9.78,9.77,9.78,9.76,1652846400000000000,19
SPKBU,756,9.78,9.83,9.83,9.78,1652846400000000000,3
SPKBW,3726,0.128,0.1961,0.2,0.1201,1652846400000000000,37
SPLB,1719352,24.25,24.53,24.53,24.25,1652846400000000000,3971
SPLG,5406722,47.43,46.11,47.48,45.9391,1652846400000000000,20411
SPLK,1846981,95.73,95.68,98.25,94.7,1652846400000000000,32719
SPLP,3976,44.7,43.59,44.75,43.59,1652846400000000000,91
SPLPpA,6803,23.585,23.5023,23.7499,23.4,1652846400000000000,67
SPLV,4182242,64.9,63.06,65.01,62.91,1652846400000000000,23454
SPMB,811773,22.96,23.06,23.1,22.94,1652846400000000000,1781
SPMD,1171929,43.13,41.98,43.2,41.84,1652846400000000000,5404
SPMO,33513,56.04,54.08,56.04,54.0212,1652846400000000000,100
SPMV,271,36.43,36.2597,36.43,36.2597,1652846400000000000,8
SPNE,65521,8.33,8.14,8.46,8.05,1652846400000000000,933
SPNS,86672,23.91,23.33,24.125,23.1319,1652846400000000000,1483
SPNT,983410,6.03,5.89,6.22,5.795,1652846400000000000,8552
SPNTpB,18911,25.7244,25.562,25.7244,25.51,1652846400000000000,130
SPOK,52361,7.34,7.31,7.34,7.23,1652846400000000000,445
SPOT,1797204,103.44,104.4,107.64,102.85,1652846400000000000,33843
SPPI,2063027,0.75,0.7301,0.8099,0.7301,1652846400000000000,8029
SPPP,72891,13.95,13.63,13.99,13.5194,1652846400000000000,588
SPR,1515851,31.99,31.02,32.8099,30.31,1652846400000000000,19619
SPRB,44837,1.43,1.42,1.54,1.3806,1652846400000000000,712
SPRC,6618,2.7705,2.49,2.7705,2.45,1652846400000000000,54
SPRE,3267,22.71,22.09,22.71,22.09,1652846400000000000,81
SPRO,452402,1.62,1.44,1.62,1.43,1652846400000000000,3361
SPRX,954,14.37,13.9724,14.37,13.93,1652846400000000000,10
SPSB,2823199,29.84,29.86,29.89,29.84,1652846400000000000,3460
SPSC,329989,101.79,97.67,103.34,96.41,1652846400000000000,7171
SPSK,21010,18.15,18.125,18.17,18.11,1652846400000000000,176
SPSM,1286230,38.65,37.79,38.7053,37.56,1652846400000000000,3426
SPT,626237,42.64,41.42,44.655,40.46,1652846400000000000,15611
SPTI,1154345,29.5,29.61,29.64,29.4802,1652846400000000000,1519
SPTKW,2908,0.097,0.1301,0.14,0.097,1652846400000000000,30
SPTL,3466332,33.12,33.68,33.71,33.07,1652846400000000000,7600
SPTM,848194,49.74,48.35,49.8,48.2099,1652846400000000000,3821
SPTN,558610,34.63,33.22,34.63,32.39,1652846400000000000,8494
SPTS,3266436,29.53,29.54,29.57,29.52,1652846400000000000,2049
SPUC,2751,27.75,27.6735,27.75,27.6735,1652846400000000000,10
SPUS,33961,27.81,26.84,27.81,26.75,1652846400000000000,638
SPUU,43825,82.35,77.61,82.37,77.07,1652846400000000000,641
SPVM,4866,51.46,50.0011,51.46,49.9476,1652846400000000000,63
SPVU,19624,43.27,42.38,43.27,42.13,1652846400000000000,140
SPWH,956183,9.6,9.2,9.6,8.85,1652846400000000000,12261
SPWR,2732799,15.6,15.71,16.64,15.55,1652846400000000000,28984
SPXB,68,77.2844,77.2844,77.2844,77.2844,1652846400000000000,4
SPXC,372447,47.48,47.43,48.23,47.28,1652846400000000000,6187
SPXE,220,83.1976,83.1976,83.1976,83.1976,1652846400000000000,20
SPXL,11188000,82.49,75.23,82.6599,74.37,1652846400000000000,97280
SPXN,904,83.126,82.9226,83.156,82.9226,1652846400000000000,13
SPXS,28490328,23.37,25.3,25.52,23.325,1652846400000000000,68227
SPXT,68,68.3753,68.3753,68.3753,68.3753,1652846400000000000,4
SPXU,26086396,17.73,19.2,19.36,17.69,1652846400000000000,46073
SPXV,0,81.1825,81.1825,81.1825,81.1825,1652846400000000000,0
SPXX,91063,16.12,15.86,16.12,15.7562,1652846400000000000,382
SPXZ,696,11.25,10.9456,11.25,10.93,1652846400000000000,33
SPY,117284138,403.5,391.86,403.8,390.55,1652846400000000000,967488
SPYC,130379,28.53,27.9618,28.6413,27.96,1652846400000000000,68
SPYD,3105193,44.1,43.04,44.16,42.86,1652846400000000000,23011
SPYG,2275752,55.54,53.77,55.67,53.56,1652846400000000000,16979
SPYV,2863237,39.64,38.61,39.65,38.465,1652846400000000000,10472
SPYX,67450,98.2,95.5,98.21,95.27,1652846400000000000,762
SQ,24666255,82.73,82.06,89.0962,81.48,1652846400000000000,211097
SQEW,9438,29.36,28.7258,29.365,28.7258,1652846400000000000,60
SQFT,49809,3.26,3.1,3.3198,3.06,1652846400000000000,304
SQFTP,8812,22.5,22.5184,23.07,22.46,1652846400000000000,72
SQFTW,13813,0.172,0.172,0.1721,0.172,1652846400000000000,29
SQL,11668,0.79,0.8,0.839,0.7303,1652846400000000000,88
SQLLW,400,0.18,0.199799,0.199799,0.18,1652846400000000000,3
SQLV,701,35.7699,35.1826,35.7699,35.1826,1652846400000000000,7
SQM,2755782,88.17,90.21,93.14,88.17,1652846400000000000,32002
SQNS,55799,3,3.0184,3.15,2.9975,1652846400000000000,96
SQQQ,130384665,52.2,57.21,57.92,51.84,1652846400000000000,794219
SQSP,614848,20.85,20.3,21.45,19.8705,1652846400000000000,9669
SQZ,144017,3.15,3.19,3.3,3.08,1652846400000000000,1755
SR,451733,78.04,76.72,78.115,76.1589,1652846400000000000,9660
SRpA,60943,23.74,23.8047,24,23.63,1652846400000000000,285
SRAD,469898,10.2,9.63,10.4,9.57,1652846400000000000,3755
SRAX,164081,3.41,3.18,3.58,3.13,1652846400000000000,1138
SRC,606101,42.63,41.23,42.7184,41.09,1652846400000000000,12498
SRCpA,2418,23.25,23.33,23.65,23.25,1652846400000000000,63
SRCE,61636,43.83,43.86,44.095,43.62,1652846400000000000,1192
SRCL,426997,47.1,47.37,48.23,47.07,1652846400000000000,9114
SRDX,68193,37.98,37,38.99,36.68,1652846400000000000,1185
SRE,1481880,164.35,162.78,165.3,162.32,1652846400000000000,29318
SREA,110540,23.09,23.3,23.31,22.93,1652846400000000000,713
SRET,314100,8.54,8.42,8.54,8.4,1652846400000000000,1251
SREV,1031464,1.43,1.44,1.45,1.43,1652846400000000000,2518
SRG,615630,8.2,8,8.3,7.875,1652846400000000000,6009
SRGpA,5326,18.24,18.17,18.275,17.99,1652846400000000000,155
SRGA,175885,5.05,5.19,5.59,4.93,1652846400000000000,2258
SRI,122407,18.66,19.05,19.12,18.66,1652846400000000000,3160
SRL,2485,8.38,8.24,8.38,8.16,1652846400000000000,68
SRLN,5297843,43.04,42.89,43.1,42.82,1652846400000000000,12684
SRLP,7526,15.88,15.84,16.0644,15.5122,1652846400000000000,96
SRNE,10195627,1.54,1.51,1.615,1.5,1652846400000000000,20652
SRPT,693401,70.49,68.47,71.56,67.5,1652846400000000000,13056
SRRA,243166,54.6,54.65,54.7,54.53,1652846400000000000,4487
SRRK,663545,5.8,5.28,5.866,5.02,1652846400000000000,8478
SRS,256333,16,16.71,16.82,15.869,1652846400000000000,882
SRSA,1444,9.87,9.9,9.9,9.87,1652846400000000000,5
SRSAU,172,9.92,9.92,9.92,9.92,1652846400000000000,3
SRSAW,7346,0.2059,0.1419,0.23,0.12,1652846400000000000,68
SRT,76758,3.18,3.22,3.28,3.15,1652846400000000000,1293
SRTS,120617,9.21,8.81,9.46,8.76,1652846400000000000,1755
SRTY,1725555,64.88,69.18,70.34,63.95,1652846400000000000,11304
SRV,3905,33.24,32.33,33.24,32.33,1652846400000000000,26
SRVR,103420,35.14,34.58,35.21,34.48,1652846400000000000,948
SRZN,16666,2.56,2.65,2.99,2.56,1652846400000000000,207
SSAA,2166,9.79,9.79,9.79,9.79,1652846400000000000,6
SSAAW,326980,0.14,0.12,0.14,0.12,1652846400000000000,5
SSB,287379,76.34,75.58,76.8579,74.42,1652846400000000000,7814
SSBI,3871,15.6497,15.51,15.6999,15.28,1652846400000000000,91
SSBK,2737,23,23,23,22.4,1652846400000000000,69
SSD,168357,102.97,101.95,105.27,101.51,1652846400000000000,4911
SSFI,100,22.6801,22.7,22.7,22.6801,1652846400000000000,1
SSG,51502,24.2145,26.1132,26.19,23.72,1652846400000000000,509
SSIC,1898,12.82,12.38,12.83,12.01,1652846400000000000,29
SSKN,3401,1.17,1.13,1.1701,1.13,1652846400000000000,59
SSL,249561,24.75,23.86,24.92,23.8,1652846400000000000,3771
SSLY,0,41.8788,41.8788,41.8788,41.8788,1652846400000000000,0
SSNC,1979401,60.57,59.28,60.97,59.22,1652846400000000000,17962
SSNT,15928,2.51,2.6,2.6499,2.47,1652846400000000000,98
SSO,9337446,51.69,48.68,51.76,48.32,1652846400000000000,47102
SSP,335964,15.76,15.88,16.19,15.76,1652846400000000000,6070
SSPX,0,18.9522,18.9522,18.9522,18.9522,1652846400000000000,0
SSPY,7256,63.9798,63.2708,63.99,63.27,1652846400000000000,30
SSRM,1354796,19.49,19.12,19.52,19.01,1652846400000000000,13743
SSSS,262029,7.8409,7.42,7.89,7.3718,1652846400000000000,3021
SSSSL,1004,25.45,25.455,25.455,25.45,1652846400000000000,4
SST,268920,10.83,11.19,11.49,10.67,1652846400000000000,3228
SST.WS,290289,1.61,1.66,1.71,1.52,1652846400000000000,805
SSTI,35888,28.22,27.89,29.06,27.85,1652846400000000000,1120
SSTK,525356,60.81,56.9,61.02,56.5,1652846400000000000,10862
SSU,46087,7.4,7,7.5,6.92,1652846400000000000,323
SSU.WS,6747,0.2301,0.1885,0.2302,0.1885,1652846400000000000,8
SSUS,28991,32.212,31.33,32.2188,31.22,1652846400000000000,81
SSY,9714,1.0921,1.05,1.1012,1.05,1652846400000000000,117
SSYS,882727,18.76,18.86,19.7,18.58,1652846400000000000,14608
ST,724365,45.57,44.03,45.77,43.88,1652846400000000000,10661
STAA,494200,56.63,56.7,57.97,55.36,1652846400000000000,11354
STAB,947377,0.2507,0.243,0.2672,0.243,1652846400000000000,1358
STAF,31617,0.67,0.637,0.670001,0.62,1652846400000000000,134
STAG,1523683,34.4,32.45,34.5,32.32,1652846400000000000,22680
STAR,2362733,16.55,15.43,16.58,15.1,1652846400000000000,17750
STARpD,5668,25.09,25.14,25.16,25.04,1652846400000000000,47
STARpG,13246,24.82,24.94,25.25,24.82,1652846400000000000,92
STARpI,3881,24.6,24.69,24.699,24.6,1652846400000000000,38
STBA,278609,27.93,27.8,28.3,27.69,1652846400000000000,4167
STBL,1,22.26,22.26,22.26,22.26,1652846400000000000,1
STC,173570,57.53,56.56,58.35,55.96,1652846400000000000,3921
STCN,9482,1.19,1.19,1.25,1.19,1652846400000000000,51
STE,407556,219.45,219.11,220.62,218.47,1652846400000000000,12586
STEM,4475012,7.71,7.41,8.0489,7.33,1652846400000000000,40203
STEP,230237,25.79,25.46,26.32,25.33,1652846400000000000,4297
STER,211639,19.52,18.24,19.8285,18.16,1652846400000000000,4356
STET,250000,9.87,9.87,9.87,9.87,1652846400000000000,2
STET.WS,1002,0.2151,0.2414,0.2414,0.2151,1652846400000000000,11
STEW,51265,13.03,12.87,13.03,12.72,1652846400000000000,284
STG,71527,4.25,4.8,5.48,4.11,1652846400000000000,816
STGF,6700,24.95,24.8097,24.95,24.8097,1652846400000000000,41
STGW,400885,7.44,7.36,7.63,7.295,1652846400000000000,4148
STIM,179629,2.47,2.36,2.49,2.265,1652846400000000000,1769
STIP,1789903,103.62,103.6,103.695,103.435,1652846400000000000,9229
STK,39500,27.5,27.11,27.94,26.79,1652846400000000000,401
STKL,1202113,7.48,7.22,7.49,7.03,1652846400000000000,11093
STKS,92369,8.81,8.61,8.98,8.51,1652846400000000000,1556
STLA,5206549,14.38,13.95,14.41,13.905,1652846400000000000,21728
STLD,2218175,77.29,75.89,78.45,75.44,1652846400000000000,36237
STLG,1,29.9401,29.9401,29.9401,29.9401,1652846400000000000,1
STLV,0,27.331,27.331,27.331,27.331,1652846400000000000,0
STM,4475565,39.4,38.41,39.86,38.32,1652846400000000000,36693
STN,154407,44.03,43.24,44.46,43.06,1652846400000000000,2809
STNC,4,24.0426,24.0426,24.0426,24.0426,1652846400000000000,1
STNE,5880916,8.63,8.76,9.365,8.62,1652846400000000000,37845
STNG,894071,29.3,29.12,29.68,28.42,1652846400000000000,12621
STOK,240727,15.35,14.2,15.835,13.675,1652846400000000000,4331
STON,98152,2.47,2.34,2.49,2.32,1652846400000000000,704
STOR,3147498,27.37,26.59,27.46,26.53,1652846400000000000,24803
STOT,7593,46.84,46.8543,46.89,46.84,1652846400000000000,44
STPZ,454051,53.6,53.58,53.6381,53.49,1652846400000000000,1578
STRA,216331,64.77,64.45,66.48,64.13,1652846400000000000,3895
STRC,255180,3.96,3.85,4.15,3.84,1652846400000000000,4354
STRCW,33150,0.5909,0.53,0.5909,0.53,1652846400000000000,28
STRE.WS,200000,0.2,0.2,0.2,0.2,1652846400000000000,1
STRL,208149,23.6,23.44,25.18,23.25,1652846400000000000,3937
STRM,41692,1.2201,1.21,1.25,1.185,1652846400000000000,139
STRN,70850,1.67,1.64,1.724,1.64,1652846400000000000,396
STRNW,7403,0.23,0.3088,0.3088,0.23,1652846400000000000,21
STRO,380821,4.91,4.61,5.06,4.475,1652846400000000000,5105
STRR,42639,0.8027,0.821,0.83,0.79,1652846400000000000,140
STRS,24170,42.99,42.49,44.175,42.0801,1652846400000000000,1313
STRT,55933,32.55,30.12,33.15,29.5,1652846400000000000,798
STRY,378834,8.04,8.02,8.4,7.93,1652846400000000000,4408
STRY.WS,70633,1.1,1.19,1.26,1.085,1652846400000000000,241
STSA,9967,2.93,2.97,3.11,2.93,1652846400000000000,131
STSS,212569,1.24,1.23,1.34,1.19,1652846400000000000,563
STSSW,496,0.5049,0.5,0.5049,0.5,1652846400000000000,5
STT,2868641,68.97,66.97,69.01,66.65,1652846400000000000,27106
STTpD,141795,24.29,24.22,24.3572,23.84,1652846400000000000,1053
STTpG,73507,24.66,24.51,24.7528,24.29,1652846400000000000,540
STTK,104877,3.13,3.07,3.2,3.02,1652846400000000000,2228
STVN,302982,15.11,15.67,15.8,14.83,1652846400000000000,4080
STWD,2264849,23.57,23.06,23.65,23.015,1652846400000000000,15928
STX,1800290,85.9,84.1,86.51,83.2,1652846400000000000,29754
STXS,478639,1.89,1.78,1.91,1.77,1652846400000000000,3967
STZ,1254849,251,237.05,251,236.84,1652846400000000000,26058
STZ.B,288,280.54,280.54,280.54,280.54,1652846400000000000,13
SU,8164815,38.49,37.74,38.54,37.44,1652846400000000000,54005
SUAC.WS,1600,0.15,0.1522,0.1522,0.15,1652846400000000000,4
SUB,1138653,103.47,103.5,103.56,103.45,1652846400000000000,2622
SUBS,470,17.73,17.73,17.73,17.73,1652846400000000000,78
SUI,537852,160.63,153.32,160.63,152.96,1652846400000000000,13788
SUM,915431,26.76,26.67,26.97,26.31,1652846400000000000,12628
SUMO,1073261,7.7,7.66,8.08,7.55,1652846400000000000,10775
SUMR,13067,11.68,11.65,11.7,11.65,1652846400000000000,49
SUN,208966,41.55,40.24,41.7783,39.7,1652846400000000000,2622
SUNL,1371963,4.28,4.37,4.62,4.18,1652846400000000000,11376
SUNL.WS,21941,0.68,0.6752,0.76,0.6752,1652846400000000000,137
SUNW,1728555,1.84,1.87,2.05,1.78,1652846400000000000,7360
SUP,42282,3.85,3.92,3.96,3.82,1652846400000000000,283
SUPL,494,38.66,38.0254,38.6603,38.0254,1652846400000000000,11
SUPN,791785,27.71,26.95,27.99,26.88,1652846400000000000,11015
SUPV,288772,1.86,1.81,1.885,1.789,1652846400000000000,1260
SURF,421904,2.05,1.98,2.12,1.95,1652846400000000000,3403
SURG,24503,3.98,3.79,3.98,3.7101,1652846400000000000,117
SURGW,5200,0.7701,0.76,0.8,0.75,1652846400000000000,16
SUSA,201678,86.71,84.07,86.71,83.81,1652846400000000000,1549
SUSB,376314,24.22,24.22,24.26,24.2118,1652846400000000000,695
SUSC,1767295,23.35,23.49,23.49,23.35,1652846400000000000,1479
SUSL,1966221,70.33,68.47,70.4018,68.21,1652846400000000000,3452
SUZ,998817,10.44,10.21,10.58,10.165,1652846400000000000,6258
SVAL,13498,28.63,28.15,28.6416,27.96,1652846400000000000,108
SVC,1822319,6.62,6.34,6.81,6.31,1652846400000000000,15270
SVFA,323916,9.8,9.81,9.82,9.8,1652846400000000000,927
SVFAU,43319,9.85,9.83,9.85,9.83,1652846400000000000,203
SVFAW,51396,0.29,0.259899,0.29,0.2399,1652846400000000000,173
SVFB,1133,9.77,9.79,9.79,9.77,1652846400000000000,6
SVFC,533673,9.95,9.96,9.96,9.93,1652846400000000000,165
SVFD,42179,4,4.0332,4.0821,3.84,1652846400000000000,122
SVIX,2700358,11.12,9.79,11.1919,9.71,1652846400000000000,6544
SVM,988739,2.72,2.62,2.74,2.61,1652846400000000000,3545
SVNAW,2908,0.1702,0.2499,0.2499,0.1366,1652846400000000000,34
SVOL,112666,23.13,22.5,23.15,22.21,1652846400000000000,410
SVRA,73112,1.33,1.35,1.36,1.3,1652846400000000000,359
SVT,759,11.41,11.44,11.44,11.41,1652846400000000000,56
SVVC,4538,3.12,3.14,3.2,3.12,1652846400000000000,29
SVXY,8806454,49.38,46.33,49.54,46.14,1652846400000000000,77407
SWAG,2677,9.99,10,10,9.99,1652846400000000000,20
SWAGW,2400,0.2848,0.341,0.362,0.2848,1652846400000000000,20
SWAN,97601,27.85,27.66,27.8883,27.65,1652846400000000000,356
SWAR,3290,10.7399,10.2019,10.74,10.2019,1652846400000000000,40
SWAV,424259,161.9,162.34,168.505,160.1623,1652846400000000000,10597
SWBI,899785,14.28,13.51,14.33,13.335,1652846400000000000,12750
SWCH,3687113,33.5,33.45,33.51,33.39,1652846400000000000,30594
SWEB,1456,28.73,28.8152,28.91,28.73,1652846400000000000,28
SWET,1043,9.8,9.8,9.8,9.8,1652846400000000000,2
SWETU,1298,9.84,9.93,9.93,9.84,1652846400000000000,5
SWETW,739915,0.13,0.1499,0.1499,0.1202,1652846400000000000,14
SWI,335316,11.37,11.18,11.46,11.03,1652846400000000000,6020
SWIM,594941,10.69,10.23,10.94,9.91,1652846400000000000,8674
SWIR,457292,21.4,21.24,21.53,21,1652846400000000000,6188
SWK,1561541,121.13,116.15,121.27,115.79,1652846400000000000,27119
SWKH,10876,19.16,19.3,19.3,19.16,1652846400000000000,235
SWKS,2522563,105.12,101.79,105.99,101.4,1652846400000000000,39477
SWM,494698,28.31,28.01,28.405,27.8,1652846400000000000,7268
SWN,27136039,7.24,7,7.3,6.835,1652846400000000000,65867
SWSSW,3810,0.3435,0.3399,0.3435,0.275,1652846400000000000,24
SWT,7669,76.4,73.4634,76.4,73.2,1652846400000000000,99
SWTX,878435,36.43,35.22,37.53,34.875,1652846400000000000,11207
SWVL,147091,5.76,5.35,6.04,5.31,1652846400000000000,1744
SWVLW,4401,0.4802,0.5347,0.57,0.4802,1652846400000000000,36
SWX,369034,94.42,91.7,94.42,91.54,1652846400000000000,7598
SWZ,27833,8.05,7.97,8.05,7.95,1652846400000000000,157
SXC,923883,8.03,7.78,8.12,7.73,1652846400000000000,8818
SXI,74520,93.53,93.17,95.625,92.91,1652846400000000000,1800
SXQG,1430,20.255,19.8,20.255,19.8,1652846400000000000,5
SXT,259072,83.24,82.66,84.21,82.41,1652846400000000000,5357
SXTC,9600596,0.14,0.1125,0.1649,0.09,1652846400000000000,8190
SXUS,0,17.3356,17.3356,17.3356,17.3356,1652846400000000000,0
SY,412720,1.09,1.15,1.15,1.08,1652846400000000000,1781
SYBT,60756,52.73,53.14,53.68,52.4305,1652846400000000000,1925
SYBX,99392,1.16,1.1,1.1798,1.0625,1652846400000000000,501
SYF,6914085,34.81,33.08,35.04,32.94,1652846400000000000,61227
SYFpA,109020,19.7,19.36,19.8607,19.17,1652846400000000000,600
SYK,1099185,236.13,232.21,237.3724,231.195,1652846400000000000,23269
SYLD,65997,62.45,60.04,62.45,59.7169,1652846400000000000,491
SYN,476636,0.2244,0.226,0.234,0.2244,1652846400000000000,949
SYNA,509896,145.86,137.86,148.99,137.31,1652846400000000000,12862
SYNH,607939,70.69,67.47,71.3,67,1652846400000000000,12024
SYNL,13427,15.6935,15.64,15.96,15.5,1652846400000000000,350
SYPR,32725,2.24,2.23,2.36,2.19,1652846400000000000,289
SYRS,807466,0.77,0.7101,0.7807,0.695,1652846400000000000,4676
SYTA,366217,1.08,1.08,1.12,1.05,1652846400000000000,880
SYTAW,2371,0.2699,0.26,0.2699,0.1802,1652846400000000000,26
SYUS,0,39.9844,39.9844,39.9844,39.9844,1652846400000000000,0
SYY,1938650,84.91,80.71,85.27,80.38,1652846400000000000,29049
SZC,4292,41.2,40.22,41.2,40.01,1652846400000000000,57
SZK,27597,14.3499,15.35,15.44,14.33,1652846400000000000,167
SZNE,2657,34.91,33.58,34.91,33.58,1652846400000000000,26
SZZL,1025,9.9818,9.97,10.005,9.97,1652846400000000000,12
T,43334296,20.51,20.23,20.63,20.125,1652846400000000000,139926
TpA,99673,20.82,20.75,20.88,20.53,1652846400000000000,751
TpC,371366,19.64,19.5,19.64,19.3,1652846400000000000,1474
TA,181422,36.23,34.41,36.29,33.86,1652846400000000000,4066
TAC,260774,11.36,11.15,11.488,11.025,1652846400000000000,2876
TACA,13057,10.08,10.09,10.09,10.08,1652846400000000000,12
TACA.WS,260535,0.0875,0.07,0.0875,0.0651,1652846400000000000,197
TACK,130047,24.37,24.01,24.37,24,1652846400000000000,452
TACT,55703,4.85,4.9,5.08,4.76,1652846400000000000,421
TAGG,2146,44.62,44.7998,44.7998,44.62,1652846400000000000,25
TAGS,99262,35.98,35.49,35.98,35.29,1652846400000000000,513
TAIL,386958,16.93,17.53,17.57,16.93,1652846400000000000,1274
TAIT,6262,3.61,3.64,3.7,3.6,1652846400000000000,63
TAK,2111363,14.25,14.16,14.315,14.13,1652846400000000000,10069
TAL,13675930,3.68,3.89,4.05,3.65,1652846400000000000,17832
TALK,408615,1.19,1.16,1.21,1.13,1652846400000000000,1959
TALO,1896463,19.43,19.12,20.09,18.73,1652846400000000000,21377
TALS,126860,8.75,7.6,9.47,6.85,1652846400000000000,1606
TAN,1647186,63.6,63.84,65.82,62.97,1652846400000000000,19579
TANH,1109281,0.27,0.2601,0.27,0.247,1652846400000000000,1665
TANNI,4004,25.64,25.75,25.75,25.6,1652846400000000000,29
TANNL,3531,25.2,25.06,25.3,25.06,1652846400000000000,67
TANNZ,1273,25.29,25.25,25.3985,25.25,1652846400000000000,9
TAOP,26544,1.31,1.36,1.36,1.3,1652846400000000000,127
TAP,1847358,55.33,52.44,55.45,52.33,1652846400000000000,27231
TAP.A,1388,58.4,57.8,58.85,57.4,1652846400000000000,30
TARA,19909,3.16,3.08,3.1605,3.08,1652846400000000000,166
TARK,596949,20.41,20,22.4528,19.67,1652846400000000000,3229
TARO,6967,37.87,37.31,37.87,37.25,1652846400000000000,136
TARS,170862,13.3,13.36,13.95,13.25,1652846400000000000,2737
TASK,393720,22.69,22.02,23.81,21.85,1652846400000000000,6153
TAST,192769,1.48,1.42,1.48,1.41,1652846400000000000,2581
TATT,698,5.6167,5.855,5.86,5.6167,1652846400000000000,27
TAXF,55265,49.27,49.145,49.3,49.13,1652846400000000000,257
TAYD,752,8.7501,8.7501,8.7501,8.7501,1652846400000000000,37
TBB,76413,24.57,24.62,24.74,24.5,1652846400000000000,730
TBBK,575900,18.89,18.82,19.13,18.27,1652846400000000000,7837
TBC,60759,24.98,25.08,25.17,24.94,1652846400000000000,497
TBCP,20074,9.79,9.78,9.79,9.78,1652846400000000000,16
TBCPU,140906,9.83,9.83,9.83,9.825,1652846400000000000,53
TBCPW,7700,0.2554,0.2838,0.2838,0.2554,1652846400000000000,4
TBF,1841119,20.22,19.84,20.23,19.83,1652846400000000000,3091
TBI,202254,23.44,23.01,23.91,22.91,1652846400000000000,3332
TBJL,0,21.3383,21.3383,21.3383,21.3383,1652846400000000000,0
TBK,183993,68.31,66.3,69.59,65.47,1652846400000000000,4963
TBLA,1536894,3.05,2.99,3.11,2.93,1652846400000000000,9685
TBLD,70507,15.72,15.49,15.9,15.36,1652846400000000000,463
TBLT,115536,7.38,7.83,8,7.2702,1652846400000000000,791
TBLTW,7300,0.091,0.091,0.091,0.091,1652846400000000000,3
TBNK,22935,21.59,21.48,21.7734,21.06,1652846400000000000,383
TBPH,424117,8.94,8.62,8.98,8.61,1652846400000000000,6604
TBSA,515,9.75,9.75,9.75,9.75,1652846400000000000,4
TBSAW,1201,0.1601,0.2,0.2,0.1601,1652846400000000000,5
TBT,5924472,26.68,25.66,26.73,25.635,1652846400000000000,21609
TBUX,6554,49.11,49.065,49.11,49.065,1652846400000000000,39
TBX,221208,27.02,26.85,27.05,26.81,1652846400000000000,537
TC,442,2.14,2,2.14,2,1652846400000000000,16
TCAC,4043,9.94,9.95,9.95,9.94,1652846400000000000,20
TCACW,3710,0.31,0.29,0.35,0.28,1652846400000000000,16
TCBC,2472,12.35,12.4,12.655,12.35,1652846400000000000,20
TCBI,363666,53.21,52.33,53.84,52.02,1652846400000000000,9309
TCBIO,6608,22.42,22.5,22.63,22.08,1652846400000000000,102
TCBK,133174,43.14,42.71,43.31,42.415,1652846400000000000,2532
TCBP,149930,1.02,1.1,1.12,0.99,1652846400000000000,468
TCBS,959,16.53,16.365,16.53,16.06,1652846400000000000,29
TCBX,19621,23.02,23.14,23.28,23.01,1652846400000000000,428
TCDA,255290,9.97,9.57,9.97,9.4,1652846400000000000,4319
TCFC,3749,36.91,36.97,37.085,36.42,1652846400000000000,266
TCHI,568,18.77,18.5832,18.77,18.5832,1652846400000000000,7
TCHP,95581,23.34,22.62,23.448,22.56,1652846400000000000,443
TCI,6257,43.54,45.35,45.87,43.54,1652846400000000000,358
TCMD,346539,10.99,10.32,11.23,10.26,1652846400000000000,4992
TCN,740399,12.9,12.47,12.93,12.42,1652846400000000000,5903
TCOA,141,9.73,9.73,9.73,9.73,1652846400000000000,3
TCOM,4175858,21.4,21.53,22.08,20.94,1652846400000000000,30799
TCON,45317,1.88,1.88,1.99,1.85,1652846400000000000,281
TCPC,352940,13.55,13.19,13.62,13.17,1652846400000000000,3091
TCRR,216628,2.36,2.35,2.39,2.3127,1652846400000000000,2044
TCRT,1518254,0.505,0.4842,0.52,0.48,1652846400000000000,6257
TCRX,174454,3.17,3.58,3.74,3.07,1652846400000000000,795
TCS,1797443,7.875,7.72,8.1103,7.52,1652846400000000000,13298
TCTL,1551,29.8038,29.6264,29.8038,29.6264,1652846400000000000,2
TCVA,7723,9.73,9.71,9.73,9.71,1652846400000000000,11
TCX,45531,48.34,45.59,48.72,45.43,1652846400000000000,1204
TD,3690741,72.93,71.76,73.04,71.38,1652846400000000000,34985
TDC,739057,36.65,36.36,36.89,36.05,1652846400000000000,9661
TDCX,563573,11.88,12.91,13.81,11.85,1652846400000000000,8277
TDF,40727,12.09,11.95,12.14,11.915,1652846400000000000,356
TDG,544145,547.07,536.51,553.63,533.74,1652846400000000000,15434
TDIV,320366,55.1,53.51,55.1473,53.335,1652846400000000000,775
TDOC,5247152,32.44,30.87,32.94,30.67,1652846400000000000,50806
TDS,1125037,17.84,17.32,17.9,17.18,1652846400000000000,12838
TDSpU,18341,22.9,23.09,23.1445,22.5,1652846400000000000,154
TDSpV,40745,19.45,19.23,19.6399,19.14,1652846400000000000,254
TDSA,21719,22.27,22.28,22.29,22.27,1652846400000000000,22
TDSB,71046,22.26,22.28,22.29,22.26,1652846400000000000,28
TDSC,90841,23.5,23.42,23.5,23.41,1652846400000000000,146
TDSD,22134,22.3,22.28,22.36,22.28,1652846400000000000,72
TDSE,34627,22.96,22.91,22.9601,22.91,1652846400000000000,27
TDTF,137992,26.11,26.19,26.2,26.11,1652846400000000000,527
TDTT,699264,25.49,25.46,25.505,25.43,1652846400000000000,1663
TDUP,1184155,4.8,4.4,4.8,4.14,1652846400000000000,13447
TDV,10402,57.53,55.85,57.53,55.705,1652846400000000000,156
TDVG,23296,30.96,30.35,30.97,30.2615,1652846400000000000,153
TDW,458319,26.7,25.53,27.5,25.21,1652846400000000000,7391
TDW.WS,710,1.4701,1.41,1.4701,1.41,1652846400000000000,8
TDW.WS.A,2315,1.0001,1.0399,1.0399,1,1652846400000000000,9
TDW.WS.B,1413,0.7,0.59385,0.7,0.5802,1652846400000000000,11
TDY,229029,402.26,390.95,405.01,389.3,1652846400000000000,10187
TEAF,34917,14.39,14.36,14.69,14.28,1652846400000000000,240
TEAM,2743052,171.8,162.49,172.105,159.54,1652846400000000000,56543
TECB,17901,29.8,28.99,29.9215,28.98,1652846400000000000,136
TECH,240401,366.95,359.09,369.15,356.91,1652846400000000000,8694
TECK,3959761,40.05,39.16,40.24,38.89,1652846400000000000,42973
TECL,4718679,36.63,32.99,36.93,32.53,1652846400000000000,37716
TECS,4396078,44.44,48.42,48.92,43.97,1652846400000000000,31883
TECTP,5802,10.6,10.54,10.61,10.5,1652846400000000000,26
TEDU,16975,2.66,2.98,2.98,2.66,1652846400000000000,124
TEF,1307816,4.96,4.92,4.975,4.885,1652846400000000000,4211
TEI,168442,5.56,5.6,5.64,5.56,1652846400000000000,557
TEKK,21804,9.86,9.86,9.86,9.85,1652846400000000000,28
TEKKU,210300,9.9238,9.92,9.9238,9.9001,1652846400000000000,4
TEKKW,581228,0.1599,0.1703,0.1703,0.1474,1652846400000000000,45
TEL,1507262,127.55,122.32,127.62,121.84,1652846400000000000,23134
TELA,28223,8.89,8.99,9.315,8.6,1652846400000000000,547
TELL,18046746,4.77,4.62,4.98,4.485,1652846400000000000,42856
TELZ,7729,20.86,21.27,21.45,20.86,1652846400000000000,33
TEMP,120,36.5999,36.2739,36.5999,36.2739,1652846400000000000,4
TEN,1574245,16.3,15.97,16.32,15.74,1652846400000000000,11648
TENB,1373028,43.76,44.34,45.03,43.08,1652846400000000000,20385
TENG,756,19.1601,18.9168,19.1601,18.9168,1652846400000000000,15
TENX,7398,0.77,0.6758,0.7799,0.6305,1652846400000000000,64
TEO,30451,5.51,5.28,5.51,5.25,1652846400000000000,308
TEQI,23126,35.39,34.68,35.39,34.47,1652846400000000000,115
TER,1552046,106.43,102.8,108.34,102.5,1652846400000000000,24713
TERN,54885,1.53,1.61,1.65,1.49,1652846400000000000,831
TESS,4507,6.04,6.06,6.16,5.94,1652846400000000000,60
TETC,78560,9.75,9.75,9.7592,9.72,1652846400000000000,84
TETCU,56723,9.78,9.82,9.86,9.775,1652846400000000000,52
TETCW,1850,0.15,0.15,0.15,0.15,1652846400000000000,7
TETE,1402,9.98,9.98,9.98,9.96,1652846400000000000,14
TEVA,12383518,8.33,8.28,8.4975,8.23,1652846400000000000,33528
TEX,689816,34.22,32.93,34.88,32.55,1652846400000000000,11791
TFC,7099722,47.39,46.36,47.54,46.22,1652846400000000000,63643
TFCpI,10139,19.7895,19.62,20.09,19.5937,1652846400000000000,91
TFCpO,113015,22.23,21.84,22.23,21.67,1652846400000000000,1234
TFCpR,226124,19.79,19.7,19.8,19.36,1652846400000000000,1542
TFFP,150779,5.06,4.99,5.25,4.93,1652846400000000000,872
TFI,1321198,45.11,45.07,45.2287,45.07,1652846400000000000,10953
TFII,348989,83.14,76.9,83.14,76.61,1652846400000000000,6343
TFJL,434,21.5301,21.5801,21.5801,21.53,1652846400000000000,3
TFLO,537395,50.41,50.4,50.41,50.39,1652846400000000000,614
TFSA,1101,24.95,24.4891,24.95,24.4891,1652846400000000000,11
TFSL,375660,14.29,14.42,14.55,14.22,1652846400000000000,5668
TFX,609489,290.19,286.34,291.47,285.52,1652846400000000000,13888
TG,280279,11.5,11.71,12.035,11.5,1652846400000000000,4259
TGA,713006,4.2,4,4.2,3.92,1652846400000000000,3068
TGAN,66836,6.72,6.3,6.755,6.25,1652846400000000000,1423
TGB,2781158,1.63,1.53,1.65,1.51,1652846400000000000,7335
TGH,378445,31.79,30.43,32.07,30.0662,1652846400000000000,5357
TGHpA,2925,25.37,24.88,25.37,24.71,1652846400000000000,41
TGHpB,10322,22.665,22.27,22.665,22.21,1652846400000000000,70
TGI,4575098,16.05,17.9,18.315,15.59,1652846400000000000,42956
TGIF,355,95.175,95.175,95.175,95.175,1652846400000000000,73
TGLS,122778,21.61,21.02,21.98,20.85,1652846400000000000,1792
TGNA,1436917,21.31,21.02,21.325,21,1652846400000000000,12443
TGR,2148,10.03,10.01,10.03,10,1652846400000000000,21
TGR.U,2000,10.08,10.08,10.115,10.08,1652846400000000000,22
TGRW,3991,23.01,22.2662,23.025,22.2157,1652846400000000000,53
TGS,113793,6.58,6.32,6.58,6.0912,1652846400000000000,1253
TGT,50611538,163.072,161.61,167.9999,155.201,1652846400000000000,641679
TGTX,2396295,6.52,6.1,6.78,6.07,1652846400000000000,19721
TH,146339,6.17,6.05,6.349,6,1652846400000000000,2776
THAC,827,10.01,10.02,10.02,10.01,1652846400000000000,7
THACW,2500,0.17,0.1999,0.1999,0.16,1652846400000000000,17
THC,2984036,71.43,66.73,73.03,66.14,1652846400000000000,36989
THCA,629599,10.61,10.42,10.8117,10.32,1652846400000000000,2158
THCAU,100,10.69,10.69,10.69,10.69,1652846400000000000,1
THCAW,210575,0.251,0.3299,0.42,0.25,1652846400000000000,291
THCP,1029,9.78,9.78,9.8,9.78,1652846400000000000,21
THCPU,200,9.84,9.96,9.96,9.84,1652846400000000000,2
THCX,39543,5.33,5.05,5.33,4.99,1652846400000000000,383
THD,143271,73.65,72.89,73.775,72.76,1652846400000000000,1091
THFF,76775,43.82,43.6,43.82,43.17,1652846400000000000,1423
THG,135004,147.68,145.53,148.43,145.23,1652846400000000000,5036
THM,39135,0.7779,0.7501,0.7779,0.75,1652846400000000000,121
THMO,42912,0.3782,0.388499,0.418,0.37,1652846400000000000,166
THNQ,3168,27.7,27.2461,27.7456,26.89,1652846400000000000,36
THO,1200668,78,74.73,78.82,74.03,1652846400000000000,20292
THQ,66805,20.83,20.43,20.83,20.31,1652846400000000000,652
THR,88449,15.24,15.03,15.4846,14.885,1652846400000000000,1490
THRM,201240,66.22,66.15,68.04,65.63,1652846400000000000,4747
THRN,105059,6.07,5.8,6.42,5.79,1652846400000000000,1721
THRX,24713,7.89,7.35,8.0985,7.35,1652846400000000000,673
THRY,265902,24.41,24.4,24.88,23.92,1652846400000000000,5141
THS,531386,37.98,36.99,38.41,36.81,1652846400000000000,10109
THTX,14321,2.4,2.4,2.4499,2.4,1652846400000000000,69
THW,99480,16.03,15.73,16.05,15.7,1652846400000000000,588
THWWW,5814,0.32,0.36,0.4,0.32,1652846400000000000,24
THY,3374,23.68,23.68,23.68,23.66,1652846400000000000,30
TIG,117795,6.54,6.44,6.84,6.38,1652846400000000000,1631
TIGO,101006,22.345,21,22.49,20.82,1652846400000000000,1610
TIGR,2705270,3.82,3.81,4.06,3.7502,1652846400000000000,11168
TIL,363447,7.24,7.09,7.41,6.9801,1652846400000000000,5713
TILE,435668,13.9,14.03,14.61,13.56,1652846400000000000,5051
TILL,11383,40.39,40.02,40.39,39.98,1652846400000000000,115
TILT,18964,155.75,152.48,155.8,151.97,1652846400000000000,97
TIMB,578891,13.73,13.64,13.87,13.605,1652846400000000000,3544
TIME,138,18.2875,18.2875,18.2875,18.2875,1652846400000000000,8
TINT,7,33.5294,33.5294,33.5294,33.5294,1652846400000000000,7
TINV,69527,10.24,10.24,10.25,10.23,1652846400000000000,112
TINV.WS,3354,1.01,1.01,1.01,0.9601,1652846400000000000,14
TINY,109,31.65,31.65,31.65,31.65,1652846400000000000,6
TIOAU,350,9.81,9.81,9.81,9.81,1652846400000000000,1
TIOAW,100,0.1971,0.1971,0.1971,0.1971,1652846400000000000,1
TIP,14954627,118.63,118.97,119.19,118.61,1652846400000000000,53293
TIPD,2006,25.65,25.6169,25.65,25.6169,1652846400000000000,6
TIPL,26,24.26,24.26,24.26,24.26,1652846400000000000,2
TIPT,53082,10.69,10.5,10.87,10.45,1652846400000000000,737
TIPX,777089,20.08,20.1,20.12,20.056,1652846400000000000,2024
TIPZ,42036,60.09,60.325,60.42,60.09,1652846400000000000,477
TIRX,29633,0.709999,0.6873,0.709999,0.67,1652846400000000000,142
TISI,380188,1.1,1.03,1.14,1.02,1652846400000000000,2877
TITN,101708,24.22,23.43,24.5661,23.18,1652846400000000000,2729
TIVC,73025,1.6899,1.61,1.6899,1.49,1652846400000000000,403
TIXT,73160,24.36,23.69,24.53,23.3284,1652846400000000000,1407
TJX,26407474,61.45,60.19,63.04,59.01,1652846400000000000,223882
TK,496487,3.38,3.27,3.48,3.24,1652846400000000000,2763
TKAT,133613,1.88,1.92,1.95,1.86,1652846400000000000,827
TKC,826301,3.05,3,3.07,3,1652846400000000000,3127
TKLF,252388,1.5,1.45,1.65,1.44,1652846400000000000,562
TKNO,36041,10.5,9.6,10.96,9.55,1652846400000000000,1405
TKR,336879,59.58,58,60.625,57.645,1652846400000000000,7846
TLGA,5132,9.78,9.79,9.79,9.78,1652846400000000000,11
TLGA.U,1950,9.8,9.81,9.81,9.8,1652846400000000000,8
TLGA.WS,150,0.12,0.12,0.12,0.12,1652846400000000000,2
TLGY,25167,9.97,9.97,9.97,9.965,1652846400000000000,9
TLH,1275763,120.82,122.53,122.74,120.82,1652846400000000000,5091
TLIS,69462,1.06,1.03,1.06,1.03,1652846400000000000,720
TLK,259380,28.85,28.37,29.12,28.29,1652846400000000000,2742
TLRY,23769073,5.01,4.79,5.17,4.76,1652846400000000000,50328
TLS,399982,7.45,7.4,7.7,7.28,1652846400000000000,5668
TLSA,15414,0.811,0.8501,0.91,0.811,1652846400000000000,50
TLT,20396265,114.72,116.9,117,114.61,1652846400000000000,104965
TLTD,16670,62.61,61.69,62.62,61.69,1652846400000000000,69
TLTE,23672,51.43,50.7182,51.43,50.6859,1652846400000000000,147
TLYS,339407,8.56,8.23,8.7,8.14,1652846400000000000,5065
TM,341824,158.44,155.48,158.76,155.27,1652846400000000000,8464
TMAT,12597,13.67,13.3834,13.81,13.37,1652846400000000000,127
TMBR,304129,0.2912,0.245,0.2912,0.245,1652846400000000000,538
TMC,1340693,1.42,1.37,1.555,1.35,1652846400000000000,4608
TMCI,131769,15.8,14.63,15.8,14.568,1652846400000000000,2658
TMCWW,41452,0.269999,0.23,0.27,0.21,1652846400000000000,25
TMDI,74839,0.4593,0.465,0.4974,0.44,1652846400000000000,269
TMDV,1267,46.221,45.4753,46.221,45.4753,1652846400000000000,12
TMDX,154885,27.45,27.33,28.68,26.7642,1652846400000000000,2995
TME,23532928,3.95,4.06,4.16,3.94,1652846400000000000,45344
TMF,3848914,12.69,13.38,13.428,12.64,1652846400000000000,14457
TMFC,40087,33.77,32.7796,33.9256,32.661,1652846400000000000,454
TMFE,142582,16.34,15.1792,16.34,15.13,1652846400000000000,916
TMFG,13490,24.15,23.43,24.15,23.42,1652846400000000000,126
TMFM,11203,21.8712,21.33,21.8712,21.24,1652846400000000000,72
TMFS,34818,25.29,24.785,25.3831,24.785,1652846400000000000,83
TMFX,13787,14.57,14.0973,14.57,14.06,1652846400000000000,134
TMHC,1148146,28.29,27.34,28.55,27.2,1652846400000000000,16421
TMKR,108470,9.89,9.9,9.9,9.89,1652846400000000000,144
TMKRU,200,9.945,9.945,9.945,9.945,1652846400000000000,2
TMKRW,1400,0.141,0.141,0.141,0.141,1652846400000000000,1
TMO,1394240,547.44,542.17,550.35,539.21,1652846400000000000,39759
TMP,64634,72.83,72.53,73.8,72.12,1652846400000000000,2267
TMPM,506,9.87,9.87,9.87,9.87,1652846400000000000,3
TMPMW,100,0.109312,0.109312,0.109312,0.109312,1652846400000000000,1
TMQ,84385,0.876,0.9,0.92,0.876,1652846400000000000,275
TMST,989370,21.97,21.19,22.79,20.89,1652846400000000000,12045
TMUS,3704121,127.98,125.24,128.37,124.6301,1652846400000000000,42925
TMV,842176,105.81,99.7,105.93,99.33,1652846400000000000,9132
TMX,856743,43.39,41.77,43.39,41.55,1652846400000000000,7959
TNA,11682199,40.99,38.03,41.61,37.23,1652846400000000000,78663
TNC,105920,61.39,60.95,62.04,60.29,1652846400000000000,1940
TNDM,438247,72.57,71.54,73.98,71.16,1652846400000000000,9579
TNET,447665,81.24,76.78,81.67,76.71,1652846400000000000,8032
TNGX,238445,5.56,5.39,5.76,5.28,1652846400000000000,2896
TNK,550132,18.6,19.02,19.44,18.49,1652846400000000000,7529
TNL,1068981,50.06,48.85,50.72,48.161,1652846400000000000,15458
TNON,522876,5.2,5.36,5.96,5.11,1652846400000000000,3506
TNP,157388,11.57,11.26,12.01,11.14,1652846400000000000,1462
TNPpD,17191,24.7,24.6,24.7,24.5,1652846400000000000,94
TNPpE,18876,24.77,24.6,24.86,24.3,1652846400000000000,178
TNPpF,11846,24.25,24.3749,24.4,24.25,1652846400000000000,37
TNXP,2712041,2.22,1.92,2.24,1.91,1652846400000000000,12726
TNYA,114277,6.95,6.49,7.2,6.25,1652846400000000000,1456
TOI,78117,6.71,7.15,7.22,5.81,1652846400000000000,2225
TOK,100,84.292,84.292,84.292,84.292,1652846400000000000,7
TOKE,2282,9.81,9.28,9.81,9.275,1652846400000000000,72
TOL,1452779,47.85,46.39,47.85,46.095,1652846400000000000,21912
TOLZ,32927,48.82,48.31,48.834,48.191,1652846400000000000,139
TOMZ,10635,0.670101,0.7093,0.74,0.67,1652846400000000000,53
TOPS,227256,0.7057,0.678,0.7057,0.66,1652846400000000000,672
TOST,5560629,13.21,13.21,14.08,12.84,1652846400000000000,44478
TOTL,371499,42.85,42.92,43.01,42.829,1652846400000000000,1018
TOTR,289,44.29,44.2851,44.29,44.2851,1652846400000000000,8
TOUR,17672,0.505,0.5154,0.531,0.505,1652846400000000000,95
TOWN,145560,28.14,28.12,28.38,27.894,1652846400000000000,3073
TPAY,463,27.26,27.3161,27.3161,27.26,1652846400000000000,17
TPB,208201,28.39,27.67,28.66,27.49,1652846400000000000,4174
TPBAU,1390,9.75,9.75,9.75,9.75,1652846400000000000,4
TPC,428504,10.19,10.22,10.83,10.04,1652846400000000000,5727
TPG,344403,28.47,27.21,28.88,27.11,1652846400000000000,5185
TPGY,18863,9.88,9.88,9.8899,9.88,1652846400000000000,125
TPGY.U,500,9.9301,9.95,9.96,9.9301,1652846400000000000,7
TPGY.WS,1381,0.3101,0.3101,0.3101,0.3101,1652846400000000000,3
TPH,1216388,20.9,20.08,20.9,20.015,1652846400000000000,16040
TPHD,20012,32.31,31.44,32.31,31.42,1652846400000000000,173
TPHE,7281,27,26.0591,27,26.01,1652846400000000000,70
TPHS,5074,1.23,1.24,1.29,1.23,1652846400000000000,46
TPIC,603458,12.31,12.74,13.42,12.27,1652846400000000000,11381
TPIF,5777,24.55,24.31,24.565,24.2709,1652846400000000000,70
TPL,23455,1399,1354.24,1399,1340,1652846400000000000,2635
TPLC,6971,33.24,32.5835,33.24,32.56,1652846400000000000,151
TPLE,3664,23.96,23.735,24.015,23.733,1652846400000000000,77
TPOR,133927,33.32,27.06,33.425,26.76,1652846400000000000,2250
TPR,5085888,31.5,31.85,33.02,31.1,1652846400000000000,53327
TPSC,4034,30.46,29.81,30.46,29.705,1652846400000000000,79
TPST,28681,3.05,3.07,3.14,2.9569,1652846400000000000,310
TPTA,6642,24,23.8999,24,23.5001,1652846400000000000,55
TPTX,848193,34.35,34.33,36.78,33.86,1652846400000000000,12857
TPVG,135135,15,14.63,15.03,14.55,1652846400000000000,1400
TPX,3619892,25.86,25.08,25.88,24.64,1652846400000000000,33717
TPYP,51341,26.93,26.58,27.03,26.36,1652846400000000000,424
TPZ,14349,14.21,14.0095,14.2101,13.925,1652846400000000000,259
TQQQ,164052564,31.46,28.15,31.69,27.69,1652846400000000000,741262
TR,143267,33.61,32.48,33.795,32.075,1652846400000000000,3251
TRAQ.WS,7500,0.15,0.15,0.15,0.15,1652846400000000000,4
TRC,44308,17.52,16.91,17.64,16.855,1652846400000000000,689
TRDA,82248,5.99,6.05,6.12,5.69,1652846400000000000,1617
TRDF,300,22.64,22.61,22.64,22.6083,1652846400000000000,3
TREC,135806,9.64,9.6,9.64,9.54,1652846400000000000,784
TREE,147970,67.12,64.63,68.305,64.455,1652846400000000000,5226
TREX,1216224,60.02,60.15,61.7599,59.27,1652846400000000000,21382
TRGP,1582478,73.3,69.77,73.52,68.65,1652846400000000000,28606
TRHC,263083,3.12,2.81,3.18,2.8,1652846400000000000,3962
TRI,814793,95.74,94.78,96.11,94.47,1652846400000000000,12616
TRIB,32042,1.21,1.2,1.26,1.19,1652846400000000000,100
TRIN,92187,15.81,15.38,15.87,15.27,1652846400000000000,1489
TRIP,1482249,25.08,24.89,25.86,24.77,1652846400000000000,19101
TRIS.WS,1600,0.328501,0.3597,0.434201,0.3285,1652846400000000000,16
TRKA,2840175,0.39,0.578,0.5999,0.388,1652846400000000000,4723
TRKAW,35402,0.139999,0.139663,0.17,0.139663,1652846400000000000,118
TRMB,1102681,66.18,64.76,66.69,64.34,1652846400000000000,15700
TRMD,354528,13.01,12.86,13.39,12.61,1652846400000000000,3395
TRMK,376364,27.73,27.78,28.065,27.46,1652846400000000000,6734
TRMR,225530,10.96,10.7,11.01,10.45,1652846400000000000,2486
TRN,640251,25.44,24.88,25.77,24.76,1652846400000000000,10327
TRND,31064,27.58,27.565,27.68,27.54,1652846400000000000,73
TRNO,389542,63.09,60.38,63.27,60.04,1652846400000000000,7318
TRNS,68456,67.13,64.3,67.13,63.64,1652846400000000000,1599
TRON,512387,9.97,9.97,9.97,9.97,1652846400000000000,13
TROO,15359,2.91,2.805,3.19,2.75,1652846400000000000,257
TROW,1569659,123.89,121.31,124.61,120.96,1652846400000000000,29797
TROX,832276,18.07,17.73,18.25,17.44,1652846400000000000,9442
TRP,1537073,57.19,56.99,57.54,56.64,1652846400000000000,18371
TRPL,10,35.6266,35.6266,35.6266,35.6266,1652846400000000000,1
TRQ,873298,28,26.51,28.21,26.35,1652846400000000000,9426
TRS,278548,28.41,27.63,28.55,27.34,1652846400000000000,2545
TRST,93492,31.07,31.3,31.39,30.79,1652846400000000000,1630
TRT,9759,5.12,5.21,5.63,4.9312,1652846400000000000,118
TRTL,1710,9.672,9.67,9.672,9.67,1652846400000000000,4
TRTL.U,600,9.78,9.8,9.8,9.77,1652846400000000000,5
TRTL.WS,11494,0.3844,0.2882,0.4045,0.2649,1652846400000000000,49
TRTN,429728,62.48,60.89,62.845,60.51,1652846400000000000,8408
TRTNpA,7656,26.35,26.15,26.35,26.01,1652846400000000000,35
TRTNpB,10242,25.38,25.42,25.71,25.38,1652846400000000000,77
TRTNpC,15566,24.82,24.6,25,24.6,1652846400000000000,127
TRTNpD,10029,24.5,24.49,24.54,24.31,1652846400000000000,56
TRTNpE,11529,21.5,21.42,21.63,21.35,1652846400000000000,87
TRTX,200536,10.35,10.24,10.43,10.14,1652846400000000000,3199
TRTXpC,2651,19.5999,19.5,19.5999,19.42,1652846400000000000,33
TRTY,23595,27.19,26.6,27.19,26.53,1652846400000000000,128
TRU,1232353,81.93,79.62,82.54,79.175,1652846400000000000,16592
TRUE,447882,3.13,3.11,3.19,3.055,1652846400000000000,4544
TRUP,603897,63.65,62.49,65.57,60.95,1652846400000000000,13642
TRV,1076174,176.82,174.32,177.11,173.95,1652846400000000000,21131
TRVG,243183,1.71,1.67,1.73,1.655,1652846400000000000,2230
TRVI,99804,2.22,2.24,2.325,2.17,1652846400000000000,525
TRVN,620290,0.2821,0.2728,0.2821,0.2712,1652846400000000000,2045
TRX,452681,0.3,0.308,0.3099,0.293,1652846400000000000,657
TRYP,7080,4.2184,4.1001,4.2385,4.1,1652846400000000000,118
TS,2340941,33.51,32.12,33.63,31.875,1652846400000000000,23656
TSAT,100201,13.91,15.05,15.55,13.85,1652846400000000000,2571
TSBK,52632,25.575,25.26,25.575,25.26,1652846400000000000,84
TSC,210798,29.71,28.7,29.86,28.64,1652846400000000000,3586
TSCAP,553,24.8,24.85,24.9606,24.8,1652846400000000000,7
TSCBP,933,24.45,24.3501,24.45,24.3501,1652846400000000000,6
TSCO,3114475,194.92,181.63,195.26,175.4,1652846400000000000,64214
TSE,360004,45.57,45.54,46.98,45.14,1652846400000000000,8058
TSEM,871031,47.24,46.18,47.33,46.11,1652846400000000000,9168
TSHA,265570,3.25,3.03,3.25,3.02,1652846400000000000,2568
TSI,54420,5.01,4.91,5.011,4.88,1652846400000000000,168
TSJA,700,24.95,24.2734,24.95,24.2734,1652846400000000000,4
TSLA,29012738,744.52,709.81,760.5,700.81,1652846400000000000,888559
TSLX,279731,21.59,21.01,21.63,20.93,1652846400000000000,2877
TSM,9555806,92.07,90.53,93.23,90.37,1652846400000000000,91038
TSN,4034566,90.96,84.75,91.03,84.11,1652846400000000000,51795
TSOC,36,27.4706,27.4706,27.4706,27.4706,1652846400000000000,3
TSP,1757829,8.31,7.95,8.8,7.9,1652846400000000000,19719
TSPA,246,23.5,23.1419,23.5,23.1419,1652846400000000000,11
TSPQ,4430,9.73,9.73,9.77,9.73,1652846400000000000,8
TSPQ.U,110,9.77,9.77,9.77,9.77,1652846400000000000,1
TSPQ.WS,7436,0.2,0.1999,0.2,0.1499,1652846400000000000,21
TSQ,8800,10.49,10.3,10.78,10.25,1652846400000000000,132
TSRI,1593,7.79,7.736,7.79,7.445,1652846400000000000,39
TSVT,891157,12.25,11.37,12.6,11.02,1652846400000000000,7401
TT,1502732,133.84,130.11,135.48,129.74,1652846400000000000,23691
TTAC,4735,47.57,46.06,47.57,46,1652846400000000000,42
TTAI,4714,29.3,28.902,29.3,28.81,1652846400000000000,26
TTC,393731,79.66,76.61,80.07,76.48,1652846400000000000,8099
TTCF,447598,7.31,6.87,7.33,6.845,1652846400000000000,6447
TTD,5942303,51.6,50.78,54.64,50.15,1652846400000000000,57799
TTE,1727489,55.44,54.4,55.815,54.19,1652846400000000000,18688
TTEC,141713,63.97,62.14,64.66,60.84,1652846400000000000,3949
TTEK,450525,126.39,124.36,128.68,122.9,1652846400000000000,9664
TTGT,191987,65.64,65.92,67.605,64.64,1652846400000000000,4850
TTI,940738,4.6,4.33,4.655,4.265,1652846400000000000,6515
TTM,851974,26.81,26.11,27.19,25.88,1652846400000000000,6734
TTMI,1028875,14.73,14.5,15.02,14.47,1652846400000000000,12049
TTNP,1312672,0.5199,0.3965,0.5199,0.395,1652846400000000000,2534
TTOO,2283018,0.225,0.2079,0.23,0.1999,1652846400000000000,3293
TTP,7011,29.9,29.56,29.96,29.1,1652846400000000000,64
TTSH,179370,4.66,4.47,4.66,4.36,1652846400000000000,2412
TTT,228800,60,56.6,60.065,56.46,1652846400000000000,1939
TTWO,4140876,121.28,123.05,125.695,120.68,1652846400000000000,67435
TU,1472137,24.67,24.31,24.72,24.23,1652846400000000000,11272
TUEM,695432,0.62,0.56,0.62,0.5548,1652846400000000000,384
TUFN,609396,12.5,12.54,12.57,12.45,1652846400000000000,3911
TUP,2739861,7,6.33,7,6.25,1652846400000000000,21077
TUR,491407,20.39,20.33,20.48,20.24,1652846400000000000,1793
TURN,4680,6.19,6.34,6.34,6.17,1652846400000000000,28
TUSK,81173,1.97,2,2.02,1.88,1652846400000000000,597
TUYA,1521415,2.59,2.56,2.835,2.52,1652846400000000000,7844
TV,1587796,8.74,8.57,8.895,8.535,1652846400000000000,10330
TVC,36330,23,23.04,23.39,22.95,1652846400000000000,234
TVE,13748,22.74,22.97,22.9853,22.74,1652846400000000000,81
TVTX,592981,25.29,25.05,25.88,24.94,1652846400000000000,7220
TVTY,1242259,32.05,32.09,32.135,31.965,1652846400000000000,8980
TW,565215,64.76,63.39,65.14,63.06,1652846400000000000,10524
TWCB,8283,9.65,9.64,9.66,9.64,1652846400000000000,58
TWCBW,5450,0.2502,0.2502,0.2502,0.2502,1652846400000000000,3
TWI,685890,18.25,17.74,18.89,17.57,1652846400000000000,8912
TWIN,5674,13.51,12.62,13.51,12.5,1652846400000000000,161
TWIO,8789,9.31,9.315,9.33,9.28,1652846400000000000,15
TWKS,486351,15.72,15.65,16.05,15.35,1652846400000000000,6197
TWLO,2929372,100.86,97.61,105.34,96.45,1652846400000000000,46033
TWLV,2156,9.76,9.77,9.77,9.76,1652846400000000000,18
TWLVW,804,0.1094,0.1603,0.1603,0.1094,1652846400000000000,10
TWM,5873480,17.8146,18.62,18.82,17.6393,1652846400000000000,8816
TWN,5859,26.93,26.8,27.53,26.75,1652846400000000000,66
TWND,251,9.925,9.925,9.925,9.925,1652846400000000000,3
TWND.WS,63852,0.1514,0.1,0.1515,0.1,1652846400000000000,288
TWNI,246797,9.79,9.79,9.79,9.78,1652846400000000000,50
TWNI.WS,12574,0.1,0.1001,0.1001,0.1,1652846400000000000,80
TWNK,1836568,22.29,20.98,22.45,20.9,1652846400000000000,20105
TWO,5932066,5.16,5.01,5.16,5.01,1652846400000000000,19212
TWOpA,16902,23.1001,22.913,23.17,22.5501,1652846400000000000,170
TWOpB,32621,21.52,21.01,21.58,20.7,1652846400000000000,302
TWOpC,45855,20.75,20.15,20.75,19.95,1652846400000000000,423
TWOA,807,9.75,9.77,9.7896,9.75,1652846400000000000,11
TWOU,1568410,10.75,10.46,11.03,10.05,1652846400000000000,21125
TWST,2043508,32.61,34.28,34.66,32.53,1652846400000000000,18383
TWTR,23598870,37.42,36.85,38.72,36.575,1652846400000000000,146312
TX,371214,41.05,39.35,41.44,39.01,1652846400000000000,5719
TXG,1818610,48.96,47.33,50.32,47.25,1652846400000000000,26636
TXMD,562445,2.73,2.43,2.73,2.37,1652846400000000000,5814
TXN,5732111,173.4,170.3,174.91,169.68,1652846400000000000,76676
TXRH,1029131,76.03,71.95,76.87,71.22,1652846400000000000,23656
TXT,1395571,64.93,63.65,65.41,63.27,1652846400000000000,19546
TY,66007,28.68,28.09,29.12,27.94,1652846400000000000,627
TYp,800,50.0773,50.1999,50.1999,50.0773,1652846400000000000,8
TYA,19712,18.3191,18.52,18.55,18.309,1652846400000000000,55
TYD,6235,36.78,37.66,37.66,36.78,1652846400000000000,135
TYDEV,5497,13.49,15.2041,18.15,13.49,1652846400000000000,698
TYG,44493,32.9,32.2,32.9402,31.83,1652846400000000000,383
TYL,343961,341.43,331.13,343.04,327.97,1652846400000000000,12843
TYME,421470,0.25,0.2649,0.27,0.25,1652846400000000000,661
TYNE,141,14.7438,14.7438,14.7438,14.7438,1652846400000000000,9
TYO,87150,11.58,11.35,11.6,11.3,1652846400000000000,297
TYRA,33660,8.07,8.18,8.66,8.07,1652846400000000000,791
TZA,14152892,41.77,44.57,45.3256,41.16,1652846400000000000,85141
TZOO,97060,7.31,6.96,7.55,6.73,1652846400000000000,1038
TZPS,1534,9.8,9.8,9.8,9.8,1652846400000000000,7
TZPSU,200,9.8428,9.8428,9.8428,9.8428,1652846400000000000,3
TZPSW,1100,0.1301,0.1658,0.1658,0.1301,1652846400000000000,5
U,12090203,37.59,37.45,40.75,37.04,1652846400000000000,129410
UA,3524897,10.23,9.71,10.2868,9.635,1652846400000000000,21732
UAA,9346377,11.09,10.53,11.2267,10.44,1652846400000000000,55227
UAE,78749,17.78,17.35,17.78,17.28,1652846400000000000,612
UAL,12113067,46.21,44.63,47.155,44.27,1652846400000000000,105066
UAMY,323838,0.42,0.4015,0.4389,0.4015,1652846400000000000,501
UAN,82035,140,133.01,140.31,132.01,1652846400000000000,1387
UAPR,160067,25.199,24.9117,25.21,24.91,1652846400000000000,384
UAUG,3057,27.5,27.255,27.5,27.2402,1652846400000000000,14
UAV,232,24.13,23.4914,24.13,23.4914,1652846400000000000,8
UAVS,731355,0.8176,0.78,0.8395,0.7744,1652846400000000000,3907
UBA,191752,17.44,17.09,17.55,16.9,1652846400000000000,2481
UBCB,113,20.39,19.5543,20.39,19.5543,1652846400000000000,3
UBCP,14999,16.11,15.98,16.34,15.34,1652846400000000000,225
UBER,35607467,23.98,22.46,24.1882,22.34,1652846400000000000,215972
UBFO,8633,7.5,7.42,7.65,7.4,1652846400000000000,97
UBND,0,22.285,22.285,22.285,22.285,1652846400000000000,0
UBOT,6308,16.33,15.89,16.33,15.74,1652846400000000000,106
UBP,3155,15.86,15.19,15.86,15.19,1652846400000000000,83
UBPpH,4390,23.81,23.68,23.8277,23.65,1652846400000000000,56
UBPpK,9304,22.95,22.74,22.95,22.6801,1652846400000000000,72
UBR,3245,28.39,27.217,28.39,27.21,1652846400000000000,38
UBS,2929587,17.42,17.34,17.56,17.25,1652846400000000000,12923
UBSI,770981,35.42,35.61,35.87,35.24,1652846400000000000,14762
UBT,27105,32.7,33.86,33.86,32.65,1652846400000000000,275
UBX,161511,0.8115,0.8196,0.8598,0.8006,1652846400000000000,979
UCBI,664729,29.94,29.93,30.13,29.57,1652846400000000000,9342
UCBIO,3533,25.6,25.4,25.6,25.35,1652846400000000000,23
UCC,4675,25.6,25.1257,25.6,25.1257,1652846400000000000,42
UCIB,787,26.175,26.025,26.175,25.9283,1652846400000000000,11
UCL,5469,1.01,1.0128,1.07,1.01,1652846400000000000,54
UCO,515938,177.14,165.87,177.3482,163.12,1652846400000000000,7876
UCON,387190,24.92,24.935,24.9673,24.87,1652846400000000000,1067
UCRD,1,21.225,21.225,21.225,21.225,1652846400000000000,1
UCTT,402499,31.99,31.42,32.78,30.81,1652846400000000000,8110
UCYB,1847,29.14,27.313,29.14,26.79,1652846400000000000,79
UDEC,7192,28.3259,28.1145,28.3259,28.1,1652846400000000000,34
UDMY,366344,11.91,11.93,12.45,11.84,1652846400000000000,6761
UDN,23884,18.61,18.55,18.66,18.55,1652846400000000000,191
UDOW,6175238,58.07,53.42,58.19,52.77,1652846400000000000,63304
UDR,2220238,48.49,46.74,48.76,46.45,1652846400000000000,25332
UE,1680407,19.36,18.93,19.52,18.855,1652846400000000000,15332
UEC,12813697,3.68,3.36,3.76,3.3,1652846400000000000,32670
UEIC,54978,27.7,27.2,28.07,27.13,1652846400000000000,1432
UEPS,52760,4.93,4.97,5,4.87,1652846400000000000,301
UEVM,2683,42.95,42.6447,42.96,42.6447,1652846400000000000,12
UFAB,21532,1.44,1.53,1.56,1.44,1652846400000000000,179
UFCS,149012,31.06,31.49,31.71,30.64,1652846400000000000,2266
UFEB,11646,26.72,26.495,26.72,26.46,1652846400000000000,70
UFI,97370,14.52,14.28,14.82,14.22,1652846400000000000,1496
UFO,7795,21.86,21.47,22.065,21.386,1652846400000000000,188
UFPI,401691,78.26,77.51,79.37,76.7,1652846400000000000,8474
UFPT,31180,79.48,74.7,79.48,74.39,1652846400000000000,1232
UG,19917,18.23,19.08,19.59,17.66,1652846400000000000,317
UGA,124004,70.56,66.46,70.56,66.15,1652846400000000000,1500
UGCE,1542,23.08,22.5672,23.08,22.55,1652846400000000000,12
UGE,3130,19.8,19.1576,19.8,19.04,1652846400000000000,37
UGI,1782849,40.4,39.96,40.61,39.615,1652846400000000000,19408
UGIC,10014,97.04,96.31,97.04,96.01,1652846400000000000,58
UGL,106363,57.29,57.51,58.03,57.13,1652846400000000000,843
UGP,2068128,2.84,2.67,2.87,2.67,1652846400000000000,5569
UGRO,44667,6.28,6.2,6.5488,6.08,1652846400000000000,390
UHAL,31741,531.85,512.96,531.85,511.56,1652846400000000000,2374
UHS,968251,125.51,119.08,125.6,118.84,1652846400000000000,23156
UHT,86036,51.27,50.88,51.5,50.38,1652846400000000000,1745
UI,61135,247.43,242.54,250.42,240.37,1652846400000000000,3463
UIHC,145791,1.7,1.64,1.71,1.61,1652846400000000000,1916
UIS,421902,12.16,11.92,12.29,11.8,1652846400000000000,5466
UITB,4872,47.58,47.6701,47.7239,47.58,1652846400000000000,24
UIVM,1605,42.92,42.6429,42.92,42.6429,1652846400000000000,9
UJAN,48722,29.48,29.34,29.535,29.2713,1652846400000000000,178
UJB,116,61.6271,61.6271,61.6271,61.6271,1652846400000000000,5
UJUL,6084,25.85,25.693,25.85,25.66,1652846400000000000,29
UJUN,21088,27.215,27.0561,27.24,27.02,1652846400000000000,68
UK,21209,3.01,2.7,3.06,2.6138,1652846400000000000,242
UKOMW,3476,0.07,0.078,0.078,0.07,1652846400000000000,11
UL,3782386,45.41,44.2,45.45,44.1635,1652846400000000000,38097
ULBI,4502,4.94,4.93,4.94,4.6628,1652846400000000000,66
ULCC,2985059,9.53,9.44,10.01,9.415,1652846400000000000,23621
ULE,5404,11.26,11.14,11.29,11.1001,1652846400000000000,35
ULH,77277,26,25.3,26,24.86,1652846400000000000,1348
ULST,86577,39.985,39.97,39.9895,39.96,1652846400000000000,182
ULTA,1667515,380.93,350.45,383.015,344,1652846400000000000,45995
ULTR,19,47.75,47.75,47.75,47.75,1652846400000000000,3
ULVM,1329,65,62.8644,65,62.8644,1652846400000000000,21
UMAR,19498,28.85,28.62,28.92,28.57,1652846400000000000,100
UMAY,57328,26.79,26.5375,26.88,26.52,1652846400000000000,193
UMBF,147142,89.5,88.52,90.35,88.09,1652846400000000000,5780
UMC,7241592,8.56,8.32,8.6076,8.31,1652846400000000000,21008
UMDD,81885,21.05,19.45,21.24,19.35,1652846400000000000,521
UMH,357444,19.73,19.2,19.82,19.16,1652846400000000000,5336
UMHpC,14120,24.77,24.9,24.9535,24.77,1652846400000000000,92
UMHpD,4464,24.64,24.8226,24.95,24.64,1652846400000000000,47
UMI,17161,35.714,34.8599,35.714,34.5351,1652846400000000000,84
UMMA,4282,19.96,19.63,19.96,19.5,1652846400000000000,50
UMPQ,1906520,17.09,17.12,17.28,16.93,1652846400000000000,13796
UNAM,504,1.87,1.87,1.87,1.87,1652846400000000000,15
UNB,4078,28.52,28.96,29.74,28.51,1652846400000000000,86
UNCY,16845,0.82,0.8,0.82,0.7851,1652846400000000000,41
UNF,97621,165.4,161.08,165.89,160.17,1652846400000000000,3338
UNFI,1252696,40.9,39.65,41.15,38,1652846400000000000,19278
UNG,4900227,28.84,28.49,29.09,28.13,1652846400000000000,29280
UNH,3234410,488.26,471.38,489.21,468.36,1652846400000000000,74230
UNIT,1975615,10.61,10.57,10.715,10.42,1652846400000000000,16986
UNL,102873,25.88,25.26,25.88,24.98,1652846400000000000,537
UNM,1981948,36.18,35.18,36.325,34.905,1652846400000000000,25534
UNMA,43478,24.01,23.86,24.1263,23.8,1652846400000000000,284
UNOV,5828,27.7401,27.5689,27.7401,27.5401,1652846400000000000,43
UNP,2611547,232.32,224.99,232.35,224.08,1652846400000000000,51176
UNTY,20144,28.12,28.07,28.24,27.91,1652846400000000000,1267
UNVR,864136,28.75,28.34,29.375,28.215,1652846400000000000,15172
UOCT,3179,27.07,26.8166,27.07,26.7789,1652846400000000000,11
UONE,815656,11.21,10.39,11.85,10.27,1652846400000000000,6828
UONEK,80733,6.86,6.53,6.86,6.5,1652846400000000000,1676
UP,1816641,2.62,2.5,2.68,2.475,1652846400000000000,7040
UP.WS,34030,0.4,0.4447,0.45,0.4,1652846400000000000,171
UPAR,6107,15.62,15.67,15.67,15.62,1652846400000000000,20
UPC,1822585,1.018,1.12,1.29,0.998,1652846400000000000,2758
UPH,459554,0.7919,0.78,0.805051,0.7597,1652846400000000000,1590
UPH.WS,6357,0.090101,0.0967,0.0967,0.09,1652846400000000000,17
UPLD,274855,13.21,12.89,13.44,12.6904,1652846400000000000,4555
UPRO,12196045,43.82,39.98,43.9162,39.51,1652846400000000000,79547
UPS,4270699,179.48,172.23,180.135,171.52,1652846400000000000,70808
UPST,24292244,43.65,48.34,52.9999,43.35,1652846400000000000,202051
UPTDW,1400,0.18,0.18,0.1802,0.18,1652846400000000000,3
UPV,523,47.2636,47.2636,47.2636,47.2636,1652846400000000000,21
UPW,14434,76,74.1151,76.18,74.11,1652846400000000000,87
UPWK,1934844,16.55,16.03,17.179,15.93,1652846400000000000,27307
URA,2054065,21.14,20.39,21.305,20.1647,1652846400000000000,16232
URBN,1904999,22.53,21.11,22.86,20.971,1652846400000000000,25149
URE,953,75.4,75.16,75.62,75.16,1652846400000000000,100
URG,2177586,1.18,1.16,1.21,1.105,1652846400000000000,4682
URGN,144914,5.78,5.53,5.89,5.4,1652846400000000000,2775
URI,872572,287.75,273.4,292.9,272.7,1652846400000000000,24768
URNM,511970,65.59,62.57,65.95,61.65,1652846400000000000,7334
UROY,358419,2.94,2.7,2.9483,2.65,1652846400000000000,1759
URTH,220326,115,112.04,115,111.74,1652846400000000000,2036
URTY,1193315,49.01,45.41,49.72,44.5,1652846400000000000,8318
USA,1090992,6.67,6.48,6.67,6.44,1652846400000000000,3080
USAC,102123,17.99,17.55,18.13,17.375,1652846400000000000,891
USAI,10047,29.3,28.7409,29.31,28.4721,1652846400000000000,77
USAK,115611,17.29,15.48,17.29,15.35,1652846400000000000,1386
USAP,6689,7.73,7.68,7.753,7.5,1652846400000000000,131
USAS,400993,0.73,0.674,0.73,0.674,1652846400000000000,1094
USAU,13788,4.53,4.22,4.6499,4.22,1652846400000000000,151
USB,6461049,49.4,49.1,49.48,48.87,1652846400000000000,65303
USBpH,167723,19.82,19.8,19.95,19.75,1652846400000000000,995
USBpP,111767,24.02,23.9117,24.16,23.78,1652846400000000000,760
USBpQ,94243,16.92,16.85,16.92,16.51,1652846400000000000,797
USBpR,141490,17.74,17.55,17.7799,17.27,1652846400000000000,1072
USBpS,156474,19.61,19.51,19.68,19.19,1652846400000000000,853
USBF,0,88.5006,88.5006,88.5006,88.5006,1652846400000000000,0
USCB,33110,13.09,13.08,13.32,12.81,1652846400000000000,1263
USCI,38405,58.48,57.19,58.54,57.09,1652846400000000000,495
USCT,830,10.02,10.01,10.02,10,1652846400000000000,10
USCTW,1300,0.2,0.2807,0.2807,0.2,1652846400000000000,11
USD,192899,26.9,24.94,27.7597,24.72,1652846400000000000,2224
USDP,51079,6.31,6.09,6.34,6.06,1652846400000000000,192
USDU,116933,27.67,27.69,27.77,27.57,1652846400000000000,626
USEG,164243,4,3.96,4.0551,3.82,1652846400000000000,1070
USEP,5822,26.88,26.6816,26.88,26.675,1652846400000000000,17
USEQ,178,33.6919,33.6919,33.6919,33.6919,1652846400000000000,18
USER,532565,4.64,4.52,4.685,4.36,1652846400000000000,4950
USFD,2167508,34.8,32.6,34.88,32.41,1652846400000000000,18043
USFR,1531853,50.37,50.36,50.37,50.36,1652846400000000000,1421
USHY,2377897,35.99,35.87,35.99,35.831,1652846400000000000,5145
USI,151,24.2,24.18,24.2,24.18,1652846400000000000,2
USIG,739029,51.37,51.61,51.63,51.37,1652846400000000000,3318
USIO,40942,2.55,2.32,2.59,2.32,1652846400000000000,272
USL,20183,40.37,39.09,40.42,38.82,1652846400000000000,234
USLB,2,37.3366,37.3366,37.3366,37.3366,1652846400000000000,1
USLM,3657,113,112.42,114,112.36,1652846400000000000,273
USM,79260,29.74,29.49,29.75,29.2,1652846400000000000,2369
USMC,52042,39,37.96,39.02,37.85,1652846400000000000,183
USMF,6280,38.5,37.5407,38.5,37.5407,1652846400000000000,62
USML,0,26.71,26.71,26.71,26.71,1652846400000000000,0
USMV,3636661,72.05,70.15,72.08,69.945,1652846400000000000,27516
USNA,79180,71.13,69.49,71.13,68.74,1652846400000000000,2735
USO,3882187,82.02,79.29,82.04,78.65,1652846400000000000,31232
USOI,3191246,5.82,5.69,5.82,5.67,1652846400000000000,7819
USPH,89365,107.3,105.77,107.3,104.35,1652846400000000000,2748
USRT,363178,57.46,55.81,57.53,55.65,1652846400000000000,1692
USSG,22754,37.04,35.97,37.04,35.9,1652846400000000000,119
UST,2905,53.84,54.6151,54.6151,53.84,1652846400000000000,55
USTB,54869,49.2075,49.2297,49.38,49.19,1652846400000000000,183
USVM,4041,64.73,63.2321,64.73,63.2321,1652846400000000000,41
USVT,10,25.825,25.825,25.825,25.825,1652846400000000000,1
USWS,1370542,0.57,0.5781,0.61,0.551,1652846400000000000,2386
USWSW,180330,0.075,0.06,0.08,0.06,1652846400000000000,126
USX,491247,3.35,3.14,3.35,3.06,1652846400000000000,4170
USXF,2643267,31.53,30.69,31.56,30.58,1652846400000000000,2918
UTAA,45610,9.95,9.94,9.99,9.93,1652846400000000000,187
UTAAW,104110,0.449,0.5292,0.531,0.4399,1652846400000000000,166
UTES,13528,46.89,46.4777,47.01,46.4777,1652846400000000000,105
UTF,302040,26.22,26.71,26.86,26.2149,1652846400000000000,2130
UTG,154378,32.75,32.46,33,32.46,1652846400000000000,1299
UTHR,369777,188.51,185.38,192.2,184.86,1652846400000000000,9717
UTI,218652,8.53,8.32,8.65,8.22,1652846400000000000,3337
UTL,127597,55.65,56.49,57.9879,54.61,1652846400000000000,3302
UTMD,16571,84.02,83.18,86.27,82.7,1652846400000000000,640
UTME,53605,1.14,1.16,1.23,1.1,1652846400000000000,243
UTRN,4604,25.9,25.1889,25.9,25.16,1652846400000000000,30
UTRS,7897,2.52,2.35,2.52,2.23,1652846400000000000,98
UTSI,8801,0.612,0.6152,0.6497,0.612,1652846400000000000,41
UTSL,48105,40.3,39.08,40.61,38.8,1652846400000000000,728
UTZ,665193,14.05,13.42,14.18,13.28,1652846400000000000,7895
UUP,2183970,27.69,27.77,27.78,27.63,1652846400000000000,3936
UUU,30239,3.36,3.37,3.4,3.1702,1652846400000000000,180
UUUU,5302872,6.44,5.88,6.53,5.76,1652846400000000000,29325
UVDV,2,9.7742,9.7742,9.7742,9.7742,1652846400000000000,2
UVE,203833,13.08,12.9,13.27,12.88,1652846400000000000,3197
UVIX,4068484,18.46,22.59,22.88,18.11,1652846400000000000,28983
UVSP,74875,25.24,25.09,25.3788,24.96,1652846400000000000,1634
UVV,150866,61.92,62.67,63.455,61.57,1652846400000000000,3065
UVXY,90002049,14.97,17.65,17.82,14.85,1652846400000000000,307675
UWM,943659,35.31,33.66,35.66,33.22,1652846400000000000,4844
UWMC,2496829,4.05,4.01,4.238,3.92,1652846400000000000,13544
UWMC.WS,16322,0.26,0.26,0.28,0.25,1652846400000000000,28
UXI,779,22.96,21.7991,22.96,21.74,1652846400000000000,15
UXIN,3362267,0.452,0.42,0.4609,0.4101,1652846400000000000,6237
UYG,30478,49.58,47.72,49.58,47.44,1652846400000000000,284
UYM,3776,99.0069,96.1469,99.0069,96.04,1652846400000000000,107
UZD,32103,21.79,21.52,21.8,21.46,1652846400000000000,272
UZE,85826,20.2,19.45,20.2,19.3657,1652846400000000000,689
UZF,27515,20.45,19.82,20.45,19.74,1652846400000000000,476
V,8688518,202.82,199.99,205.46,199.13,1652846400000000000,118419
VABK,9456,33.56,32.57,33.56,32.5,1652846400000000000,120
VABS,0,23.795,23.795,23.795,23.795,1652846400000000000,0
VAC,477330,144.04,141.24,146.5,140.57,1652846400000000000,11430
VACC,15487,4.59,4.6,4.8,4.51,1652846400000000000,151
VAL,751452,59.88,57.11,60.41,55.86,1652846400000000000,12125
VAL.WS,7789,8.82,8.28,8.82,8.28,1652846400000000000,99
VALE,26220634,15.73,15.62,15.8499,15.515,1652846400000000000,74222
VALN,10297,21.07,21,21.425,20.31,1652846400000000000,199
VALQ,4776,50.67,49.4045,50.67,49.39,1652846400000000000,71
VALT,3043,48.8,48.97,49,48.8,1652846400000000000,67
VALU,4759,72,71.88,72.67,71.01,1652846400000000000,289
VAMO,18428,26.8842,26.72,27.0047,26.65,1652846400000000000,141
VAPO,259563,3.27,3.17,3.32,3.13,1652846400000000000,3577
VAQC,25008,9.77,9.77,9.77,9.77,1652846400000000000,4
VATE,486295,2.32,2.4,2.47,2.32,1652846400000000000,2778
VAW,101518,183.36,179.28,183.77,178.56,1652846400000000000,1851
VAXX,253973,4.39,4.02,4.39,3.83,1652846400000000000,3388
VB,1043442,190.27,185.53,190.8965,184.68,1652846400000000000,11428
VBB,223,12.7069,12.7069,12.7069,12.7069,1652846400000000000,21
VBF,37274,15.88,15.93,16.0386,15.7716,1652846400000000000,139
VBFC,1212,50.79,51.67,51.77,50.79,1652846400000000000,31
VBIV,3189124,1.04,0.9699,1.06,0.9499,1652846400000000000,9188
VBK,469554,208.39,203.57,210.01,202.51,1652846400000000000,5636
VBLT,47972,1.55,1.57,1.59,1.5101,1652846400000000000,209
VBND,208451,45,45.17,45.28,45,1652846400000000000,147
VBNK,995,8.55,8.77,8.77,8.5,1652846400000000000,12
VBOCW,38654,0.2,0.2,0.2,0.2,1652846400000000000,9
VBR,627252,164.06,159.96,164.25,159.18,1652846400000000000,7096
VBTX,400472,33.09,32.33,33.48,31.97,1652846400000000000,6812
VC,206504,107.07,105.48,109.22,104.56,1652846400000000000,5770
VCAR,1688,10.17,10.3514,10.3514,10.16,1652846400000000000,28
VCEB,9375,63.33,63.62,63.65,63.33,1652846400000000000,88
VCEL,558582,27.76,26.88,28.08,26.21,1652846400000000000,8349
VCIF,19816,9.28,9.26,9.3,9.1099,1652846400000000000,91
VCIT,2471843,80.76,81.11,81.11,80.76,1652846400000000000,9908
VCKA,118697,10.19,10.19,10.19,10.19,1652846400000000000,83
VCKAW,6329,0.252,0.2499,0.252,0.2496,1652846400000000000,12
VCLN,0,20.2717,20.2717,20.2717,20.2717,1652846400000000000,0
VCLO,2853,8.2,8.1254,8.235,7.99,1652846400000000000,77
VCLT,701308,81.76,82.59,82.59,81.6401,1652846400000000000,2954
VCNX,87332,1.13,1.14,1.19,1.12,1652846400000000000,352
VCR,175284,247.44,237.94,248.06,236.07,1652846400000000000,3443
VCSA,1312324,4.46,4.25,4.56,4.15,1652846400000000000,11045
VCSH,5355373,76.67,76.72,76.81,76.66,1652846400000000000,10927
VCTR,315489,27.03,26.29,27.234,26.12,1652846400000000000,6788
VCV,188808,9.95,9.83,9.97,9.83,1652846400000000000,619
VCXA,7222,9.85,9.87,9.87,9.85,1652846400000000000,51
VCXAU,661,9.89,9.89,9.89,9.89,1652846400000000000,5
VCXAW,1526,0.1998,0.1699,0.1998,0.1699,1652846400000000000,9
VCXB,1246220,9.94,9.94,9.94,9.94,1652846400000000000,2
VCXB.WS,750,0.1599,0.1599,0.1599,0.1597,1652846400000000000,4
VCYT,886232,16.78,16.14,17.37,15.98,1652846400000000000,12734
VDC,467733,194.66,184.51,194.78,183.96,1652846400000000000,8036
VDE,829189,116.76,112.89,116.83,111.44,1652846400000000000,9227
VDNI,48,21.1958,21.1958,21.1958,21.1958,1652846400000000000,3
VEA,18732438,44.05,43.39,44.13,43.3,1652846400000000000,36742
VEC,38878,34.94,33.27,34.94,32.93,1652846400000000000,1128
VECO,415114,22.03,21.46,22.5,21.24,1652846400000000000,6880
VECT,53089,6.08,6,6.65,5.68,1652846400000000000,436
VEDU,3278136,20.19,5,21.85,4.15,1652846400000000000,25935
VEEE,2883,3.23,3.35,3.35,3.23,1652846400000000000,14
VEEV,1154618,162.05,153.1,162.775,152.51,1652846400000000000,24463
VEGA,2143,35.59,35.3892,35.6,35.3892,1652846400000000000,27
VEGI,191385,45.74,44.59,45.74,44.38,1652846400000000000,1484
VEGN,3541,34.36,33.22,34.36,33.14,1652846400000000000,106
VEL,9978,10.71,9.91,10.745,9.88,1652846400000000000,516
VELO,6769,9.7799,9.75,9.78,9.75,1652846400000000000,77
VELOU,200,9.7906,9.7906,9.7906,9.7906,1652846400000000000,1
VELOW,100,0.1501,0.1501,0.1501,0.1501,1652846400000000000,1
VENA,4230,10.2,10.23,10.23,10.2,1652846400000000000,22
VENAW,20916,0.0641,0.050101,0.0641,0.0348,1652846400000000000,41
VEON,2308389,0.5,0.5049,0.5049,0.485,1652846400000000000,2066
VERA,71603,17.39,16.41,17.7606,16.16,1652846400000000000,1626
VERB,6199531,0.43,0.4912,0.5788,0.43,1652846400000000000,9841
VERBW,43526,0.2504,0.304199,0.33,0.2504,1652846400000000000,102
VERI,733049,8.33,8.01,8.57,7.89,1652846400000000000,5076
VERO,99537,0.78,0.7114,0.803,0.7103,1652846400000000000,272
VERS,693,34.33,34.2064,34.405,34.2064,1652846400000000000,40
VERU,26605764,15.94,15.01,16.37,13.72,1652846400000000000,132905
VERV,553877,13.64,13.61,14.19,13.21,1652846400000000000,7211
VERX,110707,11.34,11.19,11.75,10.67,1652846400000000000,1900
VERY,3011,7.55,7,7.55,7,1652846400000000000,48
VET,2183751,20.89,19.47,20.9648,19.22,1652846400000000000,18681
VEU,9169049,52.93,52.1,53.02,52.03,1652846400000000000,25258
VEV,58455,1.62,1.52,1.629,1.5,1652846400000000000,384
VFC,4299697,46.79,45.97,47.15,45.44,1652846400000000000,45208
VFF,629203,3.26,3.02,3.29,2.99,1652846400000000000,4154
VFH,539650,82.88,81.39,82.94,81.025,1652846400000000000,4316
VFIN,1414,4.04,4.0387,4.11,4.0387,1652846400000000000,28
VFL,39541,11.31,11.11,11.31,11.09,1652846400000000000,130
VFLQ,16,91.1516,91.1516,91.1516,91.1516,1652846400000000000,7
VFMF,6980,98.98,95.7914,98.98,95.481,1652846400000000000,70
VFMO,5920,114.85,111.4536,114.85,111,1652846400000000000,102
VFMV,3590,99.75,96.9786,99.75,96.9786,1652846400000000000,36
VFQY,7586,105.59,102.085,105.59,102.0845,1652846400000000000,108
VFVA,78338,102.07,98.96,102.07,98.6965,1652846400000000000,212
VG,5053276,18.58,19.1,19.34,18.54,1652846400000000000,26372
VGFC,1783632,0.198,0.17,0.1992,0.1601,1652846400000000000,1768
VGI,30028,8.58,8.6,8.61,8.579,1652846400000000000,173
VGII,150518,9.92,9.93,9.94,9.92,1652846400000000000,305
VGII.U,25738,9.9901,10.005,10.0102,9.99,1652846400000000000,44
VGII.WS,16664,0.47,0.4675,0.47,0.45,1652846400000000000,93
VGIT,1459387,61.13,61.4,61.47,61.13,1652846400000000000,4032
VGK,6588224,57.4,56.46,57.485,56.39,1652846400000000000,34067
VGLT,1663508,70.28,71.44,71.53,70.19,1652846400000000000,11402
VGM,106785,10.38,10.29,10.4,10.24,1652846400000000000,387
VGR,1038966,12.28,12,12.44,11.95,1652846400000000000,10118
VGSH,2693487,58.99,59.05,59.09,58.99,1652846400000000000,5148
VGT,577948,350.95,339.59,352.334,338.35,1652846400000000000,17490
VGZ,145676,0.799,0.77,0.7999,0.7375,1652846400000000000,389
VHAQr,300,0.1306,0.1584,0.1584,0.1306,1652846400000000000,2
VHAQ.WS,15110,0.06,0.0621,0.0621,0.06,1652846400000000000,5
VHC,331890,1.35,1.29,1.3599,1.26,1652846400000000000,2404
VHI,79899,41.53,45.32,45.46,41.44,1652846400000000000,2142
VHNAW,50700,0.17,0.1797,0.1797,0.16,1652846400000000000,10
VHT,232828,238.55,233.9,239.075,233.21,1652846400000000000,5136
VIA,79046,8.23,8.21,8.375,8.1,1652846400000000000,1880
VIAO,6447,2.99,2.98,2.99,2.9724,1652846400000000000,77
VIASP,4250,24.3,24.05,24.3981,24,1652846400000000000,28
VIAV,2151833,14.46,14.51,14.78,14.33,1652846400000000000,19090
VICE,598,26.215,26.1777,26.25,26.1777,1652846400000000000,20
VICI,7234374,29.43,29.21,29.56,28.975,1652846400000000000,50793
VICR,171239,59.19,58.22,61.2,57.451,1652846400000000000,4672
VIDI,77972,24.54,24.1309,24.555,24.1,1652846400000000000,215
VIEW,1095222,0.6713,0.7475,0.78245,0.6566,1652846400000000000,5692
VIEWW,47175,0.125,0.13,0.13,0.1003,1652846400000000000,295
VIG,1987481,151.1984,146.64,151.35,146.18,1652846400000000000,26530
VIGI,306191,72.01,70.87,72.12,70.7359,1652846400000000000,2294
VIGL,58012,3.28,2.66,4.14,2.6,1652846400000000000,881
VII,141,9.81,9.81,9.81,9.81,1652846400000000000,4
VIIAW,1000,0.1431,0.1431,0.1431,0.1431,1652846400000000000,1
VINC,46711,1.99,1.86,1.99,1.86,1652846400000000000,727
VINE,5395,3.55,3.42,3.55,3.36,1652846400000000000,78
VINO,115403,1.11,1.14,1.1689,1.02,1652846400000000000,479
VINP,30406,10.84,11,11.4871,10.84,1652846400000000000,433
VIOG,8135,192.42,186.9921,192.42,185.72,1652846400000000000,239
VIOO,59959,181.43,177.75,182.03,176.66,1652846400000000000,842
VIOT,43274,1.5,1.48,1.5,1.41,1652846400000000000,275
VIOV,72203,166.27,163.81,167.307,163.2001,1652846400000000000,632
VIPS,14741832,8.14,8.39,8.66,8.09,1652846400000000000,58299
VIR,903627,22.32,22.71,23.06,22.14,1652846400000000000,12737
VIRC,1962,2.84,2.85,2.97,2.81,1652846400000000000,23
VIRI,35900,4.41,4.57,4.6699,4.3301,1652846400000000000,260
VIRS,10,27.3507,27.3507,27.3507,27.3507,1652846400000000000,6
VIRT,1002429,26.12,25.61,26.3,25.5,1652846400000000000,13829
VIRX,171742,2.04,2.04,2.14,2,1652846400000000000,2035
VIS,140751,175.93,171.12,176.24,170.79,1652846400000000000,1500
VISL,348022,0.6885,0.665,0.7424,0.6601,1652846400000000000,804
VIST,429366,8.82,8.21,8.85,8.1,1652846400000000000,2556
VITL,273749,9.62,9.64,9.79,9.4,1652846400000000000,4627
VIV,2037546,10.05,10.01,10.115,9.935,1652846400000000000,8833
VIVE,56541,0.7601,0.83,0.8448,0.7601,1652846400000000000,171
VIVK,50655,1.54,1.5,1.565,1.5,1652846400000000000,145
VIVO,308643,24.91,25.29,25.42,24.77,1652846400000000000,6644
VIXM,164187,34.77,36.14,36.37,34.77,1652846400000000000,748
VIXY,12562024,18.35,20.57,20.68,18.23,1652846400000000000,73715
VJET,8322,4,4,4.1,3.94,1652846400000000000,87
VKI,169067,9.03,9.03,9.1,9,1652846400000000000,496
VKQ,327251,10.03,9.91,10.03,9.88,1652846400000000000,621
VKTX,783313,2.38,2.23,2.38,2.22,1652846400000000000,6195
VLAT,43216,9.73,9.72,9.73,9.72,1652846400000000000,9
VLATW,305,0.1588,0.1636,0.1636,0.1588,1652846400000000000,6
VLCN,89475,1.19,1.1,1.19,1.1,1652846400000000000,415
VLD,1756501,2.63,2.57,2.79,2.525,1652846400000000000,10136
VLD.WS,3481,0.5,0.5105,0.5106,0.4805,1652846400000000000,21
VLDR,2003691,1.71,1.66,1.81,1.63,1652846400000000000,9244
VLDRW,7893,0.544951,0.469,0.544951,0.43,1652846400000000000,51
VLGEA,31938,23.13,22.8,23.16,22.67,1652846400000000000,589
VLN,255313,3.41,2.9,3.5,2.79,1652846400000000000,1575
VLN.WS,5496,0.3999,0.2824,0.3999,0.2824,1652846400000000000,15
VLNS,88365,0.8678,0.8465,0.8988,0.774,1652846400000000000,312
VLO,5431061,128.44,124.68,129.37,122.68,1652846400000000000,71374
VLON,346292,0.6067,0.5694,0.64,0.5555,1652846400000000000,938
VLRS,370105,14.43,14.32,14.96,14.26,1652846400000000000,3516
VLT,34697,10.7,10.64,10.71,10.23,1652846400000000000,226
VLTA,2451845,2.38,2.19,2.38,2.16,1652846400000000000,12304
VLTA.WS,19250,0.5,0.490101,0.5,0.4849,1652846400000000000,51
VLU,15184,144.515,141.115,144.515,141.115,1652846400000000000,286
VLUE,12712253,100.58,97.67,100.71,97.32,1652846400000000000,50035
VLY,2057212,11.88,11.74,11.975,11.695,1652846400000000000,17997
VLYPO,5071,22.55,22.7,22.73,22.51,1652846400000000000,56
VLYPP,15678,25.07,25.15,25.31,24.72,1652846400000000000,164
VMAR,7599,4.05,4.09,4.1,4.01,1652846400000000000,61
VMBS,1918684,48.02,48.25,48.315,48.01,1652846400000000000,6307
VMC,593985,163.05,160.53,163.83,159.895,1652846400000000000,15209
VMD,131825,5.56,5.51,5.78,5.48,1652846400000000000,1785
VMEO,1326446,8.88,8.78,9.17,8.66,1652846400000000000,15170
VMI,126974,252.5,248.57,256.31,245.9,1652846400000000000,5149
VMO,162191,10.11,10.05,10.15,9.96,1652846400000000000,684
VMOT,11093,24.8571,24.76,24.8571,24.76,1652846400000000000,76
VMW,1581376,100,93.63,100.72,92.76,1652846400000000000,28920
VNAM,2846,20.28,20.18,20.28,20.03,1652846400000000000,20
VNCE,4166,8.11,8.15,8.33,8.01,1652846400000000000,73
VNDA,525129,9.76,9.78,9.92,9.62,1652846400000000000,8110
VNET,1366624,5.86,5.85,6.16,5.81,1652846400000000000,13922
VNLA,429973,48.83,48.79,48.83,48.74,1652846400000000000,895
VNM,141124,15.63,15.42,15.72,15.4,1652846400000000000,780
VNMC,0,28.3474,28.3474,28.3474,28.3474,1652846400000000000,0
VNO,1088055,35.5,34.18,35.5,34.03,1652846400000000000,13991
VNOpL,20771,20.85,20.8,20.85,20.413,1652846400000000000,129
VNOpM,13459,19.72,19.51,19.8449,19.48,1652846400000000000,144
VNOpN,17230,19.93,19.59,19.93,19.52,1652846400000000000,138
VNOpO,52345,17.09,16.89,17.35,16.71,1652846400000000000,289
VNOM,629784,30.18,29.5,30.18,29.11,1652846400000000000,5541
VNQ,5130262,97.19,94.65,97.33,94.2842,1652846400000000000,60828
VNQI,236303,47.18,46.57,47.24,46.52,1652846400000000000,2007
VNRX,48948,2.7,2.61,2.7,2.56,1652846400000000000,254
VNSE,17962,26.01,25.2611,26.01,25.25,1652846400000000000,102
VNT,1199425,27.57,27.3,28.06,27.265,1652846400000000000,13795
VNTR,123769,1.85,1.76,1.885,1.74,1652846400000000000,841
VO,946111,212.39,206.32,212.47,205.42,1652846400000000000,10651
VOC,132752,7.6,7.3,7.6,7.12,1652846400000000000,718
VOD,7474743,15.02,14.74,15.04,14.69,1652846400000000000,32257
VOE,420459,142.49,138.43,142.53,137.929,1652846400000000000,4316
VONE,92304,184.37,178.56,184.37,178.05,1652846400000000000,908
VONG,1384025,59.74,57.75,59.79,57.52,1652846400000000000,5044
VONV,494208,68.63,66.86,68.77,66.61,1652846400000000000,2814
VOO,6883570,370.98,360.34,371.16,359,1652846400000000000,143041
VOOG,287968,231.33,223.76,231.67,223,1652846400000000000,4647
VOOV,279737,142.71,139.11,142.91,138.68,1652846400000000000,2424
VOR,90544,4.18,4.22,4.33,4.13,1652846400000000000,1660
VORB,224452,4.78,4.71,5.1021,4.62,1652846400000000000,2397
VORBW,8616,0.7,0.6115,0.7,0.6115,1652846400000000000,13
VOT,191583,184.91,179.37,185.4157,178.49,1652846400000000000,2925
VOTE,44815,46.93,45.53,46.93,45.3571,1652846400000000000,405
VOX,152022,102.17,100.02,102.4732,99.75,1652846400000000000,1868
VOXX,196260,6.7,6.87,6.955,6.6,1652846400000000000,2953
VOYA,1531324,64.61,64.9,65.65,64.26,1652846400000000000,21927
VOYApB,58643,24.05,23.56,24.05,23.4,1652846400000000000,418
VPC,5086,23.15,22.9348,23.17,22.9348,1652846400000000000,32
VPG,35938,32.06,31.21,32.435,31.09,1652846400000000000,928
VPL,1095935,68.2,67.28,68.345,67.13,1652846400000000000,7636
VPN,3926,14.8935,14.64,14.8935,14.551,1652846400000000000,62
VPOP,487,5.48,5.4751,5.51,5.4751,1652846400000000000,15
VPU,304730,157.53,155.99,158.07,155.6,1652846400000000000,3018
VPV,88463,10.67,10.37,10.72,10.35,1652846400000000000,302
VQS,45904,1.15,1,1.15,0.9813,1652846400000000000,215
VR,223,22.8294,22.73,22.8294,22.73,1652846400000000000,18
VRA,288413,6.56,6.4,6.56,6.31,1652846400000000000,4191
VRAI,5812,26.83,26.42,26.9937,26.42,1652846400000000000,33
VRAR,111017,4.1,3.97,4.22,3.8,1652846400000000000,1040
VRAY,1415874,3.08,2.93,3.15,2.88,1652846400000000000,9054
VRCA,259591,6.3,6.095,6.364,6.09,1652846400000000000,3041
VRDN,161393,14.08,14.21,14.64,13.68,1652846400000000000,3972
VRE,884234,15.08,14.89,15.445,14.79,1652846400000000000,9482
VREX,366780,21.91,22.01,22.35,21.61,1652846400000000000,4950
VRIG,127049,24.86,24.84,24.86,24.84,1652846400000000000,302
VRM,17162134,1.45,1.36,1.47,1.35,1652846400000000000,37856
VRME,9894,2.5,2.53,2.69,2.5,1652846400000000000,123
VRMEW,13196,0.67,0.653,0.67,0.65,1652846400000000000,13
VRNA,118975,4.04,3.76,4.12,3.53,1652846400000000000,383
VRNS,1439332,30.75,31.45,32.065,30.68,1652846400000000000,20096
VRNT,330258,51.6,50.6,52.16,50.41,1652846400000000000,7293
VRP,487583,22.99,22.88,23,22.82,1652846400000000000,1479
VRPX,124086,1.33,1.33,1.3899,1.31,1652846400000000000,214
VRRM,768716,15.3,15.03,15.52,14.99,1652846400000000000,9005
VRSK,1143098,172.83,166.49,173.11,165.6,1652846400000000000,22304
VRSN,911447,166.16,162.52,166.99,162.3,1652846400000000000,20603
VRT,2701988,11.21,10.92,11.58,10.85,1652846400000000000,23497
VRTS,103461,176.87,175,178.35,173.5,1652846400000000000,3607
VRTV,165524,148.45,140.81,150.4,138.52,1652846400000000000,5368
VRTX,1386162,260.59,252.35,262.0799,251.41,1652846400000000000,31472
VS,105585,0.57495,0.527,0.5901,0.48,1652846400000000000,265
VSAT,453306,40.19,40.76,41.81,40.07,1652846400000000000,10000
VSCO,1289163,48.72,46.84,48.72,46.75,1652846400000000000,19300
VSDA,6943,44.55,43.195,44.55,43.137,1652846400000000000,94
VSEC,75097,39.73,37.82,40.6,37.26,1652846400000000000,1577
VSGX,263314,51.98,51.15,52.08,51.09,1652846400000000000,1664
VSH,896082,20.28,19.83,20.43,19.75,1652846400000000000,10182
VSL,210,34.86,34.8462,34.86,34.8462,1652846400000000000,3
VSLU,689,24.52,24.0295,24.52,24.0295,1652846400000000000,19
VSMV,7049,39.73,38.36,39.73,38.28,1652846400000000000,41
VSPY,12738,9.56,9.52,9.6499,9.52,1652846400000000000,43
VSS,229743,111.47,109.77,111.74,109.5507,1652846400000000000,2418
VST,5043998,25.31,25.23,25.59,25.1,1652846400000000000,43924
VST.WS.A,30608,0.2502,0.2284,0.2503,0.2283,1652846400000000000,20
VSTA,7859,4.25,4.17,4.34,4.17,1652846400000000000,112
VSTM,1553283,1.16,1.17,1.23,1.14,1652846400000000000,6613
VSTO,1305280,39.46,37.44,39.77,36.81,1652846400000000000,18322
VT,2656550,91.02,88.87,91.145,88.63,1652846400000000000,28781
VTAQ,252010,10.15,10.1515,10.16,10.15,1652846400000000000,23
VTAQR,3761,0.195,0.1827,0.1975,0.1827,1652846400000000000,25
VTAQW,5685,0.189951,0.19,0.1901,0.189951,1652846400000000000,58
VTC,42469,77.56,77.99,77.99,77.56,1652846400000000000,260
VTEB,5842015,49.15,49.13,49.2199,49.0909,1652846400000000000,18288
VTEX,838550,4.3,4.08,4.4225,4.08,1652846400000000000,7444
VTGN,874419,1.16,1.14,1.21,1.1,1652846400000000000,3739
VTHR,26355,180.68,175.81,180.68,175.65,1652846400000000000,363
VTI,4712206,201.82,196.19,202.02,195.44,1652846400000000000,83119
VTIP,3990900,50.71,50.69,50.73,50.615,1652846400000000000,11820
VTIQW,6007,0.4706,0.2756,0.4706,0.27,1652846400000000000,35
VTN,27742,10.3,10.21,10.3,10.19,1652846400000000000,185
VTNR,10274040,15.08,15.07,16.2,14.63,1652846400000000000,52119
VTOL,149473,31.2,29.96,31.665,29.73,1652846400000000000,2253
VTR,1532751,56.95,56.31,57.41,56.03,1652846400000000000,22091
VTRS,10803469,11.45,11.27,11.57,11.1915,1652846400000000000,52281
VTRU,35817,15.9,15.9,15.91,15.221,1652846400000000000,282
VTSI,8803,5,5,5.1823,5,1652846400000000000,70
VTV,2664167,141.66,138.03,141.755,137.5617,1652846400000000000,24435
VTVT,160323,0.4268,0.4214,0.435,0.41,1652846400000000000,434
VTWG,47164,156.22,152.14,157.36,151.27,1652846400000000000,637
VTWO,1457124,72.84,71.27,73.18,70.68,1652846400000000000,9563
VTWV,16177,129.05,126.58,129.66,125.95,1652846400000000000,442
VTYX,169887,16.4,16.9,17.08,15.06,1652846400000000000,2793
VUG,1456719,236.56,229.21,237.33,228.25,1652846400000000000,19601
VUSB,420915,49.31,49.3,49.33,49.3,1652846400000000000,1173
VUSE,61673,43.35,42.07,43.35,41.94,1652846400000000000,185
VUZI,4342932,5.82,5.56,5.92,5.52,1652846400000000000,25394
VV,784121,184.35,179.02,184.415,178.35,1652846400000000000,4935
VVI,171894,29.3,29.38,30.14,28.87,1652846400000000000,2662
VVNT,518054,5.79,5.39,6.1,5.39,1652846400000000000,6802
VVOS,40915,1.54,1.41,1.5999,1.3999,1652846400000000000,257
VVPR,74503,1.08,1.0702,1.1596,1.07,1652846400000000000,242
VVR,685400,3.88,3.84,3.88,3.83,1652846400000000000,2007
VVV,989101,30.2,29.21,30.49,29.07,1652846400000000000,13807
VWE,318695,7.99,7.56,8.08,7.48,1652846400000000000,5464
VWEWW,4203,1.51,1.44,1.65,1.44,1652846400000000000,28
VWID,20,25.8921,25.8921,25.8921,25.8921,1652846400000000000,3
VWO,16249461,42.07,41.42,42.24,41.3453,1652846400000000000,47278
VWOB,596989,63.82,63.62,63.89,63.5501,1652846400000000000,2793
VWTR,1156054,15.73,15.7,15.73,15.7,1652846400000000000,4180
VXF,723266,141.04,137.55,141.85,136.74,1652846400000000000,5724
VXRT,2798653,3.27,3.16,3.325,3.04,1652846400000000000,13393
VXUS,4803391,54.79,53.95,54.88,53.82,1652846400000000000,19296
VXX,5214870,25.3,26.09,26.47,24.52,1652846400000000000,37937
VXZ,30204,29.8,30.64,30.64,29.29,1652846400000000000,356
VYGG,33982,9.87,9.87,9.89,9.85,1652846400000000000,118
VYGG.WS,7616,0.3601,0.359,0.398899,0.3,1652846400000000000,58
VYGR,244406,6.49,6.3,6.63,6.14,1652846400000000000,3476
VYM,2118954,109.35,106.63,109.45,106.265,1652846400000000000,23169
VYMI,511125,63.63,62.73,63.6493,62.63,1652846400000000000,3231
VYNE,365812,0.382,0.3998,0.425,0.382,1652846400000000000,461
VYNT,20390,0.66,0.655,0.7118,0.655,1652846400000000000,160
VZ,22358157,48.95,48.89,49.46,48.63,1652846400000000000,145902
VZIO,622688,8.43,8.35,8.66,8.19,1652846400000000000,7108
VZLA,46266,1.38,1.35,1.38,1.31,1652846400000000000,132
W,5868234,52.31,47.6,53.17,47.155,1652846400000000000,68913
WAB,588172,88.9,87.19,89.26,86.945,1652846400000000000,12878
WABC,198083,57.86,57.66,58.255,57.45,1652846400000000000,3254
WAFD,367016,31.47,31.53,31.96,31.31,1652846400000000000,8398
WAFDP,45569,18.6,18.28,18.78,18.06,1652846400000000000,424
WAFU,28346,2.2491,2.1748,2.32,2.17,1652846400000000000,126
WAL,469698,76.09,74.23,76.66,73.88,1652846400000000000,10630
WALpA,23901,21.2,21.16,21.2,20.9,1652846400000000000,210
WALD,117526,9.85,9.89,9.89,9.85,1652846400000000000,11
WALDW,27470,1,1.0001,1.06,1,1652846400000000000,29
WANT,73534,31.17,27.31,31.17,26.53,1652846400000000000,1292
WARR,21020,9.91,9.902,9.91,9.9,1652846400000000000,12
WARR.U,308,9.9181,9.9181,9.9181,9.9181,1652846400000000000,1
WARR.WS,7500,0.075,0.0591,0.075,0.052,1652846400000000000,23
WASH,46868,47.58,46.98,47.585,46.74,1652846400000000000,1485
WAT,347631,328.3,330.19,332.56,327.51,1652846400000000000,12667
WATT,178349,0.96,0.96,1,0.95,1652846400000000000,879
WAVC,8702,9.63,9.66,9.67,9.63,1652846400000000000,10
WAVC.U,701,9.6801,9.7055,9.7055,9.68,1652846400000000000,6
WAVC.WS,337133,0.23,0.24,0.24,0.23,1652846400000000000,6
WAVD,314391,3,2.77,3.14,2.65,1652846400000000000,1009
WAVE,6007,3.76,3.51,3.999,3.51,1652846400000000000,69
WAVS,92003,9.88,9.88,9.895,9.87,1652846400000000000,41
WB,682692,21.33,21.5,22.2,21.23,1652846400000000000,7058
WBA,15148951,44.19,41.17,44.235,41.015,1652846400000000000,132919
WBAT,508,35.8399,35.85,35.85,35.8399,1652846400000000000,3
WBD,19335514,18.03,17.46,18.36,17.26,1652846400000000000,122756
WBEV,90436,2.65,2.58,2.69,2.4,1652846400000000000,1020
WBIF,604,30.51,30.3572,30.51,30.3572,1652846400000000000,9
WBIG,2002,27.07,26.8462,27.1,26.82,1652846400000000000,16
WBII,1334,22.065,22.0695,22.11,22.04,1652846400000000000,15
WBIL,524,29.27,29.1144,29.27,29.1144,1652846400000000000,8
WBIT,1096,19.25,19.2899,19.32,19.25,1652846400000000000,4
WBIY,4765,29.255,28.686,29.255,28.686,1652846400000000000,43
WBND,24670,21.54,21.545,21.57,21.49,1652846400000000000,89
WBS,1162579,47.66,46.35,47.8659,46.181,1652846400000000000,17219
WBSpF,9572,21.37,20.99,21.37,20.99,1652846400000000000,117
WBSpG,18396,24.3,24.38,24.76,23.284,1652846400000000000,131
WBT,1463812,23.32,23.24,23.41,23.215,1652846400000000000,9494
WBX,351342,10.77,10.23,10.86,10.155,1652846400000000000,2931
WBX.WS,7131,1.7015,1.74,1.75,1.7015,1652846400000000000,26
WCBR,31264,18,17.44,18.035,17.351,1652846400000000000,216
WCC,356883,124.59,121.13,127.06,119.79,1652846400000000000,10082
WCCpA,183791,27.58,27.7,28.07,27.43,1652846400000000000,771
WCLD,941214,29.05,28.24,29.53,27.9376,1652846400000000000,7041
WCN,1183400,126.62,123.35,127.52,122.81,1652846400000000000,19390
WD,255177,102.77,102.81,104.26,100.85,1652846400000000000,6996
WDAY,4047023,170.99,162.95,172.28,161.62,1652846400000000000,56148
WDC,2719835,60,59.1,61.29,58.82,1652846400000000000,36654
WDFC,98078,181.11,176.31,182.02,175.21,1652846400000000000,3570
WDH,55473,1.07,1.03,1.1,1.03,1652846400000000000,403
WDI,169301,14.57,14.56,14.71,14.42,1652846400000000000,810
WDIV,11374,65.43,64.92,65.54,64.88,1652846400000000000,132
WDNA,534,17.2956,17.102,17.2956,17.102,1652846400000000000,7
WE,6705354,6.7,6.56,7.195,6.425,1652846400000000000,41661
WE.WS,113351,1.42,1.31,1.56,1.29,1652846400000000000,352
WEA,21308,10.96,10.98,10.99,10.89,1652846400000000000,208
WEAT,7787866,12.1489,12,12.19,11.88,1652846400000000000,17991
WEAV,181312,4.86,4.9,5,4.64,1652846400000000000,2282
WEBL,626183,11.91,10.73,12.21,10.53,1652846400000000000,4985
WEBR,1422282,6.75,6.86,7.13,6.49,1652846400000000000,10137
WEBS,387772,45.51,49.82,50.36,44.505,1652846400000000000,4264
WEC,2089026,103.92,101.95,104.06,101.695,1652846400000000000,32926
WEED,4013,12.39,11.9573,12.39,11.9573,1652846400000000000,60
WEIX,193,15.03,14.6646,15.03,14.6646,1652846400000000000,5
WEJO,198023,2,1.97,2.01,1.92,1652846400000000000,2035
WEJOW,98943,0.3699,0.28,0.3699,0.2451,1652846400000000000,291
WEL.U,4183,10.05,10.05,10.06,10.05,1652846400000000000,4
WEL.WS,900,0.2092,0.1973,0.2092,0.1973,1652846400000000000,7
WELL,2044423,90.38,88.22,90.69,87.84,1652846400000000000,29003
WEN,2993208,17.49,16.78,17.53,16.692,1652846400000000000,32501
WERN,1558215,40.39,37.5,40.695,37.4075,1652846400000000000,24904
WES,1144262,26.83,25.91,26.95,25.64,1652846400000000000,10386
WETF,1031188,5.59,5.52,5.66,5.48,1652846400000000000,6824
WEX,265785,157.44,156.37,161.02,156.15,1652846400000000000,7913
WEYS,17724,27.81,27.1,27.91,26.97,1652846400000000000,992
WF,111186,35.27,35.28,35.77,34.7,1652846400000000000,1222
WFC,26378788,43.29,42.11,43.31,41.89,1652846400000000000,162417
WFCpA,304142,19.69,19.58,19.74,19.47,1652846400000000000,1702
WFCpC,184496,18.15,18.1,18.15,17.88,1652846400000000000,1514
WFCpD,200452,17.87,17.87,17.88,17.46,1652846400000000000,1409
WFCpL,13345,1207.21,1214.18,1214.5,1207.21,1652846400000000000,349
WFCpQ,317554,23.66,23.67,23.8,23.38,1652846400000000000,1275
WFCpR,172338,25.42,25.26,25.44,25.2,1652846400000000000,1142
WFCpY,150435,23.6,23.53,23.61,23.28,1652846400000000000,1035
WFCpZ,691133,19.94,19.98,20.06,19.77,1652846400000000000,3784
WFCF,537,11.77,11.77,11.77,11.77,1652846400000000000,36
WFG,269139,89.81,87.35,91.1,86.67,1652846400000000000,4709
WFH,6907,50.75,49.1515,50.8,49.0447,1652846400000000000,53
WFHY,35553,45.83,45.6761,45.83,45.6399,1652846400000000000,126
WFIG,1845,45.5,45.7657,45.7657,45.5,1652846400000000000,7
WFRD,502487,31.56,29.76,32,29.38,1652846400000000000,6943
WGLD,61,16.9971,16.9971,16.9971,16.9971,1652846400000000000,1
WGMI,20222,13.4001,13.1094,13.66,12.87,1652846400000000000,102
WGO,1192201,51.89,49.89,52.47,49.6,1652846400000000000,18424
WGRO,0,18.5791,18.5791,18.5791,18.5791,1652846400000000000,0
WH,630285,77.39,74.4,77.935,73.79,1652846400000000000,11862
WHD,389062,49.18,47.08,49.205,45.93,1652846400000000000,8212
WHF,55519,14.05,13.81,14.125,13.76,1652846400000000000,523
WHG,17548,15.28,15.33,15.6028,14.94,1652846400000000000,112
WHLM,11905,4.6114,4.45,4.635,4.35,1652846400000000000,88
WHLR,10868,1.9908,2.03,2.0401,1.9908,1652846400000000000,54
WHLRP,302,5.4999,5.5,5.5,5.4999,1652846400000000000,5
WHR,1741469,179.05,174.34,180.19,171.04,1652846400000000000,36265
WIA,67643,10.28,10.34,10.35,10.27,1652846400000000000,299
WIL,101,91.7,91.7,91.7,91.7,1652846400000000000,2
WIMI,672616,1.9,1.79,1.955,1.76,1652846400000000000,3297
WINA,10009,199.09,195.2,199.09,194.385,1652846400000000000,915
WINC,10435,23.95,23.9735,24.03,23.95,1652846400000000000,42
WING,818198,77.91,72.54,78,71.64,1652846400000000000,14911
WINN,18593,15.029,14.5145,15.029,14.5145,1652846400000000000,57
WINT,215133,0.62,0.5586,0.62,0.5381,1652846400000000000,639
WINVR,10212,0.1046,0.09,0.1094,0.09,1652846400000000000,21
WINVU,683,9.99,9.9901,10.012,9.99,1652846400000000000,9
WIP,29913,49.11,48.67,49.11,48.6371,1652846400000000000,394
WIRE,227042,126.59,124.99,128.04,122.775,1652846400000000000,7178
WISA,73892,0.7419,0.74,0.8039,0.7319,1652846400000000000,253
WISH,13810756,1.55,1.52,1.61,1.5,1652846400000000000,24442
WIT,2631794,6.17,6.01,6.22,6,1652846400000000000,8568
WIW,198475,10.59,10.62,10.63,10.57,1652846400000000000,803
WIX,2043817,66.31,62.8,68.12,61.825,1652846400000000000,33244
WIZ,20184,31.9137,31.25,31.9137,31.17,1652846400000000000,88
WK,322590,67.5,64.81,68.4,64.3,1652846400000000000,9472
WKEY,21398,1.49,1.45,1.57,1.44,1652846400000000000,195
WKHS,4306292,2.91,2.85,3.1385,2.85,1652846400000000000,19986
WKLY,1510,47.55,46.5258,47.55,46.5254,1652846400000000000,187
WKME,257387,11.74,11.59,12.08,11.4,1652846400000000000,3501
WKSP,52245,2.25,2.1,2.2699,2.1,1652846400000000000,273
WKSPW,1010,0.6302,0.6302,0.6302,0.6302,1652846400000000000,3
WLDN,36633,27.06,27.01,27.44,26.34,1652846400000000000,983
WLDR,3233,24.34,24.055,24.34,24.02,1652846400000000000,10
WLFC,14492,31.4,30.56,31.56,30.56,1652846400000000000,600
WLK,706014,135.81,131.04,136.6,129.24,1652846400000000000,18044
WLKP,47549,27.8,27.56,27.8,27.07,1652846400000000000,478
WLL,299882,78.53,73.6,78.53,72.05,1652846400000000000,6901
WLMS,159307,1.5,1.5,1.54,1.47,1652846400000000000,281
WLTG,440,21.77,21.1936,21.77,21.1936,1652846400000000000,10
WLTH,6018,8.6224,8.5206,8.6224,8.52,1652846400000000000,11
WLY,119720,51.37,50.87,51.65,50.6,1652846400000000000,3777
WM,1878009,157,153.06,157.43,152.65,1652846400000000000,34989
WMB,7306331,36.05,35.23,36.17,34.83,1652846400000000000,63056
WMC,291998,1.28,1.24,1.29,1.21,1652846400000000000,1753
WMG,1088624,28.79,29.13,29.96,28.67,1652846400000000000,12095
WMK,86154,77.15,75.92,77.365,74.4,1652846400000000000,2554
WMPN,11129,11.6,11.46,11.76,11.46,1652846400000000000,138
WMS,475890,102.84,99.29,103.78,98.45,1652846400000000000,12154
WMT,33844851,128.03,122.43,128.27,121.53,1652846400000000000,385487
WNC,584061,15.22,14.75,15.33,14.695,1652846400000000000,6526
WNDY,1453,18.34,18,18.34,18,1652846400000000000,18
WNEB,17404,8.37,8.42,8.54,8.36,1652846400000000000,383
WNS,217119,70.83,69.16,71.99,69.04,1652846400000000000,3076
WNW,192393,0.7089,0.645,0.7089,0.6135,1652846400000000000,448
WOLF,2088349,73.2,71.84,76.055,71.355,1652846400000000000,29681
WOMN,2065,29.739,28.9454,29.74,28.9454,1652846400000000000,19
WOOD,12827,87.37,85.23,87.51,85,1652846400000000000,267
WOOF,13798841,18.69,16.37,18.7,15.7021,1652846400000000000,98638
WOR,238048,45.49,44.25,46.47,44.08,1652846400000000000,5716
WORX,23862,0.83,0.82,0.85,0.8095,1652846400000000000,95
WOW,845412,21.84,21.49,22.305,21.47,1652846400000000000,9184
WPC,939130,82.74,81.63,83.33,81.405,1652846400000000000,17224
WPCA.WS,327421,0.31,0.32,0.3738,0.3,1652846400000000000,69
WPCB.U,752,9.81,9.81,9.81,9.81,1652846400000000000,2
WPCB.WS,2240,0.30495,0.2899,0.30495,0.26,1652846400000000000,9
WPM,1849258,40.2,39.31,40.34,39.15,1652846400000000000,20675
WPP,148460,61.28,59.43,61.28,59.27,1652846400000000000,2214
WPRT,951784,1.17,1.21,1.2499,1.1479,1652846400000000000,2837
WPS,3558,31.76,31.6106,31.7687,31.56,1652846400000000000,35
WQGA.WS,6800,0.26,0.2299,0.26,0.2,1652846400000000000,29
WRAC.WS,400,0.1924,0.1575,0.1924,0.1575,1652846400000000000,4
WRAP,102267,2.25,2.26,2.35,2.17,1652846400000000000,767
WRB,1246252,68.79,67.91,68.97,67.74,1652846400000000000,20367
WRBpE,6952,23.6,23.51,23.75,23.32,1652846400000000000,77
WRBpF,26005,21.52,21.325,21.56,21.13,1652846400000000000,1249
WRBpG,5783,18.246,18.06,18.415,17.9,1652846400000000000,98
WRBpH,18407,18.43,18.15,18.5366,18.07,1652846400000000000,208
WRBY,2485081,16.3,16.41,16.85,15.72,1652846400000000000,26358
WRE,645258,23.35,23.42,23.73,23.29,1652846400000000000,7708
WRK,2712357,47.68,45.25,48.06,45.09,1652846400000000000,32943
WRLD,56331,145.64,138.53,145.64,137.75,1652846400000000000,2650
WRN,310122,1.7,1.64,1.73,1.62,1652846400000000000,1159
WRND,0,21.3757,21.3757,21.3757,21.3757,1652846400000000000,0
WSBC,242438,32.02,31.81,32.08,31.57,1652846400000000000,5569
WSBCP,7540,25.81,25.55,26.2188,25.44,1652846400000000000,143
WSBF,106536,16.49,16.35,16.52,16.28,1652846400000000000,2121
WSC,2416250,35.36,33.7,35.86,33.59,1652846400000000000,26161
WSFS,694920,39.49,39.74,40.05,39.23,1652846400000000000,10214
WSM,3817060,119.1,110.47,119.7,107.98,1652846400000000000,66985
WSO,417417,262.64,247.65,264.66,247.42,1652846400000000000,9260
WSR,487887,12.55,12.35,12.68,12.27,1652846400000000000,5063
WST,416123,301.31,294.01,303.94,293.2,1652846400000000000,11886
WSTG,5145,35.61,35.84,35.96,35.61,1652846400000000000,93
WTAI,15,16.0621,16.0621,16.0621,16.0621,1652846400000000000,5
WTBA,23472,24.24,23.98,24.3568,23.82,1652846400000000000,716
WTER,779478,0.47,0.4301,0.474999,0.43,1652846400000000000,1592
WTFC,304031,84.47,82.56,85.95,82.16,1652846400000000000,7828
WTFCM,15152,24.8,24.3,25.3294,24.27,1652846400000000000,181
WTFCP,19688,25.8,25.77,25.9,25.75,1652846400000000000,491
WTI,3324540,5.93,5.63,6,5.52,1652846400000000000,14563
WTM,13618,1174.85,1168.04,1175.73,1166.795,1652846400000000000,1130
WTMA,964,9.91,9.91,9.91,9.89,1652846400000000000,11
WTMAR,902,0.131,0.1359,0.1404,0.106,1652846400000000000,10
WTMF,47464,35.95,35.7057,35.95,35.67,1652846400000000000,206
WTRE,6690,19.31,18.912,19.315,18.9,1652846400000000000,65
WTRG,953944,45.88,45.01,46.1,44.79,1652846400000000000,14290
WTRH,897983,0.21,0.2078,0.2175,0.2074,1652846400000000000,1593
WTS,186820,129.63,125.11,129.98,124.32,1652846400000000000,5252
WTT,9413,1.52,1.51,1.54,1.5,1652846400000000000,90
WTTR,267329,8.15,7.8,8.24,7.68,1652846400000000000,4209
WTV,1061,58.6,57.008,58.6,56.8579,1652846400000000000,17
WTW,688548,205.47,202.92,206.17,201.965,1652846400000000000,15673
WU,4017285,17.06,17.15,17.35,16.805,1652846400000000000,31854
WUGI,3175,40.76,39.4443,40.76,39.4443,1652846400000000000,56
WULF,355131,3.23,3.22,3.38,3.05,1652846400000000000,3291
WVE,360080,1.24,1.26,1.2801,1.18,1652846400000000000,2156
WVVI,5664,6.75,6.77,6.8573,6.6605,1652846400000000000,78
WVVIP,2512,4.7,4.5,4.7,4.5,1652846400000000000,9
WW,2054031,7.5,6.96,7.54,6.83,1652846400000000000,19548
WWD,265738,100.37,99.02,101.945,98.64,1652846400000000000,8089
WWE,633936,59.08,60.2,60.62,58.85,1652846400000000000,10321
WWJD,14022,27.97,26.61,27.97,26.49,1652846400000000000,79
WWOW,108,17.11,17.11,17.11,17.11,1652846400000000000,6
WWR,731378,1.13,1.15,1.22,1.12,1652846400000000000,2042
WWW,1053380,19.65,19.7,20.145,19.22,1652846400000000000,13232
WY,3919076,39.05,37.92,39.14,37.78,1652846400000000000,37368
WYNN,2808992,65.7,62.82,65.96,62.25,1652846400000000000,39419
WYY,13588,2.8652,2.83,2.88,2.83,1652846400000000000,95
X,12307806,24.97,23.99,25.54,23.875,1652846400000000000,91305
XAIR,189253,5.42,5.45,5.72,5.344,1652846400000000000,1918
XAR,130195,106.04,104.34,107.41,103.59,1652846400000000000,2965
XBAP,1249,25.57,25.1746,25.57,25.15,1652846400000000000,10
XBI,15242491,69.56,67.87,70.41,67.22,1652846400000000000,162197
XBIO,50971,0.8,0.77,0.8,0.7214,1652846400000000000,130
XBIT,132971,5.93,5.62,5.93,5.53,1652846400000000000,2203
XBJA,2011,22.23,21.8051,22.23,21.8051,1652846400000000000,12
XBJL,801,25.19,24.8096,25.19,24.8,1652846400000000000,8
XBOC,100,23.53,22.9257,23.53,22.9257,1652846400000000000,1
XBTF,43020,28.67,28.5141,28.79,28,1652846400000000000,281
XCEM,32196,27.66,27.1426,27.66,27.1,1652846400000000000,178
XCLR,152,23.91,23.9249,23.9249,23.91,1652846400000000000,4
XCUR,20533504,0.1242,0.1178,0.135,0.115,1652846400000000000,9157
XDAP,602,25.9821,25.4602,25.9821,25.4602,1652846400000000000,4
XDAT,1318,15.91,15.9367,15.9367,15.91,1652846400000000000,14
XDEC,11529,28.61,28.27,28.61,28.2201,1652846400000000000,52
XDJA,0,20.1365,20.1365,20.1365,20.1365,1652846400000000000,0
XDJL,290,23.7001,23.3489,23.7001,23.3489,1652846400000000000,2
XDNA,814,9.735,9.5988,9.735,9.57,1652846400000000000,20
XDOC,0,21.9628,21.9628,21.9628,21.9628,1652846400000000000,0
XDQQ,62,22.3041,22.3041,22.3041,22.3041,1652846400000000000,3
XDSQ,2215,23.92,23.64,23.92,23.64,1652846400000000000,29
XEL,3148571,75.48,74.89,75.71,74.65,1652846400000000000,38449
XELA,15974200,0.32,0.2952,0.32,0.2901,1652846400000000000,16837
XELAP,528,6.2101,6.2101,6.2101,6.2101,1652846400000000000,12
XELB,23824,1.28,1.22,1.3199,1.1501,1652846400000000000,132
XENE,462821,30.07,29.24,31.24,29.04,1652846400000000000,4622
XERS,1573206,2.36,2.19,2.45,2.17,1652846400000000000,8423
XES,125321,73,70.03,73.65,69.19,1652846400000000000,1716
XFLT,133236,7.85,7.59,7.85,7.5,1652846400000000000,632
XFLTpA,2170,25.57,25.59,25.59,25.35,1652846400000000000,6
XFOR,110982,1.13,1.13,1.18,1.1,1652846400000000000,446
XGN,38459,4.63,4.34,4.8099,4.3,1652846400000000000,1048
XHB,4298621,60.84,58.87,60.91,58.56,1652846400000000000,48256
XHE,15667,89.93,88.17,90.4,87.7474,1652846400000000000,348
XHR,1136972,19.24,18.64,19.82,18.49,1652846400000000000,11365
XHS,1610,85.63,83.2371,85.63,83.2371,1652846400000000000,48
XHYC,103000,36.34,36.28,36.38,36.23,1652846400000000000,30
XHYD,106,36.62,36.54,36.62,36.54,1652846400000000000,1
XHYE,8608,37.62,37.59,37.62,37.54,1652846400000000000,71
XHYF,212,36.7,36.68,36.7,36.68,1652846400000000000,14
XHYH,2200,35.78,35.58,35.78,35.58,1652846400000000000,16
XHYI,100100,36.84,36.74,36.84,36.69,1652846400000000000,7
XHYT,100,36.34,36.26,36.34,36.26,1652846400000000000,1
XIN,79370,1.11,1.14,1.18,1.11,1652846400000000000,205
XITK,7764,113.08,111.1039,115.2026,110.67,1652846400000000000,134
XJH,7077,33.08,32.34,33.16,32.24,1652846400000000000,46
XJR,4689,34.4901,33.8794,34.62,33.8794,1652846400000000000,30
XJUN,10603,29.43,29.1086,29.43,29.0401,1652846400000000000,69
XL,1591222,1.31,1.27,1.38,1.27,1652846400000000000,8944
XLB,6966247,83.86,82.04,84.05,81.69,1652846400000000000,79415
XLC,9763983,59.23,57.95,59.51,57.78,1652846400000000000,58657
XLE,33214486,84.47,81.72,84.57,80.735,1652846400000000000,254514
XLF,74267736,33.82,33.2,33.87,33.07,1652846400000000000,120938
XLG,66105,305.56,295.69,305.56,295,1652846400000000000,1056
XLI,11172989,94.23,91.54,94.4,91.27,1652846400000000000,122391
XLK,11834837,136.73,132.22,137.13,131.72,1652846400000000000,121489
XLO,91690,3,2.65,3.08,2.62,1652846400000000000,1358
XLP,40048283,75.93,71.83,75.96,71.6,1652846400000000000,177704
XLRE,9546576,43.13,41.94,43.18,41.8,1652846400000000000,48986
XLSR,42656,40.89,39.76,40.89,39.71,1652846400000000000,235
XLU,18728311,72.51,71.69,72.66,71.5,1652846400000000000,118777
XLV,9996485,130.44,127.94,130.76,127.53,1652846400000000000,97135
XLY,7380559,148.63,142.8,148.63,141.71,1652846400000000000,99393
XM,3551574,15.23,14.42,15.25,14.23,1652846400000000000,17708
XME,6832005,52.18,50.35,52.53,50.015,1652846400000000000,61728
XMHQ,25485,69.28,67.35,69.28,66.91,1652846400000000000,324
XMLV,80449,53.88,52.84,54.02,52.7886,1652846400000000000,527
XMMO,56849,79.99,77.01,79.99,76.72,1652846400000000000,520
XMPT,89909,22.5,22.27,22.5,22.25,1652846400000000000,327
XMTR,307339,30.97,31.6,31.66,30.0709,1652846400000000000,6156
XMVM,21261,44.48,43.14,44.48,42.9751,1652846400000000000,183
XNCR,533337,24.08,22.55,24.23,22.4,1652846400000000000,7909
XNET,192204,1.4,1.33,1.48,1.33,1652846400000000000,778
XNTK,24397,113.22,109.43,114.045,109.1699,1652846400000000000,269
XOM,25393721,92.51,90.65,92.92,89.83,1652846400000000000,211463
XOMA,66209,17.81,17.86,17.99,17.05,1652846400000000000,1553
XOMAO,9863,25.545,25.25,25.8397,25.25,1652846400000000000,50
XOMAP,3807,25.535,25.6,25.6,25.44,1652846400000000000,32
XOP,6546736,141.5,136.03,141.5,133.46,1652846400000000000,93390
XOS,327326,2.69,2.63,2.74,2.58,1652846400000000000,2741
XOSWW,1500,0.3401,0.3008,0.36,0.3008,1652846400000000000,10
XOUT,14158,35.1168,33.87,35.1168,33.87,1652846400000000000,105
XP,3262459,19.69,19.23,19.98,19.11,1652846400000000000,23262
XPAX,448,9.74,9.735,9.74,9.735,1652846400000000000,3
XPAXU,2063,9.9139,9.92,9.92,9.76,1652846400000000000,22
XPAXW,4513,0.2715,0.2,0.2715,0.1617,1652846400000000000,32
XPDB,2000,9.795,9.8,9.8,9.795,1652846400000000000,2
XPDBU,1984,9.99,10,10,9.98,1652846400000000000,9
XPDBW,563,0.25,0.2792,0.313,0.25,1652846400000000000,6
XPEL,359924,47.56,46.52,49.25,46.22,1652846400000000000,7368
XPER,754727,16.65,16.79,17.1399,16.3,1652846400000000000,8231
XPEV,10250622,23.25,23.04,24.78,22.81,1652846400000000000,72205
XPH,41751,41.52,40.65,41.6404,40.465,1652846400000000000,319
XPL,46220,0.685,0.7,0.715,0.685,1652846400000000000,193
XPND,3064,17.41,16.7801,17.41,16.7801,1652846400000000000,15
XPO,2299159,52.37,48.13,52.9,47.9,1652846400000000000,31384
XPOA,77200,9.87,9.88,9.89,9.87,1652846400000000000,385
XPOA.WS,21799,0.4,0.3999,0.4,0.36,1652846400000000000,433
XPOF,557652,15.97,16.4,16.84,15.53,1652846400000000000,7180
XPON,94811,3.12,3.18,3.2,3.08,1652846400000000000,399
XPP,4197,26.99,25.9556,27.0938,25.841,1652846400000000000,39
XPRO,301083,13.47,12.81,13.57,12.58,1652846400000000000,5366
XRAY,1858166,38.75,37.62,38.93,37.46,1652846400000000000,26301
XRLV,2431,48.76,47.2017,48.76,47.1992,1652846400000000000,48
XRMI,9110,23.93,23.985,24.03,23.93,1652846400000000000,76
XRT,11057192,65.71,62.73,66.11,62.05,1652846400000000000,89608
XRTX,8693,1.5,1.47,1.5,1.43,1652846400000000000,51
XRX,1455937,18.29,17.53,18.43,17.435,1652846400000000000,15605
XSD,116445,174.34,170.23,178.195,169.2,1652846400000000000,2204
XSHD,23021,20.99,20.6754,21.0791,20.62,1652846400000000000,43
XSHQ,19790,32.89,32.229,32.93,32.06,1652846400000000000,111
XSLV,68919,45.71,45.12,45.78,44.9826,1652846400000000000,701
XSMO,14185,47.68,46.306,47.68,46.06,1652846400000000000,99
XSOE,3247831,29.4,28.83,29.517,28.785,1652846400000000000,7677
XSPA,760255,0.8142,0.755,0.8357,0.752,1652846400000000000,1942
XSVM,107390,50.84,49.75,51.0339,49.4955,1652846400000000000,639
XSW,17990,116.61,114.42,117.79,113.7781,1652846400000000000,401
XT,197496,50.5,49.56,50.73,49.25,1652846400000000000,1030
XTAP,40,25.3326,25.3326,25.3326,25.3326,1652846400000000000,5
XTJA,24792,20.6299,20.1516,20.6299,20.05,1652846400000000000,69
XTJL,544,23.5087,23.3871,23.5087,23.3871,1652846400000000000,11
XTL,6113,80.3,80.44,80.56,80.21,1652846400000000000,75
XTLB,3564,1.85,1.76,1.85,1.71,1652846400000000000,20
XTN,34736,78.22,74.62,78.22,74.47,1652846400000000000,642
XTNT,11785,0.545101,0.5401,0.56,0.54,1652846400000000000,48
XTOC,22178,22.72,22.015,22.72,22,1652846400000000000,77
XTR,1,23.2495,23.2495,23.2495,23.2495,1652846400000000000,1
XVOL,110,18.45,18.4571,18.4571,18.45,1652846400000000000,4
XVV,21536,30.33,29.45,30.33,29.37,1652846400000000000,136
XWEB,840,83.96,81.316,84.41,81.316,1652846400000000000,39
XXII,1716146,1.9,1.77,1.9,1.725,1652846400000000000,8373
XYF,8784,2.68,2.78,2.88,2.68,1652846400000000000,83
XYL,849288,82.52,80.96,83.255,80.645,1652846400000000000,13148
XYLD,502603,45.8,44.42,45.8,44.25,1652846400000000000,5887
XYLG,14934,27.64,26.8932,27.65,26.88,1652846400000000000,327
Y,187191,833.49,830.51,833.51,830.51,1652846400000000000,4724
YALA,220436,3.67,3.73,3.9,3.6601,1652846400000000000,1583
YANG,5155275,17.53,18.28,18.3499,17.1388,1652846400000000000,20870
YCBD,254111,0.763,0.81,0.8199,0.73,1652846400000000000,936
YCL,13346,37.45,37.7678,37.81,37.45,1652846400000000000,68
YCS,34141,103.2,102.37,103.225,102.14,1652846400000000000,278
YDEC,646,19.205,19.1403,19.205,19.1403,1652846400000000000,4
YELL,2043741,4.25,3.76,4.2594,3.71,1652846400000000000,13331
YELP,567841,30,29.49,30.38,29.09,1652846400000000000,9536
YETI,2276101,47.83,45.61,48.32,45.05,1652846400000000000,27051
YEXT,2384865,5.12,4.9,5.315,4.885,1652846400000000000,18028
YGMZ,93886,1.67,1.76,1.76,1.61,1652846400000000000,224
YI,534864,1.75,1.82,1.97,1.59,1652846400000000000,1773
YINN,20227184,3.6,3.44,3.69,3.42,1652846400000000000,15057
YJ,87950,1.02,1.02,1.03,1.02,1652846400000000000,404
YJUN,58,18.4386,18.4386,18.4386,18.4386,1652846400000000000,2
YLD,1815,18.6101,18.59,18.7,18.59,1652846400000000000,38
YLDE,1196,38.81,38.78,38.81,38.7414,1652846400000000000,14
YMAB,364985,9.8,9.52,10.11,9.29,1652846400000000000,6210
YMAR,26316,18.7899,18.48,18.79,18.48,1652846400000000000,130
YMM,5435859,6.34,6.47,6.7788,6.31,1652846400000000000,28094
YMTX,40471,1.12,1.11,1.175,1.1,1652846400000000000,185
YOLO,24516,7.14,6.82,7.15,6.785,1652846400000000000,544
YORW,70978,39.97,40.11,41.26,39.62,1652846400000000000,2094
YOTAU,226,9.975,9.95,9.975,9.95,1652846400000000000,3
YOU,1343224,33.06,29.49,33.22,28.78,1652846400000000000,20168
YPF,1205715,4.5,4.26,4.5219,4.2302,1652846400000000000,4837
YPS,379,21.21,21.2302,21.2302,21.21,1652846400000000000,9
YQ,62443,1.87,1.79,1.92,1.76,1652846400000000000,492
YRD,12889,1.78,1.79,1.9283,1.78,1652846400000000000,58
YSEP,8418,18.1119,17.9436,18.1119,17.9,1652846400000000000,28
YSG,1494169,0.4559,0.431,0.4559,0.43,1652846400000000000,4147
YTEN,296555,2.73,2.78,2.9,2.614,1652846400000000000,1495
YTPG,1303129,9.75,9.74,9.75,9.74,1652846400000000000,186
YTRA,46197,1.49,1.42,1.51,1.42,1652846400000000000,147
YUM,2518649,111.4,109.46,111.645,108.79,1652846400000000000,36491
YUMC,2419922,40.69,40.88,41.43,39.83,1652846400000000000,27802
YUMY,4990,20.63,20.0959,20.66,20.0959,1652846400000000000,14
YVR,64150,0.3992,0.41,0.414,0.37,1652846400000000000,156
YXI,6477,18.17,18.46,18.49,18.1,1652846400000000000,56
YY,889685,39.9,39.76,42.29,39.58,1652846400000000000,9673
YYY,134175,13.34,13.25,13.35,13.21,1652846400000000000,696
Z,7286900,41.54,41.39,43.97,40.16,1652846400000000000,71729
ZBH,1216839,118,116.45,118.65,116.09,1652846400000000000,17377
ZBRA,670406,338.83,326.42,342.47,325.33,1652846400000000000,17029
ZBZX,0,0.05,0.05,0.05,0.05,1652846400000000000,0
ZCMD,1226,1.25,1.19,1.25,1.15,1652846400000000000,30
ZD,318571,78.47,77.82,80.13,77.16,1652846400000000000,8792
ZDGE,60968,5.05,5.17,5.23,4.97,1652846400000000000,664
ZEAL,2616,11.8162,11.7,11.8162,11.63,1652846400000000000,30
ZECP,1550,23.61,22.6922,23.61,22.6922,1652846400000000000,13
ZEN,1000757,98.64,96.26,99.11,95.14,1652846400000000000,17362
ZENV,254922,4.47,4.36,5.08,4.0738,1652846400000000000,559
ZEPP,181892,2.2,2.21,2.32,2.15,1652846400000000000,978
ZEST,32146,1.8,1.95,2.0298,1.8,1652846400000000000,164
ZETA,1271066,7.61,7.71,8.005,7.45,1652846400000000000,13178
ZEUS,204805,33.75,33.45,37.75,33.06,1652846400000000000,4696
ZEV,586666,4.24,3.95,4.24,3.9,1652846400000000000,4446
ZEV.WS,21686,0.4901,0.5199,0.5199,0.4758,1652846400000000000,22
ZEXIT,2000,10,10,10,10,1652846400000000000,1
ZG,1049030,40.31,40.4,42.95,39.46,1652846400000000000,20793
ZGEN,5320,12.94,12.5726,12.94,12.5726,1652846400000000000,13
ZGN,21829,10.39,10.25,10.39,10.055,1652846400000000000,577
ZGN.WS,26874,1.55,1.53,1.55,1.51,1652846400000000000,80
ZH,1647540,1.55,1.51,1.655,1.5,1652846400000000000,6749
ZHDG,19849,17.81,17.67,17.846,17.67,1652846400000000000,38
ZI,3869224,43.735,41.23,43.735,40.82,1652846400000000000,45123
ZIEXT,2000,1,1,1,1,1652846400000000000,1
ZIG,1566,26.62,26.0829,26.62,26.07,1652846400000000000,31
ZIM,11358274,65.65,61.3,65.65,59.56,1652846400000000000,105477
ZIMV,375471,24.58,24.11,25.25,23.9,1652846400000000000,6273
ZINGW,202150,0.18,0.17,0.1999,0.13,1652846400000000000,293
ZION,1056486,54.04,53,54.06,52.59,1652846400000000000,18789
ZIONL,5290,26.21,26.066,26.26,26,1652846400000000000,32
ZIONO,8384,25.16,25.2,25.3573,25.16,1652846400000000000,94
ZIONP,10157,20,20.06,20.06,20,1652846400000000000,40
ZIP,717627,19.57,18.66,20.03,18.53,1652846400000000000,9447
ZIVO,16304,2.99,2.77,2.99,2.77,1652846400000000000,70
ZIVOW,238,0.64,0.64,0.64,0.64,1652846400000000000,3
ZKIN,71436,0.93,1.01,1.03,0.93,1652846400000000000,277
ZLAB,592381,35,34.51,36.31,33.61,1652846400000000000,7797
ZM,3851465,88.68,84.69,91.11,84.04,1652846400000000000,61105
ZME,28016,0.69,0.7622,0.8337,0.69,1652846400000000000,155
ZNGA,29357051,8.35,8.46,8.58,8.35,1652846400000000000,52115
ZNH,10602,25.28,24.85,25.355,24.84,1652846400000000000,178
ZNTL,1297725,25.22,24.07,25.845,23.195,1652846400000000000,15584
ZOM,12461494,0.24,0.236,0.255,0.23,1652846400000000000,15427
ZROZ,152284,107.26,110.1,110.48,107.2,1652846400000000000,1227
ZS,3766919,138.55,128.09,140.485,125.12,1652846400000000000,65695
ZSAN,73294,1.96,1.935,2.03,1.92,1652846400000000000,592
ZSL,105070,28.46,29.03,29.06,28.3705,1652846400000000000,843
ZT,1626,9.705,9.705,9.705,9.705,1652846400000000000,7
ZTAQW,7195,0.33,0.3399,0.3399,0.241,1652846400000000000,76
ZTEK,23456,1.9,1.76,1.95,1.75,1652846400000000000,186
ZTEST,0,8662.955,8662.955,8662.955,8662.955,1652846400000000000,0
ZTO,2178214,25.65,25.28,25.78,24.89,1652846400000000000,20650
ZTR,61249,8.84,8.82,8.869,8.7,1652846400000000000,461
ZTS,2604075,164.8,158.86,165.2,158.095,1652846400000000000,45890
ZTST,0,40.17,40.17,40.17,40.17,1652846400000000000,0
ZUMZ,413041,33.17,32.15,33.62,31.635,1652846400000000000,10614
ZUO,1018243,10.25,9.8,10.35,9.63,1652846400000000000,11209
ZVIA,354199,2.23,2.1,2.34,2.05,1652846400000000000,2297
ZVO,76371,0.697,0.72,0.74,0.69,1652846400000000000,279
ZVZZT,928332,10.02,10.02,10.04,9.94,1652846400000000000,16056
ZWRK,800,9.78,9.78,9.78,9.78,1652846400000000000,3
ZWRKU,1212,9.81,9.81,9.81,9.81,1652846400000000000,4
ZWRKW,838,0.143,0.143,0.169499,0.143,1652846400000000000,4
ZWS,1603558,27.5,26.39,27.76,25.95,1652846400000000000,16039
ZXIET,2000,100,100,100,100,1652846400000000000,1
ZY,1431028,1.38,1.27,1.43,1.26,1652846400000000000,8630
ZYME,1421833,5.75,5.17,5.845,5.1,1652846400000000000,8563
ZYNE,273280,0.999,0.92,1.04,0.9,1652846400000000000,1735
ZYXI,449923,7.31,6.97,7.55,6.8,1652846400000000000,4664
