ticker,volume,open,close,high,low,window_start,transactions
A,1152458,143.35,143.23,145.435,142.68,1678078800000000000,20736
AA,5118221,54.01,53.69,54.9,53.38,1678078800000000000,54703
AAA,211,24.54,24.485,24.54,24.485,1678078800000000000,5
AAAU,1424286,18.38,18.31,18.386,18.3,1678078800000000000,919
AAC,91561,10.24,10.26,10.27,10.24,1678078800000000000,241
AAC.U,253,10.4584,10.4584,10.4584,10.4584,1678078800000000000,5
AAC.WS,2161,0.885,0.888164,0.9,0.885,1678078800000000000,11
AACG,647594,1.98,1.95,1.98,1.9061,1678078800000000000,2983
AACI,686,10.04,10.04,10.065,10.04,1678078800000000000,8
AACIW,2850,0.11,0.108,0.11,0.108,1678078800000000000,6
AADI,263531,9.41,8.81,9.41,8.79,1678078800000000000,2866
AADR,921,49.84,49.73,49.84,49.51,1678078800000000000,17
AAIC,72486,3.05,3.03,3.05,3.02,1678078800000000000,648
AAICpB,4303,18.9399,18.7,18.9599,18.57,1678078800000000000,26
AAICpC,1652,22.11,22.59,22.59,22,1678078800000000000,32
AAL,13484582,16.47,16.12,16.55,16.1,1678078800000000000,51152
AAMpA,14360,23.72,23.7087,23.8099,23.445,1678078800000000000,177
AAMpB,15179,23.61,23.8737,24.1,23.6,1678078800000000000,141
AAMC,27408,53.9,57.49,58.46,53.52,1678078800000000000,744
AAME,4020,2.3212,2.39,2.41,2.3212,1678078800000000000,109
AAN,575452,12.79,12,12.85,11.96,1678078800000000000,7571
AAOI,120726,2.73,2.78,2.8599,2.71,1678078800000000000,1684
AAON,355206,94,93.05,94.45,92.54,1678078800000000000,9350
AAP,1606705,139.04,135.13,139.23,135.11,1678078800000000000,32460
AAPB,17616,20.32,20.25,20.71,20.25,1678078800000000000,224
AAPD,356219,25.45,25.48,25.53,25.06,1678078800000000000,1674
AAPL,87239942,153.785,153.83,156.3,153.46,1678078800000000000,691967
AAPU,242756,21.22,21.21,21.6993,21.13,1678078800000000000,1420
AAT,330690,24.91,24.46,24.935,24.39,1678078800000000000,5789
AAU,403417,0.2,0.2002,0.206,0.1991,1678078800000000000,698
AAWW,1504875,99.75,99.08,99.92,97.75,1678078800000000000,15288
AAXJ,731720,67.84,67.47,68.005,67.47,1678078800000000000,4853
AB,244517,39.17,38.61,39.25,38.33,1678078800000000000,2225
ABB,1908684,34.03,34.23,34.356,34.01,1678078800000000000,13730
ABBV,4041915,155.79,155.28,156.46,154.545,1678078800000000000,53897
ABC,1143751,155.51,156.46,156.88,154.64,1678078800000000000,19575
ABCB,420289,47.23,46.65,47.5,46.4,1678078800000000000,9803
ABCL,1577880,8.38,8.1,8.41,8.075,1678078800000000000,16691
ABCM,507798,15.4,15.25,15.4,15.14,1678078800000000000,5430
ABEO,165435,2.59,2.69,2.74,2.46,1678078800000000000,1002
ABEQ,2162,28.0899,27.9888,28.09,27.965,1678078800000000000,16
ABEV,24846270,2.52,2.61,2.62,2.52,1678078800000000000,25146
ABG,280581,236.31,235.44,240.5,233.095,1678078800000000000,12690
ABIO,12698,2.18,2.18,2.18,2.14,1678078800000000000,195
ABM,371154,48.69,48.35,48.94,48,1678078800000000000,8226
ABNB,5246255,126.355,126.33,129.4399,125.28,1678078800000000000,71209
ABOS,56137,5.18,5.4,5.735,5.145,1678078800000000000,1003
ABR,3569558,15.18,15.24,15.3,15.11,1678078800000000000,17707
ABRpD,17544,19.29,19.1,19.29,18.9904,1678078800000000000,102
ABRpE,3811,19.175,19.15,19.2,19.1,1678078800000000000,39
ABRpF,32871,20.44,20,20.44,19.967,1678078800000000000,305
ABSI,285521,2.21,2.09,2.235,2.064,1678078800000000000,2579
ABST,63118,8.51,8.46,8.67,8.42,1678078800000000000,677
ABT,5002742,104.51,102.75,104.6,102.63,1678078800000000000,57816
ABUS,896787,2.86,2.88,2.9,2.83,1678078800000000000,4990
ABVC,45290,0.68,0.6725,0.7,0.67,1678078800000000000,173
AC,8012,35.72,36.23,36.5,35.72,1678078800000000000,309
ACA,276622,61.72,60.97,62.16,59.78,1678078800000000000,7261
ACAC,2165,10.48,10.48,10.48,10.48,1678078800000000000,6
ACACW,8666,0.08,0.079,0.08,0.0266,1678078800000000000,107
ACAD,1734333,20.42,20.63,20.69,19.96,1678078800000000000,19772
ACAH,557,10.09,10.09,10.09,10.09,1678078800000000000,2
ACAQ.WS,7483,0.0868,0.0691,0.0868,0.0608,1678078800000000000,72
ACAX,100025,10.27,10.27,10.27,10.27,1678078800000000000,40
ACAXR,24476,0.2387,0.201,0.3171,0.201,1678078800000000000,150
ACAXW,20000,0.06,0.06,0.06,0.06,1678078800000000000,2
ACB,4918865,0.852,0.8321,0.860189,0.821,1678078800000000000,12657
ACBA,107,10.8,10.8,10.8,10.8,1678078800000000000,6
ACBAW,3225,0.064,0.0545,0.064,0.0545,1678078800000000000,13
ACCD,618084,13.31,12.83,13.56,12.75,1678078800000000000,9960
ACCO,960702,5.7,5.39,5.71,5.34,1678078800000000000,4760
ACDC,378896,21.2,21.3,21.78,20.92,1678078800000000000,7977
ACDCW,2350,0.0296,0.0343,0.0343,0.0296,1678078800000000000,4
ACEL,152346,9.39,9.23,9.4,9.13,1678078800000000000,4931
ACER,90743,2,1.87,2,1.84,1678078800000000000,639
ACES,104491,49.22,48.94,49.86,48.81,1678078800000000000,497
ACET,385916,7.78,7.66,7.78,7.475,1678078800000000000,5619
ACGL,3734246,71.32,71.7,72.28,71.16,1678078800000000000,31251
ACGLN,38579,19.25,19.24,19.32,19.0337,1678078800000000000,395
ACGLO,7117,22.61,22.64,22.79,22.61,1678078800000000000,116
ACGN,13746,4.33,4.58,4.75,4.3201,1678078800000000000,254
ACHC,961170,73.44,73.34,74.15,72.69,1678078800000000000,17069
ACHL,28981,1.07,1.09,1.11,1.06,1678078800000000000,179
ACHR,1596538,3.1,3.02,3.17,2.96,1678078800000000000,8874
ACHR.WS,14229,0.54,0.47,0.54,0.46,1678078800000000000,51
ACHV,73468,5.19,5.37,5.4,5.1,1678078800000000000,1617
ACI,4746512,20.15,20.09,20.25,20.04,1678078800000000000,30990
ACIO,190150,29.756,29.7667,29.9,29.73,1678078800000000000,121
ACIU,37436,2.42,2.39,2.4645,2.36,1678078800000000000,238
ACIW,409630,25.85,25.67,26.1079,25.572,1678078800000000000,7033
ACLS,495069,130,128.85,131.6309,127.44,1678078800000000000,13099
ACLX,223935,28.24,27.64,28.84,27.495,1678078800000000000,5102
ACM,1253917,89.68,89.28,89.93,88.92,1678078800000000000,17362
ACMR,2551988,10.78,11.85,11.92,10.58,1678078800000000000,20737
ACN,1644358,270.2,269.63,272.05,269.08,1678078800000000000,35354
ACNB,45027,36.11,35.1,36.3898,33.76,1678078800000000000,850
ACNT,3587,10.1,9.84,10.28,9.84,1678078800000000000,127
ACON,10315,0.6854,0.72,0.73,0.680201,1678078800000000000,37
ACONW,2156,0.084,0.0756,0.0841,0.0754,1678078800000000000,10
ACOR,92046,0.9196,0.89,0.96,0.8801,1678078800000000000,353
ACP,197425,7.5,7.58,7.58,7.45,1678078800000000000,973
ACQR,501256,10.2,10.2,10.2,10.19,1678078800000000000,9
ACQRU,460,10.18,10.1801,10.1801,10.18,1678078800000000000,2
ACQRW,203425,0.0006,0.0024,0.0047,0.0004,1678078800000000000,141
ACR,21701,9.43,9.6358,9.6801,9.11,1678078800000000000,282
ACRpC,2867,22.55,22.4,22.55,22.4,1678078800000000000,57
ACRpD,8632,19.78,19.9,19.97,19.78,1678078800000000000,75
ACRE,561462,11.67,11.6,11.79,11.57,1678078800000000000,4845
ACRO,1324,10.1,10.13,10.13,10.1,1678078800000000000,13
ACRO.WS,3560,0.1816,0.1882,0.2786,0.1816,1678078800000000000,39
ACRS,15707816,7.6,7.07,7.74,5.77,1678078800000000000,92966
ACRV,72886,21.34,20.64,21.46,20.08,1678078800000000000,2085
ACRX,105003,1.31,1.3,1.3284,1.24,1678078800000000000,756
ACSI,11464,44.86,44.61,44.86,44.58,1678078800000000000,113
ACST,89703,0.4607,0.4901,0.5192,0.4607,1678078800000000000,413
ACT,80774,24.49,24.47,24.83,24.35,1678078800000000000,2045
ACTG,188732,4.385,4.52,4.58,4.385,1678078800000000000,2332
ACTV,15357,31.775,31.54,31.775,31.4799,1678078800000000000,70
ACU,11417,25.35,26.155,26.25,25.35,1678078800000000000,292
ACV,37451,20.73,20.53,21.0253,20.39,1678078800000000000,453
ACVA,810190,12.32,12.18,12.55,12.07,1678078800000000000,9159
ACVF,2011,31.39,31.1704,31.39,31.17,1678078800000000000,27
ACWI,4315562,90.28,90.17,90.74,90.08,1678078800000000000,23135
ACWV,146700,94.35,94.51,94.7,94.35,1678078800000000000,967
ACWX,648804,48.49,48.43,48.65,48.38,1678078800000000000,2978
ACXP,35338,3.6,3.44,3.74,3.42,1678078800000000000,279
ADAG,9297,1.75,1.7,1.82,1.6995,1678078800000000000,53
ADAL,13193,10.48,10.42,10.9,10.41,1678078800000000000,19
ADALU,576,10.42,10.42,10.42,10.42,1678078800000000000,3
ADALW,61278,0.0445,0.03,0.0445,0.0151,1678078800000000000,112
ADAP,4833509,1.35,1.32,1.49,1.26,1678078800000000000,12625
ADBE,3004770,344.33,347.02,351.775,344.28,1678078800000000000,68933
ADC,663128,70.7,70.51,71.12,70.395,1678078800000000000,13025
ADCpA,12722,17.55,17.65,17.65,17.5262,1678078800000000000,120
ADCT,1403558,3.15,2.91,3.17,2.89,1678078800000000000,5703
ADD,284126,2.1,2.1792,2.24,2.0901,1678078800000000000,1403
ADEA,797580,9.62,9.42,9.695,9.33,1678078800000000000,9586
ADER,11659,10.38,10.38,10.38,10.365,1678078800000000000,20
ADERW,31504,0.0625,0.0712,0.0712,0.0625,1678078800000000000,13
ADES,19762,2.94,2.89,2.97,2.86,1678078800000000000,300
ADEX.WS,2700,0.0705,0.0705,0.0705,0.061,1678078800000000000,17
ADFI,22201,8.41,8.3851,8.44,8.36,1678078800000000000,107
ADI,2638776,187.32,185.52,188.56,185.09,1678078800000000000,45330
ADIL,5192056,0.49,0.42,0.49,0.3982,1678078800000000000,8656
ADIV,9,14.01,14.01,14.01,14.01,1678078800000000000,3
ADM,2764587,80.96,81.4,81.42,80.53,1678078800000000000,41324
ADMA,1682917,3.42,3.35,3.45,3.31,1678078800000000000,7944
ADME,20067,34.05,34.09,34.1994,34.01,1678078800000000000,67
ADMP,1708209,0.1669,0.1585,0.1684,0.153,1678078800000000000,2246
ADN,241798,1.78,1.74,1.8017,1.72,1678078800000000000,1538
ADNT,757459,44.66,44.35,45.11,44.06,1678078800000000000,11024
ADNWW,115105,0.2,0.2,0.2168,0.18,1678078800000000000,464
ADOC,200,10.7001,10.7001,10.7001,10.7001,1678078800000000000,1
ADOCR,2527,0.198,0.1198,0.198,0.1198,1678078800000000000,27
ADP,2479894,224.77,225.52,226.43,224.41,1678078800000000000,34057
ADPT,1233507,8.59,8.46,8.835,8.18,1678078800000000000,13095
ADPV,14830,25.62,25.47,25.62,25.42,1678078800000000000,61
ADRE,8400,39.96,39.84,40.4,39.84,1678078800000000000,65
ADRT,1118,10.417,10.417,10.417,10.417,1678078800000000000,15
ADSE,18251,2.84,2.98,2.99,2.84,1678078800000000000,74
ADSEW,200,0.31,0.2004,0.31,0.2004,1678078800000000000,2
ADSK,1291928,208,208.33,211.12,206.97,1678078800000000000,33398
ADT,3823314,7.68,7.72,7.88,7.675,1678078800000000000,20187
ADTH,146737,1.67,1.62,1.685,1.595,1678078800000000000,965
ADTHW,1407,0.1886,0.172,0.1911,0.172,1678078800000000000,20
ADTN,495182,16.83,16.56,16.98,16.5,1678078800000000000,9408
ADTX,78017,1.15,1.13,1.16,1.12,1678078800000000000,360
ADUS,99983,107.68,103.63,107.9,103.135,1678078800000000000,4497
ADV,372521,2.48,2.37,2.5375,2.37,1678078800000000000,3708
ADVM,233173,0.7763,0.7661,0.7763,0.7446,1678078800000000000,1612
ADX,116532,15.52,15.56,15.6546,15.52,1678078800000000000,758
ADXN,712888,1.74,1.49,1.74,1.435,1678078800000000000,1744
AE,63595,57.32,56.27,57.89,55.125,1678078800000000000,1458
AEE,755236,83.78,83.85,84.44,83.43,1678078800000000000,15081
AEF,9006,5.32,5.29,5.34,5.29,1678078800000000000,49
AEFC,29473,20.94,20.97,21.02,20.9,1678078800000000000,337
AEG,1237666,5.21,5.21,5.24,5.2,1678078800000000000,3664
AEHL,7101,0.8825,0.8899,0.89,0.86,1678078800000000000,44
AEHR,1168595,32.32,31.61,33.6,31.17,1678078800000000000,16575
AEI,101065,1.9,1.74,1.9,1.67,1678078800000000000,673
AEIS,238160,94.73,93.69,95.28,92.56,1678078800000000000,7106
AEL,603391,42.21,41.43,42.23,40.955,1678078800000000000,9712
AELpA,10343,22.35,22.28,22.4891,22.18,1678078800000000000,155
AELpB,19654,24.66,24.25,24.66,24.19,1678078800000000000,196
AEM,2092167,47.22,47.32,47.71,47.1001,1678078800000000000,20390
AEMB,94,37.595,37.595,37.595,37.595,1678078800000000000,3
AEMD,57195,0.4676,0.4783,0.4921,0.465,1678078800000000000,282
AENZ,540,2.62,2.62,2.65,2.62,1678078800000000000,18
AEO,4828288,14.09,13.58,14.28,13.42,1678078800000000000,42914
AEP,1700542,89,89.37,89.81,88.855,1678078800000000000,27630
AEPPZ,35619,49.59,49.61,49.62,49.51,1678078800000000000,62
AER,1125180,63.76,61.6,63.99,61.26,1678078800000000000,13792
AES,4768063,25.15,25,25.31,24.925,1678078800000000000,32140
AESC,6841,92.47,92.25,92.81,92.05,1678078800000000000,174
AESR,68517,11.78,11.75,11.8,11.7328,1678078800000000000,279
AEVA,1195341,1.94,1.76,2,1.75,1678078800000000000,5903
AEVA.WS,1301,0.24,0.177,0.24,0.177,1678078800000000000,10
AEY,22340,1.42,1.4,1.42,1.39,1678078800000000000,95
AEYE,9073,6.68,6.55,6.8962,6.52,1678078800000000000,130
AEZS,29434,3.33,3.41,3.41,3.33,1678078800000000000,171
AFAR,5350,10.4,10.4,10.4,10.4,1678078800000000000,3
AFARW,5002,0.0372,0.0372,0.0372,0.0354,1678078800000000000,12
AFB,104892,10.44,10.41,10.44,10.3936,1678078800000000000,520
AFBI,5542,16.19,16,16.2,15.96,1678078800000000000,223
AFCG,134167,15.5,15.4,15.59,15.39,1678078800000000000,1999
AFG,459282,133.16,131.9,133.59,131.22,1678078800000000000,10538
AFGB,4952,24.73,24.8,24.8218,24.7,1678078800000000000,118
AFGC,3696,21.73,21.99,22.0296,21.5575,1678078800000000000,65
AFGD,3615,23.7069,23.63,23.73,23.63,1678078800000000000,79
AFGE,2093,19.4213,19.42,19.485,19.42,1678078800000000000,36
AFIB,68263,1.21,1.22,1.25,1.2,1678078800000000000,382
AFIF,24164,8.82,8.8252,8.85,8.82,1678078800000000000,44
AFK,8975,16.52,16.22,16.57,16.22,1678078800000000000,193
AFL,2131097,68.37,68.22,68.79,68.14,1678078800000000000,29284
AFLG,16,24.1284,24.1284,24.1284,24.1284,1678078800000000000,1
AFMC,1,23.9042,23.9042,23.9042,23.9042,1678078800000000000,1
AFMD,665159,0.9033,0.9111,0.9732,0.8882,1678078800000000000,2877
AFRI,27577,11,11.15,11.15,11,1678078800000000000,239
AFRIW,26129,0.6,0.55,0.6,0.55,1678078800000000000,40
AFRM,14228708,13.755,13.17,14.36,13.115,1678078800000000000,74048
AFSM,145,24.5783,24.3473,24.5783,24.3473,1678078800000000000,1
AFT,31771,13.31,13.34,13.39,13.31,1678078800000000000,225
AFTR,61442,10.17,10.18,10.18,10.17,1678078800000000000,104
AFTR.WS,5643,0.14,0.1714,0.1714,0.14,1678078800000000000,21
AFTY,15,16.345,16.345,16.345,16.345,1678078800000000000,3
AFYA,260059,11.85,12.19,12.245,11.85,1678078800000000000,3239
AG,4116618,6.52,6.43,6.585,6.38,1678078800000000000,12787
AGAC,34410,10.19,10.2,10.21,10.19,1678078800000000000,120
AGAE,19930,1.38,1.28,1.38,1.28,1678078800000000000,160
AGBA,21968,2.555,2.35,2.555,2.35,1678078800000000000,204
AGCO,766412,144.54,142.49,145.53,142.295,1678078800000000000,14974
AGD,15846,9.61,9.55,9.67,9.55,1678078800000000000,122
AGE,8579,0.6,0.6106,0.6364,0.6,1678078800000000000,38
AGEN,3913754,1.96,1.84,1.965,1.82,1678078800000000000,10806
AGFS,295277,2.98,2.99,2.99,2.97,1678078800000000000,251
AGFY,120204,0.39,0.385,0.3955,0.38,1678078800000000000,645
AGG,4184236,97.27,96.84,97.29,96.81,1678078800000000000,20308
AGGH,0,22.07,22.07,22.07,22.07,1678078800000000000,0
AGGRW,6869,0.005,0.001,0.005,0.001,1678078800000000000,15
AGGY,205087,42.84,42.71,42.84,42.67,1678078800000000000,736
AGI,1903355,10.35,10.36,10.48,10.31,1678078800000000000,9072
AGIH,1,24.33,24.33,24.33,24.33,1678078800000000000,1
AGIL,24896,4.3,4.3,4.395,4.18,1678078800000000000,407
AGIO,481154,25.135,24.17,25.135,23.69,1678078800000000000,10050
AGL,2413229,24.93,24.35,25.39,24.34,1678078800000000000,21225
AGLE,197937,0.3822,0.3998,0.41,0.3822,1678078800000000000,463
AGM,76376,147.51,147.2,149.3694,146.325,1678078800000000000,2965
AGMpC,174,27.81,27.81,27.81,27.81,1678078800000000000,4
AGMpD,2076,23.9401,23.9,23.9401,23.4908,1678078800000000000,26
AGMpE,4050,23.555,23.655,23.655,23.55,1678078800000000000,8
AGMpF,8022,21.58,21.54,21.7,21.5,1678078800000000000,97
AGMpG,2330,20.43,20.43,20.51,20.4,1678078800000000000,26
AGMH,7641,1.6899,1.69,1.7,1.6814,1678078800000000000,41
AGNC,6701588,10.75,10.72,10.875,10.71,1678078800000000000,27156
AGNCL,69509,22.94,22.625,23,22.59,1678078800000000000,559
AGNCM,19939,22.64,22.8,22.8,22.6,1678078800000000000,436
AGNCN,22628,25.69,25.6,25.69,25.522,1678078800000000000,233
AGNCO,74522,22.43,22.51,22.5856,22.3501,1678078800000000000,577
AGNCP,24145,21.34,21.42,21.55,21.22,1678078800000000000,329
AGNG,2691,26.5,26.3772,26.509,26.24,1678078800000000000,44
AGO,501183,59.32,57.74,59.32,57.58,1678078800000000000,9681
AGOV,48,74.635,74.635,74.635,74.635,1678078800000000000,2
AGOX,10710,22.01,21.96,22.09,21.88,1678078800000000000,55
AGQ,386877,24.289,23.98,24.35,23.8511,1678078800000000000,1960
AGR,466659,39.35,39.44,39.7,39.255,1678078800000000000,8383
AGRH,57,25.55,25.55,25.55,25.55,1678078800000000000,3
AGRI,121849,1.01,1.03,1.03,1.01,1678078800000000000,395
AGRIW,249,0.145,0.145,0.145,0.145,1678078800000000000,2
AGRO,327584,8.05,8.16,8.27,8.02,1678078800000000000,3685
AGRX,291471,0.232,0.247,0.2549,0.232,1678078800000000000,575
AGS,196494,6.75,6.69,6.78,6.56,1678078800000000000,5025
AGTI,252088,18.64,17.93,18.79,17.37,1678078800000000000,5201
AGX,87478,40.02,39.34,40.1,38.96,1678078800000000000,2066
AGYS,236755,86.59,84.11,87.86,83.37,1678078800000000000,7476
AGZ,13498,106.25,106.15,106.2601,106.11,1678078800000000000,240
AGZD,23995,43.9,43.905,43.96,43.81,1678078800000000000,180
AHCO,1405392,15.86,14.95,15.8981,14.93,1678078800000000000,16518
AHG,12302,0.44,0.4343,0.44,0.4,1678078800000000000,44
AHH,288795,12.89,12.84,12.93,12.75,1678078800000000000,4532
AHHpA,7100,22.1,22.1,22.1,22.05,1678078800000000000,67
AHHX,5837,8.6208,8.5946,8.6208,8.5851,1678078800000000000,11
AHI,24210,0.46,0.4331,0.46,0.42,1678078800000000000,101
AHLpC,12703,24.99,25.25,25.25,24.9323,1678078800000000000,109
AHLpD,6817,21.9,21.895,21.91,21.65,1678078800000000000,155
AHLpE,5302,21.6,21.675,21.675,21.53,1678078800000000000,88
AHOY,0,19.2836,19.2836,19.2836,19.2836,1678078800000000000,0
AHRN,5201,10.37,10.37,10.37,10.37,1678078800000000000,2
AHT,337433,4.85,4.65,4.9051,4.61,1678078800000000000,3267
AHTpD,1426,21.37,21.38,21.38,21.37,1678078800000000000,34
AHTpF,273,17.45,17.45,17.45,17.45,1678078800000000000,4
AHTpG,7149,19.11,19.44,19.49,19.11,1678078800000000000,55
AHTpH,1534,17.84,17.5,17.86,17.5,1678078800000000000,12
AHTpI,6472,17.85,17.85,18,17.85,1678078800000000000,24
AHYB,293,43.62,43.5747,43.62,43.5747,1678078800000000000,11
AI,50682896,28.45,27.36,29.98,26.71,1678078800000000000,297174
AIA,23592,60.87,60.57,61.07,60.57,1678078800000000000,376
AIB,4850,10.5,10.5,10.5,10.485,1678078800000000000,23
AIBBR,101900,0.149,0.15,0.15,0.149,1678078800000000000,26
AIC,145,24.27,24.27,24.27,24.27,1678078800000000000,5
AIEQ,22162,30.86,30.41,30.9,30.41,1678078800000000000,339
AIF,73497,12.68,12.72,12.75,12.68,1678078800000000000,287
AIG,4511508,60.06,60.34,60.55,59.91,1678078800000000000,36915
AIGpA,47955,23.96,24.17,24.17,23.875,1678078800000000000,658
AIH,4370,1.35,1.37,1.37,1.35,1678078800000000000,16
AIHS,9800,0.87,0.884999,0.9,0.87,1678078800000000000,46
AILG,0,16.4574,16.4574,16.4574,16.4574,1678078800000000000,0
AILV,0,24.5186,24.5186,24.5186,24.5186,1678078800000000000,0
AIM,86014,0.54,0.527,0.54,0.52,1678078800000000000,411
AIMBU,228,10.2,10.2,10.2,10.2,1678078800000000000,3
AIMC,761618,61.68,61.61,61.69,61.6,1678078800000000000,7477
AIMD,3576,0.759899,0.6614,0.759899,0.6614,1678078800000000000,42
AIMDW,6897,0.4082,0.3558,0.4097,0.2631,1678078800000000000,82
AIN,200303,99.76,97.16,99.7905,95.89,1678078800000000000,5607
AINC,12994,13.02,13.07,13.62,13.02,1678078800000000000,103
AIO,100666,17.43,17.43,17.6499,17.43,1678078800000000000,845
AIP,116667,5.16,5.15,5.24,5.06,1678078800000000000,1020
AIQ,54341,23.23,23.11,23.45,23.09,1678078800000000000,559
AIR,203228,56.6,54.94,56.6,54.63,1678078800000000000,6416
AIRC,685829,38.22,38.24,38.71,38.06,1678078800000000000,10214
AIRG,10478,7.51,7.46,7.8088,7.31,1678078800000000000,115
AIRI,10320,5.26,4.77,5.26,4.764,1678078800000000000,304
AIRR,68949,51.78,51.16,51.84,50.8,1678078800000000000,617
AIRS,346466,5.41,5.74,5.9,5.23,1678078800000000000,4819
AIRTP,104,23.59,23.59,23.59,23.59,1678078800000000000,2
AIT,294961,144.11,143.74,145.25,142.665,1678078800000000000,8721
AIU,2453,1.02,1.03,1.04,1.02,1678078800000000000,45
AIV,1028865,7.8,7.81,7.87,7.765,1678078800000000000,8249
AIVI,554,39.18,39.2121,39.2399,39.18,1678078800000000000,15
AIVL,1265,93.871,93.2712,93.99,93.17,1678078800000000000,28
AIZ,414507,126.94,124.09,126.97,123.41,1678078800000000000,9076
AIZN,3786,21.57,21.538,21.7942,21.41,1678078800000000000,53
AJG,1279898,190,190.88,191.54,189.36,1678078800000000000,25086
AJRD,1059868,56.1,56.04,56.235,55.94,1678078800000000000,12885
AJX,135432,7.75,7.61,7.8,7.6,1678078800000000000,1847
AJXA,12499,24.075,24.135,24.135,24.03,1678078800000000000,131
AKA,18140,1.39,1.39,1.42,1.37,1678078800000000000,324
AKAM,1691723,76,74.94,76.4,74.665,1678078800000000000,28624
AKAN,1562051,0.19,0.196549,0.205,0.1851,1678078800000000000,1692
AKBA,1172318,0.9599,0.942,0.9601,0.9201,1678078800000000000,2906
AKLI,46870,1.93,1.86,1.93,1.83,1678078800000000000,409
AKO.B,11356,15.37,15.53,15.9999,15.37,1678078800000000000,110
AKR,463538,14.67,14.37,14.67,14.29,1678078800000000000,6131
AKRO,493007,47.23,47.36,47.7732,46.5,1678078800000000000,10327
AKTS,539245,3.67,3.71,3.74,3.5299,1678078800000000000,5188
AKTX,196730,0.359,0.34,0.359,0.3169,1678078800000000000,593
AKU,46600,0.97,0.9863,1.18,0.97,1678078800000000000,302
AKYA,68207,11.9,11.15,12.025,11,1678078800000000000,1238
AL,1013276,43.58,42.36,44,42.15,1678078800000000000,10427
ALpA,7941,24.29,24.455,24.63,24.2,1678078800000000000,160
ALAR,3016,2,2.07,2.08,2,1678078800000000000,70
ALB,968832,260.23,256.89,263.25,255.15,1678078800000000000,22724
ALBT,8222298,2.74,3.34,3.87,2.7,1678078800000000000,37395
ALC,840536,68.44,68.59,68.8204,68.16,1678078800000000000,11763
ALCC,421674,10.1,10.11,10.13,10.09,1678078800000000000,924
ALCO,48186,25.79,26.16,26.24,25.76,1678078800000000000,1430
ALDX,405411,7.46,7.36,7.465,7.1,1678078800000000000,5037
ALE,204381,62.28,61.81,62.57,61.65,1678078800000000000,5102
ALEC,700457,7.9,7.27,7.9,7.05,1678078800000000000,6978
ALEX,342237,19.32,19.02,19.4,18.74,1678078800000000000,4600
ALG,98869,184.8,180.26,185.9727,178.67,1678078800000000000,3946
ALGM,1637619,45.78,45.35,46.904,45.18,1678078800000000000,24342
ALGN,2186152,337.395,335.8,357,334.945,1678078800000000000,49087
ALGS,40917,1.51,1.5,1.53,1.46,1678078800000000000,314
ALGT,171038,105,100.85,105,100.18,1678078800000000000,5895
ALHC,1633471,7.6,7.21,7.63,7.02,1678078800000000000,14899
ALIM,2361,2.12,2.23,2.23,1.9529,1678078800000000000,56
ALIT,9043988,9.89,9.81,10.1,9.81,1678078800000000000,27397
ALK,1466303,48.55,47.9,49.179,47.87,1678078800000000000,19386
ALKS,714745,27.07,27.22,27.25,26.9,1678078800000000000,11810
ALKT,191544,15.48,15.51,15.545,15.115,1678078800000000000,3194
ALL,1372265,128.49,127.6,129.49,127.31,1678078800000000000,23832
ALLpB,53450,25.5701,25.71,25.71,25.57,1678078800000000000,525
ALLpG,88491,25.22,25.19,25.22,25.18,1678078800000000000,228
ALLpH,55717,22.94,23.065,23.135,22.74,1678078800000000000,572
ALLpI,13264,22.12,22.1695,22.3,21.83,1678078800000000000,210
ALLE,691406,114.83,114.43,115.781,114.28,1678078800000000000,14926
ALLG,15367,3.94,3.91,4.02,3.9,1678078800000000000,309
ALLG.WS,20334,0.285,0.28,0.295,0.28,1678078800000000000,17
ALLK,3178431,5.8,5.4,5.825,5.16,1678078800000000000,15016
ALLO,3009866,6.03,5.95,6.04,5.645,1678078800000000000,14512
ALLR,372343,0.198,0.197,0.201,0.19,1678078800000000000,685
ALLT,49122,2.85,2.89,2.9,2.82,1678078800000000000,539
ALLY,3686668,30.57,30.06,30.8,29.8969,1678078800000000000,38126
ALNY,441883,202,199.7,203.89,198.8,1678078800000000000,11397
ALOR,6504,10.335,10.325,10.35,10.32,1678078800000000000,13
ALOT,5971,13.137,12.94,13.137,12.94,1678078800000000000,163
ALPA,100,10.1,10.1,10.1,10.1,1678078800000000000,1
ALPAW,10129,0.1139,0.1602,0.1655,0.1137,1678078800000000000,67
ALPN,31111,8,7.96,8,7.78,1678078800000000000,819
ALPP,282401,0.58,0.5606,0.5974,0.5483,1678078800000000000,883
ALPS,89724,2.16,1.98,2.1736,1.93,1678078800000000000,595
ALR,130947,1.31,1.32,1.321,1.3001,1678078800000000000,368
ALRM,292201,51.79,50.5,51.915,50.16,1678078800000000000,8154
ALRN,22506,1.66,1.66,1.6999,1.6401,1678078800000000000,203
ALRS,58762,20.05,19.49,20.05,19.14,1678078800000000000,1282
ALSAR,632333,0.1,0.11,0.11,0.08805,1678078800000000000,112
ALSN,804446,48.65,48.52,49.17,48.35,1678078800000000000,9897
ALT,1696964,11.46,11.65,11.7,11.12,1678078800000000000,16239
ALTG,226705,19.39,19.53,19.66,19.34,1678078800000000000,3746
ALTGpA,2195,26.4,26.57,26.57,26.2,1678078800000000000,49
ALTI,233908,10.03,11.61,12,10,1678078800000000000,2810
ALTIW,26189,0.55,0.65,0.7,0.5101,1678078800000000000,139
ALTL,88238,39.53,39.07,39.7482,39.0101,1678078800000000000,404
ALTO,804176,3.09,3.01,3.14,2.99,1678078800000000000,4629
ALTR,326667,65.64,66.32,66.43,65.215,1678078800000000000,6580
ALTU,1452,10.0786,10.07,10.0792,10.07,1678078800000000000,20
ALTUW,2020,0.0401,0.0431,0.0698,0.0401,1678078800000000000,8
ALTY,18228,11.49,11.43,11.49,11.42,1678078800000000000,89
ALV,3039911,97.45,96.14,98,95.995,1678078800000000000,47512
ALVO,220189,14,14.01,14.15,14,1678078800000000000,491
ALVOW,65480,2.79,2.75,2.8008,2.5501,1678078800000000000,296
ALVR,170308,6.15,6.02,6.26,5.98,1678078800000000000,2608
ALX,13842,204.06,204.61,206.1599,202.2,1678078800000000000,831
ALXO,127012,6.5,6.49,6.59,6.28,1678078800000000000,2147
ALYA,14249,1.83,1.79,1.85,1.79,1678078800000000000,89
ALZN,95465,0.55,0.5399,0.55,0.52,1678078800000000000,271
AM,2294039,10.75,10.7,10.835,10.685,1678078800000000000,11506
AMAL,112153,22.96,22.99,23.16,22.76,1678078800000000000,2501
AMAM,50270802,6.43,12.54,13.07,6.345,1678078800000000000,215764
AMAT,5739781,119.85,118.54,121.5,118.22,1678078800000000000,83659
AMAX,11054,7.88,7.835,7.88,7.82,1678078800000000000,24
AMBA,999002,83.37,80.32,83.375,79.78,1678078800000000000,19222
AMBC,756232,16.86,16.4,16.91,16.39,1678078800000000000,9914
AMBC.WS,9264,0.7,0.49,0.7,0.49,1678078800000000000,25
AMBI,147897,18.2,17.25,25.3551,14.36,1678078800000000000,2982
AMBI.WS,6877,0.7,0.480201,0.7,0.47,1678078800000000000,47
AMBO,9588,0.315,0.3066,0.319,0.2901,1678078800000000000,68
AMBP,1739592,4.65,4.52,4.7,4.48,1678078800000000000,9626
AMBP.WS,2450,0.4725,0.4499,0.4725,0.4325,1678078800000000000,11
AMC,26242753,6.575,6.25,6.75,6.25,1678078800000000000,101728
AMCR,8090477,11.21,11.05,11.21,11.015,1678078800000000000,34262
AMCX,417538,22.62,21.34,23.025,21.22,1678078800000000000,9649
AMD,53644242,82.03,81.16,83.2986,81.04,1678078800000000000,332513
AME,638591,143.74,143.4,144.73,143.025,1678078800000000000,16060
AMED,356256,89.2,86.34,90.035,86.26,1678078800000000000,7008
AMEH,264684,38.33,36.11,38.375,35.995,1678078800000000000,6955
AMG,337774,160.49,158.22,161.61,157.6,1678078800000000000,8555
AMGN,2561794,235,235.11,235.63,233.64,1678078800000000000,42858
AMH,1440791,31.52,31.32,31.69,31.1614,1678078800000000000,17906
AMHpG,5921,23.27,23.28,23.3,23.1761,1678078800000000000,44
AMHpH,4392,24.64,24.68,24.68,24.6,1678078800000000000,112
AMID,0,25.3593,25.3593,25.3593,25.3593,1678078800000000000,0
AMJ,409679,22.75,22.92,23.12,22.75,1678078800000000000,1480
AMK,119320,31.78,31.75,31.84,31.46,1678078800000000000,1922
AMKR,1273730,26.79,26.37,26.8,26.14,1678078800000000000,14983
AMLI,365508,2.98,2.88,3.02,2.85,1678078800000000000,1667
AMLP,1530997,39.69,39.8,40.095,39.54,1678078800000000000,11247
AMLX,686097,34.17,34.55,35.255,33.92,1678078800000000000,10719
AMN,681010,90,90.15,90.51,89.43,1678078800000000000,12951
AMNA,2810,37.68,37.708,37.708,37.68,1678078800000000000,4
AMNB,23810,33.06,32.77,33.06,32.55,1678078800000000000,574
AMND,2,39.03,39.03,39.03,39.03,1678078800000000000,2
AMOM,1173,28.35,28.194,28.35,28.0955,1678078800000000000,29
AMOT,119691,44.03,42.4,44.19,40.438,1678078800000000000,2980
AMOV,2396,21.01,21.21,21.34,20.88,1678078800000000000,63
AMP,505583,344.66,343.73,346.37,342.72,1678078800000000000,11170
AMPE,43662,0.28,0.2799,0.28,0.2675,1678078800000000000,297
AMPG,151587,2.76,2.93,2.9899,2.76,1678078800000000000,486
AMPGW,5621,0.3458,0.5,0.5,0.32,1678078800000000000,29
AMPH,284148,36.11,35.13,36.11,34.91,1678078800000000000,7294
AMPL,495542,13.54,13.69,13.85,13.502,1678078800000000000,5552
AMPS,875853,6.91,7.14,7.21,6.855,1678078800000000000,9196
AMPX,52102,6.32,6.33,6.37,6.2642,1678078800000000000,541
AMPX.WS,9450,0.31,0.3299,0.33,0.31,1678078800000000000,16
AMPY,662449,10,9.83,10.015,9.6341,1678078800000000000,6192
AMR,392394,183,181.12,183,179.62,1678078800000000000,10760
AMRC,347840,46,46.46,47.35,45.51,1678078800000000000,6497
AMRK,163122,29.8,29.08,29.8,28.6,1678078800000000000,4355
AMRN,5195176,1.97,1.86,1.97,1.785,1678078800000000000,7481
AMRS,2767559,1.2,1.15,1.22,1.1248,1678078800000000000,8887
AMRX,2684706,1.91,1.82,2,1.81,1678078800000000000,9399
AMS,18507,3.15,3.115,3.15,3.0235,1678078800000000000,114
AMSC,141299,5.37,5.21,5.43,5.185,1678078800000000000,1717
AMSF,78509,53.78,53.26,54.15,52.9,1678078800000000000,2700
AMST,77776,3.17,3.2,3.295,3.07,1678078800000000000,681
AMSWA,128415,14,13.81,14.065,13.65,1678078800000000000,3001
AMT,1788231,203.88,198.57,204.16,198.14,1678078800000000000,31808
AMTB,37776,28.03,27.56,28.13,27.4,1678078800000000000,1438
AMTD,139907,1.62,1.66,1.66,1.62,1678078800000000000,573
AMTI,63050,0.5625,0.6026,0.62,0.545,1678078800000000000,577
AMTR,0,48.6911,48.6911,48.6911,48.6911,1678078800000000000,0
AMTX,430240,3.86,3.68,3.86,3.64,1678078800000000000,3493
AMUB,1590,14.43,14.4769,14.48,14.43,1678078800000000000,19
AMV,5967956,0.8708,1,1.01,0.845,1678078800000000000,11987
AMWD,188311,57.17,54.79,57.57,53.53,1678078800000000000,5359
AMWL,1141012,2.78,2.66,2.8,2.65,1678078800000000000,6356
AMX,1625552,21.01,21.07,21.42,21.01,1678078800000000000,11925
AMYT,152568,14.61,14.61,14.63,14.6,1678078800000000000,779
AMZA,45830,33.47,33.7,33.95,33.44,1678078800000000000,648
AMZD,44635,29.69,30.28,30.28,29.38,1678078800000000000,254
AMZN,51763045,95.19,93.75,96.545,93.74,1678078800000000000,424100
AMZU,120318,15.23,14.82,15.53,14.82,1678078800000000000,649
AN,870696,140.55,138.99,142.25,138.88,1678078800000000000,20565
ANAB,148472,23.89,23.63,24.04,23.5,1678078800000000000,3392
ANDE,260083,45.82,44.35,45.89,44.13,1678078800000000000,10580
ANEB,2565,3.05,2.76,3.35,2.76,1678078800000000000,58
ANET,2271346,142.36,142.58,144.73,141.36,1678078800000000000,40811
ANEW,1568,33.8657,33.6225,33.8657,33.6225,1678078800000000000,8
ANF,1700518,28.52,27.73,28.86,27.605,1678078800000000000,22971
ANGH,36046,1.73,1.83,1.97,1.73,1678078800000000000,235
ANGI,848195,2.5,2.65,2.76,2.5,1678078800000000000,5757
ANGL,945789,27.59,27.55,27.62,27.52,1678078800000000000,4986
ANGN,15325,0.6788,0.6298,0.6788,0.6298,1678078800000000000,75
ANGO,473084,12.47,11.61,12.52,11.45,1678078800000000000,7484
ANIK,150071,31.42,28.87,31.42,28.31,1678078800000000000,3337
ANIP,62123,45.52,44.43,45.7,43.76,1678078800000000000,2342
ANIX,26410,4.97,4.79,4.97,4.66,1678078800000000000,280
ANNX,517962,4.69,4.41,4.74,4.36,1678078800000000000,4916
ANPC,14421,8.44,8.17,8.45,8.15,1678078800000000000,175
ANSS,596324,310.86,308.7,312.16,308.17,1678078800000000000,17898
ANTE,1677,1.07,1.18,1.18,1,1678078800000000000,77
ANTX,32081,10.43,9.57,10.43,9.425,1678078800000000000,494
ANVS,14040,16.29,16.05,16.79,15.96,1678078800000000000,236
ANY,948144,0.372,0.35,0.38,0.345,1678078800000000000,2174
ANZU,227840,10.5,9.96,10.5,9.9,1678078800000000000,155
ANZUW,1244,0.093999,0.085,0.093999,0.08,1678078800000000000,11
AOA,65984,62.91,62.84,63.13,62.76,1678078800000000000,731
AOD,203002,8.23,8.23,8.26,8.2022,1678078800000000000,969
AOGOW,100,0.0351,0.0351,0.0351,0.0351,1678078800000000000,1
AOK,88991,34.42,34.3,34.424,34.265,1678078800000000000,708
AOM,123904,39.23,39.1,39.28,39.1,1678078800000000000,658
AOMR,44703,7.61,7.6,7.87,7.53,1678078800000000000,840
AON,572065,304.93,305.33,306.25,304.335,1678078800000000000,15557
AOR,108999,49.41,49.27,49.48,49.21,1678078800000000000,843
AORT,147470,13.67,12.69,13.67,12.46,1678078800000000000,3139
AOS,992796,68.14,66.9,68.24,66.61,1678078800000000000,17145
AOSL,226173,26.83,25.92,26.88,25.74,1678078800000000000,6414
AOTG,3810,25.8,25.44,25.8701,25.44,1678078800000000000,8
AOUT,28084,9.68,9.78,10.04,9.65,1678078800000000000,794
AP,27642,2.75,2.66,2.8,2.63,1678078800000000000,184
AP.WS,10000,0.1724,0.17,0.1775,0.17,1678078800000000000,18
APA,6426817,40.56,40.15,40.71,39.79,1678078800000000000,62350
APAM,526724,33.66,32.78,33.66,32.55,1678078800000000000,7905
APCA,206,10.49,10.49,10.49,10.49,1678078800000000000,8
APCX,37402,1.77,1.76,1.85,1.76,1678078800000000000,249
APCXW,8485,0.3799,0.4105,0.45,0.3471,1678078800000000000,22
APD,628701,292.71,293.12,295.06,292.48,1678078800000000000,20130
APDN,110472,1.26,1.28,1.3077,1.2201,1678078800000000000,575
APE,18937608,1.92,1.75,1.9299,1.75,1678078800000000000,36975
APEI,220675,10.31,10.35,10.42,10.09,1678078800000000000,3731
APEN,806805,9.95,9.95,9.95,9.94,1678078800000000000,2869
APG,1126612,24.13,23.71,24.38,23.65,1678078800000000000,12132
APGB,410196,10.18,10.18,10.19,10.18,1678078800000000000,31
APGB.U,1000,10.2,10.2,10.2,10.2,1678078800000000000,3
APGB.WS,5810,0.166,0.176,0.176,0.166,1678078800000000000,13
APGN,368987,0.75,0.906,0.906,0.73,1678078800000000000,860
APGNW,9622,0.0655,0.0797,0.0797,0.0655,1678078800000000000,31
APH,2080103,79.59,79.13,79.86,78.964,1678078800000000000,24657
API,405052,3.31,3.35,3.53,3.16,1678078800000000000,3415
APLD,908366,2.66,2.51,2.68,2.4809,1678078800000000000,5348
APLE,1144227,17.01,16.74,17.01,16.63,1678078800000000000,11145
APLS,1031648,65.53,64.31,65.53,63.91,1678078800000000000,14247
APLT,107338,0.989,0.9599,1.01,0.95,1678078800000000000,408
APM,9448,3.4,3.08,3.45,3.08,1678078800000000000,115
APMI,8057,10.09,10.09,10.09,10.08,1678078800000000000,23
APMIU,700,10.15,10.1296,10.16,10.12,1678078800000000000,8
APO,1946202,73.17,72.54,73.77,72.14,1678078800000000000,28603
APOG,146378,47.49,46.1,47.6,45.38,1678078800000000000,3905
APP,1570577,14.01,13.61,14.175,13.5,1678078800000000000,19038
APPF,100179,129.61,131.23,131.78,127.89,1678078800000000000,4636
APPH,1505326,1.01,0.936,1.02,0.925,1678078800000000000,5842
APPHW,23166,0.134,0.1372,0.1454,0.125,1678078800000000000,33
APPN,348042,45.01,44.47,45.73,44.07,1678078800000000000,10036
APPS,1842157,11.15,10.74,11.18,10.69,1678078800000000000,19636
APRE,10946,5.275,5.13,5.3226,5.12,1678078800000000000,279
APRN,1262354,0.927,0.8951,0.9398,0.878,1678078800000000000,3098
APRT,118,28.95,28.8929,28.95,28.8929,1678078800000000000,2
APRW,3281,27.06,26.925,27.06,26.8701,1678078800000000000,30
APRZ,0,26.4342,26.4342,26.4342,26.4342,1678078800000000000,0
APT,36169,4.15,4.13,4.22,4.12,1678078800000000000,204
APTM,508,10.17,10.17,10.17,10.17,1678078800000000000,4
APTO,155842,0.58,0.564,0.59,0.56,1678078800000000000,432
APTV,1018979,120,118.45,120.32,117.95,1678078800000000000,18256
APTVpA,4008,130.47,129,130.48,129,1678078800000000000,101
APTX,12779146,0.1839,0.1862,0.2039,0.176,1678078800000000000,9589
APVO,28464,2.1,2.16,2.17,2.07,1678078800000000000,202
APWC,3855,1.435,1.42,1.45,1.42,1678078800000000000,24
APXI,207,10.51,10.51,10.51,10.51,1678078800000000000,9
APXIU,400,10.52,10.52,10.52,10.52,1678078800000000000,6
APXIW,144700,0.0425,0.0481,0.05,0.0425,1678078800000000000,30
APYX,107220,3.25,3.15,3.25,3.15,1678078800000000000,1181
AQB,152132,0.73,0.7379,0.75,0.7246,1678078800000000000,812
AQGX,676,13.16,13.1139,13.16,13.1139,1678078800000000000,15
AQMS,236199,1.2,1.12,1.2,1.1,1678078800000000000,1227
AQN,2525703,7.83,7.73,7.9075,7.72,1678078800000000000,9232
AQNA,13466,24.23,24.51,24.6,24.22,1678078800000000000,162
AQNB,8851,23.42,23.28,23.4547,23.23,1678078800000000000,193
AQNU,72861,27.88,27.3,27.96,27.3,1678078800000000000,394
AQST,323039,0.78,0.8053,0.833,0.78,1678078800000000000,760
AQU,101,10.15,10.15,10.15,10.15,1678078800000000000,2
AQUA,758247,49.1,49.1,49.68,48.985,1678078800000000000,9609
AQUNR,187,0.25,0.25,0.25,0.25,1678078800000000000,2
AQUNU,350,10.404,10.34,10.404,10.34,1678078800000000000,2
AQWA,3535,14.6,14.535,14.6892,14.535,1678078800000000000,35
AR,6115526,26.39,26.17,26.63,25.84,1678078800000000000,49075
ARAV,188825,2.16,1.98,2.19,1.95,1678078800000000000,1351
ARAY,206285,3.02,3.02,3.075,3,1678078800000000000,2452
ARB,3476,25.4281,25.34,25.4281,25.32,1678078800000000000,30
ARBE,2180127,4.39,3.64,4.39,3.59,1678078800000000000,12339
ARBEW,32765,0.495,0.4225,0.495,0.42,1678078800000000000,154
ARBGU,300,10,10,10,10,1678078800000000000,1
ARBK,93748,1.57,1.67,1.7,1.5668,1678078800000000000,814
ARBKL,2326,5.03,5.15,5.17,5,1678078800000000000,22
ARC,451483,3.16,3.14,3.34,3.1,1678078800000000000,2290
ARCB,256106,103.76,101.72,104.8699,101.41,1678078800000000000,8500
ARCC,6939385,19.67,19.41,19.69,19.33,1678078800000000000,27089
ARCE,46105,12.8,12.88,13.46,12.45,1678078800000000000,799
ARCH,473186,163.26,160.97,164,159.3,1678078800000000000,8891
ARCM,3,99.425,99.425,99.425,99.425,1678078800000000000,3
ARCO,528221,8.3,8.31,8.45,8.265,1678078800000000000,5121
ARCT,230705,16.51,15.84,16.54,15.6,1678078800000000000,5134
ARDC,38219,12.57,12.68,12.68,12.55,1678078800000000000,231
ARDS,155709,0.52,0.532,0.5399,0.52,1678078800000000000,424
ARDX,15111102,3.83,3.9,4.16,3.81,1678078800000000000,46519
ARE,992406,144.72,145.62,146.36,144.65,1678078800000000000,23244
AREB,60194,0.2,0.204,0.205,0.196,1678078800000000000,282
AREBW,1001,0.0351,0.0351,0.0351,0.0351,1678078800000000000,2
AREC,132954,1.67,1.58,1.67,1.56,1678078800000000000,839
AREN,17613,7.09,6.99,7.1,6.89,1678078800000000000,524
ARES,924260,83.08,83.73,85.01,83.08,1678078800000000000,15255
ARGD,10785,22.06,22.32,22.32,22.06,1678078800000000000,110
ARGO,670013,29.08,29.09,29.11,29.07,1678078800000000000,5117
ARGOpA,22047,24,23.91,24.1299,23.89,1678078800000000000,182
ARGT,58674,39.53,40.62,40.64,39.3868,1678078800000000000,269
ARGX,251710,346.65,341.8,347.06,340.14,1678078800000000000,8759
ARHS,2101978,14.27,13.3,14.32,13.13,1678078800000000000,19037
ARI,947700,11.4,11.3,11.51,11.265,1678078800000000000,8785
ARIS,324282,13.97,13.24,14.1742,13.08,1678078800000000000,4160
ARKF,549989,18.5,18.37,18.93,18.37,1678078800000000000,4280
ARKG,1841535,31.01,30.13,31.06,29.995,1678078800000000000,16639
ARKK,19445043,40.67,39.62,40.98,39.61,1678078800000000000,111808
ARKO,369402,8.9,8.64,8.99,8.44,1678078800000000000,6156
ARKOW,86747,1.69,1.54,1.71,1.51,1678078800000000000,624
ARKQ,68763,50.59,49.81,50.74,49.63,1678078800000000000,1514
ARKR,27948,18.5,18.92,19.25,18.5,1678078800000000000,429
ARKW,456625,51.86,51.01,52.55,50.96,1678078800000000000,5208
ARKX,47031,14.31,14.17,14.39,14.1,1678078800000000000,692
ARL,3771,27.07,26.41,27.24,25.99,1678078800000000000,158
ARLO,1827077,3.75,3.62,3.77,3.575,1678078800000000000,8244
ARLP,411345,21.2,20.57,21.2,20.51,1678078800000000000,4461
ARMK,8287995,38.91,39.02,39.84,38.91,1678078800000000000,60053
ARMP,142095,3.6,3.06,3.6,3,1678078800000000000,1037
ARMR,1179,21.59,21.546,21.66,21.54,1678078800000000000,12
ARNC,1039989,26.99,27.72,27.74,26.9,1678078800000000000,13612
AROC,1527330,11.48,11.17,11.48,11.09,1678078800000000000,13110
AROW,36005,29.72,29.39,29.72,29.18,1678078800000000000,1119
ARP,1568,24.86,24.84,24.86,24.84,1678078800000000000,3
ARQQ,1334826,1.41,1.38,1.43,1.36,1678078800000000000,4642
ARQQW,11308,0.425,0.3001,0.435,0.295,1678078800000000000,49
ARQT,746871,15.47,14.54,15.47,14.43,1678078800000000000,9467
ARR,5015995,5.42,5.37,5.4801,5.37,1678078800000000000,19590
ARRpC,26519,21,21.17,21.27,20.97,1678078800000000000,243
ARRW,2605,10.15,10.15,10.15,10.13,1678078800000000000,24
ARRWU,1300,10.19,10.18,10.323,10.18,1678078800000000000,16
ARRY,4507348,20.87,21.65,22.2,20.74,1678078800000000000,45997
ARTE,396,10.44,10.32,10.44,10.32,1678078800000000000,4
ARTL,5174,2.77,2.76,2.8599,2.75,1678078800000000000,113
ARTLW,101,0.06,0.06,0.06,0.06,1678078800000000000,1
ARTNA,45282,54.83,55.17,55.6,54.25,1678078800000000000,1566
ARTW,9066,2.09,2.1,2.4392,2.09,1678078800000000000,92
ARVL,4405341,0.2695,0.2537,0.27,0.251,1678078800000000000,8480
ARVN,394571,31.39,30.91,31.39,30.53,1678078800000000000,6564
ARVR,386,27.94,27.5465,27.9599,27.5465,1678078800000000000,5
ARW,556649,120.7,118.44,121.55,117.88,1678078800000000000,12588
ARWR,1271670,32.44,30.79,32.675,30.33,1678078800000000000,19212
ARYE,938,10.16,10.16,10.16,10.16,1678078800000000000,5
ASA,15543,14.75,14.57,14.8618,14.57,1678078800000000000,156
ASAI,150615,16.61,17.17,17.19,16.57,1678078800000000000,2689
ASAN,4721679,16.76,17.22,17.69,16.625,1678078800000000000,40022
ASB,1310835,23.01,23.04,23.23,22.99,1678078800000000000,14367
ASBpE,1786,24.38,24.58,24.58,24,1678078800000000000,43
ASBpF,3086,23.06,23.17,23.17,22.835,1678078800000000000,65
ASBA,244342,25.23,25.19,25.235,25.05,1678078800000000000,1034
ASC,1104242,18.26,17.91,18.27,17.78,1678078800000000000,8648
ASCA,224,10.4,10.4,10.4,10.4,1678078800000000000,2
ASCAR,51491,0.15,0.15,0.15,0.15,1678078800000000000,30
ASCB,5235,10.35,10.35,10.35,10.35,1678078800000000000,1
ASCBR,2201,0.0975,0.0975,0.0975,0.0975,1678078800000000000,3
ASEA,9584,14.69,14.67,14.7799,14.67,1678078800000000000,63
ASET,410,30.639,30.5419,30.639,30.5419,1678078800000000000,10
ASG,186496,5.35,5.32,5.39,5.285,1678078800000000000,793
ASGI,10969,17.78,17.73,17.784,17.7075,1678078800000000000,65
ASGN,203628,88.01,88.21,88.91,87.82,1678078800000000000,6396
ASH,378072,103.58,102.21,103.73,101.96,1678078800000000000,8358
ASHR,6546399,29.72,29.51,29.795,29.51,1678078800000000000,22076
ASHS,29207,33,32.64,33,32.64,1678078800000000000,4610
ASHX,462,23.09,22.958,23.09,22.958,1678078800000000000,4
ASIX,171094,41.52,38.9,41.52,38.26,1678078800000000000,5017
ASLE,508228,20.81,20.29,20.81,20.095,1678078800000000000,7190
ASLN,565976,0.7201,0.6851,0.7499,0.642,1678078800000000000,677
ASM,168571,0.7225,0.7,0.73,0.6807,1678078800000000000,376
ASMB,207178,1.41,1.39,1.49,1.35,1678078800000000000,704
ASML,1400667,627.32,620.97,633.11,619.85,1678078800000000000,36309
ASND,331775,114.12,113.56,114.36,111.55,1678078800000000000,6180
ASNS,56125,0.59,0.5425,0.59,0.5,1678078800000000000,123
ASO,1762297,60.41,59.02,61.2,58.69,1678078800000000000,30108
ASPAW,10320,0.102,0.0905,0.2187,0.07,1678078800000000000,115
ASPI,15342,1.67,1.55,1.69,1.55,1678078800000000000,172
ASPN,1024218,10.45,10.02,10.545,9.9,1678078800000000000,10196
ASPS,158696,5.72,5.76,5.835,5.65,1678078800000000000,2013
ASPU,79512,0.22,0.2225,0.2246,0.201,1678078800000000000,238
ASPY,1667,26.04,26.0201,26.0797,26.0201,1678078800000000000,12
ASR,37748,306.86,301.74,306.86,300.885,1678078800000000000,1530
ASRT,4148641,6.47,6.11,6.5132,6.02,1678078800000000000,22303
ASRV,2619,3.97,3.97,3.99,3.97,1678078800000000000,65
ASST,283094,1.94,1.86,1.95,1.66,1678078800000000000,1089
ASTC,3278,12.894,12.97,12.97,12.7,1678078800000000000,59
ASTE,140214,49.03,46.85,49.45,46.53,1678078800000000000,4720
ASTI,194291,0.5,0.4931,0.5001,0.457,1678078800000000000,755
ASTL,1380705,9.08,8.66,9.095,8.57,1678078800000000000,12360
ASTLW,127307,2.1,2.025,2.13,1.96,1678078800000000000,392
ASTR,2078327,0.5418,0.5073,0.544,0.5,1678078800000000000,5121
ASTS,3209879,6.35,6.98,7.14,6.3171,1678078800000000000,21680
ASTSW,96920,2.25,2.5,2.5499,2.2499,1678078800000000000,233
ASUR,638225,14.51,14.25,14.75,13.87,1678078800000000000,8665
ASX,3985970,7.48,7.38,7.52,7.365,1678078800000000000,10459
ASXC,1420262,0.73,0.6751,0.74,0.651,1678078800000000000,3147
ASYS,29046,9.54,9.62,9.73,9.54,1678078800000000000,351
ATAI,920567,1.57,1.56,1.67,1.53,1678078800000000000,4514
ATAKU,101,10.41,10.41,10.41,10.41,1678078800000000000,2
ATAKW,2050,0.025,0.0231,0.025,0.0231,1678078800000000000,7
ATAQ,24640,10.32,10.26,10.32,10.24,1678078800000000000,75
ATAQ.U,1798,10.0891,10,10.1545,10,1678078800000000000,23
ATAT,84274,26.45,27.03,27.2457,25.6,1678078800000000000,1150
ATCO,963817,15.39,15.38,15.39,15.36,1678078800000000000,3939
ATCOL,1541,23.98,23.93,23.98,23.9,1678078800000000000,25
ATCOpD,6650,23.4967,23.77,23.8,23.4967,1678078800000000000,76
ATCOpH,15815,22.61,22.462,22.7999,22.35,1678078800000000000,128
ATCOpI,15917,23.91,24,24,23.91,1678078800000000000,103
ATCX,321428,12.21,12.2,12.22,12.19,1678078800000000000,2845
ATEC,829745,16.09,15.66,16.09,15.54,1678078800000000000,10538
ATEK,4132,10.2,10.205,10.205,10.195,1678078800000000000,20
ATEN,515097,15.07,14.92,15.11,14.8,1678078800000000000,7310
ATER,575346,1.19,1.13,1.19,1.12,1678078800000000000,3109
ATEX,87263,30.38,29.75,30.49,29.51,1678078800000000000,2493
ATFV,28,14.24,14.24,14.24,14.24,1678078800000000000,2
ATGE,220909,39.32,38.72,39.32,38.3,1678078800000000000,6049
ATHpA,41687,25.28,24.66,25.28,24.64,1678078800000000000,489
ATHpB,17979,21.945,21.94,22.08,21.86,1678078800000000000,286
ATHpC,32386,25.5,25.15,25.54,25.12,1678078800000000000,497
ATHpD,44192,18.94,19.03,19.18,18.8986,1678078800000000000,480
ATHpE,102701,26.4,26.45,26.5,26.38,1678078800000000000,410
ATHA,175401,3.13,2.99,3.13,2.97,1678078800000000000,1810
ATHE,4903,3.13,3.185,3.25,3.0501,1678078800000000000,46
ATHM,442468,32.86,31.81,32.86,31.72,1678078800000000000,6053
ATHX,173446,1.62,1.48,1.64,1.46,1678078800000000000,1161
ATI,1391440,42.4,42.51,43.32,42.2166,1678078800000000000,20287
ATIP,347134,0.3591,0.338,0.3591,0.331,1678078800000000000,1184
ATIP.WS,600,0.0156,0.03,0.03,0.0156,1678078800000000000,2
ATKR,399400,153.04,152.34,154.84,152.28,1678078800000000000,11397
ATLC,32656,31.65,30.38,31.81,30.03,1678078800000000000,834
ATLCL,1899,22.8,23.17,23.2,22.8,1678078800000000000,31
ATLCP,2524,20.1881,20.14,20.1881,20.1,1678078800000000000,19
ATLO,25195,24.07,24.03,24.2299,23.875,1678078800000000000,642
ATLX,323026,19,17.81,19.772,17.06,1678078800000000000,2755
ATMC,12532,10.15,10.17,10.21,10.15,1678078800000000000,31
ATMCU,9263,10.351,10.4,10.4,10.3499,1678078800000000000,21
ATMP,13745,19.43,19.415,19.49,19.4,1678078800000000000,47
ATMV,300,10.14,10.14,10.14,10.14,1678078800000000000,1
ATMVR,2099,0.16,0.16,0.16,0.1599,1678078800000000000,4
ATNF,107183,2.8,2.78,2.87,2.7053,1678078800000000000,1203
ATNFW,12382,0.0323,0.032,0.033,0.0311,1678078800000000000,17
ATNI,72979,39.77,39.96,40.34,39.27,1678078800000000000,2295
ATNM,219020,10,10.2,10.2,9.87,1678078800000000000,2842
ATNX,63222,2.94,2.66,2.98,2.65,1678078800000000000,1023
ATO,572882,112.75,113.4,113.96,112.63,1678078800000000000,14122
ATOM,117428,6.68,6.51,6.88,6.36,1678078800000000000,1516
ATOS,310327,0.7201,0.72,0.728,0.7,1678078800000000000,1221
ATR,265875,120.13,116.83,120.19,116.58,1678078800000000000,6746
ATRA,1438684,3.61,3.43,3.61,3.36,1678078800000000000,8579
ATRC,389768,40.1,38.62,40.1,38.065,1678078800000000000,7931
ATRI,3637,633.83,614.99,633.83,614.99,1678078800000000000,486
ATRO,242189,14.87,14.12,14.87,13.82,1678078800000000000,5184
ATSG,646658,23.05,22.12,23.26,22.1,1678078800000000000,10769
ATTO,64741,2.68,2.29,2.69,2.17,1678078800000000000,416
ATUS,3794547,4.12,4.05,4.22,4.03,1678078800000000000,16611
ATVI,4543305,79.67,79.63,79.97,79.22,1678078800000000000,41540
ATXG,30389,1.33,1.28,1.3325,1.26,1678078800000000000,243
ATXI,257281,1.03,1.07,1.095,1.02,1678078800000000000,873
ATXS,123872,13.93,13.96,14.35,13.56,1678078800000000000,3469
ATY,99266,1.73,1.65,1.73,1.55,1678078800000000000,289
AU,2565069,17.4,17.29,17.53,17.12,1678078800000000000,18983
AUB,2475752,38.81,40.18,41.04,38.81,1678078800000000000,30242
AUBpA,12622,25.27,25.3,25.3991,25.1501,1678078800000000000,94
AUBN,574,24.37,24.264,24.37,24.264,1678078800000000000,27
AUD,1240513,0.1899,0.175,0.1956,0.1712,1678078800000000000,3291
AUDC,59379,16.62,16.4,16.925,16.28,1678078800000000000,1072
AUGX,38669,1.78,1.72,1.78,1.68,1678078800000000000,234
AUGZ,0,31.2419,31.2419,31.2419,31.2419,1678078800000000000,0
AUID,39576,0.4378,0.394375,0.4378,0.3341,1678078800000000000,124
AULT,5404138,0.123,0.1195,0.1248,0.1152,1678078800000000000,4854
AULTpD,9478,13.9,13.55,14.015,13.5,1678078800000000000,78
AUMN,549797,0.226,0.224,0.23,0.2155,1678078800000000000,829
AUPH,2529346,9.04,9.17,9.39,8.8901,1678078800000000000,20792
AUR,1259272,1.48,1.4,1.5,1.38,1678078800000000000,6514
AURA,83849,10.17,10.79,10.79,10.08,1678078800000000000,2550
AURC,1468,10.15,10.25,10.25,10.15,1678078800000000000,11
AUROW,3042,0.28,0.2585,0.28,0.22,1678078800000000000,20
AUSF,14335,30.24,30.3685,30.379,30.2,1678078800000000000,48
AUST,28318,0.89,0.91,0.93,0.89,1678078800000000000,114
AUTL,500184,1.87,1.91,1.93,1.81,1678078800000000000,2607
AUUD,10316,1.12,1.06,1.12,1.023,1678078800000000000,89
AUUDW,5416,0.1689,0.1887,0.218556,0.1311,1678078800000000000,68
AUVI,548250,1.02,0.9101,1.03,0.9,1678078800000000000,1526
AUVIP,366,22.92,22.92,22.92,22.92,1678078800000000000,14
AUY,10714079,5.31,5.36,5.41,5.31,1678078800000000000,13732
AVA,633791,41.56,41.32,41.63,41.02,1678078800000000000,9253
AVAC,5298,10.39,10.39,10.39,10.39,1678078800000000000,6
AVAH,165923,1.47,1.4,1.47,1.38,1678078800000000000,1531
AVAL,182115,2.41,2.47,2.52,2.3401,1678078800000000000,924
AVAV,333713,88.86,87.57,90.17,86.69,1678078800000000000,10318
AVB,539322,173.94,174.7,175.22,173.4,1678078800000000000,15850
AVD,120240,21.28,20.48,21.28,20.29,1678078800000000000,2743
AVDE,105519,57.38,57.31,57.565,57.27,1678078800000000000,604
AVDL,447945,9.78,9.9,10.12,9.6588,1678078800000000000,4979
AVDV,517185,59.93,59.78,60.0088,59.66,1678078800000000000,2321
AVDX,2183236,9.97,9.57,9.99,9.49,1678078800000000000,20432
AVEM,288694,53.24,53.21,53.415,53.03,1678078800000000000,1546
AVES,14043,43.315,43.26,43.51,43.25,1678078800000000000,223
AVGE,51845,59.65,59.08,59.65,58.99,1678078800000000000,311
AVGO,2480123,635,632.92,644.05,631.73,1678078800000000000,64201
AVGR,43428,1.17,1.12,1.23,1.0674,1678078800000000000,326
AVHIW,21750,0.0769,0.0704,0.1396,0.0504,1678078800000000000,220
AVID,485473,29.08,29.8,30.96,28.74,1678078800000000000,12248
AVIE,215,57.2277,57.2277,57.2277,57.2277,1678078800000000000,10
AVIG,143301,40.9623,40.82,40.9623,40.81,1678078800000000000,155
AVIR,558510,3.53,3.34,3.53,3.27,1678078800000000000,4805
AVIV,17641,49.21,49.18,49.38,49.16,1678078800000000000,145
AVK,70849,12.44,12.43,12.6,12.33,1678078800000000000,576
AVLV,94732,53.25,53.08,53.4152,53,1678078800000000000,436
AVMU,28925,45.71,45.625,45.71,45.6,1678078800000000000,11
AVNS,406170,29.6,28.84,29.655,28.71,1678078800000000000,7330
AVNT,375044,44.26,42.89,44.33,42.49,1678078800000000000,8955
AVNW,136129,37.4,35.82,37.5,35.57,1678078800000000000,2222
AVO,91477,11.76,11.49,11.76,11.32,1678078800000000000,1983
AVPT,311615,5.16,5.09,5.16,5.055,1678078800000000000,5253
AVPTW,15852,0.8,0.85,0.89,0.79,1678078800000000000,111
AVRE,83585,42.89,42.71,42.95,42.626,1678078800000000000,193
AVRO,320085,1.47,1.43,1.47,1.4099,1678078800000000000,1059
AVSC,12025,47.72,47.0266,47.72,46.946,1678078800000000000,93
AVSD,4629,50.76,50.7477,50.96,50.73,1678078800000000000,47
AVSE,2443,44.96,44.9833,45.215,44.96,1678078800000000000,20
AVSF,22134,45.71,45.6702,45.71,45.66,1678078800000000000,75
AVSU,7159,48.9,48.8227,49.25,48.7899,1678078800000000000,46
AVT,835289,45.65,44.98,45.815,44.831,1678078800000000000,11347
AVTA,749641,27.87,27.12,28.3,27.07,1678078800000000000,10281
AVTE,65474,24.96,23.9,24.96,23.21,1678078800000000000,1803
AVTR,4672248,25.1,24.54,25.2275,24.43,1678078800000000000,36471
AVTX,19528,2.5993,2.44,2.6584,2.38,1678078800000000000,306
AVUS,226297,72.57,72.13,72.7,72.0229,1678078800000000000,931
AVUV,512595,82.73,81.19,82.73,80.91,1678078800000000000,3856
AVXL,808801,9.96,9.87,10.01,9.64,1678078800000000000,8021
AVY,439412,183.76,180.37,184.2,180.16,1678078800000000000,12532
AWAY,40197,18.51,18.43,18.61,18.39,1678078800000000000,338
AWF,366796,9.98,9.88,10.0199,9.85,1678078800000000000,1494
AWH,773954,0.42,0.4964,0.515,0.3906,1678078800000000000,3928
AWI,284762,78.13,75.54,78.13,75.42,1678078800000000000,6974
AWIN,1063716,1.17,1.06,1.17,0.99,1678078800000000000,2811
AWINW,25326,0.1096,0.1057,0.1096,0.0904,1678078800000000000,73
AWK,1357110,140,139.92,141.28,139.21,1678078800000000000,24779
AWP,264798,4.25,4.32,4.32,4.25,1678078800000000000,985
AWR,217700,86.76,85.79,86.96,84.72,1678078800000000000,6881
AWRE,15230,1.73,1.75,1.77,1.73,1678078800000000000,134
AWX,11178,3.05,2.925,3.05,2.86,1678078800000000000,40
AWYX,14,2.705,2.705,2.705,2.705,1678078800000000000,2
AX,357790,47.37,46.78,47.41,46.365,1678078800000000000,8622
AXAC,513,10.35,10.39,10.39,10.35,1678078800000000000,8
AXACr,3251,0.18,0.18,0.18,0.18,1678078800000000000,8
AXAC.WS,40282,0.0769,0.0651,0.0769,0.0651,1678078800000000000,11
AXDX,554616,0.499,0.496,0.53,0.4799,1678078800000000000,866
AXGN,149616,8.41,8.24,8.41,7.82,1678078800000000000,3081
AXL,746407,9.63,9.19,9.63,9.155,1678078800000000000,9283
AXLA,119279,0.5875,0.57,0.5875,0.5501,1678078800000000000,384
AXNX,701261,57.1,57,57.1,55.55,1678078800000000000,13183
AXON,802871,217.59,221.38,223.81,216.12,1678078800000000000,21565
AXP,2715903,178.56,179.06,180.515,178.46,1678078800000000000,40024
AXR,1704,13.56,13.52,13.62,13.4701,1678078800000000000,45
AXS,612375,60.58,59.87,60.65,59.64,1678078800000000000,8691
AXSpE,26044,21.95,22.05,22.09,21.9316,1678078800000000000,249
AXSM,664399,64.97,66.32,66.34,64.21,1678078800000000000,14415
AXTA,6767126,32.25,31.09,32.56,31.005,1678078800000000000,62707
AXTI,246160,4.35,4.12,4.39,4.08,1678078800000000000,2521
AY,716120,28.62,28.45,29.07,28.31,1678078800000000000,10123
AYI,262160,197.04,194.8,198.47,193.7,1678078800000000000,6316
AYRO,206271,0.636,0.5869,0.64986,0.58,1678078800000000000,837
AYTU,43685,2.59,2.56,2.7,2.52,1678078800000000000,321
AYX,1462024,68.75,67.22,70.31,67.1,1678078800000000000,22137
AZ,22877,1.55,1.68,1.6872,1.55,1678078800000000000,63
AZEK,1470312,24.39,23.85,24.52,23.7,1678078800000000000,14390
AZN,3492502,64.54,64.56,64.92,64.385,1678078800000000000,35499
AZO,146183,2498.38,2520,2523.08,2498.38,1678078800000000000,9319
AZPN,183284,220,217.6,221.215,217.085,1678078800000000000,7122
AZRE,723862,3.09,2.83,3.12,2.65,1678078800000000000,5572
AZTA,793775,45.01,43.99,45.01,43.85,1678078800000000000,14238
AZTD,100,20.72,20.4391,20.72,20.4391,1678078800000000000,1
AZUL,46365409,5.17,5.85,7.06,5.1,1678078800000000000,156051
AZYO,16137,4.07,4.2282,4.36,4.07,1678078800000000000,247
AZZ,194684,42.23,41.65,42.27,41.46,1678078800000000000,3899
B,352463,42.55,40.52,42.575,40.17,1678078800000000000,7468
BA,6790931,214.12,211.92,214.75,209.6,1678078800000000000,107132
BAB,112882,26.29,26.18,26.4,26.18,1678078800000000000,728
BABA,16664729,89.585,89.62,91.3001,88.03,1678078800000000000,144189
BABX,8424,23.45,23.78,24.58,23.3,1678078800000000000,110
BAC,36318403,34.24,34.09,34.56,33.985,1678078800000000000,134684
BACpB,53619,25.01,25.02,25.05,24.96,1678078800000000000,380
BACpE,32603,21.44,21.57,21.57,21.2501,1678078800000000000,374
BACpK,65684,24.76,24.75,24.78,24.7,1678078800000000000,367
BACpL,5157,1191.78,1191.44,1197.0799,1191,1678078800000000000,494
BACpM,70660,23,23.05,23.08,22.92,1678078800000000000,673
BACpN,69662,21.64,21.51,21.69,21.51,1678078800000000000,565
BACpO,139767,19.15,19.13,19.19,19.07,1678078800000000000,726
BACpP,180285,18.06,18,18.12,17.95,1678078800000000000,1076
BACpQ,78876,18.42,18.33,18.46,18.3,1678078800000000000,448
BACpS,40912,20.49,20.3385,20.51,20.3385,1678078800000000000,334
BACA,134011,10.14,10.15,10.16,10.14,1678078800000000000,54
BACK,145761,0.211,0.198,0.22,0.19,1678078800000000000,544
BAD,120,12.9849,12.9849,12.9849,12.9849,1678078800000000000,23
BAER,286121,5.97,4.48,5.98,4.36,1678078800000000000,2651
BAERW,44596,0.23,0.23,0.246,0.2289,1678078800000000000,190
BAFN,354,18.4,18.4,18.4,18.4,1678078800000000000,60
BAH,571266,96.12,96.28,96.97,95.815,1678078800000000000,11245
BAK,310709,7.9,8.05,8.14,7.81,1678078800000000000,4367
BAL,523,60.68,60.225,60.68,60.225,1678078800000000000,25
BALL,1644099,57.23,56.08,57.44,56.055,1678078800000000000,26083
BALT,78801,27.04,27.03,27.05,26.97,1678078800000000000,251
BALY,289513,20.53,19.54,20.84,19.435,1678078800000000000,5449
BAM,1389833,34.19,34.45,34.7,34.17,1678078800000000000,13883
BANC,376452,17.41,17.23,17.52,17.17,1678078800000000000,7079
BAND,872688,16.22,16.14,16.41,15.8,1678078800000000000,10771
BANF,110240,89.74,88.83,89.88,87.99,1678078800000000000,5124
BANFP,102,27.46,27.46,27.46,27.46,1678078800000000000,2
BANR,167673,63.03,62.82,63.59,62.07,1678078800000000000,5141
BANX,6316,18.81,18.81,19.1899,18.8,1678078800000000000,59
BAP,187693,131.94,132.5,133.21,131.5,1678078800000000000,4487
BAPR,4179,32.76,32.7479,32.89,32.74,1678078800000000000,28
BAR,626096,18.36,18.29,18.36,18.27,1678078800000000000,690
BARK,1354035,1.35,1.34,1.38,1.32,1678078800000000000,4816
BASE,82715,16.43,16.38,16.7599,15.77,1678078800000000000,3129
BATL,22146,8.48,8.62,8.91,8.46,1678078800000000000,435
BATRA,31638,35,34.82,35.11,34.62,1678078800000000000,767
BATRK,87537,34.45,34.39,34.78,34.22,1678078800000000000,2072
BATT,42437,13.24,13.08,13.25,13.0236,1678078800000000000,543
BAUG,3485,31.4,31.2337,31.41,31.216,1678078800000000000,32
BAX,4304672,40,39.71,40.15,39.7,1678078800000000000,39774
BB,4172612,4.12,3.99,4.21,3.99,1678078800000000000,8652
BBAG,162498,45.87,45.65,45.87,45.65,1678078800000000000,218
BBAI,12319921,3.22,3.18,3.79,3.13,1678078800000000000,39271
BBAI.WS,150575,0.39,0.36,0.4101,0.32,1678078800000000000,360
BBAR,841596,4.95,5.09,5.125,4.79,1678078800000000000,4825
BBAX,122647,50.42,50.31,50.48,50.2081,1678078800000000000,768
BBBY,38914452,1.53,1.39,1.54,1.39,1678078800000000000,77211
BBC,516,25.26,24.7116,25.26,24.7116,1678078800000000000,9
BBCA,68354,60.68,60.49,60.835,60.43,1678078800000000000,561
BBCB,278,44.73,44.64,44.73,44.64,1678078800000000000,19
BBCP,118893,7.93,7.84,7.94,7.67,1678078800000000000,1577
BBD,16896803,2.5,2.6,2.6,2.495,1678078800000000000,16617
BBDC,898352,8.66,8.71,8.78,8.64,1678078800000000000,6211
BBDO,21271,2.26,2.32,2.33,2.2406,1678078800000000000,160
BBEU,376375,52.97,53.03,53.2017,52.94,1678078800000000000,1480
BBGI,20747,1.1006,1.0394,1.1006,1.03,1678078800000000000,168
BBH,3486,161.31,159.886,161.31,159.8,1678078800000000000,111
BBHY,39449,44.51,44.52,44.622,44.45,1678078800000000000,180
BBIG,4014084,0.5165,0.4931,0.5168,0.49,1678078800000000000,7757
BBIN,36780,53.51,53.5,53.67,53.37,1678078800000000000,175
BBIO,30340170,17.99,16.52,19.3896,16.28,1678078800000000000,220065
BBJP,178960,47.26,47.26,47.4292,47.19,1678078800000000000,1181
BBLG,126008,0.3239,0.3,0.3239,0.2966,1678078800000000000,222
BBLGW,22324,0.0401,0.052499,0.052499,0.0401,1678078800000000000,4
BBLN,31655,10.09,10.11,10.6299,9.8214,1678078800000000000,599
BBLU,8809,8.58,8.58,8.6499,8.58,1678078800000000000,43
BBMC,923,79.7155,78.804,79.7155,78.804,1678078800000000000,34
BBN,90309,17.48,17.45,17.55,17.37,1678078800000000000,555
BBP,2827,49.9,49.6205,49.9,49.4401,1678078800000000000,33
BBRE,5944,87.27,87.12,87.685,86.9,1678078800000000000,157
BBSA,1203,46.845,46.8269,46.845,46.825,1678078800000000000,29
BBSC,696,57.179,57.0855,57.179,57.0855,1678078800000000000,20
BBSI,142045,91.41,92.21,93.72,90.49,1678078800000000000,2991
BBU,15893,18.78,18.22,18.93,18.02,1678078800000000000,337
BBUC,33770,20.24,19.35,20.41,19.34,1678078800000000000,558
BBUS,181475,72.84,72.66,73.1745,72.66,1678078800000000000,188
BBVA,917539,7.9,7.92,7.93,7.88,1678078800000000000,3191
BBW,459833,21.09,20.07,21.58,19.845,1678078800000000000,8909
BBWI,2953980,40,39.35,40.4,38.975,1678078800000000000,32035
BBY,2497552,83.8,82.3,84.31,82.115,1678078800000000000,47769
BC,686256,88.86,87.81,89.29,87.7,1678078800000000000,11713
BCpA,23186,25.477,25.3,25.6963,25.2,1678078800000000000,199
BCpB,4803,25.547,25.5299,25.5492,25.2709,1678078800000000000,64
BCpC,18054,25.43,25.77,25.77,25.1516,1678078800000000000,164
BCAB,507190,2.93,3.12,3.17,2.91,1678078800000000000,3802
BCAN,199609,2.78,2.96,3.2,2.58,1678078800000000000,1611
BCAT,245778,15.05,15.09,15.12,15.0247,1678078800000000000,1135
BCBP,100718,16.93,16.6,16.93,16.5,1678078800000000000,1830
BCC,332007,70.14,68.48,70.44,67.06,1678078800000000000,8576
BCD,98199,33.57,33.69,33.71,33.3925,1678078800000000000,432
BCDA,99347,2.2,2.2,2.27,2.16,1678078800000000000,599
BCDF,23,20.65,20.65,20.65,20.65,1678078800000000000,4
BCE,724050,44.52,44.56,44.785,44.47,1678078800000000000,7052
BCEL,73365,1.47,1.47,1.48,1.36,1678078800000000000,698
BCH,72534,21.67,21.78,21.7999,21.61,1678078800000000000,1399
BCI,115491,20.96,21.13,21.13,20.96,1678078800000000000,848
BCIM,234,24.2819,24.3394,24.3394,24.2819,1678078800000000000,5
BCLI,120837,2.06,2,2.1,1.95,1678078800000000000,726
BCM,1522,44.9981,45.2311,45.2311,44.9981,1678078800000000000,11
BCML,47746,20.02,20.02,20.05,19.61,1678078800000000000,847
BCO,152347,67.79,67.05,68.32,66.36,1678078800000000000,5142
BCOV,221488,5.12,4.8,5.19,4.775,1678078800000000000,3285
BCOW,2005,9.93,9.82,9.93,9.82,1678078800000000000,48
BCPC,115927,132.28,128.56,132.98,127.94,1678078800000000000,4178
BCRX,3709140,8.79,8.84,8.9,8.67,1678078800000000000,23389
BCS,2055123,8.31,8.38,8.39,8.31,1678078800000000000,6000
BCSA,1911,10.5,10.29,10.5,10.29,1678078800000000000,21
BCSF,194090,13.57,13.41,13.57,13.375,1678078800000000000,2622
BCTX,69476,7.5,7.33,7.6,7.25,1678078800000000000,718
BCTXW,12536,3.0999,2.95,3.1,2.95,1678078800000000000,99
BCV,18951,18.35,18.55,18.55,18.23,1678078800000000000,456
BCVpA,1317,23.54,23.46,23.54,23.39,1678078800000000000,32
BCX,173869,10.33,10.24,10.33,10.24,1678078800000000000,905
BCYC,231060,22,21.62,22.1075,21.02,1678078800000000000,3654
BDC,226693,86.14,85.85,87.3099,85.46,1678078800000000000,5610
BDCX,7996,31.19,31.4598,31.6,31.15,1678078800000000000,39
BDCZ,1208,18.0424,17.97,18.05,17.9603,1678078800000000000,10
BDEC,32923,33.475,33.4229,33.62,33.42,1678078800000000000,120
BDJ,272798,9.13,9.08,9.15,9.05,1678078800000000000,1057
BDL,4355,27.89,28.74,28.82,27.89,1678078800000000000,172
BDN,1597718,5.92,5.83,5.965,5.82,1678078800000000000,11491
BDRY,407563,9.44,9.15,9.69,9.11,1678078800000000000,2577
BDSX,267983,2.1,1.8,2.2,1.72,1678078800000000000,2060
BDTX,29747,1.85,1.81,1.91,1.78,1678078800000000000,268
BDX,777523,236.64,236.22,238,236.07,1678078800000000000,17256
BDXB,97167,48.65,48.57,48.71,48.57,1678078800000000000,295
BE,1505973,22.89,22.78,23.4,22.65,1678078800000000000,18814
BEAM,753220,39.43,38.13,39.4526,37.72,1678078800000000000,14605
BEAT,21283,3.28,3.33,3.4,3.28,1678078800000000000,114
BEATW,12709,0.6,0.65,0.65,0.5243,1678078800000000000,40
BECN,394550,67.8,66.11,68.31,66.02,1678078800000000000,9100
BECO,189,21.88,21.7937,21.88,21.7937,1678078800000000000,3
BEDU,2171,2.6,2.52,2.6,2.52,1678078800000000000,27
BEDZ,793,25.95,25.8009,25.95,25.8009,1678078800000000000,5
BEEM,41305,16.73,16.23,16.84,16.2,1678078800000000000,842
BEEMW,180,10.0027,10.0027,10.0027,10.0027,1678078800000000000,2
BEKE,9528652,19.54,19.04,19.6,18.92,1678078800000000000,31472
BELFA,2284,38.55,38.54,38.55,38.49,1678078800000000000,124
BELFB,100274,37.11,36.84,37.8684,36.51,1678078800000000000,1969
BEMB,22,50.545,50.545,50.545,50.545,1678078800000000000,7
BEN,2612179,29.69,29.22,29.8,29.195,1678078800000000000,27566
BEP,358470,27,27.31,27.47,26.96,1678078800000000000,3399
BEPpA,1832,20.19,19.9,20.19,19.9,1678078800000000000,34
BEPC,778782,29.27,29.49,29.62,29.17,1678078800000000000,10099
BEPH,17885,16.48,16.09,16.48,16.01,1678078800000000000,204
BEPI,18979,16.75,16.47,16.92,16.41,1678078800000000000,210
BERY,1147964,63.73,61.85,63.73,61.54,1678078800000000000,14516
BERZ,183619,17.85,18.33,18.35,17.26,1678078800000000000,1303
BEST,70424,0.642,0.65,0.6723,0.642,1678078800000000000,194
BETZ,69369,16.56,16.495,16.7,16.48,1678078800000000000,436
BF.A,21334,67.23,67.31,67.775,66.94,1678078800000000000,1143
BF.B,1307681,67.13,67.28,67.8,66.95,1678078800000000000,20568
BFAC,55006,10.4,10.39,10.4,10.39,1678078800000000000,32
BFAC.WS,2707,0.124,0.138,0.138,0.124,1678078800000000000,8
BFAM,565455,86.54,83.52,87.11,82.6501,1678078800000000000,11627
BFC,7726,78.37,78.35,78.65,78.0593,1678078800000000000,1015
BFEB,23127,31.6599,31.5652,31.7299,31.5652,1678078800000000000,92
BFH,829289,40.5,38.39,40.99,37.92,1678078800000000000,14820
BFI,49451,1.52,1.43,1.5499,1.41,1678078800000000000,448
BFIIW,8796,0.0723,0.0751,0.0795,0.0723,1678078800000000000,22
BFIN,7027,10.35,10.26,10.35,10.26,1678078800000000000,120
BFIT,1785,22.74,22.55,22.76,22.542,1678078800000000000,14
BFIX,4,22.725,22.725,22.725,22.725,1678078800000000000,2
BFK,97162,9.96,9.9,9.96,9.9,1678078800000000000,393
BFLY,2421861,2.41,2.21,2.43,2.19,1678078800000000000,10621
BFLY.WS,14160,0.2799,0.2663,0.29,0.2663,1678078800000000000,40
BFOR,2528,58.29,57.5671,58.29,57.5671,1678078800000000000,18
BFRG,1641980,3.32,3.88,4.3006,3.31,1678078800000000000,7866
BFRGW,42020,0.600101,0.7,0.85,0.6,1678078800000000000,93
BFRI,219822,0.66,0.63,0.67,0.6,1678078800000000000,485
BFS,41093,40.56,39.5,40.56,39,1678078800000000000,1507
BFSpD,100,22.27,22.27,22.27,22.27,1678078800000000000,1
BFSpE,56593,21.85,21.99,22.12,21.76,1678078800000000000,47
BFST,115391,20.48,20.61,20.68,20.47,1678078800000000000,2890
BFTR,671,28.03,27.762,28.03,27.762,1678078800000000000,20
BFZ,194976,11.06,11.11,11.14,11.04,1678078800000000000,385
BG,980178,98.49,98.06,98.74,97.51,1678078800000000000,15590
BGB,56512,11.11,11.15,11.17,11.11,1678078800000000000,316
BGCP,2460761,5.25,5.14,5.275,5.1,1678078800000000000,13878
BGFV,496882,8.97,8.75,9.04,8.69,1678078800000000000,5437
BGH,54761,13.64,13.67,13.78,13.55,1678078800000000000,318
BGI,33869,8.2,8.21,8.3,8.08,1678078800000000000,154
BGLD,4847,18.75,18.7346,18.75,18.62,1678078800000000000,33
BGNE,170547,241.2,238.64,241.2,236.68,1678078800000000000,4402
BGR,50224,12.94,12.87,13.05,12.83,1678078800000000000,348
BGRN,35495,46.21,46,46.21,45.97,1678078800000000000,411
BGRY,682066,1.28,1.38,1.39,1.28,1678078800000000000,2405
BGRYW,1274,0.1863,0.1801,0.1863,0.1625,1678078800000000000,11
BGS,1171299,15.88,15.3,16,15.01,1678078800000000000,18320
BGSF,14693,14.21,14.2,14.4437,14.07,1678078800000000000,198
BGSX,11173,10.18,10.19,10.205,10.18,1678078800000000000,10
BGSX.U,24110,10.175,10.18,10.18,10.175,1678078800000000000,35
BGT,163567,11.72,11.72,11.74,11.66,1678078800000000000,552
BGX,57909,11.49,11.54,11.54,11.432,1678078800000000000,304
BGXX,468102,0.9131,0.9,0.92,0.87,1678078800000000000,3561
BGY,293482,5.46,5.45,5.49,5.44,1678078800000000000,943
BH,3898,181.01,182,182.4,179.62,1678078800000000000,212
BH.A,145,904,897.5,904,897.5,1678078800000000000,49
BHAT,81428,0.519,0.4802,0.5199,0.48,1678078800000000000,287
BHB,47816,29.775,29.19,29.775,28.84,1678078800000000000,908
BHC,3468090,9.17,8.82,9.18,8.78,1678078800000000000,18632
BHE,249766,24.1,23.89,24.1125,23.67,1678078800000000000,4563
BHF,504554,58.38,57.39,58.7738,57.21,1678078800000000000,10179
BHFAL,25801,24.7483,24.63,24.77,24.257,1678078800000000000,259
BHFAM,84488,17.83,17.46,18.1476,17.43,1678078800000000000,603
BHFAN,93785,20.18,19.75,20.45,19.68,1678078800000000000,859
BHFAO,38551,25.6,25.7,25.91,25.2494,1678078800000000000,378
BHFAP,11251,25.28,25.66,25.66,25.28,1678078800000000000,157
BHG,3237555,0.4722,0.4558,0.495,0.43,1678078800000000000,7545
BHIL,346512,2.42,2.31,2.42,2.265,1678078800000000000,2405
BHIL.WS,17025,0.1795,0.17,0.1801,0.165,1678078800000000000,43
BHK,80911,10.82,10.81,10.87,10.79,1678078800000000000,394
BHLB,269235,28.68,28.13,28.71,27.96,1678078800000000000,6338
BHM,56867,21.05,20.3,21.05,20.3,1678078800000000000,947
BHP,3009476,64.3,64.04,64.4,63.83,1678078800000000000,34563
BHR,348421,4.75,4.68,4.77,4.6625,1678078800000000000,3310
BHRpB,1930,17.36,17.25,17.625,17.25,1678078800000000000,40
BHRpD,613,25.1,25.0001,25.1,25.0001,1678078800000000000,12
BHV,1664,11.1569,11.13,11.1569,11.11,1678078800000000000,15
BHVN,913108,14.37,14.22,14.37,13.7601,1678078800000000000,10239
BIAF,24683,1.67,1.8,1.8,1.65,1678078800000000000,308
BIAFW,10284,0.3451,0.3379,0.5038,0.3379,1678078800000000000,80
BIB,13792,55.38,54.03,55.38,53.93,1678078800000000000,226
BIBL,37238,32.29,32.16,32.43,32.09,1678078800000000000,188
BICK,2281,25.6,25.58,25.8773,25.58,1678078800000000000,5
BIDS,507,14.82,14.56,14.82,14.56,1678078800000000000,10
BIDU,2959781,150.64,149.51,152.45,148.58,1678078800000000000,37620
BIG,1410901,14.96,14.41,14.99,14.185,1678078800000000000,18787
BIGC,1161039,10.47,9.88,10.74,9.835,1678078800000000000,11320
BIGZ,536086,7.76,7.68,7.8,7.68,1678078800000000000,1959
BIIB,1108485,270.5,270.25,272.635,267.8,1678078800000000000,24294
BIL,6131236,91.52,91.52,91.52,91.51,1678078800000000000,9756
BILI,5060786,22.5,21.63,22.62,21.62,1678078800000000000,40341
BILL,1301961,90,88.77,91.915,88.72,1678078800000000000,20837
BILS,194412,99.17,99.17,99.18,99.17,1678078800000000000,643
BIMI,42519,0.9991,1.01,1.03,0.951,1678078800000000000,174
BIO,175559,502,494.16,502,491.6,1678078800000000000,7188
BIOC,127919,0.5166,0.47,0.5166,0.45,1678078800000000000,598
BIOL,163804,0.48,0.4729,0.48,0.458,1678078800000000000,656
BIOR,103877,2.99,3,3.06,2.9,1678078800000000000,1222
BIOS,5443,10.4,10.4,10.4,10.4,1678078800000000000,12
BIOSU,203,10.44,10.44,10.44,10.44,1678078800000000000,4
BIOX,88026,11.81,12.13,12.3,11.54,1678078800000000000,751
BIP,227652,33.68,34.23,34.4,33.66,1678078800000000000,2809
BIPpA,4819,18.71,18.62,18.855,18.62,1678078800000000000,80
BIPpB,18612,18.49,18.22,18.49,18.2,1678078800000000000,144
BIPC,295635,44,44.99,45,44,1678078800000000000,5023
BIPH,15577,19.27,18.304,19.27,18.304,1678078800000000000,234
BIPI,84404,19.49,18.165,19.53,17.75,1678078800000000000,927
BIRD,2603310,2.97,2.86,3.04,2.82,1678078800000000000,13319
BIS,17029,20.37,20.513,20.59,20.295,1678078800000000000,67
BIT,117029,15.23,15.05,15.2713,15.02,1678078800000000000,692
BITE,6697,10.43,10.245,10.43,10.2,1678078800000000000,21
BITF,1900867,0.9,0.8902,0.93,0.8701,1678078800000000000,4440
BITI,520198,28.5,28.6,28.67,28.27,1678078800000000000,2281
BITO,5277609,13.78,13.74,13.91,13.72,1678078800000000000,9917
BITQ,79043,5.09,5.02,5.2999,5.02,1678078800000000000,357
BITS,1531,27.63,27.26,27.8236,27.2032,1678078800000000000,26
BIV,766177,74.32,74.03,74.32,73.9639,1678078800000000000,4310
BIVI,1219783,6.85,8.76,8.94,6.4231,1678078800000000000,8772
BIZD,273323,15.67,15.65,15.7429,15.63,1678078800000000000,978
BJ,2006021,74.11,73.28,74.15,72.83,1678078800000000000,27459
BJAN,7678,34.9299,34.7307,34.94,34.72,1678078800000000000,49
BJDX,11933,0.69,0.7195,0.74,0.679899,1678078800000000000,104
BJK,12268,44.54,44.31,44.9999,44.2368,1678078800000000000,156
BJRI,311549,32.44,32.08,32.47,31.44,1678078800000000000,7492
BJUL,4624,32.31,32.2699,32.47,32.25,1678078800000000000,60
BJUN,472,31.88,31.7826,31.88,31.7826,1678078800000000000,7
BK,4327839,51.39,51.14,51.84,51.085,1678078800000000000,39026
BKAG,97760,41.72,41.495,41.72,41.495,1678078800000000000,508
BKCC,414997,3.75,3.77,3.77,3.7,1678078800000000000,2657
BKCH,27704,19.99,19.7,20.7,19.67,1678078800000000000,302
BKCI,2093,44.97,44.86,44.98,44.84,1678078800000000000,16
BKD,1482049,3.44,3.29,3.45,3.205,1678078800000000000,7439
BKDT,5850,49.96,49.33,49.96,48.5,1678078800000000000,30
BKE,496217,38.01,37.27,38.03,37.09,1678078800000000000,9414
BKEM,2175,55.36,55.0892,55.36,55.0892,1678078800000000000,44
BKES,100,40.3,40.3,40.3,40.3,1678078800000000000,1
BKF,8987,34.98,34.99,35.06,34.91,1678078800000000000,44
BKGI,1826,27.74,27.8781,27.94,27.74,1678078800000000000,25
BKH,402931,62.29,61.8,62.625,61.345,1678078800000000000,10811
BKHY,29063,46.92,46.8527,46.99,46.83,1678078800000000000,285
BKI,1139549,58.93,58.45,58.965,57.71,1678078800000000000,15190
BKIE,4927,66.5,66.4814,66.63,66.4814,1678078800000000000,33
BKIS,1042,43.05,42.98,43.05,42.98,1678078800000000000,5
BKKT,949246,1.4,1.33,1.4199,1.32,1678078800000000000,3550
BKKT.WS,12293,0.2014,0.2395,0.252,0.2014,1678078800000000000,19
BKLC,16837,74.36,74.2388,74.6854,74.2314,1678078800000000000,85
BKLN,5613152,21.11,21.07,21.11,21.04,1678078800000000000,7504
BKMC,4905,84.42,83.8856,84.42,83.87,1678078800000000000,13
BKN,115100,11.76,11.59,11.76,11.545,1678078800000000000,587
BKNG,447345,2574.66,2613.43,2626.46,2574.66,1678078800000000000,19269
BKR,4523779,32.24,32.27,32.405,32,1678078800000000000,41107
BKSB,1731,46.6521,46.66,46.6904,46.65,1678078800000000000,19
BKSC,6065,16.26,16.12,16.45,16.12,1678078800000000000,113
BKSE,1841,85.0511,84.7225,85.08,84.7225,1678078800000000000,20
BKSY,1002843,1.96,1.93,2.06,1.9,1678078800000000000,4256
BKSY.WS,7817,0.240101,0.25,0.25,0.2118,1678078800000000000,34
BKT,41084,12.56,12.47,12.6,12.31,1678078800000000000,345
BKTI,7624,3.13,3.23,3.3,3.13,1678078800000000000,103
BKU,562903,35.16,34.74,35.41,34.721,1678078800000000000,11364
BKUI,433,48.96,48.955,48.96,48.955,1678078800000000000,12
BKUS,0,41.1162,41.1162,41.1162,41.1162,1678078800000000000,0
BKYI,11869,0.74,0.75,0.75,0.7025,1678078800000000000,75
BL,804915,70.91,68.05,70.91,67.69,1678078800000000000,14744
BLACU,12776,10.25,10.24,10.39,10.22,1678078800000000000,43
BLBD,167328,21.7,21.33,21.9527,21.07,1678078800000000000,3661
BLBX,613807,1.15,1.07,1.15,0.9953,1678078800000000000,2299
BLCM,31212,0.83,0.8501,0.997,0.83,1678078800000000000,178
BLCN,90333,21.09,21.04,21.31,20.95,1678078800000000000,409
BLCO,292834,17.7,17.27,17.75,17.14,1678078800000000000,3945
BLD,262596,210.54,203.88,211.2608,202.65,1678078800000000000,9055
BLDE,212321,4.5,4.46,4.57,4.41,1678078800000000000,2390
BLDEW,14381,0.69,0.68,0.715,0.66,1678078800000000000,98
BLDG,658,26.5899,26.5236,26.5899,26.5236,1678078800000000000,27
BLDP,3503971,5.95,5.78,6.06,5.78,1678078800000000000,17554
BLDR,2119627,89.2,87.29,90.21,87.205,1678078800000000000,36229
BLE,116727,10.36,10.34,10.36,10.27,1678078800000000000,480
BLES,12254,33.5421,33.4375,33.64,33.3659,1678078800000000000,84
BLEU,202,10.2,10.17,10.2,10.17,1678078800000000000,3
BLFS,243094,23.98,22.76,24.07,22.23,1678078800000000000,5950
BLFY,44960,12.06,12,12.13,11.9,1678078800000000000,810
BLHY,107,20.87,20.87,20.87,20.87,1678078800000000000,4
BLI,1091282,1.82,1.6,1.8526,1.59,1678078800000000000,7435
BLIN,23881,1.06,1.07,1.07,1.0301,1678078800000000000,161
BLK,539110,688.35,688.39,698.79,687.56,1678078800000000000,22155
BLKB,155002,56.43,56.13,56.87,55.66,1678078800000000000,4957
BLKC,548,10.22,10.2,10.22,10.2,1678078800000000000,7
BLLD,303,47.14,46.922,47.14,46.922,1678078800000000000,3
BLMN,1362181,26.86,26.23,26.96,26.015,1678078800000000000,16270
BLND,678223,1.51,1.5,1.53,1.475,1678078800000000000,4496
BLNG,101,10.23,10.23,10.23,10.23,1678078800000000000,2
BLNK,3142712,9.36,8.89,9.66,8.85,1678078800000000000,24391
BLOK,76564,18.05,17.92,18.395,17.92,1678078800000000000,986
BLPH,34546332,1.85,3.51,5.12,1.73,1678078800000000000,132034
BLRX,277861,0.6,0.592,0.62,0.5801,1678078800000000000,470
BLTE,2305,32.336,32.05,32.336,32,1678078800000000000,65
BLU,173289,7.73,7.55,7.73,7.5,1678078800000000000,2124
BLUE,2903276,5.19,4.9,5.24,4.83,1678078800000000000,16396
BLV,260374,74.04,73.22,74.04,73.199,1678078800000000000,2999
BLW,131239,13.64,13.44,13.64,13.41,1678078800000000000,473
BLX,102408,18.55,18.82,18.9,18.52,1678078800000000000,1547
BLZE,65613,5.81,5.49,5.9485,5.46,1678078800000000000,1480
BMA,219625,19.28,20.34,20.425,18.43,1678078800000000000,2354
BMAC,473379,10.35,10.35,10.56,10.33,1678078800000000000,245
BMAC.U,1495,10.49,10.4,10.49,10.4,1678078800000000000,9
BMAC.WS,2529,0.065099,0.0798,0.0799,0.065099,1678078800000000000,7
BMAQ,8793,10.52,10.5,10.52,10.5,1678078800000000000,69
BMAQR,788,0.0551,0.0551,0.0551,0.0551,1678078800000000000,2
BMAQW,12092,0.0246,0.0333,0.036,0.02,1678078800000000000,47
BMAR,202729,34.36,34.2916,34.46,34.2788,1678078800000000000,800
BMAY,3215,30.1119,30.0842,30.165,30.0829,1678078800000000000,14
BMBL,6311709,22.3,21.42,22.625,21.32,1678078800000000000,52472
BME,35486,41.74,41.7,41.8924,41.57,1678078800000000000,449
BMEA,124631,13.9,13.26,13.95,12.44,1678078800000000000,2416
BMED,110,23.3758,23.2483,23.3758,23.2483,1678078800000000000,1
BMEZ,213178,16.25,16.16,16.32,16.115,1678078800000000000,1495
BMI,155294,123.97,119.76,123.97,118.835,1678078800000000000,5611
BMLpG,1881,21.28,21.3999,21.3999,21.28,1678078800000000000,4
BMLpH,10058,20.96,20.98,21.0699,20.85,1678078800000000000,75
BMLpJ,11119,21.25,21.27,21.276,21.15,1678078800000000000,108
BMLpL,35629,21.01,21.03,21.1299,20.96,1678078800000000000,270
BMN,20468,25.13,25.05,25.15,25,1678078800000000000,70
BMO,343560,96.32,95.94,96.785,95.66,1678078800000000000,5632
BMR,79160,3.37,3.32,3.54,3.16,1678078800000000000,758
BMRA,72764,2.25,2.25,2.3974,2.25,1678078800000000000,293
BMRC,43498,30.38,30.19,30.61,29.79,1678078800000000000,1233
BMRN,4388187,94.99,94.3,97.11,93.38,1678078800000000000,70042
BMTX,92971,3.36,3.38,3.46,3.25,1678078800000000000,708
BMTX.WS,246,0.31,0.3,0.31,0.3,1678078800000000000,3
BMY,6953217,69.37,68.9,69.66,68.73,1678078800000000000,69890
BN,1924347,34.04,33.53,34.3093,33.485,1678078800000000000,18046
BND,4368174,72.03,71.71,72.03,71.7,1678078800000000000,22368
BNDC,103587,22.0402,21.98,22.0402,21.96,1678078800000000000,448
BNDD,81652,15.739,15.655,15.8,15.65,1678078800000000000,548
BNDI,266,47.71,47.685,47.71,47.685,1678078800000000000,7
BNDW,21475,67.3,67.16,67.3699,67.09,1678078800000000000,623
BNDX,2208946,47.73,47.65,47.7499,47.64,1678078800000000000,8546
BNE,406,26.02,26.02,26.02,26.02,1678078800000000000,6
BNED,546594,1.92,1.88,1.96,1.82,1678078800000000000,7228
BNGE,226,20.1184,19.8685,20.1184,19.8685,1678078800000000000,7
BNGO,7561149,1.43,1.35,1.445,1.33,1678078800000000000,19070
BNGOW,2971,0.15,0.155,0.18,0.15,1678078800000000000,7
BNH,37467,16.99,16.98,17.16,16.91,1678078800000000000,275
BNIX,244718,10.38,10.39,10.39,10.36,1678078800000000000,115
BNIXR,100391,0.1599,0.16,0.16,0.1599,1678078800000000000,15
BNIXW,1800,0.04,0.0415,0.0415,0.04,1678078800000000000,9
BNJ,6761,16.43,16.2291,16.43,16.22,1678078800000000000,100
BNKD,10738,8.3513,8.41,8.42,8.22,1678078800000000000,96
BNKU,10637,30.18,29.97,30.73,29.91,1678078800000000000,221
BNL,1186038,18.23,17.61,18.23,17.525,1678078800000000000,11080
BNNR,11593,10.22,10.22,10.22,10.22,1678078800000000000,11
BNNRW,1800,0.0285,0.02675,0.0285,0.02675,1678078800000000000,3
BNO,268202,28.21,28.63,28.63,28.13,1678078800000000000,1206
BNOV,19491,31.3629,31.2049,31.3629,31.1832,1678078800000000000,59
BNOX,56345,3.34,3.6,3.7489,2.7698,1678078800000000000,479
BNR,83004,3.4,3.11,3.4,3.04,1678078800000000000,687
BNRE,10242,34.12,33.56,34.38,33.54,1678078800000000000,364
BNRG,1557,1.43,1.455,1.455,1.43,1678078800000000000,16
BNS,1112969,51.5,51.65,52.11,51.42,1678078800000000000,11481
BNSO,4813,3.1396,3.12,3.1396,3.06,1678078800000000000,50
BNTC,322977,0.3151,0.3151,0.323999,0.3,1678078800000000000,353
BNTX,276638,131,131.54,132.31,130.26,1678078800000000000,8749
BNY,48414,10.24,10.15,10.28,10.15,1678078800000000000,330
BOAC,46902,9.92,9.89,9.92,9.89,1678078800000000000,62
BOAC.U,436,9.98,9.9888,9.9888,9.98,1678078800000000000,3
BOAC.WS,4800,0.125,0.17,0.185,0.125,1678078800000000000,10
BOAT,10050,32.1,31.735,32.1,31.68,1678078800000000000,131
BOC,89353,24.04,23.91,24.22,23.675,1678078800000000000,2380
BOCN,6867,10.4,10.4,10.9,10.4,1678078800000000000,16
BOCT,7668,33.4,33.3057,33.48,33.29,1678078800000000000,42
BODY,461055,0.7199,0.76,0.7696,0.6873,1678078800000000000,1788
BODY.WS,3000,0.0995,0.101283,0.101283,0.094,1678078800000000000,3
BOE,105848,10.17,10.12,10.2098,10.1,1678078800000000000,819
BOH,278895,74.73,73.72,75.35,73.72,1678078800000000000,5335
BOHpA,10311,19.09,18.92,19.11,18.92,1678078800000000000,73
BOIL,100146189,6.16,6.05,6.27,5.64,1678078800000000000,209601
BOKF,117517,103.18,102.95,104.045,102.75,1678078800000000000,4390
BOLT,179676,1.68,1.57,1.68,1.53,1678078800000000000,905
BON,131616,2.43,2.18,2.43,2,1678078800000000000,412
BOND,256960,91.35,90.86,91.35,90.84,1678078800000000000,1282
BOOM,129103,27.05,26.11,27.3,25.675,1678078800000000000,4113
BOOT,859402,81.89,78.83,82.5399,78.53,1678078800000000000,16549
BORR,1786891,7.55,7.53,7.585,7.425,1678078800000000000,11384
BOSC,7892,2.4,2.42,2.4954,2.4,1678078800000000000,31
BOSS,312,25.15,24.8498,25.1501,24.8498,1678078800000000000,8
BOTJ,174,12.95,12.95,12.95,12.95,1678078800000000000,10
BOTZ,2283317,24.61,24.3,24.61,24.29,1678078800000000000,15921
BOUT,6585,31.47,32.39,32.88,31.3599,1678078800000000000,65
BOWL,1961480,16.46,16.24,16.52,16,1678078800000000000,12717
BOX,1537518,28.47,28.39,29.0298,28.375,1678078800000000000,18687
BOXD,1221998,0.5134,0.4959,0.531,0.4813,1678078800000000000,3887
BOXD.WS,2000,0.063048,0.07,0.0822,0.063048,1678078800000000000,5
BOXL,409283,0.55,0.547,0.55,0.512,1678078800000000000,901
BOXX,166026,100.81,100.82,100.86,100.8099,1678078800000000000,59
BP,7696037,40.23,40.42,40.55,40.105,1678078800000000000,44595
BPAC,6195,10.45,10.45,10.45,10.45,1678078800000000000,3
BPACU,804,10.41,10.41,10.41,10.41,1678078800000000000,8
BPACW,25001,0.0801,0.0801,0.0801,0.0801,1678078800000000000,2
BPAY,16,21.8682,21.8682,21.8682,21.8682,1678078800000000000,2
BPMC,1255238,45.72,43.42,46.65,43.06,1678078800000000000,18906
BPOP,552289,70.3,69.14,70.74,68.84,1678078800000000000,11535
BPOPM,1415,25.06,25.02,25.07,24.96,1678078800000000000,28
BPRN,4421,34.31,34.25,34.3268,33.91,1678078800000000000,233
BPT,158730,10.65,10.83,10.8699,10.47,1678078800000000000,1431
BPTH,11511,1.78,1.7,1.8,1.7,1678078800000000000,182
BPTS,787298,0.5187,0.629,0.64,0.505101,1678078800000000000,2807
BPYPM,9084,18.03,17.93,18.08,17.9,1678078800000000000,152
BPYPN,10814,16.9908,16.905,17.17,16.905,1678078800000000000,167
BPYPO,11272,18,17.9099,18,17.78,1678078800000000000,106
BPYPP,8713,18.75,18.8,18.8,18.64,1678078800000000000,110
BQ,60614,1.3442,1.32,1.46,1.32,1678078800000000000,224
BR,426886,144.33,143.11,144.965,143.1,1678078800000000000,10326
BRAC,107,10.46,10.46,10.46,10.46,1678078800000000000,4
BRAG,7332,3.88,3.96,3.96,3.7999,1678078800000000000,101
BRBR,728188,31.42,31.06,31.52,30.96,1678078800000000000,7935
BRBS,121300,12.05,12.12,12.31,11.92,1678078800000000000,1357
BRC,305745,56.1,54.29,56.1,53.7801,1678078800000000000,8099
BRCC,613245,6.26,6.06,6.26,5.97,1678078800000000000,5278
BRD,1924,10.32,10.32,10.34,10.32,1678078800000000000,16
BRDG,69214,13.84,13.45,13.84,13.41,1678078800000000000,1736
BRDS,1657887,0.1939,0.1988,0.207,0.181,1678078800000000000,6707
BREA,29500,3.23,2.93,3.23,2.8299,1678078800000000000,275
BREZ,11793,10.6,10.59,10.6,10.52,1678078800000000000,52
BREZR,1456,0.13,0.129899,0.13,0.101,1678078800000000000,21
BREZW,14972,0.079549,0.080001,0.0801,0.0754,1678078800000000000,15
BRF,14682,13.14,13.45,13.5,13.14,1678078800000000000,109
BRFH,73191,1.3,1.29,1.38,1.13,1678078800000000000,242
BRFS,7689938,1.31,1.42,1.435,1.295,1678078800000000000,7490
BRID,7900,13.1,13.43,13.43,12.99,1678078800000000000,203
BRIV,54269,10.12,10.11,10.13,10.11,1678078800000000000,84
BRIVU,900,10.12,10.13,10.21,10.12,1678078800000000000,6
BRIVW,4865,0.133,0.1033,0.153,0.1033,1678078800000000000,45
BRK.A,6258,476182,480215,480944.9988,472486.03,1678078800000000000,6230
BRK.B,4889528,312.82,316.97,317.29,312.43,1678078800000000000,76991
BRKH,954522,10.3,10.3,10.31,10.3,1678078800000000000,137
BRKHW,12300,0.06,0.059799,0.06,0.059799,1678078800000000000,20
BRKL,979911,12.75,12.27,12.76,12.2,1678078800000000000,11401
BRKR,605059,75.05,75.03,76.13,75.01,1678078800000000000,17534
BRKY,62,21.3301,21.3301,21.3301,21.3301,1678078800000000000,5
BRLIR,13155,0.1245,0.1384,0.1384,0.0963,1678078800000000000,49
BRLIW,105411,0.0165,0.021251,0.0275,0.0098,1678078800000000000,125
BRLN,865,51.86,51.935,52.05,51.7747,1678078800000000000,11
BRLT,62824,5.18,5.25,5.4,5.0411,1678078800000000000,820
BRMK,1756076,5.07,5.06,5.135,5.04,1678078800000000000,10073
BRN,18467,2.47,2.4183,2.48,2.4,1678078800000000000,114
BRNY,4625,27.71,27.6946,27.73,27.6946,1678078800000000000,6
BRO,880685,56.99,57,57.44,56.85,1678078800000000000,17581
BROGW,4302,0.1271,0.13,0.13,0.0936,1678078800000000000,44
BROS,796570,34.58,34.15,35.18,33.94,1678078800000000000,9884
BRP,373683,27.24,27.57,28.42,27.24,1678078800000000000,7204
BRQS,12434992,0.268,0.2694,0.3096,0.246,1678078800000000000,12581
BRSH,59414,0.3472,0.361594,0.365,0.3401,1678078800000000000,158
BRSHW,2981,0.08,0.1,0.1035,0.08,1678078800000000000,22
BRSP,2732589,7,6.87,7.04,6.825,1678078800000000000,15390
BRT,58472,21.57,21.5,21.6,21.2567,1678078800000000000,914
BRTX,294510,3.07,3.57,3.63,3.05,1678078800000000000,2112
BRW,186666,8.23,8.3,8.36,8.215,1678078800000000000,561
BRX,1881663,22.97,22.85,23.095,22.775,1678078800000000000,16374
BRY,996059,9.67,9.55,9.68,9.4784,1678078800000000000,7511
BRZE,279194,33.48,32.52,33.5,32.31,1678078800000000000,6286
BRZU,104633,62.68,65.63,65.9,62.27,1678078800000000000,1139
BSAC,393938,17.25,17.54,17.56,17.24,1678078800000000000,3150
BSAQ.U,142,10.19,10.19,10.19,10.19,1678078800000000000,1
BSBR,1765111,5.21,5.3,5.32,5.16,1678078800000000000,7652
BSCE,3581,23.36,23.37,23.37,23.35,1678078800000000000,26
BSCN,363431,21.06,21.06,21.07,21.06,1678078800000000000,632
BSCO,464789,20.51,20.49,20.51,20.47,1678078800000000000,1384
BSCP,777527,20.09,20.065,20.095,20.06,1678078800000000000,1526
BSCQ,592049,18.85,18.82,18.86,18.82,1678078800000000000,1562
BSCR,165591,18.95,18.905,18.95,18.8977,1678078800000000000,374
BSCS,138169,19.61,19.575,19.61,19.55,1678078800000000000,844
BSCT,260636,17.77,17.715,17.77,17.7121,1678078800000000000,352
BSCU,72305,16.07,15.975,16.07,15.96,1678078800000000000,327
BSCV,33632,15.86,15.78,15.86,15.7513,1678078800000000000,206
BSCW,20713,20,19.84,20,19.8161,1678078800000000000,98
BSDE,14719,24.0007,23.995,24.0007,23.99,1678078800000000000,17
BSEA,4581,22.78,22.66,22.82,22.63,1678078800000000000,19
BSEP,18650,31.77,31.81,31.92,31.7136,1678078800000000000,122
BSET,23770,19.29,18.875,19.29,18.85,1678078800000000000,315
BSFC,3477743,0.1682,0.18,0.1825,0.162,1678078800000000000,3119
BSGA,1071,10.6,10.6,10.6,10.6,1678078800000000000,9
BSGM,493657,1.16,1.13,1.18,1.08,1678078800000000000,1430
BSIG,138254,25.41,24.85,25.65,24.72,1678078800000000000,3771
BSJN,266714,23.5,23.54,23.56,23.5,1678078800000000000,1276
BSJO,494553,22.51,22.47,22.53,22.44,1678078800000000000,2355
BSJP,412074,22.53,22.48,22.54,22.45,1678078800000000000,2168
BSJQ,222922,22.83,22.82,22.88,22.82,1678078800000000000,1393
BSJR,134135,21.78,21.72,21.78,21.7,1678078800000000000,374
BSJS,103538,21.08,21.03,21.36,21.03,1678078800000000000,176
BSJT,975,20.37,20.35,20.41,20.35,1678078800000000000,12
BSJU,3506,24.44,24.51,24.6101,24.44,1678078800000000000,16
BSL,39251,13.15,13.1,13.1829,13.07,1678078800000000000,234
BSM,565514,15.78,15.84,15.9627,15.72,1678078800000000000,3309
BSMN,34517,25.09,25.08,25.13,25.05,1678078800000000000,106
BSMO,75962,24.74,24.7566,24.8,24.71,1678078800000000000,414
BSMP,21621,24.2411,24.245,24.275,24.23,1678078800000000000,121
BSMQ,8316,23.405,23.4,23.41,23.381,1678078800000000000,43
BSMR,8821,23.4596,23.46,23.48,23.4453,1678078800000000000,34
BSMS,21027,23.214,23.2001,23.22,23.12,1678078800000000000,153
BSMT,5434,22.8785,22.865,22.89,22.865,1678078800000000000,18
BSMU,9201,21.76,21.71,21.78,21.67,1678078800000000000,117
BSMV,15839,20.87,20.87,20.92,20.8699,1678078800000000000,90
BSMW,1101,25,24.975,25,24.975,1678078800000000000,9
BSMX,31707,6.71,6.75,6.7789,6.71,1678078800000000000,299
BSQR,12814,1.19,1.195,1.1999,1.19,1678078800000000000,43
BSRR,76156,20.2,19.99,20.23,19.93,1678078800000000000,970
BST,102599,32.53,32.3,32.66,32.25,1678078800000000000,1476
BSTP,978,25.05,25.03,25.05,25.02,1678078800000000000,6
BSTZ,293007,18.04,18.07,18.28,18,1678078800000000000,2348
BSV,2628249,75.01,74.9,75.01,74.88,1678078800000000000,7376
BSVN,13170,29.16,28.7,29.16,28.65,1678078800000000000,503
BSX,6284382,47.79,47.74,48.11,47.555,1678078800000000000,40079
BSXpA,30115,115.909,115.5554,115.909,115.5554,1678078800000000000,79
BSY,856122,42.785,40.98,42.785,40.803,1678078800000000000,15403
BTA,33536,9.6,9.57,9.62,9.57,1678078800000000000,95
BTAI,326597,30.44,30.14,30.53,29.41,1678078800000000000,6266
BTAL,117525,19.24,19.44,19.48,19.14,1678078800000000000,783
BTB,251927,1.23,1.19,1.289,1.18,1678078800000000000,1138
BTBDW,309,0.13,0.13,0.13,0.13,1678078800000000000,2
BTBT,907303,1.21,1.23,1.31,1.21,1678078800000000000,3054
BTCM,102350,2.69,2.62,2.83,2.58,1678078800000000000,818
BTCS,40520,1.33,1.3399,1.39,1.3164,1678078800000000000,198
BTCY,28321,0.7596,0.7181,0.7596,0.701,1678078800000000000,160
BTE,3322797,4.19,4.06,4.19,4.03,1678078800000000000,11709
BTEC,228,36,35.24,36,35.24,1678078800000000000,11
BTEK,1267,19.6699,19.4774,19.71,19.4774,1678078800000000000,16
BTF,132528,8.81,8.77,8.88,8.77,1678078800000000000,571
BTG,7933433,3.57,3.49,3.57,3.47,1678078800000000000,12395
BTHM,300,22.6,22.5539,22.6085,22.5539,1678078800000000000,6
BTI,3784470,37.56,38.11,38.14,37.55,1678078800000000000,25350
BTMD,124716,4.5662,4.6,4.67,4.53,1678078800000000000,544
BTO,27734,35.53,35.24,35.94,35.05,1678078800000000000,254
BTOG,33861,0.247,0.2473,0.2698,0.247,1678078800000000000,94
BTT,67508,21.24,21.16,21.25,21.15,1678078800000000000,399
BTTR,28460,0.66,0.63,0.66,0.62,1678078800000000000,86
BTTX,13992,1.16,1.16,1.1999,1.1104,1678078800000000000,135
BTU,4667933,27.2,26.29,27.2,26,1678078800000000000,42357
BTWN,11903,10.03,10.03,10.0301,10.03,1678078800000000000,85
BTWNU,6400,10.1,10.145,10.145,10.1,1678078800000000000,11
BTWNW,120,0.2185,0.2185,0.2185,0.2185,1678078800000000000,2
BTZ,237306,10.63,10.61,10.72,10.57,1678078800000000000,785
BUCK,614,25.055,25.06,25.0644,25.055,1678078800000000000,9
BUD,1656606,61.26,61.09,61.42,60.93,1678078800000000000,21156
BUFB,9043,24.17,24.155,24.28,24.105,1678078800000000000,52
BUFD,61093,20.17,20.2,20.269,20.13,1678078800000000000,229
BUFF,19456,35.64,35.57,35.7,35.52,1678078800000000000,155
BUFG,24565,18.77,18.78,18.8293,18.7301,1678078800000000000,100
BUFQ,3256,22.0019,21.9177,22.095,21.9177,1678078800000000000,22
BUFR,121354,23.22,23.2,23.29,23.14,1678078800000000000,375
BUFT,9999,18.86,18.83,18.914,18.83,1678078800000000000,22
BUG,136166,23.45,23.23,23.5996,23.19,1678078800000000000,1060
BUI,32585,22.53,22.61,22.66,22.4401,1678078800000000000,210
BUL,18682,35.73,35.71,36.04,35.58,1678078800000000000,88
BULD,99,20.19,20.19,20.19,20.19,1678078800000000000,2
BULZ,490912,36.13,35.15,37.27,35.09,1678078800000000000,8125
BUR,491830,8.27,8.41,8.515,8.24,1678078800000000000,3830
BURL,1168724,216.24,218.74,222.04,216.07,1678078800000000000,27895
BURU,116444,5,5.39,5.7,4.76,1678078800000000000,1518
BURU.WS,100861,0.1125,0.137,0.1498,0.1125,1678078800000000000,181
BUSE,102414,24.23,23.95,24.285,23.775,1678078800000000000,2151
BUYW,29509,13.26,13.23,13.26,13.21,1678078800000000000,76
BUYZ,2529,23.565,23.53,23.77,23.53,1678078800000000000,70
BUZZ,5648,14.51,14.38,14.715,14.38,1678078800000000000,138
BV,241259,6.43,6.28,6.48,6.2301,1678078800000000000,3185
BVH,124068,32.83,32.89,33.555,32.59,1678078800000000000,3162
BVN,615655,8.51,8.38,8.6,8.28,1678078800000000000,5040
BVS,1202401,2.22,2.45,2.52,2.15,1678078800000000000,8783
BVXV,15997,2.28,2.27,2.3468,2.18,1678078800000000000,98
BW,409379,6.61,6.14,6.615,6.09,1678078800000000000,3949
BWpA,37219,16.94,16.45,17.4465,16.26,1678078800000000000,341
BWA,2067981,50.99,50.27,51.03,50.1,1678078800000000000,24803
BWACW,5091,0.0771,0.09195,0.0942,0.0771,1678078800000000000,19
BWAQR,25050,0.12,0.12,0.12,0.12,1678078800000000000,2
BWAY,14265,1.96,2,2.049,1.95,1678078800000000000,58
BWB,78324,14.8,14.68,14.86,14.65,1678078800000000000,1296
BWBBP,7902,20.97,20.82,22,20.75,1678078800000000000,39
BWC,4315,9.93,9.95,9.95,9.92,1678078800000000000,18
BWEB,323,28,27.117,28.0001,27.117,1678078800000000000,10
BWEN,186936,4.88,4.65,4.88,4.53,1678078800000000000,1680
BWFG,43020,30.4,29.62,30.62,29.59,1678078800000000000,754
BWG,61170,8.08,8.09,8.17,8.08,1678078800000000000,594
BWMN,128186,30.2,30,30.8779,29.25,1678078800000000000,2188
BWMX,190770,11.68,11.85,12.3899,11.03,1678078800000000000,1735
BWNB,9952,22.48,22.4,22.5585,22.245,1678078800000000000,107
BWSN,12733,24.6862,24.5,24.7,24.5,1678078800000000000,107
BWV,116773,1.14,1.16,1.16,1.12,1678078800000000000,447
BWX,208827,22.2,22.17,22.32,22.11,1678078800000000000,928
BWXT,694923,63.11,61.81,63.35,61.5,1678078800000000000,11630
BWZ,77280,26.65,26.68,26.7587,26.6,1678078800000000000,65
BX,3152156,91,91.52,92.58,90.5,1678078800000000000,47355
BXC,147134,88.3,83.61,88.625,82.94,1678078800000000000,3412
BXMT,1436584,21.23,21.16,21.4,21.16,1678078800000000000,14274
BXMX,109760,13.35,13.29,13.399,13.28,1678078800000000000,634
BXP,1016731,66.27,66.15,67.09,65.81,1678078800000000000,20463
BXRX,86133,1.74,1.76,1.77,1.64,1678078800000000000,552
BXSL,1279049,25.87,26.25,26.35,25.8,1678078800000000000,11813
BY,88030,24.92,24.46,24.92,24.3,1678078800000000000,2477
BYD,803794,65.83,64.8,66.17,64.73,1678078800000000000,15328
BYFC,116279,1.3,1.31,1.3499,1.295,1678078800000000000,459
BYLD,97133,21.76,21.71,21.79,21.71,1678078800000000000,145
BYM,29459,11.32,11.33,11.39,11.28,1678078800000000000,225
BYN,101009,10.355,10.36,10.36,10.3403,1678078800000000000,43
BYN.U,534,10.33,10.34,10.34,10.33,1678078800000000000,3
BYND,2644137,18.45,18.08,18.67,17.57,1678078800000000000,26977
BYNO,100,10.315,10.315,10.315,10.315,1678078800000000000,1
BYOB,1356,15.9,15.75,16.09,15.75,1678078800000000000,49
BYRE,95,23.6607,23.6607,23.6607,23.6607,1678078800000000000,3
BYRN,59075,8.62,8.75,8.83,8.55,1678078800000000000,1574
BYSI,245776,1.9,1.77,1.9,1.66,1678078800000000000,936
BYTE,210,9.65,9.5858,9.65,9.5858,1678078800000000000,3
BYTSU,700,10.23,10.21,10.23,10.21,1678078800000000000,8
BZ,2591613,22,20.91,22.1185,20.72,1678078800000000000,25838
BZFD,5568726,1.69,1.59,1.7,1.54,1678078800000000000,18868
BZFDW,13195,0.19,0.169,0.19,0.1601,1678078800000000000,84
BZH,252311,15.46,15.01,15.51,14.9,1678078800000000000,5472
BZQ,17502,20.85,19.95,21.03,19.89,1678078800000000000,185
BZUN,379395,6.5,6.26,6.6,6.25,1678078800000000000,3760
C,12629550,52.36,52.18,52.45,52.01,1678078800000000000,87756
CpJ,43344,25.46,25.47,25.49,25.46,1678078800000000000,382
CpK,71363,25.22,25.26,25.26,25.1904,1678078800000000000,532
CpN,170919,28.1,28.06,28.15,28.0301,1678078800000000000,600
CAAP,35112,9.5,9.38,9.54,9.38,1678078800000000000,357
CAAS,170794,7.5,7.36,7.5,6.95,1678078800000000000,1710
CABA,280936,9.07,9.02,9.13,8.79,1678078800000000000,3593
CABO,94209,697.46,692.07,709.3,689.58,1678078800000000000,4840
CAC,46948,41.34,40.72,41.55,40.58,1678078800000000000,1273
CACC,59467,450.39,446.68,458.41,445.04,1678078800000000000,2688
CACG,4971,36.67,36.4619,36.87,36.4113,1678078800000000000,116
CACI,211716,294.88,292.34,295.01,290.53,1678078800000000000,5321
CACO,200107,0.891,0.888501,0.905099,0.8482,1678078800000000000,382
CADE,793022,26.11,25.91,26.3,25.83,1678078800000000000,11615
CADEpA,2861,21.3,21.16,21.39,21.16,1678078800000000000,35
CADL,4471,1.75,1.78,1.9,1.75,1678078800000000000,60
CAE,99919,23.18,22.81,23.18,22.72,1678078800000000000,1616
CAF,53168,14.56,14.46,14.64,14.46,1678078800000000000,338
CAG,3803221,35.71,35.91,36,35.59,1678078800000000000,30676
CAH,3181930,75.1,74.66,75.36,74.075,1678078800000000000,30510
CAJ,933985,21.63,21.63,21.79,21.585,1678078800000000000,4893
CAKE,1355131,37.85,36.89,37.85,36.26,1678078800000000000,22228
CAL,578292,26.54,25.16,26.54,25.05,1678078800000000000,11242
CALB,5325,25.36,25.36,25.475,25.23,1678078800000000000,253
CALF,420520,40.3,39.39,40.3,39.1863,1678078800000000000,1761
CALM,668365,56.91,56.71,57.06,55.735,1678078800000000000,18355
CALT,17323,19.0297,19.65,19.65,18.94,1678078800000000000,204
CALX,378761,51.38,49.92,51.38,49.88,1678078800000000000,8573
CAMP,87718,4.42,4.26,4.435,4.24,1678078800000000000,1092
CAMT,86623,28.4,27.64,28.55,27.575,1678078800000000000,1718
CAMX,43,24.0919,24.0919,24.0919,24.0919,1678078800000000000,2
CAN,2813070,2.74,2.51,2.75,2.46,1678078800000000000,10542
CANE,39226,10.6,10.67,10.68,10.561,1678078800000000000,224
CANF,84584,2.8,2.8,2.93,2.68,1678078800000000000,565
CANG,50614,1.32,1.36,1.36,1.31,1678078800000000000,303
CANO,6268417,1.39,1.49,1.52,1.33,1678078800000000000,12227
CANO.WS,5546,0.22,0.2427,0.28,0.22,1678078800000000000,17
CAOS,477,9.67,9.6216,9.68,9.6216,1678078800000000000,7
CAPE,292564,23.06,22.85,23.06,22.83,1678078800000000000,292
CAPL,47418,21.87,21.98,22.0799,21.73,1678078800000000000,515
CAPR,87353,4.87,4.83,4.91,4.73,1678078800000000000,580
CAR,603530,232.31,226.57,235.99,224.74,1678078800000000000,12644
CARA,688482,10.28,10.02,10.28,9.86,1678078800000000000,8729
CARE,42516,17.37,17.27,17.42,17.25,1678078800000000000,843
CARG,1185635,17.51,17.3,17.51,16.93,1678078800000000000,15324
CARR,8529083,47.79,48.38,48.675,47.54,1678078800000000000,70033
CARS,634770,18.5,17.95,18.67,17.795,1678078800000000000,8795
CARV,3556,4.5295,4.4,4.5295,4.3863,1678078800000000000,138
CARY,23389,20.23,20.05,20.23,20.02,1678078800000000000,157
CARZ,5125,49.43,49.03,49.565,48.97,1678078800000000000,72
CASA,356741,3.82,3.55,3.85,3.46,1678078800000000000,2588
CASH,215961,50.18,49.19,50.18,48.9,1678078800000000000,6774
CASI,2435,1.9561,1.96,1.98,1.95,1678078800000000000,75
CASS,61644,48.94,47.61,48.94,47.1,1678078800000000000,1926
CASY,337075,212.92,211.72,213.86,210.2025,1678078800000000000,9150
CAT,2282709,255.65,253.98,255.7,251.58,1678078800000000000,49288
CATC,54509,77.42,76.49,77.73,75.83,1678078800000000000,1811
CATH,15812,49.6,49.49,49.81,49.45,1678078800000000000,157
CATO,204261,9.31,9.04,9.31,8.96,1678078800000000000,2734
CATX,1154618,0.41,0.433,0.4362,0.3822,1678078800000000000,2930
CATY,276719,42.86,42.8,43.18,42.49,1678078800000000000,6674
CB,2481275,207.85,208.06,208.627,207.5,1678078800000000000,33308
CBAN,47115,12.38,12.15,12.38,12.05,1678078800000000000,666
CBAT,73711,1.01,1,1.0299,1,1678078800000000000,278
CBAY,1413699,8.61,8.69,8.7,8.3714,1678078800000000000,12077
CBD,1174405,2.76,2.84,2.86,2.74,1678078800000000000,5209
CBFV,2692,24.62,24.6,24.9,24.6,1678078800000000000,75
CBH,13493,8.84,8.81,8.84,8.805,1678078800000000000,70
CBIO,1325004,0.24,0.24,0.2589,0.231,1678078800000000000,1760
CBL,243973,26.86,26.95,27.22,26.375,1678078800000000000,2651
CBLS,200,21.93,21.8753,21.93,21.8753,1678078800000000000,1
CBNK,49794,20.12,19.71,20.12,19.59,1678078800000000000,991
CBOE,664404,127.04,125.32,127.355,125.15,1678078800000000000,16696
CBON,5290,22.239,22.1753,22.239,22.1753,1678078800000000000,89
CBRE,1091685,86.25,85.14,86.56,84.82,1678078800000000000,16555
CBRGU,100,10.4,10.4,10.4,10.4,1678078800000000000,1
CBRL,791428,111.58,110.86,113.88,110.54,1678078800000000000,22464
CBSE,135,24.1717,24.1717,24.1717,24.1717,1678078800000000000,3
CBSH,368121,65.39,65.27,65.97,65,1678078800000000000,9783
CBT,285103,83.2,81.59,83.48,81.36,1678078800000000000,7298
CBU,318170,59.66,58.19,60.13,58.17,1678078800000000000,7106
CBZ,224870,50.21,50.28,50.34,49.89,1678078800000000000,4089
CC,1602385,36.46,35.58,36.63,35.2,1678078800000000000,20051
CCAI,25090,10.41,10.56,10.99,10.41,1678078800000000000,182
CCAIW,12332,0.120101,0.1201,0.120101,0.12,1678078800000000000,13
CCAP,89304,15.71,15.79,15.82,15.6631,1678078800000000000,892
CCB,48659,45.87,45.76,46.48,45.64,1678078800000000000,2182
CCBG,51547,36.56,34.88,36.56,34.6,1678078800000000000,1289
CCCC,321524,5.18,4.94,5.21,4.85,1678078800000000000,4208
CCCS,2079094,8.75,8.88,9,8.75,1678078800000000000,11298
CCD,44595,22.96,22.78,23.2,22.77,1678078800000000000,494
CCEL,3395,3.8,3.7115,3.8493,3.7115,1678078800000000000,40
CCEP,670097,55.74,55.9,56.215,55.7,1678078800000000000,11401
CCF,28172,98,100.78,101.45,98,1678078800000000000,1756
CCI,1603431,132.15,130.14,132.26,129.91,1678078800000000000,31909
CCJ,4168103,28.1,27.27,28.2,27.23,1678078800000000000,26937
CCK,960709,88.1,87.06,88.51,86.465,1678078800000000000,12041
CCL,31668534,11.19,11.07,11.53,11.07,1678078800000000000,87017
CCLD,18816,3.5,3.58,3.702,3.486,1678078800000000000,202
CCLDO,3366,24.8899,24.8999,24.9,24.88,1678078800000000000,35
CCLDP,5933,27.84,27.65,27.9,27.65,1678078800000000000,88
CCLP,97529,1.44,1.45,1.46,1.4,1678078800000000000,402
CCM,403,1.46,1.46,1.46,1.46,1678078800000000000,9
CCNE,67570,23.94,23.73,24.02,23.6,1678078800000000000,1453
CCO,1683503,1.57,1.57,1.63,1.55,1678078800000000000,7011
CCOI,307110,64.08,63.96,64.44,63.48,1678078800000000000,8729
CCOR,147378,30.3,29.95,30.3,29.91,1678078800000000000,982
CCRD,14303,32.3,31.44,32.3,31.17,1678078800000000000,994
CCRN,858664,25.59,25.34,25.89,25.17,1678078800000000000,13371
CCRV,4017,20.29,20.47,20.47,20.22,1678078800000000000,25
CCS,168901,60.04,58.72,60.08,58.53,1678078800000000000,5923
CCSI,169024,38.21,37.31,38.97,37.05,1678078800000000000,5215
CCSO,857,19.31,19.1281,19.31,19.1281,1678078800000000000,9
CCTS,48241,10.4,10.41,10.41,10.4,1678078800000000000,12
CCTSU,1400,10.42,10.5457,10.97,10.42,1678078800000000000,14
CCTSW,200,0.0762,0.0762,0.0762,0.0762,1678078800000000000,2
CCU,105393,16.2,16.47,16.6,16.18,1678078800000000000,2043
CCV,205732,10.04,10.03,10.05,10.03,1678078800000000000,154
CCV.U,4050,10.07,10.08,10.08,10.07,1678078800000000000,12
CCV.WS,1524,0.2499,0.219901,0.2499,0.219901,1678078800000000000,10
CCVI,199211,10.03,10.035,10.035,10.03,1678078800000000000,79
CCVI.U,636,10.05,10.0501,10.0501,10.05,1678078800000000000,3
CCZ,7368,55,54.65,62.7,53.1,1678078800000000000,110
CD,748313,7.49,7.47,7.595,7.34,1678078800000000000,7082
CDAK,61061,0.57,0.5797,0.61,0.529,1678078800000000000,355
CDAQ,3902,10.18,10.23,10.465,10.17,1678078800000000000,22
CDAQW,7293,0.1201,0.1553,0.1553,0.1201,1678078800000000000,17
CDAY,804491,74.66,74.47,76.17,74.04,1678078800000000000,14847
CDC,169458,63.11,62.89,63.2821,62.73,1678078800000000000,567
CDE,4305507,3.17,3.05,3.18,3.04,1678078800000000000,14026
CDEI,1,50.8712,50.8712,50.8712,50.8712,1678078800000000000,1
CDIO,2103870,6.33,5.35,6.49,5.0648,1678078800000000000,10360
CDIOW,159406,0.58,0.4501,0.581411,0.4427,1678078800000000000,457
CDL,19116,59.87,59.5655,59.93,59.45,1678078800000000000,225
CDLX,363808,5.01,4.94,5.2,4.865,1678078800000000000,6419
CDMO,495545,17.12,16.17,17.12,16.03,1678078800000000000,8295
CDNA,5309822,9.06,10.65,10.7489,9.03,1678078800000000000,49485
CDNS,1608263,196.94,197.4,198.8125,195.26,1678078800000000000,32294
CDRpB,3689,16.32,16.34,16.39,16.18,1678078800000000000,30
CDRpC,12622,11.9,11.98,12.03,11.79,1678078800000000000,65
CDRE,63242,22.39,22.25,22.76,22.04,1678078800000000000,1459
CDRO,1076,2.6558,2.71,2.7299,2.62,1678078800000000000,21
CDROW,2604,0.1834,0.2045,0.2045,0.1777,1678078800000000000,23
CDTX,5234384,1.65,1.55,1.69,1.545,1678078800000000000,11881
CDW,621304,201.91,202.99,203.68,201.91,1678078800000000000,18121
CDX,8547,21.39,21.3804,21.4099,21.32,1678078800000000000,33
CDXC,116821,1.66,1.62,1.6786,1.6,1678078800000000000,663
CDXS,545114,4.94,4.64,4.94,4.615,1678078800000000000,6058
CDZI,409210,4.39,4.65,4.9,4.2801,1678078800000000000,3590
CDZIP,1520,15.76,15.9499,15.95,15.76,1678078800000000000,9
CE,1229345,124.22,120.1,124.22,119.99,1678078800000000000,26270
CEAD,36989,0.92,0.9479,0.9608,0.92,1678078800000000000,97
CEADW,1040,0.155,0.155,0.155,0.155,1678078800000000000,1
CECO,1870323,16.32,14.56,16.73,13.25,1678078800000000000,13405
CEE,3793,9.2,9.23,9.29,9.0991,1678078800000000000,34
CEF,285081,17.28,17.13,17.28,17.095,1678078800000000000,1349
CEFA,42,27.6604,27.6604,27.6604,27.6604,1678078800000000000,7
CEFD,2691,21.52,21.14,21.52,21.1,1678078800000000000,47
CEFS,22675,18.55,18.5,18.6,18.5,1678078800000000000,137
CEG,2285194,78.36,78.8,78.88,77.35,1678078800000000000,33960
CEI,731466,1.76,1.71,1.7666,1.69,1678078800000000000,4149
CEIX,1771812,62.12,59.21,63.2,59,1678078800000000000,24688
CELC,58657,11.33,11.46,11.49,10.44,1678078800000000000,1846
CELGr,200,0.14,0.14,0.14,0.14,1678078800000000000,1
CELH,2496764,92,88.39,92.49,87.62,1678078800000000000,44468
CELU,686863,0.81,0.8295,0.831,0.75,1678078800000000000,1684
CELUW,2227,0.09,0.0701,0.09,0.0701,1678078800000000000,5
CELZ,182800,0.61,0.64,0.6479,0.61,1678078800000000000,290
CEM,21718,35.3,35.1,35.56,35.1,1678078800000000000,198
CEMB,16759,43.26,43.11,43.32,43.0601,1678078800000000000,199
CEMI,197599,0.443,0.4445,0.4453,0.443,1678078800000000000,314
CEN,28985,18.17,18.03,18.4175,18.03,1678078800000000000,178
CENN,1525270,0.5255,0.5087,0.5299,0.5061,1678078800000000000,4243
CENT,45853,40.24,39.45,40.24,39.19,1678078800000000000,1854
CENTA,238553,38.57,37.54,38.57,37.1,1678078800000000000,5836
CENX,1592565,12.71,12.34,12.85,12.145,1678078800000000000,17099
CEPU,185131,5.85,6.2,6.23,5.81,1678078800000000000,1632
CEQP,512519,25.43,25.56,25.9849,25.36,1678078800000000000,3553
CEQPp,87545,9.1,9.13,9.1799,9.06,1678078800000000000,265
CERE,563004,27.85,27.63,28.1812,27.245,1678078800000000000,12444
CERS,1953350,2.91,2.81,2.92,2.78,1678078800000000000,10165
CERT,917151,21.45,21.46,21.73,21.205,1678078800000000000,14365
CET,10520,35.6,35.5,35.75,35.5,1678078800000000000,125
CETX,15936,8.75,8.49,8.75,8.4,1678078800000000000,198
CETXP,4674,0.7,0.93,0.93,0.7,1678078800000000000,37
CEV,6339,9.89,9.91,9.93,9.85,1678078800000000000,49
CEVA,117370,32.15,31.01,32.39,30.95,1678078800000000000,2788
CEW,1201,17.23,17.235,17.2441,17.23,1678078800000000000,12
CF,1938386,85.56,86.01,86.295,84.48,1678078800000000000,33043
CFA,12196,70.3289,69.95,70.4272,69.88,1678078800000000000,126
CFB,128455,13.83,13.55,13.83,13.47,1678078800000000000,1780
CFBK,5916,20.55,20.49,20.755,20.4,1678078800000000000,138
CFCV,0,31.3326,31.3326,31.3326,31.3326,1678078800000000000,0
CFFEW,3101,0.0888,0.0611,0.1285,0.0611,1678078800000000000,31
CFFI,2588,57.26,57.97,57.97,57.26,1678078800000000000,300
CFFN,708445,8.28,8.07,8.3165,8.02,1678078800000000000,6889
CFFS,100,10.32,10.32,10.32,10.32,1678078800000000000,1
CFG,3903517,41,40.77,41.37,40.685,1678078800000000000,36653
CFGpD,34188,25.6,25.5,25.61,25.31,1678078800000000000,627
CFGpE,19205,21.21,21.26,21.36,21.2007,1678078800000000000,283
CFIV,5038,10.265,10.27,10.27,10.26,1678078800000000000,43
CFIVU,351,10.28,10.27,10.785,10.27,1678078800000000000,5
CFLT,2626128,25.99,25.81,26.73,25.57,1678078800000000000,30589
CFMS,47427,1.85,1.81,1.87,1.8,1678078800000000000,240
CFO,24489,63.62,63.36,63.8296,63.28,1678078800000000000,209
CFR,435351,131.99,130.37,132.82,130.05,1678078800000000000,10614
CFRpB,25285,18.89,18.77,18.92,18.7,1678078800000000000,143
CFRX,201769,3.07,2.85,3.1196,2.82,1678078800000000000,1761
CFSB,5211,8.75,8.815,8.815,8.7492,1678078800000000000,73
CG,3597284,35.66,35.21,35.8,34.982,1678078800000000000,30050
CGA,8192,4.3397,4.24,4.3397,4.2,1678078800000000000,62
CGABL,9049,18.21,18.27,18.343,18.2,1678078800000000000,97
CGAU,166652,6.55,6.32,6.55,6.255,1678078800000000000,1324
CGBD,213958,15.49,15.46,15.55,15.41,1678078800000000000,2627
CGC,3819662,2.29,2.23,2.3099,2.22,1678078800000000000,8527
CGCP,105176,22.3,22.195,22.3,22.17,1678078800000000000,286
CGDV,452974,24.96,24.95,25.059,24.9,1678078800000000000,1164
CGEM,249955,11.51,11.32,11.52,11.06,1678078800000000000,4072
CGEN,237744,0.8352,0.872,0.89,0.8352,1678078800000000000,571
CGGO,571607,22.57,22.48,22.63,22.455,1678078800000000000,1190
CGGR,877270,22.37,22.23,22.46,22.21,1678078800000000000,1172
CGMS,11045,26.07,25.97,26.07,25.96,1678078800000000000,66
CGMU,52662,26.3,26.2602,26.3,26.25,1678078800000000000,136
CGNT,143714,3.84,3.67,3.85,3.64,1678078800000000000,1574
CGNX,819207,49.12,48.77,49.75,48.68,1678078800000000000,15318
CGO,22773,9.94,10.02,10.2786,9.94,1678078800000000000,173
CGRN,62118,1.76,1.76,1.76,1.75,1678078800000000000,348
CGSD,21276,25.28,25.25,25.28,25.25,1678078800000000000,125
CGTX,36437,1.6559,1.79,1.79,1.65,1678078800000000000,227
CGUS,137734,23.72,23.68,23.83,23.65,1678078800000000000,307
CGV,8936,13.3346,13.3352,13.355,13.3201,1678078800000000000,42
CGW,59260,49.25,49.0784,49.51,48.9801,1678078800000000000,585
CGXU,934868,22.62,22.57,22.69,22.52,1678078800000000000,1245
CHAA,1223,10.23,10.23,10.23,10.23,1678078800000000000,10
CHAU,128646,22.53,22.1753,22.6,22.16,1678078800000000000,551
CHB,27297,9.9928,9.825,9.9928,9.54,1678078800000000000,39
CHCI,12262,5.46,5.36,5.46,5.27,1678078800000000000,167
CHCO,69363,98.02,96.85,98.02,96.25,1678078800000000000,3451
CHCT,105860,38.86,37.86,38.86,37.7,1678078800000000000,2934
CHD,1493955,84,83.6,84.395,83.47,1678078800000000000,25464
CHDN,174113,247.41,245.55,249.35,245.06,1678078800000000000,6675
CHE,51805,520.46,516.07,521.65,514.735,1678078800000000000,4072
CHEA,5007,10.48,10.48,10.48,10.48,1678078800000000000,3
CHEAW,8778,0.09,0.0827,0.09,0.0827,1678078800000000000,4
CHEF,321896,34.78,34.49,35.21,34.195,1678078800000000000,7985
CHEK,16256,3.22,3.32,3.39,3.2,1678078800000000000,207
CHEKZ,724,0.017551,0.017551,0.017551,0.017551,1678078800000000000,39
CHGG,3608433,16.57,16.87,17.31,16.57,1678078800000000000,30140
CHGX,9838,28.62,28.52,28.6594,28.48,1678078800000000000,90
CHH,269369,124.48,125.42,126.095,124.48,1678078800000000000,10525
CHI,96015,12.06,11.96,12.18,11.96,1678078800000000000,458
CHIC,56,16.0678,16.0678,16.0678,16.0678,1678078800000000000,4
CHIE,14150,15.69,15.425,15.69,15.38,1678078800000000000,133
CHIH,25,17.034,17.034,17.034,17.034,1678078800000000000,1
CHII,3020,13.38,13.3378,13.38,13.3378,1678078800000000000,11
CHIK,1384,18.0701,18.04,18.1726,18.04,1678078800000000000,15
CHIM,10459,19.57,19.32,19.6875,19.32,1678078800000000000,38
CHIQ,95104,20.95,20.77,21.02,20.72,1678078800000000000,896
CHIR,1117,22.31,22.31,22.3101,22.31,1678078800000000000,17
CHIS,79,23.01,23.01,23.01,23.01,1678078800000000000,12
CHIU,300,15.03,15.1808,15.1808,15.03,1678078800000000000,1
CHIX,2713,12.32,12.25,12.32,12.25,1678078800000000000,35
CHK,2559252,81.02,79.48,81.525,78.665,1678078800000000000,36626
CHKEL,419,62.56,62.82,62.82,62.56,1678078800000000000,7
CHKEW,1024,70.05,69.4,70.05,69.4,1678078800000000000,15
CHKP,526725,127,126.59,128.42,126.41,1678078800000000000,11441
CHMG,11660,50.38,49.64,50.905,49.21,1678078800000000000,480
CHMI,412684,6.75,6.66,6.77,6.59,1678078800000000000,2439
CHMIpA,2236,22.76,22.7501,22.8001,22.7501,1678078800000000000,21
CHMIpB,6882,22.58,22.58,22.66,22.58,1678078800000000000,51
CHN,11619,13.19,13.11,13.2,13.11,1678078800000000000,70
CHNA,304,19.28,19.34,19.34,19.21,1678078800000000000,10
CHNR,34223,0.83,0.83,0.85,0.83,1678078800000000000,134
CHPT,9975568,11.31,10.74,11.375,10.585,1678078800000000000,64030
CHRA,13417,5.22,5.1,5.24,5.05,1678078800000000000,121
CHRB,2017,14.67,14.62,14.67,13.62,1678078800000000000,67
CHRD,1793870,146.31,143.45,147.25,141.46,1678078800000000000,33427
CHRG,2584,25.09,23.2151,25.09,23.2151,1678078800000000000,33
CHRS,1488405,7.24,6.77,7.28,6.72,1678078800000000000,12880
CHRW,1026753,100.88,100.48,102.01,100.37,1678078800000000000,20695
CHS,2487471,6.32,6.11,6.3799,6.065,1678078800000000000,16183
CHSCL,14508,26.21,26.25,26.42,26.0238,1678078800000000000,202
CHSCM,8496,25.55,25.65,25.72,25.5,1678078800000000000,128
CHSCN,26491,25.6651,25.52,25.7,25.5,1678078800000000000,367
CHSCO,12149,26.1,26.3,26.3418,26.1,1678078800000000000,161
CHSCP,11698,29.64,29.88,29.965,29.6246,1678078800000000000,134
CHT,88596,38.49,38.39,38.58,38.35,1678078800000000000,2169
CHTR,797947,373.14,369.11,373.14,367.22,1678078800000000000,23965
CHUY,119279,36.74,35.96,37.47,35.49,1678078800000000000,3547
CHW,132822,6.19,6.17,6.24,6.14,1678078800000000000,384
CHWY,2368184,40.45,40.43,41.93,40.2,1678078800000000000,36137
CHX,1247444,32.87,32.43,32.93,32.075,1678078800000000000,21887
CHY,108525,12.47,12.44,12.6,12.41,1678078800000000000,453
CI,1310069,286.33,288.47,289.19,284.4,1678078800000000000,28121
CIA,26784,2.96,3.05,3.07,2.96,1678078800000000000,238
CIB,262221,26.51,26.78,27.13,26.415,1678078800000000000,3213
CIBR,318649,42.47,42.2,42.68,42.1,1678078800000000000,3203
CID,100,31.98,31.98,31.98,31.98,1678078800000000000,14
CIDM,1509526,0.5327,0.57,0.58,0.53,1678078800000000000,3003
CIEN,8519520,54.25,50.89,54.25,49.92,1678078800000000000,74546
CIF,36019,1.83,1.8052,1.83,1.8,1678078800000000000,170
CIFR,553135,1.61,1.58,1.6335,1.52,1678078800000000000,2966
CIFRW,7562,0.26,0.285,0.2874,0.249,1678078800000000000,29
CIG,2622787,1.94,1.99,2,1.92,1678078800000000000,3975
CIG.C,27722,2.83,3,3,2.83,1678078800000000000,123
CIGI,39456,113.97,112.79,115.1325,112.17,1678078800000000000,1394
CIH,17405,0.94,0.935,0.94,0.934289,1678078800000000000,95
CII,56899,18.33,18.15,18.33,18.135,1678078800000000000,500
CIIG,1735,10.28,10.27,10.28,10.27,1678078800000000000,12
CIIGU,100,10.29,10.29,10.29,10.29,1678078800000000000,1
CIK,125546,2.8,2.8,2.82,2.78,1678078800000000000,420
CIL,61,39.6481,39.6481,39.6481,39.6481,1678078800000000000,7
CIM,1479550,6.4,6.31,6.485,6.29,1678078800000000000,11416
CIMpA,9639,20.98,21.62,21.62,20.98,1678078800000000000,104
CIMpB,22406,22.13,22.16,22.46,22.13,1678078800000000000,291
CIMpC,19020,20.08,20.2,20.21,19.9,1678078800000000000,198
CIMpD,10808,21.57,21.82,21.82,21.57,1678078800000000000,137
CINF,625990,121.5,120.93,122.02,120.135,1678078800000000000,14136
CING,290103,1.37,1.57,1.6,1.27,1678078800000000000,983
CINGW,6020,0.201,0.2609,0.2609,0.201,1678078800000000000,37
CINT,19294,5.44,5.48,5.6099,5.34,1678078800000000000,364
CIO,423360,8.55,8.44,8.57,8.405,1678078800000000000,3325
CIOpA,4818,19.555,19.16,19.6,19.01,1678078800000000000,60
CION,155176,10.81,10.72,10.8756,10.72,1678078800000000000,1775
CIR,143414,29.37,28.32,29.37,27.9,1678078800000000000,3637
CIRC,4,51.56,51.56,51.56,51.56,1678078800000000000,3
CISO,425626,0.695,0.68,0.6968,0.66,1678078800000000000,2064
CITEW,4913,0.1143,0.1195,0.1896,0.1143,1678078800000000000,62
CIVB,43472,21.83,21.66,21.83,21.38,1678078800000000000,812
CIVI,1196625,72.52,74.62,75.45,72.52,1678078800000000000,20416
CIX,8951,18.81,19.24,19.24,18.81,1678078800000000000,232
CIZ,1032,31.08,31.0542,31.0844,31.0109,1678078800000000000,20
CIZN,1335,15.23,15.25,15.25,15.23,1678078800000000000,105
CJJD,1001966,5.24,5.59,5.94,5.09,1678078800000000000,5028
CKPT,177804,5.18,5.27,5.5423,5.0817,1678078800000000000,1933
CL,3000639,73.7,73.29,74.035,73.225,1678078800000000000,40354
CLAA.WS,10002,0.04,0.04,0.04,0.04,1678078800000000000,12
CLAR,375361,9.87,9.22,9.9,9.18,1678078800000000000,6577
CLB,266660,26.44,25.56,26.6,25.23,1678078800000000000,6399
CLBK,175984,21.35,21.42,21.49,21.03,1678078800000000000,3857
CLBR,150026,10.13,10.15,10.15,10.1,1678078800000000000,432
CLBR.U,16308,10.19,10.2,10.2,10.1898,1678078800000000000,29
CLBR.WS,98302,0.3,0.2972,0.31,0.27,1678078800000000000,211
CLBT,145264,6.17,6.08,6.2,6.055,1678078800000000000,1853
CLBTW,44685,1,0.98,1.12,0.98,1678078800000000000,202
CLDL,5689,6.8877,6.875,7.05,6.8501,1678078800000000000,71
CLDT,256785,12.4,12.18,12.4489,12.09,1678078800000000000,3847
CLDTpA,868,21.6,21.6,21.6,21.6,1678078800000000000,15
CLDX,266784,46.81,45.01,46.98,44.8,1678078800000000000,6943
CLEU,942780,0.8595,0.87,0.9,0.85,1678078800000000000,353
CLF,9301249,22.43,21.83,22.6,21.785,1678078800000000000,56455
CLFD,281091,61.22,60.7,61.8599,60.34,1678078800000000000,7534
CLGN,10981,10.35,10.5186,10.8,10.35,1678078800000000000,154
CLH,462118,136.33,135.02,136.99,134.96,1678078800000000000,10350
CLIN,13645,10.21,10.22,10.22,10.21,1678078800000000000,92
CLINR,81770,0.15,0.13,0.1504,0.13,1678078800000000000,83
CLIR,15228,0.805,0.8326,0.84,0.805,1678078800000000000,97
CLIX,817,32.17,31.72,32.17,31.72,1678078800000000000,13
CLLS,47262,2.18,2.16,2.2288,2.13,1678078800000000000,240
CLM,1324455,8.12,8.06,8.13,8.06,1678078800000000000,4598
CLMB,28986,48.98,49.01,49.9085,47.0376,1678078800000000000,1110
CLMT,110419,19.88,19.47,20.1,19.34,1678078800000000000,843
CLNE,2934794,4.94,4.56,4.97,4.53,1678078800000000000,20913
CLNN,1019656,1.28,1.28,1.3,1.22,1678078800000000000,5211
CLNR,300,20.96,20.95,20.985,20.95,1678078800000000000,3
CLOA,3620,50.4851,50.51,50.516,50.4851,1678078800000000000,41
CLOI,38324,51.53,51.51,51.53,51.5001,1678078800000000000,279
CLOU,129083,17.77,17.69,18.04,17.69,1678078800000000000,1999
CLOV,18572966,1.08,0.9703,1.09,0.97,1678078800000000000,22756
CLOZ,400,25.44,25.44,25.44,25.44,1678078800000000000,4
CLPR,47306,6.72,6.54,6.72,6.51,1678078800000000000,528
CLPS,23660,1.33,1.3313,1.421,1.32,1678078800000000000,54
CLPT,61001,8.4,8.1,8.56,8.07,1678078800000000000,1247
CLRB,37045,1.88,1.9,1.94,1.85,1678078800000000000,225
CLRC,6708,10.34,10.33,10.34,10.33,1678078800000000000,10
CLRG,4459,32.41,32.66,32.74,32.41,1678078800000000000,5
CLRO,62361,1.51,1.53,1.57,1.49,1678078800000000000,246
CLS,300194,13.15,13.09,13.29,13.045,1678078800000000000,3369
CLSA,31432,18.6301,18.625,18.645,18.61,1678078800000000000,86
CLSC,13215,19.115,19.1052,19.115,19.1,1678078800000000000,18
CLSD,121296,1.24,1.3,1.33,1.24,1678078800000000000,475
CLSE,1301,14.97,14.9923,14.9923,14.97,1678078800000000000,3
CLSK,3242398,2.6,2.47,2.6799,2.46,1678078800000000000,12455
CLSM,3920,20.0934,20.085,20.0934,20.08,1678078800000000000,11
CLST,19199,13,13,13,13,1678078800000000000,34
CLTL,63326,105.44,105.41,105.44,105.41,1678078800000000000,360
CLVR,79903,0.373,0.37,0.3845,0.35,1678078800000000000,576
CLVT,3583056,11.38,11.08,11.38,11.07,1678078800000000000,24088
CLVTpA,12128,47.79,47.15,47.79,47.15,1678078800000000000,83
CLW,252006,38.9,37.24,38.9,36.77,1678078800000000000,4193
CLWT,629,1.36,1.38,1.38,1.3001,1678078800000000000,12
CLX,1712796,155.24,152.03,155.93,151.84,1678078800000000000,30918
CLXT,169646,0.45,0.435,0.458,0.4185,1678078800000000000,376
CM,702679,46.39,46.3,46.72,46.15,1678078800000000000,7890
CMA,1270544,69.48,69.15,69.9926,68.76,1678078800000000000,20613
CMAX,3144729,4.1,4.07,4.28,3.91,1678078800000000000,8661
CMAXW,11482,0.544,0.6051,0.7,0.54,1678078800000000000,80
CMBM,105919,20.24,20.19,20.5,19.92,1678078800000000000,2371
CMBS,65841,45.95,45.945,46.1399,45.849,1678078800000000000,767
CMC,1217216,53.67,52.16,53.945,51.655,1678078800000000000,21554
CMCA,4204,10.47,10.41,10.47,10.41,1678078800000000000,23
CMCAW,25000,0.08,0.08,0.08,0.08,1678078800000000000,1
CMCL,30447,13.65,13.35,13.9167,13.315,1678078800000000000,500
CMCM,22437,2.54,2.44,2.54,2.35,1678078800000000000,138
CMCO,127764,38.71,38.25,39.04,37.75,1678078800000000000,3255
CMCSA,12096691,37.62,37.08,37.625,37.015,1678078800000000000,81676
CMCT,8125,4.85,5.0139,5.0139,4.85,1678078800000000000,125
CMDY,41891,52.17,52.3462,52.3999,52.09,1678078800000000000,304
CME,1415580,185.76,184.9,186.78,184.31,1678078800000000000,22111
CMF,108081,55.96,55.9,55.98,55.87,1678078800000000000,322
CMG,240857,1520,1505.13,1528.33,1500.53,1678078800000000000,12701
CMI,934923,257.88,257.86,259.47,256.78,1678078800000000000,20767
CMLS,287832,4.99,4.93,5.17,4.9,1678078800000000000,2250
CMMB,23288,1.69,1.62,1.72,1.61,1678078800000000000,196
CMND,4400,3.33,3.04,3.33,3.03,1678078800000000000,45
CMP,311299,40.26,39.37,40.62,39.05,1678078800000000000,7714
CMPO,351895,6.72,6.63,6.8,6.3,1678078800000000000,4593
CMPOW,28947,1.41,1.41,1.45,1.4,1678078800000000000,61
CMPR,231445,37.81,37,37.81,36.115,1678078800000000000,4242
CMPS,146842,8.5,8.22,8.57,8.17,1678078800000000000,1957
CMPX,218205,3.7,3.64,3.815,3.58,1678078800000000000,2635
CMRA,15124,1.18,1.26,1.26,1.18,1678078800000000000,243
CMRE,528249,10.58,10.31,10.6,10.28,1678078800000000000,4767
CMREpB,601,24.6799,24.5542,24.6799,24.5542,1678078800000000000,4
CMREpC,1505,24.95,25.0805,25.0805,24.95,1678078800000000000,13
CMREpD,214,25.3,25.3,25.3,25.3,1678078800000000000,6
CMREpE,27547,25.2,25.15,25.21,25,1678078800000000000,140
CMRX,1070696,1.65,1.6,1.65,1.57,1678078800000000000,4314
CMS,1303575,59.88,59.88,60.39,59.58,1678078800000000000,21889
CMSpC,11642,19.62,19.525,19.6386,19.22,1678078800000000000,142
CMSA,2529,23.3484,23.41,23.44,23.3484,1678078800000000000,81
CMSC,3934,24.3594,24.25,24.3594,24.245,1678078800000000000,75
CMSD,43834,24.28,24.17,24.43,24.12,1678078800000000000,494
CMT,50981,17.39,17.35,17.39,17.06,1678078800000000000,1289
CMTG,167649,13.62,13.78,13.8,13.585,1678078800000000000,3487
CMTL,91587,16.2,15.71,16.2,15.59,1678078800000000000,2365
CMU,16745,3.14,3.11,3.14,3.11,1678078800000000000,69
CN,218,30.54,30.295,30.54,30.295,1678078800000000000,5
CNA,261457,44,43.34,44.22,43.31,1678078800000000000,5576
CNBS,24662,5,4.9,5.0025,4.8607,1678078800000000000,124
CNC,3273486,69.03,68.96,69.82,68.785,1678078800000000000,36258
CNCR,2030,13.329,13.19,13.3299,13.12,1678078800000000000,32
CNDA,2179,10.07,10.125,10.125,10.07,1678078800000000000,8
CNDB,71205,10.33,10.33,10.34,10.33,1678078800000000000,12
CNDT,1729238,3.99,3.88,4.01,3.85,1678078800000000000,9662
CNET,91994,1.3908,1.38,1.5,1.38,1678078800000000000,360
CNEY,257150,0.3,0.29,0.3,0.2811,1678078800000000000,448
CNF,8059,2.24,2.25,2.25,2.16,1678078800000000000,83
CNFR,5207,1.76,1.7037,1.77,1.6799,1678078800000000000,38
CNFRL,523,23.9962,23.8309,23.9962,23.8309,1678078800000000000,5
CNGLU,419,10.52,10.52,10.52,10.52,1678078800000000000,12
CNGLW,179972,0.0275,0.0286,0.03,0.0275,1678078800000000000,55
CNHI,3076126,16.92,16.73,16.93,16.69,1678078800000000000,17388
CNI,818237,119.46,118.03,119.46,117.8,1678078800000000000,12166
CNK,2788959,13.8,13.52,13.985,13.27,1678078800000000000,26810
CNM,1360562,24.34,23.87,24.69,23.86,1678078800000000000,15467
CNMD,302656,99.35,97.68,99.85,96.315,1678078800000000000,7660
CNNE,258333,22.28,21.88,22.43,21.77,1678078800000000000,5077
CNO,719108,25.9,25.56,26.03,25.485,1678078800000000000,9290
CNOpA,3280,18.1,17.96,18.1,17.5558,1678078800000000000,42
CNOB,127780,24.73,24.12,24.82,24.07,1678078800000000000,3113
CNOBP,515,21.61,21.61,21.61,21.61,1678078800000000000,12
CNP,3853896,28.43,28.52,28.63,28.31,1678078800000000000,30523
CNQ,2766956,59.52,59.59,59.795,58.78,1678078800000000000,32340
CNRG,8250,89.96,89.9756,90.86,89.8528,1678078800000000000,279
CNS,70038,71.59,71.48,71.88,71.11,1678078800000000000,2116
CNSL,693169,3.07,3.01,3.09,2.96,1678078800000000000,5496
CNSP,23135,1.65,1.69,1.73,1.6,1678078800000000000,145
CNTA,11762,3.67,3.71,3.81,3.37,1678078800000000000,188
CNTB,28697,1.12,1.2,1.21,1.12,1678078800000000000,240
CNTG,10217,1.05,1.03,1.0862,1.03,1678078800000000000,47
CNTX,89038,0.76,0.76,0.79,0.7503,1678078800000000000,262
CNTY,206540,9.19,9.06,9.369,8.98,1678078800000000000,2356
CNX,2961543,15.86,16.07,16.15,15.85,1678078800000000000,24061
CNXA,89189,0.1814,0.1854,0.1999,0.18,1678078800000000000,154
CNXC,440560,138.1,137.82,139.1,136.965,1678078800000000000,8484
CNXN,77355,44.66,43.89,45.29,43.76,1678078800000000000,3005
CNXT,9838,32.38,32.155,32.38,32.155,1678078800000000000,58
CNYA,50777,33.03,32.83,33.08,32.75,1678078800000000000,301
COCO,188781,17.01,16.8,17.35,16.75,1678078800000000000,4565
COCP,47413,2.09,2.09,2.18,2.02,1678078800000000000,223
CODA,13412,7.04,6.91,7.04,6.8186,1678078800000000000,209
CODI,226369,20.8,20.04,20.8,19.83,1678078800000000000,3356
CODIpA,3748,24.45,24.62,24.7899,24.16,1678078800000000000,75
CODIpB,2309,24.83,25.05,25.05,24.83,1678078800000000000,36
CODIpC,6067,24.95,24.94,24.97,24.685,1678078800000000000,61
CODX,54566,3.06,3.02,3.1,2.9904,1678078800000000000,702
COE,795,6.23,6.06,6.23,6.06,1678078800000000000,44
COEP,123024,1.69,1.7,1.73,1.59,1678078800000000000,466
COEPW,27695,0.185,0.1924,0.1925,0.1737,1678078800000000000,101
COF,1739521,109.63,108.5,110.26,108.09,1678078800000000000,34010
COFpI,65600,20.75,20.7196,20.81,20.71,1678078800000000000,776
COFpJ,65045,19.58,19.55,19.66,19.5369,1678078800000000000,564
COFpK,2614,19.23,19.23,19.23,19.09,1678078800000000000,40
COFpL,79515,18.18,18.21,18.29,18,1678078800000000000,609
COFpN,22866,17.96,17.9,17.9647,17.85,1678078800000000000,205
COFS,7426,28.7,28.36,28.7,28.2305,1678078800000000000,286
COGT,498239,13.51,12.78,13.51,12.6,1678078800000000000,6832
COHN,2684,8.71,8.9877,8.9877,8.6977,1678078800000000000,92
COHR,1060488,44.21,42.77,44.7982,42.75,1678078800000000000,16125
COHU,267608,37.73,36.6,37.98,36.28,1678078800000000000,6802
COIN,19771330,64.6,62.77,69.82,62.64,1678078800000000000,183612
COKE,23854,546.41,549.5,552.27,545.36,1678078800000000000,2709
COLB,3695419,28.94,28.07,28.94,27.995,1678078800000000000,33147
COLD,1269745,30.02,29.73,30.21,29.52,1678078800000000000,13637
COLL,540402,27,25.39,27.03,25.28,1678078800000000000,8979
COLM,414472,89.99,88.47,90.42,88.22,1678078800000000000,11246
COM,46029,29.65,29.87,29.9094,29.65,1678078800000000000,193
COMB,38529,21.51,21.57,21.595,21.485,1678078800000000000,239
COMM,1557359,7.86,7.66,7.88,7.57,1678078800000000000,11696
COMP,2557066,3.4,3.36,3.57,3.29,1678078800000000000,13916
COMS,161778,3.58,3.31,3.611,3.249,1678078800000000000,1803
COMSW,45607,0.0301,0.041,0.041,0.0301,1678078800000000000,77
COMT,332929,27.65,27.9,27.91,27.61,1678078800000000000,1255
CONL,251370,9.97,9.62,11.23,9.605,1678078800000000000,1558
CONN,158887,8.92,8.27,8.92,8.21,1678078800000000000,2299
CONX,1459,10.15,10.15,10.17,10.15,1678078800000000000,13
CONXW,113852,0.205,0.2,0.2063,0.2,1678078800000000000,23
COO,360520,351,345.99,352.04,345.99,1678078800000000000,12092
COOK,162680,4.01,3.97,4.03,3.915,1678078800000000000,2097
COOL,1301,10.08,10.07,10.08,10.065,1678078800000000000,14
COOLU,3200,10.15,10.27,10.27,10.15,1678078800000000000,12
COOLW,12667,0.1026,0.102,0.13,0.102,1678078800000000000,6
COOP,661458,47.82,46.7,48.5,46.05,1678078800000000000,15522
COP,6005441,107.58,109.56,109.6,107.1,1678078800000000000,78055
COPJ,5194,20.27,19.67,20.27,19.61,1678078800000000000,57
COPX,316684,39.88,39.36,39.88,39.17,1678078800000000000,3923
CORN,99781,25.26,25.25,25.3,25.1001,1678078800000000000,791
CORP,278155,94,93.45,94,93.41,1678078800000000000,690
CORR,41994,1.64,1.75,1.75,1.64,1678078800000000000,373
CORRpA,34543,4.75,5.1593,5.1593,4.75,1678078800000000000,201
CORS,9246,10.21,10.2,10.21,10.2,1678078800000000000,10
CORT,1761279,21.08,21.2,21.77,20.83,1678078800000000000,24299
COSM,823731,3.54,3.85,3.85,3.37,1678078800000000000,3736
COST,3095080,476.52,483.08,488.8174,475.52,1678078800000000000,80999
COTY,4582423,11.53,11.53,11.65,11.47,1678078800000000000,26729
COUR,1080466,11.75,11.89,11.97,11.63,1678078800000000000,13092
COW,1937,39.34,39.3951,39.53,39.34,1678078800000000000,48
COWG,3268,20.56,20.4171,20.565,20.4171,1678078800000000000,22
COWZ,1503327,49.02,48.61,49.02,48.52,1678078800000000000,6620
COYA,30510,4.49,4.6616,4.67,4.2,1678078800000000000,322
CP,1177873,78.35,77.63,78.59,77.41,1678078800000000000,17878
CPA,405620,95.26,94.78,96.57,94.72,1678078800000000000,6594
CPAAW,15009,0.263,0.306,0.3575,0.263,1678078800000000000,123
CPAC,7940,5.35,5.2,5.37,5.2,1678078800000000000,55
CPB,3084394,52.34,52.58,52.64,51.91,1678078800000000000,37882
CPE,1171038,41.75,40.86,41.75,40.5407,1678078800000000000,18527
CPER,50218,24.72,24.87,24.94,24.66,1678078800000000000,488
CPF,201359,22.42,22.02,22.56,21.775,1678078800000000000,3956
CPG,4832799,7.22,7.26,7.29,7.15,1678078800000000000,9847
CPHC,1125,25.65,26.9199,26.9199,25.65,1678078800000000000,139
CPHI,430189,0.59,0.63,0.689999,0.57,1678078800000000000,1686
CPI,7431,24.98,25.055,25.06,24.98,1678078800000000000,17
CPII,1,20.0764,20.0764,20.0764,20.0764,1678078800000000000,1
CPIX,4561,2.21,2.22,2.3156,2.21,1678078800000000000,53
CPK,91674,129.34,127.51,129.47,126.91,1678078800000000000,3523
CPLP,29392,14.77,14.37,14.77,14.37,1678078800000000000,539
CPNG,5353627,14.59,14.34,14.68,14.26,1678078800000000000,43291
CPOP,15334,0.8706,0.8794,0.880501,0.8402,1678078800000000000,75
CPRI,3954937,49.83,48.09,49.9,47.91,1678078800000000000,38144
CPRT,1821241,71.43,70.57,71.47,70.4,1678078800000000000,29863
CPRX,1566015,15.4,15.1,15.45,14.9297,1678078800000000000,15863
CPS,222875,16.89,16.15,17.39,16.03,1678078800000000000,2693
CPSH,22001,3,3,3.02,2.93,1678078800000000000,210
CPSI,110989,30.27,29.55,30.31,29.115,1678078800000000000,3480
CPSS,87236,11.41,10.14,11.48,10,1678078800000000000,1431
CPT,567737,116.94,117.19,117.84,116.6,1678078800000000000,14615
CPTK.U,1700,10.105,10.0538,10.105,9.95,1678078800000000000,4
CPTN,494144,0.951,0.8603,0.951,0.8556,1678078800000000000,1636
CPTNW,5419,0.1,0.1,0.1,0.09,1678078800000000000,15
CPUH,15753,10.23,10.24,10.24,10.23,1678078800000000000,27
CPUH.U,1416,10.35,10.35,10.35,10.34,1678078800000000000,15
CPUH.WS,9947,0.5,0.500101,0.500251,0.5,1678078800000000000,55
CPZ,44707,16.42,16.34,16.6888,16.27,1678078800000000000,303
CQP,202024,49.56,49.87,50.585,49,1678078800000000000,3476
CQQQ,118634,46.01,45.61,46.2699,45.39,1678078800000000000,1501
CR,325372,123.18,121.68,123.78,120.94,1678078800000000000,6749
CRAI,104266,110.53,114.38,115.37,110.18,1678078800000000000,3567
CRAK,4622,32.63,32.6,32.67,32.4499,1678078800000000000,68
CRBG,1500305,20.66,20.58,20.917,20.43,1678078800000000000,11824
CRBN,16168,147.01,146.6773,147.6439,146.55,1678078800000000000,220
CRBP,77156,2.92,2.85,3.015,2.78,1678078800000000000,847
CRBU,373846,6.14,5.8,6.155,5.56,1678078800000000000,4568
CRC,515868,43.77,43.68,44.11,43.47,1678078800000000000,7832
CRCT,155394,9.58,8.35,9.65,8.235,1678078800000000000,2588
CRD.A,117322,5.84,5.51,5.84,5.35,1678078800000000000,776
CRD.B,4702,5.43,5.43,5.55,5.39,1678078800000000000,153
CRDF,87237,1.78,1.72,1.78,1.68,1678078800000000000,424
CRDL,51241,0.51,0.5099,0.54,0.5099,1678078800000000000,127
CRDO,1314869,10.269,10.15,10.43,10.05,1678078800000000000,14130
CREC,135456,10.42,10.42,10.43,10.42,1678078800000000000,31
CRECU,2900,10.43,10.43,10.43,10.43,1678078800000000000,5
CRECW,1600,0.0564,0.1,0.1,0.0421,1678078800000000000,8
CREG,12603,1.72,1.7196,1.8113,1.7196,1678078800000000000,75
CRESW,7016,0.39,0.3601,0.39,0.360001,1678078800000000000,18
CRESY,149510,7.46,7.64,7.9,7.39,1678078800000000000,1340
CREX,19720,0.73,0.74,0.75,0.725,1678078800000000000,159
CREXW,2900,0.01,0.0057,0.01,0.0057,1678078800000000000,5
CRF,599194,7.66,7.68,7.71,7.66,1678078800000000000,2744
CRGE,357401,1.18,1.12,1.185,1.11,1678078800000000000,1595
CRGO,68530,4.15,4.18,4.69,4.05,1678078800000000000,602
CRGOW,8110,0.325,0.31,0.39,0.3,1678078800000000000,73
CRGY,309450,12.19,12.07,12.19,11.9006,1678078800000000000,4698
CRH,703091,51.76,51.68,52.08,51.64,1678078800000000000,8148
CRI,793070,74.25,72.54,74.77,72.16,1678078800000000000,14909
CRIS,275449,0.6873,0.7098,0.71,0.6873,1678078800000000000,919
CRIT,1519,21.27,20.9446,21.37,20.9446,1678078800000000000,24
CRK,5812250,12.63,12.35,12.76,12.255,1678078800000000000,40446
CRKN,2127664,0.266,0.24,0.279,0.227,1678078800000000000,2409
CRL,381782,232.67,225.52,233.91,225.45,1678078800000000000,13889
CRM,10700524,185.07,183.8,189,183.625,1678078800000000000,131098
CRMD,427882,4.2,3.86,4.2,3.81,1678078800000000000,1964
CRMT,98868,87.67,84.29,87.67,83.5,1678078800000000000,3326
CRNC,342523,27.96,27.56,28.24,27.34,1678078800000000000,7002
CRNT,111555,1.8,1.76,1.8,1.75,1678078800000000000,705
CRNX,291110,19.16,18.87,19.33,18.56,1678078800000000000,4859
CRON,1714726,2.11,2.07,2.125,2.06,1678078800000000000,6509
CROX,1759062,126.01,125.06,129.5624,124.41,1678078800000000000,32483
CRPT,23223,4.48,4.44,4.65,4.44,1678078800000000000,117
CRS,396241,51.61,50.08,51.64,49.51,1678078800000000000,8908
CRSP,739730,51.42,49.33,51.5585,49.06,1678078800000000000,13516
CRSR,394014,17.49,16.94,17.8,16.82,1678078800000000000,7713
CRT,95252,18.61,17.99,18.61,17.35,1678078800000000000,1096
CRTO,218084,33.09,31.97,33.09,31.89,1678078800000000000,3362
CRUS,419965,104.37,102.79,105.62,102.39,1678078800000000000,9545
CRUZ,10319,19.33,19.3249,19.58,19.3157,1678078800000000000,100
CRVL,94383,183.84,178.35,183.84,178.17,1678078800000000000,4236
CRVS,49611,0.71,0.7295,0.76,0.71,1678078800000000000,234
CRWD,7492618,130,127.59,130.19,127.315,1678078800000000000,106887
CRWS,7814,5.72,5.75,5.7781,5.7011,1678078800000000000,175
CRYP,9,14.0413,14.0413,14.0413,14.0413,1678078800000000000,5
CRZNU,308,10.24,10.24,10.24,10.24,1678078800000000000,2
CRZNW,32849,0.02,0.0201,0.0201,0.02,1678078800000000000,48
CS,12007490,2.99,3,3.01,2.9615,1678078800000000000,11265
CSA,2135,64,62.678,64,62.678,1678078800000000000,10
CSAN,422821,11.18,11.75,11.75,11.14,1678078800000000000,3785
CSB,37570,56.36,55.2,56.36,54.9345,1678078800000000000,313
CSBR,1253,4.62,4.55,4.62,4.55,1678078800000000000,53
CSCO,13452668,49.455,49.42,49.81,49.24,1678078800000000000,89585
CSD,500,58.61,58.1766,58.61,58.1766,1678078800000000000,10
CSF,2517,55.65,54.62,55.65,54.49,1678078800000000000,63
CSGP,1414502,72.2,71.87,72.83,71.66,1678078800000000000,24853
CSGS,301240,57.03,55.87,57.39,55.6,1678078800000000000,5999
CSH,39,25.16,25.16,25.16,25.16,1678078800000000000,1
CSHI,5316,50.1,50.11,50.11,50.1,1678078800000000000,28
CSII,517071,19.77,19.72,19.77,19.7,1678078800000000000,4245
CSIQ,1088994,41.8,42.71,43.47,41.75,1678078800000000000,13541
CSL,256590,265.43,264.28,268.05,262.49,1678078800000000000,9106
CSLM,100,10.39,10.39,10.39,10.39,1678078800000000000,1
CSLMW,25000,0.0345,0.039,0.039,0.0345,1678078800000000000,7
CSM,2833,48.37,48.151,48.4349,48.09,1678078800000000000,37
CSML,4990,34.56,33.9887,34.56,33.89,1678078800000000000,18
CSPI,10572,10.96,11.24,11.37,10.9001,1678078800000000000,157
CSQ,149838,14.42,14.33,14.5,14.33,1678078800000000000,686
CSR,89909,63.17,62.66,63.53,62.36,1678078800000000000,2844
CSRpC,3520,25.4599,25.21,25.5999,25.17,1678078800000000000,17
CSSE,45797,4.16,4.06,4.22,4.06,1678078800000000000,957
CSSEL,74481,0.0251,0.0246,0.0251,0.0245,1678078800000000000,108
CSSEN,2700,25.05,25.17,25.19,25.01,1678078800000000000,17
CSSEP,17275,17.5001,17.1177,17.88,17.1177,1678078800000000000,234
CSTA,342,10.24,10.25,10.25,10.24,1678078800000000000,6
CSTA.WS,156980,0.1,0.1052,0.1073,0.1,1678078800000000000,35
CSTE,189789,5.1,4.82,5.1,4.61,1678078800000000000,1893
CSTL,178653,24.73,24.28,25.12,24.24,1678078800000000000,3816
CSTM,595261,16.49,16.2,16.59,16.07,1678078800000000000,7949
CSTR,171981,17.07,16.74,17.07,16.67,1678078800000000000,1514
CSV,94412,33.98,33.35,34.03,33.07,1678078800000000000,2194
CSWC,236555,18.92,18.84,19.01,18.81,1678078800000000000,3465
CSWI,87367,144.09,141.63,145.355,140.99,1678078800000000000,2578
CSX,15000838,31.14,30.54,31.15,30.48,1678078800000000000,83913
CTA,129535,27.15,27.41,27.52,27.15,1678078800000000000,395
CTApA,400,64.9,65.7502,65.7502,64.9,1678078800000000000,2
CTAS,248968,441.19,444.59,445.83,440.92,1678078800000000000,10441
CTBB,59856,18.03,18.02,18.25,17.88,1678078800000000000,657
CTBI,29489,42.77,42.45,42.79,42.16,1678078800000000000,1306
CTDD,50960,18.6,18.78,19.08,18.6,1678078800000000000,466
CTEC,27376,16.35,16.46,16.6,16.3,1678078800000000000,232
CTEX,31722,35.6824,35.2565,35.825,35.11,1678078800000000000,40
CTG,36621,7.8,7.89,7.94,7.8,1678078800000000000,261
CTGO,427,23.12,23.12,23.12,23.12,1678078800000000000,60
CTHR,27620,0.84,0.8405,0.8698,0.84,1678078800000000000,151
CTIB,61543,1.9,1.99,2,1.86,1678078800000000000,637
CTIC,9719197,5.04,4.83,5.19,4.62,1678078800000000000,48515
CTKB,892655,10.42,10.15,10.665,10.07,1678078800000000000,8194
CTLP,480289,6.2,5.88,6.2,5.86,1678078800000000000,5274
CTLT,1151608,74.25,71.34,74.25,71.32,1678078800000000000,18432
CTM,85807,1.15,1.05,1.15,0.99,1678078800000000000,333
CTMX,1168914,2.14,2.08,2.16,1.98,1678078800000000000,4899
CTO,313260,17.57,17.98,18.08,17.57,1678078800000000000,3901
CTOpA,7905,21.47,21.42,21.47,21.285,1678078800000000000,69
CTOS,135159,7.34,7.25,7.36,7.23,1678078800000000000,2623
CTOS.WS,10765,0.435,0.530101,0.530101,0.435,1678078800000000000,10
CTR,15452,30.48,30.52,30.79,30.48,1678078800000000000,151
CTRA,9018233,25.87,25.66,26,25.46,1678078800000000000,66259
CTRE,522485,20.06,19.98,20.1,19.78,1678078800000000000,5986
CTRM,827705,1.37,1.36,1.45,1.3,1678078800000000000,3441
CTRMV,36929,1.01,0.7701,1.01,0.6009,1678078800000000000,166
CTRN,211394,27.85,26.52,27.85,26.38,1678078800000000000,3711
CTS,141213,44.89,43.71,44.89,43.59,1678078800000000000,3556
CTSH,3929174,62.86,62.61,63.72,62.47,1678078800000000000,36833
CTSO,51007,3.31,3.16,3.46,3.13,1678078800000000000,541
CTV,653602,1.71,1.77,1.785,1.66,1678078800000000000,1633
CTV.WS,11238,0.17,0.16,0.17535,0.1576,1678078800000000000,50
CTVA,3931230,63.36,63.25,64.04,62.8,1678078800000000000,40400
CTXR,689335,1.07,1.03,1.0711,1.02,1678078800000000000,2351
CUBA,11831,4.05,4.02,4.05,4.02,1678078800000000000,75
CUBE,1226257,48.73,47.97,48.81,47.85,1678078800000000000,20199
CUBI,457697,30.5,29.84,30.565,29.47,1678078800000000000,7955
CUBIpE,1300,25.31,25.379,25.44,25.31,1678078800000000000,12
CUBIpF,5108,25.2,25.18,25.31,25.18,1678078800000000000,45
CUBS,12982,19.2,19.4895,19.56,19.2,1678078800000000000,55
CUE,54632,2.93,2.87,3.12,2.85,1678078800000000000,662
CUEN,125381,0.81,0.77,0.8998,0.7337,1678078800000000000,757
CUENW,304,0.091,0.091,0.09149,0.091,1678078800000000000,3
CUK,1500815,10.19,10.06,10.445,10.0525,1678078800000000000,10054
CULP,12744,5.49,5.29,5.5,5.22,1678078800000000000,134
CURE,88750,96.39,95.88,97.05,95.25,1678078800000000000,928
CURI,48284,1.73,1.665,1.75,1.65,1678078800000000000,351
CURO,352120,2.72,2.65,2.74,2.42,1678078800000000000,2641
CURV,153066,2.76,2.63,2.83,2.62,1678078800000000000,1572
CUT,4262,31.13,30.66,31.13,30.66,1678078800000000000,90
CUTR,332496,32.87,31.76,32.94,31.46,1678078800000000000,7783
CUZ,1662270,25.46,25.22,25.52,25.165,1678078800000000000,14877
CVAC,668027,8.18,7.69,8.25,7.61,1678078800000000000,6539
CVAR,0,24.4519,24.4519,24.4519,24.4519,1678078800000000000,0
CVBF,690427,24.02,23.73,24.16,23.47,1678078800000000000,11114
CVCO,80383,293.51,289.42,294.715,286.665,1678078800000000000,8163
CVCY,25072,25.35,25.08,25.525,25,1678078800000000000,727
CVE,5198379,19.19,19.18,19.431,19.06,1678078800000000000,28266
CVE.WS,564,14.44,14.45,14.49,14.44,1678078800000000000,7
CVEO,173278,23.46,23.47,23.87,22.26,1678078800000000000,1854
CVGI,171096,8.44,8.41,8.64,8.31,1678078800000000000,2502
CVGW,183002,32.68,31.32,32.68,30.94,1678078800000000000,4748
CVI,623596,33.08,33.51,33.64,32.84,1678078800000000000,10607
CVIE,4617,49.4,49.3863,49.435,49.3863,1678078800000000000,24
CVII,184597,10.04,10.04,10.06,10.04,1678078800000000000,129
CVII.U,21080,10.07,10.09,10.09,10.07,1678078800000000000,30
CVII.WS,207,0.14,0.14,0.14,0.14,1678078800000000000,3
CVKD,35455,1.85,1.97,2,1.83,1678078800000000000,315
CVLC,720,50.568,50.568,50.568,50.568,1678078800000000000,44
CVLG,109271,35.15,34.49,35.32,34.32,1678078800000000000,4136
CVLT,182616,59.08,58.78,59.71,58.41,1678078800000000000,5521
CVLY,10624,24.72,24.73,24.805,24.59,1678078800000000000,338
CVM,515349,3.01,3.13,3.3299,3,1678078800000000000,2952
CVMC,0,50.5118,50.5118,50.5118,50.5118,1678078800000000000,0
CVNA,10773008,10.13,9.11,10.38,9.0901,1678078800000000000,59381
CVR,1840,30.1,30.106,30.106,30.1,1678078800000000000,108
CVRX,173801,10.83,10.5,10.95,10.36,1678078800000000000,2311
CVS,9187645,82,82.97,82.995,81.65,1678078800000000000,79245
CVSB,559,50.05,50.035,50.05,50.0325,1678078800000000000,13
CVSE,37,50.3938,50.3938,50.3938,50.3938,1678078800000000000,6
CVT,241397,7.22,7.26,7.415,7.16,1678078800000000000,3400
CVU,41213,3.61,3.92,3.95,3.48,1678078800000000000,509
CVV,16193,10.9,10.64,11.215,10.55,1678078800000000000,386
CVX,7570483,164.34,166.17,166.8,163.81,1678078800000000000,105990
CVY,19995,23.25,22.8375,23.25,22.7801,1678078800000000000,74
CW,187227,177.05,176.86,178.31,175.175,1678078800000000000,4014
CWAN,517983,16.52,16.59,16.825,16.36,1678078800000000000,6556
CWB,352052,67.68,67.62,68.1899,67.47,1678078800000000000,2912
CWBC,12291,15.11,15.06,15.18,15.02,1678078800000000000,152
CWBR,39070,2.19,2.03,2.19,1.97,1678078800000000000,174
CWCO,45806,15.25,15.42,15.51,15.16,1678078800000000000,1682
CWEB,296296,52.48,51.19,52.87,50.96,1678078800000000000,5608
CWEN,648066,31.61,31.42,31.77,31.2,1678078800000000000,10367
CWEN.A,177803,30,29.78,30.08,29.53,1678078800000000000,3507
CWH,997356,23.05,22.91,23.34,22.76,1678078800000000000,14696
CWI,349454,25.56,25.55,25.67,25.535,1678078800000000000,1265
CWK,1495274,12.95,12.77,12.98,12.685,1678078800000000000,11569
CWS,7956,51.05,50.4655,51.24,50.33,1678078800000000000,339
CWST,222282,77.2,78.32,78.38,76.98,1678078800000000000,5647
CWT,281617,56.74,55.63,57.64,55.16,1678078800000000000,7627
CX,3274939,5.67,5.55,5.67,5.5105,1678078800000000000,12267
CXAC,446,10.35,10.36,10.36,10.35,1678078800000000000,7
CXAC.WS,207724,0.035,0.035,0.035,0.0334,1678078800000000000,205
CXDO,5032,1.99,1.93,1.99,1.89,1678078800000000000,110
CXE,20746,3.47,3.44,3.48,3.44,1678078800000000000,155
CXH,20613,7.18,7.13,7.18,7.09,1678078800000000000,52
CXM,569331,11.1,10.96,11.16,10.91,1678078800000000000,5395
CXSE,33871,35.61,35.41,35.75,35.39,1678078800000000000,279
CXW,1036465,10.03,9.68,10.04,9.59,1678078800000000000,9765
CYA,6880,10.1,10.19,10.19,10.05,1678078800000000000,72
CYAD,22029,1.05,1.03,1.07,1.03,1678078800000000000,80
CYAN,2492,1.17,1.16,1.17,1.16,1678078800000000000,67
CYB,1820,25.17,25.0488,25.17,25.011,1678078800000000000,49
CYBN,1187880,0.4561,0.4453,0.47,0.42,1678078800000000000,3410
CYBR,389391,151.73,150.18,154.8733,150.06,1678078800000000000,13277
CYCC,36458,0.78,0.7485,0.7919,0.7121,1678078800000000000,180
CYCCP,7047,15.52,16.1,17.43,15.31,1678078800000000000,78
CYCN,45699,0.6667,0.6501,0.6688,0.620101,1678078800000000000,241
CYD,8482,8.34,8.03,8.34,8.022,1678078800000000000,167
CYH,2328239,6.2,6.02,6.25,5.89,1678078800000000000,15872
CYN,62907,1.09,1.04,1.1082,1.01,1678078800000000000,276
CYRX,277452,23.51,22.27,23.71,22.08,1678078800000000000,6272
CYT,45335,1.75,1.72,1.8,1.66,1678078800000000000,347
CYTH,72588,1.27,1.19,1.27,1.08,1678078800000000000,397
CYTHW,400,0.26,0.245,0.26,0.245,1678078800000000000,4
CYTK,1987710,41.74,39.13,41.74,38.76,1678078800000000000,24116
CYTO,687319,2.32,2.12,2.3849,2.02,1678078800000000000,4209
CYXT,322291,2.34,2.24,2.355,2.24,1678078800000000000,2747
CZA,3908,93.13,92.4994,93.13,92.3671,1678078800000000000,80
CZFS,25104,85.225,82.6,85.225,82.42,1678078800000000000,1049
CZNC,36362,22.5,22.39,22.5,22.18,1678078800000000000,536
CZOO,92739,2.23,2.25,2.3257,2.15,1678078800000000000,1023
CZR,3018630,54.93,52.99,55.45,52.76,1678078800000000000,42766
CZWI,7689,12.4,12.46,12.5,12.39,1678078800000000000,142
D,4676152,55.86,55.97,56.19,55.695,1678078800000000000,46075
DAC,116791,59,57.91,59,57.715,1678078800000000000,2952
DADA,1154768,10.75,10.21,10.75,10.06,1678078800000000000,9933
DAIO,8211,4.42,4.41,4.44,4.41,1678078800000000000,71
DAKT,82624,4.24,4.09,4.24,4.0837,1678078800000000000,1416
DAL,5201366,38.99,38.46,39.265,38.36,1678078800000000000,47114
DALI,13964,25.47,25.42,25.4743,25.29,1678078800000000000,22
DALN,17173,4.58,4.5284,4.6,4.5,1678078800000000000,162
DALS,1933207,10.09,10.09,10.1,10.0801,1678078800000000000,16
DALT,24098,8.65,8.6367,8.67,8.62,1678078800000000000,25
DAM,1261,9.5,9.4713,9.81,9.4713,1678078800000000000,15
DAN,921532,16.33,16.11,16.405,16.005,1678078800000000000,12617
DAO,473790,9.34,9.78,10,9.03,1678078800000000000,3442
DAPP,57382,4.1,4.04,4.2399,4.015,1678078800000000000,251
DAPR,51144,29.6919,29.73,29.81,29.6769,1678078800000000000,167
DAR,936386,63.34,63.54,64.48,63.34,1678078800000000000,14738
DARE,203575,1.13,1.1,1.15,1.0824,1678078800000000000,593
DASH,3138280,57.52,55.95,57.7799,55.81,1678078800000000000,42487
DAT,123,25,24.823,25,24.823,1678078800000000000,9
DATS,81940,0.6658,0.691,0.7392,0.62,1678078800000000000,275
DATSW,700,0.0838,0.0839,0.0839,0.083799,1678078800000000000,5
DAUG,70945,31.97,31.89,32.02,31.82,1678078800000000000,50
DAVA,129378,80.96,80.74,81.5201,79.55,1678078800000000000,2832
DAVE,55554,7.81,7.91,8.1487,7.79,1678078800000000000,1218
DAVEW,52995,0.0599,0.065,0.065,0.048,1678078800000000000,74
DAWN,645202,19.51,18.36,19.51,17.95,1678078800000000000,6649
DAX,25469,28.82,28.78,28.94,28.68,1678078800000000000,126
DB,1609065,12.47,12.52,12.6,12.46,1678078800000000000,6289
DBA,759364,20.18,20.25,20.305,20.15,1678078800000000000,2227
DBAW,16499,29.18,29.15,29.23,29.09,1678078800000000000,132
DBB,109573,20.17,20.31,20.3527,20.07,1678078800000000000,744
DBC,1046042,24.15,24.34,24.36,24.12,1678078800000000000,3792
DBD,2451669,3.73,3.43,3.85,3.39,1678078800000000000,11243
DBE,36513,21.86,22.13,22.13,21.78,1678078800000000000,737
DBEF,433145,35.31,35.29,35.38,35.27,1678078800000000000,2215
DBEH,704,26.2,26.16,26.2,26.15,1678078800000000000,11
DBEM,5042,22.33,22.3983,22.47,22.25,1678078800000000000,43
DBEU,55813,37.01,36.93,37.01,36.91,1678078800000000000,295
DBEZ,1480,40.1344,40.0257,40.1344,40.01,1678078800000000000,9
DBGI,586489,1.35,1.3,1.3878,1.28,1678078800000000000,2550
DBGIW,351,1.54,1.54,1.54,1.54,1678078800000000000,1
DBGR,381,30.885,30.885,30.885,30.885,1678078800000000000,7
DBI,1571391,10.1,9.48,10.1,9.44,1678078800000000000,14718
DBJA,587,26.45,26.4804,26.4804,26.45,1678078800000000000,4
DBJP,47681,53.115,53.19,53.19,53.0001,1678078800000000000,83
DBL,41179,14.85,14.69,14.85,14.67,1678078800000000000,322
DBMF,423131,28.58,28.73,28.73,28.35,1678078800000000000,909
DBND,28650,45.74,45.62,45.75,45.62,1678078800000000000,254
DBO,236742,15.16,15.4,15.41,15.13,1678078800000000000,1366
DBOC,386,29.275,29.1966,29.275,29.1966,1678078800000000000,1
DBP,4376,47.32,47.165,47.4,47.165,1678078800000000000,56
DBRG,862207,12.35,12.14,12.52,11.99,1678078800000000000,9167
DBRGpH,6619,21.425,21.5,21.5,21.2788,1678078800000000000,81
DBRGpI,8004,22.0127,21.61,22.0127,21.06,1678078800000000000,115
DBRGpJ,10604,21.3218,21.61,21.62,21.1282,1678078800000000000,128
DBTX,42012,4.41,4.7,4.7,4.35,1678078800000000000,286
DBVT,85539,1.64,1.56,1.64,1.55,1678078800000000000,477
DBX,3947153,20.67,20.38,20.86,20.285,1678078800000000000,31448
DC,216312,3,2.82,3,2.81,1678078800000000000,1564
DCBO,22529,36.01,36.35,37.02,36.01,1678078800000000000,624
DCF,39444,7.55,7.56,7.72,7.54,1678078800000000000,134
DCFC,1394241,1.72,1.6,1.72,1.595,1678078800000000000,5900
DCFCW,26798,0.48,0.48,0.5001,0.46,1678078800000000000,136
DCGO,486283,9.45,9.1,9.45,9.01,1678078800000000000,5652
DCI,468846,66.69,66.08,66.95,65.98,1678078800000000000,7922
DCO,63573,55.83,54.83,56.3733,54.32,1678078800000000000,2011
DCOM,162019,31.19,30.6,31.66,30.285,1678078800000000000,3738
DCOMP,5086,20.21,20,20.6,20,1678078800000000000,58
DCP,468156,41.78,41.73,41.78,41.72,1678078800000000000,3961
DCPpB,11393,25.0395,25,25.07,24.98,1678078800000000000,127
DCPpC,6760,25.42,25.41,25.45,25.35,1678078800000000000,53
DCPH,510705,14.9,15.09,15.19,14.65,1678078800000000000,8752
DCT,841298,18.94,18.91,18.94,18.91,1678078800000000000,4137
DCTH,15202,4.72,4.75,4.91,4.67,1678078800000000000,387
DD,3288983,74.26,72.8,74.43,72.5,1678078800000000000,44775
DDD,1511871,11.43,11.03,11.535,10.9014,1678078800000000000,15734
DDEC,4939,31.685,31.64,31.75,31.64,1678078800000000000,33
DDF,23995,7.76,7.68,7.76,7.68,1678078800000000000,131
DDIV,4347,29.99,29.82,30.01,29.82,1678078800000000000,20
DDL,466138,4.65,4.64,4.77,4.54,1678078800000000000,3638
DDLS,11027,32.5,32.41,32.51,32.3475,1678078800000000000,62
DDM,404194,64.6,64.62,65.1599,64.42,1678078800000000000,1891
DDOG,3664938,77.41,76.58,78.18,76.39,1678078800000000000,47601
DDS,107828,364,352.83,364.835,351.0617,1678078800000000000,8336
DDT,46415,25.42,25.35,25.64,25.283,1678078800000000000,495
DDWM,13754,31.44,31.43,31.465,31.35,1678078800000000000,146
DE,1003997,430.3,425.71,432.0005,425.61,1678078800000000000,30787
DEA,929728,15.22,15.31,15.455,15.1744,1678078800000000000,10436
DECK,385960,428.5,433.52,435.7,427.73,1678078800000000000,14666
DECT,2502,25.2001,25.1178,25.259,25.1178,1678078800000000000,31
DECW,8834,25.2501,25.27,25.3899,25.2501,1678078800000000000,61
DECZ,470,28.5,28.503,28.503,28.5,1678078800000000000,4
DEED,36411,21.17,21.13,21.17,21.09,1678078800000000000,46
DEEF,1327,26.79,26.7356,26.83,26.73,1678078800000000000,15
DEEP,1711,34.69,33.6648,34.69,33.64,1678078800000000000,53
DEF,9503,67.24,67.2422,67.4999,67.16,1678078800000000000,87
DEFI,34,28.7419,28.7419,28.7419,28.7419,1678078800000000000,1
DEHP,570160,23.6787,23.6123,23.77,23.6013,1678078800000000000,182
DEI,1493062,14.44,14.32,14.505,14.305,1678078800000000000,12089
DEIF,975,23.71,23.6118,23.71,23.6118,1678078800000000000,32
DELL,5271379,40.26,39.07,40.31,39.07,1678078800000000000,49588
DEM,239484,38.21,38.16,38.285,38.11,1678078800000000000,1537
DEMZ,692,25.93,25.42,25.93,25.3403,1678078800000000000,34
DEN,464449,86.78,84.12,86.78,83.855,1678078800000000000,11116
DENN,613910,11.8,11.48,11.92,11.335,1678078800000000000,10287
DEO,722409,172.17,174.04,174.45,172.07,1678078800000000000,12191
DERM,7980,1.65,1.58,1.838,1.58,1678078800000000000,120
DES,85031,31.29,30.7,31.3,30.54,1678078800000000000,631
DESP,640163,5.77,6.1,6.22,5.64,1678078800000000000,4181
DEUS,6587,44.35,43.9527,44.35,43.8601,1678078800000000000,72
DEW,7482,48.21,48.2745,48.38,48.21,1678078800000000000,73
DEX,31285,7.8,7.75,7.8299,7.73,1678078800000000000,122
DFAC,1274678,25.96,25.81,26.03,25.76,1678078800000000000,2640
DFAE,431887,23.02,23,23.125,22.95,1678078800000000000,1796
DFAI,465789,26.96,26.94,27.05,26.9034,1678078800000000000,1487
DFAR,97968,22.25,22.16,22.3369,22.1,1678078800000000000,432
DFAS,105521,56.48,55.62,56.49,55.38,1678078800000000000,644
DFAT,209944,48.67,47.84,48.67,47.67,1678078800000000000,788
DFAU,321436,28.85,28.74,28.96,28.69,1678078800000000000,899
DFAX,429475,23.2,23.14,23.25,23.12,1678078800000000000,1206
DFCF,276672,41.61,41.43,41.61,41.43,1678078800000000000,964
DFE,7601,60.52,60.44,60.65,60.3101,1678078800000000000,114
DFEB,152753,33.32,33.26,33.39,33.24,1678078800000000000,304
DFEM,430113,23.71,23.66,23.78,23.65,1678078800000000000,901
DFEN,174682,22.63,22.46,22.85,22.31,1678078800000000000,1709
DFEV,74258,23.67,23.61,23.71,23.6061,1678078800000000000,287
DFFN,2491,6.22,6.07,6.22,5.8161,1678078800000000000,58
DFGR,445798,25.5,25.36,25.5199,25.32,1678078800000000000,380
DFH,233950,12.52,12.43,12.73,12.23,1678078800000000000,2673
DFHY,1225,20.519,20.475,20.519,20.475,1678078800000000000,20
DFIC,866476,24.22,24.19,24.27,24.15,1678078800000000000,1215
DFIN,265219,41.66,41.04,41.66,40.75,1678078800000000000,5385
DFIP,98220,41.68,41.48,41.74,41.47,1678078800000000000,386
DFIS,133760,23.23,23.26,23.32,23.201,1678078800000000000,410
DFIV,488566,33.34,33.34,33.44,33.28,1678078800000000000,1934
DFJ,4132,66.23,66.1633,66.343,66.0918,1678078800000000000,80
DFLI,88289,4.22,4.21,4.33,4.1,1678078800000000000,816
DFLIW,1795,0.3475,0.3475,0.3475,0.3475,1678078800000000000,15
DFLV,362890,25.89,25.61,25.89,25.59,1678078800000000000,682
DFND,807,35.19,35.1744,35.2101,35.14,1678078800000000000,9
DFNL,3308,29.31,29.2372,29.4085,29.19,1678078800000000000,26
DFNM,106789,47.51,47.47,47.51,47.36,1678078800000000000,337
DFNV,2215,23.06,22.98,23.0801,22.98,1678078800000000000,23
DFP,35173,20.05,19.99,20.14,19.96,1678078800000000000,270
DFRA,1238,26.5889,26.5609,26.63,26.515,1678078800000000000,16
DFS,1824177,114.65,113.95,115.66,113.57,1678078800000000000,32075
DFSB,30013,50.6,50.4168,50.6,50.39,1678078800000000000,72
DFSD,182203,46.31,46.28,46.45,46.27,1678078800000000000,588
DFSE,24641,29.73,29.62,29.87,29.62,1678078800000000000,83
DFSI,48331,29.85,29.85,29.96,29.8,1678078800000000000,111
DFSU,231197,26.96,26.79,27.0682,26.7641,1678078800000000000,143
DFSV,286749,27.57,27.04,27.57,26.9257,1678078800000000000,999
DFUS,143184,44.19,44.12,44.437,44.0473,1678078800000000000,533
DFUV,283297,35.03,34.83,35.11,34.79,1678078800000000000,932
DG,1777105,218.91,219.32,220.64,216.84,1678078800000000000,35128
DGHI,19781,1.27,1.27,1.3,1.21,1678078800000000000,153
DGICA,96845,15.42,15.13,15.42,14.93,1678078800000000000,1089
DGICB,296,15.01,15.01,15.01,15.01,1678078800000000000,25
DGII,330663,33.99,33.92,34.36,33.63,1678078800000000000,6735
DGIN,474,28.94,28.835,28.94,28.835,1678078800000000000,7
DGLY,23892,4.63,4.58,4.72,4.51,1678078800000000000,278
DGNU,180561,9.92,9.91,9.92,9.9,1678078800000000000,41
DGP,11381,38.1,37.7101,38.1,37.55,1678078800000000000,45
DGRE,7736,22.65,22.65,22.68,22.5,1678078800000000000,99
DGRO,1310556,50.7375,50.7,50.93,50.6293,1678078800000000000,12691
DGRS,13547,45.21,44.1245,45.21,43.968,1678078800000000000,163
DGRW,323373,62.12,62.1,62.42,62,1678078800000000000,2013
DGS,368296,46.44,46.31,46.49,46.2701,1678078800000000000,968
DGT,9087,108.84,108.57,109.03,108.37,1678078800000000000,74
DGX,1226065,140.61,140.33,140.97,139.72,1678078800000000000,23408
DGZ,456,10.14,10.34,10.34,10.14,1678078800000000000,8
DH,609266,12.37,11.85,12.37,11.74,1678078800000000000,8343
DHAC,3776,11.14,11.1499,11.15,11.14,1678078800000000000,34
DHC,8229838,1.62,1.79,1.81,1.53,1678078800000000000,21423
DHCAW,5500,0.0322,0.0441,0.0518,0.0322,1678078800000000000,15
DHCNI,13471,13.61,13.52,13.79,13.52,1678078800000000000,129
DHCNL,39673,14.65,14.66,14.7,14.3672,1678078800000000000,225
DHF,492381,2.29,2.28,2.31,2.25,1678078800000000000,1203
DHHC,782,10.12,10.13,10.13,10.12,1678078800000000000,12
DHHCW,3476,0.22,0.245,0.245,0.22,1678078800000000000,9
DHI,2294440,91.94,91.46,92.8401,91.19,1678078800000000000,35194
DHIL,5640,176,174.56,176,174.56,1678078800000000000,515
DHR,2140237,252.16,249.85,254.435,249.61,1678078800000000000,34376
DHS,82826,86.28,86.12,86.48,85.91,1678078800000000000,758
DHT,1553394,11.91,11.79,11.92,11.645,1678078800000000000,12990
DHX,172415,4.33,4.24,4.33,4.23,1678078800000000000,1852
DHY,460002,1.92,1.9,1.92,1.88,1678078800000000000,2048
DIA,2641708,334.63,334.68,336.12,334.18,1678078800000000000,39233
DIAL,477379,17.45,17.37,17.45,17.355,1678078800000000000,713
DIAX,75536,15.4,15.34,15.4799,15.32,1678078800000000000,490
DIBS,106697,4.79,4.69,4.79,4.56,1678078800000000000,2155
DICE,356470,31.55,31.47,31.99,29.9015,1678078800000000000,7261
DIEM,404,23.73,23.7254,23.73,23.7254,1678078800000000000,5
DIG,41399,40.89,41.38,41.4,40.58,1678078800000000000,595
DIHP,195456,23.84,23.78,23.87,23.75,1678078800000000000,508
DIM,1613,59.54,59.4665,59.54,59.44,1678078800000000000,32
DIN,338542,75,73.74,75.275,73.02,1678078800000000000,9003
DINO,1989714,52.97,52.1,53.23,51.66,1678078800000000000,27299
DINT,3454,19.19,19.14,19.2601,19.14,1678078800000000000,54
DIOD,183457,94.07,90.8,94.7,89.995,1678078800000000000,6116
DIP,653,26.1,25.9284,26.1,25.9284,1678078800000000000,15
DIS,6753027,101.61,100.66,102.695,100.49,1678078800000000000,89973
DISA,14511,11.2,10.575,11.38,10.53,1678078800000000000,161
DISAU,2100,10.9,11.01,11.87,10.9,1678078800000000000,21
DISH,7948238,11.35,10.9,11.43,10.76,1678078800000000000,43831
DISTU,154,10.21,10.21,10.21,10.21,1678078800000000000,5
DISV,223663,24.42,24.38,24.46,24.33,1678078800000000000,566
DIT,493,169.99,161.22,174.3003,161.22,1678078800000000000,30
DIV,166102,18.39,18.22,18.39,18.1501,1678078800000000000,1663
DIVB,34934,38.56,38.41,38.61,38.36,1678078800000000000,370
DIVD,570,30.08,29.9546,30.08,29.9546,1678078800000000000,6
DIVI,92066,28.62,28.61,28.69,28.5538,1678078800000000000,359
DIVO,500492,35.67,35.7,35.75,35.57,1678078800000000000,3014
DIVS,2399,23.755,23.6758,23.79,23.6758,1678078800000000000,28
DIVZ,391982,28.56,28.65,28.7099,28.56,1678078800000000000,93
DJAN,44866,30.77,30.77,30.83,30.73,1678078800000000000,45
DJCB,136,20.92,20.92,20.92,20.92,1678078800000000000,8
DJCO,5513,287.64,275,287.64,275,1678078800000000000,617
DJD,16541,43.41,43.37,43.5606,43.27,1678078800000000000,222
DJIA,106921,22.38,22.35,22.4999,22.168,1678078800000000000,287
DJP,163059,31.93,32.14,32.18,31.93,1678078800000000000,575
DJUL,40822,31.95,31.9378,32.08,31.93,1678078800000000000,40
DJUN,1982,33.68,33.6098,33.68,33.6,1678078800000000000,16
DK,1489238,25.54,25.63,25.93,25.25,1678078800000000000,17402
DKDCA,1193,10.7,10.69,10.7,10.69,1678078800000000000,13
DKL,28550,49.5,49.65,50.2588,48.975,1678078800000000000,708
DKNG,7871792,19.08,19.19,19.4,18.95,1678078800000000000,56440
DKRB,8,26.547,26.547,26.547,26.547,1678078800000000000,6
DKS,2245157,132.59,132.14,134.52,131.8,1678078800000000000,44288
DLA,12234,14,13.76,14,13.6,1678078800000000000,243
DLB,391226,83.49,82.34,84.26,82.08,1678078800000000000,8701
DLHC,75607,13.4,13.5,13.75,13.4,1678078800000000000,907
DLN,285109,62.53,62.58,62.8399,62.5,1678078800000000000,2897
DLNG,28580,3.04,3.01,3.13,3.01,1678078800000000000,254
DLNGpA,2105,24.02,24.01,24.3,24.01,1678078800000000000,18
DLNGpB,6646,23.74,23.94,24,23.53,1678078800000000000,53
DLO,1394279,15.16,15.01,15.39,15,1678078800000000000,16500
DLPN,35600,2.0001,1.935,2.02,1.9,1678078800000000000,285
DLR,1434673,106.86,105.32,106.86,104.87,1678078800000000000,25236
DLRpJ,8285,22.34,22.4556,22.4905,22.34,1678078800000000000,116
DLRpK,19027,24.18,24.134,24.25,24.0388,1678078800000000000,140
DLRpL,35664,22.19,22.23,22.37,22.19,1678078800000000000,321
DLS,46928,62.67,62.55,62.75,62.45,1678078800000000000,436
DLTH,106312,6.19,6.03,6.19,5.99,1678078800000000000,2507
DLTR,2563192,150,144.06,150.48,143.8405,1678078800000000000,36235
DLX,329666,18.4,17.71,18.465,17.35,1678078800000000000,5647
DLY,152322,14.45,14.38,14.465,14.33,1678078800000000000,790
DM,10243044,2.2,2.4,2.535,2.2,1678078800000000000,28285
DMA,5183,6.83,6.83,6.8486,6.77,1678078800000000000,14
DMAC,10033,1.8,1.78,1.81,1.735,1678078800000000000,116
DMAR,44831,30.3,30.2359,30.3,30.23,1678078800000000000,95
DMAT,2166,20.49,20.3,20.49,20.3,1678078800000000000,63
DMAY,2287,32.3237,32.2399,32.4,32.202,1678078800000000000,18
DMB,53368,10.93,10.78,10.98,10.78,1678078800000000000,277
DMCY,44,23.1275,23.1275,23.1275,23.1275,1678078800000000000,2
DMDV,61,21.9908,21.9908,21.9908,21.9908,1678078800000000000,5
DMF,48325,6.17,6.16,6.2,6.16,1678078800000000000,190
DMLP,81007,31.3,30.58,31.3,30.22,1678078800000000000,1084
DMO,21393,11.11,11.05,11.18,11.035,1678078800000000000,183
DMRC,73928,21.02,21.12,21.55,20.55,1678078800000000000,1237
DMS,479875,1.06,0.87,1.14,0.7999,1678078800000000000,1220
DMS.WS,23000,0.1,0.0875,0.1,0.0535,1678078800000000000,27
DMTK,554515,4.41,4.08,4.63,4,1678078800000000000,4605
DMXF,19509,58.54,58.59,58.77,58.5,1678078800000000000,292
DMYS,26222,10.16,10.17,10.17,10.16,1678078800000000000,161
DMYS.WS,134274,0.125,0.1203,0.1575,0.1001,1678078800000000000,135
DMYY,2201,10.2,10.271,10.85,10.2,1678078800000000000,18
DMYY.U,3230,10.3901,10.4,10.41,10.39,1678078800000000000,7
DMYY.WS,39085,0.33,0.3102,0.6699,0.2801,1678078800000000000,448
DNA,22261763,1.35,1.36,1.4,1.33,1678078800000000000,27901
DNA.WS,69837,0.21,0.2,0.2238,0.1981,1678078800000000000,120
DNAB,2134,10.2,10.18,10.2,10.18,1678078800000000000,16
DNAD,157263,10.18,10.18,10.19,10.18,1678078800000000000,36
DNB,2136024,12.35,12.27,12.43,12.235,1678078800000000000,15255
DNL,42655,34.56,34.53,34.7138,34.5226,1678078800000000000,276
DNLI,581889,27.77,27.16,27.77,26.86,1678078800000000000,10448
DNMR,1126856,2.51,2.36,2.5273,2.35,1678078800000000000,6268
DNN,2276288,1.28,1.23,1.28,1.22,1678078800000000000,3117
DNOV,6371,33.902,33.8361,33.9577,33.81,1678078800000000000,35
DNOW,869367,13.44,12.75,13.54,12.595,1678078800000000000,10357
DNP,400560,11.45,11.39,11.505,11.38,1678078800000000000,1661
DNUT,743205,13.53,13.68,13.85,13.52,1678078800000000000,11421
DO,909812,12.84,13.12,13.12,12.54,1678078800000000000,9130
DOC,1670180,14.94,15.01,15.025,14.84,1678078800000000000,14229
DOCN,1210388,35.77,34.87,36.0649,34.75,1678078800000000000,17254
DOCS,1586876,34.5,34.08,34.85,34.01,1678078800000000000,16699
DOCT,4133,32.541,32.465,32.5999,32.44,1678078800000000000,21
DOCU,3489352,65.19,64.15,66.18,63.96,1678078800000000000,55367
DOG,564972,33.25,33.25,33.3,33.115,1678078800000000000,2162
DOGZ,45355,0.94,0.951,1,0.94,1678078800000000000,145
DOL,40126,47.11,47.2,47.3299,47.11,1678078800000000000,207
DOLE,553174,12.29,12.09,12.3001,12.0025,1678078800000000000,5565
DOMA,655168,0.5899,0.61,0.61,0.58,1678078800000000000,1923
DOMA.WS,1200,0.04,0.04,0.04,0.04,1678078800000000000,1
DOMH,13036,4.34,4.31,4.4299,4.2501,1678078800000000000,170
DOMO,1689646,16,16.45,17.1,15.69,1678078800000000000,14166
DON,130832,43.77,43.36,43.89,43.28,1678078800000000000,1060
DOOO,23865,86.14,86.19,86.705,85.54,1678078800000000000,887
DOOR,136816,91.49,89.81,91.75,89.38,1678078800000000000,3354
DORM,216318,90.37,84.88,90.37,83.92,1678078800000000000,7677
DOUG,619001,4.34,4.12,4.34,4.02,1678078800000000000,4372
DOV,767426,155.89,154.32,156.96,154.3,1678078800000000000,19338
DOW,4817867,58.01,57.11,58.25,56.77,1678078800000000000,49655
DOX,720299,91.19,90.79,91.7,90.64,1678078800000000000,9595
DOYU,900238,1.4,1.33,1.41,1.31,1678078800000000000,2007
DPCSW,500,0.0347,0.0334,0.0347,0.0334,1678078800000000000,5
DPG,64606,13.93,13.97,14.09,13.93,1678078800000000000,371
DPRO,999913,2.31,2.07,2.45,2.05,1678078800000000000,3606
DPSI,20793,7.83,8.11,8.17,7.6966,1678078800000000000,247
DPST,338118,23.41,22.86,23.98,22.76,1678078800000000000,2195
DPZ,1502810,309.67,316.32,319.095,309.16,1678078800000000000,35433
DQ,2179567,52.89,54.94,55.6,52.89,1678078800000000000,25501
DRCT,72733,4.6067,4.41,4.72,4.323,1678078800000000000,497
DRCTW,7500,0.85,0.8685,0.9001,0.85,1678078800000000000,11
DRD,337130,7.45,7.36,7.815,7.3,1678078800000000000,3750
DRH,1949268,8.79,8.76,8.89,8.7,1678078800000000000,13826
DRHpA,151096,25.55,25.5,25.59,25.3097,1678078800000000000,24
DRI,1066847,147.65,148.27,148.67,147.2237,1678078800000000000,22924
DRIO,166881,4.81,4.87,5,4.71,1678078800000000000,1379
DRIP,2202622,12.95,13.18,13.279,12.93,1678078800000000000,8903
DRIV,102332,24.27,23.91,24.29,23.86,1678078800000000000,1446
DRLL,49567,29.15,29.2756,29.2999,29.0127,1678078800000000000,389
DRMA,73674,0.275,0.2749,0.275,0.251,1678078800000000000,178
DRN,379984,11,10.75,11.05,10.7,1678078800000000000,1978
DRQ,503321,35.63,32.44,35.63,31.74,1678078800000000000,10519
DRRX,33598,4.8,4.81,5,4.71,1678078800000000000,747
DRS,403042,13.04,13.08,13.14,12.94,1678078800000000000,6125
DRSK,97472,25.51,25.41,25.51,25.41,1678078800000000000,348
DRTS,21873,3.25,3.52,3.52,3.25,1678078800000000000,150
DRTSW,2100,0.4,0.4,0.4,0.4,1678078800000000000,3
DRTT,25825,0.5596,0.5562,0.589,0.54,1678078800000000000,75
DRUG,29646,0.61,0.6099,0.63,0.6,1678078800000000000,140
DRV,346865,45.41,46.5,46.6691,45.15,1678078800000000000,3523
DRVN,321559,28.73,28.55,28.95,28.285,1678078800000000000,7713
DSAQ,1084236,10.47,10.46,10.47,10.46,1678078800000000000,193
DSCF,27,21.2731,21.2731,21.2731,21.2731,1678078800000000000,2
DSEP,1171,31.75,31.655,31.79,31.655,1678078800000000000,14
DSEY,369316,6.4,6.14,6.4,6.09,1678078800000000000,5313
DSGN,435137,7.15,7.01,7.15,6.86,1678078800000000000,4192
DSGR,38293,46.29,47.35,48.55,45.38,1678078800000000000,1359
DSGX,152446,76.82,76.3,76.9,76,1678078800000000000,2754
DSI,118407,76.76,76.62,77.25,76.58,1678078800000000000,1376
DSJA,3,25.8546,25.8546,25.8546,25.8546,1678078800000000000,1
DSKE,544429,8.3,8.01,8.44,7.91,1678078800000000000,4759
DSL,179939,12.2,12.1,12.249,12.0725,1678078800000000000,1154
DSM,148221,5.67,5.64,5.68,5.62,1678078800000000000,469
DSMC,3864,30.01,29.5698,30.01,29.55,1678078800000000000,24
DSOC,0,29.1204,29.1204,29.1204,29.1204,1678078800000000000,0
DSP,173810,4.61,4.64,4.87,4.53,1678078800000000000,745
DSS,87210,0.227,0.2394,0.2399,0.224,1678078800000000000,304
DSTL,116765,43.27,43.1,43.47,43.033,1678078800000000000,305
DSTX,1745,22.07,21.9416,22.075,21.9416,1678078800000000000,17
DSU,143788,9.91,9.93,9.98,9.86,1678078800000000000,766
DSWL,8802,2.9,2.86,2.9,2.85,1678078800000000000,55
DSX,1099370,4.66,4.62,4.69,4.5275,1678078800000000000,4645
DSXpB,2494,25.33,25.4,25.4999,25.33,1678078800000000000,18
DT,2416260,43.39,42.65,43.62,42.63,1678078800000000000,20256
DTB,11540,20.38,20.45,20.46,19.7767,1678078800000000000,148
DTC,358252,4.23,3.88,4.23,3.8,1678078800000000000,3299
DTD,26139,61.75,61.81,61.9994,61.6396,1678078800000000000,188
DTE,1382622,109.21,108.92,110.28,108.66,1678078800000000000,26188
DTEA,28197,0.95,0.9199,0.95,0.88,1678078800000000000,88
DTEC,8509,37.01,36.898,37.31,36.875,1678078800000000000,107
DTF,30232,10.92,10.83,10.92,10.83,1678078800000000000,51
DTG,30994,20.42,20.03,20.49,19.97,1678078800000000000,374
DTH,62183,38.58,38.62,38.77,38.58,1678078800000000000,252
DTIL,706230,1.15,1.07,1.16,1.06,1678078800000000000,3012
DTLAp,6539,3.22,3.2,3.22,3.16,1678078800000000000,26
DTM,901028,51.56,50.8,51.74,50.56,1678078800000000000,13477
DTOCU,600,10.2,9.8801,10.23,9.8801,1678078800000000000,3
DTRE,1828,41.47,40.4951,41.47,40.4951,1678078800000000000,17
DTSS,10719,1.29,1.1586,1.29,1.13,1678078800000000000,79
DTST,8452,1.78,1.7453,1.78,1.71,1678078800000000000,95
DTSTW,4017,0.2491,0.1853,0.2498,0.1401,1678078800000000000,53
DTW,12134,23.77,23.77,23.8295,23.6905,1678078800000000000,156
DUDE,2871,20.44,20.3651,20.44,20.36,1678078800000000000,10
DUG,296256,12.28,12.21,12.45,12.19,1678078800000000000,1160
DUHP,410068,25.04,25,25.1499,24.96,1678078800000000000,817
DUK,2708355,95.49,95.98,96.04,95.33,1678078800000000000,39446
DUKpA,57108,24.88,24.82,24.9706,24.81,1678078800000000000,655
DUKB,20602,25.12,25.02,25.12,24.9847,1678078800000000000,230
DULL,0,24.5769,24.5769,24.5769,24.5769,1678078800000000000,0
DUNEW,5000,0.03,0.03,0.035,0.03,1678078800000000000,7
DUO,138222,0.863,0.8001,0.9499,0.8,1678078800000000000,258
DUOL,1004304,119.78,127.35,127.52,119.61,1678078800000000000,25290
DUOT,32345,5.15,4.88,5.2102,4.7,1678078800000000000,440
DURA,4010,31.46,31.4283,31.5099,31.37,1678078800000000000,49
DUSA,40546,29.8899,29.57,29.8899,29.57,1678078800000000000,64
DUSL,16190,36.52,36.28,36.96,36.15,1678078800000000000,244
DUST,2712632,14.6,14.92,15.09,14.4999,1678078800000000000,9951
DV,6671451,26.65,26.75,26.98,25.81,1678078800000000000,55089
DVA,680051,82.07,80.2,82.3229,80.13,1678078800000000000,12631
DVAL,5660,12.18,12.0964,12.18,12.08,1678078800000000000,47
DVAX,1381220,10.45,10.25,10.475,10.17,1678078800000000000,12757
DVLU,40845,24.4,24.02,24.4,23.96,1678078800000000000,207
DVN,8893476,56.16,56.49,56.7999,55.87,1678078800000000000,87498
DVND,139,25.88,25.806,25.88,25.806,1678078800000000000,5
DVOL,39309,26,25.92,26,25.87,1678078800000000000,189
DVY,537516,122.11,121.91,122.64,121.625,1678078800000000000,5936
DVYA,9387,35.12,35.03,35.12,35,1678078800000000000,86
DVYE,193279,25.19,25.14,25.2494,25.0671,1678078800000000000,813
DWAC,220898,14.52,14.57,14.63,14.33,1678078800000000000,2840
DWACU,603,15.91,15.82,15.91,15.82,1678078800000000000,9
DWACW,18815,3.38,3.3,3.45,3.21,1678078800000000000,221
DWAS,110501,78.81,77.37,78.81,76.9401,1678078800000000000,489
DWAT,63,10.1789,10.1789,10.1789,10.1789,1678078800000000000,6
DWAW,32,32.62,32.62,32.62,32.62,1678078800000000000,4
DWCR,6,28.4572,28.4572,28.4572,28.4572,1678078800000000000,3
DWEQ,2568,18.43,18.3906,18.43,18.37,1678078800000000000,16
DWLD,487064,27.46,27.3,27.735,27.28,1678078800000000000,1179
DWM,16239,50.345,50.4,50.48,50.315,1678078800000000000,147
DWMC,907,34.85,34.0238,34.85,34.0238,1678078800000000000,10
DWMF,647,24.86,24.8849,24.93,24.86,1678078800000000000,9
DWSH,38518,8.33,8.49,8.5199,8.33,1678078800000000000,68
DWSN,1235,1.5001,1.48,1.5001,1.48,1678078800000000000,44
DWUS,6,33.7152,33.7152,33.7152,33.7152,1678078800000000000,5
DWX,18787,34.06,34.095,34.21,34.06,1678078800000000000,282
DX,876617,13.21,13.13,13.235,13.08,1678078800000000000,8725
DXpC,29293,23.05,22.885,23.1,22.7,1678078800000000000,240
DXC,1598285,28.96,28.48,29.09,28.385,1678078800000000000,16955
DXCM,5513584,114.1,113.25,116.0786,112.44,1678078800000000000,74496
DXD,434557,42.59,42.59,42.73,42.25,1678078800000000000,3120
DXF,100711,0.1722,0.1689,0.1778,0.1622,1678078800000000000,190
DXGE,2862,36.5565,36.32,36.5565,36.32,1678078800000000000,9
DXJ,118347,72.06,72.22,72.27,71.95,1678078800000000000,1286
DXJS,2040,48.92,48.85,49.05,48.6501,1678078800000000000,27
DXLG,921267,6.21,5.86,6.27,5.81,1678078800000000000,6723
DXPE,97152,30.19,29.25,30.33,28.74,1678078800000000000,2663
DXR,8006,9.41,9.33,9.48,9.0506,1678078800000000000,231
DXYN,28541,0.91,0.9027,0.9101,0.852,1678078800000000000,89
DY,761210,103.8,103.25,106.3,102.85,1678078800000000000,15150
DYAI,14054,1.5,1.41,1.52,1.3875,1678078800000000000,104
DYLD,39167,22.26,22.2,22.26,22.19,1678078800000000000,239
DYN,264232,15.03,15,15.6,14.59,1678078800000000000,4413
DYNF,3714,31.8799,31.8815,32.06,31.86,1678078800000000000,12
DYNT,22225,1.88,1.885,1.9,1.85,1678078800000000000,87
DZSI,108344,10.5,10.19,10.51,10.185,1678078800000000000,1856
DZZ,2464,2.6703,2.68,2.68,2.66,1678078800000000000,15
E,273959,28.98,28.94,29.06,28.86,1678078800000000000,3185
EA,1856841,112.99,113.19,114.39,112.66,1678078800000000000,34864
EAD,143804,6.72,6.7,6.72,6.67,1678078800000000000,688
EAF,1334529,5.78,5.57,5.78,5.515,1678078800000000000,9003
EAFD,14192,19.6437,19.6529,19.7296,19.6437,1678078800000000000,39
EAGG,146445,46.88,46.68,46.88,46.6499,1678078800000000000,751
EAI,25051,22.1,22.05,22.1644,22.02,1678078800000000000,189
EAOA,397,29.22,29.174,29.22,29.174,1678078800000000000,11
EAOK,2101,23.79,23.68,23.79,23.68,1678078800000000000,7
EAOM,0,24.8305,24.8305,24.8305,24.8305,1678078800000000000,0
EAOR,160,27.026,26.9357,27.026,26.9357,1678078800000000000,2
EAPR,4985,24.18,24.1448,24.18,24.1337,1678078800000000000,28
EAR,74809,5.92,5.66,6.09,5.6,1678078800000000000,1579
EARN,70246,7.56,7.53,7.63,7.501,1678078800000000000,731
EASG,1631,27.66,27.5871,27.67,27.55,1678078800000000000,25
EAST,33690,0.3,0.29,0.3,0.284,1678078800000000000,129
EAT,799060,38.69,38.39,38.94,37.82,1678078800000000000,12972
EATV,169,16.86,16.86,16.86,16.86,1678078800000000000,12
EATZ,178,20.1512,20.1512,20.1512,20.1512,1678078800000000000,8
EB,736970,9.25,8.88,9.33,8.87,1678078800000000000,6498
EBAY,5942220,45.95,44.75,46.095,44.6412,1678078800000000000,68073
EBC,942034,15.86,15.99,16,15.76,1678078800000000000,9843
EBET,401502,0.5124,0.508,0.527399,0.4999,1678078800000000000,1012
EBF,114583,22.15,21.41,22.15,21.29,1678078800000000000,2501
EBIX,678954,17.77,16.71,17.77,16.5,1678078800000000000,9028
EBIZ,9110,18.25,18.12,18.25,18.12,1678078800000000000,52
EBLU,12484,39.653,39.4081,39.7001,39.37,1678078800000000000,48
EBMT,7187,17.49,17.3,17.5128,17.0001,1678078800000000000,122
EBND,235362,20.71,20.7,20.745,20.67,1678078800000000000,899
EBON,16419,7.01,6.9,7.1996,6.89,1678078800000000000,360
EBR,3883658,6.3,6.46,6.47,6.26,1678078800000000000,13846
EBR.B,13578,6.82,6.86,6.86,6.7,1678078800000000000,173
EBS,1483890,11.7,10.98,11.8076,10.89,1678078800000000000,13754
EBTC,26473,35.25,35.46,35.46,35.03,1678078800000000000,745
EC,2040558,11.575,11.65,11.715,11.5,1678078800000000000,13280
ECAT,357587,14.71,14.79,14.86,14.71,1678078800000000000,1795
ECBK,4167,15.67,15.52,15.67,15.34,1678078800000000000,108
ECC,487694,11.7,11.6,11.7,11.36,1678078800000000000,2274
ECCpD,1700,21.3,21.3,21.3099,21.3,1678078800000000000,5
ECCC,1590,21.18,21.15,21.18,21.1,1678078800000000000,23
ECCV,854,22.1442,22.3,22.3,22.1442,1678078800000000000,11
ECCW,1704,23.25,23.48,23.48,23.1601,1678078800000000000,21
ECCX,1413,24.34,24.1585,24.35,24.06,1678078800000000000,20
ECF,42208,8.71,8.68,8.82,8.665,1678078800000000000,334
ECFpA,800,23.01,23.01,23.09,23.01,1678078800000000000,8
ECH,1850830,29.45,29.33,29.47,29.1284,1678078800000000000,9288
ECL,875804,163.43,161,163.72,160.635,1678078800000000000,21813
ECLN,1969,25.15,25.1404,25.16,25.1113,1678078800000000000,16
ECNS,28059,37.37,37.25,37.47,37.19,1678078800000000000,139
ECON,4965,20.44,20.41,20.525,20.37,1678078800000000000,54
ECOR,14049,3.25,3.33,3.35,3.14,1678078800000000000,197
ECOW,101223,19.45,19.29,19.45,19.25,1678078800000000000,91
ECOZ,2,34.2918,34.2918,34.2918,34.2918,1678078800000000000,2
ECPG,280381,53.73,52.06,53.73,50.81,1678078800000000000,7039
ECVT,1485854,11.05,10.77,11.145,10.65,1678078800000000000,14251
ECX,119431,5.39,5.07,5.39,4.52,1678078800000000000,1509
ED,1592110,90.75,91.63,91.81,90.73,1678078800000000000,29121
EDAP,65907,12.65,12.41,12.65,12.36,1678078800000000000,992
EDBL,125524,2.85,2.81,2.9199,2.75,1678078800000000000,519
EDBLW,4725,0.25,0.2999,0.315,0.25,1678078800000000000,46
EDC,75284,32.38,32.08,32.7,31.9878,1678078800000000000,804
EDD,406440,4.57,4.59,4.6,4.56,1678078800000000000,1056
EDEN,6739,103.49,103.1178,103.69,102.83,1678078800000000000,109
EDF,69823,4.94,4.87,5.0183,4.83,1678078800000000000,388
EDI,81970,5.62,5.62,5.67,5.55,1678078800000000000,325
EDIT,1149349,9.05,8.57,9.05,8.4525,1678078800000000000,12536
EDIV,18199,25.8,25.72,25.9262,25.72,1678078800000000000,100
EDN,22402,8.88,8.87,9.0239,8.68,1678078800000000000,199
EDOC,21327,12.09,11.87,12.09,11.87,1678078800000000000,186
EDOG,649,21.88,21.9465,21.95,21.88,1678078800000000000,15
EDOW,17580,29.63,29.59,29.7171,29.5415,1678078800000000000,86
EDR,1204738,24.04,23.64,24.38,23.64,1678078800000000000,15664
EDRY,5930,18.51,18.32,18.51,18.08,1678078800000000000,82
EDSA,51004,1.43,1.47,1.47,1.37,1678078800000000000,497
EDTK,25102,1.44,1.52,1.55,1.38,1678078800000000000,115
EDTXW,26930,0.05455,0.05,0.056,0.05,1678078800000000000,3
EDU,2842150,44.2,43.54,44.32,43.3,1678078800000000000,24569
EDUC,6203,3.75,3.58,3.75,3.58,1678078800000000000,76
EDUT,424,22.6736,22.32,22.6736,22.2101,1678078800000000000,9
EDV,169398,86.92,85.52,86.97,85.45,1678078800000000000,2969
EDZ,92862,12.48,12.58,12.61,12.35,1678078800000000000,601
EE,166077,22.32,22.37,22.44,22.02,1678078800000000000,3912
EEA,4043,8.38,8.58,8.58,8.38,1678078800000000000,14
EEFT,274531,112.21,110.26,112.915,109.77,1678078800000000000,6828
EEIQ,2000,1.51,1.6185,1.75,1.51,1678078800000000000,26
EELV,447123,23.26,23.23,23.32,23.2,1678078800000000000,1045
EEM,25915438,39.51,39.4,39.68,39.39,1678078800000000000,41939
EEMA,23143,66.56,66.25,66.77,66.17,1678078800000000000,131
EEMD,2533,17.79,17.815,17.85,17.79,1678078800000000000,31
EEMO,100,13.6931,13.6931,13.6931,13.6931,1678078800000000000,1
EEMS,8411,51.07,51.15,51.25,51.07,1678078800000000000,85
EEMV,406841,53.97,54,54.22,53.71,1678078800000000000,2448
EEMX,38812,30.07,30.0382,30.2181,30.0382,1678078800000000000,80
EES,32179,47.42,46.23,47.42,46.1279,1678078800000000000,221
EET,6131,51.4009,51.4571,52,51.39,1678078800000000000,37
EEV,5665,21.51,21.6645,21.6645,21.4,1678078800000000000,24
EEX,13312,3.94,3.93,3.94,3.81,1678078800000000000,302
EFA,22286109,70.72,70.7,71,70.62,1678078800000000000,46522
EFAD,2679,36.53,36.4965,36.6256,36.478,1678078800000000000,42
EFAS,3540,14.16,14.1788,14.1999,14.16,1678078800000000000,26
EFAV,231989,65.47,65.565,65.77,65.32,1678078800000000000,1889
EFAX,53184,36.48,36.5461,36.75,36.46,1678078800000000000,176
EFC,651951,12.95,12.8,13,12.765,1678078800000000000,7158
EFCpA,24289,22.55,22.61,22.81,22.26,1678078800000000000,174
EFCpB,4542,20.49,20.3301,20.5,20.3218,1678078800000000000,63
EFCpC,13333,24.26,24.12,24.37,24.1,1678078800000000000,115
EFG,268629,89.95,89.83,90.33,89.82,1678078800000000000,2778
EFHT,38019,10.2399,10.23,10.24,10.2,1678078800000000000,96
EFHTR,44038,0.21,0.21,0.21,0.16,1678078800000000000,149
EFHTW,64777,0.0901,0.075,0.092701,0.05,1678078800000000000,137
EFIV,12167,38.81,38.77,39.03,38.77,1678078800000000000,240
EFIX,3912,15.44,15.44,15.52,15.3301,1678078800000000000,31
EFNL,3110,38.53,38.575,38.79,38.53,1678078800000000000,113
EFO,7740,39.455,39.47,39.75,39.4,1678078800000000000,76
EFOI,34088,0.4948,0.5,0.52,0.472,1678078800000000000,126
EFR,69699,11.97,12.06,12.09,11.97,1678078800000000000,362
EFRA,630,27.81,27.611,27.81,27.5704,1678078800000000000,8
EFSC,120582,55.48,55.65,55.76,55.22,1678078800000000000,3814
EFSCP,2283,19.73,19.6,19.7489,19.5,1678078800000000000,21
EFSH,3182,1.37,1.3776,1.404,1.36,1678078800000000000,74
EFT,54424,11.97,11.97,12.0022,11.97,1678078800000000000,405
EFTR,153465,0.5554,0.555,0.579,0.51,1678078800000000000,347
EFTRW,2380,0.1675,0.16,0.1675,0.16,1678078800000000000,22
EFU,3377,10.38,10.382,10.382,10.3101,1678078800000000000,24
EFV,1664730,49.54,49.51,49.67,49.42,1678078800000000000,9752
EFX,518429,207.51,205.41,209.73,205.38,1678078800000000000,13126
EFXT,59932,6.94,7.05,7.21,6.79,1678078800000000000,488
EFZ,174816,18.7,18.73,18.74,18.645,1678078800000000000,372
EGAN,89242,8,7.82,8,7.81,1678078800000000000,873
EGBN,187162,43.42,42.91,43.62,42.35,1678078800000000000,6166
EGF,87075,9.69,9.72,9.72,9.67,1678078800000000000,49
EGGF,537,10.13,10.12,10.13,10.1,1678078800000000000,7
EGGF.WS,38324,0.19,0.2,0.2035,0.1896,1678078800000000000,41
EGHT,1482278,5.6,5.35,5.6821,5.325,1678078800000000000,11817
EGIO,455998,1.29,1.25,1.3,1.24,1678078800000000000,2844
EGIS,1249,34.52,34.2951,34.52,34.2951,1678078800000000000,25
EGLE,1010871,55.32,53.77,56.5,53.01,1678078800000000000,18834
EGLX,655553,0.6871,0.7469,0.79,0.6573,1678078800000000000,778
EGO,1337627,9.79,9.6,9.88,9.465,1678078800000000000,8147
EGP,142330,167.82,167.18,168.01,166.72,1678078800000000000,6644
EGPT,4784,18.48,18.19,18.48,18.1,1678078800000000000,28
EGRX,163020,27.04,26.08,27.05,25.215,1678078800000000000,3773
EGUS,4,25.6527,25.6527,25.6527,25.6527,1678078800000000000,4
EGY,1499504,5.19,5.02,5.19,4.99,1678078800000000000,10375
EH,581352,12.49,11.75,12.49,11.52,1678078800000000000,5496
EHAB,879782,14.77,14.06,14.775,14.02,1678078800000000000,10257
EHC,1071017,55.24,54.82,55.93,54.73,1678078800000000000,14168
EHI,44299,7.45,7.37,7.4599,7.31,1678078800000000000,187
EHTH,1106627,9.02,9.61,9.61,9,1678078800000000000,10139
EIC,10830,15.29,15.34,15.38,15.19,1678078800000000000,82
EICA,1891,23.4999,23.75,23.78,23.4999,1678078800000000000,19
EIDO,1349070,22.51,22.42,22.62,22.4,1678078800000000000,8677
EIG,116688,43.72,43.35,43.89,42.92,1678078800000000000,4376
EIGR,340424,1.63,1.61,1.63,1.54,1678078800000000000,2753
EIM,100055,10.05,10.04,10.07,10.03,1678078800000000000,394
EINC,3378,63.03,63.0368,63.19,62.95,1678078800000000000,55
EIPX,7553,20.685,20.75,20.76,20.671,1678078800000000000,43
EIRL,3924,54.75,54.58,54.82,54.58,1678078800000000000,93
EIS,7267,56.2,56.03,56.51,56.03,1678078800000000000,111
EIX,2345106,67.36,68.42,68.5,67.3301,1678078800000000000,31098
EJAN,98700,28.11,28.02,28.11,27.925,1678078800000000000,575
EJH,2772935,0.184,0.1835,0.1849,0.1765,1678078800000000000,4475
EJUL,4724,23.38,23.3499,23.385,23.3499,1678078800000000000,23
EKG,241,17.3655,17.095,17.3655,17.095,1678078800000000000,4
EKSO,11631,1.48,1.475,1.55,1.47,1678078800000000000,137
EL,858312,252.24,251.69,254.39,250.6,1678078800000000000,21874
ELA,38180,7.58,7.45,7.65,7.435,1678078800000000000,483
ELAN,5524121,11.06,10.84,11.155,10.755,1678078800000000000,32291
ELBM,41518,1.96,1.91,2.0499,1.91,1678078800000000000,230
ELC,12037,22.03,22.02,22.07,21.96,1678078800000000000,163
ELD,5012,26.1462,26.485,26.66,26.1462,1678078800000000000,81
ELDN,16221,2.39,2.33,2.4,2.3,1678078800000000000,90
ELEV,256416,1.12,1.39,1.44,1.08,1678078800000000000,833
ELF,1548313,74.84,72.08,74.84,71.05,1678078800000000000,25933
ELLO,470,11.4028,12.25,12.25,11.4028,1678078800000000000,9
ELMD,22586,13,13.08,13.389,12.5,1678078800000000000,229
ELME,400598,18.5,18.38,18.53,18.305,1678078800000000000,6688
ELOX,17998,3.28,3.3,3.49,3.2376,1678078800000000000,180
ELP,442122,6.44,6.69,6.705,6.435,1678078800000000000,3255
ELQD,829,79.59,79.44,79.59,79.44,1678078800000000000,10
ELS,546665,68.43,68.02,68.58,67.43,1678078800000000000,10475
ELSE,4516,4.76,4.6999,4.76,4.61,1678078800000000000,50
ELTK,3156,4.25,4.26,4.28,4.08,1678078800000000000,36
ELV,1423733,471.46,472.84,473.75,469.25,1678078800000000000,21586
ELVN,114078,19.35,21.88,23,19.35,1678078800000000000,2094
ELYM,8555,3.47,3.5,3.5,3.41,1678078800000000000,220
ELYS,229660,0.8,0.75,0.8015,0.7328,1678078800000000000,869
EM,80159,1.34,1.4,1.41,1.32,1678078800000000000,364
EMAN,192846,1.1,1.12,1.15,1.1,1678078800000000000,683
EMB,4583140,85.47,84.94,85.49,84.865,1678078800000000000,21593
EMBC,493058,31.68,30.48,31.7,30.23,1678078800000000000,9428
EMBD,67189,21.63,21.48,21.77,21.465,1678078800000000000,1001
EMBK,3712329,2.6501,2.56,2.76,2.51,1678078800000000000,17807
EMBKW,728668,0.027,0.0229,0.027,0.0181,1678078800000000000,599
EMCA,0,26.822,26.822,26.822,26.822,1678078800000000000,0
EMCB,1166,62.5821,62.405,62.76,61.86,1678078800000000000,38
EMCG,7819,10.37,10.38,10.39,10.37,1678078800000000000,23
EMCGR,42400,0.125,0.13,0.13,0.125,1678078800000000000,3
EMCGU,165,10.49,10.49,10.49,10.49,1678078800000000000,4
EMCGW,17370,0.04,0.04,0.04,0.04,1678078800000000000,20
EMCH,0,26.0999,26.0999,26.0999,26.0999,1678078800000000000,0
EMCR,3628,26.73,26.7033,26.76,26.7033,1678078800000000000,22
EMD,211210,9.2,8.97,9.21,8.95,1678078800000000000,1354
EMDM,2,20.135,20.135,20.135,20.135,1678078800000000000,2
EMDV,329,48.52,47.9,48.52,47.9,1678078800000000000,8
EME,261536,168.38,166.49,168.8,165.59,1678078800000000000,8167
EMF,11737,11.74,11.7,11.78,11.66,1678078800000000000,86
EMFM,2365,18.7,18.675,18.81,18.675,1678078800000000000,32
EMFQ,69,21.1668,21.1668,21.1668,21.1668,1678078800000000000,5
EMGC,0,24.6289,24.6289,24.6289,24.6289,1678078800000000000,0
EMGD,1497,18.17,18.095,18.1786,18.09,1678078800000000000,12
EMGF,49975,41.66,41.61,41.81,41.57,1678078800000000000,321
EMHC,5145,23.55,23.4124,23.55,23.4,1678078800000000000,49
EMHY,20742,35.38,35.2,35.38,35.165,1678078800000000000,204
EMIF,4034,21.705,21.49,21.74,21.49,1678078800000000000,50
EMKR,202324,1.38,1.36,1.42,1.36,1678078800000000000,909
EML,916,21.078,21.05,21.078,21.05,1678078800000000000,27
EMLC,1055888,24.58,24.6,24.64,24.565,1678078800000000000,3372
EMLD,3866,10.14,10.14,10.14,10.14,1678078800000000000,9
EMLDU,1001,10.2,10.19,10.2,10.18,1678078800000000000,8
EMLP,186064,27.17,27.12,27.24,27.091,1678078800000000000,1177
EMMF,963,21.6,21.65,21.65,21.5585,1678078800000000000,4
EMN,1217425,87.08,84.03,87.17,83.895,1678078800000000000,23676
EMNT,6772,97.3611,97.36,97.38,97.36,1678078800000000000,48
EMO,17336,30.47,30.3,30.62,30.28,1678078800000000000,195
EMP,5412,22.6,22.68,22.7604,22.575,1678078800000000000,98
EMPW,0,25.2474,25.2474,25.2474,25.2474,1678078800000000000,0
EMQQ,67590,31.84,31.72,32.04,31.58,1678078800000000000,593
EMR,5389936,86.9,87.15,88.41,86.63,1678078800000000000,61101
EMSG,283,24.51,24.385,24.51,24.385,1678078800000000000,3
EMTL,3075,40.43,40.42,40.44,40.411,1678078800000000000,44
EMTY,3459,14.18,14.295,14.31,14.1163,1678078800000000000,35
EMX,74295,1.96,1.99,2.01,1.96,1678078800000000000,214
EMXC,608578,49.42,49.35,49.61,49.31,1678078800000000000,2318
EMXF,2329,35.09,35.11,35.335,35.09,1678078800000000000,75
EMZA,0,25.4255,25.4255,25.4255,25.4255,1678078800000000000,0
ENAV,2278,25.19,25.1025,25.19,25.1025,1678078800000000000,16
ENB,2917818,38.9,38.82,38.95,38.645,1678078800000000000,20663
ENBA,28237,25.14,25.18,25.18,25.0601,1678078800000000000,307
ENER,123430,10.25,10.24,10.25,10.23,1678078800000000000,110
ENERR,1100,0.1499,0.1499,0.1499,0.1499,1678078800000000000,1
ENERW,725700,0.04,0.0441,0.044101,0.04,1678078800000000000,4
ENFN,277736,10.06,10.11,10.19,9.76,1678078800000000000,3518
ENFR,78035,21.67,21.66,21.78,21.65,1678078800000000000,265
ENG,130840,0.71,0.73,0.7679,0.707,1678078800000000000,550
ENIC,321759,2.39,2.37,2.39,2.33,1678078800000000000,1754
ENJ,222,24.1,24.1,24.1,24.1,1678078800000000000,1
ENLC,1539772,11.48,11.61,11.745,11.45,1678078800000000000,10666
ENLT,135341,16.13,16.02,16.49,15.86,1678078800000000000,1675
ENLV,18217,3.88,3.89,3.9399,3.82,1678078800000000000,90
ENO,2481,23.86,23.8,23.88,23.77,1678078800000000000,32
ENOB,85776,1.19,1.16,1.26,1.1,1678078800000000000,773
ENOR,4577,24.64,24.55,24.65,24.49,1678078800000000000,88
ENOV,488785,57.69,57.08,58.5,56.97,1678078800000000000,8020
ENPH,4523836,218.57,225.35,230.44,217.61,1678078800000000000,83110
ENR,489171,37.23,35.34,37.37,35.17,1678078800000000000,10822
ENRG,2122,16.63,16.4572,16.7699,16.4572,1678078800000000000,29
ENS,165389,92.06,90.9,92.19,90.5,1678078800000000000,5554
ENSC,1172910,0.5476,0.5839,0.589,0.525,1678078800000000000,1739
ENSG,379275,90.99,90.27,90.99,89.47,1678078800000000000,9712
ENSV,262580,0.5975,0.6334,0.6336,0.59,1678078800000000000,923
ENTA,146593,47.53,46.93,47.53,45.76,1678078800000000000,4405
ENTFU,5520,10.43,10.43,10.43,10.43,1678078800000000000,9
ENTFW,303575,0.0475,0.055,0.055472,0.0475,1678078800000000000,143
ENTG,1183929,87.3,84.7,88.335,84.29,1678078800000000000,22506
ENTR,449,10.642,10.642,10.642,10.642,1678078800000000000,27
ENTX,6727479,1.13,1.44,1.48,1.06,1678078800000000000,25828
ENTXW,19053,0.0337,0.074,0.0833,0.0337,1678078800000000000,45
ENV,330036,61.64,61.54,62.47,61.09,1678078800000000000,6555
ENVA,308129,50.48,48.55,50.6799,48.19,1678078800000000000,5884
ENVB,7471,1.9,1.84,1.9201,1.84,1678078800000000000,136
ENVX,4067287,9.79,9.87,10.35,9.71,1678078800000000000,30690
ENX,43589,9.15,9.16,9.18,9.1,1678078800000000000,286
ENZ,48926,1.15,1.16,1.17,1.1,1678078800000000000,236
ENZL,20747,49.26,49.11,49.39,49.07,1678078800000000000,295
EOCT,2047,23.07,23.0397,23.07,23.01,1678078800000000000,10
EOCW,102021,10.2,10.19,10.2,10.18,1678078800000000000,28
EOD,72060,4.79,4.8,4.8426,4.78,1678078800000000000,255
EOG,3871428,121,120.91,121.52,118.915,1678078800000000000,70713
EOI,93888,15.91,15.72,15.95,15.7,1678078800000000000,651
EOLS,307211,9.25,9.2,9.41,9.01,1678078800000000000,4216
EOS,200923,16.51,16.3,16.51,16.25,1678078800000000000,1209
EOSE,2670417,1.88,1.91,2.03,1.87,1678078800000000000,7369
EOSEW,13017,0.35,0.35,0.4477,0.35,1678078800000000000,25
EOT,24527,17.7,17.7,17.77,17.5001,1678078800000000000,212
EP,18539,12.22,11.97,12.51,11.55,1678078800000000000,470
EPpC,2057,46.15,46.0107,46.15,45.975,1678078800000000000,33
EPAC,480409,28.31,27.72,28.41,27.4,1678078800000000000,7278
EPAM,313778,307.87,310.34,315.32,306.26,1678078800000000000,16101
EPC,365161,43.85,42.65,43.97,42.04,1678078800000000000,8064
EPD,2685520,26.09,26.23,26.365,26.07,1678078800000000000,18077
EPHE,215759,27.01,26.92,27.11,26.885,1678078800000000000,1640
EPI,237523,32.5,32.44,32.55,32.405,1678078800000000000,1802
EPIX,54920,3.17,2.96,3.21,2.93,1678078800000000000,559
EPM,197454,6.78,6.61,6.78,6.5,1678078800000000000,2450
EPOL,271523,16.05,16.2,16.3,16.03,1678078800000000000,1619
EPOW,23533,3.21,3.12,3.2708,3,1678078800000000000,135
EPP,174934,44.25,44.23,44.37,44.145,1678078800000000000,1908
EPR,360447,41.39,40.93,41.515,40.92,1678078800000000000,6892
EPRpC,4076,19.17,19.2009,19.3,19.14,1678078800000000000,50
EPRpE,18250,28.02,28.46,28.63,27.9,1678078800000000000,127
EPRpG,5324,19.32,19.1699,19.32,19.09,1678078800000000000,61
EPRF,26189,19.38,19.49,19.68,19.32,1678078800000000000,173
EPRT,1154131,26.16,25.77,26.27,25.59,1678078800000000000,13746
EPS,30405,43.87,43.87,44.085,43.81,1678078800000000000,166
EPSN,107064,5.91,5.81,5.9388,5.7713,1678078800000000000,1061
EPU,20433,30.2,30.15,30.3499,30.09,1678078800000000000,120
EPV,148550,10.64,10.62,10.64,10.52,1678078800000000000,686
EQ,130981,0.8938,0.92,0.96,0.81,1678078800000000000,409
EQAL,34020,42.86,42.46,42.9199,42.385,1678078800000000000,211
EQBK,93360,29.47,29.71,29.81,29.25,1678078800000000000,2448
EQC,1689510,20.56,20.52,20.62,20.415,1678078800000000000,15776
EQCpD,11337,24.98,25.25,25.31,24.98,1678078800000000000,222
EQH,2322013,32.11,31.6,32.26,31.485,1678078800000000000,20577
EQHpA,54127,21.64,21.56,21.81,21.3907,1678078800000000000,772
EQHpC,28501,18.88,18.69,18.88,18.6,1678078800000000000,335
EQIX,177990,702.5,699.43,707.92,698.34,1678078800000000000,9939
EQL,16250,100.61,99.9502,100.61,99.88,1678078800000000000,71
EQNR,2024551,30.95,30.99,31.13,30.76,1678078800000000000,18888
EQOP,0,28.1647,28.1647,28.1647,28.1647,1678078800000000000,0
EQR,1226035,62.98,62.7,63.38,62.48,1678078800000000000,22683
EQRR,24218,54.9391,54.56,54.99,54.5403,1678078800000000000,88
EQRX,1169267,2.3,2.2,2.31,2.18,1678078800000000000,7848
EQRXW,3864,0.2295,0.2203,0.2316,0.21,1678078800000000000,71
EQS,107,1.59,1.59,1.59,1.59,1678078800000000000,3
EQT,6854067,33.22,32.95,33.5318,32.5,1678078800000000000,68335
EQTY,57743,17.31,17.2169,17.35,17.2169,1678078800000000000,156
EQUL,0,22.4339,22.4339,22.4339,22.4339,1678078800000000000,0
EQWL,14280,78.8,78.5015,78.96,78.4501,1678078800000000000,105
EQX,1036662,3.81,3.75,3.87,3.73,1678078800000000000,5342
ERAS,877228,3.56,3.45,3.58,3.4,1678078800000000000,8302
ERC,38290,9.91,9.89,9.95,9.85,1678078800000000000,258
ERES,7709,10.19,10.19,10.19,10.185,1678078800000000000,21
ERET,477,25.7,25.7193,25.7193,25.6999,1678078800000000000,5
ERF,1429995,16.3,16.18,16.385,16.12,1678078800000000000,11770
ERH,15116,10.58,10.67,10.7,10.58,1678078800000000000,111
ERIC,4174379,5.67,5.62,5.69,5.62,1678078800000000000,12177
ERIE,117766,235.42,239.79,239.98,235.22,1678078800000000000,4222
ERII,629619,23.34,23.89,24,23.1954,1678078800000000000,9441
ERJ,1245821,13.84,13.87,14.05,13.78,1678078800000000000,9810
ERM,343,22.53,22.51,22.53,22.51,1678078800000000000,4
ERNA,2410,3.82,3.66,3.82,3.6594,1678078800000000000,107
ERO,121276,18.03,18.1,18.27,17.675,1678078800000000000,1233
ERSX,33,12.8559,12.8559,12.8559,12.8559,1678078800000000000,5
ERTH,13062,50.59,50.5794,50.9072,50.5794,1678078800000000000,138
ERX,1176032,63.91,64.89,65.04,63.54,1678078800000000000,11592
ERY,433340,29.28,28.87,29.43,28.77,1678078800000000000,3848
ERYP,1875,0.8001,0.8001,0.86875,0.8001,1678078800000000000,17
ES,1768310,75.56,75.69,75.91,74.96,1678078800000000000,28405
ESAB,346619,60.28,59.49,61.8,59.49,1678078800000000000,5573
ESAC,462,10.45,10.46,10.46,10.45,1678078800000000000,5
ESACW,1100,0.06,0.06,0.06,0.06,1678078800000000000,8
ESBA,15034,7.64,7.85,7.85,7.48,1678078800000000000,106
ESCA,5020,12.8857,12.79,12.94,12.77,1678078800000000000,170
ESCR,4,18,18,18,18,1678078800000000000,1
ESE,110616,94.6,91.41,94.88,90.76,1678078800000000000,3805
ESEA,126202,20.16,19.78,20.4,19.61,1678078800000000000,800
ESEB,658,16.6,16.49,16.6,16.49,1678078800000000000,8
ESG,540,98.24,97.9,98.242,97.9,1678078800000000000,42
ESGA,1023,51.12,50.8263,51.15,50.8263,1678078800000000000,16
ESGB,300,20.79,20.73,20.79,20.73,1678078800000000000,3
ESGD,297979,70.99,71.04,71.29,70.94,1678078800000000000,2478
ESGE,1003091,31.35,31.35,31.54,31.31,1678078800000000000,4516
ESGG,3962,129.6,129.7193,130.47,129.45,1678078800000000000,43
ESGN,1475,26.1985,26.2169,26.2724,26.1985,1678078800000000000,4
ESGR,39639,245.56,237.8,245.56,236.15,1678078800000000000,2173
ESGRO,10520,24.2,24.3699,24.37,24.2,1678078800000000000,108
ESGRP,14800,23.54,23.55,23.71,23.45,1678078800000000000,164
ESGS,16681,38.125,38.094,38.3,38.04,1678078800000000000,36
ESGU,601914,89.87,89.62,90.35,89.55,1678078800000000000,4987
ESGV,160651,71,70.76,71.47,70.7001,1678078800000000000,1995
ESGY,8,35.0872,35.0872,35.0872,35.0872,1678078800000000000,2
ESHY,546,18.0392,18.02,18.0392,18.02,1678078800000000000,2
ESI,1060275,21.11,20.56,21.13,20.55,1678078800000000000,9731
ESIX,100,27,27.0582,27.0582,27,1678078800000000000,1
ESLT,25711,171.31,175.78,177.33,171.31,1678078800000000000,1163
ESM,2002,10.21,10.205,10.21,10.205,1678078800000000000,15
ESM.U,300,10.19,10.19,10.19,10.19,1678078800000000000,1
ESML,59132,36.43,35.94,36.4587,35.85,1678078800000000000,545
ESMT,686925,19.74,19.74,19.98,19.47,1678078800000000000,9755
ESMV,1478,22.8598,22.7656,22.8598,22.7656,1678078800000000000,1
ESNT,549197,43.85,43.67,44.66,43.49,1678078800000000000,7717
ESOA,2993,2.48,2.41,2.48,2.38,1678078800000000000,96
ESP,8374,20,19.61,20,19.61,1678078800000000000,115
ESPO,47047,48.69,48.42,49.08,48.26,1678078800000000000,605
ESPR,15194769,5.31,5.075,5.56,4.8302,1678078800000000000,84633
ESQ,26428,45.11,44.31,45.29,44,1678078800000000000,1019
ESRT,1265706,7.77,7.92,7.97,7.72,1678078800000000000,8713
ESS,327545,233.5,234.66,236.16,233.25,1678078800000000000,12488
ESSA,11010,19,18.95,19,18.74,1678078800000000000,266
ESTA,137182,73.7,74.47,75.9,73.69,1678078800000000000,2829
ESTC,1586047,64.34,62.36,66.5,61.75,1678078800000000000,24418
ESTE,1272648,14.92,14.62,15.072,14.61,1678078800000000000,11179
ESUS,1,17.9156,17.9156,17.9156,17.9156,1678078800000000000,1
ET,9808972,13.06,13.2,13.25,12.96,1678078800000000000,33645
ETpC,64507,24.42,24.55,24.6,24.4,1678078800000000000,394
ETpD,12511,24.57,24.585,24.6,24.38,1678078800000000000,166
ETpE,14330,24.55,24.6161,24.62,24.37,1678078800000000000,106
ETAO,2610444,1.95,2.44,3.1156,1.94,1678078800000000000,10865
ETB,54047,13.39,13.37,13.43,13.37,1678078800000000000,402
ETD,276718,29.6,29.04,29.6,28.69,1678078800000000000,8310
ETG,82346,16.26,16.18,16.35,16.16,1678078800000000000,547
ETHO,5000,53.49,53.0824,53.76,53,1678078800000000000,63
ETIp,6390,25.01,24.94,25.095,24.81,1678078800000000000,47
ETJ,91083,7.9,7.86,7.9291,7.86,1678078800000000000,642
ETN,1370264,177.72,177.15,178.75,176.84,1678078800000000000,27531
ETNB,746396,14.24,14.05,14.47,13.66,1678078800000000000,8143
ETO,37196,22.37,22.37,22.5,22.2,1678078800000000000,376
ETON,24102,3.93,3.88,3.935,3.8229,1678078800000000000,201
ETR,1116960,105.27,105.81,106.4604,105.1,1678078800000000000,15239
ETRN,4830260,6.19,6.05,6.2,6.04,1678078800000000000,21632
ETSY,2821917,122.05,118.78,122.41,118.58,1678078800000000000,43401
ETV,167424,13.14,13.14,13.27,13.14,1678078800000000000,856
ETW,198575,8.08,8.09,8.13,8.07,1678078800000000000,986
ETWO,1227851,6.22,5.91,6.25,5.88,1678078800000000000,8857
ETWO.WS,304,0.84,0.82,0.84,0.82,1678078800000000000,6
ETX,53392,17.87,18.04,18.04,17.87,1678078800000000000,221
ETY,154698,11.93,11.9,12.06,11.89,1678078800000000000,881
EU,253532,2.28,2.2,2.29,2.18,1678078800000000000,1089
EUCR,1186,10.09,10.1,10.1,10.09,1678078800000000000,8
EUCRW,23508,0.2353,0.086,0.248,0.0852,1678078800000000000,194
EUDA,280127,1.42,1.95,1.95,1.31,1678078800000000000,1342
EUDAW,36067,0.1344,0.1214,0.15,0.1116,1678078800000000000,116
EUDG,8765,29.19,29.1902,29.28,29.18,1678078800000000000,39
EUDV,25,43.0502,43.0502,43.0502,43.0502,1678078800000000000,3
EUFN,476390,20.15,20.21,20.27,20.08,1678078800000000000,2427
EUM,34812,14.73,14.77,14.78,14.675,1678078800000000000,91
EUO,84333,29.95,29.89,29.985,29.78,1678078800000000000,531
EURL,19505,21.65,21.78,21.8778,21.5801,1678078800000000000,119
EURN,1078641,18.55,18.5,18.63,18.29,1678078800000000000,9611
EUSA,95250,77.81,77.4278,78.1594,77.39,1678078800000000000,83
EUSB,26583,42.12,42.11,42.27,42.09,1678078800000000000,206
EUSC,5490,35.455,35.3867,35.49,35.3867,1678078800000000000,46
EVA,822909,39.49,37.68,39.81,37.4883,1678078800000000000,14835
EVAV,22250,7.97,7.45,7.97,7.43,1678078800000000000,219
EVAX,179215,1.32,1.22,1.35,1.18,1678078800000000000,784
EVBG,457587,35.17,34.77,35.5,34.65,1678078800000000000,8621
EVBN,10757,38.68,38.5,38.68,38.23,1678078800000000000,479
EVC,374448,6.76,6.75,6.86,6.7,1678078800000000000,3751
EVCM,182630,9.92,9.96,10.01,9.1201,1678078800000000000,3682
EVE,2590,10.4284,10.43,10.43,10.4003,1678078800000000000,36
EVEN,1263,21.09,20.8145,21.15,20.8145,1678078800000000000,16
EVER,300804,13.96,13.72,14.22,13.63,1678078800000000000,4432
EVEX,76133,6.45,6.5,6.6,6.25,1678078800000000000,659
EVEX.WS,1687,0.2841,0.2841,0.2915,0.2841,1678078800000000000,12
EVF,204821,5.68,5.6946,5.73,5.67,1678078800000000000,457
EVG,40490,10.42,10.37,10.52,10.37,1678078800000000000,362
EVGN,99123,0.75,0.7501,0.787,0.75,1678078800000000000,203
EVGO,1217408,6.39,6.32,6.58,6.2,1678078800000000000,11625
EVGOW,62852,0.8,0.799203,0.83,0.7202,1678078800000000000,80
EVGRU,560,10.46,10.46,10.46,10.46,1678078800000000000,3
EVGRW,25301,0.0275,0.0275,0.0275,0.0275,1678078800000000000,8
EVH,1481637,35.19,34.58,35.66,33.95,1678078800000000000,14489
EVI,6843,19.7,20,20.11,19.7,1678078800000000000,500
EVLO,75774,0.5579,0.5567,0.572,0.53,1678078800000000000,453
EVLV,816936,3.06,2.88,3.14,2.84,1678078800000000000,5769
EVLVW,15002,0.5,0.4892,0.5001,0.44,1678078800000000000,43
EVM,40595,8.78,8.72,8.78,8.715,1678078800000000000,292
EVMT,120,23.255,23.255,23.255,23.255,1678078800000000000,5
EVN,74121,10.1,10.02,10.12,10.01,1678078800000000000,335
EVNT,10,9.41,9.41,9.41,9.41,1678078800000000000,1
EVO,5547,9.23,9.37,9.395,9.23,1678078800000000000,98
EVOK,6800,2.88,2.84,2.9,2.76,1678078800000000000,99
EVOP,507371,33.87,33.82,33.87,33.81,1678078800000000000,3277
EVR,471439,132,130.21,133.37,129.51,1678078800000000000,10503
EVRG,1267389,59.53,59.22,59.84,58.95,1678078800000000000,19514
EVRI,750725,18.875,18.75,19,18.675,1678078800000000000,9530
EVT,61302,23.82,23.64,23.86,23.62,1678078800000000000,370
EVTC,332863,37.43,36.39,37.48,36.281,1678078800000000000,7424
EVTL,218926,1.89,1.93,1.94,1.87,1678078800000000000,1459
EVTL.WS,365,0.23,0.23,0.23,0.23,1678078800000000000,2
EVTV,4371,3.67,3.64,3.69,3.635,1678078800000000000,97
EVUS,106,24.68,24.7065,24.7065,24.68,1678078800000000000,4
EVV,231472,10.25,10.24,10.32,10.2101,1678078800000000000,1068
EVX,1001,145.33,144.2464,145.87,144.2464,1678078800000000000,98
EW,4338407,81.27,78.8,81.34,78.585,1678078800000000000,58558
EWA,1652961,23.28,23.25,23.34,23.19,1678078800000000000,7773
EWBC,661502,75.26,74.55,75.855,74.485,1678078800000000000,13095
EWC,2277726,34.75,34.66,34.83,34.5944,1678078800000000000,9510
EWCO,14835,27.38,27.0546,27.43,27.035,1678078800000000000,121
EWCZ,295475,18.83,18.55,19.06,18.37,1678078800000000000,4034
EWD,112321,35.96,35.91,36.075,35.84,1678078800000000000,1290
EWEB,85,22.92,22.92,22.92,22.92,1678078800000000000,9
EWG,1527260,28.07,28.09,28.2,28.06,1678078800000000000,4984
EWGS,794,63.44,62.715,63.44,62.715,1678078800000000000,16
EWH,3294215,21.13,21.13,21.2,21.09,1678078800000000000,6741
EWI,148797,30.83,30.85,30.96,30.79,1678078800000000000,1076
EWJ,5134761,57.39,57.38,57.565,57.27,1678078800000000000,24492
EWJV,5434,25.8,25.6747,25.8,25.6747,1678078800000000000,55
EWK,6327,18.74,18.75,18.78,18.6945,1678078800000000000,54
EWL,417773,43.94,43.98,44.12,43.91,1678078800000000000,2921
EWM,504200,21.91,21.92,21.985,21.85,1678078800000000000,2925
EWMC,9844,92.04,90.9044,92.13,90.875,1678078800000000000,79
EWN,34963,41.53,41.47,41.76,41.43,1678078800000000000,448
EWO,11567,21.69,21.7151,21.7999,21.6302,1678078800000000000,104
EWP,126019,27.82,27.92,27.97,27.79,1678078800000000000,996
EWQ,250118,37.34,37.35,37.51,37.305,1678078800000000000,1899
EWRE,11419,32.43,32.24,32.5,32.2,1678078800000000000,129
EWS,515440,19.11,19.11,19.2,19.055,1678078800000000000,2168
EWSC,3397,76.35,74.6791,76.35,74.63,1678078800000000000,27
EWT,1556453,44.88,44.72,45.05,44.69,1678078800000000000,8181
EWTX,115030,9.48,8.8,9.48,8.75,1678078800000000000,1785
EWU,749979,32.4,32.51,32.61,32.38,1678078800000000000,4282
EWUS,2640,33.185,33.13,33.3,33.11,1678078800000000000,23
EWV,14703,15.855,15.8921,15.93,15.8,1678078800000000000,66
EWW,2970461,60.24,59.8,60.4,59.8,1678078800000000000,13805
EWX,38213,51.49,51.52,51.6899,51.42,1678078800000000000,346
EWY,5455098,60.9,60.73,61.07,60.64,1678078800000000000,31725
EWZ,23615798,27.05,27.68,27.76,26.98,1678078800000000000,62456
EWZS,64973,11.39,11.76,11.76,11.35,1678078800000000000,282
EXAI,195741,6.63,6.58,6.7,6.2824,1678078800000000000,1235
EXAS,3047810,68,67.03,69.455,66.53,1678078800000000000,42077
EXC,6483404,41.45,41.49,41.63,41.03,1678078800000000000,58329
EXD,11113,9.88,9.88,9.94,9.84,1678078800000000000,45
EXEL,1971164,17.05,16.47,17.08,16.46,1678078800000000000,17082
EXFY,275046,8.94,8.97,9,8.5763,1678078800000000000,4691
EXG,383880,7.76,7.77,7.81,7.76,1678078800000000000,1575
EXI,5683,114.72,114.67,115.06,114.44,1678078800000000000,197
EXK,1872579,3.07,3.01,3.09,2.99,1678078800000000000,4661
EXLS,148529,165.15,167.07,167.73,162.1371,1678078800000000000,5620
EXP,589948,147.43,145.25,147.43,144.42,1678078800000000000,8264
EXPD,1647596,109.17,109.8,111.3,108.87,1678078800000000000,28874
EXPE,1865539,107.57,108.55,110.09,107.56,1678078800000000000,34483
EXPI,880724,12.41,12,12.52,11.9,1678078800000000000,11148
EXPO,179061,105.19,104.44,105.85,103.1,1678078800000000000,6842
EXPR,1673596,1.04,0.9895,1.055,0.9801,1678078800000000000,4357
EXR,641748,169.66,167.27,169.66,166.695,1678078800000000000,14161
EXTR,2027902,18.34,17.83,18.58,17.7,1678078800000000000,22865
EYE,1888042,22.51,22.36,22.87,22.23,1678078800000000000,28681
EYEN,94985,3.22,3.12,3.22,3.07,1678078800000000000,568
EYLD,87538,29.7,29.46,29.8599,29.43,1678078800000000000,326
EYPT,233181,3.3,3.24,3.38,3.19,1678078800000000000,2517
EZA,83936,41.96,41.9,42.15,41.82,1678078800000000000,1090
EZFL,24334,0.4126,0.399191,0.4126,0.38,1678078800000000000,112
EZGO,42621,1.41,1.32,1.43,1.3,1678078800000000000,143
EZJ,190,30.6086,30.6086,30.6086,30.6086,1678078800000000000,22
EZM,56349,53.97,53.2321,54.005,53.16,1678078800000000000,170
EZPW,404401,9.1,8.88,9.1,8.765,1678078800000000000,5557
EZU,2269889,44.67,44.63,44.825,44.5707,1678078800000000000,13506
F,50403244,13.08,12.98,13.18,12.93,1678078800000000000,123009
FpB,59549,24.2,24.33,24.48,24.15,1678078800000000000,696
FpC,35005,24.1,24.11,24.2,24.0711,1678078800000000000,505
FpD,93773,24.48,24.35,24.48,24.29,1678078800000000000,587
FA,353782,13.88,13.78,14.02,13.75,1678078800000000000,4798
FAAR,33957,30.29,30.35,30.36,30.1601,1678078800000000000,204
FAB,13618,74.94,73.98,74.94,73.8101,1678078800000000000,88
FACT,301,10.26,10.26,10.26,10.26,1678078800000000000,4
FAD,2505,101.49,100.6,101.49,100.48,1678078800000000000,61
FAF,852368,54.72,54.09,55.17,53.87,1678078800000000000,14230
FAIL,60,19.375,19.375,19.375,19.375,1678078800000000000,4
FALN,487203,25.11,25.04,25.11,25.02,1678078800000000000,2212
FAM,201796,5.85,5.82,5.8744,5.76,1678078800000000000,413
FAMI,263487,0.5,0.49,0.51,0.472,1678078800000000000,487
FAN,68241,17.69,17.66,17.72,17.61,1678078800000000000,758
FANG,2239365,145,143.55,145.4277,143.2,1678078800000000000,44566
FANH,17956,8.29,8.3,8.37,8.14,1678078800000000000,786
FAPR,7427,30.595,30.57,30.595,30.51,1678078800000000000,35
FARM,46381,4.32,4.26,4.34,4.24,1678078800000000000,344
FARO,127334,27.28,26.59,27.65,26.48,1678078800000000000,3609
FAS,542731,83.53,83.35,84.95,82.73,1678078800000000000,5587
FAST,3384333,53.88,53.36,54.27,53.29,1678078800000000000,36517
FAT,19719,7.52,7.79,7.9,7.27,1678078800000000000,195
FATBB,2062,6.26,6.3262,6.35,6.26,1678078800000000000,83
FATBP,6141,16.7268,16.65,16.97,16.65,1678078800000000000,123
FATBW,700,4.4,4.4,4.4,4.4,1678078800000000000,9
FATE,2320567,6.18,5.82,6.25,5.785,1678078800000000000,16066
FATH,90526,1.19,1.18,1.23,1.1791,1678078800000000000,674
FATH.WS,1493,0.0862,0.0889,0.0998,0.0862,1678078800000000000,10
FATP,200,10.415,10.415,10.415,10.415,1678078800000000000,2
FATPW,79280,0.082,0.0792,0.082,0.070201,1678078800000000000,30
FAUG,4300,36.2,36.1263,36.28,36.09,1678078800000000000,29
FAX,1003539,2.75,2.74,2.76,2.72,1678078800000000000,1875
FAZ,1523146,16.65,16.67,16.81,16.36,1678078800000000000,5399
FAZE,115677,0.61,0.5922,0.62,0.591,1678078800000000000,649
FAZEW,11987,0.0799,0.08365,0.08365,0.0765,1678078800000000000,28
FBCG,64866,24.33,24.13,24.54,24.1,1678078800000000000,377
FBCV,12627,28.04,28.01,28.17,27.9811,1678078800000000000,174
FBGX,32,445.7421,445.7421,445.7421,445.7421,1678078800000000000,8
FBIN,1187427,62.59,60.8,62.785,60.39,1678078800000000000,14953
FBIO,783993,0.78,0.81,0.81,0.7504,1678078800000000000,1711
FBIOP,5605,19.69,19.9899,19.9899,19.69,1678078800000000000,63
FBIZ,25464,36.08,35.54,36.5377,35.5,1678078800000000000,737
FBK,131925,36.73,36.15,36.94,35.89,1678078800000000000,3559
FBL,3041,50.6165,49.12,50.6165,49.12,1678078800000000000,62
FBMS,248528,31.23,31.42,31.51,31.19,1678078800000000000,4896
FBNC,370543,41.71,41.34,41.9,40.965,1678078800000000000,6227
FBND,994546,45.33,45.12,45.33,45.09,1678078800000000000,2507
FBP,1198481,14.2,14.09,14.29,14.02,1678078800000000000,11121
FBRT,339973,13.47,13.21,13.57,13.02,1678078800000000000,4857
FBRTpE,14611,20.6,20.41,20.9,20.41,1678078800000000000,144
FBRX,13951,1.02,1.03,1.05,1.02,1678078800000000000,127
FBT,27005,158.09,156.45,158.12,155.92,1678078800000000000,511
FBZ,5800,10.47,10.58,10.6,10.38,1678078800000000000,17
FC,58202,47.69,47.28,47.99,47.1,1678078800000000000,1834
FCA,3737,23.15,23.02,23.15,22.65,1678078800000000000,29
FCAL,4550,48.6,48.64,48.64,48.4956,1678078800000000000,27
FCBC,26284,30.49,30.4,30.54,30.02,1678078800000000000,668
FCCO,3376,19.724,19.62,20.15,19.62,1678078800000000000,62
FCEF,7302,20.21,20.06,20.21,20.0361,1678078800000000000,47
FCEL,6475058,3.54,3.41,3.6,3.37,1678078800000000000,19637
FCF,1389917,15.85,15.16,15.885,15.02,1678078800000000000,14420
FCFS,157656,90.06,89.08,90.32,88.65,1678078800000000000,4998
FCG,483254,24.31,24.16,24.32,24.03,1678078800000000000,2667
FCLD,12579,17.18,17.08,17.4004,17.08,1678078800000000000,127
FCN,171430,183.8,182.75,184.7,182.35,1678078800000000000,5199
FCNCA,76166,699.23,702.71,708.56,699.23,1678078800000000000,4864
FCNCO,15015,21.94,21.79,22.03,21.71,1678078800000000000,179
FCNCP,8291,21.6501,22.04,22.18,21.6501,1678078800000000000,139
FCO,30610,5.62,5.52,5.62,5.51,1678078800000000000,202
FCOM,51569,35.25,35.05,35.56,35.05,1678078800000000000,477
FCOR,18190,45.49,45.25,45.57,45.25,1678078800000000000,143
FCPI,19217,31.92,31.85,31.94,31.785,1678078800000000000,186
FCPT,406228,27.79,27.38,27.97,27.25,1678078800000000000,6562
FCRD,29270,4.84,4.85,4.87,4.8,1678078800000000000,175
FCRX,9151,23.47,23.6,23.7,22.91,1678078800000000000,83
FCSH,0,23.18,23.18,23.18,23.18,1678078800000000000,0
FCT,612455,9.89,9.98,10,9.8601,1678078800000000000,491
FCTR,8139,28.65,28.29,28.6802,28.29,1678078800000000000,60
FCUS,712,22.17,22.0095,22.17,22.0095,1678078800000000000,6
FCUV,19557,5.39,5.37,5.485,5.08,1678078800000000000,422
FCVT,23580,32.57,32.38,32.6,32.38,1678078800000000000,182
FCX,8639290,43.02,42.73,43.375,42.6,1678078800000000000,81880
FDBC,4304,48.57,48,48.83,47.59,1678078800000000000,407
FDD,318117,12.52,12.52,12.57,12.5,1678078800000000000,404
FDEC,11904,33.34,33.29,33.399,33.2406,1678078800000000000,52
FDEM,5068,22.01,22.2873,22.46,22.01,1678078800000000000,28
FDEU,32597,12.03,12.04,12.07,12.01,1678078800000000000,187
FDEV,7040,25.4,25.2211,25.4,25.12,1678078800000000000,27
FDG,1865,56.8601,56.5605,56.8601,56.5605,1678078800000000000,24
FDHT,1972,19.89,19.7466,19.94,19.7466,1678078800000000000,47
FDHY,18409,46.61,46.55,46.66,46.5,1678078800000000000,206
FDIG,9545,14.72,14.4642,15.05,14.4642,1678078800000000000,204
FDIS,38208,64.63,64.05,64.9,63.98,1678078800000000000,629
FDL,1011925,36.95,36.94,37.03,36.84,1678078800000000000,2634
FDLO,23458,46.61,46.64,46.88,46.56,1678078800000000000,203
FDLS,1324,26,26.4573,26.79,26,1678078800000000000,25
FDM,3208,60.43,58.9722,60.43,58.79,1678078800000000000,49
FDMO,4721,44.48,44.4503,44.57,44.38,1678078800000000000,48
FDMT,345946,18.88,17.17,18.88,16.76,1678078800000000000,5799
FDN,337767,141.72,140.51,143.56,140.49,1678078800000000000,5081
FDNI,8580,24.3,23.635,24.83,23.4,1678078800000000000,43
FDP,229419,32.06,31.59,32.06,31.21,1678078800000000000,5156
FDRR,48401,41.08,41.03,41.22,40.95,1678078800000000000,416
FDRV,25195,19.3,18.7236,19.3,18.68,1678078800000000000,292
FDS,227710,421.36,418.32,425.475,416.92,1678078800000000000,10466
FDT,19643,51.79,51.7,51.89,51.55,1678078800000000000,227
FDTS,231,40.4932,40.5,40.5,40.4932,1678078800000000000,6
FDUS,135599,20.93,20.52,21.2,20.52,1678078800000000000,1303
FDV,11332,25.1554,25.0908,25.1554,25.0437,1678078800000000000,73
FDVV,115550,39.1,39.03,39.21,39.0042,1678078800000000000,1213
FDWM,1078,18.25,18.0931,18.25,18.0931,1678078800000000000,21
FDX,2136360,209.6,210.13,211.89,209.35,1678078800000000000,45940
FE,3059044,39.76,39.98,40.09,39.67,1678078800000000000,29119
FEAM,221378,7.57,7.83,8,7.57,1678078800000000000,3999
FEBT,14627,25.0353,24.9551,25.1099,24.9551,1678078800000000000,43
FEBW,22306,25.13,25.05,25.13,24.94,1678078800000000000,104
FEBZ,0,28.7287,28.7287,28.7287,28.7287,1678078800000000000,0
FEDL,2,29.4079,29.4079,29.4079,29.4079,1678078800000000000,2
FEDM,626,45.2,45.1047,45.2,45.076,1678078800000000000,6
FEDU,10476,10,8.8,10,8.75,1678078800000000000,133
FEEM,0,44.9446,44.9446,44.9446,44.9446,1678078800000000000,0
FEHY,2,41.3878,41.3878,41.3878,41.3878,1678078800000000000,2
FEI,78435,7.98,8.02,8.09,7.98,1678078800000000000,355
FEIG,200,40.37,40.1948,40.37,40.1948,1678078800000000000,2
FEIM,5142,6.488,6.4,6.5,6.3672,1678078800000000000,59
FELE,181607,96.66,94.58,96.66,94.04,1678078800000000000,7479
FEM,31184,21.97,22,22.07,21.897,1678078800000000000,225
FEMB,7487,26.72,26.72,26.99,26.66,1678078800000000000,71
FEMS,191695,38.88,39.05,39.32,38.686,1678078800000000000,1070
FEMY,8207,1.1684,1.14,1.19,1.0519,1678078800000000000,43
FEN,51777,13.82,13.84,13.9199,13.82,1678078800000000000,303
FENC,47855,9,9.16,9.245,9,1678078800000000000,706
FENG,8984,2.18,2.14,2.18,2.13,1678078800000000000,82
FENY,396302,23.79,23.86,23.89,23.64,1678078800000000000,1897
FEP,70517,35.91,35.88,36.0299,35.81,1678078800000000000,248
FERG,2121124,143.2,143.58,145.1914,142.47,1678078800000000000,35766
FET,66528,31.02,30.79,31.02,30.2,1678078800000000000,1931
FEUS,4,46.1687,46.1687,46.1687,46.1687,1678078800000000000,2
FEUZ,17533,40.35,40.54,40.74,40.35,1678078800000000000,85
FEX,66866,83.93,83.52,84.09,83.38,1678078800000000000,375
FEXD,213,10.46,10.46,10.46,10.46,1678078800000000000,6
FEXDR,5930,0.242,0.142,0.242,0.101,1678078800000000000,61
FEZ,1164164,44.048,44,44.235,43.96,1678078800000000000,6504
FF,245855,8.88,8.55,8.9575,8.47,1678078800000000000,3557
FFA,27442,16.96,16.98,17.09,16.945,1678078800000000000,154
FFBC,395241,24.56,24.03,24.63,23.89,1678078800000000000,7884
FFC,62944,15.99,15.95,16.03,15.95,1678078800000000000,313
FFEB,37382,36.985,36.91,37.1,36.89,1678078800000000000,192
FFHG,9558,32.6409,32.58,32.6409,32.5,1678078800000000000,42
FFIC,143574,19.36,18.79,19.4,18.75,1678078800000000000,3410
FFIE,50106676,0.581,0.59,0.618,0.5467,1678078800000000000,55022
FFIEW,30449,0.136,0.1212,0.136,0.12,1678078800000000000,52
FFIN,246737,36.4,35.83,36.56,35.72,1678078800000000000,5892
FFIU,113,21.54,21.54,21.54,21.54,1678078800000000000,9
FFIV,338483,146.26,145.17,147.86,144.91,1678078800000000000,12380
FFND,6019,17.63,17.3673,17.66,17.3673,1678078800000000000,82
FFNW,1362,14.99,15.02,15.02,14.99,1678078800000000000,106
FFSG,553,31.82,31.9006,31.9006,31.82,1678078800000000000,6
FFTG,341,24.5157,24.5072,24.5157,24.5072,1678078800000000000,9
FFTI,30894,20.36,20.36,20.37,20.34,1678078800000000000,12
FFTY,62515,23.88,23.8,24.08,23.7307,1678078800000000000,356
FFWM,384908,14.95,14.72,15,14.685,1678078800000000000,5210
FG,321742,20.4,19.52,20.46,19.47,1678078800000000000,3688
FGB,35301,3.42,3.43,3.45,3.42,1678078800000000000,88
FGBI,15984,20.023,19.01,20.2,19.01,1678078800000000000,471
FGBIP,1897,23.82,23.93,24,23.75,1678078800000000000,23
FGD,98923,23.17,23.13,23.2191,23.11,1678078800000000000,842
FGEN,859585,21.9,21.73,21.9,21.29,1678078800000000000,7426
FGF,2877,2.66,2.66,2.66,2.6599,1678078800000000000,33
FGFPP,2233,19.5,19.53,19.57,18.6501,1678078800000000000,16
FGH,26002,2.13,2.12,2.18,2.12,1678078800000000000,139
FGI,32483,1.94,2.04,2.1,1.93,1678078800000000000,228
FGLD,2835,24.82,24.71,24.82,24.7,1678078800000000000,7
FGM,1739,40.35,40.1728,40.35,40.1679,1678078800000000000,8
FGMCW,200,0.07,0.07,0.07,0.07,1678078800000000000,2
FGRO,20937,14.27,14.22,14.4,14.2,1678078800000000000,175
FHB,1008126,26.68,26.16,26.8,25.98,1678078800000000000,13118
FHI,432871,40.05,39.85,40.3,39.5,1678078800000000000,7426
FHLC,210111,61.67,61.49,61.799,61.33,1678078800000000000,1428
FHN,7317156,21.3,21.23,21.38,21.15,1678078800000000000,30593
FHNpB,4555,25.34,25.0999,25.34,25.09,1678078800000000000,30
FHNpC,2098,25.1101,25.3,25.3,25.1101,1678078800000000000,12
FHNpD,3339,24.84,24.7498,24.8599,24.68,1678078800000000000,45
FHNpE,5676,25.37,25.1999,25.37,25.1999,1678078800000000000,130
FHNpF,32705,21.62,21.5,21.62,21.35,1678078800000000000,324
FHTX,28139,5.84,5.51,5.84,5.4,1678078800000000000,526
FHYS,1447,22.43,22.3826,22.43,22.3826,1678078800000000000,19
FIAC,538212,10.33,10.34,10.35,10.33,1678078800000000000,36
FIACW,1903,0.149,0.0699,0.149,0.0699,1678078800000000000,22
FIAX,4561,20,19.99,20,19.99,1678078800000000000,46
FIBK,543418,35.14,35.17,35.58,34.9,1678078800000000000,9177
FIBR,507,83.2801,83.145,83.2801,83.145,1678078800000000000,20
FICO,277813,706.99,696.58,711.41,696.58,1678078800000000000,11877
FICS,4611,30.4,30.3,30.43,30.3,1678078800000000000,46
FICV,578733,10.19,10.1918,10.1918,10.18,1678078800000000000,306
FICVU,56476,10.19,10.22,10.285,10.18,1678078800000000000,360
FICVW,13600,0.1101,0.1102,0.1102,0.1101,1678078800000000000,185
FID,8542,15.98,15.9,15.98,15.9,1678078800000000000,62
FIDI,8988,19.5,19.46,19.56,19.4568,1678078800000000000,100
FIDU,59070,54.58,54.29,54.78,54.23,1678078800000000000,592
FIEE,2,187.9139,187.9139,187.9139,187.9139,1678078800000000000,2
FIF,37399,14.84,14.82,14.9,14.79,1678078800000000000,194
FIG,2825,23.6283,23.6258,23.71,23.5,1678078800000000000,39
FIGB,2674,42.57,42.505,42.615,42.505,1678078800000000000,39
FIGS,6945859,6.74,6.31,6.79,6.26,1678078800000000000,43791
FIHD,55,211.88,211.88,211.88,211.88,1678078800000000000,1
FILL,16151,24.38,24.48,24.48,24.2776,1678078800000000000,94
FINS,37851,13.07,12.97,13.13,12.9,1678078800000000000,236
FINV,507414,5.11,5.1,5.13,5.0418,1678078800000000000,3303
FINW,13519,9.23,8.95,9.4473,8.95,1678078800000000000,172
FINX,107930,21.42,21.3,21.75,21.3,1678078800000000000,2038
FIP,374458,2.94,2.96,3.01,2.93,1678078800000000000,2604
FIS,3327478,64.23,63.88,64.8,63.68,1678078800000000000,42474
FISI,70162,24.795,24.3,24.8099,24.18,1678078800000000000,1087
FISK,1345,6.8,7.2701,7.31,6.8,1678078800000000000,12
FISR,110108,25.71,25.51,25.73,25.51,1678078800000000000,356
FISV,2235740,118.38,118.06,119.48,118,1678078800000000000,40767
FITB,4242438,36.34,36.16,36.675,36.16,1678078800000000000,40980
FITBI,18503,25.29,25.23,25.2933,25.22,1678078800000000000,248
FITBO,8763,22.522,22.54,22.7448,22.37,1678078800000000000,209
FITBP,5752,24.4,24.6,24.7499,24.4,1678078800000000000,81
FITE,526,46.93,46.5404,46.93,46.46,1678078800000000000,20
FIVA,6149,23.11,23.04,23.13,23.0301,1678078800000000000,83
FIVE,569754,205.67,203.3,207.11,203.07,1678078800000000000,18021
FIVG,48303,32.33,31.99,32.48,31.925,1678078800000000000,570
FIVN,1216617,67.51,68.13,69.15,66.38,1678078800000000000,24625
FIVR,1455,20.89,20.8389,20.89,20.8389,1678078800000000000,4
FIW,23365,84.33,83.6,84.6,83.38,1678078800000000000,578
FIX,266041,150.69,150.83,151.53,149.2,1678078800000000000,8231
FIXD,399352,43.94,43.74,43.94,43.71,1678078800000000000,1379
FIXT,14,26.1436,26.1436,26.1436,26.1436,1678078800000000000,3
FIXX,68106,1.4,1.43,1.44,1.3701,1678078800000000000,343
FIZZ,146078,46.31,45.57,46.365,45.18,1678078800000000000,4718
FJAN,75035,34.52,34.4386,34.61,34.42,1678078800000000000,107
FJP,1959,45.3,45.2427,45.356,45.05,1678078800000000000,17
FJUL,37087,35.93,35.8069,36.0099,35.79,1678078800000000000,56
FJUN,4503,37.84,37.7461,37.9,37.7201,1678078800000000000,35
FKU,3710,34.49,34.4974,34.58,34.472,1678078800000000000,17
FKWL,2497,5.05,5.09,5.09,5.05,1678078800000000000,91
FL,2087459,44.65,43.57,45.13,43.35,1678078800000000000,29661
FLAU,365,27.33,27.2369,27.33,27.2369,1678078800000000000,21
FLAX,1042,21.465,21.3334,21.465,21.3334,1678078800000000000,9
FLBL,22186,23.75,23.74,23.79,23.74,1678078800000000000,151
FLBR,15656,16.67,17.0359,17.05,16.6,1678078800000000000,109
FLC,13996,16.57,16.53,16.7,16.53,1678078800000000000,104
FLCA,57536,31.345,31.305,31.4608,31.27,1678078800000000000,217
FLCB,23138,21.2,21.14,21.2,21.13,1678078800000000000,97
FLCH,58315,19.82,19.66,19.82,19.62,1678078800000000000,149
FLCO,9338,21.125,21.01,21.125,21.01,1678078800000000000,56
FLDR,23985,49.65,49.675,49.68,49.65,1678078800000000000,181
FLDZ,0,22.5698,22.5698,22.5698,22.5698,1678078800000000000,0
FLEE,14661,26.36,26.3113,26.42,26.26,1678078800000000000,37
FLEH,1914,23.78,23.76,23.78,23.75,1678078800000000000,24
FLEX,4083005,22.9,23.02,23.53,22.9,1678078800000000000,38912
FLFR,233,30.1265,29.9081,30.1265,29.9081,1678078800000000000,5
FLFV,13034,10.33,10.35,10.37,10.33,1678078800000000000,80
FLFVR,4730,0.1596,0.101,0.16,0.101,1678078800000000000,44
FLFVU,15134,10.98,10.7,11.57,10.67,1678078800000000000,32
FLFVW,35787,0.04,0.05,0.05,0.0392,1678078800000000000,65
FLGB,48866,24.35,24.39,24.48,24.31,1678078800000000000,260
FLGC,225931,0.4096,0.41,0.4199,0.3903,1678078800000000000,581
FLGR,1218,21.88,21.8261,21.88,21.8261,1678078800000000000,13
FLGT,345324,33.8,31.2,33.8886,30.75,1678078800000000000,9838
FLGV,3729,20.64,20.615,20.64,20.6,1678078800000000000,32
FLHK,20379,21.9765,21.9409,21.9765,21.89,1678078800000000000,7
FLHY,9938,22.59,22.54,22.61,22.53,1678078800000000000,73
FLIA,30727,19.35,19.32,19.35,19.3,1678078800000000000,152
FLIC,115844,17,16.88,17.05,16.82,1678078800000000000,1974
FLIN,7562,28.35,28.27,28.4499,28.27,1678078800000000000,127
FLIY,295,25.7398,25.6153,25.7398,25.6153,1678078800000000000,5
FLJ,97344,1.1812,1.1,1.22,1.1,1678078800000000000,721
FLJH,61980,26.5689,26.5461,26.62,26.5,1678078800000000000,41
FLJP,32778,25.27,25.26,25.31,25.22,1678078800000000000,187
FLKR,15850,21.01,20.99,21.12,20.96,1678078800000000000,132
FLL,88616,9.93,9.79,10,9.54,1678078800000000000,1377
FLLA,4767,20.4,20.69,20.71,20.4,1678078800000000000,61
FLLV,8404,46.91,46.8865,47.11,46.8865,1678078800000000000,80
FLMB,299,23.295,23.295,23.295,23.295,1678078800000000000,19
FLME,4270,10.37,10.3,10.37,10.27,1678078800000000000,21
FLME.U,404,10.6,10.6,10.6,10.6,1678078800000000000,3
FLMI,1087,23.5,23.5,23.5322,23.5,1678078800000000000,10
FLMX,23527,29.75,29.5296,29.75,29.5201,1678078800000000000,119
FLN,6125,17.55,17.7,17.7005,17.55,1678078800000000000,28
FLNC,846649,20.74,20.74,21.6099,20.57,1678078800000000000,13145
FLNG,457034,35.43,35,35.5,34.59,1678078800000000000,6144
FLNT,90395,1.44,1.48,1.49,1.4,1678078800000000000,394
FLO,1635558,27.93,27.94,28.015,27.715,1678078800000000000,17106
FLOT,694387,50.66,50.7,50.7,50.66,1678078800000000000,2702
FLQL,11542,40.75,40.75,40.93,40.68,1678078800000000000,113
FLQM,16347,44.17,43.97,44.35,43.9,1678078800000000000,164
FLQS,5088,35.37,35.0901,35.37,34.99,1678078800000000000,29
FLR,796349,37.25,36.87,37.56,36.52,1678078800000000000,12703
FLRG,8517,24.66,24.66,24.71,24.65,1678078800000000000,56
FLRN,963122,30.6,30.61,30.61,30.58,1678078800000000000,1838
FLRT,2781,45.7599,45.72,45.76,45.69,1678078800000000000,28
FLS,855283,35.19,34.72,35.24,34.53,1678078800000000000,10069
FLSA,10,33.0657,33.0657,33.0657,33.0657,1678078800000000000,1
FLSP,4760,21.6,21.49,21.6,21.2901,1678078800000000000,22
FLSW,17342,30.24,30.2341,30.3344,30.22,1678078800000000000,98
FLT,599438,214.75,211.78,216.545,211.78,1678078800000000000,13516
FLTB,7507,47.88,47.82,47.8954,47.81,1678078800000000000,105
FLTN,8,21.687,21.687,21.687,21.687,1678078800000000000,4
FLTR,466116,25.26,25.25,25.26,25.24,1678078800000000000,1349
FLTW,8135,36.53,36.45,36.67,36.43,1678078800000000000,98
FLUD,51,24.535,24.535,24.535,24.535,1678078800000000000,1
FLUX,22669,6.6,6.565,6.78,6.52,1678078800000000000,359
FLV,1866,59.075,58.9885,59.075,58.93,1678078800000000000,31
FLWS,528331,10.72,10.4,10.81,10.31,1678078800000000000,10014
FLXS,7180,20.31,19.67,20.38,19.61,1678078800000000000,168
FLYD,10038,6.04,6.2049,6.2049,5.93,1678078800000000000,52
FLYU,5824,39.49,38.59,40.76,38.479,1678078800000000000,53
FLYW,843624,27.65,27.8,28.39,27.565,1678078800000000000,12676
FLZA,672,22.16,22.1847,22.21,22.16,1678078800000000000,11
FM,229521,25.13,25.18,25.38,25.13,1678078800000000000,1695
FMAG,11718,19.69,19.73,19.85,19.69,1678078800000000000,69
FMAO,14816,25.56,24.68,25.56,24.5,1678078800000000000,633
FMAR,4255,33.0003,32.9892,33.0699,32.9712,1678078800000000000,17
FMAT,70983,48.07,47.19,48.07,47.1401,1678078800000000000,574
FMAY,13317,36.61,36.46,36.6663,36.42,1678078800000000000,87
FMB,134226,50.31,50.21,50.31,50.2,1678078800000000000,593
FMBH,30816,31.35,30.88,31.36,30.57,1678078800000000000,799
FMC,1053023,127.8,125.98,128.27,125.07,1678078800000000000,21699
FMCX,600,23.38,23.2755,23.38,23.2755,1678078800000000000,2
FMET,3357,22.79,22.72,23.05,22.72,1678078800000000000,67
FMF,28792,47.86,48.04,48.34,47.8537,1678078800000000000,208
FMHI,63538,46.47,46.4,46.48,46.315,1678078800000000000,412
FMIL,4435,31.1,30.99,31.18,30.9301,1678078800000000000,86
FMIV,289898,10.13,10.13,10.21,10.12,1678078800000000000,350
FMN,15958,10.55,10.52,10.59,10.44,1678078800000000000,121
FMNB,150784,14.35,14.06,14.38,13.99,1678078800000000000,2591
FMNY,848,26.3672,26.385,26.44,26.3672,1678078800000000000,5
FMQQ,2234,10.45,10.5127,10.58,10.45,1678078800000000000,18
FMS,670304,20.04,19.82,20.115,19.765,1678078800000000000,6669
FMX,717391,93.75,91.62,93.92,91.31,1678078800000000000,8407
FMY,24080,11.44,11.54,11.5808,11.38,1678078800000000000,119
FN,341620,121.97,121.19,123.495,120.99,1678078800000000000,8379
FNA,218219,17.56,17.5,17.56,17.075,1678078800000000000,4469
FNB,2883054,14.25,14.1,14.31,14.08,1678078800000000000,16455
FNBpE,25263,25.46,25.33,25.46,25.3,1678078800000000000,227
FNCB,9900,7.88,7.75,7.9387,7.74,1678078800000000000,242
FNCH,163046,0.4142,0.4236,0.4554,0.41,1678078800000000000,321
FNCL,80104,50.91,50.82,51.23,50.73,1678078800000000000,821
FND,901416,91.54,89.68,92.51,89.09,1678078800000000000,17463
FNDA,156944,52.27,51.33,52.27,51.18,1678078800000000000,767
FNDB,29274,55.45,55.19,55.55,55.15,1678078800000000000,193
FNDC,171170,33.31,33.25,33.36,33.1875,1678078800000000000,678
FNDE,925551,26.11,26.14,26.26,26.09,1678078800000000000,1631
FNDF,858784,31.62,31.59,31.705,31.55,1678078800000000000,3248
FNDX,265504,55.95,55.83,56.17,55.7502,1678078800000000000,1235
FNF,2516980,38.2,37.6,38.37,37.59,1678078800000000000,23580
FNGD,2167758,26.41,27.16,27.21,25.56,1678078800000000000,13566
FNGG,5704,41.935,41.1,42.24,40.96,1678078800000000000,235
FNGO,9135,20.8187,20.3422,21.14,20.3422,1678078800000000000,83
FNGR,1516862,1.63,1.45,1.72,1.42,1678078800000000000,7762
FNGS,16223,24.16,23.9512,24.39,23.9512,1678078800000000000,133
FNGU,1905660,77.39,75.21,79.782,75.1177,1678078800000000000,19712
FNK,264725,47.34,46.6057,47.4,46.5,1678078800000000000,281
FNKO,971305,9.89,9.77,9.97,9.66,1678078800000000000,12347
FNLC,33518,29.45,29.1,29.45,29,1678078800000000000,806
FNOV,6947,37.24,37.18,37.359,37.1,1678078800000000000,57
FNV,671927,136.33,135.78,136.84,135.11,1678078800000000000,14080
FNVTW,300,0.021,0.0201,0.021,0.0201,1678078800000000000,2
FNWB,7995,13.9,13.94,14.16,13.73,1678078800000000000,173
FNWD,2282,35.7019,36.36,36.4,35.7019,1678078800000000000,63
FNX,154728,96.27,95.0206,96.32,94.82,1678078800000000000,331
FNY,7436,62.19,61.55,62.2,61.4974,1678078800000000000,84
FOA,29588,1.48,1.55,1.57,1.48,1678078800000000000,223
FOCS,2131775,51.82,51.83,51.845,51.81,1678078800000000000,10387
FOCT,4443,34.65,34.6122,34.7867,34.61,1678078800000000000,25
FOF,63411,11.38,11.45,11.6399,11.37,1678078800000000000,332
FOLD,1991353,12.55,12.12,12.6,11.97,1678078800000000000,17067
FONR,14788,16.7,16.53,16.71,16.5,1678078800000000000,118
FOR,58180,14.52,14.34,14.58,14.24,1678078800000000000,1271
FORA,54986,4.33,3.99,4.3664,3.85,1678078800000000000,507
FORD,42583,1.12,1.21,1.21,1.12,1678078800000000000,163
FORG,615666,20.28,20.29,20.34,20.185,1678078800000000000,5816
FORH,15572,24.76,24.535,24.79,24.45,1678078800000000000,20
FORM,458045,30.45,29.05,30.45,28.99,1678078800000000000,8275
FORR,103656,34.38,34.09,34.61,33.32,1678078800000000000,2736
FORTY,582,74.76,70.5,74.76,70.5,1678078800000000000,27
FOSL,431829,4.56,4.29,4.5985,4.285,1678078800000000000,4307
FOSLL,1611,17.47,17.48,17.48,17.47,1678078800000000000,32
FOUR,1527972,72.11,71,73.6172,70.89,1678078800000000000,25201
FOVL,411,55.0482,55.1441,55.1441,55.0482,1678078800000000000,20
FOX,1544466,32.39,32.07,32.6901,31.955,1678078800000000000,16221
FOXA,2863423,35.16,34.8,35.56,34.745,1678078800000000000,33831
FOXF,164575,123.18,121.55,123.32,120.44,1678078800000000000,8503
FOXO,693663,0.6687,0.614,0.69,0.6,1678078800000000000,1502
FOXO.WS,357,0.06,0.06,0.06,0.06,1678078800000000000,5
FPA,9011,28.12,26.98,28.12,26.745,1678078800000000000,71
FPAC,323376,10.19,10.2,10.2,10.19,1678078800000000000,231
FPAC.U,200,10.19,10.19,10.19,10.19,1678078800000000000,1
FPAG,5540,22.85,22.725,22.89,22.725,1678078800000000000,54
FPAY,6616,1.03,1.05,1.05,1.0202,1678078800000000000,114
FPE,1134693,17.63,17.63,17.66,17.59,1678078800000000000,3282
FPEI,287295,18.35,18.33,18.35,18.32,1678078800000000000,787
FPF,102556,17.66,17.73,17.74,17.635,1678078800000000000,804
FPFD,5039,20.9823,21.0089,21.0089,20.98,1678078800000000000,48
FPH,91534,2.3,2.43,2.6,2.29,1678078800000000000,410
FPI,608359,10.98,10.91,11.03,10.84,1678078800000000000,5363
FPL,21039,6.25,6.25,6.32,6.25,1678078800000000000,123
FPRO,2094,21.42,21.2832,21.43,21.25,1678078800000000000,43
FPX,27100,86.01,85.55,86.23,85.33,1678078800000000000,266
FPXE,2,21.56,21.56,21.56,21.56,1678078800000000000,2
FPXI,23304,39.74,39.86,40.07,39.6899,1678078800000000000,194
FQAL,11587,47.2,47.27,47.47,47.1839,1678078800000000000,140
FR,513120,54.5,53.96,54.6,53.94,1678078800000000000,9227
FRA,200436,12.05,12.06,12.1199,12.05,1678078800000000000,667
FRBA,64608,13.615,13.52,13.63,13.44,1678078800000000000,1337
FRBK,325559,1.99,1.87,1.99,1.865,1678078800000000000,1602
FRBN,6930,10.43,10.44,10.44,10.43,1678078800000000000,10
FRBNU,100,10.48,10.48,10.48,10.48,1678078800000000000,1
FRBNW,1751,0.2751,0.222,0.2751,0.196,1678078800000000000,22
FRC,1493564,123.26,122.07,123.7,122,1678078800000000000,24577
FRCpH,17141,21.19,21.05,21.23,20.88,1678078800000000000,179
FRCpI,11920,22.925,22.86,22.9308,22.86,1678078800000000000,116
FRCpJ,11627,19.76,19.8158,19.86,19.6804,1678078800000000000,146
FRCpK,49872,17.52,17.56,17.64,17.4583,1678078800000000000,371
FRCpL,20242,17.67,17.68,17.7,17.57,1678078800000000000,223
FRCpM,34757,17,17.02,17.0689,16.9101,1678078800000000000,330
FRCpN,37209,18.59,18.49,18.59,18.4853,1678078800000000000,335
FRD,177669,12.5,13.01,13.29,12.4901,1678078800000000000,1817
FRDM,575233,29.63,29.56,29.73,29.43,1678078800000000000,1527
FREE,479270,3.2,3.05,3.2207,3.03,1678078800000000000,4784
FREEW,60484,0.132,0.12,0.1599,0.12,1678078800000000000,124
FREL,2328164,26.23,26.04,26.3,26,1678078800000000000,11206
FREQ,539367,0.6744,0.6856,0.71,0.67,1678078800000000000,2505
FREY,1442741,9.02,8.72,9.11,8.635,1678078800000000000,11911
FREY.WS,5371,3.135,3.13,3.29,3.0001,1678078800000000000,41
FRG,507830,29.57,28.52,30.67,28.31,1678078800000000000,11067
FRGAP,3090,22.74,22.9065,22.9065,22.7,1678078800000000000,34
FRGE,140018,1.86,1.75,1.87,1.72,1678078800000000000,1386
FRGI,27467,8.4,8.31,8.4,8.03,1678078800000000000,1075
FRGT,4099638,0.294,0.284,0.307001,0.28,1678078800000000000,5109
FRHC,183065,74.15,72.97,74.5264,72.9,1678078800000000000,2306
FRI,23919,25.72,25.58,25.74,25.51,1678078800000000000,103
FRLN,49214,0.4963,0.5149,0.5497,0.48,1678078800000000000,159
FRME,171106,41,40.84,41.07,40.71,1678078800000000000,5363
FRNW,50241,22.46,22.4964,22.66,22.41,1678078800000000000,186
FRO,2868838,18.55,18.21,18.58,18.1149,1678078800000000000,24296
FROG,928456,22.78,22.27,22.9,22.26,1678078800000000000,12324
FRON,912,10.2,10.2,10.2,10.2,1678078800000000000,44
FRONU,1583,10.25,10.23,10.25,10.23,1678078800000000000,8
FRPH,9344,53.51,53.77,54,53.4375,1678078800000000000,280
FRPT,320104,63.11,62.84,63.97,62.025,1678078800000000000,7308
FRSG,505,10.16,10.16,10.16,10.16,1678078800000000000,4
FRSGW,2632,0.016,0.016,0.016,0.016,1678078800000000000,14
FRSH,960973,15.56,15.59,15.95,15.42,1678078800000000000,11606
FRST,84214,11.7,11.56,11.7,11.45,1678078800000000000,1082
FRSX,122076,0.55,0.575,0.58,0.55,1678078800000000000,361
FRT,328489,107.63,107.16,108.24,106.77,1678078800000000000,9020
FRTpC,4118,21.55,21.73,21.84,21.55,1678078800000000000,53
FRTX,21694,1.77,1.73,1.77,1.6826,1678078800000000000,218
FRTY,4866,12.76,12.6099,12.76,12.6099,1678078800000000000,34
FRXB,7946,10.07,10.015,10.07,9.99,1678078800000000000,48
FRXB.WS,2026,0.1809,0.1873,0.1873,0.1799,1678078800000000000,21
FRZA,16600,1.43,1.37,1.44,1.36,1678078800000000000,148
FSBC,19925,27.53,27.37,27.53,27.05,1678078800000000000,530
FSBD,1114,46.48,46.415,46.48,46.415,1678078800000000000,15
FSBW,58246,35.09,34.94,35.39,34.75,1678078800000000000,643
FSCO,384461,4.61,4.64,4.71,4.61,1678078800000000000,803
FSD,94864,11.52,11.55,11.57,11.51,1678078800000000000,439
FSEA,31916,10.09,10.15,10.15,10.01,1678078800000000000,421
FSEC,2,41.935,41.935,41.935,41.935,1678078800000000000,2
FSEP,18826,34.9601,34.9322,35.14,34.8993,1678078800000000000,56
FSFG,1653,19.5,19.35,19.5,19.35,1678078800000000000,84
FSI,12247,3.12,3.11,3.13,3.09,1678078800000000000,101
FSIG,218874,18.62,18.59,18.62,18.58,1678078800000000000,444
FSK,752865,19.98,19.95,20.12,19.935,1678078800000000000,7829
FSLD,859,49.89,49.945,50.03,49.89,1678078800000000000,11
FSLR,4540095,211.69,212.3,216.19,208.21,1678078800000000000,84491
FSLY,5314744,15.15,15,15.605,14.84,1678078800000000000,38574
FSM,2404677,3.42,3.34,3.42,3.33,1678078800000000000,5614
FSMB,83768,19.69,19.69,19.69,19.66,1678078800000000000,455
FSMD,2944,33.611,33.3386,33.611,33.21,1678078800000000000,100
FSMO,6805,22.14,21.9374,22.22,21.91,1678078800000000000,83
FSNB,6692,10.17,10.17,10.18,10.17,1678078800000000000,37
FSNB.U,2200,10.16,10.17,10.17,10.16,1678078800000000000,2
FSP,5321180,2.25,2.29,2.355,2.19,1678078800000000000,21372
FSR,4571058,7.64,7.4,7.7,7.35,1678078800000000000,27217
FSRX,18967,10.13,10.1,10.16,10.06,1678078800000000000,140
FSRXU,550,10.72,10.0001,10.72,10.0001,1678078800000000000,3
FSRXW,1132,0.05,0.04,0.0501,0.04,1678078800000000000,8
FSS,399312,56.13,55.23,56.475,54.74,1678078800000000000,7084
FSST,2315,19.71,19.5489,19.71,19.5489,1678078800000000000,22
FSTA,116034,44.01,44.11,44.215,44,1678078800000000000,710
FSTR,24374,12.73,12.7,12.93,12.27,1678078800000000000,206
FSTX,409836,5.75,6.1,6.12,5.72,1678078800000000000,2266
FSV,40990,137.72,137.06,138.4,136.3,1678078800000000000,1239
FSYD,3445,45.61,45.3867,45.61,45.3867,1678078800000000000,41
FSZ,7669,59.91,59.9648,60.06,59.86,1678078800000000000,67
FT,27322,7.17,7.12,7.1819,7.12,1678078800000000000,96
FTA,42995,70.33,69.77,70.49,69.69,1678078800000000000,414
FTAG,6751,30.3,30.15,30.38,30.1347,1678078800000000000,41
FTAI,1290615,25.95,26.23,26.62,25.67,1678078800000000000,13263
FTAIN,10990,23.23,22.79,23.23,22.1816,1678078800000000000,109
FTAIO,94002,22.81,23,23.12,22.735,1678078800000000000,333
FTAIP,14543,23.98,24.1,24.44,23.6,1678078800000000000,95
FTBD,751,49.13,48.935,49.13,48.935,1678078800000000000,10
FTC,23698,94.96,94.71,95.16,94.39,1678078800000000000,186
FTCH,7782366,5.4,5.27,5.52,5.22,1678078800000000000,33211
FTCI,2030603,2.91,3.06,3.23,2.865,1678078800000000000,14358
FTCS,252459,73.83,73.81,74.1087,73.6601,1678078800000000000,1998
FTDR,898752,28.34,28.69,29.3,28.24,1678078800000000000,14800
FTDS,380,44.836,44.7117,44.836,44.6141,1678078800000000000,6
FTEC,354371,107.39,107.17,108.62,107.0636,1678078800000000000,2722
FTEK,32077,1.46,1.44,1.47,1.42,1678078800000000000,166
FTF,163115,6.41,6.4,6.48,6.4,1678078800000000000,721
FTFT,15280,1.71,1.71,1.78,1.6985,1678078800000000000,169
FTGC,573634,23.92,24.08,24.1,23.902,1678078800000000000,2071
FTGS,234,22.1368,22.14,22.14,22.1368,1678078800000000000,3
FTHI,47612,20.15,20.19,20.3,20.15,1678078800000000000,221
FTHM,20504,4.53,4.47,4.62,4.41,1678078800000000000,698
FTHY,24416,13.89,14.13,14.1796,13.89,1678078800000000000,168
FTI,3593493,15.19,15.19,15.36,15.07,1678078800000000000,27879
FTK,233390,1.19,1.16,1.21,1.13,1678078800000000000,512
FTLS,44480,50.12,49.99,50.15,49.9,1678078800000000000,217
FTNT,2521327,61.11,61.31,61.76,60.655,1678078800000000000,34837
FTPA,1621,10.12,10.13,10.13,10.12,1678078800000000000,11
FTPAU,800,10.14,10.14,10.15,10.14,1678078800000000000,6
FTQI,2119,19.2878,19.23,19.33,19.23,1678078800000000000,33
FTRI,124140,14.03,13.94,14.03,13.89,1678078800000000000,417
FTS,370806,40.19,39.93,40.24,39.78,1678078800000000000,4830
FTSD,6665,89.53,89.45,89.59,89.45,1678078800000000000,44
FTSL,257512,45.43,45.52,45.54,45.43,1678078800000000000,1427
FTSM,3147916,59.48,59.48,59.49,59.47,1678078800000000000,5067
FTV,1344964,68.1,67.89,68.68,67.805,1678078800000000000,16610
FTXG,28389,26.61,26.55,26.61,26.43,1678078800000000000,206
FTXH,4097,26.6,26.38,26.6,26.36,1678078800000000000,53
FTXL,12741,62.38,61.2158,62.61,61.2158,1678078800000000000,155
FTXN,42371,28.71,28.61,28.71,28.41,1678078800000000000,309
FTXO,17011,28.01,27.7672,28.1199,27.7296,1678078800000000000,156
FTXR,10721,29.2,28.87,29.2,28.81,1678078800000000000,96
FUBO,13204413,1.73,1.7,1.75,1.66,1678078800000000000,26540
FUL,344083,71.95,70.4,72.26,70.36,1678078800000000000,7679
FULC,919910,5.99,5.97,5.99,5.44,1678078800000000000,8757
FULT,838543,17.04,16.98,17.16,16.905,1678078800000000000,10245
FULTP,12891,21.08,20.93,21.33,20.93,1678078800000000000,134
FUMB,604046,19.93,19.925,19.94,19.92,1678078800000000000,231
FUN,81127,46.93,46.49,47.155,46.2036,1678078800000000000,1232
FUNC,10217,19.5,19.48,19.8799,19.48,1678078800000000000,225
FUND,37454,8.79,8.73,8.79,8.7151,1678078800000000000,183
FUNL,864,34.1001,33.9924,34.1001,33.96,1678078800000000000,10
FURY,89013,0.61,0.59,0.6209,0.59,1678078800000000000,211
FUSB,2854,9.75,9.75,9.75,9.75,1678078800000000000,39
FUSN,93949,4.73,4.63,4.85,4.51,1678078800000000000,688
FUTU,1433693,50.42,49.39,50.49,48.73,1678078800000000000,22014
FUTY,197793,43.01,43.21,43.35,43.01,1678078800000000000,1102
FUV,219981,1.83,1.78,1.91,1.77,1678078800000000000,1357
FV,324894,48.56,48.18,48.5755,48.04,1678078800000000000,955
FVAL,40944,46.41,46.2,46.55,46.18,1678078800000000000,211
FVC,15426,36.12,35.685,36.12,35.55,1678078800000000000,85
FVCB,92231,13.5,13.65,13.75,13.37,1678078800000000000,1181
FVD,779427,40.13,40.02,40.295,39.9424,1678078800000000000,3907
FVRR,431493,40.6,39.12,41.22,39.12,1678078800000000000,9506
FWAC,20502,10.195,10.16,10.195,10.16,1678078800000000000,3
FWBI,23515,3.66,3.68,3.7999,3.6001,1678078800000000000,268
FWONA,133185,67.86,66,68.5,65.6679,1678078800000000000,4123
FWONK,1380820,75.43,73.68,76.15,73.25,1678078800000000000,19750
FWRD,146804,107.38,106.56,108.03,105.99,1678078800000000000,6032
FWRG,197569,16.17,16.11,16.3199,16.02,1678078800000000000,3302
FXA,6980,66.6,66.5499,66.6399,66.48,1678078800000000000,61
FXB,6522,115.49,115.39,115.79,115.39,1678078800000000000,108
FXC,26522,71.72,71.78,71.89,71.72,1678078800000000000,176
FXCOR,489,0.101,0.1251,0.1251,0.101,1678078800000000000,5
FXD,29399,54.13,53.31,54.21,53.275,1678078800000000000,182
FXE,77296,98.37,98.5,98.68,98.3419,1678078800000000000,432
FXF,11946,95.4,95.59,95.66,95.4,1678078800000000000,96
FXG,136848,61.97,61.76,61.97,61.585,1678078800000000000,820
FXH,123065,109.42,108.34,109.44,108.11,1678078800000000000,493
FXI,22389618,29.42,29.28,29.59,29.25,1678078800000000000,52656
FXL,84949,104.01,103,104.565,102.8145,1678078800000000000,267
FXLV,348913,2.29,2.24,2.32,2.24,1678078800000000000,2898
FXN,2311180,16.91,16.81,16.91,16.715,1678078800000000000,3726
FXNC,1186,18.37,18.37,18.87,18.37,1678078800000000000,78
FXO,246041,44.53,44.21,44.77,44.14,1678078800000000000,1478
FXP,5539,31.815,31.84,31.871,31.3,1678078800000000000,98
FXR,136814,58.25,57.46,58.2699,57.37,1678078800000000000,510
FXU,161060,32.39,32.5488,32.72,32.39,1678078800000000000,236
FXY,10740,68.61,68.5105,68.69,68.505,1678078800000000000,179
FXZ,114630,71.73,70.12,71.73,69.87,1678078800000000000,800
FYBR,1500729,27.41,27.26,27.6799,27.19,1678078800000000000,14239
FYC,9972,61.42,60.37,61.42,60.2001,1678078800000000000,111
FYLD,26795,26.38,26.3,26.39,26.2201,1678078800000000000,204
FYLG,187,25.2886,25.2886,25.2886,25.2886,1678078800000000000,18
FYT,200558,50.7,49.48,50.7,49.29,1678078800000000000,365
FYX,21960,87.5,86.06,87.5,85.65,1678078800000000000,307
FZT,25608,10.17,10.18,10.1877,10.17,1678078800000000000,48
FZT.WS,303,0.30785,0.30785,0.30785,0.30785,1678078800000000000,5
G,846024,47.45,47.33,47.66,46.9939,1678078800000000000,11709
GAA,2283,27.77,27.4265,27.83,27.4265,1678078800000000000,79
GAB,393286,5.97,5.96,6,5.95,1678078800000000000,1614
GABpG,1429,22.6,22.524,22.61,22.42,1678078800000000000,20
GABpH,1845,22.4001,22.53,22.65,22.4001,1678078800000000000,10
GABpK,7938,22.55,22.52,22.672,22.48,1678078800000000000,56
GABC,56848,38.88,38.71,39.145,38.44,1678078800000000000,1449
GABF,0,28.3772,28.3772,28.3772,28.3772,1678078800000000000,0
GAIA,7987,2.94,2.63,3.0485,2.62,1678078800000000000,125
GAIN,204129,13.71,13.66,13.82,13.6,1678078800000000000,2637
GAINN,3713,23.5345,23.42,23.54,23.42,1678078800000000000,68
GAINZ,2209,24.37,24.36,24.37,24.33,1678078800000000000,47
GAL,30141,38.9,38.86,39.015,38.85,1678078800000000000,70
GALT,226121,2.4,2.17,2.4,2.13,1678078800000000000,788
GAM,10736,38.95,38.88,39.1,38.83,1678078800000000000,154
GAMpB,776,25.35,25.38,25.41,25.35,1678078800000000000,15
GAMB,15727,9.68,9.51,9.88,9.5,1678078800000000000,280
GAMC,28299,10.12,10.12,10.12,10.12,1678078800000000000,52
GAMCU,100,10.12,10.12,10.12,10.12,1678078800000000000,1
GAMCW,88274,0.0305,0.0274,0.0322,0.0274,1678078800000000000,32
GAME,252765,2,2.21,2.39,1.99,1678078800000000000,1340
GAMR,6354,59.82,59.1755,59.845,59.125,1678078800000000000,170
GAN,256974,1.88,1.68,1.8934,1.67,1678078800000000000,1340
GANX,52481,3.92,3.62,3.92,3.59,1678078800000000000,184
GAQ,34106,10.35,10.26,10.6,10.24,1678078800000000000,126
GAQ.WS,7442,0.16,0.2,0.2,0.1129,1678078800000000000,76
GASS,224448,3.09,3.03,3.2,2.97,1678078800000000000,1207
GAST,1,22.1956,22.1956,22.1956,22.1956,1678078800000000000,1
GATEW,869,0.15,0.15,0.15,0.15,1678078800000000000,7
GATO,486577,4.66,4.45,4.675,4.435,1678078800000000000,5238
GATX,131491,107.43,106.83,108.015,106.5,1678078800000000000,4790
GAU,169374,0.514,0.5092,0.52,0.507,1678078800000000000,594
GAZ,257178,13.9,13.79,14,13.39,1678078800000000000,1687
GB,13757,6.79,6.84,6.99,6.75,1678078800000000000,125
GB.WS,49922,0.5011,0.48296,0.51,0.48,1678078800000000000,55
GBAB,25410,16.86,16.71,16.89,16.71,1678078800000000000,149
GBBKR,9200,0.08,0.07,0.08,0.07,1678078800000000000,2
GBCI,536516,46.46,45.89,46.88,45.87,1678078800000000000,9534
GBDC,479208,13.81,13.79,13.88,13.7673,1678078800000000000,4049
GBF,1486,103.14,102.665,103.14,102.665,1678078800000000000,47
GBIL,598478,99.72,99.72,99.7223,99.71,1678078800000000000,1353
GBIO,114596,4.11,4.13,4.13,4.01,1678078800000000000,1615
GBLD,672,17.9899,17.8897,17.9899,17.8897,1678078800000000000,12
GBLI,2410,29,28.44,29,28.44,1678078800000000000,84
GBNH,5138,1.1,1.07,1.1,1.03,1678078800000000000,51
GBR,15052,1.23,1.23,1.27,1.23,1678078800000000000,68
GBRG,41276,10.48,10.53,10.53,10.48,1678078800000000000,62
GBRGW,1020,0.11,0.1099,0.11,0.1099,1678078800000000000,5
GBTG,93682,7.14,7.32,7.42,6.8786,1678078800000000000,1280
GBUY,11,25.7275,25.7275,25.7275,25.7275,1678078800000000000,5
GBX,235145,33.15,32.41,33.15,31.96,1678078800000000000,5597
GCAD,106,25.8382,25.8382,25.8382,25.8382,1678078800000000000,5
GCBC,6433,55.87,54.8,57.0751,54.8,1678078800000000000,338
GCC,101310,17.85,17.97,17.97,17.81,1678078800000000000,608
GCI,1913390,2.91,2.72,2.94,2.68,1678078800000000000,8900
GCLN,24,38.1868,38.1868,38.1868,38.1868,1678078800000000000,2
GCMG,170367,8.48,8.38,8.48,8.305,1678078800000000000,2476
GCMGW,3624,0.7641,0.7397,0.7641,0.7199,1678078800000000000,15
GCO,252098,48.25,46.2,48.25,45.765,1678078800000000000,7739
GCOR,25244,41.1676,41.09,41.21,41.06,1678078800000000000,158
GCOW,250173,33.85,33.76,33.87,33.7,1678078800000000000,1113
GCT,133463,4.98,4.95,5.13,4.95,1678078800000000000,999
GCTK,2863,1.15,1.0509,1.15,1.05,1678078800000000000,16
GCV,5443,4.9508,5.01,5.01,4.95,1678078800000000000,42
GD,1130241,231,232.6,233.4,230.54,1678078800000000000,25162
GDC,11136,3.51,3.4,3.6001,3.4,1678078800000000000,160
GDDY,584616,76.16,75.9,76.9,75.74,1678078800000000000,11147
GDE,349,22.1101,22.2678,22.2678,22.1101,1678078800000000000,9
GDEF,5,42.4649,42.4649,42.4649,42.4649,1678078800000000000,4
GDEN,433362,42.5,43.3,44.49,42,1678078800000000000,14048
GDIV,50650,12.0001,11.9995,12.07,11.9838,1678078800000000000,132
GDL,24698,7.96,8.02,8.02,7.96,1678078800000000000,69
GDMA,2910,28.99,29,29.01,28.97,1678078800000000000,113
GDMN,1718,23,22.605,23,22.51,1678078800000000000,12
GDO,41353,12.64,12.66,12.715,12.62,1678078800000000000,268
GDOC,4125,31.65,31.4659,31.65,30.64,1678078800000000000,44
GDOT,423564,19.23,18.32,19.255,18.27,1678078800000000000,7862
GDRX,1421265,5.91,5.52,5.95,5.495,1678078800000000000,12365
GDS,518563,20.3,19.49,20.3,19.44,1678078800000000000,7323
GDST,42677,10.34,10.335,10.8,10.315,1678078800000000000,32
GDSTR,645,0.1,0.1,0.1,0.1,1678078800000000000,3
GDSTU,100,10.36,10.36,10.36,10.36,1678078800000000000,1
GDSTW,100,0.0101,0.0101,0.0101,0.0101,1678078800000000000,1
GDV,130178,21.73,21.66,21.7999,21.54,1678078800000000000,730
GDVpH,3100,24.3,24.16,24.3,24.12,1678078800000000000,18
GDVpK,15917,19.42,19.21,19.42,19.14,1678078800000000000,103
GDVD,4310,23.1064,23.0382,23.18,23.0382,1678078800000000000,16
GDX,15952522,28.353,28.08,28.49,27.895,1678078800000000000,66977
GDXD,656629,8.12,8.42,8.59,8.081,1678078800000000000,1485
GDXJ,7577533,34.83,34.42,34.975,34.195,1678078800000000000,40963
GDXU,207569,37.63,36.02,37.84,35.3911,1678078800000000000,2413
GDYN,203057,12.01,12.17,12.25,11.8675,1678078800000000000,3104
GE,6431005,86.64,87.06,87.82,86.47,1678078800000000000,70162
GECC,47497,9.5,9.46,9.6394,9.46,1678078800000000000,296
GECCM,1457,24.69,24.71,24.71,24.5,1678078800000000000,17
GECCN,2749,24.85,24.94,24.9999,24.85,1678078800000000000,21
GECCO,2125,24.29,24.3,24.3,24.28,1678078800000000000,19
GEEX,38575,10.86,10.54,10.86,10.46,1678078800000000000,217
GEF,217895,66.95,65.13,67.09,64.92,1678078800000000000,6193
GEF.B,24540,77.69,74.71,77.69,74.315,1678078800000000000,1368
GEG,20096,2.21,2.25,2.27,2.205,1678078800000000000,224
GEGGL,727,20.35,20.2137,20.39,20.2137,1678078800000000000,9
GEHC,1872716,75.91,76.68,77.16,75.7001,1678078800000000000,25197
GEL,231991,11.91,11.97,12.1,11.8639,1678078800000000000,2376
GEM,205326,29.81,29.8,29.9447,29.75,1678078800000000000,655
GEMD,3065,40.0824,39.8779,40.12,39.8779,1678078800000000000,137
GEN,3659193,19.31,19.27,19.59,19.22,1678078800000000000,32403
GENC,53422,14.5,14.52,14.77,14.16,1678078800000000000,1277
GENE,218228,1.32,1.25,1.33,1.23,1678078800000000000,921
GENI,1514897,4.93,5.01,5.05,4.85,1678078800000000000,10408
GENQU,500,10.58,10.58,10.64,10.58,1678078800000000000,4
GENQW,955,0.1,0.095,0.1,0.088,1678078800000000000,9
GENY,788,43.17,42.6485,43.17,42.6485,1678078800000000000,13
GEO,3159506,9.05,8.79,9.08,8.73,1678078800000000000,21412
GEOS,14345,6.39,6.3,6.43,6.15,1678078800000000000,197
GER,63897,13.58,13.73,13.8,13.58,1678078800000000000,480
GERM,1833,21.75,21.6171,21.75,21.49,1678078800000000000,65
GERN,3532500,2.89,2.83,2.91,2.79,1678078800000000000,13735
GES,739519,22.02,21.67,22.02,21.565,1678078800000000000,11124
GET,9515,1.89,1.88,1.89,1.8258,1678078800000000000,68
GETR,824381,0.4699,0.523,0.523,0.445,1678078800000000000,2377
GETR.WS,5080,0.0428,0.075,0.075,0.0428,1678078800000000000,26
GETY,84077,5.9,5.97,6.07,5.81,1678078800000000000,1248
GEVO,5628369,2,1.84,2,1.84,1678078800000000000,15156
GF,5200,9.41,9.46,9.47,9.38,1678078800000000000,70
GFAI,251568,8.94,8.11,9.2,7.9,1678078800000000000,3207
GFAIW,11042,0.35,0.23,0.35,0.23,1678078800000000000,21
GFEB,139141,29.32,29.2449,29.38,29.2101,1678078800000000000,295
GFF,827152,37.89,36,37.98,35.885,1678078800000000000,14568
GFGD,16514,10.16,10.19,10.21,10.16,1678078800000000000,40
GFGDU,778,11.2696,10.3,11.2696,10.1401,1678078800000000000,11
GFGDW,1413,0.0801,0.0801,0.0801,0.0801,1678078800000000000,1
GFGF,45,21.64,21.64,21.64,21.64,1678078800000000000,11
GFI,6043433,9.44,9.33,9.495,9.26,1678078800000000000,27310
GFL,2073900,31.57,32.15,32.35,31.44,1678078800000000000,17609
GFLU,68614,69.12,70.56,70.57,69.06,1678078800000000000,69
GFOF,418,10.36,10.2511,10.36,10.2511,1678078800000000000,21
GFOR,157,10.14,10.14,10.14,10.14,1678078800000000000,3
GFS,822000,67,66.19,67.925,66.04,1678078800000000000,13585
GFX.WS,74900,0.245,0.2466,0.27,0.24,1678078800000000000,78
GGAA,66925,11.86,12.42,12.97,11.54,1678078800000000000,753
GGAAU,203,12.815,12.815,12.815,12.815,1678078800000000000,4
GGAAW,23920,0.0902,0.09,0.0902,0.071,1678078800000000000,37
GGAL,572808,12.66,13.04,13.19,12.3,1678078800000000000,5237
GGB,8823208,5.6,5.5,5.615,5.48,1678078800000000000,16016
GGE,19993,2.14,2.29,2.29,2.14,1678078800000000000,51
GGG,740317,71.09,70.39,71.2725,70.24,1678078800000000000,14089
GGLL,119136,19.36,19.66,19.92,19.34,1678078800000000000,798
GGLS,13006,26.81,26.4827,26.81,26.3,1678078800000000000,268
GGN,322575,3.69,3.66,3.7,3.66,1678078800000000000,1058
GGNpB,575,22.6468,22.55,22.6468,22.55,1678078800000000000,8
GGR,172991,4.16,4.06,4.21,4.06,1678078800000000000,1510
GGROW,24393,0.5999,0.59,0.5999,0.5661,1678078800000000000,221
GGRW,17,16.3124,16.3124,16.3124,16.3124,1678078800000000000,2
GGT,87553,6.1,6.01,6.1,5.97,1678078800000000000,401
GGTpE,900,23.6,23.65,23.68,23.6,1678078800000000000,11
GGTpG,2684,23.66,23.75,23.9,23.66,1678078800000000000,31
GGZ,10346,12.5584,12.4499,12.63,12.44,1678078800000000000,64
GH,2207029,32.12,30.23,32.21,30.2,1678078800000000000,18024
GHC,19229,623.76,622.67,625.9894,619.63,1678078800000000000,2717
GHG,35119,4.17,4.2,4.36,4,1678078800000000000,351
GHI,169947,17.15,16.84,17.2,16.5,1678078800000000000,897
GHIXW,2922,0.2199,0.2201,0.2201,0.2199,1678078800000000000,2
GHL,43311,11.22,11.03,11.24,10.8352,1678078800000000000,751
GHLD,9639,12.27,12.15,12.5999,11.99,1678078800000000000,202
GHM,35088,14.43,14.24,14.43,14,1678078800000000000,449
GHRS,12163,10.5,10.92,10.95,10.5,1678078800000000000,344
GHSI,9278,6.9,6.62,7.05,6.6,1678078800000000000,166
GHTA,3456,25.72,25.72,25.79,25.67,1678078800000000000,32
GHY,76784,11.62,11.59,11.7,11.53,1678078800000000000,551
GHYB,4636,42.67,42.6258,42.7451,42.611,1678078800000000000,53
GHYG,7380,42.16,42.1498,42.27,42.14,1678078800000000000,92
GIA,1020,10.435,10.46,10.46,10.435,1678078800000000000,6
GIA.WS,2150,0.0345,0.0345,0.0345,0.0345,1678078800000000000,9
GIB,216597,91.77,90.96,92.07,90.81,1678078800000000000,3584
GIC,125965,27.42,26.08,27.42,25.69,1678078800000000000,3316
GIFI,28770,4.56,4.47,4.56,4.3794,1678078800000000000,179
GIGB,28877,44.6399,44.43,44.64,44.4199,1678078800000000000,228
GIGM,3897,1.37,1.36,1.38,1.36,1678078800000000000,27
GII,30228,53.84,53.9,53.97,53.72,1678078800000000000,300
GIII,572958,17.15,16.13,17.17,16.05,1678078800000000000,12612
GIL,723399,33.74,32.88,33.93,32.84,1678078800000000000,8812
GILD,4478385,81.11,81.11,81.34,80.54,1678078800000000000,54758
GILT,107861,5.84,5.67,5.84,5.63,1678078800000000000,1370
GIM,196442,4.28,4.22,4.3005,4.22,1678078800000000000,1046
GINN,2806,45.69,45.3956,45.86,45.39,1678078800000000000,45
GIPR,8527,5.57,5.44,5.73,5.44,1678078800000000000,187
GIS,2650846,79.41,79.11,79.41,78.695,1678078800000000000,39906
GJAN,9589,30.64,30.5503,30.65,30.5001,1678078800000000000,68
GJH,5184,8.5,8.62,8.62,8.5,1678078800000000000,10
GJO,2301,24.2001,24.16,24.3,24.16,1678078800000000000,11
GJP,482,23.87,24.5,24.5,23.87,1678078800000000000,4
GJR,1000,24.67,24.67,24.67,24.67,1678078800000000000,2
GJS,1905,21.52,21.63,21.7,21.52,1678078800000000000,12
GK,2149,17.04,17.0464,17.28,17.04,1678078800000000000,52
GKOS,395574,50.49,48.7,51.11,48.69,1678078800000000000,7759
GL,579970,120.71,120.73,121.95,120.48,1678078800000000000,12986
GLpD,9955,19.47,19.38,19.48,19.32,1678078800000000000,136
GLAD,152349,10.1,10.07,10.19,10.04,1678078800000000000,1683
GLBE,1140688,29.15,28.55,29.61,28.391,1678078800000000000,17910
GLBS,54009,1.2,1.19,1.21,1.17,1678078800000000000,279
GLBZ,3386,8.35,8.375,8.8297,8.35,1678078800000000000,30
GLCN,609,27.13,26.9708,27.13,26.9708,1678078800000000000,19
GLD,4225058,172.32,171.62,172.37,171.54,1678078800000000000,30107
GLDB,223,18.985,18.985,18.985,18.985,1678078800000000000,7
GLDD,622069,5.89,5.78,5.92,5.735,1678078800000000000,6133
GLDG,453230,1.07,1,1.07,1,1678078800000000000,1413
GLDI,16542,144.35,143.78,144.36,143.74,1678078800000000000,292
GLDM,279146,36.79,36.66,36.8,36.63,1678078800000000000,1655
GLDX,1,25.26,25.26,25.26,25.26,1678078800000000000,1
GLG,433597,1.23,1.22,1.24,1.18,1678078800000000000,542
GLIF,0,25.6582,25.6582,25.6582,25.6582,1678078800000000000,0
GLIN,2658,32.84,32.95,32.99,32.84,1678078800000000000,31
GLL,26269,30.45,30.6743,30.71,30.44,1678078800000000000,192
GLLI,4103,10.39,10.35,10.4,10.35,1678078800000000000,13
GLLIR,100,0.0431,0.0431,0.0431,0.0431,1678078800000000000,1
GLLIU,405,10.35,10.25,10.35,10.25,1678078800000000000,9
GLLIW,75215,0.0163,0.02,0.022,0.0163,1678078800000000000,48
GLMD,32573,0.4934,0.5203,0.54,0.4914,1678078800000000000,87
GLNG,757527,22.82,22.96,23.09,22.73,1678078800000000000,8536
GLO,212195,4.93,4.93,4.97,4.91,1678078800000000000,855
GLOB,254026,172.64,172.95,175.78,171,1678078800000000000,8365
GLOF,2696,33.54,33.3981,33.6008,33.35,1678078800000000000,43
GLOGpA,2298,24.99,24.8901,25.0101,24.89,1678078800000000000,24
GLOP,197038,8.93,8.71,8.958,8.66,1678078800000000000,1685
GLOPpA,11839,24.78,24.86,24.88,24.65,1678078800000000000,102
GLOPpB,19278,25.08,25.17,25.25,25.07,1678078800000000000,123
GLOPpC,3408,24.39,24.52,24.52,24.39,1678078800000000000,54
GLOV,50727,39.25,39.2221,39.38,39.2,1678078800000000000,49
GLP,129281,34.74,34.73,34.9,34.235,1678078800000000000,1522
GLPpA,1640,26.34,26.49,26.49,26.34,1678078800000000000,19
GLPpB,7389,25.63,25.51,25.63,25.4377,1678078800000000000,49
GLPG,574441,37.05,37.16,37.67,36.87,1678078800000000000,5720
GLPI,736440,55,54.56,55.13,54.51,1678078800000000000,13043
GLQ,86548,6.1,6.08,6.1103,6.07,1678078800000000000,445
GLRE,107673,9.84,9.68,9.84,9.55,1678078800000000000,1174
GLRY,3432,24.93,24.7563,25.01,24.66,1678078800000000000,36
GLS,33543,0.2512,0.2493,0.2594,0.247,1678078800000000000,367
GLSI,30534,14.54,14.51,16.0209,14.1101,1678078800000000000,476
GLST,219,10.25,10.25,10.25,10.25,1678078800000000000,2
GLSTR,103711,0.11,0.14,0.14,0.1,1678078800000000000,33
GLSTW,300,0.0475,0.0475,0.0475,0.0475,1678078800000000000,3
GLT,549561,3.77,3.66,3.82,3.62,1678078800000000000,4018
GLTA,202,10.35,10.35,10.35,10.35,1678078800000000000,4
GLTO,37509,2,2.05,2.13,2,1678078800000000000,304
GLTR,44842,84.7,84.46,84.89,84.46,1678078800000000000,380
GLU,38249,14.63,14.7157,14.8897,14.6027,1678078800000000000,196
GLUpA,200,47.98,48,48,47.98,1678078800000000000,2
GLUpB,5976,49.81,49.81,49.8395,49.7364,1678078800000000000,28
GLUE,91950,6.44,6.16,6.44,5.9,1678078800000000000,1512
GLV,60644,6.04,5.96,6.05,5.95,1678078800000000000,389
GLW,5975803,35.46,35.47,36.01,35.25,1678078800000000000,57611
GLYC,1223896,1.57,1.48,1.61,1.45,1678078800000000000,3482
GM,9744905,41.02,40.45,41.19,40.2519,1678078800000000000,84627
GMAB,399801,36.59,36.46,36.7365,36.32,1678078800000000000,5426
GMBL,499325,2.44,2.39,2.49,2.2201,1678078800000000000,3678
GMBLP,22727,5.12,5.48,5.75,5.12,1678078800000000000,110
GMBLW,2743,0.0548,0.0532,0.0548,0.05,1678078800000000000,16
GMBLZ,132830,0.0201,0.02,0.022,0.02,1678078800000000000,18
GMDA,570319,1.71,1.67,1.73,1.64,1678078800000000000,2185
GME,2815336,18.52,18.65,19.5,18.52,1678078800000000000,33584
GMED,1283779,59.54,59.2,59.68,58.9,1678078800000000000,19968
GMET,2575,29.94,29.7157,29.94,29.6645,1678078800000000000,60
GMF,3063,100.89,100.5627,101.222,100.5627,1678078800000000000,49
GMFI,753,10.33,10.33,10.33,10.33,1678078800000000000,12
GMFIU,1100,10.35,10.35,10.35,10.35,1678078800000000000,4
GMFIW,1291,0.0276,0.03,0.03,0.0276,1678078800000000000,5
GMGI,19266,3.14,3.27,3.27,3.1024,1678078800000000000,252
GMOM,10486,28.81,28.56,28.81,28.44,1678078800000000000,201
GMRE,470960,10.09,9.99,10.11,9.91,1678078800000000000,4304
GMREpA,3910,25.18,25.39,25.39,25.1462,1678078800000000000,18
GMS,294869,62,59.34,62.13,58.96,1678078800000000000,8179
GMVD,74198,1.95,2.1,2.15,1.94,1678078800000000000,338
GNE,78002,11.85,11.57,11.87,11.36,1678078800000000000,1464
GNEpA,3054,10.43,10.66,10.767,10.43,1678078800000000000,25
GNFT,5026,4.36,4.36,4.3642,4.31,1678078800000000000,35
GNK,1846770,18.98,18.33,19.09,18.102,1678078800000000000,14394
GNL,530859,14.5,14.24,14.5,14.175,1678078800000000000,5888
GNLpA,8368,22.3,22.17,23,22.04,1678078800000000000,113
GNLpB,7952,21.23,21.52,22.2799,21.23,1678078800000000000,95
GNLN,122114,0.375,0.3555,0.375,0.3505,1678078800000000000,528
GNLX,609826,19.32,29.63,36.4999,18.2,1678078800000000000,9087
GNMA,32072,43.51,43.33,43.51,43.3,1678078800000000000,224
GNOM,131118,13.22,12.83,13.22,12.77,1678078800000000000,490
GNPX,215931,1.15,1.11,1.15,1.1,1678078800000000000,734
GNR,151833,59.59,59.27,59.6151,59.1207,1678078800000000000,1671
GNRC,932667,126.93,125.7,128.77,124.46,1678078800000000000,21338
GNS,39406887,3.85,3.8,4.77,3.62,1678078800000000000,151073
GNSS,38796,3.8,3.55,3.8,3.5,1678078800000000000,441
GNT,53167,5.16,5.11,5.2,5.11,1678078800000000000,110
GNTpA,353,22.92,23.55,23.55,22.92,1678078800000000000,5
GNTA,3854,7,6.69,7,6.65,1678078800000000000,13
GNTX,1247898,28.9,28.5,28.94,28.33,1678078800000000000,21449
GNTY,37073,30.58,30.45,30.58,30.16,1678078800000000000,851
GNUS,355679,3.22,3.12,3.25,3.12,1678078800000000000,2633
GNW,5542887,6.23,6.15,6.28,6.125,1678078800000000000,17928
GO,1805646,27.47,27.19,27.56,27.05,1678078800000000000,22232
GOAU,29457,15.95,15.56,15.95,15.47,1678078800000000000,236
GOCO,57491,18.69,18.27,18.95,17.8301,1678078800000000000,1281
GOEV,35846216,0.74,0.7004,0.7661,0.7,1678078800000000000,43984
GOEVW,61845,0.14,0.135,0.148899,0.133,1678078800000000000,104
GOEX,2328,24.78,24.5354,24.862,24.45,1678078800000000000,40
GOF,521726,17.2,17.01,17.39,17.01,1678078800000000000,2646
GOGL,2175305,10.21,10.1,10.27,10.067,1678078800000000000,14966
GOGN,108370,10.5,10.525,10.525,10.5,1678078800000000000,34
GOGN.WS,92394,0.58,0.62,0.62,0.58,1678078800000000000,361
GOGO,502941,16.46,15.95,16.58,15.88,1678078800000000000,8864
GOL,5509258,2.27,2.5,2.65,2.27,1678078800000000000,15662
GOLD,11470065,16.43,16.3,16.48,16.18,1678078800000000000,40006
GOLF,252630,52.4,51.68,52.41,51.67,1678078800000000000,4947
GOOD,412251,13.7,13.53,13.81,13.46,1678078800000000000,6849
GOODN,18234,19.4,19.82,19.995,19.38,1678078800000000000,150
GOODO,3247,18.52,18.73,18.73,18.5,1678078800000000000,33
GOOG,28220302,94.36,95.58,96.3,94.3,1678078800000000000,246863
GOOGL,32455086,94.015,95.13,95.97,94,1678078800000000000,334535
GOOS,1387235,19.5,19.16,19.59,18.96,1678078800000000000,13698
GORO,852980,0.99,1,1.06,0.99,1678078800000000000,3212
GOSS,3254358,1.83,1.74,1.83,1.68,1678078800000000000,13141
GOTU,5308163,5.04,4.99,5.16,4.78,1678078800000000000,22252
GOVT,6971892,22.715,22.635,22.72,22.63,1678078800000000000,8981
GOVX,415612,0.7782,0.71,0.78,0.7,1678078800000000000,1622
GOVXW,850,0.18,0.22,0.22,0.18,1678078800000000000,2
GOVZ,379220,13.2717,13.05,13.29,13.04,1678078800000000000,676
GP,90239,2.41,2.38,2.5999,2.34,1678078800000000000,592
GPAC,334,10.35,10.35,10.35,10.35,1678078800000000000,3
GPACW,5000,0.15,0.15,0.15,0.15,1678078800000000000,2
GPAL,0,33.8522,33.8522,33.8522,33.8522,1678078800000000000,0
GPC,1373974,171.8,173.61,173.96,171.56,1678078800000000000,30436
GPCR,31748,27.4,26,27.7331,25.6,1678078800000000000,571
GPI,132826,231.04,227.23,232.41,225.54,1678078800000000000,8155
GPJA,21823,23.3899,23.2,23.3899,22.9918,1678078800000000000,241
GPK,2835792,24.45,24.19,24.72,24.14,1678078800000000000,21063
GPMT,2493576,5.67,5.76,5.8301,5.52,1678078800000000000,16366
GPMTpA,12664,18.77,18.675,18.8676,18.6,1678078800000000000,105
GPN,924041,112.96,112.61,114.435,112.53,1678078800000000000,21502
GPOR,178949,81.11,78.75,81.845,77.19,1678078800000000000,5515
GPP,60213,13.13,12.97,13.13,12.85,1678078800000000000,529
GPRE,963901,34.76,33.48,35.735,33.08,1678078800000000000,17574
GPRK,95251,13.63,13.62,13.7,13.42,1678078800000000000,1549
GPRO,1145590,5.39,5.24,5.39,5.21,1678078800000000000,10435
GPS,11696070,12.85,12.17,13.015,12.14,1678078800000000000,65409
GQRE,14283,55.36,54.9217,55.36,54.86,1678078800000000000,75
GRAB,12740019,3.24,3.14,3.255,3.11,1678078800000000000,23565
GRABW,1001,0.5693,0.6299,0.6299,0.55,1678078800000000000,7
GRAY,14791,0.6,0.5999,0.6,0.5701,1678078800000000000,88
GRBK,293413,33.01,32.35,33.05,32.1515,1678078800000000000,8838
GRBKpA,7338,20,19.97,20,19.97,1678078800000000000,50
GRC,95920,27.95,27.05,28,26.8,1678078800000000000,1667
GRCL,55592,2.03,2,2.03,1.92,1678078800000000000,472
GRCY,7028,10.9,10.9,10.9,10.9,1678078800000000000,7
GRCYW,2802,0.025,0.0276,0.035,0.025,1678078800000000000,4
GREE,224818,0.511,0.5004,0.528,0.492,1678078800000000000,868
GREEL,3537,4.68,4.9,4.9,4.51,1678078800000000000,27
GREI,554,33.35,33.2762,33.35,33.2567,1678078800000000000,7
GREK,124182,31.55,31.28,32,31.21,1678078800000000000,945
GRES,9902,35.48,35.35,35.48,35.2992,1678078800000000000,98
GRF,1209,8.5,8.5092,8.5092,8.5,1678078800000000000,8
GRFS,555629,8.38,8.26,8.4,8.18,1678078800000000000,4540
GRFX,50436,1.89,1.8,1.89,1.69,1678078800000000000,152
GRID,103045,96.85,96.82,97.39,96.625,1678078800000000000,833
GRIL,177392,1.41,1.42,1.45,1.4,1678078800000000000,661
GRIN,49615,14.58,14.3,14.855,14.25,1678078800000000000,628
GRMN,762759,99.83,98.4,100.46,98.17,1678078800000000000,17529
GRN,5047,35.72,35.92,36.3,35.72,1678078800000000000,56
GRNA,301122,0.53,0.4811,0.53,0.48,1678078800000000000,1416
GRNAW,1989,0.0622,0.0622,0.0622,0.0622,1678078800000000000,1
GRNB,6990,23.05,22.97,23.05,22.9601,1678078800000000000,44
GRND,1125401,6.88,7.21,7.24,6.56,1678078800000000000,7602
GRND.WS,86045,1.01,1.33,1.35,1.0075,1678078800000000000,294
GRNQ,6201,1.48,1.49,1.49,1.4101,1678078800000000000,56
GRNR,249,21.58,21.62,21.62,21.58,1678078800000000000,3
GRNT,45966,5.51,5.5,5.53,5.36,1678078800000000000,526
GRNT.WS,2789,0.79,0.78,0.79,0.78,1678078800000000000,11
GROM,227691,0.94,0.8795,0.94,0.85,1678078800000000000,769
GROMW,485,1.38,1.4,1.4,1.38,1678078800000000000,5
GROV,433055,0.47,0.49,0.5,0.4533,1678078800000000000,1961
GROV.WS,3300,0.082601,0.0826,0.082601,0.0825,1678078800000000000,4
GROW,32134,2.6801,2.66,2.7334,2.65,1678078800000000000,276
GROY,278586,2.17,2.12,2.1701,2.12,1678078800000000000,2302
GROY.WS,445,0.228,0.228,0.228,0.228,1678078800000000000,2
GRP.U,676,60.31,60.76,60.76,60.31,1678078800000000000,11
GRPH,51322,2.67,2.52,2.67,2.46,1678078800000000000,696
GRPN,1126649,6.87,6.3,6.93,6.3,1678078800000000000,10447
GRRR,12321,8,8.1002,8.22,7.94,1678078800000000000,177
GRRRW,364,0.36,0.366601,0.366601,0.36,1678078800000000000,5
GRTS,469775,2.59,2.48,2.59,2.4332,1678078800000000000,4559
GRTX,318731,1.85,1.84,1.87,1.75,1678078800000000000,1438
GRVY,31178,57.15,55.06,58.65,54.8,1678078800000000000,705
GRWG,975874,4.48,4.22,4.48,4.18,1678078800000000000,7640
GRX,26121,10.35,10.28,10.36,10.27,1678078800000000000,121
GRZZ,1620,21.39,21.3441,21.39,21.3441,1678078800000000000,5
GS,1604464,358.06,357.05,358.86,353.73,1678078800000000000,39793
GSpA,22704,21.5,21.55,21.57,21.44,1678078800000000000,309
GSpC,5118,21.57,21.61,21.7499,21.57,1678078800000000000,90
GSpD,66771,21.29,21.29,21.34,21.21,1678078800000000000,478
GSpJ,54837,25.02,25.05,25.05,25,1678078800000000000,299
GSpK,60076,25.39,25.24,25.39,25.15,1678078800000000000,549
GSAT,4640429,1.25,1.16,1.25,1.16,1678078800000000000,9615
GSBC,25767,57.93,57.56,57.93,56.92,1678078800000000000,947
GSBD,385472,16.22,16.05,16.23,16.05,1678078800000000000,3061
GSD,3254,10.46,10.5,10.5,10.46,1678078800000000000,38
GSDWW,6695,0.0651,0.0726,0.0726,0.065,1678078800000000000,15
GSEE,0,41.0016,41.0016,41.0016,41.0016,1678078800000000000,0
GSEU,412,32.77,32.6962,32.77,32.6962,1678078800000000000,8
GSEW,20818,61.7685,61.39,61.84,61.3199,1678078800000000000,245
GSFP,864,31.82,31.6921,31.88,31.6921,1678078800000000000,9
GSG,574315,20.61,20.85,20.85,20.58,1678078800000000000,1206
GSHD,288974,50.68,52.55,52.61,50.295,1678078800000000000,7476
GSID,155264,50.46,50.49,50.49,50.46,1678078800000000000,9
GSIE,231559,30.85,30.84,30.94,30.79,1678078800000000000,1185
GSIG,38,45.64,45.64,45.64,45.64,1678078800000000000,13
GSIT,11987,1.63,1.55,1.63,1.55,1678078800000000000,193
GSJY,2817,31.63,31.6061,31.64,31.6061,1678078800000000000,13
GSK,2779465,34.58,34.45,34.73,34.4,1678078800000000000,24321
GSL,792004,21,20.58,21.08,20.3432,1678078800000000000,8356
GSLpB,6931,25.58,25.59,25.6,25.3826,1678078800000000000,87
GSLC,255010,80.54,80.42,80.99,80.35,1678078800000000000,1790
GSM,1032816,5.3,4.92,5.3,4.92,1678078800000000000,7586
GSMG,48699,0.82,0.8,0.82,0.7801,1678078800000000000,191
GSMGW,144469,0.0084,0.0108,0.0117,0.0084,1678078800000000000,43
GSP,2684,21.05,21.195,21.195,21.03,1678078800000000000,20
GSPY,5370,22.1901,22.0763,22.22,22.06,1678078800000000000,78
GSQB,2827,10.28,10.29,10.29,10.28,1678078800000000000,19
GSQB.U,100,10.26,10.26,10.26,10.26,1678078800000000000,1
GSRM,459,10.26,10.24,10.26,10.24,1678078800000000000,6
GSRMU,101,10.345,10.345,10.345,10.345,1678078800000000000,2
GSRMW,16186,0.07695,0.08,0.0824,0.07695,1678078800000000000,17
GSSC,57106,59.48,58.67,59.5488,58.5264,1678078800000000000,258
GSST,272840,49.77,49.8,49.81,49.77,1678078800000000000,940
GSUN,291973,2.13,2.2,2.21,2.06,1678078800000000000,1106
GSUS,22883,55.17,55.11,55.44,55.0649,1678078800000000000,146
GSY,450787,49.63,49.61,49.63,49.59,1678078800000000000,1458
GT,2829158,11.85,11.72,12.01,11.65,1678078800000000000,19463
GTAC,1500202,10.42,10.42,10.42,10.41,1678078800000000000,5
GTACW,3007,0.15,0.142,0.15,0.1003,1678078800000000000,31
GTBP,15261,0.73,0.66,0.73,0.66,1678078800000000000,185
GTE,4718792,0.88,0.8742,0.8895,0.841,1678078800000000000,6204
GTEC,23981,2.05,2.05,2.18,2,1678078800000000000,168
GTEK,7005,23.62,23.47,23.842,23.47,1678078800000000000,62
GTES,1239886,14.4,14.17,14.52,14.15,1678078800000000000,7442
GTH,10954,1.03,0.9939,1.03,0.9801,1678078800000000000,44
GTHX,961763,3.83,3.64,3.836,3.62,1678078800000000000,7101
GTIM,13424,2.89,2.96,2.96,2.88,1678078800000000000,155
GTIP,18383,49.21,48.9748,49.22,48.9748,1678078800000000000,251
GTLB,1659221,53.44,51.19,53.44,50.2,1678078800000000000,24761
GTLS,1000613,143.84,148.28,148.69,143.445,1678078800000000000,20158
GTLSpB,84391,59.18,60.75,60.8,59.18,1678078800000000000,315
GTN,640915,11.54,11.11,11.69,11.07,1678078800000000000,6644
GTN.A,768,10.44,10.2594,10.45,10.2594,1678078800000000000,22
GTO,51660,47.02,46.87,47.0394,46.85,1678078800000000000,336
GTR,3756,21.545,21.4801,21.58,21.4801,1678078800000000000,32
GTX,97956,8.05,7.95,8.08,7.885,1678078800000000000,5173
GTXAP,24579,8.95,9.03,9.07,8.93,1678078800000000000,249
GTY,618009,34.93,34.9,35.17,34.79,1678078800000000000,9169
GUG,61273,14.41,14.36,14.53,14.31,1678078800000000000,302
GUNR,632546,44.03,43.92,44.05,43.77,1678078800000000000,3625
GURE,8789,3.16,3.2192,3.22,3.14,1678078800000000000,92
GURU,6515,36.51,36.2432,36.51,36.2384,1678078800000000000,45
GUSA,100,35.28,35.2314,35.28,35.2314,1678078800000000000,1
GUSH,428594,149.77,146.55,149.77,145.42,1678078800000000000,6020
GUT,94347,6.95,7.02,7.12,6.95,1678078800000000000,378
GVA,323720,43.27,42.96,43.63,42.38,1678078800000000000,6619
GVAL,18488,20.91,21.08,21.1,20.8948,1678078800000000000,254
GVCI,2081,10.51,10.51,10.51,10.51,1678078800000000000,3
GVCIW,2400,0.07,0.0741,0.0741,0.0675,1678078800000000000,6
GVI,100910,102.135,101.9,102.135,101.88,1678078800000000000,627
GVIP,1985,76.99,77.12,77.53,76.99,1678078800000000000,35
GVLU,7032,20.3,20.1,20.3,20.05,1678078800000000000,31
GVP,34368,0.86,0.8656,0.8884,0.8071,1678078800000000000,142
GWAV,68085,1.14,1.07,1.14,1.03,1678078800000000000,392
GWH,839361,1.59,1.57,1.65,1.56,1678078800000000000,3530
GWH.WS,3100,0.16,0.16,0.19,0.16,1678078800000000000,6
GWIIW,38919,0.001,0.0012,0.0038,0.001,1678078800000000000,22
GWRE,958685,73.15,71.52,73.72,71.37,1678078800000000000,18073
GWRS,34229,12.53,12.63,12.7,12.44,1678078800000000000,599
GWW,335416,696.56,699.65,709.21,696.56,1678078800000000000,13950
GWX,51391,31.3,31.19,31.31,31.12,1678078800000000000,594
GXC,37424,82.88,82.39,83.24,82.3201,1678078800000000000,417
GXG,22007,19.65,19.8498,19.9,19.65,1678078800000000000,83
GXII,735676,10.13,10.135,10.14,10.12,1678078800000000000,395
GXIIU,1101,10.37,10.34,10.5,10.34,1678078800000000000,6
GXIIW,129816,0.8685,0.72,0.8685,0.69,1678078800000000000,268
GXO,657331,51.85,50.88,52.06,50.61,1678078800000000000,11064
GXTG,1922,25.63,25.28,25.77,25.28,1678078800000000000,51
GYLD,14439,13.4,13.44,13.45,13.31,1678078800000000000,36
H,825638,122.96,123.34,124.86,122.85,1678078800000000000,18213
HA,1323228,11.17,10.67,11.3,10.64,1678078800000000000,13867
HACK,117875,47.35,47.1,47.66,47.03,1678078800000000000,1119
HAE,250177,77.18,77.68,78.075,77.12,1678078800000000000,7323
HAFC,169251,23.45,23.12,23.45,22.89,1678078800000000000,3666
HAIA,129,10.41,10.41,10.41,10.41,1678078800000000000,6
HAIAW,200,0.1,0.1,0.1,0.1,1678078800000000000,2
HAIL,2158,34.8,34.181,34.98,34.13,1678078800000000000,74
HAIN,899286,18.07,17.48,18.12,17.27,1678078800000000000,13194
HAL,5141927,38.53,38.86,38.9175,38.22,1678078800000000000,52393
HALL,9865,10.02,10.5,10.6324,10.02,1678078800000000000,120
HALO,2086491,46.06,45.48,46.32,45.17,1678078800000000000,22402
HAP,9298,50.9,50.65,50.9,50.5599,1678078800000000000,106
HAPI,6,23.181,23.181,23.181,23.181,1678078800000000000,2
HAPP,7579,4.96,4.6702,4.9897,4.6702,1678078800000000000,68
HAPY,21,17.6431,17.6431,17.6431,17.6431,1678078800000000000,6
HARP,276319,0.79,0.743,0.79,0.73,1678078800000000000,805
HART,828,26.45,26.44,26.45,26.4357,1678078800000000000,8
HAS,1120547,55.92,54.18,56,54.07,1678078800000000000,23982
HASI,678243,31.39,31.04,31.47,30.81,1678078800000000000,9936
HAUS,795,16.075,15.982,16.075,15.96,1678078800000000000,22
HAUZ,67569,21.74,21.7,21.79,21.7,1678078800000000000,201
HAWX,10363,27.48,27.47,27.5892,27.47,1678078800000000000,97
HAYN,150494,58.78,57.97,60.85,56.96,1678078800000000000,3915
HAYW,2256420,12.35,11.83,12.4,11.74,1678078800000000000,19180
HBAN,11443430,15.24,15.18,15.36,15.12,1678078800000000000,45755
HBANM,5672,23.45,23.066,23.48,23.066,1678078800000000000,93
HBANP,42619,19.53,19.49,19.63,19.3126,1678078800000000000,387
HBB,3815,13.2,12.75,13.54,12.75,1678078800000000000,200
HBCP,30254,39.14,38.45,39.14,37.48,1678078800000000000,785
HBI,16580030,5.9,5.61,5.96,5.6,1678078800000000000,57139
HBIO,26665,2.64,2.51,2.64,2.5,1678078800000000000,416
HBM,1817250,5.31,5.26,5.38,5.22,1678078800000000000,7804
HBNC,135930,15.17,15.04,15.27,14.935,1678078800000000000,3131
HBT,60736,22.45,23.21,23.25,22.45,1678078800000000000,1622
HCA,991402,249.5,251.73,252.41,247.95,1678078800000000000,22794
HCAT,316564,14.1,13.47,14.31,13.435,1678078800000000000,6041
HCC,544794,41.99,40.75,42.41,40.255,1678078800000000000,9526
HCCI,126246,36.53,36.21,36.63,35.45,1678078800000000000,3041
HCDI,123373,7.66,8.2,9.12,7.61,1678078800000000000,4401
HCDIP,52306,5.88,5.84,6.1,5.76,1678078800000000000,228
HCDIW,20752,0.04,0.0274,0.049599,0.0272,1678078800000000000,34
HCDIZ,30240,0.0797,0.0549,0.0797,0.054899,1678078800000000000,61
HCI,160055,55,55.36,55.5299,54.36,1678078800000000000,4625
HCKT,197971,19.25,19.17,19.5,19.1,1678078800000000000,4200
HCM,281482,17.45,16.99,17.45,16.81,1678078800000000000,2741
HCNE,68076,10.13,10.125,10.13,10.12,1678078800000000000,40
HCNEW,8277,0.2847,0.1532,0.2847,0.1532,1678078800000000000,68
HCOM,130,15.98,16.005,16.005,15.98,1678078800000000000,17
HCP,2020750,33.38,32.46,33.68,32.07,1678078800000000000,24560
HCRB,677,34.31,34.2001,34.31,34.1976,1678078800000000000,7
HCSG,1018209,12.68,12.69,12.89,12.53,1678078800000000000,12083
HCTI,1134628,0.391,0.36,0.429,0.328,1678078800000000000,1125
HCVI,2257,10.11,10.09,10.12,10.09,1678078800000000000,16
HCWB,4432,1.8,1.82,1.82,1.8,1678078800000000000,38
HCXY,9048,24.56,24.67,24.77,24.48,1678078800000000000,70
HD,3728683,298,298.21,300.11,296.98,1678078800000000000,72507
HDAW,552,23.2,23.165,23.2,23.165,1678078800000000000,4
HDB,1149419,68.53,68.32,68.81,68.21,1678078800000000000,13460
HDEF,139161,22.93,22.9,22.97,22.8634,1678078800000000000,476
HDG,1033,48.74,48.6389,48.74,48.55,1678078800000000000,15
HDGE,311124,23.67,24.03,24.1,23.5565,1678078800000000000,675
HDLB,1538,13.6,13.4585,13.6299,13.4585,1678078800000000000,22
HDMV,3150,27.99,27.9397,27.99,27.9012,1678078800000000000,23
HDRO,19214,10.67,10.56,10.7,10.53,1678078800000000000,220
HDSN,1232844,10.24,9.53,10.37,9.46,1678078800000000000,12315
HDUS,0,40.8741,40.8741,40.8741,40.8741,1678078800000000000,0
HDV,756575,102.38,102.66,102.87,102.292,1678078800000000000,6005
HE,531594,39.99,39.57,40.04,39.4,1678078800000000000,7780
HEAR,181206,7.89,7.7,7.94,7.56,1678078800000000000,2450
HEDJ,52516,82.07,81.86,82.07,81.68,1678078800000000000,592
HEEM,5644,24.1137,24.05,24.171,24.05,1678078800000000000,55
HEES,179737,56.13,55.42,56.47,54.97,1678078800000000000,4758
HEET,0,22.7149,22.7149,22.7149,22.7149,1678078800000000000,0
HEFA,303692,29.57,29.57,29.6501,29.55,1678078800000000000,1444
HEGD,30715,17.58,17.6,17.64,17.565,1678078800000000000,93
HEI,261983,175.19,174.62,175.61,173.72,1678078800000000000,7816
HEI.A,225293,137.62,137.61,138.54,136.61,1678078800000000000,6258
HELE,219649,116,114.245,116,113.34,1678078800000000000,8659
HELX,1134,30.87,30.6511,30.8953,30.61,1678078800000000000,10
HEP,68843,18.37,18.29,18.5,18.26,1678078800000000000,1145
HEPA,226502,0.87,0.8252,0.87,0.81,1678078800000000000,444
HEPS,395549,0.9,0.85,0.9,0.84,1678078800000000000,1171
HEQ,29082,11.81,11.81,11.8815,11.77,1678078800000000000,277
HEQT,94863,23.61,23.51,23.6187,23.5,1678078800000000000,446
HERA,46924,10.18,10.18,10.185,10.18,1678078800000000000,173
HERAW,211050,0.0005,0.0005,0.0015,0.0005,1678078800000000000,68
HERD,6946,34.71,34.28,34.71,34.1804,1678078800000000000,45
HERO,12388,19.82,19.68,19.94,19.68,1678078800000000000,264
HES,1306152,140,141.55,142.124,138.52,1678078800000000000,27799
HESM,343548,28.41,28.73,28.98,28.2161,1678078800000000000,4575
HEWC,353,30.77,30.7653,30.77,30.7653,1678078800000000000,10
HEWG,105167,30.98,30.95,31.01,30.93,1678078800000000000,352
HEWJ,92879,28.81,28.82,28.88,28.775,1678078800000000000,604
HEWU,1707,26.43,26.4445,26.45,26.41,1678078800000000000,33
HEXO,343043,1.63,1.62,1.64,1.565,1678078800000000000,2829
HEZU,190479,31.74,31.66,31.75,31.65,1678078800000000000,388
HFBL,585,17.12,17.11,17.12,17.11,1678078800000000000,27
HFFG,110630,4.01,3.81,4.01,3.8,1678078800000000000,953
HFGO,465,13.3,13.1543,13.3,13.1543,1678078800000000000,12
HFND,5269,20.77,20.76,20.82,20.75,1678078800000000000,56
HFRO,136747,9.47,9.55,9.59,9.45,1678078800000000000,732
HFROpA,6787,20.75,20.65,20.77,20.51,1678078800000000000,47
HFWA,304457,27.23,27.09,27.968,26.78,1678078800000000000,7255
HFXI,36306,23.145,23.1851,23.25,23.13,1678078800000000000,144
HGBL,28431,2.52,2.45,2.52,2.38,1678078800000000000,116
HGEN,1300801,0.1582,0.15,0.1615,0.15,1678078800000000000,3220
HGER,4684,21.9,22.203,22.21,21.9,1678078800000000000,65
HGLB,73059,9.94,9.95,10.12,9.8809,1678078800000000000,369
HGTY,64954,9.05,8.99,9.22,8.93,1678078800000000000,645
HGTY.WS,189,2.6,2.6,2.6,2.6,1678078800000000000,1
HGV,3249702,49.96,50.21,51.81,49.5,1678078800000000000,38746
HHC,212116,84.81,83.67,85.25,83.11,1678078800000000000,4986
HHGC,321,10.4501,10.4501,10.4501,10.4501,1678078800000000000,8
HHGCR,8011,0.2361,0.1494,0.2361,0.101,1678078800000000000,84
HHGCW,500,0.095,0.095,0.095,0.095,1678078800000000000,4
HHLA,13510,10.27,10.27,10.46,10.27,1678078800000000000,33
HHRS,127544,9.02,8.99,9.88,8.55,1678078800000000000,1134
HHRSW,359923,1.12,1.15,1.15,1.02,1678078800000000000,437
HHS,53234,11.09,10.4,11.15,10.4,1678078800000000000,801
HI,335064,49.59,47.71,49.6192,47.34,1678078800000000000,7797
HIBB,602318,68.19,68.26,68.91,65.68,1678078800000000000,16448
HIBL,158648,35.67,34.4,36.32,34.31,1678078800000000000,1167
HIBS,2616590,4.56,4.7,4.7257,4.45,1678078800000000000,3645
HIDE,114,23.385,23.385,23.385,23.385,1678078800000000000,5
HIE,28263,10.86,10.76,10.88,10.7,1678078800000000000,185
HIFS,10953,283,281.49,299.9599,279.5,1678078800000000000,800
HIG,1962033,77.59,77.73,78.4,77.431,1678078800000000000,31194
HIGpG,36537,25.39,25.375,25.57,25.19,1678078800000000000,355
HIGH,15292,25.19,25.165,25.1917,25.1485,1678078800000000000,84
HIHO,3863,2.06,2.14,2.14,2.052,1678078800000000000,56
HII,306376,218.37,216.83,219.655,215.79,1678078800000000000,7648
HILS,452095,1.27,1.17,1.3283,1.07,1678078800000000000,1719
HIMS,3301775,10.28,10.07,10.47,10.005,1678078800000000000,28099
HIMX,682411,7.88,7.73,8.09,7.675,1678078800000000000,5487
HIO,272662,4.06,4.07,4.1,4.04,1678078800000000000,1130
HIPO,84190,16.88,15.88,16.995,15.665,1678078800000000000,1557
HIPO.WS,3973,0.06,0.0601,0.0601,0.06,1678078800000000000,6
HIPS,60454,12.75,12.57,12.75,12.54,1678078800000000000,246
HISF,1497,44.2298,44.155,44.2298,44.155,1678078800000000000,13
HITI,163271,1.34,1.37,1.37,1.32,1678078800000000000,941
HIVE,960441,2.72,2.78,2.8884,2.71,1678078800000000000,3854
HIW,1104100,27.36,26.88,27.45,26.8,1678078800000000000,11658
HIX,237652,5.35,5.32,5.36,5.31,1678078800000000000,1118
HIYS,0,24.955,24.955,24.955,24.955,1678078800000000000,0
HJEN,10117,15.49,15.425,15.63,15.425,1678078800000000000,110
HKD,1341859,7.9,7.91,8.04,7.84,1678078800000000000,8302
HKND,125,27.1782,27.1782,27.1782,27.1782,1678078800000000000,17
HL,5139907,5.52,5.4,5.57,5.37,1678078800000000000,18621
HLpB,600,55,55.43,55.5,55,1678078800000000000,5
HLAL,62498,37.76,37.7,38,37.7,1678078800000000000,12724
HLBZ,28123354,0.138,0.133,0.146,0.1273,1678078800000000000,20970
HLBZW,10054,0.0528,0.0567,0.0626,0.0525,1678078800000000000,36
HLF,1036729,20.55,19.92,20.785,19.73,1678078800000000000,15284
HLGE,28,24.1568,24.1568,24.1568,24.1568,1678078800000000000,4
HLGN,1834875,0.3239,0.3151,0.33,0.3105,1678078800000000000,6758
HLGN.WS,2000,0.051301,0.045,0.0596,0.045,1678078800000000000,12
HLI,303971,95.45,94.35,96.13,94.21,1678078800000000000,7081
HLIO,96525,72.24,71.05,72.615,70.46,1678078800000000000,2637
HLIT,1356292,12.82,12.67,13.18,12.64,1678078800000000000,13406
HLLY,354774,2.32,2.22,2.35,2.22,1678078800000000000,3291
HLLY.WS,11011,0.3051,0.235,0.3051,0.1393,1678078800000000000,62
HLMN,1712709,9.18,8.77,9.18,8.73,1678078800000000000,12572
HLN,8171012,7.7,7.85,7.88,7.69,1678078800000000000,20386
HLNE,143349,77.48,77.94,78.93,76.885,1678078800000000000,3737
HLT,1040906,147.86,148.64,150.07,147.79,1678078800000000000,21532
HLTH,277406,2.1,2.13,2.2,2.0063,1678078800000000000,2191
HLVX,51617,16.12,15.69,16.12,14.89,1678078800000000000,1702
HLX,1710525,8.65,8.7,8.73,8.5,1678078800000000000,14173
HMA,501,10.35,10.35,10.35,10.35,1678078800000000000,3
HMAC,102,10.32,10.32,10.32,10.32,1678078800000000000,2
HMACR,201,0.100001,0.15,0.15,0.100001,1678078800000000000,3
HMACU,100,10.885,10.885,10.885,10.885,1678078800000000000,1
HMACW,100,0.09,0.09,0.09,0.09,1678078800000000000,1
HMC,863677,26.7,26.6,26.75,26.575,1678078800000000000,9204
HMN,293731,36.95,36.68,37.02,36.42,1678078800000000000,7540
HMNF,951,21.6,21.6,21.6,21.6,1678078800000000000,80
HMOP,22640,37.64,37.64,37.6883,37.55,1678078800000000000,100
HMPT,25869,1.6506,1.74,1.74,1.6506,1678078800000000000,213
HMST,140234,24.85,24.47,25.09,24.38,1678078800000000000,3823
HMY,1929407,3.19,3.12,3.205,3.1,1678078800000000000,5583
HNDL,157197,19.88,20.01,20.09,19.88,1678078800000000000,996
HNI,335613,32.32,30.07,32.32,29.88,1678078800000000000,5498
HNNA,49563,8.44,8.2105,8.49,8.06,1678078800000000000,393
HNNAZ,2056,23.95,23.995,24.1,23.9,1678078800000000000,14
HNRA,265,10.4,10.4,10.4,10.4,1678078800000000000,2
HNRA.WS,1407,0.15,0.0702,0.16,0.0702,1678078800000000000,10
HNRG,140872,7.91,7.69,8.04,7.65,1678078800000000000,2604
HNST,1050361,2.99,2.89,3,2.84,1678078800000000000,6916
HNVR,1202,19.74,19.75,19.75,19.73,1678078800000000000,79
HNW,30084,10.56,10.59,10.6,10.5294,1678078800000000000,150
HOFT,37706,20.75,20.3,20.75,20.04,1678078800000000000,2536
HOFV,17952,10.33,9.89,10.33,9.4759,1678078800000000000,1028
HOFVW,1000,0.0896,0.076,0.0896,0.076,1678078800000000000,2
HOG,1925893,47.42,45.94,47.54,45.86,1678078800000000000,25126
HOLD,5,97.345,97.345,97.345,97.345,1678078800000000000,1
HOLI,154856,17.92,18.06,18.35,17.92,1678078800000000000,2122
HOLO,176418,2.23,2.15,2.23,2.03,1678078800000000000,1347
HOLOW,2552,0.1,0.12,0.12,0.1,1678078800000000000,11
HOLX,1379030,80.44,80.25,80.94,80.16,1678078800000000000,23669
HOM,6,8.5188,8.5188,8.5188,8.5188,1678078800000000000,5
HOMB,818105,24.15,23.97,24.33,23.85,1678078800000000000,10695
HOMZ,672,35.45,35.0856,35.45,35.0856,1678078800000000000,18
HON,2710931,197.19,197.04,199.31,196.65,1678078800000000000,49241
HONE,224293,13.6,13.34,13.6,13.31,1678078800000000000,2567
HOOD,4729473,9.945,9.72,10.04,9.675,1678078800000000000,33302
HOOK,120007,0.89,0.89,0.913,0.873,1678078800000000000,480
HOPE,763738,12.81,12.51,12.94,12.42,1678078800000000000,7504
HOTH,323171,2.79,2.71,2.96,2.68,1678078800000000000,1460
HOTL,137,15.01,15.0103,15.0103,15.01,1678078800000000000,5
HOUR,3678,2.44,2.3,2.5,2.27,1678078800000000000,77
HOUS,1932270,5.62,5.43,5.75,5.35,1678078800000000000,15707
HOV,122297,70.63,66.38,71.1,65.7962,1678078800000000000,6916
HOVNP,4959,18.51,18.705,18.94,18.51,1678078800000000000,30
HOWL,62594,2.72,2.49,2.75,2.39,1678078800000000000,600
HP,957573,44.46,44.72,45.11,44.165,1678078800000000000,16068
HPCO,562898,0.8848,0.8841,0.948,0.852,1678078800000000000,1092
HPE,17596864,15.29,15.15,15.42,15.09,1678078800000000000,55667
HPF,31888,17.03,16.99,17.1,16.8507,1678078800000000000,124
HPI,22685,16.81,16.765,16.84,16.71,1678078800000000000,164
HPK,245530,28.75,28.26,28.8899,27.778,1678078800000000000,4758
HPKEW,203,18.36,18.36,18.36,18.36,1678078800000000000,5
HPLT,203,10.15,10.15,10.15,10.15,1678078800000000000,2
HPP,2128350,9.28,9.23,9.39,9.195,1678078800000000000,12532
HPPpC,66959,13.77,13.74,13.81,13.6391,1678078800000000000,399
HPQ,7505057,28.87,28.57,29.085,28.5,1678078800000000000,58554
HPS,44366,15.19,15.2,15.2635,15.04,1678078800000000000,181
HQH,127787,18.22,18.07,18.2281,18.05,1678078800000000000,756
HQI,5405,22.5,22.5,22.925,22.4,1678078800000000000,274
HQL,134584,14.29,14.32,14.35,14.2646,1678078800000000000,1121
HQY,396481,65.81,66,66.59,65.43,1678078800000000000,9699
HR,2349571,19.23,19.22,19.38,19.12,1678078800000000000,18946
HRB,1370847,35.91,35.94,36.04,35.55,1678078800000000000,20665
HRI,373753,145.28,145.54,146.59,143.03,1678078800000000000,7887
HRL,2860367,40.81,40.53,41.17,40.425,1678078800000000000,34051
HRMY,488680,43.13,43.31,43.465,42.59,1678078800000000000,11804
HROW,258721,18.6,18.41,18.66,18.155,1678078800000000000,3931
HROWL,3672,24.09,24.12,24.21,24.09,1678078800000000000,41
HROWM,10175,25.12,25.12,25.15,25.06,1678078800000000000,68
HRT,265550,11.17,11.01,11.25,10.94,1678078800000000000,3812
HRTG,455303,3.7799,3.51,3.9,3.31,1678078800000000000,1466
HRTX,1198575,2.4,2.31,2.42,2.28,1678078800000000000,6650
HRZN,387760,11.6,11.99,12.1,11.58,1678078800000000000,4148
HSAI,254433,19.17,18.99,19.5854,18.51,1678078800000000000,1602
HSBC,1581470,36.88,37.2,37.28,36.8496,1678078800000000000,12278
HSC,1383125,8.35,7.13,8.38,7,1678078800000000000,13125
HSCS,53297,1.43,1.35,1.47,1.31,1678078800000000000,237
HSCSW,18089,0.5,0.285,0.5,0.2633,1678078800000000000,147
HSCZ,29701,28.06,28.0246,28.075,27.99,1678078800000000000,95
HSDT,292584,0.3204,0.285,0.3204,0.2734,1678078800000000000,509
HSIC,893187,78.47,78.56,79.12,78.05,1678078800000000000,15033
HSII,199335,34.48,32.73,34.72,32.48,1678078800000000000,4567
HSKA,98403,88.19,86.06,88.19,85.35,1678078800000000000,4614
HSMV,4208,32.5,32.1378,32.5,32.1378,1678078800000000000,20
HSON,7746,23.94,23.75,24.63,23.75,1678078800000000000,188
HSPO,2963,10.2,10.1558,10.2,10.1554,1678078800000000000,6
HSPOR,4759,0.1503,0.16,0.1699,0.15,1678078800000000000,22
HSPOU,600,10.4,10.4,10.4,10.4,1678078800000000000,4
HSPOW,8400,0.08,0.08,0.08,0.08,1678078800000000000,5
HSRT,9144,37.99,37.975,37.99,37.97,1678078800000000000,31
HST,4971912,17.07,16.95,17.33,16.87,1678078800000000000,33103
HSTM,97085,25.92,25.29,25.92,25.11,1678078800000000000,3107
HSTO,14989,0.96,0.94,0.979899,0.92,1678078800000000000,104
HSUN,501,33.23,33.135,33.23,33.135,1678078800000000000,7
HSY,924722,238,239.88,240.91,237.08,1678078800000000000,21629
HT,1351886,8.15,8.04,8.38,7.85,1678078800000000000,12003
HTpC,7010,21.11,21.1599,21.16,21.075,1678078800000000000,55
HTpD,12106,20.87,20.86,20.87,20.6179,1678078800000000000,78
HTpE,16723,21.2,21.24,21.28,21.09,1678078800000000000,97
HTAB,43256,19.18,19.115,19.18,19.09,1678078800000000000,151
HTBI,62181,29.02,28.71,29.41,28.55,1678078800000000000,1635
HTBK,175214,11.95,11.92,12.015,11.845,1678078800000000000,3587
HTCR,6201,1.0919,1.1073,1.1199,1.0901,1678078800000000000,69
HTD,44398,23.43,23.35,23.59,23.35,1678078800000000000,330
HTEC,11716,30.45,29.95,30.45,29.89,1678078800000000000,164
HTFB,730,24,24,24.4999,23.92,1678078800000000000,7
HTFC,500,24.75,24.9999,25,24.75,1678078800000000000,4
HTGC,859280,15.26,15.47,15.605,15.24,1678078800000000000,5637
HTGM,115536,3.5,3.79,3.79,3.48,1678078800000000000,1133
HTH,321580,32.95,32.68,33.12,32.31,1678078800000000000,7406
HTHT,1266618,52,51.85,52.2,51.22,1678078800000000000,17602
HTIA,4256,21.61,22.2,22.2,21.41,1678078800000000000,53
HTIBP,2868,22.05,21.61,22.05,21.56,1678078800000000000,13
HTLD,193145,16.89,16.46,16.96,16.38,1678078800000000000,3978
HTLF,211027,49.32,48.6,49.38,48.56,1678078800000000000,4578
HTLFP,33197,25.74,25.46,25.74,25.42,1678078800000000000,180
HTOO,80192,3.72,3.38,3.72,3.35,1678078800000000000,770
HTOOW,6343,0.6025,0.545,0.6025,0.545,1678078800000000000,41
HTRB,76215,33.3876,33.22,33.3876,33.2,1678078800000000000,409
HTUS,64,29.743,29.743,29.743,29.743,1678078800000000000,5
HTY,12890,5.3,5.34,5.34,5.2901,1678078800000000000,63
HTZ,8157984,19.46,19.59,20.4799,19.4,1678078800000000000,62944
HTZWW,559536,11.13,11.18,11.765,11.07,1678078800000000000,3159
HUBB,241508,253.05,252.74,257.51,252.11,1678078800000000000,8474
HUBC,10702407,1.75,1.54,1.8,1.33,1678078800000000000,30139
HUBCW,239420,0.1488,0.120001,0.1488,0.1126,1678078800000000000,232
HUBG,186086,93.43,91.9,94.06,91.69,1678078800000000000,6886
HUBS,508755,407.97,400.86,414,399.12,1678078800000000000,15662
HUDI,154415,4.55,4.35,4.6,4.2301,1678078800000000000,1072
HUGE,194283,1.43,1.4803,1.5,1.3601,1678078800000000000,747
HUIZ,21853,1.51,1.5,1.51,1.47,1678078800000000000,112
HUM,819220,500.54,499.07,506.5,498.08,1678078800000000000,23296
HUMA,159729,3.14,3.25,3.27,3.04,1678078800000000000,1524
HUMAW,15419,0.5899,0.6085,0.6208,0.56109,1678078800000000000,60
HUN,2706018,30.33,29.1,30.395,28.835,1678078800000000000,27027
HURC,27306,28.8,27.6,28.9,27.51,1678078800000000000,597
HURN,135573,79.65,79.82,80.35,79.01,1678078800000000000,4523
HUSA,109305,3.28,3.19,3.28,3.13,1678078800000000000,794
HUSV,6602,32.3,32.2865,32.3,32.215,1678078800000000000,42
HUT,8200794,1.57,1.57,1.68,1.55,1678078800000000000,8893
HUYA,819639,4.89,4.55,4.9,4.525,1678078800000000000,5275
HVAL,43,22.4196,22.4196,22.4196,22.4196,1678078800000000000,5
HVBC,8385,32.27,31.655,32.3,31.41,1678078800000000000,114
HVT,315390,35.99,34.5,36,33.46,1678078800000000000,7167
HWBK,9307,25.17,24.9,25.2,24.9,1678078800000000000,177
HWC,490537,48.83,49.21,49.795,48.83,1678078800000000000,10370
HWCPZ,9437,25.25,25.29,25.3,25.0408,1678078800000000000,83
HWEL,2280,10.09,10.08,10.105,10.08,1678078800000000000,13
HWELU,100,10.11,10.11,10.11,10.11,1678078800000000000,1
HWELW,150,0.1001,0.1001,0.1001,0.1001,1678078800000000000,2
HWKN,72874,42.09,40.87,42.985,40.27,1678078800000000000,2500
HWM,3574789,43.78,43.76,44.18,43.445,1678078800000000000,33920
HXL,532938,74.32,73.14,74.6069,73.01,1678078800000000000,12079
HY,178656,48.05,47.9,48.8,46.5,1678078800000000000,3722
HYB,70925,6.77,6.81,6.82,6.77,1678078800000000000,376
HYBB,9113,44.61,44.5147,44.66,44.498,1678078800000000000,118
HYBL,2635,27.5001,27.4811,27.54,27.4811,1678078800000000000,64
HYD,335919,50.87,50.8,50.9199,50.66,1678078800000000000,2276
HYDB,31418,44.47,44.3012,44.47,44.29,1678078800000000000,157
HYDR,101703,12.36,12.19,12.5,12.16,1678078800000000000,507
HYDW,3150,44.94,44.7858,44.94,44.78,1678078800000000000,34
HYEM,69351,18.44,18.39,18.52,18.35,1678078800000000000,489
HYFM,607223,1.69,1.52,1.71,1.52,1678078800000000000,4722
HYG,33266611,74.89,74.72,74.99,74.66,1678078800000000000,63456
HYGH,13240,83.77,83.9248,84.17,83.77,1678078800000000000,214
HYGI,100,25.315,25.315,25.315,25.315,1678078800000000000,5
HYGV,83207,40.7432,40.64,40.8,40.63,1678078800000000000,378
HYGW,5257,36.51,36.5299,36.55,36.46,1678078800000000000,98
HYHG,4731,60.8,60.98,61.1,60.6794,1678078800000000000,56
HYI,28030,12.29,12.29,12.37,12.2583,1678078800000000000,175
HYIN,17486,19.08,18.9916,19.08,18.97,1678078800000000000,58
HYLB,3972237,34.31,34.27,34.385,34.24,1678078800000000000,13190
HYLD,683436,26.85,26.88,26.93,26.83,1678078800000000000,134
HYLG,500,24.38,24.3183,24.38,24.3183,1678078800000000000,24
HYLN,1271668,2.86,2.65,2.92,2.62,1678078800000000000,8636
HYLS,197058,39.99,39.94,39.99,39.88,1678078800000000000,741
HYMB,725455,24.62,24.53,24.65,24.52,1678078800000000000,2053
HYMC,4517689,0.39,0.3567,0.394899,0.3521,1678078800000000000,10875
HYMCL,15312,0.05,0.046201,0.059762,0.0458,1678078800000000000,83
HYMCW,109834,0.0395,0.0415,0.043,0.034,1678078800000000000,145
HYMU,1740,21.23,21.12,21.23,21.095,1678078800000000000,11
HYPR,2646202,1.59,1.88,2.04,1.5106,1678078800000000000,9912
HYRM,2567,22.33,22.305,22.33,22.305,1678078800000000000,25
HYS,575457,90.99,90.84,91,90.72,1678078800000000000,2883
HYT,566230,8.94,8.9,8.98,8.9,1678078800000000000,4495
HYTR,15,21.065,21.065,21.065,21.065,1678078800000000000,3
HYUP,619,39.729,39.7209,39.73,39.7,1678078800000000000,10
HYW,18738,5.94,5.9,6,5.71,1678078800000000000,422
HYXF,9538,43.9301,43.84,44,43.84,1678078800000000000,110
HYXU,2012,45.4206,45.43,45.56,45.4206,1678078800000000000,65
HYZD,43289,21.1479,21.21,21.29,21.1201,1678078800000000000,388
HYZN,695712,1.29,1.18,1.295,1.17,1678078800000000000,5102
HYZNW,31789,0.098,0.0944,0.1,0.0864,1678078800000000000,49
HZNP,1907953,110.02,109.8,110.18,109.73,1678078800000000000,14650
HZO,347875,34.15,33.27,34.15,33.17,1678078800000000000,9021
HZON,4716,10.106,10.0801,10.106,10.08,1678078800000000000,31
HZON.WS,800,0.601,0.6744,0.6744,0.601,1678078800000000000,7
IAA,10465163,38.31,38.32,38.55,37.48,1678078800000000000,70822
IAC,1841361,53.88,53.98,54.47,53.4,1678078800000000000,31800
IAE,28542,6.49,6.47,6.4989,6.44,1678078800000000000,141
IAF,33389,4.84,4.8,4.88,4.78,1678078800000000000,181
IAG,3725595,2.32,2.28,2.355,2.27,1678078800000000000,6993
IAGG,212560,47.94,47.83,47.9487,47.78,1678078800000000000,1230
IAI,31603,102.47,101.66,102.67,101.6101,1678078800000000000,458
IAK,65199,93.74,93.3,93.9642,93.0977,1678078800000000000,772
IAPR,8461,24.48,24.4602,24.49,24.43,1678078800000000000,42
IART,635158,55.54,54.57,55.76,54.19,1678078800000000000,13214
IAS,492542,11.87,12.23,12.48,11.8631,1678078800000000000,8192
IAT,62852,50.07,49.805,50.4,49.73,1678078800000000000,750
IAU,2396118,35.13,35.02,35.1594,34.99,1678078800000000000,6446
IAUF,1349,55.44,55.3899,55.6706,55.33,1678078800000000000,51
IAUM,77742,18.5,18.45,18.51,18.43,1678078800000000000,243
IAUX,984831,2.36,2.26,2.36,2.25,1678078800000000000,2794
IBA,696,54.86,54.68,54.86,54.6023,1678078800000000000,41
IBB,1102596,130.51,129.3,130.51,128.94,1678078800000000000,18389
IBBQ,60553,20.86,20.57,20.86,20.55,1678078800000000000,84
IBCE,1919,24.2832,24.305,24.305,24.2832,1678078800000000000,5
IBCP,93470,22.09,21.74,22.235,21.57,1678078800000000000,2377
IBD,14616,23.01,22.915,23.02,22.91,1678078800000000000,140
IBDD,2321,26.54,26.52,26.54,26.488,1678078800000000000,10
IBDO,397084,25.13,25.105,25.13,25.09,1678078800000000000,857
IBDP,304588,24.46,24.45,24.46,24.44,1678078800000000000,756
IBDQ,580206,24.3,24.29,24.3,24.24,1678078800000000000,623
IBDR,971684,23.33,23.24,23.33,23.24,1678078800000000000,985
IBDS,610197,23.33,23.26,23.33,23.26,1678078800000000000,625
IBDT,128708,24.33,24.27,24.37,24.24,1678078800000000000,864
IBDU,68357,22.21,22.15,22.21,22.091,1678078800000000000,254
IBDV,55846,20.94,20.84,20.94,20.801,1678078800000000000,221
IBDW,33342,19.98,19.96,20.02,19.93,1678078800000000000,177
IBDX,20479,24.25,24.16,24.26,24.1401,1678078800000000000,144
IBET,963,10.368,10.295,10.368,10.295,1678078800000000000,21
IBEX,99749,27.75,27.88,27.94,27.255,1678078800000000000,2604
IBHC,13599,23.54,23.53,23.557,23.53,1678078800000000000,96
IBHD,29853,23.05,23.1,23.11,22.9901,1678078800000000000,246
IBHE,20981,22.87,22.85,22.87,22.8441,1678078800000000000,159
IBHF,14906,22.8,22.65,22.87,22.631,1678078800000000000,106
IBHG,21807,21.84,21.775,21.84,21.77,1678078800000000000,24
IBHH,486,22.52,22.39,22.52,22.39,1678078800000000000,7
IBHI,1928,22.22,22.12,22.22,22.12,1678078800000000000,24
IBIO,995966,1.58,1.65,1.7299,1.51,1678078800000000000,3633
IBIT,0,25.7311,25.7311,25.7311,25.7311,1678078800000000000,0
IBKR,1138524,89.34,88.17,90.19,88.06,1678078800000000000,17405
IBLC,2798,15.06,14.3725,15.06,14.3725,1678078800000000000,59
IBM,2967624,129.64,130.19,130.86,129.59,1678078800000000000,42192
IBML,59627,25.36,25.35,25.36,25.34,1678078800000000000,155
IBMM,108891,25.67,25.69,25.7,25.65,1678078800000000000,380
IBMN,57233,26.21,26.22,26.23,26.195,1678078800000000000,172
IBMO,69422,25.035,25.04,25.055,25.02,1678078800000000000,212
IBMP,56577,24.92,24.92,24.94,24.9,1678078800000000000,192
IBMQ,48412,25.03,25.01,25.03,24.97,1678078800000000000,133
IBN,2823224,21.26,21.26,21.29,21.17,1678078800000000000,11398
IBND,25557,27.42,27.38,27.4509,27.32,1678078800000000000,196
IBOC,218970,48.97,48.95,49.5,48.52,1678078800000000000,6269
IBP,214770,121.5,117.82,121.6,116.01,1678078800000000000,11727
IBRN,100,25.2965,25.2965,25.2965,25.2965,1678078800000000000,3
IBRX,3309797,2.03,1.76,2.04,1.75,1678078800000000000,15464
IBTD,452950,24.7,24.7,24.7,24.68,1678078800000000000,767
IBTE,458236,23.73,23.72,23.73,23.71,1678078800000000000,709
IBTF,228415,23.09,23.07,23.09,23.05,1678078800000000000,485
IBTG,59066,22.51,22.49,22.51,22.4801,1678078800000000000,139
IBTH,351440,22.02,21.99,22.04,21.97,1678078800000000000,281
IBTI,16988,21.79,21.74,21.79,21.73,1678078800000000000,201
IBTJ,5449,21.4065,21.37,21.41,21.3519,1678078800000000000,115
IBTK,16869,19.42,19.35,19.42,19.34,1678078800000000000,68
IBTL,9827,20.34,20.265,20.34,20.26,1678078800000000000,51
IBTM,36547,23,22.8894,23,22.88,1678078800000000000,100
IBTX,184267,57.72,56.41,57.85,56.11,1678078800000000000,5923
IBUY,42847,45.06,44.4,45.46,44.22,1678078800000000000,365
ICAD,96491,2.61,2.77,2.86,2.59,1678078800000000000,884
ICAP,28495,26.7,26.4931,26.7,26.4603,1678078800000000000,338
ICCC,7894,6.1,5.82,6.16,5.64,1678078800000000000,237
ICCH,717,15.699,15.6418,15.75,15.6418,1678078800000000000,37
ICCM,64587,1.2,1.2,1.2,1.18,1678078800000000000,239
ICD,158828,4.36,4.12,4.4938,4.12,1678078800000000000,955
ICE,2340016,102.9,103.24,104.37,102.55,1678078800000000000,34015
ICF,106164,57.38,57.07,57.52,56.95,1678078800000000000,843
ICFI,111927,112.19,114.24,114.41,112.18,1678078800000000000,3789
ICHR,228196,32.75,31.39,32.87,31.18,1678078800000000000,4841
ICL,1297167,7.43,7.27,7.435,7.2448,1678078800000000000,8089
ICLK,24204,3.59,3.45,3.7,3.36,1678078800000000000,176
ICLN,2589810,19.8,19.95,20.095,19.79,1678078800000000000,11192
ICLO,428,25.56,25.545,25.56,25.545,1678078800000000000,7
ICLR,499116,234.64,235.66,238.445,233.76,1678078800000000000,13019
ICMB,73953,4.15,4.2,4.22,4.11,1678078800000000000,378
ICNC,5273,10.47,10.475,10.475,10.47,1678078800000000000,9
ICNC.WS,80700,0.2,0.199,0.2045,0.1826,1678078800000000000,51
ICOW,369023,30.03,29.893,30.03,29.8,1678078800000000000,541
ICPT,701029,20.83,20.48,20.87,20.065,1678078800000000000,7498
ICRpA,1516,20.3,20.45,20.45,20.3,1678078800000000000,48
ICSH,985725,50.09,50.08,50.09,50.07,1678078800000000000,1790
ICU,206999,2.9,3.01,3.06,2.73,1678078800000000000,1016
ICUCW,41204,0.1101,0.11,0.1128,0.092666,1678078800000000000,71
ICUI,265056,171.04,161.25,171.04,159.74,1678078800000000000,9880
ICVT,115657,73.74,73.45,73.82,73.45,1678078800000000000,879
ICVX,113618,7.93,7.87,7.93,7.64,1678078800000000000,1798
ID,31290,0.4,0.399,0.40841,0.3667,1678078800000000000,308
IDA,228461,103.18,103.1,103.57,102.11,1678078800000000000,4613
IDAI,65852,0.5503,0.5977,0.6099,0.5503,1678078800000000000,212
IDAT,356,23.54,23.28,23.54,23.28,1678078800000000000,7
IDBA,1176,7.44,8.18,8.19,7.44,1678078800000000000,37
IDCC,200205,73.24,72.98,73.26,72.55,1678078800000000000,6781
IDE,60483,9.88,9.85,9.95,9.82,1678078800000000000,225
IDEV,290134,60.15,60.13,60.35,60.04,1678078800000000000,1960
IDEX,12690684,0.1276,0.1241,0.1285,0.1225,1678078800000000000,16950
IDHD,274,23.87,23.8864,23.8864,23.87,1678078800000000000,8
IDHQ,15195,25.96,25.8902,25.979,25.8757,1678078800000000000,102
IDLB,100,24.96,24.9829,24.9829,24.96,1678078800000000000,1
IDLV,13784,27.17,27.17,27.29,27.15,1678078800000000000,97
IDME,5590,19.8,19.76,19.8,19.71,1678078800000000000,37
IDMO,5238,32.97,32.9181,32.99,32.8453,1678078800000000000,30
IDN,32369,2.69,2.6721,2.81,2.6637,1678078800000000000,158
IDNA,29970,24.45,23.83,24.45,23.7357,1678078800000000000,556
IDOG,13733,27.91,27.9137,28,27.91,1678078800000000000,106
IDR,6304,5.1,5.26,5.2899,5.1,1678078800000000000,86
IDRV,50837,40.39,39.73,40.39,39.65,1678078800000000000,632
IDT,84783,30.5,30.2,30.74,29.93,1678078800000000000,1956
IDU,41485,81.58,82.03,82.3,81.58,1678078800000000000,318
IDV,597994,28.35,28.35,28.43,28.24,1678078800000000000,3064
IDVO,9652,27.39,27.3249,27.42,27.32,1678078800000000000,80
IDW,21043,0.9003,0.92,0.9327,0.9,1678078800000000000,121
IDX,20254,17.68,17.51,17.68,17.51,1678078800000000000,72
IDXX,246540,488.18,486.16,493.55,484.25,1678078800000000000,11100
IDYA,175294,17.28,16.86,17.28,16.74,1678078800000000000,4141
IE,510446,15.83,16.33,16.55,15.55,1678078800000000000,7558
IEDI,833,37.6801,37.34,37.6801,37.34,1678078800000000000,18
IEF,3747956,95.39,95,95.42,94.9343,1678078800000000000,19901
IEFA,11111902,66.31,66.32,66.555,66.2106,1678078800000000000,22764
IEI,1066328,114.13,113.88,114.13,113.82,1678078800000000000,6356
IEMG,7782864,48.9,48.81,49.13,48.77,1678078800000000000,28739
IEO,66794,92,91.52,92,90.64,1678078800000000000,870
IEP,537857,54.1,54.17,54.3,53.91,1678078800000000000,6374
IESC,44718,44.27,43.21,44.53,42.94,1678078800000000000,1234
IETC,8011,44.9,44.91,45.4615,44.8868,1678078800000000000,66
IEUR,227065,52.11,52.14,52.33,52.05,1678078800000000000,1964
IEUS,3954,54.9,54.8337,55,54.76,1678078800000000000,84
IEV,175105,49.52,49.57,49.74,49.5,1678078800000000000,1343
IEX,242303,228.55,227.27,230.2,227.09,1678078800000000000,8323
IEZ,191706,22.99,22.97,23.04,22.835,1678078800000000000,957
IFBD,44155,0.7,0.7,0.729,0.69,1678078800000000000,157
IFED,7,28.6977,28.6977,28.6977,28.6977,1678078800000000000,1
IFF,1229183,93.77,91.8,94.17,91.77,1678078800000000000,19279
IFGL,16845,21.47,21.5,21.56,21.44,1678078800000000000,122
IFN,61323,15.67,15.55,15.67,15.54,1678078800000000000,417
IFRA,213867,39.1,38.62,39.1586,38.48,1678078800000000000,1357
IFRX,32256,1.8,1.85,1.867,1.8,1678078800000000000,205
IFS,202203,24.29,23.96,24.4,23.92,1678078800000000000,343
IFV,30451,17.48,17.47,17.48,17.34,1678078800000000000,118
IG,9072,20.65,20.605,20.67,20.6,1678078800000000000,73
IGA,37448,8.87,8.85,8.95,8.84,1678078800000000000,335
IGBH,31762,23.87,23.67,23.87,23.63,1678078800000000000,118
IGC,75275,0.39,0.3894,0.3945,0.38,1678078800000000000,394
IGD,248235,5.34,5.31,5.36,5.3,1678078800000000000,794
IGE,197600,41.1,41.01,41.1309,40.83,1678078800000000000,525
IGEB,15888,43.669,43.53,43.681,43.52,1678078800000000000,131
IGF,176877,47.38,47.33,47.46,47.235,1678078800000000000,1798
IGHG,8196,72.48,72.26,72.555,72.26,1678078800000000000,127
IGI,107476,16.5,16.45,16.54,16.36,1678078800000000000,466
IGIB,2124020,49.89,49.67,49.9,49.65,1678078800000000000,6213
IGIC,79231,8.47,8.29,8.47,8.26,1678078800000000000,579
IGICW,25349,0.5701,0.5332,0.6,0.5284,1678078800000000000,209
IGLB,404535,50.91,50.37,50.91,50.37,1678078800000000000,2106
IGLD,1664,18.97,18.93,18.97,18.876,1678078800000000000,79
IGM,65686,319.51,318.2,322.72,317.965,1678078800000000000,592
IGMS,87007,21.78,21.66,22.37,21.26,1678078800000000000,2878
IGN,24506,69.21,68.9398,69.83,68.82,1678078800000000000,173
IGOV,137766,38.57,38.43,38.59,38.42,1678078800000000000,815
IGR,399339,6.61,6.71,6.73,6.57,1678078800000000000,2508
IGRO,27713,60.51,60.46,60.69,60.32,1678078800000000000,449
IGSB,4366211,49.84,49.77,49.86,49.75,1678078800000000000,6322
IGT,1973545,27.2,26.8,27.51,26.6,1678078800000000000,16041
IGTA,949251,10.29,10.305,10.32,10.285,1678078800000000000,428
IGTAR,33300,0.129,0.129,0.13,0.1225,1678078800000000000,42
IGTAU,3500,10.4,10.39,10.42,10.39,1678078800000000000,10
IGTR,37910,23.02,22.76,23.1599,22.76,1678078800000000000,57
IGV,1048359,290.17,288.5,293.04,288.26,1678078800000000000,21106
IH,28714,3.62,3.6,3.62,3.45,1678078800000000000,153
IHAK,76330,35.77,35.49,35.88,35.41,1678078800000000000,736
IHD,22506,5.35,5.37,5.3999,5.35,1678078800000000000,156
IHDG,165307,38.5,38.41,38.53,38.41,1678078800000000000,603
IHE,4814,178.73,177.81,178.74,177.45,1678078800000000000,173
IHF,19325,257.38,256.28,258.23,255.96,1678078800000000000,572
IHG,117151,68.59,69.24,69.37,68.57,1678078800000000000,2181
IHI,635557,53.3,52.78,53.46,52.6642,1678078800000000000,7511
IHIT,39824,8.16,8.18,8.19,8.15,1678078800000000000,157
IHRT,1644901,5.7,5.71,6.02,5.55,1678078800000000000,12152
IHS,84843,7.93,7.94,8.16,7.9,1678078800000000000,936
IHT,798,1.703,1.703,1.703,1.7,1678078800000000000,22
IHTA,34360,7.96,7.99,8.01,7.9403,1678078800000000000,95
IHY,5140,19.98,20,20.05,19.96,1678078800000000000,72
IHYF,32,21.63,21.63,21.63,21.63,1678078800000000000,5
IIF,13496,20.25,20.21,20.29,20.19,1678078800000000000,117
IIGD,32005,23.75,23.7243,23.77,23.71,1678078800000000000,244
IIGV,3967,22.74,22.65,22.74,22.65,1678078800000000000,65
III,148795,5.36,5.32,5.36,5.295,1678078800000000000,1639
IIIN,101575,30.59,29.15,30.59,28.78,1678078800000000000,2888
IIIV,158796,26.48,26.15,26.915,25.99,1678078800000000000,4142
IIM,60461,12.05,11.98,12.05,11.95,1678078800000000000,269
IINN,13831,1.56,1.59,1.6399,1.56,1678078800000000000,97
IINNW,5707,0.25,0.2137,0.27,0.2137,1678078800000000000,18
IIPR,171111,87.64,85.63,87.8925,85.46,1678078800000000000,6030
IIPRpA,637,26.2512,26.2512,26.2512,26.2512,1678078800000000000,8
IIVI,2640,195.88,190.03,195.88,190,1678078800000000000,170
IJAN,108515,28.1423,28.19,28.2099,28.1325,1678078800000000000,638
IJH,1503830,264.05,261.14,264.59,260.48,1678078800000000000,17659
IJJ,260180,110.81,109.33,111.1255,109.08,1678078800000000000,2996
IJK,211968,74.03,73.39,74.0899,73.1581,1678078800000000000,1806
IJR,5170075,104.19,101.78,104.19,101.295,1678078800000000000,64100
IJS,393387,102.26,99.72,102.57,99.29,1678078800000000000,4373
IJT,81469,116.71,114.44,116.71,113.87,1678078800000000000,1162
IJUL,41606,25.166,25.17,25.21,25.11,1678078800000000000,22
IKNA,38206,4.77,4.4,4.81,4.32,1678078800000000000,572
IKT,48607,0.714951,0.7123,0.7399,0.6944,1678078800000000000,255
ILAG,61648,1.54,1.47,1.54,1.4,1678078800000000000,518
ILCB,7488,56.02,55.83,56.2101,55.81,1678078800000000000,73
ILCG,482371,53.59,53.46,54.01,53.46,1678078800000000000,959
ILCV,31473,64.98,64.94,65.26,64.86,1678078800000000000,213
ILDR,1236,15.72,15.7025,15.72,15.7025,1678078800000000000,5
ILF,359465,24.13,24.34,24.42,24.04,1678078800000000000,2211
ILMN,1782995,220.56,215.63,222.96,215.3,1678078800000000000,30947
ILPT,2763779,4,3.94,4.0789,3.7358,1678078800000000000,20636
ILTB,27163,52.02,51.5129,52.02,51.49,1678078800000000000,275
IMAB,513555,4.41,4.09,4.445,3.97,1678078800000000000,3684
IMAQ,2307,10.465,10.465,10.465,10.465,1678078800000000000,56
IMAQR,500,0.1,0.1,0.1,0.1,1678078800000000000,1
IMAX,349839,18.76,18.38,18.88,18.31,1678078800000000000,6061
IMBI,29463,0.721,0.6904,0.7273,0.6826,1678078800000000000,206
IMBIL,1580,10.25,11.1,11.1999,10.25,1678078800000000000,12
IMCB,10929,63.18,62.85,63.45,62.7052,1678078800000000000,115
IMCC,115646,0.8693,0.7475,0.8693,0.73,1678078800000000000,543
IMCG,71276,59.28,58.82,59.4893,58.73,1678078800000000000,806
IMCR,235042,53.98,52.08,53.98,51.66,1678078800000000000,4960
IMCV,59306,65.62,65.23,65.8059,65.11,1678078800000000000,194
IMFL,379,22.8984,22.7,22.8984,22.7,1678078800000000000,6
IMGN,2224819,4.34,4.17,4.38,4.11,1678078800000000000,12975
IMH,41878,0.36,0.38,0.3825,0.3154,1678078800000000000,383
IMKTA,93487,92.78,91.4,92.78,91.08,1678078800000000000,3273
IMMP,43414,1.72,1.755,1.7769,1.72,1678078800000000000,262
IMMR,426084,7.7,7.67,7.72,7.51,1678078800000000000,5171
IMMX,53238,2.16,2.2,2.3,2.13,1678078800000000000,349
IMNM,30815,4.51,4.47,4.58,4.3,1678078800000000000,180
IMNN,96052,1.54,1.44,1.54,1.4199,1678078800000000000,433
IMO,271851,51.74,51.92,51.99,50.91,1678078800000000000,5706
IMOM,3564,26.41,26.4228,26.4901,26.3913,1678078800000000000,48
IMOS,54369,23.95,23.68,24.1,23.39,1678078800000000000,882
IMPL,18616,1.4,1.37,1.49,1.35,1678078800000000000,180
IMPP,6371367,0.2,0.1905,0.21,0.19,1678078800000000000,9348
IMPPP,2209,20.45,20.4499,20.45,20.35,1678078800000000000,18
IMRN,3005,1.91,1.9038,1.98,1.9038,1678078800000000000,30
IMRX,26255,5.11,5.19,5.28,4.97,1678078800000000000,255
IMSI,1,49.675,49.675,49.675,49.675,1678078800000000000,1
IMTB,26059,42.75,42.64,42.75,42.6,1678078800000000000,175
IMTE,58382,0.502,0.5263,0.53,0.502,1678078800000000000,160
IMTM,86124,32.19,32.22,32.29,32.18,1678078800000000000,546
IMTX,119721,8.57,8.4,8.57,8.28,1678078800000000000,1446
IMUX,1628763,1.91,2.23,2.27,1.895,1678078800000000000,7105
IMV,586730,0.74,0.6998,0.84,0.679,1678078800000000000,1292
IMVT,777414,17.13,16.82,17.29,16.695,1678078800000000000,11272
IMXI,420831,25.77,25.32,25.81,25.17,1678078800000000000,7090
INAB,46884,1.53,1.51,1.5911,1.46,1678078800000000000,221
INAQ,2114,10.19,10.19,10.19,10.19,1678078800000000000,18
INBK,47235,26.51,25.89,26.6,25.82,1678078800000000000,1115
INBS,12136,6.3,5.91,6.3,5.9023,1678078800000000000,295
INBX,348457,24.08,23.69,24.51,23.45,1678078800000000000,7044
INC,0,26.3061,26.3061,26.3061,26.3061,1678078800000000000,0
INCO,3755,45.56,45.3696,45.67,45.35,1678078800000000000,68
INCR,142075,2.4,2.38,2.42,2.2901,1678078800000000000,816
INCY,1806219,75.8,75.85,76.24,75.11,1678078800000000000,30719
INDA,2346680,40.24,40.19,40.35,40.13,1678078800000000000,11931
INDB,242628,78.03,77.37,78.385,77.03,1678078800000000000,8007
INDF,1372,30.97,31.0454,31.0454,30.97,1678078800000000000,19
INDI,1890323,11.05,10.76,11.095,10.73,1678078800000000000,16458
INDIW,158070,3.53,3.44,3.67,3.44,1678078800000000000,1021
INDL,21840,42.01,41.9173,42.33,41.85,1678078800000000000,304
INDO,89117,5.54,5.41,5.54,5.33,1678078800000000000,793
INDP,4351,1.7703,1.6802,1.7703,1.6802,1678078800000000000,62
INDS,19797,41.17,41.11,41.2,40.9696,1678078800000000000,223
INDT,133807,66.32,66.25,66.37,66.25,1678078800000000000,1880
INDY,63959,42.1,42.15,42.2899,42.1,1678078800000000000,250
INFA,1537917,17.12,17.29,17.48,16.93,1678078800000000000,7701
INFI,1301548,0.2319,0.2348,0.2366,0.22,1678078800000000000,1924
INFL,120311,31.32,31.15,31.32,31.06,1678078800000000000,354
INFN,3756353,7.43,7.25,7.535,7.185,1678078800000000000,27195
INFR,27,24.1691,24.1691,24.1691,24.1691,1678078800000000000,2
INFU,31351,9.38,9.58,9.6,9.37,1678078800000000000,643
INFY,7379211,18.34,18.26,18.34,18.22,1678078800000000000,30988
ING,1550365,14.31,14.33,14.38,14.28,1678078800000000000,6823
INGN,309401,15.48,14.81,15.48,14.72,1678078800000000000,7052
INGR,459694,99.88,98.73,100.2699,97.94,1678078800000000000,8080
INKA,16308,10.4312,10.44,10.45,10.42,1678078800000000000,74
INKM,10507,30.58,30.49,30.61,30.481,1678078800000000000,108
INKT,2356,2.15,2.11,2.1892,2.089,1678078800000000000,41
INLX,8346,4.205,4.38,4.38,4.1609,1678078800000000000,56
INM,154037,1.19,1.23,1.47,1.0881,1678078800000000000,649
INMB,57547,8.75,8.39,8.75,8.195,1678078800000000000,545
INMD,862226,35.26,35.02,36.07,34.9622,1678078800000000000,13702
INMU,7042,23.19,23.1949,23.22,23.19,1678078800000000000,5
INN,583232,7.77,7.63,7.7775,7.56,1678078800000000000,5846
INNpE,3333,20.25,20.23,20.25,19.77,1678078800000000000,48
INNpF,5328,19.22,19.01,19.22,19.01,1678078800000000000,45
INNO,1150,12.46,12.35,12.4862,12.35,1678078800000000000,5
INNV,33739,7.61,7.55,7.81,7.39,1678078800000000000,650
INO,4605320,1.31,1.21,1.3107,1.19,1678078800000000000,10454
INOD,115325,7.28,7.09,7.54,6.93,1678078800000000000,1168
INPX,2010663,0.9373,0.8348,0.9373,0.81,1678078800000000000,4248
INPXV,6250,1.1,0.7354,1.1,0.7354,1678078800000000000,20
INQQ,322,10.453,10.453,10.453,10.453,1678078800000000000,9
INSE,119579,16.3,16.14,16.36,15.755,1678078800000000000,2261
INSG,414059,0.8185,0.8306,0.886,0.8185,1678078800000000000,2817
INSI,85235,15.56,15.51,15.62,15.46,1678078800000000000,276
INSM,858316,20.62,20.55,20.78,20.2,1678078800000000000,11768
INSP,205902,263.41,266.07,266.89,261.76,1678078800000000000,7584
INST,106049,25.32,24.99,25.66,24.7001,1678078800000000000,2288
INSW,635047,52.88,51.54,52.88,50.6189,1678078800000000000,11273
INT,508224,28,26.86,28.15,26.57,1678078800000000000,7244
INTA,479586,39,40.88,41.71,38.78,1678078800000000000,9078
INTC,37678343,26.47,25.99,26.54,25.93,1678078800000000000,175552
INTEU,2100,10.27,10.25,10.32,10.24,1678078800000000000,18
INTF,48020,26.42,26.4,26.49,26.371,1678078800000000000,249
INTL,3546,20.63,20.6,20.7,20.6,1678078800000000000,18
INTR,345726,1.9,1.97,2.04,1.88,1678078800000000000,2422
INTT,167486,14.49,15.11,15.58,14.44,1678078800000000000,2385
INTU,1454805,408.58,412.71,419.71,406.72,1678078800000000000,38109
INTZ,30525,2.19,2.24,2.2537,2.13,1678078800000000000,191
INUV,124416,0.4,0.385,0.4,0.380201,1678078800000000000,399
INVA,944335,11.05,11.02,11.155,10.9101,1678078800000000000,12320
INVE,129810,7.11,7.09,7.56,7.0501,1678078800000000000,1468
INVH,2800631,32,31.87,32.2,31.63,1678078800000000000,25300
INVO,27177,0.6155,0.5964,0.6155,0.5629,1678078800000000000,182
INVZ,934882,4.37,4.15,4.44,4.11,1678078800000000000,7598
INVZW,269,1.3,1.3,1.3,1.3,1678078800000000000,5
INZY,658752,3.1,2.98,3.13,2.9,1678078800000000000,4244
IOAC,5575,10.56,10.57,10.57,10.56,1678078800000000000,10
IOBT,5801,2.63,2.59,2.68,2.58,1678078800000000000,39
IOCT,3077,24.9901,25.0201,25.04,24.9901,1678078800000000000,8
ION,1701,39.75,39.5885,39.85,39.05,1678078800000000000,40
IONM,214811,4.44,4.9999,5.39,4.2,1678078800000000000,4341
IONQ,2333712,5.07,4.93,5.21,4.9,1678078800000000000,18258
IONQ.WS,17695,1.15,1.13,1.2,1.13,1678078800000000000,38
IONR,15647,9.98,10.33,10.39,9.98,1678078800000000000,153
IONS,543869,36.5,36.25,36.82,35.9,1678078800000000000,11230
IOO,35365,67.57,67.72,68.1,67.57,1678078800000000000,333
IOSP,118299,111.11,105.7,111.3,103.69,1678078800000000000,4353
IOT,6877796,20.01,19.86,20.43,19.63,1678078800000000000,62351
IOVA,2698193,7.44,6.94,7.44,6.9,1678078800000000000,20217
IP,3249845,37.555,36.62,37.58,36.43,1678078800000000000,33927
IPA,42943,4.3,4.1,4.3,4,1678078800000000000,185
IPAC,19964,55.96,55.86,56.0424,55.7803,1678078800000000000,192
IPAR,203954,139.17,138.39,139.98,135.21,1678078800000000000,9890
IPAY,30523,43.48,43.33,43.82,43.26,1678078800000000000,369
IPB,7300,24.91,25.09,25.14,24.9,1678078800000000000,56
IPDN,69947,2.64,2.63,2.7,2.57,1678078800000000000,586
IPDP,441,14.76,14.6908,14.7601,14.6908,1678078800000000000,7
IPG,2703730,35.83,35.64,35.935,35.39,1678078800000000000,25346
IPGP,256217,127.12,122.38,127.12,121.79,1678078800000000000,7166
IPHA,17370,3.15,2.93,3.25,2.77,1678078800000000000,208
IPI,232902,33.85,32.17,33.9499,32.0096,1678078800000000000,4747
IPKW,30102,35.7,35.69,35.7529,35.6503,1678078800000000000,156
IPO,49514,28.78,28.46,29.01,28.44,1678078800000000000,405
IPOS,655,17,16.985,17.01,16.94,1678078800000000000,11
IPPP,4,9.7758,9.7758,9.7758,9.7758,1678078800000000000,3
IPSC,312505,4.7,5.11,5.15,4.7,1678078800000000000,3105
IPVI,11152,10.23,10.25,10.25,10.23,1678078800000000000,27
IPVIU,1000,10.24,10.2401,10.2401,10.24,1678078800000000000,2
IPW,5281,0.76,0.74005,0.76,0.74,1678078800000000000,48
IPWR,24348,11.7418,11.58,11.7418,11.33,1678078800000000000,229
IPX,6237,5.99,5.9,6.1,5.9,1678078800000000000,58
IQ,12592081,7.795,7.59,7.86,7.5315,1678078800000000000,31994
IQDE,1455,20.18,20.14,20.2,20.14,1678078800000000000,9
IQDF,47478,22.09,22.06,22.15,22.0519,1678078800000000000,157
IQDG,57058,32.57,32.61,32.73,32.56,1678078800000000000,214
IQDY,19031,26.36,26.37,26.4301,26.34,1678078800000000000,87
IQHI,200,25.72,25.72,25.72,25.72,1678078800000000000,1
IQI,136112,9.44,9.4,9.44,9.38,1678078800000000000,449
IQIN,4938,30.75,30.7555,30.76,30.75,1678078800000000000,56
IQLT,632935,34.54,34.49,34.64,34.445,1678078800000000000,2030
IQM,259,42.11,41.8479,42.11,41.8479,1678078800000000000,15
IQMDU,492,10.26,10.27,10.27,10.26,1678078800000000000,3
IQMDW,2468,0.0721,0.08,0.09,0.051,1678078800000000000,25
IQSI,1113,26.42,26.3494,26.4202,26.3494,1678078800000000000,12
IQSM,0,28.5379,28.5379,28.5379,28.5379,1678078800000000000,0
IQSU,5220,34.36,34.4365,34.699,34.36,1678078800000000000,59
IQV,750201,220.78,219.57,223.98,219.53,1678078800000000000,20010
IR,2122026,59.37,59.87,60.355,59.37,1678078800000000000,24639
IRAA,413,10.16,10.16,10.16,10.16,1678078800000000000,6
IRBA,974,9.0636,9.04,9.0636,9.04,1678078800000000000,2
IRBO,115614,30.81,30.57,31,30.48,1678078800000000000,1518
IRBT,261247,42.89,42.9,43,42.61,1678078800000000000,5472
IRDM,820797,62.05,61.05,62.28,60.2013,1678078800000000000,16308
IREN,646746,2.61,2.64,2.82,2.5,1678078800000000000,4842
IRIX,2484,2.28,2.2,2.28,2.2,1678078800000000000,44
IRM,1309196,54.76,54.88,55.23,54.6,1678078800000000000,23054
IRMD,29914,38.4,38.33,38.585,37.79,1678078800000000000,827
IRNT,562441,0.4974,0.4529,0.5,0.45,1678078800000000000,1883
IRNT.WS,1950,0.0376,0.0425,0.047,0.0362,1678078800000000000,14
IRON,56977,24.62,24.73,25.025,24.15,1678078800000000000,1783
IROQ,2286,17.9,17.5,17.9,17.5,1678078800000000000,46
IRRX.WS,15255,0.27,0.27,0.2705,0.27,1678078800000000000,28
IRS,79591,6.45,6.55,6.84,6.416,1678078800000000000,410
IRT,1996021,17.98,17.69,18.08,17.665,1678078800000000000,16240
IRTC,421363,118.61,117.43,119.1,116.13,1678078800000000000,7511
IRVH,22,21.53,21.53,21.53,21.53,1678078800000000000,2
IRWD,2109165,11.23,10.97,11.23,10.8,1678078800000000000,18046
ISCB,5751,51.27,49.7463,51.27,49.69,1678078800000000000,38
ISCF,26934,31.53,31.53,31.64,31.48,1678078800000000000,171
ISCG,50874,40.79,39.93,40.89,39.82,1678078800000000000,184
ISCV,7019,57.34,56.2175,57.34,56.1,1678078800000000000,108
ISD,63923,12.71,12.63,12.72,12.605,1678078800000000000,393
ISDB,200,24.99,24.98,24.99,24.98,1678078800000000000,2
ISDR,25906,25.63,23.1,25.63,22.6,1678078800000000000,708
ISDX,247526,29.11,29.04,29.13,28.9939,1678078800000000000,170
ISEE,1147357,23.21,23.08,23.45,22.815,1678078800000000000,16489
ISEM,3628,24.5,24.4,24.53,24.24,1678078800000000000,38
ISHG,11394,68.47,68.54,68.69,68.47,1678078800000000000,44
ISHP,23,26.06,26.06,26.06,26.06,1678078800000000000,4
ISIG,2597,9.29,9.4,9.4,9.29,1678078800000000000,71
ISMD,36665,33.25,32.48,33.25,32.38,1678078800000000000,184
ISO,76534,1.08,0.9984,1.132,0.9899,1678078800000000000,288
ISPC,8736,1.53,1.5,1.5674,1.5,1678078800000000000,120
ISPO,477242,1.13,0.9818,1.13,0.95,1678078800000000000,1713
ISPOW,14908,0.0984,0.0916,0.0984,0.0915,1678078800000000000,30
ISRA,583,36.8925,36.825,36.8925,36.825,1678078800000000000,19
ISRG,1188685,233.59,234.85,236.7791,233.04,1678078800000000000,31517
ISRL,337198,10.15,10.17,10.2,10.15,1678078800000000000,216
ISRLU,159690,10.454,10.31,10.75,10.31,1678078800000000000,74
ISRLW,41538,0.13,0.13,0.13,0.13,1678078800000000000,3
ISSC,4336,7.94,7.81,7.94,7.8,1678078800000000000,198
ISTB,725001,46.38,46.31,46.3899,46.29,1678078800000000000,2104
ISTR,38928,19.4,19.24,19.42,19.08,1678078800000000000,352
ISUN,34747,1.4899,1.46,1.52,1.4596,1678078800000000000,205
ISVL,495,32.25,32.2424,32.25,32.2424,1678078800000000000,28
ISWN,1675,18.94,18.9067,19.005,18.9067,1678078800000000000,8
ISZE,12800,25.74,25.65,25.75,25.63,1678078800000000000,166
IT,434912,335.34,341.42,341.985,334.2,1678078800000000000,13085
ITA,861038,117.75,117.51,118.14,117.18,1678078800000000000,9997
ITAN,5168,22.46,22.2017,22.46,22.2017,1678078800000000000,19
ITAQ,5036,10.32,10.33,10.345,10.32,1678078800000000000,14
ITAQW,1875,0.08,0.07,0.08,0.07,1678078800000000000,8
ITB,2102331,68.55,67.7,68.78,67.49,1678078800000000000,21191
ITCB,7876,3.6,3.61,3.66,3.58,1678078800000000000,55
ITCI,854851,45.78,47.59,47.62,45.47,1678078800000000000,18920
ITEQ,4237,47.32,47,47.6964,46.93,1678078800000000000,76
ITGR,633395,76.61,73.89,77.34,73.31,1678078800000000000,14608
ITI,50777,4.7,4.7,4.7,4.54,1678078800000000000,725
ITIC,14372,158.56,150.2,158.56,150.2,1678078800000000000,518
ITM,287975,45.46,45.45,45.46,45.37,1678078800000000000,954
ITOS,403919,17.33,16.63,17.33,16.03,1678078800000000000,5422
ITOT,934751,90.49,90.21,90.94,90.09,1678078800000000000,12024
ITP,9619,0.54,0.5402,0.5788,0.54,1678078800000000000,80
ITRG,61930,0.56,0.54,0.578,0.521,1678078800000000000,159
ITRI,254846,57.08,55.17,57.28,54.95,1678078800000000000,6715
ITRM,50513,1.21,1.1,1.25,1.09,1678078800000000000,202
ITRN,29320,22.8,22.73,22.87,22.43,1678078800000000000,613
ITT,295357,93.94,92.44,94.13,92.07,1678078800000000000,7578
ITUB,32193519,4.61,4.77,4.82,4.6,1678078800000000000,28516
ITW,622096,238.88,238.71,240.88,238.59,1678078800000000000,17083
IUS,46032,38.14,38.11,38.34,38.09,1678078800000000000,218
IUSB,1066168,45.11,44.93,45.12,44.9,1678078800000000000,3279
IUSG,402133,86.41,86.42,87.06,86.3295,1678078800000000000,2209
IUSS,7121,37.22,36.55,37.29,36.4631,1678078800000000000,62
IUSV,442535,75,74.65,75.33,74.5854,1678078800000000000,2362
IVA,10380,5.04,5.05,5.05,4.95,1678078800000000000,158
IVAC,110795,7.17,7.07,7.32,7.06,1678078800000000000,1326
IVAL,8593,24.15,24.05,24.17,23.98,1678078800000000000,96
IVCB,2475926,10.42,10.41,10.4202,10.4,1678078800000000000,1170
IVCP,48429,10.26,10.28,10.28,10.26,1678078800000000000,29
IVCPW,10906,0.0924,0.0992,0.1,0.0924,1678078800000000000,34
IVDA,354776,1.14,1.11,1.19,1.08,1678078800000000000,861
IVDAW,4167,0.1061,0.265,0.265,0.1061,1678078800000000000,61
IVDG,50,10.2791,10.2791,10.2791,10.2791,1678078800000000000,8
IVE,390510,153.6,153.04,154.36,152.915,1678078800000000000,4321
IVEG,50,21.33,21.33,21.33,21.33,1678078800000000000,7
IVES,3956,32.62,32.33,32.77,32.33,1678078800000000000,12
IVH,108049,11.7,11.64,11.84,11.64,1678078800000000000,735
IVLC,29,12.6636,12.6636,12.6636,12.6636,1678078800000000000,4
IVLU,198933,25.26,25.3,25.345,25.24,1678078800000000000,800
IVOG,4420,183.6,181.6003,183.6,181.6003,1678078800000000000,171
IVOL,128653,20.97,20.93,20.97,20.87,1678078800000000000,653
IVOO,83921,178.88,176.62,178.88,176.45,1678078800000000000,437
IVOV,12521,169.065,166.569,169.19,166.569,1678078800000000000,287
IVR,1064204,12.32,12.3,12.38,12.22,1678078800000000000,10916
IVRpB,12719,21.66,21.6,21.66,20.91,1678078800000000000,144
IVRpC,15376,21.5,21.15,21.5,21.15,1678078800000000000,231
IVRA,1032,13.93,13.89,13.93,13.89,1678078800000000000,12
IVRS,664,25.4199,25.0282,25.42,25.0282,1678078800000000000,31
IVSG,622,10.13,10.14,10.15,10.13,1678078800000000000,20
IVT,228753,23.14,22.9,23.23,22.855,1678078800000000000,3907
IVV,5754570,407.06,406.54,409.38,405.9641,1678078800000000000,58847
IVVD,90557,1.74,1.83,1.83,1.71,1678078800000000000,1062
IVW,906670,61.92,62.01,62.47,61.92,1678078800000000000,6303
IVZ,4879521,17.93,17.57,17.93,17.45,1678078800000000000,28435
IWB,626997,223.82,223.36,225.19,223.14,1678078800000000000,8660
IWC,16900,116.48,114.06,116.48,113.63,1678078800000000000,363
IWD,935899,156.78,156.41,157.39,156.1657,1678078800000000000,10172
IWDL,0,29.3069,29.3069,29.3069,29.3069,1678078800000000000,0
IWF,1256621,234.81,234.41,236.96,234.24,1678078800000000000,13433
IWFG,11,28.0921,28.0921,28.0921,28.0921,1678078800000000000,1
IWFH,13,14.658,14.658,14.658,14.658,1678078800000000000,2
IWFL,0,19.0852,19.0852,19.0852,19.0852,1678078800000000000,0
IWIN,2466,21.81,21.7108,21.85,21.7108,1678078800000000000,8
IWL,47351,95.31,95.22,95.9,95.13,1678078800000000000,379
IWLG,0,27.221,27.221,27.221,27.221,1678078800000000000,0
IWM,23185227,191.56,188.7,191.74,187.9,1678078800000000000,165260
IWML,101,17.78,17.3293,17.78,17.3293,1678078800000000000,2
IWN,858124,150.54,148.06,150.75,147.44,1678078800000000000,9568
IWO,355289,238.54,235.09,238.54,234.14,1678078800000000000,5614
IWP,397152,92.53,91.77,92.89,91.67,1678078800000000000,3826
IWR,1053233,72.86,72.27,73.04,72.15,1678078800000000000,7863
IWS,831878,112.28,111.35,112.56,111.17,1678078800000000000,4737
IWTR,77,27.6647,27.6647,27.6647,27.6647,1678078800000000000,3
IWV,104237,235.22,234.41,236.33,234.12,1678078800000000000,1289
IWX,120266,66.2,66.16,66.43,66.07,1678078800000000000,481
IWY,165062,131.88,131.75,133.07,131.65,1678078800000000000,1636
IX,15758,90.98,90.69,91.11,90.48,1678078800000000000,551
IXAQ,44782,10.27,10.27,10.3,10.264,1678078800000000000,49
IXAQW,132305,0.0175,0.0192,0.0192,0.0168,1678078800000000000,26
IXC,430537,39.53,39.68,39.74,39.36,1678078800000000000,2498
IXG,17156,75.04,75.22,75.49,75.04,1678078800000000000,202
IXHL,1617,2.43,2.505,2.56,2.41,1678078800000000000,60
IXJ,193530,81.79,81.68,81.99,81.46,1678078800000000000,1517
IXN,146520,50.8,50.72,51.38,50.69,1678078800000000000,1821
IXP,9797,61.12,61.04,61.5301,60.94,1678078800000000000,143
IXSE,134,30.4123,30.4123,30.4123,30.4123,1678078800000000000,6
IXUS,1777867,61.72,61.67,61.935,61.59,1678078800000000000,7180
IYC,64851,63.81,63.32,64.2,63.32,1678078800000000000,427
IYE,531877,45.98,46.22,46.28,45.82,1678078800000000000,2468
IYF,82477,79.65,79.63,80.14,79.48,1678078800000000000,1247
IYG,37326,169.93,170.06,171.14,169.88,1678078800000000000,565
IYH,48425,271.53,271.27,272.83,270.88,1678078800000000000,813
IYJ,47348,102.84,102.54,103.22,102.41,1678078800000000000,334
IYK,79673,194.51,195.41,195.61,194.28,1678078800000000000,838
IYLD,23202,19.42,19.46,19.545,19.42,1678078800000000000,103
IYM,36274,139.98,138.03,139.98,137.75,1678078800000000000,404
IYR,6009574,88.6799,87.97,88.78,87.81,1678078800000000000,57058
IYT,209753,236.52,235.15,238.705,235.06,1678078800000000000,3205
IYW,434469,86.28,86.01,87.32,85.9044,1678078800000000000,3152
IYY,26140,99.52,99.3,100.05,99.18,1678078800000000000,299
IYZ,2434598,23.22,23.07,23.31,23.05,1678078800000000000,6224
IZEA,136977,0.63,0.6401,0.6498,0.6201,1678078800000000000,374
IZRL,12180,18.04,17.87,18.16,17.86,1678078800000000000,185
J,520411,123.37,122.13,123.56,121.91,1678078800000000000,11968
JAAA,243926,49.78,49.76,49.78,49.67,1678078800000000000,1122
JACK,330950,87.28,87.28,87.34,86.28,1678078800000000000,13509
JAGX,1123946,1.54,1.45,1.565,1.44,1678078800000000000,4245
JAKK,136747,19.8,18.54,19.87,18.51,1678078800000000000,1902
JAMF,304128,21.4,21.5,21.6,21.01,1678078800000000000,4386
JAN,8166,1.51,1.5,1.52,1.49,1678078800000000000,58
JANT,4018,26.6799,26.5297,26.69,26.5297,1678078800000000000,17
JANW,49707,27.33,27.2668,27.35,27.25,1678078800000000000,72
JANX,44530,16.08,15.78,16.24,15.58,1678078800000000000,1066
JANZ,0,26.8496,26.8496,26.8496,26.8496,1678078800000000000,0
JAQC,294,10.1,10.06,10.1,10.06,1678078800000000000,5
JAQCU,100,10.06,10.06,10.06,10.06,1678078800000000000,1
JAQCW,6478,0.085,0.0795,0.1296,0.0744,1678078800000000000,70
JATT,65414,10.463,10.42,10.6,10.39,1678078800000000000,156
JAVA,31527,53.37,53.14,53.399,53.045,1678078800000000000,217
JAZZ,498387,145.25,142.78,146.07,142.26,1678078800000000000,13580
JBBB,17490,45.9,45.865,45.9299,45.865,1678078800000000000,100
JBGS,3525369,16.33,16.32,16.67,16.23,1678078800000000000,29358
JBHT,454945,185.62,185.48,188.28,185.21,1678078800000000000,16496
JBI,206537,10.9,10.83,10.9178,10.73,1678078800000000000,3534
JBL,1479798,85.38,84.51,85.68,84.25,1678078800000000000,19354
JBLU,11495637,8.36,8.4,8.67,8.3101,1678078800000000000,46126
JBSS,101794,90.42,88.88,91.17,88.39,1678078800000000000,5667
JBT,211616,114.17,109.73,114.17,107.9,1678078800000000000,6755
JCE,36974,12.9,12.9,12.98,12.84,1678078800000000000,176
JCI,3671050,65.31,65.55,65.73,65.19,1678078800000000000,38368
JCPB,92017,46.26,46.125,46.26,46.1141,1678078800000000000,624
JCPI,5970,46.5,46.44,46.53,46.44,1678078800000000000,62
JCSE,47564,0.683,0.698601,0.7199,0.6828,1678078800000000000,93
JCTCF,1064,5.79,5.65,5.79,5.65,1678078800000000000,22
JCTR,2003,54.92,54.7696,54.92,54.7696,1678078800000000000,4
JD,7157778,47.67,47.92,48.72,47.23,1678078800000000000,69701
JDST,3060100,8.1,8.32,8.3991,8.04,1678078800000000000,7888
JEF,1404786,37.27,36.79,37.33,36.655,1678078800000000000,14216
JELD,622106,13.79,13.35,13.94,13.185,1678078800000000000,6688
JEMA,17222,36.17,36.05,36.27,36.0101,1678078800000000000,90
JEPI,3773972,54.08,54.11,54.3062,54.05,1678078800000000000,30523
JEPQ,1121044,42.99,42.83,43.2399,42.82,1678078800000000000,9094
JEQ,6218,5.5,5.49,5.5,5.48,1678078800000000000,45
JETS,2323569,20.19,19.99,20.33,19.96,1678078800000000000,13332
JEWL,61126,1.48,1.45,1.48,1.43,1678078800000000000,425
JFBR,329455,1.21,1.1499,1.22,1.09,1678078800000000000,941
JFBRW,6814,0.1991,0.2,0.2,0.1006,1678078800000000000,88
JFIN,9444,2.91,2.92,3.0397,2.9,1678078800000000000,75
JFR,67543,8.5,8.49,8.5,8.46,1678078800000000000,349
JFU,6550,1.98,1.9154,1.98,1.9154,1678078800000000000,56
JFWD,157,8.75,8.5744,8.75,8.5744,1678078800000000000,5
JG,90559,0.6697,0.6691,0.6697,0.64,1678078800000000000,193
JGGC,10603,10.9,10.38,10.9,10.3763,1678078800000000000,83
JGGCR,111580,0.2,0.205,0.22,0.2,1678078800000000000,230
JGGCU,1598,10.7,10.7,10.7,10.65,1678078800000000000,17
JGGCW,28439,0.1099,0.1151,0.12,0.1099,1678078800000000000,13
JGH,47687,11.83,11.75,11.8834,11.72,1678078800000000000,332
JGRO,45164,48.15,47.92,48.44,47.89,1678078800000000000,148
JHAA,3821,9.21,9.2225,9.24,9.21,1678078800000000000,17
JHCB,2256,20.7325,20.695,20.74,20.695,1678078800000000000,12
JHDV,302,28.06,27.8659,28.06,27.8659,1678078800000000000,4
JHEM,7506,24.3,24.26,24.36,24.26,1678078800000000000,63
JHG,1587229,27.44,26.97,27.88,26.89,1678078800000000000,15580
JHI,10908,12.94,12.97,13.0633,12.94,1678078800000000000,69
JHID,1,27.5331,27.5331,27.5331,27.5331,1678078800000000000,1
JHMB,103,21.3808,21.375,21.3808,21.375,1678078800000000000,4
JHMD,71179,30.56,30.54,30.65,30.46,1678078800000000000,260
JHML,21190,52.1,51.87,52.2132,51.8057,1678078800000000000,149
JHMM,172442,50.21,49.68,50.3,49.6327,1678078800000000000,1257
JHPI,1608,22.647,22.64,22.647,22.6383,1678078800000000000,12
JHS,76715,10.92,10.9,10.9628,10.88,1678078800000000000,151
JHSC,44861,33.68,33.32,33.7,33.19,1678078800000000000,166
JHX,75586,21.17,21.15,21.2613,20.98,1678078800000000000,874
JIB,4491,41.78,41.7368,41.8,41.7368,1678078800000000000,6
JIDA,2280,43.91,43.8419,43.99,43.8419,1678078800000000000,26
JIG,5192,56.1899,55.9151,56.21,55.9151,1678078800000000000,91
JILL,38294,27.84,27.98,28.53,27.84,1678078800000000000,914
JIRE,30309,54.51,54.4669,54.65,54.4,1678078800000000000,109
JJA,671,25.48,25.5601,25.655,25.48,1678078800000000000,12
JJC,7989,20.69,20.685,20.88,20.5,1678078800000000000,57
JJE,3,48.61,48.61,48.61,48.61,1678078800000000000,1
JJG,335,74.2251,74.2251,74.2251,74.2251,1678078800000000000,23
JJM,598,63.03,62.9701,63.03,62.7853,1678078800000000000,9
JJN,7881,32.45,32.8199,32.9799,32.1901,1678078800000000000,58
JJP,1665,60.94,62.035,62.25,60.94,1678078800000000000,10
JJS,2526,64.8352,65.04,65.24,64.8352,1678078800000000000,46
JJSF,105640,142.84,140.19,143.34,138.81,1678078800000000000,5756
JJT,210,77.295,77.2751,77.295,77.2751,1678078800000000000,1
JJU,163,49.71,49.625,49.71,49.625,1678078800000000000,10
JKHY,485909,166.48,164.71,167.3,164.67,1678078800000000000,13944
JKS,672313,56.99,57,57.98,56.47,1678078800000000000,10718
JLL,413620,174.08,170.07,175.435,170.07,1678078800000000000,10266
JLS,13607,16.62,16.52,16.77,16.4317,1678078800000000000,55
JMAC,16717,10.51,10.51,10.51,10.51,1678078800000000000,22
JMACU,900,10.6,10.78,10.78,10.6,1678078800000000000,9
JMACW,29820,0.120101,0.1179,0.121913,0.1179,1678078800000000000,140
JMBS,78950,45.49,45.32,45.49,45.278,1678078800000000000,719
JMEE,6904,50.78,50.07,50.78,49.98,1678078800000000000,109
JMIA,1894707,3.45,3.4,3.59,3.35,1678078800000000000,8799
JMM,64891,6.02,6,6.02,5.99,1678078800000000000,13
JMOM,22904,39.71,39.5825,39.8,39.5201,1678078800000000000,143
JMSB,15675,25.245,24.89,25.86,24.61,1678078800000000000,360
JMST,310824,50.52,50.51,50.5295,50.5,1678078800000000000,736
JMUB,102638,49.62,49.59,49.62,49.59,1678078800000000000,128
JNCE,3434422,1.1,1.08,1.11,1.01,1678078800000000000,5667
JNJ,8144742,154.66,155.56,155.73,154.565,1678078800000000000,99219
JNK,7973315,91.74,91.67,91.95,91.58,1678078800000000000,30062
JNPR,4548337,30.91,31.33,31.48,30.88,1678078800000000000,35983
JNUG,1564261,33.64,32.67,33.78,32.2816,1678078800000000000,13061
JO,13490,51.46,51.94,52.1,51.46,1678078800000000000,210
JOAN,222007,3.4,3.4,3.55,3.37,1678078800000000000,2481
JOB,663308,0.4321,0.43,0.435,0.419,1678078800000000000,917
JOBY,2029195,4.65,4.5,4.705,4.46,1678078800000000000,12118
JOBY.WS,10484,0.738,0.73,0.7699,0.726,1678078800000000000,44
JOE,211060,42.68,41.9,42.96,41.695,1678078800000000000,5626
JOET,8975,27.87,27.84,27.98,27.8027,1678078800000000000,143
JOF,33520,6.85,6.83,6.89,6.8202,1678078800000000000,142
JOJO,1314,15.2159,15.185,15.25,15.185,1678078800000000000,9
JOUT,72458,63.65,62.98,64.05,62.74,1678078800000000000,2359
JPC,302686,7.42,7.43,7.46,7.4077,1678078800000000000,1491
JPEM,29324,51.4,51.47,51.6,51.3868,1678078800000000000,137
JPI,38440,19.79,19.66,19.81,19.63,1678078800000000000,209
JPIB,14162,46.86,46.8366,46.99,46.7701,1678078800000000000,135
JPIE,39665,45.11,45.065,45.11,45.06,1678078800000000000,311
JPIN,33285,51.97,52.02,52.18,51.925,1678078800000000000,256
JPM,9224726,143.44,142.82,144.04,142.66,1678078800000000000,106786
JPMpC,71301,25.39,25.32,25.39,25.32,1678078800000000000,820
JPMpD,73520,24.85,24.8342,24.88,24.8093,1678078800000000000,570
JPMpJ,33652,21.14,21.15,21.17,21.03,1678078800000000000,405
JPMpK,161743,20.11,20.13,20.16,20.0201,1678078800000000000,1227
JPMpL,109420,20.43,20.43,20.455,20.3,1678078800000000000,966
JPMpM,158119,18.77,18.77,18.8899,18.723,1678078800000000000,994
JPMB,7109,38.875,38.69,38.875,38.675,1678078800000000000,77
JPME,10310,89.13,88.1695,89.13,88.1101,1678078800000000000,159
JPRE,2982,43.8002,43.6833,43.8003,43.67,1678078800000000000,23
JPS,331019,7.15,7.13,7.17,7.13,1678078800000000000,1324
JPSE,19312,42.34,41.46,42.34,41.31,1678078800000000000,264
JPST,6787965,50.18,50.16,50.19,50.16,1678078800000000000,7209
JPT,9131,18.46,18.7458,18.9,18.46,1678078800000000000,106
JPUS,7585,97.9648,97.4594,97.9648,97.4277,1678078800000000000,55
JPXN,133,61.2914,61.2914,61.2914,61.2914,1678078800000000000,22
JQC,439086,5.35,5.4,5.4,5.34,1678078800000000000,1365
JQUA,106310,40.58,40.58,40.818,40.52,1678078800000000000,564
JRE,1182,23.1645,23.2006,23.2006,23.13,1678078800000000000,13
JRI,96743,12.09,12.09,12.17,12.0701,1678078800000000000,521
JRNY,168,23.28,23.2387,23.28,23.2387,1678078800000000000,3
JRO,44859,8.34,8.38,8.4,8.34,1678078800000000000,232
JRS,81407,8.45,8.5,8.5,8.4,1678078800000000000,462
JRSH,9021,4.83,4.85,4.87,4.8044,1678078800000000000,125
JRVR,189115,24.46,24.13,24.725,23.89,1678078800000000000,4489
JSCP,30409,45.68,45.635,45.68,45.62,1678078800000000000,194
JSD,30914,12.34,12.38,12.4,12.3357,1678078800000000000,138
JSM,17791,19.75,19.535,20.12,19,1678078800000000000,148
JSMD,11566,58.21,57.15,58.25,57.06,1678078800000000000,99
JSML,3916,51.74,51.72,51.74,51.44,1678078800000000000,49
JSPR,1356570,1.91,2,2.02,1.91,1678078800000000000,5796
JSPRW,26271,0.15,0.15255,0.16,0.145,1678078800000000000,51
JSTC,242319,15.97,15.89,16.03,15.885,1678078800000000000,450
JT,3743,1.93,1.89,1.93,1.87,1678078800000000000,48
JUCY,48387,25,24.99,25,24.99,1678078800000000000,115
JUGG,6745,10.2,10.195,10.21,10.195,1678078800000000000,20
JUGGU,100,10.24,10.24,10.24,10.24,1678078800000000000,1
JULT,23047,28.86,28.9469,29.1,28.86,1678078800000000000,131
JULW,7550,27.85,27.7946,27.9,27.77,1678078800000000000,25
JULZ,12,33.0248,33.0248,33.0248,33.0248,1678078800000000000,1
JUN,94637,10.31,10.315,10.51,10.31,1678078800000000000,164
JUN.U,100,10.34,10.34,10.34,10.34,1678078800000000000,1
JUN.WS,7800,0.1672,0.17,0.17,0.15,1678078800000000000,48
JUNZ,0,24.6448,24.6448,24.6448,24.6448,1678078800000000000,0
JUPW,197151,0.42,0.41,0.4349,0.400116,1678078800000000000,553
JUPWW,3447,0.1001,0.1201,0.1248,0.1001,1678078800000000000,18
JUSA,103,46.4799,46.1479,46.4799,46.1479,1678078800000000000,4
JUST,8231,58.07,58.1408,58.41,58.07,1678078800000000000,72
JVA,16135,1.9,1.93,1.9999,1.9,1678078800000000000,146
JVAL,83800,35.1,34.83,35.18,34.81,1678078800000000000,333
JWAC,775,10.385,10.385,10.385,10.385,1678078800000000000,5
JWACR,5039,0.15,0.1332,0.15,0.1332,1678078800000000000,4
JWEL,18548,0.43,0.4035,0.43,0.395,1678078800000000000,73
JWN,6893843,19.91,19.63,20.1,19.6288,1678078800000000000,53253
JWSM,24308,10.03,10.02,10.03,10.01,1678078800000000000,88
JWSM.U,874,10.09,10.04,10.09,10.04,1678078800000000000,9
JWSM.WS,26428,0.0824,0.0801,0.0824,0.08,1678078800000000000,42
JXI,7645,58.1,58.33,58.33,58.1,1678078800000000000,162
JXJT,5940,0.75,0.725001,0.76,0.72,1678078800000000000,52
JXN,1176528,43.98,42.89,44.62,42.801,1678078800000000000,17281
JYNT,208932,15.65,15.86,16.25,15.26,1678078800000000000,2285
JZ,106507,1.26,1.35,1.45,1.26,1678078800000000000,436
JZRO,3252,24.53,24.3612,24.53,24.3612,1678078800000000000,10
JZXN,392489,0.1514,0.155,0.1696,0.15,1678078800000000000,999
K,1784743,65.23,65.1,65.4162,64.92,1678078800000000000,24631
KA,35537,5.6,6,6.13,5.6,1678078800000000000,727
KACLR,400,0.21,0.195,0.21,0.195,1678078800000000000,2
KAI,43999,219.43,217.69,220.85,215.46,1678078800000000000,1764
KAL,130170,4.12,4.415,4.503,4.1,1678078800000000000,1549
KALA,10881871,21.2,22.34,23.45,19,1678078800000000000,89908
KALL,415,22.3999,22.1744,22.4,22.1744,1678078800000000000,7
KALU,118168,83.76,80.73,83.76,80.14,1678078800000000000,4739
KALV,197309,8.15,7.65,8.16,7.59,1678078800000000000,2717
KALWW,13376,0.0452,0.0452,0.049799,0.041,1678078800000000000,27
KAMN,132195,26,24.76,26,24.68,1678078800000000000,3060
KAPR,2058,26.4155,26.4,26.4155,26.3417,1678078800000000000,19
KAR,701888,14.12,13.9,14.155,13.75,1678078800000000000,8597
KARB,31,36.5,36.5,36.5,36.5,1678078800000000000,3
KARO,47516,25.4,25.01,26.9,24.5,1678078800000000000,800
KARS,16612,31.63,31.28,31.63,31.24,1678078800000000000,187
KAVL,32916,0.62,0.6262,0.63,0.615,1678078800000000000,246
KB,127871,38.85,38.8,39.03,38.66,1678078800000000000,2542
KBA,89831,26.58,26.41,26.6299,26.41,1678078800000000000,838
KBAL,227889,6.88,6.74,6.88,6.72,1678078800000000000,2195
KBE,1830675,47.94,47.6,48.35,47.51,1678078800000000000,16269
KBH,1519743,35.045,34.99,35.63,34.85,1678078800000000000,22884
KBND,101,31.22,31.22,31.22,31.22,1678078800000000000,5
KBNT,108101,0.7115,0.708,0.7702,0.6635,1678078800000000000,278
KBNTW,2300,0.0997,0.0997,0.0997,0.0997,1678078800000000000,2
KBR,917708,55.25,54.73,55.41,54.56,1678078800000000000,12812
KBUY,2105,20.17,20.1201,20.24,20.12,1678078800000000000,8
KBWB,2525013,56.31,56.06,56.71,55.96,1678078800000000000,11583
KBWD,60714,16.13,16.04,16.2098,16.04,1678078800000000000,721
KBWP,13232,90.97,89.99,90.97,89.83,1678078800000000000,220
KBWR,2414,58.38,57.8113,58.5037,57.74,1678078800000000000,30
KBWY,79697,20.9,20.73,20.96,20.68,1678078800000000000,765
KC,740094,4.5,4.41,4.56,4.385,1678078800000000000,5781
KCAL,818,26.099,26.0961,26.099,26.06,1678078800000000000,7
KCCA,13591,24.06,23.8,24.09,23.8,1678078800000000000,118
KCE,6240,88.7201,88.2821,89.44,88.2821,1678078800000000000,99
KCGI,100269,10.38,10.38,10.38,10.38,1678078800000000000,5
KCGI.U,100,10.31,10.31,10.31,10.31,1678078800000000000,1
KCGI.WS,329496,0.2011,0.2346,0.245,0.2002,1678078800000000000,165
KD,1260116,15.8,15.5,15.999,15.5,1678078800000000000,15885
KDIV,0,26.5551,26.5551,26.5551,26.5551,1678078800000000000,0
KDNY,418827,24.59,23.18,24.59,23.09,1678078800000000000,8299
KDP,6940161,34.54,34.82,34.94,34.44,1678078800000000000,54518
KDRN,0,22.17,22.17,22.17,22.17,1678078800000000000,0
KE,220362,26.04,25.48,26.3,25.35,1678078800000000000,3050
KEJI,0,12.6155,12.6155,12.6155,12.6155,1678078800000000000,0
KELYA,326401,17.09,16.86,17.51,16.69,1678078800000000000,5657
KEMQ,3534,15.2655,15.21,15.36,15.21,1678078800000000000,47
KEMX,7619,25.4401,25.3746,25.49,25.3746,1678078800000000000,20
KEN,17886,28.04,27.94,28.49,27.82,1678078800000000000,315
KEP,218411,6.9,6.93,6.99,6.88,1678078800000000000,1602
KEQU,1478,15.07,15.2,15.2,15.07,1678078800000000000,61
KERN,17326,0.9231,0.909,0.93,0.9001,1678078800000000000,179
KERNW,51400,0.018,0.02,0.02,0.018,1678078800000000000,16
KESG,1,19.8275,19.8275,19.8275,19.8275,1678078800000000000,1
KEUA,116799,33.82,33.6073,33.8899,33.44,1678078800000000000,751
KEX,263266,75.84,74.99,76.34,74.89,1678078800000000000,6801
KEY,11253551,18.33,18.15,18.56,18.04,1678078800000000000,49176
KEYpI,58740,25.45,25.25,25.64,25.22,1678078800000000000,594
KEYpJ,21694,23.57,23.68,23.7274,23.4528,1678078800000000000,225
KEYpK,30289,23.52,23.85,23.85,23.4091,1678078800000000000,522
KEYpL,53246,25.05,24.73,25.19,24.71,1678078800000000000,572
KEYS,1047680,160.34,159.36,161.425,158.95,1678078800000000000,21395
KF,19894,22.1,22.01,22.105,22,1678078800000000000,170
KFFB,2721,6.75,6.8623,6.8623,6.7,1678078800000000000,48
KFRC,155786,62.63,62.53,62.75,62.18,1678078800000000000,3840
KFS,30550,10.4,9.99,10.4,9.54,1678078800000000000,493
KFVG,38555,16.63,16.5546,16.65,16.55,1678078800000000000,72
KFY,294202,56.05,55.41,56.33,55.1,1678078800000000000,7708
KFYP,247,23.79,23.79,23.79,23.79,1678078800000000000,8
KGC,8817194,3.72,3.67,3.755,3.65,1678078800000000000,15943
KGHG,262,25.7882,25.72,25.7882,25.72,1678078800000000000,5
KGRN,85840,29.09,28.87,29.31,28.675,1678078800000000000,283
KGRO,50,15.8986,15.8986,15.8986,15.8986,1678078800000000000,3
KHC,4138727,38.95,38.99,39.06,38.74,1678078800000000000,43118
KHYB,1031,27.485,27.435,27.485,27.435,1678078800000000000,18
KIDS,118489,44.88,44.09,44.99,43.34,1678078800000000000,3445
KIE,638461,43.17,42.86,43.3,42.75,1678078800000000000,5658
KIM,3970413,20.8,20.48,20.8,20.42,1678078800000000000,28753
KIMpL,8564,21.57,21.325,21.57,21.31,1678078800000000000,114
KIMpM,12851,21.53,21.42,21.5772,21.4171,1678078800000000000,187
KIND,612643,2.06,1.98,2.06,1.97,1678078800000000000,3856
KINS,7261,1.5,1.35,1.54,1.35,1678078800000000000,116
KINZ,142847,9.2,11.4842,13.47,9,1678078800000000000,1347
KINZW,100192,0.0615,0.0901,0.1,0.0611,1678078800000000000,210
KIO,593706,11.38,11.32,11.49,11.19,1678078800000000000,1818
KIQ,183428,0.39,0.4149,0.43,0.3721,1678078800000000000,285
KIRK,121119,3.27,3.18,3.3022,3.1301,1678078800000000000,1024
KITT,36300,3.6,3.32,3.62,3.15,1678078800000000000,293
KJAN,18322,31.7129,31.609,31.7799,31.52,1678078800000000000,76
KJUL,2536,25.72,25.5463,25.72,25.545,1678078800000000000,16
KKR,1974093,56.86,57.08,57.39,56.435,1678078800000000000,25345
KKRpC,13369,67.64,68.01,68.36,67.51,1678078800000000000,93
KKRS,14157,18.74,18.69,18.86,18.69,1678078800000000000,168
KLAC,773304,384.74,379.67,386.01,377.64,1678078800000000000,22600
KLDW,5627,38.74,38.7078,38.89,38.6627,1678078800000000000,55
KLIC,405981,53.7,52.62,53.9,52.28,1678078800000000000,10749
KLIP,7815,23,22.7264,23,22.7264,1678078800000000000,56
KLNE,926,15.87,15.8648,15.975,15.86,1678078800000000000,42
KLR,87781,0.7537,0.7651,0.7928,0.74,1678078800000000000,821
KLTR,84843,1.81,1.85,1.88,1.7701,1678078800000000000,743
KLXE,124011,14.48,14.27,14.53,14.05,1678078800000000000,2234
KMB,1165024,126.1,126.18,126.7,125.729,1678078800000000000,24183
KMDA,30316,4.33,4.28,4.4,4.23,1678078800000000000,190
KMED,5047,21.18,21.37,21.37,21.1,1678078800000000000,30
KMET,346,26.35,26.2611,26.35,26.2611,1678078800000000000,7
KMF,75576,7.53,7.52,7.59,7.52,1678078800000000000,537
KMI,10177128,17.62,17.62,17.755,17.55,1678078800000000000,42190
KMLM,156192,30.22,30.44,30.5097,30.22,1678078800000000000,677
KMPB,38923,20.4166,20.4001,20.93,20.36,1678078800000000000,390
KMPR,466427,62.92,61.39,63.61,60.95,1678078800000000000,7882
KMT,1451013,29.59,29.22,30.01,29.185,1678078800000000000,18144
KMX,1118573,70.79,68.77,70.99,68.48,1678078800000000000,20285
KN,581435,17.29,16.64,17.29,16.55,1678078800000000000,7520
KNDI,136888,2.48,2.43,2.5,2.42,1678078800000000000,1055
KNG,17708,52.28,52.11,52.4266,52.01,1678078800000000000,176
KNGS,1012,19.12,18.9046,19.14,18.9046,1678078800000000000,7
KNOP,230470,6.62,6.57,6.6478,6.47,1678078800000000000,2579
KNSA,384838,12.3,12.48,12.48,12,1678078800000000000,5313
KNSL,148260,316.99,320.1,320.11,312.62,1678078800000000000,5819
KNSW,52264,10.83,10.37,10.83,10.36,1678078800000000000,72
KNSW.WS,30489,0.0901,0.09,0.0901,0.09,1678078800000000000,5
KNTE,78370,5.07,5.09,5.24,4.71,1678078800000000000,1545
KNTK,248775,31.33,31.25,31.68,30.8001,1678078800000000000,5523
KNW,92557,1.07,0.9876,1.07,0.97,1678078800000000000,1051
KNX,1580928,59.14,58.37,59.61,58.17,1678078800000000000,22396
KO,16277643,59.26,60.36,60.375,59.215,1678078800000000000,128473
KOCG,190,21.15,21.1256,21.15,21.1256,1678078800000000000,11
KOCT,1075,26.62,26.6941,26.6941,26.62,1678078800000000000,5
KOD,161154,6.53,6.43,6.61,6.32,1678078800000000000,2455
KODK,726059,3.81,3.6,3.85,3.535,1678078800000000000,5031
KOF,378349,73.91,76.31,76.32,73.7741,1678078800000000000,7186
KOIN,1154,29.34,29.21,29.38,29.21,1678078800000000000,15
KOKU,3,74.7172,74.7172,74.7172,74.7172,1678078800000000000,3
KOLD,4026757,51.22,50.8,53.99,50.6,1678078800000000000,45966
KOMP,59926,44.01,43.4724,44.125,43.4,1678078800000000000,533
KONG,123,24.6986,24.6986,24.6986,24.6986,1678078800000000000,4
KOP,238611,37.23,35.46,37.45,35.05,1678078800000000000,4309
KOPN,405875,1.18,1.19,1.24,1.17,1678078800000000000,2445
KORE,24004,1.64,1.61,1.65,1.6,1678078800000000000,407
KORE.WS,1621,0.11,0.1139,0.12,0.11,1678078800000000000,12
KORP,3705,45.269,45.18,45.269,45.18,1678078800000000000,64
KORU,299831,8.94,8.82,8.96,8.78,1678078800000000000,1959
KOS,4447494,7.93,7.8,7.96,7.69,1678078800000000000,23277
KOSS,15170,5.02,5.0105,5.1484,4.98,1678078800000000000,184
KPLT,216547,1.02,1.02,1.06,1,1678078800000000000,1618
KPLTW,7600,0.1,0.121,0.1297,0.0951,1678078800000000000,10
KPOP,340,21.1297,21.1297,21.1297,21.1297,1678078800000000000,31
KPRX,82165,3.86,3.92,4.08,3.82,1678078800000000000,701
KPTI,2061819,3.16,3.2,3.235,3.035,1678078800000000000,11739
KR,6218785,45.7,46.48,46.53,45.5,1678078800000000000,58583
KRBN,63496,39.37,39.35,39.6411,39.3,1678078800000000000,1150
KRBP,1033832,0.1409,0.155,0.1588,0.1409,1678078800000000000,953
KRC,646733,37.06,36.69,37.34,36.65,1678078800000000000,9527
KRE,7284282,60.54,59.93,60.87,59.8,1678078800000000000,53278
KREF,416126,14.23,14.23,14.3489,14.19,1678078800000000000,4742
KREFpA,14700,20.61,20.4,20.89,20.22,1678078800000000000,112
KRG,820670,21.77,21.6,21.96,21.56,1678078800000000000,10571
KRKR,7339,1.15,1.1364,1.15,1.12,1678078800000000000,54
KRMA,1635,29.3,29.18,29.34,29.13,1678078800000000000,53
KRMD,19538,3.95,3.92,3.98,3.86,1678078800000000000,329
KRNL,107725,10.25,10.24,10.25,10.235,1678078800000000000,168
KRNLU,4202,10.32,10.32,10.32,10.32,1678078800000000000,26
KRNLW,121587,0.16,0.180725,0.2,0.16,1678078800000000000,234
KRNT,384603,21.5,21.12,21.99,20.98,1678078800000000000,6572
KRNY,207396,10.11,9.95,10.15,9.77,1678078800000000000,3922
KRO,330442,11.5,11.02,11.55,11.01,1678078800000000000,4074
KRON,227167,1.88,1.77,1.9407,1.71,1678078800000000000,1751
KROP,2708,15.93,15.6011,15.93,15.53,1678078800000000000,21
KROS,769142,58.63,52.2,59.13,51.82,1678078800000000000,10464
KRP,387666,16.2,16.3,16.46,16.175,1678078800000000000,3041
KRT,47820,15.6984,15,15.6984,14.9,1678078800000000000,678
KRTX,244000,195.57,197.82,198.35,193.27,1678078800000000000,9761
KRUS,126507,68.2,69.08,69.98,68.01,1678078800000000000,7544
KRUZ,4334,25.02,24.8427,25.04,24.8427,1678078800000000000,173
KRYS,209409,79.44,76.91,79.63,75.8,1678078800000000000,5591
KSA,364638,37.77,37.79,37.84,37.655,1678078800000000000,9622
KSCP,255304,1.16,1.12,1.16,1.1,1678078800000000000,1312
KSET,2404,6.1001,6.0931,6.12,6.09,1678078800000000000,20
KSM,25009,8.31,8.29,8.31,8.28,1678078800000000000,34
KSPN,23971,0.665,0.635,0.669899,0.635,1678078800000000000,176
KSS,4217387,28.115,27.32,28.35,27.21,1678078800000000000,34405
KSTR,2660,15.785,15.7186,15.86,15.7186,1678078800000000000,46
KT,576460,11.73,11.76,11.79,11.71,1678078800000000000,3862
KTB,546164,52.92,50.61,52.92,50.52,1678078800000000000,11871
KTCC,24138,6.79,6.67,6.85,6.65,1678078800000000000,244
KTEC,1473,13,12.9307,13.02,12.93,1678078800000000000,18
KTF,123779,8.6,8.56,8.6,8.5299,1678078800000000000,282
KTH,100,29.45,29.45,29.45,29.45,1678078800000000000,1
KTN,251,27.52,27.52,27.52,27.52,1678078800000000000,5
KTOS,1189546,13.18,13.16,13.63,13.025,1678078800000000000,11922
KTRA,4532,4.77,4.635,4.77,4.6,1678078800000000000,221
KTTA,10867,0.4951,0.4902,0.5,0.4902,1678078800000000000,130
KUKE,27016,1.07,1.12,1.15,1.07,1678078800000000000,132
KULR,359122,1.24,1.21,1.25,1.2,1678078800000000000,1474
KURA,417927,11.74,11.34,11.74,11.23,1678078800000000000,6325
KURE,4333,21.77,21.6748,21.98,21.54,1678078800000000000,53
KVHI,15976,10.02,9.88,10.02,9.8001,1678078800000000000,308
KVLE,761,21.8515,21.8883,21.8883,21.84,1678078800000000000,7
KVSA,9447,10.14,10.11,10.14,10.11,1678078800000000000,48
KW,5841254,18.1,18.44,18.895,17.96,1678078800000000000,40469
KWE,24136,2.49,2.5,2.5,2.35,1678078800000000000,117
KWEB,15807377,31.37,30.96,31.47,30.915,1678078800000000000,64242
KWESW,29380,0.39,0.43,0.55,0.39,1678078800000000000,287
KWR,79777,199.6,195.58,200.21,194.39,1678078800000000000,5462
KWT,119,32.985,32.985,32.985,32.985,1678078800000000000,14
KXI,34039,59.21,59.43,59.5,59.21,1678078800000000000,257
KXIN,240202,0.52,0.48,0.52,0.4662,1678078800000000000,455
KYCHU,10224,10.4263,10.35,10.5074,10.33,1678078800000000000,55
KYMR,355234,32.93,32.62,32.93,31.65,1678078800000000000,6223
KYN,370160,8.97,8.97,9.0199,8.93,1678078800000000000,1681
KZIA,53820,1.11,1.01,1.12,1.0085,1678078800000000000,178
KZR,1087926,5.59,5.75,5.86,5.47,1678078800000000000,9963
L,903025,61.86,61.33,62.11,61.28,1678078800000000000,13396
LAB,389013,2.18,2.2,2.255,2.095,1678078800000000000,2781
LABD,6374311,16.05,17.1,17.47,16.04,1678078800000000000,25008
LABP,227655,0.359,0.3424,0.3699,0.3339,1678078800000000000,436
LABU,40737900,6.82,6.36,6.82,6.23,1678078800000000000,67271
LAC,1535866,24.33,23.86,24.55,23.85,1678078800000000000,16776
LAD,275132,262.38,256.38,263.28,256.36,1678078800000000000,12143
LADR,377436,11.15,11.18,11.26,11.09,1678078800000000000,4859
LAKE,22987,15.54,15.33,15.54,15.16,1678078800000000000,439
LALT,676,20.01,20.0338,20.0338,20.0099,1678078800000000000,7
LAMR,216253,106.4,105.08,106.885,104.97,1678078800000000000,7678
LANC,132066,190.18,190.5,190.55,188.25,1678078800000000000,8810
LAND,255434,18.04,17.95,18.19,17.89,1678078800000000000,3890
LANDM,6488,23.85,24.06,24.1699,23.83,1678078800000000000,60
LANDO,18831,23.69,23.4296,23.7038,23.31,1678078800000000000,227
LANV,5503,5.95,5.62,5.95,5.5515,1678078800000000000,148
LANV.WS,23915,0.306,0.35,0.36375,0.2861,1678078800000000000,37
LARK,2098,22.85,23.1,23.1,22.85,1678078800000000000,142
LASE,129944,5.12,5.21,5.4886,5.12,1678078800000000000,1041
LASR,170546,11.64,11.26,11.78,11.18,1678078800000000000,2635
LATG,28467,10.42,10.42,10.43,10.415,1678078800000000000,40
LATGW,11726,0.0801,0.0544,0.1789,0.0355,1678078800000000000,125
LAUR,1029890,11.89,11.86,11.94,11.755,1678078800000000000,13891
LAW,638745,6.87,6.98,7.05,6.81,1678078800000000000,5482
LAZ,1005552,37.71,37.63,38.18,37.6,1678078800000000000,10568
LAZR,23076175,10.502,9.89,10.55,9.67,1678078800000000000,103105
LAZY,32471,13.33,12.97,13.38,12.915,1678078800000000000,2499
LBAI,181161,19.23,18.79,19.25,18.71,1678078800000000000,2930
LBAY,32449,28.11,28.12,28.13,27.995,1678078800000000000,165
LBBB,45291,10.3599,10.45,11.76,10.3599,1678078800000000000,136
LBBBR,41011,0.191,0.19,0.1911,0.189899,1678078800000000000,28
LBBBU,8329,10.35,11.81,12.16,10.35,1678078800000000000,78
LBBBW,129979,0.0475,0.05,0.07,0.0472,1678078800000000000,111
LBC,41299,11.42,11.64,11.77,11.42,1678078800000000000,674
LBPH,23655,5.2,5.53,5.53,4.85,1678078800000000000,554
LBRDA,122425,87.57,86.95,88.2,86.43,1678078800000000000,3063
LBRDK,515997,87.86,86.78,87.86,86.32,1678078800000000000,11232
LBRDP,1631,23.82,24.1,24.1,23.82,1678078800000000000,42
LBRT,1562797,16.4,16.47,16.59,16.26,1678078800000000000,16565
LBTYA,991955,20.28,20.02,20.45,20.01,1678078800000000000,9885
LBTYK,1473515,21.19,20.89,21.33,20.87,1678078800000000000,13611
LC,1296135,9.48,8.99,9.52,8.935,1678078800000000000,12678
LCA,148014,10.07,10.05,10.25,10.04,1678078800000000000,501
LCAA,3188342,10.22,10.23,10.25,10.22,1678078800000000000,1231
LCAAU,750,10.23,10.4427,10.4427,10.23,1678078800000000000,9
LCAAW,401,0.5512,0.5756,0.5756,0.5512,1678078800000000000,5
LCAHU,67594,10.08,10.09,10.21,10.08,1678078800000000000,136
LCAHW,6284,0.15,0.1501,0.1506,0.15,1678078800000000000,73
LCF,0,25.6509,25.6509,25.6509,25.6509,1678078800000000000,0
LCFY,7612,9,9.63,10.21,8.5832,1678078800000000000,208
LCG,3362,22.21,22.0855,22.3008,22.0855,1678078800000000000,23
LCI,22473,2.18,2.08,2.2,2.04,1678078800000000000,320
LCID,13835338,9,8.82,9.18,8.815,1678078800000000000,71419
LCII,227502,114.73,111.53,115.208,109.8175,1678078800000000000,7241
LCLG,0,32.5752,32.5752,32.5752,32.5752,1678078800000000000,0
LCNB,39934,17.72,17.96,18.08,17.72,1678078800000000000,333
LCR,7331,29.93,29.55,29.93,29.55,1678078800000000000,35
LCTD,20,41.4399,41.4399,41.4399,41.4399,1678078800000000000,9
LCTU,26004,45,44.96,45.2899,44.93,1678078800000000000,169
LCTX,249582,1.42,1.38,1.42,1.36,1678078800000000000,1425
LCUT,92507,7.23,6.2,7.23,6.15,1678078800000000000,1131
LCW,4883,10.27,10.27,10.27,10.27,1678078800000000000,9
LD,50,46.08,46.08,46.08,46.08,1678078800000000000,7
LDEM,2024,45.2501,45.01,45.32,45.01,1678078800000000000,17
LDHA,507,10.21,10.204,10.21,10.19,1678078800000000000,4
LDHAW,3551,0.04,0.04,0.04,0.04,1678078800000000000,23
LDI,682579,2.03,1.93,2.15,1.895,1678078800000000000,5266
LDOS,1057200,97.15,96.95,97.6,96.02,1678078800000000000,19695
LDP,149407,20.01,20.3,20.32,19.93,1678078800000000000,886
LDSF,20237,18.51,18.52,18.52,18.47,1678078800000000000,38
LDUR,41840,93.86,93.81,93.89,93.8,1678078800000000000,236
LE,273638,7.76,7.16,7.77,7,1678078800000000000,4128
LEA,567480,142.93,141.11,143.44,140.5,1678078800000000000,11626
LEAD,290,52.8202,52.8202,52.8202,52.8202,1678078800000000000,96
LECO,418187,173.01,170.74,174.12,169.75,1678078800000000000,13051
LEDS,7976,2.4138,2.336,2.4138,2.29,1678078800000000000,53
LEE,23892,16.9,15.89,16.9,15.75,1678078800000000000,375
LEG,1298416,34.75,33.66,34.79,33.455,1678078800000000000,19494
LEGA,287,10.2,10.2,10.2,10.2,1678078800000000000,7
LEGAW,400,0.03,0.03,0.03995,0.03,1678078800000000000,3
LEGH,62521,20.14,19.92,20.285,19.735,1678078800000000000,979
LEGN,299291,46.26,46.76,47.44,46.05,1678078800000000000,5404
LEGR,3284,37.49,37.42,37.6352,37.42,1678078800000000000,69
LEJU,1956,1.15,1.19,1.19,1.13,1678078800000000000,30
LEMB,86628,35.14,35.19,35.255,35.14,1678078800000000000,178
LEN,1747809,97.7,97.18,98.38,96.86,1678078800000000000,29657
LEN.B,57418,82.16,81.74,82.765,81.49,1678078800000000000,1486
LEO,139347,6.18,6.17,6.24,6.15,1678078800000000000,399
LESL,2508861,12.9,12.53,12.99,12.49,1678078800000000000,22425
LETB,2760,22.77,22.7681,22.8,22.74,1678078800000000000,17
LEU,254346,42.72,40.52,42.72,40.42,1678078800000000000,6312
LEV,539332,2.3,2.31,2.3891,2.29,1678078800000000000,3208
LEV.WS,63263,0.3,0.2943,0.325099,0.2921,1678078800000000000,52
LEVI,1830544,17.86,17.21,17.915,17.2,1678078800000000000,15338
LEXI,1102,24.29,24.155,24.29,24.155,1678078800000000000,3
LEXX,129103,3.18,3.47,3.5953,3.1,1678078800000000000,618
LEXXW,611,0.7498,0.8844,0.8844,0.7487,1678078800000000000,9
LFACU,142,10.44,10.44,10.44,10.44,1678078800000000000,3
LFACW,1522,0.1982,0.1413,0.1982,0.1408,1678078800000000000,19
LFCR,216928,5.6,5.31,5.65,5.16,1678078800000000000,2547
LFEQ,1551,35.175,35.175,35.2,35.175,1678078800000000000,8
LFLY,183218,0.5246,0.525,0.5689,0.5101,1678078800000000000,903
LFMD,48824,1.82,1.83,1.8499,1.8,1678078800000000000,156
LFMDP,3580,14.651,14.3499,14.651,14.05,1678078800000000000,34
LFST,1543241,5.22,4.68,5.22,4.67,1678078800000000000,8896
LFT,23666,2.15,2.12,2.15,2.1,1678078800000000000,229
LFTpA,1429,20.16,20.2,20.22,20.16,1678078800000000000,25
LFUS,152089,273.09,269.07,275.61,267.85,1678078800000000000,5709
LFVN,9456,3.83,3.84,3.93,3.8,1678078800000000000,120
LGF.A,523566,10.56,10.46,10.719,10.415,1678078800000000000,6320
LGF.B,539016,9.9,9.83,10.06,9.79,1678078800000000000,5545
LGH,14157,34.92,34.9601,35.22,34.92,1678078800000000000,74
LGHL,430199,0.3445,0.346,0.35,0.3401,1678078800000000000,888
LGHLW,238967,0.0221,0.0234,0.0234,0.0215,1678078800000000000,377
LGI,23719,15.78,15.9,15.9,15.7181,1678078800000000000,177
LGIH,217931,107.17,103.19,107.325,102.48,1678078800000000000,7161
LGL,4138,4.6101,4.61,4.66,4.61,1678078800000000000,97
LGLV,32152,136.95,136.58,137.2802,136.376,1678078800000000000,222
LGMK,245191,0.2097,0.204,0.2197,0.2002,1678078800000000000,498
LGND,183343,76.36,71.52,77.75,69.86,1678078800000000000,6183
LGO,28544,6.5,6.65,6.7316,6.48,1678078800000000000,244
LGOV,2954,22.0083,21.995,22.07,21.94,1678078800000000000,25
LGST,405,11.38,11.37,11.38,10.7,1678078800000000000,11
LGSTU,201,11.15,11.11,11.15,11.11,1678078800000000000,3
LGSTW,501,0.071499,0.071499,0.071499,0.071499,1678078800000000000,3
LGVC,90194,10.4,10.41,10.42,10.4,1678078800000000000,19
LGVCU,3594,10.43,10.43,10.43,10.43,1678078800000000000,10
LGVCW,5702,0.074899,0.0699,0.075,0.0551,1678078800000000000,31
LGVN,21052,3.6,3.58,3.65,3.545,1678078800000000000,183
LH,689659,239.03,237.11,239.41,235.78,1678078800000000000,21690
LHC.U,600,10.3101,10.3101,10.3101,10.3101,1678078800000000000,1
LHX,842184,213.9,213.91,216.49,213.015,1678078800000000000,20115
LI,4596074,25.11,25,25.23,24.73,1678078800000000000,39545
LIAN,70198,2,1.94,2.0499,1.91,1678078800000000000,240
LIBYW,3054,0.0577,0.054,0.0577,0.054,1678078800000000000,6
LICN,95674,1.69,1.57,1.7299,1.55,1678078800000000000,399
LICY,1183501,5.96,5.93,6.135,5.91,1678078800000000000,9610
LIDR,556866,0.57,0.5392,0.585,0.52,1678078800000000000,2678
LIDRW,300,0.08,0.08,0.08,0.08,1678078800000000000,1
LIFE,284645,2.19,2.16,2.22,2.11,1678078800000000000,1665
LIFW,45447,1.12,1.06,1.12,1.06,1678078800000000000,212
LIFWW,11440,0.022,0.0221,0.02505,0.0217,1678078800000000000,6
LII,301086,262.08,259.88,264.4,259.33,1678078800000000000,9294
LILA,275770,9.04,8.93,9.155,8.85,1678078800000000000,2771
LILAK,867401,8.99,8.9,9.125,8.82,1678078800000000000,8053
LILM,1040952,0.9834,0.98,1.03,0.963,1678078800000000000,3529
LILMW,12600,0.1,0.0915,0.105,0.09,1678078800000000000,35
LIN,3845562,360,358.05,360.68,356.38,1678078800000000000,42636
LINC,35365,6.17,6.16,6.26,5.98,1678078800000000000,713
LIND,342298,10.35,9.93,10.59,9.9,1678078800000000000,4309
LION,246793,9.5,8.23,9.5,8.2,1678078800000000000,2669
LIONU,4120,8.2,9.78,10.03,8.2,1678078800000000000,49
LIONW,26306,0.1254,0.1101,0.13,0.11,1678078800000000000,45
LIPO,25228,1.76,1.84,1.97,1.76,1678078800000000000,266
LIQT,87722,0.48,0.4734,0.4809,0.4577,1678078800000000000,290
LIT,441693,65.34,64.98,65.63,64.83,1678078800000000000,8281
LITB,15646,1.2,1.23,1.23,1.2,1678078800000000000,186
LITE,923724,54.18,53.13,54.7,52.95,1678078800000000000,14292
LITM,74654,2.15,2.12,2.19,2.05,1678078800000000000,363
LITP,6780,18.39,18.1008,18.39,18.1008,1678078800000000000,68
LITT,34351,10.12,10.11,10.31,10.1,1678078800000000000,130
LITTU,1126,10.18,10.1201,10.18,10.1201,1678078800000000000,13
LITTW,99241,0.12,0.12,0.12,0.1,1678078800000000000,25
LIVB,800,10.39,10.4,10.4,10.39,1678078800000000000,5
LIVE,17529,28.02,31.7,32.27,28.02,1678078800000000000,501
LIVN,2140046,46.05,45.4,46.34,45.32,1678078800000000000,18925
LIXT,73857,0.82,0.78,0.85,0.7601,1678078800000000000,312
LIXTW,13611,0.148,0.135,0.148,0.1122,1678078800000000000,26
LIZI,297447,0.8811,0.8001,0.8811,0.76,1678078800000000000,588
LJIM,5806,25.9,25.5695,25.9,25.54,1678078800000000000,109
LKCO,998038,0.137,0.1399,0.14,0.1361,1678078800000000000,806
LKFN,125992,71.38,69.1,71.51,68.755,1678078800000000000,3654
LKOR,3788,43.09,42.6227,43.09,42.6184,1678078800000000000,26
LKQ,3021991,58.35,57.54,58.67,57.5,1678078800000000000,30224
LL,857170,4.51,4.27,4.52,4.245,1678078800000000000,7561
LLAP,3774607,2.45,2.34,2.46,2.31,1678078800000000000,17380
LLAP.WS,112165,0.35,0.3475,0.35,0.33,1678078800000000000,83
LLY,2672617,316.94,318.96,320.24,316.5,1678078800000000000,55285
LMAT,106347,50.6,49.74,50.83,49.09,1678078800000000000,3573
LMB,47196,13.1,13.54,13.6309,13.1,1678078800000000000,734
LMBS,536993,47.6,47.63,47.68,47.6,1678078800000000000,2076
LMDX,36147,1.1,1.08,1.1,1.05,1678078800000000000,120
LMFA,267055,0.86,0.84,0.892754,0.776,1678078800000000000,822
LMND,727588,15.83,15,16.01,14.975,1678078800000000000,9597
LMNL,4945,5.64,5.675,5.675,5.6193,1678078800000000000,63
LMNR,72125,15.96,15.85,16.05,15.66,1678078800000000000,1384
LMST,9932,26.85,26.92,26.92,26.53,1678078800000000000,160
LMT,903899,476.82,480.17,481.8,476.82,1678078800000000000,26810
LNC,3239923,31.49,30.33,31.7,30.26,1678078800000000000,29870
LNCpD,60799,28.29,28.1407,28.29,28,1678078800000000000,486
LND,33028,5.16,5.26,5.26,5.125,1678078800000000000,258
LNG,3077955,159.06,156.55,161,155.6901,1678078800000000000,46041
LNKB,21223,7.96,7.9,7.96,7.835,1678078800000000000,440
LNN,68804,157.07,152.19,158.16,150.62,1678078800000000000,3443
LNSR,31493,3.24,3.19,3.24,3.18,1678078800000000000,202
LNT,1365903,51.93,51.96,52.21,51.79,1678078800000000000,19454
LNTH,1027905,72.49,73,73.76,71.19,1678078800000000000,15817
LNW,447056,64.42,62.49,64.78,62.055,1678078800000000000,12440
LNZA,215714,3.6,3.4,3.64,3.4,1678078800000000000,1062
LNZAW,10963,0.263101,0.2729,0.2795,0.263101,1678078800000000000,23
LOAN,18282,5.6,5.5949,5.625,5.53,1678078800000000000,168
LOB,237502,34.49,33.84,34.655,33.6,1678078800000000000,4549
LOCC.U,100,10.11,10.11,10.11,10.11,1678078800000000000,1
LOCC.WS,200,0.1837,0.1837,0.1837,0.1837,1678078800000000000,2
LOCL,226225,0.655,0.6198,0.6672,0.59,1678078800000000000,1126
LOCL.WS,3800,0.11,0.1293,0.1293,0.11,1678078800000000000,6
LOCO,223663,12.18,11.83,12.29,11.75,1678078800000000000,4226
LODE,764329,0.321,0.3076,0.328,0.2944,1678078800000000000,1576
LOGI,276572,53.9,53.38,54.12,53.26,1678078800000000000,5577
LOKM,117364,10.13,10.15,10.28,10.13,1678078800000000000,117
LOMA,169672,6.7,6.77,6.91,6.58,1678078800000000000,1302
LONZ,21968,49.7899,49.765,49.8,49.73,1678078800000000000,58
LOOP,76541,2.7,2.65,2.715,2.618,1678078800000000000,225
LOPE,275770,113.06,111.88,113.86,110.22,1678078800000000000,7767
LOPP,11705,25.56,25.365,25.56,25.365,1678078800000000000,12
LOUP,7255,35.1,34.8949,35.4599,34.8949,1678078800000000000,49
LOV,1148,0.8253,0.8253,0.8253,0.8253,1678078800000000000,10
LOVE,291763,29.68,27.87,29.68,27.8,1678078800000000000,6518
LOW,3160119,200.3,201.57,203.71,200.06,1678078800000000000,62196
LPCN,172335,0.4322,0.45,0.459999,0.41,1678078800000000000,317
LPG,619769,22.53,22.13,22.59,21.85,1678078800000000000,8959
LPL,110110,5.96,5.99,6,5.96,1678078800000000000,1110
LPLA,413793,255,253.43,256.87,247.01,1678078800000000000,13845
LPRO,658278,6.92,6.81,7.03,6.81,1678078800000000000,7532
LPSN,1179213,11.55,11.47,12.0285,11.46,1678078800000000000,15226
LPTH,91994,1.81,1.8,1.87,1.77,1678078800000000000,526
LPTV,28030,5.88,5.9,5.98,5.71,1678078800000000000,324
LPTX,158773,0.56,0.5419,0.58,0.5303,1678078800000000000,911
LPX,941492,60.3,58.69,60.55,58.45,1678078800000000000,15060
LQD,14688497,106.5,105.88,106.54,105.82,1678078800000000000,65825
LQDA,203187,7.35,7.3,7.35,7.12,1678078800000000000,2829
LQDB,4,82.835,82.835,82.835,82.835,1678078800000000000,3
LQDH,6538,92.12,91.99,92.21,91.99,1678078800000000000,134
LQDI,12193,25.7,25.5,25.7,25.5,1678078800000000000,94
LQDT,277812,12.94,13,13.064,12.82,1678078800000000000,5597
LQDW,18151,33.69,33.6199,33.7,33.5901,1678078800000000000,221
LQIG,3,93.8957,93.8957,93.8957,93.8957,1678078800000000000,3
LRCX,973240,494.76,485.22,499.41,482.78,1678078800000000000,28204
LRFC,3743,24.47,24.45,24.705,24.41,1678078800000000000,40
LRGE,2713,45.69,45.43,45.92,45.43,1678078800000000000,100
LRGF,65619,41.4129,41.345,41.64,41.31,1678078800000000000,366
LRMR,179165,6.26,5.95,6.27,5.83,1678078800000000000,2658
LRN,353414,42.7,42.88,42.92,42.12,1678078800000000000,9023
LRND,4,21.7772,21.7772,21.7772,21.7772,1678078800000000000,1
LRNZ,885,27.59,27.0043,27.59,27.0043,1678078800000000000,34
LSAF,28320,32.39,32.0917,32.39,32.05,1678078800000000000,97
LSAK,58446,4.58,4.65,4.85,4.52,1678078800000000000,376
LSAT,32074,33.77,33.54,33.82,33.34,1678078800000000000,120
LSBK,3780,11.26,11.26,11.26,11.26,1678078800000000000,73
LSCC,1310490,89.05,88.48,91.07,87.905,1678078800000000000,21802
LSDI,156002,1.91,1.84,1.99,1.71,1678078800000000000,677
LSEA,71402,6.79,6.74,6.8,6.63,1678078800000000000,627
LSEAW,35164,0.1761,0.1601,0.1761,0.16,1678078800000000000,57
LSF,48167,1.06,1,1.1686,0.952,1678078800000000000,251
LSI,711502,127.65,128.57,128.66,126.85,1678078800000000000,13292
LSPD,480819,15.65,15.37,15.81,15.33,1678078800000000000,6571
LSST,2744,23.5701,23.565,23.5799,23.565,1678078800000000000,11
LSTA,30821,3.18,3.53,3.53,3.18,1678078800000000000,265
LSTR,237729,181.72,180.71,183.1,180.34,1678078800000000000,8289
LSXMA,976722,31.36,31.44,31.64,31.28,1678078800000000000,11926
LSXMB,111,33.376,33.376,33.376,33.376,1678078800000000000,4
LSXMK,1361983,31.2,31.29,31.51,31.15,1678078800000000000,13454
LTBR,37974,4.45,4.23,4.4753,4.22,1678078800000000000,390
LTC,248925,35.48,34.95,35.549,34.82,1678078800000000000,6038
LTCH,263751,0.8061,0.8537,0.8888,0.8,1678078800000000000,1709
LTCHW,126,0.0847,0.0847,0.0847,0.0847,1678078800000000000,3
LTH,1145326,18.97,19.1,19.736,18.855,1678078800000000000,15416
LTHM,2047095,24.27,23.5,24.52,23.2946,1678078800000000000,23143
LTL,34,32.646,32.646,32.646,32.646,1678078800000000000,8
LTPZ,79324,60.66,59.84,60.75,59.82,1678078800000000000,738
LTRN,26061,5.55,5.3,5.5811,5.3,1678078800000000000,2466
LTRPA,318647,1.12,1.07,1.12,1.04,1678078800000000000,2589
LTRX,122339,5.07,4.97,5.07,4.93,1678078800000000000,1446
LTRY,590244,0.5004,0.5681,0.5871,0.5004,1678078800000000000,1803
LTRYW,2695213,0.0378,0.028,0.0378,0.026,1678078800000000000,4906
LU,15659466,2.35,2.17,2.36,2.15,1678078800000000000,26083
LUCD,93525,1.46,1.47,1.47,1.39,1678078800000000000,474
LUCY,138634,1.79,1.6799,1.8099,1.655,1678078800000000000,617
LUCYW,923,0.3084,0.36,0.36,0.3084,1678078800000000000,10
LULU,2396631,314.27,304.6,316.845,304.53,1678078800000000000,47795
LUMN,49517067,3.19,3.3,3.47,3.18,1678078800000000000,98442
LUMO,33980,3.58,3.7,3.798,3.5001,1678078800000000000,298
LUNA,357756,10.51,10.26,10.97,10.24,1678078800000000000,3632
LUNG,490285,11.82,11.77,12.35,11.5,1678078800000000000,6858
LUNR,867494,15.7,14.15,16.7,13.8,1678078800000000000,9126
LUNRW,113771,0.7,0.6275,0.71,0.62,1678078800000000000,239
LUV,5679892,34.28,33.76,34.48,33.605,1678078800000000000,45517
LUXH,418347,2.64,3.05,3.18,2.596,1678078800000000000,1743
LVAC,20418,10.4,10.39,10.85,10.39,1678078800000000000,62
LVACW,1590,0.124,0.0707,0.1433,0.0707,1678078800000000000,13
LVHD,647814,37.31,37.24,37.4555,37.1757,1678078800000000000,448
LVHI,119297,27.29,27.25,27.31,27.16,1678078800000000000,766
LVLU,59094,3.18,3.08,3.4,3.025,1678078800000000000,861
LVO,1421621,1.14,1.33,1.4,1.1,1678078800000000000,2549
LVOL,0,43.2359,43.2359,43.2359,43.2359,1678078800000000000,0
LVOX,62099,2.47,2.39,2.55,2.31,1678078800000000000,853
LVOXW,11595,0.2442,0.226,0.2484,0.226,1678078800000000000,102
LVRA,54464,10.19,10.21,10.21,10.19,1678078800000000000,28
LVRAU,563,10.2,10.1999,10.2,10.1999,1678078800000000000,7
LVRAW,14200,0.003,0.0027,0.003,0.0027,1678078800000000000,5
LVRO,111306,8.4,7.95,9.2,7.9,1678078800000000000,1022
LVROW,12066,1,0.974511,1,0.936,1678078800000000000,30
LVS,5258495,60.55,59.94,60.66,59.575,1678078800000000000,51896
LVTX,91148,2.47,2.35,2.4914,2.27,1678078800000000000,192
LVWR,2813,7.12,7.07,7.12,6.94,1678078800000000000,70
LVWR.WS,13354,0.225,0.2327,0.26,0.225,1678078800000000000,14
LW,1363645,101.79,101.99,102.27,100.72,1678078800000000000,23026
LWAY,8811,6.11,6.0905,6.11,6.04,1678078800000000000,82
LWLG,628623,6.12,6.13,6.34,5.96,1678078800000000000,5604
LX,409171,3.08,2.98,3.08,2.96,1678078800000000000,2515
LXFR,158158,16.14,15.9,16.28,15.82,1678078800000000000,1999
LXP,2205666,10.48,10.33,10.48,10.29,1678078800000000000,16074
LXPpC,1982,47.5,47.4,47.5,46.89,1678078800000000000,35
LXRX,1111297,2.81,2.6,2.9,2.54,1678078800000000000,8280
LXU,677070,14.37,13.93,14.38,13.74,1678078800000000000,8597
LYB,1742701,96.63,95.46,96.79,94.87,1678078800000000000,33450
LYEL,1090311,2.2,2.11,2.25,2.07,1678078800000000000,6322
LYFE,655,31.52,31.2776,31.52,31.2776,1678078800000000000,12
LYFT,14175159,10.16,9.75,10.22,9.72,1678078800000000000,56721
LYG,6302166,2.46,2.5,2.5,2.46,1678078800000000000,5578
LYLT,323823,1.89,1.69,1.9162,1.69,1678078800000000000,1732
LYRA,41152,2.38,2.35,2.38,2.27,1678078800000000000,329
LYT,18326,0.7,0.7001,0.729999,0.67,1678078800000000000,99
LYTS,217792,15.11,15,15.29,14.9,1678078800000000000,2982
LYV,1729338,73.54,72.6,73.86,72.53,1678078800000000000,29060
LZ,759460,8.62,8.47,8.78,8.435,1678078800000000000,9618
LZB,541109,31.7,31.16,31.725,30.96,1678078800000000000,12568
M,11510955,22.87,21.67,22.92,21.56,1678078800000000000,67751
MA,2776537,361.82,366.93,368.53,361.26,1678078800000000000,49229
MAA,502019,160.11,159.81,161.57,159.02,1678078800000000000,12873
MAAX,0,20.575,20.575,20.575,20.575,1678078800000000000,0
MAC,1239750,12.12,12.02,12.32,11.965,1678078800000000000,9758
MACA,2577,10.16,10.18,10.18,10.16,1678078800000000000,15
MACAU,1000,10.23,10.23,10.23,10.23,1678078800000000000,3
MACAW,420,0.12,0.1313,0.1313,0.12,1678078800000000000,6
MACK,21179,11.78,11.78,11.82,11.61,1678078800000000000,486
MAG,520069,12.27,11.96,12.27,11.9,1678078800000000000,5459
MAGA,439,40,39.3536,40,39.3,1678078800000000000,25
MAIA,70706,4.54,4.5,4.6962,4.2,1678078800000000000,787
MAIN,347994,42.5,42.47,42.84,42.3201,1678078800000000000,6583
MAKX,224,35.045,35.045,35.045,35.045,1678078800000000000,7
MAMB,2895,21.84,21.79,21.86,21.79,1678078800000000000,18
MAN,375749,85.9,84.6,86.45,84.3,1678078800000000000,7417
MANH,220181,146.82,145.99,149.13,145.81,1678078800000000000,7831
MANU,1188999,21.64,21.93,22.0499,21.24,1678078800000000000,10641
MAPS,533030,1.07,1,1.1,1,1678078800000000000,3411
MAQC,9946,10.58,10.59,10.59,10.58,1678078800000000000,36
MAQCW,2058,0.029,0.0279,0.0306,0.0262,1678078800000000000,15
MAR,2117968,173.29,175.12,176.99,173.29,1678078800000000000,45322
MARA,19853785,6.4,6.32,6.85,6.18,1678078800000000000,62184
MARB,222405,19.97,20.05,20.2099,19.97,1678078800000000000,284
MARK,412344,1.45,1.38,1.46,1.35,1678078800000000000,1317
MARPS,3057,7.23,7.3686,7.4599,7.178,1678078800000000000,46
MART,11105,25.43,25.345,25.46,25.345,1678078800000000000,42
MARW,58000,25.37,25.2414,25.475,25.21,1678078800000000000,211
MARZ,0,26.172,26.172,26.172,26.172,1678078800000000000,0
MAS,1834556,53,51.94,53.16,51.87,1678078800000000000,20708
MASI,346413,181.93,181.01,183.06,180.06,1678078800000000000,12279
MASS,211177,9.62,8.97,9.94,8.88,1678078800000000000,3289
MAT,2438705,18.15,17.73,18.16,17.63,1678078800000000000,22817
MATH,227900,0.94,1.05,1.18,0.94,1678078800000000000,484
MATV,417591,25.85,25.35,25.99,25.08,1678078800000000000,6048
MATW,158597,38.97,37.41,38.97,37.19,1678078800000000000,5185
MATX,258573,66.3,64.82,66.61,64.68,1678078800000000000,7930
MAV,71707,7.94,7.87,7.99,7.87,1678078800000000000,302
MAX,170912,15.44,14.93,15.47,14.71,1678078800000000000,3120
MAXI,281,13.85,13.7089,13.85,13.7089,1678078800000000000,8
MAXN,461009,18.81,19.14,19.3899,18.56,1678078800000000000,7442
MAXR,717994,51.33,51.27,51.335,51.25,1678078800000000000,5962
MAYS,892,46.1,45.99,47,45.99,1678078800000000000,31
MAYZ,20,23.963,23.963,23.963,23.963,1678078800000000000,1
MBAC,17301,10,10,10.12,10,1678078800000000000,85
MBAC.WS,18968,0.12,0.115,0.12,0.11,1678078800000000000,39
MBB,9702833,92.77,92.3,92.78,92.2549,1678078800000000000,8310
MBBB,1,20.58,20.58,20.58,20.58,1678078800000000000,1
MBC,1147676,9.95,9.6,9.95,9.575,1678078800000000000,8819
MBCC,3170,24.58,24.5477,24.5801,24.5477,1678078800000000000,19
MBCN,41531,27.86,28.98,29.48,27.86,1678078800000000000,1180
MBI,592313,12.43,12.28,12.46,12.18,1678078800000000000,5911
MBIN,55241,30.46,30.07,30.68,29.99,1678078800000000000,1454
MBINM,16196,27.18,27.4,27.4,27.18,1678078800000000000,153
MBINN,5424,23.04,22.95,23.15,22.9,1678078800000000000,93
MBINO,6485,23.85,23.5,23.85,23.4061,1678078800000000000,91
MBINP,622,25.63,25.61,25.63,25.61,1678078800000000000,6
MBIO,327269,0.526,0.5075,0.549899,0.5,1678078800000000000,606
MBLY,1868276,42.61,41.45,43.1799,41.19,1678078800000000000,21863
MBND,2989,26.7,26.715,26.73,26.7,1678078800000000000,25
MBNE,101,29.23,29.23,29.23,29.23,1678078800000000000,2
MBNKP,433,25.01,25.01,25.01,25.01,1678078800000000000,5
MBOT,14888,3.01,2.99,3.02,2.84,1678078800000000000,142
MBOX,737,25.5,25.4153,25.52,25.4153,1678078800000000000,18
MBRX,30657,1.2,1.21,1.21,1.2,1678078800000000000,123
MBSC,54293,10.305,10.31,10.32,10.305,1678078800000000000,34
MBSC.U,100,10.32,10.32,10.32,10.32,1678078800000000000,1
MBSC.WS,1929,0.4,0.4037,0.42,0.4,1678078800000000000,9
MBSD,5627,20.25,20.19,20.25,20.19,1678078800000000000,35
MBUU,96309,60.29,59.8,60.58,59.47,1678078800000000000,3204
MBWM,35905,34.4,34.09,34.6,33.91,1678078800000000000,1107
MC,479703,43.05,42.24,43.0855,42.11,1678078800000000000,8486
MCAA,5373,10.64,10.67,10.67,10.64,1678078800000000000,6
MCACR,310,0.18,0.1825,0.1825,0.18,1678078800000000000,5
MCACW,100,0.08,0.08,0.08,0.08,1678078800000000000,1
MCAGR,48010,0.1683,0.15,0.1683,0.15,1678078800000000000,26
MCB,94638,55.97,55.39,56.25,55.26,1678078800000000000,2481
MCBC,73122,10.86,10.82,10.875,10.76,1678078800000000000,798
MCBS,42780,20.25,19.81,20.25,19.74,1678078800000000000,2014
MCD,2188409,269.15,270.64,270.78,268.9,1678078800000000000,50360
MCFT,124421,34.4,34.16,34.91,34.131,1678078800000000000,6782
MCG,205723,5.9,6.27,6.43,5.9,1678078800000000000,2110
MCH,4608,24.92,24.6385,24.92,24.6385,1678078800000000000,8
MCHI,5239164,50.16,49.84,50.3499,49.8,1678078800000000000,27632
MCHP,3406358,83.15,81.97,83.615,81.58,1678078800000000000,48104
MCHX,48937,2.01,2.05,2.1,1.965,1678078800000000000,375
MCI,17166,14.18,14.11,14.26,14.0001,1678078800000000000,134
MCK,1545515,344.61,347.89,347.93,341.195,1678078800000000000,42623
MCLD,20938,0.87,0.8622,0.9191,0.8621,1678078800000000000,84
MCLDW,1615,0.1597,0.1278,0.1597,0.1277,1678078800000000000,23
MCN,56887,8.08,8.045,8.1499,8.0204,1678078800000000000,183
MCO,888525,298.74,303.48,304.2,298.65,1678078800000000000,23930
MCR,30569,6.6,6.6,6.66,6.59,1678078800000000000,181
MCRB,927083,5.31,5.49,5.515,5.16,1678078800000000000,8590
MCRI,86081,75.33,74.85,75.4849,73.79,1678078800000000000,3175
MCS,239045,16.03,15.95,16.14,15.673,1678078800000000000,4474
MCSE,2834,14.02,13.955,14.0587,13.955,1678078800000000000,24
MCVT,914,2.35,2.2707,2.4,2.2707,1678078800000000000,32
MCW,1567995,9.02,8.96,9.16,8.8673,1678078800000000000,12513
MCY,230368,33.32,32.77,33.45,32.68,1678078800000000000,5104
MD,852525,15.77,15.09,15.9,14.96,1678078800000000000,9969
MDB,1259116,220.52,219.89,224.78,217.9,1678078800000000000,29362
MDC,949212,36.47,36.05,36.76,35.625,1678078800000000000,17987
MDCP,0,23.2866,23.2866,23.2866,23.2866,1678078800000000000,0
MDEV,55,19.7733,19.7733,19.7733,19.7733,1678078800000000000,3
MDGL,404626,271.85,270.93,273.98,266.29,1678078800000000000,11067
MDGS,6081,4.66,4.6,4.68,4.56,1678078800000000000,83
MDIA,2810,1.16,1.19,1.21,1.157,1678078800000000000,98
MDIV,72677,15.58,15.515,15.59,15.51,1678078800000000000,298
MDJH,172,1.52,1.52,1.52,1.52,1678078800000000000,7
MDLZ,3856501,65.66,65.68,66.075,65.55,1678078800000000000,45353
MDNA,58679,0.5861,0.5928,0.6048,0.56,1678078800000000000,382
MDRR,37201,0.8998,0.87,0.8998,0.858,1678078800000000000,184
MDRX,1095959,14.95,14.81,14.9869,14.675,1678078800000000000,13224
MDT,6771548,83.49,81.93,83.825,81.45,1678078800000000000,84411
MDU,1169532,31.62,31.19,31.69,31.0243,1678078800000000000,10674
MDV,7291,12.17,12.1658,12.1997,12,1678078800000000000,100
MDVpA,4595,23.3,23.185,23.3,22.8101,1678078800000000000,35
MDVL,154639,0.32,0.315,0.325799,0.31,1678078800000000000,580
MDWD,17358,12.23,12.09,12.23,11.9,1678078800000000000,201
MDWT,1356,16.39,16.61,16.61,16.39,1678078800000000000,136
MDXG,571248,4.46,4.26,4.46,4.22,1678078800000000000,5087
MDXH,69366,3.72,3.68,3.75,3.5215,1678078800000000000,525
MDY,1111279,483.63,477.6,483.98,476.57,1678078800000000000,18694
MDYG,49768,70.73,70.14,70.76,69.96,1678078800000000000,550
MDYV,180313,71.28,70.26,71.39,70.09,1678078800000000000,1496
ME,2475840,2.54,2.43,2.6,2.42,1678078800000000000,13451
MEAR,23676,49.71,49.75,49.75,49.7,1678078800000000000,104
MEC,137627,15.06,16,16.06,14.79,1678078800000000000,2885
MED,186449,111.68,105.7,112.97,104.78,1678078800000000000,9719
MEDI,11,20.78,20.78,20.78,20.78,1678078800000000000,2
MEDP,182581,199.79,200.57,203.695,198.89,1678078800000000000,7289
MEDS,29398,0.39,0.41,0.418,0.3771,1678078800000000000,102
MEDX,10,29.7896,29.7896,29.7896,29.7896,1678078800000000000,1
MEG,756443,37.18,38.06,39.86,36.58,1678078800000000000,10413
MEGI,149183,14.4,14.36,14.49,14.34,1678078800000000000,1018
MEGL,52063,1.86,1.8,1.86,1.73,1678078800000000000,459
MEI,231892,50.08,47.74,50.08,47.31,1678078800000000000,7052
MEIP,1303429,0.2325,0.2355,0.2374,0.2255,1678078800000000000,2861
MEKA,218,10.375,10.375,10.375,10.375,1678078800000000000,7
MELI,568169,1233,1256.26,1273.86,1218.83,1678078800000000000,25604
MEM,1650,27.5126,27.501,27.635,27.501,1678078800000000000,19
MEME,5050,6.58,6.46,6.64,6.4193,1678078800000000000,51
MEMX,3167,25.46,25.4586,25.53,25.4302,1678078800000000000,24
MEOA,2000,10.66,10.66,10.66,10.66,1678078800000000000,2
MEOAW,18000,0.042,0.042,0.042,0.042,1678078800000000000,5
MEOH,348455,54.08,52.07,54.08,51.74,1678078800000000000,8264
MERpK,18737,25.55,25.53,25.59,25.451,1678078800000000000,199
MERC,435025,11.01,10.58,11.03,10.56,1678078800000000000,5564
MESA,747637,3.35,3.47,3.73,3.3042,1678078800000000000,3631
MESO,77096,3.17,3.22,3.26,3.16,1678078800000000000,608
MET,3898756,70.28,69.69,70.66,69.395,1678078800000000000,50210
METpA,28401,24,24.01,24.15,23.92,1678078800000000000,264
METpE,84493,24.84,24.82,24.91,24.81,1678078800000000000,694
METpF,43571,21.61,21.55,21.656,21.509,1678078800000000000,420
META,31575139,188,184.9,189.66,184.64,1678078800000000000,313774
METC,428205,10.86,10.21,10.914,10.1208,1678078800000000000,4992
METCL,2299,25.64,25.72,25.82,25.64,1678078800000000000,24
METV,198668,8.76,8.69,8.875,8.685,1678078800000000000,1350
METX,596621,0.2699,0.255,0.2699,0.24,1678078800000000000,1180
METXW,6036,0.04,0.0401,0.0637,0.04,1678078800000000000,7
MEXX,1867,145.87,141.8317,145.87,141.8317,1678078800000000000,89
MF,15462,1.6,1.66,1.68,1.6,1678078800000000000,129
MFA,1039397,10.59,10.65,10.745,10.555,1678078800000000000,8319
MFApB,37867,19.39,19.07,19.44,19,1678078800000000000,785
MFApC,11990,19.22,19.26,19.55,19.22,1678078800000000000,168
MFC,2474683,20.14,20.05,20.2,20.02,1678078800000000000,8744
MFD,31484,8.17,8.19,8.2571,8.17,1678078800000000000,117
MFDX,9946,27.65,27.5944,27.6895,27.57,1678078800000000000,40
MFEM,10723,18.3,18.28,18.36,18.2401,1678078800000000000,87
MFG,3611633,3.22,3.22,3.23,3.2,1678078800000000000,8260
MFH,31899,0.8327,0.8902,0.8903,0.8291,1678078800000000000,154
MFIC,216144,12.82,12.64,12.82,12.63,1678078800000000000,2065
MFIN,61073,8.48,8.68,8.7693,8.37,1678078800000000000,744
MFLX,967,16.342,16.33,16.342,16.33,1678078800000000000,9
MFM,51317,5,4.99,5.03,4.99,1678078800000000000,220
MFUL,19601,21.53,21.525,21.5399,21.51,1678078800000000000,26
MFUS,14021,39.26,39.1444,39.27,39.0501,1678078800000000000,121
MFV,11420,4.46,4.43,4.46,4.39,1678078800000000000,66
MG,23785,5.39,5.35,5.41,5.3,1678078800000000000,669
MGA,955159,57.36,56.43,57.64,56.37,1678078800000000000,11710
MGAM,1348852,0.77,0.75,0.8299,0.75,1678078800000000000,2052
MGC,46791,140.19,140.11,141.19,140.07,1678078800000000000,677
MGEE,70912,71.2,71.95,72.11,71.2,1678078800000000000,2181
MGF,315298,3.26,3.26,3.29,3.25,1678078800000000000,705
MGI,610237,10.88,10.83,10.88,10.83,1678078800000000000,3452
MGIC,23085,13.92,14.2,14.3,13.92,1678078800000000000,287
MGK,669863,192.66,192.39,194.81,192.36,1678078800000000000,3657
MGLD,17598,1.46,1.83,1.85,1.46,1678078800000000000,175
MGM,5222155,45.99,45.29,46.235,45.27,1678078800000000000,43815
MGMT,3880,34.91,34.3909,34.91,34.32,1678078800000000000,37
MGNI,1404792,10.78,10.26,10.865,10.19,1678078800000000000,15206
MGNX,454240,6.01,5.69,6.01,5.55,1678078800000000000,4803
MGOL,151545,1.95,1.87,1.9599,1.85,1678078800000000000,628
MGPI,96189,101.8,99.1,101.8,97.67,1678078800000000000,6800
MGR,15355,23.31,23.48,23.48,23.23,1678078800000000000,175
MGRB,10370,19.54,19.53,19.66,19.43,1678078800000000000,185
MGRC,128548,100.67,99.72,101.46,99.44,1678078800000000000,4028
MGRD,2018,17.11,17.13,17.1897,17.11,1678078800000000000,45
MGTA,148715,0.7995,0.79,0.8124,0.78,1678078800000000000,863
MGTX,111276,8.32,7.66,8.32,7.55,1678078800000000000,2156
MGU,41996,23.22,23.22,23.42,23.14,1678078800000000000,279
MGV,137547,103.07,103.08,103.45,102.97,1678078800000000000,1341
MGY,1229644,22.98,22.94,23.22,22.78,1678078800000000000,19100
MGYR,636,12.64,12.57,12.64,12.57,1678078800000000000,28
MHD,141375,11.62,11.61,11.63,11.58,1678078800000000000,675
MHF,79768,6.41,6.37,6.41,6.32,1678078800000000000,277
MHH,5215,12.76,12.6,12.81,12.47,1678078800000000000,194
MHI,134269,8.62,8.49,8.65,8.47,1678078800000000000,579
MHK,696117,106.64,102.07,106.64,101.92,1678078800000000000,13901
MHLA,2888,16.5506,16.88,17.2,16.5506,1678078800000000000,34
MHLD,47046,2.435,2.5,2.51,2.43,1678078800000000000,1106
MHN,51332,10.23,10.2,10.23,10.18,1678078800000000000,272
MHNC,1402,18.82,18.85,18.85,18.81,1678078800000000000,26
MHO,282165,60,59.35,60,59.09,1678078800000000000,9695
MHUA,27966,31.99,29.17,31.99,28.653,1678078800000000000,1013
MICS,3695,2.535,2.5699,2.5699,2.5,1678078800000000000,96
MID,347,46.62,46.1074,46.62,46.1074,1678078800000000000,13
MIDD,304253,157.6,156.12,158.88,155.25,1678078800000000000,8757
MIDE,0,26.6338,26.6338,26.6338,26.6338,1678078800000000000,0
MIDU,29443,44.35,42.9,44.6062,42.62,1678078800000000000,417
MIG,501,20.689,20.61,20.69,20.61,1678078800000000000,3
MIGI,13412,2.4,2.38,2.48,2.3402,1678078800000000000,116
MILN,9121,29.46,29.34,29.83,29.31,1678078800000000000,144
MIMO,12422,1.33,1.26,1.33,1.22,1678078800000000000,162
MIMO.WS,74750,0.082101,0.0776,0.0879,0.0776,1678078800000000000,34
MIN,369795,2.83,2.8,2.8399,2.79,1678078800000000000,885
MINC,352,44.79,44.685,44.79,44.685,1678078800000000000,2
MIND,34695,0.56,0.5405,0.59,0.5401,1678078800000000000,164
MINDP,6315,7.4588,7.67,7.67,7.1,1678078800000000000,38
MINM,868922,0.1885,0.175,0.1885,0.165,1678078800000000000,659
MINN,50,21.64,21.64,21.64,21.64,1678078800000000000,1
MINO,6386,43.8084,43.6911,43.8084,43.6911,1678078800000000000,34
MINT,706450,99.13,99.13,99.15,99.13,1678078800000000000,2346
MINV,4295,25.08,25.0134,25.09,25,1678078800000000000,36
MIO,40092,10.57,10.48,10.6,10.46,1678078800000000000,301
MIR,2762783,9.21,8.4,9.2162,8.4,1678078800000000000,18888
MIR.WS,24845,1.96,1.77,1.96,1.77,1678078800000000000,108
MIRM,189132,23.73,23.88,23.95,23.35,1678078800000000000,3831
MIRO,11822,2.63,2.62,2.65,2.51,1678078800000000000,172
MISL,6702,23.16,23.0488,23.175,22.9949,1678078800000000000,37
MIST,130229,3.24,3.58,3.66,3.15,1678078800000000000,1220
MITA,7043,10.2,10.185,10.2,10.185,1678078800000000000,32
MITAU,600,10.2101,10.21,10.2101,10.21,1678078800000000000,4
MITK,249760,9.53,9.33,9.53,9.28,1678078800000000000,3248
MITQ,96562,1.185,1.22,1.23,1.1601,1678078800000000000,204
MITT,99152,6.12,6.16,6.25,6.11,1678078800000000000,1624
MITTpA,2109,18.25,18.6499,18.6499,18.25,1678078800000000000,23
MITTpB,4425,17.34,17.7275,17.7275,17.3399,1678078800000000000,37
MITTpC,5605,18.83,18.78,18.85,18.77,1678078800000000000,63
MIXT,4317,8.6,8.6,8.6502,8.58,1678078800000000000,44
MIY,95154,11.16,11.1,11.18,11.08,1678078800000000000,303
MJ,533747,4.11,4.05,4.13,4.0311,1678078800000000000,1537
MJUS,2250849,1.84,1.81,1.87,1.8,1678078800000000000,94
MKC,1181907,72.74,73.23,73.369,72.49,1678078800000000000,20435
MKC.V,835,73.58,72.82,73.58,72.82,1678078800000000000,25
MKFG,1261633,1.54,1.53,1.63,1.475,1678078800000000000,6326
MKFG.WS,111564,0.199325,0.2,0.2005,0.1325,1678078800000000000,79
MKL,40037,1344.99,1334.69,1350,1332.49,1678078800000000000,5105
MKSI,610648,97.06,93.08,97.8,92.6,1678078800000000000,13700
MKTW,66998,2.05,1.88,2.065,1.85,1678078800000000000,607
MKTX,273921,368.55,366.92,375.07,365.51,1678078800000000000,11335
MKUL,110716,2.48,2.75,2.79,2.46,1678078800000000000,983
ML,428736,0.724,0.7173,0.7703,0.69,1678078800000000000,2166
ML.WS,7414,0.07,0.065,0.07,0.065,1678078800000000000,13
MLAB,25846,178.02,172.68,178.02,170.32,1678078800000000000,1544
MLAC,100,10.45,10.45,10.45,10.45,1678078800000000000,1
MLACU,100,10.43,10.43,10.43,10.43,1678078800000000000,1
MLACW,950,0.062,0.0553,0.062,0.0553,1678078800000000000,4
MLCO,2838072,14,13.64,14.075,13.58,1678078800000000000,22466
MLEC,29101,5.73,5.89,6.42,5.65,1678078800000000000,693
MLECW,6402,0.18,0.165,0.1985,0.148,1678078800000000000,67
MLGO,54929,2.02,2.05,2.07,1.98,1678078800000000000,380
MLI,510505,75.27,73.88,75.4009,73.035,1678078800000000000,8757
MLKN,799521,25.15,22.79,25.15,22.53,1678078800000000000,13027
MLM,256852,364.95,360,366.43,359.02,1678078800000000000,10217
MLN,64443,17.43,17.41,17.43,17.3701,1678078800000000000,245
MLNK,57651,16.28,16.11,16.28,16.01,1678078800000000000,1371
MLP,7549,9,9.08,9.15,9,1678078800000000000,72
MLPA,135205,42.57,42.9,43.05,42.57,1678078800000000000,539
MLPB,4258,19.58,19.6619,19.71,19.58,1678078800000000000,24
MLPO,162,12.3,13.025,13.025,12.3,1678078800000000000,5
MLPR,61,44.7143,44.7143,44.7143,44.7143,1678078800000000000,4
MLPX,124092,41.21,41.19,41.4787,41.1,1678078800000000000,488
MLR,70431,28.575,27.56,28.7588,26.88,1678078800000000000,1387
MLSS,146529,0.845,0.7084,0.845,0.703,1678078800000000000,674
MLTX,119253,22.41,22.2,23.03,21.7,1678078800000000000,2323
MLVF,3143,17.9,17.98,17.98,17.9,1678078800000000000,56
MLYS,210501,19.4,18.96,20.1,18.56,1678078800000000000,4035
MMAT,11279871,0.6205,0.5902,0.623,0.59,1678078800000000000,16462
MMC,1421779,163.67,165.26,165.495,163.01,1678078800000000000,27286
MMCA,153,21.325,21.335,21.335,21.325,1678078800000000000,5
MMD,46788,17.38,17.22,17.38,17.21,1678078800000000000,142
MMI,193989,35.45,33.89,35.55,33.89,1678078800000000000,4779
MMIN,78020,23.82,23.75,23.82,23.705,1678078800000000000,135
MMIT,79946,24.16,24.09,24.16,24.07,1678078800000000000,143
MMLG,4196,18.56,18.405,18.69,18.405,1678078800000000000,26
MMLP,37108,2.8,2.8,2.9199,2.8,1678078800000000000,281
MMM,2820238,111.4,109.93,111.62,109.68,1678078800000000000,44914
MMMB,46285,1.8,1.74,1.85,1.73,1678078800000000000,252
MMP,880164,53.85,54.32,54.8,53.8483,1678078800000000000,9597
MMS,186767,82.56,82.27,83.19,81.9791,1678078800000000000,5124
MMSB,0,23.95,23.95,23.95,23.95,1678078800000000000,0
MMSC,0,15.4532,15.4532,15.4532,15.4532,1678078800000000000,0
MMSI,366428,69.79,66.95,70.07,66.2,1678078800000000000,11641
MMT,89197,4.57,4.57,4.61,4.57,1678078800000000000,337
MMTM,2460,170.89,170.4358,170.89,170.27,1678078800000000000,48
MMU,33572,10.17,10.08,10.2,10.08,1678078800000000000,164
MMV,177005,1.61,1.5,1.67,1.38,1678078800000000000,582
MMVWW,6167,0.099266,0.1056,0.1056,0.0928,1678078800000000000,23
MMYT,166541,25.96,25.84,26.28,25.75,1678078800000000000,3315
MNA,115026,31.24,31.07,31.24,31.015,1678078800000000000,574
MNBD,1,25.265,25.265,25.265,25.265,1678078800000000000,1
MNDO,17178,2.34,2.32,2.34,2.3001,1678078800000000000,126
MNDY,989598,155.75,147.39,156.74,147.29,1678078800000000000,22936
MNK,21270,9.09,9.05,9.16,8.95,1678078800000000000,200
MNKD,2329135,4.965,4.8,4.965,4.76,1678078800000000000,12167
MNM,8543,41.14,38.83,41.14,38.7199,1678078800000000000,159
MNMD,327139,3.65,3.46,3.68,3.45,1678078800000000000,3312
MNOV,4003,2.2,2.21,2.2479,2.2,1678078800000000000,211
MNP,11145,11.83,11.76,11.91,11.76,1678078800000000000,106
MNPR,15513,2.9401,3.01,3.11,2.89,1678078800000000000,99
MNRO,209255,50.87,49.7,50.87,49.31,1678078800000000000,8354
MNSB,9754,28.89,29.08,29.08,28.61,1678078800000000000,296
MNSBP,1107,25.85,25.5001,25.85,25.5001,1678078800000000000,3
MNSO,1548647,19.485,18.68,19.49,18.35,1678078800000000000,15124
MNST,2742812,102.16,103.98,104.15,101.75,1678078800000000000,41569
MNTK,174646,10,10.08,10.21,9.98,1678078800000000000,3204
MNTN.WS,60600,0.075,0.07,0.075,0.07,1678078800000000000,6
MNTS,450265,0.79,0.75,0.8022,0.741,1678078800000000000,2303
MNTSW,5271,0.0797,0.07,0.0797,0.07,1678078800000000000,22
MNTV,1225321,7.21,7.06,7.39,7.035,1678078800000000000,9707
MNTX,16643,5.285,5.12,5.285,5.11,1678078800000000000,208
MO,7103650,46.52,47.19,47.23,46.45,1678078800000000000,56711
MOAT,364570,72.71,71.96,73.05,71.94,1678078800000000000,2788
MOB,144312,1.81,1.83,1.95,1.7808,1678078800000000000,851
MOBBW,400,0.2,0.2,0.2,0.2,1678078800000000000,2
MOBQ,10037168,0.2622,0.251,0.2695,0.238,1678078800000000000,20565
MOD,631197,26.6,25.53,26.9029,25.36,1678078800000000000,8471
MODD,2685,2.3,2.35,2.35,2.3,1678078800000000000,102
MODG,1395762,23.81,23.72,24.085,23.59,1678078800000000000,15961
MODL,202,27.5793,27.5518,27.5793,27.5518,1678078800000000000,3
MODN,329024,33.57,33.72,33.98,33.09,1678078800000000000,6561
MODV,141759,98.91,89.97,99.12,89.73,1678078800000000000,4942
MOFG,39034,29.81,29.42,29.97,29.29,1678078800000000000,890
MOG.A,144198,101.63,100.25,101.8155,99.24,1678078800000000000,4591
MOGO,64997,0.6572,0.6725,0.6898,0.65,1678078800000000000,229
MOGU,3278,2.29,2.24,2.3,2.18,1678078800000000000,32
MOH,662995,281.16,280.99,284.32,280.67,1678078800000000000,17891
MOHR,9485,19.42,19.4606,19.52,19.42,1678078800000000000,17
MOLN,246,5.9801,5.9801,5.9801,5.9801,1678078800000000000,20
MOMO,1100510,9.25,8.95,9.29,8.9,1678078800000000000,10377
MOND,16098,10.85,10.6,11.2,10.4,1678078800000000000,375
MOO,35033,90.58,90.06,90.66,89.94,1678078800000000000,806
MOOD,21,25.2208,25.2208,25.2208,25.2208,1678078800000000000,1
MOON,15100,12.79,12.36,12.8,12.36,1678078800000000000,150
MOR,69933,4.18,4.24,4.25,4.15,1678078800000000000,414
MORE,4,23.8865,23.8865,23.8865,23.8865,1678078800000000000,2
MORF,361156,44.42,43.89,44.42,42.8017,1678078800000000000,8121
MORN,94023,211.32,210.14,215.53,210.14,1678078800000000000,3915
MORT,94228,12.4,12.37,12.505,12.3628,1678078800000000000,483
MOS,3886373,56.7,56.22,56.93,55.91,1678078800000000000,44188
MOTE,933,23.455,23.3234,23.51,23.3234,1678078800000000000,8
MOTG,234,33.749,33.5228,33.749,33.5228,1678078800000000000,5
MOTI,38104,32.11,32.06,32.33,32.06,1678078800000000000,363
MOTO,522,39.9,39.5895,39.9,39.5895,1678078800000000000,14
MOTS,15785,0.89,0.8685,0.89,0.8621,1678078800000000000,210
MOV,134950,35.01,34.06,35.01,33.81,1678078800000000000,5484
MOVE,34190,1.3,1.36,1.38,1.3,1678078800000000000,148
MOXC,66371,1,0.98,1.03,0.98,1678078800000000000,100
MP,1985349,33.8,33.4,34.1499,33.1401,1678078800000000000,22349
MPA,69321,11.39,11.37,11.43,11.35,1678078800000000000,100
MPAA,554686,12.39,11.505,12.5,11.43,1678078800000000000,8899
MPAY,209,22.1465,22.1465,22.1465,22.1465,1678078800000000000,26
MPB,36840,30.09,29.99,30.11,29.52,1678078800000000000,863
MPC,3261437,132.21,131.92,133.24,130.64,1678078800000000000,49782
MPLN,3805359,1.11,1.12,1.14,1.065,1678078800000000000,11065
MPLN.WS,200,0.2075,0.2074,0.2075,0.2074,1678078800000000000,2
MPLX,1365098,34.88,34.94,35.2,34.88,1678078800000000000,13695
MPRA,10201,10.4477,10.45,10.45,10.4477,1678078800000000000,10
MPRAW,7977,0.145,0.145,0.1475,0.14,1678078800000000000,17
MPRO,3519,25.44,25.3743,25.47,25.368,1678078800000000000,21
MPTI,3575,10.2,10.45,10.45,10.2,1678078800000000000,74
MPU,18844,1.52,1.52,1.55,1.46,1678078800000000000,317
MPV,2801,12.7969,13.025,13.09,12.7969,1678078800000000000,21
MPW,11404843,10.63,10.51,10.7,10.44,1678078800000000000,48394
MPWR,347447,507.91,497.21,515.8901,495.59,1678078800000000000,12889
MPX,29925,13.52,13.57,13.885,13.385,1678078800000000000,436
MQ,6596284,4.97,5.04,5.255,4.96,1678078800000000000,33549
MQT,105735,10.17,10.15,10.22,10.11,1678078800000000000,175
MQY,110530,11.75,11.68,11.8,11.67,1678078800000000000,698
MRAD,31,14.0701,14.0701,14.0701,14.0701,1678078800000000000,2
MRAI,30202,0.987,0.9781,1.03,0.96,1678078800000000000,106
MRAM,60488,7.15,6.79,7.15,6.72,1678078800000000000,818
MRBK,4676,31.84,31.6,31.84,31.515,1678078800000000000,138
MRC,802688,11.71,11.24,11.73,11.04,1678078800000000000,7369
MRCC,102370,8.51,8.51,8.73,8.38,1678078800000000000,669
MRCY,222419,53.65,52.96,53.825,52.91,1678078800000000000,5272
MRDB,311516,2.16,2.5,2.78,2.16,1678078800000000000,2257
MREO,681514,0.98,0.899,0.98,0.86,1678078800000000000,1658
MRGR,617,38.13,37.9662,38.13,37.9662,1678078800000000000,5
MRIN,46732,1.13,1.11,1.15,1.08,1678078800000000000,353
MRK,17630593,107.66,111.1,111.24,107.45,1678078800000000000,157922
MRKR,10437,2.14,2.12,2.1899,2.0865,1678078800000000000,278
MRM,3014,6.14,6.34,6.34,5.94,1678078800000000000,33
MRNA,2838470,143.3,144.03,145.06,142.63,1678078800000000000,48306
MRND,0,21.1394,21.1394,21.1394,21.1394,1678078800000000000,0
MRNS,264074,6.68,7.08,7.1,6.58,1678078800000000000,5017
MRO,8508362,26.27,26.24,26.445,26.055,1678078800000000000,57247
MRSK,5649,26.85,26.5695,26.85,26.5695,1678078800000000000,34
MRSN,1346603,5.65,5.3,5.67,5.2,1678078800000000000,11331
MRTN,241098,22.53,22.11,22.585,21.945,1678078800000000000,4552
MRTX,1063522,43.5,41.59,43.805,41.32,1678078800000000000,17363
MRUS,280056,18.86,19.24,19.24,17.96,1678078800000000000,2514
MRVI,1617284,16.54,15.77,16.57,15.75,1678078800000000000,18237
MRVL,19056238,44.34,42.27,44.59,41.785,1678078800000000000,178941
MS,5141269,98.44,98.38,99.2,98.095,1678078800000000000,68234
MSpA,18284,21.6,21.68,21.7299,21.555,1678078800000000000,378
MSpE,35521,25.62,25.71,25.73,25.6,1678078800000000000,462
MSpF,52624,25.47,25.44,25.48,25.41,1678078800000000000,513
MSpI,32116,25.35,25.305,25.38,25.2944,1678078800000000000,418
MSpK,68247,25.03,24.89,25.03,24.8,1678078800000000000,701
MSpL,27464,21.855,22.01,22.08,21.855,1678078800000000000,289
MSpO,128737,18.66,18.69,18.77,18.5986,1678078800000000000,550
MSpP,63946,25.81,25.72,25.8395,25.6922,1678078800000000000,654
MSA,109589,135.37,136.47,136.6,133.85,1678078800000000000,3626
MSB,36830,27.46,26.93,27.73,26.77,1678078800000000000,782
MSBI,78471,26.17,25.85,26.37,25.72,1678078800000000000,2076
MSBIP,1694,26.3834,26.35,26.3834,26.25,1678078800000000000,16
MSC,39400,7.74,7.75,7.82,7.345,1678078800000000000,345
MSCI,568009,537.95,542.91,545.495,537.86,1678078800000000000,16436
MSD,59968,6.52,6.56,6.6,6.5199,1678078800000000000,565
MSDA,902,10.1972,10.2,10.2,10.1972,1678078800000000000,4
MSDAW,40402,0.0149,0.018,0.0385,0.0149,1678078800000000000,42
MSEX,82433,76.26,74.68,76.88,73.8,1678078800000000000,3205
MSFD,17026,23.41,23.3882,23.43,23.115,1678078800000000000,159
MSFT,23653493,256.425,256.87,260.12,255.98,1678078800000000000,304142
MSFU,62356,24.23,24.32,24.705,24.2,1678078800000000000,399
MSGE,91475,61.6,60.86,61.816,60.52,1678078800000000000,2672
MSGM,1107125,10,11.23,12.1,9.85,1678078800000000000,8055
MSGR,113,14.67,14.4111,14.67,14.4111,1678078800000000000,7
MSGS,78493,194.9,194.15,196.1,193.895,1678078800000000000,4567
MSI,496753,267.85,268,269.74,267.05,1678078800000000000,17787
MSM,301586,85.97,85.02,86.625,84.84,1678078800000000000,6261
MSMR,3215,22.16,22.11,22.16,22.11,1678078800000000000,2
MSN,12053,0.57,0.59,0.59,0.5615,1678078800000000000,44
MSOS,723517,6.99,6.91,7.09,6.78,1678078800000000000,3301
MSOX,27837,5.65,5.5249,5.84,5.48,1678078800000000000,184
MSSAR,500,0.1757,0.1793,0.18,0.1757,1678078800000000000,5
MSSAU,830,10.99,11.07,11.07,10.99,1678078800000000000,10
MSTB,12912,25.27,25.3561,25.48,25.27,1678078800000000000,109
MSTQ,0,21.8386,21.8386,21.8386,21.8386,1678078800000000000,0
MSTR,477012,249.35,237.45,252.04,237.05,1678078800000000000,12604
MSVB,1911,12.76,12.76,12.76,12.76,1678078800000000000,204
MSVX,2262,23.85,23.955,23.96,23.83,1678078800000000000,24
MT,2471082,32.2,31.94,32.22,31.89,1678078800000000000,18471
MTA,107254,4.72,4.57,4.72,4.55,1678078800000000000,877
MTAC,230,10.14,10.14,10.14,10.14,1678078800000000000,4
MTAL,633,10.16,10.16,10.17,10.16,1678078800000000000,7
MTAL.U,17563,10.35,10.4,10.41,10.35,1678078800000000000,25
MTAL.WS,4200,0.5501,0.61,0.62,0.55,1678078800000000000,13
MTB,1391555,151.94,152.12,153.79,151.71,1678078800000000000,24833
MTBpH,20156,25.11,24.75,25.22,24.68,1678078800000000000,344
MTC,514182,1.68,1.85,1.98,1.68,1678078800000000000,3149
MTCH,4774651,42,39.57,42.16,39.5,1678078800000000000,57331
MTCN,7214,75.53,75.2,75.76,75.2,1678078800000000000,80
MTD,108571,1503.58,1505.92,1526.655,1503.58,1678078800000000000,6975
MTDR,1815230,57.1,57.14,57.21,55.85,1678078800000000000,23388
MTEK,5921,1.05,1.07,1.0799,1.05,1678078800000000000,42
MTEKW,1400,0.0516,0.0818,0.082,0.0516,1678078800000000000,3
MTEM,46909,0.4959,0.473,0.4959,0.45,1678078800000000000,165
MTEX,384,17.17,17.17,17.17,17.17,1678078800000000000,28
MTG,3062014,13.97,13.84,14.25,13.8,1678078800000000000,19731
MTGP,9928,43.33,43.22,43.33,43.1601,1678078800000000000,87
MTH,560576,112.26,109.26,112.26,108.85,1678078800000000000,14507
MTLS,109510,8.87,8.75,8.96,8.72,1678078800000000000,1469
MTN,378795,239.22,237.27,239.87,236.645,1678078800000000000,11938
MTNB,264966,0.48,0.4754,0.492,0.46,1678078800000000000,502
MTP,9955,0.5,0.52,0.52,0.4911,1678078800000000000,61
MTR,34213,17.3,17.03,17.9852,16.605,1678078800000000000,266
MTRN,95659,116.69,112.98,116.69,111.45,1678078800000000000,5223
MTRX,190472,7.04,7.17,7.23,6.95,1678078800000000000,3855
MTSI,586458,71.58,70.45,71.58,70.12,1678078800000000000,10991
MTTR,2576262,3.025,2.94,3.05,2.905,1678078800000000000,12108
MTUL,0,15.7803,15.7803,15.7803,15.7803,1678078800000000000,0
MTUM,494899,141.71,142.19,142.4,141.46,1678078800000000000,6676
MTVC,67096,10.38,10.37,10.38,10.37,1678078800000000000,31
MTVC.U,100,10.41,10.41,10.41,10.41,1678078800000000000,1
MTVC.WS,200,0.1301,0.159,0.159,0.1301,1678078800000000000,2
MTVR,3321,16.2,16.06,16.2063,16.06,1678078800000000000,18
MTW,525916,19.84,19.54,20.2,19.32,1678078800000000000,6745
MTX,193642,62.78,60.98,62.97,60.23,1678078800000000000,5393
MTZ,636623,102.79,101.58,103.5,101,1678078800000000000,12286
MU,14468724,57.28,56.83,58.6481,56.54,1678078800000000000,120813
MUA,82518,10.42,10.44,10.47,10.38,1678078800000000000,291
MUB,1939865,105.46,105.29,105.5,105.2,1678078800000000000,17669
MUC,231179,10.75,10.7,10.76,10.7,1678078800000000000,790
MUE,51497,9.84,9.8,9.87,9.8,1678078800000000000,272
MUFG,3297544,7.19,7.21,7.2282,7.16,1678078800000000000,8246
MUI,180245,11.31,11.32,11.36,11.28,1678078800000000000,745
MUJ,355551,11.17,11.07,11.22,11.06,1678078800000000000,891
MULN,253746923,0.229,0.23,0.2387,0.225,1678078800000000000,126168
MUNI,69543,51.31,51.31,51.342,51.27,1678078800000000000,182
MUR,981072,41.12,41.28,41.5899,40.92,1678078800000000000,16149
MURF,201,10.34,10.34,10.34,10.34,1678078800000000000,3
MUSA,260367,258.67,260.91,260.96,255.33,1678078800000000000,12922
MUSI,7518,42.9546,42.855,43.005,42.84,1678078800000000000,68
MUST,44110,20.29,20.21,20.29,20.16,1678078800000000000,210
MUX,439802,7.24,7.35,7.44,7.1,1678078800000000000,3562
MVBF,78048,25.66,25.36,26.0305,25.21,1678078800000000000,1270
MVF,125757,6.8,6.76,6.84,6.76,1678078800000000000,304
MVIS,1394795,2.52,2.42,2.57,2.375,1678078800000000000,7437
MVLA,126916,2.57,2.38,2.5999,2.38,1678078800000000000,545
MVLAW,8623,0.1624,0.15,0.165,0.15,1678078800000000000,29
MVO,58730,12.54,12.55,12.7704,12.3,1678078800000000000,358
MVPS,18,17.4842,17.4842,17.4842,17.4842,1678078800000000000,3
MVRL,6622,21.94,21.6303,21.979,21.6303,1678078800000000000,74
MVST,1064874,1.37,1.34,1.43,1.32,1678078800000000000,5733
MVSTW,11562,0.21,0.2103,0.2394,0.21,1678078800000000000,41
MVT,22360,10.72,10.52,10.72,10.52,1678078800000000000,118
MVV,6702,55.92,54.6245,55.93,54.62,1678078800000000000,134
MWA,653429,14.1,13.82,14.13,13.775,1678078800000000000,7287
MX,299509,9.66,9.49,9.76,9.455,1678078800000000000,4315
MXC,6216,12.79,12.9,13.145,12.6931,1678078800000000000,96
MXCT,284856,4.77,4.41,4.77,4.38,1678078800000000000,3239
MXE,2454,10.2301,10.23,10.277,10.23,1678078800000000000,23
MXF,15230,17.28,17.22,17.3,17.1799,1678078800000000000,127
MXI,17692,84.89,84.06,84.89,83.9659,1678078800000000000,375
MXL,590551,34.89,34.81,35.91,34.73,1678078800000000000,12115
MYD,131727,10.51,10.54,10.55,10.502,1678078800000000000,674
MYE,493516,21.17,20.71,21.17,20.52,1678078800000000000,5295
MYFW,36852,25.56,24.8,25.56,24.52,1678078800000000000,653
MYGN,787902,23.41,22.09,23.88,21.93,1678078800000000000,15415
MYI,176579,10.91,10.79,10.91,10.78,1678078800000000000,735
MYMD,937554,2.16,2.17,2.18,1.95,1678078800000000000,4551
MYN,78228,9.92,9.83,9.94,9.83,1678078800000000000,387
MYNA,2444,6.4,6.66,6.66,6.27,1678078800000000000,46
MYNZ,24491,6.99,7.09,7.09,6.9,1678078800000000000,244
MYO,1219437,0.68,0.7399,0.77,0.67,1678078800000000000,2368
MYOV,3067486,26.96,26.97,26.98,26.95,1678078800000000000,6469
MYPS,169181,3.84,3.68,3.93,3.65,1678078800000000000,2424
MYPSW,5448,0.4395,0.4111,0.656,0.4068,1678078800000000000,59
MYRG,162940,123.2,121.38,124.23,119.85,1678078800000000000,7045
MYSZ,35988,1.65,1.59,1.65,1.51,1678078800000000000,205
MYTE,192992,8.41,7.58,8.48,7.51,1678078800000000000,1856
MYY,9422,22.95,23.1952,23.2,22.95,1678078800000000000,47
MZZ,825,14.42,14.7341,14.799,14.42,1678078800000000000,16
NA,16614,1.28,1.1501,1.28,1.126,1678078800000000000,84
NAAS,203038,5.18,4.98,5.18,4.9,1678078800000000000,645
NABL,250179,12.48,12.29,12.48,12.165,1678078800000000000,4202
NAC,279310,10.79,10.73,10.81,10.72,1678078800000000000,1193
NACP,2400,28.51,28.48,28.7,28.47,1678078800000000000,70
NAD,635611,11.22,11.14,11.24,11.14,1678078800000000000,1924
NAII,23397,9,8.82,9.4,8.82,1678078800000000000,428
NAIL,171529,42.16,40.46,42.46,40.11,1678078800000000000,1844
NAK,1317723,0.212,0.2161,0.2234,0.21,1678078800000000000,1363
NAMS,86806,12.81,13.06,13.18,12.76,1678078800000000000,418
NAN,109378,10.58,10.54,10.58,10.53,1678078800000000000,460
NANC,4655,24.82,24.6456,24.89,24.6456,1678078800000000000,215
NANR,25943,54.91,54.73,54.92,54.61,1678078800000000000,227
NAOV,45836,4.15,3.96,4.33,3.96,1678078800000000000,425
NAPA,298514,15.18,15.11,15.275,15.08,1678078800000000000,5156
NAPR,1796,37.735,37.5107,37.735,37.5107,1678078800000000000,8
NARI,735549,57.06,56.02,57.25,54.78,1678078800000000000,15151
NAT,3684837,4.5,4.39,4.51,4.27,1678078800000000000,11675
NATH,8644,78.5,76.16,78.5,75.39,1678078800000000000,540
NATI,1479401,51.15,50.83,51.34,50.73,1678078800000000000,13448
NATR,68317,10.53,9.9,10.53,9.73,1678078800000000000,822
NAUT,134192,2.2,2.15,2.24,2.0023,1678078800000000000,936
NAVB,49803,0.33,0.33,0.3428,0.31,1678078800000000000,274
NAVI,992149,18.12,18.06,18.34,17.98,1678078800000000000,11204
NAZ,19052,11.23,11.18,11.23,11.16,1678078800000000000,67
NBB,52925,16.12,16.18,16.23,16.12,1678078800000000000,245
NBCC,12,21.3682,21.3682,21.3682,21.3682,1678078800000000000,3
NBCM,19676,22.36,22.53,22.55,22.36,1678078800000000000,56
NBCT,1001,24.84,24.7943,24.85,24.7943,1678078800000000000,12
NBDS,5334,20.16,20.0124,20.285,19.98,1678078800000000000,55
NBH,95779,10.36,10.24,10.39,10.24,1678078800000000000,474
NBHC,292539,40.38,40.14,40.73,39.96,1678078800000000000,5303
NBIX,645948,100.91,100.73,101.35,99.85,1678078800000000000,14954
NBN,110335,44.5,44.08,44.65,43.81,1678078800000000000,641
NBO,9955,9.66,9.46,9.66,9.43,1678078800000000000,101
NBR,117142,159.5,158.86,160.3,157.5,1678078800000000000,5225
NBRV,15515,1.67,1.68,1.77,1.62,1678078800000000000,122
NBSE,115014,0.2086,0.209,0.21,0.2001,1678078800000000000,219
NBST,195969,10.1329,10.15,10.15,10.12,1678078800000000000,455
NBSTW,760,0.0812,0.0612,0.0812,0.0612,1678078800000000000,6
NBTB,207173,39.88,38.79,39.88,38.52,1678078800000000000,6465
NBW,30782,10.48,10.58,10.59,10.48,1678078800000000000,173
NBXG,480070,10.15,10.21,10.33,10.13,1678078800000000000,2073
NBY,9175,2.05,2.16,2.18,2.05,1678078800000000000,124
NC,18338,39.35,38.37,39.765,37.935,1678078800000000000,785
NCA,52009,8.67,8.58,8.67,8.58,1678078800000000000,346
NCAC,3751,10.58,10.58,10.58,10.58,1678078800000000000,2
NCACW,12760,0.04,0.04,0.0401,0.0352,1678078800000000000,53
NCLH,13071179,16.45,16.32,16.89,16.21,1678078800000000000,74952
NCMI,742047,0.232,0.2325,0.2439,0.2201,1678078800000000000,2215
NCNA,118578,1.42,1.43,1.51,1.35,1678078800000000000,430
NCNO,344374,27.45,26.87,27.89,26.83,1678078800000000000,9172
NCPL,28627,1.16,1.18,1.25,1.16,1678078800000000000,166
NCR,1086424,25.84,25.05,25.9853,25.04,1678078800000000000,10755
NCRA,21537,1.12,1.12,1.15,1.116,1678078800000000000,214
NCSM,889,24.45,24.42,24.56,24.42,1678078800000000000,48
NCTY,109692,0.94,0.97,0.99,0.910101,1678078800000000000,335
NCV,819754,3.7,3.69,3.84,3.67,1678078800000000000,2688
NCVpA,4083,21.9,21.9547,21.98,21.7537,1678078800000000000,26
NCZ,727799,3.18,3.19,3.3,3.16,1678078800000000000,2773
NDAQ,2241370,56.34,56.07,56.71,55.96,1678078800000000000,30830
NDIV,1461,26.7159,26.6532,26.725,26.6199,1678078800000000000,20
NDJI,15351,20.38,20.2972,20.4,20.26,1678078800000000000,42
NDLS,249621,6,5.88,6.14,5.85,1678078800000000000,2129
NDMO,162024,11.22,11.29,11.41,11.15,1678078800000000000,622
NDP,4695,30.16,30,30.177,30,1678078800000000000,49
NDRA,11069,3.8,3.755,3.8,3.65,1678078800000000000,70
NDSN,170271,222.65,221.02,225.165,220.39,1678078800000000000,8160
NDVG,472,25.16,25.0658,25.16,25.06,1678078800000000000,6
NE,1579528,44.42,45.25,45.5,44.085,1678078800000000000,19205
NEA,1161885,10.81,10.77,10.82,10.76,1678078800000000000,2434
NEAR,561567,49.5,49.5,49.51,49.491,1678078800000000000,1364
NECB,38275,15.87,15.8,15.87,15.7,1678078800000000000,655
NEE,6805648,73.54,74.4,74.6,73.41,1678078800000000000,67553
NEEpN,36067,24.98,24.95,24.98,24.871,1678078800000000000,451
NEEpQ,499300,47.67,47.73,47.76,47.46,1678078800000000000,195
NEEpR,42107,45.385,44.76,45.5,44.76,1678078800000000000,564
NEGG,280055,1.38,1.39,1.41,1.35,1678078800000000000,2529
NEM,5775361,44.49,44.22,44.94,44.02,1678078800000000000,54447
NEN,604,74.95,75.48,75.48,74.95,1678078800000000000,6
NEO,1022556,18.02,17.51,18.14,17.48,1678078800000000000,14664
NEOG,1100697,19.06,18.46,19.22,18.405,1678078800000000000,14355
NEON,72562,7.88,7.46,7.88,7.33,1678078800000000000,1173
NEOV,51553,2.76,2.83,2.9,2.76,1678078800000000000,169
NEP,649105,66.54,67.24,67.68,66.3402,1678078800000000000,9881
NEPH,4045,1.12,1.1136,1.12,1.1,1678078800000000000,78
NEPT,28328,0.5141,0.5486,0.58,0.5141,1678078800000000000,233
NERD,2376,14.64,14.5165,14.66,14.5165,1678078800000000000,50
NERV,13147,2.12,2.07,2.12,2.05,1678078800000000000,172
NESR,283312,6.65,6.53,6.67,6.49,1678078800000000000,2564
NET,2612368,62.01,60.1,62.75,60.02,1678078800000000000,37174
NETC,2721,10.47,10.47,10.47,10.47,1678078800000000000,12
NETC.U,1005,10.56,10.56,10.56,10.56,1678078800000000000,10
NETC.WS,5801,0.2,0.2231,0.24,0.2,1678078800000000000,15
NETI,281248,10.6,10.3,10.6,10.22,1678078800000000000,3385
NETL,939,26.18,26.0571,26.18,26.0571,1678078800000000000,31
NETZ,433,50.69,50.5939,50.69,50.5939,1678078800000000000,22
NEU,77107,351.06,350.36,354.7,347.01,1678078800000000000,3917
NEWP,113863,2.51,2.39,2.54,2.39,1678078800000000000,643
NEWR,513469,75.69,74.54,76.2639,74.255,1678078800000000000,11512
NEWT,449630,15.52,15.5,15.95,15.36,1678078800000000000,4558
NEWTL,603,24.63,24.85,24.85,24.63,1678078800000000000,3
NEWTZ,1059,24.66,24.66,24.66,24.66,1678078800000000000,25
NEX,9893100,10.73,10.67,11.03,10.46,1678078800000000000,62712
NEXA,113147,6.59,6.4,6.66,6.39,1678078800000000000,1990
NEXI,78851,0.55,0.5201,0.55,0.4801,1678078800000000000,408
NEXT,445063,7.05,6.85,7.08,6.81,1678078800000000000,4343
NFBK,173692,14.6,14.43,14.63,14.37,1678078800000000000,3417
NFE,1855687,35.51,34.79,35.838,34.52,1678078800000000000,22985
NFG,608433,58.51,58.14,58.74,57.87,1678078800000000000,10189
NFGC,104533,3.77,3.62,3.77,3.5901,1678078800000000000,727
NFJ,149018,12.2,12.11,12.23,12.105,1678078800000000000,821
NFLT,1432,22.015,22.04,22.045,22.015,1678078800000000000,14
NFLX,5610328,317,312.03,323.3,311.8412,1678078800000000000,103016
NFNT,116,10.37,10.37,10.37,10.37,1678078800000000000,2
NFNT.WS,1675,0.13365,0.1239,0.144,0.1233,1678078800000000000,15
NFRA,44957,51.21,51.16,51.37,51.04,1678078800000000000,450
NFTG,166221,2.19,1.9,2.25,1.83,1678078800000000000,956
NFTY,3966,43.39,43.245,43.4949,43.06,1678078800000000000,100
NFYS,31195,10.16,10.15,10.16,10.15,1678078800000000000,27
NFYS.WS,1900,0.12,0.12,0.12,0.12,1678078800000000000,19
NG,674467,5.8,5.66,5.8,5.61,1678078800000000000,4632
NGC,445,10.17,10.15,10.17,10.15,1678078800000000000,24
NGC.WS,39459,0.11,0.07,0.135,0.0663,1678078800000000000,49
NGD,1847844,0.9568,0.9,0.9568,0.9,1678078800000000000,5210
NGE,4220,8.43,8.46,8.575,8.41,1678078800000000000,43
NGG,232872,62.02,62.28,62.44,62.01,1678078800000000000,3952
NGL,1928067,3.6,3.88,3.955,3.53,1678078800000000000,7035
NGLpB,37592,23.13,24.29,24.59,23.13,1678078800000000000,393
NGLpC,5515,22.91,23.725,23.8,22.91,1678078800000000000,32
NGM,217280,4.53,4.33,4.53,4.2,1678078800000000000,2721
NGMS,89686,15.71,14.8,15.88,14.735,1678078800000000000,1777
NGS,15119,11.2,10.86,11.2,10.86,1678078800000000000,301
NGVC,127182,11.15,10.87,11.1788,10.78,1678078800000000000,1898
NGVT,256444,81.34,81.25,81.83,80.5,1678078800000000000,6444
NH,6458,3.23,2.99,3.23,2.9001,1678078800000000000,110
NHC,72168,55.12,54.94,55.175,54.565,1678078800000000000,3362
NHI,337559,53.78,52.95,53.82,52.66,1678078800000000000,6942
NHIC,40096,10.16,10.15,10.16,10.14,1678078800000000000,66
NHICU,1000,10.15,10.15,10.15,10.15,1678078800000000000,3
NHS,45580,8.35,8.35,8.4199,8.33,1678078800000000000,290
NHTC,12665,5.65,5.4,5.7475,5.31,1678078800000000000,246
NHWK,62345,0.95,0.92,0.950381,0.9,1678078800000000000,332
NI,3366128,27.71,27.56,27.9,27.35,1678078800000000000,24922
NIpB,162247,25.02,24.58,25.0799,24.56,1678078800000000000,1187
NIB,6034,30.08,30.1559,30.2399,30.06,1678078800000000000,78
NIC,23132,76.25,75.34,76.68,74.59,1678078800000000000,1085
NICE,151409,214.45,212.3,215.51,212.05,1678078800000000000,5115
NICK,4175,6.2,5.99,6.2,5.99,1678078800000000000,139
NID,587637,12.82,13.08,13.08,12.8,1678078800000000000,1990
NIE,95060,20,19.92,20.14,19.91,1678078800000000000,676
NIM,66376,9.17,9.12,9.1895,9.12,1678078800000000000,302
NIMC,2480,103.65,102.66,103.76,102.66,1678078800000000000,72
NINE,661168,10.56,10.54,10.6393,10.26,1678078800000000000,7352
NIO,35304009,9.5,9.31,9.64,9.3,1678078800000000000,99877
NIQ,335111,12.37,12.48,12.51,12.37,1678078800000000000,245
NISN,204098,0.54,0.5287,0.542,0.5101,1678078800000000000,304
NIU,570443,4.38,4.14,4.42,4.04,1678078800000000000,3374
NIWM,456,27,27.03,27.06,27,1678078800000000000,5
NJAN,7449,36.92,36.9199,37.0999,36.82,1678078800000000000,47
NJR,357467,51.23,51.53,51.77,50.98,1678078800000000000,7248
NJUL,2154,46.08,45.952,46.1461,45.952,1678078800000000000,20
NKE,5014716,121.13,120.17,121.99,119.955,1678078800000000000,74343
NKEL,513,31.93,31.27,32.1752,31.27,1678078800000000000,15
NKEQ,318,26.35,27,27,26.35,1678078800000000000,15
NKG,55180,9.86,9.74,9.86,9.74,1678078800000000000,235
NKLA,10597191,2.16,2.06,2.17,2.05,1678078800000000000,29330
NKSH,9585,41.6,41.7,42,41.1261,1678078800000000000,355
NKTR,2549130,1.57,1.44,1.59,1.41,1678078800000000000,7867
NKTX,570840,4.92,4.45,4.967,4.4,1678078800000000000,3973
NKX,73800,11.64,11.61,11.675,11.58,1678078800000000000,697
NL,5918,7.34,7.32,7.34,7.245,1678078800000000000,159
NLR,8290,56.58,55.86,56.58,55.86,1678078800000000000,129
NLS,136648,1.69,1.62,1.69,1.6107,1678078800000000000,1193
NLSP,95197,1.43,1.56,1.64,1.35,1678078800000000000,328
NLSPW,15613,0.18,0.16,0.18,0.132,1678078800000000000,64
NLTX,173339,0.49,0.524,0.5339,0.49,1678078800000000000,490
NLY,4534592,20.46,20.34,20.68,20.34,1678078800000000000,23921
NLYpF,39562,25.08,25.09,25.11,25,1678078800000000000,307
NLYpG,140240,24.2288,24.09,24.34,23.94,1678078800000000000,721
NLYpI,17403,24.15,24.09,24.1898,24.0379,1678078800000000000,184
NM,242312,2.79,2.57,2.85,2.43,1678078800000000000,1318
NMpG,1049,23.05,23.2673,23.2673,23,1678078800000000000,6
NMpH,1346,23.5,23.5,23.55,23.48,1678078800000000000,12
NMAI,88233,12.22,12.28,12.4,12.22,1678078800000000000,298
NMCO,250727,11.01,11,11.06,10.96,1678078800000000000,769
NMFC,295264,12.8,12.77,12.905,12.76,1678078800000000000,2966
NMG,12709,5.5,5.5,5.58,5.45,1678078800000000000,147
NMI,21171,9.14,9.02,9.1699,9.01,1678078800000000000,100
NMIH,423641,24.27,24.13,24.72,23.93,1678078800000000000,8785
NMKpB,3308,77.54,79.32,81.64,75.7,1678078800000000000,58
NMKpC,28,84.52,85.42,85.42,84.52,1678078800000000000,4
NML,116043,7.09,7.05,7.16,7.05,1678078800000000000,580
NMM,141250,27,26.43,27.01,26.31,1678078800000000000,1373
NMR,620029,4.1,4.11,4.13,4.1,1678078800000000000,2285
NMRD,63878,1,0.96,1,0.92,1678078800000000000,371
NMRK,827020,7.98,7.77,7.98,7.735,1678078800000000000,8013
NMS,70364,11.99,11.83,12.0735,11.83,1678078800000000000,165
NMT,29208,10.7,10.55,10.7,10.52,1678078800000000000,103
NMTC,45574,1.54,1.52,1.601,1.51,1678078800000000000,233
NMTR,54110,1.68,1.73,1.79,1.68,1678078800000000000,344
NMZ,441608,10.31,10.29,10.35,10.26,1678078800000000000,1185
NN,212424,2.72,2.73,2.765,2.65,1678078800000000000,2559
NNBR,382184,1.86,1.95,2.0299,1.86,1678078800000000000,738
NNDM,2649655,3.12,3.08,3.22,3.07,1678078800000000000,10326
NNI,52095,91.56,92.7,92.93,91.22,1678078800000000000,1777
NNN,671908,46.04,45.64,46.08,45.5,1678078800000000000,11695
NNOX,446534,7.14,6.91,7.22,6.82,1678078800000000000,5730
NNVC,12377,1.41,1.3401,1.41,1.34,1678078800000000000,85
NNY,15182,8.47,8.29,8.47,8.27,1678078800000000000,110
NOA,117668,17.69,17.89,18,17.49,1678078800000000000,1604
NOAH,41876,19.69,19.75,19.96,19.43,1678078800000000000,1038
NOBL,405270,92.1,91.81,92.42,91.653,1678078800000000000,3711
NOC,761274,466.62,470.22,474.4,465.96,1678078800000000000,22871
NOCT,4036,38.105,37.8971,38.105,37.8971,1678078800000000000,27
NODK,23607,13.82,13.42,13.82,13.17,1678078800000000000,414
NOG,1483046,33.5,33.19,34.06,33.18,1678078800000000000,20387
NOGN,167248,0.4411,0.4665,0.473199,0.4343,1678078800000000000,434
NOGNW,24371,0.0393,0.0401,0.0433,0.0393,1678078800000000000,32
NOK,12610603,4.83,4.79,4.85,4.79,1678078800000000000,25007
NOM,1071,10.3775,10.37,10.4,10.37,1678078800000000000,16
NOMD,333856,17.71,17.55,17.94,17.55,1678078800000000000,4014
NOPE,95840,9.6,9.78,9.84,9.5024,1678078800000000000,640
NORW,4070,25.795,25.7781,25.84,25.73,1678078800000000000,48
NOTE,540381,1.99,1.96,2.06,1.95,1678078800000000000,3822
NOTE.WS,1450,0.347399,0.3301,0.347399,0.3301,1678078800000000000,14
NOTV,396208,6.91,6.34,7.02,6.33,1678078800000000000,6342
NOV,2243070,23.07,23.07,23.18,22.93,1678078800000000000,21411
NOVA,3206975,18.49,19.01,20.26,18.39,1678078800000000000,41439
NOVN,159766,1.42,1.32,1.42,1.3,1678078800000000000,791
NOVT,134537,152.17,151.05,153.36,150.48,1678078800000000000,4038
NOVVW,34951,0.019,0.0236,0.0236,0.019,1678078800000000000,189
NOVZ,103,31.5499,31.3589,31.5499,31.3589,1678078800000000000,1
NOW,1085629,445.5,446.02,454.89,444.37,1678078800000000000,31780
NPAB,2401,10.35,10.3201,10.35,10.32,1678078800000000000,14
NPABW,562,0.040101,0.0455,0.0455,0.040101,1678078800000000000,3
NPCE,133878,3.95,4.6,4.89,3.95,1678078800000000000,649
NPCT,118264,10.88,10.77,10.9,10.75,1678078800000000000,409
NPFD,105251,17.93,17.97,18,17.85,1678078800000000000,483
NPK,72590,72.835,73.12,73.33,72.2,1678078800000000000,2279
NPO,176413,111.1,105.57,111.1,104.25,1678078800000000000,5170
NPV,36640,11.55,11.36,11.5685,11.36,1678078800000000000,92
NQP,57101,11.1,11.03,11.13,11.03,1678078800000000000,292
NR,549633,4.79,4.75,4.82,4.68,1678078800000000000,4618
NRAC,3272,10.17,10.17,10.17,10.17,1678078800000000000,18
NRACW,13974,0.09,0.0949,0.0949,0.09,1678078800000000000,13
NRBO,1023208,0.79,0.7997,0.8099,0.738,1678078800000000000,1850
NRC,32831,45.4004,45.09,45.7,44.82,1678078800000000000,1168
NRDS,666512,21.5,21.27,21.6403,20.98,1678078800000000000,10867
NRDY,599606,3.5,3.5,3.675,3.411,1678078800000000000,4916
NRDY.WS,310,0.5246,0.5107,0.5246,0.5107,1678078800000000000,3
NREF,50020,18.12,17.94,18.49,17.89,1678078800000000000,1202
NREFpA,4545,21.2521,21.28,21.37,21.11,1678078800000000000,66
NRG,4679502,33.85,34.38,34.605,33.82,1678078800000000000,36715
NRGD,38352,307.8,306.39,316.52,305.42,1678078800000000000,1120
NRGU,67055,442.82,449.72,450.15,434.49,1678078800000000000,2477
NRGV,1625979,3.11,3.16,3.3481,3.06,1678078800000000000,9208
NRGX,32383,15.68,15.77,15.87,15.596,1678078800000000000,296
NRIM,26437,52.67,52.5,52.7,52.26,1678078800000000000,752
NRIX,314586,9.07,8.96,9.1,8.82,1678078800000000000,4360
NRK,204291,10.21,10.19,10.21,10.18,1678078800000000000,785
NRO,206558,3.38,3.37,3.415,3.35,1678078800000000000,857
NRP,33856,63.64,60.11,64.2308,59.6022,1678078800000000000,722
NRSN,23713,1.79,1.76,1.79,1.7,1678078800000000000,124
NRT,112068,11.95,12.3,12.35,11.8,1678078800000000000,973
NRUC,26217,23.56,23.56,23.61,23.5308,1678078800000000000,281
NRXP,178057,0.7941,0.7774,0.8,0.77,1678078800000000000,701
NS,293539,15.96,16.12,16.47,15.9,1678078800000000000,2768
NSpA,43117,25.08,25.12,25.18,24.98,1678078800000000000,318
NSpB,41536,24.16,23.93,24.16,23.78,1678078800000000000,193
NSpC,10072,25.45,25.43,25.45,25.347,1678078800000000000,103
NSA,718066,44.64,43.88,44.735,43.675,1678078800000000000,14289
NSApA,9139,23.685,23.6951,23.83,23.57,1678078800000000000,85
NSC,1538194,227.64,222.42,227.87,222.34,1678078800000000000,31524
NSCS,7,22.6048,22.6048,22.6048,22.6048,1678078800000000000,1
NSIT,266863,136.77,136.21,137.575,135.19,1678078800000000000,8590
NSL,88487,4.87,4.88,4.89,4.87,1678078800000000000,480
NSP,143935,122.95,124.14,124.16,122.5597,1678078800000000000,4836
NSPI,4234,20.26,20.17,20.312,20.17,1678078800000000000,32
NSPL,5278,31.59,31.5084,31.74,31.5084,1678078800000000000,17
NSPR,21731,1.2,1.23,1.24,1.16,1678078800000000000,83
NSPY,323,28.36,28.39,28.39,28.36,1678078800000000000,5
NSS,26205,26.18,26.1,26.18,26.02,1678078800000000000,314
NSSC,451556,33.27,32.46,33.27,32.4,1678078800000000000,6376
NSTB,7897,9.95,9.99,9.99,9.93,1678078800000000000,53
NSTC,126654,10.16,10.12,10.34,10.12,1678078800000000000,229
NSTD.WS,23493,0.0376,0.0354,0.0395,0.0341,1678078800000000000,69
NSTG,464980,10.42,10.16,10.63,10.15,1678078800000000000,6257
NSYS,1036,15.17,15.8199,15.9699,15.06,1678078800000000000,42
NTAP,1301017,66.25,65.36,66.39,65.2,1678078800000000000,24972
NTB,124383,35.82,35.86,35.93,35.38,1678078800000000000,2688
NTCO,399555,5.49,5.8,5.82,5.49,1678078800000000000,2697
NTCT,382038,28.23,27.8,28.44,27.66,1678078800000000000,8282
NTES,976546,86.24,86.46,87.28,85.57,1678078800000000000,17132
NTEST,11880,25.03,25.03,25.03,25.03,1678078800000000000,224
NTEST.H,1960,25.02,25.02,25.02,25.02,1678078800000000000,47
NTEST.I,1640,25.03,25.0549,25.0549,25.03,1678078800000000000,39
NTG,4485,36.16,36.14,36.37,35.6657,1678078800000000000,86
NTGR,203619,18.21,17.69,18.21,17.49,1678078800000000000,4628
NTIC,6105,12.93,12.82,13,12.82,1678078800000000000,104
NTIP,39123,2.25,2.25,2.27,2.2,1678078800000000000,150
NTKI,78,20.4251,20.4251,20.4251,20.4251,1678078800000000000,6
NTLA,1025020,43.39,40.08,43.6064,39.97,1678078800000000000,22320
NTNX,3520903,28.75,28.77,29.32,28.57,1678078800000000000,38027
NTR,1564564,82.51,81.17,82.68,80.55,1678078800000000000,23027
NTRA,1161725,58.29,56.73,58.7,56.5,1678078800000000000,17139
NTRB,6318,3.99,3.925,3.99,3.8772,1678078800000000000,60
NTRS,925660,95.06,95.31,95.57,94.52,1678078800000000000,20957
NTRSO,20586,21.49,21.6149,21.77,21.39,1678078800000000000,222
NTSE,4879,27.71,27.58,27.71,27.53,1678078800000000000,56
NTSI,14146,33.635,33.58,33.6694,33.49,1678078800000000000,115
NTST,494701,20.01,20.28,20.28,19.9,1678078800000000000,7027
NTSX,103841,33.97,33.94,34.22,33.85,1678078800000000000,846
NTWK,36737,2.72,2.66,2.9,2.66,1678078800000000000,125
NTZ,24303,5.4,5.19,5.4,5.034,1678078800000000000,203
NTZG,16,27.0603,27.0603,27.0603,27.0603,1678078800000000000,5
NU,21489130,4.69,4.95,5,4.68,1678078800000000000,36814
NUAG,7409,20.54,20.49,20.59,20.49,1678078800000000000,51
NUBD,22066,21.8,21.7004,21.8,21.7004,1678078800000000000,221
NUBIW,1200,0.1999,0.2,0.2,0.1999,1678078800000000000,6
NUDM,17930,27.89,27.83,28.0079,27.83,1678078800000000000,468
NUDV,16520,24.35,24.3624,24.38,24.3252,1678078800000000000,52
NUE,1833606,176.26,175.54,177.7533,174.02,1678078800000000000,37270
NUEM,49856,26.81,26.69,26.86,26.61,1678078800000000000,593
NUGO,8538,19.15,19.05,19.15,19.01,1678078800000000000,35
NUGT,2250118,32.9,32.15,33.0999,31.72,1678078800000000000,14217
NUHY,4624,20.59,20.52,20.59,20.5,1678078800000000000,91
NULC,308,34.0199,33.8666,34.0199,33.8666,1678078800000000000,1
NULG,22966,53.99,53.7821,54.4442,53.7701,1678078800000000000,242
NULV,77155,34.76,34.73,34.89,34.66,1678078800000000000,657
NUMG,27882,39.08,38.78,39.3313,38.74,1678078800000000000,279
NUMV,34577,31.27,30.98,31.3,30.92,1678078800000000000,187
NUO,25644,12.3948,12.3,12.3948,12.3,1678078800000000000,144
NURE,19621,31.34,31.28,31.55,31.2002,1678078800000000000,63
NURO,17584,1.82,1.8225,1.865,1.82,1678078800000000000,125
NUS,329697,41.74,40.01,41.82,39.77,1678078800000000000,8412
NUSA,3390,22.7046,22.676,22.7046,22.6743,1678078800000000000,35
NUSC,50075,38.1,37.5093,38.1,37.42,1678078800000000000,374
NUSI,204833,19.02,19.19,19.4,19.02,1678078800000000000,1049
NUTX,4156054,1.33,1.61,1.65,1.32,1678078800000000000,19090
NUV,271050,8.85,8.8,8.89,8.79,1678078800000000000,756
NUVA,846679,44.52,44.23,44.52,43.85,1678078800000000000,12459
NUVB,461783,1.89,1.78,1.89,1.72,1678078800000000000,2710
NUVB.WS,1033,0.1513,0.1622,0.1778,0.1252,1678078800000000000,6
NUVL,320300,30,27.87,30,27.5,1678078800000000000,6677
NUW,52945,13.73,13.65,13.79,13.61,1678078800000000000,219
NUWE,177213,7.59,6.85,7.69,6.75,1678078800000000000,1723
NUZE,22843,11.38,12.5,12.73,11.3,1678078800000000000,352
NVAC,23838,10.25,10.28,10.28,10.25,1678078800000000000,61
NVACR,13724,0.165,0.164899,0.165,0.164899,1678078800000000000,5
NVACW,20000,0.04,0.04,0.04,0.04,1678078800000000000,23
NVAX,7243445,7.48,7.29,7.7,7.16,1678078800000000000,40826
NVBT,591,26.34,26.2533,26.34,26.2533,1678078800000000000,9
NVBW,2780,26.1001,26.1033,26.1033,26.1001,1678078800000000000,1
NVCN,43487,29.07,29.16,29.27,28.82,1678078800000000000,561
NVCR,684478,78,75.63,78.41,75.09,1678078800000000000,14314
NVCT,13541,12,11.9,12,11.51,1678078800000000000,317
NVDA,43469031,238.91,235.54,242.48,234.87,1678078800000000000,475709
NVDL,37493,38.16,37.12,38.72,36.96,1678078800000000000,440
NVDS,1581705,19.55,19.91,19.98,19.21,1678078800000000000,6533
NVEC,33360,78.6,76.25,78.7,75.85,1678078800000000000,1247
NVEE,97108,106.16,104,107.89,103.34,1678078800000000000,3343
NVEI,375544,34.09,33.19,34.71,33.13,1678078800000000000,6491
NVFY,17883,0.66,0.6701,0.759041,0.66,1678078800000000000,102
NVG,623443,11.6,11.49,11.62,11.47,1678078800000000000,1748
NVGS,286607,13.91,13.46,13.91,13.24,1678078800000000000,3911
NVIR,8,25.3466,25.3466,25.3466,25.3466,1678078800000000000,5
NVIV,71553,1.98,2.15,2.16,1.93,1678078800000000000,426
NVMI,90916,92.97,92.44,93.7,91.85,1678078800000000000,2386
NVNO,32006,5.61,5.5225,5.65,5.5,1678078800000000000,124
NVNOW,6189,0.0646,0.12,0.12,0.0642,1678078800000000000,26
NVO,1166742,145.63,144.76,145.94,143.905,1678078800000000000,18765
NVOS,130348803,0.131,0.174,0.1819,0.127,1678078800000000000,62680
NVQ,1369,33.09,32.8315,33.09,32.8315,1678078800000000000,46
NVR,22792,5265,5244.98,5297.99,5230,1678078800000000000,3867
NVRO,636758,34.52,32.19,34.56,31.97,1678078800000000000,9365
NVS,2009514,84.97,84.92,85.62,84.71,1678078800000000000,25662
NVST,2301605,39.64,38.95,39.91,38.92,1678078800000000000,15364
NVT,1031899,46.18,46.04,46.56,45.85,1678078800000000000,12760
NVTA,9492553,1.86,1.68,1.87,1.68,1678078800000000000,22749
NVTS,2215659,6.43,6.31,6.75,6.27,1678078800000000000,16299
NVVE,117486,0.97,0.94,0.9985,0.9091,1678078800000000000,547
NVVEW,4260,0.0899,0.11,0.11,0.0899,1678078800000000000,8
NVX,46679,4.35,4.33,4.45,4.06,1678078800000000000,330
NWBI,722400,13.77,13.43,13.85,13.35,1678078800000000000,9136
NWE,324060,57.81,57.64,58.01,57.17,1678078800000000000,7411
NWFL,15276,33.95,33.97,34.29,33.85,1678078800000000000,368
NWG,1038101,7.03,7.11,7.12,7.01,1678078800000000000,3670
NWL,6595825,14.6,13.48,14.6,13.445,1678078800000000000,44404
NWLG,3,19.5467,19.5467,19.5467,19.5467,1678078800000000000,2
NWLI,16112,266,256.5,266,255,1678078800000000000,1119
NWN,216346,48.19,47.41,48.34,46.85,1678078800000000000,5953
NWPX,44008,40.2,39.16,40.2,38.83,1678078800000000000,1063
NWS,1117531,17.52,17.19,17.55,17.125,1678078800000000000,10320
NWSA,3133487,17.305,17.03,17.425,16.97,1678078800000000000,21083
NWTN,4530,11,11.1,11.1,10.51,1678078800000000000,68
NWTNW,98768,0.25,0.2499,0.25,0.245,1678078800000000000,69
NX,148892,26.55,25.55,26.63,25.24,1678078800000000000,3885
NXC,16357,13.52,13.57,13.63,13.52,1678078800000000000,71
NXDT,107909,12.34,12.05,12.39,11.98,1678078800000000000,1715
NXDTpA,6413,16.03,16.0364,16.12,15.93,1678078800000000000,57
NXE,1108743,4.36,4.22,4.37,4.21,1678078800000000000,3043
NXG,4136,40.36,40.22,40.65,39.81,1678078800000000000,44
NXGL,16002,1.45,1.49,1.49,1.425,1678078800000000000,73
NXGLW,12772,0.1634,0.1701,0.2998,0.15,1678078800000000000,147
NXGN,376867,18.08,17.83,18.14,17.76,1678078800000000000,6512
NXJ,88922,11.28,11.27,11.35,11.27,1678078800000000000,412
NXL,76526,0.9312,0.9709,1.05,0.93,1678078800000000000,274
NXN,6888,12.02,11.75,12.06,11.75,1678078800000000000,48
NXP,106774,14.47,14.45,14.6099,14.45,1678078800000000000,569
NXPI,1088676,184.01,179.94,184.665,178.87,1678078800000000000,26917
NXPL,7500,1.5,1.47,1.5425,1.435,1678078800000000000,153
NXRT,116908,48,46.9,48.32,46.62,1678078800000000000,3638
NXST,541583,183.44,179.39,185.53,178.885,1678078800000000000,14550
NXT,2252661,34.56,32.45,34.75,31.8,1678078800000000000,20606
NXTC,51463,1.53,1.53,1.53,1.4909,1678078800000000000,294
NXTE,6302,32.5,32.2162,32.62,32.185,1678078800000000000,26
NXTG,11993,67.56,67.09,67.65,67.09,1678078800000000000,170
NXTP,85267,1.67,1.49,1.76,1.47,1678078800000000000,430
NYC,3569,11.45,11.38,11.746,11.34,1678078800000000000,148
NYCB,8699743,8.65,8.61,8.73,8.56,1678078800000000000,33958
NYCBpA,36889,24.34,24.19,24.5121,24.0841,1678078800000000000,622
NYCBpU,16722,43.35,43.3847,43.75,43.31,1678078800000000000,42
NYF,14957,52.4,52.28,52.4,52.23,1678078800000000000,97
NYMT,2024800,2.53,2.5,2.58,2.485,1678078800000000000,8248
NYMTL,2111,19.17,19.39,19.39,19.17,1678078800000000000,57
NYMTM,10447,22.3,22.58,22.6,22.27,1678078800000000000,82
NYMTN,12131,20.37,20.34,20.37,20.2,1678078800000000000,114
NYMTZ,1071,18.345,18.44,18.4401,18.3,1678078800000000000,18
NYMX,48012,0.32,0.3708,0.419999,0.32,1678078800000000000,195
NYT,675195,39.45,38.65,39.48,38.51,1678078800000000000,12252
NYXH,326022,5.4,5.33,6.12,5.2,1678078800000000000,3234
NZAC,4166,27.91,27.88,28.03,27.81,1678078800000000000,36
NZF,603101,11.58,11.49,11.58,11.49,1678078800000000000,1844
NZRO,0,21.1571,21.1571,21.1571,21.1571,1678078800000000000,0
NZUS,2,22.6368,22.6368,22.6368,22.6368,1678078800000000000,2
O,3483367,64.74,64.3,64.89,64.205,1678078800000000000,49481
OABI,831776,4.16,3.81,4.16,3.75,1678078800000000000,7983
OABIW,1200,0.64,0.62,0.64,0.6183,1678078800000000000,4
OACP,24504,22.61,22.565,22.61,22.554,1678078800000000000,83
OAEM,1951,28.05,27.9105,28.05,27.88,1678078800000000000,15
OAIA,285,24.45,24.44,24.45,24.44,1678078800000000000,7
OAIE,0,25.87,25.87,25.87,25.87,1678078800000000000,0
OAIM,5718,29.2493,29.17,29.2594,29.17,1678078800000000000,10
OAKpA,3858,23.46,23.64,23.64,23.375,1678078800000000000,26
OAKpB,3682,23.23,23.585,23.6026,23.23,1678078800000000000,65
OALC,7300,22.05,21.8504,22.05,21.8406,1678078800000000000,32
OARK,48368,17.5,17.1366,17.52,17.1366,1678078800000000000,326
OB,202720,4.9,4.77,4.93,4.71,1678078800000000000,2303
OBE,373588,7.58,7.53,7.61,7.421,1678078800000000000,3645
OBIL,56211,50.02,49.99,50.02,49.99,1678078800000000000,230
OBIO,178428,11.5,18.18,18.2,10.5709,1678078800000000000,2317
OBLG,31737,1.86,1.74,1.93,1.71,1678078800000000000,213
OBND,1,25.505,25.505,25.505,25.505,1678078800000000000,1
OBNK,77713,37.82,37.33,37.86,37.12,1678078800000000000,1936
OBOR,496,22.98,22.935,23.04,22.935,1678078800000000000,6
OBSV,19354354,0.2232,0.1998,0.233,0.19,1678078800000000000,17055
OBT,4863,53.28,53.93,53.93,52.54,1678078800000000000,451
OC,837851,101.5,99.63,102.065,99.43,1678078800000000000,15435
OCAXU,101,10.32,10.32,10.32,10.32,1678078800000000000,2
OCAXW,137246,0.095,0.0979,0.1025,0.095,1678078800000000000,62
OCC,1346,4.355,4.44,4.44,4.355,1678078800000000000,81
OCCI,173590,10.3,10.14,10.4,10.07,1678078800000000000,999
OCCIN,846,22.77,22.77,22.77,22.76,1678078800000000000,10
OCCIO,2448,23.37,23.55,23.6,23.3699,1678078800000000000,15
OCEA,340308,6.34,5.5,6.41,5.3,1678078800000000000,2455
OCEAW,23056,0.2486,0.1949,0.2493,0.185,1678078800000000000,47
OCEN,10,21.0256,21.0256,21.0256,21.0256,1678078800000000000,1
OCFC,374493,23.54,23.26,23.72,23.15,1678078800000000000,5962
OCFCP,8248,25.7,25.89,25.89,25.51,1678078800000000000,24
OCFT,73151,6.78,6.22,6.9,6.2,1678078800000000000,955
OCG,5210,0.585,0.5865,0.61,0.585,1678078800000000000,35
OCGN,5783118,1.02,0.9829,1.04,0.97,1678078800000000000,14371
OCIO,354,28.7196,28.6914,28.7196,28.6914,1678078800000000000,14
OCN,25894,31.62,31.58,31.89,31.13,1678078800000000000,1218
OCS,47144,11.88,9.38,11.995,8.86,1678078800000000000,593
OCSAW,632,0.6759,0.45,0.6759,0.45,1678078800000000000,6
OCSL,477205,20.44,20.43,20.53,20.38,1678078800000000000,4906
OCTT,7460,29.56,29.66,29.83,29.56,1678078800000000000,33
OCTW,11680,28.81,28.83,28.9,28.782,1678078800000000000,30
OCTZ,0,30.3874,30.3874,30.3874,30.3874,1678078800000000000,0
OCUL,1092259,5.94,5.58,5.97,5.535,1678078800000000000,9536
OCUP,69670,3.8,3.75,3.82,3.61,1678078800000000000,395
OCX,76012,0.35,0.3793,0.38,0.3402,1678078800000000000,403
ODC,9032,38.21,37.73,38.21,37.43,1678078800000000000,583
ODDS,0,18.625,18.625,18.625,18.625,1678078800000000000,0
ODFL,709083,353.24,352.95,358.52,351.94,1678078800000000000,20345
ODP,381618,50.29,48.75,50.87,48.14,1678078800000000000,9218
ODV,56883,4.42,4.31,4.42,4.27,1678078800000000000,266
OEC,496115,26.7,26.31,26.77,26.09,1678078800000000000,8486
OEF,139492,181.9,181.83,183.18,181.72,1678078800000000000,2110
OESX,10392,2.03,2,2.03,1.97,1678078800000000000,117
OEUR,1234,25.81,25.7164,25.81,25.6928,1678078800000000000,22
OFC,423327,25.57,25.57,25.74,25.405,1678078800000000000,6345
OFED,244,22.08,22.08,22.08,22.08,1678078800000000000,41
OFG,280651,30,29.45,30.1,29.15,1678078800000000000,5334
OFIX,241045,20.7,19.68,20.7,19.5401,1678078800000000000,5392
OFLX,43953,120.2,120.89,125,120.2,1678078800000000000,954
OFS,28043,10.5,10.69,10.72,10.46,1678078800000000000,233
OFSSH,568,22.4,22.4,22.4,22.4,1678078800000000000,11
OGE,977135,35.91,35.84,36.08,35.675,1678078800000000000,12633
OGEN,26074,4.34,4.12,4.691,4.0001,1678078800000000000,460
OGI,819568,0.7688,0.7489,0.7688,0.73,1678078800000000000,2559
OGIG,10618,27.95,27.74,28.19,27.74,1678078800000000000,115
OGN,2578694,24.55,24.12,24.99,24.11,1678078800000000000,20544
OGS,615260,80.92,79.86,81.135,79.23,1678078800000000000,11537
OHAA,1047,10.44,10.15,10.44,10.1,1678078800000000000,10
OHAAW,8820,0.2286,0.1636,0.2388,0.1557,1678078800000000000,64
OHI,2346782,27.22,27.4,27.48,27.16,1678078800000000000,21584
OI,861202,23.08,22.65,23.14,22.5602,1678078800000000000,11612
OIA,52764,6.78,6.74,6.86,6.74,1678078800000000000,160
OIG,783606,0.15,0.1589,0.16,0.15,1678078800000000000,1978
OIH,486765,329.16,329.44,331.45,327.7,1678078800000000000,8434
OII,975301,22.03,21.7,22.1,21.35,1678078800000000000,13011
OIL,14510,30.08,30.6,30.7,30.07,1678078800000000000,230
OILD,79594,24.63,24.46,25.08,24.362,1678078800000000000,757
OILK,15145,44.68,45,45,44.21,1678078800000000000,325
OILU,68477,46.95,47.5,47.66,46.22,1678078800000000000,791
OIS,613019,10.35,10.08,10.35,9.92,1678078800000000000,6538
OKE,2247240,67.82,68.65,68.8,67.67,1678078800000000000,34528
OKTA,3241014,85.13,84.15,86.24,82.8678,1678078800000000000,50763
OKYO,206810,2.29,2.26,2.465,2.16,1678078800000000000,1198
OLB,22591,1,0.96,1,0.95,1678078800000000000,159
OLED,381855,142.52,140.62,143.49,139.76,1678078800000000000,12784
OLIT,100,10.17,10.17,10.17,10.17,1678078800000000000,1
OLITU,100,10.05,10.05,10.05,10.05,1678078800000000000,1
OLK,76565,24.44,24.11,25,23.75,1678078800000000000,2005
OLLI,915253,56.96,55.27,57.22,54.97,1678078800000000000,17017
OLMA,33022,4.06,3.95,4.15,3.94,1678078800000000000,623
OLN,1695668,59.92,57.78,60.17,57.35,1678078800000000000,27927
OLO,1131085,7.8,7.87,8.08,7.69,1678078800000000000,9722
OLP,57779,22.8,22.66,22.8244,22.53,1678078800000000000,1020
OLPX,6452983,4.64,4.26,4.675,4.145,1678078800000000000,35858
OM,462933,23.47,22.81,23.53,22.56,1678078800000000000,8660
OMAB,41066,81,81.1,81.31,79.74,1678078800000000000,1628
OMC,2070585,91.96,91.8,92.37,91.055,1678078800000000000,31035
OMCL,367056,56.61,54.72,57.24,54.62,1678078800000000000,8287
OMER,192359,3.84,3.6,3.85,3.59,1678078800000000000,1912
OMEX,40655,3.13,3.14,3.18,3.03,1678078800000000000,221
OMF,1279074,43.56,42.73,43.75,42.62,1678078800000000000,15903
OMFL,2277005,46.85,46.15,46.88,46.07,1678078800000000000,1263
OMFS,18185,37.6,36.67,37.6,36.5945,1678078800000000000,143
OMGA,68242,6.81,6.91,6.92,6.425,1678078800000000000,1592
OMI,1817317,16.9,15.51,17.1,15.26,1678078800000000000,21303
OMIC,129454,1.96,2.03,2.15,1.95,1678078800000000000,1314
OMQS,32075,5.04,5.4009,5.4664,4.95,1678078800000000000,207
ON,4947673,79.465,77.41,79.81,76.98,1678078800000000000,68236
ONB,1607687,17.34,17.22,17.47,17.185,1678078800000000000,17422
ONBPO,2792,25.1,25.3,25.5218,25.1,1678078800000000000,17
ONBPP,15884,25.15,25.25,25.25,25.0504,1678078800000000000,133
ONCR,73010,0.42,0.41,0.42,0.38,1678078800000000000,163
ONCS,883053,1.94,1.91,2.01,1.81,1678078800000000000,4758
ONCT,113035,0.9241,0.938,0.95,0.91,1678078800000000000,441
ONCY,152483,1.6,1.56,1.6,1.54,1678078800000000000,577
OND,15,21.6073,21.6073,21.6073,21.6073,1678078800000000000,6
ONDS,297875,1.92,1.84,1.985,1.8,1678078800000000000,1468
ONEO,350,97.33,97.0166,97.33,97.0166,1678078800000000000,9
ONEQ,407765,46.01,45.82,46.4399,45.8001,1678078800000000000,2857
ONEV,5627,108.08,107.1587,108.1,107.03,1678078800000000000,219
ONEW,143975,28.57,27.53,28.6061,27.4,1678078800000000000,5621
ONEY,23703,99.28,98.15,99.28,98,1678078800000000000,161
ONFO,17562,1.68,1.76,1.76,1.68,1678078800000000000,95
ONG,4808,42.7,42.3532,42.7,42.28,1678078800000000000,64
ONL,621783,8,8.05,8.12,7.96,1678078800000000000,7643
ONLN,107802,31.3,30.73,31.5,30.7252,1678078800000000000,503
ONOF,3449,27.8399,27.7224,27.8399,27.715,1678078800000000000,20
ONON,1763719,22.68,22.47,22.93,22.32,1678078800000000000,13710
ONTF,522720,8.06,7.86,8.06,7.61,1678078800000000000,5552
ONTO,307698,85.78,83.84,85.97,83.32,1678078800000000000,8551
ONTX,53290,0.81,0.805,0.8372,0.8001,1678078800000000000,251
ONVO,48136,2.2,2.23,2.27,2.2,1678078800000000000,244
ONYX,614,10.42,10.42,10.45,10.42,1678078800000000000,8
ONYXW,180,0.13,0.13,0.13,0.13,1678078800000000000,2
OOMA,76482,13.16,12.99,13.16,12.885,1678078800000000000,1531
OOTO,11869,14.29,14.07,14.49,14.07,1678078800000000000,197
OP,353158,0.4937,0.505,0.5084,0.4822,1678078800000000000,1465
OPA,2750,10.2099,10.205,10.2099,10.2,1678078800000000000,15
OPA.WS,43001,0.0404,0.0396,0.0404,0.0383,1678078800000000000,29
OPAD,455817,0.63,0.599,0.68,0.5933,1678078800000000000,1632
OPAD.WS,7602,0.0363,0.0364,0.0367,0.0361,1678078800000000000,22
OPAL,158978,7.51,7.16,7.5952,6.9,1678078800000000000,1499
OPBK,10977,11.26,11.2,11.26,11.18,1678078800000000000,235
OPCH,2892616,32.9,32.55,33.23,32.361,1678078800000000000,30241
OPEN,26148875,1.6,1.47,1.67,1.46,1678078800000000000,30396
OPER,11710,100.22,100.25,100.25,100.22,1678078800000000000,35
OPFI,128757,2.13,2.07,2.135,2.0501,1678078800000000000,692
OPFI.WS,1503,0.1104,0.1104,0.114581,0.1104,1678078800000000000,11
OPGN,184558,1.11,1.03,1.11,1.02,1678078800000000000,898
OPHC,7659,3.91,3.87,4.04,3.81,1678078800000000000,73
OPI,392227,17.05,16.89,17.06,16.81,1678078800000000000,7391
OPINL,6687,19.588,19.9992,20.09,19.5481,1678078800000000000,76
OPK,1081709,1.17,1.12,1.17,1.11,1678078800000000000,4003
OPOF,4174,27.4,27.45,27.965,27.4,1678078800000000000,162
OPP,161148,8.61,8.61,8.65,8.58,1678078800000000000,876
OPPpA,1059,17.96,17.92,17.96,17.9,1678078800000000000,9
OPPpB,8115,19.13,19.18,19.255,19.1197,1678078800000000000,68
OPPX,2674,22.12,22.0554,22.12,22.0554,1678078800000000000,10
OPRA,234201,9,8.99,9.12,8.88,1678078800000000000,2611
OPRT,413431,6,5.6,6.02,5.53,1678078800000000000,3157
OPRX,613016,17.48,16.48,17.77,16.35,1678078800000000000,9600
OPTN,105110,1.82,1.9,1.9,1.76,1678078800000000000,1188
OPTT,66871,0.57,0.59,0.590476,0.5692,1678078800000000000,296
OPY,137314,44.66,44.35,44.79,43.74,1678078800000000000,2649
OR,966772,13.59,13.51,13.765,13.39,1678078800000000000,6356
ORA,416047,87.11,88.3,88.645,87.11,1678078800000000000,9242
ORAN,340281,11.59,11.66,11.6635,11.58,1678078800000000000,2009
ORC,606536,11,11.09,11.12,10.93,1678078800000000000,6317
ORCC,1316675,13.52,13.6,13.67,13.5,1678078800000000000,7445
ORCL,7423520,89.41,89.74,90.665,89.15,1678078800000000000,78797
ORFN,934,20.52,20.3926,20.52,20.3,1678078800000000000,13
ORGN,991039,4.79,4.64,4.8,4.59,1678078800000000000,6864
ORGNW,34701,0.82,0.8101,0.84,0.81,1678078800000000000,88
ORGO,3329531,2.77,2.38,2.795,2.32,1678078800000000000,20077
ORGS,31928,1.51,1.48,1.55,1.45,1678078800000000000,288
ORI,2333666,26,25.75,26.21,25.675,1678078800000000000,21269
ORIA,337,10.2,10.2,10.2,10.2,1678078800000000000,6
ORIC,95742,4.51,4.51,4.52,4.4,1678078800000000000,1286
ORLA,124700,4.31,4.33,4.42,4.31,1678078800000000000,684
ORLY,440202,840,839.44,847.54,837.63,1678078800000000000,17159
ORMP,533173,2.17,2.18,2.215,2.14,1678078800000000000,3733
ORN,25505,2.75,2.73,2.7899,2.73,1678078800000000000,176
ORRF,49990,22.89,22.24,22.89,21.88,1678078800000000000,761
ORTX,1873078,0.5458,0.55,0.58,0.52,1678078800000000000,3366
OSA,3706,4.885,4.76,4.885,4.76,1678078800000000000,71
OSAAW,4184,0.1674,0.11875,0.1674,0.1051,1678078800000000000,64
OSBC,73256,16.51,16.32,16.51,16.2,1678078800000000000,1618
OSCR,1325568,4.95,4.75,5.01,4.69,1678078800000000000,10059
OSCV,29819,32.84,32.66,32.86,32.52,1678078800000000000,135
OSEA,539,23.36,23.4261,23.45,23.36,1678078800000000000,8
OSG,222363,3.85,3.77,3.86,3.76,1678078800000000000,2345
OSH,1497870,35.49,35.53,35.58,35.43,1678078800000000000,13374
OSIS,96874,95.61,92.46,95.8,92.19,1678078800000000000,3539
OSK,539683,92.21,90.86,92.83,90.48,1678078800000000000,9401
OSPN,405915,19.14,17.8,19.14,17.51,1678078800000000000,7401
OSS,13739,2.88,2.845,2.9234,2.83,1678078800000000000,128
OST,16088,0.95,0.975,0.99,0.93,1678078800000000000,66
OSTK,1560929,19.04,18.75,19.3,18.5,1678078800000000000,19904
OSUR,736075,6.41,6.28,6.41,6.2223,1678078800000000000,7130
OSW,269270,11.48,11.41,11.53,11.32,1678078800000000000,6983
OTECW,273741,0.0145,0.0175,0.0201,0.0145,1678078800000000000,46
OTEX,585331,35.55,35.26,35.785,35.195,1678078800000000000,8861
OTIS,1675961,86.89,86.65,87.33,86.53,1678078800000000000,27947
OTLK,415541,1.12,1.13,1.14,1.08,1678078800000000000,2199
OTLY,2355353,2.37,2.3,2.39,2.26,1678078800000000000,8528
OTMO,656192,0.55,0.55,0.58,0.5411,1678078800000000000,667
OTMOW,950,0.028,0.023751,0.028,0.0232,1678078800000000000,8
OTRK,206176,0.6,0.585,0.63,0.580001,1678078800000000000,1584
OTRKP,42958,0.75,0.92,0.92,0.75,1678078800000000000,132
OTTR,303742,72.7,71.91,72.7,71.275,1678078800000000000,10438
OUNZ,1733887,17.97,17.9,17.97,17.884,1678078800000000000,904
OUSA,25489,41.44,41.48,41.62,41.39,1678078800000000000,229
OUSM,20344,36.11,35.6657,36.11,35.5901,1678078800000000000,132
OUST,2798971,1.15,1.04,1.15,1.01,1678078800000000000,10830
OUST.WS,4602,0.148,0.15,0.15,0.1479,1678078800000000000,7
OUST.WS.A,4095,0.25,0.2395,0.25,0.2221,1678078800000000000,14
OUT,1282123,17.35,17.11,17.48,17.05,1678078800000000000,11920
OVB,1443,20.45,20.4263,20.4504,20.38,1678078800000000000,17
OVBC,1409,26.5,26.06,26.5,26.06,1678078800000000000,97
OVF,1,21.9217,21.9217,21.9217,21.9217,1678078800000000000,1
OVID,96560,2.4,2.4,2.4,2.29,1678078800000000000,980
OVL,2338,32.59,32.4363,32.6999,32.37,1678078800000000000,23
OVLH,1023,25.745,25.6156,25.745,25.6156,1678078800000000000,8
OVLY,13468,27.17,27.41,27.5,27.11,1678078800000000000,461
OVM,479,21.75,21.73,21.75,21.73,1678078800000000000,3
OVS,23,31.1503,31.1503,31.1503,31.1503,1678078800000000000,1
OVT,0,21.365,21.365,21.365,21.365,1678078800000000000,0
OVV,5226640,45.56,44.01,45.56,43.72,1678078800000000000,52818
OWL,3839863,12.6,12.5,12.72,12.465,1678078800000000000,23060
OWLT,787689,0.4399,0.44,0.4745,0.42,1678078800000000000,2250
OWNS,1569,17.05,16.99,17.05,16.99,1678078800000000000,24
OXAC,18602,10.7,10.62,10.7,10.62,1678078800000000000,85
OXACW,3484,0.0599,0.059,0.0599,0.0589,1678078800000000000,12
OXBR,1935,1.9829,1.97,1.9829,1.91,1678078800000000000,41
OXLC,857743,5.91,5.83,5.93,5.81,1678078800000000000,3319
OXLCL,7932,23.42,23.4126,23.47,22.85,1678078800000000000,66
OXLCM,4368,24.88,24.92,24.92,24.82,1678078800000000000,49
OXLCN,466,23.01,23.25,23.25,23.01,1678078800000000000,8
OXLCO,1206,21.69,21.76,21.76,21.69,1678078800000000000,18
OXLCP,5079,22.88,22.96,22.96,22.6751,1678078800000000000,41
OXLCZ,1281,22.69,22.73,22.73,22.416,1678078800000000000,15
OXM,218216,120.4,115.73,120.4,115.16,1678078800000000000,10094
OXSQ,148826,3.58,3.57,3.63,3.57,1678078800000000000,853
OXSQG,863,21.755,22.31,22.31,21.755,1678078800000000000,17
OXSQL,1866,25.02,25,25.05,24.99,1678078800000000000,18
OXSQZ,2139,24.1567,24.01,24.22,23.98,1678078800000000000,18
OXUS,20994,10.41,10.435,10.44,10.41,1678078800000000000,85
OXUSW,96160,0.085,0.0715,0.085,0.0601,1678078800000000000,92
OXY,12860896,61.06,61.68,61.97,60.85,1678078800000000000,108335
OXY.WS,85469,38.98,39.9,40.19,38.98,1678078800000000000,572
OZ,11688,96.4,96.4901,97.13,96.2,1678078800000000000,130
OZK,1058473,44.03,44.02,44.24,43.66,1678078800000000000,16751
OZKAP,112329,17.95,17.31,18.0599,17.27,1678078800000000000,709
PAA,3027170,13.48,13.34,13.48,13.33,1678078800000000000,14884
PAAS,5586751,15.95,16.15,16.33,15.88,1678078800000000000,42909
PAB,0,41.4298,41.4298,41.4298,41.4298,1678078800000000000,0
PABU,192,44.1,44.0779,44.1,44.0779,1678078800000000000,17
PAC,74000,192.8,188.96,193.18,188.56,1678078800000000000,2134
PACB,3095926,9.83,9.16,9.9,9.16,1678078800000000000,28902
PACI,301824,10.32,10.33,10.34,10.32,1678078800000000000,73
PACK,924270,6.26,5.62,6.27,5.385,1678078800000000000,8947
PACW,1972865,27.73,27.4,27.86,27.265,1678078800000000000,23193
PACWP,13971,25.8,25.7801,25.8,25.5636,1678078800000000000,155
PAG,389615,144.4,141.84,145.81,141.65,1678078800000000000,9276
PAGP,2419825,14.12,13.94,14.125,13.92,1678078800000000000,13977
PAGS,3500167,8.81,8.9,9.25,8.8,1678078800000000000,25063
PAHC,144091,16.13,15.75,16.14,15.58,1678078800000000000,2995
PAI,51244,11.98,11.88,12.09,11.83,1678078800000000000,194
PAK,34441,13.5299,13.31,13.5299,13.3,1678078800000000000,48
PALC,14531,33.88,33.6555,34.02,33.6,1678078800000000000,93
PALI,115290,2.15,2.12,2.1899,2.05,1678078800000000000,614
PALL,34662,132.36,133.38,134.5924,130.59,1678078800000000000,464
PALT,391654,1.84,1.67,1.91,1.66,1678078800000000000,1256
PAM,176488,33.09,34.01,34.07,32.67,1678078800000000000,2609
PAMC,6290,34.59,34.4998,34.59,34.4998,1678078800000000000,44
PANA,500,10.205,10.205,10.205,10.205,1678078800000000000,1
PANL,519466,6.84,7.01,7.12,6.73,1678078800000000000,4032
PANW,3930540,187.72,187.91,190.4,186.85,1678078800000000000,60984
PAPR,11165,29.2027,29.22,29.22,29.175,1678078800000000000,48
PAR,231293,35.99,36.7,37.91,35.89,1678078800000000000,3792
PARA,9190360,22.85,22.04,22.935,22.02,1678078800000000000,68223
PARAA,46165,26.18,25.35,26.3,25.34,1678078800000000000,1170
PARAP,39669,32.26,31.26,32.3,31.26,1678078800000000000,541
PARR,579614,29.73,29.16,29.74,29.14,1678078800000000000,9252
PASG,284934,1.23,1.23,1.25,1.18,1678078800000000000,1419
PATH,3150776,15.83,15.27,16.08,15.27,1678078800000000000,29688
PATI,3436,8.0064,7.9,8.06,7.9,1678078800000000000,50
PATK,196139,74.33,73.1,74.43,72.215,1678078800000000000,6091
PAUG,22024,29.29,29.31,29.41,29.27,1678078800000000000,115
PAVE,1597771,30.14,29.8,30.22,29.72,1678078800000000000,5463
PAVM,236959,0.4989,0.4744,0.4989,0.4703,1678078800000000000,673
PAWZ,7923,50.87,50.5852,51.228,50.52,1678078800000000000,117
PAX,193482,15.78,15.78,15.8952,15.73,1678078800000000000,2502
PAXS,173795,15.51,15.34,15.51,15.32,1678078800000000000,802
PAY,76493,8.63,8.42,8.63,8.26,1678078800000000000,1399
PAYC,463917,294.8,292.73,299.16,292.45,1678078800000000000,14989
PAYO,3726198,6.84,6.79,7.02,6.72,1678078800000000000,23855
PAYOW,2932,1.24,1.18,1.24,1.18,1678078800000000000,16
PAYS,120662,3.87,3.98,3.99,3.8137,1678078800000000000,856
PAYX,1186101,112.89,113.13,113.625,112.62,1678078800000000000,23826
PB,423715,72.37,71.9,72.745,71.51,1678078800000000000,8846
PBA,404539,34.04,34.16,34.32,34,1678078800000000000,5351
PBAX,6503,10.645,10.66,10.66,10.645,1678078800000000000,56
PBD,35447,20.25,20.19,20.41,20.1301,1678078800000000000,259
PBDC,1917,30.1299,30.031,30.1299,30.031,1678078800000000000,14
PBDM,6731,25.5691,25.7075,25.7075,25.5691,1678078800000000000,50
PBE,4413,65.18,63.98,65.18,63.77,1678078800000000000,107
PBEE,187,22.8448,22.8448,22.8448,22.8448,1678078800000000000,4
PBF,1898448,47.33,47.17,47.75,46.77,1678078800000000000,28859
PBFS,20786,11.2603,11.19,11.3555,11.08,1678078800000000000,363
PBH,320137,60.15,59.12,60.22,58.525,1678078800000000000,6427
PBHC,823,19.09,19.35,19.38,19.09,1678078800000000000,37
PBI,1741472,4.54,4.12,4.54,4.09,1678078800000000000,9527
PBIpB,13264,17.95,18.15,18.2743,17.95,1678078800000000000,122
PBJ,88645,45.53,45.49,45.5972,45.32,1678078800000000000,358
PBL,1701,24.9,24.855,24.9,24.855,1678078800000000000,7
PBLA,1398050,0.92,0.85,0.928,0.84,1678078800000000000,4204
PBND,10772,21.75,21.685,21.76,21.68,1678078800000000000,36
PBP,7611,21.27,21.27,21.29,21.1118,1678078800000000000,64
PBPB,251884,7.99,8.22,8.45,7.95,1678078800000000000,2238
PBR,20670718,11.1,11.43,11.43,11.035,1678078800000000000,47994
PBR.A,8455933,9.84,10.09,10.135,9.78,1678078800000000000,20968
PBS,1323,35.85,35.4783,35.85,35.4783,1678078800000000000,37
PBSM,1949,35.59,34.8742,35.59,34.8742,1678078800000000000,17
PBT,82956,25.03,24.78,25.03,24.5001,1678078800000000000,930
PBTP,24265,24.6,24.56,24.62,24.55,1678078800000000000,101
PBTS,18622374,0.1121,0.11,0.1161,0.103701,1678078800000000000,15324
PBUS,8039,40.49,40.4,40.66,40.4,1678078800000000000,72
PBW,279046,43.82,43.15,44.26,42.91,1678078800000000000,3179
PBYI,418537,3.19,3.01,3.2,3.005,1678078800000000000,2977
PCAR,5547154,76.19,76.28,76.63,76.01,1678078800000000000,54994
PCB,66433,18.36,17.93,18.36,17.9,1678078800000000000,1628
PCEF,76265,19.02,18.95,19.0723,18.95,1678078800000000000,368
PCF,107974,6.78,6.7,6.7999,6.65,1678078800000000000,703
PCG,24635319,16.3,16.74,16.75,16.23,1678078800000000000,77821
PCGpA,5652,22.16,21.95,22.16,21.8374,1678078800000000000,36
PCGpB,405,19.65,19.655,19.655,19.65,1678078800000000000,3
PCGpC,600,18.29,18.28,18.29,18.27,1678078800000000000,7
PCGpD,1100,17.6,17.6,17.6,17.6,1678078800000000000,3
PCGpE,7159,17.74,17.98,17.98,17.59,1678078800000000000,39
PCGpG,173,17,17,17,17,1678078800000000000,4
PCGpH,302,16.5499,16.5499,16.5499,16.5499,1678078800000000000,3
PCGU,139392,142.91,145.47,146.15,142.91,1678078800000000000,372
PCH,580859,47.08,46.5,47.08,46,1678078800000000000,8756
PCK,88277,6.08,5.99,6.1,5.99,1678078800000000000,202
PCM,33806,9.51,9.39,9.55,9.36,1678078800000000000,202
PCN,128915,13.73,13.64,13.75,13.58,1678078800000000000,714
PCOR,849521,67.35,66.07,67.64,65.55,1678078800000000000,16432
PCQ,18703,10.25,10.21,10.25,10.16,1678078800000000000,101
PCRB,0,48.56,48.56,48.56,48.56,1678078800000000000,0
PCRX,524945,42.09,40.85,42.09,40.48,1678078800000000000,10137
PCSA,130095,0.68,0.65,0.717,0.64,1678078800000000000,339
PCT,2000776,5.82,5.56,5.88,5.44,1678078800000000000,15079
PCTI,13254,4.7,4.67,4.8299,4.6234,1678078800000000000,193
PCTTU,2617,8.43,7.73,8.43,7.5,1678078800000000000,39
PCTTW,10657,2.56,2.5,2.59,2.35,1678078800000000000,67
PCTY,674365,190.89,191.14,194.39,186.42,1678078800000000000,13139
PCVX,817840,42.17,41.24,43,41.0275,1678078800000000000,10551
PCY,1016402,19.26,19.14,19.3,19.12,1678078800000000000,4892
PCYG,18382,6.02,6.11,6.11,5.96,1678078800000000000,132
PCYO,119449,9.09,9,9.09,8.86,1678078800000000000,1489
PD,600065,31.02,30.6,31.44,30.46,1678078800000000000,13247
PDBA,14,29.705,29.705,29.705,29.705,1678078800000000000,2
PDBC,2307558,14.48,14.6,14.6,14.45,1678078800000000000,5973
PDCE,1105820,70.43,69.99,70.88,69.065,1678078800000000000,20018
PDCO,892478,27.38,27.37,27.69,27.075,1678078800000000000,13812
PDD,7966104,94.62,93.78,96.49,92.94,1678078800000000000,90248
PDEC,36855,31.04,31.07,31.19,31.04,1678078800000000000,189
PDEX,5021,17,16.71,17.14,16.51,1678078800000000000,117
PDFS,220731,38.41,38.08,38.6599,37.72,1678078800000000000,5630
PDI,1476979,19.7,19.72,19.74,19.61,1678078800000000000,7166
PDLB,33921,9.31,9.16,9.31,9.1,1678078800000000000,779
PDM,663867,9.29,9.27,9.4,9.23,1678078800000000000,7817
PDN,16381,31.33,31.34,31.4085,31.14,1678078800000000000,94
PDO,420700,13.38,13.35,13.44,13.3,1678078800000000000,1974
PDOT,1172,10.18,10.19,10.19,10.18,1678078800000000000,6
PDP,22222,76.14,76.09,76.63,76,1678078800000000000,264
PDS,51548,59.5,60.28,60.62,59.08,1678078800000000000,1215
PDSB,263876,7.26,7.07,7.28,6.9711,1678078800000000000,3221
PDT,113525,13.14,13.19,13.2421,13.14,1678078800000000000,615
PEAK,2143511,24.35,24.19,24.46,24.135,1678078800000000000,20662
PEAR,124999,1,0.9521,1.0373,0.9135,1678078800000000000,843
PEB,3364304,15.07,15.03,15.46,14.95,1678078800000000000,26475
PEBpE,4277,20.205,20.4,20.4549,20.175,1678078800000000000,41
PEBpF,9894,20.46,20.46,20.46,20.32,1678078800000000000,65
PEBpG,4061,20.3948,20.58,20.67,20.3948,1678078800000000000,62
PEBpH,57466,18.415,18.47,18.71,18.415,1678078800000000000,356
PEBK,2308,33.64,33.24,33.64,33,1678078800000000000,128
PEBO,90453,30.85,30.53,30.93,30.33,1678078800000000000,2570
PECO,484502,33.72,33.4,34.09,33.39,1678078800000000000,7409
PED,111740,1.03,0.9925,1.03,0.99,1678078800000000000,545
PEG,2476755,60.35,60.1,61.15,59.865,1678078800000000000,31366
PEGA,316883,47.51,47.72,48.33,47.3,1678078800000000000,8725
PEGR,14135,10.17,10.17,10.17,10.17,1678078800000000000,2
PEGY,63635,1.82,1.82,1.86,1.8,1678078800000000000,572
PEJ,36839,41.61,41.29,41.7501,41.23,1678078800000000000,383
PEN,354955,259.48,254.7,260.3,254.68,1678078800000000000,9588
PENN,2355155,31.32,30.32,31.49,30.18,1678078800000000000,26630
PEO,52394,22.03,21.94,22.03,21.8253,1678078800000000000,352
PEP,3610248,172.22,173.5,173.66,172.22,1678078800000000000,62500
PEPG,27664,16.07,16.37,16.46,15.36,1678078800000000000,523
PEPLW,2047,0.1,0.0963,0.1,0.09,1678078800000000000,20
PERF,7256,8,7.6,8,7.583,1678078800000000000,99
PERF.WS,8680,0.195,0.195,0.195,0.195,1678078800000000000,3
PERI,962090,35,35.76,36.32,35,1678078800000000000,11562
PESI,88259,6.82,6.76,6.91,6.4,1678078800000000000,608
PET,330629,2.41,2.13,2.41,2.11,1678078800000000000,1245
PETQ,304231,11.92,10.95,11.92,10.85,1678078800000000000,4493
PETS,621730,18.31,17.37,18.31,17.18,1678078800000000000,13001
PETV,116805,2.94,3.387,3.41,2.94,1678078800000000000,374
PETVW,5000,0.4393,0.416,0.4396,0.416,1678078800000000000,13
PETZ,9017,1.5,1.54,1.55,1.4701,1678078800000000000,82
PEV,38677,1,0.9994,1.0186,0.97,1678078800000000000,183
PEX,41,28.7316,28.7316,28.7316,28.7316,1678078800000000000,3
PEXL,826,41.0872,40.8936,41.0872,40.8936,1678078800000000000,10
PEY,265358,20.69,20.5,20.7,20.45,1678078800000000000,1178
PEZ,336,69.86,69.34,69.86,69.34,1678078800000000000,16
PFBC,49967,70.05,69.46,70.24,69.05,1678078800000000000,2351
PFC,132598,24.6,24.11,24.695,23.995,1678078800000000000,4184
PFD,20145,11.71,11.65,11.8551,11.64,1678078800000000000,96
PFE,19423249,41.09,41.11,41.26,40.82,1678078800000000000,109173
PFEB,63272,29.03,28.94,29.04,28.9301,1678078800000000000,326
PFEL,1256,19.64,19.7369,19.83,19.64,1678078800000000000,11
PFES,66,52.2515,52.2515,52.2515,52.2515,1678078800000000000,4
PFF,4179413,32.59,32.54,32.665,32.47,1678078800000000000,17449
PFFA,220096,20.75,20.78,20.8,20.7,1678078800000000000,930
PFFD,605067,20.79,20.75,20.82,20.7,1678078800000000000,2110
PFFL,2794,12,11.7746,12,11.75,1678078800000000000,30
PFFR,38070,18.1,18.2,18.245,18.1,1678078800000000000,254
PFFV,18030,24.2,24.192,24.24,24.175,1678078800000000000,119
PFG,1740518,87.18,85.7,87.346,85.5,1678078800000000000,28516
PFGC,1251027,57.83,57.9,58.64,57.5,1678078800000000000,18503
PFH,20820,19.54,19.61,19.62,19.48,1678078800000000000,208
PFI,6335,43.3501,43.29,43.4017,43.29,1678078800000000000,15
PFIE,41630,1.1224,1.16,1.19,1.1224,1678078800000000000,270
PFIG,1913,22.96,22.9,22.96,22.9,1678078800000000000,11
PFIS,33478,49.25,49.92,50.5295,49.25,1678078800000000000,869
PFIX,81579,66.07,67.1001,67.43,66.07,1678078800000000000,1134
PFL,202074,8.74,8.68,8.76,8.65,1678078800000000000,1159
PFLD,42772,21.9236,21.98,22.02,21.9236,1678078800000000000,168
PFLT,449606,11.07,11.13,11.165,10.96,1678078800000000000,4139
PFM,26328,36.71,36.79,36.9185,36.71,1678078800000000000,135
PFMT,46260,3.24,3.21,3.27,3.17,1678078800000000000,661
PFN,195502,7.58,7.6,7.63,7.54,1678078800000000000,876
PFO,35105,9.11,9.07,9.1594,9.06,1678078800000000000,118
PFRL,1162,49.97,49.95,49.97,49.95,1678078800000000000,16
PFS,544872,23.37,22.81,23.41,22.72,1678078800000000000,9115
PFSI,394535,63,62.18,63.83,61.875,1678078800000000000,8453
PFSW,70818,6.385,6.28,6.44,6.27,1678078800000000000,1350
PFTAW,6876,0.17,0.16,0.17,0.16,1678078800000000000,30
PFUT,6,18.0805,18.0805,18.0805,18.0805,1678078800000000000,4
PFX,807,38.1904,38.3,38.3,38.1904,1678078800000000000,33
PFXF,99391,18.06,18.07,18.12,18.01,1678078800000000000,546
PFXNZ,650,21.59,21.6,21.6,21.4328,1678078800000000000,8
PG,4940260,140.73,140.35,141.135,139.9425,1678078800000000000,65403
PGAL,1100,10.57,10.555,10.58,10.511,1678078800000000000,19
PGC,65883,37.98,37.82,38.26,37.54,1678078800000000000,1928
PGEN,1322767,1.18,1.15,1.192,1.13,1678078800000000000,4892
PGF,186407,15.55,15.52,15.6,15.5,1678078800000000000,728
PGHY,30960,19.42,19.54,19.59,19.42,1678078800000000000,137
PGJ,64981,30.66,30.34,30.75,30.2811,1678078800000000000,377
PGM,86,46.93,46.93,46.93,46.93,1678078800000000000,4
PGNY,613541,36.39,35.5,36.39,35.4,1678078800000000000,13448
PGP,38411,7.35,7.47,7.48,7.35,1678078800000000000,143
PGR,2339441,145.33,145.64,146.5,145.04,1678078800000000000,31918
PGRE,906117,5.29,5.25,5.35,5.23,1678078800000000000,6529
PGRO,1,21.7521,21.7521,21.7521,21.7521,1678078800000000000,1
PGRU,8922,4.68,4.6,4.7,4.6,1678078800000000000,98
PGRWW,29018,0.2765,0.0741,0.2765,0.056537,1678078800000000000,250
PGSS.WS,1200,0.1232,0.1326,0.1451,0.1232,1678078800000000000,9
PGTI,591565,22.2,21.73,22.57,21.48,1678078800000000000,8681
PGX,4252547,12.18,12.15,12.21,12.1335,1678078800000000000,7156
PGY,1163435,1.15,1.1,1.1889,1.1,1678078800000000000,4626
PGYWW,9597,0.0998,0.0994,0.0999,0.0866,1678078800000000000,18
PGZ,23902,10.85,10.74,10.85,10.73,1678078800000000000,184
PH,694964,359.39,360.5,364.26,359.17,1678078800000000000,18733
PHAR,1995,12.24,12.29,12.29,12.21,1678078800000000000,73
PHAT,108032,8.89,8.67,8.89,8.4,1678078800000000000,1757
PHB,271965,17.33,17.29,17.37,17.28,1678078800000000000,1658
PHCF,194,2.58,2.58,2.58,2.58,1678078800000000000,6
PHD,44890,9.34,9.35,9.37,9.34,1678078800000000000,177
PHDG,25914,32.8592,32.77,32.9199,32.718,1678078800000000000,201
PHG,1384751,16.85,16.66,16.88,16.635,1678078800000000000,8741
PHGE,122104,0.5,0.484951,0.525,0.47,1678078800000000000,228
PHGE.U,4651,0.5,0.4211,0.5,0.4211,1678078800000000000,21
PHGE.WS,7177,0.0259,0.022,0.0259,0.022,1678078800000000000,6
PHI,60398,24.35,24.24,24.6146,24.04,1678078800000000000,758
PHIO,13474,5.7,6.04,6.06,5.7,1678078800000000000,156
PHK,404370,5.13,5.17,5.17,5.1,1678078800000000000,2049
PHM,2817187,54.89,54.79,55.42,54.44,1678078800000000000,35279
PHO,115355,53.89,53.37,54.05,53.2238,1678078800000000000,1119
PHR,255572,37.78,37.61,38.64,37.34,1678078800000000000,5658
PHT,255726,7.03,7.08,7.1,7.025,1678078800000000000,1157
PHUN,604652,0.94,0.93,0.96,0.915,1678078800000000000,2100
PHUNW,6745,0.30245,0.2877,0.3077,0.27,1678078800000000000,30
PHVS,20896,8.53,8.45,9.475,7.3,1678078800000000000,542
PHX,211484,2.98,2.88,2.99,2.85,1678078800000000000,1344
PHYD,5129,49.63,49.6387,49.68,49.58,1678078800000000000,53
PHYL,2742,33.83,33.87,33.89,33.83,1678078800000000000,36
PHYS,1105205,14.33,14.23,14.33,14.225,1678078800000000000,1785
PHYT,17830,10.47,10.48,10.48,10.47,1678078800000000000,24
PI,904146,139.54,138.67,144.9,138.34,1678078800000000000,19569
PIAI,721,10.45,10.42,10.45,10.39,1678078800000000000,5
PIAI.WS,1800,0.0695,0.06,0.0695,0.06,1678078800000000000,6
PICB,7002,21.03,20.99,21.06,20.98,1678078800000000000,50
PICK,607451,44.92,44.18,44.92,43.9506,1678078800000000000,5505
PID,163750,17.71,17.69,17.775,17.67,1678078800000000000,422
PIE,14404,18.4821,18.62,18.66,18.4821,1678078800000000000,90
PIFI,428,90.4,90.4,90.4,90.4,1678078800000000000,25
PII,499415,115.89,115.11,116.67,114.4,1678078800000000000,13510
PIII,164107,1.12,1.09,1.12,1.09,1678078800000000000,588
PIK,6021,0.8003,0.827,0.865,0.8003,1678078800000000000,33
PILL,19665,9.98,9.55,9.98,9.55,1678078800000000000,168
PIM,180570,3.22,3.23,3.27,3.22,1678078800000000000,734
PIN,13553,21.17,21.16,21.2499,21.12,1678078800000000000,133
PINC,799070,31.93,31.44,32.05,31.262,1678078800000000000,9204
PINE,113553,18.27,18.12,18.39,18.05,1678078800000000000,1973
PINK,8385,25.2,25.09,25.27,25.039,1678078800000000000,69
PINS,9618469,26.54,26.68,27.55,26.47,1678078800000000000,68066
PIO,13966,34.87,34.66,35.061,34.63,1678078800000000000,171
PIPR,151902,146.48,140.92,146.72,139.82,1678078800000000000,5517
PIRS,98997,1.46,1.44,1.46,1.4,1678078800000000000,732
PIT,109,49.8661,49.8661,49.8661,49.8661,1678078800000000000,8
PIXY,71695,5.1899,4.83,5.24,4.77,1678078800000000000,901
PIZ,6347,29.775,29.78,29.84,29.72,1678078800000000000,75
PJAN,20448,32.92,32.88,32.95,32.85,1678078800000000000,110
PJFG,60,52.7212,52.7212,52.7212,52.7212,1678078800000000000,3
PJFV,0,49.6816,49.6816,49.6816,49.6816,1678078800000000000,0
PJP,8197,77.39,76.7091,77.39,76.3895,1678078800000000000,114
PJT,276112,77.76,76.98,78.23,76.51,1678078800000000000,5295
PJUL,27279,31.3002,31.27,31.44,31.26,1678078800000000000,137
PJUN,5779,30.6,30.63,30.74,30.59,1678078800000000000,74
PK,2888732,14.06,14.14,14.305,14.05,1678078800000000000,21827
PKB,12668,45.94,45.43,46.0442,45.2624,1678078800000000000,112
PKBK,33313,20.4832,20.06,20.4832,19.82,1678078800000000000,674
PKE,747566,15.92,15.12,16.33,14.755,1678078800000000000,9969
PKG,951102,141.84,137.76,141.84,137.17,1678078800000000000,19068
PKI,724620,131.53,128.49,132.4777,128.37,1678078800000000000,13892
PKOH,20942,14.3,14.28,14.37,13.74,1678078800000000000,528
PKW,35282,89.35,88.94,89.608,88.77,1678078800000000000,371
PKX,143374,63.52,62.91,63.55,62.72,1678078800000000000,2785
PL,975775,4.63,4.59,4.67,4.565,1678078800000000000,8495
PL.WS,3939,0.938,0.9379,0.938,0.9,1678078800000000000,17
PLAB,572315,17.64,17.08,17.69,16.92,1678078800000000000,9962
PLAG,8315,0.6,0.59,0.61,0.59,1678078800000000000,34
PLAO,2658,10.5,10.5,10.5065,10.5,1678078800000000000,17
PLAOW,3122,0.0823,0.0808,0.1997,0.0808,1678078800000000000,37
PLAT,1786,28,27.863,28.31,27.863,1678078800000000000,14
PLAY,683004,41.61,40.07,41.625,39.825,1678078800000000000,13478
PLBC,8359,41.2101,41.53,41.98,41.2101,1678078800000000000,422
PLBY,582938,2.09,2.01,2.1185,2,1678078800000000000,3986
PLCE,675233,44.1,40.97,44.34,40.85,1678078800000000000,16785
PLD,1958612,127.51,127.16,127.84,126.51,1678078800000000000,30651
PLDR,11,22.4576,22.4576,22.4576,22.4576,1678078800000000000,2
PLG,140456,1.5,1.45,1.5,1.45,1678078800000000000,731
PLL,612376,65.01,61.52,65.01,61.12,1678078800000000000,14218
PLM,103515,2.68,2.74,2.75,2.64,1678078800000000000,705
PLMI,45495,10.23,10.225,10.23,10.21,1678078800000000000,61
PLMIU,725,10.29,10.26,10.29,10.26,1678078800000000000,7
PLMIW,927,0.21,0.24,0.24,0.21,1678078800000000000,5
PLMR,160822,61.07,60.43,61.07,59.44,1678078800000000000,5579
PLNT,728971,80.72,81.88,82.71,80.72,1678078800000000000,14533
PLOW,171166,37.63,36.8,37.63,36.2434,1678078800000000000,2905
PLPC,75834,114,118.11,121.5,114,1678078800000000000,2401
PLRG,0,24.0512,24.0512,24.0512,24.0512,1678078800000000000,0
PLRX,271205,31.82,31.11,31.82,30.86,1678078800000000000,6262
PLSE,28345,2.72,2.78,2.8,2.64,1678078800000000000,257
PLTK,1596821,10.23,9.85,10.405,9.8,1678078800000000000,15827
PLTL,0,24.0157,24.0157,24.0157,24.0157,1678078800000000000,0
PLTM,19817,9.5049,9.53,9.55,9.4425,1678078800000000000,162
PLTN,2355,10.2,10.21,10.21,10.2,1678078800000000000,17
PLTNU,8469,10.29,10.28,10.31,10.1101,1678078800000000000,10
PLTNW,6340,0.0658,0.0658,0.066,0.0658,1678078800000000000,17
PLTR,28020730,8.34,8.28,8.45,8.2,1678078800000000000,74119
PLUG,12718930,13.98,13.67,14.28,13.64,1678078800000000000,81998
PLUR,48629,0.99,0.9704,1.0273,0.95,1678078800000000000,275
PLUS,104393,54.88,52.96,55.5,52.51,1678078800000000000,3777
PLW,44664,28.9,28.72,28.91,28.71,1678078800000000000,258
PLX,1944683,2.11,2.1,2.18,2.09,1678078800000000000,5041
PLXP,182857,0.2,0.1775,0.2,0.16,1678078800000000000,262
PLXS,157440,96.07,96.12,96.51,95.225,1678078800000000000,6457
PLYA,1886517,9.715,9.49,9.73,9.48,1678078800000000000,16502
PLYM,161449,22.25,22.32,22.62,22.14,1678078800000000000,2378
PLYMpA,23408,25.38,25.408,25.86,25.2501,1678078800000000000,24
PM,3495006,98.95,100.1,100.11,98.75,1678078800000000000,40438
PMAR,186487,31.782,31.76,31.85,31.73,1678078800000000000,518
PMAY,13163,28.83,28.76,28.84,28.73,1678078800000000000,51
PMCB,18262,2.92,2.9872,3,2.92,1678078800000000000,291
PMD,22829,5.998,6.25,6.47,5.88,1678078800000000000,282
PMF,49445,10.05,9.93,10.1,9.93,1678078800000000000,193
PMGM,6037,10.09,10.09,10.09,10.085,1678078800000000000,29
PML,132184,9.08,9.02,9.11,9.02,1678078800000000000,516
PMM,104435,6.86,6.83,6.92,6.76,1678078800000000000,338
PMN,1678,4.66,4.8005,5,4.6201,1678078800000000000,24
PMO,94837,11.83,11.85,11.99,11.76,1678078800000000000,424
PMT,604758,13.2,13.13,13.295,12.99,1678078800000000000,7287
PMTpA,5307,24.98,24.42,24.98,24.35,1678078800000000000,94
PMTpB,33477,24.1,23.82,24.35,23.7501,1678078800000000000,166
PMTpC,21225,19.53,19.3,19.685,19.3,1678078800000000000,209
PMTS,20881,33.41,32.05,33.52,32.04,1678078800000000000,815
PMVP,632666,5.9,5.8,6.0067,5.56,1678078800000000000,7669
PMX,27057,8.04,8.01,8.08,8.005,1678078800000000000,142
PNACR,5006,0.12,0.1408,0.1797,0.12,1678078800000000000,56
PNC,2437056,153.88,152.68,155.335,152.63,1678078800000000000,38404
PNF,9877,8.67,8.69,8.79,8.67,1678078800000000000,51
PNFP,533231,72.92,71.65,73.62,71.36,1678078800000000000,11850
PNFPP,3974,25.24,25.37,25.37,25.14,1678078800000000000,118
PNI,54159,7.54,7.53,7.57,7.48,1678078800000000000,150
PNM,287633,48.88,49.08,49.095,48.82,1678078800000000000,3817
PNNT,211698,5.71,5.72,5.74,5.69,1678078800000000000,1601
PNOV,9118,31.51,31.47,31.6099,31.46,1678078800000000000,61
PNQI,13405,133.81,133.2,135.44,133.13,1678078800000000000,455
PNR,1808501,56.48,56.14,56.84,55.74,1678078800000000000,18647
PNRG,6404,91.65,90.93,91.85,90.1,1678078800000000000,265
PNT,455602,7.6,7.85,7.98,7.5,1678078800000000000,4565
PNTG,1111033,14.8,13.98,14.92,13.42,1678078800000000000,13616
PNTM.U,5209,10.31,10.31,10.31,10.3096,1678078800000000000,10
PNTM.WS,4549,0.22855,0.2275,0.2371,0.2275,1678078800000000000,19
PNW,1014823,76.13,76.08,76.585,75.66,1678078800000000000,16715
POAI,191123,0.45,0.447,0.4598,0.4219,1678078800000000000,592
POCI,4230,7.2,7.13,7.2,7.09,1678078800000000000,220
POCT,7460,31.4299,31.2951,31.4299,31.2751,1678078800000000000,42
PODD,530898,284.66,290.57,290.67,281.07,1678078800000000000,11790
POET,31385,4.87,4.88,5.09,4.85,1678078800000000000,251
POL,245130,0.7167,0.6721,0.7167,0.668,1678078800000000000,762
POL.WS,82124,0.12,0.1101,0.12,0.11,1678078800000000000,56
POLA,27764,1.6,1.61,1.6399,1.56,1678078800000000000,117
POOL,273944,363.92,357.22,366.1,355.82,1678078800000000000,12386
POR,881205,47.65,47.66,47.9,46.66,1678078800000000000,12624
PORT,103100,10.33,10.33,10.33,10.3298,1678078800000000000,96
POST,633638,91.47,89.77,91.47,89.17,1678078800000000000,13945
POTX,23512,10.74,10.4,10.74,10.4,1678078800000000000,269
POWI,307075,85,83.01,85.315,82.69,1678078800000000000,8350
POWL,88946,45.49,44.14,45.58,43.36,1678078800000000000,2894
POWW,628798,2.1,2.09,2.12,2.0699,1678078800000000000,4726
POWWP,2635,25.1,25.0501,25.1001,25.0501,1678078800000000000,41
PP,12342,22.44,22.0412,22.44,22.04,1678078800000000000,283
PPA,88907,82.25,82.18,82.61,81.96,1678078800000000000,1161
PPBI,441052,32.19,31.36,32.31,31.15,1678078800000000000,9683
PPBT,21829,2.32,2.23,2.35,2.23,1678078800000000000,167
PPC,556047,24.14,23.85,24.32,23.77,1678078800000000000,8274
PPEM,0,19.3325,19.3325,19.3325,19.3325,1678078800000000000,0
PPG,1450002,137.4,133.64,137.7399,133.6,1678078800000000000,35263
PPH,84574,76.34,76.25,76.57,76.04,1678078800000000000,499
PPHPW,1201,0.115,0.115,0.115,0.115,1678078800000000000,9
PPI,17066,27.4607,27.33,27.53,27.325,1678078800000000000,107
PPIE,0,20.118,20.118,20.118,20.118,1678078800000000000,0
PPIH,3191,9.8,9.7,9.8001,9.7,1678078800000000000,61
PPL,5765908,27.39,27.48,27.56,27.35,1678078800000000000,32246
PPLT,55065,89.83,90.19,90.39,89.51,1678078800000000000,748
PPSI,37927,2.76,2.88,2.88,2.76,1678078800000000000,159
PPT,317782,3.68,3.68,3.69,3.63,1678078800000000000,988
PPTA,51216,3.64,3.56,3.65,3.45,1678078800000000000,512
PPTY,2298,29.69,29.6439,29.69,29.5764,1678078800000000000,46
PPYA,9748,10.37,10.37,10.37,10.365,1678078800000000000,24
PPYAU,602,10.39,10.39,10.39,10.39,1678078800000000000,8
PPYAW,2929,0.123864,0.0668,0.123864,0.051,1678078800000000000,36
PQDI,11,18.545,18.545,18.545,18.545,1678078800000000000,1
PR,5726614,11.67,11.76,11.975,11.51,1678078800000000000,32295
PRA,231460,19.72,19.5,19.86,19.4,1678078800000000000,4276
PRAA,265359,42.53,41.73,42.6,41.35,1678078800000000000,6118
PRAX,7645598,1.05,1.11,1.11,1,1678078800000000000,19066
PRAY,1201,23.2,23.0157,23.32,23.0157,1678078800000000000,3
PRCH,800846,2.21,2.1,2.245,2.06,1678078800000000000,5896
PRCT,236258,35.44,34.49,35.88,34.08,1678078800000000000,7459
PRDO,796759,13.63,13.45,13.75,13.3,1678078800000000000,6898
PRDS,58925,1.62,1.47,1.63,1.44,1678078800000000000,703
PRE,63349,1.04,1.01,1.05,1.01,1678078800000000000,455
PREpJ,5251,21.25,21.2145,21.3399,21.2145,1678078800000000000,80
PREF,84101,17.56,17.53,17.56,17.52,1678078800000000000,377
PRF,42860,161.2,160.76,161.69,160.58,1678078800000000000,579
PRFD,1464,49.649,49.6351,49.65,49.6075,1678078800000000000,19
PRFT,241726,74.66,72.68,75,72.46,1678078800000000000,7161
PRFX,10642,0.584,0.5501,0.6199,0.55,1678078800000000000,46
PRFZ,15217,176.36,173.16,176.36,172.68,1678078800000000000,215
PRG,570297,26.33,26.25,26.89,26.05,1678078800000000000,10681
PRGO,1454898,38.51,36.96,38.74,36.95,1678078800000000000,21204
PRGS,240936,58.98,57.58,59,57.37,1678078800000000000,7456
PRH,106431,25.32,25.02,25.32,25.02,1678078800000000000,897
PRI,332525,187.84,182.61,187.84,181.88,1678078800000000000,9906
PRIFpD,2470,23.46,23.691,23.7,23.4,1678078800000000000,13
PRIFpF,320,23.48,22.86,23.48,22.86,1678078800000000000,4
PRIFpG,100,23.41,23.41,23.41,23.41,1678078800000000000,1
PRIFpI,10898,22.45,21.95,22.45,21.7951,1678078800000000000,55
PRIFpJ,1715,21.89,21.63,21.89,21.49,1678078800000000000,16
PRIFpK,2526,21.5925,21.5301,21.5925,21.53,1678078800000000000,31
PRIFpL,3211,22.35,22.6,22.625,22.35,1678078800000000000,28
PRIM,310575,27.84,27.32,27.96,27.025,1678078800000000000,5868
PRK,58559,127.41,125.94,128.07,125.52,1678078800000000000,3260
PRLB,194035,34.71,33.51,34.82,33.34,1678078800000000000,4731
PRLD,58752,6.04,5.91,6.04,5.61,1678078800000000000,466
PRM,504722,8.62,8.4,8.6398,8.325,1678078800000000000,5005
PRME,203583,16.7,15.8,16.7,15.34,1678078800000000000,2840
PRMW,521240,15.37,15.35,15.505,15.265,1678078800000000000,6898
PRN,4630,98.4652,97.73,98.4652,97.5728,1678078800000000000,79
PRNT,14169,23.55,23.5,23.7951,23.4,1678078800000000000,355
PRO,246862,27.2,27.73,28.02,26.84,1678078800000000000,5329
PROC,2210,4.04,4.06,4.2,4.011,1678078800000000000,56
PROCW,200,0.2895,0.3049,0.3049,0.2895,1678078800000000000,2
PROF,59996,12.34,11.82,12.39,11.26,1678078800000000000,689
PROK,753733,11,11.92,12.89,10.641,1678078800000000000,7738
PROV,2959,14.25,14.17,14.26,14.12,1678078800000000000,101
PRPC,503,10.24,10.21,10.24,10.21,1678078800000000000,19
PRPC.WS,2057,0.16,0.165,0.1685,0.154,1678078800000000000,15
PRPH,24590,7.44,7.22,7.4751,7.22,1678078800000000000,405
PRPL,594198,4.15,4.03,4.22,3.96,1678078800000000000,9863
PRPO,68165,0.7,0.6808,0.7,0.6677,1678078800000000000,176
PRQR,664340,2.97,2.96,3.03,2.91,1678078800000000000,3584
PRS,17249,24.82,24.79,24.86,24.74,1678078800000000000,274
PRSO,68854,0.756,0.6877,0.756,0.64,1678078800000000000,425
PRSR,2001,9.96,9.96,9.9751,9.96,1678078800000000000,10
PRSRU,807,10.02,10.02,10.02,10.02,1678078800000000000,8
PRSRW,11787,0.0801,0.085,0.103301,0.0801,1678078800000000000,29
PRST,26817,2.4,2.3,2.5,2.3,1678078800000000000,176
PRSTW,11672,0.074,0.0868,0.09,0.07,1678078800000000000,33
PRT,93691,6.96,7.01,7.13,6.85,1678078800000000000,496
PRTA,543071,53.78,53.38,53.78,51.71,1678078800000000000,9828
PRTG,8965,3.46,3.69,3.7615,3.4101,1678078800000000000,54
PRTH,54874,4,3.81,4,3.8,1678078800000000000,739
PRTK,242028,1.81,1.92,1.9399,1.8,1678078800000000000,1764
PRTS,792434,6.64,6.35,6.64,6.2223,1678078800000000000,8590
PRU,1716556,99.04,98.56,99.6,98.4,1678078800000000000,32080
PRVA,575127,28.96,28.31,28.96,28.12,1678078800000000000,9257
PRVB,1493542,8.17,7.86,8.18,7.47,1678078800000000000,11471
PSA,530508,305.9,305.72,306.39,303.45,1678078800000000000,15730
PSApF,11399,23.12,23.37,23.42,23.12,1678078800000000000,149
PSApG,15599,22.94,23.09,23.09,22.9009,1678078800000000000,138
PSApH,20235,24.87,24.85,25.0141,24.8,1678078800000000000,253
PSApI,30473,21.6,21.54,21.64,21.54,1678078800000000000,327
PSApJ,19846,21.09,21.0628,21.13,21,1678078800000000000,185
PSApK,10340,21.01,21.13,21.18,20.91,1678078800000000000,120
PSApL,35294,20.5,20.58,20.6,20.4435,1678078800000000000,491
PSApM,20773,18.32,18.26,18.32,18.25,1678078800000000000,194
PSApN,15271,17.55,17.51,17.56,17.35,1678078800000000000,116
PSApO,20861,17.82,17.7775,17.83,17.6649,1678078800000000000,131
PSApP,42037,18.31,18.26,18.31,18.1068,1678078800000000000,266
PSApQ,6192,17.5036,17.57,17.61,17.5036,1678078800000000000,87
PSApR,24389,18,18.01,18.0725,17.93,1678078800000000000,239
PSApS,25979,18.15,18.1628,18.21,18.1206,1678078800000000000,209
PSC,2790,42.7,42.34,42.77,42.34,1678078800000000000,23
PSCC,9011,112.43,109.46,112.43,108.74,1678078800000000000,176
PSCD,41509,92,90.6903,92,90.39,1678078800000000000,90
PSCE,142125,10.92,10.72,10.92,10.68,1678078800000000000,458
PSCF,607,49.94,49.5319,49.94,49.5,1678078800000000000,17
PSCH,13894,137.81,133.76,137.81,133.202,1678078800000000000,185
PSCI,38270,101.19,98.4835,101.19,98.049,1678078800000000000,78
PSCJ,98,20.3302,20.3302,20.3302,20.3302,1678078800000000000,1
PSCM,53493,73.35,71.0574,73.35,70.6633,1678078800000000000,54
PSCQ,1,20.8653,20.8653,20.8653,20.8653,1678078800000000000,1
PSCT,6013,133.69,130.58,133.69,130.28,1678078800000000000,101
PSCU,1243,56.9098,56.2259,56.9098,56.2259,1678078800000000000,13
PSCW,478,20.895,20.8916,20.895,20.8916,1678078800000000000,1
PSCX,220,21.79,21.7502,21.79,21.7502,1678078800000000000,2
PSDN,5811,1.51,1.4758,1.54,1.47,1678078800000000000,69
PSEC,859875,7.41,7.37,7.44,7.36,1678078800000000000,7372
PSECpA,19634,16.9296,16.81,16.9296,16.63,1678078800000000000,137
PSEP,12746,30.39,30.42,30.508,30.3701,1678078800000000000,63
PSET,2720,52.41,52.11,52.41,52.11,1678078800000000000,34
PSF,34971,20.84,20.71,20.84,20.5888,1678078800000000000,156
PSFD,0,24.9932,24.9932,24.9932,24.9932,1678078800000000000,0
PSFE,403946,20.45,20.31,21.06,20.14,1678078800000000000,7413
PSFE.WS,66670,0.1,0.1142,0.1143,0.1,1678078800000000000,96
PSFF,39325,22.95,22.7003,23.195,22.65,1678078800000000000,185
PSFJ,854,21.84,21.7271,21.84,21.7271,1678078800000000000,3
PSFM,0,22.91,22.91,22.91,22.91,1678078800000000000,0
PSFO,5,22.6007,22.6007,22.6007,22.6007,1678078800000000000,1
PSHG,3474274,0.99,0.942,0.9949,0.924,1678078800000000000,7478
PSI,22686,120.14,118.32,121.0834,118.0167,1678078800000000000,296
PSIL,10254,2.02,2,2.0398,2,1678078800000000000,131
PSJ,1489,97.6445,97.1252,98.05,97.1252,1678078800000000000,74
PSK,59512,35.45,35.41,35.53,35.386,1678078800000000000,512
PSL,2844,84.862,84.47,84.9,84.32,1678078800000000000,47
PSLV,1375111,7.25,7.21,7.26,7.18,1678078800000000000,1906
PSMB,78089,15.1,14.9657,15.1,14.96,1678078800000000000,161
PSMC,629,12.15,12.15,12.1573,12.15,1678078800000000000,13
PSMD,1500,22.94,22.9022,22.94,22.9022,1678078800000000000,3
PSMG,6529,16.79,16.8464,16.9224,16.79,1678078800000000000,64
PSMJ,0,21.6027,21.6027,21.6027,21.6027,1678078800000000000,0
PSMM,227737,14.01,13.85,14.01,13.41,1678078800000000000,165
PSMO,1,21.8134,21.8134,21.8134,21.8134,1678078800000000000,1
PSMR,0,22.17,22.17,22.17,22.17,1678078800000000000,0
PSMT,101897,71.2,69.78,71.41,69.08,1678078800000000000,5119
PSN,335019,45.4,45.2,45.73,44.99,1678078800000000000,7903
PSNL,480428,2.84,2.9,3.05,2.73,1678078800000000000,5049
PSNY,3460006,5.22,5.08,5.24,5,1678078800000000000,20902
PSNYW,134460,1.17,1.07,1.17,1.07,1678078800000000000,233
PSO,470516,10.49,10.33,10.51,10.3,1678078800000000000,3338
PSP,30027,10.78,10.79,10.84,10.754,1678078800000000000,176
PSPC,2873,10.05,10.06,10.06,10.05,1678078800000000000,8
PSPC.WS,1540,0.12,0.12,0.1346,0.12,1678078800000000000,7
PSQ,26981988,13.07,13.12,13.12,12.94,1678078800000000000,15135
PSR,3847,91.39,90.79,91.6539,90.66,1678078800000000000,95
PST,74844,22.63,22.8105,22.85,22.625,1678078800000000000,289
PSTG,6743329,24.63,24.46,25.2,24.32,1678078800000000000,53558
PSTL,144997,15.17,15.15,15.25,15.105,1678078800000000000,1953
PSTP,41561,25.6663,25.64,25.71,25.6305,1678078800000000000,151
PSTV,254011,0.34,0.3288,0.349,0.3222,1678078800000000000,448
PSTX,453470,5.51,5.33,5.51,5.31,1678078800000000000,5010
PSX,3984252,105.08,103.98,105.08,102.81,1678078800000000000,62985
PSYK,164,17.77,17.6487,17.77,17.6487,1678078800000000000,13
PT,26350,0.655,0.6008,0.655,0.600601,1678078800000000000,59
PTA,133952,19.38,19.25,19.453,19.22,1678078800000000000,913
PTBD,44949,20.57,20.54,20.57,20.49,1678078800000000000,248
PTC,946489,124.36,124.69,125.265,122.98,1678078800000000000,22513
PTCT,398824,46.16,45.58,46.555,45.14,1678078800000000000,9695
PTE,47860,0.72,0.7105,0.7474,0.7105,1678078800000000000,128
PTEN,4986839,14.98,15.12,15.385,14.89,1678078800000000000,42736
PTEST,0,25,25,25,25,1678078800000000000,0
PTEU,4627,25.68,25.695,25.8052,25.62,1678078800000000000,20
PTF,3619,126.92,126.2588,127.97,126.25,1678078800000000000,117
PTGX,556439,15.71,15.2,15.71,15.01,1678078800000000000,9170
PTH,1257,117.03,116.73,117.0658,116.73,1678078800000000000,58
PTHRU,2102,10.21,10.21,10.21,10.21,1678078800000000000,3
PTIN,27779,26.27,26.226,26.29,26.15,1678078800000000000,119
PTIX,2199,0.4303,0.4497,0.469,0.4303,1678078800000000000,22
PTIXW,150,0.051,0.051,0.051,0.051,1678078800000000000,1
PTLC,125374,37.55,37.48,37.72,37.41,1678078800000000000,405
PTLO,696931,22.43,21.5,22.8835,21.2,1678078800000000000,12046
PTMC,30101,34.01,33.67,34.08,33.62,1678078800000000000,184
PTMN,12843,22.96,23.25,23.25,22.96,1678078800000000000,169
PTN,61233,3.18,2.97,3.255,2.8601,1678078800000000000,759
PTNQ,49354,51.55,51.34,51.9611,51.28,1678078800000000000,162
PTOC,11401,10.14,10.135,10.14,10.135,1678078800000000000,49
PTON,7428362,14.02,13.88,14.36,13.75,1678078800000000000,50895
PTPI,47937,2.2,2.06,2.5,1.71,1678078800000000000,420
PTRA,3968989,3.7,3.35,3.76,3.33,1678078800000000000,19875
PTRB,2371,41.07,40.9594,41.07,40.95,1678078800000000000,45
PTRS,6653,9.1,9.08,9.15,9,1678078800000000000,204
PTSI,39176,30,29.62,30,29.53,1678078800000000000,757
PTVE,153477,11.69,11.38,11.69,11.29,1678078800000000000,2847
PTWO,735,10.365,10.365,10.365,10.365,1678078800000000000,8
PTY,630032,13.6,13.58,13.71,13.47,1678078800000000000,3290
PUBM,522324,13.68,13.51,13.79,13.42,1678078800000000000,7233
PUCK,238,10.15,10.15,10.15,10.15,1678078800000000000,3
PUCKW,2810,0.055,0.055,0.055,0.055,1678078800000000000,7
PUI,1791,32.86,32.83,32.86,32.66,1678078800000000000,21
PUK,348953,30.39,30.33,30.6,30.29,1678078800000000000,4527
PULM,9923,3.4,3.48,3.5,3.3687,1678078800000000000,70
PULS,1052497,49.33,49.32,49.34,49.32,1678078800000000000,1791
PULT,416768,50.1,50.1,50.1,50.1,1678078800000000000,2
PUMP,1208778,9.83,9.66,9.89,9.525,1678078800000000000,11907
PUNK,5,17.5061,17.5061,17.5061,17.5061,1678078800000000000,3
PUTW,39077,30.77,30.9149,30.9858,30.77,1678078800000000000,140
PUYI,652,5.79,6,6.01,5.79,1678078800000000000,24
PVAL,40832,28.34,28.28,28.48,28.27,1678078800000000000,145
PVBC,64757,9.04,9.03,9.095,8.985,1678078800000000000,1264
PVH,940515,83.31,80.46,83.41,80.42,1678078800000000000,18724
PVI,3456,24.9666,24.965,24.9692,24.96,1678078800000000000,17
PVL,110516,2.62,2.59,2.7,2.57,1678078800000000000,446
PW,33928,4.35,4.0616,4.51,4.05,1678078800000000000,237
PWpA,3095,13.89,13.9,13.91,13.8,1678078800000000000,21
PWB,24216,63.76,63.91,64.3,63.76,1678078800000000000,145
PWC,2051,111.92,111.9452,112.46,111.73,1678078800000000000,36
PWFL,250439,2.73,2.71,2.75,2.56,1678078800000000000,1266
PWOD,5876,26.56,26.81,26.84,26.5001,1678078800000000000,180
PWP,428441,10.15,9.99,10.33,9.97,1678078800000000000,5523
PWR,761890,162.44,163.37,164.89,160.85,1678078800000000000,17410
PWS,6526,27.8,27.8573,27.9187,27.8,1678078800000000000,17
PWSC,1720394,19.85,20.22,20.94,19.76,1678078800000000000,18865
PWUP,161,10.4501,10.4501,10.4501,10.4501,1678078800000000000,5
PWUPU,100,10.49,10.49,10.49,10.49,1678078800000000000,1
PWUPW,13240,0.06475,0.0647,0.067,0.0647,1678078800000000000,14
PWV,56333,46.93,47.015,47.14,46.93,1678078800000000000,165
PWZ,37089,24.13,24.13,24.15,24.08,1678078800000000000,170
PX,155825,10.77,10.63,10.7875,10.58,1678078800000000000,1988
PXD,2233389,208,209.59,210,206.58,1678078800000000000,39969
PXE,68551,29.63,29.44,29.63,29.25,1678078800000000000,450
PXF,62463,45.16,45.18,45.3094,45.1113,1678078800000000000,385
PXH,229416,18.42,18.51,18.61,18.42,1678078800000000000,933
PXI,12010,44.75,44.89,44.96,44.5,1678078800000000000,152
PXJ,668022,5.94,5.88,5.94,5.85,1678078800000000000,1263
PXLW,272112,1.65,1.58,1.65,1.55,1678078800000000000,1061
PXMD,193401,1.9,1.66,1.9,1.66,1678078800000000000,1436
PXQ,58,74.4471,74.4471,74.4471,74.4471,1678078800000000000,8
PXS,54479,6.03,5.81,6.15,5.8,1678078800000000000,388
PXSAP,303,26.2,26.1,26.2,26.1,1678078800000000000,7
PXUS,378,21.775,21.82,21.82,21.775,1678078800000000000,2
PY,3017,41.635,41.5093,41.68,41.5093,1678078800000000000,46
PYCR,267202,25.2,24.66,25.305,24.63,1678078800000000000,6608
PYN,10852,6.25,6.19,6.25,6.17,1678078800000000000,54
PYPD,4239,0.6333,0.655,0.6777,0.6333,1678078800000000000,42
PYPE,1,21.6553,21.6553,21.6553,21.6553,1678078800000000000,1
PYPL,9187520,76.94,76.78,77.76,76.36,1678078800000000000,101000
PYPS,703,33.34,33.78,33.93,33.34,1678078800000000000,52
PYPT,6744,21.36,21.2284,21.5699,21.2001,1678078800000000000,44
PYR,54945,0.963,0.97,0.9797,0.947801,1678078800000000000,148
PYT,419,21.15,21.15,21.15,21.15,1678078800000000000,4
PYXS,80005,2.27,2.2,2.32,2.1301,1678078800000000000,443
PYZ,68473,92.64,90.5375,92.64,90.1754,1678078800000000000,94
PZA,283834,23.04,23.05,23.11,23.02,1678078800000000000,830
PZC,13797,7.62,7.59,7.62,7.57,1678078800000000000,92
PZG,266944,0.32,0.3125,0.3202,0.3,1678078800000000000,475
PZT,40063,22.16,22.09,22.17,22.09,1678078800000000000,117
PZZA,578420,85.48,86.54,87.535,84.73,1678078800000000000,13376
QABA,11292,53.21,52.625,53.35,52.54,1678078800000000000,158
QAI,188504,29.1,29.04,29.1,28.9499,1678078800000000000,782
QARP,140,38.65,38.6776,38.6776,38.65,1678078800000000000,2
QAT,10142,18.53,18.55,18.58,18.45,1678078800000000000,117
QBTS,859083,0.8299,0.7922,0.83,0.79,1678078800000000000,3061
QBTS.WS,14150,0.1021,0.091,0.1021,0.091,1678078800000000000,14
QCLN,67603,54.86,54.36,55.3,54.12,1678078800000000000,1473
QCLR,813,22.55,22.38,22.55,22.38,1678078800000000000,13
QCOM,5648109,124.28,122.41,125.1747,122.03,1678078800000000000,74604
QCON,63,40.2727,40.2727,40.2727,40.2727,1678078800000000000,2
QCRH,113617,53.34,53.37,53.83,53.02,1678078800000000000,1817
QD,810979,1.17,1.1,1.2,1.07,1678078800000000000,1944
QDEC,41010,20.019,19.9698,20.0994,19.96,1678078800000000000,133
QDEF,50856,52.57,52.4942,52.81,52.43,1678078800000000000,419
QDEL,463221,87.94,86.92,88.17,86.83,1678078800000000000,10468
QDF,30335,54.84,54.66,55.085,54.63,1678078800000000000,278
QDIV,3504,32.19,32,32.19,31.9377,1678078800000000000,104
QDPL,16617,30.2618,30.2246,30.37,30.2246,1678078800000000000,60
QDRO,1107,10.23,10.23,10.23,10.23,1678078800000000000,4
QDROU,200,10.21,10.21,10.21,10.21,1678078800000000000,2
QDYN,23,58.4757,58.4757,58.4757,58.4757,1678078800000000000,3
QEFA,44798,68.07,68.07,68.37,68.04,1678078800000000000,399
QEMM,556,55.76,55.4955,55.76,55.4955,1678078800000000000,11
QFIN,652509,21.7,20.7,21.78,20.7,1678078800000000000,8135
QFTA,405,10.18,10.17,10.18,10.17,1678078800000000000,8
QGEN,533727,46.51,46.36,46.83,46.295,1678078800000000000,8063
QGRO,62807,63.26,62.94,63.5,62.91,1678078800000000000,252
QGRW,376,26.95,26.737,26.95,26.737,1678078800000000000,3
QH,13411,1.32,1.38,1.38,1.32,1678078800000000000,55
QID,11819549,20.16,20.27,20.31,19.7462,1678078800000000000,18125
QINT,1272,43.45,43.3909,43.5219,43.3909,1678078800000000000,17
QIPT,67852,6.38,6.44,6.474,6.33,1678078800000000000,555
QJUN,3904,19.47,19.363,19.52,19.34,1678078800000000000,33
QLC,7494,45.47,45.25,45.56,45.25,1678078800000000000,42
QLD,4203560,43.82,43.52,44.678,43.48,1678078800000000000,22540
QLGN,9521,1.1409,1.14,1.16,1.13,1678078800000000000,174
QLI,7549,1.26,1.33,1.3499,1.26,1678078800000000000,61
QLTA,40330,46.68,46.4294,46.68,46.41,1678078800000000000,395
QLV,73622,50.73,50.6,50.81,50.54,1678078800000000000,305
QLVD,8960,24.85,24.8519,24.89,24.79,1678078800000000000,5
QLVE,6404,22.39,22.3741,22.39,22.36,1678078800000000000,2
QLYS,217933,122.82,121.3,122.82,120.43,1678078800000000000,7858
QMAR,24767,21.18,21.1058,21.23,21.1058,1678078800000000000,45
QMCO,233788,1.09,1.09,1.09,1.04,1678078800000000000,1149
QMOM,12165,47.51,47.2353,47.51,47.084,1678078800000000000,106
QNCX,182308,0.98,0.9976,0.9992,0.952,1678078800000000000,566
QNRX,667540,0.57,0.56,0.5798,0.52,1678078800000000000,1615
QNST,237975,16.86,16.52,16.92,16.4,1678078800000000000,5084
QOMOW,71250,0.035,0.045,0.0569,0.0345,1678078800000000000,38
QPFF,2115,36.26,36.2661,36.3002,36.24,1678078800000000000,16
QPX,201,23.715,23.7118,23.715,23.7118,1678078800000000000,5
QQC,7934,22.99,22.89,23.07,22.87,1678078800000000000,54
QQD,1875,21.7,21.64,21.9002,21.64,1678078800000000000,8
QQEW,153896,98.15,97.7,98.85,97.51,1678078800000000000,1084
QQH,11862,37.54,37.573,38.0901,37.54,1678078800000000000,76
QQJG,124,19.3281,19.3281,19.3281,19.3281,1678078800000000000,6
QQMG,6558,20.34,20.32,20.53,20.32,1678078800000000000,46
QQQ,56582196,300.94,300.02,304,299.82,1678078800000000000,397993
QQQA,4229,31.97,32.02,32.194,31.97,1678078800000000000,27
QQQE,69037,70.63,70.21,71.11,70.155,1678078800000000000,619
QQQJ,122634,26.01,25.74,26.079,25.6785,1678078800000000000,784
QQQM,1120462,123.87,123.45,125.0587,123.36,1678078800000000000,7051
QQQN,8278,26.0149,25.81,26.11,25.81,1678078800000000000,104
QQQS,4870,29.57,29.1823,29.64,29.02,1678078800000000000,71
QQQX,115073,23.73,23.72,23.9996,23.71,1678078800000000000,882
QQXT,5141,81.72,81.25,82.0299,81.25,1678078800000000000,49
QRFT,349,38.14,37.9166,38.15,37.9166,1678078800000000000,22
QRHC,11356,6.76,6.7,6.96,6.65,1678078800000000000,221
QRMI,478,17.87,17.89,17.89,17.87,1678078800000000000,21
QRTEA,10770063,1.53,1.4,1.5667,1.385,1678078800000000000,21925
QRTEB,1998,5.5,5.54,5.55,5.34,1678078800000000000,58
QRTEP,165923,47.5,45.37,47.55,44.0001,1678078800000000000,2435
QRVO,1723370,102.78,100.75,103.38,100.55,1678078800000000000,31339
QS,5735802,9.36,8.78,9.37,8.64,1678078800000000000,40306
QSI,997474,2.14,1.88,2.14,1.83,1678078800000000000,4820
QSIAW,14707,0.2726,0.2878,0.30375,0.2557,1678078800000000000,30
QSPT,6279,18.45,18.28,18.45,18.28,1678078800000000000,26
QSR,848847,64.13,64.49,64.67,63.9,1678078800000000000,11767
QSWN,2,17.2049,17.2049,17.2049,17.2049,1678078800000000000,1
QTAP,546,25.2301,25.1765,25.34,25.1765,1678078800000000000,5
QTEC,48660,124,123.03,125.09,122.79,1678078800000000000,582
QTEK,62721,0.4,0.3899,0.4099,0.3756,1678078800000000000,352
QTEKW,107,0.0428,0.0428,0.0428,0.0428,1678078800000000000,2
QTJA,3115,18.58,18.54,18.58,18.53,1678078800000000000,10
QTJL,289,22.46,22.3625,22.56,22.3625,1678078800000000000,4
QTOC,6,20.5433,20.5433,20.5433,20.5433,1678078800000000000,1
QTR,5,19.8508,19.8508,19.8508,19.8508,1678078800000000000,4
QTRX,537814,11.63,13.59,13.75,11.63,1678078800000000000,5573
QTT,35921,0.82,0.821661,0.85,0.82,1678078800000000000,139
QTUM,21107,44.96,44.4949,45.19,44.46,1678078800000000000,252
QTWO,641197,33.1,32.15,33.1,31.51,1678078800000000000,14590
QUAD,406194,4.94,4.54,4.99,4.46,1678078800000000000,2604
QUAL,2735760,121.68,121.53,122.4,121.3965,1678078800000000000,10291
QUBT,254328,1.58,1.42,1.58,1.36,1678078800000000000,1246
QUIK,12821,5.64,5.6,5.6401,5.51,1678078800000000000,134
QULL,0,24.8093,24.8093,24.8093,24.8093,1678078800000000000,0
QUOT,430685,3.3,3.32,3.355,3.295,1678078800000000000,7515
QURE,412432,21.18,20.85,21.18,20.45,1678078800000000000,7539
QUS,57623,114.18,114.11,114.6444,113.995,1678078800000000000,200
QVAL,25313,36.19,35.77,36.2,35.69,1678078800000000000,257
QVCC,42380,13.65,13.47,13.705,13.33,1678078800000000000,438
QVCD,36666,14.18,14.06,14.4699,13.9,1678078800000000000,431
QVML,561,24.15,24.2376,24.2376,24.15,1678078800000000000,1
QVMM,888,24.38,24.2996,24.5,24.2996,1678078800000000000,5
QVMS,1026,23.8,23.4227,23.855,23.4227,1678078800000000000,8
QVOY,3133,25.48,25.2609,25.515,25.2479,1678078800000000000,17
QWLD,2818,97.8104,97.5842,97.9957,97.5842,1678078800000000000,15
QYLD,2567666,16.67,16.65,16.74,16.65,1678078800000000000,10953
QYLE,4,25.0584,25.0584,25.0584,25.0584,1678078800000000000,4
QYLG,23888,24.1,24.05,24.2891,24.05,1678078800000000000,247
R,306904,99.28,96.05,99.66,95.96,1678078800000000000,6056
RA,229821,18.1,18,18.23,18,1678078800000000000,1549
RAAS,103665,0.73,0.7404,0.7755,0.7223,1678078800000000000,261
RAAX,10792,25.49,25.3936,25.49,25.31,1678078800000000000,107
RACE,752102,273.5,270.36,273.84,269.93,1678078800000000000,13602
RAD,2858085,3.61,3.57,3.77,3.525,1678078800000000000,15227
RADI,5504975,14.54,14.56,14.58,14.54,1678078800000000000,18557
RAFE,8682,28.84,28.8539,29.02,28.82,1678078800000000000,16
RAIL,14195,3.74,3.75,3.8247,3.74,1678078800000000000,122
RAIN,168963,9.08,9,9.3664,8.77,1678078800000000000,2088
RAM,2622,10.535,10.54,10.54,10.535,1678078800000000000,20
RAMMU,100,10.4472,10.4472,10.4472,10.4472,1678078800000000000,1
RAMMW,11260,0.028,0.0399,0.081,0.028,1678078800000000000,30
RAMP,610919,24.75,23.23,24.805,23.08,1678078800000000000,11176
RANI,30158,6.3,6.67,6.68,6.3,1678078800000000000,356
RAPT,417500,30.75,29.8,31.44,29.45,1678078800000000000,9099
RARE,467539,45.37,44.16,45.51,43.61,1678078800000000000,9156
RATE,227,26.33,26.6032,26.6032,26.33,1678078800000000000,8
RAVE,24707,1.63,1.57,1.63,1.56,1678078800000000000,249
RAVI,80056,74.69,74.695,74.71,74.68,1678078800000000000,158
RAYA,4690,2.41,2.655,2.73,2.41,1678078800000000000,47
RAYC,9758,17.8001,17.7379,17.85,17.73,1678078800000000000,66
RAYD,0,22.7,22.7,22.7,22.7,1678078800000000000,0
RAYE,834,19.49,19.58,19.64,19.49,1678078800000000000,7
RAYS,1244,22.01,22,22.0101,21.99,1678078800000000000,32
RBA,8382952,63,60.89,63.87,59.62,1678078800000000000,82393
RBB,78225,19.61,19.36,19.85,19.11,1678078800000000000,1064
RBBN,495936,4.21,4.14,4.34,4.11,1678078800000000000,4427
RBC,86104,247.62,244.67,247.82,241.63,1678078800000000000,4109
RBCAA,13064,44.28,43.92,44.6,43.49,1678078800000000000,655
RBCP,1172,118.64,117.63,118.64,117.01,1678078800000000000,30
RBLD,1158,50.78,50.5647,50.78,50.5647,1678078800000000000,7
RBLX,8553878,41.62,40.57,42.1201,40.545,1678078800000000000,75724
RBND,1147,20.36,20.32,20.36,20.32,1678078800000000000,2
RBOT,106720,2.76,2.64,2.76,2.62,1678078800000000000,1034
RBOT.WS,8561,0.4,0.386,0.41,0.386,1678078800000000000,23
RBT,60008,1.09,1.025,1.09,1.01,1678078800000000000,485
RBT.WS,1789,0.06,0.0675,0.0773,0.06,1678078800000000000,16
RC,1544433,11.21,11.08,11.28,11.06,1678078800000000000,13000
RCpC,280,19.5,19.5,19.5,19.5,1678078800000000000,4
RCpE,9118,20.03,20.07,20.0999,20.0101,1678078800000000000,69
RCA,5200,25.05,25.08,25.1208,25.05,1678078800000000000,73
RCAC,2503,10.2,10.2,10.2,10.2,1678078800000000000,15
RCAT,101253,1.36,1.38,1.43,1.3507,1678078800000000000,480
RCB,489,23.4768,23.58,23.58,23.4768,1678078800000000000,12
RCC,10333,23,22.99,23.2085,22.99,1678078800000000000,130
RCD,29760,131.32,130.07,131.78,130.04,1678078800000000000,200
RCEL,182139,14.26,14.21,14.75,14.0425,1678078800000000000,2313
RCFA,21070,10.45,10.43,10.5,10.415,1678078800000000000,70
RCG,1336,1.735,1.75,1.7599,1.735,1678078800000000000,8
RCI,147689,47.46,47.2,47.785,47.18,1678078800000000000,2047
RCKT,786435,20.9,20.57,20.94,20.235,1678078800000000000,12490
RCKTW,33925,0.144,0.18,0.2,0.144,1678078800000000000,30
RCKY,21812,27.4,25.87,27.4,25.71,1678078800000000000,665
RCL,3259649,74.08,74.16,75.83,73.73,1678078800000000000,48101
RCLFW,4214,0.1564,0.08925,0.1592,0.08925,1678078800000000000,48
RCM,1440375,14.76,14.09,14.77,14.03,1678078800000000000,15383
RCMT,59071,15,14.62,15.075,14.55,1678078800000000000,1197
RCON,2984033,1.78,1.28,1.78,1.2,1678078800000000000,6397
RCRT,234157,0.3231,0.3472,0.35,0.303,1678078800000000000,409
RCRTW,150,0.06,0.06,0.06,0.06,1678078800000000000,1
RCS,252375,5.9,5.91,5.95,5.8,1678078800000000000,1541
RCUS,1200669,18.26,17.79,18.26,17.45,1678078800000000000,14408
RDCM,9397,10.21,10.09,10.21,10.05,1678078800000000000,92
RDFI,956,22.94,22.658,22.94,22.658,1678078800000000000,33
RDFN,2515450,7.93,7.49,8.1899,7.48,1678078800000000000,18462
RDHL,1487321,0.2221,0.2244,0.23,0.2151,1678078800000000000,3224
RDI,4013,3.67,3.62,3.7,3.62,1678078800000000000,101
RDIB,3166,22.58,20.62,23.7,20.62,1678078800000000000,77
RDIV,111506,44.94,44.39,45,44.32,1678078800000000000,770
RDMX,2361,25.88,25.9169,26.53,25.83,1678078800000000000,22
RDN,6804023,23.08,22.85,23.835,22.78,1678078800000000000,51582
RDNT,348763,25.09,24.36,25.09,24.15,1678078800000000000,7870
RDOG,369,39.94,39.74,39.94,39.74,1678078800000000000,15
RDVI,42024,22.415,22.2899,22.48,22.27,1678078800000000000,143
RDVT,11329,20.16,19.59,20.1886,19.48,1678078800000000000,471
RDVY,568078,47.02,46.7,47.17,46.607,1678078800000000000,2244
RDW,172520,3.7,3.77,3.85,3.683,1678078800000000000,1867
RDW.WS,21804,0.62,0.5886,0.62,0.53,1678078800000000000,84
RDWR,97765,21.6,21.43,21.76,21.43,1678078800000000000,2462
RDY,103566,54.35,54.42,54.5,54.24,1678078800000000000,2577
RE,335328,382.43,381.33,384.92,380.02,1678078800000000000,11579
REAL,3205506,1.6401,1.57,1.6876,1.52,1678078800000000000,10579
REAX,49403,1.4,1.38,1.4,1.34,1678078800000000000,192
REBN,28811,0.8837,0.8618,0.8837,0.83,1678078800000000000,211
RECS,280835,23.8817,23.8817,23.8817,23.8817,1678078800000000000,29
REE,696933,0.3998,0.3892,0.41,0.38,1678078800000000000,1368
REET,453325,23.94,23.88,24.03,23.83,1678078800000000000,2915
REFI,30665,14.35,14.35,14.37,14.21,1678078800000000000,743
REFR,9290,1.898,1.89,1.9,1.87,1678078800000000000,161
REG,991881,63.54,63.65,64.14,63.34,1678078800000000000,17901
REGL,71749,74.7,73.84,74.7,73.6,1678078800000000000,670
REGN,469490,777.99,780.38,785.275,774.85,1678078800000000000,18013
REI,2564958,2.29,2.18,2.29,2.18,1678078800000000000,7857
REIT,1526,25.56,25.43,25.56,25.43,1678078800000000000,73
REK,40430,19.34,19.51,19.58,19.34,1678078800000000000,395
REKR,259911,1.8,1.68,1.8,1.62,1678078800000000000,1142
RELI,29865,5.31,5.15,5.605,5.15,1678078800000000000,391
RELL,102468,21.63,21.24,21.755,21.0105,1678078800000000000,2014
RELX,741888,30.4,30.52,30.625,30.33,1678078800000000000,7037
RELY,1433181,15.26,15.4,15.62,15.19,1678078800000000000,16155
REM,753352,23.98,23.99,24.27,23.96,1678078800000000000,5677
REMG,400,23.81,23.7351,23.81,23.7351,1678078800000000000,1
REMX,44435,86.78,85.33,87.06,85.207,1678078800000000000,893
RENE,450,10.48,10.47,10.48,10.47,1678078800000000000,4
RENN,97354,1.71,1.64,1.74,1.56,1678078800000000000,530
RENT,621298,3.49,3.18,3.5,3.135,1678078800000000000,5390
RENW,158,16.7227,16.87,16.87,16.7227,1678078800000000000,7
REPL,356290,21.97,21.79,22.07,21.115,1678078800000000000,7016
REPX,41643,32.51,33.24,33.88,31.9379,1678078800000000000,1222
RERE,107187,2.59,2.61,2.74,2.54,1678078800000000000,686
RES,1043501,9.66,9.52,9.74,9.3901,1678078800000000000,10251
RESD,103,27.0633,27.0633,27.0633,27.0633,1678078800000000000,6
RESE,579,28.16,28.0773,28.18,28.02,1678078800000000000,11
RESI,98,10.934,10.934,10.934,10.934,1678078800000000000,18
RESP,497,43.13,43.1893,43.1893,43.13,1678078800000000000,6
RETA,1715725,90,88.51,90.96,86.62,1678078800000000000,31422
RETL,390676,8.94,8.29,8.9699,8.21,1678078800000000000,1609
RETO,36200,0.41,0.3722,0.4151,0.3682,1678078800000000000,87
REUN,21209,0.9824,1.0799,1.0799,0.9824,1678078800000000000,146
REVB,96238,2.16,2.13,2.17,2.09,1678078800000000000,692
REVBW,119969,0.0414,0.0332,0.0414,0.0312,1678078800000000000,82
REVE,89656,11.2,10.72,11.2999,10.39,1678078800000000000,1048
REVEU,202,11.22,11.225,11.225,11.22,1678078800000000000,4
REVEW,102057,0.1101,0.114,0.1198,0.088,1678078800000000000,174
REVG,368133,12.88,12.27,13.31,12.22,1678078800000000000,4281
REVS,1277,20.39,20.422,20.422,20.38,1678078800000000000,34
REW,35514,16.19,16.19,16.24,15.74,1678078800000000000,225
REX,155171,33.76,32.26,33.76,31.85,1678078800000000000,3854
REXR,1085959,61.76,61.44,61.82,61.18,1678078800000000000,15155
REXRpB,2091,23.39,23.39,23.5,23.28,1678078800000000000,19
REXRpC,4144,23.62,23.21,23.62,23.21,1678078800000000000,39
REYN,411518,27.61,27.16,27.61,27.095,1678078800000000000,7569
REZ,23022,73.93,73.92,74.28,73.65,1678078800000000000,456
REZI,845065,18.7,17.57,18.7,17.3,1678078800000000000,12746
RF,7014141,23.4,23.31,23.58,23.22,1678078800000000000,35021
RFpB,27685,25.71,25.77,25.8,25.47,1678078800000000000,434
RFpC,17525,24.08,23.865,24.08,23.82,1678078800000000000,264
RFpE,21802,19.3,19.33,19.4,19.2107,1678078800000000000,237
RFAC,18024,10.27,10.275,10.275,10.27,1678078800000000000,37
RFACR,6013,0.1,0.1458,0.1458,0.1,1678078800000000000,4
RFACU,100,10.26,10.26,10.26,10.26,1678078800000000000,1
RFCI,4506,22.08,22.0408,22.08,22.04,1678078800000000000,15
RFDA,7539,43.45,43.2463,43.45,43.24,1678078800000000000,23
RFDI,7609,55.98,55.87,55.98,55.8499,1678078800000000000,27
RFEM,3538,54.16,54.13,54.38,53.9,1678078800000000000,20
RFEU,962,59.25,59.34,59.34,59.11,1678078800000000000,6
RFFC,4989,42.41,42.1026,42.41,42.1026,1678078800000000000,9
RFG,733,188.86,188.9315,188.9601,188.86,1678078800000000000,31
RFI,53582,13.14,13.41,13.45,13.0723,1678078800000000000,244
RFIL,5750,4.97,4.92,4.99,4.85,1678078800000000000,79
RFL,23547,2.11,2.08,2.12,2.07,1678078800000000000,223
RFM,11126,15.89,15.87,15.94,15.82,1678078800000000000,56
RFMZ,44016,13.83,13.65,13.83,13.62,1678078800000000000,182
RFV,71443,103.44,101.9117,103.87,101.71,1678078800000000000,244
RGA,545818,146.35,143.32,147.34,142.3,1678078800000000000,11772
RGC,119,26.21,26.21,26.21,26.21,1678078800000000000,8
RGCO,8769,24.005,24.27,24.27,23.95,1678078800000000000,432
RGEN,519420,187.13,185.77,187.6925,184.56,1678078800000000000,13277
RGF,30907,4.24,4.3,4.3999,3.95,1678078800000000000,481
RGI,53987,194.21,193.3,194.91,192.95,1678078800000000000,697
RGLD,751463,119.76,117.46,120,116.27,1678078800000000000,21475
RGLS,45113,1.45,1.35,1.45,1.35,1678078800000000000,246
RGNX,398064,24.39,22.93,24.51,22.77,1678078800000000000,7700
RGP,142280,18.25,17.92,18.45,17.785,1678078800000000000,3930
RGR,128068,58.4,56.25,58.4,56,1678078800000000000,4371
RGS,349625,1.39,1.3,1.4,1.25,1678078800000000000,1284
RGT,7419,9.53,9.49,9.57,9.48,1678078800000000000,63
RGTI,624043,0.82,0.7958,0.85,0.7708,1678078800000000000,2903
RGTIW,19790,0.1106,0.096601,0.1106,0.0965,1678078800000000000,45
RH,937244,288.8,282.53,294.07,280.7101,1678078800000000000,21802
RHCB,0,44.9034,44.9034,44.9034,44.9034,1678078800000000000,0
RHE,38943,3.99,3.8271,4.1999,3.8271,1678078800000000000,80
RHEpA,2250,5.18,5.06,5.3701,5.05,1678078800000000000,18
RHI,986916,81.51,81.25,82.245,81.1,1678078800000000000,18233
RHP,366648,96.76,96.07,97.285,95.88,1678078800000000000,9206
RHRX,853,11.8501,11.8953,11.8953,11.8501,1678078800000000000,6
RHS,21395,166.95,167.39,167.715,166.95,1678078800000000000,363
RHTX,1354,13.28,13.255,13.28,13.22,1678078800000000000,11
RIBT,110225,1.23,1.21,1.24,1.14,1678078800000000000,321
RICK,79540,87.49,86.97,87.71,85.85,1678078800000000000,2709
RIDE,4741813,1.1,1.02,1.13,1.01,1678078800000000000,13990
RIET,23518,11.36,11.253,11.36,11.22,1678078800000000000,204
RIG,16058527,7.51,7.59,7.68,7.45,1678078800000000000,46687
RIGL,1738889,1.58,1.52,1.59,1.47,1678078800000000000,4924
RIGS,32534,22.75,22.6,22.75,22.59,1678078800000000000,184
RILY,325698,40.5,40.17,41.28,39.74,1678078800000000000,7294
RILYG,11900,20.5,20.55,20.676,20.4001,1678078800000000000,124
RILYK,19110,22.35,22.35,22.41,21.85,1678078800000000000,157
RILYL,7638,22.73,22.6466,22.75,22.3,1678078800000000000,60
RILYM,6561,23.39,23.38,23.39,23.2253,1678078800000000000,58
RILYN,12280,22.1,22.03,22.11,21.9,1678078800000000000,93
RILYO,7860,24.16,24.3,24.31,24.16,1678078800000000000,83
RILYP,365,21.25,21.25,21.25,21.25,1678078800000000000,13
RILYT,31240,20.51,20.42,20.8643,20.365,1678078800000000000,247
RILYZ,72611,18.85,18.97,19.03,18.72,1678078800000000000,484
RINF,8784,33.6,33.53,33.67,33.51,1678078800000000000,130
RING,221813,22.01,21.74,22.1,21.61,1678078800000000000,1363
RIO,3403593,73.02,72.71,73.08,72.36,1678078800000000000,39684
RIOT,13040491,6.37,6.37,6.88,6.1699,1678078800000000000,50414
RISN,3012,23.19,23.1247,23.24,23.12,1678078800000000000,26
RISR,8735,31.68,31.83,32,31.63,1678078800000000000,320
RITA,121,19.41,19.37,19.41,19.37,1678078800000000000,10
RITM,3752657,9.1,9.08,9.18,9.05,1678078800000000000,11811
RITMpA,8692,23.65,23.55,23.68,23.41,1678078800000000000,105
RITMpB,28335,23.21,23.1,23.35,23.1,1678078800000000000,252
RITMpC,26846,20.39,20.27,20.43,20.06,1678078800000000000,185
RITMpD,32080,21.4,21.31,21.4236,21.2521,1678078800000000000,301
RIV,116194,11.9,11.76,11.9494,11.76,1678078800000000000,734
RIVpA,6852,23.62,23.71,23.72,23.5905,1678078800000000000,40
RIVN,32076029,17.14,17.13,17.74,16.96,1678078800000000000,190233
RJF,1055035,107.5,107.06,108.68,106.97,1678078800000000000,18101
RJFpA,2849,25.3216,25.33,25.38,25.31,1678078800000000000,18
RJFpB,751,25.4534,25.35,25.4534,25.35,1678078800000000000,7
RKDA,135687,8.05,7.61,8.14,7.53,1678078800000000000,2432
RKLB,3422303,4.58,4.43,4.6,4.39,1678078800000000000,18924
RKT,2918274,8.74,8.69,9.01,8.602,1678078800000000000,19124
RKTA,7044,10.25,10.23,10.29,10.2,1678078800000000000,43
RL,964568,119.15,117.04,119.228,116.885,1678078800000000000,19211
RLAY,741603,17.07,16.96,17.07,16.42,1678078800000000000,12002
RLGT,316726,5.89,5.79,5.89,5.68,1678078800000000000,2556
RLI,207311,135.51,137.62,137.96,134.75,1678078800000000000,7077
RLJ,1036300,11.56,11.47,11.66,11.4,1678078800000000000,10242
RLJpA,28469,25,25.04,25.14,24.9,1678078800000000000,309
RLMD,262634,3.56,3.43,3.63,3.38,1678078800000000000,2708
RLTY,121206,14.84,14.73,14.94,14.71,1678078800000000000,831
RLX,17262345,2.52,2.46,2.55,2.42,1678078800000000000,34690
RLY,235408,28.07,28.12,28.1399,28.03,1678078800000000000,597
RLYB,91849,7.9,8.75,9.37,7.6801,1678078800000000000,1943
RM,65802,31.94,31.02,31.94,30.615,1678078800000000000,1682
RMAX,191483,18.81,18.11,18.9866,18.11,1678078800000000000,3791
RMBI,14629,13.35,13,13.36,12.97,1678078800000000000,364
RMBL,201920,9.02,8.09,9.02,8.01,1678078800000000000,2686
RMBS,1084179,44.66,44.72,45.45,44.47,1678078800000000000,20257
RMCF,7584,5.06,5.02,5.0898,5.02,1678078800000000000,101
RMD,611575,219.98,219.16,220.67,218.09,1678078800000000000,13501
RMED,251180,2.21,2.2692,2.366,2.17,1678078800000000000,937
RMGCU,200,10.0274,10.0274,10.0274,10.0274,1678078800000000000,1
RMGCW,16810,0.2259,0.1396,0.2454,0.1386,1678078800000000000,127
RMI,19052,16.65,16.72,16.94,16.5604,1678078800000000000,78
RMM,42765,15.3,15.37,15.477,15.29,1678078800000000000,183
RMMZ,21273,15.21,15.02,15.21,15.02,1678078800000000000,124
RMNI,295423,5.05,4.9,5.0683,4.82,1678078800000000000,2662
RMPLp,4601,24.95,24.94,24.9634,24.94,1678078800000000000,29
RMR,48231,28.69,28.65,28.91,28.36,1678078800000000000,1847
RMT,187125,9.47,9.38,9.515,9.36,1678078800000000000,1096
RMTI,143709,1.66,1.6,1.68,1.6,1678078800000000000,579
RNA,920169,24.66,22.35,24.66,22.02,1678078800000000000,13383
RNAZ,267520,0.455,0.45,0.4697,0.43,1678078800000000000,552
RNDM,3004,48.49,48.3807,48.55,48.27,1678078800000000000,32
RNDV,2073,29.04,28.8,29.06,28.8,1678078800000000000,17
RNEM,4,44.31,44.31,44.31,44.31,1678078800000000000,4
RNEW,650,26.41,26.3403,26.42,26.3403,1678078800000000000,12
RNG,2163278,36.93,35.89,37.3384,35.75,1678078800000000000,28649
RNGR,47619,11.53,11.12,11.53,10.97,1678078800000000000,595
RNLC,2233,31.53,31.2831,31.53,31.2831,1678078800000000000,7
RNLX,37709,3.26,3.12,3.4499,3.1,1678078800000000000,196
RNMC,1626,28.85,28.84,28.86,28.84,1678078800000000000,16
RNP,93737,21.49,21.84,21.84,21.4659,1678078800000000000,663
RNR,326021,212.27,211.82,213.86,211.08,1678078800000000000,7901
RNRpF,28358,23.39,23.39,23.4324,23.2,1678078800000000000,166
RNRpG,23490,17.42,17.37,17.43,17.34,1678078800000000000,205
RNRG,10649,12.3769,12.395,12.4766,12.36,1678078800000000000,87
RNSC,942,28.231,27.9106,28.231,27.9106,1678078800000000000,11
RNST,261077,35.67,34.41,35.97,34.18,1678078800000000000,5575
RNW,930054,4.55,4.55,4.62,4.5,1678078800000000000,8684
RNWWW,1305,0.480001,0.49945,0.5013,0.480001,1678078800000000000,7
RNWZ,0,23.7843,23.7843,23.7843,23.7843,1678078800000000000,0
RNXT,60283,5.31,5.25,5.39,5.01,1678078800000000000,420
ROAD,183026,28.08,27.97,28.1,27.49,1678078800000000000,4243
ROAM,162,20.5499,20.505,20.5499,20.505,1678078800000000000,4
ROBO,248608,54.12,53.69,54.2991,53.6517,1678078800000000000,1975
ROBT,39856,42.76,42.32,42.93,42.29,1678078800000000000,463
ROC,210131,10.38,10.38,10.385,10.38,1678078800000000000,71
ROCC,756438,44.03,43.33,44.18,43.03,1678078800000000000,13301
ROCI,4,22.8639,22.8639,22.8639,22.8639,1678078800000000000,1
ROCK,300712,54.23,52.32,54.23,50.83,1678078800000000000,6517
ROCLW,7023,0.0795,0.0623,0.0795,0.0585,1678078800000000000,32
RODE,1,25.246,25.246,25.246,25.246,1678078800000000000,1
RODM,74217,26.26,26.29,26.37,26.25,1678078800000000000,273
ROG,374840,157.65,155.07,159.19,154.99,1678078800000000000,9182
ROIC,795482,14.36,14.16,14.52,14.075,1678078800000000000,9567
ROIV,845244,8,7.87,8.06,7.8,1678078800000000000,9292
ROIVW,10007,1.73,1.63,1.73,1.6,1678078800000000000,33
ROK,621612,303.46,305.56,307.279,303.24,1678078800000000000,16899
ROKT,3355,42.58,42.3,42.63,42.24,1678078800000000000,38
ROKU,7140825,66.31,63.64,67.8899,63.55,1678078800000000000,62187
ROL,1336000,35.29,35.32,35.5,35.09,1678078800000000000,17880
ROM,98779,29.82,29.67,30.47,29.64,1678078800000000000,503
ROMO,485,25.045,24.9888,25.045,24.9888,1678078800000000000,9
RONI,95792,10.37,10.295,10.37,10.27,1678078800000000000,127
RONI.U,400,10.62,10.62,10.62,10.62,1678078800000000000,1
RONI.WS,2832,1.45,1.45,1.45,1.36,1678078800000000000,25
ROOF,2074,19.75,19.64,19.75,19.62,1678078800000000000,33
ROOT,112990,4.96,4.73,5.11,4.7,1678078800000000000,1333
ROP,314999,430.48,428.94,433.8,428.77,1678078800000000000,12689
RORO,1580,15.2793,15.1143,15.2793,15.1143,1678078800000000000,11
ROSC,1438,38.835,37.9581,38.835,37.9581,1678078800000000000,18
ROSS,6458,10.21,10.21,10.22,10.21,1678078800000000000,26
ROSS.U,61188,10.08,10.1971,10.248,9.9275,1678078800000000000,294
ROSS.WS,6414,0.26,0.26,0.26,0.26,1678078800000000000,8
ROST,2354041,112.12,112.4,113.57,111.74,1678078800000000000,47388
ROUS,36840,39.98,39.92,40.1401,39.8471,1678078800000000000,102
ROVR,320507,4.22,4.21,4.245,4.12,1678078800000000000,3209
RPAR,61356,19.35,19.18,19.42,19.16,1678078800000000000,282
RPAY,694577,8.18,8,8.39,7.98,1678078800000000000,7489
RPD,408303,50.53,50.05,50.7099,49.65,1678078800000000000,9625
RPG,50905,156.77,156.49,157.26,156.27,1678078800000000000,660
RPHM,56105,4.2,4.3,4.375,4.11,1678078800000000000,551
RPHS,114067,8.36,8.45,8.48,8.36,1678078800000000000,445
RPID,56549,1.24,1.28,1.28,1.19,1678078800000000000,335
RPM,606173,91.14,89.34,91.39,89.33,1678078800000000000,12115
RPRX,1128987,35.6,35.15,35.75,34.98,1678078800000000000,15102
RPT,311465,10.75,10.58,10.8,10.54,1678078800000000000,4223
RPTpD,2743,50.25,50.38,50.93,50.25,1678078800000000000,16
RPTX,113164,10.61,10.28,10.76,10.1801,1678078800000000000,2556
RPV,719234,83.04,81.95,83.27,81.87,1678078800000000000,5001
RQI,286407,12.65,12.75,12.81,12.65,1678078800000000000,1248
RRAC.WS,3800,0.1792,0.1946,0.1946,0.176,1678078800000000000,20
RRBI,21354,50.24,50.23,50.48,49.77,1678078800000000000,433
RRC,5053837,26.98,27.15,27.29,26.405,1678078800000000000,42833
RRGB,533323,11.5,11.5,11.85,11.31,1678078800000000000,5929
RRH,109931,28.41,28.86,28.9,28.2954,1678078800000000000,291
RRR,471008,44.4,43.68,44.46,43.67,1678078800000000000,8687
RRX,290741,162.07,159.03,162.89,158.47,1678078800000000000,8243
RS,712092,260.47,257.83,263,256.215,1678078800000000000,17435
RSBT,16383,20.15,20.15,20.215,20.05,1678078800000000000,81
RSEE,300,25.16,24.9778,25.16,24.9778,1678078800000000000,10
RSF,6122,15.68,15.69,15.755,15.68,1678078800000000000,57
RSG,910236,129,129.43,130.045,128.41,1678078800000000000,19123
RSI,433827,3.76,3.82,3.85,3.73,1678078800000000000,2873
RSKD,236252,5.58,5.67,5.76,5.55,1678078800000000000,2582
RSLS,114923,4.47,4.01,4.47,3.98,1678078800000000000,1295
RSP,2626445,149.725,148.83,150.21,148.6042,1678078800000000000,35374
RSPE,517,22.85,22.7773,22.85,22.7773,1678078800000000000,5
RSPY,205,22.53,22.542,22.542,22.53,1678078800000000000,2
RSSS,23913,2.1399,2.16,2.16,2.0801,1678078800000000000,178
RSVR,28518,6.54,6.59,6.62,6.2999,1678078800000000000,402
RSVRW,100,1.54,1.54,1.54,1.54,1678078800000000000,1
RTAI,41,19.975,19.975,19.975,19.975,1678078800000000000,5
RTC,24906,9.45,9.11,9.5,9,1678078800000000000,526
RTH,1815,160.49,159.68,161.26,159.68,1678078800000000000,102
RTL,504251,7.14,7.13,7.17,7.075,1678078800000000000,4155
RTLPO,11709,22.25,21.95,22.25,21.6,1678078800000000000,80
RTLPP,12593,21.86,22.1,22.23,21.86,1678078800000000000,94
RTM,17005,173.36,170.07,173.36,170.07,1678078800000000000,111
RTO,292843,30.56,30.78,30.87,30.51,1678078800000000000,3583
RTX,5042251,99.02,99.51,100.09,98.84,1678078800000000000,48882
RTYD,1093,20.515,20.148,20.515,20.1299,1678078800000000000,14
RUBY,18983881,0.1,0.083,0.1031,0.083,1678078800000000000,16633
RUFF,3187,18.06,18.0304,18.1699,18.0304,1678078800000000000,13
RULE,7517,19.47,19.455,19.48,19.44,1678078800000000000,32
RUM,2471334,8.66,9.34,10.04,8.625,1678078800000000000,23415
RUMBW,95779,1.73,2.06,2.38,1.73,1678078800000000000,593
RUN,6182365,25.2,25.03,25.8,24.91,1678078800000000000,55685
RUSHA,120771,57.8,56.63,57.965,56.35,1678078800000000000,3157
RUSHB,9768,60.34,59.62,60.34,59.23,1678078800000000000,364
RUTH,810866,18.68,17.9,18.84,17.79,1678078800000000000,13411
RVLP,10771,1.13,1.14,1.17,1.13,1678078800000000000,97
RVLV,1013045,28.25,27.35,28.72,27.325,1678078800000000000,14342
RVMD,2468219,25.56,24.94,25.8,24.69,1678078800000000000,31166
RVNC,719163,32.92,32.99,33.42,32.27,1678078800000000000,12297
RVNU,16488,24.15,24.1081,24.1515,24.07,1678078800000000000,95
RVP,19262,1.95,1.99,2.01,1.95,1678078800000000000,132
RVPH,82664,4.5,4.34,4.57,4.3083,1678078800000000000,745
RVPHW,4202,1.02,1.03,1.04,0.981,1678078800000000000,23
RVRB,25,20.9804,20.9804,20.9804,20.9804,1678078800000000000,1
RVSB,12230,6.9,6.9,7.09,6.88,1678078800000000000,227
RVSN,68591,1.75,1.815,1.87,1.738,1678078800000000000,254
RVT,181130,14.59,14.35,14.65,14.29,1678078800000000000,1096
RVYL,357125,0.48,0.555,0.5589,0.48,1678078800000000000,782
RWAY,181404,13.27,13.3,13.58,13.25,1678078800000000000,1884
RWAYL,2130,25.075,25.1899,25.19,25.075,1678078800000000000,15
RWAYZ,23713,25.16,24.98,25.23,24.96,1678078800000000000,164
RWJ,89354,123.24,119.58,123.24,119,1678078800000000000,743
RWK,14721,96.59,94.9,96.59,94.7087,1678078800000000000,199
RWL,61693,77.1,76.83,77.2912,76.7954,1678078800000000000,543
RWLK,2788975,0.7901,0.8162,0.89,0.78,1678078800000000000,3874
RWM,3215669,22.55,22.89,22.986,22.55,1678078800000000000,3674
RWO,57943,43.06,43,43.27,42.94,1678078800000000000,778
RWOD,595,10.25,10.25,10.25,10.25,1678078800000000000,14
RWODR,1293,0.17,0.0967,0.17,0.0645,1678078800000000000,13
RWODW,16960,0.027,0.027,0.027,0.027,1678078800000000000,6
RWR,136338,93.52,93.09,93.75,92.92,1678078800000000000,1783
RWT,1079801,7.66,7.66,7.77,7.61,1678078800000000000,8667
RWTpA,6715,25.18,25.158,25.2118,25.1,1678078800000000000,30
RWX,42019,27.24,27.12,27.2999,27.1038,1678078800000000000,511
RXD,3892,13.04,13.1468,13.1468,13.04,1678078800000000000,36
RXDX,564901,126.1,122.55,126.6,117.6915,1678078800000000000,12996
RXI,5488,141.71,141.193,142.29,141.14,1678078800000000000,111
RXL,30594,85.825,85.3756,85.98,85.2,1678078800000000000,84
RXO,893899,20.89,20.59,21.21,20.49,1678078800000000000,12957
RXRX,863058,8.5,8.21,8.585,8.09,1678078800000000000,9311
RXST,292910,13.96,15.69,15.69,13.75,1678078800000000000,3066
RXT,997086,2.45,2.39,2.56,2.375,1678078800000000000,8189
RY,458797,100.48,100.76,101.24,100.24,1678078800000000000,7038
RYpT,167,25.83,25.83,25.83,25.83,1678078800000000000,7
RYAAY,138077,97.16,97.26,98.24,97.01,1678078800000000000,3777
RYAM,1229444,8.3,7.61,8.33,7.469,1678078800000000000,10982
RYAN,1000686,40.83,40.73,40.91,40.48,1678078800000000000,11350
RYE,51698,72.83,72.85,72.96,72.32,1678078800000000000,518
RYF,15919,59.74,59.5,60.05,59.45,1678078800000000000,164
RYH,6307,292.58,290.72,293.1602,290.64,1678078800000000000,206
RYI,299231,40.8,39.7,40.81,39.32,1678078800000000000,5897
RYJ,619,58.96,58.8762,58.98,58.875,1678078800000000000,10
RYLD,2704792,19.39,19.24,19.39,19.17,1678078800000000000,4668
RYLG,44,26.0751,26.0751,26.0751,26.0751,1678078800000000000,15
RYN,372573,33.81,33.02,33.81,32.95,1678078800000000000,7751
RYSE,176,27.975,27.975,27.975,27.975,1678078800000000000,3
RYT,33753,268.48,267.56,271.198,267.32,1678078800000000000,638
RYTM,942534,21.76,21.92,22.08,20.88,1678078800000000000,15590
RYU,18239,111.34,111.61,112.12,111.11,1678078800000000000,322
RZB,20206,25.73,25.56,25.75,25.56,1678078800000000000,352
RZC,33070,26.59,26.56,26.65,26.46,1678078800000000000,501
RZG,1307,124.22,122.3443,124.22,122.2699,1678078800000000000,33
RZLT,18882,2.4739,2.47,2.48,2.25,1678078800000000000,163
RZV,113296,101.61,97.9341,101.61,97.64,1678078800000000000,604
S,5151487,16.44,16.15,16.62,15.86,1678078800000000000,41306
SA,200433,11.38,11.23,11.38,11.14,1678078800000000000,2159
SAA,6978,24.8,23.59,24.8,23.522,1678078800000000000,113
SABR,4583739,5.31,5.18,5.3899,5.125,1678078800000000000,25725
SABRP,1399,75.3,75.39,75.39,75.3,1678078800000000000,71
SABS,35045,0.64,0.6201,0.6559,0.6,1678078800000000000,260
SABSW,4200,0.05,0.0643,0.0643,0.05,1678078800000000000,5
SACC,4376,23.8503,23.99,24.05,23.85,1678078800000000000,24
SACH,193183,3.8,3.81,3.83,3.7897,1678078800000000000,961
SACHpA,7871,22.3441,21.93,22.35,21.9,1678078800000000000,127
SAEF,2441,22.32,22.0198,22.32,22.0198,1678078800000000000,23
SAFE,188491,30.14,28.91,30.17,28.74,1678078800000000000,4434
SAFT,92887,79.35,78.58,79.35,77.44,1678078800000000000,3078
SAGAR,10600,0.093,0.0875,0.1,0.0875,1678078800000000000,11
SAGE,362143,41.82,42.09,42.905,41.29,1678078800000000000,7050
SAGP,4042,24.49,24.295,24.49,24.2917,1678078800000000000,18
SAH,417797,59.33,58.84,59.775,58.76,1678078800000000000,12486
SAI,913,1.22,1.255,1.255,1.22,1678078800000000000,37
SAIA,330042,293.25,292.81,298.35,291.3,1678078800000000000,11438
SAIC,343203,108.75,108,109.25,107.735,1678078800000000000,7214
SAITW,16842,0.0979,0.0689,0.1275,0.0573,1678078800000000000,127
SAJ,4165,25.25,25.2813,25.3193,25.25,1678078800000000000,25
SAL,5969,29.112,28.19,29.205,27.94,1678078800000000000,186
SALM,23326,1.37,1.4,1.42,1.3534,1678078800000000000,146
SAM,94972,317.44,319.02,320.49,316.7964,1678078800000000000,4511
SAMA,22014,10.25,10.23,10.25,10.23,1678078800000000000,40
SAMAU,101,10.29,10.29,10.29,10.29,1678078800000000000,2
SAMAW,8588,0.2452,0.1364,0.2452,0.1007,1678078800000000000,93
SAMG,34561,17.38,17.17,17.38,16.71,1678078800000000000,732
SAMT,6376,22.79,22.7736,22.82,22.71,1678078800000000000,46
SAN,7642181,4.04,4.06,4.09,4.04,1678078800000000000,11992
SANA,1007101,3.91,3.54,3.975,3.505,1678078800000000000,7296
SAND,1550913,5.24,5.14,5.26,5.13,1678078800000000000,6492
SANE,25,24.0477,24.0477,24.0477,24.0477,1678078800000000000,5
SANG,9221,4.52,4.11,4.52,4.1,1678078800000000000,103
SANM,420618,60.25,60.41,60.55,59.92,1678078800000000000,9428
SANW,15893,1.83,1.825,1.84,1.82,1678078800000000000,121
SAP,953744,119.5,119.73,120.21,119.04,1678078800000000000,17457
SAR,95732,28,27.71,28,27.5501,1678078800000000000,961
SARK,2170728,40.22,41.33,41.34,39.9729,1678078800000000000,12897
SASI,56902,0.6405,0.5339,0.6405,0.49,1678078800000000000,248
SASR,229420,32.66,32.22,32.66,31.945,1678078800000000000,5928
SAT,1681,23.67,23.68,23.7716,23.66,1678078800000000000,19
SATL,67106,2.8916,2.76,2.8999,2.76,1678078800000000000,561
SATLW,6270,0.284507,0.25,0.284507,0.2357,1678078800000000000,20
SATO,1943,5.61,5.5505,5.72,5.5505,1678078800000000000,18
SATS,260358,20.08,20.01,20.08,19.77,1678078800000000000,4388
SATX,370676,1.29,1.29,1.35,1.26,1678078800000000000,2114
SAVA,674642,27.04,26.29,27.04,25.86,1678078800000000000,10204
SAVE,13754115,18,16.36,18.45,16.17,1678078800000000000,79611
SAVN,1091,8.83,8.785,8.83,8.785,1678078800000000000,10
SAY,13257,25.41,25.25,25.41,25.22,1678078800000000000,107
SB,1018113,3.73,3.66,3.738,3.64,1678078800000000000,4318
SBpD,5505,25.02,25.005,25.0483,25,1678078800000000000,38
SBAC,861725,262,256.17,262.15,254.22,1678078800000000000,27386
SBB,58828,16.92,17.34,17.42,16.92,1678078800000000000,81
SBBA,1542,25.02,25.3177,25.3177,25.02,1678078800000000000,23
SBCF,782376,29.92,29.5,30.155,29.28,1678078800000000000,12065
SBET,169728,0.4499,0.47,0.4755,0.4451,1678078800000000000,361
SBEV,67707,1.36,1.42,1.45,1.34,1678078800000000000,425
SBEV.WS,52699,0.2537,0.235,0.26,0.1938,1678078800000000000,121
SBFG,5386,16.61,16.55,16.69,16.55,1678078800000000000,246
SBFM,65800,0.92,0.9055,0.9276,0.88,1678078800000000000,171
SBFMW,1124,0.5501,0.55,0.5501,0.55,1678078800000000000,9
SBGI,887762,15.87,15.59,16.09,15.47,1678078800000000000,10661
SBH,1717575,16.04,15.21,16.15,15.1,1678078800000000000,18430
SBI,60291,7.81,7.77,7.86,7.77,1678078800000000000,96
SBIG,115040,0.75,0.88,0.88,0.75,1678078800000000000,367
SBIGW,1700,0.09,0.044949,0.09,0.044949,1678078800000000000,3
SBIO,16266,30.62,29.79,30.62,29.7079,1678078800000000000,87
SBLK,1203247,23.68,22.92,23.68,22.76,1678078800000000000,13757
SBND,3,17.91,17.91,17.91,17.91,1678078800000000000,1
SBNY,1578996,111.65,110.89,114.525,110.6814,1678078800000000000,31251
SBNYP,76387,17.7,17.53,17.87,17.43,1678078800000000000,666
SBOW,504207,29.02,27.3,29.02,26.97,1678078800000000000,7520
SBR,96939,75.08,76.94,77.3171,74.3,1678078800000000000,1553
SBRA,1180152,12.04,11.94,12.065,11.915,1678078800000000000,10733
SBS,1229320,9.75,10,10.06,9.68,1678078800000000000,9068
SBSI,146122,38.09,37.4,38.16,37.05,1678078800000000000,4111
SBSW,5714919,8.25,8.13,8.2575,8.04,1678078800000000000,25706
SBT,56778,6.2,6.22,6.24,6.17,1678078800000000000,394
SBUX,5224494,104.45,104.99,105.94,104.44,1678078800000000000,70086
SBXC.U,1263,10.1,10.1,10.1,10.1,1678078800000000000,6
SCAQ,52984,10.13,10.145,10.15,10.13,1678078800000000000,152
SCAQU,400,10.18,10.18,10.18,10.18,1678078800000000000,2
SCAQW,12705,0.1698,0.0888,0.1698,0.0871,1678078800000000000,92
SCC,4145,23.71,24.4311,24.4311,23.71,1678078800000000000,56
SCCB,608,24.6999,24.69,24.7,24.69,1678078800000000000,10
SCCC,2763,24,24.07,24.07,23.8,1678078800000000000,65
SCCD,2052,21.25,21.31,21.32,21.2,1678078800000000000,73
SCCE,9069,20.96,20.9487,21,20.9487,1678078800000000000,91
SCCF,1600,21.73,21.8,21.85,21.73,1678078800000000000,37
SCCG,7605,22.35,22.37,22.4567,22.2001,1678078800000000000,50
SCCO,1174215,77.58,76.77,77.96,76.375,1678078800000000000,21462
SCD,30980,12.59,12.56,12.685,12.52,1678078800000000000,204
SCDL,40,33.117,33.117,33.117,33.117,1678078800000000000,1
SCEpG,7111,20.825,20.79,20.846,20.6,1678078800000000000,79
SCEpH,57474,23.38,23.245,23.43,23.15,1678078800000000000,453
SCEpJ,36704,20.5,20.74,20.98,20.345,1678078800000000000,426
SCEpK,30562,23.16,23.38,23.49,22.92,1678078800000000000,378
SCEpL,48053,20.1559,20.42,20.46,20.1559,1678078800000000000,400
SCHA,617586,44.8,44.08,44.8,43.9384,1678078800000000000,5048
SCHB,569843,47.78,47.66,48.04,47.59,1678078800000000000,4815
SCHC,261762,34.04,33.91,34.0699,33.86,1678078800000000000,1109
SCHD,2439017,75.57,75.54,75.87,75.404,1678078800000000000,36264
SCHE,900288,24.66,24.6,24.78,24.59,1678078800000000000,3034
SCHF,2206354,34.59,34.59,34.7199,34.5301,1678078800000000000,12228
SCHG,799984,62.06,61.94,62.69,61.9,1678078800000000000,5473
SCHH,1399028,20.33,20.18,20.355,20.13,1678078800000000000,5907
SCHI,24810,43.41,43.26,43.41,43.2341,1678078800000000000,141
SCHJ,54384,46.95,46.83,46.95,46.83,1678078800000000000,202
SCHK,75330,39.3,39.24,39.53,39.2,1678078800000000000,685
SCHL,175883,46.77,44.2,46.86,44.15,1678078800000000000,4899
SCHM,223735,71.58,70.78,71.7462,70.6316,1678078800000000000,2842
SCHN,239887,35.63,34.14,35.63,33.77,1678078800000000000,6321
SCHO,1315399,47.98,47.93,47.98,47.92,1678078800000000000,3540
SCHP,988539,52.5,52.25,52.52,52.25,1678078800000000000,4974
SCHQ,34620,35.94,35.61,35.96,35.58,1678078800000000000,239
SCHR,11456651,48.84,48.72,48.85,48.69,1678078800000000000,2788
SCHV,218267,67.52,67.42,67.74,67.29,1678078800000000000,2167
SCHW,6927693,76.64,76.6,77.32,75.94,1678078800000000000,73667
SCHWpD,26032,24.9442,24.8375,24.98,24.83,1678078800000000000,361
SCHWpJ,33831,20.8,20.8,20.92,20.6644,1678078800000000000,400
SCHX,1107234,48.01,47.92,48.29,47.86,1678078800000000000,5635
SCHY,126041,23.29,23.27,23.345,23.244,1678078800000000000,772
SCHZ,355288,45.75,45.57,45.79,45.56,1678078800000000000,2061
SCI,721556,67.56,67.18,67.62,67.04,1678078800000000000,12491
SCJ,1263,66.63,66.6187,66.75,66.6187,1678078800000000000,12
SCKT,14245,2.1,2.08,2.1323,2.08,1678078800000000000,136
SCL,119674,106.01,102.07,106.08,101.07,1678078800000000000,4379
SCLX,358243,9.49,9.18,9.51,8.5,1678078800000000000,3261
SCLXW,28840,1.27,1.265,1.34,1.25,1678078800000000000,75
SCM,146106,15.3,15.24,15.53,15.15,1678078800000000000,1971
SCMB,30131,51.05,51.065,51.13,51.05,1678078800000000000,156
SCO,1738981,23.74,23.04,23.9,23.01,1678078800000000000,7750
SCOR,182116,1.25,1.22,1.27,1.22,1678078800000000000,1003
SCPH,263590,7.77,7.57,8.15,7.48,1678078800000000000,3372
SCPL,344069,17.28,16.99,18.17,16.75,1678078800000000000,4733
SCRD,503,40.48,40.4219,40.48,40.4219,1678078800000000000,1
SCS,556748,8.3,7.79,8.31,7.71,1678078800000000000,5069
SCSC,194249,31.59,30.71,31.6413,30.44,1678078800000000000,3862
SCTL,38555,1.23,1.25,1.255,1.2065,1678078800000000000,363
SCU,213418,9.88,9.88,9.97,9.8,1678078800000000000,1525
SCUA,7695,10.4,10.45,10.49,10.4,1678078800000000000,35
SCVL,442032,26.41,25.05,26.68,24.74,1678078800000000000,9698
SCWO,64866,3.4,3.15,3.4399,3.15,1678078800000000000,528
SCWX,70303,7.8,7.8,7.83,7.58,1678078800000000000,2164
SCX,77943,11.53,11.66,12.26,11.521,1678078800000000000,575
SCYX,51997,1.78,1.69,1.79,1.66,1678078800000000000,340
SCZ,1003683,60.16,60.08,60.32,59.96,1678078800000000000,6514
SD,601954,15.43,15.2,15.46,15.155,1678078800000000000,7282
SDAC,206,10.1,10.1,10.1,10.1,1678078800000000000,5
SDACU,1504,10.17,10.17,10.2,10.17,1678078800000000000,11
SDACW,952,0.085,0.0932,0.0932,0.0801,1678078800000000000,9
SDC,1991140,0.5035,0.54,0.54,0.496,1678078800000000000,6366
SDCI,16767,17.43,17.5953,17.64,17.43,1678078800000000000,73
SDD,5751,21.42,22.3019,22.4,21.4198,1678078800000000000,44
SDEF,593,17.755,17.81,17.81,17.755,1678078800000000000,2
SDEI,3397,26.24,26.2422,26.5,26.24,1678078800000000000,41
SDEM,23359,24.73,24.6121,24.73,24.59,1678078800000000000,202
SDG,55114,78.98,78.94,79.19,78.76,1678078800000000000,411
SDGR,492950,26.43,25.12,26.51,25.03,1678078800000000000,9004
SDHY,49690,15.56,15.53,15.6785,15.44,1678078800000000000,178
SDIG,1077268,0.565,0.528,0.565,0.5163,1678078800000000000,2893
SDIV,209074,24.58,24.48,24.58,24.4,1678078800000000000,3518
SDOG,34977,53.1,52.56,53.1792,52.4699,1678078800000000000,286
SDOW,7117420,26.24,26.24,26.35,25.89,1678078800000000000,31371
SDP,106847,12.5,12.102,12.5,12.02,1678078800000000000,109
SDPI,68079,1.05,1.11,1.12,1.03,1678078800000000000,251
SDRL,265919,43.66,43.85,44.18,42.21,1678078800000000000,3038
SDS,4564801,41.29,41.4,41.5,40.8,1678078800000000000,16810
SDSI,1438,50.8596,50.81,50.8596,50.81,1678078800000000000,5
SDVY,491344,28.97,28.5031,28.97,28.42,1678078800000000000,550
SDY,327292,127.35,126.55,127.63,126.21,1678078800000000000,5257
SE,7980843,66.34,65.71,67.56,64.7,1678078800000000000,88663
SEA,12320,15.37,15.16,15.37,15.16,1678078800000000000,101
SEAC,38000,0.41,0.4297,0.435,0.41,1678078800000000000,200
SEALpA,4657,24.325,24.49,24.49,24.325,1678078800000000000,62
SEALpB,2377,24.0554,24.15,24.15,24.0554,1678078800000000000,39
SEAS,1025982,67.2,66.4,68.195,66.38,1678078800000000000,16120
SEAT,940132,7.22,6.68,7.73,6.47,1678078800000000000,13238
SEB,1347,3878.46,3775.88,3900.15,3775.88,1678078800000000000,732
SECD,0,19.945,19.945,19.945,19.945,1678078800000000000,0
SECO,8465200,1.11,1.14,1.28,1.05,1678078800000000000,33874
SECT,58501,41.2701,41.23,41.5,41.18,1678078800000000000,115
SEDA.U,100,10.29,10.29,10.29,10.29,1678078800000000000,1
SEDG,895828,327.17,332.48,339.5,325.34,1678078800000000000,22174
SEE,1129122,49.06,48.17,49.14,47.91,1678078800000000000,16564
SEED,9399,7.2,7.12,7.26,7.1,1678078800000000000,94
SEEL,1129964,0.7,0.666,0.71,0.655,1678078800000000000,3479
SEER,783759,5.42,4.99,5.48,4.87,1678078800000000000,7946
SEF,48448,12.34,12.35,12.37,12.29,1678078800000000000,97
SEIC,409604,60.37,60.27,60.87,60.05,1678078800000000000,8230
SEIM,5478,25.3,25.2302,25.35,25.2302,1678078800000000000,9
SEIQ,2545,26.27,26.2357,26.37,26.23,1678078800000000000,7
SEIV,5349,24.82,24.6091,24.82,24.6091,1678078800000000000,9
SEIX,31315,23.72,23.64,23.81,23.64,1678078800000000000,144
SELB,740706,1.55,1.51,1.55,1.46,1678078800000000000,5882
SELF,40931,5.6,5.51,5.6699,5.51,1678078800000000000,304
SELV,134,24.66,24.685,24.685,24.66,1678078800000000000,3
SEM,638797,27.29,26.6,27.29,26.22,1678078800000000000,11174
SEMI,676,18.2522,17.9305,18.2522,17.9305,1678078800000000000,9
SEMR,215223,8.39,8.19,8.39,8.09,1678078800000000000,3699
SENEA,86189,54.4,54.38,55.66,54.03,1678078800000000000,2297
SENS,1337169,1.03,1.02,1.04,1,1678078800000000000,4300
SENT,6420,24.07,23.89,24.07,23.86,1678078800000000000,17
SEPAW,9988,0.083,0.079,0.1428,0.079,1678078800000000000,115
SEPZ,0,30.5142,30.5142,30.5142,30.5142,1678078800000000000,0
SERA,76153,3.67,3.8,3.8,3.63,1678078800000000000,462
SES,391203,3.15,3,3.21,2.97,1678078800000000000,3554
SES.WS,22400,0.42,0.3709,0.4402,0.3701,1678078800000000000,221
SESG,20,36.8501,36.8501,36.8501,36.8501,1678078800000000000,3
SESN,5768339,0.5399,0.5861,0.5933,0.53,1678078800000000000,8752
SETM,6698,18.74,18.36,18.74,18.3092,1678078800000000000,66
SEV,1434185,0.79,0.825,0.841,0.7501,1678078800000000000,6036
SEVN,19852,11.09,11.03,11.09,10.93,1678078800000000000,127
SF,1035833,67.32,66.41,67.5,66.07,1678078800000000000,11365
SFpB,2943,24.82,24.95,25,24.795,1678078800000000000,48
SFpC,22730,24.94,24.67,24.96,24.62,1678078800000000000,248
SFpD,15291,18.6,18.41,18.6,18.41,1678078800000000000,109
SFB,11810,22.84,22.58,23.02,22.3792,1678078800000000000,196
SFBS,191955,71.28,71.22,72.17,70.735,1678078800000000000,5197
SFE,2769,3.01,3.025,3.04,3.01,1678078800000000000,52
SFIG,2046,46.651,46.61,46.651,46.61,1678078800000000000,11
SFIX,2975247,5.13,4.77,5.13,4.7,1678078800000000000,30553
SFL,528387,10.35,10.34,10.4,10.3,1678078800000000000,4627
SFLR,4173,23.91,23.8525,23.92,23.85,1678078800000000000,20
SFM,2553814,33.89,33.24,33.995,32.76,1678078800000000000,32270
SFNC,494494,21.87,21.51,21.97,21.33,1678078800000000000,8553
SFR,9700059,1.21,3.06,3.85,1.19,1678078800000000000,31534
SFRWW,111319,0.06025,0.1,0.1041,0.0503,1678078800000000000,406
SFST,50570,40.08,39.44,40.08,39.25,1678078800000000000,729
SFT,1189850,0.202,0.21,0.2137,0.202,1678078800000000000,2175
SFY,71930,14.27,14.24,14.34,14.2231,1678078800000000000,439
SFYF,569,22.97,22.8458,22.97,22.8412,1678078800000000000,39
SFYX,14495,12.16,12.0151,12.16,12.0151,1678078800000000000,157
SG,1213752,8.69,8.59,8.93,8.45,1678078800000000000,13025
SGA,9141,23.94,23.76,24.05,23.76,1678078800000000000,141
SGBX,34257,1.08,1.01,1.08,1.01,1678078800000000000,221
SGC,96665,12.46,11.91,12.46,11.67,1678078800000000000,1056
SGDJ,30978,29.26,28.76,29.26,28.65,1678078800000000000,362
SGDM,18122,25.08,24.84,25.11,24.7033,1678078800000000000,211
SGEN,1118494,180.05,177.35,180.06,176.22,1678078800000000000,22514
SGFY,1286896,28.53,28.47,28.64,28.43,1678078800000000000,10700
SGG,2523,70.29,71.165,71.165,70.29,1678078800000000000,40
SGH,259683,17.05,16.47,17.08,16.35,1678078800000000000,5044
SGHC,158439,3.9,3.96,4.045,3.8869,1678078800000000000,1451
SGHL,8716,10.33,10.34,10.34,10.33,1678078800000000000,11
SGHLU,5317,10.37,10.37,10.37,10.36,1678078800000000000,9
SGHLW,12459,0.0998,0.0676,0.0998,0.0355,1678078800000000000,161
SGHT,165430,10.76,10.63,10.85,10.55,1678078800000000000,2733
SGIIW,500,0.06,0.06,0.06,0.06,1678078800000000000,1
SGLY,12473,0.58,0.59,0.62,0.58,1678078800000000000,68
SGMA,66109,4,3.77,4,3.75,1678078800000000000,301
SGML,667266,37.93,36.66,37.93,35.86,1678078800000000000,9111
SGMO,2926496,2.85,2.55,2.85,2.53,1678078800000000000,12552
SGOL,1981952,17.74,17.69,17.756,17.67,1678078800000000000,1701
SGOV,1515835,100.23,100.21,100.23,100.21,1678078800000000000,4159
SGRP,19356,1.28,1.3,1.3,1.2307,1678078800000000000,126
SGRY,578422,34.07,33.27,34.165,33.11,1678078800000000000,11693
SGTX,177365,1.25,1.265,1.35,1.21,1678078800000000000,757
SGU,28795,12.66,12.61,12.6784,12.525,1678078800000000000,456
SH,37987602,15.26,15.28,15.31,15.17,1678078800000000000,17928
SHAG,18151,46.47,46.42,46.47,46.4067,1678078800000000000,80
SHAK,820200,58.5,57.84,58.67,57.03,1678078800000000000,14927
SHAP.U,100,10.36,10.36,10.36,10.36,1678078800000000000,1
SHBI,46156,17,17,17.04,16.91,1678078800000000000,1314
SHC,1014282,17.91,17.59,18.08,17.47,1678078800000000000,14297
SHCR,664911,2.44,2.52,2.53,2.4,1678078800000000000,4854
SHCRW,3601,0.3,0.27,0.3,0.265201,1678078800000000000,22
SHDG,0,22.0001,22.0001,22.0001,22.0001,1678078800000000000,0
SHE,4891,82.81,82.5625,83.0015,82.5606,1678078800000000000,178
SHEL,3230127,62.31,62.57,62.73,62.16,1678078800000000000,31185
SHEN,223393,19.48,17.81,19.53,17.72,1678078800000000000,4516
SHFS,117722,0.7089,0.71,0.74,0.6611,1678078800000000000,363
SHG,115188,28.53,28.57,28.64,28.45,1678078800000000000,1878
SHIP,236511,6.835,6.62,6.9,6.605,1678078800000000000,1875
SHLS,2484096,26.21,26.58,26.83,25.67,1678078800000000000,33471
SHM,424689,46.67,46.68,46.6999,46.6418,1678078800000000000,1174
SHNY,7,25.2483,25.2483,25.2483,25.2483,1678078800000000000,3
SHO,1553192,10.71,10.52,10.74,10.47,1678078800000000000,12673
SHOpH,2821,21.4,21.5,21.57,21.4,1678078800000000000,25
SHOpI,2985,20.4539,20.15,20.49,20.1,1678078800000000000,30
SHOC,11131,29.17,28.6897,29.35,28.67,1678078800000000000,142
SHOO,903895,36.93,35.38,36.93,35.265,1678078800000000000,15336
SHOP,14837554,43.71,43.48,44.055,43.17,1678078800000000000,93582
SHPH,165218,1.82,1.65,1.82,1.64,1678078800000000000,654
SHPP,2,25.3483,25.3483,25.3483,25.3483,1678078800000000000,1
SHPW,240213,0.4999,0.4681,0.506,0.45,1678078800000000000,557
SHPW.WS,76850,0.026101,0.0236,0.026899,0.0233,1678078800000000000,62
SHUAW,432,0.12,0.12,0.12,0.12,1678078800000000000,1
SHUS,100,39.48,39.2625,39.48,39.2625,1678078800000000000,1
SHV,1892261,110.03,110.03,110.03,110.02,1678078800000000000,21734
SHW,1855857,228.98,224.47,230.55,224.47,1678078800000000000,31114
SHY,3862477,80.795,80.72,80.8,80.71,1678078800000000000,10423
SHYD,70727,22.17,22.26,22.2799,22.16,1678078800000000000,257
SHYF,338732,27.11,26.88,27.36,26.7,1678078800000000000,7269
SHYG,941351,41.46,41.39,41.51,41.37,1678078800000000000,4063
SHYL,2251,43.4,43.308,43.4299,43.2999,1678078800000000000,29
SI,24013091,5.35,5.41,6.35,5.11,1678078800000000000,103509
SIpA,313581,4.56,3.9501,5.01,3.63,1678078800000000000,1876
SIBN,285506,20.3,20.48,20.5,19.9,1678078800000000000,3838
SID,3170399,3.44,3.45,3.465,3.355,1678078800000000000,6293
SIDU,7090955,0.8545,0.76,0.8999,0.68,1678078800000000000,10348
SIEB,13261,2.0058,1.97,2.0201,1.97,1678078800000000000,157
SIEN,35825,1.59,1.59,1.645,1.53,1678078800000000000,411
SIF,12747,2.81,2.81,3.01,2.65,1678078800000000000,110
SIFI,4,42.685,42.685,42.685,42.685,1678078800000000000,2
SIFY,44678,1.52,1.44,1.52,1.43,1678078800000000000,484
SIG,846618,75.15,73.22,75.55,73.12,1678078800000000000,17904
SIGA,1055210,6.4,6.07,6.6085,6.04,1678078800000000000,11597
SIGI,238941,99.82,100.39,100.69,99.28,1678078800000000000,7500
SIGIP,19706,18.2,17.83,18.3025,17.83,1678078800000000000,167
SIHY,13860,44.01,43.9712,44.1094,43.94,1678078800000000000,72
SII,52957,36.58,36.17,36.71,36.1,1678078800000000000,897
SIJ,9053,13.68,13.92,13.93,13.67,1678078800000000000,81
SIL,250814,27.56,27.25,27.65,27.15,1678078800000000000,1815
SILC,13630,38.84,37.82,38.84,37.55,1678078800000000000,434
SILJ,868554,10.13,9.96,10.18,9.93,1678078800000000000,2479
SILK,542801,47.22,47.89,48.44,47.0801,1678078800000000000,10260
SILO,40738,2.31,2.37,2.4799,2.25,1678078800000000000,239
SILV,860938,5.63,5.41,5.63,5.365,1678078800000000000,5456
SILX,130189,2.41,2.28,2.41,2.2304,1678078800000000000,269
SIM,349,35.72,35.72,35.72,35.72,1678078800000000000,75
SIMO,126461,68.03,66.25,68.2785,66.23,1678078800000000000,2565
SIMS,995,36.17,35.7493,36.2004,35.7493,1678078800000000000,27
SINT,413740,2.66,2.61,2.67,2.4,1678078800000000000,2231
SIO,100,24.67,24.695,24.695,24.67,1678078800000000000,1
SIOX,102919,0.4105,0.4115,0.415,0.4103,1678078800000000000,242
SIRE,25222,25.15,25.2,25.22,25.15,1678078800000000000,334
SIRI,17893518,4.22,4.3,4.33,4.2,1678078800000000000,36535
SISI,87503,0.81,0.8001,0.84,0.7,1678078800000000000,241
SITC,1351909,13.29,13.18,13.335,13.07,1678078800000000000,11106
SITCpA,98842,24.21,24.35,24.44,24.21,1678078800000000000,111
SITE,262949,149.15,145.47,150.19,144.24,1678078800000000000,7679
SITM,207682,133.87,129.98,135.73,129.31,1678078800000000000,6509
SIVB,542443,284.83,283.04,286.52,280.64,1678078800000000000,14929
SIVBP,46866,20.28,20.18,20.4932,20.0573,1678078800000000000,323
SIVR,266961,20.3,20.17,20.34,20.139,1678078800000000000,1002
SIX,2391544,30.95,29.8,31.29,29.35,1678078800000000000,25682
SIXA,3197,33.54,33.5378,33.54,33.5378,1678078800000000000,2
SIXH,17,31.9576,31.9576,31.9576,31.9576,1678078800000000000,10
SIXJ,14339,23.4097,23.428,23.44,23.37,1678078800000000000,37
SIXL,2134,32.95,32.8906,33,32.8906,1678078800000000000,10
SIXO,503,25.6772,25.6834,25.6834,25.6772,1678078800000000000,3
SIXS,1471,44.68,44.3782,44.68,44.3782,1678078800000000000,10
SIZE,2878,121.71,120.74,121.72,120.74,1678078800000000000,104
SJ,31291,3.8,3.89,3.92,3.6001,1678078800000000000,160
SJB,288715,18.59,18.64,18.645,18.575,1678078800000000000,822
SJIM,22505,24.94,24.76,24.94,24.75,1678078800000000000,399
SJM,1111101,150.73,150.46,151.27,149.59,1678078800000000000,23966
SJNK,4288056,24.74,24.68,24.74,24.65,1678078800000000000,10593
SJR,587734,28.91,28.8,28.91,28.72,1678078800000000000,3929
SJT,477016,10.8,10.79,10.86,10.55,1678078800000000000,2465
SJW,169664,75.74,76.07,76.4749,75.275,1678078800000000000,4482
SKE,32115,5.48,5.21,5.48,5.19,1678078800000000000,227
SKF,9172,17.39,17.462,17.52,17.2546,1678078800000000000,79
SKIL,348421,1.73,1.77,1.8385,1.72,1678078800000000000,2141
SKIL.WS,5200,0.21,0.21,0.21,0.21,1678078800000000000,28
SKIN,2036327,12.79,12,12.91,11.96,1678078800000000000,19498
SKLZ,5400750,0.6899,0.6103,0.69,0.61,1678078800000000000,15338
SKM,602076,19.85,19.89,20.03,19.73,1678078800000000000,5484
SKOR,9466,46.57,46.48,46.57,46.4612,1678078800000000000,58
SKT,925577,18.9,18.74,19.07,18.46,1678078800000000000,10269
SKWD,152283,20.48,20.11,20.66,20.03,1678078800000000000,3574
SKX,1540894,45.76,45.04,45.85,44.8501,1678078800000000000,16001
SKY,282299,70.05,68.81,70.17,68.28,1678078800000000000,6222
SKYA,17700,10.18,10.19,10.19,10.17,1678078800000000000,34
SKYAU,100,10.13,10.13,10.13,10.13,1678078800000000000,1
SKYH,107254,8.17,8.04,8.89,8,1678078800000000000,721
SKYH.WS,3156,0.57,0.565,0.57,0.4801,1678078800000000000,8
SKYT,335407,12.7,11.96,12.8146,11.88,1678078800000000000,5079
SKYU,2688,13.4,13.04,13.42,13.04,1678078800000000000,35
SKYW,938460,20.98,20.15,21.045,20.11,1678078800000000000,14081
SKYX,138180,3.12,3.12,3.33,3.05,1678078800000000000,1620
SKYY,201065,65.2,64.89,66.12,64.87,1678078800000000000,2292
SLAB,333559,181.53,176.86,184.26,175.685,1678078800000000000,11497
SLAM,113849,10.27,10.27,10.35,10.265,1678078800000000000,153
SLAMU,5220,10.3,10.29,10.4,10.29,1678078800000000000,23
SLAMW,1637,0.13,0.145,0.145,0.13,1678078800000000000,14
SLB,6112660,55.47,55.35,55.73,54.94,1678078800000000000,67786
SLCA,648993,13.85,13.35,13.9,13.17,1678078800000000000,9670
SLDB,38834,5.23,5.19,5.44,5.1,1678078800000000000,668
SLDP,2264303,3.26,3.05,3.28,3,1678078800000000000,11655
SLDPW,19523,0.55,0.5,0.555,0.5,1678078800000000000,117
SLF,519235,49.3,49.41,49.67,49.16,1678078800000000000,4466
SLG,2371074,34.92,34.87,35.8,34.62,1678078800000000000,27979
SLGpI,24910,22.26,22.14,22.66,22.075,1678078800000000000,201
SLGC,901478,2.66,2.59,2.705,2.57,1678078800000000000,5002
SLGCW,359,0.38,0.38,0.38,0.38,1678078800000000000,7
SLGG,131821,0.59,0.56,0.6,0.531,1678078800000000000,478
SLGL,4497,4.21,4.1711,4.285,4.12,1678078800000000000,54
SLGN,581009,54.5,53.3,54.62,53.12,1678078800000000000,10105
SLI,595839,4.39,4.08,4.39,4.08,1678078800000000000,3643
SLM,2473527,14.27,14.12,14.385,14.105,1678078800000000000,20105
SLMBP,12157,65.78,66.37,67.01,65.26,1678078800000000000,147
SLN,80977,11.1,10.64,11.83,10.06,1678078800000000000,983
SLNA,367950,2.14,2,2.25,1.99,1678078800000000000,1248
SLNAW,32894,0.11,0.11,0.112,0.11,1678078800000000000,30
SLND,545220,8.38,9.2,9.59,8.12,1678078800000000000,4015
SLND.WS,71650,0.74,0.81,0.8174,0.724999,1678078800000000000,318
SLNG,23139,3.26,3.125,3.26,3.07,1678078800000000000,181
SLNH,63654,0.3242,0.3298,0.3342,0.3111,1678078800000000000,354
SLNHP,1140,3.05,3.2622,3.2622,3.05,1678078800000000000,11
SLNO,41329,2.22,2.25,2.3199,2.2,1678078800000000000,194
SLP,92890,39.54,38.8,39.63,38.68,1678078800000000000,3610
SLQD,284792,47.85,47.79,47.85,47.76,1678078800000000000,989
SLQT,1636751,2.77,2.65,2.94,2.61,1678078800000000000,10723
SLRC,226935,15.62,15.68,15.81,15.5,1678078800000000000,2901
SLRX,31854,2.37,2.22,2.37,2.1501,1678078800000000000,182
SLS,363553,1.63,1.57,1.63,1.55,1678078800000000000,1605
SLV,7902884,19.46,19.32,19.485,19.28,1678078800000000000,15564
SLVM,447604,49.7,49.18,50.225,48.685,1678078800000000000,10612
SLVO,27634,77.71,77.21,77.875,77.11,1678078800000000000,520
SLVP,83788,10.08,10,10.27,9.9401,1678078800000000000,387
SLX,175983,69.77,68.56,69.77,68.09,1678078800000000000,1029
SLY,87214,90.39,88.27,90.39,87.8854,1678078800000000000,716
SLYG,108606,78.34,76.64,78.34,76.23,1678078800000000000,1010
SLYV,254167,83.24,81.1,83.24,80.765,1678078800000000000,2962
SM,1678884,31.44,31.32,31.8,31.05,1678078800000000000,21982
SMAP,3020,10.36,10.37,10.37,10.36,1678078800000000000,15
SMAR,669905,45.6,44.48,46.075,44.43,1678078800000000000,12971
SMB,53243,16.7424,16.73,16.76,16.72,1678078800000000000,132
SMBC,51729,45.83,46.01,46.41,45.67,1678078800000000000,1678
SMBK,77355,26.9201,26.92,27.22,26.91,1678078800000000000,1056
SMCI,819767,98.85,98.3,99.9799,96.87,1678078800000000000,16441
SMCP,102,25.5822,25.5822,25.5822,25.5822,1678078800000000000,5
SMDD,23774,17.14,17.79,17.85,17.14,1678078800000000000,111
SMDV,36634,65.4,64.29,65.4,64.01,1678078800000000000,421
SMDY,305,38.274,38.0941,38.274,38.0941,1678078800000000000,1
SMFG,1832143,8.91,8.94,8.95,8.875,1678078800000000000,6529
SMFL,105565,0.1898,0.1935,0.1979,0.1875,1678078800000000000,285
SMG,787942,85.56,79.42,86.77,79,1678078800000000000,15473
SMH,3237387,245.64,242.78,247.83,242.28,1678078800000000000,57540
SMHB,58948,7.18,6.95,7.18,6.92,1678078800000000000,303
SMHI,59842,11.1,11.02,11.18,10.835,1678078800000000000,1310
SMI,107,45.1,45.1,45.1,45.1,1678078800000000000,7
SMID,2817,19.05,18.9,19.35,18.9,1678078800000000000,119
SMIG,152417,24.09,23.85,24.14,23.84,1678078800000000000,99
SMIH,180186,10.55,10.17,10.55,10.17,1678078800000000000,48
SMIHU,1200,10,10.01,10.01,10,1678078800000000000,5
SMIHW,14100,0.1505,0.13035,0.1505,0.13035,1678078800000000000,5
SMIN,8072,51.83,51.68,51.96,51.67,1678078800000000000,331
SMLE,0,24.5634,24.5634,24.5634,24.5634,1678078800000000000,0
SMLF,41473,54.8,53.9132,54.8,53.78,1678078800000000000,269
SMLP,50806,17.34,17.5,17.66,17.2163,1678078800000000000,317
SMLR,35272,23.14,22.26,23.45,22.26,1678078800000000000,1012
SMLV,6129,113.63,111.2818,113.63,110.8601,1678078800000000000,122
SMMD,15235,58.185,57.59,58.26,57.433,1678078800000000000,136
SMMF,41561,25.66,25.03,26.1557,24.72,1678078800000000000,875
SMMT,4264726,1.51,1.39,1.63,1.345,1678078800000000000,14408
SMMU,52670,49.35,49.27,49.35,49.27,1678078800000000000,268
SMMV,43530,36.04,35.59,36.04,35.48,1678078800000000000,363
SMN,87957,8.65,8.91,8.93,8.65,1678078800000000000,305
SMOG,2799,118.8,119.3538,120.2413,118.3797,1678078800000000000,82
SMOT,9701,29.82,29.4641,29.87,29.42,1678078800000000000,93
SMP,120538,39.48,38.29,39.48,37.865,1678078800000000000,3947
SMPL,884621,37.48,36.56,37.48,36.46,1678078800000000000,14719
SMR,363103,10.3,10.18,10.4,10.165,1678078800000000000,4605
SMR.WS,18073,1.9,1.9,1.92,1.86,1678078800000000000,69
SMRT,1599928,2.84,2.83,2.88,2.76,1678078800000000000,5912
SMSI,255761,1.44,1.42,1.46,1.4,1678078800000000000,1236
SMTC,802506,31.77,30.5,31.99,30.31,1678078800000000000,11429
SMTI,10218,43.5,42.5,43.99,41.9,1678078800000000000,766
SMWB,43287,6.66,6.55,6.78,6.49,1678078800000000000,1026
SNA,240500,249.96,248.29,250.81,247.83,1678078800000000000,7972
SNAL,11205,1.58,1.56,1.63,1.56,1678078800000000000,126
SNAP,79666225,10.87,11.66,12.175,10.83,1678078800000000000,268300
SNAX,29317,0.72,0.6756,0.72,0.67,1678078800000000000,163
SNAXW,112,0.040101,0.040101,0.040101,0.040101,1678078800000000000,2
SNBR,542927,38.97,35.37,39.07,34.94,1678078800000000000,11962
SNCE,2050539,0.3245,0.2739,0.3245,0.2574,1678078800000000000,2677
SNCR,95542,1.06,1.04,1.06,1.02,1678078800000000000,359
SNCRL,2189,18.4999,18.5,18.5,18.46,1678078800000000000,24
SNCY,283017,20.66,20.72,21.05,20.58,1678078800000000000,5854
SND,324295,2.36,2.36,2.45,2.31,1678078800000000000,1952
SNDL,3439783,1.9,1.8,1.91,1.78,1678078800000000000,11095
SNDR,578930,29.26,28.5,29.3,28.41,1678078800000000000,7854
SNDX,649329,24.32,24.37,24.44,23.4,1678078800000000000,9417
SNES,72295,2.05,1.9,2.1237,1.87,1678078800000000000,434
SNEX,102847,103.84,103.52,104.2,103.29,1678078800000000000,3869
SNFCA,9711,6.8558,6.98,7.03,6.8,1678078800000000000,152
SNGX,14291,3.12,2.97,3.12,2.79,1678078800000000000,375
SNLN,15877,14.75,14.76,14.76,14.74,1678078800000000000,160
SNMP,245811,0.23,0.24,0.2579,0.2056,1678078800000000000,438
SNN,416595,29.07,28.92,29.17,28.865,1678078800000000000,5741
SNOA,88473,1.12,1.11,1.17,1.06,1678078800000000000,284
SNOW,5404923,142.65,142.07,146.7399,140.8477,1678078800000000000,71851
SNPD,5,25.2852,25.2852,25.2852,25.2852,1678078800000000000,1
SNPE,111604,36.6,36.55,36.79,36.5,1678078800000000000,367
SNPG,2,27.1296,27.1296,27.1296,27.1296,1678078800000000000,2
SNPO,35676,12.13,11.49,12.18,11.36,1678078800000000000,854
SNPS,776035,367.43,368.77,371.24,364.99,1678078800000000000,24083
SNPV,1,25.9756,25.9756,25.9756,25.9756,1678078800000000000,1
SNPX,73535,1.03,0.985,1.03,0.96,1678078800000000000,399
SNSE,17167,1.54,1.54,1.6,1.47,1678078800000000000,227
SNSR,42764,32.87,32.69,33.117,32.61,1678078800000000000,344
SNT,3865,1.3707,1.3795,1.4,1.37,1678078800000000000,82
SNTG,3060,2.1,2.06,2.1,2.06,1678078800000000000,23
SNTI,77307,1.42,1.38,1.42,1.3239,1678078800000000000,671
SNV,1006259,41.28,40.94,41.695,40.725,1678078800000000000,10657
SNVpD,19345,24.87,24.98,25.04,24.87,1678078800000000000,133
SNVpE,21166,24.83,24.64,24.83,24.6272,1678078800000000000,276
SNX,403816,97.35,96.19,97.35,95.84,1678078800000000000,8241
SNY,734199,47.61,47.73,47.97,47.495,1678078800000000000,10741
SO,4810372,64.71,65.23,65.34,64.65,1678078800000000000,51286
SOBR,1193216,1.78,2.16,2.26,1.77,1678078800000000000,3481
SOCL,26005,36.07,35.92,36.41,35.79,1678078800000000000,269
SOFI,26100797,6.8,6.68,6.97,6.67,1678078800000000000,60764
SOFO,9020,0.98,0.9594,1.04,0.95,1678078800000000000,299
SOGU,1353,28.81,29.23,29.23,28.532,1678078800000000000,23
SOHO,42155,2.44,2.33,2.44,2.281,1678078800000000000,214
SOHOB,125,25.01,25.01,25.01,25.01,1678078800000000000,1
SOHON,7428,24.85,24.97,24.97,24.85,1678078800000000000,48
SOHOO,124,24.9998,24.9998,24.9998,24.9998,1678078800000000000,3
SOHU,35668,14.81,14.6,14.9,14.56,1678078800000000000,751
SOI,301810,10.04,9.98,10.14,9.925,1678078800000000000,4533
SOJC,23429,23.89,23.92,23.95,23.8332,1678078800000000000,252
SOJD,48936,21.68,21.62,21.77,21.58,1678078800000000000,460
SOJE,33069,19.54,19.54,19.55,19.435,1678078800000000000,277
SOL,416894,4.55,4.44,4.6,4.395,1678078800000000000,3442
SOLO,743981,0.7959,0.73,0.7959,0.72,1678078800000000000,2439
SOLOW,4701,0.081,0.0648,0.081,0.0648,1678078800000000000,11
SOLR,29,31.7001,31.7001,31.7001,31.7001,1678078800000000000,7
SON,391413,60.15,58.81,60.2323,58.69,1678078800000000000,7890
SOND,2017743,0.9678,1.11,1.2,0.95,1678078800000000000,6269
SONDW,1627,0.1,0.119101,0.119101,0.0999,1678078800000000000,12
SONM,58447,0.45,0.455,0.4626,0.445001,1678078800000000000,251
SONN,41657,0.84,0.8303,0.84,0.8225,1678078800000000000,193
SONO,1335284,20.34,20.2,20.557,20.065,1678078800000000000,16748
SONX,104693,2.21,2.15,2.27,2.15,1678078800000000000,797
SONY,711469,86.81,86.53,87.8,86.39,1678078800000000000,15126
SOPA,62076,1,0.98,1.01,0.9798,1678078800000000000,275
SOPH,87318,2.77,2.58,2.77,2.51,1678078800000000000,209
SOR,22713,38.32,38.21,38.5,38.07,1678078800000000000,200
SOS,28266,4.45,4.36,4.49,4.3,1678078800000000000,612
SOTK,3219,5.22,5.2082,5.22,5.095,1678078800000000000,98
SOUN,18879935,3.12,3.26,3.3693,2.895,1678078800000000000,65247
SOUNW,25865,0.59,0.63,0.63,0.58,1678078800000000000,91
SOVO,288122,13.22,13.03,13.22,12.99,1678078800000000000,4240
SOXL,56252671,15.83,15.17,16.25,15.04,1678078800000000000,208241
SOXQ,56811,24,23.6,24.23,23.59,1678078800000000000,558
SOXS,32534870,20.3,21.15,21.326,19.75,1678078800000000000,160010
SOXX,724562,420.76,414.71,424.38,413.72,1678078800000000000,17381
SOYB,10517,27.95,28.32,28.46,27.95,1678078800000000000,177
SP,100909,35.02,35.05,35.24,34.69,1678078800000000000,2412
SPAB,1686271,25.17,25.07,25.17,25.06,1678078800000000000,2665
SPAQ,2,95.64,95.64,95.64,95.64,1678078800000000000,2
SPAX,1113,21.1,21.025,21.1,21.025,1678078800000000000,41
SPB,476548,65.33,63.85,65.7,63.63,1678078800000000000,9307
SPBC,35,22.15,22.15,22.15,22.15,1678078800000000000,6
SPBO,191839,28.63,28.48,28.63,28.45,1678078800000000000,331
SPC,14584,20.93,20.95,20.95,20.93,1678078800000000000,50
SPCB,14868,1.86,1.75,1.86,1.74,1678078800000000000,132
SPCE,7699815,5.58,5.41,5.8,5.32,1678078800000000000,35416
SPCM,6876,10.88,10.54,11,10.5,1678078800000000000,44
SPCMU,1160,10.6588,10.51,10.6688,10.4801,1678078800000000000,10
SPCX,1374,22.79,24.2,24.264,22.79,1678078800000000000,28
SPCZ,0,25.825,25.825,25.825,25.825,1678078800000000000,0
SPD,20086,25.49,25.43,25.605,25.41,1678078800000000000,93
SPDN,5224626,15.74,15.76,15.7801,15.65,1678078800000000000,3023
SPDV,5108,29.5,29.36,29.5482,29.3,1678078800000000000,83
SPDW,2875574,31.95,31.93,32.0455,31.875,1678078800000000000,7123
SPE,36728,11.6,11.49,11.6,11.46,1678078800000000000,252
SPEpC,474,22.18,22.27,22.27,22.18,1678078800000000000,7
SPEM,1227438,34.3,34.3,34.47,34.24,1678078800000000000,5671
SPEU,110139,38.03,38.04,38.14,37.95,1678078800000000000,186
SPFF,104479,10.15,10.12,10.16,10.11,1678078800000000000,253
SPFI,61985,25.795,25.58,25.91,25.49,1678078800000000000,995
SPG,777086,124.44,123.85,125.31,123.515,1678078800000000000,18074
SPGpJ,732,60.21,60.1106,60.72,59.88,1678078800000000000,8
SPGI,1590900,347.06,351.32,353.07,346.49,1678078800000000000,34733
SPGM,29399,49.69,49.56,49.869,49.5095,1678078800000000000,310
SPGP,294459,89,88.44,89.2294,88.2645,1678078800000000000,1751
SPH,191846,15.46,15.55,15.7,15.4301,1678078800000000000,1615
SPHB,1023726,72.79,71.94,73.3,71.88,1678078800000000000,7607
SPHD,578193,43.72,43.47,43.84,43.4,1678078800000000000,5574
SPHQ,674475,46.36,46.39,46.66,46.3,1678078800000000000,5199
SPHY,275309,22.8,22.71,22.8,22.71,1678078800000000000,1476
SPI,52182,1.3,1.28,1.3399,1.28,1678078800000000000,246
SPIB,2337829,31.9,31.82,31.93,31.81,1678078800000000000,3396
SPIP,458024,26.12,25.98,26.13,25.98,1678078800000000000,1416
SPIR,431489,1.12,1.01,1.13,1,1678078800000000000,2259
SPKB,4650,10.56,10.32,10.56,10.18,1678078800000000000,36
SPKX,1802,16.33,16.25,16.43,16.23,1678078800000000000,20
SPKY,3253,12.45,12.42,12.54,12.38,1678078800000000000,34
SPLB,1827591,22.9,22.7,22.91,22.68,1678078800000000000,4078
SPLG,2269735,47.63,47.54,47.91,47.51,1678078800000000000,9905
SPLK,2287055,101.04,103.29,105.2,101.04,1678078800000000000,40190
SPLP,414,44,44,44,44,1678078800000000000,4
SPLPpA,9493,23.45,23.155,23.45,23,1678078800000000000,70
SPLV,2066486,61.94,62.03,62.26,61.88,1678078800000000000,13935
SPMB,512885,21.72,21.6,21.73,21.6,1678078800000000000,2030
SPMD,541864,46.39,45.89,46.49,45.78,1678078800000000000,3739
SPMO,15492,54.98,55.23,55.23,54.86,1678078800000000000,1379
SPMV,24838,36.37,36.3439,36.49,36.3439,1678078800000000000,54
SPNS,69136,20.59,20.48,20.63,20.37,1678078800000000000,1863
SPNT,632952,7.25,7.2,7.32,7.11,1678078800000000000,6612
SPNTpB,11711,24.71,24.56,24.72,24.5,1678078800000000000,107
SPOK,393006,10.4,10.55,10.705,10.35,1678078800000000000,3368
SPOT,2087914,124.04,126.38,128.3199,124.04,1678078800000000000,32906
SPPI,2325710,0.99,0.89,1,0.89,1678078800000000000,6016
SPPP,31138,11.83,11.99,11.99,11.7806,1678078800000000000,292
SPR,1585382,34.34,33.83,34.7,33.38,1678078800000000000,20444
SPRB,141483,2.43,2.4,2.43,2.31,1678078800000000000,706
SPRC,494962,0.81,0.7705,0.823,0.76,1678078800000000000,1350
SPRE,44385,20.29,20.25,20.35,20.12,1678078800000000000,17042
SPRO,398391,1.48,1.52,1.565,1.47,1678078800000000000,2568
SPRU,509749,0.92,0.8739,0.9352,0.865,1678078800000000000,3095
SPRX,5834,14.3997,14.2483,14.61,14.2483,1678078800000000000,22
SPRY,212339,9.08,8.82,9.08,8.59,1678078800000000000,4605
SPSB,2962195,29.34,29.32,29.3691,29.31,1678078800000000000,4127
SPSC,196589,149.93,150.67,154.25,149.43,1678078800000000000,7976
SPSK,97461,17.61,17.62,17.79,17.6,1678078800000000000,9333
SPSM,705343,40.68,39.75,40.68,39.56,1678078800000000000,4428
SPT,400196,66.37,65.59,66.5,64.75,1678078800000000000,10615
SPTI,3445727,28.05,27.96,28.05,27.94,1678078800000000000,3037
SPTL,2170756,29.62,29.34,29.64,29.3,1678078800000000000,3837
SPTM,348227,50.21,50.1,50.48,50.0399,1678078800000000000,2546
SPTN,437764,27.82,27.27,27.88,27.06,1678078800000000000,9734
SPTS,1430785,28.75,28.72,28.75,28.71,1678078800000000000,2282
SPUC,1280,27.77,27.6379,27.7782,27.6379,1678078800000000000,4
SPUS,17169,27.69,27.65,27.855,27.64,1678078800000000000,342
SPUU,15863,78.27,78.09,79.19,77.9455,1678078800000000000,335
SPVM,3140,50.22,50.1722,50.3495,50.12,1678078800000000000,41
SPVU,11998,43.37,43.2,43.37,43.115,1678078800000000000,125
SPWH,520634,9.04,8.62,9.14,8.56,1678078800000000000,6942
SPWR,3280924,15.77,15.76,16.24,15.65,1678078800000000000,30242
SPXB,1165,74.05,73.7091,74.05,73.7091,1678078800000000000,27
SPXC,200961,72.92,70.83,72.95,70.33,1678078800000000000,6774
SPXE,23,85.8423,85.8423,85.8423,85.8423,1678078800000000000,8
SPXL,12063170,71.519,71.22,72.78,70.99,1678078800000000000,83690
SPXN,0,85.4204,85.4204,85.4204,85.4204,1678078800000000000,0
SPXS,23771615,18.78,18.86,18.9257,18.45,1678078800000000000,35105
SPXT,78,69.8655,69.8655,69.8655,69.8655,1678078800000000000,4
SPXU,23972244,14.225,14.29,14.33,13.96,1678078800000000000,29446
SPXV,210,84.18,84.1888,84.1888,84.18,1678078800000000000,2
SPXX,49713,15.94,15.8,15.96,15.79,1678078800000000000,358
SPY,72731275,405.05,404.47,407.45,404.03,1678078800000000000,539392
SPYC,27040,26.7644,26.6684,26.841,26.66,1678078800000000000,66
SPYD,960134,40.61,40.28,40.71,40.21,1678078800000000000,8708
SPYG,1192794,53.65,53.73,54.1136,53.63,1678078800000000000,9225
SPYI,1749,49.51,47.2726,49.51,47.2726,1678078800000000000,23
SPYV,1437183,41.23,41.05,41.3955,41.01,1678078800000000000,6235
SPYX,222761,32.93,32.82,33.0465,32.76,1678078800000000000,498
SQ,10308245,81.4,80.81,83.08,80.29,1678078800000000000,98613
SQEW,27619,29.14,29.04,29.28,29.02,1678078800000000000,133
SQFT,14630,1.12,1.11,1.1201,1.1,1678078800000000000,171
SQFTP,611,19.73,19.73,19.73,19.73,1678078800000000000,14
SQFTW,4665,0.06,0.07,0.075,0.06,1678078800000000000,14
SQL,161722,0.707,0.6263,0.707,0.61,1678078800000000000,555
SQLLW,500,0.075,0.1499,0.1499,0.075,1678078800000000000,2
SQLV,1606,38.29,37.58,38.29,37.4899,1678078800000000000,16
SQM,1307333,89.37,86.64,89.59,86.44,1678078800000000000,20940
SQNS,20728,2.44,2.43,2.46,2.4215,1678078800000000000,108
SQQQ,116894751,36.27,36.6,36.68,35.15,1678078800000000000,344451
SQSP,1045845,24.3,24.04,24.96,23.99,1678078800000000000,15629
SQZ,76524,0.76,0.77,0.8,0.74,1678078800000000000,323
SR,884360,69.89,68.77,70.48,68.68,1678078800000000000,8808
SRpA,25492,24.5874,24.5,24.5874,24.35,1678078800000000000,245
SRAD,164275,12.66,12.51,12.81,12.5,1678078800000000000,2123
SRAX,74636,1.79,1.61,1.8056,1.47,1678078800000000000,483
SRC,539951,42.12,41.79,42.22,41.75,1678078800000000000,8501
SRCpA,11721,24.27,24.12,24.3,23.8,1678078800000000000,133
SRCE,31003,50,49.51,50,49.225,1678078800000000000,1387
SRCL,558960,47.73,46.4,48.08,46.28,1678078800000000000,10650
SRDX,469584,22,20.52,22.315,19.47,1678078800000000000,8856
SRE,1066403,150.85,151.06,152.29,150.445,1678078800000000000,22799
SREA,29520,24.18,24.29,24.34,24.0809,1678078800000000000,343
SRET,22164,22.78,22.72,22.9199,22.72,1678078800000000000,706
SRG,2747353,11.9,10.78,11.92,10.45,1678078800000000000,19821
SRGpA,11199,24.0001,23.59,24.0001,23.45,1678078800000000000,83
SRGA,158689,2.23,2.39,2.44,2.14,1678078800000000000,805
SRHQ,0,27.8654,27.8654,27.8654,27.8654,1678078800000000000,0
SRI,189363,20.4,20.07,20.74,19.98,1678078800000000000,4333
SRL,8784,8.01,7.59,8.01,7.5601,1678078800000000000,118
SRLN,8031421,41.72,41.61,41.77,41.58,1678078800000000000,6479
SROI,1105,24.4501,24.3864,24.4501,24.3864,1678078800000000000,4
SRPT,2304023,155.83,155.99,159.835,154.38,1678078800000000000,36917
SRRK,189273,9.14,9.31,9.4884,8.88,1678078800000000000,2365
SRS,71686,16.44,16.69,16.72,16.39,1678078800000000000,431
SRT,13810,3.85,3.82,3.855,3.78,1678078800000000000,321
SRTS,459806,5.99,5.82,6.0147,5.76,1678078800000000000,3997
SRTY,752537,40.39,42.24,42.735,40.32,1678078800000000000,5091
SRV,32727,35.18,34.8,35.5,34.74,1678078800000000000,726
SRVR,63565,29.8,29.56,29.8729,29.52,1678078800000000000,809
SRZN,128650,1.05,1.08,1.14,1.05,1678078800000000000,478
SRZNW,500,0.0615,0.0606,0.0615,0.0606,1678078800000000000,3
SSB,2423055,83.5,82.63,85.38,82.07,1678078800000000000,38763
SSBI,1189,16.06,16.09,16.09,16.06,1678078800000000000,41
SSBK,20833,28.15,27.24,28.15,26.94,1678078800000000000,605
SSD,96419,112.29,109.2,112.29,108.75,1678078800000000000,4134
SSFI,2171,21.5799,21.51,21.58,21.51,1678078800000000000,9
SSG,37626,15.01,15.508,15.508,14.77,1678078800000000000,389
SSIC,760,9.7,9.63,9.7,9.63,1678078800000000000,23
SSKN,7532,1.13,1.07,1.13,1.05,1678078800000000000,60
SSL,484915,14.87,14.79,14.94,14.6018,1678078800000000000,4348
SSLY,50,43.862,43.862,43.862,43.862,1678078800000000000,2
SSNC,1050332,59.66,59.26,60.13,59.07,1678078800000000000,16505
SSNT,10964,3.38,3.22,3.41,3.0299,1678078800000000000,142
SSO,4599626,49.13,48.98,49.71,48.8899,1678078800000000000,23257
SSP,427296,11.62,10.92,11.67,10.52,1678078800000000000,7315
SSPX,15064,20.8,20.79,20.98,20.79,1678078800000000000,8
SSPY,474,67.0985,66.6025,67.0985,66.58,1678078800000000000,8
SSRM,1309838,13.93,13.74,14.065,13.68,1678078800000000000,13120
SSSS,121372,3.75,3.66,3.77,3.66,1678078800000000000,978
SSSSL,2160,23.7206,23.81,23.81,23.655,1678078800000000000,15
SST,30746,4.1,4.15,4.34,4.1,1678078800000000000,673
SST.WS,29882,0.35,0.350987,0.3628,0.335,1678078800000000000,123
SSTI,21724,36.655,36.28,36.655,35.75,1678078800000000000,578
SSTK,711729,75.67,75.51,78.19,75.07,1678078800000000000,13240
SSU,23706,4.38,4.28,4.48,4.12,1678078800000000000,301
SSU.WS,3400,0.1555,0.142501,0.1555,0.1325,1678078800000000000,16
SSUS,38482,32.64,32.57,32.7896,32.515,1678078800000000000,126
SSXU,2658,26.99,26.9103,26.99,26.9103,1678078800000000000,15
SSY,28836,1.15,1.1678,1.2,1.15,1678078800000000000,83
SSYS,690545,14.29,14.31,14.6099,14.14,1678078800000000000,9258
ST,777939,51.81,51.07,52.05,50.97,1678078800000000000,11022
STAA,390911,60,58.84,60.17,58.29,1678078800000000000,10491
STAF,24131,2.0199,1.87,2.0199,1.84,1678078800000000000,276
STAG,743805,34.32,34.13,34.33,33.99,1678078800000000000,11169
STAR,719128,7.7,7.31,7.75,7.3,1678078800000000000,7129
STARpD,5189,24.9,24.98,24.98,24.88,1678078800000000000,42
STARpG,7497,24.9,24.87,24.915,24.85,1678078800000000000,26
STARpI,5147,24.9,24.98,24.98,24.8676,1678078800000000000,45
STBA,223100,37.39,36.7,37.46,36.32,1678078800000000000,5757
STBX,377398,3.1,3.45,3.45,3.05,1678078800000000000,1283
STC,195634,41.14,40.18,41.76,40.15,1678078800000000000,4950
STCE,2613,19.25,19.02,19.56,19.02,1678078800000000000,48
STCN,63794,1.22,1.2,1.25,1.18,1678078800000000000,396
STE,610621,189.94,186.16,190.2299,185.41,1678078800000000000,15394
STEL,183709,28.92,28.68,29.23,28.48,1678078800000000000,4492
STEM,3852741,8.88,8.75,9.54,8.67,1678078800000000000,30301
STEP,264749,29.52,29.14,31.0163,29,1678078800000000000,6638
STER,162061,13.15,12.79,13.43,12.72,1678078800000000000,2649
STET,151155,10.34,10.35,10.35,10.34,1678078800000000000,29
STET.WS,100,0.18,0.18,0.18,0.18,1678078800000000000,1
STEW,38074,12.7,12.76,12.81,12.6949,1678078800000000000,242
STG,10393,10.26,10.56,10.6721,10.19,1678078800000000000,184
STGF,1937,22.296,22.25,22.33,22.25,1678078800000000000,20
STGW,2958172,8.05,9.21,9.23,8.05,1678078800000000000,23995
STIM,119965,5.27,5.21,5.4199,5.08,1678078800000000000,1444
STIP,972124,97.8,97.64,97.81,97.6301,1678078800000000000,5758
STIX,171384,3.84,4.36,4.4,3.84,1678078800000000000,1195
STIXW,8095,0.1433,0.1346,0.1496,0.125501,1678078800000000000,16
STK,27366,27.27,27,27.5199,26.99,1678078800000000000,263
STKH,66097,0.87,0.8139,0.88,0.8,1678078800000000000,206
STKL,1246961,8.56,8.15,8.76,8.13,1678078800000000000,12645
STKS,120587,8.47,8.67,8.84,8.47,1678078800000000000,1801
STLA,4673124,18.83,18.65,18.83,18.635,1678078800000000000,18868
STLD,1985674,135.5,131.98,136.46,130.46,1678078800000000000,41412
STLG,2,31.9884,31.9884,31.9884,31.9884,1678078800000000000,1
STLV,105,27.7,27.5597,27.7,27.5597,1678078800000000000,4
STM,2980830,48.575,48.51,49.12,48.375,1678078800000000000,31868
STN,66168,58.5,58.26,59.11,58.17,1678078800000000000,1775
STNC,0,26.2872,26.2872,26.2872,26.2872,1678078800000000000,0
STNE,6103462,8.585,9.11,9.21,8.55,1678078800000000000,40071
STNG,1092609,58.86,58.69,59.09,57.1107,1678078800000000000,15542
STOK,124238,8.9,9.24,9.24,8.59,1678078800000000000,2659
STOT,12736,46.16,46.17,46.19,46.15,1678078800000000000,144
STPZ,149752,50.24,50.13,50.25,50.13,1678078800000000000,763
STR,953181,24.72,24.63,25.09,24.49,1678078800000000000,12359
STR.WS,20545,0.065,0.04,0.07,0.0155,1678078800000000000,117
STRA,146556,83.99,82.85,84.49,81.2466,1678078800000000000,5169
STRC,488279,0.59,0.5606,0.5991,0.555,1678078800000000000,2032
STRE,120213,10.25,10.2,10.25,10.2,1678078800000000000,13
STRE.WS,188878,0.035,0.0313,0.04,0.03,1678078800000000000,39
STRL,300401,40.61,40.46,40.86,39.84,1678078800000000000,5938
STRM,97891,1.84,1.92,1.977,1.84,1678078800000000000,842
STRO,744585,5.62,5.57,5.75,5.32,1678078800000000000,5525
STRR,17195,0.82,0.78,0.82,0.76,1678078800000000000,165
STRRP,300,8.84,8.4593,8.84,8.4593,1678078800000000000,2
STRS,28896,21.32,21.7,21.88,21.06,1678078800000000000,640
STRT,4874,21.1845,20.81,21.69,20.81,1678078800000000000,113
STRV,29423,25.83,25.76,25.94,25.74,1678078800000000000,228
STRW,10362,7.5302,7.5,7.5629,7.5,1678078800000000000,7
STSA,57852,0.94,0.936,0.96,0.92,1678078800000000000,203
STSS,39376,1.29,1.29,1.32,1.2305,1678078800000000000,295
STSSW,6290,0.18,0.1801,0.1801,0.18,1678078800000000000,3
STT,2178453,90.35,90.18,91.15,89.78,1678078800000000000,39682
STTpD,50746,24.85,24.66,24.85,24.63,1678078800000000000,571
STTpG,28539,24.85,24.85,24.93,24.78,1678078800000000000,302
STTK,57770,3.83,3.55,3.83,3.435,1678078800000000000,399
STVN,564512,25.29,24.38,25.31,23.52,1678078800000000000,4715
STWD,9376671,20.11,20.56,20.81,20.11,1678078800000000000,63719
STX,1819428,65.25,63.32,65.37,63.13,1678078800000000000,27676
STXD,15558,25.9171,25.87,26.01,25.8399,1678078800000000000,56
STXE,1694,24.9,24.8542,24.95,24.81,1678078800000000000,46
STXG,18910,27.2292,27.1623,27.25,27.1623,1678078800000000000,84
STXK,18966,26.94,26.57,26.94,26.57,1678078800000000000,72
STXS,365500,2.4,2.32,2.4,2.07,1678078800000000000,1898
STXV,13097,25.68,25.61,25.69,25.5772,1678078800000000000,50
STZ,828664,221.77,220.54,222.87,220.49,1678078800000000000,24797
SU,2873116,35.15,35.11,35.35,34.805,1678078800000000000,23561
SUAC,44764,10.33,10.33,10.34,10.33,1678078800000000000,10
SUAC.U,308,10.29,10.34,10.34,10.29,1678078800000000000,9
SUAC.WS,101,0.021,0.021,0.021,0.021,1678078800000000000,2
SUB,537758,103.48,103.51,103.55,103.435,1678078800000000000,2114
SUBS,300,18.06,17.9958,18.06,17.9958,1678078800000000000,3
SUI,573746,146.65,145.75,146.94,143.7,1678078800000000000,11576
SUM,680033,30.67,30,30.73,29.92,1678078800000000000,7625
SUMO,1318889,11.9,11.91,11.92,11.89,1678078800000000000,8233
SUN,133612,45.42,46.03,46.22,45.42,1678078800000000000,2126
SUNL,250112,1.2,1.12,1.27,1.12,1678078800000000000,1749
SUNL.WS,4300,0.101,0.12,0.12,0.101,1678078800000000000,24
SUNW,559403,1.94,1.94,2.02,1.92,1678078800000000000,2551
SUP,525237,7.09,7.21,7.38,7.02,1678078800000000000,3165
SUPL,3247,37.78,37.8894,37.8894,37.78,1678078800000000000,11
SUPN,487680,39.65,38.38,39.65,37.45,1678078800000000000,11004
SUPP,1209,51,50.6169,51,50.6169,1678078800000000000,32
SUPV,299634,2.8,2.9,2.92,2.77,1678078800000000000,1455
SURE,2829,95.48,94.2402,95.48,94.2402,1678078800000000000,11
SURF,182697,0.69,0.67,0.7092,0.6636,1678078800000000000,604
SURG,118355,4.71,4.68,4.87,4.66,1678078800000000000,1101
SURGW,67157,1.1,1.14,1.15,1.07,1678078800000000000,83
SURI,1,23.4971,23.4971,23.4971,23.4971,1678078800000000000,1
SUSA,103514,87.47,87.23,87.905,87.16,1678078800000000000,1047
SUSB,52707,23.75,23.715,23.75,23.71,1678078800000000000,239
SUSC,190345,22.5,22.3931,22.5035,22.38,1678078800000000000,967
SUSL,21233,70.21,70.13,70.62,70.05,1678078800000000000,202
SUZ,1979211,9.26,9.28,9.305,9.175,1678078800000000000,9637
SVAL,7656,30.11,29.5552,30.11,29.48,1678078800000000000,74
SVC,1474557,11.35,11.27,11.565,11.17,1678078800000000000,14663
SVFB,1573,10.19,10.22,10.22,10.19,1678078800000000000,5
SVFD,6948,1.12,1.08,1.125,1.03,1678078800000000000,134
SVIIU,2476,10.53,10.65,10.65,10.53,1678078800000000000,30
SVIX,1282935,18.4673,18.63,18.7,18.402,1678078800000000000,4779
SVM,831133,3.25,3.15,3.25,3.1425,1678078800000000000,3580
SVNAW,3198,0.0998,0.1048,0.1497,0.0979,1678078800000000000,40
SVOL,296677,22.4,22.39,22.4,22.312,1678078800000000000,1768
SVRA,93476,2.34,2.45,2.47,2.34,1678078800000000000,1022
SVRE,8193,1.435,1.45,1.45,1.4,1678078800000000000,17
SVT,720,11.25,11.1366,11.25,11.1366,1678078800000000000,61
SVVC,1228,1.01,1.01,1.01,1.01,1678078800000000000,10
SVXY,1856722,66.52,66.83,66.99,66.45,1678078800000000000,20395
SWAG,34453,1.79,1.78,1.8,1.7401,1678078800000000000,223
SWAN,26423,24.9,24.77,24.98,24.76,1678078800000000000,256
SWAR,6530,10.65,10.5596,10.84,10.5596,1678078800000000000,39
SWAV,403026,188.17,191.9,192.86,186,1678078800000000000,10857
SWBI,597885,11.15,10.51,11.23,10.46,1678078800000000000,7243
SWEB,38,18.9806,18.9806,18.9806,18.9806,1678078800000000000,8
SWI,559384,9.32,9.31,9.39,9.19,1678078800000000000,6743
SWIM,377634,3.5,3.36,3.5,3.285,1678078800000000000,3769
SWK,1786828,86.65,85.07,87.115,84.66,1678078800000000000,27563
SWKH,14414,18.6,18.525,18.7,18.41,1678078800000000000,326
SWKS,1571499,114.44,112.77,115.25,112.35,1678078800000000000,26364
SWN,35204369,5.4,5.35,5.455,5.31,1678078800000000000,60366
SWSS,15495,10.3199,10.41,10.515,10.26,1678078800000000000,160
SWSSW,3819,0.03245,0.0637,0.0637,0.03245,1678078800000000000,52
SWTX,488198,30.77,30.39,30.77,29.78,1678078800000000000,9015
SWVL,25769,1.95,1.9099,1.95,1.85,1678078800000000000,350
SWVLW,35907,0.024485,0.0244,0.0245,0.023,1678078800000000000,24
SWX,365990,60.15,60.38,60.55,59.825,1678078800000000000,8355
SWZ,2951,7.762,7.78,7.7999,7.762,1678078800000000000,40
SXC,1065364,10.27,9.83,10.28,9.72,1678078800000000000,7686
SXI,70772,121.01,116.64,121.01,115.025,1678078800000000000,3095
SXQG,2874,21.7617,21.6716,21.78,21.6716,1678078800000000000,13
SXT,122458,76.23,73.81,76.23,73.44,1678078800000000000,4213
SXTC,122701,0.39,0.3953,0.405,0.39,1678078800000000000,323
SXUS,8510,17.37,17.4795,17.6,17.37,1678078800000000000,19
SY,308007,2.81,2.83,2.88,2.72,1678078800000000000,1597
SYBT,73935,57.86,58.63,58.81,57.81,1678078800000000000,2472
SYBX,40357,0.69,0.67,0.69,0.67,1678078800000000000,126
SYF,5437978,36.35,35.61,36.65,35.52,1678078800000000000,45800
SYFpA,43989,18.68,18.8,18.89,18.65,1678078800000000000,600
SYII,0,41.4058,41.4058,41.4058,41.4058,1678078800000000000,0
SYK,714394,270.49,267.4,271.545,266.86,1678078800000000000,18582
SYLD,108126,64.7,63.63,64.7,63.4022,1678078800000000000,1041
SYM,1500169,16.85,18.17,18.65,16.817,1678078800000000000,14882
SYNA,500594,119.68,114.36,119.68,113.51,1678078800000000000,12627
SYNB,48,26.8707,26.8707,26.8707,26.8707,1678078800000000000,3
SYNH,1284665,41.49,39.71,41.515,39.7,1678078800000000000,16088
SYPR,24944,2.06,1.98,2.08,1.98,1678078800000000000,146
SYRS,125071,3.93,3.94,3.98,3.7075,1678078800000000000,1573
SYTA,5797460,0.19,0.1964,0.2099,0.185,1678078800000000000,4929
SYTAW,7676,0.0702,0.07,0.095,0.0656,1678078800000000000,84
SYUS,18779,42.56,42.246,42.56,42.246,1678078800000000000,1
SYY,1747258,75.97,76.35,76.8,75.92,1678078800000000000,25681
SZK,2614,14.39,14.5012,14.5102,14.34,1678078800000000000,46
SZNE,10673,37.89,37.56,37.96,37.56,1678078800000000000,91
SZZL,141,10.38,10.38,10.38,10.38,1678078800000000000,4
SZZLW,110,0.31,0.31,0.31,0.31,1678078800000000000,2
T,23897761,18.85,18.77,18.96,18.77,1678078800000000000,74471
TpA,62867,21,20.91,21.09,20.8916,1678078800000000000,745
TpC,77996,19.65,19.69,19.7882,19.6206,1678078800000000000,774
TA,802840,84.78,84.63,84.815,84.625,1678078800000000000,13348
TAC,303900,8.47,8.59,8.62,8.44,1678078800000000000,2643
TACK,21943,23.68,23.535,23.68,23.5201,1678078800000000000,118
TACT,15028,7.47,7.63,7.6499,7.4602,1678078800000000000,194
TAFI,43371,24.8865,24.88,24.89,24.87,1678078800000000000,147
TAGG,4093,42.215,42.22,42.22,42.21,1678078800000000000,16
TAGS,4757,30.55,30.7602,30.7799,30.55,1678078800000000000,71
TAIL,168248,14.3,14.3,14.35,14.29,1678078800000000000,264
TAIT,1857,3.8299,3.83,3.83,3.815,1678078800000000000,48
TAK,1833169,15.62,15.64,15.76,15.62,1678078800000000000,8510
TAL,6478997,8,7.72,8.04,7.52,1678078800000000000,35532
TALK,249287,0.915,0.94,0.956,0.915,1678078800000000000,1362
TALKW,1265,0.12,0.14,0.15,0.12,1678078800000000000,11
TALO,2078014,16.41,15.76,16.41,15.71,1678078800000000000,22630
TALS,83964,2.04,1.97,2.0599,1.96,1678078800000000000,796
TAN,1308488,78.39,79.72,80.445,78.39,1678078800000000000,20194
TANH,31376,2.69,2.66,2.97,2.54,1678078800000000000,188
TANNI,6099,25.74,25.65,25.74,25.519,1678078800000000000,62
TANNL,18423,25.3,25.29,25.3,25.18,1678078800000000000,214
TANNZ,7592,25.415,25.45,25.45,25.415,1678078800000000000,28
TAOP,47950,0.695,0.7273,0.779,0.695,1678078800000000000,86
TAP,1661517,53.26,53.09,53.66,52.96,1678078800000000000,24810
TARA,8162,3.81,3.82,3.97,3.74,1678078800000000000,119
TARK,371950,67.37,63.8,67.95,63.5,1678078800000000000,3705
TARO,10499,29.59,29.5,29.69,28.82,1678078800000000000,481
TARS,40754,15,14.94,15,14.4,1678078800000000000,992
TASK,213301,18.26,18.13,18.46,17.73,1678078800000000000,4144
TAST,107167,2.07,2.15,2.15,2.03,1678078800000000000,795
TATT,1018,5.85,5.8,5.85,5.72,1678078800000000000,30
TAXF,14096,49.2,49.21,49.21,49.0801,1678078800000000000,115
TAYD,4418,16.76,16.7831,16.9222,16.276,1678078800000000000,71
TBB,35001,23.4,23.35,23.419,23.3304,1678078800000000000,639
TBBK,290465,35.35,34.73,35.41,34.22,1678078800000000000,6036
TBC,28611,24.7603,24.68,24.81,24.65,1678078800000000000,354
TBCP,12702,9.96,9.98,9.98,9.91,1678078800000000000,58
TBCPU,5000,10,10,10,10,1678078800000000000,31
TBCPW,424,0.15,0.0975,0.15,0.0975,1678078800000000000,7
TBF,1357839,22.16,22.4,22.425,22.14,1678078800000000000,1594
TBI,640885,18.64,18.36,18.775,18.24,1678078800000000000,7599
TBIL,366432,49.89,49.88,49.89,49.87,1678078800000000000,1512
TBIO,49762,1.62,1.85,1.9532,1.62,1678078800000000000,409
TBJL,8317,19.8,19.71,19.8099,19.71,1678078800000000000,22
TBLA,958529,3.44,3.33,3.44,3.305,1678078800000000000,6489
TBLAW,9081,0.59,0.5475,0.6025,0.5475,1678078800000000000,79
TBLD,56258,15.4,15.21,15.58,15.14,1678078800000000000,343
TBLT,724378,1.95,1.9,1.99,1.8694,1678078800000000000,1986
TBLTW,43909,0.1,0.1098,0.13,0.1,1678078800000000000,70
TBNK,12940,22.49,22.5,22.6,22.415,1678078800000000000,457
TBPH,552130,10.17,10.15,10.23,9.92,1678078800000000000,7355
TBSA,1560,10.21,10.195,10.21,10.195,1678078800000000000,6
TBSAW,74701,0.0047,0.0005,0.0047,0.0004,1678078800000000000,70
TBT,2367170,30.63,31.33,31.38,30.571,1678078800000000000,15800
TBUX,5440,48.63,48.635,48.64,48.63,1678078800000000000,25
TBX,45119,28.96,29.065,29.09,28.96,1678078800000000000,187
TC,47162,0.6,0.5707,0.6105,0.5707,1678078800000000000,303
TCBC,1115,16.2531,16.2531,16.2531,16.2531,1678078800000000000,63
TCBI,350321,66.99,66.31,67.62,65.93,1678078800000000000,10376
TCBIO,11138,21.5,21.2,21.56,21.2,1678078800000000000,145
TCBK,54986,51.09,50.67,51.7047,50.37,1678078800000000000,2077
TCBP,68696,4.28,4.31,4.3999,4.1501,1678078800000000000,398
TCBPW,6180,0.12,0.1555,0.166,0.1072,1678078800000000000,25
TCBS,433,15.29,15.29,15.29,15.29,1678078800000000000,18
TCBX,28336,18.39,17.75,18.39,17.55,1678078800000000000,439
TCFC,2622,39.83,39.86,39.86,39.36,1678078800000000000,117
TCHI,256,19.94,19.8722,19.9403,19.8722,1678078800000000000,2
TCHP,32246,22.67,22.63,22.93,22.63,1678078800000000000,168
TCI,2979,43.93,44.12,44.12,43.59,1678078800000000000,138
TCMD,234253,15.25,14.75,15.324,14.4,1678078800000000000,4488
TCN,1235558,8.34,8.38,8.49,8.315,1678078800000000000,7912
TCOA,110000,10.195,10.2,10.21,10.195,1678078800000000000,31
TCOM,6959895,39.5,38.61,39.53,38.51,1678078800000000000,60375
TCON,26905,1.5,1.49,1.5393,1.47,1678078800000000000,178
TCPC,448433,11.82,11.85,11.88,11.74,1678078800000000000,4616
TCRR,19839591,1.55,1.62,1.78,1.44,1678078800000000000,70256
TCRT,626484,0.575,0.5783,0.6,0.5535,1678078800000000000,2577
TCRX,41875,3.0801,3,3.19,2.88,1678078800000000000,215
TCS,386139,4.49,4.21,4.49,4.18,1678078800000000000,3694
TCVA,10900,10.21,10.2,10.22,10.19,1678078800000000000,17
TCX,70561,23.76,23.07,24.35,22.97,1678078800000000000,1854
TD,1472156,65.58,65.2,65.905,65.14,1678078800000000000,14564
TDC,1607904,40.45,40.16,40.45,39.66,1678078800000000000,18478
TDCX,21829,12.82,12.76,13,12.7,1678078800000000000,436
TDF,77062,10.79,10.67,10.79,10.6455,1678078800000000000,387
TDG,211281,766.24,770.15,771.34,765.45,1678078800000000000,9771
TDIV,68050,51.55,51.31,51.92,51.23,1678078800000000000,591
TDOC,3191231,26.85,25.56,26.93,25.54,1678078800000000000,37120
TDS,1902442,11.91,11.69,12.05,11.64,1678078800000000000,12133
TDSpU,33919,18.87,18.745,19.13,18.71,1678078800000000000,466
TDSpV,67289,17.14,17.06,17.45,17.05,1678078800000000000,595
TDSA,24018,20.77,20.7711,20.7711,20.76,1678078800000000000,36
TDSB,50864,20.94,20.9502,20.9544,20.93,1678078800000000000,36
TDSC,32745,21.995,21.98,21.995,21.98,1678078800000000000,88
TDSD,35901,21.27,21.26,21.28,21.26,1678078800000000000,71
TDSE,1127,21.94,21.925,21.94,21.9101,1678078800000000000,7
TDTF,96287,23.85,23.79,23.87,23.78,1678078800000000000,440
TDTT,270670,23.7,23.66,23.72,23.66,1678078800000000000,749
TDUP,942616,1.59,1.62,1.69,1.53,1678078800000000000,5440
TDV,14569,60.29,59.62,60.2983,59.53,1678078800000000000,184
TDVG,68598,31.99,32.05,32.2173,31.99,1678078800000000000,139
TDW,698654,49.06,48.94,49.5799,48.08,1678078800000000000,10275
TDW.WS,1476,3.75,3.7957,3.7957,3.5,1678078800000000000,8
TDW.WS.A,5815,2.35,2.3,2.4002,2.3,1678078800000000000,29
TDW.WS.B,2466,1.4,1.25,1.4,1.25,1678078800000000000,26
TDY,126754,437.66,438.42,441.4503,437.48,1678078800000000000,7692
TEAF,31134,13,12.93,13.0199,12.93,1678078800000000000,187
TEAM,1498037,178.4,176.15,181.89,175.7,1678078800000000000,26121
TECB,12696,31.24,31.1158,31.59,31.115,1678078800000000000,99
TECH,702052,78.09,76.91,78.275,76.61,1678078800000000000,15634
TECK,2898969,41.9,41.17,42.09,41,1678078800000000000,24010
TECL,3032963,30.7,30.6,31.81,30.5,1678078800000000000,25179
TECS,1559813,27.148,27.2,27.3,26.09,1678078800000000000,9053
TEF,681912,4.19,4.2,4.22,4.18,1678078800000000000,2205
TEI,164468,5.22,5.22,5.35,5.19,1678078800000000000,930
TEL,1507731,131.12,130.62,132.14,130.11,1678078800000000000,21145
TELA,58333,11,10.95,11.2,10.5918,1678078800000000000,1065
TELL,8193193,1.54,1.5,1.5799,1.48,1678078800000000000,15957
TELZ,13509,17.75,18.1,18.3638,17.75,1678078800000000000,351
TEMP,1203,40.38,40.3038,40.49,40.3038,1678078800000000000,11
TENB,635535,45.18,45.09,45.45,44.61,1678078800000000000,10065
TENK,25030,10.3,10.3,10.3,10.3,1678078800000000000,2
TENX,317006,0.677,0.6549,0.6845,0.65,1678078800000000000,1459
TEO,124437,5.16,5.12,5.2261,5.02,1678078800000000000,777
TEQI,19906,34.98,34.92,35.05,34.91,1678078800000000000,52
TER,1424908,103.57,101.65,104.6,101.005,1678078800000000000,23114
TERN,281151,10.2,10.51,10.62,9.97,1678078800000000000,4419
TESS,1396,4.72,4.72,4.7899,4.72,1678078800000000000,58
TETC,670226,10.1,10.13,10.135,10.1,1678078800000000000,346
TETCU,100,10.12,10.12,10.12,10.12,1678078800000000000,1
TETE,252,10.665,10.665,10.665,10.665,1678078800000000000,4
TETEW,2936,0.0449,0.0583,0.0583,0.0449,1678078800000000000,18
TEVA,7343812,10.07,9.91,10.14,9.86,1678078800000000000,25268
TEX,690653,60,59.4,60.85,59.16,1678078800000000000,11570
TFC,5696699,46.37,46.14,46.64,46.01,1678078800000000000,49016
TFCpI,8053,21.76,21.7,21.83,21.7,1678078800000000000,106
TFCpO,57309,23.39,23.23,23.4,23.17,1678078800000000000,417
TFCpR,49075,20.84,20.7,20.84,20.69,1678078800000000000,529
TFFP,169981,0.839,0.8644,0.8999,0.8101,1678078800000000000,407
TFI,791355,45.54,45.45,45.64,45.42,1678078800000000000,2609
TFII,151420,125.52,125.58,126.06,124.85,1678078800000000000,3384
TFIN,191211,61.45,60.61,62.09,60.05,1678078800000000000,5391
TFINP,2741,24.66,24.3001,24.69,24.276,1678078800000000000,24
TFJL,288,20.1,20.0905,20.1,20.0905,1678078800000000000,2
TFLO,1547253,50.44,50.43,50.44,50.43,1678078800000000000,3460
TFLR,3579,50.689,50.68,50.7,50.68,1678078800000000000,31
TFPM,143230,13.9,13.55,13.935,13.51,1678078800000000000,1169
TFSA,289,24.24,24.24,24.24,24.24,1678078800000000000,8
TFSL,326670,14.1,13.8,14.13,13.7,1678078800000000000,5280
TFX,240711,239.2,233.66,240,233.48,1678078800000000000,8345
TG,274279,11.92,11.35,11.92,11.22,1678078800000000000,3033
TGAA,220,10.39,10.39,10.39,10.39,1678078800000000000,7
TGAAW,8826,0.13,0.1401,0.1969,0.13,1678078800000000000,62
TGAN,37132,4.1,4.16,4.26,4.08,1678078800000000000,535
TGB,1224238,1.8,1.72,1.8,1.7,1678078800000000000,2615
TGH,275550,33.51,33.45,33.68,33.145,1678078800000000000,4822
TGHpA,19036,24.2898,23.75,24.315,23.75,1678078800000000000,95
TGHpB,5106,21.66,20.82,21.66,20.54,1678078800000000000,90
TGI,1008276,12.58,12.22,12.58,12.155,1678078800000000000,10492
TGIF,590,94.205,94.205,94.205,94.205,1678078800000000000,131
TGL,232323,1.56,1.4,1.63,1.27,1678078800000000000,587
TGLS,388519,42.59,41.68,42.9,40.12,1678078800000000000,5818
TGN,0,29.2548,29.2548,29.2548,29.2548,1678078800000000000,0
TGNA,1956011,17.05,17.1,17.125,16.96,1678078800000000000,13334
TGR,200000,10.48,10.48,10.48,10.48,1678078800000000000,28
TGRW,1003,22.85,22.7888,22.85,22.7888,1678078800000000000,20
TGS,216287,10.66,11.22,11.25,10.54,1678078800000000000,1961
TGT,2195536,166.59,165.2,166.76,164.52,1678078800000000000,45082
TGTX,2596388,17.23,17.48,17.51,16.9001,1678078800000000000,23863
TH,455737,15,14.98,15.07,14.72,1678078800000000000,6560
THC,1246683,60.98,59.82,61.27,59.5,1678078800000000000,17727
THCH,147928,5.01,4.93,5.2,4.89,1678078800000000000,1159
THCHW,20416,0.6076,0.645,0.6937,0.6076,1678078800000000000,43
THCP,128745,10.08,10.08,10.1,10.08,1678078800000000000,57
THCPU,103,10.06,10.06,10.06,10.06,1678078800000000000,2
THCX,30238,2.45,2.38,2.48,2.38,1678078800000000000,352
THD,49635,72.52,72.27,72.74,72.15,1678078800000000000,351
THFF,36053,43.63,43.46,43.89,43.05,1678078800000000000,1682
THG,197311,136.97,135.89,137.89,135.64,1678078800000000000,4841
THLV,12974,25.31,25.17,25.31,25.15,1678078800000000000,24
THM,33766,0.53,0.54,0.5601,0.53,1678078800000000000,93
THMO,9193,2.95,2.8974,2.9683,2.86,1678078800000000000,105
THNQ,2803,31.96,31.6007,32.0793,31.6007,1678078800000000000,61
THO,1045610,92.22,92.58,93.19,91.57,1678078800000000000,22099
THQ,58950,18.98,18.96,19.08,18.9201,1678078800000000000,503
THR,124825,27.51,27.06,27.56,26.71,1678078800000000000,2585
THRD,43189,4.2,4.2,4.25,4.1325,1678078800000000000,812
THRM,123479,66.74,64.33,67.43,64.075,1678078800000000000,5083
THRN,66345,4.61,4.77,4.93,4.61,1678078800000000000,611
THRX,50884,9.44,8.74,9.44,8.7,1678078800000000000,1486
THRY,157313,24.06,23.08,24.3,22.87,1678078800000000000,4420
THS,429978,49.38,48.41,49.82,47.7,1678078800000000000,10272
THTX,40036,0.943,0.97,0.989899,0.943,1678078800000000000,126
THW,58008,14.16,14.09,14.24,14.09,1678078800000000000,557
THWWW,1213,4.92,4.86,4.92,4.86,1678078800000000000,15
THY,7124,22.44,22.41,22.46,22.41,1678078800000000000,45
THYF,0,51.07,51.07,51.07,51.07,1678078800000000000,0
TIG,175401,6.11,6.11,6.11,6.09,1678078800000000000,1064
TIGO,78131,19.28,19.24,19.48,19.18,1678078800000000000,1323
TIGR,432210,3.76,3.67,3.775,3.66,1678078800000000000,3105
TIL,485190,0.76,0.7723,0.7819,0.7515,1678078800000000000,1987
TILE,625063,9.34,8.82,9.34,8.62,1678078800000000000,7606
TILL,5023,34.48,34.4504,34.49,34.4101,1678078800000000000,41
TILT,3039,159.61,158.82,160.25,158.765,1678078800000000000,62
TIMB,238574,11.49,11.72,11.755,11.46,1678078800000000000,2257
TIME,78120,18.695,18.5835,18.89,18.56,1678078800000000000,125
TINT,107,33.1918,33.1918,33.1918,33.1918,1678078800000000000,9
TINY,385,33.29,32.7443,33.35,32.7443,1678078800000000000,10
TIO,253422,0.8951,0.9741,0.9814,0.8903,1678078800000000000,817
TIOAU,265,10.18,10.18,10.18,10.18,1678078800000000000,3
TIP,3128617,107.99,107.43,108.015,107.43,1678078800000000000,21453
TIPD,5,27.305,27.305,27.305,27.305,1678078800000000000,2
TIPL,213,19.8,19.705,19.8,19.705,1678078800000000000,4
TIPT,176128,15.25,15.15,15.3263,15.02,1678078800000000000,1445
TIPX,387337,18.62,18.57,18.62,18.5641,1678078800000000000,1082
TIPZ,14730,54.79,54.54,54.79,54.5186,1678078800000000000,145
TIRX,41052,1.9493,1.8946,1.9493,1.8,1678078800000000000,247
TISI,7518,7.72,7.79,7.94,7.72,1678078800000000000,165
TITN,211311,47.44,46.38,47.5,46.17,1678078800000000000,6032
TIVC,735659,0.2131,0.2195,0.22,0.1955,1678078800000000000,1006
TIXT,77965,21.99,21.96,22.52,21.9,1678078800000000000,1451
TJX,5818964,77.66,78.25,78.79,77.5,1678078800000000000,63959
TK,2529059,6.27,6.1,6.27,5.91,1678078800000000000,13173
TKAT,33856,0.839,0.82,0.88,0.82,1678078800000000000,171
TKC,456884,4.22,4.27,4.34,4.16,1678078800000000000,3098
TKLF,38593,1.16,1.16,1.2399,1.1101,1678078800000000000,113
TKNO,9910,4.95,5,5.05,4.95,1678078800000000000,246
TKR,724900,88.82,87.68,89.4,87.17,1678078800000000000,11471
TLF,3742,4.5708,4.48,4.5708,4.4601,1678078800000000000,62
TLGY,8751,10.44,10.45,10.45,10.43,1678078800000000000,22
TLGYU,511,10.46,10.4606,10.49,10.45,1678078800000000000,11
TLH,331193,109.22,108.35,109.225,108.24,1678078800000000000,2370
TLIS,59533,0.5651,0.5936,0.601,0.5651,1678078800000000000,212
TLK,374427,25.51,25.68,25.71,25.51,1678078800000000000,4653
TLRY,10072934,2.8,2.69,2.81,2.67,1678078800000000000,19557
TLS,376513,4.11,3.9,4.11,3.865,1678078800000000000,3981
TLSA,76863,0.5308,0.6,0.61,0.53,1678078800000000000,160
TLT,16413071,102.22,101.1,102.34,100.99,1678078800000000000,105566
TLTD,7566,64.91,64.86,65.08,64.73,1678078800000000000,74
TLTE,3100,49.7,49.36,49.7,49.34,1678078800000000000,41
TLTW,34777,33.06,32.82,33.115,32.78,1678078800000000000,464
TLYS,282873,8.65,8.36,8.655,8.24,1678078800000000000,2694
TM,175499,140.11,140.13,140.6399,139.96,1678078800000000000,5624
TMAT,15455,13.8279,13.77,14.03,13.77,1678078800000000000,95
TMBR,347038,2.71,3.055,3.1,2.5637,1678078800000000000,1571
TMC,1222509,1.04,1.03,1.05,0.9602,1678078800000000000,3634
TMCI,302740,21.09,20.23,21.09,20.14,1678078800000000000,6232
TMCWW,7880,0.145,0.1353,0.145,0.13,1678078800000000000,24
TMDI,519390,0.2037,0.193,0.204,0.1808,1678078800000000000,1539
TMDV,64,47.067,47.067,47.067,47.067,1678078800000000000,10
TMDX,357817,82.52,80.94,82.6,79.9,1678078800000000000,9075
TME,6317070,8.09,7.95,8.16,7.915,1678078800000000000,25783
TMF,17505377,8.065,7.81,8.09,7.775,1678078800000000000,37415
TMFC,19995,33.66,33.72,34.04,33.66,1678078800000000000,224
TMFE,688,15.61,15.7602,15.775,15.61,1678078800000000000,28
TMFG,19422,25.5,25.3729,25.61,25.33,1678078800000000000,152
TMFM,6566,23.15,22.9963,23.1901,22.93,1678078800000000000,32
TMFS,2565,27.05,26.8949,27.3,26.8949,1678078800000000000,38
TMFX,3009,15.5,15.4908,15.73,15.49,1678078800000000000,56
TMHC,546729,36.3,35.78,36.5258,35.59,1678078800000000000,13024
TMKR,126,10.33,10.33,10.33,10.33,1678078800000000000,4
TMO,1144761,559.51,558.52,567.32,555.32,1678078800000000000,27932
TMP,52865,74.18,73.49,74.92,73.41,1678078800000000000,2774
TMPO,28851,1.18,1.27,1.29,1.1701,1678078800000000000,427
TMPOW,11433,0.13,0.115,0.13,0.115,1678078800000000000,40
TMQ,102923,0.57,0.5749,0.575,0.568,1678078800000000000,233
TMST,680702,19.35,18.5,19.455,18.36,1678078800000000000,9461
TMUS,4470733,141.95,143.72,144.27,141.644,1678078800000000000,68769
TMV,395852,122.92,127.11,127.45,122.65,1678078800000000000,4912
TNA,9570771,40.5121,38.7,40.62,38.1901,1678078800000000000,54217
TNC,165205,72.11,71.27,72.14,70.61,1678078800000000000,4355
TNDM,2372283,42.69,42.67,44.85,42.53,1678078800000000000,33936
TNET,248981,83.8,84.43,84.47,83.185,1678078800000000000,5552
TNGX,92314,5.42,5.16,5.42,5.13,1678078800000000000,1762
TNK,529940,47.05,45.91,47.11,45.67,1678078800000000000,7166
TNL,931583,42.74,42.63,43.74,42.575,1678078800000000000,14710
TNON,72655,2.09,1.97,2.12,1.915,1678078800000000000,630
TNP,467011,24.5,23.58,24.51,23.35,1678078800000000000,5405
TNPpD,2348,24.75,24.86,24.86,24.75,1678078800000000000,16
TNPpE,8595,24.59,24.63,24.64,24.5,1678078800000000000,60
TNPpF,25968,24.57,24.6595,24.6955,24.57,1678078800000000000,172
TNXP,3496554,0.74,0.71,0.775,0.68,1678078800000000000,6486
TNYA,389759,3.23,3.36,3.5498,3.21,1678078800000000000,3509
TOACW,117851,0.09,0.09,0.09,0.07,1678078800000000000,29
TOI,31181,1.38,1.4,1.42,1.29,1678078800000000000,477
TOK,2048,86.87,86.53,86.87,86.53,1678078800000000000,43
TOKE,2052,6.75,6.68,6.761,6.68,1678078800000000000,74
TOL,1330756,59.94,59.08,60.23,58.89,1678078800000000000,27053
TOLZ,22116,45.53,45.4874,45.73,45.36,1678078800000000000,178
TOMZ,28942,0.67,0.6443,0.67,0.6443,1678078800000000000,67
TOP,43110,4.88,4.75,5,4.75,1678078800000000000,777
TOPS,1171475,0.9155,0.84,0.9208,0.83,1678078800000000000,3031
TOROV,6720,19.5,13.14,19.5,13.09,1678078800000000000,379
TOST,5003150,18.87,18.41,19.025,18.39,1678078800000000000,44627
TOTL,260825,40.3,40.19,40.31,40.17,1678078800000000000,1152
TOTR,16357,40.96,40.859,40.96,40.859,1678078800000000000,143
TOUR,225578,1.96,1.89,1.96,1.865,1678078800000000000,851
TOVX,25990,0.8625,0.852,0.8763,0.852,1678078800000000000,185
TOWN,168617,30.27,30.35,30.45,30.05,1678078800000000000,4951
TPB,300308,23.41,22.88,23.41,22.74,1678078800000000000,4402
TPC,290422,8.84,8.62,8.87,8.475,1678078800000000000,3274
TPG,736362,33.5,33.7,33.72,33.36,1678078800000000000,8681
TPH,711918,24.25,23.79,24.295,23.69,1678078800000000000,13384
TPHD,12609,31.8,31.64,31.87,31.6265,1678078800000000000,112
TPHE,3283,23.981,23.8849,23.99,23.8598,1678078800000000000,62
TPHS,4921,0.785,0.78,0.785,0.777501,1678078800000000000,47
TPIC,2204042,12.61,12.84,13.45,12.54,1678078800000000000,25951
TPIF,7269,24.8301,24.7964,24.9142,24.7513,1678078800000000000,58
TPL,43959,1794.64,1822.03,1824.49,1794.64,1678078800000000000,6776
TPLC,17307,35.2,34.9549,35.2293,34.821,1678078800000000000,168
TPLE,2120,23.65,23.4949,23.684,23.491,1678078800000000000,21
TPMN,820,25.2,25.12,25.2,25.12,1678078800000000000,3
TPOR,8487,28.48,27.64,28.8462,27.6346,1678078800000000000,191
TPR,3368323,44.29,43.54,44.42,43.23,1678078800000000000,36264
TPSC,3378,33.269,32.8907,33.269,32.7648,1678078800000000000,65
TPST,6845,1.51,1.51,1.6578,1.5039,1678078800000000000,72
TPVG,392376,12.56,12.72,12.87,12.5201,1678078800000000000,3055
TPX,1992729,42.72,42.08,42.875,41.84,1678078800000000000,22814
TPYP,69085,25.42,25.35,25.4299,25.28,1678078800000000000,191
TPZ,21157,13.2,13.2011,13.27,13.19,1678078800000000000,176
TQQQ,151849678,23.76,23.56,24.48,23.5,1678078800000000000,308457
TR,163094,42.55,42.31,42.58,41.81,1678078800000000000,4386
TRAQ,762327,10.44,10.44,10.4401,10.44,1678078800000000000,12
TRAQ.WS,54269,0.1,0.1027,0.1027,0.095,1678078800000000000,22
TRC,29390,19.79,18.97,19.79,18.94,1678078800000000000,772
TRCA,5707,10.23,10.21,10.23,10.2,1678078800000000000,15
TRDA,28396,10.855,10.48,10.855,9.47,1678078800000000000,940
TREE,362301,33.22,32.97,35.82,32.66,1678078800000000000,7915
TREX,995533,53.01,50.89,53.225,50.72,1678078800000000000,18182
TRFK,1,25.1812,25.1812,25.1812,25.1812,1678078800000000000,1
TRFM,132,25.4252,25.4252,25.4252,25.4252,1678078800000000000,83
TRGP,1751301,78.84,78.47,79.12,78.025,1678078800000000000,30776
TRHC,65141,6.35,6.45,6.49,6.1,1678078800000000000,598
TRI,251966,121.01,121.76,122.05,121.01,1678078800000000000,5816
TRIB,21000,1.02,1.04,1.05,0.99,1678078800000000000,77
TRIN,360522,14.5,14.12,14.55,14.12,1678078800000000000,3864
TRINL,6347,25.0874,25.17,25.17,25.04,1678078800000000000,57
TRIP,1223819,21.36,21.32,21.615,21.21,1678078800000000000,17019
TRIS,277121,10.28,10.2801,10.285,10.2799,1678078800000000000,138
TRIS.WS,1300,0.1,0.1,0.1,0.1,1678078800000000000,3
TRKA,354103690,0.605,0.7655,0.8,0.5586,1678078800000000000,306622
TRKAW,592440,0.19,0.1925,0.2,0.1505,1678078800000000000,763
TRMB,912380,54.24,53.05,54.295,52.91,1678078800000000000,17435
TRMD,528558,34.94,34.03,34.96,33.26,1678078800000000000,7773
TRMK,322203,29.15,28.3,29.45,28.18,1678078800000000000,7689
TRMR,74901,7.7,7.55,7.7308,7.53,1678078800000000000,699
TRN,497389,27.92,27.2,28.13,27.009,1678078800000000000,8331
TRND,638,27.38,27.3428,27.38,27.3428,1678078800000000000,11
TRNO,270016,64.05,63.83,64.25,63.59,1678078800000000000,7194
TRNS,71674,91.28,91.07,91.7,89.61,1678078800000000000,2525
TRON,236,10.5,10.51,10.51,10.5,1678078800000000000,18
TRONU,550,10.16,10.16,10.5,10.16,1678078800000000000,9
TRONW,35914,0.047299,0.0399,0.0478,0.03,1678078800000000000,37
TROO,4016,2.84,2.9255,2.935,2.81,1678078800000000000,80
TROW,1725537,114.51,114.59,115.4,113.25,1678078800000000000,33005
TROX,1080313,16.79,16.24,16.88,16.12,1678078800000000000,12774
TRP,976470,41.25,41.21,41.655,41.17,1678078800000000000,11313
TRPL,0,35.8667,35.8667,35.8667,35.8667,1678078800000000000,0
TRS,117277,30.24,29.56,30.29,29.45,1678078800000000000,2477
TRST,82348,37.14,36.57,37.14,36.39,1678078800000000000,2558
TRT,4249,4.58,4.6614,4.68,4.58,1678078800000000000,53
TRTL.WS,9238,0.19,0.185,0.19,0.185,1678078800000000000,20
TRTN,354268,69.61,68.62,69.82,68.33,1678078800000000000,8486
TRTNpA,4614,26.06,26.2,26.2575,26.035,1678078800000000000,39
TRTNpB,154118,25.52,25.59,25.682,25.44,1678078800000000000,361
TRTNpC,12364,25.19,25.23,25.325,24.95,1678078800000000000,142
TRTNpD,15662,24.69,24.38,24.84,24.2775,1678078800000000000,187
TRTNpE,14210,21.27,21.235,21.59,21.025,1678078800000000000,178
TRTX,381702,8.58,8.68,8.77,8.52,1678078800000000000,3293
TRTXpC,18330,17.4,17.38,17.55,17.32,1678078800000000000,155
TRTY,7947,25.61,25.2959,25.61,25.2,1678078800000000000,60
TRU,1423947,66.26,65.15,67.01,65.14,1678078800000000000,17404
TRUE,282556,2.39,2.29,2.45,2.22,1678078800000000000,2992
TRUP,427857,60.07,57.99,62.21,57.81,1678078800000000000,12358
TRV,1053233,183.43,183.35,184.81,183.06,1678078800000000000,24110
TRVG,316415,1.75,1.7,1.78,1.69,1678078800000000000,1662
TRVI,12735,2.34,2.38,2.41,2.3301,1678078800000000000,270
TRVN,94358,1.07,1.01,1.1199,0.98,1678078800000000000,515
TRX,183162,0.4476,0.4391,0.45,0.4315,1678078800000000000,350
TS,815629,34.66,34.89,34.94,34.53,1678078800000000000,10449
TSAT,37745,8.74,8.26,8.74,8.02,1678078800000000000,490
TSBK,5849,33.44,33.43,33.71,33.33,1678078800000000000,162
TSCO,691143,230.16,228.69,231.93,228.14,1678078800000000000,21732
TSE,345388,24.83,23.94,24.93,23.425,1678078800000000000,6898
TSEM,287560,40.15,39.94,40.68,39.89,1678078800000000000,4223
TSHA,160650,1.08,1.02,1.08,1.01,1678078800000000000,915
TSI,91002,4.98,4.95,4.9985,4.935,1678078800000000000,403
TSJA,211,25.51,25.392,25.51,25.392,1678078800000000000,3
TSL,69041,14.38,13.9508,14.38,13.8197,1678078800000000000,323
TSLA,128017473,198.54,193.81,198.6,192.3,1678078800000000000,1172387
TSLH,5293,24.4115,24.43,24.43,24.39,1678078800000000000,10
TSLI,17444,26.65,27.15,27.15,26.54,1678078800000000000,116
TSLL,10096828,12.19,11.74,12.19,11.61,1678078800000000000,37044
TSLQ,2789888,45.14,46.29,46.59,45.14,1678078800000000000,13612
TSLS,908575,27.91,28.56,28.7501,27.91,1678078800000000000,4336
TSLX,527202,19.12,19.34,19.36,19.12,1678078800000000000,4537
TSLY,57966,17.88,17.15,17.88,17.0126,1678078800000000000,519
TSM,9789806,90.075,89.58,91.33,89.505,1678078800000000000,115251
TSME,4072,29.71,29.4028,29.71,29.3998,1678078800000000000,33
TSN,2618645,59.22,58.75,59.3599,58.54,1678078800000000000,30734
TSOC,702,28.6,28.4949,28.6,28.4949,1678078800000000000,1
TSP,2707814,2.04,2.02,2.1784,2,1678078800000000000,16784
TSPA,3783,24.22,24.1943,24.3068,24.1943,1678078800000000000,19
TSQ,31645,7.31,7.21,7.31,7.18,1678078800000000000,397
TSRI,2910,8.85,8.64,8.85,8.58,1678078800000000000,100
TSVT,983715,11.61,11.05,11.73,10.84,1678078800000000000,12937
TT,2129465,193.75,192.06,196.22,191.96,1678078800000000000,33119
TTAC,8277,48.6945,48.47,48.7,48.41,1678078800000000000,87
TTAI,612,26.82,26.82,26.82,26.82,1678078800000000000,10
TTC,625493,113.79,112.72,114.805,112.425,1678078800000000000,12744
TTCF,1095167,1.25,1.18,1.2585,1.15,1678078800000000000,4973
TTD,3455740,57.95,56.83,58.6299,56.81,1678078800000000000,46153
TTE,1360486,63.35,63.47,63.73,63.06,1678078800000000000,18086
TTEC,137296,41.04,40.16,41.29,39.9701,1678078800000000000,4500
TTEK,150440,140.99,140.08,142.06,139.84,1678078800000000000,6522
TTGT,370857,39.87,39.38,39.9,39.13,1678078800000000000,8298
TTI,943213,3.6,3.48,3.6,3.45,1678078800000000000,5824
TTMI,461415,13.46,13.34,13.67,13.21,1678078800000000000,6165
TTNP,17660,0.8915,0.8951,0.9299,0.8915,1678078800000000000,123
TTOO,245091,0.624,0.6035,0.6278,0.5934,1678078800000000000,957
TTP,14007,28.23,27.96,28.23,27.95,1678078800000000000,186
TTSH,246148,5.17,4.86,5.29,4.66,1678078800000000000,2953
TTT,52719,69.56,71.73,71.961,69.4,1678078800000000000,421
TTWO,1456640,117,115.71,118.94,115.61,1678078800000000000,32712
TU,1559856,20.12,20.17,20.27,20.03,1678078800000000000,8239
TUA,8219,23.52,23.4599,23.5337,23.4499,1678078800000000000,95
TUG,15927,23.22,22.9853,23.25,22.9,1678078800000000000,99
TUGN,2103,19.69,19.565,19.69,19.55,1678078800000000000,17
TUP,1255503,3.82,3.56,3.85,3.5,1678078800000000000,7684
TUR,520893,36.45,36.8,36.99,36.36,1678078800000000000,4304
TURN,6436,5.21,5.27,5.39,5.21,1678078800000000000,38
TUSI,0,24.955,24.955,24.955,24.955,1678078800000000000,0
TUSK,155735,5.58,5.62,5.71,5.39,1678078800000000000,2239
TUYA,1183109,1.71,1.77,1.8399,1.678,1678078800000000000,4483
TV,1649691,5.4,5.45,5.57,5.385,1678078800000000000,9754
TVC,10726,21.51,21.54,21.64,21.5,1678078800000000000,147
TVE,5145,21.23,21.35,21.48,21.23,1678078800000000000,65
TVTX,968074,22.78,22.26,22.8,21.73,1678078800000000000,10088
TW,982163,74.24,72.43,74.605,72.39,1678078800000000000,15575
TWCBU,100,10,10,10,10,1678078800000000000,1
TWCBW,6459,0.3268,0.2278,0.3268,0.1854,1678078800000000000,71
TWEB,11401,15.16,15.05,15.3701,15.05,1678078800000000000,49
TWI,818116,13.44,12.7,13.45,12.53,1678078800000000000,9300
TWIN,2985,11.4423,11.05,11.4423,11.03,1678078800000000000,105
TWIO,6348,9.04,9.07,9.08,9.04,1678078800000000000,18
TWKS,916075,7.71,7.74,8.13,7.56,1678078800000000000,8458
TWLO,4222900,74.08,73.88,75.81,73.43,1678078800000000000,50235
TWLV,21575,10.13,10.15,10.15,10.12,1678078800000000000,53
TWLVU,700,10.19,10.2,10.2,10.19,1678078800000000000,3
TWLVW,47827,0.045,0.0396,0.0499,0.0362,1678078800000000000,152
TWM,1191416,13.75,14.16,14.26,13.73,1678078800000000000,2328
TWN,3568,26.93,26.77,26.93,26.75,1678078800000000000,40
TWNI,22707,10.1,10.07,10.17,10.05,1678078800000000000,128
TWNI.U,1900,10.17,10.12,10.17,9.99,1678078800000000000,19
TWNK,772413,24.76,24.33,24.76,24.185,1678078800000000000,13428
TWO,844057,16.38,16.28,16.5,16.22,1678078800000000000,8544
TWOpA,12686,22.31,22.21,22.39,22.06,1678078800000000000,134
TWOpB,16200,21.34,21.45,21.59,21.3,1678078800000000000,199
TWOpC,45078,21.49,21.45,21.6399,21.31,1678078800000000000,217
TWOA,2866,10.1932,10.19,10.215,10.18,1678078800000000000,14
TWOU,1287860,9.95,9.73,10.35,9.69,1678078800000000000,16491
TWST,664139,19.64,18.84,19.64,18.61,1678078800000000000,12723
TX,1122821,45.81,45.2,45.81,44.88,1678078800000000000,10875
TXG,611266,51.34,48.43,51.34,48.225,1678078800000000000,13930
TXMD,21795,4.91,4.75,4.99,4.72,1678078800000000000,466
TXN,4080469,175.29,173.05,176.5,172.8,1678078800000000000,61632
TXO,62531,23.46,23.3,23.7,23.04,1678078800000000000,788
TXRH,836591,103.7,104.86,105.1,103.18,1678078800000000000,17051
TXT,1494709,74.5,73.55,74.8399,73.09,1678078800000000000,20939
TY,30982,27.3,27.24,27.3999,27.2101,1678078800000000000,279
TYp,736,47.11,47.6,47.6,47.11,1678078800000000000,14
TYA,19301,14.5607,14.47,14.6,14.445,1678078800000000000,79
TYD,17955,29,28.67,29,28.59,1678078800000000000,269
TYDE,1328360,0.1751,0.1764,0.18,0.1733,1678078800000000000,1832
TYG,17502,31.55,31.4,31.74,31.37,1678078800000000000,233
TYL,278679,331.38,320.24,333.365,320.055,1678078800000000000,12655
TYLG,174,26.6,26.4084,26.6,26.4084,1678078800000000000,6
TYO,78712,13.65,13.81,13.8599,13.65,1678078800000000000,209
TYRA,127883,13.05,13.6,14.2525,13.05,1678078800000000000,1360
TZA,7911263,26.32,27.54,27.8592,26.27,1678078800000000000,36778
TZOO,7915,5.2,5.15,5.2499,5.09,1678078800000000000,247
U,8064531,30.91,30.25,31.5292,30.15,1678078800000000000,66383
UA,2780629,8.94,8.5,8.98,8.41,1678078800000000000,15077
UAA,8214077,10.15,9.59,10.15,9.515,1678078800000000000,28460
UAE,22012,14.91,14.92,14.9299,14.8113,1678078800000000000,131
UAL,4487517,53.23,52.44,53.5614,52.29,1678078800000000000,53717
UAMY,323737,0.415,0.4058,0.415,0.4,1678078800000000000,567
UAN,103669,102.01,98.46,102.01,97.79,1678078800000000000,2129
UAPR,6096,24.9123,24.9199,24.94,24.89,1678078800000000000,34
UAUG,3432,26.87,26.7649,26.8999,26.7649,1678078800000000000,30
UAV,89,22.5339,22.5339,22.5339,22.5339,1678078800000000000,12
UAVS,330110,0.429,0.4297,0.45,0.415,1678078800000000000,1522
UBA,135266,17.34,17.3,17.42,17.14,1678078800000000000,2964
UBCP,8124,14.93,15,15.2202,14.93,1678078800000000000,179
UBER,18726038,34.585,33.88,35.11,33.85,1678078800000000000,118333
UBFO,27878,7.76,7.69,7.81,7.68,1678078800000000000,327
UBND,39,21.3994,21.3994,21.3994,21.3994,1678078800000000000,1
UBOT,34459,16.95,16.64,17,16.52,1678078800000000000,414
UBP,943,16.12,16.18,16.18,15.82,1678078800000000000,162
UBPpH,103043,21.68,22.065,22.065,21.68,1678078800000000000,28
UBPpK,106067,20.7,20.88,20.88,20.7,1678078800000000000,40
UBR,3065,20.85,21.67,21.6841,20.85,1678078800000000000,25
UBS,1718966,22.2,22.16,22.2975,22.1193,1678078800000000000,9123
UBSI,439980,40.02,39.97,40.38,39.69,1678078800000000000,10537
UBT,35109,25.3,24.78,25.3,24.71,1678078800000000000,284
UBX,211722,4.56,4.65,4.6799,4.52,1678078800000000000,1526
UCBI,934972,32.53,32.9,33.165,32.425,1678078800000000000,17503
UCBIO,5192,25.095,25.2313,25.2599,24.93,1678078800000000000,41
UCC,9496,25.85,25.373,25.85,25.373,1678078800000000000,24
UCIB,3373,24.53,24.7504,24.7504,24.53,1678078800000000000,3
UCL,53488,4.3,4.36,4.5673,4.3,1678078800000000000,483
UCO,2501719,29.15,30.04,30.05,28.94,1678078800000000000,15343
UCON,378213,24.01,23.96,24.02,23.96,1678078800000000000,564
UCRD,0,20.37,20.37,20.37,20.37,1678078800000000000,0
UCTT,281795,31.83,30.86,31.83,30.625,1678078800000000000,7447
UCYB,123,26.8397,26.8397,26.8397,26.8397,1678078800000000000,14
UDEC,1375,28.2601,28.25,28.2738,28.2075,1678078800000000000,5
UDI,395,26.07,25.9432,26.07,25.9432,1678078800000000000,8
UDIV,2340,32.01,31.8492,32.01,31.8492,1678078800000000000,8
UDMY,377807,9.915,9.89,10.07,9.745,1678078800000000000,5143
UDN,103111,18.39,18.44,18.46,18.39,1678078800000000000,265
UDOW,3632216,57.17,57.21,57.93,56.95,1678078800000000000,28011
UDR,1815584,43.24,42.88,43.515,42.805,1678078800000000000,24275
UE,642446,15.46,15.32,15.52,15.23,1678078800000000000,7483
UEC,7270349,3.72,3.55,3.73,3.54,1678078800000000000,21841
UEIC,494343,11.55,11.24,11.935,10.87,1678078800000000000,8697
UEVM,882,41.5799,41.515,41.5799,41.506,1678078800000000000,16
UFAB,451577,0.28,0.27,0.2938,0.2589,1678078800000000000,492
UFCS,99113,28.42,27.29,28.48,27.08,1678078800000000000,3375
UFEB,7271,26.34,26.2552,26.34,26.2552,1678078800000000000,55
UFI,252871,10.49,9.98,10.49,9.96,1678078800000000000,1885
UFO,6144,20.34,20.23,20.3834,20.12,1678078800000000000,183
UFPI,307942,87.04,84.6,87.24,84.5,1678078800000000000,8399
UFPT,209536,122.62,108.03,122.85,103.6409,1678078800000000000,5189
UG,1980,10.65,10.42,10.65,10.42,1678078800000000000,60
UGA,46392,61.38,62.32,62.419,60.875,1678078800000000000,339
UGE,142146,17.49,17.3335,17.49,17.3,1678078800000000000,45
UGI,1291344,37.56,37.11,37.57,36.97,1678078800000000000,14098
UGIC,1438,84.53,84.78,85.34,84.53,1678078800000000000,54
UGL,79927,56.16,55.77,56.2083,55.73,1678078800000000000,638
UGP,3982751,2.48,2.64,2.64,2.46,1678078800000000000,8116
UGRO,28807,3.61,3.54,3.7399,3.45,1678078800000000000,235
UHAL,262267,66,64.12,66.195,64.11,1678078800000000000,6306
UHAL.B,411440,59.6,56.97,59.82,56.97,1678078800000000000,4672
UHS,1190226,126.2,125.94,127.28,124.54,1678078800000000000,20593
UHT,79405,50.82,50.06,50.82,49.73,1678078800000000000,2068
UI,28007,272.01,271.83,274.7,270.99,1678078800000000000,1858
UIHC,698466,2.6,2.64,2.94,2.5715,1678078800000000000,2373
UIS,4730613,4.44,4.19,4.54,4,1678078800000000000,26702
UITB,10477,45.73,45.55,45.73,45.5201,1678078800000000000,89
UIVM,1932,43.26,43.33,43.452,43.26,1678078800000000000,32
UJAN,5197,30.83,30.7749,30.84,30.7501,1678078800000000000,33
UJB,125429,63.18,62.948,63.27,62.948,1678078800000000000,7
UJUL,1633,26.73,26.68,26.7696,26.68,1678078800000000000,18
UJUN,1327,27.47,27.3751,27.47,27.3751,1678078800000000000,13
UK,179030,0.97,0.9861,1.02,0.9524,1678078800000000000,878
UKOMW,345,0.0245,0.0349,0.0349,0.0245,1678078800000000000,7
UL,2265666,49.42,49.5,49.71,49.34,1678078800000000000,18392
ULBI,44179,4.13,3.98,4.2,3.97,1678078800000000000,163
ULCC,1112468,11.74,11.47,11.86,11.46,1678078800000000000,11213
ULE,17609,11.13,11.155,11.18,11.13,1678078800000000000,39
ULH,103231,31.21,30.93,31.32,30.43,1678078800000000000,2490
ULST,242444,40.14,40.075,40.14,40.07,1678078800000000000,411
ULTA,640671,522.37,523.4,527.935,521.63,1678078800000000000,22353
ULTR,415,47.64,47.69,47.69,47.64,1678078800000000000,8
ULVM,513,64.6561,64.48,64.6561,64.48,1678078800000000000,14
UMAR,25488,28.41,28.36,28.44,28.3301,1678078800000000000,56
UMAY,6588,26.725,26.64,26.725,26.62,1678078800000000000,49
UMBF,124306,88.82,88.32,89.21,87.89,1678078800000000000,4561
UMC,4841547,8.4,8.31,8.46,8.28,1678078800000000000,11118
UMDD,9797,22,21.3895,22.21,21.32,1678078800000000000,74
UMH,330266,16.52,16.39,16.62,16.34,1678078800000000000,4377
UMHpD,20409,22.11,22.3,22.3,22.11,1678078800000000000,64
UMI,6150,34.34,34.3308,34.4652,34.29,1678078800000000000,71
UMMA,30791,20.67,20.6272,20.78,20.3499,1678078800000000000,191
UNAM,5979,1.1022,1.1,1.185,1.1,1678078800000000000,49
UNB,2546,24.93,24.87,24.93,24.87,1678078800000000000,155
UNCY,103033496,1.41,1.24,1.63,1.13,1678078800000000000,268294
UNF,99853,199.11,194.86,199.11,193.095,1678078800000000000,3881
UNFI,467181,42.4,41.34,42.41,41.055,1678078800000000000,13136
UNG,34733184,8.7,8.65,8.77,8.37,1678078800000000000,63216
UNH,3462559,481.37,480.78,484.35,479,1678078800000000000,62593
UNIT,4048859,5.11,5.02,5.11,4.985,1678078800000000000,18798
UNIY,1239,48.58,48.48,48.58,48.48,1678078800000000000,37
UNL,54006,12.97,13.05,13.1099,12.75,1678078800000000000,439
UNM,1792276,45.09,45.08,45.515,44.87,1678078800000000000,19126
UNMA,18907,23.97,23.955,24.0382,23.79,1678078800000000000,185
UNOV,2265,28.755,28.67,28.755,28.63,1678078800000000000,21
UNP,2299589,209.56,208.83,210.81,207.84,1678078800000000000,41933
UNTY,29906,26.54,26.23,26.54,26.21,1678078800000000000,620
UNVR,1220960,35.33,34.86,35.44,34.7787,1678078800000000000,14063
UOCT,6203,28.31,28.245,28.32,28.21,1678078800000000000,34
UONE,21756,6.95,6.8,6.95,6.75,1678078800000000000,368
UONEK,48523,5.05,4.94,5.05,4.9,1678078800000000000,653
UP,1223467,1.15,1.12,1.21,1.11,1678078800000000000,4376
UP.WS,6500,0.098,0.098,0.098,0.098,1678078800000000000,3
UPAR,30181,13.93,13.84,13.94,13.805,1678078800000000000,201
UPBD,610360,27.7,26.9,27.76,26.46,1678078800000000000,11581
UPC,46937,0.6,0.6,0.65,0.5804,1678078800000000000,113
UPH,26768,1.94,2.03,2.06,1.94,1678078800000000000,243
UPH.WS,18295,0.0388,0.027501,0.0388,0.0274,1678078800000000000,16
UPLD,491328,6,5.82,6.08,5.75,1678078800000000000,6979
UPRO,8015852,37.65,37.48,38.305,37.35,1678078800000000000,40976
UPS,2417673,185.45,186.51,187.6699,185.36,1678078800000000000,47642
UPST,4486095,19.19,18.6,19.9,18.57,1678078800000000000,41691
UPV,1868,53.38,53.394,53.394,53.36,1678078800000000000,31
UPW,524,61.5,61.48,61.5,61.48,1678078800000000000,18
UPWD,1,51.6641,51.6641,51.6641,51.6641,1678078800000000000,1
UPWK,669636,12.23,11.93,12.36,11.895,1678078800000000000,9774
UPXI,39862,4.94,4.72,4.94,4.5201,1678078800000000000,282
URA,1328312,21.56,20.93,21.56,20.885,1678078800000000000,10283
URBN,1761690,27.74,26.95,27.99,26.75,1678078800000000000,22095
URE,282,61.82,62.0112,62.0112,61.82,1678078800000000000,44
URG,1011976,1.11,1.08,1.11,1.06,1678078800000000000,3025
URGN,46050,10.39,10.12,10.39,9.72,1678078800000000000,970
URI,647568,477.96,475.02,481.99,475,1678078800000000000,21655
URNJ,87654,17.72,17.17,17.72,17.0601,1678078800000000000,607
URNM,328526,34.19,32.95,34.215,32.9,1678078800000000000,3267
UROY,540494,2.4,2.3,2.4,2.29,1678078800000000000,2342
URTH,114957,116.39,116.22,116.89,116.1,1678078800000000000,975
URTY,353672,47.77,45.67,47.83,45.08,1678078800000000000,3327
USA,463633,6.3,6.3,6.365,6.2982,1678078800000000000,2015
USAC,212663,21.79,21.91,21.95,21.65,1678078800000000000,1734
USAI,1363,27.3675,27.2727,27.3801,27.231,1678078800000000000,25
USAP,52268,9.5101,9.33,9.7,9.33,1678078800000000000,244
USAS,168788,0.4935,0.48,0.5097,0.48,1678078800000000000,546
USAU,19838,4.08,4.09,4.2269,3.98,1678078800000000000,215
USB,5603666,47.18,47.12,47.56,47,1678078800000000000,48462
USBpA,890,827.291,827.291,827.291,827.291,1678078800000000000,105
USBpH,26314,21.27,21.2,21.29,21.1019,1678078800000000000,371
USBpP,39372,24.57,24.53,24.7,24.53,1678078800000000000,376
USBpQ,32394,17.36,17.38,17.44,17.3182,1678078800000000000,289
USBpR,27037,18.43,18.405,18.45,18.3,1678078800000000000,329
USBpS,36910,20.48,20.35,20.5331,20.35,1678078800000000000,258
USBF,0,83.375,83.375,83.375,83.375,1678078800000000000,0
USCB,29576,12.66,12.58,12.94,12.46,1678078800000000000,671
USCI,33478,54.61,55.03,55.06,54.61,1678078800000000000,291
USD,122660,24.75,24.19,25.3074,24.07,1678078800000000000,1258
USDP,60506,2.97,2.93,2.9999,2.87,1678078800000000000,515
USDU,63434,26.3,26.32,26.33,26.27,1678078800000000000,502
USEA,241483,3.3,3.16,3.32,3.121,1678078800000000000,899
USEG,94446,2.15,2.1501,2.1899,2.13,1678078800000000000,280
USEP,3666,27.22,27.1799,27.2714,27.15,1678078800000000000,56
USEQ,0,35.2906,35.2906,35.2906,35.2906,1678078800000000000,0
USFD,5872846,39.53,40.1,41.28,39.34,1678078800000000000,54985
USFR,3731055,50.32,50.31,50.33,50.31,1678078800000000000,4518
USHY,4613453,35.2,35.09,35.2,35.05,1678078800000000000,9019
USIG,1477693,49.56,49.31,49.57,49.3,1678078800000000000,8851
USIO,2509,1.86,1.81,1.86,1.81,1678078800000000000,115
USL,42855,35.07,35.77,35.77,35.07,1678078800000000000,98
USLB,137,39.0701,39.1376,39.1376,39.0701,1678078800000000000,1
USLM,2314,160.68,156.24,160.68,156.24,1678078800000000000,249
USM,191185,22.94,22.65,23.07,22.58,1678078800000000000,3957
USMC,15760,38.58,38.505,38.7599,38.484,1678078800000000000,99
USMF,21181,38.44,38.37,38.57,38.2801,1678078800000000000,112
USML,0,26.9091,26.9091,26.9091,26.9091,1678078800000000000,0
USMV,1746323,71.56,71.55,71.82,71.4443,1678078800000000000,12082
USNA,76256,63.48,61.42,63.86,61.05,1678078800000000000,2990
USNZ,0,26.0886,26.0886,26.0886,26.0886,1678078800000000000,0
USO,3977842,69.29,70.49,70.521,69.05,1678078800000000000,21931
USOI,59734,82.82,83.1,83.29,82.25,1678078800000000000,1247
USPH,152406,103.17,95.81,103.17,95.78,1678078800000000000,4553
USPX,25,35.2685,35.2685,35.2685,35.2685,1678078800000000000,1
USRT,72538,53.02,52.75,53.145,52.6699,1678078800000000000,849
USSG,40275,36.98,36.9,37.15,36.885,1678078800000000000,204
UST,3361,46.24,46.15,46.33,46.05,1678078800000000000,47
USTB,12474,48.95,48.92,48.97,48.92,1678078800000000000,132
USVM,2901,67.5904,66.75,67.5904,66.6854,1678078800000000000,32
USVT,743,28.08,27.7808,28.08,27.7808,1678078800000000000,5
USX,87355,1.72,1.67,1.7399,1.65,1678078800000000000,475
USXF,58315,32.78,32.68,33.0299,32.64,1678078800000000000,405
UTAA,16265,10.39,10.36,10.39,10.36,1678078800000000000,16
UTAAU,1800,10.45,10.47,10.47,10.45,1678078800000000000,11
UTEN,9392,45.01,44.8496,45.02,44.83,1678078800000000000,109
UTES,4219,45.02,45.1253,45.1349,45.0197,1678078800000000000,44
UTF,135621,24.55,24.43,24.57,24.335,1678078800000000000,966
UTG,309100,28.44,28.27,28.44,28.24,1678078800000000000,2524
UTHR,371977,247.6,248.02,249.02,245.38,1678078800000000000,11615
UTI,208727,7.35,7.11,7.35,7.03,1678078800000000000,1803
UTL,85618,54.29,53.85,55.21,52.99,1678078800000000000,2343
UTMD,24581,96,93.23,96.1852,92.625,1678078800000000000,612
UTME,40413,1.01,0.987,1.02,0.92,1678078800000000000,108
UTRN,2744,24.3,24.46,24.48,24.3,1678078800000000000,16
UTRS,134964,0.2875,0.295,0.30565,0.281,1678078800000000000,558
UTSI,867,4.39,4.615,4.615,4.39,1678078800000000000,25
UTSL,44901,27.22,27.51,27.7,27.0307,1678078800000000000,616
UTWO,74421,48.36,48.31,48.36,48.29,1678078800000000000,374
UTZ,436566,17.14,17.33,17.47,17.01,1678078800000000000,9747
UUP,4169059,28.28,28.27,28.305,28.21,1678078800000000000,6178
UUU,22694,2.55,2.534,2.59,2.5,1678078800000000000,119
UUUU,1391395,6.64,6.45,6.67,6.405,1678078800000000000,9049
UVDV,625,9.4,9.395,9.4,9.395,1678078800000000000,2
UVE,497808,19.45,19.27,19.589,18.74,1678078800000000000,8450
UVIX,2339387,15.99,15.64,16.0582,15.54,1678078800000000000,13473
UVSP,91676,28.46,28.21,28.5075,27.97,1678078800000000000,2631
UVV,141608,51.4,51.2,51.555,50.76,1678078800000000000,5400
UVXY,29634107,4.52,4.45,4.54,4.42,1678078800000000000,45169
UWM,611456,36.86,35.77,36.88,35.44,1678078800000000000,3169
UWMC,1092529,4.86,4.76,5,4.64,1678078800000000000,7886
UWMC.WS,7257,0.1976,0.17,0.2,0.1652,1678078800000000000,40
UXI,4406,25.4499,25.0522,25.45,25.0522,1678078800000000000,21
UXIN,84351,2.85,2.91,3.03,2.83,1678078800000000000,554
UYG,10176,50.35,50.47,50.95,50.35,1678078800000000000,116
UYLD,8426,50.29,50.29,50.32,50.26,1678078800000000000,50
UYM,146953,26,25.19,26,25.01,1678078800000000000,465
UZD,25119,18.25,18.36,18.4815,18.25,1678078800000000000,276
UZE,19024,16.8,17.01,17.01,16.8,1678078800000000000,252
UZF,19867,16.74,16.95,16.98,16.74,1678078800000000000,250
V,5707210,223.93,226.75,227.415,223.69,1678078800000000000,95417
VABK,7381,39.33,39.34,39.5999,39.16,1678078800000000000,230
VABS,33,23.17,23.17,23.17,23.17,1678078800000000000,2
VAC,321619,154.06,154.94,157.25,153.8,1678078800000000000,10831
VACC,37046,3.1,3.04,3.23,2.983,1678078800000000000,218
VAL,2923707,74.78,75.65,77.71,73.86,1678078800000000000,36522
VAL.WS,6692,12.03,13.2,13.7699,12.03,1678078800000000000,148
VALE,46661471,16.73,16.69,16.78,16.55,1678078800000000000,85146
VALN,5447,12.0029,12.26,12.7499,12.0029,1678078800000000000,146
VALQ,2023,49.04,48.7539,49.1,48.75,1678078800000000000,28
VALT,3789,48.33,48.4,48.4,48.33,1678078800000000000,89
VALU,562,51.5,51.5,51.5,51.5,1678078800000000000,75
VAMO,20740,27.68,27.38,27.68,27.33,1678078800000000000,222
VANI,16760,1.1,1.09,1.1299,1.08,1678078800000000000,132
VAPO,116270,0.8861,0.8813,0.9199,0.825,1678078800000000000,581
VAQC,2415,10.29,10.3,10.32,10.15,1678078800000000000,28
VATE,253528,3.43,3.33,3.53,3.28,1678078800000000000,1115
VAW,56931,187.2,184.14,187.2,183.88,1678078800000000000,1365
VAXX,258946,2.39,2.41,2.6,2.37,1678078800000000000,1742
VB,316887,201.6,199.13,202.03,198.5501,1678078800000000000,7280
VBF,57415,16.05,16.05,16.21,15.85,1678078800000000000,304
VBIV,1261210,0.49,0.436,0.5015,0.4227,1678078800000000000,3630
VBK,138940,224.96,221.95,225.089,221.3,1678078800000000000,3412
VBLT,1820728,0.1769,0.1672,0.1869,0.1526,1678078800000000000,2398
VBND,32119,43.165,43.045,43.165,43.01,1678078800000000000,56
VBNK,1862,7.5,7.41,7.5,7.41,1678078800000000000,21
VBOC,7909,10.3,10.3,10.3,10.2973,1678078800000000000,17
VBOCW,1000,0.0626,0.0626,0.0626,0.0626,1678078800000000000,1
VBR,350939,172.38,169.97,172.51,169.53,1678078800000000000,6747
VBTX,248254,26.68,26.24,26.79,26.01,1678078800000000000,5247
VC,266803,165.23,164.98,167.785,163.32,1678078800000000000,9446
VCAR,593,7.73,7.5667,7.73,7.5667,1678078800000000000,37
VCEB,23479,61.19,60.95,61.19,60.925,1678078800000000000,178
VCEL,331060,31.39,30.03,31.61,29.75,1678078800000000000,7961
VCIF,4733,9.98,9.99,10.0399,9.98,1678078800000000000,24
VCIT,6088466,78.03,77.7,78.04,77.66,1678078800000000000,17939
VCLN,6,22.9761,22.9761,22.9761,22.9761,1678078800000000000,2
VCLO,6623,5.05,4.955,5.06,4.9529,1678078800000000000,33
VCLT,1684099,77.4,76.6,77.43,76.54,1678078800000000000,9353
VCNX,57037,0.4928,0.4792,0.503648,0.475,1678078800000000000,247
VCR,57139,249.49,247.07,250.59,247.07,1678078800000000000,1222
VCSA,472751,1.42,1.36,1.46,1.34,1678078800000000000,2214
VCSH,2797939,75.22,75.09,75.22,75.05,1678078800000000000,10139
VCTR,402633,32.73,32.61,33,32.43,1678078800000000000,7577
VCV,82155,9.45,9.41,9.48,9.41,1678078800000000000,341
VCXAU,500,10.12,10.12,10.12,10.12,1678078800000000000,1
VCXAW,10736,0.1198,0.1071,0.1198,0.1071,1678078800000000000,11
VCXB,107,10.24,10.24,10.24,10.24,1678078800000000000,6
VCXB.U,302,10.86,10.57,10.86,10.57,1678078800000000000,4
VCXB.WS,2600,0.0896,0.08,0.0896,0.08,1678078800000000000,5
VCYT,627387,24.85,23.73,25,23.56,1678078800000000000,10569
VDC,72534,188.45,188.7,189.15,188.19,1678078800000000000,1738
VDE,339528,120.98,121.54,121.675,120.39,1678078800000000000,4396
VDNI,1,21.8723,21.8723,21.8723,21.8723,1678078800000000000,1
VEA,8224237,45.08,45.06,45.23,44.9852,1678078800000000000,29704
VECO,241524,21.85,21.11,21.99,20.95,1678078800000000000,5282
VECT,21991,9.035,8.98,9.3,8.85,1678078800000000000,332
VEDU,27077,0.88,0.8551,0.91,0.8075,1678078800000000000,105
VEEE,12283,1.93,1.9297,1.9399,1.85,1678078800000000000,80
VEEV,1173087,180.65,176.37,181.7,176.175,1678078800000000000,21233
VEGA,630,35.66,35.605,35.81,35.605,1678078800000000000,16
VEGI,62362,44.21,43.79,44.21,43.7282,1678078800000000000,711
VEGN,3700,34.63,34.5948,34.88,34.56,1678078800000000000,45
VEL,45197,9.55,9.3,9.64,9.135,1678078800000000000,548
VEMY,79,25.03,25.03,25.03,25.03,1678078800000000000,2
VEON,206885,0.695,0.7054,0.7198,0.67625,1678078800000000000,269
VERA,656700,7.77,8.36,8.48,7.63,1678078800000000000,6992
VERB,1123570,0.1409,0.1402,0.145,0.1351,1678078800000000000,2072
VERBW,14708,0.0387,0.032,0.0387,0.0318,1678078800000000000,13
VERI,983587,7.41,7.77,8.04,7.395,1678078800000000000,9675
VERO,339585,0.2396,0.2301,0.25,0.2228,1678078800000000000,526
VERS,3559,32.9177,32.7376,32.9177,32.7376,1678078800000000000,201
VERU,3764012,2.45,2.435,2.58,2.4,1678078800000000000,17532
VERV,978542,19.51,18.81,19.54,18.44,1678078800000000000,14008
VERX,252678,15.33,15,15.42,14.89,1678078800000000000,3936
VERY,1607,7.52,7.675,7.675,7.52,1678078800000000000,210
VET,1269193,14.01,13.85,14.05,13.795,1678078800000000000,9694
VEU,1634878,53.38,53.34,53.56,53.27,1678078800000000000,6758
VEV,17775,0.93,0.9,0.94,0.9,1678078800000000000,149
VFC,7842275,26.21,24.85,26.3,24.825,1678078800000000000,68562
VFF,425559,1.03,1.01,1.03,1,1678078800000000000,2196
VFH,267164,87.88,87.68,88.4,87.53,1678078800000000000,3266
VFL,12577,10.49,10.42,10.49,10.38,1678078800000000000,77
VFMF,9877,105.65,104.0708,105.65,103.88,1678078800000000000,142
VFMO,11436,118.605,117.6921,118.605,117.45,1678078800000000000,179
VFMV,3069,99.8,98.7126,99.8,98.62,1678078800000000000,55
VFQY,4703,112.05,111.1911,112.24,110.98,1678078800000000000,98
VFVA,43335,107.14,105.61,107.14,105.36,1678078800000000000,210
VGAS,61501,8.965,9,10,8.5619,1678078800000000000,764
VGASW,6100,0.25,0.24,0.25,0.24,1678078800000000000,3
VGI,57867,8.01,8.02,8.1,8.01,1678078800000000000,123
VGIT,1729794,58.08,57.91,58.08,57.8801,1678078800000000000,4674
VGK,1451119,60.769,60.78,61.02,60.685,1678078800000000000,14370
VGLT,600045,62.87,62.27,62.93,62.2,1678078800000000000,3605
VGM,121559,9.73,9.75,9.78,9.73,1678078800000000000,527
VGR,791814,13.34,13.18,13.46,13.11,1678078800000000000,12597
VGSH,2547002,57.55,57.5,57.55,57.48,1678078800000000000,5894
VGT,534128,363.38,362.28,367.33,362.04,1678078800000000000,12372
VGZ,53027,0.51,0.5244,0.525,0.51,1678078800000000000,156
VHAQ,13798,10.76,10.77,10.77,10.76,1678078800000000000,19
VHAQ.WS,78468,0.05,0.025,0.05,0.025,1678078800000000000,61
VHC,79206,1.71,1.76,1.76,1.7,1678078800000000000,474
VHI,14349,25,24.5,25.89,24.2401,1678078800000000000,344
VHNA,1677,10.4,10.42,10.42,10.4,1678078800000000000,16
VHT,159393,239.06,238.26,239.51,237.7741,1678078800000000000,4169
VIA,227959,5.45,5.17,5.5,4.9441,1678078800000000000,2545
VIAO,615,2.955,3.03,3.0855,2.955,1678078800000000000,10
VIASP,6544,24.64,24.4604,24.64,24.36,1678078800000000000,85
VIAV,1964263,10.975,10.51,10.975,10.5,1678078800000000000,17254
VICE,280,28.68,28.5747,28.68,28.5747,1678078800000000000,26
VICI,5301083,34.17,33.94,34.34,33.825,1678078800000000000,42123
VICR,732862,45.74,43.23,45.75,42.7,1678078800000000000,15179
VIDI,9364,23.13,23.06,23.205,23.06,1678078800000000000,53
VIEW,476978,0.5582,0.5708,0.58,0.5582,1678078800000000000,1941
VIEWW,33420,0.0301,0.05,0.05,0.03,1678078800000000000,23
VIG,909177,154.25,154.17,155.0108,153.93,1678078800000000000,18924
VIGI,174081,72.57,72.38,72.68,72.29,1678078800000000000,1774
VIGL,39241,11.43,11.66,11.78,11.17,1678078800000000000,764
VINC,73138,1.18,1.16,1.21,1.16,1678078800000000000,227
VINE,32057,1.04,0.98,1.05,0.98,1678078800000000000,254
VINO,69529,1.12,1.1,1.12,1.06,1678078800000000000,487
VINP,31758,9.68,9.34,9.68,9.25,1678078800000000000,626
VIOG,7020,201.18,197.01,201.18,196.583,1678078800000000000,378
VIOO,76130,190.49,186.23,190.49,185.54,1678078800000000000,908
VIOT,5737,1.0879,1.09,1.1379,1.0879,1678078800000000000,47
VIOV,39388,176.89,171.9,176.89,171.25,1678078800000000000,932
VIPS,6870470,14.86,14.52,14.87,14.2,1678078800000000000,40368
VIR,1528439,24.45,23.09,24.45,22.86,1678078800000000000,19987
VIRC,17246,4.61,4.55,4.65,4.45,1678078800000000000,109
VIRI,1534165,0.325,0.405,0.4844,0.3047,1678078800000000000,1555
VIRS,11,28.3809,28.3809,28.3809,28.3809,1678078800000000000,2
VIRT,1030688,18.75,18.35,18.75,18.3,1678078800000000000,11723
VIRX,28532,1.82,1.73,1.84,1.69,1678078800000000000,347
VIS,197558,196.94,195.92,197.88,195.7525,1678078800000000000,2208
VISL,102208,0.46,0.4524,0.4743,0.4451,1678078800000000000,391
VIST,589228,19.2,19.57,19.69,18.82,1678078800000000000,4739
VITL,232698,15.93,15.72,15.93,15.55,1678078800000000000,5798
VIV,1694779,7.33,7.46,7.495,7.26,1678078800000000000,9221
VIVK,16114,1.22,1.21,1.22,1.1733,1678078800000000000,72
VIXM,42517,25.14,24.78,25.14,24.78,1678078800000000000,335
VIXY,3919381,8.72,8.67,8.75,8.6,1678078800000000000,13116
VJET,8642,2.28,2.4205,2.5198,2.23,1678078800000000000,65
VKI,52511,8.49,8.45,8.49,8.41,1678078800000000000,201
VKQ,143846,9.42,9.45,9.45,9.41,1678078800000000000,792
VKTX,1388580,11.81,11.52,11.85,11.43,1678078800000000000,13620
VLAT,2104,10.2,10.2,10.2,10.2,1678078800000000000,7
VLCN,19344,1.68,1.7,1.74,1.68,1678078800000000000,177
VLD,1858613,3.28,3.2,3.33,3.1201,1678078800000000000,9689
VLD.WS,2320,0.5,0.480001,0.51,0.480001,1678078800000000000,18
VLGEA,65777,22.74,22.68,23.01,22.51,1678078800000000000,1009
VLN,717802,4.79,4.14,4.8,4.09,1678078800000000000,4014
VLN.WS,224714,0.29065,0.212101,0.29065,0.2111,1678078800000000000,167
VLO,3386609,139.2,139.69,140.28,138.2862,1678078800000000000,58005
VLON,6865256,0.3687,0.6,0.6379,0.3687,1678078800000000000,11132
VLRS,215790,12.06,11.98,12.251,11.96,1678078800000000000,2603
VLT,13837,11,10.99,11.02,10.9746,1678078800000000000,118
VLTA,1365342,0.8456,0.8513,0.8547,0.84,1678078800000000000,2690
VLTA.WS,27419,0.2011,0.207638,0.207638,0.201,1678078800000000000,59
VLU,13702,146.02,145.5366,146.1,145.4749,1678078800000000000,69
VLUE,535011,95.61,95.1,95.93,94.94,1678078800000000000,8783
VLY,2054863,11.4,11.31,11.51,11.255,1678078800000000000,17079
VLYPO,10287,25.45,25.6,25.64,25.44,1678078800000000000,120
VLYPP,2243,25.29,25.19,25.29,25.15,1678078800000000000,55
VMAR,9367,4.13,4.02,4.23,3.9803,1678078800000000000,81
VMAT,35,24.7684,24.7684,24.7684,24.7684,1678078800000000000,1
VMBS,1139187,45.69,45.42,45.69,45.39,1678078800000000000,5538
VMC,692253,182.09,179.79,182.5599,178.77,1678078800000000000,17702
VMCA,257,10.51,10.51,10.51,10.51,1678078800000000000,4
VMCAW,4410,0.099,0.0544,0.099,0.0354,1678078800000000000,50
VMD,186360,7.85,8.35,8.37,7.5085,1678078800000000000,3399
VMEO,2262065,3.92,3.84,4.005,3.76,1678078800000000000,14854
VMI,136759,331.04,324.73,332,321.32,1678078800000000000,5015
VMO,116930,9.39,9.39,9.4,9.35,1678078800000000000,527
VMOT,1041,24.28,24.2827,24.2899,24.231,1678078800000000000,16
VMW,1137766,118.35,119.39,120.26,118.35,1678078800000000000,21316
VNAM,6731,14.6697,14.73,14.8,14.6697,1678078800000000000,33
VNCE,224,7.044,7.044,7.044,7.044,1678078800000000000,17
VNDA,605960,6.36,6.33,6.44,6.285,1678078800000000000,6292
VNET,1332887,4.07,4,4.17,3.945,1678078800000000000,5434
VNLA,252342,47.73,47.73,47.76,47.73,1678078800000000000,964
VNM,1372718,11.6,11.48,11.608,11.44,1678078800000000000,4188
VNMC,11,29.6132,29.6132,29.6132,29.6132,1678078800000000000,1
VNO,2482446,19.81,19.77,20.205,19.6,1678078800000000000,24255
VNOpL,77702,16.8,16.69,16.92,16.62,1678078800000000000,460
VNOpM,43572,16.34,16.32,16.3995,16.0916,1678078800000000000,347
VNOpN,31544,16.42,16.42,16.48,16.33,1678078800000000000,252
VNOpO,14052,14.01,14,14.185,13.9301,1678078800000000000,149
VNOM,320367,30.28,30,30.32,29.65,1678078800000000000,4723
VNQ,3890367,87.33,86.59,87.41,86.385,1678078800000000000,46043
VNQI,171475,41.99,41.98,42.1808,41.8607,1678078800000000000,1924
VNRX,35251,1.9,1.94,1.98,1.9,1678078800000000000,265
VNSE,351,26.61,26.44,26.61,26.44,1678078800000000000,6
VNT,1372550,27.5,27.2,27.7,27.145,1678078800000000000,13709
VNTR,257210,0.455,0.425,0.455,0.425,1678078800000000000,540
VO,432695,218.82,217.39,219.5348,217.13,1678078800000000000,7776
VOC,84049,8.45,8.8,8.8,8.4159,1678078800000000000,600
VOD,18127353,12.09,11.88,12.1375,11.84,1678078800000000000,48846
VOE,406045,141.81,141.13,142.3199,140.89,1678078800000000000,4914
VONE,2031763,185.47,184.75,186.27,184.64,1678078800000000000,3148
VONG,477997,60.49,60.31,60.93,60.24,1678078800000000000,2761
VONV,277228,68.79,68.62,69.03,68.51,1678078800000000000,1350
VOO,2605393,372.26,371.73,374.44,371.3,1678078800000000000,71727
VOOG,81191,223.38,223.63,225.06,223.33,1678078800000000000,2491
VOOV,95458,148.41,147.78,149.07,147.678,1678078800000000000,1438
VOR,109784,5.26,5.23,5.325,5.09,1678078800000000000,1533
VORB,615840,1.36,1.22,1.36,1.22,1678078800000000000,3245
VORBW,77248,0.1666,0.14,0.1666,0.13,1678078800000000000,60
VOT,101117,198.16,196.63,199,196.36,1678078800000000000,2360
VOTE,34012,46.9,46.92,47.228,46.86,1678078800000000000,260
VOX,110730,93.29,92.77,94,92.71,1678078800000000000,1221
VOXR,24907,2.48,2.43,2.48,2.31,1678078800000000000,68
VOXX,76600,12.15,11.97,12.24,11.84,1678078800000000000,1399
VOYA,2074892,75.83,74.96,75.95,74.15,1678078800000000000,23066
VOYApB,23922,24.04,24.03,24.2,23.75,1678078800000000000,346
VPC,5375,22.23,22.27,22.48,22.21,1678078800000000000,65
VPCB,2342133,10.25,10.27,10.27,10.24,1678078800000000000,1170
VPCBU,300,10.24,10.22,10.2404,10.22,1678078800000000000,3
VPCBW,37639,0.01,0.0017,0.01,0.0017,1678078800000000000,78
VPG,72918,44.77,44.03,44.795,43.95,1678078800000000000,1676
VPL,723955,67.34,67.24,67.5,67.105,1678078800000000000,5168
VPN,10617,13.01,12.91,13.038,12.885,1678078800000000000,59
VPU,156210,144.75,145.42,145.88,144.66,1678078800000000000,2310
VPV,26150,9.83,9.82,9.8694,9.81,1678078800000000000,74
VQS,21041,0.3752,0.3629,0.3752,0.331101,1678078800000000000,99
VR,458,21.59,21.5,21.59,21.5,1678078800000000000,15
VRA,243126,5.52,5.35,5.64,5.335,1678078800000000000,2863
VRAI,3592,24.13,24.2129,24.2299,24.13,1678078800000000000,24
VRAR,44592,4.05,4.06,4.2713,4.03,1678078800000000000,300
VRAX,30417,0.704949,0.6629,0.71,0.6601,1678078800000000000,138
VRAY,1427535,4.11,4.09,4.14,4.01,1678078800000000000,7368
VRCA,103214,7.21,7.27,7.72,7.2,1678078800000000000,1665
VRDN,252182,32.85,32.65,32.85,32.0969,1678078800000000000,5793
VRE,519089,16.12,15.93,16.19,15.91,1678078800000000000,5142
VREX,228433,18.23,17.91,18.23,17.69,1678078800000000000,4240
VRIG,102226,24.98,24.98,24.99,24.96,1678078800000000000,624
VRM,2584261,0.974,0.92,0.9927,0.92,1678078800000000000,7652
VRME,13162,1.82,1.73,1.82,1.71,1678078800000000000,109
VRMEW,401,0.25,0.245,0.25,0.245,1678078800000000000,5
VRNA,535753,22.58,22.45,22.675,21.7,1678078800000000000,6295
VRNS,623536,28,27.51,28.09,27.26,1678078800000000000,9770
VRNT,304654,38.69,38.03,38.98,37.95,1678078800000000000,7694
VRP,209363,23.25,23.24,23.2704,23.23,1678078800000000000,1140
VRPX,26040,0.93,0.88,0.93,0.88,1678078800000000000,98
VRRM,1761428,17.66,17.58,17.745,17.43,1678078800000000000,17176
VRSK,1299087,186.63,187.7,189.36,186.48,1678078800000000000,25921
VRSN,378055,200.93,199.83,202.57,199.64,1678078800000000000,14114
VRT,3297729,16.39,16.19,16.61,16.02,1678078800000000000,23690
VRTS,68779,208.56,202.31,211.53,200.43,1678078800000000000,3318
VRTV,294411,140.48,134,140.48,133,1678078800000000000,7198
VRTX,1017003,290,291.62,294,288.88,1678078800000000000,27528
VS,545045,0.67,0.66,0.725,0.6,1678078800000000000,1243
VSACW,26601,0.05,0.0604,0.0632,0.0498,1678078800000000000,32
VSAT,1785355,33.97,35.89,36.35,33.45,1678078800000000000,28688
VSCO,2789661,35.78,34.53,36.69,34.23,1678078800000000000,35764
VSDA,13943,45.73,45.54,45.86,45.48,1678078800000000000,259
VSEC,45627,57.89,56.88,58,56.085,1678078800000000000,1693
VSGX,134270,52.27,52.2,52.46,52.17,1678078800000000000,942
VSH,789784,21.85,21.5,21.85,21.375,1678078800000000000,9835
VSLU,15045,24.775,24.7358,24.91,24.7358,1678078800000000000,21
VSMV,2311,38.45,38.3644,38.48,38.3644,1678078800000000000,28
VSS,155832,110.52,110.27,110.7499,110.08,1678078800000000000,2889
VST,16277712,22.05,24.38,25.03,22.05,1678078800000000000,108550
VST.WS.A,17299,0.065,0.11,0.11,0.0426,1678078800000000000,10
VSTA,6117,3.76,3.89,4,3.76,1678078800000000000,35
VSTM,354997,0.5,0.4667,0.5,0.465,1678078800000000000,1233
VSTO,583091,29,28.39,29.3624,28.35,1678078800000000000,10740
VT,2046624,91.87,91.64,92.25,91.54,1678078800000000000,17835
VTC,63579,74.8,74.43,74.84,74.43,1678078800000000000,346
VTEB,4190113,49.49,49.4,49.5,49.325,1678078800000000000,23950
VTEX,193165,3.85,3.86,3.86,3.73,1678078800000000000,2344
VTGN,2223196,0.1735,0.16,0.1735,0.155,1678078800000000000,4267
VTHR,20684,183.28,182.49,183.75,182.17,1678078800000000000,279
VTI,3795075,203.86,203.3,204.98,203.03,1678078800000000000,60859
VTIP,2540919,47.09,47.04,47.13,47.04,1678078800000000000,6718
VTLE,658490,56.06,54.55,56.41,54.04,1678078800000000000,11512
VTN,22375,10.02,9.97,10.04,9.97,1678078800000000000,152
VTNR,4952465,11.2,9.97,11.2,9.69,1678078800000000000,34001
VTOL,87416,28.23,27.72,28.2308,27.585,1678078800000000000,2551
VTR,1595686,48.73,48.88,49.015,48.57,1678078800000000000,22324
VTRS,16842548,11.13,10.86,11.14,10.74,1678078800000000000,60847
VTRU,28417,23.5,23.39,23.5,23.06,1678078800000000000,309
VTS,489374,20.4,19.35,20.9933,19.2,1678078800000000000,6073
VTSI,6498,4.28,4.32,4.36,4.23,1678078800000000000,98
VTV,1818816,141.9799,141.86,142.46,141.64,1678078800000000000,19549
VTVT,2473266,0.9163,0.9399,0.95,0.813,1678078800000000000,7267
VTWG,7910,173.64,171,173.64,170.66,1678078800000000000,184
VTWO,857560,77.32,76.15,77.4,75.83,1678078800000000000,6696
VTWV,8542,131.69,129.58,131.69,129.2323,1678078800000000000,275
VTYX,552530,46.43,43.84,46.55,43.52,1678078800000000000,12826
VUG,727506,237.92,237.45,240.33,237.2681,1678078800000000000,14802
VUSB,590363,48.96,48.96,48.99,48.95,1678078800000000000,1810
VUSE,7255,44.65,44.4013,44.65,44.27,1678078800000000000,38
VUZI,656426,4.14,4.11,4.29,4.07,1678078800000000000,6432
VV,167703,184.97,184.69,186.08,184.47,1678078800000000000,2637
VVI,107625,24.72,23.2,24.72,23.06,1678078800000000000,2893
VVNT,2350423,11.98,12,12,11.98,1678078800000000000,14372
VVOS,842754,0.43,0.413,0.4488,0.38,1678078800000000000,1675
VVPR,70061,0.532,0.5396,0.5625,0.5202,1678078800000000000,308
VVR,1017769,4.05,4.12,4.13,4.04,1678078800000000000,2918
VVV,2314577,37.05,36.5,37.15,36.45,1678078800000000000,22409
VVX,133727,45.43,46.07,47.71,45.3369,1678078800000000000,2904
VWE,397323,1.53,1.47,1.53,1.455,1678078800000000000,2252
VWEWW,41569,0.16,0.2,0.2,0.1514,1678078800000000000,88
VWID,98,25.5785,25.5785,25.5785,25.5785,1678078800000000000,3
VWO,8320158,40.65,40.55,40.8255,40.51,1678078800000000000,31882
VWOB,211357,61.54,61.1,61.54,61.1,1678078800000000000,1863
VXF,179895,147.97,145.94,148.045,145.56,1678078800000000000,4142
VXRT,1487322,0.882,0.806,0.8838,0.8,1678078800000000000,4752
VXUS,2468586,55.09,55.05,55.28,54.9828,1678078800000000000,12980
VXX,8592523,10.79,10.71,10.86,10.68,1678078800000000000,25711
VXZ,18596,21.46,21.21,21.46,21.21,1678078800000000000,162
VYGR,903296,7.71,7.96,8.13,7.25,1678078800000000000,6980
VYM,1139334,108.56,108.49,108.84,108.261,1678078800000000000,14866
VYMI,260528,63.35,63.45,63.6116,63.3001,1678078800000000000,2363
VYNE,16866,3.18,3.07,3.2499,3.07,1678078800000000000,350
VYNT,16742,0.7271,0.73,0.75,0.7,1678078800000000000,115
VZ,22916449,38.37,38.15,38.63,38.05,1678078800000000000,136485
VZIO,493400,9.92,9.68,10.08,9.585,1678078800000000000,7337
VZLA,146920,1.33,1.28,1.3399,1.2701,1678078800000000000,281
W,3545950,40.91,39.23,41.79,39.12,1678078800000000000,35533
WAB,643997,107.31,106.98,107.86,106.75,1678078800000000000,14347
WABC,138268,55.39,54.91,56.17,54.65,1678078800000000000,3795
WAFD,1311246,34.97,35.27,35.67,34.89,1678078800000000000,19305
WAFDP,22856,19.34,19.2814,19.47,19.1385,1678078800000000000,156
WAFU,9081,2.35,2.37,2.3999,2.35,1678078800000000000,34
WAL,544490,75.71,75.39,76.9,74.935,1678078800000000000,12358
WALpA,16885,21.22,21.2,21.22,21.0271,1678078800000000000,175
WALD,11305,7.91,8.2,8.355,7.9,1678078800000000000,131
WANT,74213,22.35,21.69,22.5,21.65,1678078800000000000,596
WASH,77275,42.13,41.74,42.26,41.43,1678078800000000000,2360
WAT,365716,326.65,321.59,331.48,320.85,1678078800000000000,11047
WATT,386837,0.58,0.59,0.6175,0.58,1678078800000000000,959
WAVC,9705,10.17,10.17,10.17,10.17,1678078800000000000,4
WAVC.U,100,10.1947,10.1947,10.1947,10.1947,1678078800000000000,1
WAVD,390952,1.31,1.21,1.43,1.05,1678078800000000000,1254
WAVE,4129,3.53,3.6,3.6,3.4101,1678078800000000000,59
WB,1913555,18.73,18.32,19.1,18.13,1678078800000000000,16896
WBA,7551329,36.05,35.45,36.15,35.36,1678078800000000000,67696
WBAT,1011,35.8901,35.6375,35.9314,35.6375,1678078800000000000,18
WBD,11432609,15.65,15.13,15.85,15.12,1678078800000000000,64509
WBIF,1079,27.805,27.7298,27.814,27.7298,1678078800000000000,16
WBIG,1495,23.27,23.2609,23.28,23.22,1678078800000000000,15
WBIL,1764,28.35,28.17,28.35,28.17,1678078800000000000,25
WBIY,2864,28.23,27.82,28.23,27.82,1678078800000000000,52
WBND,3439,20.225,20.155,20.24,20.125,1678078800000000000,113
WBS,837961,51.84,51.6,52.76,51.38,1678078800000000000,15953
WBSpF,2595,21.7,21.55,21.71,21.38,1678078800000000000,80
WBSpG,3317,24.9984,25,25.0999,24.9401,1678078800000000000,58
WBX,379557,5.96,5.74,5.96,5.65,1678078800000000000,3749
WBX.WS,900,1.0628,1.01,1.0628,1.01,1678078800000000000,5
WCBR,6330,18.36,18.15,18.4401,18.15,1678078800000000000,55
WCC,399560,173.38,171.28,175,171.175,1678078800000000000,10232
WCCpA,20497,27.73,27.65,27.73,27.52,1678078800000000000,431
WCEO,28,26.9757,26.9757,26.9757,26.9757,1678078800000000000,5
WCLD,309890,29.71,29.43,30.059,29.38,1678078800000000000,2063
WCN,1024050,133.62,135.4,136.33,133.51,1678078800000000000,18628
WD,162952,88.27,86.26,89.11,85.25,1678078800000000000,5622
WDAY,1697463,191,188.82,192.67,188.53,1678078800000000000,33078
WDC,6188435,38.76,37.78,38.845,37.66,1678078800000000000,41288
WDFC,106953,173.05,169.67,173.83,168.1,1678078800000000000,8118
WDH,764390,3.05,3.01,3.055,2.94,1678078800000000000,3389
WDI,152821,14.27,14.02,14.27,14.01,1678078800000000000,772
WDIV,9832,60.43,60.1712,60.53,60.09,1678078800000000000,181
WDNA,103,17.54,17.4354,17.54,17.4354,1678078800000000000,4
WDS,1051177,24.98,25.37,25.54,24.98,1678078800000000000,7669
WE,5385362,1.16,1.15,1.22,1.12,1678078800000000000,12283
WE.WS,2623,0.1648,0.18,0.18,0.15,1678078800000000000,7
WEA,90035,10.41,10.42,10.45,10.405,1678078800000000000,307
WEAT,892328,7.08,7.04,7.09,7.03,1678078800000000000,2788
WEAV,105276,5.47,5.32,5.47,5.275,1678078800000000000,850
WEBL,2908470,8.14,7.92,8.45,7.92,1678078800000000000,10004
WEBS,647727,22.11,22.84,22.84,21.37,1678078800000000000,3017
WEC,1244217,89.49,89.84,90.125,89.26,1678078800000000000,22418
WEED,1302,5.73,5.6302,5.73,5.63,1678078800000000000,57
WEIX,1715,20.74,20.6833,20.75,20.6833,1678078800000000000,7
WEJO,60951,0.7036,0.6515,0.7036,0.6377,1678078800000000000,371
WEJOW,845,0.0956,0.0906,0.0958,0.0906,1678078800000000000,11
WEL,25028,10.4,10.4,10.4,10.4,1678078800000000000,7
WEL.WS,88336,0.545001,0.500001,0.55,0.484999,1678078800000000000,107
WELL,2880204,75.6,75.19,75.98,74.905,1678078800000000000,28923
WEN,3661027,21.75,21.75,21.94,21.55,1678078800000000000,30680
WERN,368320,46.155,46.93,47.72,46.155,1678078800000000000,9462
WES,797207,26.91,26.96,27.43,26.91,1678078800000000000,9130
WEST,313102,11.28,10.8,11.38,10.69,1678078800000000000,3287
WESTW,43678,2,1.9999,2,1.89,1678078800000000000,71
WETG,541485,0.3339,0.3351,0.3469,0.331,1678078800000000000,614
WEX,203732,196.57,193.58,198.22,193.31,1678078800000000000,6702
WEYS,16009,26.19,25.12,26.19,24.89,1678078800000000000,639
WF,61088,27.2,27.01,27.2,26.95,1678078800000000000,1115
WFC,14221091,46.88,46.63,47.18,46.51,1678078800000000000,91956
WFCpA,80612,19.38,19.35,19.44,19.32,1678078800000000000,570
WFCpC,282073,18.15,18.2,18.27,18.1,1678078800000000000,1131
WFCpD,79170,18.06,18.05,18.16,18.0201,1678078800000000000,488
WFCpL,6899,1180.32,1179.5,1181.9,1176.695,1678078800000000000,636
WFCpQ,73659,24.7,24.71,24.76,24.6433,1678078800000000000,591
WFCpR,70390,25.12,25.02,25.1387,25.02,1678078800000000000,801
WFCpY,34900,23.54,23.45,23.6,23.45,1678078800000000000,313
WFCpZ,85735,19.6,19.56,19.65,19.51,1678078800000000000,807
WFCF,5851,13.47,13.65,13.69,13.445,1678078800000000000,129
WFG,205282,76.9,77.5,77.58,76.65,1678078800000000000,3382
WFH,3558,45.73,45.4376,46.255,45.4376,1678078800000000000,51
WFHY,36151,44.66,44.46,44.66,44.45,1678078800000000000,276
WFIG,188,43.37,43.36,43.37,43.36,1678078800000000000,5
WFRD,769230,68.7,69.01,69.5,67.55,1678078800000000000,14010
WGMI,45075,7.5,7.4386,7.75,7.41,1678078800000000000,220
WGO,516933,63.97,64.19,64.37,63.22,1678078800000000000,11860
WGRO,377,21.0308,21.0308,21.0308,21.0308,1678078800000000000,7
WGS,4254690,0.4825,0.4401,0.4825,0.43,1678078800000000000,15104
WGSWW,787,0.02,0.026,0.026,0.02,1678078800000000000,3
WH,506470,78.4,78.41,78.97,78.1,1678078800000000000,11131
WHD,482833,48.04,47.67,48.24,47.35,1678078800000000000,9738
WHF,253894,13.16,13.02,13.3,12.99,1678078800000000000,1433
WHG,24363,13.6,13.72,14.18,13.6,1678078800000000000,236
WHLM,11729,3.93,3.91,4.15,3.91,1678078800000000000,64
WHLR,2996,1.57,1.7,1.7,1.53,1678078800000000000,80
WHLRD,2424,12.58,12.83,12.91,12.5,1678078800000000000,18
WHLRP,6431,1.7725,1.8,1.8,1.764,1678078800000000000,20
WHR,952670,139.33,137.24,140.6,136.88,1678078800000000000,18218
WIA,45817,8.63,8.67,8.725,8.63,1678078800000000000,212
WILC,2515,13.05,13.05,13.275,13.05,1678078800000000000,32
WIMI,275795,1.27,1.25,1.278,1.21,1678078800000000000,774
WINA,12238,298.32,291.53,298.32,291.1,1678078800000000000,802
WINC,6144,23.39,23.36,23.39,23.36,1678078800000000000,118
WING,494496,173.78,172.9,174.89,171.06,1678078800000000000,15086
WINN,22846,15.32,15.27,15.44,15.2617,1678078800000000000,76
WINT,44527,5.84,5.91,6.2901,5.8,1678078800000000000,882
WINVR,4144,0.1448,0.08,0.1448,0.074,1678078800000000000,37
WINVW,708,0.02,0.02,0.02,0.02,1678078800000000000,5
WIP,37561,41.55,41.51,41.67,41.397,1678078800000000000,262
WIRE,163853,197.06,195.22,197.28,192.55,1678078800000000000,6623
WISA,64668,5.04,4.76,5.04,4.62,1678078800000000000,1115
WISH,24015687,0.513,0.4915,0.5199,0.4829,1678078800000000000,28436
WIT,1120175,4.82,4.86,4.88,4.815,1678078800000000000,4450
WIW,304790,9.22,9.13,9.23,9.12,1678078800000000000,1366
WIX,563009,94.22,93.56,95.5,92.99,1678078800000000000,15937
WIZ,2602,27.331,27.02,27.3418,27.02,1678078800000000000,24
WK,252641,93,94.38,94.775,92.52,1678078800000000000,7389
WKEY,26494,2.58,2.37,2.6156,2.25,1678078800000000000,194
WKHS,2813158,1.94,1.89,2.02,1.88,1678078800000000000,11231
WKLY,3617,46.8319,46.8738,46.99,46.8319,1678078800000000000,220
WKME,94916,9.56,9.69,9.96,9.41,1678078800000000000,1680
WKSP,61753,1.85,1.71,1.85,1.68,1678078800000000000,287
WLDN,70441,17.49,17.61,18.19,17.45,1678078800000000000,1180
WLDR,1150,25.22,25.205,25.345,25.205,1678078800000000000,16
WLDS,54863,0.5878,0.61,0.6279,0.5653,1678078800000000000,136
WLFC,13037,59.4,58.71,59.4,58.555,1678078800000000000,473
WLK,474466,124.13,120.65,124.245,119.8,1678078800000000000,10664
WLKP,105234,22.6,22.32,22.7523,21.52,1678078800000000000,1247
WLMS,53020,1.03,1.01,1.03,0.99,1678078800000000000,183
WLTG,0,20.6874,20.6874,20.6874,20.6874,1678078800000000000,0
WLTH,166,8.4001,8.4001,8.4001,8.4001,1678078800000000000,5
WLY,178386,45.04,44.11,45.31,43.93,1678078800000000000,4876
WM,1897000,149.96,150.77,151.01,149.52,1678078800000000000,41118
WMB,5684887,30.81,30.7,31.02,30.63,1678078800000000000,47616
WMC,14204,10,9.8,10.03,9.79,1678078800000000000,332
WMG,2080614,31.9,32.11,32.22,31.84,1678078800000000000,17933
WMK,94034,80.51,81.72,81.95,80.37,1678078800000000000,2953
WMPN,24562,11.9,11.92,11.99,11.9,1678078800000000000,190
WMS,2279167,94.94,94.44,98.875,93.74,1678078800000000000,35107
WMT,5572421,140.5,140.65,140.98,140.02,1678078800000000000,67364
WNC,465424,27.8,27.16,27.86,26.9475,1678078800000000000,7033
WNDY,9960,17.73,17.68,17.74,17.661,1678078800000000000,74
WNEB,25429,9.94,9.9,9.96,9.85,1678078800000000000,594
WNNR,7097,10.45,10.47,10.47,10.45,1678078800000000000,14
WNS,125775,89.4,90,90.09,89.05,1678078800000000000,2531
WNW,428710,0.225,0.2054,0.225,0.205,1678078800000000000,552
WOLF,2647052,72.89,71.27,74.55,70.915,1678078800000000000,41893
WOMN,1661,28.0901,28.02,28.0901,28.02,1678078800000000000,30
WOOD,9312,74.89,74.27,74.89,74.1188,1678078800000000000,346
WOOF,2554297,10.43,10.06,10.43,10.04,1678078800000000000,21028
WOR,193250,62.49,61.06,63.1,60.77,1678078800000000000,5284
WORX,20763,0.3908,0.4036,0.414681,0.3908,1678078800000000000,52
WOW,389187,10.77,10.3,10.975,10.17,1678078800000000000,5768
WPC,634319,82.44,81.69,82.68,81.31,1678078800000000000,12513
WPCA,2101,10.195,10.2,10.2,10.195,1678078800000000000,10
WPCB,106679,10.22,10.2,10.4,10.195,1678078800000000000,263
WPCB.U,500,10.1801,10.1801,10.1801,10.1801,1678078800000000000,1
WPM,1581923,41.49,41.25,41.83,41.005,1678078800000000000,21060
WPP,59135,61.89,61.93,62.43,61.7601,1678078800000000000,1170
WPRT,741865,1.15,1.2,1.23,1.15,1678078800000000000,2684
WPS,4488,27.83,27.896,27.905,27.78,1678078800000000000,29
WRAC,186,10.21,10.21,10.21,10.21,1678078800000000000,16
WRAC.WS,3000,0.05,0.05,0.05,0.05,1678078800000000000,5
WRAP,122501,2.05,1.9,2.0962,1.85,1678078800000000000,856
WRB,1005258,67.57,66.94,67.75,66.555,1678078800000000000,18924
WRBpE,9342,23.96,24.05,24.05,23.94,1678078800000000000,104
WRBpF,8053,22.1946,22.23,22.31,22.17,1678078800000000000,160
WRBpG,19599,19.56,19.61,19.68,19.43,1678078800000000000,206
WRBpH,52520,18.5,18.21,18.5,18.21,1678078800000000000,225
WRBY,952402,12.55,12.28,12.59,12.15,1678078800000000000,10178
WRK,2638405,32.88,31.94,32.965,31.925,1678078800000000000,25134
WRLD,90022,94.49,91.01,94.79,90,1678078800000000000,3268
WRN,169873,1.76,1.75,1.76,1.6901,1678078800000000000,613
WRND,0,22.0305,22.0305,22.0305,22.0305,1678078800000000000,0
WSBC,170322,35.77,35.59,36.02,35.39,1678078800000000000,4486
WSBCP,9150,25.75,25.64,25.75,25.401,1678078800000000000,138
WSBF,101054,16.23,15.96,16.31,15.91,1678078800000000000,1454
WSC,1040766,52.64,53.02,53.255,52.64,1678078800000000000,17742
WSFS,265131,49.28,48.04,49.57,47.73,1678078800000000000,6980
WSM,1096358,122.52,120.86,123.52,119.93,1678078800000000000,24424
WSO,241028,313.76,309.51,315.99,308.58,1678078800000000000,8640
WSR,1000104,9.56,9.6,9.63,9.35,1678078800000000000,9288
WST,326843,329.01,323.4,330.365,323.34,1678078800000000000,11401
WT,998813,5.95,5.9,5.99,5.885,1678078800000000000,7576
WTAI,13151,17.37,17.1073,17.45,17.1073,1678078800000000000,149
WTBA,56116,20.97,20.64,21.005,20.505,1678078800000000000,644
WTER,718967,0.21,0.2051,0.2117,0.203,1678078800000000000,1402
WTFC,742829,91.02,91.54,92.18,90.96,1678078800000000000,14284
WTFCM,4689,25.66,25.4829,25.708,25.2101,1678078800000000000,66
WTFCP,32712,25.5,25.39,25.6299,25.3201,1678078800000000000,143
WTI,3345341,6.14,6,6.2,5.93,1678078800000000000,17630
WTID,181,27.7755,27.7755,27.7755,27.7755,1678078800000000000,5
WTIU,170,21.6515,21.6515,21.6515,21.6515,1678078800000000000,12
WTM,7677,1392.34,1418,1425.3,1392.34,1678078800000000000,1777
WTMA,100595,10.31,10.34,10.34,10.31,1678078800000000000,6
WTMF,29768,32.77,32.76,32.99,32.72,1678078800000000000,145
WTRE,2228,17.46,17.426,17.5155,17.39,1678078800000000000,37
WTRG,1228604,42.09,42.3,42.45,41.87,1678078800000000000,17059
WTS,95682,177.36,175.66,178.3,175.46,1678078800000000000,3818
WTT,6353,1.86,1.88,1.8803,1.85,1678078800000000000,71
WTTR,513696,7.87,7.7,7.91,7.635,1678078800000000000,5580
WTV,10493,62.23,61.6484,62.2462,61.528,1678078800000000000,70
WTW,694956,241.62,239.01,241.99,237.51,1678078800000000000,13094
WU,9428076,12.88,12.41,12.88,12.365,1678078800000000000,48323
WUGI,665,37.15,36.7164,37.15,36.7,1678078800000000000,9
WULF,2024308,0.6769,0.655,0.6769,0.62,1678078800000000000,3801
WVE,329250,4.2,4.2,4.23,4.03,1678078800000000000,2541
WVVI,1854,6.46,6.46,6.58,6.46,1678078800000000000,59
WVVIP,3641,5.24,5.08,5.24,5.01,1678078800000000000,38
WW,6199746,4.1,3.87,4.24,3.75,1678078800000000000,31777
WWAC,7146,10.29,10.3,10.3,10.29,1678078800000000000,14
WWACW,100,0.067,0.067,0.067,0.067,1678078800000000000,1
WWD,336530,102.38,99.62,102.78,99.49,1678078800000000000,8000
WWE,651583,83.56,81.79,83.57,81.79,1678078800000000000,12637
WWJD,8456,27.81,27.71,27.83,27.68,1678078800000000000,98
WWR,226548,1,0.966,1.01,0.95,1678078800000000000,735
WWW,1070767,16.82,16.5,16.88,16.39,1678078800000000000,13526
WY,3217200,31.695,31.03,31.79,30.955,1678078800000000000,31645
WYNN,2334419,116.36,115.4,116.36,114.33,1678078800000000000,44798
WYY,41887,2.02,2.09,2.1,2.02,1678078800000000000,145
X,7076409,30.87,29.99,31.05,29.855,1678078800000000000,58474
XAIR,148232,5.86,5.65,5.87,5.5813,1678078800000000000,1804
XAR,80953,121.53,120.49,121.95,120.1219,1678078800000000000,1212
XB,5,38.5993,38.5993,38.5993,38.5993,1678078800000000000,5
XBAP,1656,26.86,26.7652,26.86,26.7652,1678078800000000000,7
XBB,379,38.9,38.8427,38.9,38.8427,1678078800000000000,8
XBI,7358586,84.01,82.17,84.07,81.57,1678078800000000000,77715
XBIO,49749,0.4556,0.467899,0.47,0.43,1678078800000000000,204
XBIOW,201,0.7225,0.7225,0.7225,0.7225,1678078800000000000,3
XBIT,15787,3.35,3.5,3.54,3.32,1678078800000000000,168
XBJA,19761,23.11,23.07,23.13,23.0272,1678078800000000000,58
XBJL,23,26.9796,26.9796,26.9796,26.9796,1678078800000000000,1
XBOC,2553,24.35,24.3139,24.35,24.3139,1678078800000000000,2
XBTF,10392,22.64,22.39,22.64,22.39,1678078800000000000,65
XC,891,25.7221,25.6449,25.77,25.6449,1678078800000000000,4
XCCC,225,38.06,38.0077,38.06,38.0077,1678078800000000000,13
XCEM,130696,27.06,26.9,27.06,26.8,1678078800000000000,452
XCLR,0,24.8233,24.8233,24.8233,24.8233,1678078800000000000,0
XCOR,2237,50.06,49.8125,50.0855,49.8125,1678078800000000000,18
XCUR,4694,1.165,1.1542,1.1707,1.14,1678078800000000000,79
XDAP,89,26.0848,26.0848,26.0848,26.0848,1678078800000000000,1
XDAT,539,16.64,16.4,16.64,16.4,1678078800000000000,10
XDEC,30873,30.99,30.94,31,30.87,1678078800000000000,96
XDJA,218,21.1,21.07,21.1,21.07,1678078800000000000,2
XDJL,0,25.0579,25.0579,25.0579,25.0579,1678078800000000000,0
XDNA,1911,10.25,9.935,10.25,9.935,1678078800000000000,60
XDOC,1466,22.7612,22.7016,22.7799,22.7016,1678078800000000000,8
XDQQ,405,22.4348,22.4348,22.4348,22.4348,1678078800000000000,30
XDSQ,835,25.82,25.7539,25.8487,25.7539,1678078800000000000,7
XEL,2312377,64.72,65.05,65.58,64.71,1678078800000000000,31794
XELA,170495563,0.07,0.0639,0.07,0.06,1678078800000000000,53377
XELAP,6421,2.3182,2.15,2.36,2.01,1678078800000000000,84
XELB,14591,0.78,0.8082,0.8083,0.7601,1678078800000000000,59
XEMD,5,39.31,39.31,39.31,39.31,1678078800000000000,4
XENE,386678,36.98,37.13,37.2,36.46,1678078800000000000,6696
XERS,749748,1.38,1.45,1.48,1.35,1678078800000000000,2833
XES,207477,90.61,90.48,90.92,89.97,1678078800000000000,1807
XFIN,47503,10.36,10.36,10.36,10.36,1678078800000000000,5
XFINW,5199,0.0312,0.0487,0.0521,0.0312,1678078800000000000,45
XFIV,767,48.28,48.2304,48.28,48.2304,1678078800000000000,17
XFLT,225408,6.97,6.93,7.01,6.87,1678078800000000000,772
XFLTpA,1043,24.97,25.18,25.18,24.97,1678078800000000000,6
XFOR,295091,0.9782,0.95,0.99,0.92,1678078800000000000,1257
XGN,6317,2.42,2.517,2.5318,2.3798,1678078800000000000,130
XHB,2198336,69.13,68.12,69.32,67.93,1678078800000000000,23764
XHE,62961,94.67,92.77,94.67,92.5,1678078800000000000,1133
XHLF,94782,50.07,50.065,50.09,50.06,1678078800000000000,281
XHR,862107,14.82,14.41,14.87,14.31,1678078800000000000,10046
XHS,6316,91.53,89.0615,91.53,89.04,1678078800000000000,106
XHYC,2,35.5177,35.5177,35.5177,35.5177,1678078800000000000,2
XHYD,1,36.1177,36.1177,36.1177,36.1177,1678078800000000000,1
XHYE,602,37.27,37.29,37.33,37.27,1678078800000000000,6
XHYF,25,35.8016,35.8016,35.8016,35.8016,1678078800000000000,2
XHYH,3,33.49,33.49,33.49,33.49,1678078800000000000,3
XHYI,3,36.4877,36.4877,36.4877,36.4877,1678078800000000000,3
XHYT,1,34.2777,34.2777,34.2777,34.2777,1678078800000000000,1
XIN,1759,5.32,5.2003,5.32,5.2003,1678078800000000000,35
XITK,1218,119.1862,117.2832,119.1862,117.2832,1678078800000000000,68
XJH,8891,36.1,35.53,36.1,35.51,1678078800000000000,64
XJR,2248,36.66,35.6393,36.66,35.6393,1678078800000000000,15
XJUN,17972,31.87,31.8193,31.9199,31.8002,1678078800000000000,35
XLB,5481423,84.27,83.23,84.27,83.09,1678078800000000000,59997
XLC,5626379,55.09,54.76,55.515,54.75,1678078800000000000,43246
XLE,16920375,86.78,87.3,87.44,86.425,1678078800000000000,159517
XLF,30092336,36.01,36.02,36.245,35.91,1678078800000000000,76676
XLG,20350,297.73,297.45,299.8127,297.21,1678078800000000000,773
XLI,9714963,103.74,103.48,104.18,103.33,1678078800000000000,105330
XLK,7912154,141.04,140.81,142.72,140.695,1678078800000000000,132155
XLO,27734,3.06,2.9,3.2113,2.78,1678078800000000000,276
XLP,8356010,72.34,72.73,72.84,72.31,1678078800000000000,63747
XLRE,4248484,38.96,38.6,38.96,38.53,1678078800000000000,23674
XLSR,46594,40.6,40.39,40.612,40.36,1678078800000000000,280
XLU,12121716,66.29,66.57,66.77,66.2,1678078800000000000,83191
XLV,8153402,129.26,129.11,129.7,128.81,1678078800000000000,81896
XLY,4927198,146.68,145.24,147.19,145.19,1678078800000000000,89271
XM,12819809,17.67,17.26,17.701,17.16,1678078800000000000,70407
XME,4753594,58.68,57.25,58.68,57.01,1678078800000000000,44116
XMHQ,28162,75.92,75.05,75.92,74.87,1678078800000000000,367
XMLV,31812,55.23,54.87,55.4136,54.72,1678078800000000000,378
XMMO,64939,80.02,79.05,80.02,78.8198,1678078800000000000,587
XMPT,38312,21.12,21.13,21.16,21.1,1678078800000000000,174
XMTR,695102,18.41,18.42,18.824,17.85,1678078800000000000,12519
XMVM,10629,48.34,47.6028,48.3499,47.5,1678078800000000000,89
XNAV,335,50.51,50.567,50.567,50.51,1678078800000000000,6
XNCR,397859,32,31.89,32,31.19,1678078800000000000,8666
XNET,30166,1.88,1.8327,1.88,1.8327,1678078800000000000,236
XNTK,19774,114.18,113.603,115.54,113.603,1678078800000000000,140
XOM,13997551,111.99,113.81,113.84,111.87,1678078800000000000,109980
XOMA,25282,21.42,21.34,21.42,20.54,1678078800000000000,821
XOMAP,369,24.9762,24.9762,24.9762,24.9762,1678078800000000000,4
XONE,19866,49.589,49.5881,49.59,49.57,1678078800000000000,133
XOP,5635954,139.86,138.39,139.86,137.88,1678078800000000000,63714
XOS,248510,0.8258,0.7906,0.83,0.72,1678078800000000000,841
XOSWW,1022,0.0851,0.0851,0.0851,0.0851,1678078800000000000,5
XOUT,71755,35.202,35.0472,35.27,35.0472,1678078800000000000,21
XP,6108043,11.51,11.92,12.17,11.47,1678078800000000000,38985
XPAX,9940,10.17,10.18,10.18,10.17,1678078800000000000,6
XPAXW,384,0.1201,0.1437,0.1437,0.1201,1678078800000000000,3
XPDB,7654,10.23,10.23,10.23,10.23,1678078800000000000,27
XPDBU,682,10.32,10.4209,10.4209,10.32,1678078800000000000,9
XPDBW,100,0.12,0.12,0.12,0.12,1678078800000000000,1
XPEL,188303,67.17,66.47,68.54,66.265,1678078800000000000,8881
XPER,322578,11.91,11.54,11.9896,11.1801,1678078800000000000,4078
XPEV,10100511,9.61,9.37,9.63,9.28,1678078800000000000,44947
XPH,20523,42.97,42.4,42.97,42.29,1678078800000000000,336
XPL,75882,0.7405,0.762,0.769,0.7405,1678078800000000000,274
XPND,2489,17.72,17.657,17.72,17.657,1678078800000000000,12
XPO,1520543,37.03,36.26,37.15,36.24,1678078800000000000,17447
XPOF,1478290,29.28,30.49,30.7,28.63,1678078800000000000,21501
XPON,232354,4.75,4.86,4.8899,4.51,1678078800000000000,1225
XPP,7945,22.62,22.46,22.8,22.46,1678078800000000000,61
XPRO,673766,23.3,22.81,23.3,22.76,1678078800000000000,10103
XRAY,4662143,39.33,39.27,40.16,38.32,1678078800000000000,51403
XRLV,1190,47.1156,47.1304,47.1304,47.031,1678078800000000000,24
XRMI,3903,20.8,20.79,20.84,20.7601,1678078800000000000,90
XRT,4527537,67.05,65.55,67.26,65.35,1678078800000000000,44720
XRTX,177772,0.5899,0.5562,0.597,0.55,1678078800000000000,281
XRX,782061,16.92,16.71,17.065,16.635,1678078800000000000,13115
XSD,73140,204.38,200.36,205.38,199.83,1678078800000000000,2112
XSEP,40697,32.15,32.0965,32.18,32.06,1678078800000000000,31
XSHD,4085,18.25,17.9929,18.25,17.9345,1678078800000000000,84
XSHQ,3541,35.74,35.2311,35.74,35.09,1678078800000000000,44
XSLV,180768,46.75,45.9,46.75,45.64,1678078800000000000,580
XSMO,10055,49.93,49.18,50.02,49.06,1678078800000000000,110
XSOE,238477,27.82,27.81,27.97,27.77,1678078800000000000,1181
XSVM,54916,51.09,49.55,51.09,49.3,1678078800000000000,676
XSVN,155,47.7374,47.7418,47.7418,47.7374,1678078800000000000,7
XSW,10703,124.06,122.73,124.604,122.5792,1678078800000000000,608
XT,92297,52.39,51.95,52.6845,51.92,1678078800000000000,712
XTAP,203,25.88,25.9119,25.9119,25.87,1678078800000000000,5
XTEN,944,47.6083,47.4192,47.6083,47.4192,1678078800000000000,18
XTJA,620,21.02,21.0376,21.0376,21.02,1678078800000000000,5
XTJL,1,25.1852,25.1852,25.1852,25.1852,1678078800000000000,1
XTL,13666,81.9047,81.3693,81.96,81.3693,1678078800000000000,98
XTLB,528,1.23,1.2704,1.2704,1.23,1678078800000000000,9
XTN,70529,78.72,77.32,78.9738,77.32,1678078800000000000,200
XTNT,182440,1.2,0.92,1.2,0.821401,1678078800000000000,756
XTOC,58,22.5702,22.5702,22.5702,22.5702,1678078800000000000,3
XTR,28,23.683,23.683,23.683,23.683,1678078800000000000,10
XTRE,7359,48.67,48.665,48.6863,48.665,1678078800000000000,50
XTWO,10712,48.99,48.97,49,48.96,1678078800000000000,110
XTWY,2,46.459,46.459,46.459,46.459,1678078800000000000,2
XUSP,1672,25.82,25.6638,25.82,25.6638,1678078800000000000,8
XVOL,1,17.9351,17.9351,17.9351,17.9351,1678078800000000000,1
XVV,6606,30.59,30.3795,30.6,30.3795,1678078800000000000,56
XWEB,358,72.858,70.9908,72.858,70.9908,1678078800000000000,37
XWEL,350240,0.42,0.4575,0.48,0.42,1678078800000000000,590
XXII,1985738,0.9246,0.9356,0.9791,0.9,1678078800000000000,5630
XYF,4775,3.17,3.198,3.2,3.17,1678078800000000000,75
XYL,933768,103.61,103.57,104.81,103.36,1678078800000000000,19707
XYLD,472959,40.77,40.77,40.9,40.73,1678078800000000000,3864
XYLE,123,25.09,25.0525,25.09,25.0525,1678078800000000000,8
XYLG,3534,26.3999,26.3599,26.3999,26.34,1678078800000000000,80
YALA,157831,4.2,4.02,4.25,3.97,1678078800000000000,1354
YALL,3854,24.23,23.888,24.23,23.888,1678078800000000000,50
YANG,4771167,9.84,9.96,9.99,9.66,1678078800000000000,13420
YCBD,197414,0.23,0.2274,0.2396,0.222,1678078800000000000,423
YCBDpA,3325,4.2,4.0804,4.2,4.0747,1678078800000000000,42
YCL,9730,31.7456,31.6996,31.755,31.6799,1678078800000000000,60
YCS,18866,58.2702,58.44,58.45,58.12,1678078800000000000,360
YDEC,309,21.135,21.1209,21.135,21.1209,1678078800000000000,9
YEAR,174263,50.03,50.035,50.04,50.025,1678078800000000000,186
YELL,849307,2.7,2.62,2.75,2.58,1678078800000000000,5200
YELP,534936,30.29,29.7,30.36,29.515,1678078800000000000,10788
YETI,1082416,39.7,38.51,39.7,38.32,1678078800000000000,16520
YEXT,1246232,8.72,8.56,8.82,8.44,1678078800000000000,12254
YGMZ,46674,1.34,1.35,1.4,1.31,1678078800000000000,207
YI,308347,2.91,2.7,2.955,2.66,1678078800000000000,1320
YINN,1718081,48.39,47.73,49.27,47.55,1678078800000000000,17118
YJ,184193,0.46,0.4999,0.5325,0.4512,1678078800000000000,280
YJUN,27804,19.71,19.6648,19.71,19.6648,1678078800000000000,120
YLD,4886,18.16,18.14,18.2,18.1,1678078800000000000,52
YLDE,4838,39.9914,39.8424,39.9914,39.831,1678078800000000000,77
YMAB,212295,4.08,4.06,4.16,3.985,1678078800000000000,3041
YMAR,5611,19.7574,19.7252,19.77,19.7252,1678078800000000000,30
YMM,6612120,8.23,8.2,8.52,7.99,1678078800000000000,31924
YOLO,35221,3.44,3.41,3.497,3.3801,1678078800000000000,496
YORW,61735,43.67,43.57,43.94,42.9427,1678078800000000000,1811
YOSH,235423,2.19,1.69,2.19,1.57,1678078800000000000,1064
YOTAR,103385,0.165,0.1501,0.199899,0.1501,1678078800000000000,54
YOTAW,3336,0.0775,0.0825,0.0825,0.0775,1678078800000000000,35
YOU,1134219,29.06,29.32,29.55,28.55,1678078800000000000,17953
YPF,3776287,11.93,12.71,12.74,11.8,1678078800000000000,20514
YPS,9682,21.89,22.0596,22.3299,21.89,1678078800000000000,19
YQ,167841,1.14,1.11,1.2,1.08,1678078800000000000,368
YRD,30727,2.87,2.76,2.87,2.74,1678078800000000000,147
YSEP,4966,19.069,19.0351,19.1,19.035,1678078800000000000,26
YSG,1751410,1.56,1.5,1.59,1.5,1678078800000000000,4778
YTEN,92269,2.62,2.45,2.7,2.45,1678078800000000000,568
YTPG,308679,9.92,9.96,9.96,9.92,1678078800000000000,122
YTRA,75853,2.2,2.16,2.2399,2.15,1678078800000000000,345
YUM,1419920,130.03,129.3,130.485,128.48,1678078800000000000,30185
YUMC,1759091,62,61.33,62.69,60.96,1678078800000000000,22281
YUMY,953,18.54,18.4736,18.6099,18.4736,1678078800000000000,11
YVR,193279,0.1916,0.199,0.2088,0.1885,1678078800000000000,549
YXI,4171,16.62,16.6989,16.7,16.536,1678078800000000000,30
YY,323023,32.51,31.65,32.51,31.35,1678078800000000000,6128
YYY,208993,12.27,12.24,12.31,12.24,1678078800000000000,640
Z,1770354,43.08,42.43,43.79,42.41,1678078800000000000,23029
ZBH,1022286,126.23,124.62,126.23,124.14,1678078800000000000,21886
ZBRA,154873,310.27,305.81,313.79,304.025,1678078800000000000,8064
ZBZX,0,0.05,0.05,0.05,0.05,1678078800000000000,0
ZCMD,1453,1.11,1.077,1.11,1.056,1678078800000000000,23
ZD,216563,79.41,78.1,79.495,77.71,1678078800000000000,6994
ZDGE,21995,2.74,2.83,2.8384,2.74,1678078800000000000,286
ZECP,6216,23.47,23.4253,23.4799,23.4,1678078800000000000,21
ZENV,13977,1.1501,1.21,1.22,1.1501,1678078800000000000,64
ZEPP,52495,1.68,1.63,1.7985,1.58,1678078800000000000,215
ZEST,179682,0.18,0.2,0.2098,0.18,1678078800000000000,581
ZETA,846070,11.02,10.84,11.12,10.76,1678078800000000000,9372
ZEUS,194002,58.7,55.13,58.75,54.01,1678078800000000000,5658
ZEV,934951,0.6814,0.625,0.69,0.6051,1678078800000000000,3260
ZEV.WS,205402,0.051,0.05335,0.0598,0.0457,1678078800000000000,108
ZEXIT,2000,10,10,10,10,1678078800000000000,1
ZFOX,53198,2.645,2.8,2.84,2.62,1678078800000000000,384
ZFOXW,4655,0.1001,0.1001,0.109901,0.1,1678078800000000000,17
ZG,357161,42.27,41.77,43.07,41.6886,1678078800000000000,8486
ZGEN,49,12.65,12.65,12.65,12.65,1678078800000000000,8
ZGN,199461,13.42,13.47,13.48,13.14,1678078800000000000,2387
ZH,2364062,1.61,1.53,1.61,1.51,1678078800000000000,6470
ZHDG,4246,16.34,16.3665,16.38,16.34,1678078800000000000,15
ZI,3399404,26.01,25.57,26.36,25.54,1678078800000000000,37728
ZIEXT,2000,1,1,1,1,1678078800000000000,1
ZIG,975,28.45,28.2725,28.45,28.21,1678078800000000000,21
ZIM,3854671,22.55,21.56,22.55,21.4,1678078800000000000,35588
ZIMV,1908151,5.81,6.01,6.36,5.75,1678078800000000000,21292
ZING,158017,10.55,10.2,10.55,10.2,1678078800000000000,91
ZINGW,29586,0.05,0.0294,0.06,0.025,1678078800000000000,73
ZION,1644410,49.42,48.76,49.84,48.695,1678078800000000000,24191
ZIONL,3737,25.58,25.55,25.5996,25.41,1678078800000000000,38
ZIONO,7348,25.1788,25.25,25.2783,25.1788,1678078800000000000,83
ZIONP,4365,20.65,20.9686,21.07,20.6101,1678078800000000000,27
ZIP,809948,17.38,17.12,17.47,17.12,1678078800000000000,11250
ZIVO,4597,3.31,3.555,3.555,3.31,1678078800000000000,84
ZIVOW,100,0.85,0.85,0.85,0.85,1678078800000000000,1
ZJZZT,223239,18,18,18,18,1678078800000000000,2
ZKIN,14874,0.67,0.69,0.69,0.67,1678078800000000000,62
ZLAB,494630,40.55,39.86,41.05,38.85,1678078800000000000,8773
ZM,3220748,71.23,71.33,73.11,70.625,1678078800000000000,53304
ZNTL,360432,19.64,18.53,19.64,18.48,1678078800000000000,6557
ZOM,3989169,0.2554,0.2503,0.265,0.2501,1678078800000000000,4395
ZROZ,406981,92.2,90.6,92.2625,90.47,1678078800000000000,1401
ZS,5778044,120.69,119.81,125.75,119.51,1678078800000000000,86764
ZSB,118,25.02,24.44,25.02,24.44,1678078800000000000,4
ZSL,53584,24.78,25.12,25.22,24.72,1678078800000000000,416
ZSPY,11,24.3236,24.3236,24.3236,24.3236,1678078800000000000,4
ZT,9195,10.1,10.1,10.1,10.1,1678078800000000000,4
ZTAQW,4659,0.1992,0.1901,0.1992,0.1506,1678078800000000000,52
ZTEK,41150,1.64,1.68,1.71,1.61,1678078800000000000,236
ZTEST,0,8662.955,8662.955,8662.955,8662.955,1678078800000000000,0
ZTO,3161567,24.95,25.47,25.615,24.8,1678078800000000000,27107
ZTR,312469,6.5,6.54,6.61,6.495,1678078800000000000,1496
ZTS,1481142,170.8,169.67,171.975,169.62,1678078800000000000,26065
ZTST,0,40.17,40.17,40.17,40.17,1678078800000000000,0
ZUMZ,423280,23.68,22.67,23.68,22.44,1678078800000000000,10279
ZUO,1666853,10.01,10.05,10.125,9.875,1678078800000000000,13609
ZVIA,165482,3.74,3.45,3.875,3.39,1678078800000000000,1869
ZVRA,185322,5.4,5.35,5.44,5.21,1678078800000000000,1924
ZVSA,12974,2.09,2.1674,2.18,2.09,1678078800000000000,276
ZVZZT,682989,10.02,10.02,10.12,9.99,1678078800000000000,6790
ZWS,719666,23.17,22.56,23.235,22.535,1678078800000000000,12174
ZWZZT,33312,11,11,11,11,1678078800000000000,1
ZXIET,1000,100,100,100,100,1678078800000000000,1
ZYME,520637,8,7.95,8.0799,7.835,1678078800000000000,4949
ZYNE,168137,0.4853,0.4622,0.497034,0.462,1678078800000000000,672
ZYXI,321196,12.6,12.41,12.78,12.22,1678078800000000000,4918
