ticker,volume,open,close,high,low,window_start,transactions
A,1655846,144.18,144.12,145.5,143.43,1712289600000000000,29457
AA,4509638,35.77,36.49,36.72,35.6453,1712289600000000000,37329
AAA,4915,25.1355,25.11,25.1355,25.07,1712289600000000000,34
AAAU,3101742,22.73,23,23.07,22.7,1712289600000000000,3510
AACG,48170,1.08,1.0601,1.1,1.0055,1712289600000000000,178
AACI,5660,11.35,11.29,11.35,11.18,1712289600000000000,42
AACIU,924,11.07,11.01,11.1,11.01,1712289600000000000,9
AACIW,99623,0.1,0.1304,0.1307,0.1,1712289600000000000,97
AACT,15046,10.56,10.575,10.575,10.56,1712289600000000000,39
AADI,133900,2.18,2.13,2.19,2.1,1712289600000000000,1151
AADR,1117,61.19,62.12,62.12,61.19,1712289600000000000,15
AAGR,89353,0.291,0.3039,0.3125,0.291,1712289600000000000,392
AAGRW,734,0.0114,0.0115,0.0115,0.0114,1712289600000000000,3
AAL,30632132,13.83,13.76,13.94,13.7,1712289600000000000,84091
AAMC,14982,3.39,3.97,3.97,3.19,1712289600000000000,349
AAME,2163,2.215,2.19,2.2555,2.19,1712289600000000000,56
AAN,141042,7.21,7.2,7.255,7.1,1712289600000000000,2885
AAOI,1699113,12.81,12.52,13.04,12.52,1712289600000000000,18303
AAON,472019,85.75,89.92,89.99,85.75,1712289600000000000,8058
AAP,1638840,79.11,77.34,79.96,76.78,1712289600000000000,24019
AAPB,55164,17.11,17.14,17.27,17.02,1712289600000000000,504
AAPD,201814,22.98,22.97,23.04,22.85,1712289600000000000,949
AAPL,42104826,169.59,169.58,170.39,168.95,1712289600000000000,540854
AAPR,74916,24.72,24.7316,24.8,24.65,1712289600000000000,245
AAPU,152490,22.07,22.07,22.25,21.91,1712289600000000000,1451
AAPX,19042,19.9,20.0117,20.13,19.85,1712289600000000000,123
AAPY,318,23.44,23.4857,23.4857,23.44,1712289600000000000,24
AAT,133482,20.74,20.77,20.87,20.63,1712289600000000000,2138
AAXJ,706708,67.8,67.97,68.135,67.6,1712289600000000000,8012
AB,212943,34.12,34.3,34.66,34.02,1712289600000000000,3366
ABAT,577279,1.8,1.76,1.8,1.72,1712289600000000000,3512
ABBV,7030108,168,170,171.04,167.29,1712289600000000000,80986
ABCB,260179,46.59,47.03,47.245,46.53,1712289600000000000,4569
ABCL,769782,4.36,4.34,4.45,4.26,1712289600000000000,6689
ABCS,5038,26.5074,26.6509,26.6692,26.46,1712289600000000000,27
ABEO,218316,7.64,7.44,7.815,7.32,1712289600000000000,2387
ABEQ,11843,30.0324,30.1758,30.19,30.0324,1712289600000000000,38
ABEV,28583761,2.45,2.41,2.45,2.36,1712289600000000000,26775
ABG,140090,221.47,224.06,224.61,220.68,1712289600000000000,4439
ABIO,587228,2.96,3.09,3.18,2.95,1712289600000000000,3643
ABL,21982,12,11.94,12.06,11.92,1712289600000000000,434
ABLLL,2790,25.35,25.47,25.47,25.31,1712289600000000000,22
ABLLW,38750,0.566,0.6,0.6,0.5525,1712289600000000000,56
ABLV,417953,2.05,2.42,2.43,1.81,1712289600000000000,1287
ABM,751113,44.44,44.15,44.57,43.93,1712289600000000000,7132
ABNB,2225889,159.15,161.77,162.71,158.9,1712289600000000000,41800
ABOS,138147,3.8,3.85,3.94,3.73,1712289600000000000,2261
ABR,1613221,12.76,12.96,12.99,12.68,1712289600000000000,11846
ABRpD,5952,19.66,19.64,19.7,19.58,1712289600000000000,84
ABRpE,972,19.7499,19.63,19.7499,19.6,1712289600000000000,10
ABRpF,9632,20.1,20.09,20.2899,20.08,1712289600000000000,81
ABSI,952406,5.53,5.74,5.74,5.44,1712289600000000000,9613
ABT,5591219,109.7,111.2,111.26,109.54,1712289600000000000,58713
ABTS,18626,0.6485,0.6401,0.6485,0.6053,1712289600000000000,106
ABUS,6083303,3.02,3.12,3.29,2.98,1712289600000000000,16380
ABVC,70614,1.27,1.27,1.3,1.25,1712289600000000000,383
ABVX,25924,14.93,14.86,15.16,14.635,1712289600000000000,383
AC,2268,31.73,32.39,32.46,31.73,1712289600000000000,82
ACA,317713,82.29,83.62,83.67,82.29,1712289600000000000,4055
ACAB,4976,10.73,10.73,10.73,10.72,1712289600000000000,6
ACAC,1290,11.2,11.2,11.2,11.2,1712289600000000000,18
ACAD,1522875,17.91,18.01,18.25,17.61,1712289600000000000,11104
ACB,24900489,6.81,6.63,7.65,6.06,1712289600000000000,89983
ACCD,542734,9.25,9.19,9.41,8.9,1712289600000000000,7976
ACCO,397829,5.22,5.23,5.295,5.2152,1712289600000000000,3725
ACDC,896243,8.87,8.96,8.975,8.71,1712289600000000000,8144
ACEL,146319,11.59,11.68,11.755,11.59,1712289600000000000,2263
ACES,70496,28.42,28.34,28.585,28.15,1712289600000000000,591
ACET,288769,2.29,2.25,2.3,2.2192,1712289600000000000,2059
ACGL,2591481,92,94.9,95.01,91.65,1712289600000000000,37148
ACGLN,18446,20.68,20.7,20.78,20.55,1712289600000000000,246
ACGLO,10229,23.32,23.4571,23.568,23.3,1712289600000000000,157
ACHC,418306,75.08,75.97,76.22,74.12,1712289600000000000,9009
ACHL,523775,0.8906,0.841,0.9,0.8306,1712289600000000000,1608
ACHR,2702375,4.25,4.3,4.42,4.21,1712289600000000000,12896
ACHR.WS,132053,0.57,0.586,0.6075,0.525,1712289600000000000,514
ACHV,109156,4.41,4.46,4.53,4.4,1712289600000000000,1342
ACI,3122504,21.12,21.03,21.13,20.825,1712289600000000000,16352
ACIC,203391,10.98,11.21,11.47,10.98,1712289600000000000,3705
ACIO,86285,35.51,35.818,35.89,35.51,1712289600000000000,259
ACIU,1123939,2.74,2.75,2.84,2.72,1712289600000000000,460
ACIW,352758,32.07,32.36,32.53,32.04,1712289600000000000,6885
ACLS,482428,105.47,105.24,106,103.25,1712289600000000000,12644
ACLX,319403,62.33,62.22,63.965,61.12,1712289600000000000,5660
ACM,562999,97.17,97.39,97.8,96.71,1712289600000000000,11400
ACMR,1734491,30.9,32.04,32.69,29.7,1712289600000000000,24010
ACN,3694783,331.53,333,333.82,330.33,1712289600000000000,62961
ACNB,8434,35.0265,34.75,35.51,34.75,1712289600000000000,249
ACNT,5104,10.74,10.89,10.89,10.4601,1712289600000000000,64
ACON,282440,0.329,0.3236,0.34669,0.31,1712289600000000000,509
ACOR,359432,1.62,1.35,1.6214,1.31,1712289600000000000,1551
ACP,233365,6.75,6.73,6.775,6.7,1712289600000000000,1452
ACPpA,8277,24.44,24.625,24.6807,24.41,1712289600000000000,60
ACR,31750,13.92,14.09,14.17,13.92,1712289600000000000,312
ACRpC,38696,24.29,24.2,24.5499,24.05,1712289600000000000,329
ACRpD,3502,21.31,21.45,21.605,21.31,1712289600000000000,30
ACRE,487053,7.17,7.16,7.2,7.11,1712289600000000000,3437
ACRS,531507,1.22,1.19,1.235,1.184,1712289600000000000,2900
ACRV,21925,6.57,6.48,6.6514,6.25,1712289600000000000,285
ACSI,41,51.0761,51.0761,51.0761,51.0761,1712289600000000000,41
ACST,5415,3.415,3.4,3.42,3.33,1712289600000000000,102
ACT,204047,30.61,30.72,31.02,30.54,1712289600000000000,4354
ACTG,267426,5.35,5.22,5.36,5.16,1712289600000000000,2345
ACTV,11887,33.9,34.02,34.12,33.9,1712289600000000000,74
ACU,10612,45.7,46.37,46.37,45.27,1712289600000000000,719
ACV,18024,23.93,23.83,24.21,23.79,1712289600000000000,165
ACVA,756741,18.24,18.41,18.6,17.78,1712289600000000000,8492
ACVF,23124,39.44,39.8412,39.91,39.44,1712289600000000000,108
ACWI,4344740,108.55,109.23,109.57,108.4,1712289600000000000,29716
ACWV,103173,103.46,103.74,103.97,103.3703,1712289600000000000,1037
ACWX,1150844,52.88,53.1,53.2,52.755,1712289600000000000,4920
ACXP,63190,1.93,1.93,1.95,1.89,1712289600000000000,414
ADAG,14819,3.0499,2.85,3.0499,2.8318,1712289600000000000,169
ADAP,1205337,1.39,1.37,1.42,1.32,1712289600000000000,4900
ADBE,4972655,488.84,485.12,490.09,481.28,1712289600000000000,109711
ADC,629760,56.06,56.03,56.3,55.22,1712289600000000000,14196
ADCpA,2367,17.85,17.92,17.92,17.8,1712289600000000000,77
ADCT,752231,4.64,5,5.1899,4.45,1712289600000000000,5005
ADD,208416,0.23,0.2122,0.232,0.2113,1712289600000000000,726
ADEA,390654,10.77,10.69,10.85,10.66,1712289600000000000,5389
ADFI,4733,8.4565,8.4748,8.49,8.4565,1712289600000000000,33
ADI,2087400,192.63,194.76,195.66,191.17,1712289600000000000,46038
ADIL,141124,1.15,1.16,1.19,1.11,1712289600000000000,652
ADIV,14,14.0244,14.0244,14.0244,14.0244,1712289600000000000,4
ADM,3348024,63.01,63.46,63.625,62.97,1712289600000000000,40098
ADMA,2387873,6.28,6.39,6.49,6.2,1712289600000000000,12144
ADME,9057,41.4683,41.7475,41.8173,41.4683,1712289600000000000,51
ADN,593113,0.1896,0.1899,0.191,0.1817,1712289600000000000,1409
ADNT,1048638,31.18,31.15,31.58,30.82,1712289600000000000,10003
ADNWW,18428,0.0169,0.01745,0.0179,0.0159,1712289600000000000,27
ADP,1420080,241.95,244.85,245.92,241.2725,1712289600000000000,29509
ADPT,1326108,2.72,2.58,2.72,2.56,1712289600000000000,8947
ADPV,6978,29.69,30.2753,30.3,29.56,1712289600000000000,31
ADRT.U,202,12.9,12.9,12.9,12.9,1712289600000000000,3
ADSE,4815,10.12,10.4,10.4,10.12,1712289600000000000,63
ADSEW,2575,2.18,2.2,2.2,2.16,1712289600000000000,19
ADSK,1330014,246,244.74,248.28,244.07,1712289600000000000,29786
ADT,5477615,6.28,6.43,6.43,6.26,1712289600000000000,20197
ADTH,1960529,3.22,3.22,3.23,3.21,1712289600000000000,6380
ADTHW,1734,0.41,0.41,0.41,0.41,1712289600000000000,16
ADTN,678748,5.12,5.03,5.1496,5.02,1712289600000000000,5639
ADTX,227479,3.34,3.11,3.42,3.06,1712289600000000000,2379
ADUS,80802,101.79,102.11,104.18,101.79,1712289600000000000,2843
ADV,952079,4.27,4.26,4.405,4.24,1712289600000000000,6971
ADVE,74,32.1809,32.1809,32.1809,32.1809,1712289600000000000,2
ADVM,241563,13.21,12.62,13.4,12.57,1712289600000000000,3559
ADX,111565,19.13,19.25,19.3402,19.12,1712289600000000000,775
ADXN,9153,16.69,17.87,17.87,16.2,1712289600000000000,296
AE,6804,29.5,29.93,29.93,28.62,1712289600000000000,161
AEAEW,10406,0.0601,0.0601,0.0601,0.0601,1712289600000000000,8
AEE,1585467,72.44,72.71,73.11,71.785,1712289600000000000,19470
AEF,211320,5.06,5.05,5.07,4.9923,1712289600000000000,557
AEFC,50846,21.47,21.44,21.597,21.38,1712289600000000000,278
AEG,1967590,6.1,6.16,6.19,6.1,1712289600000000000,4287
AEHL,905685,1.63,1.47,1.63,1.455,1712289600000000000,4321
AEHR,674926,11.53,11.34,11.62,11.285,1712289600000000000,10360
AEI,13594,0.64,0.6252,0.6599,0.6001,1712289600000000000,132
AEIS,185253,97.38,97.96,98.335,96.28,1712289600000000000,3810
AEL,500530,56.16,56.29,56.305,56.16,1712289600000000000,4151
AELpA,16432,24.35,24.58,24.59,24.1536,1712289600000000000,178
AELpB,15635,24.49,24.64,24.6999,24.49,1712289600000000000,140
AEM,3706054,60.42,62,62.48,60.32,1712289600000000000,40354
AEMB,808,38.46,38.48,38.48,38.46,1712289600000000000,9
AEMD,7232,1.77,1.75,1.77,1.6801,1712289600000000000,75
AENT,18343,1.99,2.01,2.07,1.98,1712289600000000000,156
AENTW,43416,0.051,0.045,0.051,0.0364,1712289600000000000,78
AEO,3059024,24.46,24.5,24.64,24.335,1712289600000000000,30955
AEON,40137,8.31,8.4,8.5337,8,1712289600000000000,1040
AEON.WS,23915,1.92,1.78,1.9201,1.78,1712289600000000000,150
AEP,2431967,83.45,83.95,84.23,82.4,1712289600000000000,36568
AER,963421,86.13,87.38,87.73,86.13,1712289600000000000,14302
AERT,13804,2.37,2.29,2.37,2.15,1712289600000000000,77
AERTW,411,0.0565,0.0565,0.0605,0.0565,1712289600000000000,6
AES,7587158,18,18.08,18.28,17.765,1712289600000000000,43238
AESI,780727,23,23.4,23.53,23,1712289600000000000,8846
AESR,15289,15.32,15.4201,15.4501,15.32,1712289600000000000,125
AETH,4640,43.49,44.0875,44.21,43.49,1712289600000000000,90
AEVA,234238,4.12,3.99,4.25,3.94,1712289600000000000,2575
AEVA.WS,17350,0.06,0.061,0.063,0.06,1712289600000000000,22
AEYE,82091,9.89,9.15,9.89,9.0509,1712289600000000000,1061
AEZS,36306,2.26,2.02,2.26,1.95,1712289600000000000,138
AFB,56243,10.6,10.63,10.64,10.58,1712289600000000000,256
AFBI,701,16.1,16.11,16.11,16.1,1712289600000000000,12
AFCG,74102,11.72,11.98,12.11,11.72,1712289600000000000,1236
AFG,234078,132.32,132.55,133.23,131.72,1712289600000000000,4863
AFGB,4715,24.78,24.77,24.84,24.71,1712289600000000000,100
AFGC,2134,22.64,22.67,22.6899,22.53,1712289600000000000,49
AFGD,5312,24.42,24.385,24.62,24.36,1712289600000000000,89
AFGE,2133,20.15,20.13,20.2364,20.1,1712289600000000000,57
AFIB,180543,0.162,0.1666,0.17,0.162,1712289600000000000,1024
AFIF,40111,9.13,9.12,9.13,9.11,1712289600000000000,79
AFJK,1326,10.2477,10.249,10.249,10.2477,1712289600000000000,3
AFJKU,354,10.56,10.56,10.56,10.56,1712289600000000000,6
AFK,5983,15,15.1519,15.2,14.9921,1712289600000000000,136
AFL,1888166,84.68,85.42,85.8,84.57,1712289600000000000,28938
AFLG,298,30.7,30.733,30.75,30.7,1712289600000000000,3
AFMC,281,29.6552,29.6552,29.6552,29.6552,1712289600000000000,5
AFMD,122086,6.52,6.48,6.52,6.2017,1712289600000000000,1242
AFRI,9597,10.26,10.27,10.38,9.765,1712289600000000000,112
AFRIW,189,1.26,1.26,1.26,1.26,1712289600000000000,2
AFRM,4506471,32.052,32.87,33.46,31.73,1712289600000000000,44892
AFSM,3330,28.53,28.5598,28.61,28.525,1712289600000000000,32
AFT,70313,14.18,14.21,14.23,14.17,1712289600000000000,271
AFTY,2670,14.09,14.091,14.1042,14.08,1712289600000000000,25
AFYA,136504,18.25,18.05,18.3412,17.915,1712289600000000000,2517
AG,15528161,7.42,7.79,7.88,7.36,1712289600000000000,37909
AGAE,10390,0.9701,0.96,0.98,0.93,1712289600000000000,108
AGBA,134440,0.363,0.3746,0.3989,0.361,1712289600000000000,398
AGCO,435916,122.28,122.33,122.68,121.44,1712289600000000000,10638
AGD,30866,9.48,9.53,9.55,9.46,1712289600000000000,164
AGEN,12166818,0.51,0.5037,0.5186,0.465,1712289600000000000,18797
AGFY,335547,0.3591,0.358,0.3663,0.35,1712289600000000000,871
AGG,12343556,96.76,96.68,96.995,96.675,1712289600000000000,26230
AGGH,252756,21.17,21.11,21.17,21.0365,1712289600000000000,380
AGGY,77401,42.94,42.945,43.0584,42.94,1712289600000000000,594
AGI,2267081,14.51,14.83,14.98,14.45,1712289600000000000,18306
AGIH,3,24.3197,24.3197,24.3197,24.3197,1712289600000000000,3
AGIO,565799,27.79,27.55,28.25,27.45,1712289600000000000,8345
AGL,2714190,4.81,4.75,4.87,4.69,1712289600000000000,16997
AGM,44822,184,186.75,187.13,183.93,1712289600000000000,2399
AGMpC,596,25.03,25.03,25.03,25.03,1712289600000000000,15
AGMpD,2939,23.845,23.99,23.99,23.845,1712289600000000000,31
AGMpE,1790,23.69,23.74,23.99,23.69,1712289600000000000,17
AGMpF,5527,21.7201,22.03,22.04,21.7201,1712289600000000000,36
AGMpG,2986,20.32,20.44,20.63,20.32,1712289600000000000,30
AGMH,133829,1.69,1.61,1.77,1.6,1712289600000000000,340
AGNC,6054627,9.62,9.66,9.7,9.6,1712289600000000000,26403
AGNCL,9129,23.68,23.31,23.769,23.31,1712289600000000000,101
AGNCM,21690,24.46,24.43,24.52,24.4202,1712289600000000000,164
AGNCN,20974,25.49,25.5,25.53,25.49,1712289600000000000,233
AGNCO,38553,24.34,24.28,24.4485,24.28,1712289600000000000,322
AGNCP,41338,23.5,23.31,23.58,23.31,1712289600000000000,383
AGNG,2682,29.26,29.49,29.505,29.26,1712289600000000000,45
AGO,378328,83.74,83.89,84.7,83.64,1712289600000000000,7851
AGOX,22755,25.21,25.15,25.21,25.01,1712289600000000000,71
AGQ,1948775,33.13,34.62,34.92,32.88,1712289600000000000,8724
AGQI,30888,13.8121,13.89,13.92,13.8121,1712289600000000000,231
AGR,435823,35.84,36.03,36.12,35.56,1712289600000000000,7480
AGRH,866,25.8951,25.885,25.8951,25.885,1712289600000000000,8
AGRI,2067895,0.174,0.1778,0.1785,0.162,1712289600000000000,1887
AGRIW,27958,0.0068,0.0061,0.007401,0.006,1712289600000000000,28
AGRO,317467,11.06,11.03,11.125,10.97,1712289600000000000,2978
AGS,859071,8.83,9.31,9.58,8.6,1712289600000000000,7534
AGTI,1316557,10,10.04,10.13,10,1712289600000000000,5014
AGX,44596,50.11,50.17,50.515,50.1,1712289600000000000,1247
AGYS,104199,82.28,81.54,83.27,80.92,1712289600000000000,3463
AGZ,230968,107.25,107.222,107.36,107.222,1712289600000000000,222
AGZD,10375,22.12,22.15,22.1682,22.07,1712289600000000000,63
AHCO,1049006,10.55,10.47,10.605,10.16,1712289600000000000,9899
AHG,26859,1.2505,1.26,1.32,1.1124,1712289600000000000,118
AHH,273451,10.3,10.37,10.44,10.29,1712289600000000000,3281
AHHpA,5108,22.1202,21.9,22.15,21.77,1712289600000000000,77
AHLpC,10619,25.58,25.5717,25.59,25.5,1712289600000000000,76
AHLpD,8981,20.2,20.55,20.69,20.2,1712289600000000000,114
AHLpE,9520,20.08,20.28,20.38,20.08,1712289600000000000,134
AHLT,3820,24.61,24.9144,24.995,24.61,1712289600000000000,29
AHOY,1952,23.15,23.2006,23.2006,23.15,1712289600000000000,5
AHR,482368,13.77,13.62,13.89,13.57,1712289600000000000,3890
AHT,221826,1.29,1.32,1.33,1.28,1712289600000000000,1402
AHTpF,1426,12.95,13.21,13.21,12.95,1712289600000000000,11
AHTpG,237,15.91,15.82,15.91,15.82,1712289600000000000,14
AHTpI,215,13.9,13.9,13.9,13.9,1712289600000000000,3
AHYB,705,45.0907,45.0675,45.0907,45.0675,1712289600000000000,12
AI,4111499,24.71,25.16,25.29,24.59,1712289600000000000,37340
AIA,8960,61.05,61.36,61.5,60.97,1712289600000000000,210
AIEQ,4686,35.12,35.4301,35.51,35.12,1712289600000000000,175
AIF,56565,14.08,14.11,14.11,14.029,1712289600000000000,384
AIG,2999980,76.93,77.71,77.86,76.69,1712289600000000000,37004
AIH,501817,0.4427,0.53,0.5338,0.4011,1712289600000000000,1186
AIHS,984,0.8687,0.8586,0.8687,0.849,1712289600000000000,28
AIM,311585,0.52,0.4922,0.52,0.4767,1712289600000000000,630
AIMD,100502,1.21,1.16,1.2375,1.15,1712289600000000000,541
AIN,140432,88.72,89.12,89.98,88.59,1712289600000000000,4136
AINC,230209,4.69,4.75,4.75,4.63,1712289600000000000,546
AIO,80487,19.76,19.92,20,19.76,1712289600000000000,589
AIP,132890,7.28,7.15,7.4559,7.02,1712289600000000000,1946
AIQ,539450,33.72,33.91,34.08,33.595,1712289600000000000,5392
AIR,504198,60.01,61.41,61.75,59.53,1712289600000000000,6864
AIRC,1031341,31.25,31.35,31.51,31.11,1712289600000000000,7552
AIRE,157602,1.11,1.135,1.16,1.11,1712289600000000000,520
AIRG,11761,5.58,5.44,5.58,5.17,1712289600000000000,186
AIRI,8586,5,5.005,5.1499,5,1712289600000000000,129
AIRJ,5430,10.85,10.99,11.09,10.5706,1712289600000000000,216
AIRJW,192506,0.56,0.55,0.6,0.55,1712289600000000000,126
AIRL,174,25.75,25.8246,25.8246,25.75,1712289600000000000,7
AIRR,63088,65.76,66.64,66.92,65.76,1712289600000000000,542
AIRS,28097,5.42,5.49,5.59,5.42,1712289600000000000,429
AIRT,10197,20.63,22.12,22.29,20.63,1712289600000000000,107
AIRTP,1022,16.88,16.5,16.88,16.5,1712289600000000000,16
AISP,1023064,9.73,9.79,10.32,9.4034,1712289600000000000,7163
AISPW,210239,0.99,0.82,0.99,0.8,1712289600000000000,464
AIT,195047,194.56,196.12,196.975,194.33,1712289600000000000,6217
AITR,15198,10.28,10.28,10.29,10.28,1712289600000000000,53
AITRU,102,10.43,10.43,10.43,10.43,1712289600000000000,3
AIU,7704,0.651,0.64,0.651,0.631,1712289600000000000,115
AIV,553707,7.85,7.84,7.89,7.79,1712289600000000000,4062
AIVI,180,40.6723,40.6723,40.6723,40.6723,1712289600000000000,13
AIVL,1825,100.4601,100.41,100.5,100.2899,1712289600000000000,85
AIXI,27313,1.77,1.77,1.84,1.74,1712289600000000000,168
AIYY,51741,13.02,13.38,13.4,13.02,1712289600000000000,868
AIZ,355516,180.44,179.85,181.05,178.52,1712289600000000000,10937
AIZN,4685,22.7,22.68,22.74,22.41,1712289600000000000,64
AJAN,13806,24.8,24.81,24.85,24.8,1712289600000000000,69
AJG,690763,240.66,243.99,245.96,240.33,1712289600000000000,20464
AJX,87088,3.76,3.87,3.9,3.69,1712289600000000000,634
AJXA,2847,24.905,24.91,24.93,24.905,1712289600000000000,15
AKA,4818,9.68,9.79,10,9.58,1712289600000000000,120
AKAM,919200,105.78,106.24,106.88,105.78,1712289600000000000,18172
AKAN,1932080,0.123,0.1225,0.125,0.115,1712289600000000000,2355
AKBA,3657003,1.51,1.49,1.56,1.48,1712289600000000000,9489
AKLI,88580,0.2524,0.2471,0.256,0.231,1712289600000000000,274
AKO.A,344,12.8251,12.8251,12.8251,12.8251,1712289600000000000,49
AKO.B,6284,15.95,15.92,15.9599,15.825,1712289600000000000,62
AKR,1235396,16.64,16.53,16.64,16.375,1712289600000000000,9562
AKRO,531819,22.7,23.22,23.5,22.01,1712289600000000000,6952
AKTS,714371,0.59,0.5768,0.64,0.55,1712289600000000000,2046
AKTX,3798,1.45,1.41,1.53,1.41,1712289600000000000,50
AKYA,348838,4.2,4.36,4.44,4.16,1712289600000000000,2298
AL,1134797,49.93,50.54,50.64,49.93,1712289600000000000,16580
ALpA,6157,25.42,25.56,25.65,25.34,1712289600000000000,76
ALAB,1475301,69.04,71.34,75,67.6262,1712289600000000000,19359
ALAI,65362,19.94,20.084,20.14,19.835,1712289600000000000,30
ALAR,245553,23.93,24.13,24.5,23.05,1712289600000000000,2443
ALB,1901100,120.24,123.45,123.74,119.64,1712289600000000000,34770
ALBpA,172052,55.72,55.98,56.175,54.75,1712289600000000000,637
ALBT,11181,0.3015,0.3041,0.3174,0.3,1712289600000000000,76
ALC,987877,83.71,84.8,84.95,83.535,1712289600000000000,13618
ALCC,712163,13.16,13.1,13.16,12.93,1712289600000000000,4509
ALCE,91018,0.45,0.455,0.476,0.44,1712289600000000000,296
ALCO,6459,29.34,29.11,29.34,28.94,1712289600000000000,527
ALCY,7725,10.6,10.6,10.6,10.59,1712289600000000000,47
ALCYW,1750,0.1652,0.16,0.1652,0.1531,1712289600000000000,3
ALDX,1471252,4.68,4.72,4.97,4.58,1712289600000000000,10366
ALE,420308,59.03,59.31,59.55,58.63,1712289600000000000,4865
ALEC,425721,5.84,5.84,5.85,5.59,1712289600000000000,4861
ALEX,277487,15.88,15.94,15.995,15.86,1712289600000000000,3543
ALG,33103,215.94,218.6,219.12,215.94,1712289600000000000,1864
ALGM,1215706,25.98,26.36,26.44,25.98,1712289600000000000,20991
ALGN,595357,311.95,317.58,322.305,311.95,1712289600000000000,19380
ALGS,294974,0.988,1.04,1.04,0.9666,1712289600000000000,951
ALGT,419751,65.25,65.63,66.112,63.9,1712289600000000000,8610
ALHC,678046,4.63,4.69,4.78,4.59,1712289600000000000,6109
ALIM,28939,3.89,3.85,3.975,3.77,1712289600000000000,363
ALIT,2554094,9.3,9.4,9.43,9.25,1712289600000000000,15704
ALK,2763525,41.69,42.48,42.64,41.44,1712289600000000000,29048
ALKS,1780139,25.76,26.12,26.42,25.435,1712289600000000000,16621
ALKT,247084,23.16,23.74,23.81,22.86,1712289600000000000,5664
ALL,999024,171.93,172.82,173.4604,171.25,1712289600000000000,21306
ALLpB,49250,25.91,26.06,26.15,25.89,1712289600000000000,542
ALLpH,42417,22.42,22.51,22.6,22.37,1712289600000000000,465
ALLpI,12835,22.32,22.35,22.6699,22.26,1712289600000000000,118
ALLpJ,51319,26.98,26.94,27.0599,26.9,1712289600000000000,320
ALLE,351903,131.51,132.31,132.77,130.45,1712289600000000000,10062
ALLG,331783,1.38,1.2,1.38,1.12,1712289600000000000,1402
ALLK,503082,1.21,1.19,1.22,1.165,1712289600000000000,3187
ALLO,939016,4.02,3.96,4.06,3.91,1712289600000000000,7486
ALLR,5261687,0.26,0.226,0.29,0.21,1712289600000000000,18726
ALLT,6428,2.23,2.32,2.33,2.17,1712289600000000000,110
ALLY,2109388,38.25,38.38,38.87,38.06,1712289600000000000,26640
ALNT,40818,32.81,32.79,33.19,32.57,1712289600000000000,1360
ALNY,351493,150.15,153.56,154,149.4079,1712289600000000000,8716
ALOT,5327,17.4501,17.77,17.79,17.4501,1712289600000000000,97
ALPN,1099932,35.14,34.91,36.13,34.51,1712289600000000000,14127
ALPP,33849,0.815,0.78,0.839518,0.7703,1712289600000000000,161
ALRM,300760,69.43,69.2,70.17,69.09,1712289600000000000,5961
ALRN,9123,5.82,5.66,5.87,5.6461,1712289600000000000,198
ALRS,13584,20.9,20.85,21.005,20.6987,1712289600000000000,262
ALSN,673861,81.91,82.29,83,81.65,1712289600000000000,13391
ALT,2938385,8.83,9.09,9.17,8.63,1712289600000000000,18099
ALTG,184087,12.78,12.88,12.96,12.71,1712289600000000000,2448
ALTGpA,502,26.25,26.25,26.25,26.25,1712289600000000000,11
ALTI,142787,5.16,4.93,5.2,4.58,1712289600000000000,1735
ALTL,43785,34.32,34.44,34.5,34.2899,1712289600000000000,287
ALTM,6511895,4.19,4.19,4.27,4.13,1712289600000000000,29227
ALTO,434484,2.21,2.21,2.2492,2.16,1712289600000000000,3350
ALTR,313591,83.46,84.57,84.79,82.95,1712289600000000000,7204
ALTY,3223,11.405,11.45,11.46,11.4,1712289600000000000,71
ALUM,2,31.98,31.98,31.98,31.98,1712289600000000000,2
ALUR,1359048,3.07,2.43,3.09,2.3,1712289600000000000,8683
ALUR.WS,7090,0.2923,0.2998,0.3225,0.2551,1712289600000000000,106
ALV,417480,119.12,120.05,120.14,118.34,1712289600000000000,9856
ALVO,460611,12.13,12.02,12.26,11.9464,1712289600000000000,1587
ALVOW,6480,3.25,3.25,3.3,3.24,1712289600000000000,41
ALVR,253848,0.762,0.7469,0.7751,0.7313,1712289600000000000,1237
ALX,19511,215.11,215,215.5,213.25,1712289600000000000,1664
ALXO,920861,11.14,12.23,12.3,10.99,1712289600000000000,6435
ALZN,59604,0.93,0.8851,0.93,0.885,1712289600000000000,220
AM,1296373,14.27,14.29,14.355,14.1901,1712289600000000000,12384
AMAL,83383,22.46,22.5,22.54,22.32,1712289600000000000,1564
AMAT,3330679,204.9,207.85,209.53,204.9,1712289600000000000,60742
AMAX,699,8.075,8.09,8.09,8.075,1712289600000000000,29
AMBA,348510,48.68,47.87,49.1623,47.78,1712289600000000000,7652
AMBC,341941,16.24,15.87,16.31,15.63,1712289600000000000,4579
AMBI,378,5.29,5.29,5.29,5.29,1712289600000000000,20
AMBI.WS,15357,0.24,0.35,0.36,0.13,1712289600000000000,221
AMBO,1471,1.63,1.66,1.66,1.63,1712289600000000000,39
AMBP,1174260,3.53,3.48,3.53,3.42,1712289600000000000,7998
AMBP.WS,6216,0.0325,0.0325,0.0325,0.0325,1712289600000000000,1
AMC,11341102,3.01,3.01,3.05,2.95,1712289600000000000,44724
AMCR,4010920,9.14,9.21,9.22,9.085,1712289600000000000,21659
AMCX,335125,11.64,11.5,11.74,11.32,1712289600000000000,5402
AMD,66080261,168.1,170.42,172.69,165.58,1712289600000000000,587122
AMDL,234884,19.1981,19.58,20.0074,18.5,1712289600000000000,846
AMDS,54654,12.67,12.45,12.73,12.32,1712289600000000000,248
AMDY,180167,18.25,18.59,18.75,18.025,1712289600000000000,2444
AME,763735,180.64,182.22,182.655,179.79,1712289600000000000,14548
AMED,209825,92.8,92.7,93.04,92.4,1712289600000000000,2824
AMG,298028,163.35,165.88,166.27,163.19,1712289600000000000,5871
AMGN,2293985,265.9,269.95,273.07,265.08,1712289600000000000,48373
AMH,1067907,35.54,35.99,36.07,35.48,1712289600000000000,12240
AMHpG,2444,23.24,23.2,23.25,23.06,1712289600000000000,41
AMHpH,9396,24.05,24,24.33,23.99,1712289600000000000,122
AMID,7269,33.61,33.8,33.88,33.61,1712289600000000000,56
AMIX,53403,2.8,2.81,2.88,2.73,1712289600000000000,247
AMJ,387956,28.93,28.67,28.93,28.6,1712289600000000000,1828
AMJB,36988,28.8,28.7262,28.82,28.7262,1712289600000000000,32
AMK,558070,34.41,34.55,35.075,34.36,1712289600000000000,9701
AMKR,670019,30.87,30.82,30.98,30.53,1712289600000000000,11701
AMLI,236864,0.7145,0.72,0.725,0.6971,1712289600000000000,450
AMLP,1542204,47.88,47.8,48,47.68,1712289600000000000,10986
AMLX,1577589,2.61,2.62,2.67,2.53,1712289600000000000,12890
AMN,559453,58.08,57.98,58.455,57.28,1712289600000000000,8796
AMNA,21,42.3918,42.3918,42.3918,42.3918,1712289600000000000,3
AMND,0,44.1922,44.1922,44.1922,44.1922,1712289600000000000,0
AMOM,891,37.85,38.3119,38.3821,37.81,1712289600000000000,54
AMP,295569,429.97,434.81,435.625,429.97,1712289600000000000,10712
AMPD,139,22.5804,22.5804,22.5804,22.5804,1712289600000000000,5
AMPE,18985,0.9053,0.8435,0.91,0.8291,1712289600000000000,78
AMPG,16490,2.42,2.33,2.4392,2.3,1712289600000000000,79
AMPGW,27609,0.13,0.1524,0.1525,0.13,1712289600000000000,20
AMPH,369048,41.34,41.79,42.005,41.01,1712289600000000000,7903
AMPL,205454,10.41,10.39,10.45,10.355,1712289600000000000,3637
AMPS,805779,4.7,4.62,4.73,4.6,1712289600000000000,7789
AMPX,974177,2.18,2.04,2.18,1.98,1712289600000000000,4972
AMPX.WS,53140,0.2099,0.2,0.21,0.199976,1712289600000000000,104
AMPY,325640,6.86,6.86,6.915,6.78,1712289600000000000,3359
AMR,176209,312.59,311.23,317.165,308.01,1712289600000000000,6251
AMRC,483336,22.41,22.5,22.725,21.53,1712289600000000000,6247
AMRK,615081,30.64,32.73,33.92,30.64,1712289600000000000,8142
AMRN,1023426,1.05,1.05,1.06,1.01,1712289600000000000,2691
AMRX,1991124,5.95,6.12,6.195,5.925,1712289600000000000,10555
AMS,21416,2.95,2.93,2.95,2.8501,1712289600000000000,121
AMSC,240548,12.66,12.83,12.97,12.55,1712289600000000000,4072
AMSF,86646,47.96,47.57,48.33,47.57,1712289600000000000,2651
AMST,5740,2.3,2.245,2.32,2.2143,1712289600000000000,59
AMSWA,302000,11.1,11.31,11.32,11.07,1712289600000000000,3771
AMT,2538781,189.25,190.17,192.24,188.78,1712289600000000000,44990
AMTB,42376,22.19,22.31,22.45,22.1,1712289600000000000,1174
AMTD,19987,1.66,1.66,1.67,1.66,1712289600000000000,149
AMTR,0,58.21,58.21,58.21,58.21,1712289600000000000,0
AMTX,814538,5.15,5.22,5.35,4.9708,1712289600000000000,6788
AMUB,21058,18.06,18.0853,18.0853,18.06,1712289600000000000,6
AMWD,92663,99.63,101.79,102.43,99.36,1712289600000000000,2643
AMWL,2720191,0.78,0.72,0.794099,0.72,1712289600000000000,5915
AMX,602313,18.61,18.64,18.78,18.59,1712289600000000000,5919
AMZA,33721,41.99,41.64,41.99,41.2936,1712289600000000000,437
AMZD,22396,14.41,14.17,14.41,14.0999,1712289600000000000,193
AMZN,42373992,182.38,185.07,186.27,181.97,1712289600000000000,465500
AMZP,395,31.1289,31.1289,31.1289,31.1289,1712289600000000000,41
AMZU,253563,34.8,35.74,36.1994,34.6,1712289600000000000,2271
AMZY,122107,23.04,23.1221,23.26,23.02,1712289600000000000,929
AMZZ,44967,27.17,27.9933,28.34,27.17,1712289600000000000,343
AN,420361,156.62,158.46,159.16,156.1465,1712289600000000000,9706
ANAB,134090,21.05,21.08,21.51,20.8,1712289600000000000,2423
ANDE,109859,57.19,57.44,57.51,56.3904,1712289600000000000,3760
ANEB,19103,2.76,2.7803,3.09,2.76,1712289600000000000,86
ANET,1452623,291.02,297.6,298.25,290,1712289600000000000,35007
ANEW,2,41.054,41.054,41.054,41.054,1712289600000000000,2
ANF,1309504,123.42,120.79,124.18,120.13,1712289600000000000,25060
ANGH,343543,1.06,1.16,1.2999,1.03,1712289600000000000,1320
ANGHW,750,0.08244,0.08244,0.08244,0.08244,1712289600000000000,1
ANGI,1202326,2.25,2.27,2.305,2.22,1712289600000000000,6365
ANGL,913273,28.74,28.71,28.77,28.7,1712289600000000000,5221
ANGO,2155711,6.98,7.03,7.52,6.79,1712289600000000000,17933
ANIK,44243,26.01,25.62,26.1,25.3903,1712289600000000000,1218
ANIP,203207,68,67.65,68.4,67.31,1712289600000000000,3935
ANIX,100478,3.16,3.2,3.26,3.09,1712289600000000000,580
ANL,7806,10,8.2861,11.13,7.65,1712289600000000000,184
ANNX,1017023,6.29,6.19,6.335,6.03,1712289600000000000,8827
ANRO,78159,13.92,14.52,14.8,13.92,1712289600000000000,1783
ANSC,23255,10.19,10.17,10.1901,10.17,1712289600000000000,117
ANSCU,3010,10.28,10.31,10.31,10.28,1712289600000000000,16
ANSS,283559,341.4,341.87,345.13,340.95,1712289600000000000,10705
ANTE,68266,1.4468,1.68,1.74,1.4468,1712289600000000000,381
ANTX,530085,3.23,3.01,3.285,2.98,1712289600000000000,3758
ANVS,186055,11.19,11.1,11.59,10.8487,1712289600000000000,1320
ANY,377921,1.33,1.28,1.38,1.27,1712289600000000000,1774
AOA,98117,72.32,72.69,72.82,72.2526,1712289600000000000,915
AOD,162748,8.12,8.15,8.18,8.095,1712289600000000000,660
AOGOW,100,0.027,0.027,0.027,0.027,1712289600000000000,1
AOHY,7683,10.91,10.915,10.93,10.9002,1712289600000000000,35
AOK,122061,36.34,36.44,36.5003,36.33,1712289600000000000,584
AOM,103832,42.05,42.21,42.285,42.05,1712289600000000000,779
AOMR,49967,10.78,10.98,10.98,10.7,1712289600000000000,489
AON,752886,316.26,318.99,320.56,315,1712289600000000000,19117
AONCW,1836,0.3925,0.3649,0.3925,0.315,1712289600000000000,12
AOR,126841,54.75,55.03,55.13,54.75,1712289600000000000,905
AORT,93246,21.32,21.34,21.55,21.14,1712289600000000000,2055
AOS,921497,87.39,87.54,88.025,86.79,1712289600000000000,19535
AOSL,92804,22.68,22.51,22.76,22.1279,1712289600000000000,2442
AOTG,95,37.9152,37.9152,37.9152,37.9152,1712289600000000000,12
AOUT,15463,8.63,8.77,8.78,8.55,1712289600000000000,265
AP,28508,2.17,2.2,2.2,2.12,1712289600000000000,155
AP.WS,7899,0.0855,0.1016,0.1325,0.0855,1712289600000000000,18
APA,6055803,35.33,35.74,35.86,35.01,1712289600000000000,54459
APAM,261077,44.65,44.97,45.2,44.39,1712289600000000000,4701
APCA,963,11.3,11.3036,11.3036,11.3,1712289600000000000,5
APCA.WS,5357,0.0449,0.045,0.045,0.0446,1712289600000000000,8
APCB,34795,29.22,29.14,29.22,29.14,1712289600000000000,154
APCX,118576,0.95,0.9617,0.9617,0.92,1712289600000000000,273
APD,1588820,236.88,238.68,239.785,236.63,1712289600000000000,26614
APDN,84749,0.41,0.3901,0.42,0.39,1712289600000000000,301
APEI,113682,13.71,13.29,13.87,13.105,1712289600000000000,3719
APG,1005438,38.98,39.29,39.565,38.97,1712289600000000000,12677
APGE,434478,58.37,56.81,60.02,56.35,1712289600000000000,7225
APH,3379646,115.64,117.38,117.59,115.5678,1712289600000000000,46450
API,136857,2.67,2.55,2.6844,2.55,1712289600000000000,1091
APIE,29424,27.9532,28.0362,28.11,27.8701,1712289600000000000,111
APLD,4602838,3.21,2.98,3.22,2.94,1712289600000000000,22883
APLE,1559097,15.99,16.06,16.09,15.91,1712289600000000000,10151
APLM,95202,0.5916,0.576,0.61,0.5703,1712289600000000000,459
APLMW,4803,0.0171,0.017694,0.017694,0.0171,1712289600000000000,3
APLS,695017,55.6,55.91,56.13,54.44,1712289600000000000,13567
APLT,514145,5.99,5.78,6.1325,5.77,1712289600000000000,5954
APLY,49865,16.54,16.6,16.74,16.54,1712289600000000000,787
APM,125477,10.2,8,10.35,7.9,1712289600000000000,1211
APMU,6638,24.65,24.6686,24.682,24.65,1712289600000000000,25
APO,1517483,112.2,114.67,114.845,111.22,1712289600000000000,27316
APOpA,3726,63.38,65.11,65.11,63.38,1712289600000000000,156
APOG,132492,58.23,59.27,59.51,58.23,1712289600000000000,2130
APOS,25113,26.29,26.34,26.37,26.28,1712289600000000000,305
APP,4151377,71.95,74.795,75.85,70.83,1712289600000000000,48211
APPF,151137,229.6,232.33,235.22,229.6,1712289600000000000,4797
APPN,321518,37.11,38.03,38.11,37.02,1712289600000000000,6242
APPS,1717565,2.26,2.17,2.265,2.15,1712289600000000000,9259
APRD,1314,24.4399,24.4123,24.4399,24.4,1712289600000000000,8
APRE,9848,6.27,6.3,6.475,6,1712289600000000000,130
APRH,11222,24.45,24.422,24.45,24.4,1712289600000000000,71
APRJ,6597,24.44,24.45,24.5092,24.4,1712289600000000000,45
APRP,24692,24.83,24.91,24.92,24.78,1712289600000000000,82
APRQ,1603,24.44,24.4452,24.49,24.41,1712289600000000000,19
APRT,41174,34.53,34.6935,34.77,34.5,1712289600000000000,247
APRW,93990,30.03,30.17,30.19,30.0233,1712289600000000000,348
APRZ,808,31.83,31.9653,31.9653,31.83,1712289600000000000,4
APT,41607,6.51,6.48,6.7,6.48,1712289600000000000,513
APTO,56092,1.41,1.38,1.4699,1.38,1712289600000000000,360
APTV,2315773,75.53,74.73,76.595,74.3406,1712289600000000000,31817
APUE,61876,31.72,31.92,32.01,31.72,1712289600000000000,188
APVO,432412,3.56,3.63,4.25,3.28,1712289600000000000,2662
APWC,4575,1.42,1.4,1.42,1.385,1712289600000000000,33
APXI,526,11.4,11.4,11.4,11.4,1712289600000000000,6
APXIW,16551,0.1501,0.1651,0.1651,0.1501,1712289600000000000,11
APYX,84663,1.55,1.5,1.63,1.48,1712289600000000000,338
AQB,17112,1.95,1.95,1.98,1.8802,1712289600000000000,285
AQMS,317846,0.62,0.676,0.6888,0.604,1712289600000000000,930
AQN,5265958,6.17,6.19,6.19,6.05,1712289600000000000,8869
AQNB,12427,24.94,24.96,25.02,24.94,1712289600000000000,202
AQNU,334157,21.5,21.42,21.54,21.11,1712289600000000000,463
AQST,2215849,4.19,4.1,4.295,3.99,1712289600000000000,15005
AQU,102,10.84,10.84,10.84,10.84,1712289600000000000,3
AQWA,530,17.19,17.23,17.2303,17.19,1712289600000000000,34
AR,3461050,28.89,29.29,29.33,28.58,1712289600000000000,30917
ARAY,342171,2.41,2.4,2.425,2.39,1712289600000000000,1826
ARB,3224,27.0873,27.0783,27.1255,27.061,1712289600000000000,32
ARBB,64114,1.3,1.23,1.33,1.23,1712289600000000000,328
ARBE,24948,2.03,2,2.06,1.99,1712289600000000000,318
ARBEW,364,0.165,0.165,0.165,0.165,1712289600000000000,9
ARBK,384993,1.58,1.59,1.73,1.56,1712289600000000000,1646
ARBKL,10435,9.15,9.06,9.39,8.99,1712289600000000000,84
ARC,61417,2.65,2.69,2.69,2.644,1712289600000000000,614
ARCB,247869,144.62,149.87,149.985,143.8001,1712289600000000000,7589
ARCC,2072445,20.4,20.57,20.58,20.36,1712289600000000000,13870
ARCH,401631,152.01,152.54,153.76,150.02,1712289600000000000,7339
ARCM,1101,99.56,100.2399,100.2399,99.56,1712289600000000000,4
ARCO,880039,10.74,10.63,10.835,10.57,1712289600000000000,6413
ARCT,309514,30.33,31.97,32.3,29.69,1712289600000000000,6503
ARDC,45445,14.19,14.19,14.2299,14.17,1712289600000000000,296
ARDX,7837590,7.3,7.5,7.87,7.14,1712289600000000000,31718
ARE,551084,121.28,124.58,124.82,121,1712289600000000000,14912
AREB,508252,0.2866,0.285,0.289,0.2511,1712289600000000000,1047
AREBW,665,0.0107,0.0105,0.0107,0.0099,1712289600000000000,10
AREC,142384,1.38,1.4,1.42,1.37,1712289600000000000,810
AREN,17407,0.862,0.847,0.87,0.805,1712289600000000000,204
ARES,1218176,131.95,134.16,134.8,131.22,1712289600000000000,17821
ARGD,20065,22.805,22.55,22.91,22.26,1712289600000000000,180
ARGOpA,7497,23.89,23.85,24,23.85,1712289600000000000,65
ARGT,54172,54.61,56.12,56.4178,54.61,1712289600000000000,768
ARGX,122818,387.81,387.03,388.97,384.64,1712289600000000000,3970
ARHS,871058,15.41,15.7,15.755,15.311,1712289600000000000,9584
ARI,422148,10.94,11.01,11.04,10.88,1712289600000000000,3507
ARIS,391140,14.54,15,15.08,14.4,1712289600000000000,6214
ARKA,2945,64.55,64.88,65.35,64.55,1712289600000000000,64
ARKB,1819984,66.97,67.43,68.66,66.87,1712289600000000000,12700
ARKC,978,41.75,41.66,41.9,41.66,1712289600000000000,13
ARKD,882,43.89,44.2876,44.59,43.89,1712289600000000000,25
ARKF,440532,28.9,29.25,29.4431,28.85,1712289600000000000,4290
ARKG,1490864,26.56,26.71,26.96,26.22,1712289600000000000,14540
ARKK,14138221,46.73,47.12,47.595,46.6,1712289600000000000,95041
ARKO,307388,5.11,5.2,5.25,5.03,1712289600000000000,5118
ARKOW,1101,0.371,0.3489,0.371,0.32,1712289600000000000,12
ARKQ,63483,52.84,53.06,53.49,52.705,1712289600000000000,1197
ARKR,646,14,13.97,14,13.97,1712289600000000000,38
ARKW,123992,79.14,80,80.81,79,1712289600000000000,1768
ARKX,103418,14.5,14.62,14.67,14.5,1712289600000000000,1081
ARKY,937,40.32,40.73,40.73,40.32,1712289600000000000,36
ARKZ,5059,39.91,39.8262,40.04,39.8262,1712289600000000000,80
ARL,2299,16.45,16.52,16.65,16.38,1712289600000000000,71
ARLO,590052,11.7,11.68,11.79,11.6,1712289600000000000,6288
ARLP,373573,20.97,20.91,20.97,20.65,1712289600000000000,2644
ARLU,13641,24.85,24.91,24.93,24.745,1712289600000000000,56
ARM,4537556,122.6,124.82,125.72,120.02,1712289600000000000,60984
ARMK,2565258,31.48,32.22,32.35,31.47,1712289600000000000,24234
ARMN,339555,3.6,3.63,3.67,3.515,1712289600000000000,1455
ARMP,4469,3.65,3.78,3.8239,3.65,1712289600000000000,61
AROC,1585051,21.33,21.08,21.33,20.87,1712289600000000000,15466
AROW,23551,23.84,23.48,23.84,23.04,1712289600000000000,550
ARP,653,27.15,27.105,27.15,27.105,1712289600000000000,8
ARQ,488779,6.75,6.38,6.97,5.8317,1712289600000000000,4434
ARQQ,565391,0.57,0.569,0.584,0.55,1712289600000000000,1217
ARQQW,7102,0.155,0.1889,0.1919,0.1456,1712289600000000000,40
ARQT,3471193,10.66,11.34,11.79,10.38,1712289600000000000,31914
ARR,712880,19.22,19.45,19.46,19.11,1712289600000000000,7656
ARRpC,11213,21.27,21.21,21.32,21.21,1712289600000000000,110
ARRW,10302,13.19,13.6974,16.5,13,1712289600000000000,242
ARRWW,22600,0.214,0.2712,0.3103,0.214,1712289600000000000,59
ARRY,5691112,14.21,13.8,14.25,13.72,1712289600000000000,34566
ARTL,5372,1.47,1.5488,1.575,1.47,1712289600000000000,70
ARTNA,23456,36.32,35.36,36.32,35.17,1712289600000000000,729
ARTW,977,1.99,2.01,2.01,1.99,1712289600000000000,34
ARVN,413013,37.74,37.44,38.17,37.14,1712289600000000000,6036
ARVR,98,35.05,35.05,35.05,35.05,1712289600000000000,5
ARW,262255,126.85,127.44,127.59,126.38,1712289600000000000,6489
ARWR,713012,25.77,25.78,26.43,25.28,1712289600000000000,11773
ARYD,75002,11.28,11.28,11.28,11.28,1712289600000000000,3
AS,872404,15.7,15.34,15.7,15.23,1712289600000000000,11101
ASA,97579,16.49,16.99,17.02,16.49,1712289600000000000,650
ASAI,301042,13.75,13.57,13.79,13.54,1712289600000000000,3769
ASAN,1209313,14.79,14.69,14.93,14.63,1712289600000000000,12693
ASB,920176,20.89,21.03,21.15,20.85,1712289600000000000,10162
ASBpE,596,20.95,21.08,21.1199,20.95,1712289600000000000,9
ASBpF,1628,20.1694,20.2206,20.2206,20.1694,1712289600000000000,10
ASBA,13816,23.26,23.5589,23.79,23.26,1712289600000000000,115
ASC,317408,16.78,16.7,16.88,16.62,1712289600000000000,3494
ASCB,230,11.96,11.96,11.96,11.96,1712289600000000000,9
ASEA,9009,14.9,14.95,15.0099,14.9,1712289600000000000,74
ASET,14149,30.9,30.8684,30.9,30.83,1712289600000000000,61
ASG,141273,5.39,5.41,5.43,5.36,1712289600000000000,498
ASGI,58318,17.45,17.45,17.505,17.44,1712289600000000000,427
ASGN,198278,98.26,98.75,99.2,98.065,1712289600000000000,5796
ASH,318308,95.09,94.81,95.155,94.175,1712289600000000000,6884
ASHR,2398699,24.43,24.4,24.44,24.35,1712289600000000000,4075
ASHS,548,26.54,26.6598,26.6598,26.54,1712289600000000000,7
ASIA,7340,25.2843,25.3239,25.37,25.2843,1712289600000000000,26
ASIX,289584,27.6,28.45,28.52,27.47,1712289600000000000,3086
ASLE,335931,7.18,7.06,7.2,6.97,1712289600000000000,3585
ASLN,159659,0.5129,0.54,0.5566,0.51,1712289600000000000,405
ASM,1931481,0.7537,0.81,0.86,0.7174,1712289600000000000,2311
ASMB,20466,13.64,13.77,14.5,13.4107,1712289600000000000,268
ASML,878362,976.5,979.55,986.6,966.915,1712289600000000000,38519
ASND,156146,147.93,149.88,150.62,145.44,1712289600000000000,3608
ASNS,9934,1.001,1,1.02,0.9147,1712289600000000000,76
ASO,1432254,62.42,63.45,64.14,62.37,1712289600000000000,25547
ASPI,424296,3.67,3.66,3.96,3.65,1712289600000000000,3217
ASPN,399535,16.71,16.64,17.1601,16.53,1712289600000000000,5815
ASPS,331586,1.76,1.72,1.79,1.635,1712289600000000000,997
ASR,36648,328.1,331.34,331.87,324.84,1712289600000000000,1816
ASRT,462446,0.93,0.9478,0.96,0.9011,1712289600000000000,2254
ASRV,1860,2.48,2.48,2.48,2.4008,1712289600000000000,44
ASST,299882,0.4258,0.413,0.465,0.3751,1712289600000000000,1591
ASTC,3501,9.65,9.55,9.65,9.2213,1712289600000000000,62
ASTE,118663,43.49,44.45,44.54,43.49,1712289600000000000,2338
ASTH,76874,41.15,41.75,42.7,40.92,1712289600000000000,2535
ASTI,276116,0.34,0.3102,0.3506,0.3002,1712289600000000000,641
ASTL,254188,8.34,8.23,8.385,8.22,1712289600000000000,3495
ASTLW,203,1.38,1.38,1.38,1.38,1712289600000000000,7
ASTR,143051,0.614,0.68,0.69,0.61,1712289600000000000,911
ASTS,2805068,2.27,2.205,2.3,2.18,1712289600000000000,12499
ASTSW,33384,0.39,0.4104,0.4412,0.37,1712289600000000000,51
ASUR,134972,7.51,7.51,7.57,7.42,1712289600000000000,1977
ASX,4689945,10.89,11.11,11.11,10.84,1712289600000000000,14848
ASXC,1964123,0.266,0.267,0.273,0.26,1712289600000000000,1992
ASYS,24993,5.15,5.22,5.3,5.15,1712289600000000000,309
ATAI,2525323,2.45,2.45,2.5492,2.32,1712289600000000000,10299
ATAT,142467,18.46,18.37,18.59,18.17,1712289600000000000,2038
ATCH,82246,1.4799,1.58,1.65,1.4799,1712289600000000000,302
ATCOpD,2390,24.65,24.7,24.86,24.65,1712289600000000000,28
ATCOpH,16583,24.45,24.3672,24.54,24.35,1712289600000000000,78
ATEC,1141480,13.39,13.8,13.82,13.315,1712289600000000000,12201
ATEN,328268,13.47,13.44,13.54,13.36,1712289600000000000,5324
ATER,148537,2.36,2.54,2.68,2.36,1712289600000000000,930
ATEX,42854,32.74,33.08,33.08,32.4,1712289600000000000,1313
ATFV,258,20.29,20.3372,20.3372,20.29,1712289600000000000,10
ATGE,342818,50.7,50.62,51.31,50.58,1712289600000000000,7914
ATGL,11629,3.105,2.86,3.2175,2.86,1712289600000000000,238
ATHpA,104824,24.3,23.93,24.45,23.81,1712289600000000000,510
ATHpB,16498,21.81,21.7,21.81,21.6501,1712289600000000000,135
ATHpC,54030,25,24.99,25.18,24.94,1712289600000000000,446
ATHpD,37854,18.39,18.54,18.639,18.28,1712289600000000000,358
ATHpE,23996,26.31,26.06,26.31,26.05,1712289600000000000,289
ATHA,176255,2.49,2.47,2.57,2.4399,1712289600000000000,1076
ATHE,6365,1.865,1.88,1.88,1.845,1712289600000000000,65
ATHM,297492,26.4,26.13,26.485,26.08,1712289600000000000,3385
ATHS,414650,25.09,25.14,25.19,25.09,1712289600000000000,740
ATI,707524,50.37,51.73,51.855,50.24,1712289600000000000,12011
ATIF,629,0.97,0.96,0.97,0.96,1712289600000000000,11
ATIP,3790,5.31,5.15,5.32,5.15,1712289600000000000,124
ATKR,514983,181.37,183.82,185.87,180.03,1712289600000000000,11164
ATLC,15611,29.5005,28.85,29.75,28.83,1712289600000000000,519
ATLCL,5612,23.16,22.95,23.16,22.85,1712289600000000000,86
ATLCP,1019,23.41,23.42,23.42,23.31,1712289600000000000,19
ATLCZ,12095,24.95,24.989,25,24.91,1712289600000000000,54
ATLO,5677,19.92,19.79,20.06,19.79,1712289600000000000,107
ATLX,53588,17.17,17.45,17.8726,16.76,1712289600000000000,1022
ATMC,4365,10.95,10.945,10.95,10.935,1712289600000000000,23
ATMCW,1167,0.016,0.016,0.016,0.016,1712289600000000000,6
ATMP,35266,24.24,24.3092,24.35,24.24,1712289600000000000,32
ATMU,1705719,32.62,33.1,33.29,32.61,1712289600000000000,19999
ATMVU,5607,10.94,10.94,10.94,10.94,1712289600000000000,1
ATNF,23376,2.5,2.23,2.5,2.1999,1712289600000000000,280
ATNFW,54986,0.0082,0.0082,0.0096,0.0082,1712289600000000000,53
ATNI,35730,28.72,28.3,28.86,28.3,1712289600000000000,1010
ATNM,487033,9.03,9.54,9.57,8.84,1712289600000000000,4259
ATO,525717,115.58,116.23,116.41,115.01,1712289600000000000,12757
ATOM,119263,6.1,5.94,6.24,5.85,1712289600000000000,1658
ATOS,10589563,2.17,1.87,2.31,1.6,1712289600000000000,32682
ATPC,48721,0.3115,0.312,0.32,0.31,1712289600000000000,118
ATR,288272,141.38,141.73,142.765,140.9475,1712289600000000000,6273
ATRA,1196121,0.78,0.7741,0.832,0.735,1712289600000000000,3264
ATRC,510667,26.07,26.26,26.55,25.95,1712289600000000000,7918
ATRI,37431,416.4,416.1,421,414.115,1712289600000000000,6150
ATRO,49884,17.66,17.7,17.793,17.64,1712289600000000000,1179
ATS,157565,33.07,32.53,33.115,32.47,1712289600000000000,1843
ATSG,378625,12.62,12.92,12.945,12.52,1712289600000000000,6622
ATUS,8497753,2.38,2.44,2.45,2.14,1712289600000000000,25168
ATXG,18653,0.87,0.8711,0.928652,0.86,1712289600000000000,114
ATXI,626255,0.143,0.1488,0.15,0.1418,1712289600000000000,1119
ATXS,891489,11.55,11.27,11.71,11.13,1712289600000000000,11274
AU,2981136,23.51,23.95,24.12,23.18,1712289600000000000,26123
AUB,308753,32.93,33.47,33.63,32.92,1712289600000000000,5613
AUBpA,7432,23.55,23.9984,24.0999,23.55,1712289600000000000,37
AUBN,378,19.1,19.1,19.1,19.1,1712289600000000000,14
AUDC,36120,12.38,12.48,12.68,12.31,1712289600000000000,825
AUGT,553,27.7865,27.8131,27.8131,27.7865,1712289600000000000,4
AUGW,25968,27.05,27.1,27.13,27.05,1712289600000000000,36
AUGX,347277,4.15,4.03,4.18,3.94,1712289600000000000,3684
AUGZ,5,36.4312,36.4312,36.4312,36.4312,1712289600000000000,1
AUID,23944,8.13,8.41,8.5,7.61,1712289600000000000,454
AULT,908674,0.361,0.3608,0.3659,0.36,1712289600000000000,1919
AULTpD,402,23.72,23.72,23.72,23.72,1712289600000000000,11
AUMI,3454,30.71,31.28,31.3072,30.71,1712289600000000000,18
AUMN,2469199,0.5798,0.6898,0.76,0.5798,1712289600000000000,5857
AUNA,704644,9.26,9.1,9.63,9.099,1712289600000000000,2625
AUPH,1053108,5.07,5.05,5.16,5.01,1712289600000000000,6403
AUR,6822261,3,3,3.06,2.95,1712289600000000000,20346
AURA,113959,7.13,7.2,7.365,7.1,1712289600000000000,1219
AUROW,23771,0.2525,0.25,0.2897,0.245,1712289600000000000,90
AUSF,14741,40,40.12,40.1783,39.88,1712289600000000000,105
AUST,246535,1.37,1.29,1.4,1.22,1712289600000000000,719
AUTL,703929,5.45,5.6,5.7,5.37,1712289600000000000,7035
AUUD,316358,1.46,1.43,1.48,1.41,1712289600000000000,1412
AUUDW,15687,0.035,0.03325,0.035,0.03325,1712289600000000000,2
AUVI,393566,0.879,0.8525,0.879,0.812,1712289600000000000,1485
AUVIP,1884,5,5.11,5.47,5,1712289600000000000,38
AVA,407302,34.36,34.6,34.65,33.9,1712289600000000000,5799
AVAH,108877,2.48,2.6,2.66,2.48,1712289600000000000,772
AVAL,64277,2.4,2.39,2.45,2.38,1712289600000000000,398
AVAV,262293,147.33,148.53,148.7673,146.0051,1712289600000000000,6572
AVB,392267,179.4,181.08,181.81,179.205,1712289600000000000,10934
AVBP,41494,18.2,18.45,18.98,18.12,1712289600000000000,1190
AVD,469604,12.38,12.49,12.6,12.38,1712289600000000000,1566
AVDE,171408,63.07,63.41,63.55,63,1712289600000000000,943
AVDL,427609,16.31,16.69,16.71,16.05,1712289600000000000,5677
AVDS,333,52.93,52.98,52.98,52.93,1712289600000000000,9
AVDV,303365,65.7,65.9,66.085,65.55,1712289600000000000,2522
AVDX,1071319,12.19,12.33,12.56,12.19,1712289600000000000,10833
AVEE,943,53.59,53.7078,53.7078,53.515,1712289600000000000,23
AVEM,492458,58.33,58.47,58.61,58.2194,1712289600000000000,1515
AVES,228270,47.67,47.84,47.88,47.5936,1712289600000000000,374
AVGE,28092,68.74,69.29,69.43,68.74,1712289600000000000,282
AVGO,1943828,1326,1339.43,1361.23,1314.195,1712289600000000000,81428
AVGR,31200,3.31,3.63,3.63,3.21,1712289600000000000,239
AVGV,3867,59.74,60.0659,60.122,59.74,1712289600000000000,82
AVIE,209,62.57,63.0104,63.04,62.57,1712289600000000000,7
AVIG,41800,40.73,40.72,40.8392,40.7173,1712289600000000000,241
AVIR,138172,3.86,3.81,3.895,3.81,1712289600000000000,1582
AVIV,12508,54.01,54.1951,54.29,53.85,1712289600000000000,130
AVK,109686,11.8,11.83,11.87,11.76,1712289600000000000,543
AVLC,2168,60.92,61.2616,61.37,60.92,1712289600000000000,29
AVLV,126502,63.53,63.95,64.11,63.5,1712289600000000000,769
AVMA,5,56.4433,56.4433,56.4433,56.4433,1712289600000000000,3
AVMC,450,61.12,61.0522,61.12,61.0138,1712289600000000000,14
AVMU,3527,46.24,46.185,46.2548,46.17,1712289600000000000,42
AVMV,3100,61.1295,61.4733,61.4733,61.1295,1712289600000000000,24
AVNM,1976,56.08,56.2673,56.2673,56.08,1712289600000000000,15
AVNS,172374,19.43,19.5,19.75,19.41,1712289600000000000,3388
AVNT,377114,42.28,42.57,42.79,42.18,1712289600000000000,5312
AVNV,148,56.9793,56.9793,56.9793,56.9793,1712289600000000000,10
AVNW,53836,35.5,35.22,35.715,35.1064,1712289600000000000,1197
AVO,116735,11.71,11.81,11.849,11.6243,1712289600000000000,2246
AVPT,3048289,8.04,8.4,8.56,7.97,1712289600000000000,21339
AVPTW,20771,1.15,1.1,1.15,1.064,1712289600000000000,49
AVRE,82875,40.92,41.13,41.1897,40.8607,1712289600000000000,195
AVRO,83205,1.31,1.27,1.31,1.25,1712289600000000000,394
AVSC,37356,50.69,50.97,51.2299,50.69,1712289600000000000,234
AVSD,2781,56.24,56.4352,56.51,56.185,1712289600000000000,24
AVSE,679,49.5,49.58,49.58,49.5,1712289600000000000,13
AVSF,30054,46.065,46.06,46.095,46.05,1712289600000000000,182
AVSU,6779,60.14,60.38,60.5527,60.14,1712289600000000000,86
AVT,527416,48.08,48.53,48.605,47.925,1712289600000000000,8881
AVTE,246292,28,25.05,28,24.43,1712289600000000000,4182
AVTR,5005996,25.37,25.87,25.97,25.28,1712289600000000000,42081
AVTX,279477,16.01,16.4,18.2999,16.01,1712289600000000000,6636
AVUS,197067,88.06,88.67,88.94,87.99,1712289600000000000,1346
AVUV,470723,91.25,91.69,92.1,91.11,1712289600000000000,4882
AVXC,3912,50.6,50.6835,50.78,50.5999,1712289600000000000,24
AVXL,1115978,4.45,4.42,4.52,4.34,1712289600000000000,8001
AVY,361104,216.85,218.11,218.69,215.88,1712289600000000000,9237
AWAY,10312,19.99,20.35,20.35,19.99,1712289600000000000,140
AWEG,3,23.1,23.1,23.1,23.1,1712289600000000000,1
AWF,140605,10.51,10.51,10.56,10.485,1712289600000000000,740
AWH,37489,2.77,2.64,2.77,2.55,1712289600000000000,269
AWI,597916,120.16,121.65,121.78,120.16,1712289600000000000,9942
AWIN,203791,4.57,5.15,6,4.4001,1712289600000000000,5307
AWINW,7826,0.015,0.0191,0.0198,0.015,1712289600000000000,36
AWK,1109007,119.24,118.52,120.03,117.85,1712289600000000000,22391
AWP,135730,3.76,3.76,3.7799,3.74,1712289600000000000,518
AWR,163620,69.9,69.79,70.155,68.8,1712289600000000000,4749
AWRE,14758,1.75,1.8,1.8,1.74,1712289600000000000,145
AWX,1159,2.2,2.31,2.38,2.2,1712289600000000000,31
AX,642949,50.53,50.74,51.165,49.63,1712289600000000000,11652
AXDX,35306,0.8501,0.837,0.86,0.8338,1712289600000000000,179
AXGN,1409924,7.7,7.8,7.91,7.62,1712289600000000000,2209
AXIL,4891,12.6971,12.9999,13,12.5,1712289600000000000,71
AXL,955634,7.12,7.27,7.3,7.105,1712289600000000000,9826
AXNX,1537908,67.9,67.85,68.19,67.75,1712289600000000000,8222
AXON,183819,306.82,309.9,312.25,306.5629,1712289600000000000,7916
AXP,1827905,220,222.46,223.12,219.52,1712289600000000000,42349
AXR,2120,21.59,22,22,21.59,1712289600000000000,78
AXS,757976,64.84,65.52,65.68,64.45,1712289600000000000,13230
AXSpE,8516,22.35,22.43,22.5618,22.2101,1712289600000000000,123
AXSM,391919,71.69,72.25,73.49,71.12,1712289600000000000,8014
AXTA,1494518,33.09,33.02,33.17,32.81,1712289600000000000,16853
AXTI,3429747,3.55,3.11,3.76,3.03,1712289600000000000,18085
AY,989418,18.2,18.33,18.33,17.9,1712289600000000000,5589
AYI,309261,266.11,271.89,272.41,266.11,1712289600000000000,10162
AYRO,38895,1.64,1.55,1.64,1.54,1712289600000000000,272
AYTU,15837,3.16,3.22,3.22,3.0919,1712289600000000000,169
AZ,24297,0.539,0.52,0.58,0.52,1712289600000000000,141
AZEK,1344582,49.37,49.76,50.21,49.04,1712289600000000000,12261
AZN,4811317,66.98,67.45,67.72,66.89,1712289600000000000,56524
AZO,84683,3097.07,3104.94,3121.065,3094.88,1712289600000000000,6831
AZPN,158128,214.1,215.61,215.9,213.6,1712289600000000000,5884
AZTA,449170,57.92,57.48,58.33,57.42,1712289600000000000,9591
AZTD,1016,20.9,20.9578,20.96,20.9,1712289600000000000,11
AZTR,848734,0.25,0.239,0.25,0.239,1712289600000000000,1464
AZUL,1348661,7.64,7.66,7.71,7.565,1712289600000000000,7514
AZZ,138762,77.56,78.62,79.32,77.12,1712289600000000000,2802
B,204136,35.06,35.83,35.93,35.06,1712289600000000000,4517
BA,4130401,184.16,183.14,184.66,182.44,1712289600000000000,63495
BAB,176492,26.21,26.18,26.305,26.18,1712289600000000000,814
BABA,12260274,71.68,71.66,72.025,71.41,1712289600000000000,91283
BABX,48575,13.18,13.11,13.235,13.08,1712289600000000000,238
BAC,30823542,36.81,37.11,37.34,36.73,1712289600000000000,137438
BACpB,77643,25.29,25.39,25.45,25.2801,1712289600000000000,489
BACpE,13582,23.6,23.61,23.8,23.55,1712289600000000000,67
BACpK,69800,24.98,25.0598,25.11,24.98,1712289600000000000,497
BACpL,2113,1188.02,1182,1191.9999,1182,1712289600000000000,383
BACpM,49106,23.77,23.72,23.8999,23.72,1712289600000000000,511
BACpN,30665,22.56,22.56,22.7013,22.5351,1712289600000000000,269
BACpO,45966,20.37,20.43,20.49,20.36,1712289600000000000,362
BACpP,35959,19.25,19.33,19.3699,19.25,1712289600000000000,274
BACpQ,56042,19.5,19.58,19.69,19.5,1712289600000000000,404
BACpS,21281,21.76,21.83,21.8836,21.73,1712289600000000000,200
BACA,4011,10.34,10.38,10.38,10.34,1712289600000000000,87
BACK,50111,2.66,2.64,2.82,2.62,1712289600000000000,340
BAER,4050,5.15,5.07,5.15,5.06,1712289600000000000,136
BAERW,12649,0.18995,0.18,0.18995,0.1766,1712289600000000000,34
BAH,655365,146.61,146.83,148.185,145.8,1712289600000000000,12428
BAK,963471,10.4,10.19,10.5,10.04,1712289600000000000,6529
BALI,21452,28.32,28.4496,28.51,28.28,1712289600000000000,196
BALL,1159327,65.93,66.47,66.78,65.87,1712289600000000000,19116
BALT,249979,29.15,29.18,29.23,29.15,1712289600000000000,1119
BALY,361668,13.5,13.49,13.515,13.15,1712289600000000000,4475
BAM,1771449,40.8,41.33,41.64,40.79,1712289600000000000,13368
BAMA,7262,28.2,28.4648,28.475,28.2,1712289600000000000,70
BAMB,6069,25.505,25.492,25.505,25.48,1712289600000000000,9
BAMD,12306,28.3,28.4,28.41,28.2574,1712289600000000000,68
BAMG,17927,29.44,29.69,29.835,29.44,1712289600000000000,198
BAMO,7501,27.9,28.1687,28.185,27.9,1712289600000000000,54
BAMU,7472,25.26,25.305,25.31,25.26,1712289600000000000,11
BAMV,17585,29.46,29.73,29.77,29.46,1712289600000000000,65
BAMY,8718,26.67,26.85,26.93,26.67,1712289600000000000,61
BANC,1313736,14.55,14.63,14.715,14.495,1712289600000000000,12929
BANCpF,18109,23.15,23.15,23.25,23.09,1712289600000000000,222
BAND,194957,17.37,17.47,17.725,17.15,1712289600000000000,3250
BANF,44569,84.33,84.82,85.79,84.03,1712289600000000000,1629
BANFP,751,25.43,25.34,25.43,25.31,1712289600000000000,8
BANL,9768,1.05,1.0102,1.05,1.0101,1712289600000000000,77
BANR,105370,46.24,46.17,46.28,45.86,1712289600000000000,3178
BANX,6871,18.68,18.74,18.75,18.68,1712289600000000000,73
BAOS,2978,3.12,3.11,3.17,3.1,1712289600000000000,41
BAP,194112,170.69,172.92,172.93,170.1,1712289600000000000,4210
BAPR,97555,39.57,39.77,39.85,39.57,1712289600000000000,333
BAR,1087173,22.68,22.97,23.03,22.65,1712289600000000000,2874
BARK,571611,1.19,1.22,1.24,1.15,1712289600000000000,2511
BASE,559490,26.28,26.91,27.08,26.1,1712289600000000000,5985
BATL,37862,6.35,6.5,6.85,6.35,1712289600000000000,455
BATRA,15255,42.6,42.62,42.68,42.165,1712289600000000000,474
BATRK,95389,39.6,39.45,39.7178,39.3,1712289600000000000,2300
BATT,33713,9.35,9.31,9.4,9.29,1712289600000000000,440
BAUG,43112,38.415,38.6,38.7199,38.415,1712289600000000000,96
BAX,2970219,42.45,42.62,42.8,42.38,1712289600000000000,25451
BAYA,19018,10.12,10.13,10.13,10.12,1712289600000000000,20
BB,9465286,2.91,2.82,2.91,2.79,1712289600000000000,18887
BBAG,99350,45.3,45.23,45.37,45.23,1712289600000000000,452
BBAI,3726081,1.95,1.95,2.01,1.91,1712289600000000000,9563
BBAI.WS,10845,0.3115,0.328,0.3384,0.3115,1712289600000000000,24
BBAR,1260965,8.62,9.17,9.19,8.62,1712289600000000000,8514
BBAX,268941,47.99,48.16,48.28,47.82,1712289600000000000,2128
BBBI,754,49.66,49.66,49.69,49.66,1712289600000000000,10
BBBL,8800,48.47,48.5,48.63,48.46,1712289600000000000,62
BBBS,7,49.9271,49.9271,49.9271,49.9271,1712289600000000000,2
BBC,482,27.25,27.3766,27.3766,27.25,1712289600000000000,29
BBCA,169921,66.09,66.73,66.95,65.96,1712289600000000000,1450
BBCB,1189,44.8889,44.835,44.9197,44.835,1712289600000000000,57
BBCP,49425,7.68,7.88,7.88,7.65,1712289600000000000,637
BBD,9668620,2.89,2.86,2.9,2.84,1712289600000000000,13570
BBDC,274336,9.21,9.3,9.31,9.21,1712289600000000000,2072
BBDO,9608,2.6,2.56,2.6,2.555,1712289600000000000,91
BBEM,27878,50.68,50.7854,50.86,50.675,1712289600000000000,184
BBEU,223185,58.53,58.84,58.9198,58.43,1712289600000000000,1444
BBGI,63297,0.752399,0.75,0.752399,0.7127,1712289600000000000,154
BBH,15752,159.25,160.59,161.2087,159.25,1712289600000000000,277
BBHY,438618,45.67,45.59,45.6783,45.59,1712289600000000000,332
BBIB,1,96.0416,96.0416,96.0416,96.0416,1712289600000000000,1
BBIN,172260,59.33,59.55,59.5913,59.17,1712289600000000000,586
BBIO,1210461,27.895,28.1,28.77,27.73,1712289600000000000,14228
BBIP,21,97.2563,97.2563,97.2563,97.2563,1712289600000000000,2
BBJP,977628,57.26,57.35,57.49,57.15,1712289600000000000,3997
BBLB,17,87.1611,87.1611,87.1611,87.1611,1712289600000000000,7
BBLG,97381,1.84,1.73,1.8703,1.65,1712289600000000000,455
BBLU,69585,11.46,11.52,11.565,11.45,1712289600000000000,692
BBMC,6357,89.83,90.4679,90.655,89.83,1712289600000000000,81
BBN,258926,16.07,16.04,16.1,15.9601,1712289600000000000,1261
BBP,3132,55.03,54.7789,55.1,54.42,1712289600000000000,51
BBRE,12362,85.24,85.86,85.93,84.95,1712289600000000000,311
BBSA,18,47.3048,47.3048,47.3048,47.3048,1712289600000000000,2
BBSB,102,97.74,97.74,97.74,97.74,1712289600000000000,3
BBSC,3103,60.69,61.1004,61.16,60.69,1712289600000000000,29
BBSI,17720,121.04,123.46,123.51,121.04,1712289600000000000,927
BBU,6786,20.55,20.57,20.63,20.3301,1712289600000000000,74
BBUC,35892,22.39,22.25,22.98,22.08,1712289600000000000,620
BBUS,82384,92.86,93.65,93.93,92.81,1712289600000000000,508
BBVA,1917050,11.82,11.8,11.88,11.765,1712289600000000000,9641
BBW,121070,28.05,28,28.2,27.84,1712289600000000000,2640
BBWI,5388271,45.3,45.49,45.69,45.001,1712289600000000000,38912
BBY,1680105,78.88,79.61,79.8517,78.8,1712289600000000000,25526
BC,752927,93.31,93.66,94.2,93.085,1712289600000000000,10169
BCpA,17077,25,24.77,25.09,24.76,1712289600000000000,163
BCpB,12005,24.7799,24.6,24.7799,24.6,1712289600000000000,108
BCpC,18682,24.8828,24.77,24.98,24.76,1712289600000000000,114
BCAB,1020589,3.94,3.8,3.99,3.7311,1712289600000000000,4184
BCAL,16427,14.51,14.52,14.59,14.45,1712289600000000000,534
BCAN,2838807,1.06,1.03,1.06,1,1712289600000000000,9433
BCAT,184074,16,16.12,16.27,15.9998,1712289600000000000,1013
BCBP,11999,10.07,10.1,10.13,10.04,1712289600000000000,428
BCC,229694,149.7,151.99,152.1,148.615,1712289600000000000,6980
BCD,41886,32.41,32.51,32.65,32.41,1712289600000000000,250
BCDA,66465,0.391,0.3855,0.391,0.3788,1712289600000000000,572
BCDF,61,24.625,24.625,24.625,24.625,1712289600000000000,3
BCE,2135515,32.86,32.93,33.1099,32.71,1712289600000000000,15759
BCG,22296,7.2,7.65,7.9499,6.91,1712289600000000000,351
BCGWW,4466,0.0815,0.0995,0.1059,0.0815,1712289600000000000,24
BCH,274818,22.79,22.96,23.045,22.68,1712289600000000000,2484
BCHP,6495,31.01,31.1677,31.2461,30.97,1712289600000000000,29
BCI,136838,20.38,20.49,20.56,20.37,1712289600000000000,870
BCIL,843,24.55,24.78,24.78,24.55,1712289600000000000,8
BCIM,6140,22.63,22.6551,22.68,22.55,1712289600000000000,35
BCLI,624560,0.651,0.651,0.685,0.6298,1712289600000000000,1568
BCML,12913,20.1,20.3,20.43,20.1,1712289600000000000,598
BCO,250873,88.1,88.59,89.32,88.1,1712289600000000000,4574
BCOV,176008,1.89,1.84,1.89,1.815,1712289600000000000,993
BCOW,4204,6.7999,6.8,6.8,6.7997,1712289600000000000,32
BCPC,86101,150.05,150.24,151.4899,149.6,1712289600000000000,2265
BCRX,1784555,4.56,4.6,4.66,4.45,1712289600000000000,12839
BCS,24878439,9.71,9.74,9.775,9.63,1712289600000000000,22369
BCSA,276,11.12,11.12,11.12,11.12,1712289600000000000,38
BCSF,205218,15.6,15.72,15.72,15.54,1712289600000000000,2443
BCTX,35352,2.8,2.72,2.925,2.7,1712289600000000000,339
BCTXW,190357,1.24,1.2497,1.34,1.11,1712289600000000000,1055
BCUS,2661,28.6199,28.6101,28.62,28.5542,1712289600000000000,30
BCV,36592,15.61,15.54,15.71,15.54,1712289600000000000,172
BCVpA,2665,23.15,23.1,23.15,23,1712289600000000000,20
BCX,218672,9.34,9.46,9.46,9.3114,1712289600000000000,1058
BCYC,553544,22.59,22.73,23.02,22.24,1712289600000000000,3757
BDC,211265,89.48,88.97,89.71,88.57,1712289600000000000,5073
BDCX,747,33.33,33.4434,33.4434,33.33,1712289600000000000,20
BDCZ,591,19.3,19.3849,19.3849,19.3,1712289600000000000,7
BDEC,9916,40.32,40.4167,40.45,40.32,1712289600000000000,23
BDGS,8398,27.55,27.545,27.5798,27.52,1712289600000000000,53
BDJ,505075,8.11,8.14,8.15,8.08,1712289600000000000,2144
BDL,1595,27,28.32,28.32,27,1712289600000000000,63
BDN,1524485,4.34,4.32,4.36,4.23,1712289600000000000,7851
BDRX,202330,1.14,1.07,1.16,1.07,1712289600000000000,1022
BDRY,114368,12.69,12.85,12.91,12.56,1712289600000000000,670
BDSX,2317442,1.31,1.4,1.52,1.23,1712289600000000000,6679
BDTX,310917,5.1,5.06,5.22,4.98,1712289600000000000,3270
BDVG,1838,11.03,11.02,11.04,11,1712289600000000000,61
BDX,1234621,243.05,246.17,246.28,242.25,1712289600000000000,19316
BE,3905358,11.8,11.69,12.08,11.61,1712289600000000000,30318
BEAM,1506125,28.51,28.2,28.74,28.03,1712289600000000000,21476
BEAT,23146,2.15,2.13,2.17,2.09,1712289600000000000,137
BEATW,105,0.228962,0.228962,0.228962,0.228962,1712289600000000000,1
BECN,436677,100.52,102.05,102.83,100.52,1712289600000000000,8863
BECO,111,20.9563,20.9563,20.9563,20.9563,1712289600000000000,4
BEDU,4352,1.9,1.88,1.9199,1.87,1712289600000000000,26
BEDZ,589,29.52,29.8299,29.8601,29.52,1712289600000000000,9
BEEM,76719,6.32,6.37,6.6,6.3,1712289600000000000,830
BEEMW,5058,0.3974,0.398,0.404,0.25,1712289600000000000,43
BEEP,26572,3.83,3.76,3.83,3.67,1712289600000000000,118
BEEZ,126,30.008,30.008,30.008,30.008,1712289600000000000,4
BEKE,2876066,13.94,13.96,14.035,13.875,1712289600000000000,23349
BELFA,5298,72.18,71.5,72.18,71.2,1712289600000000000,615
BELFB,61416,60.82,61.7,61.89,60.82,1712289600000000000,1951
BEMB,340,51.935,52,52,51.935,1712289600000000000,7
BEN,2031681,27.06,27.05,27.28,26.74,1712289600000000000,21690
BENF,3155020,0.0554,0.0515,0.057,0.04755,1712289600000000000,3378
BENFW,169,0.006,0.006,0.006,0.006,1712289600000000000,3
BEP,479050,22.84,22.39,22.84,22.28,1712289600000000000,4719
BEPpA,16756,18.25,18.25,18.4002,18.25,1712289600000000000,60
BEPC,829445,24.12,24.03,24.12,23.63,1712289600000000000,10940
BEPH,63544,16.16,16.09,16.3699,16.02,1712289600000000000,639
BEPI,13337,17.25,17.2,17.36,17.075,1712289600000000000,154
BEPJ,117867,25.01,25.04,25.07,24.9,1712289600000000000,357
BERY,1782508,59.3,59.09,59.81,58.68,1712289600000000000,17365
BERZ,175341,27.26,26.66,27.59,26.152,1712289600000000000,1193
BEST,1622,2.185,2.19,2.19,2.185,1712289600000000000,35
BETE,718,79.17,79.0193,79.17,79.0193,1712289600000000000,46
BETH,842,82.74,82.4728,82.76,82.4728,1712289600000000000,56
BETR,388418,0.4557,0.4627,0.4775,0.4357,1712289600000000000,1072
BETZ,9184,17.58,17.8708,17.88,17.58,1712289600000000000,151
BF.A,40187,52.41,52.45,52.6,52.1,1712289600000000000,907
BF.B,1520199,51.08,50.98,51.1699,50.65,1712289600000000000,21591
BFAC,251,11.1,11.1,11.1,11.1,1712289600000000000,9
BFAM,205492,109.14,111.43,111.46,109.14,1712289600000000000,5813
BFC,18291,81.93,82.36,82.59,80.69,1712289600000000000,635
BFEB,7466,39.07,39.08,39.14,39.04,1712289600000000000,33
BFH,699222,35.46,35.48,35.67,34.68,1712289600000000000,8944
BFI,432115,0.5369,0.5,0.5399,0.48,1712289600000000000,1173
BFIIW,1640,0.028,0.028,0.028,0.028,1712289600000000000,2
BFIN,4960,10.3,10.35,10.54,10.3,1712289600000000000,83
BFIX,2167,23.325,23.315,23.325,23.24,1712289600000000000,29
BFK,31092,10.18,10.15,10.18,10.13,1712289600000000000,179
BFLY,703179,1,1.02,1.02,0.993,1712289600000000000,2451
BFLY.WS,10829,0.0393,0.0404,0.0527,0.0393,1712289600000000000,29
BFOR,380,66.76,66.9145,66.9145,66.76,1712289600000000000,21
BFRG,47204,3.26,3.29,3.3363,3.22,1712289600000000000,471
BFRGW,3360,0.6301,0.6899,0.6899,0.6301,1712289600000000000,10
BFRI,36619,1.65,1.81,1.82,1.65,1712289600000000000,227
BFRIW,1346,0.048139,0.05,0.05,0.048139,1712289600000000000,12
BFS,34352,37.41,37.29,37.5077,37.22,1712289600000000000,1162
BFSpD,716,22,22,22,22,1712289600000000000,18
BFSpE,1562,21.8,21.95,21.95,21.76,1712289600000000000,26
BFST,30926,20.7,20.87,21.01,20.7,1712289600000000000,749
BFZ,56885,11.75,11.76,11.77,11.7,1712289600000000000,250
BG,1260464,105.31,106.86,107.1,104.95,1712289600000000000,24766
BGB,128020,11.76,11.755,11.8,11.71,1712289600000000000,647
BGC,2231829,8.02,8.13,8.23,7.97,1712289600000000000,14370
BGFV,636231,3.43,3.47,3.565,3.4,1712289600000000000,6066
BGH,53947,14.32,14.32,14.32,14.24,1712289600000000000,273
BGI,3808,3.2,3.1701,3.2869,3.14,1712289600000000000,48
BGIG,13023,27.51,27.477,27.53,27.477,1712289600000000000,34
BGLC,138608,0.6062,0.642,0.6658,0.6,1712289600000000000,284
BGLD,23890,20.003,20,20.13,20,1712289600000000000,127
BGNE,90661,149.57,150.03,151.445,148,1712289600000000000,3049
BGR,77542,13.54,13.63,13.65,13.47,1712289600000000000,542
BGRN,14113,46.44,46.43,46.515,46.37,1712289600000000000,202
BGS,422852,11.05,11.02,11.15,10.99,1712289600000000000,5919
BGSF,2882,9.55,9.61,9.63,9.5,1712289600000000000,163
BGT,53425,13.03,13.04,13.04,12.99,1712289600000000000,301
BGX,51007,12.32,12.26,12.32,12.225,1712289600000000000,338
BGXX,414350,0.26,0.2668,0.271,0.251,1712289600000000000,1439
BGY,107970,5.37,5.36,5.39,5.35,1712289600000000000,420
BH,1042,194.11,194.17,197,190.2601,1712289600000000000,108
BH.A,54,964.9999,965,965,964.9999,1712289600000000000,13
BHAC,176,10.5,10.5,10.5,10.5,1712289600000000000,3
BHAT,23900,1.09,1.13,1.13,1.04,1712289600000000000,117
BHB,18038,25.22,25.04,25.47,24.9401,1712289600000000000,418
BHC,4491499,10.07,10.41,10.48,10.06,1712289600000000000,24833
BHE,146090,29.95,29.94,30.075,29.79,1712289600000000000,3271
BHF,410940,50.57,51.3,51.53,50.57,1712289600000000000,8330
BHFAL,10181,23.15,23.28,23.315,23.15,1712289600000000000,109
BHFAM,20623,16.95,16.94,17.07,16.8444,1712289600000000000,323
BHFAN,37517,20.295,20.33,20.67,20.295,1712289600000000000,289
BHFAO,11497,25.1999,25.08,25.28,25,1712289600000000000,163
BHFAP,39004,24.41,24.63,24.8,24.3971,1712289600000000000,559
BHIL,344723,0.2021,0.2072,0.2084,0.1965,1712289600000000000,1287
BHK,166354,10.74,10.75,10.77,10.72,1712289600000000000,964
BHLB,450225,21.94,22.01,22.12,21.83,1712289600000000000,4349
BHM,13645,16.57,16.4444,16.9,16.25,1712289600000000000,100
BHP,3435577,57.77,57.66,57.9351,57.27,1712289600000000000,40120
BHR,293471,2.04,2.01,2.06,1.995,1712289600000000000,2047
BHRpB,23808,13.6,14,14.15,13.6,1712289600000000000,166
BHRpD,309,18.61,18.65,18.65,18.61,1712289600000000000,4
BHRB,8091,53.65,54.72,55.54,53.65,1712289600000000000,442
BHVN,584172,51.93,52.52,53.73,51.36,1712289600000000000,8574
BHYB,1,53.3763,53.3763,53.3763,53.3763,1712289600000000000,1
BIAF,418405,2.68,2.69,3,2.3,1712289600000000000,2019
BIAFW,764,0.8,0.701,0.8,0.701,1712289600000000000,5
BIB,24359,52.45,53.5,54.06,51.95,1712289600000000000,268
BIBL,176156,38.11,38.54,38.65,38.11,1712289600000000000,262
BIDU,3056537,108.22,106.49,108.39,106.31,1712289600000000000,28760
BIG,1046808,3.62,3.77,3.81,3.6,1712289600000000000,8084
BIGC,394402,6.55,6.46,6.58,6.44,1712289600000000000,5359
BIGZ,446729,7.78,7.85,7.89,7.7711,1712289600000000000,1496
BIIB,954570,204.28,203.87,205.185,202.175,1712289600000000000,23068
BIL,5463180,91.5,91.5,91.5,91.49,1712289600000000000,14112
BILD,1,24.9682,24.9682,24.9682,24.9682,1712289600000000000,1
BILI,2738580,10.94,10.87,10.98,10.785,1712289600000000000,20916
BILL,1345466,61.56,62.94,63.02,61.1,1712289600000000000,22070
BILS,177634,99.1,99.1,99.1,99.085,1712289600000000000,929
BILZ,19498,100.7901,100.81,100.81,100.79,1712289600000000000,153
BIMI,16959,1.51,1.55,1.65,1.51,1712289600000000000,160
BINC,387338,52.14,52.1,52.14,52.0801,1712289600000000000,1901
BINV,2684,29.441,29.545,29.57,29.441,1712289600000000000,11
BIO,159031,322.38,324.59,328.3675,322.38,1712289600000000000,7192
BIOL,2047078,0.1834,0.1693,0.185,0.166,1712289600000000000,2940
BIOR,343592,0.73,0.721,0.74,0.71,1712289600000000000,1094
BIOX,26972,12.75,12.65,12.89,12.6484,1712289600000000000,375
BIP,440979,28.35,28.84,29.13,27.885,1712289600000000000,4164
BIPpA,5498,18.15,18.3312,18.4899,18.1,1712289600000000000,64
BIPpB,5459,17.83,18.16,18.17,17.75,1712289600000000000,32
BIPC,587290,32.8,33.67,33.72,32.64,1712289600000000000,8324
BIPH,8482,18.81,18.89,18.9468,18.68,1712289600000000000,76
BIPI,10940,19.13,19.24,19.25,19.1101,1712289600000000000,114
BIRD,1365729,0.62,0.6504,0.6678,0.601,1712289600000000000,2863
BIRK,1330124,42,44.04,44.65,42,1712289600000000000,30841
BIS,3594,19.03,18.87,19.03,18.71,1712289600000000000,36
BIT,74191,15.46,15.45,15.4999,15.43,1712289600000000000,488
BITB,2755310,36.49,36.73,37.41,36.49,1712289600000000000,11670
BITC,4487,51.18,51.8524,52.3,51.18,1712289600000000000,117
BITE,1836,10.7401,10.76,10.76,10.7401,1712289600000000000,8
BITE.WS,6760,0.08,0.082,0.09,0.08,1712289600000000000,31
BITF,15594383,2.13,2.08,2.185,2.06,1712289600000000000,22274
BITI,5129421,7.78,7.75,7.81,7.6043,1712289600000000000,9011
BITO,11778713,29.31,29.51,30.11,29.31,1712289600000000000,57832
BITQ,66798,11.9,11.76,12.165,11.65,1712289600000000000,699
BITS,2890,66.05,66.29,66.86,66.05,1712289600000000000,117
BITU,473612,36.67,37.12,38.55,36.5268,1712289600000000000,5598
BITX,4743668,46.89,47.45,49.36,46.75,1712289600000000000,39973
BIV,1035442,74.54,74.46,74.68,74.445,1712289600000000000,5383
BIVI,1149959,0.495,0.4796,0.495,0.4641,1712289600000000000,3850
BIZD,876321,16.25,16.37,16.37,16.21,1712289600000000000,3486
BJ,1468497,76.12,75.91,76.33,74.99,1712289600000000000,22806
BJAN,8446,43.23,43.31,43.34,43.2,1712289600000000000,115
BJDX,17163,0.699899,0.66,0.7,0.652,1712289600000000000,70
BJK,2664,42.7,43.38,43.38,42.7,1712289600000000000,52
BJRI,267046,34.4,34.24,34.8,33.915,1712289600000000000,5133
BJUL,9795,39.87,40.11,40.24,39.87,1712289600000000000,84
BJUN,8921,37.45,37.5152,37.52,37.36,1712289600000000000,17
BK,3671135,56.64,56.74,56.96,56.07,1712289600000000000,40295
BKAG,89797,41.35,41.25,41.41,41.25,1712289600000000000,548
BKCH,42422,43.71,43.75,45.07,43.42,1712289600000000000,809
BKCI,4935,49.75,50.01,50.105,49.75,1712289600000000000,47
BKD,3121434,6.57,6.77,6.81,6.56,1712289600000000000,9821
BKE,310424,38.09,38.75,38.87,38.03,1712289600000000000,6470
BKEM,1728,57.67,57.6977,57.87,57.67,1712289600000000000,22
BKF,714,34.2948,34.3238,34.35,34.2948,1712289600000000000,28
BKGI,277,28.35,28.3635,28.3635,28.35,1712289600000000000,10
BKH,410950,53.56,53.74,53.93,53.13,1712289600000000000,6773
BKHAU,25749,10.16,10.17,10.17,10.16,1712289600000000000,15
BKHY,16452,47.06,47.0528,47.08,47.0343,1712289600000000000,137
BKIE,22206,74,74.29,74.4,73.99,1712289600000000000,205
BKIV,11,31.3291,31.3291,31.3291,31.3291,1712289600000000000,4
BKKT,2614138,0.4617,0.4465,0.4618,0.4315,1712289600000000000,6940
BKKT.WS,13845,0.096,0.115,0.115,0.096,1712289600000000000,18
BKLC,40836,97.85,98.66,98.88,97.73,1712289600000000000,335
BKLN,8650186,21.1,21.1,21.16,21.09,1712289600000000000,12855
BKMC,4464,96.35,96.8329,97.09,96.35,1712289600000000000,55
BKN,36172,12.17,12.2015,12.2162,12.15,1712289600000000000,99
BKNG,258504,3530,3601.9,3610.48,3530,1712289600000000000,19644
BKR,5151303,33.88,34.31,34.6179,33.685,1712289600000000000,46970
BKSE,2263,92.52,92.993,93.195,92.52,1712289600000000000,48
BKSY,248401,1.35,1.38,1.4,1.35,1712289600000000000,1298
BKSY.WS,28106,0.077,0.076899,0.077,0.0575,1712289600000000000,30
BKT,35824,11.77,11.74,11.78,11.74,1712289600000000000,216
BKTI,14279,14.31,14.79,15.38,14.31,1712289600000000000,434
BKU,316177,26.92,26.92,27.225,26.75,1712289600000000000,4929
BKUI,3227,49.45,49.445,49.45,49.445,1712289600000000000,14
BKWO,967,32.27,32.4471,32.5,32.27,1712289600000000000,10
BKYI,30149,1.93,1.81,1.93,1.81,1712289600000000000,150
BL,535425,62.36,62.2,63.21,61.74,1712289600000000000,7858
BLAC,38659,10.7,10.7,10.7,10.7,1712289600000000000,107
BLACR,1067,0.14,0.1352,0.14,0.1352,1712289600000000000,11
BLBD,456991,36.62,37.43,37.7109,36.62,1712289600000000000,8498
BLBX,2973,2.7,2.7701,2.85,2.7,1712289600000000000,46
BLCN,7447,26.92,26.75,27.1,26.75,1712289600000000000,372
BLCO,206141,16.12,16.45,16.48,16.12,1712289600000000000,2389
BLCR,2645,30.4,30.4851,30.4851,30.39,1712289600000000000,28
BLCV,1030,30.8743,30.9992,30.9992,30.86,1712289600000000000,14
BLD,190899,437.66,446.91,447.54,437.44,1712289600000000000,7736
BLDE,2022881,3.3,3.73,3.9,3.24,1712289600000000000,13194
BLDEW,270020,0.35,0.35,0.35,0.3125,1712289600000000000,486
BLDG,862,23.96,24.008,24.04,23.96,1712289600000000000,15
BLDP,1981205,3.17,3.15,3.225,3.1,1712289600000000000,7008
BLDR,693992,201.59,204.14,204.61,201.56,1712289600000000000,18236
BLE,61610,10.57,10.58,10.58,10.54,1712289600000000000,284
BLES,33202,36.95,37.24,37.34,36.95,1712289600000000000,119
BLEUR,200,0.063,0.063,0.063,0.063,1712289600000000000,2
BLEUW,2500,0.0399,0.0399,0.0399,0.037,1712289600000000000,11
BLFS,206957,17.39,17.13,17.62,17.08,1712289600000000000,3561
BLFY,24744,8.92,8.84,8.95,8.83,1712289600000000000,355
BLIN,89871,1.3,1.329,1.35,1.2878,1712289600000000000,183
BLK,687330,793.63,797.56,804.2699,790.12,1712289600000000000,28927
BLKB,304977,70.55,72.01,72.5799,70.16,1712289600000000000,4668
BLKC,1490,19.395,19.5069,19.6999,19.395,1712289600000000000,10
BLLD,6,46.3,46.3,46.3,46.3,1712289600000000000,6
BLMN,1925157,27.68,26.91,28.07,26.87,1712289600000000000,25982
BLND,877516,2.98,3.01,3.05,2.95,1712289600000000000,6409
BLNK,3452055,2.75,2.7,2.76,2.675,1712289600000000000,10167
BLOK,186272,33.85,33.98,34.5375,33.71,1712289600000000000,2690
BLRX,342719,0.82,0.8108,0.823,0.8031,1712289600000000000,780
BLTE,33945,38.99,39.62,39.87,38.01,1712289600000000000,537
BLUA,1900,10.9,10.9,10.9,10.9,1712289600000000000,1
BLUA.WS,603,0.0659,0.0795,0.0817,0.0659,1712289600000000000,15
BLUE,2566302,1.2299,1.23,1.27,1.19,1712289600000000000,6191
BLV,617160,70.35,70.26,70.7,70.25,1712289600000000000,5269
BLW,78224,13.88,13.85,13.8859,13.79,1712289600000000000,458
BLX,71848,29.69,30.02,30.03,29.46,1712289600000000000,1351
BLZE,172493,9.9,10.12,10.235,9.76,1712289600000000000,3282
BMA,485113,49.46,51.12,52.7199,49.33,1712289600000000000,5999
BMAR,41951,41.28,41.4192,41.48,41.23,1712289600000000000,91
BMAY,21087,35.55,35.63,35.63,35.5408,1712289600000000000,43
BMBL,3376791,10.71,10.53,10.75,10.5,1712289600000000000,19603
BME,27779,39.79,40.05,40.1717,39.775,1712289600000000000,336
BMEA,1218733,12.61,12.73,13.28,12.01,1712289600000000000,13181
BMED,1321,25.63,25.5853,25.64,25.5853,1712289600000000000,13
BMEZ,148828,15.77,15.83,15.87,15.73,1712289600000000000,708
BMI,140449,155.75,159.13,159.9,155.75,1712289600000000000,3697
BMLpG,3510,22.4096,22.3,22.4096,22.3,1712289600000000000,3
BMLpH,22305,21.61,21.79,21.85,21.59,1712289600000000000,133
BMLpJ,7268,22.86,22.79,22.86,22.76,1712289600000000000,67
BMLpL,10524,22.6,22.62,22.7,22.56,1712289600000000000,79
BMN,19277,23.95,24.11,24.11,23.9,1712289600000000000,87
BMO,369208,96.27,97.15,97.58,95.95,1712289600000000000,6473
BMR,392354,5.8,5.67,5.9199,5.6,1712289600000000000,2805
BMRA,80407,0.84,0.8401,0.8849,0.82,1712289600000000000,225
BMRC,51013,15.68,15.34,15.68,15.34,1712289600000000000,1087
BMRN,828855,86.46,86.95,87.228,86.01,1712289600000000000,14309
BMTX,6308,1.6499,1.61,1.65,1.58,1712289600000000000,55
BMVP,669,44.7,44.855,44.855,44.7,1712289600000000000,15
BMY,9095546,51.19,51.32,51.45,50.77,1712289600000000000,77354
BN,2026096,40.01,40.32,40.63,39.79,1712289600000000000,19565
BNAI,27740,5.55,6,6.11,5.21,1712289600000000000,309
BNAIW,29916,0.11,0.115,0.128,0.11,1712289600000000000,138
BND,11531829,71.765,71.68,71.93,71.68,1712289600000000000,33382
BNDC,7523,21.85,21.785,21.85,21.785,1712289600000000000,66
BNDD,7676,14.6812,14.64,14.6812,14.6,1712289600000000000,56
BNDI,2849,47.08,46.9395,47.0809,46.9395,1712289600000000000,57
BNDW,63751,68.05,67.99,68.16,67.98,1712289600000000000,1021
BNDX,2367038,48.97,48.93,49.03,48.87,1712289600000000000,9318
BNE,168,22.3411,22.3411,22.3411,22.3411,1712289600000000000,7
BNED,451161,0.71,0.719,0.744,0.6701,1712289600000000000,1431
BNGE,65,25.0384,25.0384,25.0384,25.0384,1712289600000000000,13
BNGO,1580921,0.9927,1.02,1.04,0.98,1712289600000000000,4361
BNH,9353,17.9,17.79,18.01,17.71,1712289600000000000,112
BNJ,5321,16.22,16.28,16.3797,16.22,1712289600000000000,67
BNKD,271918,4.93,4.81,4.965,4.75,1712289600000000000,821
BNKU,218929,28.55,29.33,29.6,28.3,1712289600000000000,2683
BNL,769662,14.82,15.06,15.075,14.705,1712289600000000000,8106
BNO,447515,33.49,33.43,33.78,33.33,1712289600000000000,2087
BNOV,4953,36.33,36.359,36.3899,36.32,1712289600000000000,42
BNOX,52418,1.02,1.01,1.05,0.9906,1712289600000000000,216
BNR,10908,0.71,0.71,0.76,0.71,1712289600000000000,38
BNRE,4445,40.02,40.35,40.4907,39.85,1712289600000000000,183
BNRE.A,3862,40.36,40.43,40.43,40.36,1712289600000000000,18
BNRG,28664,2.1,2.76,2.97,2.1,1712289600000000000,209
BNS,1332689,49.72,49.96,50.27,49.61,1712289600000000000,11324
BNTC,3986,5.67,5.57,5.67,5.48,1712289600000000000,64
BNTX,290555,89.47,90.52,90.6999,89,1712289600000000000,5928
BNY,31880,10.43,10.445,10.46,10.43,1712289600000000000,57
BNZI,95756,0.5199,0.5099,0.5199,0.47,1712289600000000000,264
BNZIW,1048,0.02,0.0199,0.02,0.0199,1712289600000000000,10
BOAT,17110,30.55,30.5013,30.6396,30.4,1712289600000000000,211
BOC,114813,15.33,15.45,15.49,15.2101,1712289600000000000,2172
BOCN,265,11.07,11.07,11.07,11.07,1712289600000000000,15
BOCNW,16900,0.0191,0.026,0.026,0.0191,1712289600000000000,17
BOCT,2566,40.3282,40.37,40.37,40.26,1712289600000000000,86
BODI,3518,9.55,9.57,9.86,9.33,1712289600000000000,145
BOE,118639,10.22,10.27,10.32,10.17,1712289600000000000,576
BOF,6283,1.575,1.44,1.575,1.44,1712289600000000000,110
BOH,204504,59.42,59.32,60.21,59.24,1712289600000000000,4160
BOHpA,8326,16.4,16.1672,16.4,16.04,1712289600000000000,52
BOIL,10321393,13.39,13.31,13.98,13.25,1712289600000000000,55261
BOKF,92991,89.46,89.85,90.15,89.14,1712289600000000000,3326
BOLD,241374,13.34,13.22,13.44,13.2,1712289600000000000,1791
BOLT,28752,1.37,1.33,1.37,1.32,1712289600000000000,122
BON,36952,0.4,0.4099,0.41425,0.3951,1712289600000000000,112
BOND,138773,90.62,90.48,90.84,90.48,1712289600000000000,1097
BOOM,112170,18.7,18.93,19.125,18.52,1712289600000000000,2175
BOOT,718696,97.99,100.85,100.92,97.83,1712289600000000000,12815
BORR,3087316,5.81,5.79,5.95,5.705,1712289600000000000,16297
BOSC,3113,2.88,2.81,2.88,2.81,1712289600000000000,24
BOTJ,2629,10.21,10.25,11,10.21,1712289600000000000,67
BOTZ,1381805,30.51,30.7,30.84,30.38,1712289600000000000,14366
BOUT,1885,35.4201,35.5664,35.5664,35.4201,1712289600000000000,32
BOWL,388181,13.17,13.44,13.53,13.17,1712289600000000000,5165
BOWN,515,10.4304,10.4304,10.4304,10.4304,1712289600000000000,1
BOX,1408813,27.62,27.45,27.73,27.435,1712289600000000000,15372
BOXL,48352,0.6089,0.6123,0.64,0.6,1712289600000000000,180
BOXX,336202,106.57,106.53,106.57,106.53,1712289600000000000,1240
BP,13131460,38.47,38.66,38.71,38.16,1712289600000000000,60726
BPAY,811,24.63,24.6506,24.6506,24.63,1712289600000000000,5
BPMC,485722,90,91.65,91.76,88.2333,1712289600000000000,8838
BPOP,333190,85.11,85.29,85.56,84.56,1712289600000000000,6497
BPOPM,456,25.24,25.24,25.24,25.24,1712289600000000000,8
BPRN,4218,30.225,30.13,30.32,30.13,1712289600000000000,235
BPT,280900,3.12,3.06,3.15,2.77,1712289600000000000,1464
BPTH,11735,4.34,4.21,4.3999,4.2,1712289600000000000,201
BPTS,28222,0.3401,0.344,0.3504,0.338,1712289600000000000,129
BPYPM,40249,15.04,15.14,15.46,15.04,1712289600000000000,312
BPYPN,42382,13.15,13.1,13.25,13.01,1712289600000000000,348
BPYPO,16252,14.54,14.52,14.62,14.505,1712289600000000000,90
BPYPP,21070,15.6,15.55,15.9729,15.55,1712289600000000000,153
BQ,16901,0.25,0.2406,0.25,0.24,1712289600000000000,65
BR,471826,199,202.75,203.55,199,1712289600000000000,11899
BRAC,104,11.26,11.26,11.26,11.26,1712289600000000000,2
BRAG,107672,6.51,6.6,6.63,6.33,1712289600000000000,678
BRAZ,300,26.43,26.43,26.43,26.43,1712289600000000000,1
BRBR,594392,57.49,58.19,58.46,57.49,1712289600000000000,8859
BRBS,111705,2.94,2.77,2.94,2.73,1712289600000000000,1228
BRC,297095,59.41,59.57,59.77,59.25,1712289600000000000,5081
BRCC,522180,4.48,4.75,4.78,4.48,1712289600000000000,3773
BRDG,170276,6.5,6.55,6.55,6.37,1712289600000000000,2332
BREA,66094,1.37,1.33,1.4,1.28,1712289600000000000,301
BREZ,1881,11.84,11.8001,11.8598,11.8001,1712289600000000000,26
BREZR,48627,0.23,0.2501,0.2598,0.23,1712289600000000000,23
BREZW,130833,1.22,1.21,1.22,1.03,1712289600000000000,238
BRF,2264,16.3117,16.18,16.3117,16.18,1712289600000000000,20
BRFH,6369,1.145,1.08,1.145,1.08,1712289600000000000,39
BRFS,7881929,3.2,3.23,3.26,3.18,1712289600000000000,11703
BRID,831,11.28,11.3301,11.3301,11.28,1712289600000000000,16
BRK.A,13261,630100.01,631255.02,633808.99,626391.02,1712289600000000000,13250
BRK.B,2739587,416.56,418.62,419.27,415.41,1712289600000000000,68691
BRKH,248,11.03,11.03,11.03,11.03,1712289600000000000,9
BRKHW,5855,0.18,0.18,0.18,0.1708,1712289600000000000,25
BRKL,221183,9.47,9.45,9.57,9.44,1712289600000000000,2872
BRKR,533746,89.77,90.42,91.465,89.34,1712289600000000000,10192
BRLN,8713,52.42,52.41,52.5,52.3,1712289600000000000,102
BRLS,735,5,5.34,5.4,5,1712289600000000000,7
BRLSW,9400,0.12,0.14,0.14,0.11,1712289600000000000,7
BRLT,13379,2.83,2.83,2.9,2.8201,1712289600000000000,212
BRN,29426,2.55,2.67,2.68,2.55,1712289600000000000,164
BRNS,50719,3.61,3.3,3.67,3.3,1712289600000000000,308
BRNY,3046,36.03,36.3019,36.38,36.03,1712289600000000000,39
BRO,1216569,84.14,85.15,85.5721,83.97,1712289600000000000,22551
BROG,992732,1.74,1.63,1.75,1.52,1712289600000000000,7374
BROGW,5300,0.0143,0.0143,0.0143,0.0143,1712289600000000000,4
BROS,1585741,32.45,32.87,32.97,32.17,1712289600000000000,18622
BRP,229665,27.44,27.96,28.14,27.22,1712289600000000000,3830
BRRR,379316,19,19.12,19.45,18.98,1712289600000000000,1709
BRSH,1654520,0.049,0.05,0.0509,0.0472,1712289600000000000,1011
BRSHW,19000,0.0068,0.01,0.01,0.0063,1712289600000000000,11
BRSP,995074,6.49,6.51,6.53,6.45,1712289600000000000,4831
BRT,38378,16.64,16.7,16.95,16.565,1712289600000000000,541
BRTR,9636,50.06,49.95,50.06,49.94,1712289600000000000,139
BRTX,52306,1.33,1.33,1.35,1.28,1712289600000000000,203
BRW,237050,7.37,7.41,7.44,7.355,1712289600000000000,795
BRX,1574464,21.92,22.01,22.16,21.805,1712289600000000000,14623
BRY,726185,8.66,8.69,8.72,8.53,1712289600000000000,7206
BRZE,1583037,42.28,43.15,43.53,41.97,1712289600000000000,21574
BRZU,45722,83.55,82.72,83.55,82,1712289600000000000,633
BSAC,132271,20.28,20.11,20.36,20.04,1712289600000000000,2161
BSBK,3831,6.85,6.87,6.87,6.819,1712289600000000000,39
BSBR,347801,5.66,5.59,5.685,5.5663,1712289600000000000,2464
BSCO,456772,21,21,21.0199,21,1712289600000000000,1277
BSCP,716214,20.44,20.44,20.45,20.43,1712289600000000000,2167
BSCQ,1109281,19.2,19.21,19.22,19.19,1712289600000000000,3155
BSCR,371477,19.24,19.23,19.26,19.23,1712289600000000000,1148
BSCS,429295,19.97,19.99,20.005,19.97,1712289600000000000,1503
BSCT,169047,18.18,18.17,18.215,18.17,1712289600000000000,729
BSCU,148916,16.28,16.27,16.3,16.26,1712289600000000000,538
BSCV,124507,15.98,15.97,16.01,15.96,1712289600000000000,245
BSCW,94451,20.1,20.07,20.109,20.06,1712289600000000000,303
BSCX,73477,20.7,20.66,20.72,20.65,1712289600000000000,294
BSEP,211729,38.85,39.0702,39.09,38.85,1712289600000000000,116
BSET,8037,14.42,14.18,14.61,14.01,1712289600000000000,224
BSFC,2197191,0.089,0.0806,0.089,0.072,1712289600000000000,1447
BSGM,41147,0.65,0.6473,0.66,0.5806,1712289600000000000,286
BSIG,142107,22.74,22.92,23.02,22.51,1712289600000000000,3089
BSJO,97198,22.72,22.75,22.75,22.72,1712289600000000000,410
BSJP,213333,22.91,22.91,22.92,22.89,1712289600000000000,798
BSJQ,200717,23.15,23.115,23.15,23.0973,1712289600000000000,572
BSJR,41453,22.15,22.135,22.16,22.11,1712289600000000000,159
BSJS,28404,21.58,21.52,21.58,21.5,1712289600000000000,259
BSJT,22495,21.05,21,21.1,21,1712289600000000000,128
BSJU,5889,25.46,25.455,25.47,25.455,1712289600000000000,58
BSJV,4627,26.06,26,26.07,26,1712289600000000000,50
BSL,46503,14.14,14.13,14.148,14.1,1712289600000000000,282
BSM,282684,16.59,16.66,16.66,16.5701,1712289600000000000,2085
BSMC,3014,29.08,29.1895,29.219,29.08,1712289600000000000,16
BSMO,29091,24.79,24.79,24.79,24.741,1712289600000000000,87
BSMP,26765,24.28,24.27,24.283,24.26,1712289600000000000,64
BSMQ,17709,23.54,23.51,23.54,23.4978,1712289600000000000,71
BSMR,17617,23.52,23.55,23.56,23.52,1712289600000000000,76
BSMS,23422,23.29,23.32,23.34,23.29,1712289600000000000,154
BSMT,9191,23.03,23.055,23.065,23.03,1712289600000000000,24
BSMU,8617,21.88,21.89,21.94,21.88,1712289600000000000,84
BSMV,17693,21.17,21.1,21.17,21.07,1712289600000000000,89
BSMW,26646,25.29,25.28,25.3004,25.2704,1712289600000000000,20
BSR,0,27.3708,27.3708,27.3708,27.3708,1712289600000000000,0
BSRR,17861,19.485,19.38,19.55,19.19,1712289600000000000,481
BSSX,26910,25.89,25.87,25.93,25.87,1712289600000000000,19
BST,70675,35.71,36.1,36.25,35.71,1712289600000000000,1086
BSTP,715,30.1,30.1025,30.1025,30.085,1712289600000000000,6
BSTZ,237284,18.93,18.85,19.02,18.775,1712289600000000000,1895
BSV,3416308,76.34,76.32,76.425,76.32,1712289600000000000,8551
BSVN,3599,27.65,27.33,27.855,27.26,1712289600000000000,216
BSVO,98869,20.64,20.74,20.83,20.64,1712289600000000000,387
BSX,5342333,67.98,68.56,68.785,67.83,1712289600000000000,44626
BSY,1113936,49.04,49.52,49.85,48.695,1712289600000000000,18601
BTA,32105,9.89,9.86,9.89,9.84,1712289600000000000,153
BTAI,186688,2.67,2.66,2.7,2.6,1712289600000000000,1645
BTAL,498646,18.28,18.54,18.54,18.28,1712289600000000000,1583
BTBD,329,1.58,1.58,1.58,1.58,1712289600000000000,10
BTBT,6218903,2.35,2.41,2.52,2.3,1712289600000000000,18759
BTCM,74067,2.72,2.69,2.849,2.61,1712289600000000000,572
BTCO,324498,67,67.41,68.6399,66.89,1712289600000000000,2747
BTCS,76901,1.67,1.65,1.6985,1.6,1712289600000000000,489
BTCT,11846,3.3,3.2,3.3,3.1055,1712289600000000000,232
BTCTW,500,0.02531,0.02531,0.02531,0.02531,1712289600000000000,1
BTCW,342775,71.15,71.62,72.96,71.03,1712289600000000000,1629
BTCY,52976,1.29,1.31,1.32,1.22,1712289600000000000,140
BTDR,423800,6.98,7.05,7.2191,6.9,1712289600000000000,3152
BTE,7961103,4.045,4.02,4.0784,3.98,1712289600000000000,11827
BTEC,1236,36.27,36.75,36.9613,36.27,1712289600000000000,14
BTEK,1385,25.52,25.5482,25.5482,25.48,1712289600000000000,28
BTF,35593,19.74,19.82,20.0199,19.6,1712289600000000000,370
BTFX,40263,38.58,39.12,40.626,38.58,1712289600000000000,434
BTG,21557658,2.74,2.86,2.86,2.71,1712289600000000000,22708
BTHM,324,29.11,29.1372,29.1372,29.11,1712289600000000000,12
BTI,5008721,29.62,29.6,29.65,29.34,1712289600000000000,33208
BTM,84878,1.75,1.75,1.81,1.74,1712289600000000000,747
BTMD,164332,5.82,5.88,5.97,5.78,1712289600000000000,2013
BTMWW,45480,0.0805,0.08,0.0805,0.079899,1712289600000000000,69
BTO,22133,28.11,28.21,28.3513,28.11,1712289600000000000,225
BTOG,239107,3.82,4.12,4.2999,3.82,1712289600000000000,1516
BTOP,1299,49,49.5477,49.5477,48.9,1712289600000000000,38
BTR,0,24.4502,24.4502,24.4502,24.4502,1712289600000000000,0
BTRN,806,33.46,33.2378,33.51,33.2378,1712289600000000000,11
BTSG,896538,10.35,10.22,10.46,10.11,1712289600000000000,7863
BTSGU,3421,43,42.52,43,42.52,1712289600000000000,59
BTT,153266,20.73,20.74,20.8,20.7,1712289600000000000,698
BTTR,5064762,4.66,7.74,10.41,4.44,1712289600000000000,39150
BTU,3119093,23.12,23.38,23.525,23.01,1712289600000000000,24383
BTZ,167074,10.61,10.56,10.66,10.56,1712289600000000000,711
BUCK,32221,24.97,24.95,24.9999,24.92,1712289600000000000,166
BUD,2004501,59.82,59.96,60.185,59.69,1712289600000000000,20075
BUFB,11685,29.29,29.3045,29.38,29.2211,1712289600000000000,63
BUFC,18774,36.43,36.46,36.48,36.39,1712289600000000000,8
BUFD,221297,23.48,23.58,23.61,23.48,1712289600000000000,505
BUFF,28447,41.4,41.59,41.6137,41.4,1712289600000000000,142
BUFG,16167,22.3302,22.35,22.43,22.3001,1712289600000000000,77
BUFQ,727058,28.05,28.23,28.32,28.05,1712289600000000000,641
BUFR,1154764,27.74,27.865,27.92,27.74,1712289600000000000,2516
BUFT,4535,21.33,21.3,21.34,21.3,1712289600000000000,40
BUFZ,173934,22.15,22.2,22.2,22.1381,1712289600000000000,124
BUG,101932,29.07,29.38,29.4717,29.05,1712289600000000000,1045
BUI,62561,21.09,21.03,21.09,20.92,1712289600000000000,523
BUJA,62607,10.54,10.54,10.54,10.53,1712289600000000000,132
BUJAR,844,0.226,0.25,0.25,0.2259,1712289600000000000,10
BUJAW,211,0.038,0.038,0.038,0.038,1712289600000000000,4
BUL,13940,42.11,42.3095,42.37,42.11,1712289600000000000,46
BULD,139,23.22,23.22,23.22,23.22,1712289600000000000,12
BULZ,245201,131.18,133.47,136.08,128.77,1712289600000000000,5727
BUR,872779,15.52,15.65,15.8,15.48,1712289600000000000,10388
BURL,1082984,202.2,199.91,203.1,199.83,1712289600000000000,26548
BURU,1423218,0.1543,0.168,0.169,0.15,1712289600000000000,1693
BUSA,12460,30.31,30.51,30.53,30.28,1712289600000000000,107
BUSE,202065,23.03,23.1,23.26,22.98,1712289600000000000,3090
BUXX,38040,20.24,20.23,20.29,20.2123,1712289600000000000,147
BUYW,802947,13.53,13.62,13.62,13.53,1712289600000000000,556
BUYZ,5092,31.85,32.1534,32.1534,31.77,1712289600000000000,14
BUZZ,10606,20.67,20.77,20.94,20.66,1712289600000000000,182
BV,1037141,11.63,12.17,12.21,11.54,1712289600000000000,8808
BVFL,12391,10.6646,10.22,10.6646,10.22,1712289600000000000,140
BVN,1273368,16.33,15.88,16.43,15.87,1712289600000000000,11958
BVS,110857,4.93,5.06,5.159,4.87,1712289600000000000,1383
BW,771368,1.15,1.13,1.195,1.1,1712289600000000000,3074
BWpA,38186,10.67,10.66,10.75,10.3001,1712289600000000000,315
BWA,2092011,34.42,34.61,34.765,34.22,1712289600000000000,21277
BWAQ,52004,11.19,11.22,11.22,11.19,1712289600000000000,23
BWAQR,8200,0.2832,0.29,0.29,0.28,1712289600000000000,14
BWAY,65262,5.31,5.35,5.5011,5.25,1712289600000000000,568
BWB,38550,11.475,11.59,11.755,11.465,1712289600000000000,680
BWBBP,528,17.6702,17.67,17.6702,17.67,1712289600000000000,10
BWEB,512,45.2,45.1686,45.2,45.1686,1712289600000000000,14
BWEN,52202,2.53,2.56,2.63,2.52,1712289600000000000,310
BWET,17549,18.82,18.86,18.905,18.64,1712289600000000000,81
BWFG,6097,24.8961,25.2,25.54,24.8961,1712289600000000000,249
BWG,50810,8.35,8.32,8.35,8.31,1712289600000000000,340
BWMN,76107,32.16,32.42,33,32.005,1712289600000000000,1808
BWMX,45243,19.48,19.18,19.67,19.15,1712289600000000000,588
BWNB,10310,14.99,14.77,14.99,14.5,1712289600000000000,122
BWSN,11866,16.71,16.97,17.01,16.71,1712289600000000000,75
BWTG,3395,31.2882,31.2024,31.2882,31.18,1712289600000000000,15
BWX,300028,22.14,22.11,22.15,22.065,1712289600000000000,1087
BWXT,679004,101.03,100.47,101.6,100.35,1712289600000000000,14677
BWZ,7371,26.3,26.3174,26.35,26.29,1712289600000000000,46
BX,1906734,126,127.58,128.4,125.36,1712289600000000000,30977
BXC,65083,126.67,129.02,129.25,126.34,1712289600000000000,2202
BXMT,1577617,19.07,19.27,19.3,18.91,1712289600000000000,12237
BXMX,197816,13.03,13.04,13.1,13.01,1712289600000000000,954
BXP,1089264,61,61.35,61.725,60.38,1712289600000000000,17995
BXSL,684844,30.84,30.9,30.95,30.66,1712289600000000000,5480
BY,52178,20.6,20.71,20.83,20.57,1712289600000000000,1147
BYD,645418,65.72,66.13,66.405,65.7,1712289600000000000,11885
BYFC,4801,5.6,5.53,5.7,5.53,1712289600000000000,174
BYLD,82234,22.14,22.13,22.17,22.115,1712289600000000000,190
BYM,11784,11.34,11.35,11.38,11.335,1712289600000000000,76
BYND,1088048,7.52,7.41,7.585,7.38,1712289600000000000,9250
BYON,2008917,29.4,30,31.17,28.61,1712289600000000000,22882
BYRE,355,22.8394,22.8394,22.8394,22.8394,1712289600000000000,7
BYRN,1149670,14.94,13.21,15.24,12.5,1712289600000000000,13039
BYSI,93978,2.62,2.72,2.978,2.62,1712289600000000000,727
BYU,33071,1.2798,1.2491,1.2877,1.22,1712289600000000000,251
BZ,5351750,18.86,19.12,19.555,18.805,1712289600000000000,24856
BZFD,1204254,0.4045,0.3939,0.42,0.375,1712289600000000000,2455
BZFDW,16576,0.0398,0.034,0.0446,0.02031,1712289600000000000,70
BZH,485825,30.87,30.86,31.44,30.85,1712289600000000000,5255
BZQ,17445,11.85,11.945,12.02,11.84,1712289600000000000,93
BZUN,168253,2.3,2.33,2.35,2.29,1712289600000000000,1711
C,12686337,60.82,61.6,62.04,60.4237,1712289600000000000,105938
CpN,51064,29.76,29.74,29.81,29.67,1712289600000000000,447
CA,1598,24.895,24.895,24.895,24.895,1712289600000000000,30
CAAA,60,20.19,20.19,20.19,20.19,1712289600000000000,2
CAAP,122297,17.09,17.41,17.64,16.84,1712289600000000000,2169
CAAS,67812,3.76,3.73,3.77,3.68,1712289600000000000,384
CABA,980742,15.95,16.98,17.1,15.8,1712289600000000000,13375
CABO,223211,405.52,392.01,410.54,388.69,1712289600000000000,7915
CAC,69881,30.65,31.14,31.17,30.65,1712289600000000000,1319
CACC,59898,533.27,542.02,543.02,532.895,1712289600000000000,3524
CACG,2045,51.15,51.6681,51.77,51.15,1712289600000000000,83
CACI,122110,366.18,374.58,374.73,366.18,1712289600000000000,3971
CACO,14718,0.65,0.6298,0.65,0.61,1712289600000000000,189
CADE,1005715,27.32,27.67,27.81,27.25,1712289600000000000,11489
CADEpA,2819,20.98,20.9926,21.0799,20.88,1712289600000000000,35
CADL,84150545,7,6.64,11.3999,5.58,1712289600000000000,466600
CAE,447112,19.97,19.86,20.11,19.7,1712289600000000000,4428
CAF,61675,12.23,12.22,12.26,12.175,1712289600000000000,118
CAFG,5501,23.41,23.5713,23.5713,23.41,1712289600000000000,30
CAG,10132587,30.71,31.09,31.57,30.65,1712289600000000000,80132
CAH,1443678,110.05,109.92,110.96,109.86,1712289600000000000,22965
CAKE,1080905,34.69,34.29,35.03,34.12,1712289600000000000,16203
CAL,429580,36.99,37.1,37.57,36.98,1712289600000000000,7351
CALB,7368,21.59,21.97,21.99,21.59,1712289600000000000,397
CALC,2433,4.26,4.2953,4.4801,4.2594,1712289600000000000,56
CALF,2055989,48.04,48.3,48.52,47.99,1712289600000000000,9695
CALM,1232797,62.88,62.9,64.76,62.52,1712289600000000000,18218
CALT,7297,21.03,21.63,21.63,21.03,1712289600000000000,185
CALX,732674,31.1,31.12,31.25,30.775,1712289600000000000,9587
CALY,446,50.0272,50.07,50.07,50.0272,1712289600000000000,5
CAML,4620,30.625,30.7329,30.76,30.625,1712289600000000000,24
CAMP,12500,2.4876,3.05,3.05,2.44,1712289600000000000,250
CAMT,429519,78.06,78.39,81.11,78.02,1712289600000000000,8555
CAMX,124,29.0446,29.0446,29.0446,29.0446,1712289600000000000,18
CAN,3919900,1.3,1.27,1.31,1.26,1712289600000000000,7531
CANC,174,27.03,27.03,27.03,27.03,1712289600000000000,11
CANE,53994,13.29,13.15,13.33,13.12,1712289600000000000,215
CANF,38989,2.35,2.35,2.57,2.2501,1712289600000000000,202
CANG,34609,1.48,1.51,1.55,1.48,1712289600000000000,230
CANQ,953,25.04,25.0273,25.04,25.0273,1712289600000000000,17
CAOS,1150,84.27,84.3,84.3,84.26,1712289600000000000,35
CAPE,30267,27.36,27.56,27.5998,27.32,1712289600000000000,180
CAPL,18150,23.2,22.82,23.3439,22.82,1712289600000000000,468
CAPR,269173,6.7,6.72,6.82,6.51,1712289600000000000,2295
CAPT,29497,5.89,5.8,5.9,5.8,1712289600000000000,682
CAR,948797,119.14,121.42,122.51,119.04,1712289600000000000,7653
CARA,453410,0.8258,0.8745,0.8945,0.812,1712289600000000000,3141
CARD,292,15.8,15.9283,15.95,15.8,1712289600000000000,12
CARE,31791,12.14,11.93,12.14,11.85,1712289600000000000,776
CARG,592829,22.87,23.35,23.475,22.81,1712289600000000000,10092
CARK,43,36.31,36.31,36.31,36.31,1712289600000000000,12
CARM,189588,1.93,1.82,1.97,1.8,1712289600000000000,1741
CARR,4731165,56.25,56.44,57.0235,55.82,1712289600000000000,43966
CARS,367899,16.91,17.15,17.26,16.91,1712289600000000000,4907
CART,2881101,37.6,39.12,39.3,37.41,1712289600000000000,27917
CARU,148,20.0304,20.0304,20.0304,20.0304,1712289600000000000,10
CARV,5760,1.55,1.59,1.59,1.55,1712289600000000000,55
CARY,42482,20.432,20.45,20.4999,20.432,1712289600000000000,78
CARZ,1596,57.7239,57.86,58.1484,57.7239,1712289600000000000,31
CASH,107222,50.2,50.04,50.65,49.96,1712289600000000000,2542
CASI,52423,3.31,3.2,3.35,3.1,1712289600000000000,433
CASS,20515,47.15,47.22,47.6199,47.15,1712289600000000000,832
CASY,192060,310.34,316.67,317.09,310.34,1712289600000000000,6955
CAT,2068267,372.5,379.3,381,371.79,1712289600000000000,53377
CATC,27097,64.2,63.92,64.63,63.75,1712289600000000000,667
CATH,12524,62.54,62.9,63.055,62.54,1712289600000000000,161
CATO,99117,5.27,5.23,5.3,5.17,1712289600000000000,1309
CATX,4538710,1.45,1.48,1.6,1.41,1712289600000000000,11171
CATY,157164,36.38,36.62,36.7725,36.31,1712289600000000000,3510
CAUD,274765,0.56,0.6964,0.72,0.5408,1712289600000000000,681
CAVA,1315665,63.54,64.65,65.55,63.31,1712289600000000000,19011
CB,1266199,254,252.9,254.71,252.445,1712289600000000000,27265
CBAN,18985,10.8242,10.85,10.92,10.7,1712289600000000000,304
CBAT,106892,0.96,0.972,1.02,0.96,1712289600000000000,426
CBD,805546,0.55,0.5235,0.56,0.52,1712289600000000000,2992
CBFV,2110,21.31,21.49,21.49,21.31,1712289600000000000,39
CBH,29265,8.76,8.83,8.85,8.76,1712289600000000000,107
CBL,47775,22.3,22.38,22.505,22.21,1712289600000000000,1168
CBLS,1784,23.11,23.3145,23.33,23.11,1712289600000000000,13
CBNK,10890,20.63,20.42,20.75,20.42,1712289600000000000,236
CBOE,713540,182.07,180.93,183.07,179.595,1712289600000000000,17114
CBON,4874,21.82,21.84,21.86,21.81,1712289600000000000,50
CBRE,1075401,94.99,96.14,96.53,94.8681,1712289600000000000,18061
CBRL,853733,65.16,64.23,65.51,63.81,1712289600000000000,15838
CBSE,2336,27.69,27.7022,27.7022,27.69,1712289600000000000,15
CBSH,513550,52.3,52.94,53.135,52.29,1712289600000000000,9529
CBT,263254,91.85,93.09,93.27,91.84,1712289600000000000,5472
CBU,159676,45.48,45.16,45.7,45.0865,1712289600000000000,3671
CBUS,48264,19.73,19.86,20.09,19.45,1712289600000000000,1503
CBZ,161593,75.39,75.78,76.4,75.39,1712289600000000000,3388
CC,1130295,27.18,27.02,27.18,26.34,1712289600000000000,16011
CCAP,91373,17.02,17.08,17.13,16.96,1712289600000000000,1149
CCB,30919,38.49,38.65,38.74,38.35,1712289600000000000,882
CCBG,27937,27.35,27.11,27.49,27.06,1712289600000000000,555
CCCC,1220139,7.68,7.52,7.905,7.5,1712289600000000000,13051
CCCS,13679484,11.57,11.66,11.775,11.45,1712289600000000000,49666
CCD,81690,21.01,21.39,21.41,21.01,1712289600000000000,513
CCEF,1171,26.02,26.0831,26.12,26.02,1712289600000000000,13
CCEL,933,7.49,7.43,7.49,7.43,1712289600000000000,95
CCEP,1442332,68.59,69.29,69.74,68.34,1712289600000000000,21263
CCG,18663,3,2.85,3.021,2.7519,1712289600000000000,312
CCGWW,2412,0.069899,0.07,0.075,0.06,1712289600000000000,18
CCI,2585625,100.58,100.78,101.63,100.1592,1712289600000000000,27969
CCIA,1502,25.58,25.5872,25.6,25.5245,1712289600000000000,22
CCIF,77720,7.86,7.881,7.9199,7.86,1712289600000000000,284
CCJ,3315227,48.43,49.21,50.08,47.8,1712289600000000000,31953
CCK,608660,77.34,77.3,78.01,77.23,1712289600000000000,10015
CCL,29861000,15.01,15.12,15.16,14.84,1712289600000000000,109780
CCLD,27933,1.17,1.2,1.2294,1.17,1712289600000000000,123
CCLDO,1850,5.44,5.85,5.85,5.44,1712289600000000000,68
CCLDP,9776,6.55,6.48,6.649,6.3953,1712289600000000000,69
CCM,11510,0.5725,0.578,0.6187,0.5725,1712289600000000000,70
CCMG,19756,27,27.1372,27.14,26.98,1712289600000000000,13
CCNE,26861,19.8,19.59,19.8,19.525,1712289600000000000,608
CCNEP,1572,23.48,23.1,23.48,23.1,1712289600000000000,14
CCO,2196921,1.66,1.61,1.68,1.61,1712289600000000000,5788
CCOI,531308,63.61,63.33,64.2082,63.06,1712289600000000000,8965
CCOR,325007,26.24,26.1142,26.24,26.0901,1712289600000000000,48
CCRD,28147,10.94,10.76,10.96,10.66,1712289600000000000,673
CCRN,139516,17.86,17.8,18.216,17.68,1712289600000000000,3779
CCRV,21601,22.2,21.95,22.2,21.87,1712289600000000000,177
CCS,512285,87.3,87.75,88.73,87.285,1712289600000000000,8971
CCSI,234362,14.35,13.66,14.36,13.28,1712289600000000000,3913
CCSO,5450,19.1,19.115,19.17,19.05,1712289600000000000,23
CCTG,924880,2.7675,3.38,3.41,2.66,1712289600000000000,4466
CCU,118217,12.32,12.22,12.32,12.09,1712289600000000000,2295
CCZ,333,55.7,55.7,55.7,55.7,1712289600000000000,8
CDAQ,234,10.74,10.74,10.74,10.74,1712289600000000000,12
CDC,44253,58.65,58.76,58.925,58.44,1712289600000000000,323
CDE,17789073,4.4,4.87,4.935,4.28,1712289600000000000,49149
CDEI,340,64.41,64.3911,64.41,64.3911,1712289600000000000,14
CDIO,310421,1.23,1.12,1.2478,1.11,1712289600000000000,992
CDIOW,51184,0.1022,0.07,0.1022,0.0563,1712289600000000000,74
CDL,13304,61.2644,61.3,61.4704,60.88,1712289600000000000,72
CDLR,140124,18.9,18.7,19.08,18.69,1712289600000000000,1193
CDLX,805070,13.47,13.67,13.85,13,1712289600000000000,10468
CDMO,956044,6.27,6.34,6.69,6.14,1712289600000000000,8678
CDNA,365904,9.68,9.63,9.94,9.51,1712289600000000000,5402
CDNS,1075892,309.12,308.02,310.8012,307.12,1712289600000000000,28771
CDP,799281,23.53,23.61,23.69,23.475,1712289600000000000,7478
CDRpB,320,16.33,16.33,16.33,16.33,1712289600000000000,11
CDRpC,5133,12.26,12.25,12.47,12.105,1712289600000000000,19
CDRE,268426,35.92,36.63,36.72,35.92,1712289600000000000,3804
CDRO,10500,7.29,7.53,7.53,7.29,1712289600000000000,179
CDROW,3747,0.6799,0.600451,0.679901,0.6,1712289600000000000,24
CDT,18557,3.1727,3.26,3.3,3.11,1712289600000000000,391
CDTX,2291967,1.14,1.16,1.2099,1,1712289600000000000,4998
CDW,984438,253.78,255.19,256.44,252.53,1712289600000000000,23031
CDX,20407,22.9001,23.01,23.01,22.9,1712289600000000000,69
CDXC,689031,4.33,4.02,4.65,3.88,1712289600000000000,3812
CDXS,339429,3.2,3.19,3.24,3.11,1712289600000000000,2703
CDZI,98288,2.49,2.5,2.54,2.485,1712289600000000000,1607
CDZIP,2173,13.1,13.15,13.52,12.9,1712289600000000000,48
CE,922055,162.93,162.62,163.355,160.15,1712289600000000000,23423
CEAD,101281,0.539,0.5423,0.55525,0.5,1712289600000000000,134
CEADW,65050,0.01,0.01,0.0101,0.0078,1712289600000000000,28
CECO,180090,23.32,23.68,23.945,23.18,1712289600000000000,3646
CEE,7753,9.6,9.66,9.72,9.4507,1712289600000000000,81
CEF,540810,21.36,21.74,21.7755,21.3233,1712289600000000000,1591
CEFA,299,30.9,31.1047,31.1047,30.9,1712289600000000000,9
CEFD,2976,19.25,19.4203,19.435,19.25,1712289600000000000,38
CEFS,42759,20.23,20.4,20.47,20.21,1712289600000000000,333
CEG,4331379,182.32,193.08,194.85,181.42,1712289600000000000,63670
CEI,15823088,0.2018,0.232,0.2355,0.198,1712289600000000000,12773
CEIX,367834,81.4,81.78,83.3,80.94,1712289600000000000,6822
CELC,86477,19.67,19.97,20.11,19.62,1712289600000000000,1242
CELGr,914,0.0552,0.0553,0.0553,0.0551,1712289600000000000,10
CELH,4250456,79.5,83.94,84.7296,78.13,1712289600000000000,58332
CELU,18597,5.02,5.32,5.388,4.9661,1712289600000000000,246
CELUW,2235,0.0474,0.0496,0.0497,0.045,1712289600000000000,13
CELZ,13749,5.64,5.52,5.73,5.51,1712289600000000000,177
CEM,14374,46.04,46.18,46.21,45.71,1712289600000000000,176
CEMB,44323,44.17,44.15,44.19,44.1203,1712289600000000000,225
CENN,157309,1.67,1.69,1.69,1.55,1712289600000000000,1658
CENT,167541,40.61,41.21,41.22,40.35,1712289600000000000,3049
CENTA,149537,35.53,35.52,35.53,34.96,1712289600000000000,4119
CENX,1155082,16,16.7,16.75,15.94,1712289600000000000,13480
CEPU,771125,9.73,10.45,10.67,9.73,1712289600000000000,5173
CERE,976840,42.15,42.17,42.28,42.04,1712289600000000000,9101
CERO,404100,1.86,1.74,1.97,1.7,1712289600000000000,2098
CERS,1055742,1.86,1.87,1.945,1.8,1712289600000000000,5065
CERT,425156,17.65,18.15,18.18,17.46,1712289600000000000,7022
CET,36958,41.25,41.29,41.555,41.25,1712289600000000000,305
CETF,21,26.735,26.735,26.735,26.735,1712289600000000000,11
CETUR,829,0.1652,0.2099,0.2099,0.15,1712289600000000000,7
CETUW,17139,0.019,0.021,0.021,0.019,1712289600000000000,16
CETX,39105,3.84,3.5,4,3.2705,1712289600000000000,264
CETY,158721,1.52,1.58,1.75,1.52,1712289600000000000,550
CEV,16496,10.61,10.595,10.61,10.56,1712289600000000000,78
CEVA,67941,22.52,22.32,22.7925,22.26,1712289600000000000,2834
CEW,125,17.8736,17.87,17.8736,17.87,1712289600000000000,5
CF,2755313,85.32,85.11,86.19,84.34,1712289600000000000,41741
CFA,7466,79.64,80.2381,80.26,79.64,1712289600000000000,84
CFB,132368,12.91,12.87,13.05,12.85,1712289600000000000,2700
CFBK,20922,18.82,18.8,18.82,18.675,1712289600000000000,118
CFCV,6,36.8587,36.8587,36.8587,36.8587,1712289600000000000,6
CFFI,1502,48.77,47.6,48.77,47.6,1712289600000000000,150
CFFN,383896,5.56,5.46,5.57,5.43,1712289600000000000,3916
CFG,5621536,33.93,33.98,34.23,33.775,1712289600000000000,52355
CFGpD,13136,25.3,25.29,25.31,25.1958,1712289600000000000,193
CFGpE,11861,21.42,21.46,21.57,21.4,1712289600000000000,196
CFLT,4748573,29.27,29.32,29.815,29.16,1712289600000000000,34886
CFO,8348,64.9,64.96,65.0901,64.8901,1712289600000000000,78
CFR,347057,109.51,110.41,110.945,109.51,1712289600000000000,9092
CFRpB,8929,19.38,19.3251,19.44,19.0934,1712289600000000000,68
CFSB,3601,7.23,7.25,7.25,7.21,1712289600000000000,79
CG,2603392,46.97,47.15,47.41,46.6173,1712289600000000000,22520
CGA,3966,2.9,2.935,3,2.8,1712289600000000000,48
CGABL,15213,19.93,19.67,19.93,19.67,1712289600000000000,152
CGAU,909012,6.16,6.15,6.25,6.0875,1712289600000000000,5910
CGBD,145672,16.17,16.3,16.3,16.17,1712289600000000000,1760
CGBDL,13665,25.65,25.66,25.79,25.61,1712289600000000000,46
CGBL,231328,28.89,29,29.085,28.795,1712289600000000000,514
CGC,21703810,9.7,10.18,10.38,8.93,1712289600000000000,85212
CGCB,61342,25.89,25.74,25.89,25.74,1712289600000000000,375
CGCP,436782,22.29,22.27,22.3276,22.26,1712289600000000000,1590
CGDG,146864,28.19,28.26,28.33,28.0865,1712289600000000000,363
CGDV,1549960,32.13,32.44,32.525,32.1,1712289600000000000,4066
CGEM,247968,16.65,17.02,17.37,16.15,1712289600000000000,3557
CGEN,366017,2.34,2.42,2.505,2.3114,1712289600000000000,2535
CGGO,602068,28.45,28.71,28.785,28.4,1712289600000000000,1823
CGGR,1893336,31.62,31.97,32.145,31.62,1712289600000000000,4437
CGIE,32046,28.5,28.66,28.69,28.4801,1712289600000000000,144
CGMS,349025,26.91,26.88,26.919,26.865,1712289600000000000,1220
CGMU,121375,26.77,26.8,26.83,26.77,1712289600000000000,378
CGNT,230054,8.19,8.14,8.26,8.1,1712289600000000000,2425
CGNX,933572,40,40.42,40.78,39.65,1712289600000000000,14891
CGO,24800,10.19,10.25,10.32,10.11,1712289600000000000,134
CGON,181202,37.53,38.46,39.01,37.46,1712289600000000000,3122
CGRO,0,20.0345,20.0345,20.0345,20.0345,1712289600000000000,0
CGSD,192415,25.39,25.38,25.41,25.38,1712289600000000000,477
CGSM,56660,25.7,25.6645,25.72,25.6645,1712289600000000000,116
CGTX,299820,1.93,2.05,2.09,1.87,1712289600000000000,842
CGUS,555486,30.76,31.05,31.155,30.725,1712289600000000000,1937
CGV,2214,13.0503,13.0741,13.09,13.02,1712289600000000000,19
CGW,33595,54.75,54.95,55.1,54.6463,1712289600000000000,492
CGXU,526463,25.56,25.7,25.74,25.505,1712289600000000000,1527
CHAA,10263,11.25,11.27,11.41,11.25,1712289600000000000,192
CHAI,500,24.7901,24.8074,24.8228,24.79,1712289600000000000,10
CHAT,115893,34.94,35.27,35.4174,34.85,1712289600000000000,1043
CHAU,48047,14.25,14.17,14.25,14.13,1712289600000000000,267
CHCI,12462,5.37,5.28,5.37,5.27,1712289600000000000,89
CHCO,47398,101.17,101.51,102.13,100.71,1712289600000000000,1558
CHCT,78067,25.54,25.66,25.9,25.48,1712289600000000000,2149
CHD,1074994,101.92,102,102.46,101.43,1712289600000000000,20681
CHDN,324388,119.52,121.14,121.79,119.52,1712289600000000000,9209
CHE,48428,631.61,630.25,632.53,627.62,1712289600000000000,3501
CHEF,433244,33.65,34.76,34.8,33.4,1712289600000000000,8760
CHEK,132677,2.55,2.46,2.61,2.375,1712289600000000000,447
CHGG,2089299,7.01,7.13,7.16,6.98,1712289600000000000,12834
CHGX,14091,35.54,35.9667,35.98,35.54,1712289600000000000,149
CHH,611235,120.21,122.16,122.44,120.095,1712289600000000000,13151
CHI,135308,11.04,11.16,11.17,11.04,1712289600000000000,829
CHIQ,35518,17.34,17.33,17.36,17.23,1712289600000000000,348
CHK,1880073,88.77,89.51,89.86,87.99,1712289600000000000,29094
CHKEL,501,73.93,74.25,74.25,73.93,1712289600000000000,4
CHKP,468588,163.65,164.39,165.45,163.17,1712289600000000000,9912
CHMG,2529,40.56,40.87,40.87,40.55,1712289600000000000,127
CHMI,117514,3.43,3.48,3.49,3.41,1712289600000000000,813
CHMIpA,1369,22.94,22.877,22.95,22.85,1712289600000000000,18
CHMIpB,4036,24.6,24.6,24.6,24.55,1712289600000000000,51
CHN,5892,10.0949,10.125,10.137,10.09,1712289600000000000,45
CHNR,49262,1.21,1.21,1.31,1.19,1712289600000000000,235
CHPS,2858,32.61,32.68,32.68,32.6099,1712289600000000000,30
CHPT,6646832,1.79,1.83,1.85,1.78,1712289600000000000,19638
CHR,11840,2.58,2.63,2.66,2.5,1712289600000000000,68
CHRD,428657,181.68,184.66,184.765,180.835,1712289600000000000,10439
CHRO,21798,2.38,2.29,2.58,2.29,1712289600000000000,183
CHRS,1470765,2.33,2.43,2.475,2.25,1712289600000000000,5556
CHRW,1034787,71.41,71.18,71.97,71.07,1712289600000000000,21163
CHSCL,77606,25.7,25.7,25.91,25.65,1712289600000000000,856
CHSCM,49723,25.17,25.07,25.24,25.04,1712289600000000000,469
CHSCN,23228,25.6514,25.4801,25.685,25.4801,1712289600000000000,221
CHSCO,11558,27.13,27.09,27.17,27.0701,1712289600000000000,116
CHSCP,3844,31,31.11,31.2599,31,1712289600000000000,56
CHSN,60741,1.73,1.71,1.74,1.7,1712289600000000000,168
CHT,67788,38.9,38.96,38.96,38.77,1712289600000000000,1734
CHTR,1725312,269.17,267.49,271.89,264.915,1712289600000000000,42449
CHUY,132110,32.59,32.34,32.81,32.05,1712289600000000000,3438
CHW,281786,6.52,6.53,6.54,6.52,1712289600000000000,1238
CHWY,11921390,16.2,17.05,17.1,16.14,1712289600000000000,69740
CHX,7178022,38.85,39.34,39.55,38.56,1712289600000000000,57785
CHY,113705,11.29,11.42,11.43,11.29,1712289600000000000,501
CI,992542,360.84,362.45,364.26,359.37,1712289600000000000,24072
CIA,25843,2.113,2.15,2.18,2.08,1712289600000000000,220
CIB,428473,36.59,36.38,37.15,36.06,1712289600000000000,5155
CIBR,379766,55.27,55.72,55.96,55.05,1712289600000000000,3934
CID,9,32.435,32.435,32.435,32.435,1712289600000000000,5
CIEN,1326517,47.6,47.59,47.91,47.52,1712289600000000000,19843
CIF,16466,1.705,1.705,1.7064,1.7,1712289600000000000,100
CIFR,4832759,4.06,4.05,4.215,3.885,1712289600000000000,19384
CIFRW,16082,1.19,1.15,1.19,1.1,1712289600000000000,70
CIG,1700597,2.51,2.52,2.53,2.49,1712289600000000000,2568
CIG.C,1168,2.905,2.9,2.905,2.9,1712289600000000000,33
CIGI,152263,117.55,118.37,119.415,117.22,1712289600000000000,3226
CII,58191,19.18,19.3,19.38,19.17,1712289600000000000,388
CIK,149768,2.94,2.92,2.955,2.92,1712289600000000000,841
CIL,356,42.66,42.7,42.7,42.66,1712289600000000000,9
CIM,1257475,4.33,4.32,4.365,4.3,1712289600000000000,6025
CIMpA,10800,21.6,21.56,21.6,21.3499,1712289600000000000,148
CIMpB,20585,24.71,24.55,24.72,24.55,1712289600000000000,141
CIMpC,9798,21.1,21.195,21.2,21.0501,1712289600000000000,98
CIMpD,6467,24.45,24.355,24.48,24.355,1712289600000000000,81
CINF,424039,120.96,121.52,121.657,120.47,1712289600000000000,11787
CING,127012,1.05,1.03,1.06,0.96,1712289600000000000,479
CINGW,4350,0.0164,0.015323,0.0164,0.0153,1712289600000000000,4
CINT,97757,4.51,4.51,4.56,4.445,1712289600000000000,610
CIO,173472,4.65,4.71,4.735,4.57,1712289600000000000,1718
CIOpA,1295,17.9001,18,18,17.9001,1712289600000000000,33
CION,225552,11.02,11.1,11.13,11.02,1712289600000000000,1614
CISO,26054,1.28,1.27,1.29,1.2301,1712289600000000000,313
CISS,51008894,0.0429,0.0472,0.0497,0.0375,1712289600000000000,17668
CIVB,17314,15.4,15.02,15.4,14.95,1712289600000000000,338
CIVI,1433876,75.29,75.8,76.35,74.67,1712289600000000000,37388
CIX,20145,34.65,34.29,35.2,33.1,1712289600000000000,517
CIZ,452,31.125,31.1578,31.1696,31.125,1712289600000000000,9
CJET,41614,0.38,0.387,0.4,0.321,1712289600000000000,161
CJJD,3259,3.04,3.02,3.17,3,1712289600000000000,161
CKPT,392894,1.94,1.83,1.94,1.82,1712289600000000000,1475
CKX,521,13.39,13.37,13.39,13.37,1712289600000000000,20
CL,3479583,87.73,87.88,88.12,87.15,1712289600000000000,38161
CLAR,137410,6.49,6.57,6.67,6.453,1712289600000000000,2350
CLB,268346,17.05,17.33,17.43,16.88,1712289600000000000,5138
CLBK,51048,16.64,16.63,16.81,16.46,1712289600000000000,1378
CLBR,1799,10.3,10.3167,10.3167,10.3,1712289600000000000,7
CLBR.WS,1160,0.4451,0.47,0.52,0.4351,1712289600000000000,8
CLBT,1169834,10.96,11.4,11.47,10.9,1712289600000000000,9290
CLBTW,21859,2.14,2.34,2.38,2.14,1712289600000000000,85
CLCO,144334,11.32,11.14,11.32,11.08,1712289600000000000,1335
CLDI,219896,0.4107,0.3961,0.4307,0.395,1712289600000000000,604
CLDI.WS,1619,0.0793,0.0793,0.0793,0.0793,1712289600000000000,42
CLDL,3853,10.6668,10.75,10.9,10.6668,1712289600000000000,55
CLDT,172523,9.81,9.82,9.88,9.78,1712289600000000000,2424
CLDTpA,2302,21.76,21.5,21.76,21.5,1712289600000000000,26
CLDX,482968,39.01,39.58,40.61,38.55,1712289600000000000,8762
CLEU,11824,0.92,0.96,1.03,0.92,1712289600000000000,132
CLF,5594127,22.3,22.25,22.57,22.21,1712289600000000000,43315
CLFD,140973,29.49,29.9,30.05,29.09,1712289600000000000,2936
CLGN,3637,5.27,5.1,5.27,5.1,1712289600000000000,35
CLH,167169,196.35,198.67,199.57,195.65,1712289600000000000,5717
CLIA,4230,18.79,18.7636,18.79,18.7636,1712289600000000000,12
CLIP,434152,25.06,25.04,25.06,25.03,1712289600000000000,365
CLIR,47482,0.99,0.9858,1.03,0.98,1712289600000000000,140
CLIX,453,41.09,41.1066,41.1066,41.04,1712289600000000000,14
CLLS,13274,2.7001,2.68,2.7399,2.66,1712289600000000000,94
CLM,976685,7.62,7.65,7.67,7.615,1712289600000000000,4482
CLMB,5146,68.59,68.76,69.86,68.59,1712289600000000000,298
CLMT,86465,15.34,15.43,15.57,15.21,1712289600000000000,1011
CLNE,1833734,2.54,2.47,2.54,2.45,1712289600000000000,10880
CLNN,179082,0.429,0.4137,0.429,0.4074,1712289600000000000,369
CLNR,1055,22.74,22.8309,22.8309,22.74,1712289600000000000,8
CLOA,17635,51.53,51.565,51.57,51.53,1712289600000000000,147
CLOD,125,26.56,26.746,26.746,26.56,1712289600000000000,3
CLOI,29238,52.61,52.615,52.6187,52.58,1712289600000000000,112
CLOU,159593,21.22,21.35,21.46,21.1983,1712289600000000000,1616
CLOV,8793461,0.76,0.7265,0.7602,0.7213,1712289600000000000,10665
CLOX,5907,25.4035,25.405,25.42,25.37,1712289600000000000,58
CLOZ,64706,26.6401,26.66,26.67,26.64,1712289600000000000,316
CLPR,29063,4.67,4.61,4.7,4.55,1712289600000000000,330
CLPS,8186,1.08,1.01,1.08,1.005,1712289600000000000,53
CLPT,57354,6.39,6.43,6.53,6.32,1712289600000000000,776
CLRB,851392,3.72,3.76,3.7884,3.66,1712289600000000000,2381
CLRO,165955,1.49,1.51,1.55,1.4297,1712289600000000000,926
CLS,1833756,48.57,49.39,49.61,48.13,1712289600000000000,21528
CLSD,519493,1.3,1.3,1.3962,1.28,1712289600000000000,930
CLSE,31939,20.63,20.8,20.8253,20.59,1712289600000000000,191
CLSK,21599339,15.73,15.6,16.52,15.58,1712289600000000000,111706
CLSM,19017,20.22,20.3239,20.34,20.22,1712289600000000000,83
CLVR,9203,5.19,5.1,5.3627,4.61,1712289600000000000,168
CLVRW,16300,0.0386,0.04,0.04,0.0386,1712289600000000000,14
CLVT,3163215,7.33,7.37,7.42,7.26,1712289600000000000,15793
CLVTpA,573,29.53,29.53,29.53,29.53,1712289600000000000,17
CLW,88333,42.24,41.74,42.3202,41.71,1712289600000000000,1532
CLWT,10631,1.545,1.6,1.6,1.545,1712289600000000000,90
CLX,740152,145.91,145.94,146.79,144.425,1712289600000000000,18885
CM,1146653,49.25,49.69,49.885,49.21,1712289600000000000,9207
CMA,1229018,52.49,52.64,53.09,52.11,1712289600000000000,18554
CMAX,31240,4.51,4.34,4.78,4.23,1712289600000000000,609
CMAXW,701,0.0171,0.017,0.0171,0.017,1712289600000000000,3
CMBM,269714,4.3,4.2,4.36,4.099,1712289600000000000,1571
CMBS,25038,46.78,46.77,46.84,46.67,1712289600000000000,147
CMC,492260,57.26,57.88,57.984,56.91,1712289600000000000,8293
CMCI,19,25.8751,25.8751,25.8751,25.8751,1712289600000000000,2
CMCL,35992,10.63,10.91,11.21,10.61,1712289600000000000,828
CMCM,98180,3.27,3.49,3.6107,3.02,1712289600000000000,374
CMCO,106274,42.04,41.9,42.5,41.73,1712289600000000000,1971
CMCSA,22833032,40.87,40.9,41.185,40.635,1712289600000000000,113029
CMCT,7839,3.66,3.9235,3.9235,3.66,1712289600000000000,75
CMDT,171938,27.68,27.69,27.82,27.615,1712289600000000000,86
CMDY,12417,49.26,49.51,49.6551,49.26,1712289600000000000,124
CME,1163273,211.37,211.08,213.26,210.8,1712289600000000000,25124
CMF,201956,56.85,56.81,56.94,56.79,1712289600000000000,579
CMG,204153,2878.3,2905.42,2905.73,2874.05,1712289600000000000,19324
CMI,1002624,296.07,300.67,301.5,294.821,1712289600000000000,22048
CMLS,55702,3.01,3.1,3.11,2.985,1712289600000000000,423
CMMB,35690,0.7695,0.8,0.8,0.7695,1712289600000000000,205
CMND,66611,1.16,1.15,1.17,1.1,1712289600000000000,372
CMP,423788,14.21,14.26,14.43,14.09,1712289600000000000,7142
CMPO,178151,6.97,6.87,7.055,6.8451,1712289600000000000,3045
CMPR,161075,95.38,97.13,98.11,95.1609,1712289600000000000,4163
CMPS,842573,9.8,9.5,9.8,9.16,1712289600000000000,7739
CMPX,67350,1.78,1.7,1.785,1.7,1712289600000000000,737
CMRE,272336,11.41,11.42,11.52,11.32,1712289600000000000,3490
CMREpB,4959,25.85,26,26,25.85,1712289600000000000,31
CMREpC,2805,25.895,25.9265,25.9265,25.81,1712289600000000000,16
CMREpD,6267,25.95,26,26.05,25.78,1712289600000000000,54
CMREpE,4102,26.67,26.68,26.68,26.61,1712289600000000000,21
CMRX,210691,1.03,1.03,1.05,0.99,1712289600000000000,509
CMS,2713179,58.77,58.65,59.03,58.3511,1712289600000000000,27523
CMSpB,131,80.7924,81.48,81.48,80.7924,1712289600000000000,7
CMSpC,8575,20.2,20.34,20.4756,20.16,1712289600000000000,106
CMSA,8925,24.45,24.3306,24.5,24.33,1712289600000000000,162
CMSC,13584,24.36,24.37,24.456,24.35,1712289600000000000,146
CMSD,39616,24.76,24.76,24.8,24.7001,1712289600000000000,447
CMT,29114,17.52,17.93,18.18,17.52,1712289600000000000,932
CMTG,141504,9.29,9.36,9.395,9.23,1712289600000000000,1772
CMTL,857652,2.88,2.63,2.9,2.625,1712289600000000000,7140
CMU,27732,3.29,3.3,3.3,3.29,1712289600000000000,74
CNA,119342,43.62,44.08,44.08,43.62,1712289600000000000,3593
CNBS,35388,5.62,5.91,5.94,5.62,1712289600000000000,288
CNC,2748225,71.57,72.78,72.9,71.2377,1712289600000000000,36773
CNCR,4689,15.48,15.7,15.76,15.37,1712289600000000000,45
CNDA,2797,10.53,10.52,10.53,10.52,1712289600000000000,14
CNDT,556553,3.23,3.24,3.29,3.22,1712289600000000000,3856
CNEQ,58973,19.96,20.1118,20.17,19.9599,1712289600000000000,30
CNET,54487,1.0007,1.0499,1.05,0.9953,1712289600000000000,112
CNEY,68656,1.235,1.23,1.24,1.16,1712289600000000000,302
CNF,4080,2.015,2.02,2.04,2.015,1712289600000000000,42
CNFR,245,1.09,1.09,1.09,1.09,1712289600000000000,4
CNGL,813,11.03,11.02,11.03,11.02,1712289600000000000,8
CNHI,6028342,12.81,12.82,12.86,12.64,1712289600000000000,26825
CNI,1311855,129,129.74,130.2,128.455,1712289600000000000,12352
CNK,10753390,19.4,19.77,20.4,19.22,1712289600000000000,56592
CNM,1895470,57.62,59.25,59.35,57.03,1712289600000000000,22477
CNMD,281929,77.51,77.9,78.075,77.37,1712289600000000000,5102
CNNE,642040,20.43,20.44,20.67,20.365,1712289600000000000,6758
CNO,655905,26.67,26.84,26.92,26.6,1712289600000000000,6781
CNOpA,771,21.7,21.7,21.7,21.695,1712289600000000000,9
CNOB,91731,18.57,18.69,18.995,18.54,1712289600000000000,1877
CNOBP,2280,19.6,19.7499,19.7499,19.6,1712289600000000000,35
CNP,5376735,27.94,28.05,28.1025,27.73,1712289600000000000,25996
CNQ,4199406,79.93,81.18,81.2,78.825,1712289600000000000,27317
CNRG,12789,62.38,62.6659,63,62.22,1712289600000000000,287
CNS,105203,73.07,72.78,73.47,72.43,1712289600000000000,2962
CNSL,373311,4.32,4.31,4.32,4.3,1712289600000000000,1907
CNSP,259312,0.3176,0.258599,0.3176,0.25,1712289600000000000,402
CNTA,133594,10.28,10.75,10.76,10.0601,1712289600000000000,1400
CNTB,204356,1.81,2.14,2.15,1.81,1712289600000000000,803
CNTG,12489,0.685,0.689,0.7,0.6504,1712289600000000000,57
CNTX,9929,1.28,1.27,1.36,1.26,1712289600000000000,56
CNTY,103816,3.1,3.19,3.22,3.05,1712289600000000000,1322
CNVS,28933,1.48,1.4,1.48,1.4,1712289600000000000,222
CNX,1673334,23.91,24.12,24.215,23.695,1712289600000000000,17298
CNXA,1793495,0.2559,0.2998,0.3,0.2555,1712289600000000000,2161
CNXC,889943,59.04,58.95,59.6,56.81,1712289600000000000,16260
CNXN,79688,65.14,65.58,65.64,64.81,1712289600000000000,2170
CNXT,1084,23.4199,23.3782,23.4199,23.35,1712289600000000000,13
CNYA,17966,26.4013,26.396,26.415,26.36,1712289600000000000,241
COAL,5882,22.55,22.4822,22.55,22.402,1712289600000000000,102
COCH,225175,5.87,6.16,7.2,5.87,1712289600000000000,2033
COCHW,600,0.21,0.2225,0.2225,0.21,1712289600000000000,6
COCO,513706,25.62,26.23,26.39,25.62,1712289600000000000,9197
COCP,60255,1.42,1.595,1.63,1.42,1712289600000000000,257
CODA,7164,6.42,6.3977,6.55,6.38,1712289600000000000,103
CODI,190078,23.55,23.69,23.906,23.51,1712289600000000000,2650
CODIpA,383,25.1,25.075,25.1,25.075,1712289600000000000,4
CODIpB,5617,25.05,25.1971,25.1971,25,1712289600000000000,101
CODIpC,7324,25.025,25.02,25.05,25.01,1712289600000000000,90
CODX,157062,1.13,1.22,1.2862,1.13,1712289600000000000,518
COE,1051,7.05,7.01,7.05,7,1712289600000000000,13
COEP,135661,0.335,0.3233,0.34,0.3099,1712289600000000000,231
COF,1567339,142.11,143.52,143.685,141.675,1712289600000000000,32210
COFpI,49062,20.34,20.44,20.58,20.27,1712289600000000000,467
COFpJ,64552,19.28,19.36,19.4,19.16,1712289600000000000,496
COFpK,6731,18.95,19.08,19.17,18.95,1712289600000000000,50
COFpL,37135,17.74,17.8719,17.95,17.7097,1712289600000000000,273
COFpN,13048,17.54,17.66,17.664,17.5,1712289600000000000,96
COFS,11442,26.31,25.26,26.6,25.26,1712289600000000000,297
COGT,958419,6.82,6.71,6.89,6.48,1712289600000000000,8354
COHN,5732,7.48,7.2742,7.48,7.18,1712289600000000000,87
COHR,1365976,57.77,57.64,58.21,56.92,1712289600000000000,22513
COHU,241152,31.57,32.12,32.32,31.55,1712289600000000000,4043
COIN,8438580,244.91,240.9,253.96,240.2,1712289600000000000,133787
COKE,32003,825.32,830.11,830.185,816.55,1712289600000000000,3093
COLB,2048309,18.21,18.36,18.41,18.15,1712289600000000000,16758
COLD,1624353,23.61,23.67,23.98,23.51,1712289600000000000,14965
COLL,384718,39.23,39.99,40.26,39.05,1712289600000000000,5300
COLM,560761,74.9,75.47,76.09,74.86,1712289600000000000,10367
COM,38725,29.26,29.28,29.4084,29.14,1712289600000000000,190
COMB,21671,20.45,20.56,20.6196,20.43,1712289600000000000,176
COMM,2828724,1.21,1.16,1.21,1.14,1712289600000000000,10489
COMP,3052906,3.76,3.81,3.85,3.69,1712289600000000000,13419
COMT,79792,27.94,27.9,28.07,27.8418,1712289600000000000,750
CONL,1682980,64.57,62.66,69.74,62.2501,1712289600000000000,20025
CONN,102497,3.125,3.32,3.37,3.07,1712289600000000000,887
CONXW,101589,0.1814,0.18,0.1897,0.1605,1712289600000000000,52
CONY,489023,25.38,25.07,26.2,25,1712289600000000000,9804
COO,905975,99.23,98.6,99.28,97.86,1712289600000000000,17871
COOK,162306,2.25,2.32,2.365,2.25,1712289600000000000,1312
COOLW,202831,0.2,0.2088,0.2399,0.2,1712289600000000000,305
COOP,602340,75.92,77.13,77.525,75.53,1712289600000000000,11833
COOT,62743,1.42,1.3106,1.65,1.23,1712289600000000000,241
COOTW,13575,0.05,0.05,0.058,0.0455,1712289600000000000,59
COP,3595473,131.96,133.52,133.84,131.19,1712289600000000000,52236
COPJ,9706,21.98,22.12,22.16,21.75,1712289600000000000,114
COPP,84839,24.22,24.45,24.54,24.1281,1712289600000000000,428
COPX,1823424,44.22,44.64,44.7,43.88,1712289600000000000,7140
COR,744596,242.72,243.22,243.82,241.88,1712289600000000000,18573
CORN,33858,20.1,19.91,20.1,19.8726,1712289600000000000,254
CORP,102407,94.86,94.87,95.065,94.81,1712289600000000000,464
CORT,723284,25.08,25.2,25.37,24.86,1712289600000000000,10621
CORZ,1857365,3.4,3.45,3.555,3.372,1712289600000000000,8365
CORZW,41451,1.21,1.25,1.3,1.21,1712289600000000000,143
CORZZ,78171,2.21,2.22,2.27,2.15,1712289600000000000,380
COSM,52233,0.6799,0.6929,0.7091,0.6799,1712289600000000000,235
COST,1552889,706.04,713.72,716.8899,706.02,1712289600000000000,62630
COTY,3818507,11,11.03,11.08,10.92,1712289600000000000,28407
COUR,1805777,13.58,13.84,14.01,13.55,1712289600000000000,15811
COWG,34309,25.72,25.78,25.88,25.5265,1712289600000000000,246
COWS,17568,29.36,29.68,29.71,29.36,1712289600000000000,89
COWZ,2287887,57.53,57.88,58.015,57.39,1712289600000000000,11002
COYA,30358,9.24,9.56,9.56,9.1306,1712289600000000000,309
CP,1175870,86.77,87.48,87.9,86.42,1712289600000000000,13695
CPA,206564,100.83,101.74,102.48,100.79,1712289600000000000,4044
CPAC,28237,5.82,5.56,5.82,5.3,1712289600000000000,270
CPAI,4848,29.6,29.847,29.85,29.6,1712289600000000000,28
CPAY,241323,305.85,306.2,308.31,304.22,1712289600000000000,8138
CPB,2937127,43.79,43.3,43.9,43.125,1712289600000000000,27515
CPBI,8542,10.25,10.1609,10.25,10.135,1712289600000000000,53
CPER,86600,26.36,26.54,26.57,26.31,1712289600000000000,584
CPF,98061,19.32,19.16,19.38,19.12,1712289600000000000,2740
CPG,4185255,8.8,8.8,8.86,8.74,1712289600000000000,10327
CPHC,4284,23.45,23.69,23.82,23.042,1712289600000000000,211
CPHI,146615,0.34,0.3188,0.3585,0.3188,1712289600000000000,383
CPII,7,19.7,19.7,19.7,19.7,1712289600000000000,4
CPIX,6443,1.83,1.76,1.84,1.74,1712289600000000000,89
CPK,81913,103.59,103.22,103.97,102.57,1712289600000000000,3185
CPLP,52901,16.84,17.19,17.24,16.63,1712289600000000000,547
CPLS,1012,34.91,34.8995,34.92,34.8995,1712289600000000000,6
CPNG,6221984,18.27,18.24,18.398,18.18,1712289600000000000,45107
CPOP,10275,2.36,2.23,2.37,2.17,1712289600000000000,140
CPRI,1037575,44.67,43.75,44.8294,43.74,1712289600000000000,12329
CPRT,3387869,56.56,56.55,56.95,55.81,1712289600000000000,44259
CPRX,831288,15.02,15.17,15.33,14.97,1712289600000000000,9784
CPS,71637,15.78,16.15,16.18,15.69,1712289600000000000,1340
CPSH,37429,1.7957,1.8,1.85,1.78,1712289600000000000,164
CPSS,14755,7.79,7.91,7.95,7.79,1712289600000000000,261
CPT,673878,95.44,96.62,96.805,94.83,1712289600000000000,15677
CPTN,27341,3.25,3.27,3.45,3.1601,1712289600000000000,210
CPTNW,1946,0.0094,0.0094,0.0094,0.0094,1712289600000000000,3
CPZ,50206,15.33,15.4,15.48,15.31,1712289600000000000,224
CQP,157941,49.7,48.42,49.7,48.37,1712289600000000000,2372
CQQQ,46317,32,32.03,32.1353,31.9401,1712289600000000000,478
CR,207443,135.65,138,139.015,135.65,1712289600000000000,6265
CRAI,22873,148.5275,147.22,150.47,147.22,1712289600000000000,1108
CRAK,52933,39.92,40.16,40.2445,39.74,1712289600000000000,203
CRBG,4259080,28.1,28.68,28.68,28.08,1712289600000000000,26903
CRBN,5749,176.55,177.8016,178.18,176.55,1712289600000000000,553
CRBP,151847,39.62,39.97,40.35,38.51,1712289600000000000,3106
CRBU,2339258,4.61,4.5,4.665,4.39,1712289600000000000,15719
CRC,864783,54.6,54.77,55,53.99,1712289600000000000,8823
CRCT,607597,4.84,4.98,5.01,4.81,1712289600000000000,5362
CRD.A,105119,9.24,9.2,9.305,9.035,1712289600000000000,1617
CRD.B,40304,8.86,8.96,9.01,8.63,1712289600000000000,188
CRDF,1421922,5.9,5.84,6.35,5.75,1712289600000000000,7483
CRDL,228213,2,1.9,2.06,1.87,1712289600000000000,943
CRDO,2235183,21.83,21.36,21.91,21.17,1712289600000000000,14741
CRDT,3536,25.28,25.31,25.31,25.275,1712289600000000000,60
CRED,160,20.4923,20.4923,20.4923,20.4923,1712289600000000000,9
CREG,23144,1.3294,1.36,1.39,1.29,1712289600000000000,118
CRESW,7714,0.5202,0.605,0.605,0.5202,1712289600000000000,25
CRESY,234128,9.09,9.6,9.62,9.073,1712289600000000000,1655
CREV,1963,16,16.01,16.29,15.5,1712289600000000000,95
CREVW,2520,0.067,0.074,0.074,0.067,1712289600000000000,6
CREX,37081,3.55,3.48,3.55,3.45,1712289600000000000,196
CRF,521857,7.6,7.68,7.68,7.6,1712289600000000000,2257
CRGO,2804,2.435,2.43,2.51,2.42,1712289600000000000,100
CRGOW,1396,0.0999,0.09,0.1031,0.0897,1712289600000000000,14
CRGX,143595,21.24,21.49,22.0167,20.54,1712289600000000000,2728
CRGY,3943362,11.75,11.98,12.165,11.555,1712289600000000000,17867
CRH,2429696,84.61,86.4,86.56,84.47,1712289600000000000,26108
CRI,832905,77.1,75.82,77.34,75.6,1712289600000000000,18110
CRIS,44960,15.84,16.8,16.8,15.0001,1712289600000000000,906
CRIT,117,19.3825,19.3825,19.3825,19.3825,1712289600000000000,13
CRK,2844754,9.06,9.08,9.15,8.9,1712289600000000000,16429
CRKN,2709921,0.05,0.0532,0.0532,0.0492,1712289600000000000,2630
CRL,529945,251.28,253.1,256.125,249.355,1712289600000000000,13879
CRM,4918179,293.54,301.91,303.415,293.295,1712289600000000000,78613
CRMD,995358,4.45,4.71,4.84,4.37,1712289600000000000,7722
CRML,47880,12.17,11.41,12.2,11.4,1712289600000000000,838
CRMLW,4554,0.1501,0.18,0.18,0.1501,1712289600000000000,7
CRMT,87730,58.55,59.03,60.01,58,1712289600000000000,2413
CRNC,303044,14.41,14.25,14.4148,14.09,1712289600000000000,6454
CRNT,399895,3.11,3.19,3.2,3.1025,1712289600000000000,2815
CRNX,692588,46.39,47.53,48.63,45.52,1712289600000000000,10260
CRON,3696753,2.74,2.68,2.81,2.59,1712289600000000000,11151
CROX,743789,134.52,134.09,135.75,133.625,1712289600000000000,20123
CRPT,39959,12.87,12.8199,13.35,12.7,1712289600000000000,409
CRS,656060,76.62,78.07,79.57,76.605,1712289600000000000,13122
CRSP,1681496,64.4,62.9,64.4536,62.33,1712289600000000000,28424
CRSR,228913,11.73,11.84,11.86,11.6,1712289600000000000,4969
CRT,33722,13.84,13.69,13.98,13.48,1712289600000000000,386
CRTC,1088,29.08,29.3848,29.42,29.08,1712289600000000000,13
CRTO,106467,34.77,35.07,35.33,34.57,1712289600000000000,2597
CRUS,272844,90.16,91.77,91.82,89.98,1712289600000000000,6693
CRUZ,3793,21.93,22.0928,22.1,21.93,1712289600000000000,105
CRVL,48653,244.86,240.82,246.72,240.705,1712289600000000000,2058
CRVO,19784,21.25,20.5,21.7704,19.97,1712289600000000000,568
CRVS,190703,1.68,1.75,1.78,1.63,1712289600000000000,643
CRWD,1769268,309.72,315.5,317.5,309.33,1712289600000000000,50003
CRWS,47381,5.23,5.23,5.2976,5.2,1712289600000000000,322
CSA,672,67.542,67.5482,67.63,67.542,1712289600000000000,6
CSAN,640857,12.24,12.05,12.25,11.985,1712289600000000000,4461
CSB,19428,54.52,54.4987,54.6148,54.2305,1712289600000000000,81
CSBR,826,4.9999,4.86,4.9999,4.86,1712289600000000000,28
CSCO,18661294,47.96,48.55,48.67,47.89,1712289600000000000,121297
CSD,779,69.33,69.9115,69.9115,69.33,1712289600000000000,19
CSF,1776,49.8409,50.09,50.2559,49.8409,1712289600000000000,20
CSGP,1725880,91.9,94.75,95.49,91.69,1712289600000000000,31934
CSGS,128686,49.12,48.67,49.39,48.66,1712289600000000000,3284
CSHI,57221,49.855,49.87,49.878,49.85,1712289600000000000,326
CSIQ,2408010,18.14,17.15,18.27,17.125,1712289600000000000,25636
CSL,264343,391.72,399,400.23,391.34,1712289600000000000,7740
CSLMR,15280,0.18,0.18,0.185,0.18,1712289600000000000,27
CSLMW,10050,0.14,0.14,0.14,0.14,1712289600000000000,2
CSLR,24548,0.59,0.5366,0.6,0.51,1712289600000000000,123
CSM,955,59.49,59.8189,59.8189,59.49,1712289600000000000,54
CSMD,3579,29.094,29.2408,29.2408,29.094,1712289600000000000,21
CSML,1686,36.08,36.2231,36.28,36.08,1712289600000000000,33
CSPI,53787,18.39,18.86,19.34,18,1712289600000000000,1197
CSQ,249793,16.13,16.14,16.2296,16.07,1712289600000000000,810
CSR,40002,55.54,55.98,56.18,55.1,1712289600000000000,1296
CSRpC,4621,24.07,23.825,24.3499,23.405,1712289600000000000,71
CSSE,177287,0.1573,0.1578,0.16,0.1457,1712289600000000000,365
CSSEL,359,0.0065,0.007099,0.007099,0.0065,1712289600000000000,4
CSSEN,1863,3.2,3.12,3.2,2.85,1712289600000000000,50
CSSEP,8371,0.495,0.4893,0.53,0.44,1712289600000000000,64
CSTE,205287,4.16,4.22,4.25,4.15,1712289600000000000,767
CSTL,154356,21.06,20.82,21.23,20.69,1712289600000000000,3045
CSTM,754008,22.39,22.43,22.63,22.17,1712289600000000000,9500
CSV,64548,24.85,24.99,25.15,24.66,1712289600000000000,1358
CSWC,114415,24.58,24.87,24.87,24.502,1712289600000000000,1848
CSWCZ,10651,25.95,25.9835,25.99,25.95,1712289600000000000,62
CSWI,60248,231.95,236.27,236.62,231.95,1712289600000000000,2131
CSX,8863336,36.28,36.3,36.505,36.15,1712289600000000000,62651
CTA,83828,25.52,25.67,25.67,25.365,1712289600000000000,675
CTApB,1217,72,71.8553,72,71.24,1712289600000000000,40
CTAS,348963,668.09,673.69,674.97,666.09,1712289600000000000,14925
CTBB,36329,9.92,10.05,10.1476,9.92,1712289600000000000,339
CTBI,48159,40.59,41.03,41.14,40.4182,1712289600000000000,1026
CTCX,12058,2.61,2.66,2.9445,2.58,1712289600000000000,89
CTCXW,1400,0.15,0.145,0.15,0.145,1712289600000000000,5
CTDD,100996,10.26,10.3,10.4,10.1549,1712289600000000000,217
CTEC,14466,9.2,9.24,9.3385,9.18,1712289600000000000,78
CTEX,289,22.565,22.4755,22.565,22.4755,1712289600000000000,13
CTGO,97379,19.66,19.84,20.779,19.52,1712289600000000000,2320
CTHR,25869,0.32,0.320101,0.3299,0.3166,1712289600000000000,158
CTKB,582134,6.45,6.54,6.62,6.361,1712289600000000000,4941
CTLP,203432,6.28,6.3,6.33,6.255,1712289600000000000,2707
CTLT,1099305,56.98,56.75,56.98,56.68,1712289600000000000,12358
CTM,96759,0.26,0.275,0.275,0.2369,1712289600000000000,280
CTMX,268073,2.07,2.06,2.14,2.05,1712289600000000000,1940
CTNM,1582991,14.5,15.4,15.99,13.9,1712289600000000000,9525
CTNT,1520,1.72,1.8,1.8646,1.72,1712289600000000000,36
CTO,125367,16.76,16.77,16.86,16.7156,1712289600000000000,1630
CTOpA,12823,20.31,20.2,20.31,20.11,1712289600000000000,77
CTOS,1010566,5.76,5.79,5.845,5.75,1712289600000000000,5906
CTR,5983,42.39,42.315,42.43,41.95,1712289600000000000,58
CTRA,9924814,28.34,28.32,28.4,27.94,1712289600000000000,64099
CTRE,814172,24.02,24.52,24.615,24.02,1712289600000000000,8252
CTRM,43441,3.65,3.66,3.71,3.6,1712289600000000000,531
CTRN,73369,25.35,25.08,25.77,24.5301,1712289600000000000,1882
CTS,90345,44.24,44.8,45.01,44.24,1712289600000000000,2165
CTSH,5175813,71.5,71.13,71.75,71.07,1712289600000000000,31333
CTSO,165854,0.9307,1.01,1.02,0.9307,1712289600000000000,490
CTV,112612,2.27,2.26,2.38,2.25,1712289600000000000,1527
CTVA,2267412,56.87,56.85,57.05,56.2633,1712289600000000000,25260
CTXR,922146,0.937,0.9994,1.03,0.9,1712289600000000000,2765
CUBA,21615,2.55,2.57,2.59,2.55,1712289600000000000,114
CUBB,787,19.55,19.64,19.64,19.55,1712289600000000000,4
CUBE,899232,44.73,45.14,45.195,44.41,1712289600000000000,11065
CUBI,162234,49.66,50.43,50.43,49.5755,1712289600000000000,3585
CUBIpE,2817,25.35,25.4,25.4399,25.35,1712289600000000000,27
CUBIpF,2200,25.26,25.2501,25.3371,25.25,1712289600000000000,10
CUE,220401,1.8,1.85,1.85,1.75,1712289600000000000,1048
CUK,2362900,13.58,13.66,13.72,13.43,1712289600000000000,12393
CULP,21520,4.44,4.48,4.56,4.4,1712289600000000000,201
CURE,28992,110.64,113.94,114.75,110.1867,1712289600000000000,818
CURI,197209,0.99,1.03,1.04,0.971,1712289600000000000,782
CURIW,622,0.0175,0.0161,0.0175,0.0161,1712289600000000000,7
CURV,73785,4.71,4.54,4.9399,4.46,1712289600000000000,721
CUT,14038,33.72,33.7354,33.82,33.41,1712289600000000000,114
CUTR,2102259,1.47,1.56,1.73,1.4287,1712289600000000000,9644
CUZ,987638,22.43,22.56,22.715,22.39,1712289600000000000,9973
CVAC,778651,2.97,3.06,3.155,2.93,1712289600000000000,4951
CVAR,2854,25.38,25.4427,25.4427,25.38,1712289600000000000,3
CVBF,509021,16.7,16.76,16.9,16.63,1712289600000000000,7779
CVCO,37710,374.43,380.41,382.47,374.43,1712289600000000000,2108
CVE,6822151,21.11,21.38,21.46,20.93,1712289600000000000,30838
CVE.WS,14370,16.21,16.43,16.6,16.21,1712289600000000000,38
CVEO,41712,26.9,27.04,27.5,26.87,1712289600000000000,795
CVGI,73723,6.36,6.35,6.4,6.285,1712289600000000000,977
CVGW,89814,25.53,25.58,25.63,25.28,1712289600000000000,2579
CVI,551006,37.82,37.57,38.02,37.19,1712289600000000000,8419
CVIE,1782,56.22,56.3264,56.3264,56.22,1712289600000000000,26
CVIIU,310,10.58,10.58,10.58,10.58,1712289600000000000,10
CVIIW,1990,0.28,0.27,0.2999,0.27,1712289600000000000,10
CVKD,125130,0.589,0.559,0.608,0.5199,1712289600000000000,234
CVLC,10860,64.15,64.6673,64.84,64.15,1712289600000000000,87
CVLG,70807,45.77,46,46.27,45.22,1712289600000000000,2370
CVLT,320139,99.5,100.2,100.825,98.38,1712289600000000000,5679
CVLY,12310,22,21.85,22,21.81,1712289600000000000,420
CVM,171590,1.82,1.77,1.82,1.685,1712289600000000000,1186
CVMC,578,56.6249,56.6049,56.6249,56.55,1712289600000000000,12
CVNA,2175784,81.32,83.84,84.6,80.91,1712289600000000000,33831
CVRD,77,19.7822,19.7822,19.7822,19.7822,1712289600000000000,7
CVRT,1224,27.37,27.27,27.48,27.27,1712289600000000000,17
CVRX,98979,17.42,17.68,17.89,17.15,1712289600000000000,2375
CVS,6366618,74.06,74.58,75.12,73.7,1712289600000000000,60790
CVSB,11094,50.35,50.4,50.51,50.34,1712289600000000000,66
CVSE,30,62.7166,62.7166,62.7166,62.7166,1712289600000000000,7
CVU,4983,2.35,2.33,2.37,2.32,1712289600000000000,52
CVV,10102,5.9,5.99,5.99,5.75,1712289600000000000,112
CVX,7432807,161.33,161.6,162.17,159.86,1712289600000000000,101008
CVY,9566,25.71,25.83,25.83,25.67,1712289600000000000,156
CW,386962,255.5,259.13,259.48,254.84,1712289600000000000,5186
CWAN,678931,17.11,17.1,17.23,16.98,1712289600000000000,7993
CWB,547895,72.04,72.04,72.32,71.96,1712289600000000000,4091
CWBC,48709,18.41,18.43,18.91,17.93,1712289600000000000,952
CWCO,160121,25.52,26.09,26.29,25.29,1712289600000000000,3313
CWD,2560,1.01,0.96,1.01,0.95,1712289600000000000,45
CWEB,119768,30.39,30.51,30.7,30.15,1712289600000000000,1360
CWEN,830883,23.22,23.47,23.59,23.08,1712289600000000000,10132
CWEN.A,236191,21.71,21.86,22.04,21.57,1712289600000000000,4232
CWH,620945,25.76,25.73,26.06,25.58,1712289600000000000,9604
CWI,183981,28.14,28.23,28.29,28.055,1712289600000000000,1116
CWK,2366871,10.22,10.7,10.7,10.2,1712289600000000000,12620
CWS,12853,62.9,62.67,63.03,62.2169,1712289600000000000,179
CWST,215375,93.58,94.49,94.955,93.58,1712289600000000000,4797
CWT,302119,45.75,45.76,45.92,44.76,1712289600000000000,5436
CX,6475263,8.84,8.8,8.95,8.76,1712289600000000000,23118
CXAI,7420872,4.61,4.95,5.4,4.61,1712289600000000000,30044
CXAIW,884462,0.41,0.43,0.47,0.3522,1712289600000000000,958
CXDO,92702,5.23,5.29,5.4,5.08,1712289600000000000,1128
CXE,58206,3.53,3.535,3.55,3.51,1712289600000000000,65
CXH,16123,7.51,7.4652,7.51,7.4652,1712289600000000000,55
CXM,1508943,12.05,12.12,12.2,12.01,1712289600000000000,14913
CXSE,15898,26.44,26.43,26.505,26.37,1712289600000000000,217
CXT,344955,57.45,57.71,58.145,57.45,1712289600000000000,4597
CXW,902746,15.29,15.62,15.94,15.29,1712289600000000000,8175
CYBN,2644221,0.4254,0.4151,0.4275,0.415,1712289600000000000,2438
CYBR,348713,256.7,257.51,260.63,256.56,1712289600000000000,12123
CYCC,17941,2.21,2.1,2.21,2.03,1712289600000000000,154
CYCN,507,3.3,3.3,3.3,3.3,1712289600000000000,18
CYD,9501,8.45,8.41,8.45,8.35,1712289600000000000,110
CYH,1171556,3.06,3.18,3.26,3.06,1712289600000000000,6858
CYN,1478581,0.1648,0.156,0.1648,0.155,1712289600000000000,2039
CYRX,369779,18.38,18.21,18.44,17.96,1712289600000000000,6287
CYTH,53893,1.3714,1.33,1.3714,1.29,1712289600000000000,220
CYTK,1007285,69.21,72.71,73.21,68.43,1712289600000000000,16791
CYTO,80126,2.09,1.95,2.09,1.86,1712289600000000000,715
CZA,2066,99.6,100.2003,100.28,99.6,1712289600000000000,39
CZAR,954,27.25,27.36,27.43,27.25,1712289600000000000,11
CZFS,1249,47.15,47.3,47.84,47.15,1712289600000000000,89
CZNC,9011,18.01,17.72,18.08,17.625,1712289600000000000,211
CZOO,2731460,16.4,11.55,18.01,9.6,1712289600000000000,25555
CZR,2279389,42.23,42.91,43.16,42,1712289600000000000,26540
CZWI,6712,11.85,11.73,11.86,11.61,1712289600000000000,144
D,3825858,48.46,48.57,48.79,47.96,1712289600000000000,39254
DAC,62772,74,73.9,74.07,73.4,1712289600000000000,1744
DADA,825798,1.96,1.98,2.02,1.94,1712289600000000000,3324
DAIO,17100,3.6,3.7,3.745,3.6,1712289600000000000,225
DAKT,471784,10.04,10.28,10.3,10.04,1712289600000000000,5978
DAL,7632863,45.99,46.06,46.46,45.45,1712289600000000000,72466
DALI,38028,23.519,23.68,23.73,23.51,1712289600000000000,247
DALN,4022,3.8097,3.815,3.85,3.7999,1712289600000000000,93
DALT,7176,8.94,9.0201,9.03,8.94,1712289600000000000,41
DAN,966339,12.36,12.58,12.64,12.36,1712289600000000000,10430
DAO,43482,4,4.01,4.17,3.97,1712289600000000000,438
DAPP,256283,10.17,10.13,10.43,10.061,1712289600000000000,1411
DAPR,48123,33.35,33.31,33.38,33.3001,1712289600000000000,105
DAR,1928530,44.85,44.64,45.2,44.13,1712289600000000000,24680
DARE,306564,0.51,0.4912,0.51,0.472,1712289600000000000,372
DARP,66,29.6922,29.6922,29.6922,29.6922,1712289600000000000,10
DASH,2534460,135.69,139.56,139.75,134.69,1712289600000000000,35508
DAT,640,36.285,36.0675,36.6799,36.0675,1712289600000000000,30
DATS,28479,1.38,1.4899,1.5499,1.3796,1712289600000000000,163
DATSW,22827,0.0511,0.073,0.0864,0.051,1712289600000000000,385
DAUG,538891,36.87,36.89,36.9668,36.87,1712289600000000000,126
DAVA,441534,34.5,34.12,34.9149,34.01,1712289600000000000,7159
DAVE,100138,38,37.68,38.53,37.3,1712289600000000000,2795
DAVEW,400,0.0499,0.0499,0.0499,0.0499,1712289600000000000,1
DAWN,516258,14.02,14.57,14.74,13.76,1712289600000000000,7221
DAX,5473,32.85,32.87,32.99,32.8039,1712289600000000000,87
DAY,2255229,64.21,61.04,64.34,61.01,1712289600000000000,26982
DB,2459709,15.9,15.94,16.04,15.85,1712289600000000000,9134
DBA,360954,24.81,25.08,25.09,24.79,1712289600000000000,2116
DBAW,14757,32.51,32.6091,32.6448,32.5,1712289600000000000,84
DBB,96024,18.97,19.05,19.055,18.93,1712289600000000000,993
DBC,1313722,23.74,23.75,23.885,23.685,1712289600000000000,7525
DBD,227762,33.49,33.44,33.88,33.23,1712289600000000000,2229
DBE,20595,21.58,21.51,21.69,21.505,1712289600000000000,226
DBEF,566065,40.34,40.4,40.475,40.25,1712289600000000000,2958
DBEH,455,26.99,27.0023,27.0023,26.99,1712289600000000000,7
DBEM,5887,23.875,24.0253,24.08,23.8,1712289600000000000,66
DBEU,19002,40.45,40.51,40.5901,40.41,1712289600000000000,227
DBEZ,754,45.52,45.556,45.622,45.52,1712289600000000000,6
DBGI,88154,4.16,4.27,4.32,3.99,1712289600000000000,529
DBI,819737,9.91,10.06,10.19,9.91,1712289600000000000,10204
DBJP,10698,73.44,73.52,73.66,73.3,1712289600000000000,113
DBL,37603,15.28,15.22,15.3,15.2,1712289600000000000,165
DBMF,353148,28.78,28.96,29.03,28.725,1712289600000000000,1648
DBND,39762,45.32,45.26,45.4,45.26,1712289600000000000,173
DBO,341381,16.13,16.07,16.215,16.051,1712289600000000000,2146
DBP,5418,55.79,56.5188,56.69,55.79,1712289600000000000,119
DBRG,1042000,18.2,18.42,18.55,18.04,1712289600000000000,11277
DBRGpH,9685,24.1,24.14,24.2899,24.1,1712289600000000000,105
DBRGpI,10343,24.09,23.95,24.09,23.9,1712289600000000000,112
DBRGpJ,10971,24.07,23.93,24.1,23.875,1712289600000000000,108
DBVT,79676,0.6661,0.77,0.7894,0.6661,1712289600000000000,357
DBX,2939669,23.25,23.27,23.46,23.155,1712289600000000000,30062
DC,329008,2.48,2.76,2.8,2.42,1712289600000000000,2039
DC.WS,17995,0.8,0.866,0.866,0.75,1712289600000000000,53
DCBO,59214,47.53,47.91,48.32,47.45,1712289600000000000,1333
DCF,29645,8.56,8.61,8.74,8.56,1712289600000000000,129
DCFC,35871,7.27,6.69,7.48,6.6,1712289600000000000,4029
DCFCW,14041,0.0468,0.044,0.0468,0.032,1712289600000000000,19
DCGO,339643,3.77,3.81,3.855,3.715,1712289600000000000,4114
DCI,532466,74.39,74.48,74.78,73.96,1712289600000000000,8466
DCMT,2850,26.65,26.73,26.81,26.65,1712289600000000000,44
DCO,40166,48.34,48.58,48.69,48.25,1712289600000000000,1102
DCOM,187170,17.89,18.38,18.42,17.71,1712289600000000000,2948
DCOMP,4990,17.73,17.74,17.74,17.4416,1712289600000000000,16
DCOR,43723,57.53,57.98,58.13,57.53,1712289600000000000,169
DCPH,310738,15.03,15.34,15.565,14.92,1712289600000000000,5101
DCRE,253855,51.06,51.115,51.16,51.05,1712289600000000000,171
DCTH,164322,4.99,5,5.11,4.94,1712289600000000000,1154
DD,2221662,75.88,75.53,75.91,74.92,1712289600000000000,31211
DDC,2585,1.44,1.4,1.48,1.3944,1712289600000000000,77
DDD,943205,4.07,4.01,4.1,3.98,1712289600000000000,6549
DDEC,12283,37.28,37.3,37.33,37.2007,1712289600000000000,61
DDI,239163,8.88,9.585,9.79,8.5632,1712289600000000000,1358
DDIV,1679,33.8701,33.81,33.871,33.78,1712289600000000000,48
DDL,63773,1.29,1.28,1.31,1.26,1712289600000000000,381
DDLS,23014,34.04,34.06,34.0989,33.9,1712289600000000000,100
DDM,233656,81.97,83.05,83.7,81.89,1712289600000000000,2200
DDOG,2528608,121.04,124.4,125.73,119.8,1712289600000000000,43007
DDS,99883,415.9,426.45,428.59,415,1712289600000000000,5115
DDT,2533,26,26.03,26.1299,26,1712289600000000000,45
DDWM,7871,33.73,33.8593,33.88,33.73,1712289600000000000,87
DE,994476,408.65,412.54,413.15,406.01,1712289600000000000,28721
DEA,602159,11.25,11.33,11.44,11.215,1712289600000000000,4934
DEC,149691,12.61,12.86,12.97,12.42,1712289600000000000,2033
DECA,60976,8.76,8.18,8.97,7.89,1712289600000000000,454
DECK,290430,886.59,879.89,891.31,873.76,1712289600000000000,14066
DECT,7897,29.92,29.9864,30.04,29.92,1712289600000000000,54
DECW,1629,28.92,28.9631,28.9631,28.92,1712289600000000000,14
DECZ,3002,34.0701,34.138,34.19,34.02,1712289600000000000,28
DEED,28588,20.4799,20.52,20.57,20.4799,1712289600000000000,137
DEEF,866,29.3533,29.35,29.3533,29.32,1712289600000000000,13
DEEP,2953,34.77,34.9132,34.9132,34.73,1712289600000000000,41
DEFI,2280,77.25,77.4461,78.255,77.06,1712289600000000000,191
DEHP,17760,24.94,25.03,25.07,24.92,1712289600000000000,169
DEI,903315,12.97,13.12,13.195,12.97,1712289600000000000,8848
DELL,10813487,128,132.72,132.92,123.51,1712289600000000000,110749
DEM,235733,42.04,42.21,42.25,42,1712289600000000000,1568
DEMZ,1907,32.59,32.6319,32.72,32.4968,1712289600000000000,43
DENN,457426,8.44,8.44,8.5,8.35,1712289600000000000,6322
DEO,534546,145.52,144.44,145.55,144.245,1712289600000000000,11872
DERM,313142,4.26,3.68,4.315,3.61,1712289600000000000,1487
DES,68686,31.69,31.82,31.95,31.6501,1712289600000000000,444
DESK,39,35.5655,35.5655,35.5655,35.5655,1712289600000000000,10
DESP,509990,11.59,11.83,11.84,11.47,1712289600000000000,5447
DEUS,8411,51.1679,51.41,51.52,51.16,1712289600000000000,55
DEW,2353,49.95,50.1706,50.1706,49.92,1712289600000000000,56
DFAC,1503266,31.33,31.55,31.655,31.3,1712289600000000000,3077
DFAE,657313,24.82,24.89,24.93,24.755,1712289600000000000,2395
DFAI,846624,29.84,29.99,30.045,29.7863,1712289600000000000,2002
DFAR,212796,21.52,21.67,21.725,21.475,1712289600000000000,1032
DFAS,213132,60.43,60.78,61,60.32,1712289600000000000,1278
DFAT,220086,52.91,53.21,53.4375,52.91,1712289600000000000,1234
DFAU,370738,35.86,36.16,36.28,35.86,1712289600000000000,1214
DFAW,40988,58.15,58.58,58.7189,58.12,1712289600000000000,279
DFAX,376933,25.36,25.45,25.49,25.295,1712289600000000000,1101
DFCA,5450,50.23,50.2253,50.24,50.18,1712289600000000000,43
DFCF,415862,41.6,41.62,41.72,41.6,1712289600000000000,1767
DFE,9615,59.35,59.6691,59.75,59.35,1712289600000000000,79
DFEB,44049,38.88,38.99,39.03,38.8759,1712289600000000000,40
DFEM,1039332,25.64,25.67,25.73,25.565,1712289600000000000,1859
DFEN,229266,25.7,26.25,26.28,25.6001,1712289600000000000,2408
DFEV,67655,26.24,26.3,26.3499,26.18,1712289600000000000,421
DFGP,51260,52.98,52.975,53.065,52.96,1712289600000000000,272
DFGR,295492,24.7,24.82,24.875,24.6163,1712289600000000000,1570
DFGX,11478,52.72,52.75,52.84,52.72,1712289600000000000,95
DFH,571201,42.13,42.92,43.71,42.13,1712289600000000000,7734
DFHY,2411,20.95,20.9857,21.02,20.95,1712289600000000000,27
DFIC,685569,26.51,26.665,26.7199,26.4823,1712289600000000000,2274
DFIN,115227,60.6,60.98,61.17,60.53,1712289600000000000,2529
DFIP,40383,41.02,40.98,41.055,40.98,1712289600000000000,233
DFIS,1792947,24.79,24.95,25,24.79,1712289600000000000,585
DFIV,1314080,36.82,36.93,37.02,36.68,1712289600000000000,2951
DFJ,6484,76.3412,76.4126,76.5,76.1595,1712289600000000000,117
DFLI,149100,0.475,0.495,0.5,0.475,1712289600000000000,529
DFLV,214231,29.53,29.75,29.839,29.52,1712289600000000000,580
DFND,504,39.3567,40.4102,40.4102,39.3567,1712289600000000000,7
DFNL,4672,32.63,32.6764,32.75,32.49,1712289600000000000,30
DFNM,58638,47.8,47.855,47.88,47.8,1712289600000000000,282
DFNV,8310,30.2,30.3,30.39,30.195,1712289600000000000,148
DFP,41284,18.85,18.74,18.86,18.72,1712289600000000000,354
DFRA,24693,30.7,30.9713,31.0099,30.7,1712289600000000000,35
DFS,976174,125.08,125.86,126.47,124.68,1712289600000000000,17428
DFSB,16764,51.33,51.27,51.3699,51.27,1712289600000000000,159
DFSD,334053,47,46.985,47.015,46.98,1712289600000000000,1790
DFSE,29014,32.3499,32.43,32.47,32.3467,1712289600000000000,114
DFSI,51491,33.205,33.3242,33.37,33.125,1712289600000000000,144
DFSU,111495,33.63,33.91,34,33.63,1712289600000000000,275
DFSV,452710,29.3,29.37,29.48,29.19,1712289600000000000,2271
DFUS,220828,56.04,56.47,56.67,56.0194,1712289600000000000,1055
DFUV,214572,40.19,40.48,40.585,40.1475,1712289600000000000,966
DFVE,249,27.0999,27.0797,27.0999,27.0797,1712289600000000000,14
DFVX,8127,62.03,62.4188,62.5033,62.03,1712289600000000000,33
DG,2614637,159.25,159.55,161.99,158.45,1712289600000000000,39558
DGCB,15393,52.64,52.59,52.691,52.59,1712289600000000000,117
DGHI,62948,1.4563,1.45,1.5,1.32,1712289600000000000,292
DGICA,33990,13.93,13.77,13.93,13.6601,1712289600000000000,754
DGICB,5838,13.8,12.821,13.8,12.821,1712289600000000000,53
DGII,83511,30.45,30.89,31.06,30.19,1712289600000000000,2359
DGIN,2283,38.68,38.85,38.85,38.68,1712289600000000000,41
DGLY,33090,2.29,2.435,2.53,2.29,1712289600000000000,206
DGP,10269,52.86,54.1832,54.545,52.86,1712289600000000000,142
DGRE,11664,25.61,25.82,25.86,25.56,1712289600000000000,71
DGRO,1587712,56.82,57.13,57.32,56.7501,1712289600000000000,10590
DGRS,21989,48.19,48.35,48.569,48.19,1712289600000000000,156
DGRW,406542,74.35,74.86,75.12,74.35,1712289600000000000,3898
DGS,443465,51.04,51.29,51.361,51.04,1712289600000000000,2939
DGT,4479,126.59,127.2627,127.4954,126.5339,1712289600000000000,87
DGX,691495,130.25,130.63,131.15,129.11,1712289600000000000,17271
DGZ,960,9.29,9.185,9.29,9.185,1712289600000000000,3
DH,277157,7.94,7.92,8.09,7.87,1712289600000000000,4201
DHAC,27494,11.99,12.12,12.5,11.75,1712289600000000000,184
DHACW,50165,0.1501,0.1501,0.1501,0.1501,1712289600000000000,8
DHAI,119329,1.14,1.1,1.16,1.1,1712289600000000000,412
DHAIW,370,0.029,0.029,0.029,0.029,1712289600000000000,3
DHC,657103,2.48,2.59,2.635,2.48,1712289600000000000,4010
DHCNI,9725,14.79,15.1,15.1,14.79,1712289600000000000,93
DHCNL,4423,15.555,15.74,15.85,15.555,1712289600000000000,78
DHF,474717,2.37,2.36,2.375,2.35,1712289600000000000,913
DHI,1640042,156.13,158.52,158.665,155.735,1712289600000000000,27706
DHIL,11998,148.26,149.46,150.75,148.26,1712289600000000000,711
DHR,2280852,242.13,244.28,246.1,242.04,1712289600000000000,42069
DHS,56555,85.01,85.15,85.395,84.49,1712289600000000000,824
DHT,947498,11.87,11.64,11.92,11.64,1712289600000000000,8271
DHX,227247,2.51,2.39,2.52,2.365,1712289600000000000,2063
DHY,391957,2.02,2.03,2.04,2.02,1712289600000000000,1499
DIA,4423450,386.35,388.86,390.45,386.08,1712289600000000000,61066
DIAL,22080,17.61,17.61,17.62,17.5811,1712289600000000000,123
DIAX,63657,14.07,14.15,14.2,14.02,1712289600000000000,343
DIBS,61443,5.94,5.9,5.98,5.8139,1712289600000000000,947
DIEM,241,25.7704,25.7704,25.7704,25.7704,1712289600000000000,10
DIG,195731,48.95,49.43,49.8,48.25,1712289600000000000,1617
DIHP,358660,26.54,26.67,26.72,26.5,1712289600000000000,1233
DIM,5758,62.12,62.3505,62.39,62.1,1712289600000000000,44
DIN,501407,44,43.22,44.2651,43.08,1712289600000000000,8628
DINO,1360759,63.71,63.71,64.1599,62.77,1712289600000000000,19445
DINT,6934,19.57,19.5925,19.605,19.51,1712289600000000000,22
DIOD,269253,68.1,67.89,68.68,67.85,1712289600000000000,5122
DIP,204,28.05,28.0854,28.0854,28.05,1712289600000000000,5
DIS,9653915,116.6,118.38,118.86,116.3,1712289600000000000,111608
DISO,6610,20.87,21.1468,21.22,20.87,1712289600000000000,185
DISV,429701,27.14,27.3,27.37,27.125,1712289600000000000,2001
DIT,127,175.75,176.69,176.69,167.32,1712289600000000000,33
DIV,106292,17.2,17.13,17.2,17.0438,1712289600000000000,1036
DIVB,72556,43.53,43.82,43.9401,43.48,1712289600000000000,679
DIVD,206,33.0803,33.1505,33.1505,33.08,1712289600000000000,5
DIVG,1345,28.03,28.1978,28.1978,28.03,1712289600000000000,19
DIVI,137694,31.74,31.8,31.8785,31.61,1712289600000000000,592
DIVL,6663,20.64,20.76,20.81,20.64,1712289600000000000,87
DIVO,178147,38.34,38.55,38.6,38.28,1712289600000000000,1637
DIVP,3700,25.6,25.7789,25.7789,25.59,1712289600000000000,22
DIVS,323,26.9101,26.9359,26.9359,26.9101,1712289600000000000,11
DIVY,7640,26.46,26.4822,26.69,26.34,1712289600000000000,71
DIVZ,50236,29.51,29.7087,29.75,29.46,1712289600000000000,87
DJAN,14673,35.84,35.91,35.99,35.84,1712289600000000000,75
DJCB,1007,21.03,21.15,21.27,21.01,1712289600000000000,13
DJCO,14829,366.87,370.95,372.1,364,1712289600000000000,697
DJD,18785,47.11,47.3,47.4752,47.005,1712289600000000000,250
DJIA,19122,22.55,22.57,22.68,22.5,1712289600000000000,219
DJP,32901,32.2,32.3553,32.5,32.18,1712289600000000000,215
DJT,5753235,44.8,40.59,45.74,40,1712289600000000000,75791
DJTWW,577446,16.3,13.8,16.415,13.275,1712289600000000000,3541
DJUL,9576,38.45,38.52,38.6199,38.45,1712289600000000000,67
DJUN,1517,39.9114,39.9196,39.98,39.9114,1712289600000000000,17
DK,1237401,33.1,33.39,33.6,32.6705,1712289600000000000,15261
DKL,97917,39.79,39.73,40.025,39.4756,1712289600000000000,1140
DKNG,12985260,45.31,47.2,47.3419,45.0532,1712289600000000000,98043
DKS,1699591,210.07,208.75,212.94,208.44,1712289600000000000,28376
DLA,20209,2.73,2.75,2.82,2.71,1712289600000000000,141
DLB,224006,82.23,82.51,82.86,82.09,1712289600000000000,5797
DLHC,19086,13.14,13.04,13.4,13.04,1712289600000000000,412
DLN,129726,70.6,71.05,71.29,70.57,1712289600000000000,1080
DLNG,45508,2.91,3.04,3.07,2.91,1712289600000000000,161
DLNGpA,1169,25.44,25.39,25.44,25.36,1712289600000000000,14
DLNGpB,2205,25.85,25.79,25.85,25.75,1712289600000000000,24
DLO,726068,15.79,16.25,16.489,15.79,1712289600000000000,8306
DLPN,245018,1.18,1.15,1.18,1.03,1712289600000000000,555
DLR,1139526,139.78,142.6,143.17,139.26,1712289600000000000,23769
DLRpJ,2499,21.9,21.84,21.99,21.8,1712289600000000000,34
DLRpK,8566,23.67,23.7,23.7699,23.65,1712289600000000000,123
DLRpL,26434,21.7,21.68,21.86,21.62,1712289600000000000,255
DLS,21880,64.45,64.69,64.8071,64.35,1712289600000000000,283
DLTH,37877,4.9,4.88,4.95,4.86,1712289600000000000,490
DLTR,4408690,129.76,130.71,131.52,128.8125,1712289600000000000,41647
DLX,131179,19.78,19.77,20.02,19.58,1712289600000000000,3217
DLY,90611,15.85,15.94,15.96,15.85,1712289600000000000,471
DM,1767053,0.9601,0.9317,0.9796,0.911,1712289600000000000,4234
DMA,16780,7.49,7.48,7.6181,7.34,1712289600000000000,80
DMAC,118472,2.95,2.98,3.2,2.87,1712289600000000000,727
DMAR,647906,34.6,34.75,34.8,34.6,1712289600000000000,178
DMAT,2176,15.72,15.9346,15.9346,15.72,1712289600000000000,42
DMAY,4952,37.25,37.28,37.28,37.25,1712289600000000000,17
DMB,79845,10.15,10.16,10.1998,10.15,1712289600000000000,259
DMBS,269005,48.125,48.07,48.198,48.0465,1712289600000000000,253
DMCY,689,25.47,25.5752,25.5752,25.44,1712289600000000000,8
DMDV,249,22.4447,22.4783,22.51,22.4447,1712289600000000000,4
DMF,14341,6.72,6.715,6.72,6.7,1712289600000000000,72
DMLP,77353,35.26,34.93,35.5899,34.4806,1712289600000000000,839
DMO,41585,11.84,11.83,11.93,11.83,1712289600000000000,277
DMRC,184424,24.5,24.49,25,23.84,1712289600000000000,4071
DMTK,310540,0.6302,0.62,0.64,0.61,1712289600000000000,837
DMXF,17972,67.18,67.43,67.649,67.14,1712289600000000000,265
DNA,16113045,1.06,1.08,1.1,1.05,1712289600000000000,20505
DNA.WS,20697,0.0757,0.0801,0.09,0.075,1712289600000000000,33
DNB,3011276,9.51,9.49,9.55,9.39,1712289600000000000,20371
DNL,45377,38.66,38.86,38.9339,38.6,1712289600000000000,324
DNLI,770353,18.9,19.39,19.42,18.28,1712289600000000000,10321
DNMR,529665,1.09,1.05,1.0995,1.03,1712289600000000000,2121
DNN,16648715,2.12,2.14,2.22,2.1,1712289600000000000,15986
DNOV,2944,40.2677,40.23,40.33,40.23,1712289600000000000,13
DNOW,661042,14.98,15.16,15.165,14.885,1712289600000000000,8186
DNP,418564,9.02,8.97,9.04,8.95,1712289600000000000,1209
DNTH,64630,24.48,25.09,25.98,24.48,1712289600000000000,1361
DNUT,12004045,15.21,15.33,16.048,14.84,1712289600000000000,67664
DO,1554519,14.16,14.58,14.65,14.03,1712289600000000000,13094
DOC,8805348,18.19,18.63,18.63,18.165,1712289600000000000,30974
DOCN,814106,36.63,37.32,37.64,36.63,1712289600000000000,10581
DOCS,1059300,25.54,25.81,25.94,25.495,1712289600000000000,12619
DOCT,1127,37.605,37.5803,37.605,37.54,1712289600000000000,16
DOCU,1355318,58.5,59.47,59.57,58.26,1712289600000000000,19770
DOG,1766043,29.2,28.99,29.2101,28.885,1712289600000000000,5619
DOGG,15790,20.74,20.88,20.91,20.71,1712289600000000000,106
DOGZ,513959,9.63,8.05,13.9775,7.49,1712289600000000000,4468
DOL,39476,51.05,51.2589,51.32,51.02,1712289600000000000,241
DOLE,262831,11.56,11.7,11.71,11.55,1712289600000000000,4616
DOMA,58759,6.06,6.05,6.1,6.05,1712289600000000000,298
DOMH,63751,2.78,3.14,3.2,2.78,1712289600000000000,341
DOMO,205955,8.82,8.84,9.12,8.8,1712289600000000000,3624
DON,110126,47.68,47.91,48.0599,47.59,1712289600000000000,1087
DOOO,244215,71.62,72.71,74.23,70.5,1712289600000000000,3774
DOOR,487150,131.1,130.75,131.26,130.63,1712289600000000000,6100
DORM,81757,95.39,96.37,96.9475,95.39,1712289600000000000,2670
DOUG,516567,1.61,1.6,1.66,1.57,1712289600000000000,4216
DOV,828393,173.62,175.84,176.42,173.01,1712289600000000000,17534
DOW,3862415,59.99,59.69,59.99,59.09,1712289600000000000,41736
DOX,405756,88.21,87.83,88.835,87.39,1712289600000000000,8681
DOYU,92229,7.53,7.83,7.95,7.51,1712289600000000000,989
DPCS,302,11.09,11.09,11.09,11.09,1712289600000000000,3
DPG,147200,9.48,9.36,9.48,9.32,1712289600000000000,828
DPRO,858644,0.247,0.2207,0.247,0.214,1712289600000000000,1078
DPSI,3381,8.9721,9.0865,9.1,8.885,1712289600000000000,58
DPST,1431614,68.8,69.85,70.7599,68.12,1712289600000000000,12383
DPZ,696398,485,493.2,494.955,485,1712289600000000000,20584
DQ,507554,26.83,27.04,27.26,26.32,1712289600000000000,7898
DRCT,110472,12.25,12.61,13.07,12.15,1712289600000000000,2085
DRD,508111,8.6,8.87,8.9069,8.5,1712289600000000000,4253
DRH,918951,9.36,9.44,9.465,9.34,1712289600000000000,6690
DRHpA,2467,25.42,25.36,25.42,25.36,1712289600000000000,59
DRI,1467803,158.1,156.35,158.16,156.25,1712289600000000000,29481
DRIO,90248,1.39,1.35,1.422,1.3201,1712289600000000000,682
DRIP,1380279,8.1,8.03,8.26,7.98,1712289600000000000,4654
DRIV,187917,24.13,24.26,24.33,24.0475,1712289600000000000,1741
DRLL,25610,32.25,32.49,32.57,32.1,1712289600000000000,329
DRMA,55082,0.41,0.41505,0.4399,0.41,1712289600000000000,199
DRMAW,22181,0.014,0.014,0.014,0.014,1712289600000000000,2
DRN,696500,8.8,9.01,9.07,8.7,1712289600000000000,3728
DRQ,181498,23.44,23.2,23.75,23.14,1712289600000000000,3127
DRRX,214838,1.03,0.9317,1.05,0.9317,1712289600000000000,730
DRS,750720,20.62,20.9,21.097,20.54,1712289600000000000,7232
DRSK,35974,26.34,26.46,26.4701,26.34,1712289600000000000,160
DRTS,4232,2.92,2.8999,2.92,2.87,1712289600000000000,62
DRTSW,204,0.2619,0.2619,0.2619,0.2619,1712289600000000000,3
DRUG,30651,1.25,1.17,1.3,1.11,1712289600000000000,140
DRUP,2067,49.575,50.07,50.1801,49.575,1712289600000000000,26
DRV,153443,39.05,38.33,39.56,37.97,1712289600000000000,1619
DRVN,951494,14.79,14.9,14.96,14.64,1712289600000000000,11723
DSAQ,718,11.12,11.06,11.12,11.06,1712289600000000000,11
DSCF,100,22.3101,22.2966,22.3101,22.2966,1712289600000000000,1
DSEP,1,38.0647,38.0647,38.0647,38.0647,1712289600000000000,1
DSGN,428417,3.52,3.76,3.835,3.48,1712289600000000000,3084
DSGR,204681,35.54,35.55,36.37,35.45,1712289600000000000,2282
DSGX,98736,89.58,89.71,90.3,88.97,1712289600000000000,2399
DSI,234123,98.51,99.24,99.68,98.51,1712289600000000000,1283
DSL,308511,12.65,12.58,12.705,12.57,1712289600000000000,1734
DSM,129635,5.75,5.72,5.755,5.72,1712289600000000000,599
DSMC,8577,36.16,36.34,36.47,36.16,1712289600000000000,67
DSP,162224,10.88,11,11.0637,10.67,1712289600000000000,2812
DSS,1920,1.84,1.877,1.877,1.84,1712289600000000000,66
DSTL,437732,52.41,52.75,52.91,52.41,1712289600000000000,1307
DSTX,575,24.3246,24.2874,24.3399,24.2874,1712289600000000000,2
DSU,149954,10.88,10.81,10.9399,10.8,1712289600000000000,930
DSWL,2374,2.2029,2.24,2.24,2.2,1712289600000000000,71
DSX,294083,2.94,2.95,2.96,2.925,1712289600000000000,2637
DSXpB,803,26.88,26.7,26.88,26.7,1712289600000000000,6
DSX.WS,13289,0.49,0.4901,0.5401,0.49,1712289600000000000,83
DT,2923776,45.74,45.98,46.52,45.6,1712289600000000000,33724
DTB,18374,20.3,20.46,20.6,20.28,1712289600000000000,201
DTC,511690,1.92,1.91,1.95,1.895,1712289600000000000,3151
DTCK,23149,1.065,1.06,1.1075,1.06,1712289600000000000,127
DTCR,42101,15.21,15.11,15.21,15.03,1712289600000000000,168
DTD,22759,69.2,69.64,69.7799,69.125,1712289600000000000,246
DTE,1106082,108.77,109.1,109.74,108.35,1712289600000000000,20762
DTEC,6678,40.76,41.106,41.15,40.76,1712289600000000000,95
DTF,9420,10.77,10.695,10.77,10.6799,1712289600000000000,46
DTG,23858,20.54,20.41,20.59,20.32,1712289600000000000,226
DTH,27159,39.43,39.56,39.592,39.3419,1712289600000000000,154
DTI,75869,4.34,4.68,4.7,4.13,1712289600000000000,782
DTIL,65595,14.28,14.27,14.9299,14.0001,1712289600000000000,833
DTM,692744,63.5,62.75,63.5,62.16,1712289600000000000,12548
DTRE,401,40.11,40.1895,40.1895,40.11,1712289600000000000,8
DTSS,112644,9.22,8.39,9.22,8.1,1712289600000000000,1949
DTST,170249,6.09,5.84,6.36,5.72,1712289600000000000,1464
DTSTW,5600,0.6915,0.7759,0.7759,0.6915,1712289600000000000,7
DTW,11672,24.74,24.78,24.9,24.74,1712289600000000000,187
DUBS,14258,28.73,29.11,29.16,28.73,1712289600000000000,69
DUG,145015,8.57,8.44,8.6533,8.38,1712289600000000000,674
DUHP,648151,30.98,31.2,31.28,30.96,1712289600000000000,2105
DUK,2525332,95.72,95.91,96.2,95.16,1712289600000000000,36738
DUKpA,25398,25.1,25.165,25.24,25.05,1712289600000000000,239
DUKB,10034,24.7,24.74,24.76,24.65,1712289600000000000,123
DULL,1354,13.02,12.7365,13.02,12.6855,1712289600000000000,21
DUO,75966,0.441,0.4279,0.441,0.4202,1712289600000000000,229
DUOL,392114,214.94,215.01,218.68,211.92,1712289600000000000,10876
DUOT,26457,3.44,3.285,3.46,3.2301,1712289600000000000,213
DURA,10901,31.43,31.52,31.59,31.3499,1712289600000000000,99
DUSA,49407,39.77,40.2424,40.31,39.77,1712289600000000000,158
DUSB,108702,50.61,50.625,50.64,50.6001,1712289600000000000,424
DUSL,46040,53.88,55.82,56.0466,53.88,1712289600000000000,594
DUST,11388451,8.59,8.12,8.68,8.05,1712289600000000000,20426
DV,1592518,33.23,32.76,33.47,32.385,1712289600000000000,17016
DVA,474736,133.18,133.61,134.41,132.35,1712289600000000000,11303
DVAL,2286,13.539,13.5947,13.6,13.539,1712289600000000000,43
DVAX,1134376,12.07,12.05,12.17,11.92,1712289600000000000,12322
DVDN,1002,28.51,28.7136,28.7136,28.51,1712289600000000000,10
DVLU,2036,29.7901,29.77,29.8042,29.6617,1712289600000000000,28
DVN,7669291,52.78,53.27,53.58,52.325,1712289600000000000,72473
DVND,4,29.4492,29.4492,29.4492,29.4492,1712289600000000000,4
DVOL,5141,30.07,30.2277,30.2699,30.07,1712289600000000000,51
DVY,402349,120.72,120.99,121.3,120.04,1712289600000000000,4739
DVYA,1975,36.31,36.3745,36.3752,36.2,1712289600000000000,53
DVYE,58731,26.27,26.18,26.27,26.11,1712289600000000000,443
DWAS,29641,87.42,88.35,88.92,87.42,1712289600000000000,403
DWAT,246,10.92,11.0409,11.0409,10.92,1712289600000000000,13
DWAW,115,36.9647,36.9647,36.9647,36.9647,1712289600000000000,6
DWCR,0,30.8645,30.8645,30.8645,30.8645,1712289600000000000,0
DWLD,10505,32.59,32.8605,32.908,32.41,1712289600000000000,51
DWM,37125,54.2,54.43,54.5168,54.2,1712289600000000000,151
DWMF,7391,26.2195,26.2509,26.2509,26.2195,1712289600000000000,15
DWSH,13843,7.29,7.27,7.29,7.24,1712289600000000000,37
DWSN,32203,1.64,1.72,1.74,1.64,1712289600000000000,156
DWUS,271,43.9209,44.137,44.137,43.9209,1712289600000000000,7
DWX,24695,34.68,34.66,34.7255,34.59,1712289600000000000,135
DX,939923,12.07,12.13,12.18,12.01,1712289600000000000,7693
DXpC,3342,24.4007,24.38,24.48,24.28,1712289600000000000,40
DXC,1300700,20.86,20.46,20.885,20.43,1712289600000000000,13698
DXCM,2427115,133.13,138.93,139.11,131.74,1712289600000000000,39365
DXD,656113,32.67,32.21,32.71,31.98,1712289600000000000,4618
DXF,92020,0.289,0.2732,0.2945,0.2711,1712289600000000000,247
DXJ,743378,107.04,107.22,107.41,106.74,1712289600000000000,5384
DXJS,6947,33.17,33.25,33.25,33.1001,1712289600000000000,97
DXLG,202906,3.4,3.43,3.455,3.4,1712289600000000000,3195
DXPE,85035,54.39,55.73,56.16,54.39,1712289600000000000,2863
DXR,15978,8.98,9.57,9.74,8.98,1712289600000000000,226
DXYN,30265,0.5186,0.52,0.52,0.5101,1712289600000000000,59
DXYZ,5762927,42.8,59.2,75.79,40.02,1712289600000000000,100720
DY,226233,139.72,142.32,143.29,139.54,1712289600000000000,5959
DYAI,34448,1.82,1.81,1.9,1.78,1712289600000000000,147
DYCQU,19321,10.17,10.17,10.17,10.17,1712289600000000000,79
DYFI,1451,24.6311,24.6582,24.66,24.63,1712289600000000000,12
DYLD,11394,22.43,22.26,22.4699,22.26,1712289600000000000,99
DYLG,8,27.4461,27.4461,27.4461,27.4461,1712289600000000000,7
DYN,1037436,26.3,26.44,27.39,25.81,1712289600000000000,10708
DYNF,648125,43.9,44.38,44.55,43.9,1712289600000000000,2901
DYNI,1239,28.2112,28.29,28.4211,28.2112,1712289600000000000,30
DYNT,77959,0.41,0.4017,0.4199,0.4011,1712289600000000000,192
DYTA,4202,28.7275,28.89,28.91,28.7275,1712289600000000000,88
DZSI,81215,1.31,1.3,1.33,1.26,1712289600000000000,616
DZZ,8711,2.12,2.13,2.21,2.12,1712289600000000000,27
E,171351,33.56,33.75,33.75,33.43,1712289600000000000,3472
EA,1640057,129.22,130.29,130.78,128.905,1712289600000000000,34009
EAD,271409,6.57,6.54,6.57,6.53,1712289600000000000,1650
EAF,3224666,1.39,1.51,1.53,1.39,1712289600000000000,9192
EAFG,7865,19.65,19.7632,19.77,19.63,1712289600000000000,81
EAGG,169589,46.49,46.43,46.5863,46.43,1712289600000000000,908
EAGL,19900,25.19,25.5013,25.5013,25.19,1712289600000000000,33
EAI,33634,22.65,22.41,22.65,22.37,1712289600000000000,394
EALT,19373,28.6762,28.86,28.87,28.67,1712289600000000000,112
EAOA,7274,33.55,33.6502,33.6502,33.5499,1712289600000000000,40
EAOK,51,24.9458,24.9458,24.9458,24.9458,1712289600000000000,2
EAOM,16,26.6053,26.6053,26.6053,26.6053,1712289600000000000,2
EAOR,181,29.9584,29.9584,29.9584,29.9584,1712289600000000000,9
EAPR,14237,25.11,25.1152,25.16,25.08,1712289600000000000,142
EARN,284807,6.7,6.81,6.86,6.68,1712289600000000000,2139
EASG,3892,30.86,30.8727,30.9297,30.75,1712289600000000000,41
EAST,16453,0.93,0.96,0.9797,0.925,1712289600000000000,102
EAT,1204956,47.07,46.14,48.01,46.08,1712289600000000000,16958
EATV,2118,16.7,16.7375,16.7375,16.69,1712289600000000000,20
EATZ,1705,23.59,23.55,23.63,23.55,1712289600000000000,28
EB,1780527,5.53,5.54,5.765,5.495,1712289600000000000,12852
EBAY,5326598,51.42,52.06,52.13,51.42,1712289600000000000,59098
EBC,881106,13.03,13.07,13.22,13.02,1712289600000000000,7523
EBF,316051,20.07,20.17,20.18,20,1712289600000000000,1557
EBIZ,200965,23.54,23.53,23.54,23.53,1712289600000000000,34
EBLU,3122,46,46.1999,46.24,46,1712289600000000000,34
EBMT,8475,12.64,12.65,12.695,12.56,1712289600000000000,115
EBND,247829,20.4,20.45,20.47,20.4,1712289600000000000,1275
EBON,3721,9.85,9.16,9.85,9.15,1712289600000000000,204
EBR,1117482,8.11,8.14,8.14,7.97,1712289600000000000,6184
EBR.B,3422,8.98,9.17,9.17,8.98,1712289600000000000,62
EBS,1117712,2.27,2.29,2.41,2.195,1712289600000000000,6820
EBTC,40102,24.91,24.62,25.07,24.605,1712289600000000000,557
EC,2162572,11.98,12.15,12.27,11.9,1712289600000000000,12078
ECAT,141341,16.85,16.92,17.035,16.85,1712289600000000000,641
ECC,908588,10.2,10.24,10.24,10.14,1712289600000000000,2678
ECCpD,2555,20.08,20.07,20.0902,20.07,1712289600000000000,24
ECCC,5585,21.88,21.9765,22,21.88,1712289600000000000,50
ECCF,7080,25.04,25.16,25.25,25.04,1712289600000000000,38
ECCV,16487,22.37,22.36,22.57,22.35,1712289600000000000,86
ECCW,1325,23.815,23.94,23.94,23.815,1712289600000000000,12
ECCX,820,24.55,24.5985,24.5985,24.55,1712289600000000000,19
ECDA,9466,0.95,0.9569,0.9908,0.95,1712289600000000000,74
ECF,82364,7.91,7.94,7.99,7.89,1712289600000000000,417
ECH,436600,27.37,27.27,27.37,27.1,1712289600000000000,3276
ECL,1449685,225.42,227.75,228.37,224.925,1712289600000000000,26059
ECLN,710,24.38,24.3361,24.38,24.13,1712289600000000000,16
ECML,1389,34.09,34.0911,34.0911,34.09,1712289600000000000,16
ECNS,10018,24,23.5359,24,23.3401,1712289600000000000,87
ECO,37570,31,31.18,31.51,30.82,1712289600000000000,519
ECON,5619,20.56,20.5551,20.6,20.51,1712289600000000000,38
ECOR,7849,6.205,6.02,6.23,6.02,1712289600000000000,213
ECOW,16190,20.45,20.4347,20.4683,20.36,1712289600000000000,121
ECPG,127341,43.13,43.55,43.58,42.82,1712289600000000000,3090
ECVT,405834,10.73,10.72,10.76,10.58,1712289600000000000,3900
ECX,19960,2.0587,1.9,2.0587,1.8,1712289600000000000,189
ECXWW,25562,0.03,0.037,0.043,0.03,1712289600000000000,31
ED,1737921,89.67,89.65,90.005,88.89,1712289600000000000,26969
EDAP,62669,7.94,8.15,8.25,7.85,1712289600000000000,329
EDBL,476289,8.2,7.7,11.99,7.3,1712289600000000000,27536
EDBLW,144807,0.015,0.0152,0.03,0.0125,1712289600000000000,117
EDC,33667,30.38,30.62,30.74,30.1414,1712289600000000000,446
EDD,135341,4.69,4.68,4.76,4.66,1712289600000000000,445
EDEN,2721,121.34,121.55,121.7771,121.3301,1712289600000000000,132
EDF,101416,5.33,5.38,5.43,5.3001,1712289600000000000,643
EDIT,1255334,6.77,6.72,6.845,6.62,1712289600000000000,11433
EDIV,69704,33.34,33.3,33.6499,33.1,1712289600000000000,552
EDN,343626,18,19.3,19.83,17.8001,1712289600000000000,1926
EDOC,51156,8.995,9.07,9.16,8.995,1712289600000000000,6193
EDOG,118,21.417,21.417,21.417,21.417,1712289600000000000,10
EDOW,26824,33.51,33.6819,33.8199,33.5082,1712289600000000000,209
EDR,7347283,26.36,26.37,26.55,26.26,1712289600000000000,32607
EDRY,1028,20.65,20.45,20.65,20.45,1712289600000000000,24
EDSA,5987,4.72,4.6752,4.75,4.46,1712289600000000000,88
EDTK,8929,0.93,0.95,0.9501,0.93,1712289600000000000,58
EDU,1378453,85.28,85.34,86.495,85.11,1712289600000000000,6819
EDUC,62711,2.52,2.62,2.7849,2.52,1712289600000000000,157
EDV,353137,72.73,72.44,73.11,72.39,1712289600000000000,5656
EDZ,64767,10.44,10.34,10.5,10.2601,1712289600000000000,525
EE,154597,15.07,15.37,15.615,14.94,1712289600000000000,2103
EEA,13359,8.9,8.92,8.92,8.87,1712289600000000000,59
EEFT,167962,106.33,108.12,108.3199,106.33,1712289600000000000,5351
EEIQ,14094,0.95,1.025,1.03,0.9,1712289600000000000,39
EELV,81293,23.76,23.91,23.925,23.76,1712289600000000000,553
EEM,31563967,41.11,41.25,41.34,41.025,1712289600000000000,37150
EEMA,61595,68.23,68.47,68.63,68.2,1712289600000000000,414
EEMD,3123,18.07,18.0716,18.1,18.02,1712289600000000000,50
EEMO,450,16.25,16.2955,16.2955,16.25,1712289600000000000,13
EEMS,23475,59.24,59.56,59.61,59.24,1712289600000000000,183
EEMV,318480,56.33,56.52,56.615,56.33,1712289600000000000,2659
EEMX,4056,31.3583,31.4331,31.4972,31.284,1712289600000000000,73
EES,55741,48.63,48.78,48.995,48.54,1712289600000000000,248
EET,1693,51.37,51.6946,51.95,51.31,1712289600000000000,27
EETH,28749,71.95,73.42,73.78,71.95,1712289600000000000,522
EEV,369,18.95,18.9791,18.9791,18.92,1712289600000000000,7
EEX,13568,6.59,6.47,6.64,6.36,1712289600000000000,308
EFA,21091872,78.61,78.97,79.13,78.46,1712289600000000000,44906
EFAD,2694,38.36,38.517,38.53,38.36,1712289600000000000,48
EFAS,3854,14.45,14.6,14.6,14.45,1712289600000000000,58
EFAV,653876,69.61,69.82,69.94,69.52,1712289600000000000,5528
EFAX,57106,40.82,41,41.05,40.82,1712289600000000000,146
EFC,615107,11.3,11.38,11.435,11.23,1712289600000000000,6429
EFCpA,1428,23.78,23.845,23.845,23.78,1712289600000000000,33
EFCpB,3202,20.7,20.6,20.75,20.53,1712289600000000000,25
EFCpC,2092,23.59,23.84,23.84,23.58,1712289600000000000,45
EFCpE,325,25.22,25.22,25.22,25.22,1712289600000000000,2
EFG,556008,101.44,101.94,102.1699,101.29,1712289600000000000,4008
EFIV,39051,49.78,50.14,50.26,49.695,1712289600000000000,285
EFIX,3432,16.16,16.185,16.185,16.1106,1712289600000000000,32
EFNL,1449,35.6201,35.7327,35.7327,35.6201,1712289600000000000,28
EFO,1375,45.73,45.8196,45.8196,45.66,1712289600000000000,45
EFOI,6133,1.49,1.46,1.49,1.422,1712289600000000000,78
EFR,52671,12.95,12.96,12.99,12.9101,1712289600000000000,270
EFRA,2634,30.63,30.63,30.65,30.63,1712289600000000000,12
EFSC,84366,39.06,39.07,39.28,38.695,1712289600000000000,1969
EFSCP,1060,18.92,18.86,18.92,18.86,1712289600000000000,4
EFSH,385388,2.22,2.73,2.9,2.22,1712289600000000000,1815
EFT,63674,13.3,13.3,13.3,13.2,1712289600000000000,323
EFTR,2406826,2.89,2.51,2.95,2.49,1712289600000000000,13024
EFTRW,26580,0.0499,0.0499,0.0506,0.0499,1712289600000000000,13
EFU,737,7.78,7.7058,7.7945,7.7058,1712289600000000000,11
EFUT,18401,26.26,26.45,26.57,26.01,1712289600000000000,205
EFV,2067628,54.01,54.18,54.27,53.83,1712289600000000000,11303
EFX,588093,251.13,256.15,256.47,250.01,1712289600000000000,14633
EFXT,168515,6.13,6.2,6.24,6.04,1712289600000000000,912
EFZ,7391,16.6,16.51,16.6,16.51,1712289600000000000,19
EG,251914,382.04,379.86,384.59,378.26,1712289600000000000,9194
EGAN,51404,6.28,6.34,6.36,6.25,1712289600000000000,1174
EGBN,119529,22.2,22.22,22.41,21.92,1712289600000000000,2720
EGF,1290,9.38,9.38,9.382,9.38,1712289600000000000,12
EGHT,729263,2.54,2.46,2.55,2.44,1712289600000000000,4255
EGIO,151635,12.39,11.67,12.97,11.38,1712289600000000000,1666
EGLE,448610,62.93,62.6,64.04,62.1,1712289600000000000,6899
EGO,3308623,14.76,15.12,15.175,14.55,1712289600000000000,20282
EGOX,30888145,0.0299,0.033,0.042,0.027,1712289600000000000,13619
EGP,199557,173.73,174.23,174.6,171.86,1712289600000000000,6444
EGRX,144722,5.2,5.12,5.2,4.99,1712289600000000000,2056
EGUS,9,37.1022,37.1022,37.1022,37.1022,1712289600000000000,4
EGY,1170472,7.29,7.29,7.34,7.15,1712289600000000000,9380
EH,1256010,18.18,19.36,19.55,18.13,1712289600000000000,10547
EHAB,261566,10.72,11.02,11.08,10.7,1712289600000000000,3179
EHC,867090,80.93,83.36,83.41,80.92,1712289600000000000,18194
EHI,39522,7.08,7.07,7.105,7.05,1712289600000000000,217
EHLS,22456,20.38,20.47,20.47,20.38,1712289600000000000,10
EHTH,259442,5.4,5.22,5.4,5.17,1712289600000000000,3491
EIC,216723,16.19,16.2,16.2588,16.07,1712289600000000000,764
EICA,3867,23.52,23.38,23.52,23.34,1712289600000000000,28
EICB,6331,24.92,24.94,24.98,24.89,1712289600000000000,55
EIDO,1444818,22.13,22.01,22.13,21.93,1712289600000000000,5938
EIG,176408,44.27,44.19,44.455,44.025,1712289600000000000,2225
EIGR,311370,2.4,2.3,2.5977,1.86,1712289600000000000,1702
EIM,101553,10.08,10.065,10.1,10.05,1712289600000000000,605
EINC,138,76.3168,76.3168,76.3168,76.3168,1712289600000000000,20
EIPX,4515,23.41,23.49,23.495,23.3,1712289600000000000,18
EIRL,2855,68.38,68.92,69.1899,68.38,1712289600000000000,90
EIS,42466,60.39,60.1814,60.7799,59.9,1712289600000000000,715
EIX,2881448,69.43,70.82,71.26,69.22,1712289600000000000,35061
EJAN,8613,28.92,28.97,29.05,28.91,1712289600000000000,78
EJH,9755751,2.97,2.69,3.67,2.5,1712289600000000000,37263
EJUL,14276,23.79,23.8642,23.915,23.79,1712289600000000000,72
EKG,203,16.3924,16.38,16.44,16.38,1712289600000000000,3
EKSO,52599,1.48,1.42,1.53,1.37,1712289600000000000,332
EL,1442472,144.55,144.43,146.68,143.94,1712289600000000000,30487
ELA,67793,4.56,4.53,4.62,4.52,1712289600000000000,524
ELAB,72040,0.6776,0.6451,0.68,0.631,1712289600000000000,228
ELAN,4451755,15.49,15.56,15.67,15.395,1712289600000000000,23306
ELBM,52610,0.4794,0.4686,0.480899,0.462549,1712289600000000000,208
ELC,8853,22.66,22.53,22.6982,22.53,1712289600000000000,144
ELD,2083,27.46,27.48,27.48,27.35,1712289600000000000,41
ELDN,198094,1.76,1.72,1.778,1.659,1712289600000000000,693
ELEV,1082543,5.14,4.91,5.14,4.59,1712289600000000000,6688
ELF,2635659,163.34,161.38,165.33,160.6132,1712289600000000000,44954
ELMD,10839,15.49,15.37,15.8,15.29,1712289600000000000,311
ELME,1547881,13.67,14.13,14.2,13.67,1712289600000000000,8300
ELP,163104,7.8,7.7,7.81,7.599,1712289600000000000,1656
ELPC,165474,6.71,6.76,6.78,6.65,1712289600000000000,235
ELQD,19,80.5005,80.5005,80.5005,80.5005,1712289600000000000,4
ELS,732262,62.65,62.87,63.055,62.35,1712289600000000000,10974
ELSE,2276,4.09,4.06,4.09,4.06,1712289600000000000,23
ELTK,44485,10.52,10.72,10.85,10.52,1712289600000000000,409
ELTX,95268,7.63,8.85,9.02,7.42,1712289600000000000,949
ELUT,8611,3,2.97,3.04,2.97,1712289600000000000,68
ELV,1005881,498.65,507.35,508.33,497.41,1712289600000000000,24061
ELVA,16716,3.51,3.45,3.5697,3.38,1712289600000000000,112
ELVN,230632,18.52,19.4,19.66,18.17,1712289600000000000,3385
ELWS,109185,0.69,0.6451,0.695,0.6315,1712289600000000000,274
ELYM,116758,2.71,2.6,2.71,2.52,1712289600000000000,429
EM,31559,0.625,0.6305,0.6493,0.625,1712289600000000000,105
EMB,6478938,88.79,89.25,89.33,88.79,1712289600000000000,23372
EMBC,301594,12.74,12.76,12.81,12.6401,1712289600000000000,4888
EMBD,2965,22.48,22.5476,22.56,22.47,1712289600000000000,68
EMC,25539,26.25,26.36,26.3998,26.25,1712289600000000000,79
EMCB,1540,64.14,64.41,64.82,64.14,1712289600000000000,72
EMCC,1532,24.71,24.6951,24.73,24.6951,1712289600000000000,26
EMCG,1208,11.17,11.17,11.17,11.17,1712289600000000000,7
EMCR,2505,28.32,28.3834,28.41,28.303,1712289600000000000,132
EMD,233274,9.45,9.38,9.4655,9.29,1712289600000000000,1116
EMDM,64,22.9717,22.9717,22.9717,22.9717,1712289600000000000,4
EMDV,176,43.4901,43.799,43.799,43.4901,1712289600000000000,5
EME,375643,358.25,365.02,367.79,358.25,1712289600000000000,11305
EMF,15222,12.04,11.93,12.04,11.93,1712289600000000000,80
EMFM,53,18.48,18.48,18.48,18.48,1712289600000000000,4
EMFQ,201,20.94,20.8791,20.94,20.8791,1712289600000000000,3
EMGF,177033,44.82,44.82,44.99,44.72,1712289600000000000,637
EMHC,10333,23.89,23.93,23.99,23.89,1712289600000000000,152
EMHY,32119,37.3,37.38,37.42,37.3,1712289600000000000,341
EMIF,892,21.95,21.92,21.9798,21.89,1712289600000000000,14
EMKR,98478,3.22,3.12,3.25,3.12,1712289600000000000,5664
EML,21509,31.36,32.16,32.16,30.72,1712289600000000000,504
EMLC,852363,24.5,24.54,24.54,24.495,1712289600000000000,2652
EMLD,642,10.6,10.6,10.6,10.6,1712289600000000000,16
EMLDW,15000,0.12,0.12,0.12,0.12,1712289600000000000,4
EMLP,210373,29.46,29.5,29.555,29.28,1712289600000000000,730
EMM,2804,27.66,27.7402,27.76,27.66,1712289600000000000,41
EMMF,3634,26.34,26.4276,26.4276,26.34,1712289600000000000,33
EMN,614864,99.61,99.83,100.16,98.8026,1712289600000000000,14435
EMNT,16703,98.26,98.2749,98.28,98.255,1712289600000000000,64
EMO,14132,41.34,41.32,41.3684,40.72,1712289600000000000,131
EMP,16053,23.24,23.01,23.29,22.99,1712289600000000000,246
EMQQ,106800,31.52,31.65,31.735,31.52,1712289600000000000,914
EMR,1693801,113.61,114.54,114.765,113.3,1712289600000000000,29361
EMSF,736,26.28,26.36,26.45,26.28,1712289600000000000,9
EMSG,517,24.44,24.3757,24.44,24.3315,1712289600000000000,8
EMTL,3431,41.8952,41.9198,41.9599,41.8952,1712289600000000000,49
EMTY,2096,14.1599,14.1314,14.17,14.1,1712289600000000000,35
EMX,692553,1.89,1.95,1.98,1.87,1712289600000000000,1792
EMXC,1318516,57.46,57.84,57.945,57.46,1712289600000000000,7215
EMXF,8305,35.75,35.82,35.82,35.66,1712289600000000000,99
ENB,3643904,35.5,35.35,35.51,35.13,1712289600000000000,22396
ENFN,324644,9.2,9.4,9.435,9.2,1712289600000000000,3217
ENFR,9881,25.62,25.5,25.62,25.38,1712289600000000000,128
ENG,2984,1.68,1.6919,1.7388,1.66,1712289600000000000,50
ENGN,22488,15.97,16.47,16.755,15.97,1712289600000000000,470
ENGNW,9741,4.68,4.85,4.95,4.61,1712289600000000000,41
ENIC,164969,3.11,3.09,3.13,3.08,1712289600000000000,1473
ENJ,3644,22.5441,22.47,22.57,22.35,1712289600000000000,38
ENLC,2102506,13.93,13.87,13.96,13.715,1712289600000000000,9391
ENLT,13854,16,16.01,16.12,15.51,1712289600000000000,325
ENLV,122876,3.72,4,4.04,3.53,1712289600000000000,713
ENO,3826,24.26,24.125,24.26,23.99,1712289600000000000,34
ENOR,2219,24.0767,24.1511,24.1893,24.0767,1712289600000000000,39
ENOV,340407,59.65,60.64,60.96,59.47,1712289600000000000,7190
ENPH,6284274,113.58,112.27,117.58,112.25,1712289600000000000,88252
ENR,458217,27.86,27.86,27.925,27.55,1712289600000000000,6072
ENS,209225,90.98,91.09,91.72,90.771,1712289600000000000,3793
ENSC,79814,0.8133,0.805,0.8364,0.8027,1712289600000000000,275
ENSG,242423,118.65,119.72,120.5,118.44,1712289600000000000,5511
ENSV,2459338,0.2311,0.29,0.29,0.21515,1712289600000000000,3229
ENTA,236536,16.1,16.51,16.97,15.75,1712289600000000000,2960
ENTG,940792,136.13,138.85,139.875,135.19,1712289600000000000,19590
ENTR,12771,15.29,15.37,15.41,15.29,1712289600000000000,63
ENTX,463146,1.97,1.985,2,1.9029,1712289600000000000,1052
ENV,549948,56.72,58.3,58.33,56.72,1712289600000000000,7273
ENVA,185762,61.77,62.84,63.28,61.77,1712289600000000000,3824
ENVB,90737,0.99,0.93,0.99,0.89,1712289600000000000,480
ENVX,1827223,7.63,7.55,7.805,7.53,1712289600000000000,13753
ENX,3728,9.66,9.63,9.66,9.62,1712289600000000000,15
ENZ,49858,1.26,1.26,1.3,1.25,1712289600000000000,181
ENZL,3777,45.43,45.69,45.69,45.43,1712289600000000000,71
EOCT,3284,24.13,24.12,24.13,24.12,1712289600000000000,3
EOD,88945,4.65,4.7,4.71,4.65,1712289600000000000,636
EOG,3458839,134.77,135.94,136.505,134.255,1712289600000000000,53823
EOI,76108,18.28,18.41,18.41,18.09,1712289600000000000,452
EOLS,328917,13.41,13.26,13.53,13.19,1712289600000000000,5650
EOS,102358,19.83,20.03,20.1032,19.83,1712289600000000000,553
EOSE,3326435,1,1.01,1.01,0.956,1712289600000000000,7052
EOT,32133,16.39,16.43,16.4603,16.39,1712289600000000000,145
EP,43493,5.47,5.8,5.91,5.47,1712289600000000000,823
EPpC,6346,47.5,47.3399,47.555,47.32,1712289600000000000,68
EPAC,226251,34.87,35.19,35.42,34.87,1712289600000000000,3270
EPAM,289404,264.05,264.36,267.825,263.6,1712289600000000000,9658
EPC,253518,36.4,36.43,36.505,36,1712289600000000000,4265
EPD,4370390,29.77,29.73,29.83,29.33,1712289600000000000,26639
EPHE,229342,26.55,26.44,26.58,26.44,1712289600000000000,1628
EPI,533299,44.38,44.47,44.5475,44.265,1712289600000000000,4753
EPIX,38868,8.08,8.38,8.4,7.73,1712289600000000000,621
EPM,324534,6,6.1,6.155,5.91,1712289600000000000,3190
EPOL,137752,23.94,24.19,24.2199,23.922,1712289600000000000,1262
EPOW,3164,0.83034,0.845,0.845,0.8301,1712289600000000000,31
EPP,360080,42.65,42.83,42.935,42.51,1712289600000000000,3801
EPR,657160,41.18,41.42,41.49,40.94,1712289600000000000,9122
EPRpC,7926,19.04,19.1,19.22,19.02,1712289600000000000,66
EPRpE,681,27.65,27.71,27.71,27.65,1712289600000000000,19
EPRpG,825,19.16,19.16,19.16,19.16,1712289600000000000,56
EPRF,15370,19.2501,19.25,19.35,19.25,1712289600000000000,60
EPRT,631356,25.3,25.53,25.61,25.22,1712289600000000000,8931
EPRX,247860,3.5,2.95,3.5,2.75,1712289600000000000,5926
EPS,40532,54.63,55.13,55.25,54.63,1712289600000000000,247
EPSN,14143,5.591,5.54,5.591,5.47,1712289600000000000,268
EPU,5428,40.0912,39.88,40.0912,39.76,1712289600000000000,119
EPV,74692,8.02,7.95,8.06,7.9276,1712289600000000000,309
EQ,116981,2.24,2.135,2.26,2.1,1712289600000000000,520
EQAL,32893,45.0917,45.33,45.38,45.0801,1712289600000000000,223
EQBK,59720,33.06,33.51,33.59,30.44,1712289600000000000,1473
EQC,733982,18.68,18.65,18.795,18.605,1712289600000000000,7682
EQCpD,5542,25.14,25.12,25.14,25.1,1712289600000000000,98
EQH,2214566,37.59,37.79,38.015,37.525,1712289600000000000,18703
EQHpA,23065,22.79,22.85,22.95,22.78,1712289600000000000,201
EQHpC,22345,18.25,18.35,18.4596,18.25,1712289600000000000,196
EQIX,446532,781.59,784.41,789.91,780.065,1712289600000000000,18252
EQL,5355,116.77,117.0662,117.2,116.2999,1712289600000000000,111
EQLS,14064,23.51,23.5554,23.6,23.46,1712289600000000000,41
EQNR,1578663,28.01,28.14,28.18,27.78,1712289600000000000,14059
EQR,1461126,61.03,61.79,61.985,61.03,1712289600000000000,17821
EQRR,1293,61.46,62.0168,62.06,61.46,1712289600000000000,23
EQS,15862,1.48,1.505,1.53,1.47,1712289600000000000,61
EQT,3684323,36.54,36.48,36.72,36.09,1712289600000000000,39427
EQTY,35120,21.64,21.8015,21.84,21.6399,1712289600000000000,129
EQUL,1779,25.13,25.2436,25.2436,25.13,1712289600000000000,14
EQWL,32368,92.65,93.3154,93.5399,92.58,1712289600000000000,402
EQX,2451899,6.13,6.25,6.36,6.07,1712289600000000000,9214
ERAS,870300,2.08,2.1,2.12,2.04,1712289600000000000,5109
ERC,85550,9.2,9.23,9.23,9.2,1712289600000000000,460
ERET,129,24.9387,24.9387,24.9387,24.9387,1712289600000000000,8
ERF,966824,20.11,20.35,20.4,19.97,1712289600000000000,7241
ERH,7071,9.18,9.24,9.28,9.18,1712289600000000000,58
ERIC,18046691,5.16,5.08,5.175,5.07,1712289600000000000,27735
ERIE,74420,398.38,400.58,402.435,394.295,1712289600000000000,2694
ERII,272375,15.37,14.86,15.37,14.82,1712289600000000000,3928
ERJ,925274,25.85,25.59,25.86,25.39,1712289600000000000,9400
ERNA,5720,2.345,2.2,2.345,2.2,1712289600000000000,103
ERO,441853,20.67,20.89,21.22,20.355,1712289600000000000,5335
ERTH,8589,41.12,41.1985,41.35,41.06,1712289600000000000,128
ERX,550026,75.25,76.21,76.85,74.37,1712289600000000000,5663
ERY,375733,20.36,20.1,20.62,19.95,1712289600000000000,2160
ES,1426325,58.55,58.51,58.8488,58.06,1712289600000000000,20408
ESAB,286541,111.32,113.74,114.3099,111.32,1712289600000000000,6829
ESCA,9026,13.44,13.22,13.4649,13,1712289600000000000,393
ESE,112626,103.92,103.53,105.2,101.935,1712289600000000000,3041
ESEA,10479,37.41,37.05,37.59,36.7,1712289600000000000,460
ESG,1041,125.57,125.27,125.57,125.27,1712289600000000000,43
ESGA,6379,64.79,65.1807,65.355,64.79,1712289600000000000,94
ESGB,3305,20.78,20.75,20.79,20.74,1712289600000000000,53
ESGD,199326,78.79,79.12,79.32,78.69,1712289600000000000,2089
ESGE,631700,32.3,32.39,32.48,32.2401,1712289600000000000,3641
ESGG,366,161.45,161.9198,161.9198,161.45,1712289600000000000,20
ESGL,15826,0.5,0.47,0.5,0.44,1712289600000000000,77
ESGLW,335,0.005,0.0073,0.0073,0.005,1712289600000000000,3
ESGN,411,30.65,30.7183,30.7183,30.6139,1712289600000000000,12
ESGR,50082,295.76,294.08,297.8381,291.67,1712289600000000000,2213
ESGRO,31981,24.8501,24.59,25,24.59,1712289600000000000,151
ESGRP,39387,25.66,25.43,25.84,25.43,1712289600000000000,318
ESGS,2782,43.82,44.0932,44.1995,43.82,1712289600000000000,38
ESGU,602070,113.07,113.91,114.38,112.97,1712289600000000000,3831
ESGV,121758,91.25,91.92,92.28,91.145,1712289600000000000,1570
ESGY,216,49.97,50.5768,50.5768,49.97,1712289600000000000,3
ESHA,1485,10.42,10.3603,10.42,10.3603,1712289600000000000,26
ESI,1184099,24.97,24.71,25.015,24.635,1712289600000000000,15704
ESIX,104,29.2099,29.2127,29.2127,29.2099,1712289600000000000,3
ESLA,2247,1.0984,1.15,1.1599,1.0801,1712289600000000000,37
ESLT,13466,200.24,201.26,201.6767,200.24,1712289600000000000,698
ESML,102541,38.87,39.22,39.33,38.87,1712289600000000000,710
ESMV,342,26.23,26.23,26.23,26.23,1712289600000000000,9
ESNT,349433,56.79,56.73,57.3,56.475,1712289600000000000,6420
ESOA,84264,8.19,8.18,8.34,7.92,1712289600000000000,929
ESP,15587,25.01,24.64,25.33,24.3451,1712289600000000000,637
ESPO,7399,60.78,61.34,61.5399,60.77,1712289600000000000,212
ESPR,10476433,3.17,3.24,3.4,3.02,1712289600000000000,24495
ESQ,73042,46.14,46.42,46.58,45.8,1712289600000000000,1371
ESRT,725645,9.41,9.57,9.61,9.38,1712289600000000000,6072
ESS,170204,234.45,237.68,238.77,234.45,1712289600000000000,6094
ESSA,3030,17.3325,17.23,17.6199,17.16,1712289600000000000,76
ESTA,265341,52.5,54.16,54.285,52.5,1712289600000000000,5386
ESTC,1007202,97.77,97.44,98.72,96.795,1712289600000000000,20396
ESUS,1,27.5266,27.5266,27.5266,27.5266,1712289600000000000,1
ET,7905410,15.81,15.84,15.89,15.76,1712289600000000000,26328
ETpE,13174,25.32,25.32,25.3295,25.32,1712289600000000000,72
ETpI,27074,11.05,11.03,11.05,11,1712289600000000000,162
ETAO,62544,2.81,2.492,2.8227,2.4,1712289600000000000,9809
ETB,32269,13.51,13.62,13.63,13.51,1712289600000000000,140
ETD,141062,32.4,33.07,33.17,32.4,1712289600000000000,3018
ETEC,33,21.08,21.08,21.08,21.08,1712289600000000000,8
ETG,86634,17.94,18.07,18.12,17.9236,1712289600000000000,790
ETHO,8216,56.85,57.0137,57.12,56.7,1712289600000000000,62
ETIp,1200,24.71,24.71,24.71,24.71,1712289600000000000,5
ETJ,188053,8.27,8.33,8.35,8.26,1712289600000000000,901
ETN,2644238,323.93,330.51,331.4699,322.79,1712289600000000000,53289
ETNB,408168,10.54,10.76,10.84,10.25,1712289600000000000,6060
ETO,28191,24.58,24.61,24.77,24.58,1712289600000000000,217
ETON,49031,3.57,3.59,3.7,3.57,1712289600000000000,568
ETR,2044078,103.88,104.23,104.805,103.365,1712289600000000000,25666
ETRN,5519464,12.44,12.31,12.45,12.27,1712289600000000000,21704
ETSY,2596026,64.89,64.98,65.5,64.4321,1712289600000000000,38620
ETV,182314,12.85,12.95,12.99,12.84,1712289600000000000,901
ETW,198188,8.05,8.07,8.105,8.04,1712289600000000000,770
ETWO,1254513,4.24,4.31,4.35,4.215,1712289600000000000,2804
ETWO.WS,3540,0.38,0.4096,0.4097,0.38,1712289600000000000,12
ETX,37014,17.74,17.66,17.74,17.6452,1712289600000000000,192
ETY,191676,13.17,13.21,13.32,13.115,1712289600000000000,898
EU,938746,4.5,4.5,4.59,4.4,1712289600000000000,6035
EUDA,31624,1.77,1.74,1.77,1.74,1712289600000000000,104
EUDAW,1268,0.2798,0.27,0.2798,0.27,1712289600000000000,12
EUDG,22959,31.93,32.0318,32.1,31.88,1712289600000000000,156
EUDV,205,47.75,47.918,47.918,47.75,1712289600000000000,7
EUFN,705308,22.61,22.76,22.79,22.57,1712289600000000000,3231
EUM,12895,13.98,13.93,13.99,13.9,1712289600000000000,166
EUO,5839,30.69,30.7001,30.72,30.69,1712289600000000000,73
EURL,8921,25,25.4964,25.5759,24.98,1712289600000000000,118
EURN,616256,16.8,16.98,17.09,16.8,1712289600000000000,6337
EUSA,13022,89.05,89.54,89.64,88.88,1712289600000000000,229
EUSB,25452,42.3,42.27,42.3699,42.24,1712289600000000000,802
EUSC,4636,38.17,38.29,38.2942,38.14,1712289600000000000,25
EV,17,24.0854,24.0854,24.0854,24.0854,1712289600000000000,9
EVA,438594,0.429,0.41,0.43,0.4052,1712289600000000000,1331
EVAV,5306,20.85,21.2569,21.73,20.85,1712289600000000000,105
EVAX,45188,3.65,3.69,3.85,3.59,1712289600000000000,318
EVBG,557720,34.84,34.85,34.88,34.84,1712289600000000000,4205
EVBN,7250,29.06,28.85,29.06,28.6038,1712289600000000000,307
EVC,1029032,1.87,1.92,1.94,1.84,1712289600000000000,6703
EVCM,165833,9.04,9.02,9.23,9.02,1712289600000000000,2497
EVE,12804,10.95,11,11,10.95,1712289600000000000,65
EVE.WS,100,0.1073,0.1073,0.1073,0.1073,1712289600000000000,1
EVER,270094,18.63,18.92,19.37,18.5331,1712289600000000000,7022
EVEX,21763,5.36,5.4,5.51,5.255,1712289600000000000,339
EVEX.WS,7040,0.5171,0.5798,0.5798,0.46,1712289600000000000,19
EVF,37379,6.37,6.39,6.39,6.37,1712289600000000000,116
EVG,75269,10.52,10.5,10.5399,10.48,1712289600000000000,176
EVGN,28215,0.75,0.7416,0.76,0.7412,1712289600000000000,75
EVGO,1950986,2.17,2.14,2.1825,2.11,1712289600000000000,8942
EVGOW,7513,0.1717,0.1708,0.187399,0.17,1712289600000000000,31
EVGR,19212,11.35,11.34,11.35,11.34,1712289600000000000,36
EVH,820041,29.68,30.36,30.47,29.61,1712289600000000000,7788
EVHY,142,52.5135,52.5135,52.5135,52.5135,1712289600000000000,13
EVI,3344,23.18,23.08,23.18,23.08,1712289600000000000,235
EVIM,369,52.2,52.1732,52.2048,52.1732,1712289600000000000,4
EVLN,4153167,50.55,50.655,50.67,50.55,1712289600000000000,18
EVLV,1589679,4.79,4.63,4.85,4.6002,1712289600000000000,10458
EVLVW,2442,0.567,0.6675,0.6675,0.567,1712289600000000000,5
EVM,45772,9.5,9.44,9.51,9.43,1712289600000000000,189
EVMT,4443,17.1481,17.18,17.18,17.08,1712289600000000000,46
EVN,97374,10.09,10.02,10.09,10.01,1712289600000000000,317
EVNT,4,9.9694,9.9694,9.9694,9.9694,1712289600000000000,2
EVO,36380,7.44,7.56,7.6199,7.4,1712289600000000000,407
EVOK,17477,0.5826,0.5853,0.5999,0.5605,1712289600000000000,126
EVR,263802,191.46,193.4,193.955,190.87,1712289600000000000,6138
EVRG,2040523,52.33,52.2,52.48,51.84,1712289600000000000,20534
EVRI,1266694,9.3,9.24,9.4,9.13,1712289600000000000,9331
EVSB,180,50.4067,50.405,50.4067,50.405,1712289600000000000,11
EVSM,4411,49.78,49.805,49.8221,49.71,1712289600000000000,38
EVT,98803,23.16,23.3,23.44,23.16,1712289600000000000,622
EVTC,411722,38.39,38.62,38.81,38.39,1712289600000000000,5796
EVTL,166101,1.18,1.15,1.18,1.1,1712289600000000000,940
EVTL.WS,2845,0.073,0.08,0.08,0.073,1712289600000000000,5
EVTR,20706,49.4,49.38,49.51,49.36,1712289600000000000,180
EVTV,11992,2.99,2.9,2.99,2.7,1712289600000000000,113
EVUS,114,27.36,27.3998,27.3998,27.36,1712289600000000000,5
EVV,448215,9.64,9.61,9.695,9.59,1712289600000000000,2414
EVX,2145,165.1,165.3266,165.3266,165.1,1712289600000000000,72
EW,2563322,91.4,92.7,92.925,90.86,1712289600000000000,31907
EWA,2634064,24.48,24.56,24.6451,24.37,1712289600000000000,7116
EWBC,953473,75.04,75.41,75.64,74.8498,1712289600000000000,17600
EWC,2177096,37.95,38.29,38.4251,37.84,1712289600000000000,8033
EWCZ,377985,12.28,12.14,12.38,12.01,1712289600000000000,5120
EWD,252604,39.74,39.99,40.045,39.62,1712289600000000000,3208
EWG,2182849,31.26,31.35,31.4,31.165,1712289600000000000,11057
EWH,2244653,15.54,15.62,15.645,15.525,1712289600000000000,6424
EWI,344407,36.93,37.07,37.16,36.78,1712289600000000000,1915
EWJ,11909976,69.72,69.87,70.0454,69.595,1712289600000000000,49093
EWJV,29785,32.75,32.8,32.8775,32.7,1712289600000000000,339
EWK,791,18.62,18.7001,18.7001,18.62,1712289600000000000,28
EWL,940145,46.52,46.6,46.735,46.43,1712289600000000000,5360
EWM,281263,22.06,22.11,22.13,22.045,1712289600000000000,1607
EWN,60719,49.4,49.74,49.86,49.36,1712289600000000000,580
EWO,3129,21.77,21.968,22.01,21.77,1712289600000000000,46
EWP,219158,31.85,31.88,31.96,31.68,1712289600000000000,2248
EWQ,790074,40.59,40.82,40.87,40.465,1712289600000000000,6634
EWS,580854,18.42,18.52,18.54,18.385,1712289600000000000,2603
EWT,3341057,48.28,48.62,48.755,48.185,1712289600000000000,15266
EWTX,525859,16.42,16.96,17.77,16.08,1712289600000000000,8590
EWU,2838237,33.94,34.16,34.18,33.87,1712289600000000000,8474
EWUS,1345,34.72,34.7182,34.7499,34.68,1712289600000000000,22
EWV,19192,10.41,10.334,10.41,10.27,1712289600000000000,76
EWW,2234297,70.12,70.32,70.37,69.67,1712289600000000000,17082
EWX,43180,56.57,56.74,56.79,56.5101,1712289600000000000,454
EWY,2478627,65.85,66.1,66.305,65.56,1712289600000000000,22636
EWZ,23229361,31.98,31.81,32.025,31.64,1712289600000000000,48550
EWZS,45264,14.115,14.02,14.14,13.98,1712289600000000000,281
EXAI,413576,4.84,4.84,4.9599,4.75,1712289600000000000,3717
EXAS,2108387,69.76,70.23,70.72,69.33,1712289600000000000,25084
EXC,3957547,36.98,37.34,37.445,36.51,1712289600000000000,41513
EXEL,1942244,23.42,23.14,23.45,23.0811,1712289600000000000,17041
EXFY,305345,1.57,1.53,1.58,1.5199,1712289600000000000,2594
EXG,594154,8.02,8.05,8.085,8,1712289600000000000,3074
EXI,39682,137.69,138.7627,138.79,137.55,1712289600000000000,273
EXK,9554098,2.61,2.83,2.9,2.6,1712289600000000000,16047
EXLS,2840894,30.45,29.57,30.585,28.16,1712289600000000000,32305
EXP,231757,261.38,266.74,267.025,261.38,1712289600000000000,7748
EXPD,789592,116.43,117.35,117.66,115.96,1712289600000000000,19201
EXPE,1666805,131.05,131.79,132.325,130.42,1712289600000000000,26599
EXPI,1111586,10.4,10.06,10.57,9.765,1712289600000000000,12998
EXPO,215255,78.8,78.89,79.33,78.001,1712289600000000000,6284
EXR,946136,144.53,146.32,146.55,143.67,1712289600000000000,14545
EXTO,34246,5.11,5.14,5.19,5.11,1712289600000000000,390
EXTR,1476139,11.16,10.88,11.19,10.86,1712289600000000000,12633
EYE,653996,20.33,20.35,20.55,20.23,1712289600000000000,10966
EYEG,2244,35.2708,35.1947,35.2708,35.1947,1712289600000000000,21
EYEN,862729,0.919,0.89,0.9578,0.88,1712289600000000000,2953
EYLD,50120,33.51,33.69,34.15,33.51,1712289600000000000,417
EYPT,427541,20,20.28,20.68,19.85,1712289600000000000,6728
EZA,110273,39.97,40.26,40.42,39.76,1712289600000000000,1220
EZBC,157299,38.86,39.12,39.71,38.83,1712289600000000000,1159
EZFL,59951,2.2,2.5,2.65,2.14,1712289600000000000,453
EZGO,1112062,0.0618,0.0595,0.0623,0.058,1712289600000000000,1217
EZJ,2657,41.91,42.0572,42.269,41.91,1712289600000000000,44
EZM,22511,59.17,59.53,59.66,59.17,1712289600000000000,220
EZPW,346810,10.71,10.64,10.765,10.64,1712289600000000000,4177
EZU,2149225,50.35,50.59,50.6959,50.21,1712289600000000000,10021
F,46937362,13.27,13.28,13.395,13.09,1712289600000000000,118521
FpB,31294,23.9,23.94,24.1,23.9,1712289600000000000,337
FpC,76546,23.25,23.25,23.35,23.14,1712289600000000000,972
FpD,23167,25.11,25.08,25.36,25.06,1712289600000000000,329
FA,388891,15.42,15.61,15.68,15.42,1712289600000000000,6529
FAAR,137125,29.07,29.04,29.16,28.89,1712289600000000000,262
FAAS,1923400,7.68,6.43,8.7,6,1712289600000000000,46720
FAASW,319919,0.0597,0.065,0.09,0.0512,1712289600000000000,306
FAB,2473,80.48,80.9922,80.9922,80.48,1712289600000000000,44
FAD,9577,121.9912,122.19,122.7799,121.9912,1712289600000000000,110
FAF,860623,60.19,60.5,60.615,59.49,1712289600000000000,15330
FAIL,4,16.825,16.825,16.825,16.825,1712289600000000000,2
FALN,562449,26.58,26.55,26.61,26.54,1712289600000000000,2623
FAM,16496,6.42,6.495,6.495,6.42,1712289600000000000,80
FAMI,36136,0.86,0.85,0.882899,0.837001,1712289600000000000,214
FAN,32706,15.25,15.29,15.32,15.2,1712289600000000000,362
FANG,1519799,201.4,204.32,205.025,200.3,1712289600000000000,31255
FANH,15245,4.41,4.5,4.635,4.41,1712289600000000000,266
FAPR,12308,36.42,36.44,36.51,36.42,1712289600000000000,34
FARM,30501,3.62,3.5,3.62,3.455,1712289600000000000,335
FARO,71721,20.33,20.35,20.5,20.18,1712289600000000000,2138
FAS,770928,105.48,107.49,108.42,104.87,1712289600000000000,8840
FAST,3698361,75.56,76.63,76.87,75.475,1712289600000000000,50768
FAT,36845,7.5,7.5,7.81,7.4,1712289600000000000,291
FATBP,4415,15.87,15.7,15.87,15.7,1712289600000000000,66
FATBW,6653,5.4,5.1,5.5,4.9275,1712289600000000000,51
FATE,1182617,6.9,6.92,7.14,6.8027,1712289600000000000,11774
FATH,1951,4.5,4.5208,4.65,4.5,1712289600000000000,38
FAUG,36101,42.59,42.71,42.77,42.59,1712289600000000000,69
FAX,820065,2.68,2.68,2.6999,2.67,1712289600000000000,3022
FAZ,3522142,10.46,10.24,10.51,10.142,1712289600000000000,8577
FBCG,556815,37.87,38.32,38.46,37.84,1712289600000000000,3047
FBCV,9286,30.495,30.6602,30.72,30.4233,1712289600000000000,144
FBGX,122,830.2271,830.2271,830.2271,830.2271,1712289600000000000,24
FBIN,702163,81.39,81.41,82.23,80.9,1712289600000000000,13121
FBIO,396312,1.88,1.87,1.9,1.6306,1712289600000000000,2245
FBIOP,1863,16.6,16.7,16.7,16.5502,1712289600000000000,36
FBIZ,12864,35.04,35.33,35.835,34.85,1712289600000000000,304
FBK,105887,35.55,36.12,36.27,35.42,1712289600000000000,2229
FBL,519827,29.74,30.78,31.15,29.31,1712289600000000000,3084
FBLG,37159,11.28,11.02,11.375,10.56,1712289600000000000,1579
FBMS,107371,23.94,24.22,24.365,23.94,1712289600000000000,1904
FBNC,82981,34.12,34.04,34.5,33.89,1712289600000000000,1734
FBND,21194713,44.9,44.87,44.99,44.85,1712289600000000000,5225
FBOT,12876,25.88,26.01,26.1015,25.842,1712289600000000000,137
FBP,617478,17.02,17.24,17.29,17.02,1712289600000000000,6137
FBRT,297038,12.86,12.73,12.94,12.73,1712289600000000000,2469
FBRTpE,15689,20.42,20.22,20.5,20.22,1712289600000000000,120
FBRX,32076,0.7195,0.6989,0.7195,0.67,1712289600000000000,139
FBT,18691,149.73,151.07,151.9708,149.73,1712289600000000000,348
FBTC,7150298,58.58,58.94,60.05,58.465,1712289600000000000,57021
FBY,109537,22.25,22.29,22.29,22,1712289600000000000,1069
FBYDW,1613,0.6101,0.6172,0.6173,0.6101,1712289600000000000,18
FBZ,497,12.01,11.96,12.02,11.96,1712289600000000000,11
FC,86242,37.4,38.07,38.29,37.33,1712289600000000000,1610
FCA,3240,18.92,18.84,18.96,18.7492,1712289600000000000,36
FCAL,5683,49.37,49.34,49.37,49.306,1712289600000000000,34
FCAP,507,29.54,29.1,29.54,29.1,1712289600000000000,13
FCBC,15870,32.54,32.78,32.915,32.54,1712289600000000000,480
FCCO,10020,16.56,16.69,16.87,16.5,1712289600000000000,316
FCEF,4267,20.49,20.51,20.53,20.48,1712289600000000000,32
FCEL,7819371,1.13,1.13,1.17,1.11,1712289600000000000,13962
FCF,386027,13.3,13.27,13.4,13.23,1712289600000000000,4626
FCFS,144984,123.14,124.77,125.465,123.08,1712289600000000000,3236
FCFY,135,22.9433,22.9433,22.9433,22.9433,1712289600000000000,6
FCG,106917,28.03,28.2,28.27,27.835,1712289600000000000,2507
FCLD,15556,24.68,24.82,24.9796,24.68,1712289600000000000,229
FCN,139369,206.53,208.09,208.995,205.07,1712289600000000000,5171
FCNCA,84602,1592.84,1594.57,1606.99,1577.64,1712289600000000000,5699
FCNCO,5728,22.85,23,23.1744,22.8403,1712289600000000000,41
FCNCP,13061,22.595,22.35,22.72,22.35,1712289600000000000,95
FCO,44823,5.45,5.45,5.47,5.38,1712289600000000000,186
FCOM,74076,49.61,50.1,50.3,49.61,1712289600000000000,4912
FCOR,23604,45.98,46,46.1289,45.97,1712289600000000000,255
FCPI,48792,38.56,39.01,39.125,38.56,1712289600000000000,229
FCPT,364746,23.38,23.62,23.69,23.225,1712289600000000000,4057
FCRX,3666,24.08,24.06,24.14,24.05,1712289600000000000,39
FCSH,1,23.74,23.74,23.74,23.74,1712289600000000000,1
FCT,198746,10.17,10.18,10.2,10.15,1712289600000000000,1227
FCTR,6887,30.35,30.51,30.59,30.35,1712289600000000000,48
FCUS,793,27.8584,27.7472,27.8584,27.7472,1712289600000000000,14
FCUV,237260,0.393999,0.3301,0.3999,0.3301,1712289600000000000,404
FCVT,10403,33.58,33.74,33.79,33.58,1712289600000000000,135
FCX,14155183,49.3,49.47,49.58,48.661,1712289600000000000,99959
FDAT,501,21.83,21.9502,22,21.83,1712289600000000000,6
FDBC,2007,45.75,47.03,47.03,45.75,1712289600000000000,121
FDCE,8147,11.53,11.6145,11.64,11.53,1712289600000000000,17
FDCF,1301,31.825,31.7888,31.825,31.7401,1712289600000000000,38
FDD,19907,11.96,12.0106,12.03,11.955,1712289600000000000,121
FDEC,7454,40.92,41.03,41.1076,40.88,1712289600000000000,76
FDEM,11920,24.99,24.98,24.99,24.8001,1712289600000000000,462
FDEV,17184,27.08,27.1901,27.25,27.05,1712289600000000000,458
FDFF,2449,31.4164,31.45,31.51,31.4164,1712289600000000000,59
FDG,4931,81.37,82.205,82.47,81.37,1712289600000000000,71
FDGR,15282,11.85,11.8753,11.91,11.84,1712289600000000000,51
FDHT,960,18.725,18.8069,18.855,18.725,1712289600000000000,35
FDHY,20549,47.77,47.76,47.8199,47.6801,1712289600000000000,260
FDIF,15427,28.04,28.31,28.3718,28.04,1712289600000000000,115
FDIG,31204,26.7,26.6,27.3,26.4195,1712289600000000000,648
FDIS,67416,79.97,80.21,80.7,79.9,1712289600000000000,1307
FDIV,6478,27.2799,27.36,27.445,27.27,1712289600000000000,63
FDL,646598,37.74,37.85,37.95,37.56,1712289600000000000,2600
FDLO,156602,55.06,55.35,55.53,55.06,1712289600000000000,484
FDLS,4860,30.0942,30.2643,30.32,30.0942,1712289600000000000,48
FDM,6121,61.19,61.7986,61.851,61.19,1712289600000000000,73
FDMO,110013,59.36,59.9785,60.13,59.36,1712289600000000000,214
FDMT,367190,27.4,28.6,28.71,26.9,1712289600000000000,7138
FDN,1212740,202.6,205.67,206.6,202.4,1712289600000000000,8696
FDND,101,20.4139,20.4139,20.4139,20.4139,1712289600000000000,3
FDNI,3588,22.9,22.9764,23.02,22.9,1712289600000000000,28
FDP,254447,25.46,25.38,25.47,25.035,1712289600000000000,3777
FDRR,13614,45.66,45.94,46.114,45.66,1712289600000000000,166
FDRV,13320,13.97,13.98,14.03,13.92,1712289600000000000,181
FDS,216177,434.19,433.17,434.8464,431.26,1712289600000000000,9601
FDT,72267,55.6,55.81,56.3704,55.5551,1712289600000000000,287
FDTB,9133,9.6,9.5801,9.6,9.5801,1712289600000000000,47
FDTS,51,42.2446,42.2446,42.2446,42.2446,1712289600000000000,3
FDTX,14056,31.59,32,32.0787,31.59,1712289600000000000,172
FDUS,111970,19.44,19.59,19.6,19.43,1712289600000000000,1367
FDV,8447,24.55,24.6127,24.6127,24.5,1712289600000000000,103
FDVL,16415,11.53,11.59,11.6,11.53,1712289600000000000,127
FDVV,373088,44.71,44.97,45.07,44.56,1712289600000000000,2448
FDWM,290,22.1739,22.1739,22.1739,22.1739,1712289600000000000,20
FDX,1568954,275,273.52,275.95,272.16,1712289600000000000,31148
FE,3193678,38,38.01,38.19,37.75,1712289600000000000,27316
FEAM,192570,1.4,1.38,1.41,1.26,1712289600000000000,1389
FEBO,1856,7.965,7.97,7.97,7.965,1712289600000000000,96
FEBP,0,25.9661,25.9661,25.9661,25.9661,1712289600000000000,0
FEBT,14851,30.64,30.745,30.7598,30.6125,1712289600000000000,92
FEBW,25220,28.8152,28.8394,28.88,28.78,1712289600000000000,86
FEBZ,0,32.4363,32.4363,32.4363,32.4363,1712289600000000000,0
FEDL,151,44.72,44.511,44.72,44.511,1712289600000000000,6
FEDM,536,49.48,49.6017,49.65,49.48,1712289600000000000,4
FEDU,282,10.225,9.71,10.225,9.71,1712289600000000000,9
FEEM,0,47.3984,47.3984,47.3984,47.3984,1712289600000000000,0
FEI,64168,9.72,9.72,9.76,9.61,1712289600000000000,360
FEIG,678,40.61,40.5478,40.61,40.52,1712289600000000000,10
FEIM,16711,10.44,10.18,10.44,10.1511,1712289600000000000,144
FELC,338391,29.01,29.26,29.375,29.01,1712289600000000000,2314
FELE,96155,102.36,103.02,103.635,102.36,1712289600000000000,2793
FELG,259808,29.16,29.44,29.58,29.14,1712289600000000000,1282
FELV,60369,28.65,28.88,28.9099,28.65,1712289600000000000,434
FEM,46836,23.32,23.46,23.5333,23.32,1712289600000000000,250
FEMB,16703,28.48,28.41,28.48,28.21,1712289600000000000,208
FEMS,21124,39.02,39.19,39.41,38.9943,1712289600000000000,227
FEMY,264821,1.74,1.69,1.74,1.67,1712289600000000000,996
FEN,27743,16.46,16.56,16.56,16.36,1712289600000000000,197
FENC,103807,10.86,10.69,11.07,10.65,1712289600000000000,696
FENG,4982,2.08,2.0699,2.11,2.05,1712289600000000000,75
FENI,27190,28.16,28.24,28.2701,28.0901,1712289600000000000,216
FENY,862690,26.67,26.87,26.96,26.5237,1712289600000000000,5003
FEP,20898,37.56,37.73,37.82,37.4614,1712289600000000000,154
FEPI,106837,54.71,54.96,55.2,54.48,1712289600000000000,1693
FERG,898003,220.83,223.85,223.86,220.83,1712289600000000000,18843
FESM,23149,28.96,29.22,29.34,28.96,1712289600000000000,525
FET,22017,19.87,20.27,20.38,19.87,1712289600000000000,708
FEUS,808,57.96,58.4101,58.48,57.96,1712289600000000000,13
FEUZ,3111,42.69,42.64,42.69,42.64,1712289600000000000,9
FEX,12986,97.17,97.93,98.22,97.17,1712289600000000000,182
FEZ,1485019,51.76,51.98,52.11,51.615,1712289600000000000,14069
FF,626393,8.14,8.08,8.24,8.055,1712289600000000000,6350
FFA,25462,18.48,18.57,18.6797,18.42,1712289600000000000,206
FFBC,175403,21.58,21.63,21.78,21.58,1712289600000000000,3486
FFC,110373,14.63,14.54,14.65,14.51,1712289600000000000,542
FFEB,14434,44.75,45.02,45.075,44.75,1712289600000000000,139
FFIC,118707,12.05,11.92,12.275,11.9,1712289600000000000,2357
FFIE,20487780,0.0825,0.0784,0.0848,0.078,1712289600000000000,12749
FFIEW,189401,0.011,0.01,0.012,0.0083,1712289600000000000,39
FFIN,297315,31.34,31.44,31.71,31.18,1712289600000000000,5075
FFIU,5,21.54,21.54,21.54,21.54,1712289600000000000,5
FFIV,323607,189.43,192.42,192.66,189.23,1712289600000000000,11850
FFLC,51248,41.41,41.7287,41.8696,41.3452,1712289600000000000,324
FFLG,44444,21.6,21.8932,21.98,21.6,1712289600000000000,296
FFLS,214,22.43,22.4845,22.4845,22.43,1712289600000000000,3
FFLV,849,20.91,21.0318,21.0318,20.91,1712289600000000000,21
FFND,589,22.495,22.6117,22.6117,22.495,1712289600000000000,13
FFNW,14823,20.43,20.54,20.59,20.39,1712289600000000000,464
FFOG,21643,33.5,33.98,34.1,33.5,1712289600000000000,78
FFSM,11514,25.44,25.7201,25.77,25.44,1712289600000000000,58
FFTY,47939,26.78,27.28,27.36,26.78,1712289600000000000,410
FFWM,272372,7.21,7.23,7.29,7.18,1712289600000000000,3325
FG,195472,40.96,40.91,42.3,40.91,1712289600000000000,3165
FGB,26892,3.62,3.6523,3.67,3.62,1712289600000000000,70
FGBI,2810,10.11,9.78,10.11,9.78,1712289600000000000,104
FGBIP,2896,18.25,18.468,18.7,18.25,1712289600000000000,21
FGD,47581,22.57,22.59,22.6482,22.45,1712289600000000000,312
FGDL,1606,30.63,31.026,31.14,30.63,1712289600000000000,35
FGEN,1620188,1.56,1.62,1.695,1.51,1712289600000000000,9122
FGF,23268,1.3508,1.43,1.43,1.3508,1712289600000000000,58
FGM,6,40.1901,40.1901,40.1901,40.1901,1712289600000000000,2
FGN,43070,26.18,26.07,26.189,26.04,1712289600000000000,260
FHB,471013,21.18,21.2,21.535,21.1,1712289600000000000,9063
FHI,502472,36.14,36.37,36.52,36.01,1712289600000000000,5797
FHLC,95743,67.02,67.64,67.87,66.9,1712289600000000000,1470
FHN,3688048,14.87,14.82,14.925,14.69,1712289600000000000,26445
FHNpB,13253,24.35,24.35,24.4,24.3,1712289600000000000,86
FHNpC,11181,24.1,24.2,24.225,24.1,1712289600000000000,66
FHNpD,32935,25.6715,25.67,25.68,25.66,1712289600000000000,115
FHNpE,4699,23.5,23.52,23.52,23.4545,1712289600000000000,66
FHNpF,8994,17.145,17.25,17.35,17.145,1712289600000000000,69
FHTX,39505,6.99,7.1,7.26,6.62,1712289600000000000,602
FHYS,14,22.83,22.83,22.83,22.83,1712289600000000000,5
FI,1691821,155.86,157.38,157.84,155.13,1712289600000000000,31529
FIAC,13283,11.02,11.0414,11.05,11.02,1712289600000000000,26
FIACW,53600,0.0301,0.0401,0.0402,0.0301,1712289600000000000,37
FIAX,3700,19.32,19.3254,19.34,19.315,1712289600000000000,43
FIBK,745200,25.58,25.84,25.99,25.525,1712289600000000000,10751
FIBR,8913,85.46,85.4393,85.6105,85.4393,1712289600000000000,73
FICO,80303,1221.89,1231.65,1243.4,1221.89,1712289600000000000,6491
FICS,18339,34.18,34.29,34.366,34.1,1712289600000000000,84
FID,5729,15.72,15.75,15.7976,15.72,1712289600000000000,27
FIDI,14756,20.89,20.9549,21.01,20.8452,1712289600000000000,169
FIDU,58278,66.89,67.61,67.72,66.8459,1712289600000000000,770
FIF,30596,18.23,18.3,18.33,18.07,1712289600000000000,230
FIG,5558,22.79,22.7458,22.79,22.74,1712289600000000000,49
FIGB,8300,42.44,42.3008,42.44,42.25,1712289600000000000,429
FIGS,3449639,4.64,4.96,5.03,4.62,1712289600000000000,19087
FIHL,762661,19.32,19.14,19.32,18.94,1712289600000000000,5409
FIIG,335997,20.49,20.36,20.49,20.3,1712289600000000000,336
FILL,52735,27.44,27.63,27.7,27.4373,1712289600000000000,119
FINE,172,25.16,24.87,25.16,24.87,1712289600000000000,6
FINS,30242,12.42,12.42,12.47,12.3851,1712289600000000000,141
FINV,580548,5.17,5.23,5.26,5.17,1712289600000000000,3725
FINW,6485,9.7,9.71,9.78,9.67,1712289600000000000,130
FINX,27032,26.38,26.64,26.83,26.3,1712289600000000000,357
FIP,746761,6.41,6.42,6.43,6.34,1712289600000000000,3998
FIS,2872229,72.14,72.44,72.7,71.69,1712289600000000000,30547
FISI,40564,17.81,17.85,18.09,17.8,1712289600000000000,935
FISR,40020,25.32,25.31,25.36,25.3003,1712289600000000000,235
FITB,2888365,35.22,35.3,35.545,34.99,1712289600000000000,32108
FITBI,78523,25.17,25.2,25.24,25.15,1712289600000000000,416
FITBO,5628,23.76,23.71,23.93,23.6001,1712289600000000000,124
FITBP,5147,25.0157,24.75,25.0157,24.75,1712289600000000000,80
FITE,2751,55.75,56.1243,56.22,55.75,1712289600000000000,61
FIVA,9333,25.44,25.4725,25.4946,25.345,1712289600000000000,93
FIVE,1159908,164.26,162.77,165.67,162.65,1712289600000000000,21235
FIVG,24370,38.27,38.49,38.67,38.2462,1712289600000000000,289
FIVN,1586817,59.96,59.82,60.32,59.16,1712289600000000000,18190
FIW,35136,100.25,101.04,101.25,100.25,1712289600000000000,575
FIX,304076,313.69,323.4,324.2,312.75,1712289600000000000,9269
FIXD,1036787,43.25,43.02,43.27,43.01,1712289600000000000,3208
FIXT,144,34.17,34.42,34.42,34.17,1712289600000000000,9
FIZZ,104793,49.14,49.61,49.67,48.7,1712289600000000000,3520
FJAN,25499,41.685,41.81,41.9099,41.685,1712289600000000000,111
FJP,12147,54.47,54.66,54.78,54.2613,1712289600000000000,140
FJUL,24921,44.07,44.25,44.375,44.07,1712289600000000000,59
FJUN,9279,46.69,46.83,46.92,46.69,1712289600000000000,75
FKU,1898,37.08,37.1,37.29,37,1712289600000000000,26
FKWL,10857,2.93,2.93,3,2.93,1712289600000000000,76
FL,2974990,24.13,24.09,24.7625,24.08,1712289600000000000,28809
FLAO,3648,24.83,24.9421,24.95,24.83,1712289600000000000,17
FLAU,10990,28.61,28.765,28.8401,28.61,1712289600000000000,121
FLAX,485,21.87,21.8488,21.87,21.8488,1712289600000000000,15
FLBL,114909,24.34,24.36,24.36,24.33,1712289600000000000,578
FLBR,61301,19.35,19.19,19.37,19.14,1712289600000000000,262
FLC,29909,15.16,15.13,15.17,15.13,1712289600000000000,271
FLCA,10835,34.45,34.76,34.8299,34.34,1712289600000000000,135
FLCB,93328,21.08,21.065,21.1288,21.061,1712289600000000000,498
FLCH,43423,15.86,15.86,15.865,15.79,1712289600000000000,236
FLCO,17183,21.06,21.0605,21.1,21.06,1712289600000000000,155
FLDB,0,50.105,50.105,50.105,50.105,1712289600000000000,0
FLDR,41903,49.91,49.9,49.9194,49.9,1712289600000000000,518
FLDZ,1,25.7043,25.7043,25.7043,25.7043,1712289600000000000,1
FLEE,4403,29.29,29.4569,29.4569,29.29,1712289600000000000,30
FLEU,524,25.8099,25.7959,25.8099,25.785,1712289600000000000,17
FLEX,2601059,28.8,29.06,29.26,28.685,1712289600000000000,29278
FLFVR,5000,0.15,0.15,0.15,0.15,1712289600000000000,2
FLGB,203956,25.89,26.02,26.05,25.82,1712289600000000000,278
FLGC,683270,2.36,2.38,2.5,2.2622,1712289600000000000,2676
FLGR,11933,24.54,24.66,24.66,24.48,1712289600000000000,86
FLGT,144731,20.98,21.28,21.45,20.91,1712289600000000000,3033
FLGV,49145,20.25,20.22,20.2698,20.22,1712289600000000000,122
FLHK,82146,16.44,16.45,16.6199,16.44,1712289600000000000,145
FLHY,26097,23.52,23.49,23.52,23.47,1712289600000000000,261
FLIA,36207,20.16,20.16,20.1814,20.14,1712289600000000000,127
FLIC,118591,10.56,10.57,10.75,10.55,1712289600000000000,2326
FLIN,2343181,37.31,37.46,37.51,37.26,1712289600000000000,3948
FLJ,40542,0.64544,0.64,0.68,0.63,1712289600000000000,127
FLJH,15238,30.9,30.9794,31.0192,30.82,1712289600000000000,174
FLJJ,1284,26.05,26.0599,26.075,26.01,1712289600000000000,16
FLJP,1263150,30.35,30.43,30.48,30.3,1712289600000000000,1384
FLKR,16797,22.81,22.8801,22.94,22.729,1712289600000000000,144
FLL,37055,5.18,5.44,5.46,5.18,1712289600000000000,712
FLLA,6787,23.42,23.4643,23.4899,23.36,1712289600000000000,146
FLLV,8859,53.215,53.59,53.71,53.1801,1712289600000000000,110
FLMB,51542,23.71,23.66,23.74,23.66,1712289600000000000,508
FLMI,100560,24.2,24.15,24.22,24.15,1712289600000000000,792
FLMX,4244,34.4698,34.5291,34.5291,34.36,1712289600000000000,119
FLN,6745,20.6605,20.63,20.6786,20.51,1712289600000000000,33
FLNC,1011514,16.42,16.61,16.74,16.176,1712289600000000000,13480
FLNG,146977,25.88,25.71,25.89,25.63,1712289600000000000,3649
FLNT,77206,0.51,0.5121,0.5241,0.5,1712289600000000000,283
FLO,916000,23.24,23.17,23.315,23.085,1712289600000000000,11565
FLOT,823606,50.9,50.88,50.9,50.88,1712289600000000000,2574
FLOW,938,31.21,31.41,31.61,31.21,1712289600000000000,24
FLQL,17698,52.26,52.7,52.88,52.26,1712289600000000000,156
FLQM,66374,52.21,52.5,52.57,52.18,1712289600000000000,445
FLQS,1374,39.27,39.3506,39.52,39.27,1712289600000000000,11
FLR,1096595,41.86,42.41,42.84,41.85,1712289600000000000,11595
FLRG,10297,29.85,30.1818,30.2499,29.85,1712289600000000000,159
FLRN,381152,30.74,30.73,30.74,30.72,1712289600000000000,1197
FLRT,26802,47.58,47.62,47.62,47.57,1712289600000000000,183
FLS,2298265,47.38,47.88,48.11,47.31,1712289600000000000,15644
FLSA,199,38.555,38.5452,38.555,38.5452,1712289600000000000,11
FLSP,10645,23.86,23.88,24.1,23.62,1712289600000000000,78
FLSW,7078,32.18,32.1888,32.231,32.14,1712289600000000000,65
FLTB,4565,49,48.945,49,48.91,1712289600000000000,48
FLTR,517818,25.39,25.39,25.4,25.385,1712289600000000000,1526
FLTW,62807,43.4,43.7048,43.7801,43.35,1712289600000000000,385
FLUD,742,24.79,24.835,24.84,24.79,1712289600000000000,11
FLUT,425277,197.8,201.3,202.46,197.57,1712289600000000000,5904
FLUX,83194,5.04,4.96,5.2397,4.81,1712289600000000000,988
FLV,6874,64.0217,64.213,64.213,63.97,1712289600000000000,58
FLWS,295036,9.37,9.36,9.55,9.3,1712289600000000000,3785
FLXS,23647,40.21,40.44,41.12,39.89,1712289600000000000,1100
FLYD,174,24.6845,24.6845,24.6845,24.6845,1712289600000000000,20
FLYU,580,51.2837,52.0672,52.0672,51.2837,1712289600000000000,20
FLYW,622164,23.32,23.23,23.405,23.07,1712289600000000000,9632
FLYX,35878,4.06,4.4,4.4,3.92,1712289600000000000,524
FM,111162,28.5,28.55,28.73,28.38,1712289600000000000,914
FMAG,77472,27.62,28.06,28.08,27.62,1712289600000000000,355
FMAO,11495,21.35,21.23,21.51,20.91,1712289600000000000,308
FMAR,52593,38.85,39.04,39.1,38.84,1712289600000000000,204
FMAT,18915,51.84,52.195,52.2268,51.73,1712289600000000000,356
FMAY,7036,43.18,43.23,43.2349,43.1401,1712289600000000000,53
FMB,94238,50.96,50.985,51.06,50.96,1712289600000000000,569
FMBH,27443,31.01,30.99,31.1799,30.85,1712289600000000000,840
FMC,1658655,58.85,58.74,59.47,58.23,1712289600000000000,23594
FMCX,2801,28.67,28.5996,28.7,28.5996,1712289600000000000,6
FMDE,62930,29.87,30.1992,30.25,29.87,1712289600000000000,612
FMED,7009,24.45,24.76,24.7931,24.42,1712289600000000000,96
FMET,2222,28.555,28.6,28.72,28.54,1712289600000000000,137
FMF,18222,50.07,50.2884,50.38,50.07,1712289600000000000,204
FMHI,71249,47.8,47.68,47.8,47.66,1712289600000000000,474
FMN,8706,10.99,10.98,10.99,10.971,1712289600000000000,36
FMNB,43073,12.85,12.8,12.8612,12.77,1712289600000000000,865
FMNY,448,26.83,26.815,26.83,26.815,1712289600000000000,7
FMQQ,5333,12.11,12.1979,12.1999,12.11,1712289600000000000,41
FMS,183243,18.73,18.75,18.78,18.62,1712289600000000000,3160
FMST,14621,2.77,3.05,3.05,2.7504,1712289600000000000,168
FMX,310986,128.11,128.47,129.58,127.18,1712289600000000000,6729
FMY,7435,12,12.011,12.16,12,1712289600000000000,39
FN,255683,187.23,187.45,190.56,186.69,1712289600000000000,6877
FNA,849432,10.11,10.39,10.63,9.92,1712289600000000000,9543
FNB,1450744,13.48,13.59,13.645,13.48,1712289600000000000,12519
FNCB,18506,5.57,5.55,5.67,5.4,1712289600000000000,224
FNCH,16459,2.36,2.201,2.395,2.16,1712289600000000000,97
FNCL,53194,58.08,58.37,58.5709,57.97,1712289600000000000,791
FND,1068924,118.77,119.19,120.16,118.15,1712289600000000000,18948
FNDA,514911,55.36,55.65,55.87,55.21,1712289600000000000,1558
FNDB,23396,64.96,65.29,65.4599,64.86,1712289600000000000,284
FNDC,121425,35.14,35.25,35.34,35.09,1712289600000000000,590
FNDE,438331,27.89,27.96,28.03,27.835,1712289600000000000,2135
FNDF,789367,35.37,35.49,35.555,35.2542,1712289600000000000,3456
FNDX,443525,66.15,66.51,66.72,66.0775,1712289600000000000,2011
FNF,869192,52.27,52.43,52.71,51.77,1712289600000000000,12003
FNGD,1621094,37.28,36.33,37.58,35.4501,1712289600000000000,9413
FNGG,7779,114.95,117.3158,118.19,114.71,1712289600000000000,196
FNGO,16635,57.92,59.16,59.77,57.92,1712289600000000000,235
FNGR,531995,2.5,2.64,2.94,2.4965,1712289600000000000,2787
FNGS,63518,43.05,43.28,43.746,43,1712289600000000000,736
FNGU,997871,321.32,329.2,336.54,319,1712289600000000000,19837
FNK,10586,52.54,52.67,52.8087,52.43,1712289600000000000,86
FNKO,564831,5.75,5.73,5.8,5.56,1712289600000000000,6608
FNLC,19181,24.31,24.03,24.31,23.8,1712289600000000000,424
FNOV,33388,44.44,44.56,44.6,44.44,1712289600000000000,46
FNV,670310,118.79,122.31,122.68,118.215,1712289600000000000,13767
FNWB,12678,15.15,15.28,15.3,15.05,1712289600000000000,308
FNWD,925,24.795,24.6,24.8425,24.45,1712289600000000000,11
FNX,19037,109.68,110.65,111.06,109.68,1712289600000000000,285
FNY,9007,73.38,74.17,74.4066,73.38,1712289600000000000,143
FOA,37126,0.7336,0.72,0.762,0.701101,1712289600000000000,397
FOCT,10969,40.37,40.4502,40.49,40.33,1712289600000000000,47
FOF,32173,11.48,11.51,11.5402,11.48,1712289600000000000,193
FOLD,2737946,11.37,11.72,11.785,11.21,1712289600000000000,16839
FONR,7980,19.7,19.54,20.085,19.49,1712289600000000000,181
FOR,229172,38.47,39.24,39.605,38.44,1712289600000000000,4339
FORA,8102,2.9,2.93,2.9922,2.86,1712289600000000000,134
FORD,8834,0.5778,0.5689,0.5778,0.56,1712289600000000000,107
FORH,150,23.62,23.62,23.62,23.62,1712289600000000000,2
FORL,612,10.82,10.71,10.82,10.71,1712289600000000000,8
FORM,337098,45.53,46.29,46.6275,45.34,1712289600000000000,6614
FORR,114282,20.26,20.13,20.585,20.06,1712289600000000000,2792
FORTY,1225,78,78,78,78,1712289600000000000,24
FOSL,240114,0.9267,0.9506,0.974,0.9201,1712289600000000000,1317
FOSLL,4971,10.95,10.96,11.44,10.94,1712289600000000000,52
FOUR,1278745,65.25,67.46,67.79,65.1301,1712289600000000000,18845
FOVL,1816,61.4249,61.7918,61.7918,61.33,1712289600000000000,12
FOX,2077153,28.51,28.45,28.7,28.33,1712289600000000000,16931
FOXA,6128369,31.22,31.02,31.42,30.95,1712289600000000000,38149
FOXF,552104,46.27,45.66,46.77,45.38,1712289600000000000,10341
FOXO,274392,0.34,0.3352,0.343,0.3258,1712289600000000000,590
FPA,3,27.21,27.21,27.21,27.21,1712289600000000000,3
FPAG,14550,28.42,28.5881,28.63,28.4178,1712289600000000000,59
FPAY,70554,1.34,1.36,1.38,1.34,1712289600000000000,190
FPE,862793,17.35,17.36,17.38,17.32,1712289600000000000,2508
FPEI,117834,18.17,18.18,18.18,18.1401,1712289600000000000,585
FPF,96952,17.61,17.59,17.63,17.5503,1712289600000000000,625
FPFD,3144,21.3997,21.397,21.41,21.37,1712289600000000000,52
FPH,28223,3.12,3.14,3.15,3.1,1712289600000000000,245
FPI,200926,10.68,10.68,10.77,10.62,1712289600000000000,2254
FPL,33208,7.68,7.7,7.71,7.6401,1712289600000000000,143
FPRO,2780,20.385,20.4738,20.4738,20.3395,1712289600000000000,37
FPX,40835,101.52,103.22,103.8713,101.52,1712289600000000000,287
FPXE,11,25.285,25.285,25.285,25.285,1712289600000000000,4
FPXI,3539,46.08,46.77,46.77,46.08,1712289600000000000,105
FQAL,186687,57.64,58.11,58.32,57.64,1712289600000000000,895
FR,925186,51.06,51.59,51.64,50.8,1712289600000000000,12856
FRA,130866,12.95,12.87,12.95,12.87,1712289600000000000,742
FRAF,726,25.805,25.75,25.805,25.75,1712289600000000000,22
FRBA,13746,13.09,12.99,13.1574,12.89,1712289600000000000,264
FRD,24050,19.2,19.3,19.46,18.72,1712289600000000000,290
FRDM,53982,33.86,33.915,34.0399,33.7338,1712289600000000000,320
FREE,377694,4.83,4.81,4.83,4.8,1712289600000000000,2214
FREEW,48850,0.045601,0.064,0.064,0.045601,1712289600000000000,82
FREL,163826,25.12,25.32,25.36,25.04,1712289600000000000,1429
FRES,104551,0.49,0.4679,0.5,0.435,1712289600000000000,199
FREY,1754250,1.91,1.91,1.98,1.82,1712289600000000000,6484
FREY.WS,6400,0.198,0.175,0.198,0.175,1712289600000000000,12
FRGE,1982556,1.95,2.36,2.39,1.82,1712289600000000000,8440
FRGT,140710,1.24,1.2,1.28,1.18,1712289600000000000,782
FRHC,34827,68.94,69.49,69.49,68.2,1712289600000000000,1129
FRI,19768,25.01,25.2389,25.25,24.98,1712289600000000000,124
FRLA,5809,11.15,11.15,11.15,11.15,1712289600000000000,20
FRME,168678,33.41,33.63,33.77,33.36,1712289600000000000,3577
FRNW,6517,14.51,14.5691,14.6227,14.51,1712289600000000000,125
FRO,1134087,24.28,23.92,24.36,23.77,1712289600000000000,11734
FROG,577199,42.68,43.09,43.35,42.145,1712289600000000000,9924
FRPH,10769,60.36,60.6,60.71,60.36,1712289600000000000,369
FRPT,535952,112.14,116.02,116.62,111.23,1712289600000000000,10862
FRSH,1698128,17.95,18.17,18.205,17.93,1712289600000000000,18405
FRST,70129,11.34,11.28,11.35,11.26,1712289600000000000,1091
FRSX,145812,1.19,1.18,1.2,1.13,1712289600000000000,557
FRT,377120,99.69,99.69,100.43,98.86,1712289600000000000,8124
FRTpC,9801,21.64,21.57,21.68,21.54,1712289600000000000,96
FRTY,2097,15.7907,15.8349,15.85,15.7907,1712289600000000000,18
FRZA,9234,0.465,0.4852,0.49,0.465,1712289600000000000,71
FSBC,138738,22.025,22,22.19,21.75,1712289600000000000,1554
FSBD,1920,46.31,46.18,46.33,46.18,1712289600000000000,25
FSBW,18372,33.81,33.81,33.81,33.81,1712289600000000000,111
FSCO,554702,5.84,5.9,5.93,5.84,1712289600000000000,1056
FSD,104076,11.46,11.58,11.59,11.44,1712289600000000000,609
FSEA,618,8.2469,8.65,8.65,8.2469,1712289600000000000,7
FSEC,1195,41.84,41.8,41.84,41.8,1712289600000000000,8
FSEP,6364,42.2,42.32,42.3582,42.2,1712289600000000000,29
FSFG,4003,16.25,16.06,16.49,16.06,1712289600000000000,84
FSI,84843,2.4,2.26,2.49,2.2,1712289600000000000,542
FSIG,352365,18.73,18.75,18.76,18.729,1712289600000000000,1732
FSK,1031583,18.91,19.18,19.195,18.9,1712289600000000000,7682
FSLD,167,50.05,50.05,50.05,50.05,1712289600000000000,9
FSLR,2343871,167.35,174.6,176.285,167.01,1712289600000000000,45353
FSLY,2305865,12.45,12.53,12.6,12.33,1712289600000000000,18854
FSM,10950348,4.4,4.71,4.76,4.35,1712289600000000000,24062
FSMB,48908,19.79,19.795,19.81,19.77,1712289600000000000,143
FSMD,102528,37.66,38.03,38.12,37.66,1712289600000000000,309
FSP,259681,2.11,2.1,2.15,2.09,1712289600000000000,2397
FSS,337734,85.52,86.54,86.84,84.45,1712289600000000000,7181
FSST,2596,24.68,24.8499,24.87,24.68,1712289600000000000,40
FSTA,63850,46.16,46.27,46.36,46.0397,1712289600000000000,888
FSTR,43864,26.62,27.17,27.305,26.45,1712289600000000000,1033
FSV,165949,157.61,158.84,159.74,157.54,1712289600000000000,3018
FSYD,6024,46.415,46.4007,46.48,46.3792,1712289600000000000,96
FSZ,698,62.44,62.7702,62.7702,62.39,1712289600000000000,20
FT,38032,6.59,6.63,6.66,6.59,1712289600000000000,232
FTA,32642,75.25,75.501,75.61,74.9759,1712289600000000000,384
FTAG,5708,25.79,25.9522,25.9522,25.78,1712289600000000000,49
FTAI,1136086,69.87,72.72,73.54,69.4291,1712289600000000000,13011
FTAIM,18634,25.3999,25.4,25.52,25.3832,1712289600000000000,87
FTAIN,1384,25.31,25.26,25.32,25.26,1712289600000000000,26
FTAIO,6077,25.1118,25.08,25.17,25.06,1712289600000000000,63
FTAIP,2960,25.2,25.2,25.2,25.13,1712289600000000000,30
FTBD,5145,48.53,48.4541,48.55,48.4541,1712289600000000000,58
FTC,29940,120.32,121.65,122.2,120.32,1712289600000000000,396
FTCB,7155,20.73,20.71,20.75,20.7,1712289600000000000,27
FTCI,562904,0.54,0.552,0.5608,0.50205,1712289600000000000,2330
FTCS,294573,83.49,84.08,84.25,83.46,1712289600000000000,2980
FTDR,680375,30.81,30.75,31.095,30.45,1712289600000000000,8746
FTDS,1447,49.63,50.05,50.1099,49.63,1712289600000000000,20
FTEC,169601,152.92,154.08,154.83,152.41,1712289600000000000,4753
FTEK,18838,1.22,1.2396,1.27,1.22,1712289600000000000,104
FTEL,818254,7.09,8.25,8.59,7.09,1712289600000000000,2417
FTF,149159,6.23,6.21,6.24,6.19,1712289600000000000,896
FTFT,19116,0.9,0.88,0.9495,0.87,1712289600000000000,260
FTGC,324398,24.33,24.46,24.56,24.33,1712289600000000000,1409
FTGS,178339,30.34,30.59,30.66,30.323,1712289600000000000,617
FTHF,504,24.0299,23.96,24.0299,23.96,1712289600000000000,3
FTHI,202412,22.28,22.36,22.4,22.2229,1712289600000000000,1007
FTHM,36651,1.99,1.98,2,1.9101,1712289600000000000,258
FTHY,70246,14.17,14.21,14.26,14.17,1712289600000000000,281
FTI,3423776,26.75,26.93,27.16,26.5045,1712289600000000000,29926
FTIF,340,24.66,24.8877,24.8877,24.66,1712289600000000000,9
FTK,53074,3.71,3.73,3.76,3.605,1712289600000000000,312
FTLF,38494,26.4,27.77,28.9,26.0001,1712289600000000000,289
FTLS,115769,61.037,61.39,61.4024,60.983,1712289600000000000,420
FTNT,7475375,69.75,70.91,71.83,69.34,1712289600000000000,75711
FTQI,317427,20.37,20.47,20.58,20.3326,1712289600000000000,1380
FTRB,36738,24.745,24.74,24.78,24.7119,1712289600000000000,166
FTRE,363229,38,39.04,39.24,37.55,1712289600000000000,8662
FTRI,73818,13.43,13.55,13.59,13.4101,1712289600000000000,327
FTS,517710,38.81,38.8,38.86,38.505,1712289600000000000,4936
FTSD,4178,91.52,89.78,91.52,89.75,1712289600000000000,64
FTSL,207143,46.17,46.15,46.28,46.14,1712289600000000000,1289
FTSM,720664,59.67,59.65,59.67,59.65,1712289600000000000,1790
FTV,1251788,84.05,84.27,84.57,83.75,1712289600000000000,18840
FTWO,1188,28.31,28.7419,28.7419,28.31,1712289600000000000,29
FTXG,12910,24.47,24.47,24.48,24.371,1712289600000000000,98
FTXH,1318,27.14,26.99,27.14,26.99,1712289600000000000,23
FTXL,37081,87.68,88.34,88.84,87.41,1712289600000000000,470
FTXN,63904,33.31,33.6152,33.685,33.2188,1712289600000000000,286
FTXO,57318,26.04,26.2391,26.33,26.04,1712289600000000000,140
FTXR,1713,31.3,31.48,31.48,31.3,1712289600000000000,40
FUBO,6833332,1.54,1.55,1.57,1.5,1712289600000000000,12988
FUFU,49232,4.15,4.13,4.39,4,1712289600000000000,674
FUFUW,415,0.37,0.3701,0.3701,0.37,1712289600000000000,5
FUL,280532,77.43,77.67,78.005,76.96,1712289600000000000,5162
FULC,374620,8.92,8.52,9.165,8.51,1712289600000000000,4974
FULT,463253,15.26,15.32,15.4,15.23,1712289600000000000,6371
FULTP,6829,18.78,18.7066,18.81,18.7,1712289600000000000,38
FUMB,54105,20.05,20.025,20.05,20.02,1712289600000000000,154
FUN,209655,40.5,41.24,41.31,40,1712289600000000000,1812
FUNC,9140,22.5,22.54,22.76,22.4,1712289600000000000,304
FUND,16657,7.94,8.03,8.07,7.94,1712289600000000000,112
FUNL,3855,38.99,39.19,39.2,38.99,1712289600000000000,42
FURY,297875,0.4702,0.51,0.515,0.462,1712289600000000000,331
FUSB,3657,9.66,9.85,9.85,9.66,1712289600000000000,53
FUSI,445,50.64,50.71,50.77,50.64,1712289600000000000,6
FUSN,4513332,21.32,21.32,21.44,20.97,1712289600000000000,11085
FUTU,506803,55.54,56.48,56.6,55.45,1712289600000000000,8620
FUTY,89805,41.76,42.15,42.22,41.59,1712289600000000000,1048
FUV,48959,0.461,0.44575,0.461,0.44575,1712289600000000000,226
FV,97119,55.74,56.18,56.42,55.7001,1712289600000000000,655
FVAL,103590,55.95,56.43,56.6,55.95,1712289600000000000,326
FVC,5975,34.08,34.14,34.25,34.08,1712289600000000000,51
FVCB,7801,11.92,11.91,12.15,11.91,1712289600000000000,158
FVD,1262788,41.26,41.34,41.445,41.13,1712289600000000000,5181
FVRR,961298,19.94,19.73,20.1786,19.6,1712289600000000000,12172
FWBI,33235,4.02,3.96,4.08,3.89,1712289600000000000,345
FWD,35917,71.46,72.66,72.66,71.46,1712289600000000000,47
FWONA,84777,59.9125,60.84,61.025,59.7,1712289600000000000,1955
FWONK,1049137,67.51,68.49,68.7,66.93,1712289600000000000,14965
FWRD,712100,27.76,28.18,28.66,27.07,1712289600000000000,10810
FWRG,634437,22.8,22.76,23.2,22.69,1712289600000000000,10261
FXA,5247,64.89,65.1219,65.1739,64.89,1712289600000000000,63
FXB,11408,120.98,121.4227,121.4287,120.98,1712289600000000000,123
FXC,13558,71.69,71.9273,71.98,71.64,1712289600000000000,126
FXD,37146,61.44,61.86,62.1,61.44,1712289600000000000,482
FXE,12657,99.68,100.02,100.09,99.65,1712289600000000000,165
FXED,7977,18.61,18.51,18.6199,18.43,1712289600000000000,25
FXF,39282,98.32,98.64,98.89,98.32,1712289600000000000,239
FXG,16576,66.85,67.14,67.1871,66.85,1712289600000000000,222
FXH,23109,105.91,106.82,107.1916,105.91,1712289600000000000,349
FXI,32450908,24.19,24.19,24.28,24.145,1712289600000000000,36766
FXL,28884,132.36,133.45,133.8,132.26,1712289600000000000,282
FXN,2219336,19.22,19.35,19.405,19.11,1712289600000000000,4702
FXNC,695,16.3,16.3,16.3,16.3,1712289600000000000,28
FXO,57846,46.11,46.41,46.5731,46.11,1712289600000000000,308
FXP,7077,37.05,37,37.05,36.755,1712289600000000000,57
FXR,46294,71.5,72.1,72.26,71.5,1712289600000000000,433
FXU,40321,32.01,32.16,32.19,31.86,1712289600000000000,346
FXY,51667,61.08,61.1,61.1599,61.051,1712289600000000000,685
FXZ,22883,70.67,71.31,71.37,70.61,1712289600000000000,242
FYBR,1381878,23.09,22.74,23.485,22.62,1712289600000000000,19395
FYC,6772,63.77,64.68,64.775,63.77,1712289600000000000,89
FYLD,36537,26.98,27.1,27.11,26.81,1712289600000000000,218
FYLG,10,26.2549,26.2549,26.2549,26.2549,1712289600000000000,1
FYT,9028,52.65,52.9659,53.006,52.635,1712289600000000000,57
FYX,20584,90.39,91.01,91.37,90.39,1712289600000000000,229
G,2477758,31.74,31.64,31.96,31.1,1712289600000000000,19348
GAA,7837,28.69,28.7243,28.77,28.665,1712289600000000000,101
GAB,539251,5.37,5.39,5.395,5.32,1712289600000000000,1197
GABpG,10951,21.63,21.67,21.69,21.57,1712289600000000000,90
GABpH,4523,21.65,21.57,21.68,21.55,1712289600000000000,40
GABpK,6004,21.671,21.85,21.96,21.63,1712289600000000000,51
GABC,47238,33.06,33.24,33.38,32.955,1712289600000000000,1361
GABF,766,36.6598,37.0302,37.0302,36.6598,1712289600000000000,27
GAIA,13963,3.32,3.5,3.58,3.32,1712289600000000000,132
GAIN,81594,13.81,13.86,13.96,13.8,1712289600000000000,1681
GAINL,2160,26,25.915,26,25.8,1712289600000000000,17
GAINN,2202,24.23,24.1501,24.23,24.15,1712289600000000000,27
GAINZ,4464,22.97,23.0367,23.07,22.97,1712289600000000000,70
GAL,3584,42.7,42.9654,43.01,42.7,1712289600000000000,54
GALT,931163,2.98,3.73,3.74,2.98,1712289600000000000,5194
GAM,26236,46.03,46.32,46.46,45.985,1712289600000000000,295
GAMpB,2168,25.01,25.045,25.0998,25.01,1712289600000000000,32
GAMB,120088,9.45,9.28,9.54,9.24,1712289600000000000,2372
GAME,103184,1.63,1.69,1.73,1.61,1712289600000000000,350
GAMR,1077,56.5444,56.7313,56.7313,55.98,1712289600000000000,63
GAN,82154,1.32,1.36,1.37,1.32,1712289600000000000,290
GANX,105241,3.57,3.56,3.72,3.49,1712289600000000000,691
GAPR,19724,33.6703,33.72,33.75,33.6703,1712289600000000000,103
GAQ,50255,11.09,11.08,11.09,11.05,1712289600000000000,5
GAQ.WS,1801,0.075,0.075,0.075,0.075,1712289600000000000,2
GASS,74713,6.01,6.05,6.1,5.98,1712289600000000000,806
GAST,50,26.2246,26.2246,26.2246,26.2246,1712289600000000000,2
GATO,808668,8.67,9.27,9.48,8.3392,1712289600000000000,5852
GATX,114544,131.53,132.62,133.24,131.36,1712289600000000000,3168
GAU,1792841,1.49,1.55,1.58,1.46,1712289600000000000,4538
GAUG,3752,32.89,32.8745,32.91,32.855,1712289600000000000,25
GB,8877,5.1699,5.24,5.32,5.01,1712289600000000000,76
GB.WS,4060,0.0366,0.0363,0.039,0.0363,1712289600000000000,31
GBAB,49052,16.3,16.29,16.31,16.22,1712289600000000000,274
GBBK,890,10.8,10.8,10.8,10.8,1712289600000000000,27
GBBKR,100,0.1249,0.1249,0.1249,0.1249,1712289600000000000,1
GBBKW,32597,0.0135,0.0151,0.0151,0.01,1712289600000000000,31
GBCI,391729,37.77,38.25,38.535,37.7,1712289600000000000,6277
GBDC,857751,16.41,16.62,16.64,16.38,1712289600000000000,5788
GBF,6870,102.38,102.2699,102.56,102.26,1712289600000000000,67
GBIL,427204,99.83,99.83,99.83,99.82,1712289600000000000,1588
GBIO,287942,4,3.96,4.13,3.88,1712289600000000000,1620
GBLD,11017,16.17,16.2881,16.31,16.17,1712289600000000000,12
GBLI,595,30.64,29.81,30.64,29.65,1712289600000000000,13
GBNY,438,10.1,10.1,10.1,10.1,1712289600000000000,29
GBR,38208,1.17,1.18,1.2359,1.168,1712289600000000000,147
GBTC,9241508,59.65,59.99,61.14,59.55,1712289600000000000,63895
GBTG,141218,5.97,6,6.02,5.92,1712289600000000000,1333
GBUY,3760,31.16,31.4845,31.545,31.16,1712289600000000000,19
GBX,946626,56,53.16,58,51.7,1712289600000000000,15156
GCAD,141,30.33,30.3888,30.3888,30.33,1712289600000000000,7
GCBC,6642,25.94,26.19,26.8,25.9106,1712289600000000000,276
GCC,14437,18.93,19.01,19.1896,18.93,1712289600000000000,142
GCI,708736,2.36,2.34,2.38,2.235,1712289600000000000,4630
GCLN,730,32.72,32.684,32.72,32.684,1712289600000000000,2
GCMG,63497,9.35,9.335,9.38,9.279,1712289600000000000,1573
GCMGW,2028,0.4299,0.415,0.4299,0.415,1712289600000000000,4
GCO,103868,26.83,26.26,26.83,25.9525,1712289600000000000,3076
GCOR,23678,40.65,40.61,40.72,40.61,1712289600000000000,162
GCOW,219770,34.63,34.7,34.75,34.42,1712289600000000000,1202
GCT,2871048,34.31,34.75,36.36,34.04,1712289600000000000,21821
GCTK,603653,0.396,0.4989,0.4989,0.396,1712289600000000000,1168
GCTS,28609089,11.03,8.16,11.9,7.5,1712289600000000000,269658
GCTS.WS,470413,0.387,0.3319,0.39,0.255,1712289600000000000,768
GCV,30915,3.6,3.63,3.64,3.6,1712289600000000000,138
GD,879573,293,295.18,295.455,291.4377,1712289600000000000,23314
GDC,199999,0.91,0.92,0.95,0.83,1712289600000000000,876
GDDY,1369898,124,125.94,126.13,123.71,1712289600000000000,23054
GDE,4639,32.02,32.4975,32.91,32,1712289600000000000,52
GDEC,14451,31.44,31.4814,31.5241,31.43,1712289600000000000,54
GDEF,0,47.3746,47.3746,47.3746,47.3746,1712289600000000000,0
GDEN,230938,36.09,35.75,36.195,35.51,1712289600000000000,3100
GDEV,1638,2.2069,2.23,2.26,2.2069,1712289600000000000,16
GDHG,2139847,0.3507,0.33,0.37,0.321,1712289600000000000,2835
GDIV,29914,14.19,14.27,14.3,14.17,1712289600000000000,167
GDL,4635,7.85,7.87,7.87,7.81,1712289600000000000,20
GDMA,2940,30.89,30.9382,30.9382,30.86,1712289600000000000,11
GDMN,2060,28.16,28.01,28.32,27.91,1712289600000000000,48
GDO,47731,12.3,12.29,12.34,12.29,1712289600000000000,364
GDOC,9,34.1146,34.1146,34.1146,34.1146,1712289600000000000,8
GDOT,685311,8.7,8.38,8.76,8.33,1712289600000000000,7703
GDRX,836208,6.65,6.9,6.9,6.6,1712289600000000000,6428
GDS,1339235,7.48,7.235,7.58,7.07,1712289600000000000,14660
GDST,256,11.0547,11.07,11.07,11.0547,1712289600000000000,11
GDSTR,1400,0.14,0.14,0.14,0.14,1712289600000000000,9
GDTC,3858,2.05,2,2.08,2,1712289600000000000,61
GDV,143165,22.47,22.59,22.745,22.41,1712289600000000000,1024
GDVpH,4372,24.15,24.02,24.15,23.82,1712289600000000000,28
GDVpK,259,19.62,19.62,19.62,19.62,1712289600000000000,3
GDVD,1280,23.96,24.1152,24.1152,23.96,1712289600000000000,12
GDX,41886594,33,33.84,33.99,32.79,1712289600000000000,133758
GDXD,7761956,2.93,2.68,2.9796,2.65,1712289600000000000,7922
GDXJ,8977264,40.82,41.89,42.12,40.49,1712289600000000000,58262
GDXU,1407441,35.05,37.9,38.38,34.56,1712289600000000000,8762
GDYN,301475,11.65,11.68,11.82,11.445,1712289600000000000,2501
GE,14777860,148.53,156.3,156.47,148.53,1712289600000000000,162069
GECC,10583,10.89,10.9085,11.05,10.6641,1712289600000000000,204
GECCM,3751,24.77,25.05,25.1,24.77,1712289600000000000,30
GECCO,800,24.3,24.3,24.3,24.3,1712289600000000000,3
GECCZ,1508,25.235,25.21,25.24,25.21,1712289600000000000,13
GEF,355020,66.66,65.41,66.79,65.3,1712289600000000000,5435
GEF.B,12131,68.96,67.51,68.96,66.915,1712289600000000000,549
GEG,5356,1.91,1.92,1.94,1.91,1712289600000000000,40
GEGGL,250,22.2404,22.2404,22.2404,22.2404,1712289600000000000,7
GEHC,1592529,87.96,88.47,89.5,87.85,1712289600000000000,28803
GEL,421755,11.9,12,12.0913,11.57,1712289600000000000,3223
GEM,109644,31.42,31.51,31.585,31.4,1712289600000000000,706
GEMD,3429,40.72,40.7378,40.78,40.7,1712289600000000000,113
GEN,2970152,21.97,22.15,22.23,21.87,1712289600000000000,25514
GENC,49261,17.31,17.73,17.77,17.31,1712289600000000000,748
GENE,8828,2.898,2.78,2.898,2.71,1712289600000000000,86
GENI,3926869,5.81,6.19,6.25,5.76,1712289600000000000,22801
GENK,88905,12.21,11.74,12.21,11.3394,1712289600000000000,1391
GEO,5300172,14.33,15.14,15.425,14.11,1712289600000000000,36563
GEOS,77164,13.77,13.99,14.83,13.67,1712289600000000000,1092
GERM,430,17.86,17.8658,17.8658,17.86,1712289600000000000,17
GERN,7926377,3.16,3.32,3.35,3.15,1712289600000000000,19143
GES,1327399,30.85,30.39,31.04,30,1712289600000000000,24658
GETR,172276,0.25,0.28,0.28,0.25,1712289600000000000,489
GETY,340563,3.97,4.03,4.04,3.9101,1712289600000000000,2416
GEV,16054788,125.5,122.7,128.18,119,1712289600000000000,134774
GEVO,3580896,0.7571,0.7513,0.7636,0.7264,1712289600000000000,7182
GF,38829,8.71,8.73,8.76,8.68,1712289600000000000,177
GFAI,300686,3.9,3.75,4.09,3.68,1712289600000000000,1737
GFAIW,3907,0.33,0.31,0.432,0.31,1712289600000000000,23
GFEB,18223,34.18,34.23,34.31,34.13,1712289600000000000,56
GFF,276800,72.46,74.48,74.61,72.46,1712289600000000000,6766
GFGF,311,27.1901,27.202,27.202,27.1901,1712289600000000000,12
GFI,5208661,16.94,17.4,17.44,16.76,1712289600000000000,46108
GFL,1096971,33.55,34.35,34.58,33.55,1712289600000000000,11202
GFOF,1638,17.05,16.926,17.08,16.926,1712289600000000000,72
GFR,40991,6.3,6.5,6.56,6.3,1712289600000000000,451
GFS,994367,50.6,50.55,51.12,49.9,1712289600000000000,15983
GGAL,679607,26.08,27.365,27.37,25.8,1712289600000000000,6012
GGB,8083501,4.55,4.5,4.56,4.42,1712289600000000000,11115
GGE,2052491,0.0311,0.0311,0.0311,0.0302,1712289600000000000,1686
GGG,1029865,91.52,91.76,91.99,91.13,1712289600000000000,12432
GGLL,140449,33.46,34.64,35.04,33.387,1712289600000000000,1009
GGLS,108085,15.74,15.7,15.76,15.64,1712289600000000000,125
GGM,1415,26.83,26.7928,26.83,26.78,1712289600000000000,10
GGME,1093,43.5,43.79,43.84,43.5,1712289600000000000,32
GGN,683553,3.98,4,4,3.97,1712289600000000000,1172
GGNpB,635,21.9,21.88,21.9,21.88,1712289600000000000,11
GGR,76648,1.7,1.66,1.7,1.66,1712289600000000000,849
GGROW,8701,0.102401,0.095,0.102401,0.0888,1712289600000000000,27
GGRW,1206,25.27,25.4907,25.4907,25.27,1712289600000000000,10
GGT,12972,5.62,5.6501,5.6786,5.605,1712289600000000000,80
GGTpE,400,22.6702,22.6701,22.9,22.6701,1712289600000000000,4
GGTpG,2826,22.5685,22.62,22.62,22.54,1712289600000000000,23
GGUS,990,45.6198,45.9434,45.9434,45.6198,1712289600000000000,6
GGZ,13240,11.6942,11.78,11.82,11.6942,1712289600000000000,79
GH,2483787,18.05,17.63,18.295,17.57,1712289600000000000,29473
GHC,9584,755.21,762.53,765.23,754.54,1712289600000000000,1241
GHEE,0,25.7925,25.7925,25.7925,25.7925,1712289600000000000,0
GHG,5290,3.05,3.02,3.05,3,1712289600000000000,51
GHI,27709,15.71,15.72,15.8,15.66,1712289600000000000,251
GHIXW,4701,0.27,0.3,0.4,0.2484,1712289600000000000,113
GHLD,3964,14.8,14.75,14.8,14.75,1712289600000000000,58
GHM,179202,30.84,31,31.5462,30.36,1712289600000000000,2250
GHMS,66,25.7881,25.7881,25.7881,25.7881,1712289600000000000,2
GHRS,51974,11.05,11.14,11.4699,10.7401,1712289600000000000,871
GHSI,7975,8.8,9.07,9.09,8.7971,1712289600000000000,100
GHTA,349,27.25,27.2634,27.2634,27.2499,1712289600000000000,8
GHY,114548,11.65,11.66,11.68,11.62,1712289600000000000,668
GHYB,14674,43.76,43.69,43.76,43.6475,1712289600000000000,200
GHYG,7388,43.71,43.7235,43.82,43.69,1712289600000000000,88
GIB,114947,106.48,106.59,107.2898,105.5,1712289600000000000,2773
GIC,216962,45.02,45.31,45.63,44.785,1712289600000000000,2731
GIFI,136570,6.86,7.23,7.27,6.75,1712289600000000000,1660
GIGB,35090,45.16,45.15,45.26,45.15,1712289600000000000,304
GIGM,3271,1.32,1.325,1.34,1.28,1712289600000000000,33
GII,11149,53.56,53.8493,53.88,53.31,1712289600000000000,107
GIII,598795,27.38,28.16,28.445,27.32,1712289600000000000,8272
GIL,419476,36.02,36.18,36.56,36,1712289600000000000,5816
GILD,6599542,69.69,69.58,70.0098,68.54,1712289600000000000,68680
GILT,87229,6.15,6.09,6.16,6,1712289600000000000,889
GINN,3712,54.65,55.09,55.11,54.65,1712289600000000000,51
GINX,19617,25.64,25.7296,25.7499,25.64,1712289600000000000,52
GIPR,14983,3.75,3.77,3.8076,3.75,1712289600000000000,190
GIS,3630054,70.19,69.79,70.53,69.45,1712289600000000000,41432
GJAN,13104,35.71,35.773,35.82,35.6661,1712289600000000000,47
GJH,700,8.9,8.9,8.9,8.9,1712289600000000000,1
GJS,892,23.18,23.08,23.2,23.03,1712289600000000000,12
GJT,400,22.71,22.35,22.71,22.32,1712289600000000000,4
GJUL,14790,33.66,33.73,33.8199,33.62,1712289600000000000,63
GJUN,25755,33.24,33.2974,33.3499,33.2301,1712289600000000000,99
GK,2988,20.39,20.504,20.515,20.39,1712289600000000000,47
GKOS,545742,93.81,96.77,97.77,93.18,1712289600000000000,10120
GL,1252011,110.05,108.45,110.05,108.37,1712289600000000000,19686
GLpD,4703,20.93,20.94,20.9903,20.7277,1712289600000000000,73
GLACU,100,10.44,10.44,10.44,10.44,1712289600000000000,1
GLAD,317696,19.5,19.86,19.92,19.2,1712289600000000000,3299
GLADZ,4900,25.4042,25.4499,25.45,25.3,1712289600000000000,28
GLBE,1282180,33.98,33.83,34.25,33.39,1712289600000000000,16735
GLBS,159960,2.2,2.15,2.26,2.11,1712289600000000000,581
GLBZ,10223,5.3,5.3,5.3,5.3,1712289600000000000,20
GLD,13382720,212.49,215.14,215.74,212.22,1712289600000000000,110984
GLDD,246397,8.41,8.3,8.48,8.26,1712289600000000000,3495
GLDG,605361,0.905,0.915,0.9332,0.879,1712289600000000000,1533
GLDI,1293,151.386,151.11,151.386,151.035,1712289600000000000,81
GLDM,2107595,45.51,46.06,46.2,45.45,1712289600000000000,7884
GLIF,1107,25.8,25.7657,25.8,25.64,1712289600000000000,8
GLIN,71458,47.69,48.19,48.19,47.311,1712289600000000000,211
GLL,257182,21.89,21.365,22,21.25,1712289600000000000,874
GLLI,14050,10.97,11,11,10.97,1712289600000000000,40
GLLIR,3548,0.1,0.1,0.1,0.082,1712289600000000000,6
GLMD,1657214,0.322,0.33915,0.34,0.322,1712289600000000000,2906
GLNG,1270388,25.3,25.43,25.55,25.02,1712289600000000000,14552
GLO,119441,5.04,5.09,5.1,5.01,1712289600000000000,461
GLOB,233953,196.42,197.3,198.59,196.35,1712289600000000000,6549
GLOF,1499,41.0582,41.0238,41.0781,41.0238,1712289600000000000,17
GLOGpA,1961,25.0001,25.46,25.46,25.0001,1712289600000000000,16
GLOPpA,14114,25.14,24.75,25.14,24.75,1712289600000000000,62
GLOPpB,6303,25.4914,25.4999,25.51,25.2,1712289600000000000,63
GLOPpC,4151,25.05,25.25,25.25,25.03,1712289600000000000,40
GLOV,33504,46.05,46.3,46.42,46.05,1712289600000000000,69
GLP,59303,45.17,45.49,46.26,45.17,1712289600000000000,978
GLPpA,5518,25.48,25.49,25.49,25.48,1712289600000000000,19
GLPpB,8963,26.12,26.31,26.6,26.12,1712289600000000000,81
GLPG,73329,31.66,31.81,32.02,31.58,1712289600000000000,1922
GLPI,934724,45,45.16,45.23,44.645,1712289600000000000,11708
GLQ,55025,6.44,6.51,6.5198,6.44,1712289600000000000,304
GLRE,43731,12.34,12.53,12.56,12.331,1712289600000000000,627
GLRY,5730,29.55,29.8165,29.8165,29.55,1712289600000000000,70
GLSI,31723,17.75,17.38,17.98,17.0231,1712289600000000000,948
GLST,159,10.75,10.75,10.75,10.75,1712289600000000000,3
GLSTR,54236,0.1188,0.1157,0.1386,0.1157,1712289600000000000,24
GLT,240049,1.86,1.79,1.86,1.76,1712289600000000000,2102
GLTO,317725,0.7282,0.76,0.79,0.71,1712289600000000000,413
GLTR,18927,99.56,101.0047,101.29,99.54,1712289600000000000,463
GLU,16653,14.87,14.9,14.99,14.76,1712289600000000000,102
GLUE,79259,6.97,7.07,7.41,6.81,1712289600000000000,977
GLV,31904,5.54,5.56,5.58,5.53,1712289600000000000,138
GLW,4540686,32.33,32.54,32.645,32.275,1712289600000000000,35285
GLYC,394668,2.81,2.75,2.83,2.66,1712289600000000000,3124
GM,11210456,43.72,44.23,44.305,43.46,1712289600000000000,92778
GMAB,237451,29.79,29.76,29.89,29.6,1712289600000000000,4376
GMAR,71354,34.15,34.28,34.34,34.1329,1712289600000000000,243
GMAY,2242,34.01,33.99,34.04,33.99,1712289600000000000,16
GMDA,23036893,0.0395,0.0327,0.0395,0.032,1712289600000000000,10665
GME,4759967,11.3,11.25,11.5,10.97,1712289600000000000,39947
GMED,878893,51.02,51.83,51.87,50.95,1712289600000000000,12422
GMET,9292,25.21,25.4172,25.4233,25.12,1712289600000000000,66
GMF,11257,104.39,104.722,104.84,104.39,1712289600000000000,64
GMFI,151,11.06,11.06,11.06,11.06,1712289600000000000,3
GMGI,19258,2.88,2.94,3.0306,2.815,1712289600000000000,200
GMM,135692,0.8924,0.9176,0.92,0.891,1712289600000000000,352
GMOM,5640,28.96,29.0693,29.0999,28.95,1712289600000000000,104
GMRE,257569,8.4,8.48,8.555,8.3475,1712289600000000000,2822
GMREpA,1062,25.33,25.33,25.33,25.26,1712289600000000000,17
GMS,352272,98.11,100.38,100.44,97.825,1712289600000000000,5200
GMUN,1,49.5,49.5,49.5,49.5,1712289600000000000,1
GNE,98927,15.43,15.46,15.56,15.28,1712289600000000000,2578
GNFT,14247,3.41,3.5283,3.5283,3.41,1712289600000000000,97
GNK,500322,20.55,20.72,20.785,20.5,1712289600000000000,6855
GNL,1350424,7.38,7.31,7.43,7.275,1712289600000000000,12420
GNLpA,4155,20.6601,20.7,20.89,20.6601,1712289600000000000,77
GNLpB,4761,19.9,19.78,19.9,19.64,1712289600000000000,70
GNLpD,79818,21.03,20.985,21.06,20.77,1712289600000000000,135
GNLpE,4674,21.05,21,21.48,20.89,1712289600000000000,47
GNLN,1268267,0.5634,0.5399,0.61,0.5213,1712289600000000000,3493
GNLX,120066,4.76,4.93,5.065,4.55,1712289600000000000,1596
GNMA,23015,43.92,42.88,43.92,42.83,1712289600000000000,144
GNOM,43346,10.77,10.87,10.94,10.6601,1712289600000000000,329
GNOV,6097,32.73,32.8654,32.8789,32.7213,1712289600000000000,30
GNPX,17583,2.99,3,3.1786,2.97,1712289600000000000,249
GNR,220246,59.13,59.5,59.54,58.8765,1712289600000000000,1490
GNRC,1098473,132.55,134.41,134.93,130.8687,1712289600000000000,26169
GNS,6565111,0.454,0.4635,0.4938,0.45,1712289600000000000,7142
GNSS,31981,2.27,2.34,2.4,2.27,1712289600000000000,188
GNT,62068,5.33,5.37,5.3877,5.32,1712289600000000000,206
GNTpA,615,22.6,22.59,22.6,22.5001,1712289600000000000,4
GNTA,2327,3.16,3.2834,3.47,3.16,1712289600000000000,12
GNTX,1219218,35.71,35.91,35.93,35.545,1712289600000000000,16779
GNTY,4248,29.5148,29.32,29.58,29.32,1712289600000000000,177
GNW,2107502,6.34,6.35,6.43,6.315,1712289600000000000,6720
GO,719383,26.54,26.82,26.85,26.46,1712289600000000000,11875
GOAU,42603,18.45,18.86,18.9999,18.4301,1712289600000000000,250
GOCO,14086,10.5999,10.52,10.7,10.295,1712289600000000000,241
GOCT,7520,33.32,33.3961,33.4299,33.32,1712289600000000000,32
GODNR,752,0.399,0.3635,0.399,0.3086,1712289600000000000,24
GOEV,3973892,2.2,2.13,2.27,2.11,1712289600000000000,20367
GOEVW,284909,0.0711,0.0629,0.0787,0.06,1712289600000000000,399
GOEX,13198,27.57,28.0939,28.24,27.32,1712289600000000000,102
GOF,562391,14.53,14.68,14.69,14.51,1712289600000000000,3240
GOGL,1242600,12.9,12.9,13.015,12.83,1712289600000000000,11481
GOGO,813824,8.31,8.3,8.47,8.29,1712289600000000000,7257
GOLD,35468821,17.34,17.86,18.01,17.3,1712289600000000000,83185
GOLF,397084,64.11,63.88,64.89,63.48,1712289600000000000,7600
GOLY,1820,22.11,22.3608,22.44,22.11,1712289600000000000,27
GOOD,235812,13.07,13.15,13.27,13.03,1712289600000000000,3175
GOODN,2937,23.18,23.05,23.41,23.05,1712289600000000000,31
GOODO,3348,19.92,20.19,20.237,19.91,1712289600000000000,40
GOOG,16297319,151.68,153.94,154.84,151.081,1712289600000000000,228132
GOOGL,23459246,150.03,152.5,153.42,149.6,1712289600000000000,308516
GOOP,753,27.94,27.9442,27.9442,27.93,1712289600000000000,22
GOOS,556840,11.2,11.24,11.3,11.07,1712289600000000000,5002
GOOX,19024,26.5,27.25,27.59,26.5,1712289600000000000,204
GOOY,52087,16.87,17.1805,17.2,16.87,1712289600000000000,419
GORO,1760860,0.61,0.617,0.65,0.5901,1712289600000000000,3916
GORV,27377,3.83,3.83,3.97,3.79,1712289600000000000,1473
GOSS,1661116,1.1,1.03,1.12,1.03,1712289600000000000,5110
GOTU,1451620,6.66,6.5,6.72,6.47,1712289600000000000,9842
GOVI,273340,27.555,27.5,27.65,27.5,1712289600000000000,199
GOVT,4529230,22.47,22.445,22.516,22.44,1712289600000000000,7411
GOVX,19713,1.94,1.89,2.0099,1.89,1712289600000000000,137
GOVZ,324243,10.81,10.75,10.86,10.75,1712289600000000000,903
GP,31570,1.78,1.77,1.82,1.75,1712289600000000000,242
GPACW,3688,0.0871,0.1001,0.1001,0.0871,1712289600000000000,10
GPAK,36028,0.2203,0.224,0.229,0.2045,1712289600000000000,88
GPC,613198,149.23,149.99,150.58,148.97,1712289600000000000,21402
GPCR,399537,39.29,41.46,41.74,39.194,1712289600000000000,4211
GPI,70971,275.98,276.79,278.51,274.65,1712289600000000000,3504
GPIQ,20039,45.59,45.97,45.9985,45.42,1712289600000000000,351
GPIX,9082,46.06,46.3,46.39,46.0057,1712289600000000000,275
GPJA,6261,24.55,24.73,24.79,24.55,1712289600000000000,102
GPK,2078483,28.66,28.62,28.77,28.5,1712289600000000000,20799
GPMT,246887,4.49,4.43,4.51,4.43,1712289600000000000,1656
GPMTpA,3705,17.29,17.3,17.39,17.28,1712289600000000000,39
GPN,1719661,125.89,125.92,126.75,124.8,1712289600000000000,25613
GPOR,280160,158.23,160,160.37,155.3,1712289600000000000,7594
GPOW,0,44.5211,44.5211,44.5211,44.5211,1712289600000000000,0
GPRE,666614,23.45,23.44,23.66,22.89,1712289600000000000,10608
GPRK,878443,9.74,9.79,9.87,9.68,1712289600000000000,4570
GPRO,2674624,2.11,2.04,2.11,2.02,1712289600000000000,11262
GPS,6917673,24.66,24.25,24.94,24.1525,1712289600000000000,48276
GQI,38431,52.84,53.0974,53.21,52.7192,1712289600000000000,70
GQRE,16845,54.98,55.3853,55.44,54.89,1712289600000000000,63
GRAB,29869224,3.13,3.24,3.25,3.11,1712289600000000000,31759
GRABW,38123,0.185,0.18,0.19,0.18,1712289600000000000,63
GRBK,249070,58.33,58.21,59.17,58.19,1712289600000000000,7518
GRBKpA,2652,23.29,22.91,23.29,22.7,1712289600000000000,27
GRC,61565,38.39,38.72,38.85,38.29,1712289600000000000,1278
GRDI,72534,1.28,1.22,1.2894,1.2,1712289600000000000,495
GREE,78599,3.22,3.215,3.245,3.13,1712289600000000000,558
GREEL,5561,10.1996,10.24,10.25,10.1996,1712289600000000000,53
GREI,402,32.68,32.787,32.787,32.68,1712289600000000000,2
GREK,14878,39.16,39.31,39.48,38.78,1712289600000000000,190
GRF,161,9.39,9.39,9.39,9.39,1712289600000000000,7
GRFS,1020555,7,7.09,7.1301,6.885,1712289600000000000,8186
GRFX,84656,0.2638,0.2565,0.2749,0.25,1712289600000000000,203
GRI,54465,0.535,0.519,0.54,0.5039,1712289600000000000,446
GRID,45210,113.02,113.54,113.97,112.9732,1712289600000000000,1123
GRIN,290210,13.27,13.65,13.7,13.2,1712289600000000000,3143
GRMN,603397,145.39,147.53,147.71,145.22,1712289600000000000,17576
GRN,4097,23.21,23.71,23.77,23.16,1712289600000000000,35
GRNB,4662,23.52,23.535,23.57,23.52,1712289600000000000,57
GRND,336043,10.59,10.42,10.63,10.275,1712289600000000000,5436
GRND.WS,359,2.45,2.45,2.45,2.45,1712289600000000000,8
GRNQ,11083,1.4113,1.3,1.4113,1.3,1712289600000000000,111
GRNT,220839,6.6,6.7,6.735,6.51,1712289600000000000,2849
GROM,83238,0.7547,0.7548,0.7791,0.75,1712289600000000000,297
GROV,91355,1.64,1.69,1.73,1.63,1712289600000000000,644
GROW,12959,2.77,2.79,2.8,2.77,1712289600000000000,160
GROY,721610,2,2.05,2.08,1.96,1712289600000000000,3051
GRP.U,2200,55.95,56.33,56.33,55.95,1712289600000000000,16
GRPM,17460,118.21,119.22,119.37,118.1501,1712289600000000000,216
GRPN,745341,11.22,11.19,11.59,11.04,1712289600000000000,12378
GRPZ,2212,25,24.944,25,24.7832,1712289600000000000,16
GRRR,6257647,0.89,0.84,0.9277,0.8015,1712289600000000000,12087
GRRRW,100573,0.08,0.0899,0.104,0.08,1712289600000000000,136
GRTS,7300419,1.02,0.9702,1.06,0.9458,1712289600000000000,16506
GRTX,543904,0.1571,0.166,0.1699,0.1564,1712289600000000000,1394
GRVY,33825,73.4,75.3,75.77,72.74,1712289600000000000,1205
GRWG,1178366,2.85,2.83,2.91,2.6604,1712289600000000000,8168
GRX,29217,9.73,9.85,9.88,9.73,1712289600000000000,183
GRYP,251293,1.24,1.29,1.348,1.24,1712289600000000000,978
GS,1694860,406.56,408.07,409.135,401.47,1712289600000000000,37742
GSpA,33194,23.27,23.42,23.42,23.236,1712289600000000000,185
GSpC,8223,23.4317,23.46,23.46,23.3,1712289600000000000,59
GSpD,39353,23.01,23,23.0375,22.84,1712289600000000000,370
GSpK,25735,25.38,25.45,25.46,25.3701,1712289600000000000,288
GSAT,3745066,1.33,1.34,1.37,1.31,1712289600000000000,7946
GSBC,13407,52.25,52.28,52.88,52.2,1712289600000000000,612
GSBD,792035,14.89,14.84,14.91,14.82,1712289600000000000,5797
GSC,12904,49.06,48.85,49.06,48.3956,1712289600000000000,110
GSEE,109,43.43,43.432,43.432,43.43,1712289600000000000,5
GSEP,6957,32.83,32.88,32.925,32.824,1712289600000000000,35
GSEU,696,35.83,35.9907,36,35.83,1712289600000000000,16
GSEW,14806,71.24,71.76,71.85,71.21,1712289600000000000,144
GSFP,2,30.8766,30.8766,30.8766,30.8766,1712289600000000000,2
GSG,233662,22.87,22.84,22.97,22.77,1712289600000000000,1320
GSHD,324843,60.49,59.53,61.55,59.3,1712289600000000000,6333
GSIB,205,27.68,27.6695,27.72,27.6695,1712289600000000000,4
GSID,374,56.225,56.2152,56.225,56.2152,1712289600000000000,10
GSIE,206160,33.75,33.93,33.99,33.695,1712289600000000000,1081
GSIG,190,46.48,46.445,46.48,46.445,1712289600000000000,5
GSIT,855169,5.52,5.19,5.6,4.74,1712289600000000000,5584
GSIW,6928,6.915,7.4,7.4,6.85,1712289600000000000,218
GSJY,398,38.39,38.4982,38.4982,38.39,1712289600000000000,20
GSK,6093092,40.59,41.19,41.25,40.535,1712289600000000000,27524
GSL,696875,21.12,21.27,21.27,20.91,1712289600000000000,3554
GSLpB,11667,25.96,25.9,26.17,25.9,1712289600000000000,86
GSLC,756348,101.93,102.72,103.07,101.8908,1712289600000000000,2702
GSM,1119995,5.03,5.09,5.12,5.01,1712289600000000000,6476
GSMGW,9711,0.0034,0.0041,0.0041,0.0034,1712289600000000000,9
GSPY,729503,28.4398,28.5874,28.615,28.4398,1712289600000000000,70
GSSC,17952,63.49,64.0307,64.24,63.49,1712289600000000000,271
GSST,56633,50.17,50.185,50.2,50.17,1712289600000000000,241
GSUN,23174,0.48,0.4599,0.48,0.45,1712289600000000000,1684
GSUS,19598,70.64,71.21,71.42,70.64,1712289600000000000,121
GSY,574873,49.95,49.94,49.95,49.94,1712289600000000000,1414
GT,1835277,13.12,12.95,13.15,12.9,1712289600000000000,17281
GTBP,3577,4.59,4.1501,4.68,4.1501,1712289600000000000,59
GTE,353965,8.14,8.14,8.295,8.06,1712289600000000000,4338
GTEC,39927,2.01,2.14,2.1899,2,1712289600000000000,173
GTEK,13428,28.81,29.03,29.13,28.71,1712289600000000000,99
GTES,1703730,17.32,17.27,17.435,17.21,1712289600000000000,18344
GTHX,1039326,4.58,4.78,4.83,4.47,1712289600000000000,8574
GTI,9333,8.04,7.65,8.04,7.61,1712289600000000000,110
GTIM,11336,2.5389,2.55,2.6,2.52,1712289600000000000,132
GTIP,4684,48.61,48.5216,48.6199,48.51,1712289600000000000,136
GTLB,1559352,56,56.38,56.47,55.1,1712289600000000000,27880
GTLS,409873,153.39,155.63,156.905,153.2,1712289600000000000,9736
GTLSpB,6154,61.66,61.33,61.96,61.33,1712289600000000000,107
GTN,835311,6.08,5.97,6.15,5.92,1712289600000000000,5990
GTO,77690,46.43,46.38,46.52,46.38,1712289600000000000,419
GTR,989,23.49,23.4102,23.49,23.41,1712289600000000000,8
GTX,546821,9.63,9.8,9.885,9.53,1712289600000000000,5860
GTY,273820,26.69,26.7,26.85,26.47,1712289600000000000,2955
GUG,86144,14.73,14.61,14.73,14.53,1712289600000000000,372
GUNR,526772,41.89,42.12,42.2,41.72,1712289600000000000,3055
GURE,17975,1.36,1.38,1.475,1.36,1712289600000000000,83
GURU,1338,42.4988,42.823,42.8593,42.4988,1712289600000000000,28
GUSA,23,45.0426,45.0426,45.0426,45.0426,1712289600000000000,3
GUSH,484657,43.61,44.03,44.28,42.78,1712289600000000000,4627
GUT,74082,5.45,5.47,5.53,5.45,1712289600000000000,314
GUTpC,814,24.28,24.28,24.28,24.28,1712289600000000000,30
GUTS,110074,7.45,7.36,7.82,7.21,1712289600000000000,2068
GV,44798,0.1581,0.1645,0.169,0.1581,1712289600000000000,144
GVA,332317,56.27,56.81,56.91,56,1712289600000000000,5617
GVAL,5662,21.25,21.5139,21.53,21.25,1712289600000000000,112
GVH,1050471,1.03,1.638,1.8,1.01,1712289600000000000,4477
GVI,68332,103.31,103.19,103.35,103.18,1712289600000000000,475
GVIP,2429,107.38,109.3144,109.68,107.38,1712289600000000000,70
GVLU,5973,23.315,23.4029,23.445,23.28,1712289600000000000,47
GVP,86249,3.16,3.08,3.29,2.82,1712289600000000000,702
GVUS,2,45.4865,45.4865,45.4865,45.4865,1712289600000000000,2
GWAV,2333237,0.147,0.1417,0.1489,0.1391,1712289600000000000,1612
GWH,457903,0.73,0.7349,0.75,0.7018,1712289600000000000,1991
GWH.WS,103610,0.07,0.07,0.07,0.065,1712289600000000000,126
GWRE,410234,115.1,115.54,116.21,114.88,1712289600000000000,9210
GWRS,19051,12.72,12.55,12.8694,12.5301,1712289600000000000,501
GWW,138671,999.75,1014.83,1018.54,995.03,1712289600000000000,8630
GWX,50532,32.05,32.23,32.3091,32.05,1712289600000000000,359
GXAI,213469,5.79,6.14,6.6,5.75,1712289600000000000,1958
GXC,27810,66.26,66.13,66.44,66.03,1712289600000000000,372
GXG,7812,26.93,26.78,26.97,26.625,1712289600000000000,145
GXO,919610,50.31,52.02,52.08,50.31,1712289600000000000,11927
GXTG,21180,23.8,23.755,23.84,23.59,1712289600000000000,47
GXUS,137,44.4256,44.4256,44.4256,44.4256,1712289600000000000,5
GYLD,2177,13.17,13.184,13.225,13.1515,1712289600000000000,27
GYRE,59958,17,16.95,17.12,16.6501,1712289600000000000,911
GYRO,1516,7.9837,8.02,8.02,7.975,1712289600000000000,9
H,327006,155.89,157.17,157.94,155.12,1712289600000000000,7903
HA,287021,13.13,13.14,13.215,13.05,1712289600000000000,3834
HACK,66661,62.87,63.54,63.95,62.87,1712289600000000000,744
HAE,272372,84.76,84.65,85.29,84.241,1712289600000000000,5790
HAFC,114567,15.18,15.17,15.27,15.065,1712289600000000000,2484
HAIA,13560,11.05,11.14,11.14,10.98,1712289600000000000,52
HAIL,2331,28.95,29.18,29.19,28.95,1712289600000000000,52
HAIN,2085486,6.88,6.48,6.89,6.44,1712289600000000000,15363
HAL,4629909,40.85,41.24,41.44,40.64,1712289600000000000,46144
HALO,1327614,39.8,41.07,41.5,39.8,1712289600000000000,18196
HAO,6521,4.75,4.52,4.75,4.36,1712289600000000000,77
HAP,15311,51.67,52.04,52.04,51.57,1712289600000000000,111
HAPI,30759,31.06,31.3,31.41,31.06,1712289600000000000,112
HAPR,1094,24.9,24.8783,24.9,24.87,1712289600000000000,4
HAPS,4168,27.19,27.3235,27.38,27.19,1712289600000000000,36
HAPY,1229,22.0755,22.059,22.12,22.059,1712289600000000000,6
HARD,7464,23.925,24.035,24.149,23.925,1712289600000000000,32
HART,304,29.3,29.3761,29.3761,29.3,1712289600000000000,4
HAS,1517895,56.08,56.42,56.99,55.71,1712289600000000000,28038
HASI,434342,26.35,26.58,26.7321,26.155,1712289600000000000,7213
HAUS,524,16.17,16.2694,16.2694,16.17,1712289600000000000,11
HAUZ,77973,21.11,21.3,21.34,21.0709,1712289600000000000,285
HAWX,12122,31.132,31.2244,31.26,31.12,1712289600000000000,84
HAYN,74785,60.43,60.44,60.62,60.39,1712289600000000000,1856
HAYW,957176,14.45,14.49,14.61,14.43,1712289600000000000,11904
HBAN,14381921,13.45,13.6,13.63,13.4,1712289600000000000,45884
HBANL,20488,24.87,24.905,24.94,24.75,1712289600000000000,170
HBANM,3176,22.87,22.85,22.87,22.45,1712289600000000000,62
HBANP,14032,19.23,19.32,19.35,19.14,1712289600000000000,239
HBB,35582,23.42,24.82,24.82,23.335,1712289600000000000,1527
HBCP,15041,37,36.91,37.1917,36.91,1712289600000000000,305
HBI,6234398,4.93,5.13,5.16,4.925,1712289600000000000,24965
HBIO,34498,4.43,4.52,4.58,4.3769,1712289600000000000,328
HBM,1618192,7.29,7.34,7.435,7.25,1712289600000000000,6892
HBNC,165234,11.89,11.89,11.97,11.78,1712289600000000000,2580
HBT,20840,18.95,18.95,19.23,18.89,1712289600000000000,871
HCA,604424,326.22,328.8,329.55,326.22,1712289600000000000,16809
HCAT,676692,6.59,6.58,6.74,6.52,1712289600000000000,6340
HCC,963732,56.57,56.48,56.95,55.41,1712289600000000000,14310
HCI,72443,115.11,114.52,115.4,113.56,1712289600000000000,2414
HCKT,52868,23.58,23.32,23.58,23.275,1712289600000000000,1574
HCM,51431,16.67,16.36,16.67,16.19,1712289600000000000,1060
HCMT,71518,29.81,30.36,30.58,29.8,1712289600000000000,199
HCOM,357,15.31,15.2448,15.31,15.2448,1712289600000000000,11
HCOW,616,27.23,27.3556,27.44,27.2279,1712289600000000000,14
HCP,1329632,25.66,25.81,26.11,25.6,1712289600000000000,15981
HCRB,3212,34.5801,34.5619,34.65,34.5481,1712289600000000000,20
HCSG,201513,12.22,12.21,12.31,12.07,1712289600000000000,4181
HCTI,121993,1.96,1.84,1.96,1.77,1712289600000000000,541
HCVI,10540,10.45,10.44,10.45,10.44,1712289600000000000,28
HCVIU,100,10.45,10.45,10.45,10.45,1712289600000000000,1
HCWB,1021,1.6359,1.601,1.6359,1.601,1712289600000000000,28
HCXY,1511,24.72,24.94,24.9616,24.72,1712289600000000000,9
HD,3243488,357.68,357.87,359.33,356.0157,1712289600000000000,68586
HDAW,1223,24.8409,24.8807,24.8807,24.8409,1712289600000000000,5
HDB,3109869,60.56,58.98,60.83,58.31,1712289600000000000,32956
HDEF,166114,24.52,24.555,24.58,24.415,1712289600000000000,766
HDG,3036,49.055,49.1,49.1,48.93,1712289600000000000,48
HDGE,60948,20.34,20.43,20.51,20.32,1712289600000000000,317
HDLB,98,11.9725,11.9725,11.9725,11.9725,1712289600000000000,10
HDMV,1350,28.8305,28.8135,28.8305,28.78,1712289600000000000,35
HDRO,8082,5.28,5.33,5.33,5.26,1712289600000000000,236
HDSN,1060220,10.95,10.6,11,10.3,1712289600000000000,11476
HDUS,2527,50.3226,50.2614,50.3226,50.23,1712289600000000000,47
HDV,350665,108.68,109.11,109.4,108.29,1712289600000000000,4187
HE,2757194,10.94,10.91,10.985,10.78,1712289600000000000,15284
HEAR,326265,16.92,16.79,17.5,16.68,1712289600000000000,7105
HEAT,0,25.3759,25.3759,25.3759,25.3759,1712289600000000000,0
HEDJ,39132,47.4,47.32,47.53,47.3,1712289600000000000,305
HEEM,5349,25.72,25.74,25.85,25.67,1712289600000000000,41
HEES,163703,63.51,65.61,65.7,63.21,1712289600000000000,4292
HEFA,802537,34.35,34.44,34.4864,34.3,1712289600000000000,3477
HEGD,28876,20.5305,20.58,20.65,20.525,1712289600000000000,136
HEI,173910,188.67,189.13,189.62,188.18,1712289600000000000,6210
HEI.A,138635,151.61,153.24,153.5,151.61,1712289600000000000,3546
HELE,300189,107.22,106.01,108.65,104.85,1712289600000000000,6401
HELO,116002,55.5,55.76,55.85,55.42,1712289600000000000,529
HELX,163,31.96,32.0316,32.0316,31.96,1712289600000000000,5
HEPA,29976,2.61,2.52,2.6395,2.485,1712289600000000000,235
HEPS,163597,1.41,1.42,1.46,1.41,1712289600000000000,754
HEQ,30335,10.28,10.28,10.34,10.235,1712289600000000000,159
HEQT,25821,26.38,26.3853,26.4099,26.3,1712289600000000000,142
HERD,30545,38.96,39.0389,39.21,38.8,1712289600000000000,158
HERO,11063,20.16,20.4,20.4,20.04,1712289600000000000,273
HES,2037667,156.57,157.45,157.735,155.32,1712289600000000000,31144
HESM,844057,36.19,35.74,36.2,35.665,1712289600000000000,6731
HEWG,4548,34.87,34.87,34.87,34.87,1712289600000000000,10
HEWJ,63083,41.21,41.27,41.35,41.12,1712289600000000000,570
HEZU,11691,36.23,36.2798,36.35,36.2,1712289600000000000,168
HF,12,22.0662,22.0662,22.0662,22.0662,1712289600000000000,5
HFFG,22445,3.29,3.41,3.43,3.29,1712289600000000000,303
HFGO,48,19.4502,19.4502,19.4502,19.4502,1712289600000000000,11
HFND,4592,21.65,21.647,21.65,21.56,1712289600000000000,54
HFRO,249190,6.71,6.82,6.92,6.7,1712289600000000000,895
HFROpA,1961,19.62,19.5,19.62,19.49,1712289600000000000,19
HFWA,101824,18.26,18.03,18.26,18.005,1712289600000000000,1984
HFXI,47870,26.54,26.57,26.62,26.41,1712289600000000000,270
HG,156597,13.29,13.17,13.323,13,1712289600000000000,1846
HGAS,21146,1.7308,1.65,1.7308,1.6,1712289600000000000,156
HGASW,200,0.045,0.0692,0.0692,0.045,1712289600000000000,2
HGBL,51883,2.6,2.64,2.7,2.6,1712289600000000000,191
HGER,27764,22.7,23.07,23.15,22.7,1712289600000000000,136
HGLB,124370,7.48,7.37,7.5799,7.37,1712289600000000000,408
HGTY,20405,8.89,8.88,8.9477,8.82,1712289600000000000,392
HGV,488633,45.15,45.21,45.8,45.045,1712289600000000000,8592
HHGC,3473,11.27,11.35,11.35,11.27,1712289600000000000,27
HHH,698021,66.92,66.75,67.945,66.06,1712289600000000000,11948
HHS,18001,6.9172,6.98,7,6.91,1712289600000000000,129
HI,256241,48.21,48.3,48.49,47.84,1712289600000000000,4005
HIBB,256059,69.91,71.43,72.17,69.91,1712289600000000000,7411
HIBL,53093,44.01,44.62,45.06,43.56,1712289600000000000,814
HIBS,254841,24.38,24.03,24.6253,23.7,1712289600000000000,2000
HIDE,207,23.05,23.0456,23.05,23.0456,1712289600000000000,3
HIDV,25,63.6725,63.6725,63.6725,63.6725,1712289600000000000,7
HIE,21048,11,11.05,11.12,11,1712289600000000000,120
HIFS,18950,170.72,165,170.72,163.18,1712289600000000000,1694
HIG,1509807,102.24,103.24,103.29,101.885,1712289600000000000,26963
HIGpG,7808,25.3,25.18,25.4,25.18,1712289600000000000,109
HIGH,183698,24.35,24.33,24.36,24.3201,1712289600000000000,696
HIHO,9284,2.22,2.17,2.23,2.1301,1712289600000000000,89
HII,199273,285.33,286.08,287.89,284.9556,1712289600000000000,6938
HIMS,4242541,14.68,14.51,14.93,14.32,1712289600000000000,25615
HIMX,470162,5.39,5.42,5.4691,5.33,1712289600000000000,4655
HIO,161673,3.91,3.9,3.91,3.89,1712289600000000000,530
HIPO,295521,22.09,24.04,24.2438,22.0761,1712289600000000000,4374
HIPO.WS,12004,0.0292,0.017664,0.03,0.0176,1712289600000000000,21
HIPS,90678,12.81,12.7756,12.81,12.69,1712289600000000000,111
HISF,3149,43.95,43.8228,43.95,43.78,1712289600000000000,29
HITI,1256443,2.55,2.52,2.7128,2.38,1712289600000000000,5750
HIVE,1422635,3.15,3.18,3.21,3.11,1712289600000000000,4674
HIW,804953,24.19,24.58,24.635,24.1,1712289600000000000,10703
HIX,292378,4.41,4.41,4.43,4.4,1712289600000000000,1111
HIYS,1,25.415,25.415,25.415,25.415,1712289600000000000,1
HJAN,0,24.6604,24.6604,24.6604,24.6604,1712289600000000000,0
HJEN,3732,11.09,11.1095,11.15,11.065,1712289600000000000,96
HKD,383757,3.08,3.1,3.1,3.0001,1712289600000000000,1405
HKIT,39046,1.58,1.59,1.6,1.53,1712289600000000000,335
HKND,74,30.9368,30.9368,30.9368,30.9368,1712289600000000000,11
HL,11273865,5.31,5.53,5.58,5.24,1712289600000000000,34322
HLpB,397,52.89,52.0001,52.89,52.0001,1712289600000000000,9
HLAL,65811,47.92,48.2,48.42,47.8501,1712289600000000000,7569
HLF,5711376,7.61,7.86,7.935,7.13,1712289600000000000,33265
HLGE,502,29.4992,29.4347,29.4992,29.4299,1712289600000000000,3
HLI,248423,129.19,130.43,131.065,128.24,1712289600000000000,6557
HLIO,168305,44.35,44.46,44.82,44.13,1712289600000000000,3327
HLIT,797843,13,12.94,13.07,12.825,1712289600000000000,12487
HLLY,159228,4.4,4.44,4.44,4.36,1712289600000000000,1878
HLLY.WS,600,0.352501,0.315,0.352501,0.315,1712289600000000000,2
HLMN,645046,10.16,10.26,10.325,9.921,1712289600000000000,5769
HLN,6191714,8.26,8.29,8.35,8.23,1712289600000000000,16454
HLNE,180953,110.89,112.77,113.21,110.19,1712289600000000000,5186
HLP,104384,1.13,1.07,1.13,1.04,1712289600000000000,383
HLT,1379729,209.26,211.69,212.19,208.4001,1712289600000000000,26690
HLTH,639585,0.1841,0.1739,0.1841,0.1715,1712289600000000000,2187
HLVX,142965,14.29,14.52,14.88,14.27,1712289600000000000,1739
HLX,1481083,11.56,11.76,11.78,11.51,1712289600000000000,13562
HLXB,200,10.22,10.23,10.23,10.22,1712289600000000000,2
HMC,1009402,36.32,36.7,36.77,36.32,1712289600000000000,14264
HMN,130608,35.73,35.84,36.1,35.65,1712289600000000000,3449
HMNF,4839,20.74,20.7,20.74,20.26,1712289600000000000,43
HMOP,47889,38.52,38.51,38.59,38.51,1712289600000000000,137
HMST,48789,13.99,13.85,14.07,13.85,1712289600000000000,1132
HMY,8208618,8.72,8.84,8.94,8.64,1712289600000000000,34398
HNDL,89397,20.87,20.93,21.0594,20.87,1712289600000000000,537
HNI,162352,43.76,43.81,44.1286,43.55,1712289600000000000,3069
HNNA,1234,6.91,6.96,6.99,6.91,1712289600000000000,39
HNNAZ,149,23.585,23.585,23.585,23.585,1712289600000000000,2
HNRA,206273,2.96,2.851,3.0399,2.78,1712289600000000000,1085
HNRA.WS,10454,0.1599,0.137,0.1599,0.1328,1712289600000000000,40
HNRG,412193,4.91,5.08,5.125,4.7501,1712289600000000000,5780
HNST,550161,3.8,3.79,3.915,3.72,1712289600000000000,5353
HNVR,6961,14.55,14.4,14.562,14.27,1712289600000000000,37
HNW,15626,11.76,11.75,11.7899,11.72,1712289600000000000,78
HOCT,1060,24.06,24.065,24.065,24.06,1712289600000000000,12
HODL,209797,75.69,76.25,77.59,75.69,1712289600000000000,1972
HOFT,18927,23.73,23.07,23.73,22.88,1712289600000000000,604
HOFV,12243,3.49,3.435,3.49,3.4,1712289600000000000,130
HOFVW,27552,0.012,0.012,0.0124,0.01,1712289600000000000,40
HOG,3206151,42.22,42.09,42.88,39.35,1712289600000000000,39069
HOLI,623007,25.64,25.57,25.68,25.48,1712289600000000000,2054
HOLO,3360155,3.45,3.37,3.5,3.2,1712289600000000000,16567
HOLOW,84207,0.09,0.085,0.0963,0.081,1712289600000000000,52
HOLX,1485429,77.35,77.98,78,76.94,1712289600000000000,24452
HOMB,637348,23.6,23.77,23.88,23.5739,1712289600000000000,7379
HOMZ,714,43.28,43.4154,43.4154,43.28,1712289600000000000,14
HON,2212855,195.9,197.15,198.4,195.1528,1712289600000000000,42827
HONE,168367,9.75,9.76,9.91,9.7,1712289600000000000,2280
HOOD,11636491,18.23,18.4,18.825,17.87,1712289600000000000,80077
HOOK,521389,0.7375,0.7533,0.762,0.715,1712289600000000000,812
HOPE,368433,10.86,10.85,10.935,10.79,1712289600000000000,4440
HOTH,64867,1.45,1.4,1.45,1.35,1712289600000000000,210
HOUR,12871,1,0.97,1.03,0.9,1712289600000000000,108
HOUS,1049463,5.78,5.76,5.925,5.65,1712289600000000000,10309
HOV,70076,145.35,152.4,154.033,145.35,1712289600000000000,2220
HOVNP,1722,17.91,18,18,17.91,1712289600000000000,27
HOVR,33549,2.41,2.39,2.49,2.1601,1712289600000000000,171
HOVRW,2093,0.051,0.0567,0.0586,0.0505,1712289600000000000,10
HOWL,92776,6,5.92,6.1,5.8,1712289600000000000,1366
HP,946798,43,43.89,43.95,42.66,1712289600000000000,13898
HPCO,189074,1.36,1.2839,1.39,1.23,1712289600000000000,836
HPE,13148860,17.89,18,18.12,17.72,1712289600000000000,56089
HPF,52500,16.32,16.28,16.34,16.21,1712289600000000000,261
HPI,66982,16.38,16.34,16.3801,16.29,1712289600000000000,356
HPK,592498,15.76,16.08,16.15,15.5,1712289600000000000,6493
HPKEW,872,6.9999,6.66,6.9999,6.66,1712289600000000000,10
HPP,1978261,6.14,6.28,6.31,6.12,1712289600000000000,8631
HPPpC,36567,13.63,13.72,14.01,13.63,1712289600000000000,302
HPQ,5160763,29.53,29.11,29.6,29.045,1712289600000000000,45610
HPS,31050,15.34,15.3,15.34,15.26,1712289600000000000,218
HQGO,294,46.21,46.3229,46.3229,46.21,1712289600000000000,4
HQH,79009,16.23,16.41,16.45,16.2117,1712289600000000000,569
HQI,8412,13.08,13.15,13.47,13.08,1712289600000000000,234
HQL,56496,13.1,13.25,13.3,13.04,1712289600000000000,367
HQY,619170,79,79.39,80.03,78.4,1712289600000000000,11710
HR,1832617,13.78,13.87,13.96,13.66,1712289600000000000,16805
HRB,626148,46.6,46.94,47.18,46.58,1712289600000000000,12571
HRI,169118,162.44,165.12,165.35,160.96,1712289600000000000,5533
HRL,1949416,35.05,34.7,35.1284,34.52,1712289600000000000,23116
HRMY,330741,31.29,30.65,31.33,30.42,1712289600000000000,7531
HROW,299888,13.14,13.51,13.53,12.9925,1712289600000000000,3313
HROWL,2698,25.26,25.18,25.26,25.11,1712289600000000000,22
HROWM,5705,26.73,26.7879,26.99,26.73,1712289600000000000,30
HRT,118668,14.3,14.3,14.32,14.29,1712289600000000000,1609
HRTG,366042,10.38,10.3,10.55,10.01,1712289600000000000,5110
HRTS,30614,32.54,33.05,33.17,32.2,1712289600000000000,235
HRTX,995410,2.56,2.75,2.751,2.5,1712289600000000000,4897
HRYU,143754,0.2009,0.2176,0.2185,0.1989,1712289600000000000,435
HRZN,200632,11.22,11.25,11.2899,11.13,1712289600000000000,2756
HSAI,292201,5,4.99,5.105,4.93,1712289600000000000,2478
HSBC,1404030,40.41,40.72,40.72,40.26,1712289600000000000,14622
HSCS,726184,0.105,0.1096,0.112,0.105,1712289600000000000,979
HSCZ,11010,31.15,31.2174,31.24,31.15,1712289600000000000,99
HSDT,83976,5.84,6.13,6.15,5.66,1712289600000000000,1411
HSHP,58571,7.79,7.83,7.93,7.79,1712289600000000000,506
HSIC,584911,72.74,72.52,72.82,72.2,1712289600000000000,12861
HSII,77137,32.39,32.17,32.64,32.065,1712289600000000000,1981
HSMV,1180,33.27,33.2815,33.2815,33.25,1712289600000000000,17
HSON,4740,17.4,17.31,17.7469,16.81,1712289600000000000,74
HSPO,67676,10.89,10.89,10.89,10.89,1712289600000000000,23
HSPOW,861,0.02,0.02,0.02,0.02,1712289600000000000,3
HSRT,6931,38.96,38.97,38.97,38.9401,1712289600000000000,33
HST,3820806,20.12,20.28,20.4,20.02,1712289600000000000,25806
HSTM,43770,25.46,25.15,25.46,25.05,1712289600000000000,1401
HSUN,58,33.805,33.805,33.805,33.805,1712289600000000000,2
HSY,1407489,195.5,193.74,196.8668,192.24,1712289600000000000,31079
HTAB,57342,19.23,19.23,19.275,19.21,1712289600000000000,246
HTBI,15512,25.45,25.55,25.82,25.24,1712289600000000000,382
HTBK,276522,8.16,8.13,8.205,8.12,1712289600000000000,3710
HTCR,47549,0.94,0.960001,0.9906,0.8835,1712289600000000000,170
HTD,106556,19.31,19.4,19.4,19.18,1712289600000000000,769
HTEC,27908,27.35,27.5334,27.6565,27.35,1712289600000000000,130
HTFB,100,23.825,23.825,23.825,23.825,1712289600000000000,1
HTFC,3000,23.9,23.8,23.9,23.7999,1712289600000000000,8
HTGC,675980,18.19,18.41,18.425,18.15,1712289600000000000,6149
HTH,160302,30.43,30.35,30.57,30.17,1712289600000000000,3290
HTHT,1192143,40.3,40.6,40.67,39.99,1712289600000000000,11625
HTIA,3537,15.84,15.79,15.84,15.65,1712289600000000000,23
HTIBP,1151,15.5058,15.5058,15.5058,15.5058,1712289600000000000,5
HTLD,298856,10.91,10.9,11.05,10.88,1712289600000000000,3672
HTLF,171136,33.94,33.9,34.29,33.79,1712289600000000000,3069
HTLFP,1377,25.17,24.9501,25.17,24.9501,1712289600000000000,20
HTOO,61369,1.53,1.49,1.53,1.46,1712289600000000000,337
HTOOW,1175,0.195,0.1818,0.195,0.1818,1712289600000000000,8
HTRB,184280,33.41,33.4,33.49,33.38,1712289600000000000,623
HTUS,3518,39.41,39.42,39.664,39.33,1712289600000000000,51
HTY,84320,5.17,5.17,5.23,5.12,1712289600000000000,254
HTZ,4805716,7.23,7.26,7.36,7.16,1712289600000000000,25987
HTZWW,165412,4.18,4.23,4.31,4.18,1712289600000000000,599
HUBB,449666,416.44,417.08,423.57,416.295,1712289600000000000,13940
HUBC,93961946,1.47,1.54,1.89,1.3,1712289600000000000,381921
HUBCW,1091227,0.0214,0.0297,0.0387,0.02099,1712289600000000000,550
HUBCZ,59281,0.1,0.1,0.1,0.094999,1712289600000000000,116
HUBG,343458,41.42,42.4,42.48,41.4,1712289600000000000,7453
HUBS,917197,670.03,670,688.87,669.89,1712289600000000000,26840
HUDA,44492,10.63,10.68,10.7,10.63,1712289600000000000,133
HUDAR,11804,0.354,0.2331,0.3608,0.2331,1712289600000000000,121
HUDI,16538,2.69,2.66,2.74,2.63,1712289600000000000,139
HUGE,99255,0.6323,0.6295,0.6448,0.6223,1712289600000000000,349
HUIZ,55491,0.5702,0.6,0.605,0.57,1712289600000000000,184
HUM,1238769,307.705,313.11,314.24,307.705,1712289600000000000,33076
HUMA,643307,3.16,3.04,3.16,2.98,1712289600000000000,3849
HUMAW,49259,0.631001,0.59,0.631001,0.5372,1712289600000000000,67
HUN,1370587,25.73,25.76,25.79,25.42,1712289600000000000,17462
HURC,29092,19,19.27,19.28,18.99,1712289600000000000,651
HURN,103416,93.74,94.19,95.11,93.08,1712289600000000000,2704
HUSA,762106,1.61,1.75,1.8,1.58,1712289600000000000,2361
HUSV,1921,34.95,35.03,35.09,34.95,1712289600000000000,41
HUT,3120820,9.23,8.98,9.36,8.68,1712289600000000000,19945
HUYA,2797886,4.68,5,5.07,4.64,1712289600000000000,11765
HVT,80493,31.48,31.64,31.75,31.04,1712289600000000000,1968
HWBK,8170,20.5,21.17,21.315,20.5,1712289600000000000,228
HWC,408125,43.54,43.89,44,43.065,1712289600000000000,6518
HWCPZ,7126,24.6,24.5,24.75,24.5,1712289600000000000,54
HWH,1251002,1.91,1.59,2,1.33,1712289600000000000,7153
HWKN,170286,76.42,78.16,79.115,76.42,1712289600000000000,3200
HWM,2421461,65.85,67.06,67.11,65.59,1712289600000000000,31223
HWMp,568,60,60.5,60.5,60,1712289600000000000,7
HXL,857080,70.83,72.05,72.08,70.62,1712289600000000000,11115
HY,63104,63.53,64.05,64.42,63.53,1712289600000000000,1543
HYAC,51724,10.42,10.42,10.43,10.42,1712289600000000000,20
HYB,25939,7.22,7.2,7.22,7.19,1712289600000000000,120
HYBB,14347,45.7618,45.7479,45.81,45.7202,1712289600000000000,115
HYBL,28048,28.19,28.11,28.19,28.11,1712289600000000000,239
HYD,341196,51.43,51.38,51.48,51.36,1712289600000000000,2367
HYDB,108507,46.18,46.14,46.26,46.14,1712289600000000000,873
HYDR,31439,5.64,5.67,5.75,5.61,1712289600000000000,613
HYDW,3949,45.68,45.687,45.7699,45.6601,1712289600000000000,37
HYEM,80539,18.92,18.89,18.92,18.8401,1712289600000000000,400
HYFI,15003,36.38,36.29,36.38,36.29,1712289600000000000,87
HYFM,214600,1.06,0.99,1.16,0.982,1712289600000000000,777
HYG,30857333,76.83,76.82,76.93,76.79,1712289600000000000,67007
HYGH,36986,84.8818,84.9,84.98,84.8013,1712289600000000000,239
HYGI,502,26.026,25.9996,26.03,25.9996,1712289600000000000,4
HYGV,157070,40.5,40.48,40.53,40.46,1712289600000000000,857
HYGW,18795,33.14,33.1239,33.16,33.1239,1712289600000000000,170
HYHG,4698,64.11,63.75,64.11,63.75,1712289600000000000,86
HYI,36296,11.81,11.87,11.88,11.805,1712289600000000000,150
HYIN,1704,18.42,18.53,18.53,18.41,1712289600000000000,66
HYKE,0,28.7252,28.7252,28.7252,28.7252,1712289600000000000,0
HYLB,1417352,35.28,35.26,35.31,35.25,1712289600000000000,7295
HYLG,52,25.3508,25.3508,25.3508,25.3508,1712289600000000000,9
HYLN,612780,1.57,1.58,1.6559,1.55,1712289600000000000,3841
HYLS,77227,40.92,40.86,40.958,40.83,1712289600000000000,728
HYMB,627962,25.31,25.26,25.33,25.255,1712289600000000000,2273
HYMC,850512,3.22,3.15,3.47,3,1712289600000000000,4378
HYMCL,298707,0.0255,0.0182,0.0255,0.018,1712289600000000000,221
HYMCW,484915,0.0119,0.015,0.0187,0.0119,1712289600000000000,193
HYMU,30959,22.12,22.12,22.15,22.08,1712289600000000000,184
HYPR,24104,0.9309,0.9501,0.9974,0.92,1712289600000000000,122
HYRM,723,22.97,22.949,22.97,22.949,1712289600000000000,11
HYS,530767,92.3,92.41,92.51,92.28,1712289600000000000,3812
HYSA,6697,14.9229,14.92,14.95,14.92,1712289600000000000,76
HYT,292425,9.74,9.75,9.7565,9.7,1712289600000000000,1261
HYTR,2226,21.385,21.3803,21.3899,21.38,1712289600000000000,13
HYUP,42,40.5295,40.5295,40.5295,40.5295,1712289600000000000,3
HYW,2605,1.2219,1.35,1.35,1.2219,1712289600000000000,33
HYXF,9477,45.2,45.03,45.2,44.99,1712289600000000000,123
HYXU,2011,48.87,48.875,48.94,48.87,1712289600000000000,34
HYZD,31707,21.86,21.94,22.01,21.86,1712289600000000000,255
HYZN,730058,0.79,0.76,0.8149,0.7369,1712289600000000000,2289
HYZNW,62879,0.06,0.05,0.06,0.05,1712289600000000000,118
HZO,413848,29.55,29.78,30.07,28.83,1712289600000000000,7388
IAC,527858,51.7,52.12,52.21,50.92,1712289600000000000,10659
IAE,17674,6.15,6.09,6.15,6.09,1712289600000000000,102
IAF,65184,4.3,4.31,4.33,4.26,1712289600000000000,261
IAG,16019523,3.58,3.72,3.795,3.53,1712289600000000000,23341
IAGG,289095,49.755,49.74,49.845,49.72,1712289600000000000,2619
IAI,18835,113.6,114.25,114.495,113.5,1712289600000000000,343
IAK,23332,115.73,116.3129,116.57,115.6697,1712289600000000000,754
IAPR,31498,26.82,26.8101,26.93,26.8101,1712289600000000000,204
IART,674584,33.68,34,34.32,33.57,1712289600000000000,10856
IAS,2258966,9.8,10.17,10.19,9.76,1712289600000000000,13460
IAT,192946,41.48,41.77,41.94,41.4,1712289600000000000,1810
IAU,7466258,43.42,43.95,44.07,43.355,1712289600000000000,21762
IAUF,7959,60.45,61.0562,61.2384,60.42,1712289600000000000,161
IAUM,1755286,22.92,23.18,23.2597,22.88,1712289600000000000,2149
IAUX,6608032,1.44,1.36,1.45,1.35,1712289600000000000,10587
IBACU,1000,10.01,10.01,10.01,10.01,1712289600000000000,1
IBAT,75,24.824,24.824,24.824,24.824,1712289600000000000,1
IBB,1358220,131.52,132.51,133.34,130.55,1712289600000000000,19481
IBBQ,24700,21.135,21.42,21.54,21.135,1712289600000000000,243
IBCP,83734,24.13,24.4,24.5,24.13,1712289600000000000,1525
IBD,42698,23.36,23.34,23.38,23.33,1712289600000000000,316
IBDP,320643,25.01,25.01,25.02,25,1712289600000000000,707
IBDQ,499507,24.75,24.73,24.75,24.73,1712289600000000000,1009
IBDR,279314,23.75,23.76,23.78,23.75,1712289600000000000,867
IBDS,205273,23.69,23.67,23.7,23.67,1712289600000000000,633
IBDT,197174,24.71,24.7,24.73,24.6821,1712289600000000000,674
IBDU,172343,22.65,22.61,22.65,22.5941,1712289600000000000,540
IBDV,179295,21.2,21.17,21.21,21.15,1712289600000000000,458
IBDW,254426,20.23,20.22,20.25,20.19,1712289600000000000,762
IBDX,98253,24.5,24.48,24.52,24.44,1712289600000000000,378
IBDY,52525,25.14,25.1,25.15,25.0641,1712289600000000000,260
IBEX,65247,14.26,14.16,14.33,14.03,1712289600000000000,1675
IBHD,88322,23.24,23.2,23.24,23.18,1712289600000000000,220
IBHE,119391,23.26,23.23,23.3,23.215,1712289600000000000,413
IBHF,87854,22.86,22.85,22.86,22.83,1712289600000000000,340
IBHG,35193,22.05,22.015,22.05,21.9909,1712289600000000000,259
IBHH,25539,23.15,23.05,23.15,23.05,1712289600000000000,125
IBHI,24981,23.02,23.01,23.1,23.01,1712289600000000000,146
IBHJ,3446,25.8226,25.76,25.87,25.76,1712289600000000000,20
IBIA,1782,25.3232,25.32,25.3294,25.32,1712289600000000000,7
IBIB,3033,25.38,25.3754,25.39,25.3742,1712289600000000000,16
IBIC,6115,25.39,25.39,25.395,25.38,1712289600000000000,18
IBID,10807,25.365,25.35,25.38,25.35,1712289600000000000,25
IBIE,2440,25.355,25.3215,25.355,25.32,1712289600000000000,8
IBIF,36213,25.4173,25.375,25.43,25.375,1712289600000000000,28
IBIG,1642,25.44,25.38,25.44,25.38,1712289600000000000,11
IBIH,2213,25.39,25.3417,25.41,25.3417,1712289600000000000,24
IBII,2875,25.32,25.24,25.32,25.24,1712289600000000000,16
IBIJ,5905,25.345,25.308,25.39,25.308,1712289600000000000,36
IBIO,1082895,2.4,2.11,2.42,2.06,1712289600000000000,4361
IBIT,28670518,38.16,38.41,39.155,38.1102,1712289600000000000,101711
IBKR,953545,111.67,112.67,113.31,111.55,1712289600000000000,17544
IBLC,12684,28,27.802,28.32,27.66,1712289600000000000,193
IBM,2014264,188.59,189.14,190.32,188.02,1712289600000000000,42675
IBMM,46078,25.91,25.93,25.94,25.91,1712289600000000000,177
IBMN,158702,26.33,26.345,26.38,26.33,1712289600000000000,549
IBMO,77145,25.2,25.235,25.25,25.2,1712289600000000000,239
IBMP,52297,24.98,25.02,25.03,24.98,1712289600000000000,176
IBMQ,30794,25.09,25.12,25.15,25.09,1712289600000000000,104
IBMR,25242,25.02,25.06,25.065,25.02,1712289600000000000,111
IBN,13389867,25.8,25.75,25.87,25.63,1712289600000000000,32698
IBND,19478,29.28,29.17,29.28,29.09,1712289600000000000,226
IBOC,165310,54.84,55.41,55.59,54.72,1712289600000000000,3281
IBOT,1558,43.3829,43.17,43.3829,43.17,1712289600000000000,23
IBP,215153,253.11,258.28,258.725,253.11,1712289600000000000,6965
IBRN,122,24.6521,24.6521,24.6521,24.6521,1712289600000000000,4
IBRX,3308058,5.62,5.71,5.86,5.48,1712289600000000000,15340
IBTE,421640,23.89,23.88,23.89,23.88,1712289600000000000,1112
IBTF,291627,23.17,23.15,23.17,23.15,1712289600000000000,1019
IBTG,210384,22.61,22.5948,22.6184,22.58,1712289600000000000,388
IBTH,308605,22.01,22.0049,22.04,21.99,1712289600000000000,409
IBTI,117304,21.78,21.75,21.805,21.74,1712289600000000000,278
IBTJ,43241,21.3,21.28,21.32,21.27,1712289600000000000,155
IBTK,23561,19.19,19.1746,19.2173,19.1717,1712289600000000000,127
IBTL,14536,19.9,19.87,19.94,19.87,1712289600000000000,76
IBTM,20443,22.35,22.31,22.41,22.31,1712289600000000000,105
IBTO,33827,23.93,23.895,23.97,23.88,1712289600000000000,127
IBTX,131611,42.18,42.36,42.61,42.11,1712289600000000000,2823
IBUY,20769,55.64,56.35,56.35,55.64,1712289600000000000,104
ICAD,108829,1.61,1.61,1.68,1.57,1712289600000000000,379
ICAP,15675,24.75,24.4972,24.75,24.3015,1712289600000000000,131
ICCC,3159,5.125,5.17,5.2,5.09,1712289600000000000,43
ICCM,79564,1.26,1.25,1.26,1.21,1712289600000000000,389
ICCT,29935,1.16,1.12,1.16,1.08,1712289600000000000,147
ICD,22041,1.9194,1.91,1.92,1.87,1712289600000000000,199
ICE,2328202,136.74,137.87,137.98,136.06,1712289600000000000,29210
ICF,108203,55.55,55.94,56.07,55.35,1712289600000000000,1374
ICFI,96337,146.23,146.63,148.835,145.53,1712289600000000000,2618
ICG,1711,8.36,8.21,8.36,8.2,1712289600000000000,34
ICHR,118738,37.91,37.99,38.21,37.57,1712289600000000000,3874
ICL,770877,4.97,5.02,5.07,4.91,1712289600000000000,4771
ICLK,2689,3.94,3.93,3.96,3.93,1712289600000000000,46
ICLN,3232238,13.7,13.67,13.77,13.59,1712289600000000000,11109
ICLO,113889,25.63,25.63,25.66,25.63,1712289600000000000,232
ICLR,431233,314.14,318.83,322.2,312.44,1712289600000000000,10875
ICMB,50109,3.36,3.3,3.36,3.2201,1712289600000000000,292
ICOP,45790,29.77,29.9264,29.979,29.56,1712289600000000000,169
ICOW,265286,31.89,31.93,31.98,31.7098,1712289600000000000,1059
ICRpA,1176,19.8499,19.8,19.8499,19.75,1712289600000000000,27
ICSH,749458,50.39,50.38,50.39,50.37,1712289600000000000,1674
ICU,1026341,0.7,0.6975,0.72,0.6905,1712289600000000000,1908
ICUCW,16150,0.131,0.138699,0.139,0.131,1712289600000000000,73
ICUI,348515,100.39,101.69,104.11,99.96,1712289600000000000,6626
ICVT,161830,78.65,78.69,78.92,78.58,1712289600000000000,1722
IDA,291659,91.48,91.27,91.635,90.44,1712289600000000000,6570
IDAI,86756,0.948,0.95,0.9651,0.92,1712289600000000000,354
IDAT,691,29.23,29.3546,29.3546,29.23,1712289600000000000,17
IDCC,334909,95.33,95.87,96.61,95.33,1712289600000000000,7933
IDE,54135,10.29,10.39,10.46,10.29,1712289600000000000,360
IDEC,1074,26.55,26.65,26.65,26.55,1712289600000000000,7
IDEV,1277652,66.22,66.52,66.655,66.07,1712289600000000000,5289
IDEX,185016,0.9956,0.9569,1,0.951,1712289600000000000,1539
IDGT,1196,70.3,70.4474,70.55,70.3,1712289600000000000,52
IDHQ,39958,30.14,30.12,30.2899,30.02,1712289600000000000,325
IDLV,17486,27.67,27.73,27.8047,27.62,1712289600000000000,130
IDMO,13847,41.31,41.435,41.47,41.1765,1712289600000000000,93
IDN,254317,3.39,3.48,3.62,3.27,1712289600000000000,1519
IDNA,52919,23,23.1,23.245,22.9,1712289600000000000,5594
IDOG,21198,29.73,29.79,29.8481,29.67,1712289600000000000,162
IDR,54157,8.83,8.98,9.295,8.83,1712289600000000000,379
IDRV,110877,30.6,30.71,30.9,30.5509,1712289600000000000,481
IDT,49138,37.432,36.99,37.69,36.92,1712289600000000000,1408
IDU,20078,83.26,83.92,84.04,82.81,1712289600000000000,333
IDUB,16579,20.59,20.78,20.79,20.59,1712289600000000000,91
IDV,525955,27.94,27.99,28.0101,27.785,1712289600000000000,3152
IDVO,11658,30.577,30.76,30.79,30.575,1712289600000000000,136
IDX,1492,16.38,16.3672,16.38,16.35,1712289600000000000,50
IDXX,434869,518.1,519.54,524.06,516.925,1712289600000000000,16348
IDYA,386430,41.37,42.51,42.65,40.7,1712289600000000000,7372
IE,581049,10.43,10.58,10.7,9.83,1712289600000000000,7083
IEDI,3078,48.001,48.2105,48.2973,48.001,1712289600000000000,88
IEF,6334570,93.25,93.14,93.5404,93.13,1712289600000000000,21741
IEFA,9051481,73.15,73.44,73.5783,72.97,1712289600000000000,32060
IEI,1341028,114.91,114.79,115.11,114.78,1712289600000000000,8037
IEMG,14608250,51.73,51.86,51.9851,51.6043,1712289600000000000,27126
IEO,376854,111.51,111.94,112.33,110.605,1712289600000000000,4522
IEP,401968,17,17.16,17.16,16.95,1712289600000000000,3269
IESC,239281,126.11,133.63,135.4766,126.11,1712289600000000000,7119
IETC,31369,69.92,70.57,70.88,69.76,1712289600000000000,623
IEUR,661177,57.05,57.34,57.45,56.945,1712289600000000000,5767
IEUS,2527,56.44,56.487,56.5149,56.355,1712289600000000000,48
IEV,427158,54.91,55.17,55.25,54.77,1712289600000000000,2623
IEX,280684,237.29,239.38,240.74,236.15,1712289600000000000,8628
IEZ,354240,24.33,24.62,24.74,24.23,1712289600000000000,3309
IFBD,33913,4,3.78,4.0899,3.78,1712289600000000000,722
IFEB,222,25.8,25.83,25.83,25.8,1712289600000000000,4
IFED,13,37.0327,37.0327,37.0327,37.0327,1712289600000000000,2
IFF,838580,83.44,83.34,83.645,82.73,1712289600000000000,19006
IFGL,2038,20.68,20.78,20.85,20.68,1712289600000000000,63
IFIN,12115,11.445,11.45,11.45,11.445,1712289600000000000,73
IFIN.U,202,12.5,12.5,12.5,12.5,1712289600000000000,7
IFN,93435,20.41,20.41,20.55,20.31,1712289600000000000,521
IFRA,172557,42.84,43.1,43.1905,42.75,1712289600000000000,1837
IFRX,365160,1.56,1.55,1.68,1.5,1712289600000000000,1099
IFS,164556,23.54,23.1,23.81,23.07,1712289600000000000,1530
IFV,38878,19.905,19.85,19.98,19.85,1712289600000000000,127
IG,4996,20.38,20.37,20.385,20.36,1712289600000000000,39
IGA,26388,8.7,8.7,8.72,8.67,1712289600000000000,133
IGBH,43713,24.42,24.48,24.48,24.42,1712289600000000000,170
IGC,2730247,0.71,0.6495,0.8,0.6,1712289600000000000,5459
IGD,147453,5.13,5.15,5.175,5.12,1712289600000000000,433
IGE,73179,46.07,46.5,46.5971,45.92,1712289600000000000,852
IGEB,112890,44.25,44.28,44.32,44.2178,1712289600000000000,349
IGF,698605,47.26,47.45,47.51,47.01,1712289600000000000,1806
IGHG,17131,76.51,76.64,76.64,76.5,1712289600000000000,161
IGI,6407,16.95,16.97,17.16,16.95,1712289600000000000,38
IGIB,3213096,50.97,50.97,51.09,50.94,1712289600000000000,5647
IGIC,52180,13.66,13.7,13.89,13.43,1712289600000000000,484
IGLB,1475238,50.19,50.19,50.44,50.1459,1712289600000000000,7804
IGLD,16914,20,20.07,20.07,19.79,1712289600000000000,166
IGM,205975,85.08,86,86.4599,85.02,1712289600000000000,2246
IGMS,98674,8.75,8.76,9.11,8.59,1712289600000000000,1403
IGOV,47348,39.42,39.49,39.6,39.39,1712289600000000000,367
IGPT,71415,44.42,44.5,44.796,44.02,1712289600000000000,851
IGR,239658,5.16,5.17,5.2,5.13,1712289600000000000,892
IGRO,22102,66.49,66.64,66.6894,66.17,1712289600000000000,208
IGSB,1743758,51.03,51.01,51.06,50.99,1712289600000000000,4367
IGT,1399717,21.41,21.25,21.61,21.21,1712289600000000000,15114
IGTA,1266,10.87,10.87,10.87,10.87,1712289600000000000,19
IGTAR,977,0.1947,0.1946,0.1947,0.1946,1712289600000000000,11
IGTAW,9905,0.0348,0.0499,0.05,0.0301,1712289600000000000,29
IGTR,50817,27.33,27.51,27.6,27.33,1712289600000000000,161
IGV,10464499,83.29,84.17,84.77,83.29,1712289600000000000,46550
IH,24102,1.76,1.76,1.845,1.76,1712289600000000000,88
IHAK,42942,45.79,46.08,46.2635,45.69,1712289600000000000,635
IHD,7491,5.17,5.17,5.19,5.16,1712289600000000000,77
IHDG,182747,44.96,45.03,45.12,44.9064,1712289600000000000,1468
IHE,14825,65.79,66.33,66.43,65.79,1712289600000000000,502
IHF,64435,51.6,51.98,52.0388,51.5978,1712289600000000000,5484
IHG,218746,99.81,100.59,100.96,99.66,1712289600000000000,4522
IHI,779039,56.56,57.3,57.385,56.44,1712289600000000000,11386
IHRT,642136,2.13,2.05,2.13,1.9698,1712289600000000000,3795
IHS,432085,3.64,3.54,3.83,3.54,1712289600000000000,3362
IHT,1304,1.35,1.38,1.38,1.35,1712289600000000000,22
IHTA,27620,7.4595,7.47,7.47,7.455,1712289600000000000,66
IHY,2112,20.62,20.61,20.68,20.61,1712289600000000000,39
IHYF,1351,22.23,22.225,22.23,22.2,1712289600000000000,8
IIF,34729,23.14,23.16,23.1999,23.12,1712289600000000000,201
IIGD,1875,23.975,23.975,23.985,23.9607,1712289600000000000,24
III,48865,4.06,4,4.1035,3.999,1712289600000000000,428
IIIN,31488,36.69,36.95,37.13,36.69,1712289600000000000,811
IIIV,113189,22.22,22.53,22.66,22.07,1712289600000000000,2362
IIM,77174,11.7,11.65,11.7,11.63,1712289600000000000,392
IINN,115382,1.83,1.91,1.95,1.83,1712289600000000000,630
IIPR,120220,100,100.96,101.5634,100,1712289600000000000,4040
IIPRpA,702,27,26.9,27.01,26.9,1712289600000000000,17
IJAN,17881,31.1,31.1377,31.2,31.07,1712289600000000000,143
IJH,6268167,59.14,59.66,59.83,59.13,1712289600000000000,29580
IJJ,83914,114.85,115.35,115.635,114.59,1712289600000000000,1627
IJK,342116,89.19,90.18,90.43,89.13,1712289600000000000,2851
IJR,3611115,107.01,107.62,108.07,106.9,1712289600000000000,40922
IJS,240484,98.78,99.14,99.52,98.52,1712289600000000000,2253
IJT,102871,127.44,128.36,128.82,127.44,1712289600000000000,1402
IJUL,2236,27.9202,27.93,28.021,27.9202,1712289600000000000,28
IKNA,131625,1.37,1.35,1.42,1.33,1712289600000000000,785
IKT,42011,2.18,2.2,2.27,2.1503,1712289600000000000,248
ILAG,11466,0.465,0.4883,0.4883,0.461,1712289600000000000,75
ILCB,9579,71.1712,71.77,71.9751,71.1712,1712289600000000000,178
ILCG,102958,74.42,75.14,75.4061,74.42,1712289600000000000,648
ILCV,18686,75.32,75.87,76.035,75.32,1712289600000000000,180
ILDR,2638,21.93,22.2012,22.245,21.93,1712289600000000000,44
ILF,800098,28.33,28.27,28.33,28.105,1712289600000000000,4203
ILIT,4186,13.77,13.845,13.87,13.77,1712289600000000000,28
ILMN,1100441,125.05,127.75,129.56,123.66,1712289600000000000,22458
ILPT,227784,3.82,3.8,3.865,3.77,1712289600000000000,2919
ILTB,48049,49.79,49.79,50.07,49.775,1712289600000000000,372
IMAB,225897,1.79,1.83,1.83,1.76,1712289600000000000,1108
IMAQR,500,0.0794,0.0842,0.0842,0.0794,1712289600000000000,3
IMAR,7880,25.42,25.507,25.57,25.42,1712289600000000000,55
IMAX,1003245,16.1,16.15,16.23,15.895,1712289600000000000,7995
IMCB,9940,71.23,71.7067,71.79,71.165,1712289600000000000,263
IMCC,1573707,1.25,0.86,1.25,0.7511,1712289600000000000,5328
IMCG,83503,68.8,69.46,69.66,68.8,1712289600000000000,970
IMCR,207568,62.9,63.5,64.1,62.5,1712289600000000000,3655
IMCV,13877,71.32,71.54,71.595,70.9299,1712289600000000000,166
IMFL,133460,25.38,25.45,25.53,25.29,1712289600000000000,210
IMKTA,56059,75.72,75.42,75.72,74.54,1712289600000000000,1961
IMMP,169978,2.78,2.8,2.85,2.7,1712289600000000000,850
IMMR,252150,7.36,7.32,7.38,7.282,1712289600000000000,3496
IMMX,72433,2.78,2.87,2.94,2.7,1712289600000000000,698
IMNM,481900,20.17,20.26,20.86,19.87,1712289600000000000,8384
IMNN,177898,1.44,1.63,1.65,1.42,1712289600000000000,619
IMO,492410,72.41,72.92,73.235,71.855,1712289600000000000,6714
IMOM,4898,28.677,28.83,28.85,28.631,1712289600000000000,48
IMOS,9930,30.69,30.58,30.8,30.465,1712289600000000000,225
IMPP,1278627,3.31,3.68,3.7,3.305,1712289600000000000,6081
IMPPP,4118,24.1273,24.01,24.175,24,1712289600000000000,26
IMRN,11924,2.62,2.645,2.6801,2.61,1712289600000000000,68
IMRX,531979,2.34,2.19,2.36,2.17,1712289600000000000,3449
IMSI,0,50.8555,50.8555,50.8555,50.8555,1712289600000000000,0
IMTB,7035,42.37,42.325,42.4089,42.325,1712289600000000000,75
IMTE,779,2.25,2.15,2.26,2.15,1712289600000000000,24
IMTM,101745,38.53,38.71,38.8,38.48,1712289600000000000,645
IMTX,150356,10.69,10.58,10.87,10.54,1712289600000000000,1856
IMTXW,602,2.64,2.9,2.9,2.62,1712289600000000000,8
IMUX,489373,1.32,1.28,1.3298,1.22,1712289600000000000,1938
IMVT,1037284,30.75,31.48,32.4,30.09,1712289600000000000,11924
IMXI,118180,22.19,22.49,22.63,22.18,1712289600000000000,2695
INAB,152487,1.12,1.1,1.14,1.05,1712289600000000000,394
INAQW,763,0.0399,0.0398,0.0399,0.0363,1712289600000000000,5
INAV,498,26.1355,26.1355,26.1355,26.1355,1712289600000000000,21
INBK,86967,32.3,32.9,33.1,32.17,1712289600000000000,1257
INBKZ,5475,23.65,23.83,24.43,23.5,1712289600000000000,41
INBS,45650,3.79,3.86,3.9499,3.63,1712289600000000000,482
INBX,217147,34.65,34.97,35.04,34.6,1712289600000000000,5371
INC,11,26.7167,26.7167,26.7167,26.7167,1712289600000000000,3
INCM,54167,25.8,25.67,25.8,25.592,1712289600000000000,278
INCO,30628,64.11,64.26,64.4,63.8599,1712289600000000000,472
INCR,37805,2.53,2.545,2.59,2.5212,1712289600000000000,409
INCY,1603328,54.84,55.24,55.41,54.26,1712289600000000000,23827
INDA,3754093,51.82,52.02,52.08,51.79,1712289600000000000,19218
INDB,140902,49.3,49.19,49.64,48.72,1712289600000000000,3825
INDE,47,28.6408,28.6408,28.6408,28.6408,1712289600000000000,5
INDF,2039,36.1,36.0003,36.1,35.77,1712289600000000000,57
INDI,3192995,6.37,6.72,6.755,6.32,1712289600000000000,17113
INDL,25135,62.27,62.81,62.91,62.23,1712289600000000000,734
INDO,320284,2.8,3.03,3.07,2.55,1712289600000000000,1484
INDP,25250,2.25,2.44,2.4799,2.25,1712289600000000000,148
INDS,14408,38.51,38.6743,38.7,38.22,1712289600000000000,208
INDV,86363,21.42,21.59,21.87,21.32,1712289600000000000,1305
INDY,25445,50.61,50.75,50.77,50.4601,1712289600000000000,566
INFA,1741346,35.41,36.66,36.8725,35.41,1712289600000000000,19285
INFL,41896,32.83,33.1194,33.155,32.7688,1712289600000000000,273
INFN,2406392,5.99,5.8,6,5.79,1712289600000000000,14708
INFR,434,23.345,23.39,23.39,23.345,1712289600000000000,5
INFU,46572,8.34,8.31,8.48,8.21,1712289600000000000,770
INFY,5967437,17.7,17.83,17.85,17.65,1712289600000000000,23482
ING,3038943,16.74,16.87,16.97,16.715,1712289600000000000,13488
INGN,327628,6.65,6.3,6.78,6.29,1712289600000000000,3424
INGR,267001,114.85,114.36,115.23,114.19,1712289600000000000,5974
INHD,60179,0.62,0.5991,0.649999,0.5903,1712289600000000000,307
INKM,6862,30.82,30.8619,30.88,30.82,1712289600000000000,60
INKT,1529546,1.4,1.56,1.9,1.34,1712289600000000000,6378
INLX,44072,6.08,7.2,7.25,6.08,1712289600000000000,520
INM,438331,0.3285,0.322,0.3398,0.3108,1712289600000000000,897
INMB,76655,10.25,10.34,10.38,10.02,1712289600000000000,1610
INMD,1394686,19.8,19.55,20.01,19.52,1712289600000000000,17131
INMU,299,23.6,23.59,23.6,23.59,1712289600000000000,7
INN,786901,6.27,6.45,6.45,6.26,1712289600000000000,7551
INNpE,855,20.83,20.92,20.9475,20.83,1712289600000000000,36
INNpF,4276,20,19.79,20.06,19.52,1712289600000000000,88
INNO,1567,15.97,15.9775,15.9775,15.97,1712289600000000000,10
INNV,7720,4.66,4.51,4.66,4.5,1712289600000000000,265
INO,233985,11.81,11.795,12.35,11.7,1712289600000000000,4000
INOD,302437,6.87,6.86,7.18,6.79,1712289600000000000,2513
INOV,0,27.8851,27.8851,27.8851,27.8851,1712289600000000000,0
INQQ,24956,14.64,14.73,14.75,14.615,1712289600000000000,202
INRO,1223,24.74,24.8625,24.8625,24.74,1712289600000000000,8
INSE,70864,9.72,9.92,10.04,9.665,1712289600000000000,1821
INSG,40886,2.68,2.55,2.74,2.54,1712289600000000000,411
INSI,10976,16.26,16.19,16.29,16.13,1712289600000000000,71
INSM,1663070,27.2,27.66,28.07,26.92,1712289600000000000,20192
INSP,542539,216.5,222.9,226.23,213.56,1712289600000000000,13216
INST,177253,20.57,20.83,21.02,20.363,1712289600000000000,3379
INSW,420274,54.34,53.76,54.72,53.44,1712289600000000000,9164
INTA,468214,31.87,31.66,31.925,31.4,1712289600000000000,8438
INTC,67263035,39.35,38.71,39.46,38.51,1712289600000000000,418132
INTF,96403,29.421,29.63,29.66,29.41,1712289600000000000,173
INTG,13405,22.69,21.51,22.75,21.16,1712289600000000000,201
INTJ,134677,1.61,1.61,1.7,1.55,1712289600000000000,592
INTL,1754,22.85,22.964,22.964,22.85,1712289600000000000,22
INTR,887189,5.76,5.83,5.87,5.735,1712289600000000000,9969
INTS,11325,4.67,4.5,4.67,4.44,1712289600000000000,100
INTT,72295,13.45,13.25,13.515,13.1,1712289600000000000,1554
INTU,1619825,623.5,635.74,637.25,621.55,1712289600000000000,40931
INTZ,59212,3.1,2.92,3.19,2.86,1712289600000000000,1937
INUV,262889,0.383,0.3532,0.3883,0.3401,1712289600000000000,599
INVA,873376,14.62,14.66,14.735,14.51,1712289600000000000,6788
INVE,130035,5.77,5.56,6.015,5.56,1712289600000000000,2032
INVH,1788841,34.27,34.77,34.88,34.14,1712289600000000000,19397
INVO,16725,0.8305,0.8549,0.87,0.8212,1712289600000000000,87
INVZ,1130329,1.46,1.46,1.505,1.43,1712289600000000000,4131
INVZW,100,0.2997,0.2997,0.2997,0.2997,1712289600000000000,1
INZY,752551,6.39,6.41,6.61,6.24,1712289600000000000,5569
IOBT,124387,1.7,1.58,1.7,1.55,1712289600000000000,510
IOCT,4306,28.74,28.8001,28.81,28.74,1712289600000000000,19
ION,43,30.8764,30.8764,30.8764,30.8764,1712289600000000000,3
IONM,221200,0.6,0.6175,0.6455,0.57,1712289600000000000,726
IONQ,4363082,9.22,9.21,9.37,9.0275,1712289600000000000,45487
IONQ.WS,6135,2.377,2.42,2.48,2.35,1712289600000000000,46
IONR,4066,4.73,4.6003,4.73,4.5331,1712289600000000000,54
IONS,596959,42.63,43.22,43.38,42.21,1712289600000000000,10842
IOO,175422,88.27,89,89.26,88.19,1712289600000000000,1271
IOPP,8498,25.6,25.66,25.75,25.595,1712289600000000000,59
IOSP,71852,123.29,124.77,124.78,122.83,1712289600000000000,2469
IOT,2132226,33.95,33.89,34.31,33.68,1712289600000000000,21274
IOVA,3383947,13.48,13.53,13.89,13.2,1712289600000000000,31142
IP,3347499,39.12,38.66,39.2,38.39,1712289600000000000,35763
IPA,83015,1.41,1.44,1.45,1.31,1712289600000000000,526
IPAC,49877,62.29,62.49,62.61,62.29,1712289600000000000,303
IPAR,110218,131.14,131.21,132.08,130.27,1712289600000000000,2683
IPAY,14981,50.4,50.84,51.1625,50.4,1712289600000000000,187
IPDN,5006,1.81,1.745,1.8337,1.6505,1712289600000000000,60
IPDP,12,18.303,18.303,18.303,18.303,1712289600000000000,3
IPG,2289939,31.79,31.46,32.08,31.46,1712289600000000000,25008
IPGP,218011,87,86.27,87.365,86.14,1712289600000000000,5995
IPHA,2623,2.42,2.5325,2.545,2.35,1712289600000000000,90
IPI,86647,21.06,21.47,21.53,20.742,1712289600000000000,1780
IPKW,1493,40.02,40.245,40.245,40.02,1712289600000000000,27
IPO,28795,39.89,40.15,40.43,39.75,1712289600000000000,361
IPOS,1948,13.8,14.0026,14.01,13.8,1712289600000000000,22
IPPP,1,9.9001,9.9001,9.9001,9.9001,1712289600000000000,1
IPSC,27552,3.63,3.63,3.75,3.57,1712289600000000000,312
IPW,25091,0.471,0.44,0.499,0.44,1712289600000000000,105
IPWR,22982,7.81,7.95,8.43,7.81,1712289600000000000,371
IPX,14090,14.9,14.8,15.0199,14.7,1712289600000000000,135
IPXX,30588,10.5,10.48,10.5,10.47,1712289600000000000,57
IPXXU,922,10.52,10.53,10.53,10.52,1712289600000000000,7
IPXXW,1310,0.160001,0.135,0.160001,0.13,1712289600000000000,8
IQ,7280628,4.3,4.49,4.505,4.23,1712289600000000000,25828
IQDE,612,21.271,21.3387,21.3387,21.271,1712289600000000000,6
IQDF,36970,23.98,24.0599,24.075,23.935,1712289600000000000,203
IQDG,53734,37.23,37.36,37.3975,37.07,1712289600000000000,439
IQDY,7415,28.61,28.7194,28.7658,28.545,1712289600000000000,100
IQHI,3389,26.2,26.19,26.2147,26.19,1712289600000000000,37
IQI,64051,9.45,9.445,9.45,9.42,1712289600000000000,336
IQIN,2239,34.12,34.0947,34.14,34.09,1712289600000000000,26
IQLT,1724427,38.9,39.07,39.18,38.85,1712289600000000000,5128
IQM,817,56.9248,57.5627,57.8499,56.9248,1712289600000000000,18
IQQQ,4031,40.2086,40.3758,40.5492,40.15,1712289600000000000,82
IQRA,12,24.6645,24.6645,24.6645,24.6645,1712289600000000000,3
IQSI,1569,29.54,29.5055,29.5401,29.46,1712289600000000000,11
IQSM,99,31.5572,31.5572,31.5572,31.5572,1712289600000000000,2
IQSU,20534,43.54,43.82,43.93,43.51,1712289600000000000,183
IQV,556638,239.02,241.45,241.939,238.03,1712289600000000000,15354
IR,2125589,92.88,94.81,95.05,92.715,1712289600000000000,29681
IRAA,116,10.64,10.64,10.64,10.64,1712289600000000000,2
IRBA,0,9.5752,9.5752,9.5752,9.5752,1712289600000000000,0
IRBO,68940,33.58,33.69,33.86,33.49,1712289600000000000,1099
IRBT,2490128,8.6,8.84,9.3398,8.3015,1712289600000000000,19945
IRDM,928672,25.06,25.2,25.49,24.78,1712289600000000000,14638
IREN,9606161,5.65,5.6,5.85,5.52,1712289600000000000,30154
IRET,812,19.9,19.8991,19.9,19.87,1712289600000000000,23
IRIX,55036,2.95,3.07,3.15,2.91,1712289600000000000,312
IRM,916318,78.48,78.64,79.15,78.25,1712289600000000000,15739
IRMD,42863,41.11,42.49,42.995,40.8,1712289600000000000,1168
IROH,514,10.0129,10.0129,10.0129,10.0129,1712289600000000000,6
IROHR,840,0.2,0.1902,0.23,0.1902,1712289600000000000,6
IROHW,420,0.0311,0.0311,0.0311,0.0311,1712289600000000000,1
IRON,583880,29.99,30.1,31.15,28.75,1712289600000000000,7716
IRS,314840,8.99,9.7,9.75,8.93,1712289600000000000,2353
IRS.WS,5010,0.65,0.63,0.65,0.63,1712289600000000000,12
IRT,1531720,15.34,15.37,15.4975,15.245,1712289600000000000,12015
IRTC,892508,106.74,111.76,112.78,106.575,1712289600000000000,14477
IRTR,305,27.38,27.345,27.38,27.345,1712289600000000000,12
IRVH,38,20.7392,20.7392,20.7392,20.7392,1712289600000000000,2
IRWD,1955100,8.18,8.06,8.27,7.98,1712289600000000000,13865
ISCB,3990,54.445,54.58,54.8,54.405,1712289600000000000,72
ISCF,15471,32.67,32.82,32.91,32.6401,1712289600000000000,163
ISCG,19884,45.11,45.47,45.61,45.07,1712289600000000000,220
ISCV,24977,59.22,59.3,59.5499,59.05,1712289600000000000,113
ISD,112659,12.79,12.77,12.79,12.75,1712289600000000000,481
ISDB,0,24.8149,24.8149,24.8149,24.8149,1712289600000000000,0
ISEP,3819,26.9656,26.9951,27.04,26.9656,1712289600000000000,39
ISHG,6360,70.03,69.995,70.0459,69.84,1712289600000000000,51
ISHP,66,29.4,29.4,29.4,29.4,1712289600000000000,4
ISMD,31682,34.69,34.89,35.01,34.69,1712289600000000000,142
ISPC,141623,0.211,0.21,0.2231,0.2001,1712289600000000000,302
ISPO,2875,3.9699,3.915,3.9699,3.915,1712289600000000000,12
ISPOW,400,0.0101,0.0116,0.0116,0.0101,1712289600000000000,2
ISPR,31544,5.86,5.82,5.9894,5.81,1712289600000000000,718
ISPY,13583,41.86,42.07,42.1899,41.8,1712289600000000000,161
ISRA,5722,35.88,36.0757,36.2082,35.88,1712289600000000000,117
ISRG,1404465,381.12,388.39,393.66,379.24,1712289600000000000,40645
ISRL,423,10.92,10.885,10.92,10.885,1712289600000000000,12
ISSC,18392,7.38,7.28,7.38,7.21,1712289600000000000,293
ISTB,213157,47.2,47.17,47.2299,47.16,1712289600000000000,907
ISTR,7592,15.9,15.93,16.16,15.9,1712289600000000000,295
ISUN,136934,0.236,0.228,0.236,0.2201,1712289600000000000,254
ISVL,10199,35.2732,35.5,35.56,35.2732,1712289600000000000,43
ISWN,1162,19.13,19.0986,19.13,19.04,1712289600000000000,20
ISZE,2,26.439,26.439,26.439,26.439,1712289600000000000,2
IT,233247,465.41,470.36,472.535,465.41,1712289600000000000,9235
ITA,323112,130.47,131.35,131.38,130.1968,1712289600000000000,4934
ITAN,1506,28.41,28.5353,28.5353,28.41,1712289600000000000,42
ITB,1381873,110.41,111.87,112.07,110.41,1712289600000000000,24228
ITCI,702125,67.29,68.44,69.5,67.02,1712289600000000000,10390
ITDA,91,27.5918,27.5918,27.5918,27.5918,1712289600000000000,9
ITDB,9992,27.97,28.0368,28.085,27.97,1712289600000000000,89
ITDC,2719,28.1975,28.3108,28.3692,28.1975,1712289600000000000,28
ITDD,13057,28.48,28.6079,28.66,28.4656,1712289600000000000,49
ITDE,1685,28.95,28.9053,28.95,28.87,1712289600000000000,38
ITDF,6328,29.0901,29.1368,29.19,29.05,1712289600000000000,49
ITDG,1597,29.0674,29.1901,29.2469,29.0674,1712289600000000000,41
ITDH,4312,29.01,29.1907,29.25,29,1712289600000000000,59
ITDI,13955,29.07,29.1906,29.1906,29.07,1712289600000000000,53
ITEQ,1201,46.88,46.8393,46.925,46.8393,1712289600000000000,37
ITGR,355545,114.71,114.97,116.75,114.71,1712289600000000000,6234
ITI,82981,4.8,4.82,4.85,4.74,1712289600000000000,747
ITIC,333,159.9,159.9,159.9,159.9,1712289600000000000,50
ITM,131973,46.05,46,46.075,45.98,1712289600000000000,587
ITOS,145216,12.36,12.36,12.55,12.21,1712289600000000000,2383
ITOT,1164703,113.22,114.13,114.56,113.15,1712289600000000000,14589
ITP,7679,0.2652,0.268,0.279899,0.255001,1712289600000000000,57
ITRG,264589,0.838,0.848,0.85,0.790101,1712289600000000000,586
ITRI,401220,91.64,91.5,92.16,90.88,1712289600000000000,7007
ITRM,231922,1.85,1.76,1.85,1.72,1712289600000000000,690
ITRN,25052,27.34,27.51,27.57,27.21,1712289600000000000,587
ITT,330618,131.8,132.59,133.48,130.94,1712289600000000000,7571
ITUB,21000091,6.53,6.48,6.535,6.43,1712289600000000000,25797
ITW,908509,263.12,262.94,264.26,262.03,1712289600000000000,21644
IUS,102199,46.9,47.22,47.36,46.89,1712289600000000000,659
IUSB,1571401,45.07,45.02,45.16,45.02,1712289600000000000,4471
IUSG,1516410,115.75,116.9,117.39,115.69,1712289600000000000,4509
IUSV,702334,88.41,88.83,89.04,88.21,1712289600000000000,3671
IVA,32351,3.73,3.78,3.8199,3.6715,1712289600000000000,88
IVAC,36580,3.83,3.81,3.86,3.775,1712289600000000000,468
IVAL,6892,26.694,26.77,26.79,26.69,1712289600000000000,75
IVCA,152,11.2,11.2,11.2,11.2,1712289600000000000,11
IVCB,108483,11.32,11.33,11.33,11.32,1712289600000000000,241
IVCBW,19814,0.075,0.0996,0.1105,0.075,1712289600000000000,85
IVCP,6772,10.875,10.8,10.96,10.8,1712289600000000000,30
IVDA,53150,0.8085,0.7947,0.8505,0.7689,1712289600000000000,160
IVDAW,400,0.05,0.0549,0.0549,0.05,1712289600000000000,3
IVE,573374,182.52,183.51,184.0051,182.25,1712289600000000000,6919
IVEG,521,19.9987,19.9866,19.9987,19.9866,1712289600000000000,7
IVES,3756,46,46.0453,46.26,46,1712289600000000000,49
IVLU,152746,28.04,28.14,28.1864,28,1712289600000000000,818
IVOG,78224,110.73,112.0277,112.2135,110.73,1712289600000000000,341
IVOL,158981,18.86,18.8,18.8987,18.8,1712289600000000000,715
IVOO,32917,100.29,101.13,101.34,100.29,1712289600000000000,534
IVOV,33060,88.02,88.5312,88.7,87.945,1712289600000000000,324
IVP,5503378,0.0405,0.0479,0.048,0.0405,1712289600000000000,2119
IVR,1380707,8.98,8.85,9.01,8.82,1712289600000000000,9913
IVRpB,4556,23.2,23.51,23.56,23.2,1712289600000000000,46
IVRpC,6869,22.29,22.68,23.11,22.29,1712289600000000000,78
IVRA,1037,13.87,13.8938,13.8938,13.87,1712289600000000000,14
IVRS,1522,32.537,32.5787,32.6,32.51,1712289600000000000,16
IVT,403683,24.52,24.5,24.62,24.425,1712289600000000000,5281
IVV,5275902,517,520.99,523,516.55,1712289600000000000,72079
IVVB,280305,27.48,27.4742,27.48,27.4742,1712289600000000000,12
IVVD,997183,3.77,3.3,3.93,3.28,1712289600000000000,5736
IVVM,23006,27.59,27.7341,27.8,27.59,1712289600000000000,79
IVVW,798,49.5798,49.7929,49.8481,49.5798,1712289600000000000,29
IVW,2363058,83.45,84.31,84.695,83.4,1712289600000000000,20995
IVZ,5494160,16.45,16.65,16.775,16.25,1712289600000000000,34552
IWB,581636,283.08,285.39,286.35,282.88,1712289600000000000,7470
IWC,11353,116.6,117.85,118.205,116.6,1712289600000000000,300
IWD,3505856,175.59,176.75,177.22,175.22,1712289600000000000,15654
IWDL,378,36.07,36.0262,36.07,36.0262,1712289600000000000,7
IWF,1518999,331.65,334.69,336.19,331.3,1712289600000000000,13379
IWFG,24,41.8936,41.8936,41.8936,41.8936,1712289600000000000,6
IWFH,13,15.3645,15.3645,15.3645,15.3645,1712289600000000000,4
IWFL,0,35.6296,35.6296,35.6296,35.6296,1712289600000000000,0
IWIN,2486,28.02,28.2737,28.2737,28.01,1712289600000000000,20
IWL,286909,125.04,126.08,126.58,124.9901,1712289600000000000,751
IWLG,59,41.4816,41.4816,41.4816,41.4816,1712289600000000000,7
IWM,27569379,203.14,204.45,205.695,202.88,1712289600000000000,229622
IWML,2,18.9934,18.9934,18.9934,18.9934,1712289600000000000,1
IWMW,375,49.37,49.3841,49.47,49.37,1712289600000000000,20
IWMY,397230,16.42,16.53,16.5399,16.39,1712289600000000000,3125
IWN,1073684,153.91,154.8,155.51,153.55,1712289600000000000,8794
IWO,478421,261.29,262.74,264.51,260.57,1712289600000000000,6567
IWP,1008586,111.1,112.19,112.63,111.06,1712289600000000000,9751
IWR,2793054,82.13,82.77,83.02,82.02,1712289600000000000,9363
IWS,395476,122.49,123.4,123.685,122.45,1712289600000000000,4213
IWTR,4,30.505,30.505,30.505,30.505,1712289600000000000,3
IWV,62513,294.45,296.79,297.93,294.4258,1712289600000000000,1203
IWX,118996,75.02,75.4,75.6301,74.8732,1712289600000000000,680
IWY,295730,192.36,194.17,195.07,192.285,1712289600000000000,3494
IX,8070,105.03,105.5,105.9799,105.03,1712289600000000000,520
IXAQ,1533,11.29,11.2984,11.2999,11.29,1712289600000000000,12
IXAQW,33043,0.06,0.062,0.062,0.059,1712289600000000000,20
IXC,553467,44.38,44.68,44.8025,44.16,1712289600000000000,5056
IXG,7989,85.27,85.8083,85.81,85.171,1712289600000000000,157
IXHL,48628,3.5,3.25,3.5,3.25,1712289600000000000,460
IXJ,854891,89.75,90.47,90.66,89.57,1712289600000000000,2217
IXN,79349,73.66,74.25,74.53,73.515,1712289600000000000,1289
IXP,20933,84.42,85.38,85.475,84.42,1712289600000000000,134
IXUS,2372023,67.26,67.55,67.67,67.105,1712289600000000000,6236
IYC,43747,79.63,80.19,80.51,79.63,1712289600000000000,467
IYE,676707,50.77,51.17,51.3801,50.55,1712289600000000000,6013
IYF,122085,93.6,94.24,94.58,93.51,1712289600000000000,1505
IYG,63761,64.99,65.33,65.56,64.8599,1712289600000000000,991
IYH,770209,59.59,60.1,60.29,59.41,1712289600000000000,1948
IYJ,27496,123.37,124.73,124.885,123.37,1712289600000000000,653
IYK,53568,65.54,65.61,65.7884,65.35,1712289600000000000,711
IYLD,12815,19.73,19.75,19.78,19.7272,1712289600000000000,83
IYM,435859,146.94,148.57,148.64,146.94,1712289600000000000,217
IYR,6698018,86.73,87.19,87.48,86.32,1712289600000000000,53333
IYT,283423,68.48,69.29,69.58,68.48,1712289600000000000,3735
IYW,713173,133.17,134.37,135.02,132.78,1712289600000000000,8643
IYY,17656,125.84,126.78,127.225,125.56,1712289600000000000,411
IYZ,834543,21.33,21.27,21.36,21.14,1712289600000000000,4918
IZEA,30069,2.4,2.4,2.49,2.36,1712289600000000000,260
IZM,166184,18,19.59,20.86,17.96,1712289600000000000,1404
IZRL,16240,20.2,20.4298,20.4298,20.1701,1712289600000000000,158
J,540234,149.24,147.92,149.83,147.81,1712289600000000000,13196
JAAA,1067774,50.58,50.56,50.58,50.55,1712289600000000000,2749
JACK,660874,62.61,61.25,63.05,61.03,1712289600000000000,12050
JAGX,23356896,0.08,0.084,0.0884,0.078,1712289600000000000,16236
JAKK,159299,22.55,21.95,23.22,21.7889,1712289600000000000,2765
JAMF,282353,17.71,17.79,17.83,17.44,1712289600000000000,5092
JAN,54554,2.4092,2.5,2.55,2.3,1712289600000000000,223
JAND,35,24.875,24.875,24.875,24.875,1712289600000000000,1
JANH,16,24.77,24.77,24.77,24.77,1712289600000000000,4
JANJ,1819,24.7,24.68,24.7,24.65,1712289600000000000,12
JANP,0,26.3266,26.3266,26.3266,26.3266,1712289600000000000,0
JANQ,1804,24.62,24.6,24.6399,24.58,1712289600000000000,18
JANT,7685,32.71,32.7833,32.8439,32.705,1712289600000000000,30
JANW,58559,31.275,31.37,31.3941,31.275,1712289600000000000,152
JANX,278739,35.16,35.12,35.68,34.63,1712289600000000000,4554
JANZ,714,31.8199,31.9012,31.9012,31.8199,1712289600000000000,16
JAVA,65936,58.72,59.02,59.13,58.6,1712289600000000000,617
JAZZ,530825,115.19,116.42,116.86,114.82,1712289600000000000,13703
JBBB,73440,48.79,48.78,48.79,48.7643,1712289600000000000,454
JBGS,902662,15.4,15.36,15.56,15.305,1712289600000000000,6655
JBHT,392497,194.52,195.33,196.25,194.04,1712289600000000000,11354
JBI,817314,14.5,14.54,14.65,14.45,1712289600000000000,9211
JBL,1147722,136.93,140.47,140.625,136.3,1712289600000000000,23151
JBLU,8333479,6.79,6.8,6.89,6.69,1712289600000000000,28723
JBND,22738,51.88,51.81,51.92,51.81,1712289600000000000,93
JBSS,42547,103.11,103.84,104.15,102.22,1712289600000000000,1796
JBT,712768,97,98.89,99.22,94.9,1712289600000000000,9405
JCE,56753,13.75,13.8,13.87,13.74,1712289600000000000,243
JCHI,47,39.4247,39.4247,39.4247,39.4247,1712289600000000000,7
JCI,3043053,64.61,65.19,65.445,64.555,1712289600000000000,33930
JCPB,258569,46.05,46.0199,46.1401,46.0199,1712289600000000000,1142
JCPI,8763,46.53,46.5034,46.5899,46.49,1712289600000000000,61
JCSE,8520,0.779,0.69,0.779,0.69,1712289600000000000,268
JCTR,60,70.2093,70.2093,70.2093,70.2093,1712289600000000000,3
JD,5699375,26.2,26.02,26.29,25.96,1712289600000000000,50620
JDOC,4093,57.16,57.095,57.16,57.095,1712289600000000000,7
JDST,13711584,4.45,4.19,4.485,4.12,1712289600000000000,12467
JDVI,0,26.8663,26.8663,26.8663,26.8663,1712289600000000000,0
JEF,701174,43.57,43.82,44.105,43.39,1712289600000000000,9760
JELD,900664,20.66,21.42,21.62,20.46,1712289600000000000,8949
JEMA,164456,36.83,36.84,36.9495,36.565,1712289600000000000,1003
JEPI,4020075,56.81,57.07,57.215,56.7303,1712289600000000000,37125
JEPQ,2213606,53.26,53.59,53.8374,53.165,1712289600000000000,21972
JEPY,192177,16.86,16.95,16.97,16.86,1712289600000000000,1822
JEQ,30568,6.0811,6.14,6.1526,6.07,1712289600000000000,110
JETD,690,21.95,21.9839,22.11,21.95,1712289600000000000,9
JETS,2146514,20.02,20.12,20.215,19.93,1712289600000000000,9788
JETU,62,21.2731,21.2731,21.2731,21.2731,1712289600000000000,6
JEWL,30513,0.375,0.3651,0.3927,0.3601,1712289600000000000,126
JFBR,120723,0.369,0.358,0.37,0.351,1712289600000000000,231
JFBRW,2423,0.0813,0.089,0.0894,0.0813,1712289600000000000,18
JFIN,31117,6.35,6.55,6.58,6.32,1712289600000000000,326
JFR,485967,8.69,8.68,8.71,8.66,1712289600000000000,2252
JFU,1497,3.5,3.5,3.5001,3.5,1712289600000000000,47
JFWD,618,10.76,10.7494,10.779,10.7494,1712289600000000000,13
JG,1058,3.16,3.1943,3.1943,3.02,1712289600000000000,52
JGH,40273,12.79,12.94,12.95,12.79,1712289600000000000,281
JGLO,242604,57.05,57.5,57.715,57.005,1712289600000000000,864
JGRO,103233,69.69,70.52,70.7748,69.675,1712289600000000000,735
JHAC,167,12.81,12.8304,12.8304,12.81,1712289600000000000,3
JHCB,4184,21,21.02,21.05,21,1712289600000000000,31
JHDV,4,32.3858,32.3858,32.3858,32.3858,1712289600000000000,3
JHEM,23438,25.94,26.015,26.05,25.895,1712289600000000000,268
JHG,917103,32.24,32.51,32.82,32.03,1712289600000000000,12253
JHI,15403,13.15,13.13,13.16,13.11,1712289600000000000,103
JHID,0,29.6855,29.6855,29.6855,29.6855,1712289600000000000,0
JHMB,3806,21.38,21.35,21.426,21.35,1712289600000000000,15
JHMD,50777,34.05,34.13,34.2247,33.98,1712289600000000000,417
JHML,29443,63.54,64.04,64.22,63.54,1712289600000000000,270
JHMM,208131,56.01,56.4,56.53,55.98,1712289600000000000,1560
JHMU,403,26.805,26.79,26.805,26.79,1712289600000000000,4
JHPI,2624,22.38,22.4099,22.4138,22.375,1712289600000000000,23
JHS,10752,10.96,10.97,11.01,10.96,1712289600000000000,86
JHSC,22468,37.34,37.6,37.6651,37.31,1712289600000000000,124
JHX,15168,38.83,39.27,39.42,38.83,1712289600000000000,485
JIG,6398,62,62.2132,62.3359,62,1712289600000000000,101
JILL,60219,29.45,29.15,29.45,28.605,1712289600000000000,1435
JIRE,95966,61.66,61.84,61.98,61.56,1712289600000000000,618
JIVE,125,54.82,54.8118,54.82,54.8118,1712289600000000000,3
JJSF,56131,139.22,140.25,140.49,138.315,1712289600000000000,2444
JKHY,275370,169.4,170.03,170.205,168.995,1712289600000000000,8984
JKS,738401,23.55,23.27,23.7267,23.1,1712289600000000000,9267
JL,413445,0.918,0.888,0.928,0.88,1712289600000000000,2667
JLL,232190,195.4,198.34,199.12,195.4,1712289600000000000,5965
JLS,14408,17.72,17.65,17.72,17.63,1712289600000000000,122
JMBS,255232,44.58,44.48,44.6799,44.465,1712289600000000000,1282
JMEE,67994,57.32,57.47,57.61,57.1,1712289600000000000,402
JMHI,9034,49.25,49.26,49.38,49.25,1712289600000000000,44
JMIA,2968532,5.2,5.14,5.4207,5.03,1712289600000000000,13916
JMM,5717,6.04,6.005,6.04,5.99,1712289600000000000,43
JMOM,33543,51.76,52.44,52.5408,51.76,1712289600000000000,205
JMSB,5297,17.8,16.93,17.8,16.93,1712289600000000000,124
JMSI,6358,49.92,49.96,50,49.92,1712289600000000000,53
JMST,386112,50.59,50.575,50.6099,50.57,1712289600000000000,1004
JMUB,186037,50.19,50.27,50.31,50.19,1712289600000000000,1044
JNJ,6783020,152.03,152.39,153.01,151.61,1712289600000000000,116073
JNK,4187657,93.99,93.91,94.06,93.9,1712289600000000000,24002
JNPR,2133550,37.05,37.07,37.12,37,1712289600000000000,13918
JNUG,1501419,36.58,38.73,39.21,36.29,1712289600000000000,12977
JNVR,11472,1.27,1.19,1.33,1.13,1712289600000000000,58
JOB,187490,0.3623,0.3527,0.3623,0.3511,1712289600000000000,241
JOBY,3231104,4.87,4.92,5.02,4.8212,1712289600000000000,23266
JOBY.WS,8959,0.64,0.69,0.69,0.64,1712289600000000000,28
JOE,252086,56.1,57.07,57.12,56.1,1712289600000000000,3219
JOET,16300,33.71,34.0018,34.0599,33.71,1712289600000000000,186
JOF,32016,7.85,7.88,7.92,7.85,1712289600000000000,100
JOJO,23,14.094,14.094,14.094,14.094,1712289600000000000,5
JOUT,29725,45.565,45.16,45.63,44.5,1712289600000000000,1157
JPAN,1268,29.904,29.875,29.91,29.875,1712289600000000000,5
JPC,454681,7.11,7.12,7.16,7.11,1712289600000000000,1193
JPEF,30768,58.75,59.24,59.3399,58.67,1712289600000000000,277
JPEM,8936,53.97,54.17,54.21,53.9403,1712289600000000000,121
JPI,34737,19.05,19.04,19.0699,19.03,1712289600000000000,209
JPIB,28222,47.33,47.32,47.35,47.27,1712289600000000000,215
JPIE,256038,45.27,45.23,45.27,45.23,1712289600000000000,914
JPIN,31757,55.68,55.84,55.8782,55.62,1712289600000000000,208
JPLD,12706,50.79,50.715,50.79,50.701,1712289600000000000,114
JPM,6532278,196.16,197.45,198.1224,195.11,1712289600000000000,111367
JPMpC,92875,25.28,25.3,25.34,25.27,1712289600000000000,551
JPMpD,61143,25.18,25.21,25.3,25.18,1712289600000000000,434
JPMpJ,28611,22.55,22.62,22.67,22.5101,1712289600000000000,225
JPMpK,74059,21.47,21.48,21.63,21.455,1712289600000000000,615
JPMpL,82830,21.85,21.84,21.94,21.84,1712289600000000000,584
JPMpM,123456,20.12,20.1,20.23,20.08,1712289600000000000,731
JPMB,3965,38.91,38.928,38.97,38.87,1712289600000000000,76
JPME,54216,96.93,97.4218,97.52,96.93,1712289600000000000,143
JPMO,43649,20.95,21.1807,21.1999,20.688,1712289600000000000,295
JPRE,53752,42.36,42.63,42.73,42.26,1712289600000000000,502
JPSE,22408,44.06,44.2231,44.365,43.89,1712289600000000000,270
JPST,5840200,50.29,50.29,50.3,50.29,1712289600000000000,5607
JPSV,4618,54.65,54.8582,54.8582,54.52,1712289600000000000,22
JPUS,4351,109.67,110.3776,110.46,109.67,1712289600000000000,73
JPXN,8500,73.54,73.604,73.7,73.3077,1712289600000000000,91
JQC,260662,5.55,5.58,5.58,5.52,1712289600000000000,882
JQUA,373668,51.76,52.11,52.29,51.71,1712289600000000000,1968
JRE,4270,21.5993,21.8247,21.84,21.5993,1712289600000000000,37
JRI,46722,11.59,11.53,11.6057,11.53,1712289600000000000,272
JRNY,346,25.13,25.3646,25.3646,25.13,1712289600000000000,2
JRS,73925,7.46,7.45,7.6,7.45,1712289600000000000,434
JRSH,1886,3.1699,3.14,3.1699,3.1,1712289600000000000,51
JRVR,621315,8.9,8.63,8.9,8.48,1712289600000000000,6226
JSCP,25401,46.2,46.1972,46.23,46.1841,1712289600000000000,110
JSI,54835,51.385,51.3,51.39,51.3,1712289600000000000,54
JSM,12279,20.97,20.8,21.06,20.8,1712289600000000000,103
JSMD,21547,67.89,68.43,68.4748,67.89,1712289600000000000,352
JSML,4831,59.095,59.55,59.55,59.095,1712289600000000000,78
JSPR,53099,27.52,29.5,29.77,26.975,1712289600000000000,1236
JSPRW,19632,0.1875,0.166,0.215,0.164723,1712289600000000000,55
JSTC,42186,17.42,17.47,17.4793,17.3603,1712289600000000000,123
JTAI,72322,0.8465,0.8381,0.8465,0.8109,1712289600000000000,436
JTAIW,3360,0.05,0.0575,0.0575,0.05,1712289600000000000,14
JTAIZ,806,0.41,0.41,0.41,0.41,1712289600000000000,8
JTEK,39950,65.5,66.03,66.44,65.19,1712289600000000000,262
JUCY,53429,23.39,23.44,23.4496,23.35,1712289600000000000,183
JULD,79,24.99,24.99,24.99,24.99,1712289600000000000,1
JULH,4829,24.9381,24.945,24.949,24.92,1712289600000000000,26
JULJ,6253,24.92,24.92,24.94,24.9,1712289600000000000,38
JULQ,2168,24.875,24.875,24.89,24.86,1712289600000000000,19
JULT,3085,35.5,35.7049,35.76,35.5,1712289600000000000,29
JULW,1226,32.5116,32.5749,32.61,32.5116,1712289600000000000,13
JULZ,736,38.81,38.9056,38.9056,38.81,1712289600000000000,21
JUNT,100,29.24,29.2498,29.2498,29.24,1712289600000000000,1
JUNW,404,27.8252,27.835,27.835,27.8252,1712289600000000000,12
JUNZ,0,28.0993,28.0993,28.0993,28.0993,1712289600000000000,0
JUST,8635,73.44,74.108,74.3217,73.44,1712289600000000000,95
JVA,16886,1.48,1.5,1.51,1.47,1712289600000000000,157
JVAL,45989,40.73,40.94,41.0477,40.7,1712289600000000000,355
JVSA,23480,10.065,10.06,10.065,10.06,1712289600000000000,14
JVSAR,5200,0.26,0.26,0.26,0.26,1712289600000000000,1
JWEL,275,1.44,1.44,1.44,1.44,1712289600000000000,19
JWN,2375873,18.28,18.66,18.9,18.21,1712289600000000000,23518
JWSM.U,166,11,11,11,11,1712289600000000000,2
JWSM.WS,6706,0.2,0.25,0.25,0.2,1712289600000000000,12
JXI,1668,58.1,58.371,58.371,57.8,1712289600000000000,41
JXJT,8072,1.24,1.24,1.2636,1.21,1712289600000000000,63
JXN,806946,66.37,66.54,66.945,66.14,1712289600000000000,12895
JXNpA,14888,26.52,26.395,26.52,26.31,1712289600000000000,195
JYD,21878,0.94,0.9215,0.94,0.89,1712289600000000000,78
JYNT,22720,12.5401,12.74,12.75,12.5301,1712289600000000000,712
JZ,4343,2.15,2.185,2.185,2.1,1712289600000000000,49
JZXN,3021545,0.8289,0.62,0.869,0.59995,1712289600000000000,7789
K,2163037,57.59,57.45,57.59,56.69,1712289600000000000,25379
KA,66109,0.5601,0.5599,0.59,0.53,1712289600000000000,167
KAI,142615,302.5,299.7,305.26,299.1,1712289600000000000,4229
KALA,13146,7.6,7.6,7.98,7.6,1712289600000000000,344
KALL,184,18.16,18.17,18.17,18.16,1712289600000000000,3
KALU,116797,90.31,92.97,93.08,89.96,1712289600000000000,3737
KALV,184360,11.13,11.09,11.375,10.97,1712289600000000000,2972
KAMN,231727,45.88,45.85,45.91,45.83,1712289600000000000,2531
KAPR,60658,30.53,30.66,30.71,30.495,1712289600000000000,232
KAR,602114,16.93,17.13,17.241,16.93,1712289600000000000,6067
KARB,1,26.7256,26.7256,26.7256,26.7256,1712289600000000000,1
KARO,6745,24.9869,26.3,26.3,24.2279,1712289600000000000,106
KARS,16111,22.1,22.16,22.2378,21.985,1712289600000000000,199
KAVL,76125,2.7,2.71,2.99,2.6601,1712289600000000000,779
KB,139742,50.97,51.16,51.2599,50.725,1712289600000000000,2312
KBA,25773,21.6101,21.63,21.65,21.561,1712289600000000000,204
KBE,997107,45.08,45.37,45.6,45.01,1712289600000000000,10545
KBH,820017,66.31,67.36,67.66,66.31,1712289600000000000,14340
KBR,880765,64.11,64.93,65.08,64.11,1712289600000000000,14453
KBUF,300,25.7616,25.76,25.7616,25.76,1712289600000000000,5
KBWB,313483,51.84,52.17,52.38,51.62,1712289600000000000,3588
KBWD,72953,15.18,15.23,15.25,15.11,1712289600000000000,803
KBWP,18654,105.63,106.04,106.33,105.56,1712289600000000000,383
KBWR,2594,48.8456,48.97,49.16,48.8456,1712289600000000000,35
KBWY,74432,17.35,17.46,17.5101,17.28,1712289600000000000,766
KC,634970,3.05,3.08,3.135,3.03,1712289600000000000,2909
KCCA,51472,28.4,28.33,28.54,28.08,1712289600000000000,259
KCE,90345,108.69,109.55,109.79,108.69,1712289600000000000,238
KD,2137840,21.57,21.99,22,21.51,1712289600000000000,11569
KDIV,356,26.7693,26.77,26.77,26.7132,1712289600000000000,6
KDP,8527966,30.7,30.77,30.86,30.46,1712289600000000000,56760
KDRN,100,22.85,22.85,22.85,22.85,1712289600000000000,1
KE,91025,21.3,21.12,21.37,20.95,1712289600000000000,2233
KEAT,30,25.4072,25.4072,25.4072,25.4072,1712289600000000000,1
KELYA,122193,24.2,24.35,24.4,24.1,1712289600000000000,2372
KEM,5399,24.95,24.96,25.1091,24.95,1712289600000000000,5
KEMQ,1370,14.77,14.75,14.77,14.74,1712289600000000000,8
KEMX,10545,29.29,29.3238,29.43,29.28,1712289600000000000,108
KEN,124986,23.12,22.79,23.77,22.7506,1712289600000000000,1376
KEP,75096,8.1,8.12,8.12,8.05,1712289600000000000,956
KEQU,10978,36.34,36.1,36.49,35.2001,1712289600000000000,188
KEUA,1556,20.33,20.91,20.96,20.21,1712289600000000000,34
KEX,393726,97.4,98.84,99.22,97.4,1712289600000000000,8475
KEY,11254404,14.99,15.06,15.21,14.9,1712289600000000000,50762
KEYpI,30868,23.71,23.89,24.0895,23.71,1712289600000000000,610
KEYpJ,12979,21.35,21.47,21.5418,21.14,1712289600000000000,190
KEYpK,16698,21.65,21.7,21.9,21.5224,1712289600000000000,218
KEYpL,22960,22.46,22.55,22.99,22.45,1712289600000000000,355
KEYS,952587,154.69,157.23,157.59,154.26,1712289600000000000,18929
KF,12976,25.29,24.93,25.29,24.93,1712289600000000000,92
KFFB,619,3.84,3.8,3.84,3.8,1712289600000000000,13
KFRC,60774,67.84,68.42,68.9,67.5929,1712289600000000000,2005
KFS,12036,8.21,8.26,8.37,8.21,1712289600000000000,248
KFVG,204,14.3627,14.3627,14.3627,14.3627,1712289600000000000,10
KFY,460949,63.16,63.57,63.8,63.01,1712289600000000000,4498
KGC,24138330,6.29,6.4,6.52,6.23,1712289600000000000,40555
KGEI,351867,3.15,3.36,3.44,3.15,1712289600000000000,508
KGRN,1525,20.02,20.12,20.12,20.01,1712289600000000000,56
KGS,613629,27.93,28.12,28.37,27.78,1712289600000000000,6337
KHC,7251287,37.29,37.06,37.3,36.62,1712289600000000000,56946
KHYB,1687,24.64,24.65,24.67,24.64,1712289600000000000,27
KIDS,137486,26.78,27.47,28.21,26.78,1712289600000000000,3050
KIE,685828,50.71,51,51.15,50.64,1712289600000000000,5988
KIM,4533974,18.34,18.51,18.59,18.24,1712289600000000000,27946
KIMpL,5528,22.68,22.45,22.68,22.4,1712289600000000000,95
KIMpM,11919,22.6,22.73,22.74,22.6,1712289600000000000,94
KIMpN,2969,55.42,55.65,55.8,55.41,1712289600000000000,27
KIND,2071536,2.13,2.08,2.19,2.06,1712289600000000000,6086
KINS,19986,4.53,4.33,4.53,4.1828,1712289600000000000,210
KIO,66961,13.36,13.4,13.45,13.33,1712289600000000000,344
KIRK,72857,2.34,2.27,2.34,2.23,1712289600000000000,436
KITT,339185,0.28,0.2678,0.2821,0.2641,1712289600000000000,1207
KITTW,2656,0.0259,0.0296,0.0296,0.0259,1712289600000000000,13
KJAN,21599,34.7665,34.83,34.9699,34.7541,1712289600000000000,84
KJUL,4620,27.44,27.6382,27.65,27.44,1712289600000000000,28
KKR,2663077,98.93,100.93,101.47,98.455,1712289600000000000,40734
KKRS,19303,19.59,19.58,19.72,19.56,1712289600000000000,189
KLAC,790881,674.07,682.84,688.83,674.07,1712289600000000000,28187
KLDW,3086,44.07,44.3022,44.33,44.07,1712289600000000000,16
KLG,981163,19.37,20.13,20.2081,19.14,1712289600000000000,11829
KLIC,241180,48.15,48.18,48.64,48.11,1712289600000000000,6514
KLIP,136691,14.65,14.66,14.6799,14.645,1712289600000000000,1293
KLNE,3103,6.495,6.57,6.61,6.495,1712289600000000000,67
KLTR,56809,1.33,1.35,1.37,1.32,1712289600000000000,371
KLXE,141686,7.47,7.61,7.71,7.355,1712289600000000000,2249
KLXY,998,26.04,26.0725,26.0801,25.84,1712289600000000000,13
KMB,1558510,126.07,126.31,126.49,125.24,1712289600000000000,30061
KMDA,10142,5.31,5.38,5.39,5.31,1712289600000000000,133
KMET,977,13.65,13.81,13.81,13.65,1712289600000000000,23
KMI,9872614,18.43,18.46,18.495,18.215,1712289600000000000,47164
KMLM,172197,30.36,30.36,30.498,30.35,1712289600000000000,856
KMPB,6692,22.99,23.12,23.24,22.98,1712289600000000000,125
KMPR,362263,57.46,58.16,58.41,57.36,1712289600000000000,7712
KMT,268680,23.99,24.17,24.26,23.99,1712289600000000000,4628
KMX,1693829,80.5,81.49,81.855,80.03,1712289600000000000,29766
KN,676310,15.9,15.92,16.03,15.745,1712289600000000000,6173
KNCT,175,93.2459,93.2459,93.2459,93.2459,1712289600000000000,12
KNDI,130977,2.06,2.05,2.09,2,1712289600000000000,650
KNF,233299,78.47,80.77,80.89,78.47,1712289600000000000,7092
KNG,384599,52.56,52.82,52.89,52.5129,1712289600000000000,2136
KNGS,968,27.96,28.0454,28.0454,27.96,1712289600000000000,30
KNGZ,9350,30.92,31.0842,31.1499,30.915,1712289600000000000,44
KNOP,32139,5.34,5.2,5.34,5.19,1712289600000000000,351
KNOW,1450,10.4,10.5,10.5,10.4,1712289600000000000,17
KNSA,251134,18.01,17.9,18.18,17.63,1712289600000000000,5687
KNSL,302731,446.49,448.14,452.06,443.17,1712289600000000000,9150
KNTK,756423,39.5,39.38,39.74,39.06,1712289600000000000,9531
KNW,53994,0.64,0.6398,0.65,0.62,1712289600000000000,297
KNX,1266489,53.03,53.17,53.57,52.85,1712289600000000000,15424
KO,10157760,59.25,59.51,59.68,58.9101,1712289600000000000,132227
KOCG,100,25.5233,25.5233,25.5233,25.5233,1712289600000000000,7
KOCT,2516,28.1012,28.1357,28.14,28.1012,1712289600000000000,6
KOD,597701,4.16,4.12,4.26,3.96,1712289600000000000,4016
KODK,581639,5.12,5.11,5.195,5.06,1712289600000000000,4773
KOF,65446,95.64,95.49,96.64,94.82,1712289600000000000,1950
KOIN,1148,32.66,32.9124,32.9124,32.66,1712289600000000000,16
KOKU,73,92.0565,92.0565,92.0565,92.0565,1712289600000000000,4
KOLD,561628,148.22,148.72,149.86,141.5,1712289600000000000,11925
KOMP,89426,46.26,46.54,46.78,46.21,1712289600000000000,993
KONG,74,27.4801,27.4801,27.4801,27.4801,1712289600000000000,1
KOOL,323431,9.91,9.9717,9.9717,9.91,1712289600000000000,326
KOP,159496,55.19,56.06,56.155,55.19,1712289600000000000,2964
KOPN,744282,1.59,1.64,1.67,1.59,1712289600000000000,3227
KORE,8904,0.72,0.71,0.7441,0.71,1712289600000000000,160
KORP,14281,45.78,45.7611,45.83,45.74,1712289600000000000,155
KORU,722206,8.93,8.97,9.06,8.76,1712289600000000000,3064
KOS,6614487,6,5.87,6.02,5.86,1712289600000000000,19295
KOSS,6063,2.5,2.49,2.57,2.48,1712289600000000000,119
KPLT,6215,10.1496,10.18,10.68,10.1496,1712289600000000000,98
KPLTW,11099,0.0162,0.01565,0.0162,0.01565,1712289600000000000,16
KPOP,412,16.35,16.52,16.52,16.35,1712289600000000000,17
KPRO,21,25.3635,25.3635,25.3635,25.3635,1712289600000000000,3
KPRX,89748,0.57,0.598,0.6,0.57,1712289600000000000,202
KPTI,751476,1.31,1.36,1.41,1.2802,1712289600000000000,3851
KR,3620707,57.49,57.31,57.52,56.865,1712289600000000000,46671
KRBN,99571,29.94,30.25,30.345,29.79,1712289600000000000,782
KRC,799007,33.79,34.14,34.36,33.4905,1712289600000000000,11406
KRE,7787041,47.9,48.21,48.42,47.815,1712289600000000000,63388
KREF,287728,9.72,9.76,9.82,9.67,1712289600000000000,3165
KREFpA,26472,17.91,18.36,18.9999,17.84,1712289600000000000,226
KRG,904453,20.38,20.34,20.47,20.22,1712289600000000000,9890
KRKR,23618,0.371,0.3651,0.375,0.36,1712289600000000000,27
KRMA,18166,35.48,35.79,35.95,35.48,1712289600000000000,186
KRMD,58641,2.52,2.49,2.7055,2.405,1712289600000000000,766
KRNLW,161481,0.04,0.0401,0.0401,0.04,1712289600000000000,6
KRNT,242765,17.38,16.63,17.41,16.42,1712289600000000000,4255
KRNY,799116,6.25,6.16,6.37,6.15,1712289600000000000,3325
KRO,210639,11.92,12.11,12.12,11.7,1712289600000000000,3104
KRON,222307,1.22,1.23,1.26,1.14,1712289600000000000,971
KROP,7105,11.13,11.1556,11.1556,11.1202,1712289600000000000,34
KROS,166958,61.63,62.66,63.695,60.05,1712289600000000000,4437
KRP,242100,16.15,16.14,16.16,16,1712289600000000000,2246
KRRO,31248,70.4,67.63,73.45,66.84,1712289600000000000,1684
KRT,23746,28.07,28.87,28.87,27.9346,1712289600000000000,725
KRUS,610691,111.01,110.05,116.47,109,1712289600000000000,13030
KRUZ,8730,29.74,29.8952,29.97,29.7,1712289600000000000,193
KRYS,229473,178.17,180.02,182.51,175.6,1712289600000000000,6796
KSA,377869,44.55,44.75,44.81,44.515,1712289600000000000,8738
KSCP,2675037,0.59,0.5548,0.615,0.5221,1712289600000000000,4698
KSEA,11,26.5597,26.5597,26.5597,26.5597,1712289600000000000,3
KSM,12757,9.52,9.54,9.564,9.52,1712289600000000000,61
KSPI,623387,131.75,132.76,134.04,130.75,1712289600000000000,7416
KSS,4326927,25.5,25.5,25.85,25.37,1712289600000000000,35531
KSTR,3596,10.82,10.84,10.84,10.81,1712289600000000000,62
KT,974579,13.39,13.42,13.42,13.3,1712289600000000000,4850
KTB,563823,56.92,56.38,57.16,56.04,1712289600000000000,8577
KTCC,12572,4.58,4.68,4.725,4.5219,1712289600000000000,111
KTEC,2828,10.72,10.7468,10.76,10.72,1712289600000000000,50
KTF,53589,9.59,9.56,9.59,9.55,1712289600000000000,269
KTH,4969,28.92,28.92,28.9999,28.92,1712289600000000000,21
KTN,2448,26.6936,26.72,26.73,26.68,1712289600000000000,15
KTOS,854592,17.6,17.8,17.93,17.555,1712289600000000000,11831
KTRA,13843777,0.1271,0.1301,0.135,0.1135,1712289600000000000,11228
KTTA,2763,7.85,8.5,8.5,7.85,1712289600000000000,37
KUKE,43644,2.03,2.1,2.14,1.575,1712289600000000000,291
KULR,12258545,0.6556,0.5855,0.67,0.54515,1712289600000000000,17495
KURA,599650,20.09,20.36,20.81,19.58,1712289600000000000,8621
KURE,3900,14.3,14.27,14.35,14.27,1712289600000000000,143
KVAC,24017,10.4601,10.4601,10.4601,10.4601,1712289600000000000,31
KVACW,617,0.0595,0.0627,0.0627,0.0595,1712289600000000000,3
KVHI,62572,5.03,5.06,5.08,4.95,1712289600000000000,737
KVLE,4315,23.84,23.819,23.84,23.76,1712289600000000000,56
KVUE,11313103,20.12,20.25,20.31,20.05,1712289600000000000,56944
KVYO,644997,24.25,24.18,24.36,23.92,1712289600000000000,8840
KW,707789,8.38,8.24,8.46,8.195,1712289600000000000,5617
KWE,324420,0.8,0.8101,0.85,0.74,1712289600000000000,1236
KWEB,13148175,26.5,26.58,26.635,26.395,1712289600000000000,31352
KWESW,802,0.14,0.1398,0.14,0.1398,1712289600000000000,5
KWR,56258,196.11,196.6,198.075,192.0801,1712289600000000000,2258
KWT,1897,33.15,33.2882,33.2882,33.15,1712289600000000000,9
KXI,31199,59.38,59.29,59.48,59.12,1712289600000000000,673
KXIN,93703,0.181,0.1775,0.185,0.1723,1712289600000000000,274
KYMR,428984,36.07,36.4,37.16,35.27,1712289600000000000,7905
KYN,625364,9.72,9.72,9.82,9.62,1712289600000000000,2685
KYTX,471018,22.13,22.22,22.54,21.75,1712289600000000000,3628
KZIA,1009660,0.3498,0.36375,0.397944,0.34495,1712289600000000000,1293
KZR,988320,0.82,0.7975,0.8257,0.7502,1712289600000000000,3776
L,493832,76.6,76.66,76.83,76.28,1712289600000000000,12979
LAAC,1066304,5.25,5.25,5.31,5.13,1712289600000000000,6937
LAB,7402782,2.62,2.74,2.76,2.59,1712289600000000000,16158
LABD,17952023,8.8,8.44,9.095,8.1701,1712289600000000000,29496
LABP,27999,21.46,21.61,21.6375,21.46,1712289600000000000,166
LABU,2791209,108.35,112.84,116.16,104.44,1712289600000000000,68946
LAC,3057121,6.7,6.82,7.0247,6.53,1712289600000000000,13866
LAD,193958,275.53,277,277.49,274.5,1712289600000000000,7173
LADR,654906,10.76,10.86,10.9,10.68,1712289600000000000,4013
LAES,854516,1.35,1.33,1.36,1.23,1712289600000000000,2659
LAKE,16559,18.49,18.62,18.9,18.35,1712289600000000000,339
LALT,586,20.795,20.83,20.83,20.795,1712289600000000000,8
LAMR,267238,114.59,115.03,115.71,114.07,1712289600000000000,6874
LANC,93037,204.58,204.17,206.05,202.48,1712289600000000000,3365
LAND,182371,13,13,13.1484,12.9506,1712289600000000000,2865
LANDM,3036,24.165,24.19,24.19,24.1,1712289600000000000,24
LANDO,10144,20.59,20.65,20.815,20.59,1712289600000000000,73
LANDP,11473,20.72,20.35,20.72,20.3201,1712289600000000000,84
LANV,19332,1.35,1.4,1.4,1.31,1712289600000000000,106
LAPR,216,24.925,24.9,24.925,24.9,1712289600000000000,3
LARK,2842,19.1001,19,19.85,19,1712289600000000000,52
LASE,54772,1.45,1.41,1.46,1.36,1712289600000000000,343
LASR,139265,12.27,12.45,12.68,12.05,1712289600000000000,2506
LAUR,701956,14.55,14.83,14.915,14.55,1712289600000000000,6724
LAW,205969,7.94,8.39,8.44,7.94,1712289600000000000,3124
LAZ,1799148,40.15,40.89,40.9,39.89,1712289600000000000,7904
LAZR,4318800,1.98,2,2.0405,1.95,1712289600000000000,12699
LBAI,832398,11.79,11.9,11.92,11.69,1712289600000000000,5806
LBAY,742,26.79,26.9758,26.9758,26.79,1712289600000000000,25
LBO,2,28.7202,28.7202,28.7202,28.7202,1712289600000000000,2
LBPH,246045,18.47,18.04,18.65,17.9005,1712289600000000000,5507
LBRDA,237169,52,51.5,52.21,50.93,1712289600000000000,5102
LBRDK,1561259,51.84,51.31,52.14,50.91,1712289600000000000,24502
LBRDP,1060,23.47,23.44,23.47,23.06,1712289600000000000,25
LBRT,3043419,22.65,22.7,23.23,22.5402,1712289600000000000,20769
LBTYA,1360315,16.66,16.95,16.95,16.365,1712289600000000000,11989
LBTYK,1353205,17.05,17.54,17.55,17,1712289600000000000,12714
LC,704755,8.37,8.48,8.53,8.31,1712289600000000000,7049
LCF,0,32.738,32.738,32.738,32.738,1712289600000000000,0
LCFY,525,3.65,3.6,3.65,3.6,1712289600000000000,11
LCFYW,337,2.5,2.5,2.5,2.5,1712289600000000000,10
LCG,1037,29.86,30.201,30.201,29.86,1712289600000000000,16
LCID,19341386,2.65,2.61,2.67,2.56,1712289600000000000,55089
LCII,117373,114.89,116.04,116.89,114.45,1712289600000000000,4147
LCLG,7876,45.47,45.359,45.47,45.29,1712289600000000000,180
LCNB,11649,14.91,14.86,15.1863,14.79,1712289600000000000,371
LCR,12099,33.38,33.5081,33.5623,33.38,1712289600000000000,62
LCTD,4365,45,45.246,45.3499,45,1712289600000000000,80
LCTU,26788,56.28,56.826,57,56.28,1712289600000000000,233
LCTX,1205930,1.46,1.4,1.47,1.38,1712289600000000000,4333
LCUT,32489,10.66,10.55,10.77,10.51,1712289600000000000,1162
LCW,2316336,10.95,10.92,10.96,10.91,1712289600000000000,475
LCW.WS,78583,0.0838,0.1,0.1242,0.0517,1712289600000000000,107
LDEM,2240,43.7,43.78,43.93,43.7,1712289600000000000,19
LDI,288992,2.46,2.43,2.48,2.39,1712289600000000000,2325
LDOS,688348,128.69,128.66,129.395,127.775,1712289600000000000,19210
LDP,58352,19.9,19.86,19.97,19.85,1712289600000000000,322
LDSF,6244,18.73,18.72,18.73,18.68,1712289600000000000,27
LDTC,15331,2.47,2.36,2.64,2.35,1712289600000000000,203
LDTCW,1167,0.100279,0.1,0.105,0.1,1712289600000000000,9
LDUR,21751,94.51,94.43,94.5925,94.43,1712289600000000000,215
LDWY,3366,6.08,6.39,6.4,6.07,1712289600000000000,49
LE,179532,10.93,11.19,11.69,10.92,1712289600000000000,3013
LEA,427823,140.46,140.68,141.27,139,1712289600000000000,11448
LEAD,4303,64.35,64.8361,64.88,64.35,1712289600000000000,118
LECO,256892,247.89,247.97,250.92,247.035,1712289600000000000,6834
LEDS,7318,1.5,1.5092,1.5092,1.4,1712289600000000000,63
LEE,28269,12.5,12.28,12.69,11.58,1712289600000000000,295
LEG,1345719,18.66,18.69,18.81,18.525,1712289600000000000,15924
LEGH,65143,21.07,21.14,21.29,21.05,1712289600000000000,1359
LEGN,645741,55.07,54.93,55.24,53.8525,1712289600000000000,12124
LEGR,5754,42.79,42.76,42.9494,42.72,1712289600000000000,108
LEGT,200415,10.05,10.06,10.06,10.05,1712289600000000000,5
LEGT.U,6817,10.13,10.15,10.15,10.13,1712289600000000000,23
LEGT.WS,113662,0.18,0.18,0.18,0.18,1712289600000000000,11
LEJU,12003,1.1803,1.1797,1.1803,1.1,1712289600000000000,90
LEMB,37212,36.29,36.2311,36.29,36.19,1712289600000000000,286
LEN,2252819,163,166.22,166.5,162.87,1712289600000000000,35614
LEN.B,33456,148.28,150.18,150.52,147.71,1712289600000000000,1510
LENZ,51490,20.38,20.33,21.22,20.1,1712289600000000000,981
LEO,177605,5.98,5.98,5.99,5.94,1712289600000000000,715
LESL,1559715,5.55,5.45,5.64,5.435,1712289600000000000,13415
LEU,193526,45.57,44.78,46.3,44.38,1712289600000000000,5506
LEV,447832,1.32,1.31,1.342,1.29,1712289600000000000,1964
LEV.WS,4969,0.035,0.0379,0.0379,0.0347,1712289600000000000,15
LEVI,6679673,21,20.55,21.01,20.44,1712289600000000000,49496
LEXI,1589,28.1468,28.2645,28.2835,28.1468,1712289600000000000,9
LEXX,124644,3.12,3.05,3.29,3.05,1712289600000000000,804
LEXXW,3408,1.47,1.45,1.85,1.45,1712289600000000000,17
LFCR,125855,6.11,6.14,6.27,6.11,1712289600000000000,1635
LFEQ,924,43.8,43.81,43.81,43.8,1712289600000000000,18
LFLY,107591,3.57,3.32,3.85,3.12,1712289600000000000,555
LFLYW,3266,0.032,0.0322,0.0434,0.032,1712289600000000000,11
LFMD,441648,9.77,9.58,9.955,9.38,1712289600000000000,7056
LFMDP,5926,22.41,22.738,23,22.41,1712289600000000000,76
LFST,1684829,5.96,6.18,6.2,5.91,1712289600000000000,8316
LFT,39292,2.46,2.42,2.49,2.4,1712289600000000000,293
LFTpA,296,20.1,20.1,20.1,20.1,1712289600000000000,7
LFUS,148846,236.45,236.52,237.83,235.23,1712289600000000000,4020
LFVN,16073,6.18,6.2,6.25,6.08,1712289600000000000,156
LFWD,20046,5.61,5.53,5.71,5.53,1712289600000000000,283
LGCB,20051,3.21,3.65,3.75,3.15,1712289600000000000,159
LGCL,20569,2.375,2.14,2.375,2.02,1712289600000000000,187
LGF.A,406232,10.25,10.13,10.34,10.015,1712289600000000000,4786
LGF.B,427940,9.58,9.44,9.64,9.31,1712289600000000000,4068
LGH,18626,45.32,45.89,45.98,45.32,1712289600000000000,118
LGHL,79120,0.764,0.7114,0.764,0.71,1712289600000000000,266
LGHLW,180,0.0057,0.0057,0.0057,0.0057,1712289600000000000,2
LGHT,2207,10.4401,10.4471,10.4601,10.44,1712289600000000000,9
LGI,33462,15.81,15.86,15.96,15.77,1712289600000000000,223
LGIH,288799,101.6,98.8,102.155,98.37,1712289600000000000,7996
LGL,455,5.5,5.99,5.99,5.5,1712289600000000000,32
LGL.WS,2327,0.28,0.315001,0.315001,0.28,1712289600000000000,9
LGLV,12514,152.17,153.01,153.23,152.17,1712289600000000000,323
LGMK,39857,0.99,0.9821,1,0.98,1712289600000000000,112
LGND,165690,77.45,77.96,78.35,76.02,1712289600000000000,3845
LGO,45654,1.54,1.54,1.56,1.5,1712289600000000000,299
LGOV,559318,21.16,20.99,21.16,20.94,1712289600000000000,1725
LGRO,185,30.054,30,30.054,30,1712289600000000000,4
LGVC,29426,9.77,9.49,10.4999,9.48,1712289600000000000,622
LGVCU,120,9.09,9.09,9.09,9.09,1712289600000000000,5
LGVN,2659817,2.06,2.2,2.2499,1.83,1712289600000000000,21693
LH,612676,211,211.26,212.065,208.75,1712289600000000000,14262
LHX,1167636,208.87,208.96,209.65,206.32,1712289600000000000,26525
LI,4726203,29.74,29.83,30.48,29.53,1712289600000000000,47957
LICN,19842,1.03,1.03,1.045,1.01,1712289600000000000,170
LICY,4594585,0.9681,1.07,1.09,0.9594,1712289600000000000,12702
LIDR,127526,1.28,1.23,1.295,1.16,1712289600000000000,620
LIDRW,16635,0.0107,0.0088,0.0107,0.0088,1712289600000000000,24
LIFE,241624,1.88,1.86,1.89,1.82,1712289600000000000,1344
LIFW,4242243,1.1,1.31,1.34,1.03,1712289600000000000,12133
LIFWW,712050,0.005101,0.0055,0.006801,0.0048,1712289600000000000,102
LIFWZ,652,0.0913,0.0913,0.0913,0.0913,1712289600000000000,1
LII,240270,467.93,480.24,483.19,467.93,1712289600000000000,9223
LILA,338731,7.23,7.3,7.3,7.055,1712289600000000000,3112
LILAK,1063294,7.22,7.3,7.32,7.06,1712289600000000000,8068
LILM,1166810,0.924,0.9126,0.9473,0.893,1712289600000000000,3713
LILMW,13878,0.1028,0.092,0.1028,0.092,1712289600000000000,8
LIN,1575880,457.52,464.7,465.79,456.57,1712289600000000000,40624
LINC,37704,9.96,10.14,10.2,9.96,1712289600000000000,703
LIND,295562,8.21,8.44,8.545,7.9856,1712289600000000000,4065
LINK,5035,6.71,6.755,6.85,6.58,1712289600000000000,320
LIPO,40960,0.651,0.7045,0.7045,0.64,1712289600000000000,136
LIQT,1224,2.89,2.85,2.94,2.85,1712289600000000000,38
LIT,316103,44.92,44.97,45.24,44.69,1712289600000000000,5040
LITB,58094,0.72,0.729,0.73,0.6755,1712289600000000000,119
LITE,718659,46.43,45.9,46.62,45.75,1712289600000000000,12620
LITM,20317,0.93175,0.9203,0.95,0.8501,1712289600000000000,151
LITP,6661,9.81,9.78,9.86,9.775,1712289600000000000,65
LIVE,5209,27.25,27.15,27.35,27.1,1712289600000000000,80
LIVN,931379,52.89,53.94,55.03,52.82,1712289600000000000,8726
LIXT,54803,3.21,3.2,3.46,3.18,1712289600000000000,362
LJAN,647,24.63,24.595,24.63,24.595,1712289600000000000,3
LKCO,21932,0.63,0.6,0.6485,0.6,1712289600000000000,128
LKFN,119469,61.51,60.75,62.15,60.53,1712289600000000000,2931
LKOR,684,42.71,42.7,42.715,42.7,1712289600000000000,18
LKQ,1104658,51.26,51.47,51.52,50.89,1712289600000000000,19494
LL,78522,1.84,1.83,1.8993,1.77,1712289600000000000,659
LLAP,4982830,1.33,1.4,1.475,1.32,1712289600000000000,9479
LLAP.WS,19783,0.199,0.1627,0.199,0.16,1712289600000000000,44
LLY,2113429,765.47,784.21,786.705,763.09,1712289600000000000,70795
LLYVA,200834,41.72,42.45,42.68,41.72,1712289600000000000,2925
LLYVK,381031,42.75,43.47,43.63,42.75,1712289600000000000,4695
LMAT,125863,63.27,64.33,64.64,63.16,1712289600000000000,2759
LMB,141230,40.65,43.05,43.7,40.65,1712289600000000000,3884
LMBS,432376,48.16,48.09,48.171,48.07,1712289600000000000,1727
LMFA,32766,3.3,3.25,3.4582,3.22,1712289600000000000,403
LMND,1181056,16.04,16.73,16.905,15.95,1712289600000000000,15626
LMND.WS,800,0.0175,0.0176,0.017701,0.0175,1712289600000000000,5
LMNR,23595,19.33,19.54,19.65,19.19,1712289600000000000,732
LMT,892120,452.41,455.38,455.5732,449.85,1712289600000000000,29698
LNC,1481336,30.53,30.73,31.005,30.33,1712289600000000000,16866
LNCpD,13400,27.83,27.96,28.02,27.59,1712289600000000000,161
LND,31159,4.92,4.875,4.94,4.83,1712289600000000000,282
LNG,1506533,155.26,156.76,156.9795,154.68,1712289600000000000,23725
LNGG,200,24.89,24.9994,24.9994,24.89,1712289600000000000,3
LNGZ,51,26.3435,26.3435,26.3435,26.3435,1712289600000000000,2
LNKB,30043,6.715,6.8,6.895,6.57,1712289600000000000,530
LNN,130069,116.31,116.25,118.88,115.315,1712289600000000000,3626
LNSR,99476,3.21,3.12,3.3,2.87,1712289600000000000,828
LNT,1820777,48.97,48.85,48.97,48.41,1712289600000000000,22350
LNTH,493158,59.49,60.83,60.94,59.1201,1712289600000000000,10178
LNW,751320,99.05,98.95,100.44,98.53,1712289600000000000,13163
LNZA,171099,3.1,3.1,3.21,3.04,1712289600000000000,1875
LNZAW,6452,0.220049,0.22,0.23,0.2101,1712289600000000000,15
LOAN,30134,5.25,5.2,5.25,5.18,1712289600000000000,174
LOB,99466,39.47,40.33,40.34,39.44,1712289600000000000,2589
LOBO,138717,3.9,4.03,4.1499,3.76,1712289600000000000,659
LOCL,16097,2.9,2.56,2.9,2.51,1712289600000000000,125
LOCO,194463,9.11,9.13,9.155,9.075,1712289600000000000,2913
LOCT,2618,23.97,23.9702,23.9702,23.96,1712289600000000000,18
LODE,729915,0.34,0.33,0.3525,0.3223,1712289600000000000,1578
LOGI,323410,87.02,87.36,87.96,86.76,1712289600000000000,6602
LOMA,555239,6.55,6.82,6.85,6.45,1712289600000000000,3684
LONZ,13591,50.94,51.01,51.03,50.94,1712289600000000000,129
LOOP,6540,2.91,2.91,2.91,2.86,1712289600000000000,77
LOPE,129546,132.22,132.45,133.22,131.29,1712289600000000000,4395
LOPP,2340,26.39,26.4174,26.435,26.37,1712289600000000000,21
LOT,24237,6.9,6.76,6.9999,6.75,1712289600000000000,236
LOUP,6765,47.1111,47.3216,47.4899,47.03,1712289600000000000,58
LOVE,327292,22.79,23.84,23.99,22.77,1712289600000000000,5726
LOW,1680813,238,239.32,240.425,237.825,1712289600000000000,36241
LOWV,534,63.54,63.5868,63.5868,63.54,1712289600000000000,8
LPA,34602,7.44,7.95,8.59,6.5398,1712289600000000000,772
LPCN,23616,4.58,4.8,4.8222,4.53,1712289600000000000,164
LPG,742222,39.77,40.06,40.55,38.93,1712289600000000000,11903
LPL,468822,4.03,4.01,4.06,3.99,1712289600000000000,3392
LPLA,359008,259.86,260.3,263.95,258.435,1712289600000000000,11011
LPRO,507939,5.59,5.5,5.61,5.47,1712289600000000000,6967
LPSN,3977036,0.85,0.7834,0.8534,0.7559,1712289600000000000,8071
LPTH,7766,1.46,1.51,1.53,1.46,1712289600000000000,98
LPTV,515255,0.3718,0.332,0.374,0.321,1712289600000000000,1599
LPTX,67432,2.49,2.54,2.5732,2.45,1712289600000000000,383
LPX,864682,80.76,80.34,81.3,80.3,1712289600000000000,15157
LQAI,826,29.7,29.8172,29.8172,29.66,1712289600000000000,12
LQD,25134883,107.08,107.03,107.38,106.975,1712289600000000000,68647
LQDA,508613,15.3,15.71,15.9,15.15,1712289600000000000,8444
LQDB,576,84.77,84.615,84.7783,84.615,1712289600000000000,18
LQDH,18511,93.47,93.54,93.58,93.4314,1712289600000000000,184
LQDI,3464,25.83,25.7632,25.85,25.7601,1712289600000000000,33
LQDT,88339,18.37,18.37,18.55,18.285,1712289600000000000,1560
LQDW,33893,28.82,28.78,28.84,28.77,1712289600000000000,327
LQIG,4335,94.35,94.22,94.43,94.22,1712289600000000000,33
LQR,52065,1.34,1.38,1.4,1.315,1712289600000000000,331
LRCX,804776,965.9,968.58,977.73,960.5001,1712289600000000000,26829
LRE,520,4.17,4.0281,4.17,4.0281,1712289600000000000,23
LRFC,1276,22.4,22.41,22.48,22.4,1712289600000000000,41
LRGC,4768,59.7754,60.1998,60.1998,59.7754,1712289600000000000,9
LRGE,8826,66.3,66.8833,66.9985,66.3,1712289600000000000,113
LRGF,124291,52.92,53.31,53.49,52.87,1712289600000000000,860
LRHC,37589,1.62,1.55,1.68,1.5,1712289600000000000,221
LRMR,238048,7.23,7.44,7.64,7.03,1712289600000000000,3374
LRN,475530,61.29,61.63,62.26,61.29,1712289600000000000,8894
LRND,1309,31.002,31.14,31.16,31.002,1712289600000000000,24
LRNZ,17929,37.61,37.8258,37.985,37.61,1712289600000000000,138
LSAF,13421,38.18,38.56,38.6715,38.18,1712289600000000000,60
LSAK,7089,4.04,3.86,4.04,3.851,1712289600000000000,58
LSAT,14884,37.93,38.15,38.3,37.93,1712289600000000000,83
LSBK,4006,11.5,11.5,11.5,11.5,1712289600000000000,5
LSCC,1171146,73.56,74.98,75.175,73.53,1712289600000000000,22784
LSDI,3204,1.23,1.28,1.31,1.22,1712289600000000000,82
LSEA,183974,13.04,13.42,13.43,12.96,1712289600000000000,3033
LSEAW,4200,0.355,0.370501,0.39,0.351,1712289600000000000,9
LSEQ,3,27.3666,27.3666,27.3666,27.3666,1712289600000000000,3
LSF,237492,2.28,2.28,2.36,2.16,1712289600000000000,1024
LSGR,1260,31.6797,31.8506,31.8506,31.6797,1712289600000000000,22
LSPD,866049,13.8,14.11,14.235,13.75,1712289600000000000,7423
LSST,472,23.8887,23.86,23.8887,23.86,1712289600000000000,6
LSTA,12058,2.97,3.07,3.09,2.84,1712289600000000000,112
LSTR,255617,187.17,187.97,188.9,186.76,1712289600000000000,7707
LSXMA,1042386,27.42,27.31,27.42,26.93,1712289600000000000,12667
LSXMB,213,27.15,27.15,27.15,27.15,1712289600000000000,5
LSXMK,1523129,27.27,27.28,27.41,26.91,1712289600000000000,17270
LTBR,131018,2.94,2.76,2.94,2.6948,1712289600000000000,717
LTC,352741,31.5,31.91,32.065,31.39,1712289600000000000,5966
LTH,1135646,14.76,14.53,14.825,14.44,1712289600000000000,7859
LTL,1770,64.41,64.3213,64.4385,64.24,1712289600000000000,31
LTPZ,152361,54.06,53.84,54.29,53.84,1712289600000000000,1308
LTRN,247260,7.36,7.76,8.42,7.13,1712289600000000000,2054
LTRX,416159,3.16,3.17,3.24,3.14,1712289600000000000,5029
LTRY,4894,2.27,2.2118,2.28,2.1501,1712289600000000000,51
LTRYW,3778,0.0133,0.0151,0.0151,0.0132,1712289600000000000,15
LU,2265985,4.31,4.28,4.36,4.2,1712289600000000000,9705
LUCD,67181,0.91,0.9277,0.95,0.91,1712289600000000000,323
LUCY,32507,0.281,0.289993,0.2943,0.2804,1712289600000000000,99
LULU,1809765,357.9,356.87,360.82,355.23,1712289600000000000,53427
LUMN,10113891,1.34,1.34,1.36,1.27,1712289600000000000,20023
LUMO,2550,2.81,2.74,2.8105,2.74,1712289600000000000,26
LUNA,411448,2.9,2.92,2.97,2.8,1712289600000000000,3211
LUNG,458046,7.8,8.24,8.25,7.77,1712289600000000000,4227
LUNR,4397011,5.69,5.52,5.7,5.46,1712289600000000000,28000
LUNRW,207738,1.55,1.48,1.55,1.44,1712289600000000000,604
LUV,6639213,27.84,28.34,28.425,27.8,1712289600000000000,53617
LUX,785,25.05,25.1054,25.1054,25.05,1712289600000000000,17
LUXH,246705,1.3,1.32,1.32,1.258,1712289600000000000,1046
LUXHP,1891,22.5238,22.25,22.5238,22.25,1712289600000000000,27
LUXX,928,25.95,25.8614,25.95,25.81,1712289600000000000,25
LVHD,61726,36.05,36.11,36.17,35.85,1712289600000000000,497
LVHI,318504,29.6,29.57,29.6,29.445,1712289600000000000,1361
LVLU,35824,1.49,1.44,1.49,1.3892,1712289600000000000,163
LVO,197834,1.88,1.95,1.97,1.88,1712289600000000000,1079
LVOL,16,50.5438,50.5438,50.5438,50.5438,1712289600000000000,1
LVRO,52798,5.738,5.96,6.38,5.738,1712289600000000000,186
LVROW,17490,0.44,0.4304,0.5287,0.3918,1712289600000000000,80
LVS,2163704,52.7,53.18,53.4,52.4,1712289600000000000,34953
LVTX,172319,2.95,3.05,3.11,2.8254,1712289600000000000,700
LVWR,8191,6.65,6.74,7.0299,6.5372,1712289600000000000,202
LVWR.WS,16546,0.25,0.25,0.25,0.2475,1712289600000000000,15
LW,9800082,82.01,79.78,82.607,78.761,1712289600000000000,109469
LWAY,220542,19.14,20.37,20.55,19.11,1712289600000000000,3030
LWLG,365252,4.38,4.36,4.42,4.305,1712289600000000000,3814
LX,476211,1.81,1.78,1.81,1.78,1712289600000000000,2628
LXEH,268465,0.341,0.374,0.3969,0.341,1712289600000000000,604
LXEO,62780,13.11,12.99,13.3811,12.79,1712289600000000000,2538
LXFR,108823,10.08,10.12,10.25,10.02,1712289600000000000,1895
LXP,1470952,8.77,8.86,8.88,8.71,1712289600000000000,12461
LXPpC,504,46.8799,46.6701,46.8799,46.6701,1712289600000000000,6
LXRX,1234459,2.04,2.06,2.095,2.01,1712289600000000000,4515
LXU,330012,8.44,8.44,8.545,8.41,1712289600000000000,4453
LYB,1081619,104.66,104.78,105.03,103.6259,1712289600000000000,19751
LYEL,359209,2.07,2.09,2.14,2.01,1712289600000000000,2903
LYFT,13696084,17.53,17.84,18.2088,17.395,1712289600000000000,70989
LYG,5600659,2.65,2.65,2.67,2.63,1712289600000000000,9301
LYRA,423632,5.34,5.02,5.41,5.01,1712289600000000000,3261
LYT,105284,4.06,3.9,4.2,3.68,1712289600000000000,955
LYTS,45256,15.08,15.26,15.3,15.08,1712289600000000000,1142
LYV,1092666,102.74,103.52,104.18,102.74,1712289600000000000,23601
LZ,884858,13.18,13.11,13.24,12.985,1712289600000000000,8343
LZB,297858,35.64,35.77,36.01,35.41,1712289600000000000,5879
LZM,43788,7.99,7.74,7.99,7.59,1712289600000000000,632
LZM.WS,14911,0.65,0.65,0.685,0.65,1712289600000000000,19
M,5600240,18.4,18.58,18.6,18.31,1712289600000000000,33163
MA,2462740,474,477.15,479.31,472.53,1712289600000000000,50319
MAA,668587,126.33,127.1,127.6415,125.39,1712289600000000000,13553
MAC,1174058,15.88,16.11,16.21,15.835,1712289600000000000,8358
MACA,103,11.16,11.16,11.16,11.16,1712289600000000000,2
MACK,196988,14.7,14.71,14.78,14.7,1712289600000000000,1754
MAG,1429430,11.69,12.14,12.22,11.53,1712289600000000000,12079
MAGA,914,45.785,45.7628,45.785,45.7628,1712289600000000000,39
MAGG,0,20.205,20.205,20.205,20.205,1712289600000000000,0
MAGQ,4897,24.17,24.0932,24.19,24.04,1712289600000000000,15
MAGS,123026,38.82,39.25,39.41,38.76,1712289600000000000,1143
MAGX,17149,26.36,26.7,27.0101,26.3599,1712289600000000000,90
MAIA,116849,2.27,2.35,2.38,2.22,1712289600000000000,698
MAIN,241726,46.7,47.32,47.34,46.7,1712289600000000000,5462
MAKX,5,37.6357,37.6357,37.6357,37.6357,1712289600000000000,2
MAMA,144860,4.72,4.74,4.82,4.7,1712289600000000000,1583
MAMB,27986,22.02,21.98,22.02,21.9702,1712289600000000000,89
MAMO,103252,3.77,3.91,4.04,3.75,1712289600000000000,564
MAN,307540,73.42,74.23,74.43,73.2,1712289600000000000,6123
MANH,315021,243.38,243.51,245.405,242.32,1712289600000000000,9030
MANU,932685,14.49,14.85,15.05,14.44,1712289600000000000,9098
MAPP,0,21.7449,21.7449,21.7449,21.7449,1712289600000000000,0
MAPS,474001,1.24,1.295,1.33,1.2201,1712289600000000000,2631
MAPSW,102180,0.065749,0.0687,0.069,0.0603,1712289600000000000,31
MAR,1293446,248.9,253.93,254.33,248.27,1712289600000000000,32048
MARA,31600114,18.1,18.43,19.26,18.07,1712289600000000000,184435
MARB,11426,19.775,19.75,19.78,19.75,1712289600000000000,68
MARM,318346,29.0291,29.13,29.16,28.99,1712289600000000000,250
MARPS,30410,4.58,4.82,4.861,4.58,1712289600000000000,236
MART,13621,30.23,30.3408,30.35,30.22,1712289600000000000,53
MARW,21051,28.5699,28.62,28.6687,28.5301,1712289600000000000,71
MARX,195,10.73,10.73,10.73,10.73,1712289600000000000,10
MARXR,510,0.214,0.215,0.239,0.214,1712289600000000000,6
MARZ,3012,29.7919,29.8074,29.83,29.7919,1712289600000000000,37
MAS,1396431,76.84,76.9,77.25,76.28,1712289600000000000,19090
MASI,465956,140,142.5,143.42,139.91,1712289600000000000,10477
MASS,103813,6.46,6.42,6.58,6.35,1712289600000000000,1777
MAT,1935309,19.5,19.31,19.58,19.23,1712289600000000000,20523
MATH,15039,1.41,1.62,1.62,1.4,1712289600000000000,61
MATV,191696,18.36,18.61,18.7,18.36,1712289600000000000,4396
MATW,282081,28.07,27.82,28.23,27.4,1712289600000000000,3091
MATX,249445,109.93,111.42,111.7519,109.85,1712289600000000000,4874
MAV,36931,8,8,8,7.97,1712289600000000000,105
MAX,366745,18.56,18.44,18.85,18.29,1712289600000000000,6812
MAXI,8057,29,29.1,29.41,29,1712289600000000000,216
MAXN,1910561,2.86,2.83,2.9,2.75,1712289600000000000,13884
MAYT,0,29.4846,29.4846,29.4846,29.4846,1712289600000000000,0
MAYW,27,27.9198,27.9198,27.9198,27.9198,1712289600000000000,3
MAYZ,0,28.057,28.057,28.057,28.057,1712289600000000000,0
MBB,2227362,91.3,91.16,91.56,91.15,1712289600000000000,14664
MBBB,79,21.0098,21.0098,21.0098,21.0098,1712289600000000000,5
MBC,986413,18.45,18.67,19.01,18.45,1712289600000000000,9549
MBCC,82745,31.97,32.18,32.28,31.97,1712289600000000000,236
MBCN,1699,22.81,22.77,22.81,22.77,1712289600000000000,86
MBI,195958,6.4,6.44,6.48,6.355,1712289600000000000,2981
MBIN,195409,41.47,41.38,42.24,41.32,1712289600000000000,2849
MBINM,18747,25.79,25.81,26.19,25.79,1712289600000000000,118
MBINN,317,21.48,21.47,21.48,21.47,1712289600000000000,8
MBINO,24225,24.475,24.85,24.85,24.475,1712289600000000000,70
MBIO,58984,0.809,0.7626,0.8199,0.757,1712289600000000000,245
MBLY,1538226,31.64,31.71,31.94,31.42,1712289600000000000,19095
MBND,2488,27.3268,27.31,27.33,27.26,1712289600000000000,10
MBNE,74,29.5,29.5,29.5,29.5,1712289600000000000,2
MBOT,73840,1.24,1.23,1.26,1.21,1712289600000000000,245
MBOX,3595,31.63,31.733,31.77,31.6299,1712289600000000000,55
MBRX,39769,4.96,5.2,5.5,4.96,1712289600000000000,12031
MBS,2830,8.42,8.41,8.44,8.39,1712289600000000000,15
MBSD,6212,20.2127,20.1816,20.2298,20.18,1712289600000000000,73
MBSF,8956,25.24,25.245,25.28,25.24,1712289600000000000,33
MBUU,244127,42.19,43.01,43.05,42.065,1712289600000000000,4224
MBWM,50645,37.12,37.03,37.22,36.67,1712289600000000000,1680
MC,455688,55.68,56.36,56.58,55.18,1712289600000000000,7186
MCAA,436,11.51,11.51,11.51,11.51,1712289600000000000,22
MCACW,30410,0.0249,0.0205,0.0261,0.0205,1712289600000000000,51
MCB,70896,35.41,35.31,35.75,34.97,1712289600000000000,1598
MCBC,59379,9.69,9.64,9.715,9.59,1712289600000000000,830
MCBS,9285,23.395,23.73,24.055,23.31,1712289600000000000,341
MCD,6816035,269.42,266.69,270.62,266.36,1712289600000000000,108866
MCFT,78405,22.39,22.81,22.81,22.23,1712289600000000000,1612
MCH,758,18.84,18.9033,18.9033,18.8207,1712289600000000000,16
MCHI,2390757,39.92,39.95,40.055,39.85,1712289600000000000,13595
MCHP,3585288,86.18,87.57,88.1,85.9,1712289600000000000,51800
MCHS,21,26.0606,26.0606,26.0606,26.0606,1712289600000000000,3
MCHX,154143,1.41,1.48,1.48,1.39,1712289600000000000,226
MCI,39092,17.26,17.09,17.51,17.0167,1712289600000000000,289
MCK,312193,537.08,538.75,541.28,533.16,1712289600000000000,12536
MCN,21842,7.21,7.2,7.2198,7.16,1712289600000000000,144
MCO,619747,390.92,392.47,393.79,387.78,1712289600000000000,17892
MCR,39378,6.29,6.3,6.31,6.29,1712289600000000000,188
MCRB,3322698,0.77,0.7626,0.7797,0.7314,1712289600000000000,7304
MCRI,109505,72.22,72.19,72.61,71.81,1712289600000000000,2673
MCS,240514,13.85,13.87,13.995,13.715,1712289600000000000,3713
MCSE,4,15.45,15.45,15.45,15.45,1712289600000000000,3
MCVT,303,2.825,2.825,2.825,2.825,1712289600000000000,11
MCW,2171827,6.93,6.89,7.005,6.7,1712289600000000000,15503
MCY,176719,50.8,50.81,51.3,49.5,1712289600000000000,4912
MD,893263,9.2,9.38,9.4,9.09,1712289600000000000,5343
MDAI,437134,2.41,2.38,2.58,2.35,1712289600000000000,2136
MDAIW,68686,0.171,0.175,0.187699,0.17,1712289600000000000,106
MDB,2099946,345,362.82,364.66,344.96,1712289600000000000,49637
MDBH,5173,9.4,9.555,10,9.4,1712289600000000000,43
MDC,2458302,62.91,62.87,62.94,62.83,1712289600000000000,11848
MDCP,6,28.2744,28.2744,28.2744,28.2744,1712289600000000000,4
MDEV,200,20.85,20.8466,20.85,20.8,1712289600000000000,2
MDGL,296003,240.11,243.04,246.34,238.27,1712289600000000000,9035
MDGS,13968,2.56,2.56,2.63,2.49,1712289600000000000,180
MDIA,118579576,2.27,3.88,6.86,2.26,1712289600000000000,561692
MDIV,35795,15.71,15.75,15.7671,15.685,1712289600000000000,171
MDJH,975,1.34,1.21,1.34,1.21,1712289600000000000,28
MDLV,9605,25.27,25.2629,25.28,25.25,1712289600000000000,20
MDLZ,10258467,67.96,67.99,68.43,67.635,1712289600000000000,74017
MDPL,723,25.96,25.9341,25.96,25.91,1712289600000000000,8
MDRR,506,5.69,5.775,5.775,5.69,1712289600000000000,33
MDT,4935938,83.44,84.56,84.679,83.1,1712289600000000000,58756
MDU,1196122,24.79,24.98,25.05,24.7,1712289600000000000,12594
MDV,13299,14.96,15.18,15.29,14.6501,1712289600000000000,324
MDVpA,472,23.8131,23.8131,23.8131,23.8131,1712289600000000000,8
MDWD,37692,15.36,15.11,15.545,14.91,1712289600000000000,743
MDXG,499664,6.97,7,7.09,6.9196,1712289600000000000,6889
MDXH,94401,2.72,2.61,2.73,2.45,1712289600000000000,358
MDY,940348,541.37,545.87,547.61,541.17,1712289600000000000,12853
MDYG,86200,85.27,86.12,86.405,85.27,1712289600000000000,940
MDYV,82852,73.88,74.19,74.345,73.68,1712289600000000000,907
ME,4058138,0.475,0.479,0.49,0.4501,1712289600000000000,8591
MEAR,35898,49.96,49.98,49.99,49.96,1712289600000000000,244
MEC,101671,13.55,13.72,13.925,13.211,1712289600000000000,1407
MED,362488,33.56,32.83,33.82,32.38,1712289600000000000,7320
MEDI,10286,25.95,26.34,26.37,25.95,1712289600000000000,91
MEDP,187902,386.06,400.75,403.96,386.06,1712289600000000000,8452
MEDS,68380,10.18,9.34,10.19,8.585,1712289600000000000,862
MEDX,7548,28.67,28.9,28.9,28.67,1712289600000000000,6
MEG,156944,43.66,44.36,45.04,43.46,1712289600000000000,3368
MEGI,93762,12.28,12.33,12.35,12.22,1712289600000000000,398
MEGL,33404,0.643,0.64,0.65,0.6141,1712289600000000000,187
MEI,588620,11.81,12.04,12.16,11.81,1712289600000000000,6474
MEIP,10469,3.87,3.75,3.87,3.75,1712289600000000000,117
MELI,291880,1495.13,1501.72,1507,1486.03,1712289600000000000,16627
MEM,2482,29.4,29.4787,29.49,29.4,1712289600000000000,26
MEMS,2384,26.075,26.13,26.15,26.075,1712289600000000000,6
MEMX,625,29.17,29.1814,29.1814,29.17,1712289600000000000,11
MEOH,453633,49.45,51.23,51.31,48.94,1712289600000000000,7612
MERpK,11125,25.45,25.51,25.54,25.43,1712289600000000000,85
MERC,94386,9.94,10.06,10.09,9.82,1712289600000000000,2105
MESA,270798,0.8282,0.86,0.87,0.8,1712289600000000000,957
MESO,1108937,5.87,5.8,5.94,5.46,1712289600000000000,5418
MET,1830606,73.25,73.6,73.815,72.84,1712289600000000000,28976
METpA,36473,24.05,24.15,24.2,23.96,1712289600000000000,343
METpE,63462,24.16,24.21,24.24,24.1101,1712289600000000000,402
METpF,84189,21.36,21.36,21.47,21.32,1712289600000000000,497
META,19263265,516.855,527.34,530.7,514.4099,1712289600000000000,323041
METC,473203,15.94,15.88,16.145,15.8,1712289600000000000,7741
METCB,9794,12.25,12.16,12.38,12.15,1712289600000000000,181
METCL,9277,25.7,25.7,25.7,25.6912,1712289600000000000,68
METV,156803,12.21,12.33,12.38,12.2,1712289600000000000,2768
MEXX,5853,35.7,36.5479,36.698,35.7,1712289600000000000,151
MFA,468091,11,11.02,11.09,10.9251,1712289600000000000,4636
MFApB,20968,21.15,21,21.19,21,1712289600000000000,161
MFApC,19774,22.52,22.5,22.675,22.42,1712289600000000000,214
MFAN,35665,25.72,25.48,25.73,25.48,1712289600000000000,293
MFC,1936308,24.15,24.39,24.53,24.06,1712289600000000000,13189
MFD,18731,7.51,7.44,7.51,7.43,1712289600000000000,84
MFDX,12648,30.17,30.3123,30.327,30.14,1712289600000000000,76
MFEM,3087,19.41,19.4614,19.4799,19.391,1712289600000000000,59
MFG,581120,3.86,3.89,3.9,3.855,1712289600000000000,2576
MFH,6827,1.2,1.2678,1.28,1.1,1712289600000000000,105
MFIC,223772,14.67,14.83,14.85,14.67,1712289600000000000,2123
MFICL,1646,25.54,25.54,25.55,25.54,1712289600000000000,8
MFIN,36419,7.92,7.99,8.06,7.92,1712289600000000000,686
MFLX,596,16.92,16.92,16.92,16.92,1712289600000000000,11
MFM,75356,5.25,5.2,5.285,5.18,1712289600000000000,244
MFUL,3634,21.2401,21.25,21.27,21.24,1712289600000000000,24
MFUS,3739,46.14,46.4978,46.4978,46.14,1712289600000000000,28
MFV,5253,4.4101,4.41,4.4101,4.41,1712289600000000000,21
MG,33171,9.46,9.55,9.6,9.41,1712289600000000000,498
MGA,1858813,51.85,52.18,52.31,51.69,1712289600000000000,11886
MGAM,386307,0.1367,0.1284,0.1367,0.124,1712289600000000000,591
MGC,57145,183.97,185.61,186.1448,183.97,1712289600000000000,1368
MGEE,145623,77.94,78.1,78.33,77.23,1712289600000000000,4884
MGF,47473,3.16,3.15,3.17,3.15,1712289600000000000,200
MGIC,34477,11.44,11.33,11.46,11.33,1712289600000000000,571
MGIH,30954,1.36,1.375,1.44,1.31,1712289600000000000,135
MGK,269099,282.81,285.53,286.7894,282.49,1712289600000000000,4655
MGLD,3714,1.1301,1.13,1.14,1.12,1712289600000000000,37
MGM,1923089,45.86,46.53,46.64,45.76,1712289600000000000,29419
MGMT,7179,36.51,37.02,37.1599,36.51,1712289600000000000,64
MGNI,1153316,9.8,9.79,9.935,9.71,1712289600000000000,11029
MGNR,234,29.25,29.268,29.268,29.25,1712289600000000000,12
MGNX,2502973,17.66,18.24,19.03,17.45,1712289600000000000,26925
MGOL,365289,0.2827,0.28,0.3009,0.275,1712289600000000000,726
MGOV,15405,19.99,19.96,20.02,19.95,1712289600000000000,55
MGPI,102746,82.37,80.85,82.37,80.4,1712289600000000000,3349
MGR,15134,23.75,23.65,23.87,23.58,1712289600000000000,191
MGRB,16576,19.56,19.73,19.85,19.54,1712289600000000000,149
MGRC,243844,120.93,120.46,121.63,120.27,1712289600000000000,4332
MGRD,5712,17.62,17.7,17.76,17.5,1712289600000000000,71
MGRE,67200,25.23,25.25,25.29,25.2,1712289600000000000,285
MGRM,27222,2.29,2.27,2.35,2.2,1712289600000000000,123
MGRO,282,29.81,29.8234,29.83,29.81,1712289600000000000,4
MGRX,180632,0.2279,0.2362,0.2445,0.2265,1712289600000000000,328
MGTX,125250,5.58,5.5,5.58,5.38,1712289600000000000,2031
MGV,160075,117.1,117.8,118.19,117,1712289600000000000,1816
MGX,91612,10.1,9.83,10.57,9.82,1712289600000000000,1438
MGY,2033778,26.81,26.98,27.205,26.62,1712289600000000000,15523
MGYR,7516,11.15,11.06,11.15,10.6774,1712289600000000000,77
MHD,69228,11.83,11.75,11.84,11.75,1712289600000000000,358
MHF,90748,6.73,6.75,6.7731,6.715,1712289600000000000,237
MHH,6020,8.87,9.03,9.07,8.87,1712289600000000000,123
MHI,41379,8.69,8.68,8.69,8.6695,1712289600000000000,209
MHK,567150,122.26,122.36,123.51,121.49,1712289600000000000,12433
MHLA,542,16.9,16.9,16.9,16.9,1712289600000000000,21
MHLD,119850,2.18,2.11,2.2,2.1,1712289600000000000,989
MHN,42741,10.5,10.47,10.53,10.46,1712289600000000000,152
MHNC,345,18.0216,18.47,18.47,18.0216,1712289600000000000,10
MHO,519796,124.14,125.78,127.08,123.02,1712289600000000000,9009
MHUA,43343,0.72,0.67,0.72,0.66,1712289600000000000,191
MI,268208,0.15,0.15,0.1507,0.141,1712289600000000000,2854
MID,2240,56.6501,56.8952,56.8952,56.5101,1712289600000000000,42
MIDD,253322,150.85,150.73,152.315,150.56,1712289600000000000,8435
MIDE,80,29.3021,29.3021,29.3021,29.3021,1712289600000000000,3
MIDU,49221,51.41,52.96,53.32,51.41,1712289600000000000,549
MIG,3,20.941,20.941,20.941,20.941,1712289600000000000,1
MIGI,98600,1.27,1.27,1.32,1.25,1712289600000000000,554
MILN,26064,38.222,38.57,38.6987,38.22,1712289600000000000,130
MIN,417028,2.64,2.63,2.68,2.63,1712289600000000000,649
MIND,6427,4.69,4.19,4.69,4.19,1712289600000000000,92
MINDP,17050,8.9851,8.955,8.9851,8.65,1712289600000000000,58
MINM,45682,5.41,5.26,5.41,5,1712289600000000000,496
MINN,71,22.02,22.02,22.02,22.02,1712289600000000000,3
MINO,21164,45.09,45.12,45.15,45.06,1712289600000000000,82
MINT,1227536,100.22,100.22,100.25,100.21,1712289600000000000,3443
MINV,5928,25.37,25.4629,25.51,25.37,1712289600000000000,23
MIO,38610,11.22,11.2,11.24,11.2,1712289600000000000,170
MIR,837389,10.86,11.05,11.11,10.86,1712289600000000000,7858
MIR.WS,6865,2.04,2.17,2.17,2.04,1712289600000000000,53
MIRA,102779,1.02,1.02,1.0399,1,1712289600000000000,243
MIRM,555415,25.06,26.26,26.61,24.85,1712289600000000000,7518
MISL,12260,26.77,27.0001,27.0079,26.7501,1712289600000000000,47
MIST,149275,1.76,1.8,1.8199,1.76,1712289600000000000,559
MITK,629618,14.25,14.6,14.99,14.25,1712289600000000000,7953
MITN,2756,25.48,25.48,25.52,25.48,1712289600000000000,11
MITQ,2980,0.5,0.525251,0.525251,0.4901,1712289600000000000,40
MITT,116220,5.94,5.91,5.98,5.87,1712289600000000000,1625
MITTpA,1503,19.61,19.65,19.7723,19.61,1712289600000000000,22
MITTpB,3320,19.0759,19.1,19.15,19.025,1712289600000000000,23
MITTpC,7900,23.65,23.72,23.8,23.65,1712289600000000000,71
MIY,61786,11.51,11.49,11.52,11.47,1712289600000000000,349
MJ,1246200,4.18,4.29,4.325,4.13,1712289600000000000,4205
MJUS,46356,2.109,2.1896,2.1896,2.08,1712289600000000000,206
MKAM,20,27.6647,27.6647,27.6647,27.6647,1712289600000000000,2
MKC,1616911,75.94,75.47,75.98,74.63,1712289600000000000,20485
MKC.V,1063,76,76.35,76.35,74.78,1712289600000000000,31
MKFG,176484,0.755,0.712,0.7695,0.7116,1712289600000000000,838
MKFG.WS,2200,0.04,0.04,0.04,0.04,1712289600000000000,1
MKL,45005,1486.76,1509.43,1520.13,1486.76,1712289600000000000,4980
MKOR,865,26.16,26.1328,26.16,26.1328,1712289600000000000,10
MKSI,528778,128.75,128.56,130.03,127.75,1712289600000000000,12758
MKTW,155571,1.59,1.64,1.65,1.54,1712289600000000000,729
MKTX,427776,222.87,225.39,225.72,220.73,1712289600000000000,13616
ML,183098,70.01,76.63,76.7,69.8,1712289600000000000,4315
ML.WS,103601,0.1,0.15,0.150099,0.095,1712289600000000000,153
MLAB,29114,100,100.92,103.1399,99.69,1712289600000000000,1257
MLCO,2009291,7.23,7.09,7.295,7.06,1712289600000000000,12900
MLEC,19106,1.27,1.21,1.35,1.2,1712289600000000000,96
MLECW,1898,0.0479,0.042324,0.0479,0.042324,1712289600000000000,3
MLGO,182002,3.68,3.71,3.84,3.61,1712289600000000000,3399
MLI,403429,52.87,53.85,53.89,52.87,1712289600000000000,7236
MLKN,705153,26.78,26.75,27.13,26.5,1712289600000000000,11780
MLM,397297,607.82,619.41,622.275,604.5179,1712289600000000000,14709
MLN,253260,17.71,17.655,17.765,17.65,1712289600000000000,937
MLNK,248946,18.21,18.53,18.54,18.2,1712289600000000000,2385
MLP,12618,21.11,20.92,21.21,20.81,1712289600000000000,346
MLPA,134062,48.72,48.57,48.8,48.37,1712289600000000000,1049
MLPB,12386,24.27,24.3501,24.44,24.27,1712289600000000000,44
MLPR,4073,58.66,59.1501,59.3,58.66,1712289600000000000,50
MLPX,104303,49.03,49.02,49.24,48.695,1712289600000000000,792
MLR,55142,52.09,52.8,53,51.85,1712289600000000000,1728
MLSS,18607,0.62,0.6198,0.637,0.602,1712289600000000000,97
MLTX,584672,46.02,47.17,47.7,45.69,1712289600000000000,7708
MLYS,224030,12.93,12.99,13.56,12.845,1712289600000000000,3095
MMA,2559,4.02,3.94,4.02,3.82,1712289600000000000,31
MMAT,199203,3.16,3.11,3.3,2.96,1712289600000000000,1658
MMC,2227919,201.81,205.58,206.28,201.24,1712289600000000000,39137
MMCA,5137,21.53,21.505,21.53,21.5,1712289600000000000,50
MMD,39824,16.11,16.14,16.1782,16.11,1712289600000000000,184
MMI,69244,33.22,33.29,33.7002,33.17,1712289600000000000,1843
MMIN,106170,23.96,23.9,24.005,23.9,1712289600000000000,689
MMIT,69593,24.14,24.135,24.17,24.125,1712289600000000000,265
MMLG,4529,27.29,27.4608,27.52,27.29,1712289600000000000,75
MMLP,82403,2.64,2.66,2.7899,2.5937,1712289600000000000,375
MMM,3514007,90.43,91.03,91.42,89.54,1712289600000000000,57429
MMS,223118,80.09,81.06,81.13,80.09,1712289600000000000,5289
MMSC,6269,19.11,19.2065,19.28,19.0799,1712289600000000000,30
MMSI,258776,71.75,72.35,72.8,71.52,1712289600000000000,4268
MMT,64350,4.6,4.62,4.63,4.59,1712289600000000000,230
MMTM,673,227.25,228.6625,228.6625,227.25,1712289600000000000,43
MMU,122196,10.12,10.155,10.18,10.11,1712289600000000000,569
MMV,34630,0.8,0.7894,0.8,0.7299,1712289600000000000,129
MMYT,927447,71.64,75.97,76.22,71.64,1712289600000000000,14000
MNA,42395,31.29,31.24,31.35,31.22,1712289600000000000,325
MNBD,9,25.61,25.61,25.61,25.61,1712289600000000000,3
MNDO,104916,1.92,1.99,1.99,1.9,1712289600000000000,526
MNDY,658692,213.35,217,217.61,211.52,1712289600000000000,14912
MNKD,2573128,4.3,4.44,4.54,4.21,1712289600000000000,12416
MNMD,1244687,11.05,11,11.18,10.66,1712289600000000000,11866
MNOV,53258,1.47,1.49,1.53,1.47,1712289600000000000,178
MNPR,133332,0.63,0.602,0.6399,0.599401,1712289600000000000,417
MNR,141967,19.72,19.53,19.78,19.395,1712289600000000000,1250
MNRO,356234,30.51,30.8,30.99,30.37,1712289600000000000,5860
MNSB,6073,17.885,17.82,17.885,17.79,1712289600000000000,320
MNSBP,607,23.35,23.3,23.35,23.3,1712289600000000000,13
MNSO,528462,20.74,21.04,21.145,20.62,1712289600000000000,7908
MNST,4847782,55.92,55.9,56.35,55.55,1712289600000000000,45078
MNTK,475659,4.34,4.35,4.39,4.285,1712289600000000000,4378
MNTL,110,25.4039,25.4039,25.4039,25.4039,1712289600000000000,5
MNTN,4030,11.17,11.17,11.17,11.17,1712289600000000000,12
MNTN.WS,153374,0.15,0.17,0.17,0.15,1712289600000000000,90
MNTS,287990,0.4284,0.4355,0.4398,0.4124,1712289600000000000,640
MNTSW,129708,0.0063,0.0123,0.0125,0.0063,1712289600000000000,70
MNTX,29149,6.6,6.38,6.62,6.325,1712289600000000000,635
MNY,266942,2.25,2.18,2.25,2.05,1712289600000000000,1598
MNYWW,15910,0.08,0.1297,0.13,0.08,1712289600000000000,37
MO,8515879,41.48,41.65,41.7625,41.37,1712289600000000000,68977
MOAT,731931,87.21,87.63,87.92,87.07,1712289600000000000,7115
MOB,473088,1.29,1.4,1.42,1.24,1712289600000000000,1773
MOBBW,5353,0.236,0.23,0.236,0.2,1712289600000000000,16
MOBX,22517,1.92,1.93,2.04,1.91,1712289600000000000,203
MOBXW,2907,0.1975,0.1975,0.1975,0.1975,1712289600000000000,3
MOD,821745,94.72,97.6,99.1,94.08,1712289600000000000,16916
MODD,223185,1.68,1.59,1.8393,1.55,1712289600000000000,1392
MODG,2336800,16.19,16.45,16.575,16.16,1712289600000000000,16839
MODL,8266,35.06,35.29,35.3725,35.06,1712289600000000000,62
MODN,215253,26.68,27.09,27.175,26.68,1712289600000000000,4338
MODV,259103,23.25,23.5,24.6,23.25,1712289600000000000,5136
MOFG,23598,22.29,21.64,22.29,21.535,1712289600000000000,792
MOG.A,147959,156.63,159.86,159.89,156.55,1712289600000000000,2789
MOGO,85474,1.97,2,2.01,1.88,1712289600000000000,764
MOGU,728,1.86,1.885,1.89,1.86,1712289600000000000,14
MOH,313659,374.8,376.77,378.84,374.49,1712289600000000000,11719
MOHR,1663,21.8459,21.839,21.8459,21.8,1712289600000000000,16
MOLN,7849,4.12,3.95,4.15,3.95,1712289600000000000,55
MOMO,1878922,5.93,5.99,6.04,5.84,1712289600000000000,13426
MOND,70479,2.09,2.09,2.13,2.0301,1712289600000000000,493
MOO,67056,74.79,75.11,75.18,74.67,1712289600000000000,848
MOOD,181,28.16,28.16,28.16,28.16,1712289600000000000,5
MOON,14712,10.19,10.23,10.33,10.1492,1712289600000000000,143
MOR,283643,18.09,18.09,18.13,18.06,1712289600000000000,2018
MORF,342688,29.86,30.14,30.67,29.84,1712289600000000000,5940
MORN,139393,303.84,309.78,312.54,303.84,1712289600000000000,4846
MORT,242214,11,11.06,11.08,10.94,1712289600000000000,1202
MOS,4266694,32.53,32.95,33.08,32.42,1712289600000000000,39296
MOTE,621,26.45,26.4988,26.4988,26.45,1712289600000000000,7
MOTG,9198,35.91,36.01,36.1,35.91,1712289600000000000,80
MOTI,6166,31.075,31.1651,31.28,31.075,1712289600000000000,63
MOTO,1167,42.94,43.1299,43.1299,42.94,1712289600000000000,15
MOTS,80772,0.4655,0.46,0.468,0.44,1712289600000000000,182
MOV,173851,27.82,27.74,28.12,27.72,1712289600000000000,4310
MOVE,651483,0.521,0.5501,0.585,0.4533,1712289600000000000,1737
MP,2488966,14.6,14.61,14.87,14.4193,1712289600000000000,17670
MPA,28615,12,11.9,12,11.8766,1712289600000000000,147
MPAA,46007,7.63,7.04,7.77,6.97,1712289600000000000,945
MPAY,818,24,24.0106,24.0699,23.9912,1712289600000000000,63
MPB,40366,19.82,19.86,20.02,19.75,1712289600000000000,800
MPC,2689990,219.57,219.13,221.11,217.63,1712289600000000000,51767
MPLN,1243646,0.801,0.839,0.8577,0.7863,1712289600000000000,4799
MPLX,1986827,42.34,42.13,42.46,42.13,1712289600000000000,11794
MPRO,20915,27.29,27.361,27.43,27.29,1712289600000000000,106
MPTI,46306,26.7,26.94,27.41,25.69,1712289600000000000,822
MPU,504975,2.69,2.68,2.8499,2.63,1712289600000000000,2747
MPV,19187,15.85,15.825,16.14,15.78,1712289600000000000,141
MPW,18211376,4.15,4.05,4.18,4.04,1712289600000000000,36260
MPWR,406770,643.66,654.31,659.06,643.66,1712289600000000000,14663
MPX,17041,11.35,11.52,11.6174,11.35,1712289600000000000,282
MQ,3057075,5.87,5.89,5.96,5.79,1712289600000000000,16938
MQT,45803,10.11,10.14,10.16,10.1,1712289600000000000,270
MQY,187422,12.14,12.22,12.235,12.11,1712289600000000000,958
MRAD,0,15.4485,15.4485,15.4485,15.4485,1712289600000000000,0
MRAI,224569,2.31,2.27,2.39,2.2,1712289600000000000,660
MRAM,54818,7.75,7.71,7.82,7.7,1712289600000000000,751
MRBK,6323,9.27,9.2,9.34,9.195,1712289600000000000,132
MRC,244592,12.6,12.56,12.71,12.535,1712289600000000000,3706
MRCC,69478,7.21,7.25,7.3,7.18,1712289600000000000,292
MRCP,400,25.3,25.3808,25.3808,25.3,1712289600000000000,4
MRCY,278399,28.4,28.44,28.56,28.01,1712289600000000000,7942
MRDB,559169,0.45,0.47,0.4712,0.437,1712289600000000000,1019
MRDB.WS,1100,0.1,0.0715,0.1,0.0715,1712289600000000000,2
MREO,710458,3.23,3.29,3.36,3.1801,1712289600000000000,5325
MRGR,197,40.37,40.364,40.37,40.364,1712289600000000000,3
MRIN,105597,0.316,0.2957,0.316,0.28,1712289600000000000,289
MRK,5692896,127.65,127.99,128.6,127,1712289600000000000,74212
MRKR,31541,4.86,4.67,4.9,4.66,1712289600000000000,185
MRM,951,6.075,6.19,6.19,6.01,1712289600000000000,23
MRNA,2132169,101.76,102.88,103.82,101.05,1712289600000000000,36701
MRNO,10674,11.4,11.41,12,10.92,1712289600000000000,259
MRNOW,29812,0.1026,0.115,0.1224,0.1026,1712289600000000000,37
MRNS,886678,8.66,7.8,8.9,7.75,1712289600000000000,8210
MRNY,20822,19.4,19.66,19.75,19.38,1712289600000000000,348
MRO,11047163,29.61,29.69,29.775,29.3,1712289600000000000,54949
MRSK,8318,30.67,30.7943,30.8,30.584,1712289600000000000,48
MRSN,565095,4.23,4.28,4.365,4.09,1712289600000000000,5229
MRT,732048,0.89,1.09,1.09,0.85,1712289600000000000,1379
MRTN,318971,17.93,17.83,18.02,17.795,1712289600000000000,5040
MRUS,468391,44.09,44.7,45.2366,43.89,1712289600000000000,5373
MRVI,2584360,8.48,7.95,8.505,7.805,1712289600000000000,21810
MRVL,9567246,71.42,72.65,72.72,71.045,1712289600000000000,104212
MS,4654937,92.25,92.47,93.29,91.61,1712289600000000000,68421
MSpA,38001,23.01,23.0151,23.06,22.79,1712289600000000000,355
MSpE,32301,25.58,25.63,25.64,25.51,1712289600000000000,240
MSpF,30082,25.45,25.54,25.59,25.45,1712289600000000000,253
MSpI,31636,25.06,25.05,25.09,25.05,1712289600000000000,261
MSpK,33578,24.92,24.98,25.05,24.86,1712289600000000000,302
MSpL,67902,23.29,23.29,23.44,23.29,1712289600000000000,384
MSpO,112545,19.87,19.94,20.04,19.82,1712289600000000000,602
MSpP,35943,26.32,26.25,26.3593,26.224,1712289600000000000,286
MSA,224078,191.5,194.81,196.02,191.5,1712289600000000000,5424
MSAI,116996,3.2,3.25,3.26,3,1712289600000000000,817
MSAIW,1521,0.065,0.065,0.0979,0.065,1712289600000000000,14
MSB,36450,17.82,17.79,17.9799,17.55,1712289600000000000,396
MSBI,36499,24.18,24.25,24.35,24.08,1712289600000000000,1140
MSBIP,1850,25.3345,25.3,25.3345,25.2999,1712289600000000000,17
MSC,2229,7.42,8,8,7.42,1712289600000000000,59
MSCI,421813,536.24,542.39,543.56,535.35,1712289600000000000,14350
MSD,95369,7.22,7.21,7.25,7.1802,1712289600000000000,442
MSDL,37620,21.36,21.17,21.44,21.1,1712289600000000000,586
MSEX,120129,49.42,48.26,49.42,48.05,1712289600000000000,3034
MSFD,23236,13.98,13.79,14.009,13.76,1712289600000000000,199
MSFL,18867,25.3101,25.9916,26.07,25.3101,1712289600000000000,152
MSFO,103366,21.65,22.04,22.13,21.65,1712289600000000000,816
MSFT,16554761,420.01,425.52,426.51,418.32,1712289600000000000,353311
MSFU,199798,45.47,46.62,46.79,45.1,1712289600000000000,1680
MSFX,27968,29.24,29.94,30.03,29.24,1712289600000000000,292
MSFY,656,28.2755,28.4999,28.4999,28.2755,1712289600000000000,26
MSGE,175163,39.32,39.79,39.9095,39.28,1712289600000000000,3696
MSGM,9498,2.12,2,2.12,2,1712289600000000000,124
MSGS,90918,185.43,184.04,185.89,183.6,1712289600000000000,4126
MSI,421962,348.94,352.3,352.64,348.15,1712289600000000000,14750
MSM,677415,95.66,95.57,96.13,94.94,1712289600000000000,13467
MSMR,10927,27.4876,27.4813,27.4876,27.45,1712289600000000000,13
MSN,15845,0.554,0.530201,0.554,0.5301,1712289600000000000,39
MSOS,10567691,9.59,10.12,10.15,9.48,1712289600000000000,27862
MSOX,1755867,5.65,6.3,6.33,5.562,1712289600000000000,3854
MSS,61228,1.26,1.32,1.34,1.26,1712289600000000000,400
MSSA,384,11.2,11.1,11.2,11.1,1712289600000000000,6
MSSS,92226,24.9401,25.065,25.065,24.9401,1712289600000000000,23
MSTB,10012,31.16,31.37,31.46,31.16,1712289600000000000,51
MSTI,4657,20.35,20.3157,20.39,20.3157,1712289600000000000,33
MSTQ,144,30.35,30.3718,30.3718,30.35,1712289600000000000,3
MSTR,2273995,1570,1439,1674.25,1432,1712289600000000000,120845
MSTY,244654,36.87,34.29,38.66,34.29,1712289600000000000,5561
MSVX,1273,23.59,23.55,23.64,23.55,1712289600000000000,13
MT,1101745,27.27,27.27,27.415,27.125,1712289600000000000,11138
MTA,697155,3.25,3.36,3.48,3.19,1712289600000000000,3805
MTAL,49706,13.5,13.46,13.6,13.21,1712289600000000000,653
MTAL.WS,22109,2.4,2.4,2.4,2.25,1712289600000000000,13
MTB,786426,137.5,138.71,139,137.1,1712289600000000000,18060
MTBpH,23540,22.82,22.94,23.12,22.8,1712289600000000000,271
MTBA,55073,50.69,50.62,50.74,50.62,1712289600000000000,469
MTC,76912,1.7,1.82,1.85,1.69,1712289600000000000,444
MTCH,4447686,33.7,33.71,34.04,33.3358,1712289600000000000,42817
MTD,90855,1287.54,1300.84,1303.195,1285.48,1712289600000000000,7900
MTDR,1716320,69.27,69.97,70.53,68.72,1712289600000000000,21523
MTEK,92213,1.53,1.55,1.59,1.46,1712289600000000000,324
MTEKW,34245,0.149899,0.148501,0.15,0.148501,1712289600000000000,32
MTEM,94711,1.98,1.98,2.02,1.92,1712289600000000000,618
MTEST,100,25.025,25.025,25.025,25.025,1712289600000000000,2
MTG,1715278,20.6,20.68,20.9,20.54,1712289600000000000,14735
MTGP,264,43.16,43.0284,43.16,43.0284,1712289600000000000,7
MTH,256106,162.01,163.59,164.875,161.87,1712289600000000000,6259
MTLS,44257,5.25,5.17,5.25,5.14,1712289600000000000,441
MTN,384374,226.7,228.98,229.23,226.7,1712289600000000000,9961
MTNB,1261282,0.22,0.2128,0.225,0.208,1712289600000000000,2478
MTR,9489,11.5038,11.405,11.949,11.056,1712289600000000000,105
MTRN,69217,125.7,125.71,126.39,125.005,1712289600000000000,3104
MTRX,143556,12.88,13.14,13.26,12.88,1712289600000000000,3000
MTSI,576429,98.35,100.67,101.94,98,1712289600000000000,14107
MTTR,1720378,2.03,2.04,2.0755,1.98,1712289600000000000,8126
MTUL,69,26.0311,26.0311,26.0311,26.0311,1712289600000000000,4
MTUM,1015112,185.11,187.58,188.6,184.99,1712289600000000000,15778
MTUS,122615,22.32,22.51,22.55,22.17,1712289600000000000,2604
MTW,177084,13.64,13.78,13.915,13.64,1712289600000000000,2508
MTX,94030,73.81,73.91,74.605,73.62,1712289600000000000,1911
MTZ,533094,92.44,93.39,93.655,91.92,1712289600000000000,11964
MU,23326521,124.4,123.58,125.69,121.2001,1712289600000000000,250089
MUA,44592,11.11,11.15,11.1685,11.11,1712289600000000000,166
MUB,2484817,106.46,106.44,106.705,106.44,1712289600000000000,9902
MUC,163134,11.08,10.96,11.08,10.95,1712289600000000000,700
MUE,15485,9.99,9.97,10,9.97,1712289600000000000,74
MUFG,2275771,10.07,10.12,10.155,10.05,1712289600000000000,8117
MUI,98399,11.74,11.73,11.745,11.7,1712289600000000000,448
MUJ,97174,11.44,11.39,11.44,11.38,1712289600000000000,441
MULN,622162,4.14,4,4.15,3.8,1712289600000000000,6613
MUNI,216887,51.96,51.95,52.0299,51.93,1712289600000000000,431
MUR,1234696,48.46,48.97,49.095,48.25,1712289600000000000,13952
MURA,479266,4.74,4.33,4.74,4.255,1712289600000000000,3619
MUSA,245613,414.87,417.87,418.44,412,1712289600000000000,9935
MUSI,3706,43.01,42.9553,43.014,42.9553,1712289600000000000,63
MUSQ,7423,25.4,25.3916,25.43,25.39,1712289600000000000,17
MUST,123268,20.53,20.56,20.58,20.53,1712289600000000000,391
MUX,1605407,10.06,10.86,10.93,9.6,1712289600000000000,14468
MVAL,483,29.84,29.913,29.913,29.84,1712289600000000000,4
MVBF,11968,21.28,21.55,21.56,21.065,1712289600000000000,319
MVF,388276,6.91,6.91,6.91,6.875,1712289600000000000,314
MVFD,9016,25.36,25.438,25.438,25.36,1712289600000000000,5
MVFG,604,25.66,25.6688,25.6688,25.63,1712289600000000000,6
MVIS,2839845,1.65,1.68,1.69,1.61,1712289600000000000,8175
MVO,32694,11.35,11.18,11.4399,11.13,1712289600000000000,286
MVPA,2639,31.47,31.5,31.74,31.47,1712289600000000000,32
MVPL,250,26.15,26.2467,26.2467,26.15,1712289600000000000,6
MVPS,61,20.955,20.955,20.955,20.955,1712289600000000000,5
MVRL,7727,17.535,17.6485,17.66,17.4704,1712289600000000000,94
MVST,11378738,0.5527,0.4924,0.5557,0.48,1712289600000000000,17738
MVSTW,384398,0.044,0.0395,0.0444,0.0325,1712289600000000000,270
MVT,43640,10.7,10.64,10.7,10.62,1712289600000000000,212
MVV,27560,64.66,65.68,66.05,64.66,1712289600000000000,193
MWA,733993,15.49,15.5,15.605,15.48,1712289600000000000,8010
MWG,6544,0.306,0.323,0.3333,0.3056,1712289600000000000,63
MX,423493,5.45,5.31,5.455,5.22,1712289600000000000,2938
MXC,20218,12.79,13.16,13.25,12.74,1712289600000000000,347
MXCT,285152,4.12,4.15,4.23,4.07,1712289600000000000,3061
MXE,4076,11.41,11.55,11.61,11.41,1712289600000000000,42
MXF,33531,19.5,19.58,19.63,19.42,1712289600000000000,241
MXI,10067,89.05,89.5324,89.55,88.74,1712289600000000000,113
MXL,1724817,22.46,22.61,24.16,22.22,1712289600000000000,23357
MYD,61298,10.87,10.86,10.87,10.84,1712289600000000000,377
MYE,167280,21.95,22.22,22.415,21.94,1712289600000000000,4220
MYFW,7851,14.11,13.86,14.12,13.86,1712289600000000000,223
MYGN,380831,20.09,20.26,20.53,19.77,1712289600000000000,6545
MYI,137224,11.17,11.16,11.18,11.13,1712289600000000000,783
MYLD,5294,26.28,26.2794,26.3199,26.15,1712289600000000000,40
MYMD,19817,2.15,2.1,2.15,2.07,1712289600000000000,191
MYN,45514,10.32,10.35,10.4,10.32,1712289600000000000,139
MYNA,3857,4.59,4.66,4.7166,4.55,1712289600000000000,67
MYND,1279,4.56,4.302,4.56,4.302,1712289600000000000,115
MYNZ,50958,1.06,1.09,1.12,1.01,1712289600000000000,121
MYO,164295,3.12,3.05,3.2499,3,1712289600000000000,1251
MYPS,267718,2.91,2.84,2.91,2.765,1712289600000000000,2169
MYRG,71435,173.18,178.21,179.09,173.18,1712289600000000000,3118
MYSZ,33997,0.433,0.45,0.4723,0.433,1712289600000000000,183
MYTE,134360,3.69,3.32,3.69,3.22,1712289600000000000,886
MYY,2324,20.17,20.0597,20.17,20.0597,1712289600000000000,18
MZZ,805,10.915,10.9158,10.93,10.915,1712289600000000000,11
NA,28243,1.62,1.4501,1.62,1.2503,1712289600000000000,196
NAAS,780593,1.12,1.09,1.13,1.04,1712289600000000000,1788
NABL,502599,12.75,12.82,12.86,12.685,1712289600000000000,6292
NAC,351248,10.9,10.86,10.9,10.83,1712289600000000000,1143
NACP,4861,37.739,37.9816,37.9816,37.739,1712289600000000000,62
NAD,572335,11.18,11.18,11.2,11.15,1712289600000000000,1779
NAII,2951,6.7,6.67,6.7,6.5,1712289600000000000,66
NAIL,150256,131.7,135.3,136,130.6056,1712289600000000000,2646
NAK,1209251,0.3079,0.3221,0.3225,0.3059,1712289600000000000,1684
NAMS,253986,21.48,20.8,22.12,20.77,1712289600000000000,4074
NAMSW,5002,10.3,10.56,10.59,10.3,1712289600000000000,26
NAN,46845,10.9,10.86,10.9,10.86,1712289600000000000,205
NANC,55051,33.84,34.11,34.22,33.7602,1712289600000000000,1004
NANR,13879,56.21,56.85,56.97,56.0399,1712289600000000000,175
NAOV,27864,0.8825,0.8827,0.9149,0.876,1712289600000000000,164
NAPA,1418513,9.07,9.11,9.13,9.01,1712289600000000000,8446
NAPR,42738,45.07,45.33,45.42,45.07,1712289600000000000,245
NARI,981572,42.2,42.14,43.07,41.95,1712289600000000000,12924
NAT,1441614,4.01,4.01,4.04,3.98,1712289600000000000,5981
NATH,1297,67.92,67.92,67.92,67.92,1712289600000000000,143
NATL,583656,19,19.11,19.2888,18.995,1712289600000000000,7883
NATR,17590,19.5,19.74,19.78,19.47,1712289600000000000,363
NAUT,95215,2.64,2.67,2.75,2.62,1712289600000000000,668
NAVI,586191,16.79,17.03,17.05,16.74,1712289600000000000,7804
NAZ,16128,10.91,10.88,10.915,10.8701,1712289600000000000,132
NB,36365,2.49,2.56,2.5758,2.49,1712289600000000000,189
NBB,71447,15.1,15.1,15.13,15.07,1712289600000000000,354
NBBK,139684,13.64,13.49,13.665,13.46,1712289600000000000,1781
NBCC,969,22.74,22.8214,22.8214,22.74,1712289600000000000,7
NBCE,10,23.74,23.74,23.74,23.74,1712289600000000000,1
NBCM,18478,22.3,22.31,22.4,22.3,1712289600000000000,75
NBCT,725,26.35,26.6584,26.66,26.35,1712289600000000000,20
NBDS,770,28.55,28.6142,28.6142,28.55,1712289600000000000,26
NBGR,50,26.1748,26.1748,26.1748,26.1748,1712289600000000000,1
NBH,55814,10.23,10.23,10.23,10.165,1712289600000000000,311
NBHC,100922,34.23,34.4,34.71,34.2,1712289600000000000,2602
NBIX,458610,137.43,138.92,139.75,136.0301,1712289600000000000,11280
NBN,52962,55.2,54.66,55.49,54.48,1712289600000000000,1136
NBOS,11395,26.09,25.99,26.09,25.89,1712289600000000000,25
NBR,187830,87.02,89.52,90.08,86.24,1712289600000000000,4511
NBSE,118287,0.4348,0.4003,0.4348,0.39,1712289600000000000,511
NBSM,22974,25.0253,25.2278,25.285,25.0253,1712289600000000000,56
NBST,6722,10.81,10.81,10.81,10.81,1712289600000000000,17
NBSTW,5663,0.07,0.07,0.0749,0.068,1712289600000000000,20
NBTB,260728,35.02,35.7,35.83,34.69,1712289600000000000,3812
NBTX,176242,6.2,6.59,6.6,6.2,1712289600000000000,335
NBXG,143110,11.69,11.79,11.83,11.67,1712289600000000000,794
NBY,1912528,0.1078,0.1011,0.1078,0.0998,1712289600000000000,1860
NC,17437,28.65,28.99,29.19,28.54,1712289600000000000,438
NCA,29055,8.93,8.93,8.97,8.85,1712289600000000000,219
NCDL,47298,17.95,17.67,17.95,17.51,1712289600000000000,565
NCL,172398,0.5894,0.54,0.5894,0.5011,1712289600000000000,664
NCLH,8463195,18.77,18.89,18.93,18.565,1712289600000000000,54171
NCMI,659848,5.41,5.35,5.505,5.315,1712289600000000000,6648
NCNA,258688,0.244,0.2327,0.244,0.226,1712289600000000000,555
NCNC,708084,0.2803,0.2502,0.286,0.202563,1712289600000000000,677
NCNCW,10344,0.0193,0.0187,0.0195,0.0187,1712289600000000000,40
NCNO,952128,33.98,34.21,34.78,33.59,1712289600000000000,16855
NCPB,2,24.8497,24.8497,24.8497,24.8497,1712289600000000000,2
NCPL,434623,0.124,0.12,0.1309,0.1161,1712289600000000000,929
NCRA,1114,1.1,1.1871,1.1871,1.1,1712289600000000000,12
NCSM,1312,16.5,16.2,16.5,16.05,1712289600000000000,25
NCTY,10862,6.34,6.39,6.485,6.26,1712289600000000000,145
NCV,479254,3.26,3.25,3.28,3.25,1712289600000000000,1272
NCZ,273165,2.92,2.92,2.93,2.9,1712289600000000000,674
NCZpA,1817,21.34,21.17,21.34,21.16,1712289600000000000,17
NDAQ,1929509,61.05,62.04,62.06,60.92,1712289600000000000,28190
NDIA,1389,29.14,29.1955,29.23,29.14,1712289600000000000,16
NDIV,11323,29.93,29.8041,29.93,29.59,1712289600000000000,99
NDLS,253172,1.64,1.55,1.64,1.545,1712289600000000000,2080
NDMO,124751,10.78,10.85,10.85,10.75,1712289600000000000,448
NDP,439,34.47,34.47,34.47,34.47,1712289600000000000,11
NDRA,115061,0.38,0.375,0.395,0.365,1712289600000000000,287
NDSN,171653,271.64,271.13,272.06,269.32,1712289600000000000,7547
NDVG,528,29.03,29.1701,29.1701,29.03,1712289600000000000,10
NE,1261934,49.77,50.86,51.2,49.26,1712289600000000000,16981
NEA,608075,10.84,10.86,10.88,10.82,1712289600000000000,1896
NEAR,241748,50.21,50.16,50.21,50.16,1712289600000000000,897
NECB,18671,15.5299,15.29,15.5299,15.165,1712289600000000000,350
NEE,10278085,63.05,64.18,64.355,62.9,1712289600000000000,104342
NEEpN,17474,25.15,25.28,25.28,25.13,1712289600000000000,214
NEEpR,49950,39.25,39.65,39.67,39,1712289600000000000,410
NEGG,270209,0.8317,0.8525,0.8798,0.82,1712289600000000000,1018
NEM,21094232,37.73,39.65,39.9201,37.56,1712289600000000000,147427
NEN,283,70.5,70.5,70.5,70.5,1712289600000000000,25
NEO,418786,14.69,14.92,15,14.53,1712289600000000000,5377
NEOG,2224182,14.02,14.35,14.42,13.985,1712289600000000000,19449
NEON,24347,1.37,1.42,1.49,1.37,1712289600000000000,174
NEOV,147292,1.9,2.09,2.11,1.8,1712289600000000000,691
NEOVW,202,0.3175,0.3175,0.3175,0.3175,1712289600000000000,5
NEP,704494,29.02,29.26,29.53,28.77,1712289600000000000,7529
NEPH,4327,2.06,2.18,2.18,2.06,1712289600000000000,56
NERD,2249,15.22,15.25,15.27,15.22,1712289600000000000,34
NERV,47245,2.54,2.54,2.56,2.42,1712289600000000000,184
NET,2739682,94,96.16,97.3,92.94,1712289600000000000,39394
NETD,39926,10.45,10.445,10.45,10.445,1712289600000000000,46
NETDW,10099,0.15,0.15,0.15,0.15,1712289600000000000,4
NETL,6996,22.91,23.0888,23.14,22.85,1712289600000000000,46
NETZ,157149,67.93,69.1854,69.1999,67.93,1712289600000000000,101
NEU,41081,617.97,618.27,620.92,613.45,1712289600000000000,2890
NEUE,5092,6.18,6.37,6.37,6.07,1712289600000000000,213
NEWP,552470,1.71,1.71,1.77,1.65,1712289600000000000,2568
NEWT,159684,12.09,12.09,12.214,11.77,1712289600000000000,2513
NEWTI,17116,25.12,25.065,25.12,25,1712289600000000000,137
NEWTL,5981,25.12,25.1205,25.14,25.11,1712289600000000000,47
NEWTZ,2550,24.3242,24.35,24.35,24.3242,1712289600000000000,19
NEXA,22451,7.37,7.37,7.38,7.01,1712289600000000000,322
NEXI,88680,4.58,3.71,4.94,3.69,1712289600000000000,701
NEXN,41163,5.22,5.22,5.26,5.125,1712289600000000000,234
NEXT,542476,5.51,5.53,5.59,5.415,1712289600000000000,6561
NFBK,159892,9.18,9.09,9.25,9.075,1712289600000000000,2486
NFE,1040420,29.65,29.67,29.82,29.308,1712289600000000000,14346
NFG,447896,52.65,52.71,52.87,52.04,1712289600000000000,8434
NFGC,749237,3.65,3.9,3.93,3.56,1712289600000000000,5013
NFJ,225729,12.21,12.25,12.31,12.2,1712289600000000000,1303
NFLP,1482,32.425,32.5034,32.52,32.425,1712289600000000000,29
NFLT,12182,22.38,22.3697,22.44,22.32,1712289600000000000,37
NFLX,3378842,624.92,636.18,637.91,622.71,1712289600000000000,107086
NFLY,94200,18.16,18.45,18.5099,18.16,1712289600000000000,601
NFRA,78846,53.49,53.53,53.71,53.29,1712289600000000000,207
NFTY,11924,57.15,57.3,57.49,57.0487,1712289600000000000,202
NG,1902303,3.05,3.19,3.2,3.025,1712289600000000000,9021
NGD,8539505,1.73,1.82,1.83,1.715,1712289600000000000,6754
NGG,404703,66.77,66.33,66.8799,66.01,1712289600000000000,8994
NGL,421795,5.76,5.9,6.06,5.75,1712289600000000000,2737
NGLpB,42639,29.3,29.25,29.35,29,1712289600000000000,228
NGLpC,26271,28,28.03,28.1827,27.9922,1712289600000000000,31
NGMS,242968,28.9,29,29.04,28.9,1712289600000000000,1350
NGNE,78856,43.06,41.31,43.66,40.93,1712289600000000000,2355
NGS,127945,23.99,23.62,24.39,23.01,1712289600000000000,2503
NGVC,31858,16.98,16.85,17.03,16.77,1712289600000000000,637
NGVT,185167,46.29,46.54,46.85,45.76,1712289600000000000,3041
NHC,67078,90.7,92.59,92.6,90.7,1712289600000000000,1957
NHI,158277,59.34,60.14,60.22,59.29,1712289600000000000,3285
NHS,52605,8.05,8.06,8.06,8.03,1712289600000000000,367
NHTC,22727,6.92,7,7.22,6.92,1712289600000000000,270
NI,2747444,26.98,27.19,27.285,26.91,1712289600000000000,23100
NIC,27271,81.9,82.1,83,81.59,1712289600000000000,1004
NICE,342446,249.76,244.11,250.57,244,1712289600000000000,9702
NICK,952,6.69,6.83,6.83,6.69,1712289600000000000,13
NIE,65720,22.21,22.33,22.42,22.2,1712289600000000000,474
NIKL,24643,13.52,13.4626,13.52,13.28,1712289600000000000,111
NIM,28987,8.88,8.88,8.9242,8.86,1712289600000000000,126
NINE,910059,2.43,2.6,2.67,2.35,1712289600000000000,3755
NIO,43081002,4.5,4.39,4.58,4.38,1712289600000000000,76239
NIOBW,1032,0.3737,0.45,0.45,0.37,1712289600000000000,10
NISN,79345,5.95,5.97,6.0681,5.85,1712289600000000000,461
NITO,18166,1.185,1.18,1.1899,1.16,1712289600000000000,178
NIU,389990,1.93,1.92,2.005,1.85,1712289600000000000,1856
NIVF,2440622,1.42,1,1.44,0.97,1712289600000000000,10325
NIVFW,110923,0.05,0.06,0.085,0.0424,1712289600000000000,139
NJAN,7571,43.32,43.34,43.48,43.32,1712289600000000000,66
NJR,418976,42.64,42.78,42.93,42.22,1712289600000000000,7292
NJUL,5290,57.36,57.53,57.6,57.36,1712289600000000000,46
NKE,9716682,89.15,88.84,90.25,88.8,1712289600000000000,109063
NKGN,215693,1.23,1.38,1.46,1.2,1712289600000000000,1372
NKGNW,2900,0.1105,0.101,0.1105,0.101,1712289600000000000,4
NKLA,114371645,0.97,1.02,1.04,0.96,1712289600000000000,91545
NKSH,5542,31.81,31.3,32,31.3,1712289600000000000,216
NKTR,5026278,1.32,1.32,1.47,1.26,1712289600000000000,19505
NKTX,677919,9.38,9.39,9.7,9.07,1712289600000000000,8314
NKX,122642,12.11,12.09,12.11,12.03,1712289600000000000,324
NL,24021,8.18,8.18,8.21,8.095,1712289600000000000,485
NLOP,162671,23,23.26,23.5,22.64,1712289600000000000,4365
NLR,20064,78.77,79.55,79.88,78.55,1712289600000000000,455
NLSP,734794,0.158,0.1422,0.158,0.1351,1712289600000000000,1013
NLSPW,400,0.035851,0.035851,0.035851,0.035851,1712289600000000000,2
NLY,2327717,19.07,19.23,19.28,18.97,1712289600000000000,16796
NLYpF,37169,25.4,25.32,25.44,25.3,1712289600000000000,366
NLYpG,19467,25.06,24.83,25.102,24.83,1712289600000000000,255
NLYpI,25703,25.12,25.2,25.355,25.12,1712289600000000000,167
NMAI,23214,12.15,12.24,12.28,12.15,1712289600000000000,90
NMCO,108756,10.37,10.37,10.4,10.34,1712289600000000000,407
NMFC,292558,12.52,12.62,12.645,12.46,1712289600000000000,2876
NMFCZ,16499,25.7,25.67,25.77,25.56,1712289600000000000,193
NMG,34603,2.19,2.23,2.27,2.19,1712289600000000000,268
NMHI,144961,0.9711,0.9499,1,0.9152,1712289600000000000,312
NMHIW,8121,0.0489,0.04,0.0489,0.035,1712289600000000000,17
NMI,16080,9.33,9.35,9.4415,9.33,1712289600000000000,128
NMIH,400444,30.82,31.03,31.32,30.82,1712289600000000000,6759
NML,173938,7.42,7.42,7.48,7.38,1712289600000000000,999
NMM,44423,42.61,42.76,42.9199,42.39,1712289600000000000,781
NMR,1368073,6.1,6.15,6.1686,6.075,1712289600000000000,6677
NMRA,726843,13.81,14.33,14.66,13.59,1712289600000000000,6654
NMRK,1440266,10.59,10.95,11,10.59,1712289600000000000,9338
NMS,44405,11.19,11.09,11.19,11.04,1712289600000000000,196
NMT,27831,10.77,10.7,10.77,10.7,1712289600000000000,180
NMTC,116393,1.22,1.24,1.2481,1.19,1712289600000000000,362
NMZ,182359,10.41,10.45,10.47,10.38,1712289600000000000,1107
NN,509021,7.25,7.5,7.62,7.08,1712289600000000000,5584
NNAG,25677,10.35,10.3206,10.35,10.32,1712289600000000000,7
NNAGR,1720,0.18,0.18,0.18,0.18,1712289600000000000,2
NNAVW,86890,2.39,2.6,2.6,2.39,1712289600000000000,146
NNBR,98540,4.3,4.31,4.39,4.26,1712289600000000000,1211
NNDM,1104630,2.64,2.68,2.7,2.61,1712289600000000000,5315
NNI,113705,93.6,93.65,94.3,92.82,1712289600000000000,2986
NNN,679815,41.24,41.51,41.64,41.02,1712289600000000000,10054
NNOX,1630692,10.75,10.56,11.1633,10.44,1712289600000000000,14155
NNVC,65517,1.38,1.37,1.48,1.31,1712289600000000000,205
NNY,11127,8.3,8.26,8.3,8.258,1712289600000000000,57
NOA,63399,23.27,22.74,23.27,22.69,1712289600000000000,809
NOAH,83547,13.08,13.06,13.16,12.76,1712289600000000000,1160
NOBL,403560,98.92,99.47,99.6,98.82,1712289600000000000,5221
NOC,1533817,457.51,454.5,459.015,452.5,1712289600000000000,36411
NOCT,4739,47.46,47.44,47.52,47.44,1712289600000000000,36
NODK,7609,14.86,15.02,15.19,14.85,1712289600000000000,218
NOG,1481361,40.84,41.48,41.675,40.66,1712289600000000000,14818
NOK,14833251,3.51,3.49,3.52,3.46,1712289600000000000,19754
NOM,2789,10,10,10.0083,10,1712289600000000000,25
NOMD,388703,18.77,18.98,19.02,18.72,1712289600000000000,3824
NORW,15462,25.19,25.2288,25.29,25.1614,1712289600000000000,136
NOTE,1057137,1.3,1.32,1.41,1.24,1712289600000000000,4384
NOTE.WS,2058,0.2018,0.2145,0.2145,0.2018,1712289600000000000,11
NOTV,664917,7.05,7.14,7.6399,7.0001,1712289600000000000,7060
NOV,4052969,20.07,20.51,20.625,20.05,1712289600000000000,24608
NOVA,10440087,4.94,4.78,5.065,4.685,1712289600000000000,45026
NOVT,91678,166.35,168.41,169.2,166.35,1712289600000000000,2711
NOVV,102,11.44,11.44,11.44,11.44,1712289600000000000,3
NOVZ,701,37.24,37.3298,37.42,37.24,1712289600000000000,23
NOW,1286436,758.43,783.5,791.88,758.43,1712289600000000000,44540
NPAB,642,10.7801,10.7801,10.7801,10.7801,1712289600000000000,4
NPCE,125087,12.85,14.48,14.93,12.85,1712289600000000000,2346
NPCT,53656,10.32,10.31,10.3425,10.31,1712289600000000000,174
NPFD,26987,17.58,17.46,17.58,17.43,1712289600000000000,164
NPFI,10,25.37,25.37,25.37,25.37,1712289600000000000,3
NPK,26041,82.85,83.02,83.17,82.36,1712289600000000000,1040
NPO,100678,167.48,169.63,170.459,167.48,1712289600000000000,3272
NPV,59713,10.94,10.93,11.03,10.92,1712289600000000000,259
NPWR,152491,10.7,10.94,10.98,10.6801,1712289600000000000,1773
NPWR.WS,4372,2.64,2.72,2.8219,2.64,1712289600000000000,22
NQP,38983,11.74,11.73,11.74,11.72,1712289600000000000,198
NR,615025,7.64,7.69,7.75,7.54,1712289600000000000,6305
NRBO,24657,3.94,3.88,3.94,3.75,1712289600000000000,201
NRC,31862,36.96,37,37.39,36.5273,1712289600000000000,758
NRDS,259385,13.88,13.81,14.03,13.79,1712289600000000000,4653
NRDY,761167,2.83,2.86,2.95,2.81,1712289600000000000,3735
NREF,45012,13.06,13.08,13.33,12.98,1712289600000000000,518
NREFpA,231,21.84,21.83,21.84,21.83,1712289600000000000,5
NRES,1976,28.01,28.07,28.1,28.0099,1712289600000000000,11
NRG,3256541,71,72.77,73.08,70.74,1712289600000000000,39135
NRGD,40339,127,124.251,128.53,123,1712289600000000000,1027
NRGU,54387,704.02,713.89,723.66,693.52,1712289600000000000,2436
NRGV,549627,1.71,1.73,1.755,1.68,1712289600000000000,3612
NRIM,6713,48.05,49.09,49.7,48.05,1712289600000000000,319
NRIX,416768,14.14,13.9,14.16,13.51,1712289600000000000,5884
NRK,87983,10.76,10.75,10.8,10.725,1712289600000000000,368
NRO,84888,3.3,3.29,3.35,3.285,1712289600000000000,358
NRP,19731,90.04,90.71,92.46,89.5,1712289600000000000,393
NRSH,40,21.5519,21.5519,21.5519,21.5519,1712289600000000000,4
NRSN,919255,2.13,1.7,2.248,1.5,1712289600000000000,2139
NRSNW,600,0.55,0.4,0.55,0.4,1712289600000000000,2
NRT,103374,6.84,7.01,7.19,6.75,1712289600000000000,941
NRUC,4064,25.03,25.18,25.2,25.03,1712289600000000000,50
NRXP,143725,5.24,5.3,5.43,5.11,1712289600000000000,4166
NRXPW,41268,0.18,0.2,0.2206,0.1799,1712289600000000000,85
NRXS,1996,3.08,3.16,3.245,3.07,1712289600000000000,61
NS,594924,22.86,22.84,23.08,22.743,1712289600000000000,2538
NSpA,7756,25.56,25.51,25.58,25.51,1712289600000000000,68
NSpB,9205,25.4,25.34,25.4,25.32,1712289600000000000,138
NSpC,7308,25.47,25.41,25.47,25.4,1712289600000000000,55
NSA,581498,37.29,37.64,37.68,37,1712289600000000000,11091
NSApA,4108,23.1876,23.28,23.32,22.81,1712289600000000000,81
NSC,668885,249.06,250.03,250.65,247.86,1712289600000000000,16343
NSCR,14,26.066,26.066,26.066,26.066,1712289600000000000,2
NSCS,25,26.5707,26.5707,26.5707,26.5707,1712289600000000000,1
NSI,1439,26.65,26.6685,26.73,26.53,1712289600000000000,17
NSIT,180281,185.77,185.83,186.905,184.73,1712289600000000000,4363
NSP,275034,105.47,105.8,106.28,104.68,1712289600000000000,5180
NSPR,19885,2.27,2.29,2.29,2.16,1712289600000000000,127
NSS,33308,25.36,25.34,25.39,25.31,1712289600000000000,242
NSSC,348222,40.32,40.82,41.79,40.03,1712289600000000000,6259
NSTS,1151,9.59,9.5898,9.59,9.5898,1712289600000000000,14
NSYS,13329,14.75,14.855,15,14.545,1712289600000000000,156
NTAP,1017124,105.35,105.05,105.46,104.17,1712289600000000000,23314
NTB,103955,31.27,31.43,31.545,31.11,1712289600000000000,2026
NTBL,35433,1.66,1.64,1.698,1.57,1712289600000000000,187
NTCT,1015388,20.63,20,20.63,19.88,1712289600000000000,10507
NTES,1110209,96.1,96.8,98.25,95.89,1712289600000000000,16556
NTEST.H,1960,25.05,25.05,25.05,25.05,1712289600000000000,42
NTEST.I,2240,25.06,25.0849,25.0849,25.06,1712289600000000000,44
NTG,6636,38.71,38.96,39.0399,38.69,1712289600000000000,159
NTGR,169722,15.23,15.02,15.23,14.7,1712289600000000000,2699
NTIC,43328,12,11.8,12.2,11.7,1712289600000000000,557
NTIP,1181,2.0801,2.12,2.12,2.0801,1712289600000000000,34
NTLA,879766,24.54,24.78,25.26,24.34,1712289600000000000,13759
NTNX,2462984,63.99,65.98,66.26,63.6225,1712289600000000000,29689
NTR,2053409,55.41,56.76,57.09,55.33,1712289600000000000,23493
NTRA,1541036,94.62,96.75,98.82,94.43,1712289600000000000,23259
NTRB,115002,4.36,4.57,5.05,4.355,1712289600000000000,668
NTRP,28554,3.85,4.01,4.19,3.85,1712289600000000000,116
NTRS,1257559,86.48,86.78,86.985,85.5,1712289600000000000,17242
NTRSO,22041,21.69,21.865,21.94,21.69,1712289600000000000,234
NTSE,11931,28.07,28.1198,28.2241,28.02,1712289600000000000,92
NTSI,26070,36.41,36.495,36.5653,36.41,1712289600000000000,98
NTST,499713,17.53,17.62,17.7,17.42,1712289600000000000,5643
NTSX,42282,41.7,42.18,42.2,41.7,1712289600000000000,584
NTWK,50916,2.89,2.93,2.95,2.84,1712289600000000000,251
NTZ,4462,6.25,6.3,6.3992,6.25,1712289600000000000,54
NTZG,7,31.8,31.8,31.8,31.8,1712289600000000000,3
NU,16048297,11.79,11.98,12.11,11.79,1712289600000000000,58182
NUAG,1291,20.6453,20.6,20.6453,20.6,1712289600000000000,19
NUBD,76011,21.7,21.695,21.74,21.69,1712289600000000000,322
NUDM,32570,30.55,30.6,30.7499,30.4429,1712289600000000000,341
NUDV,573,26.76,26.7433,26.76,26.7433,1712289600000000000,12
NUE,563712,198.73,200.97,201.465,197.96,1712289600000000000,14876
NUEM,13373,27.66,27.56,27.69,27.51,1712289600000000000,183
NUGO,26423,29.08,29.4,29.504,29.08,1712289600000000000,185
NUGT,3184496,37.22,39.25,39.53,36.83,1712289600000000000,22202
NUHY,101408,20.87,20.87,20.8792,20.8451,1712289600000000000,100
NUKK,106409,0.915,0.8933,0.9212,0.8701,1712289600000000000,307
NUKZ,3578,31.8,31.8591,31.9599,31.8,1712289600000000000,57
NULC,1050,42.38,42.5425,42.5425,42.38,1712289600000000000,12
NULG,44642,74.46,74.96,75.14,74.44,1712289600000000000,372
NULV,73692,38.04,38.21,38.275,37.85,1712289600000000000,355
NUMG,31834,43.1,43.34,43.555,43.03,1712289600000000000,204
NUMV,36064,33.35,33.6,33.6699,33.35,1712289600000000000,253
NURE,5404,29.74,29.93,29.96,29.705,1712289600000000000,59
NURO,14408,3.8701,3.83,3.9,3.73,1712289600000000000,124
NUS,621053,12.46,12.52,12.55,12.34,1712289600000000000,8440
NUSA,196,22.82,22.78,22.82,22.78,1712289600000000000,5
NUSB,1011,25.045,25.045,25.045,25.045,1712289600000000000,4
NUSC,159697,40.22,40.52,40.6277,40.0402,1712289600000000000,434
NUSI,30842,23.37,23.54,23.605,23.37,1712289600000000000,564
NUTX,10258420,0.08,0.0786,0.0855,0.076,1712289600000000000,15775
NUV,313503,8.61,8.58,8.62,8.57,1712289600000000000,727
NUVB,2070050,3.48,3.29,3.51,3.27,1712289600000000000,8275
NUVB.WS,17316,0.32,0.2805,0.32,0.2805,1712289600000000000,4
NUVL,892174,71.95,70.2,73.23,69.16,1712289600000000000,13391
NUW,50054,13.55,13.5,13.55,13.43,1712289600000000000,282
NUWE,53985,0.3731,0.3711,0.3899,0.37,1712289600000000000,98
NUZE,9406,1.25,1.31,1.3299,1.21,1712289600000000000,110
NVACR,114,0.1675,0.1675,0.1675,0.1675,1712289600000000000,1
NVACW,7696,0.0516,0.05035,0.0516,0.049,1712289600000000000,13
NVAX,3545050,4.39,4.42,4.54,4.315,1712289600000000000,20906
NVBT,3453,30.2601,30.35,30.35,30.2601,1712289600000000000,34
NVBW,0,29.2102,29.2102,29.2102,29.2102,1712289600000000000,0
NVCR,1389954,14.06,13.74,14.24,13.62,1712289600000000000,16479
NVCT,26018,7.82,7.78,7.89,7.595,1712289600000000000,436
NVD,3098559,5.46,5.32,5.58,5.26,1712289600000000000,4832
NVDA,39967846,868.66,880.08,884.81,859.26,1712289600000000000,788317
NVDD,58856,11.97,11.78,12.03,11.7251,1712289600000000000,259
NVDL,9793507,38.23,39.23,39.68,37.43,1712289600000000000,67668
NVDQ,2941380,4.96,4.835,5.07,4.785,1712289600000000000,4925
NVDS,970840,67.28,66.11,68.11,65.591,1712289600000000000,7106
NVDU,231486,60.42,62.31,62.899,59.4,1712289600000000000,2001
NVDX,578110,92.72,95.18,96.3983,91,1712289600000000000,5684
NVDY,543472,25.88,26.31,26.4326,25.65,1712289600000000000,6390
NVEC,9905,85.0601,85.23,86.375,84.51,1712289600000000000,796
NVEE,49445,96.05,95.44,96.32,95.12,1712289600000000000,1902
NVEI,2261274,32.07,32.17,32.21,32,1712289600000000000,21484
NVFY,34512,3,2.95,3.1,2.85,1712289600000000000,618
NVG,484495,11.88,11.85,11.882,11.84,1712289600000000000,1471
NVGS,120337,15.47,15.43,15.53,15.2775,1712289600000000000,2578
NVIR,218,28.7,28.9294,28.9294,28.7,1712289600000000000,6
NVMI,84349,177.93,179.11,182.395,175.9,1712289600000000000,3048
NVNI,2770,1.854,1.85,1.854,1.85,1712289600000000000,25
NVNO,28515,5.11,5.13,5.2,5.03,1712289600000000000,475
NVO,4997816,124.67,125.86,126.17,124.6,1712289600000000000,51631
NVOS,549857,0.465,0.449,0.47,0.4412,1712289600000000000,1573
NVR,12593,7801.38,7907.89,7921.76,7801.38,1712289600000000000,3624
NVRI,162969,8.62,8.57,8.71,8.56,1712289600000000000,2061
NVRO,334790,13.1,13.29,13.56,12.92,1712289600000000000,5704
NVS,1916901,95.3,95.79,95.93,95.13,1712289600000000000,25326
NVST,2029214,20.36,20.46,20.58,20.21,1712289600000000000,15312
NVT,964755,76.04,78.13,78.34,76,1712289600000000000,20156
NVTS,1604905,4.55,4.58,4.62,4.45,1712289600000000000,12885
NVVE,107222,0.728,0.72,0.74,0.71,1712289600000000000,534
NVVEW,16885,0.025,0.0289,0.0289,0.025,1712289600000000000,13
NVX,19539,2.7,2.61,2.73,2.5319,1712289600000000000,179
NWBI,632745,11.12,11.16,11.225,11.105,1712289600000000000,4448
NWE,205532,49.94,49.88,50.015,49.37,1712289600000000000,4683
NWFL,5112,25.45,25.38,25.585,25.05,1712289600000000000,165
NWG,3351651,7.11,7.15,7.16,7.09,1712289600000000000,4412
NWGL,71696,14.95,14.9,15.3,14.62,1712289600000000000,585
NWL,4312333,7.4,7.23,7.48,7.2,1712289600000000000,30845
NWLG,91,29.4593,29.4593,29.4593,29.4593,1712289600000000000,6
NWLI,3380,491.765,491.76,491.925,491.75,1712289600000000000,397
NWN,164207,36.53,36.41,36.65,36.11,1712289600000000000,4420
NWPX,35140,34.52,34.47,34.52,34.14,1712289600000000000,957
NWS,584753,26.39,26.46,26.64,26.34,1712289600000000000,9041
NWSA,2048666,25.54,25.66,25.805,25.5006,1712289600000000000,20519
NWTN,38947,6.9,7.5,7.52,6.85,1712289600000000000,1163
NWTNW,528,0.08,0.08,0.0801,0.08,1712289600000000000,7
NX,259170,37.73,38.33,38.87,37.73,1712289600000000000,3685
NXC,6669,13.41,13.26,13.41,13.26,1712289600000000000,47
NXDT,141526,6,6.11,6.12,5.82,1712289600000000000,1097
NXDTpA,3809,15.35,15.38,15.43,15.205,1712289600000000000,42
NXE,4307582,8.36,8.43,8.6099,8.23,1712289600000000000,14941
NXG,44739,41,41.05,41.5,40.9501,1712289600000000000,385
NXGL,31160,2.2259,2.15,2.2671,2.08,1712289600000000000,151
NXGLW,1002,0.5,0.5,0.5,0.5,1712289600000000000,3
NXJ,47496,12.01,12.02,12.03,12,1712289600000000000,233
NXL,531130,2.55,2.49,2.58,2.2,1712289600000000000,2454
NXLIW,5469,0.18025,0.3134,0.3134,0.18025,1712289600000000000,41
NXN,11218,11.64,11.57,11.66,11.51,1712289600000000000,74
NXP,71987,14.32,14.345,14.35,14.29,1712289600000000000,329
NXPI,1617576,240.25,241.01,241.52,238.85,1712289600000000000,32905
NXPL,1980,1.53,1.5,1.53,1.4948,1712289600000000000,27
NXPLW,105,0.65,0.65,0.65,0.65,1712289600000000000,5
NXRT,89719,30.92,31.35,31.47,30.62,1712289600000000000,1901
NXST,196881,167.88,167.46,169.32,166.8,1712289600000000000,7654
NXT,3105122,50,50.05,52.12,49.55,1712289600000000000,35004
NXTC,130418,2.12,2.18,2.27,2.12,1712289600000000000,496
NXTE,4082,31.95,32.135,32.25,31.95,1712289600000000000,18
NXTG,5797,77.61,78.03,78.2279,77.5797,1712289600000000000,104
NXTP,12899,0.6638,0.64,0.6855,0.6124,1712289600000000000,107
NXTT,16677,5.22,5.22,5.575,5.01,1712289600000000000,172
NXU,466909,0.655,0.63,0.6665,0.6215,1712289600000000000,1321
NYAX,787,25.86,25.86,25.86,25.385,1712289600000000000,30
NYC,601,6.1368,6.5499,6.5499,6.1368,1712289600000000000,34
NYCB,13210601,3.18,3.12,3.21,3.09,1712289600000000000,27754
NYCBpA,61219,17.16,17.14,17.5,17.14,1712289600000000000,464
NYCBpU,21311,32.2,32.16,32.37,32.07,1712289600000000000,356
NYF,68763,53.32,53.19,53.32,53.185,1712289600000000000,320
NYMT,557244,7.17,7.13,7.19,7.06,1712289600000000000,4541
NYMTL,2552,20.23,20.25,20.25,20.185,1712289600000000000,36
NYMTM,4745,23.3614,23.35,23.47,23.2701,1712289600000000000,56
NYMTN,1652,22.15,22.09,22.38,22.09,1712289600000000000,41
NYMTZ,8261,17.93,17.8762,18.0162,17.85,1712289600000000000,50
NYT,821579,43.19,43.16,43.42,42.92,1712289600000000000,11133
NYXH,19021,12.1,12.01,12.51,11.95,1712289600000000000,432
NZAC,2503,33.25,33.55,33.6,33.25,1712289600000000000,38
NZF,391645,11.96,11.94,11.96,11.93,1712289600000000000,1481
NZUS,1266,28.93,28.884,28.9367,28.884,1712289600000000000,3
O,4718583,52.19,53.01,53.16,51.97,1712289600000000000,76265
Op,16464,24.58,24.36,24.58,24.36,1712289600000000000,171
OABI,426016,5.35,5.31,5.35,5.235,1712289600000000000,3920
OABIW,3225,0.615,0.66,0.69,0.615,1712289600000000000,7
OACP,87016,22.52,22.51,22.53,22.5,1712289600000000000,233
OAEM,11217,30.05,30.1756,30.28,30.05,1712289600000000000,59
OAIA,143,22.1,22.095,22.1,22.095,1712289600000000000,3
OAIB,3,23.6301,23.6301,23.6301,23.6301,1712289600000000000,2
OAIM,19723,31.95,32.0779,32.14,31.95,1712289600000000000,42
OAKpA,7982,23.54,23.5501,23.61,23.47,1712289600000000000,64
OAKpB,2283,23.055,23.1,23.14,23.055,1712289600000000000,20
OAKU,2109,10.75,10.75,10.75,10.75,1712289600000000000,3
OAKUR,300,0.1401,0.1701,0.1701,0.1401,1712289600000000000,2
OAKUU,100,10.88,10.88,10.88,10.88,1712289600000000000,1
OAKUW,1013,0.016744,0.016744,0.016744,0.016744,1712289600000000000,5
OALC,22438,26.8,26.97,27.06,26.8,1712289600000000000,103
OARK,117593,12.22,12.27,12.29,12.09,1712289600000000000,1399
OB,43585,4.15,4.16,4.2,4.13,1712289600000000000,475
OBDC,1374681,15.39,15.47,15.48,15.34,1712289600000000000,7371
OBDE,12891,15.4,15.33,15.4237,15.2755,1712289600000000000,105
OBE,273005,8.43,8.52,8.6101,8.41,1712289600000000000,2465
OBIL,24333,49.78,49.785,49.8,49.78,1712289600000000000,93
OBIO,41490,4.9,4.89,4.95,4.8101,1712289600000000000,518
OBK,65685,29.76,29.96,30.07,29.33,1712289600000000000,1245
OBLG,260875,0.138,0.1324,0.138,0.13,1712289600000000000,548
OBND,290,25.7293,25.7047,25.7293,25.7047,1712289600000000000,3
OBOR,2,21.1229,21.1229,21.1229,21.1229,1712289600000000000,2
OBT,1903,45.57,46.09,46.54,45.57,1712289600000000000,84
OC,520027,169.81,172.66,173.65,169.81,1712289600000000000,11649
OCAX,46271,10.87,10.87,10.87,10.87,1712289600000000000,1
OCAXW,5740,0.0864,0.1,0.1,0.0864,1712289600000000000,44
OCCI,93211,7.08,7.16,7.2399,7.08,1712289600000000000,438
OCCIN,686,22.8504,22.88,22.88,22.85,1712289600000000000,10
OCCIO,200,23.92,23.978,23.978,23.92,1712289600000000000,2
OCEA,219137,2.57,2.645,2.805,2.53,1712289600000000000,1904
OCEAW,3550,0.1703,0.13,0.1703,0.13,1712289600000000000,21
OCEN,1101,22.145,22.1857,22.1857,22.13,1712289600000000000,4
OCFC,219305,15.44,15.44,15.49,15.33,1712289600000000000,3846
OCFCP,2334,24.55,24.6,24.6,24.4501,1712289600000000000,15
OCFT,4554,2.24,2.18,2.24,2.17,1712289600000000000,76
OCG,502,1.41,1.38,1.41,1.345,1712289600000000000,14
OCGN,20801099,1.58,1.83,1.91,1.55,1712289600000000000,34228
OCIO,65,31.7384,31.7384,31.7384,31.7384,1712289600000000000,3
OCN,6962,24.75,25.59,25.695,24.75,1712289600000000000,246
OCS,3994,11,11.16,11.2065,11,1712289600000000000,73
OCSL,324563,19.35,19.45,19.49,19.31,1712289600000000000,3633
OCTD,109,24.2647,24.2647,24.2647,24.2647,1712289600000000000,3
OCTH,650,24.1692,24.14,24.1692,24.14,1712289600000000000,14
OCTJ,1662,24.015,24.0448,24.0448,24.015,1712289600000000000,22
OCTO,59279,0.85,0.8352,0.85,0.826,1712289600000000000,298
OCTQ,773,23.965,23.9599,24,23.9599,1712289600000000000,8
OCTT,440,35.74,35.7809,35.7809,35.74,1712289600000000000,4
OCTW,12515,33.76,33.7827,33.81,33.76,1712289600000000000,31
OCTZ,0,35.8319,35.8319,35.8319,35.8319,1712289600000000000,0
OCUL,1418607,8.51,8.44,8.74,8.31,1712289600000000000,11858
OCUP,272560,1.93,1.91,1.94,1.83,1712289600000000000,976
OCX,1123,2.855,2.9,2.9,2.83,1712289600000000000,28
ODC,13890,70.09,71,71.5,70.05,1712289600000000000,530
ODD,763920,36.2,36.65,37.22,35.86,1712289600000000000,11757
ODDS,3,21.36,21.36,21.36,21.36,1712289600000000000,3
ODFL,740740,220.47,224.57,224.99,219.64,1712289600000000000,20847
ODP,235352,50.9,50.76,51.585,50.66,1712289600000000000,5785
ODV,157241,2.36,2.5,2.55,2.32,1712289600000000000,734
ODVWZ,500,0.66,0.66,0.66,0.66,1712289600000000000,1
OEC,336872,24.05,24.27,24.38,23.9,1712289600000000000,5622
OEF,200705,243.46,245.35,246.49,243.25,1712289600000000000,3550
OESX,28924,0.92,0.9,0.9299,0.9,1712289600000000000,145
OEUR,1193,29.35,29.43,29.4695,29.35,1712289600000000000,35
OFG,156061,35.61,35.82,36.06,35.6,1712289600000000000,2700
OFIX,193376,14.09,14.23,14.32,13.99,1712289600000000000,3222
OFLX,3374,70.22,70.15,70.22,70.15,1712289600000000000,275
OFOS,7233,29.6,29.5481,29.7317,29.5481,1712289600000000000,35
OFS,66207,10.09,9.83,10.1,9.75,1712289600000000000,592
OFSSH,4124,22.42,22.3093,22.44,22.3093,1712289600000000000,19
OGE,1479243,33.5,33.71,33.84,33.46,1712289600000000000,19182
OGEN,101461,1.2,1.16,1.27,1.16,1712289600000000000,699
OGI,1794785,2.1,2.12,2.145,2.02,1712289600000000000,5573
OGIG,16863,38.2699,38.4845,38.6518,38.21,1712289600000000000,96
OGN,2011362,17.8,17.86,18.015,17.52,1712289600000000000,19631
OGS,300591,63.57,63.72,63.81,62.73,1712289600000000000,5851
OHI,1474034,31.17,31.95,31.99,31.145,1712289600000000000,18937
OI,2434894,16.05,15.69,16.1,15.52,1712289600000000000,19545
OIA,60732,6.37,6.41,6.43,6.37,1712289600000000000,194
OIH,337839,344.91,349.35,351.24,343.86,1712289600000000000,6067
OII,1267949,25.08,25.2,25.54,24.82,1712289600000000000,11074
OILD,58148,12.8725,12.54,13.03,12.415,1712289600000000000,364
OILK,32076,49.58,49.51,49.895,49.42,1712289600000000000,525
OILT,1560,29.13,29.39,29.48,28.98,1712289600000000000,27
OILU,133364,51.76,52.64,53.1,50.7,1712289600000000000,1430
OIS,923443,6.25,6.44,6.47,6.2,1712289600000000000,8312
OKE,1978029,79.25,79.65,79.785,78.66,1712289600000000000,29840
OKTA,1255341,99.85,101.5,101.76,99,1712289600000000000,21764
OKYO,39562,1.46,1.4,1.4712,1.39,1712289600000000000,211
OLB,30715,0.57763,0.5674,0.5999,0.5512,1712289600000000000,92
OLED,151189,162.82,162.92,164.77,162.3,1712289600000000000,5344
OLK,167947,23.58,23.27,23.58,23.19,1712289600000000000,2430
OLLI,1179838,72.74,73.43,74.48,72.39,1712289600000000000,21592
OLMA,773387,10.81,10.7,11.2464,10.51,1712289600000000000,8472
OLN,616807,58.59,58.66,59.07,58.01,1712289600000000000,11676
OLO,964632,5.11,5.14,5.185,5.09,1712289600000000000,6516
OLP,37080,22.42,22.53,22.61,22.26,1712289600000000000,595
OLPX,5021751,1.71,1.64,1.71,1.59,1712289600000000000,19470
OM,1106291,2.13,2.05,2.3092,2.01,1712289600000000000,7290
OMAB,64467,83.9,85.25,85.97,83.68,1712289600000000000,2569
OMC,963228,92.95,92.62,93.43,91.78,1712289600000000000,19492
OMCL,312637,27.41,27.52,27.82,27.38,1712289600000000000,6520
OMER,440838,3.12,3.43,3.47,3.11,1712289600000000000,4041
OMEX,18653,3.87,3.98,4,3.87,1712289600000000000,211
OMF,1273457,48.63,49.1,49.51,48.55,1712289600000000000,18164
OMFL,374306,53.83,54.09,54.205,53.7351,1712289600000000000,2044
OMFS,15323,36.56,36.8111,36.9159,36.56,1712289600000000000,122
OMGA,223890,3.03,2.95,3.08,2.93,1712289600000000000,1928
OMH,178864,0.88,0.8805,0.9197,0.877,1712289600000000000,399
OMI,350752,26.67,26.88,27.02,26.52,1712289600000000000,7429
OMIC,26445,0.495,0.4825,0.495,0.4801,1712289600000000000,124
OMQS,105478,0.3218,0.2945,0.3297,0.28,1712289600000000000,257
ON,7565480,69.1,69.32,69.6699,68.112,1712289600000000000,82269
ONB,2650619,16.5,16.59,16.73,16.38,1712289600000000000,25984
ONBPO,5226,26.15,25.6522,26.24,25.61,1712289600000000000,65
ONBPP,6534,26,25.83,26,25.75,1712289600000000000,46
ONCO,170155,0.167,0.166,0.1673,0.16,1712289600000000000,366
ONCT,9343,8.81,8.65,8.81,8.325,1712289600000000000,139
ONCY,832581,1.21,1.15,1.25,1.145,1712289600000000000,1866
OND,51,28.1896,28.1896,28.1896,28.1896,1712289600000000000,2
ONDS,78994,1.06,1.07,1.1,1.05,1712289600000000000,420
ONEO,1106,113.8927,113.8927,113.8927,113.8927,1712289600000000000,10
ONEQ,314796,63.4,63.9,64.28,63.3855,1712289600000000000,2570
ONEV,49631,121.63,122.2953,122.38,121.63,1712289600000000000,831
ONEW,32573,26.77,26.91,26.93,26.08,1712289600000000000,1177
ONEY,10478,106.81,107.3165,107.4299,106.4301,1712289600000000000,168
ONFO,46851,0.42,0.393,0.42,0.39,1712289600000000000,85
ONFOW,8300,0.03,0.0449,0.0449,0.027,1712289600000000000,9
ONL,350922,3.3,3.26,3.32,3.24,1712289600000000000,2793
ONLN,10956,38.32,38.79,38.82,38.221,1712289600000000000,137
ONMD,599617,0.89,0.8,0.89,0.77,1712289600000000000,1720
ONMDW,6330,0.02,0.019899,0.02,0.019899,1712289600000000000,11
ONOF,3941,32.25,32.4625,32.4625,32.25,1712289600000000000,13
ONON,5651084,32.05,31.98,32.19,31.16,1712289600000000000,48733
ONTF,151903,7.08,6.95,7.1073,6.91,1712289600000000000,2444
ONTO,320570,185.58,188.59,190.28,184.62,1712289600000000000,8569
ONVO,36948,1.04,1.02,1.04,1.01,1712289600000000000,230
ONYX,228,11.3,11.3,11.3,11.3,1712289600000000000,5
OOMA,131310,8.1401,8.01,8.21,8.01,1712289600000000000,1399
OOTO,3508,15.56,15.8624,15.8624,15.56,1712289600000000000,39
OP,15686,2.92,2.83,2.97,2.8,1712289600000000000,362
OPAD,10097,7.37,7.3,7.85,7.3,1712289600000000000,641
OPAL,51193,4.91,4.9,4.9899,4.81,1712289600000000000,527
OPBK,14101,9.71,9.57,9.71,9.57,1712289600000000000,210
OPCH,504841,31.55,32.02,32.25,31.4502,1712289600000000000,9811
OPEN,13012651,2.72,2.7,2.76,2.67,1712289600000000000,24402
OPER,1652,100.2597,100.24,100.2597,100.24,1712289600000000000,22
OPFI,145487,2.42,2.41,2.45,2.39,1712289600000000000,1888
OPFI.WS,3100,0.084,0.0975,0.0975,0.0837,1712289600000000000,21
OPGN,653130,0.66,0.74,0.74,0.66,1712289600000000000,1507
OPHC,1841,4.13,4.11,4.18,4.11,1712289600000000000,23
OPI,546722,1.9,1.85,1.9,1.81,1712289600000000000,3808
OPINL,7676,10.99,10.9,10.99,10.8,1712289600000000000,143
OPK,4288416,1.36,1.35,1.37,1.334,1712289600000000000,12347
OPOF,9302,15.99,15.9,16.49,15.85,1712289600000000000,254
OPP,105723,8.41,8.41,8.44,8.37,1712289600000000000,717
OPPpA,4819,19.01,19.07,19.14,19.01,1712289600000000000,57
OPPpB,7137,20.06,20.01,20.06,19.94,1712289600000000000,100
OPRA,324395,14.99,15.25,15.37,14.902,1712289600000000000,3633
OPRT,352916,2.35,2.18,2.35,2.15,1712289600000000000,1731
OPRX,81348,11.13,11.37,11.5,10.9901,1712289600000000000,1670
OPT,4921,4.07,4,4.07,3.95,1712289600000000000,97
OPTN,378221,1.39,1.32,1.41,1.3,1712289600000000000,1884
OPTT,222654,0.261,0.261,0.261,0.255,1712289600000000000,496
OPTX,1613,3.62,3.5,3.77,3.5,1712289600000000000,67
OPXS,17949,7.49,7.25,7.49,6.99,1712289600000000000,144
OPY,22477,38.25,38.44,38.53,37.92,1712289600000000000,572
OR,1605932,16.15,16.36,16.585,16.07,1712289600000000000,10988
ORA,264029,63.77,63.73,64.54,63.4,1712289600000000000,6569
ORAN,246446,11.59,11.52,11.6,11.52,1712289600000000000,2723
ORC,619052,8.66,8.7,8.76,8.57,1712289600000000000,5534
ORCL,4899499,124.42,124.9,125.995,124.14,1712289600000000000,64930
ORGN,4807222,0.664,0.7717,0.7921,0.6,1712289600000000000,8502
ORGNW,703079,0.0313,0.05225,0.055,0.0313,1712289600000000000,190
ORGO,5333944,2.78,2.83,2.9,2.74,1712289600000000000,2787
ORGS,102918,0.5626,0.51875,0.58,0.46,1712289600000000000,252
ORI,1405393,30.67,30.94,30.96,30.645,1712289600000000000,13337
ORIC,352610,11.13,10.97,11.38,10.91,1712289600000000000,5208
ORLA,386810,3.88,3.99,4.03,3.8501,1712289600000000000,2279
ORLY,280131,1102.98,1117.56,1121.21,1102.98,1712289600000000000,16745
ORMP,174544,2.6,2.61,2.69,2.51,1712289600000000000,1116
ORN,346213,8.57,8.6,9.05,8.55,1712289600000000000,4604
ORRF,37449,25.9389,25.62,25.9389,25.52,1712289600000000000,780
OSA,9638,0.5407,0.57,0.590001,0.5407,1712289600000000000,28
OSBC,111225,13.51,13.49,13.74,13.46,1712289600000000000,1762
OSCR,1719357,13.99,14.4,14.53,13.99,1712289600000000000,15400
OSCV,50976,35.09,35.3,35.3295,35.0738,1712289600000000000,123
OSEA,9882,27.02,27.05,27.18,26.965,1712289600000000000,102
OSG,199772,6.38,6.36,6.4223,6.3,1712289600000000000,1945
OSIS,65598,140.51,142.37,142.84,139.23,1712289600000000000,2798
OSK,343269,125.09,127.15,127.695,125.09,1712289600000000000,8327
OSPN,169450,11.33,11.41,11.55,11.21,1712289600000000000,3611
OSS,108651,3.13,3.22,3.27,3.0701,1712289600000000000,725
OST,25589,0.467,0.471,0.4935,0.4501,1712289600000000000,142
OSUR,929517,5.79,5.96,6.05,5.77,1712289600000000000,8825
OSW,438932,12.77,13.02,13.15,12.77,1712289600000000000,3703
OTEX,425543,37.5,37.6,37.86,37.33,1712289600000000000,6123
OTIS,1595528,97.51,97.77,97.89,96.96,1712289600000000000,24033
OTLK,198467,9.5,9.26,9.61,9.0501,1712289600000000000,1867
OTLY,1021576,1.11,1.09,1.11,1.06,1712289600000000000,3754
OTRK,2565790,0.36,0.3393,0.39,0.32,1712289600000000000,3669
OTTR,165790,84.8,86.15,86.235,84.5,1712289600000000000,3854
OUNZ,1035263,22.18,22.45,22.52,22.16,1712289600000000000,1619
OUSA,27400,48.28,48.45,48.5499,48.13,1712289600000000000,298
OUSM,36759,41.35,41.57,41.66,41.3401,1712289600000000000,353
OUST,1962243,10.05,9.6,10.05,9.24,1712289600000000000,18677
OUST.WS,27426,0.0729,0.0751,0.089899,0.0722,1712289600000000000,41
OUST.WS.A,39623,0.0555,0.0959,0.11,0.0555,1712289600000000000,346
OUT,1253606,16.25,16.25,16.425,16.14,1712289600000000000,11580
OVB,19290,20.43,20.435,20.51,20.38,1712289600000000000,105
OVBC,1138,23.299,23.299,23.299,23.299,1712289600000000000,16
OVF,37085,24.36,24.4916,24.55,24.29,1712289600000000000,101
OVID,186042,3.14,3.25,3.35,3.06,1712289600000000000,948
OVL,601939,41.11,41.837,41.975,41.11,1712289600000000000,219
OVLH,229055,30.9413,31.1093,31.17,30.9413,1712289600000000000,138
OVLY,8268,23.5,23.44,23.5,23.33,1712289600000000000,246
OVM,5545,22,22.0118,22.07,21.97,1712289600000000000,90
OVS,16524,32.83,33.087,33.14,32.8,1712289600000000000,64
OVT,717510,21.69,21.9133,21.98,21.69,1712289600000000000,386
OVV,2162574,54.72,55.27,55.52,54.44,1712289600000000000,29327
OWL,4807864,19.02,19.28,19.37,18.995,1712289600000000000,32998
OWLT,17685,3.97,4.15,4.25,3.97,1712289600000000000,248
OWNS,19867,16.79,16.775,16.81,16.7738,1712289600000000000,68
OXBR,8522,1.09,1.09,1.105,1.05,1712289600000000000,46
OXBRW,8000,0.045,0.045226,0.045226,0.04,1712289600000000000,6
OXLC,1392859,5.11,5.14,5.15,5.11,1712289600000000000,3981
OXLCL,1068,23.96,24,24,23.9332,1712289600000000000,33
OXLCM,1603,25,25.04,25.04,25,1712289600000000000,18
OXLCN,3633,23.37,23.45,23.45,23.37,1712289600000000000,40
OXLCO,1221,22.3188,22.29,22.3188,22.2,1712289600000000000,26
OXLCP,2074,23.41,23.4736,23.5,23.41,1712289600000000000,19
OXLCZ,1823,23.13,23.13,23.13,23.09,1712289600000000000,27
OXM,390865,104.49,105.56,106,103.75,1712289600000000000,7189
OXSQ,290651,3.18,3.17,3.2,3.13,1712289600000000000,1657
OXY,12365326,68,69.25,69.58,67.56,1712289600000000000,114296
OXY.WS,349039,45.86,47.4,47.68,45.747,1712289600000000000,1913
OZ,6502,62.5,63.47,63.47,61.75,1712289600000000000,33
OZK,630293,43.47,44.18,44.325,43.36,1712289600000000000,12809
OZKAP,11270,17.0101,17.2,17.265,17.0101,1712289600000000000,61
PAA,3739657,18.28,18.56,18.63,18.26,1712289600000000000,17886
PAAA,163835,50.755,50.765,50.77,50.7499,1712289600000000000,343
PAAS,7968976,16.72,17.53,17.68,16.57,1712289600000000000,47445
PAB,5,41.4433,41.4433,41.4433,41.4433,1712289600000000000,4
PABD,1,52.4538,52.4538,52.4538,52.4538,1712289600000000000,1
PABU,487,56.29,56.14,56.29,56.14,1712289600000000000,21
PAC,70463,169.26,171.78,174.01,169.26,1712289600000000000,2323
PACB,4746257,3.27,3.35,3.43,3.22,1712289600000000000,16607
PACK,532620,7.71,7.69,7.83,7.605,1712289600000000000,6160
PAG,140001,152.68,153.37,154.11,152.08,1712289600000000000,5150
PAGP,2742069,19,19.3,19.32,18.98,1712289600000000000,15622
PAGS,2380453,13.59,13.47,13.68,13.43,1712289600000000000,15815
PAHC,62792,12.9,12.81,12.925,12.6675,1712289600000000000,1995
PAI,11907,11.99,11.9326,11.9949,11.93,1712289600000000000,75
PALC,9781,46.12,46.49,46.66,45.9851,1712289600000000000,118
PALI,214246,0.372,0.3695,0.3835,0.3637,1712289600000000000,1187
PALL,71220,91.92,92.2801,92.63,90.65,1712289600000000000,970
PALT,12176,3.21,3.27,3.3,3.1511,1712289600000000000,106
PAM,860344,43.34,46.6,47.34,43.34,1712289600000000000,10435
PAMC,2347,45.39,45.3739,45.39,45.275,1712289600000000000,36
PANL,176300,6.91,6.93,7.04,6.91,1712289600000000000,2422
PANW,3681760,265.78,269.01,269.7,265.25,1712289600000000000,77081
PAPI,20517,26.675,26.8,26.88,26.675,1712289600000000000,106
PAPL,12645,1.45,1.38,1.46,1.36,1712289600000000000,150
PAPR,709776,33.29,33.42,33.48,33.2766,1712289600000000000,940
PAR,210939,43.47,43.43,43.9468,43.11,1712289600000000000,5043
PARA,51436881,12.51,11.97,12.79,11.68,1712289600000000000,118049
PARAA,51660,22.8,23.33,23.37,22.3974,1712289600000000000,965
PARR,540598,39.73,39.49,40.2,38.99,1712289600000000000,8121
PASG,316810,1.36,1.43,1.45,1.35,1712289600000000000,1542
PATH,6714349,21.2,21.21,21.48,21.13,1712289600000000000,59105
PATK,91589,113.19,115.41,116.464,112.21,1712289600000000000,3552
PAUG,51404,35.09,35.23,35.32,35.09,1712289600000000000,228
PAVE,1109325,39.3,39.72,39.79,39.27,1712289600000000000,9339
PAVM,23004,2.23,2.2,2.3051,2.15,1712289600000000000,189
PAVMZ,810,0.03,0.03,0.03,0.03,1712289600000000000,4
PAVS,2212,1.69,1.69,1.82,1.69,1712289600000000000,30
PAWZ,3540,49.19,49.4236,49.5174,49.19,1712289600000000000,76
PAX,200802,14.33,14.35,14.515,14.25,1712289600000000000,2462
PAXS,245064,16.04,16.16,16.17,16.03,1712289600000000000,1161
PAY,351135,20.58,20.68,20.74,20.0713,1712289600000000000,7746
PAYC,622269,197.11,198.29,198.84,193.7,1712289600000000000,20529
PAYO,1772229,4.78,4.81,4.84,4.71,1712289600000000000,12608
PAYS,301847,4.52,4.345,4.6,4.29,1712289600000000000,2335
PAYX,2056089,120.01,122.38,122.4,119.87,1712289600000000000,40077
PB,369798,62.38,63.39,63.45,62.295,1712289600000000000,7858
PBA,1587235,35.64,35.84,35.865,35.505,1712289600000000000,7504
PBAP,14037,24.89,24.94,24.95,24.89,1712289600000000000,57
PBBK,8159,12.9,12.7,13,12.5,1712289600000000000,37
PBD,16284,13.9,13.92,13.9503,13.8,1712289600000000000,156
PBDC,16316,32.84,33.07,33.07,32.7801,1712289600000000000,193
PBE,12139,62.27,62.831,63.17,61.89,1712289600000000000,115
PBF,1232285,62.3,62.04,62.884,61.22,1712289600000000000,19831
PBFB,0,25.7216,25.7216,25.7216,25.7216,1712289600000000000,0
PBFS,15902,9.28,9.31,9.38,9.28,1712289600000000000,110
PBH,156865,69.65,69.15,69.98,69.07,1712289600000000000,3275
PBHC,469,12.22,12.22,12.22,12.22,1712289600000000000,26
PBI,1472914,4.13,3.98,4.17,3.98,1712289600000000000,6631
PBIpB,32487,18.58,17.96,18.6394,17.69,1712289600000000000,348
PBJ,28252,47.81,48.3028,48.305,47.81,1712289600000000000,235
PBJA,0,25.9584,25.9584,25.9584,25.9584,1712289600000000000,0
PBL,52,27.3748,27.3748,27.3748,27.3748,1712289600000000000,2
PBM,179224,1.04,0.985,1.04,0.9502,1712289600000000000,674
PBMR,2,25.2741,25.2741,25.2741,25.2741,1712289600000000000,2
PBMWW,12540,0.0723,0.0637,0.0839,0.0631,1712289600000000000,46
PBP,19273,22.29,22.47,22.48,22.29,1712289600000000000,183
PBPB,196480,10.71,10.75,10.97,10.545,1712289600000000000,4148
PBR,23338262,15.16,15.49,15.58,15.125,1712289600000000000,64065
PBR.A,7082249,14.84,15.08,15.22,14.79,1712289600000000000,33883
PBT,113402,12.94,12.9,13.16,12.8272,1712289600000000000,1017
PBTP,6850,25.09,25.095,25.11,25.09,1712289600000000000,29
PBUS,36930,51.47,51.95,52.0791,51.47,1712289600000000000,215
PBW,166527,22.14,22.05,22.25,21.81,1712289600000000000,1825
PBYI,405403,5.49,5.66,5.84,5.42,1712289600000000000,4151
PCAR,1391733,121.01,122.21,122.75,120.54,1712289600000000000,31953
PCB,5529,15.89,15.77,16.1,15.77,1712289600000000000,135
PCCE,115,9.81,9.81,9.81,9.81,1712289600000000000,4
PCEF,60613,18.55,18.55,18.6,18.52,1712289600000000000,333
PCF,216305,6.54,6.49,6.57,6.49,1712289600000000000,608
PCG,14376625,16.475,16.81,16.825,16.374,1712289600000000000,41542
PCGpA,1150,24.24,24.3,24.3,24.24,1712289600000000000,26
PCGpB,1035,20.5,20.5,20.5,20.44,1712289600000000000,8
PCGpC,1183,19,19.2,19.2,19,1712289600000000000,16
PCGpD,505,19.22,19.22,19.22,19.22,1712289600000000000,2
PCGpG,499,18.35,18.1353,18.35,18.1353,1712289600000000000,2
PCGpI,199,16.7278,16.7278,16.7278,16.7278,1712289600000000000,3
PCGG,31055,11.13,11.17,11.21,11.1,1712289600000000000,184
PCH,221994,45.32,45.25,45.49,44.98,1712289600000000000,4171
PCIG,1301,9.72,9.7849,9.8067,9.72,1712289600000000000,14
PCK,75995,5.63,5.64,5.65,5.6,1712289600000000000,364
PCM,36899,8.58,8.66,8.6876,8.58,1712289600000000000,257
PCN,206123,14.13,14.17,14.17,14.09,1712289600000000000,1048
PCOR,768607,77.62,77.88,78.53,77.55,1712289600000000000,13259
PCQ,42157,9.26,9.26,9.3112,9.26,1712289600000000000,111
PCRB,29327,48.09,48.011,48.09,48.011,1712289600000000000,3
PCRX,415395,28.37,28.16,28.45,27.94,1712289600000000000,7807
PCSA,922459,2.41,2.79,2.94,2.3,1712289600000000000,3480
PCT,759879,5.67,5.8,5.81,5.54,1712289600000000000,7645
PCTTW,2581,1.88,1.76,1.9,1.76,1712289600000000000,23
PCTY,259263,165.34,165.07,167.19,162.95,1712289600000000000,10282
PCVX,482685,62.74,63.99,64.88,62,1712289600000000000,10385
PCY,316826,20.31,20.38,20.405,20.25,1712289600000000000,1753
PCYO,30630,9.35,9.6,9.6562,9.35,1712289600000000000,629
PD,1043046,21.69,22.47,22.49,21.48,1712289600000000000,12991
PDBA,6708,35.85,36.19,36.19,35.81,1712289600000000000,96
PDBC,3837336,14.38,14.37,14.45,14.33,1712289600000000000,7312
PDCO,560724,26.3,26.25,26.57,26.19,1712289600000000000,8905
PDD,8614228,117.9,117.87,118.1344,116.17,1712289600000000000,47057
PDEC,57335,36.375,36.475,36.51,36.375,1712289600000000000,157
PDEX,6430,18.22,17.95,18.6,17.95,1712289600000000000,110
PDFS,72786,32.24,32.49,32.82,32.1987,1712289600000000000,2163
PDI,1359547,19.69,19.71,19.71,19.67,1712289600000000000,5820
PDLB,13214,8.38,8.33,8.38,8.2101,1712289600000000000,319
PDM,657164,6.48,6.6,6.68,6.4701,1712289600000000000,5379
PDN,9402,32.57,32.7666,32.8182,32.57,1712289600000000000,84
PDO,351267,13.21,13.17,13.24,13.16,1712289600000000000,1643
PDP,22767,96.06,97.44,97.7775,96.06,1712289600000000000,181
PDS,76559,75.49,76.01,76.27,74.67,1712289600000000000,1824
PDSB,904020,3.24,3.23,3.375,3.1707,1712289600000000000,5155
PDT,122859,11.56,11.54,11.6,11.51,1712289600000000000,800
PDX,73829,21.41,21.605,21.7,21.41,1712289600000000000,536
PEB,1061578,15.2,15.42,15.5299,15.13,1712289600000000000,9171
PEBpE,6387,21.07,21.1,21.212,21.05,1712289600000000000,38
PEBpF,2479,20.51,21.07,21.07,20.51,1712289600000000000,40
PEBpG,5192,20.77,20.69,20.83,20.51,1712289600000000000,69
PEBpH,7706,18.9,18.63,19.1,18.56,1712289600000000000,111
PEBK,1567,27.99,27.9,27.99,27.9,1712289600000000000,92
PEBO,215015,28.01,28.08,28.3,27.97,1712289600000000000,2544
PECO,408746,34.01,34.2,34.3,33.64,1712289600000000000,6048
PED,107317,0.82,0.8173,0.84,0.791,1712289600000000000,418
PEG,1892460,65.8,66.52,66.655,65.445,1712289600000000000,24903
PEGA,475783,60.67,62.1,62.31,60.67,1712289600000000000,10781
PEGR,34914,10.65,10.97,12.6,9.3,1712289600000000000,386
PEGRW,17181,0.079,0.0901,0.1,0.079,1712289600000000000,38
PEGY,2290753,0.0698,0.067,0.0699,0.0625,1712289600000000000,1756
PEJ,14933,45.34,45.73,45.8199,45.34,1712289600000000000,231
PEMX,0,50.581,50.581,50.581,50.581,1712289600000000000,0
PEN,489384,216.27,223.95,226.27,214.84,1712289600000000000,11618
PENN,3387389,17.39,17.36,17.55,17.2101,1712289600000000000,29051
PEO,52748,23.74,24.021,24.06,23.73,1712289600000000000,372
PEP,4412390,169.4,169.14,169.97,168.065,1712289600000000000,78687
PEPG,18884,11.37,11.89,11.91,11.33,1712289600000000000,558
PERF,20787,2.32,2.4,2.4199,2.32,1712289600000000000,195
PERI,265315,21.31,21.11,21.44,21.02,1712289600000000000,4417
PESI,58171,13,12.35,13,12.3182,1712289600000000000,984
PET,28451,1.98,2.11,2.12,1.98,1712289600000000000,229
PETQ,136970,18.57,18.39,18.75,18.0815,1712289600000000000,2683
PETS,398773,4.76,4.57,4.76,4.545,1712289600000000000,3661
PETV,42239,1.01,1.0419,1.0854,1.01,1712289600000000000,138
PETVW,400,0.0982,0.1,0.1,0.0982,1712289600000000000,3
PETZ,45422,1.25,1.22,1.2999,1.17,1712289600000000000,178
PEV,5001,0.778,0.78,0.78,0.76,1712289600000000000,59
PEX,1981,29.1,29.2898,29.3,29.1,1712289600000000000,25
PEXL,2759,48.79,48.9388,49.0099,48.695,1712289600000000000,34
PEY,287981,20.16,20.13,20.175,19.961,1712289600000000000,1964
PEZ,5010,93.4754,93.715,93.8599,93.4754,1712289600000000000,49
PFBC,71416,74.03,74.23,74.74,74.03,1712289600000000000,1778
PFC,95820,19.41,19.59,19.66,19.28,1712289600000000000,1782
PFD,16452,10.3,10.37,10.41,9.9602,1712289600000000000,118
PFE,39880542,26.56,26.66,26.7,26.35,1712289600000000000,161304
PFEB,11822,33.959,34.0691,34.109,33.9212,1712289600000000000,50
PFF,3509262,32.03,32.06,32.1399,31.975,1712289600000000000,10974
PFFA,195207,20.94,20.98,21.07,20.94,1712289600000000000,1125
PFFD,674510,20.02,20.02,20.1,20,1712289600000000000,1622
PFFL,727,10.26,10.2669,10.325,10.26,1712289600000000000,24
PFFR,16613,18.6,18.6458,18.71,18.6,1712289600000000000,89
PFFV,202727,23.6,23.61,23.67,23.5873,1712289600000000000,255
PFG,882362,84.28,84.51,84.87,84.04,1712289600000000000,15683
PFGC,1156909,69.73,70.3,70.76,69.59,1712289600000000000,17824
PFH,18004,20.35,20.46,20.56,20.32,1712289600000000000,200
PFI,10823,48.01,48.7,48.7445,48,1712289600000000000,76
PFIE,188462,1.84,1.82,1.87,1.76,1712289600000000000,584
PFIG,50169,23.3572,23.3234,23.3572,23.3,1712289600000000000,34
PFIS,7000,39.075,38.72,39.51,38.72,1712289600000000000,445
PFIX,64276,48.21,49.1,49.1,47.94,1712289600000000000,668
PFL,115602,8.54,8.54,8.55,8.52,1712289600000000000,347
PFLD,53982,21.26,21.23,21.26,21.1501,1712289600000000000,212
PFLT,281605,11.15,11.25,11.25,11.14,1712289600000000000,3070
PFM,25154,41.65,41.87,42.02,41.6361,1712289600000000000,149
PFMT,52724,2.71,2.72,2.74,2.7,1712289600000000000,457
PFN,306204,7.49,7.49,7.51,7.48,1712289600000000000,1619
PFO,6326,8.3,8.29,8.31,8.2802,1712289600000000000,50
PFRL,5487,50.6218,50.635,50.6405,50.62,1712289600000000000,79
PFS,923838,14.27,14.39,14.44,14.16,1712289600000000000,9768
PFSI,331142,87.98,89.11,89.74,87.94,1712289600000000000,6872
PFTA,27221,10.72,10.725,10.725,10.72,1712289600000000000,31
PFTAW,2491,0.058,0.0748,0.0748,0.0563,1712289600000000000,26
PFUT,27576,23.97,23.97,24.0405,23.97,1712289600000000000,13
PFX,949,43.43,43.96,43.96,42.65,1712289600000000000,18
PFXF,658144,17.51,17.52,17.57,17.47,1712289600000000000,1972
PG,5121197,155.29,156.1,157.06,154.69,1712289600000000000,84603
PGC,64318,23.51,23.54,23.81,23.4,1712289600000000000,1335
PGEN,515347,1.39,1.4,1.43,1.35,1712289600000000000,1874
PGF,92723,15.17,15.22,15.235,15.17,1712289600000000000,356
PGHY,25796,19.7,19.73,19.74,19.68,1712289600000000000,204
PGJ,19097,24.76,24.8,24.86,24.73,1712289600000000000,227
PGNY,417546,35.24,35.39,35.5587,35.12,1712289600000000000,9641
PGP,38333,7.59,7.55,7.6,7.54,1712289600000000000,327
PGR,3036045,210.24,211,212.045,209.28,1712289600000000000,37799
PGRE,1088414,4.46,4.57,4.58,4.42,1712289600000000000,4499
PGRO,1918,32.18,32.5457,32.66,32.18,1712289600000000000,17
PGRU,18978,3.78,3.72,3.82,3.66,1712289600000000000,192
PGSS,96518,11.39,11.38,11.39,11.38,1712289600000000000,12
PGSS.WS,54000,0.33,0.35,0.35,0.33,1712289600000000000,29
PGX,3361024,11.86,11.87,11.91,11.85,1712289600000000000,6573
PGY,934079,10.2,10.67,10.755,9.88,1712289600000000000,8366
PGYWW,41021,0.10951,0.1221,0.15,0.10951,1712289600000000000,67
PGZ,15763,10.19,10.2799,10.3,10.18,1712289600000000000,124
PH,484472,554.23,566.67,566.98,553.48,1712289600000000000,16710
PHAR,616,10.76,10.6,10.76,10.6,1712289600000000000,26
PHAT,1511008,10.7,11.03,11.065,10.39,1712289600000000000,16904
PHB,2108719,17.98,17.98,18.005,17.97,1712289600000000000,639
PHD,38936,9.66,9.67,9.685,9.655,1712289600000000000,193
PHDG,7018,36.3299,36.5196,36.535,36.24,1712289600000000000,89
PHEQ,42006,27,26.98,27.0396,26.9612,1712289600000000000,33
PHG,988167,20.09,20.08,20.2,20.02,1712289600000000000,8771
PHGE,303799,0.39,0.3797,0.4,0.365,1712289600000000000,625
PHI,28758,23.87,23.8,23.94,23.55,1712289600000000000,657
PHIN,561020,37.98,37.7,38.36,37.58,1712289600000000000,8743
PHIO,96948,0.709,0.689,0.718,0.675,1712289600000000000,324
PHK,513270,4.98,4.985,4.99,4.9645,1712289600000000000,985
PHM,1298977,114.1,116.35,116.64,113.865,1712289600000000000,21601
PHO,38934,65.07,65.55,65.71,65.015,1712289600000000000,1439
PHR,616305,22.01,21.79,22.42,21.64,1712289600000000000,11073
PHT,20912,7.6,7.58,7.635,7.56,1712289600000000000,139
PHUN,303464,7.8,7.6,7.91,7.5,1712289600000000000,3849
PHVS,53363,22,22.56,23.16,22,1712289600000000000,1079
PHX,45260,3.5,3.49,3.5,3.45,1712289600000000000,343
PHYD,8033,50.67,50.64,50.67,50.57,1712289600000000000,27
PHYL,8410,34.53,34.4944,34.5771,34.4944,1712289600000000000,90
PHYS,3789308,17.89,18.01,18.085,17.86,1712289600000000000,8228
PHYT,485,11.17,11.17,11.17,11.17,1712289600000000000,8
PHYT.WS,23956,0.0367,0.0511,0.06,0.0321,1712289600000000000,255
PI,142025,118.33,121.58,122.01,117.55,1712289600000000000,4316
PICB,13236,22.33,22.3296,22.3596,22.265,1712289600000000000,54
PICK,82458,42.53,42.62,42.71,42.31,1712289600000000000,1625
PID,121455,18.24,18.26,18.2871,18.11,1712289600000000000,335
PIE,26873,21.25,21.37,21.37,21.18,1712289600000000000,202
PIFI,16,91.2482,91.2482,91.2482,91.2482,1712289600000000000,4
PII,448111,95.99,97.27,97.49,95.6,1712289600000000000,8902
PIII,302004,0.8146,0.807,0.8182,0.7505,1712289600000000000,1232
PIK,71158,4.66,4.59,4.79,4.41,1712289600000000000,1081
PILL,83852,7.31,7.43,7.49,7.21,1712289600000000000,398
PIM,28810,3.17,3.16,3.17,3.15,1712289600000000000,106
PIN,31638,27.02,27.12,27.1299,26.97,1712289600000000000,321
PINC,810784,21.03,21.04,21.07,20.835,1712289600000000000,11074
PINE,23876,14.99,15.13,15.21,14.945,1712289600000000000,427
PINK,44794,29.97,30.31,30.3999,29.97,1712289600000000000,273
PINS,5939244,34.5,34.28,34.8,34.145,1712289600000000000,53073
PIO,4169,41.66,41.9,42.03,41.66,1712289600000000000,115
PIPR,69227,199.4,199.99,201.07,194.48,1712289600000000000,3223
PIRS,338408,0.1705,0.1718,0.1769,0.1705,1712289600000000000,417
PIT,141,50.64,50.7454,50.7454,50.64,1712289600000000000,12
PIXY,179742,2.55,2.5,2.57,2.4,1712289600000000000,1112
PIZ,4524,33.929,34.05,34.13,33.929,1712289600000000000,44
PJAN,444199,38.93,38.95,39.0075,38.84,1712289600000000000,192
PJBF,27,57.2338,57.2338,57.2338,57.2338,1712289600000000000,5
PJFG,3002,81.06,81.95,81.97,81,1712289600000000000,51
PJFM,195,52.5499,52.7662,52.7662,52.5499,1712289600000000000,1
PJFV,0,65.1908,65.1908,65.1908,65.1908,1712289600000000000,0
PJIO,621,54.28,54.6705,54.6705,54.28,1712289600000000000,16
PJP,155726,77.65,78.241,78.3191,77.5,1712289600000000000,1301
PJT,165909,94.94,96.62,96.62,94.74,1712289600000000000,4601
PJUL,28330,37.92,37.87,37.94,37.82,1712289600000000000,116
PJUN,9537,34.5,34.5048,34.532,34.49,1712289600000000000,34
PK,2397205,17.13,17.39,17.49,17.11,1712289600000000000,21043
PKB,21414,72.46,73.72,73.78,72.46,1712289600000000000,280
PKBK,18393,16.8,16.66,17,16.66,1712289600000000000,462
PKE,23249,16.08,16.07,16.27,15.8919,1712289600000000000,485
PKG,388436,187.92,187.67,188.965,186.88,1712289600000000000,12322
PKOH,10849,26.3099,25.85,26.3099,25.66,1712289600000000000,413
PKST,121320,14.97,14.97,15.82,14.63,1712289600000000000,1675
PKW,17754,106.17,107.01,107.36,106.17,1712289600000000000,222
PKX,86461,73.48,73.55,73.99,73.05,1712289600000000000,3600
PL,1233728,2.06,2.1,2.1,2.04,1712289600000000000,4546
PL.WS,2388,0.188949,0.172,0.188949,0.16,1712289600000000000,12
PLAB,354113,27.9,28.21,28.39,27.71,1712289600000000000,5287
PLAG,19660,0.2304,0.2463,0.2499,0.23,1712289600000000000,143
PLAO,100274,11.3,11.3,11.3,11.3,1712289600000000000,34
PLAOW,3041,0.0807,0.0791,0.0874,0.0791,1712289600000000000,81
PLAY,904692,64.9,64.62,65.66,64.2,1712289600000000000,17871
PLBC,1511,36.17,36.18,36.18,36.17,1712289600000000000,74
PLBY,429270,1.01,1.1,1.12,0.96,1712289600000000000,2101
PLCE,936428,8.98,8.46,9.02,8.36,1712289600000000000,10770
PLD,5099653,124.03,124.74,124.92,123.25,1712289600000000000,50113
PLDR,42304,30.47,30.5,30.5,30.47,1712289600000000000,11
PLG,651009,1.25,1.4,1.4495,1.22,1712289600000000000,1531
PLL,309722,13.03,12.77,13.12,12.59,1712289600000000000,4883
PLMI,802,11.15,11.14,11.15,11.14,1712289600000000000,33
PLMIW,100,0.44,0.44,0.44,0.44,1712289600000000000,1
PLMJ,40560,10.67,10.67,10.67,10.67,1712289600000000000,28
PLMJW,32487,0.09,0.1048,0.11,0.09,1712289600000000000,39
PLMR,147302,80.64,81.47,82.835,80.4,1712289600000000000,3794
PLNT,1356791,62.33,63.14,63.23,62,1712289600000000000,19959
PLOW,102548,23.84,24,24.0899,23.77,1712289600000000000,2026
PLPC,9890,129.3118,127.2,129.3118,125.25,1712289600000000000,637
PLRX,264778,14.5,14.65,14.98,14.273,1712289600000000000,3767
PLSE,125837,7.58,7.57,7.78,7.5,1712289600000000000,1736
PLTK,710652,6.86,6.89,6.915,6.805,1712289600000000000,7199
PLTM,57112,8.96,9.0233,9.05,8.91,1712289600000000000,265
PLTN,6435,10.73,10.75,10.76,10.73,1712289600000000000,26
PLTNR,341412,0.25,0.3295,0.33,0.24,1712289600000000000,832
PLTNU,120,10.79,10.79,10.79,10.79,1712289600000000000,1
PLTNW,6954,0.035,0.04,0.04,0.03,1712289600000000000,40
PLTR,38716824,22.42,22.96,23.32,22.3065,1712289600000000000,173942
PLUG,30415894,3,3.14,3.19,2.99,1712289600000000000,70008
PLUR,23913,4.91,5.49,5.6563,4.82,1712289600000000000,1608
PLUS,61103,76.02,76.22,76.71,75.64,1712289600000000000,2012
PLX,426732,1.22,1.17,1.23,1.17,1712289600000000000,1603
PLXS,82371,95.77,95.99,96.25,95.475,1712289600000000000,2248
PLYA,663699,9.45,9.53,9.6,9.45,1712289600000000000,8662
PLYM,127276,21.22,21.42,21.43,21.14,1712289600000000000,2136
PM,5119703,90.04,89.48,90.21,88.96,1712289600000000000,53344
PMAR,28156,36.5,36.6656,36.72,36.5,1712289600000000000,107
PMAY,17175,32.46,32.5002,32.5367,32.4501,1712289600000000000,43
PMCB,12120,2.4592,2.42,2.5,2.42,1712289600000000000,113
PMD,1597,2.84,2.88,2.89,2.81,1712289600000000000,38
PMEC,1087160,0.86,0.7599,0.90445,0.7401,1712289600000000000,3132
PMF,66597,9.11,9.13,9.18,9.1,1712289600000000000,216
PMGM,302,11.02,11.02,11.02,11.02,1712289600000000000,5
PML,148110,8.45,8.41,8.48,8.41,1712289600000000000,455
PMM,67988,5.9,5.9,5.92,5.89,1712289600000000000,284
PMN,48611,2.248,2.35,2.47,2.15,1712289600000000000,266
PMNT,550,3.31,3.34,3.34,3.31,1712289600000000000,17
PMO,135108,9.86,9.91,9.94,9.86,1712289600000000000,689
PMT,594390,14.27,14.4,14.42,14.18,1712289600000000000,4468
PMTpA,4359,23.5101,23.7,23.97,23.5101,1712289600000000000,41
PMTpB,6592,23.5,23.62,23.9121,23.5,1712289600000000000,61
PMTpC,7579,19.23,19.2,19.29,19.19,1712289600000000000,78
PMTS,10413,18.92,18.65,19.2,18.58,1712289600000000000,281
PMTU,10970,25.16,25.2,25.25,25.1501,1712289600000000000,60
PMVP,297378,1.6,1.6,1.62,1.56,1712289600000000000,2827
PMX,109040,7.43,7.36,7.46,7.33,1712289600000000000,372
PNBK,402,3.94,3.75,3.94,3.75,1712289600000000000,11
PNC,1874032,156.75,157.37,157.71,155.82,1712289600000000000,33516
PNF,21864,7.66,7.6,7.66,7.56,1712289600000000000,108
PNFP,303745,80.68,82.28,82.335,80.03,1712289600000000000,9446
PNFPP,7680,23.8876,23.85,23.89,23.65,1712289600000000000,79
PNI,13949,7.27,7.25,7.27,7.21,1712289600000000000,70
PNM,618324,36.92,37.2,37.37,36.56,1712289600000000000,7267
PNNT,265989,6.87,6.94,6.94,6.86,1712289600000000000,2021
PNOV,11813,35.38,35.51,35.55,35.38,1712289600000000000,109
PNQI,89827,39.66,40.14,40.32,39.66,1712289600000000000,4067
PNR,909607,82.79,83.57,84.22,82.745,1712289600000000000,18480
PNRG,2585,100.25,100.05,100.25,99.66,1712289600000000000,90
PNST,24509,2.93,3.11,3.14,2.93,1712289600000000000,340
PNST.WS,4911,0.3333,0.3333,0.3534,0.33,1712289600000000000,37
PNTG,99091,20.01,20.72,20.76,20.01,1712289600000000000,2206
PNW,505565,72.62,72.76,73.02,72.08,1712289600000000000,12312
POAI,24943,1.97,1.9157,2.0438,1.9157,1712289600000000000,171
POCI,2088,5.5351,5.6025,5.6025,5.5149,1712289600000000000,12
POCT,9196,37.33,37.43,37.47,37.33,1712289600000000000,125
PODC,13820,2.0731,2.11,2.21,2.0731,1712289600000000000,114
PODD,573062,163.05,165,165.97,161.68,1712289600000000000,13881
POET,104002,1.34,1.2,1.34,1.18,1712289600000000000,439
POLA,42851,0.5248,0.4841,0.535,0.482,1712289600000000000,162
POOL,247629,393.48,396.25,398.25,391.88,1712289600000000000,10333
POR,567423,41.01,41.35,41.4,40.705,1712289600000000000,8776
POST,447158,101.3,102,102.5,101.03,1712289600000000000,9684
POWA,1053,77.245,77.6283,77.7722,77.245,1712289600000000000,31
POWI,291427,67.76,68.86,69.3,67.76,1712289600000000000,7010
POWL,351268,131.66,138.22,142.78,131.31,1712289600000000000,9621
POWW,214095,2.69,2.66,2.76,2.66,1712289600000000000,2542
POWWP,748,25.66,25.36,25.66,25.36,1712289600000000000,17
PP,4254,26.33,26.47,26.56,26.33,1712289600000000000,159
PPA,102238,100.46,101.47,101.63,100.46,1712289600000000000,1904
PPBI,303013,22.59,22.61,22.771,22.41,1712289600000000000,5016
PPBT,70561,0.73,0.7,0.76,0.68,1712289600000000000,253
PPC,466616,34.83,35.08,35.1,34.71,1712289600000000000,9065
PPEM,2805,20.65,20.6924,20.6924,20.65,1712289600000000000,1
PPG,1061851,139.5,139.04,139.67,138.23,1712289600000000000,24377
PPH,42812,87.8,88.32,88.48,87.47,1712289600000000000,947
PPI,10690,32.03,32.3079,32.37,32.03,1712289600000000000,50
PPIE,18482,22.7,22.7734,22.7734,22.7,1712289600000000000,1
PPIH,3579,8.04,8.08,8.0873,7.9,1712289600000000000,50
PPL,4564805,27.16,27.22,27.27,26.93,1712289600000000000,28350
PPLT,228123,84.77,85.43,85.73,84.25,1712289600000000000,1705
PPSI,117309,4.38,4.39,4.49,4.29,1712289600000000000,1053
PPT,159097,3.48,3.47,3.49,3.465,1712289600000000000,426
PPTA,182556,4.87,4.76,4.87,4.65,1712289600000000000,1101
PPTY,5795,29.15,29.4083,29.42,29.121,1712289600000000000,53
PQDI,5,18.525,18.525,18.525,18.525,1712289600000000000,4
PR,7173931,17.75,17.93,18.07,17.71,1712289600000000000,33611
PRA,167104,12.34,12.4,12.525,12.29,1712289600000000000,3188
PRAA,97384,25.08,25.29,25.48,24.7,1712289600000000000,2372
PRAE,0,33.0093,33.0093,33.0093,33.0093,1712289600000000000,0
PRAX,229446,52.12,50.26,52.67,50.125,1712289600000000000,3988
PRAY,3037,27.42,27.3961,27.43,27.3391,1712289600000000000,23
PRCH,1085588,4.42,4.34,4.48,4.275,1712289600000000000,7921
PRCT,601177,45.97,47.04,48.53,45.68,1712289600000000000,9583
PRDO,650767,17.38,17.39,17.555,17.35,1712289600000000000,5391
PRE,97425,3.54,3.63,3.6469,3.47,1712289600000000000,324
PREpJ,4963,21.37,21.4,21.45,21.37,1712289600000000000,56
PREF,402748,18.03,18.04,18.04,18,1712289600000000000,704
PRENW,1054,0.006,0.006,0.006,0.006,1712289600000000000,1
PRF,440429,37.72,37.95,38.06,37.69,1712289600000000000,1784
PRFD,1926,49.06,49.1148,49.2,49.06,1712289600000000000,29
PRFT,180879,52.36,51.48,52.7899,51.21,1712289600000000000,4708
PRFX,18752,1.73,1.7,1.8016,1.7,1712289600000000000,130
PRFZ,144637,38.2,38.35,38.51,38.1,1712289600000000000,377
PRG,160913,32.91,33.34,33.465,32.91,1712289600000000000,4119
PRGO,870417,31.38,31.4,31.63,31.11,1712289600000000000,14346
PRGS,297633,50.94,50.87,51.39,50.86,1712289600000000000,8690
PRH,10194,25.88,26,26.01,25.7301,1712289600000000000,140
PRI,95148,247.08,246.67,249.68,246.52,1712289600000000000,3276
PRIFpD,410,22.92,22.89,22.92,22.89,1712289600000000000,5
PRIFpF,272,23.3016,23.3016,23.3016,23.3016,1712289600000000000,7
PRIFpG,100,23.79,23.79,23.79,23.79,1712289600000000000,1
PRIFpH,1829,23.11,23.13,23.13,23.055,1712289600000000000,26
PRIFpI,727,22.31,22.22,22.31,22.2,1712289600000000000,5
PRIFpJ,404,22.16,22.3,22.3,22.16,1712289600000000000,9
PRIFpK,2635,20.63,20.95,20.95,20.6,1712289600000000000,20
PRIFpL,3154,23.1,22.93,23.1,22.32,1712289600000000000,28
PRIM,702745,46.66,46.76,47.33,46.04,1712289600000000000,9992
PRK,26297,129.45,129.96,130.5,128.72,1712289600000000000,1499
PRKS,1497222,54.55,56.7,57.04,54.55,1712289600000000000,12685
PRLB,73837,33.97,34.26,34.61,33.97,1712289600000000000,2304
PRLD,17673,4.67,4.7,4.98,4.47,1712289600000000000,271
PRLH,338,10.92,11.05,11.05,10.92,1712289600000000000,13
PRM,414566,7.59,7.79,7.81,7.54,1712289600000000000,5286
PRME,838805,5.71,5.75,5.91,5.475,1712289600000000000,5992
PRMN,122,29.86,29.8345,29.86,29.8345,1712289600000000000,2
PRMW,717908,17.9,17.92,18.015,17.7,1712289600000000000,7613
PRN,11809,138.16,139.99,140.34,138.16,1712289600000000000,199
PRNT,17789,22.1,22.16,22.34,22.02,1712289600000000000,269
PRO,501880,37.54,37.86,38.705,37.445,1712289600000000000,5503
PROCW,400,0.066,0.089599,0.089599,0.066,1712289600000000000,4
PROF,13678,8.21,8.05,8.36,8.05,1712289600000000000,125
PROK,167846,1.42,1.49,1.5,1.4081,1712289600000000000,889
PROP,70791,11.2,11,11.68,10.82,1712289600000000000,705
PROV,4339,13.56,13.85,14.19,13.3155,1712289600000000000,47
PRPH,45638,6.67,6.8,6.9162,6.67,1712289600000000000,544
PRPL,461870,1.88,1.96,1.99,1.85,1712289600000000000,3251
PRPO,863,6.15,6.32,6.32,6.15,1712289600000000000,20
PRQR,85430,2.16,2.21,2.22,2.13,1712289600000000000,600
PRS,12393,25.06,25.1,25.17,25.06,1712289600000000000,150
PRSO,132145,1.4,1.42,1.44,1.38,1712289600000000000,599
PRST,1170329,0.1842,0.1665,0.19,0.1606,1712289600000000000,2202
PRSTW,6301,0.0155,0.02,0.02,0.0154,1712289600000000000,17
PRT,75045,4.3,4.24,4.39,4.21,1712289600000000000,317
PRTA,471664,23,23.37,23.82,22.23,1712289600000000000,8985
PRTC,12095,28.02,28.09,29.07,27.85,1712289600000000000,194
PRTG,5665,0.5,0.51,0.53,0.5,1712289600000000000,35
PRTH,19317,3.25,3.21,3.25,3.18,1712289600000000000,124
PRTS,504114,1.58,1.57,1.6,1.55,1712289600000000000,3244
PRU,1054241,115.43,115.71,116.33,115.09,1712289600000000000,22580
PRVA,652296,18.15,18.57,18.625,17.7001,1712289600000000000,8415
PRZO,3108460,0.7455,0.688,0.798,0.623,1712289600000000000,7353
PSA,437131,280.64,282.57,283.3,279.25,1712289600000000000,12714
PSApF,8414,24.06,24.15,24.19,24.0228,1712289600000000000,148
PSApG,34354,24.18,24.18,24.39,24.15,1712289600000000000,197
PSApH,13552,24.84,24.82,24.88,24.5201,1712289600000000000,203
PSApI,40894,22.56,22.53,22.6554,22.53,1712289600000000000,418
PSApJ,8370,21.41,21.25,21.41,21.25,1712289600000000000,93
PSApK,21683,21.57,21.56,21.585,21.51,1712289600000000000,135
PSApL,53411,21.39,21.32,21.4999,21.31,1712289600000000000,449
PSApM,6214,19.1,19.17,19.22,19,1712289600000000000,78
PSApN,14758,17.66,17.76,17.95,17.66,1712289600000000000,117
PSApO,15631,17.91,17.86,17.91,17.7827,1712289600000000000,101
PSApP,60001,18.71,18.63,18.84,18.58,1712289600000000000,296
PSApQ,5879,17.97,17.9501,18.08,17.9501,1712289600000000000,67
PSApR,23243,18.65,18.56,18.73,18.56,1712289600000000000,211
PSApS,12172,18.96,18.95,19.06,18.93,1712289600000000000,78
PSBD,17345,16.29,16.19,16.3299,16.06,1712289600000000000,200
PSC,3552,48.26,48.52,48.5893,48.26,1712289600000000000,70
PSCC,8478,36.11,36,36.11,35.7701,1712289600000000000,94
PSCD,438,103.75,103.9684,103.9684,103.75,1712289600000000000,12
PSCE,11473,57.53,58.09,58.385,57.47,1712289600000000000,176
PSCF,154,46.58,46.7692,46.7692,46.58,1712289600000000000,6
PSCH,13406,42.19,42.52,42.7033,42.19,1712289600000000000,126
PSCI,2573,124.278,124.94,124.996,124.278,1712289600000000000,110
PSCJ,459,24.45,24.4706,24.49,24.45,1712289600000000000,4
PSCM,331,74.65,74.7242,74.7242,74.65,1712289600000000000,8
PSCQ,0,25.0609,25.0609,25.0609,25.0609,1712289600000000000,0
PSCT,5262,45.22,45.26,45.41,45.1683,1712289600000000000,105
PSCU,395,50.49,50.4643,50.49,50.46,1712289600000000000,26
PSCW,141,23.65,23.7034,23.7034,23.65,1712289600000000000,4
PSCX,696,25.61,25.5554,25.61,25.5554,1712289600000000000,5
PSDM,1116,50.4681,50.4168,50.4681,50.4168,1712289600000000000,11
PSEC,1123664,5.42,5.45,5.46,5.405,1712289600000000000,6955
PSECpA,2924,18.92,19.01,19.01,18.5,1712289600000000000,54
PSEP,13410,36.29,36.38,36.4355,36.29,1712289600000000000,93
PSET,2489,66.6799,66.96,67.13,66.6552,1712289600000000000,41
PSF,14745,19.85,19.86,19.9,19.8399,1712289600000000000,112
PSFD,931,30.3102,30.3702,30.39,30.3102,1712289600000000000,5
PSFE,231427,16.13,16.03,16.32,15.99,1712289600000000000,4418
PSFE.WS,32304,0.0319,0.032,0.032,0.02621,1712289600000000000,31
PSFF,22632,26.88,26.93,26.9535,26.81,1712289600000000000,89
PSFJ,0,26.5993,26.5993,26.5993,26.5993,1712289600000000000,0
PSFM,1282,26.8,26.807,26.807,26.8,1712289600000000000,2
PSFO,152,26.94,26.9369,26.94,26.9369,1712289600000000000,2
PSH,9015,50.22,50.21,50.25,50.19,1712289600000000000,80
PSHG,114682,2.2,2.15,2.23,2.02,1712289600000000000,630
PSI,54162,55.71,56.25,56.58,55.41,1712289600000000000,686
PSIL,52364,1.53,1.4905,1.53,1.4801,1712289600000000000,224
PSK,67938,34.68,34.7,34.775,34.61,1712289600000000000,582
PSL,845,94.15,94.84,94.9058,94.15,1712289600000000000,24
PSLV,6094026,9,9.25,9.28,8.97,1712289600000000000,6556
PSMD,223623,27.01,27.03,27.04,26.9515,1712289600000000000,91
PSMJ,1726,26.13,26.1504,26.1504,26.13,1712289600000000000,21
PSMO,188,26.07,26.075,26.075,26.07,1712289600000000000,8
PSMR,244138,25.3935,25.4089,25.48,25.3935,1712289600000000000,75
PSMT,121114,82.21,82.94,83.155,81.99,1712289600000000000,3798
PSN,1044187,82.88,84.28,84.99,82.88,1712289600000000000,15511
PSNL,178575,1.42,1.39,1.42,1.37,1712289600000000000,1270
PSNY,1914556,1.54,1.56,1.58,1.5,1712289600000000000,6624
PSNYW,59088,0.179,0.1749,0.1799,0.16,1712289600000000000,89
PSO,211956,12.68,12.78,12.78,12.665,1712289600000000000,3390
PSP,13169,64.74,65.2953,65.65,64.74,1712289600000000000,213
PSQ,19431423,8.93,8.84,8.94,8.795,1712289600000000000,9916
PSQH,39445,4.86,4.8,4.9478,4.753,1712289600000000000,480
PSQH.WS,3144,0.65,0.65,0.65,0.65,1712289600000000000,10
PSR,1354,84.69,85.5005,85.5005,84.66,1712289600000000000,59
PST,54701,23.87,23.9024,23.9024,23.74,1712289600000000000,214
PSTG,2847130,52.81,53.79,53.87,52.185,1712289600000000000,30021
PSTL,101673,13.9,13.95,13.97,13.86,1712289600000000000,2087
PSTP,724,29.37,29.4049,29.45,29.37,1712289600000000000,12
PSTV,25012,1.9397,1.88,1.97,1.83,1712289600000000000,115
PSTX,438145,3.04,2.99,3.17,2.96,1712289600000000000,3813
PSWD,142,30.2272,30.3,30.3,30.2272,1712289600000000000,12
PSX,2182779,172.88,170.75,174.08,170.64,1712289600000000000,41791
PT,52044,1.11,1.1,1.11,1.1,1712289600000000000,90
PTA,160209,19.25,19.04,19.25,19,1712289600000000000,753
PTBD,19482,20.2453,20.257,20.2801,20.2453,1712289600000000000,102
PTC,499509,183.27,185.28,186.05,182.51,1712289600000000000,14440
PTCT,526043,27.31,27.02,27.72,26.46,1712289600000000000,8388
PTEC,6,31.26,31.26,31.26,31.26,1712289600000000000,3
PTEN,6682957,12.12,12.52,12.55,12.015,1712289600000000000,34315
PTEU,3406,26.3591,26.4753,26.4824,26.3591,1712289600000000000,28
PTF,52271,56.36,57.17,57.46,56.36,1712289600000000000,352
PTGX,395557,27.45,28,28.61,26.92,1712289600000000000,6798
PTH,6778,41.99,42.4,42.7014,41.7901,1712289600000000000,75
PTIN,3383,28.68,28.8301,28.9,28.68,1712289600000000000,31
PTIX,27231,1.59,1.61,1.665,1.52,1712289600000000000,96
PTL,75066,199.2,200.3147,200.63,199.2,1712289600000000000,63
PTLC,64707,46.89,47.34,47.47,46.89,1712289600000000000,588
PTLO,788611,12.9,13.06,13.1199,12.84,1712289600000000000,11236
PTMC,18576,35.1,35.36,35.4515,35.08,1712289600000000000,129
PTMN,126802,19.15,19.16,19.39,19.03,1712289600000000000,710
PTN,94463,1.75,1.76,1.7669,1.69,1712289600000000000,698
PTNQ,27505,68.12,68.34,68.59,68.0222,1712289600000000000,275
PTON,20300792,3.75,3.62,3.82,3.57,1712289600000000000,46640
PTPI,252831,0.9488,0.9251,0.954,0.92,1712289600000000000,838
PTRB,19978,41.15,41.1,41.15,41.0101,1712289600000000000,129
PTSI,13970,15.61,15.24,15.61,15.24,1712289600000000000,329
PTVE,277482,14.9,14.89,15.04,14.78,1712289600000000000,3939
PTY,680507,15.02,15.05,15.095,14.98,1712289600000000000,3107
PUBM,294770,23.22,23.69,23.87,23.22,1712289600000000000,5424
PUI,842,33.31,33.43,33.43,33.08,1712289600000000000,24
PUK,924647,18.19,18.26,18.35,18.13,1712289600000000000,6962
PULM,88038,1.7262,2.009,2.06,1.7262,1712289600000000000,301
PULS,960535,49.52,49.515,49.52,49.51,1712289600000000000,2155
PULT,25863,50.28,50.3,50.3,50.28,1712289600000000000,7
PUMP,2444019,8.5,8.6,8.605,8.36,1712289600000000000,14200
PUTD,1,22.1947,22.1947,22.1947,22.1947,1712289600000000000,1
PUTW,24652,32.86,33.1751,33.21,32.86,1712289600000000000,110
PVAL,130565,35.25,35.65,35.73,35.25,1712289600000000000,605
PVBC,19229,8.97,9,9.03,8.84,1712289600000000000,537
PVH,1596527,106.39,108.66,108.795,106.02,1712289600000000000,29932
PVI,1587,24.8,24.805,24.8076,24.8,1712289600000000000,19
PVL,50123,1.39,1.38,1.4,1.37,1712289600000000000,182
PW,25146,0.5725,0.561299,0.592899,0.5436,1712289600000000000,121
PWpA,952,3.4161,3.432,3.432,3.4161,1712289600000000000,4
PWB,26853,88.59,89.473,89.78,88.59,1712289600000000000,308
PWER,53,28.2846,28.2846,28.2846,28.2846,1712289600000000000,1
PWFL,720947,4.57,4.74,4.85,4.54,1712289600000000000,5911
PWM,52201,1.36,1.33,1.4263,1.32,1712289600000000000,338
PWOD,9224,18.69,18.91,19.16,18.69,1712289600000000000,299
PWP,393364,14.72,15.24,15.45,14.72,1712289600000000000,5671
PWR,652214,259.49,263.2,265,259.49,1712289600000000000,20300
PWS,147,29.07,29.07,29.07,29.07,1712289600000000000,8
PWSC,774583,20.79,21.06,21.135,20.57,1712289600000000000,9381
PWUP,5259,11.08,11.07,11.08,11.07,1712289600000000000,6
PWV,91152,56.13,56.58,56.67,56.13,1712289600000000000,314
PWZ,123736,24.71,24.58,24.71,24.53,1712289600000000000,373
PX,541245,8.34,8.4,8.425,8.305,1712289600000000000,3566
PXD,1882251,271,272.78,274.67,269.73,1712289600000000000,37626
PXDT,6001,2.46,2.49,2.675,2.32,1712289600000000000,118
PXE,91384,37.12,37.35,37.42,36.87,1712289600000000000,459
PXF,407628,49.32,49.4843,49.7,49.2972,1712289600000000000,393
PXH,82341,19.49,19.48,19.54,19.415,1712289600000000000,371
PXI,6099,50.3045,50.8994,51.009,50.3045,1712289600000000000,69
PXJ,8719,32.825,33.02,33.21,32.755,1712289600000000000,113
PXLW,251218,2.27,2.24,2.32,2.24,1712289600000000000,3165
PXMD,69850,0.4637,0.49,0.5335,0.462,1712289600000000000,252
PXS,6474,4.7,4.72,4.79,4.7,1712289600000000000,57
PXSAP,166,24.68,24.68,24.68,24.68,1712289600000000000,8
PXSAW,7499,1.4,1.2,1.4001,1.2,1712289600000000000,4
PY,2873,45.68,45.94,46,45.68,1712289600000000000,64
PYCR,593106,18.15,18.07,18.29,17.99,1712289600000000000,9908
PYLD,162451,25.52,25.51,25.535,25.49,1712289600000000000,781
PYN,13569,5.76,5.74,5.76,5.735,1712289600000000000,105
PYPD,548,4.7,4.825,4.825,4.7,1712289600000000000,15
PYPL,8062301,64.7,65.15,65.47,64.06,1712289600000000000,92456
PYPY,17253,18.48,18.57,18.95,18.48,1712289600000000000,232
PYXS,703632,4.95,5.46,5.48,4.95,1712289600000000000,4772
PYZ,2064,92.2,92.5351,92.5432,92.2,1712289600000000000,38
PZA,492415,23.58,23.5,23.615,23.5,1712289600000000000,1608
PZC,24948,7.58,7.53,7.58,7.53,1712289600000000000,183
PZG,407175,0.45,0.46,0.48,0.45,1712289600000000000,795
PZT,12777,22.68,22.6748,22.7199,22.6203,1712289600000000000,53
PZZA,881089,64.13,63.74,64.45,62.99,1712289600000000000,18932
QABA,5627,44.5,44.61,44.85,44.5,1712289600000000000,53
QAI,631207,30.71,30.79,30.86,30.71,1712289600000000000,183
QARP,1566,48.47,48.47,48.48,48.47,1712289600000000000,45
QAT,2704,17.35,17.34,17.35,17.34,1712289600000000000,161
QBTS,2321253,1.99,1.88,2,1.87,1712289600000000000,8071
QBTS.WS,15300,0.2,0.2,0.2109,0.185,1712289600000000000,48
QCLN,88327,33.09,33.19,33.49,32.8901,1712289600000000000,1389
QCLR,307,28.2501,28.25,28.2501,28.25,1712289600000000000,6
QCOM,5863321,170.18,171.53,172.24,169.71,1712289600000000000,92216
QCON,4996,42.28,42.3816,42.439,42.28,1712289600000000000,16
QCRH,59677,57.44,57.47,58.075,57.29,1712289600000000000,1490
QD,800712,2.425,2.42,2.485,2.395,1712289600000000000,4998
QDEC,26238,24.62,24.76,24.8189,24.62,1712289600000000000,101
QDEF,33870,62.66,63.1803,63.33,62.66,1712289600000000000,164
QDEL,805229,42.68,42.7,43.3,41.97,1712289600000000000,12788
QDF,23920,64.39,64.8,64.99,64.39,1712289600000000000,176
QDIV,1556,33.89,34.0536,34.0536,33.88,1712289600000000000,54
QDPL,40113,35.32,35.47,35.5285,35.2135,1712289600000000000,270
QDRO,5001,11.01,11.01,11.01,11.005,1712289600000000000,29
QDTE,17391,44.75,45.1516,45.35,44.75,1712289600000000000,786
QEFA,83939,74.94,75.16,75.4099,74.79,1712289600000000000,399
QEMM,404,57.5,57.8808,57.8808,57.5,1712289600000000000,16
QFIN,1233331,18.85,19.28,19.47,18.78,1712289600000000000,8589
QFLR,54665,25.75,26.02,26.1,25.75,1712289600000000000,374
QGEN,1632481,40.93,41.17,41.24,40.84,1712289600000000000,11826
QGRO,26018,83.08,83.98,84.26,83.08,1712289600000000000,292
QGRW,50902,40.7,40.98,41.16,40.6237,1712289600000000000,287
QH,38416,0.5801,0.5798,0.59,0.56,1712289600000000000,147
QID,30087800,9.28,9.12,9.32,9.005,1712289600000000000,26497
QINT,2710,49.07,49.2716,49.33,49.07,1712289600000000000,38
QIPT,98422,4.13,4.05,4.13,4.04,1712289600000000000,711
QIS,6365,25.24,25.2109,25.429,25.2,1712289600000000000,68
QJUN,24630,25.39,25.43,25.47,25.2701,1712289600000000000,118
QLC,6049,58.02,58.42,58.5299,58.02,1712289600000000000,63
QLD,4517894,84.54,85.97,87.01,84.25,1712289600000000000,63564
QLGN,64941,0.38,0.3952,0.407,0.36,1712289600000000000,210
QLI,61784,0.762,0.7801,0.874399,0.72,1712289600000000000,217
QLTA,47104,46.86,46.82,46.93,46.8,1712289600000000000,746
QLTY,90052,29.12,29.47,29.56,29.12,1712289600000000000,525
QLV,557,59.81,60.0876,60.0876,59.81,1712289600000000000,15
QLVD,11,26.3087,26.3087,26.3087,26.3087,1712289600000000000,3
QLVE,310,24.08,24.154,24.154,24.07,1712289600000000000,4
QLYS,315402,164.25,164.84,165.9,164.25,1712289600000000000,8207
QMAR,441113,26.22,26.4,26.487,26.22,1712289600000000000,533
QMCO,233963,0.5696,0.5594,0.5999,0.5482,1712289600000000000,814
QMID,41,27.3281,27.3281,27.3281,27.3281,1712289600000000000,3
QMOM,18283,57.86,58.74,58.83,57.86,1712289600000000000,130
QNCX,95293,1.03,1.025,1.06,1.01,1712289600000000000,208
QNRX,158949,0.88,0.8101,0.88,0.801,1712289600000000000,453
QNST,301872,16.84,17.1,17.13,16.83,1712289600000000000,4772
QOMOU,100,11.36,11.36,11.36,11.36,1712289600000000000,1
QOMOW,200,0.02,0.02,0.02,0.02,1712289600000000000,1
QOWZ,327,28.4749,28.5278,28.53,28.4749,1712289600000000000,12
QPFF,14008,37.12,36.91,37.12,36.875,1712289600000000000,157
QPX,2900,32.22,32.2633,32.3,32.18,1712289600000000000,52
QQEW,201152,120.62,121.71,122.2015,120.55,1712289600000000000,1084
QQH,19837,53.6,54.36,54.65,53.6,1712289600000000000,185
QQJG,225,22.0914,22.13,22.13,22.0914,1712289600000000000,17
QQMG,7536,29.9099,30.1329,30.24,29.9099,1712289600000000000,114
QQQ,54744634,436.78,440.47,443.17,435.96,1712289600000000000,508806
QQQA,3668,42.36,42.89,42.987,42.3497,1712289600000000000,51
QQQD,1669,24.3817,24.27,24.3817,24.27,1712289600000000000,10
QQQE,36166,86.76,87.49,87.9,86.7213,1712289600000000000,630
QQQI,79618,50.39,50.72,50.91,50.3,1712289600000000000,1337
QQQJ,74774,28.14,28.37,28.43,28.13,1712289600000000000,720
QQQM,2193789,179.75,181.24,182.32,179.42,1712289600000000000,28840
QQQN,1489,28.83,29.01,29.07,28.83,1712289600000000000,48
QQQS,5109,26.03,26.19,26.35,26.01,1712289600000000000,56
QQQU,819,26.16,26.6021,26.6021,26.1,1712289600000000000,23
QQQX,89507,23.7,23.83,23.95,23.7,1712289600000000000,686
QQQY,600595,15.71,15.78,15.79,15.6905,1712289600000000000,4267
QQXT,3862,88.2,89.0678,89.2101,88.2,1712289600000000000,75
QRFT,1089,47.9596,47.9,47.9596,47.9,1712289600000000000,44
QRHC,46020,9.5048,8.91,9.67,8.89,1712289600000000000,543
QRMI,3917,17.365,17.44,17.46,17.365,1712289600000000000,48
QRTEA,2597327,1.09,1.02,1.09,1,1712289600000000000,6487
QRTEB,713,4.24,4.24,4.24,4.24,1712289600000000000,64
QRTEP,28081,48.9,48.37,49.719,48.2901,1712289600000000000,733
QRVO,758909,112.67,115.09,115.17,112.67,1712289600000000000,18740
QS,4139780,5.85,5.98,6.1,5.83,1712289600000000000,20935
QSG,163995,3.87,3.84,4.01,3.81,1712289600000000000,718
QSI,451560,1.83,1.82,1.875,1.77,1712289600000000000,2634
QSIAW,3043,0.2601,0.262553,0.2649,0.26,1712289600000000000,19
QSML,16675,25.62,25.6015,25.67,25.59,1712289600000000000,35
QSPT,12398,24.8,24.91,24.9517,24.8,1712289600000000000,46
QSR,1379974,74.53,74.55,75.05,73.76,1712289600000000000,16789
QSWN,2,20.201,20.201,20.201,20.201,1712289600000000000,2
QTAP,5096,32.32,32.46,32.54,32.32,1712289600000000000,63
QTEC,74998,187.02,188.68,189.47,186.59,1712289600000000000,1595
QTI,115167,0.925,1.04,1.06,0.925,1712289600000000000,582
QTJA,1095,22.31,22.3904,22.3904,22.31,1712289600000000000,7
QTJL,2479,29.31,29.3571,29.3571,29.3,1712289600000000000,7
QTOC,1514,26.61,26.6148,26.63,26.61,1712289600000000000,10
QTR,114,27.81,27.8236,27.8236,27.81,1712289600000000000,3
QTRX,161242,21.56,21.48,22.15,21.37,1712289600000000000,3434
QTTB,12704,20.67,20.22,20.69,20.2,1712289600000000000,453
QTUM,33496,60.25,60.19,60.59,60,1712289600000000000,829
QTWO,750891,51.17,52.46,52.92,51.06,1712289600000000000,8296
QUAD,85447,5.27,5.14,5.27,5.1,1712289600000000000,776
QUAL,880932,161.21,162.54,163.07,160.91,1712289600000000000,13859
QUBT,1005663,0.9811,0.9524,0.9985,0.9524,1712289600000000000,2922
QUIK,383942,14.75,14.28,14.75,13.75,1712289600000000000,4882
QULL,138,41.21,41.7378,41.7378,41.21,1712289600000000000,3
QURE,795439,5.15,5.15,5.25,5.08,1712289600000000000,5749
QUS,16728,143.23,143.86,144.1176,143.22,1712289600000000000,202
QUVU,11014,24.03,24.1235,24.154,23.98,1712289600000000000,82
QVAL,27372,44.34,44.51,44.75,44.34,1712289600000000000,244
QVCC,23464,13.85,13.67,13.97,13.52,1712289600000000000,231
QVCD,13795,13.54,13.85,13.998,13.54,1712289600000000000,91
QVML,5685,30.83,30.89,30.99,30.82,1712289600000000000,83
QVMM,8,27.7489,27.7489,27.7489,27.7489,1712289600000000000,3
QVMS,233,24.96,25.0874,25.0874,24.96,1712289600000000000,11
QVOY,12519,28.72,28.8567,28.9,28.7159,1712289600000000000,36
QWLD,3412,117.78,118.4679,118.7126,117.78,1712289600000000000,36
QYLD,4388987,17.86,17.925,17.95,17.835,1712289600000000000,13443
QYLE,135,26.7319,26.7319,26.7319,26.7319,1712289600000000000,11
QYLG,13815,30.17,30.36,30.52,30.16,1712289600000000000,208
R,126792,117.86,118.6,119.34,117.86,1712289600000000000,3926
RA,218288,12.93,12.895,12.98,12.875,1712289600000000000,1224
RAAX,19014,27.31,27.55,27.72,27.31,1712289600000000000,156
RACE,186699,415.65,418.86,421.39,414.78,1712289600000000000,7772
RAFE,1550,34.71,34.6911,34.76,34.67,1712289600000000000,22
RAIL,41409,3.98,3.97,3.99,3.92,1712289600000000000,263
RAMP,866653,34.78,36.53,36.82,34.78,1712289600000000000,12188
RAND,806,13.79,13.75,13.79,13.75,1712289600000000000,21
RANI,41045,3.7,3.7,3.71,3.6,1712289600000000000,409
RAPT,536794,8.02,7.9,8.23,7.83,1712289600000000000,6867
RARE,981019,46.59,50.24,50.84,45.83,1712289600000000000,14138
RATE,383,19.87,19.9162,19.9162,19.8,1712289600000000000,10
RAVE,15354,2.13,2.18,2.19,2.12,1712289600000000000,112
RAVI,33262,75.17,75.1997,75.21,75.17,1712289600000000000,81
RAYA,2223450,0.58,0.707,0.75,0.578,1712289600000000000,7256
RAYC,31613,13.69,13.74,13.75,13.69,1712289600000000000,89
RAYD,14335,27.61,27.87,27.87,27.6,1712289600000000000,25
RAYE,4385,24.33,24.46,24.48,24.33,1712289600000000000,14
RAYJ,7948,25.2995,25.3439,25.35,25.275,1712289600000000000,16
RAYS,1008,11.575,11.61,11.68,11.575,1712289600000000000,28
RBA,1096732,75.51,74.69,76.15,74.65,1712289600000000000,12221
RBB,18897,17.46,17.46,17.66,17.46,1712289600000000000,303
RBBN,187327,3.02,2.99,3.05,2.964,1712289600000000000,1812
RBC,89338,263.25,266.03,266.16,263.25,1712289600000000000,2990
RBCAA,8380,50.45,50.37,50.45,49.655,1712289600000000000,436
RBKB,6814,7.99,8,8,7.9,1712289600000000000,33
RBLD,222,62.2046,62.2046,62.2046,62.2046,1712289600000000000,6
RBLX,5741546,36.53,37.82,37.895,36.52,1712289600000000000,56349
RBOT,1003261,0.252,0.274,0.32,0.235,1712289600000000000,2450
RBOT.WS,4293,0.085849,0.09,0.09,0.0817,1712289600000000000,12
RBT,228252,0.39,0.3873,0.397299,0.35,1712289600000000000,807
RC,1003432,8.77,8.8,8.84,8.69,1712289600000000000,7264
RCpE,7398,18.6,18.66,18.7661,18.6,1712289600000000000,70
RCAT,390366,0.83,0.781,0.85,0.78,1712289600000000000,754
RCB,3607,24.39,24.44,24.5,24.3899,1712289600000000000,32
RCC,6653,24.5,24.2,24.5,24.2,1712289600000000000,47
RCEL,95736,15.02,15.39,15.65,15.02,1712289600000000000,1955
RCFA,111,11.17,11.17,11.17,11.17,1712289600000000000,4
RCG,4004,1.67,1.6199,1.67,1.61,1712289600000000000,36
RCI,738229,39.26,39.62,40.1,39.015,1712289600000000000,8163
RCKT,403926,24.78,25.01,25.325,24.25,1712289600000000000,7873
RCKTW,9761,0.22,0.1811,0.231,0.1801,1712289600000000000,13
RCKY,9005,27.245,26.78,27.75,26.76,1712289600000000000,475
RCL,1917139,137,136.02,137.16,134.56,1712289600000000000,36490
RCM,1447574,12.53,12.47,12.705,12.445,1712289600000000000,13674
RCMT,95844,20.59,20.33,20.85,20.27,1712289600000000000,1830
RCON,542143,0.126,0.135,0.145,0.124,1712289600000000000,684
RCRT,5416,1.6,1.62,1.672,1.57,1712289600000000000,61
RCRTW,11000,0.008,0.007971,0.008,0.007971,1712289600000000000,5
RCS,125546,6.12,6.11,6.14,6.09,1712289600000000000,361
RCUS,496895,17.08,17.34,17.35,16.61,1712289600000000000,7475
RDCM,13488,10.59,10.7746,11,10.59,1712289600000000000,112
RDDT,2930772,45.68,47.56,48.29,44.68,1712289600000000000,32321
RDFI,661,22.86,22.8303,22.87,22.8303,1712289600000000000,15
RDFN,4885649,6.03,6.18,6.33,5.91,1712289600000000000,29297
RDHL,161829,0.54,0.529,0.54,0.5211,1712289600000000000,775
RDI,8932,1.8,1.79,1.81,1.79,1712289600000000000,103
RDIB,185,14,14,14,14,1712289600000000000,7
RDIV,49522,44.75,44.91,45.01,44.5752,1712289600000000000,427
RDN,1040408,31.39,31.37,31.78,31.28,1712289600000000000,12469
RDNT,280478,47.83,49.04,49.08,47.71,1712289600000000000,5661
RDOG,445,35.4691,35.6389,35.6389,35.4691,1712289600000000000,16
RDUS,221973,19.44,19.98,20.62,19.03,1712289600000000000,5007
RDVI,244719,23.9,24.16,24.22,23.9,1712289600000000000,1300
RDVT,64102,20.37,20.26,20.69,20.13,1712289600000000000,536
RDVY,711791,54.94,55.37,55.52,54.94,1712289600000000000,3995
RDW,82717,4.3,4.37,4.39,4.25,1712289600000000000,1198
RDW.WS,7226,0.48899,0.48,0.48899,0.451,1712289600000000000,18
RDWR,123489,18.15,17.82,18.305,17.77,1712289600000000000,1765
RDY,160245,73.39,73.76,74.13,73.31,1712289600000000000,2576
RDZN,4473,6.47,6.67,6.67,6.055,1712289600000000000,126
REAI,122,19.27,19.4003,19.4003,19.27,1712289600000000000,3
REAL,1873277,3.47,3.545,3.59,3.42,1712289600000000000,11412
REAX,1999738,3.72,4.09,4.29,3.69,1712289600000000000,12737
REBN,34082,1.14,1.21,1.23,1.1101,1712289600000000000,172
RECS,58868,30.56,30.81,30.9599,30.5027,1712289600000000000,389
REE,26516,4.65,4.75,5.029,4.5,1712289600000000000,329
REET,514074,22.89,23.07,23.105,22.83,1712289600000000000,3288
REFI,59082,15.57,15.72,15.73,15.55,1712289600000000000,939
REFR,20250,1.21,1.27,1.27,1.16,1712289600000000000,164
REG,905963,58.88,58.8,59.26,58.33,1712289600000000000,14385
REGCO,2816,23.37,23.29,23.405,23.29,1712289600000000000,48
REGCP,1794,24,24.1,24.25,24,1712289600000000000,22
REGL,33103,76.99,77.28,77.4299,76.72,1712289600000000000,457
REGN,363545,939.31,942.7,949.83,934.87,1712289600000000000,16121
REI,1335075,2.01,2.04,2.06,1.99,1712289600000000000,3703
REIT,7192,24.79,25.02,25.02,24.77,1712289600000000000,93
REK,13301,19.27,19.0488,19.27,19.0312,1712289600000000000,120
REKR,920076,2.46,2.41,2.54,2.37,1712289600000000000,7027
RELI,2934818,0.4441,0.4847,0.5751,0.4402,1712289600000000000,8027
RELL,97202,9,9.14,9.2,9,1712289600000000000,1668
RELX,2121821,41.67,42.04,42.075,41.51,1712289600000000000,11499
RELY,619560,20.49,20.65,20.96,20.25,1712289600000000000,8627
REM,139496,22.48,22.55,22.635,22.35,1712289600000000000,1302
REMX,63149,51.95,52.22,52.55,51.17,1712289600000000000,944
RENB,249197,2.72,2.76,2.94,2.59,1712289600000000000,1709
RENEW,6187,0.1288,0.1223,0.1386,0.1222,1712289600000000000,68
RENT,101327,5.28,4.78,5.28,4.46,1712289600000000000,1460
RENW,119,12.1799,12.19,12.19,12.1799,1712289600000000000,4
REPL,821247,7.47,7.36,7.72,7.095,1712289600000000000,11333
REPX,505868,28.24,28.57,28.79,27.6,1712289600000000000,9847
RERE,557911,1.75,1.66,1.79,1.62,1712289600000000000,2028
RES,1611745,7.87,7.98,8.045,7.795,1712289600000000000,9550
RETL,414044,9.32,9.46,9.56,9.31,1712289600000000000,2321
RETO,37849,1.35,1.24,1.41,1.2,1712289600000000000,395
REVB,32215,2.76,2.67,2.84,2.58,1712289600000000000,237
REVG,1482064,23.33,23.54,23.85,23.14,1712289600000000000,15668
REVS,3859,23.63,23.6399,23.6499,23.6027,1712289600000000000,58
REW,20307,7.0566,6.9503,7.0566,6.9099,1712289600000000000,135
REX,149162,58.17,58.8,59.44,57.4,1712289600000000000,4236
REXR,1077189,48.24,48.61,48.705,48.03,1712289600000000000,13316
REXRpB,5703,22.01,22.63,22.63,21.92,1712289600000000000,80
REXRpC,2073,21.45,21.48,21.505,21.45,1712289600000000000,14
REYN,369480,28.27,28.14,28.27,27.98,1712289600000000000,6750
REZ,34108,70.04,70.51,70.615,69.69,1712289600000000000,425
REZI,425543,21.87,21.85,22.04,21.71,1712289600000000000,5593
RF,3490358,19.94,20.15,20.185,19.79,1712289600000000000,32499
RFpB,22306,24.67,24.84,24.89,24.67,1712289600000000000,424
RFpC,17997,22.98,23.145,23.22,22.98,1712289600000000000,170
RFpE,8022,18.84,18.89,19,18.84,1712289600000000000,116
RFACR,1900,0.1195,0.1195,0.1195,0.1195,1712289600000000000,40
RFACW,16333,0.0185,0.02,0.02,0.0185,1712289600000000000,5
RFCI,2979,22.14,22.1,22.16,22.1,1712289600000000000,18
RFDA,1445,50.155,50.1537,50.155,50.03,1712289600000000000,16
RFDI,3938,63.51,63.73,63.8399,63.51,1712289600000000000,37
RFEM,1601,61.83,61.81,61.84,61.8,1712289600000000000,23
RFEU,260,64.86,64.62,64.86,64.62,1712289600000000000,6
RFFC,170,52.5459,52.5459,52.5459,52.5459,1712289600000000000,9
RFG,37911,49.47,50.01,50.19,49.47,1712289600000000000,279
RFI,98076,11.6,11.47,11.6737,11.465,1712289600000000000,456
RFIL,7148,3.03,3.06,3.0606,3.03,1712289600000000000,38
RFL,20786,1.7,1.73,1.745,1.7,1712289600000000000,101
RFM,14606,16.17,16.28,16.33,16.125,1712289600000000000,79
RFMZ,44912,14.09,14.16,14.21,14.08,1712289600000000000,182
RFV,13615,115.49,116.14,116.4339,115.49,1712289600000000000,189
RGA,283700,193.5,193.97,194.55,192.01,1712289600000000000,7022
RGC,2102,3.9,3.8999,3.9,3.7,1712289600000000000,55
RGCO,13790,21.54,21.29,21.54,21.29,1712289600000000000,408
RGEN,590003,173.27,173.81,178.18,173.135,1712289600000000000,11905
RGF,296519,0.379,0.362,0.38,0.351601,1712289600000000000,469
RGLD,731748,122.42,125.35,125.39,121.145,1712289600000000000,18850
RGLS,355953,2.52,2.54,2.6673,2.45,1712289600000000000,2111
RGNX,424739,18.94,19.17,19.875,18.6,1712289600000000000,7039
RGP,711703,11.36,12.03,12.13,11.35,1712289600000000000,10483
RGR,139784,46.47,46.62,47.015,46.47,1712289600000000000,4003
RGS,13632,7.35,6.95,7.57,6.9,1712289600000000000,338
RGT,13206,10.48,10.53,10.63,10.45,1712289600000000000,76
RGTI,4262926,1.35,1.34,1.38,1.31,1712289600000000000,12226
RGTIW,13172,0.2371,0.2389,0.2389,0.2309,1712289600000000000,39
RH,971323,280.25,278.3,283.65,278.15,1712289600000000000,22704
RHCB,4,45.3611,45.3611,45.3611,45.3611,1712289600000000000,2
RHE,5193,2.53,2.5922,2.6117,2.52,1712289600000000000,36
RHI,823588,75.46,75.3,76.07,75.08,1712289600000000000,16938
RHP,327392,114.62,115.69,115.98,114.62,1712289600000000000,6570
RHRX,20,14.4644,14.4644,14.4644,14.4644,1712289600000000000,1
RHTX,95,14.9105,14.9105,14.9105,14.9105,1712289600000000000,3
RICK,95679,55.54,54.71,56.14,54.45,1712289600000000000,2033
RIET,36144,10.15,10.13,10.15,10.0488,1712289600000000000,356
RIG,14222220,6.47,6.53,6.68,6.43,1712289600000000000,37666
RIGL,1411688,1.29,1.29,1.305,1.255,1712289600000000000,2760
RIGS,3963,22.66,22.74,22.7721,22.66,1712289600000000000,49
RILY,486276,23.15,23.38,24.04,22.54,1712289600000000000,6024
RILYG,13177,17.51,17.445,17.7,17.44,1712289600000000000,153
RILYK,18948,20.24,20.29,20.54,20.1,1712289600000000000,146
RILYL,8852,17.9599,18.04,18.4444,17.945,1712289600000000000,57
RILYM,57868,23.65,23.54,24,23.21,1712289600000000000,651
RILYN,19220,19.5,19.68,19.69,19.375,1712289600000000000,252
RILYO,11653,25.24,25.2,25.3,25.16,1712289600000000000,100
RILYP,11658,16.11,16.1,16.11,15.75,1712289600000000000,83
RILYT,16997,16.65,16.65,16.77,16.45,1712289600000000000,252
RILYZ,35889,14.81,15.04,15.05,14.78,1712289600000000000,365
RINC,2293,23.37,23.39,23.39,23.32,1712289600000000000,27
RINF,776,32.7388,32.7393,32.77,32.725,1712289600000000000,16
RING,153861,26.36,27.15,27.23,26.2,1712289600000000000,911
RIO,3896851,62.92,63,63.11,62.615,1712289600000000000,37384
RIOT,17417378,10,10.2,10.46,9.89,1712289600000000000,87083
RISN,11842,26.35,26.4677,26.56,26.35,1712289600000000000,54
RISR,17000,33.6104,33.6387,33.7031,33.5,1712289600000000000,36
RITA,59,18.5365,18.5365,18.5365,18.5365,1712289600000000000,12
RITM,2696087,10.76,10.86,10.895,10.74,1712289600000000000,12198
RITMpA,22607,24.93,24.95,25,24.93,1712289600000000000,171
RITMpB,19258,24.6,24.8,24.8,24.6,1712289600000000000,175
RITMpC,8067,22.94,22.9733,23.05,22.89,1712289600000000000,77
RITMpD,20851,23.46,23.373,23.46,23.34,1712289600000000000,178
RIV,39760,11.8,11.9,11.94,11.8,1712289600000000000,281
RIVpA,7986,23.9434,24.16,24.16,23.91,1712289600000000000,35
RIVN,37404440,10.11,10.1,10.365,10.01,1712289600000000000,133245
RJF,739333,127.88,128.29,129.65,127.85,1712289600000000000,16768
RJFpB,14212,25.05,25.055,25.07,25.04,1712289600000000000,30
RJMG,8297,21.67,21.7544,21.76,21.67,1712289600000000000,65
RKDA,22231,2.1,2.15,2.15,2.04,1712289600000000000,135
RKLB,9366369,3.91,3.8,3.92,3.78,1712289600000000000,27994
RKT,2138744,13,12.95,13.145,12.84,1712289600000000000,17437
RL,755210,171.69,171.95,173.93,171.645,1712289600000000000,16797
RLAY,1461523,6.86,6.9,7.22,6.75,1712289600000000000,11852
RLGT,97778,5.24,5.24,5.32,5.21,1712289600000000000,1130
RLI,192516,145.67,144.54,146.45,144.51,1712289600000000000,5507
RLJ,544645,11.65,11.67,11.705,11.6,1712289600000000000,5520
RLJpA,14749,24.93,24.92,24.94,24.84,1712289600000000000,135
RLMD,101194,4.72,4.59,4.8399,4.53,1712289600000000000,1195
RLTY,90027,14.22,14.11,14.29,14.1,1712289600000000000,488
RLX,1077830,1.83,1.8,1.83,1.79,1712289600000000000,3009
RLY,83390,28.25,28.3996,28.4444,28.209,1712289600000000000,379
RLYB,64882,1.59,1.63,1.65,1.56,1712289600000000000,453
RM,16396,24.03,24.66,24.84,23.98,1712289600000000000,1358
RMAX,351092,8.08,8.04,8.2646,7.83,1712289600000000000,3738
RMBI,3570,11.78,11.65,11.78,11.65,1712289600000000000,139
RMBL,67347,6.1,5.91,6.18,5.91,1712289600000000000,1028
RMBS,994047,59.11,60.06,60.54,59.08,1712289600000000000,17215
RMCF,23697,3.8175,3.6839,3.8175,3.59,1712289600000000000,117
RMCO,28181,1.13,1.17,1.2,1.09,1712289600000000000,217
RMCOW,15853,0.031,0.0357,0.0357,0.0307,1712289600000000000,40
RMD,749100,185.02,188.76,189.56,185.02,1712289600000000000,18459
RMGCW,1400,0.05,0.02,0.05,0.02,1712289600000000000,5
RMI,15271,15.9,15.81,15.9033,15.76,1712289600000000000,77
RMIF,1325,25.05,25.0926,25.0926,25.05,1712289600000000000,7
RMM,43013,14.83,14.81,14.85,14.79,1712289600000000000,217
RMMZ,12985,16.1801,16.25,16.42,16.1801,1712289600000000000,72
RMNI,338623,3.04,2.88,3.08,2.865,1712289600000000000,4852
RMPLp,389,25.09,25.1,25.1,25.09,1712289600000000000,3
RMR,62370,23.25,23.32,23.37,23.01,1712289600000000000,1602
RMT,130334,9.12,9.2,9.2293,9.12,1712289600000000000,728
RMTI,96796,1.7,1.65,1.7,1.64,1712289600000000000,581
RNA,976614,23.57,24.63,24.745,22.9429,1712289600000000000,11733
RNAC,242352,14.19,13.31,16.5,13.19,1712289600000000000,3285
RNAZ,94362,0.6689,0.64,0.67,0.64,1712289600000000000,334
RNEM,353,51.7928,51.7911,51.7928,51.7911,1712289600000000000,12
RNEW,71,22.93,22.93,22.93,22.93,1712289600000000000,4
RNG,708591,32.73,32.41,32.945,32.4,1712289600000000000,11262
RNGR,83278,11.55,11.85,11.89,11.54,1712289600000000000,2079
RNLX,388892,0.77,0.8,0.839,0.77,1712289600000000000,941
RNMC,4703,32.41,32.5141,32.53,32.41,1712289600000000000,49
RNP,67947,20.37,20.29,20.4111,20.28,1712289600000000000,567
RNR,377614,225.7,222.89,227.32,221.655,1712289600000000000,9892
RNRpF,7082,24.48,24.53,24.58,24.4156,1712289600000000000,123
RNRpG,17359,18.49,18.5,18.66,18.49,1712289600000000000,175
RNRG,7592,9.6236,9.64,9.67,9.62,1712289600000000000,59
RNSC,986,28.21,28.05,28.21,28.05,1712289600000000000,15
RNST,153677,29.74,29.95,30.01,29.5,1712289600000000000,2680
RNW,547565,5.99,5.86,5.99,5.83,1712289600000000000,5107
RNWZ,0,20.7327,20.7327,20.7327,20.7327,1712289600000000000,0
RNXT,23645,1.3,1.155,1.35,1.13,1712289600000000000,125
ROAD,384656,56.3,57.47,57.645,56.3,1712289600000000000,7061
ROAM,88,23.4067,23.4067,23.4067,23.4067,1712289600000000000,4
ROBO,47876,56.37,56.71,56.99,56.37,1712289600000000000,771
ROBT,75434,43.9,43.94,44.1,43.6,1712289600000000000,800
ROCK,88070,77.52,78.42,78.43,77.52,1712289600000000000,2689
ROCLW,1040,0.0801,0.0801,0.0801,0.0801,1712289600000000000,3
RODE,1674,27.5,27.65,27.68,27.48,1712289600000000000,8
RODM,121759,27.62,27.76,27.79,27.6,1712289600000000000,846
ROE,14174,28.55,28.7044,28.755,28.55,1712289600000000000,26
ROG,85111,116.7,116.5,118.07,115.84,1712289600000000000,2996
ROIC,1835067,11.88,12.26,12.35,11.88,1712289600000000000,12648
ROIS,0,50.2884,50.2884,50.2884,50.2884,1712289600000000000,0
ROIV,5855121,11.4,11.74,11.78,11.28,1712289600000000000,28512
ROK,597470,278.48,279.24,280.315,275.93,1712289600000000000,18652
ROKT,394,44.0252,44.0252,44.0252,44.0252,1712289600000000000,31
ROKU,5189302,59.91,59.83,60.6,58.4,1712289600000000000,61387
ROL,1465454,44.69,45.37,45.48,44.62,1712289600000000000,21605
ROM,181390,58.87,59.55,60.09,58.5,1712289600000000000,439
ROMA,69110,0.97,0.9563,1.03,0.9472,1712289600000000000,289
ROMO,2384,28.67,28.685,28.74,28.65,1712289600000000000,21
ROOF,1083,19.1,19.2135,19.22,19.1,1712289600000000000,19
ROOT,1074760,70.72,82.9,83.81,70.2,1712289600000000000,19955
ROP,338801,537.52,543.01,545.805,536.87,1712289600000000000,13504
RORO,326,17.79,17.7043,17.79,17.7043,1712289600000000000,11
ROSC,152,40.5,40.5398,40.5398,40.5,1712289600000000000,8
ROST,1529040,140.14,139.53,140.57,139.2,1712289600000000000,29495
ROUS,13011,47.21,47.45,47.526,47.1861,1712289600000000000,92
ROYA,36,26.5869,26.5869,26.5869,26.5869,1712289600000000000,5
RPAR,55881,19.06,19.0927,19.13,19.06,1712289600000000000,223
RPAY,384633,10.13,10.07,10.2,10.03,1712289600000000000,3707
RPD,404594,47.98,48.76,48.99,47.71,1712289600000000000,6577
RPG,308979,35.94,36.35,36.49,35.92,1712289600000000000,2051
RPHM,89328,1.7224,1.71,1.75,1.66,1712289600000000000,513
RPHS,9251,9.62,9.63,9.66,9.59,1712289600000000000,55
RPID,22816,0.975,0.9999,1.01,0.975,1712289600000000000,97
RPM,771545,112.06,112.91,113.7,112.06,1712289600000000000,17076
RPRX,2987813,28.67,29.19,29.535,28.57,1712289600000000000,29291
RPTX,97170,3.89,3.98,4.12,3.815,1712289600000000000,985
RPV,126966,86.39,86.7,86.93,86.07,1712289600000000000,1878
RQI,286377,11.58,11.57,11.65,11.56,1712289600000000000,1427
RR,150884,1.68,1.75,1.8,1.62,1712289600000000000,655
RRAC,68616,11.2,11.19,11.2,11.19,1712289600000000000,288
RRAC.WS,24723,0.23,0.2798,0.2999,0.23,1712289600000000000,127
RRBI,4708,48.36,48.3,48.55,48.3,1712289600000000000,334
RRC,2752763,34.75,35.03,35.22,34.29,1712289600000000000,19169
RRGB,1099861,6.56,6.34,6.67,6.16,1712289600000000000,8284
RRR,415512,59.8,61.55,61.67,59.8,1712289600000000000,7349
RRX,518881,173.44,172.4,175.385,172.27,1712289600000000000,8353
RS,182930,336.26,340.04,340.06,334.8,1712289600000000000,6729
RSBT,10424,17.95,18.1271,18.21,17.95,1712289600000000000,71
RSEE,805,27.535,27.5984,27.66,27.535,1712289600000000000,6
RSF,19306,15.63,15.57,15.6695,15.5,1712289600000000000,124
RSG,735631,187.48,188.4,188.48,186.38,1712289600000000000,19798
RSHO,433,35.8501,35.8554,35.8554,35.8501,1712289600000000000,15
RSI,2261780,6.8,7.03,7.07,6.8,1712289600000000000,11074
RSKD,869479,5.46,5.24,5.5,5.21,1712289600000000000,7249
RSLS,405274,0.168,0.1683,0.1738,0.161,1712289600000000000,764
RSP,5696976,165.59,166.39,166.83,165.2,1712289600000000000,65239
RSPC,4579,29.25,29.3091,29.3714,29.19,1712289600000000000,71
RSPD,67150,48.84,49.17,49.24,48.84,1712289600000000000,263
RSPE,2006,25.35,25.38,25.38,25.32,1712289600000000000,31
RSPF,10730,62.28,62.9,62.9204,62.28,1712289600000000000,150
RSPG,100993,85.52,86.0834,86.34,84.97,1712289600000000000,940
RSPH,50861,30.58,30.78,30.8887,30.56,1712289600000000000,353
RSPM,29563,35.87,36.08,36.1,35.75,1712289600000000000,162
RSPN,39412,46.67,47.05,47.135,46.6589,1712289600000000000,293
RSPR,34285,31.65,31.9458,31.9879,31.5802,1712289600000000000,139
RSPS,35167,32.08,32.11,32.15,31.99,1712289600000000000,236
RSPT,467886,34.47,34.68,34.84,34.41,1712289600000000000,3302
RSPU,25269,55.82,56.0519,56.11,55.47,1712289600000000000,333
RSSB,18411,21.8349,21.99,22.08,21.8349,1712289600000000000,123
RSSS,53537,3.28,3.35,3.43,3.12,1712289600000000000,334
RSST,18959,23.02,23.47,23.6283,22.95,1712289600000000000,198
RSVR,24743,8.16,8.03,8.23,8.01,1712289600000000000,515
RSVRW,19830,0.99,0.99,0.99,0.99,1712289600000000000,20
RTAI,203,20.61,20.63,20.63,20.61,1712289600000000000,5
RTC,219427,1.1,1.1,1.28,0.96,1712289600000000000,722
RTH,3185,205.548,205.77,206.39,205.548,1712289600000000000,193
RTO,2466461,29.09,30.18,30.62,29.03,1712289600000000000,18672
RTX,10216540,99.45,101.69,101.75,99.45,1712289600000000000,96804
RUFF,10645,24.59,24.6872,24.78,24.5899,1712289600000000000,23
RULE,1007,21.9,22.02,22.02,21.9,1712289600000000000,15
RUM,2686029,6.65,6.43,6.65,6.3,1712289600000000000,15082
RUMBW,11189,1.83,1.81,1.84,1.71,1712289600000000000,55
RUN,8229143,11.82,11.83,12.1,11.45,1712289600000000000,57175
RUNN,32752,30.335,30.5,30.5333,30.335,1712289600000000000,142
RUSHA,321746,52.03,52.1,52.48,51.65,1712289600000000000,6237
RUSHB,8160,51.08,50.99,51.15,50.78,1712289600000000000,247
RVER,313395,24.7789,24.8813,24.93,24.67,1712289600000000000,288
RVLV,512598,19.56,19.3,19.63,19.12,1712289600000000000,7198
RVMD,723849,30.09,31.27,31.35,29.55,1712289600000000000,10315
RVMDW,1615,0.2489,0.1896,0.2489,0.1513,1712289600000000000,18
RVNC,1263348,4.37,4.41,4.47,4.33,1712289600000000000,8810
RVNU,21508,25.36,25.24,25.36,25.24,1712289600000000000,52
RVP,222395,1.13,1.08,1.13,1.07,1712289600000000000,507
RVPH,143759,3.6,3.58,3.6066,3.427,1712289600000000000,1217
RVPHW,33323,0.6001,0.6,0.7,0.6,1712289600000000000,42
RVRB,10,27.1817,27.1817,27.1817,27.1817,1712289600000000000,1
RVSB,16400,4.7,4.69,4.7,4.59,1712289600000000000,218
RVSN,826352,1.76,1.74,1.82,1.72,1712289600000000000,3642
RVSNW,12444,0.1797,0.17,0.18,0.151,1712289600000000000,60
RVT,180738,14.64,14.82,14.86,14.615,1712289600000000000,942
RVTY,643817,101.62,102.28,103.21,101.17,1712289600000000000,15761
RVYL,12921,2.72,2.56,2.72,2.56,1712289600000000000,138
RWAY,172562,12.37,12.32,12.37,12.26,1712289600000000000,2676
RWAYL,3290,24.95,24.986,25.0199,24.95,1712289600000000000,20
RWAYZ,2115,25.33,25.32,25.33,25.315,1712289600000000000,20
RWJ,125138,41.26,41.37,41.5708,41.17,1712289600000000000,730
RWK,22193,112.11,112.93,113.1,112.11,1712289600000000000,247
RWL,103828,92.01,92.59,92.87,92.01,1712289600000000000,830
RWM,1768757,20.81,20.67,20.83,20.56,1712289600000000000,5797
RWO,93192,41.4,41.65,41.71,41.28,1712289600000000000,1027
RWOD,3338,9.05,9.2266,9.35,8.05,1712289600000000000,62
RWODR,3100,0.22,0.22,0.22,0.22,1712289600000000000,4
RWODW,5814,0.0612,0.06,0.0612,0.06,1712289600000000000,10
RWR,167482,90.7,91.42,91.55,90.36,1712289600000000000,1602
RWT,1558349,6.08,6.19,6.2,6.0447,1712289600000000000,6316
RWTpA,6564,24.69,24.72,24.72,24.55,1712289600000000000,34
RWTN,2632,25.55,25.5999,25.6,25.55,1712289600000000000,24
RWX,35616,25.45,25.49,25.5398,25.4,1712289600000000000,512
RXD,3667,11.02,10.8646,11.0201,10.8465,1712289600000000000,44
RXI,918,163.3636,163.3636,163.3636,163.3636,1712289600000000000,52
RXL,3962,98.56,99.6045,99.6045,98.45,1712289600000000000,51
RXO,665839,21.19,21.5,21.75,21.19,1712289600000000000,5813
RXRX,3413361,8.534,8.87,8.94,8.41,1712289600000000000,24163
RXST,515144,51.74,55.16,56.602,51.72,1712289600000000000,10107
RXT,453946,1.84,1.77,1.855,1.77,1712289600000000000,3541
RY,784681,101,102.34,102.54,100.7,1712289600000000000,12390
RYAAY,469760,143.22,145.74,146.6,143.22,1712289600000000000,7700
RYAM,457303,4.47,4.47,4.555,4.3799,1712289600000000000,4067
RYAN,951489,51.9,52.22,52.63,51.89,1712289600000000000,14667
RYDE,101149,3.49,2.97,3.49,2.91,1712289600000000000,716
RYI,174201,33.45,34.23,34.29,33.305,1712289600000000000,3168
RYLD,515195,16.76,16.81,16.85,16.75,1712289600000000000,2607
RYLG,600,25.455,25.55,25.5759,25.455,1712289600000000000,16
RYN,422952,31.98,31.95,32.18,31.83,1712289600000000000,6360
RYSE,575,24.72,24.7879,24.7879,24.68,1712289600000000000,15
RYTM,465803,39.6,40.54,41.36,39.25,1712289600000000000,8574
RZB,11322,25.09,25.15,25.19,24.9781,1712289600000000000,105
RZC,16495,26.02,26.04,26.04,25.965,1712289600000000000,174
RZG,3943,47.8699,47.9941,48.17,47.8699,1712289600000000000,55
RZLT,50931,2.33,2.36,2.38,2.3168,1712289600000000000,212
RZV,2838,102.54,103.1086,103.4437,102.54,1712289600000000000,79
S,5581526,21.9,22.6,22.73,21.9,1712289600000000000,39542
SA,581560,16.07,16.17,16.51,15.88,1712289600000000000,6773
SAA,2606,23.78,23.9971,24.01,23.77,1712289600000000000,32
SABA,254408,3.8,3.799,3.81,3.79,1712289600000000000,1046
SABR,9542043,2.56,2.66,2.67,2.48,1712289600000000000,23975
SABS,4071,4.45,4.34,4.62,4.2501,1712289600000000000,91
SACC,831,24.75,24.84,24.84,24.75,1712289600000000000,15
SACH,637245,3.68,3.61,3.68,3.525,1712289600000000000,3863
SACHpA,14579,23.82,23.17,23.82,23.17,1712289600000000000,192
SAEF,1034,23.8597,23.8844,23.9,23.8597,1712289600000000000,36
SAFE,457807,19.66,19.93,19.97,19.41,1712289600000000000,5926
SAFT,44944,79.96,78.1,79.96,78.03,1712289600000000000,1559
SAGE,669655,16.47,16.42,16.76,16,1712289600000000000,10515
SAGP,1703,27.03,27.11,27.11,27.0299,1712289600000000000,19
SAH,203315,52.89,52.76,52.98,51.99,1712289600000000000,5431
SAI,6250,1.13,1.08,1.13,1.07,1712289600000000000,43
SAIA,210791,574.61,593,597.8099,570,1712289600000000000,9459
SAIC,170738,129.14,129.66,130.73,129.07,1712289600000000000,4924
SAJ,540,25.155,25.18,25.18,25.155,1712289600000000000,4
SAM,93872,294.94,294.75,295.83,291.695,1712289600000000000,4749
SAMG,11806,14.91,14.95,15.12,14.91,1712289600000000000,252
SAMM,11217,24.77,24.9101,24.97,24.73,1712289600000000000,61
SAMT,5119,25.4701,25.6026,25.64,25.4701,1712289600000000000,37
SAN,2040723,4.9,4.9,4.93,4.87,1712289600000000000,6612
SANA,976743,8.43,9.01,9.065,8.285,1712289600000000000,11767
SAND,2624297,5.36,5.46,5.54,5.32,1712289600000000000,9419
SANG,37662,4.88,4.88,4.98,4.88,1712289600000000000,128
SANM,307085,59.34,60,60.375,59.1509,1712289600000000000,6203
SANW,35564,0.47,0.4786,0.48,0.455251,1712289600000000000,122
SAP,639292,191.41,191.82,193.23,190.95,1712289600000000000,15237
SAR,44382,22.83,22.99,22.99,22.78,1712289600000000000,1161
SARK,1180447,28.79,28.56,28.86,28.26,1712289600000000000,5869
SASR,432103,21.3,21.21,21.51,21.15,1712289600000000000,5825
SAT,409,24.29,24.25,24.29,24.25,1712289600000000000,5
SATL,20350,1.535,1.55,1.63,1.53,1712289600000000000,147
SATLW,1330,0.1445,0.1412,0.1458,0.1291,1712289600000000000,17
SATO,5343,13.44,13.5099,13.7301,13.44,1712289600000000000,94
SATS,1175864,13.19,13.3,13.7,13.19,1712289600000000000,17495
SATX,10335,0.635001,0.6201,0.65,0.62,1712289600000000000,43
SAUG,3644,21.594,21.61,21.66,21.594,1712289600000000000,20
SAVA,552721,20.75,21.31,21.4399,20.43,1712289600000000000,6809
SAVAW,129994,3.76,3.82,3.82,3.58,1712289600000000000,676
SAVE,3804880,4.56,4.43,4.62,4.37,1712289600000000000,18165
SAY,2099,25.36,25.3,25.36,25.27,1712289600000000000,18
SAZ,4358,25.3999,25.38,25.4,25.36,1712289600000000000,26
SB,417508,4.96,4.9,4.975,4.9,1712289600000000000,3946
SBpC,1100,25.9783,25.8294,25.9783,25.8294,1712289600000000000,5
SBpD,760,26.31,26.1,26.64,26.07,1712289600000000000,15
SBAC,630451,212,213.4,214.935,210.955,1712289600000000000,14378
SBB,285,16.1201,16.0536,16.1201,16.0536,1712289600000000000,13
SBBA,3460,25.1926,25.1956,25.2,25.175,1712289600000000000,27
SBCF,250768,23.81,23.98,24.17,23.81,1712289600000000000,4282
SBEV,81462,0.366,0.3501,0.3699,0.3501,1712289600000000000,222
SBFG,655,13.9,13.9,13.9,13.9,1712289600000000000,28
SBFM,26082562,0.1,0.102,0.124,0.0965,1712289600000000000,16213
SBFMW,10621,0.1044,0.1013,0.1044,0.088349,1712289600000000000,30
SBGI,351507,13.01,12.52,13.1,12.505,1712289600000000000,5280
SBH,1290333,10.99,10.89,11.11,10.79,1712289600000000000,12382
SBI,12626,7.88,7.87,7.88,7.87,1712289600000000000,44
SBIO,3253,33.44,33.9745,34.29,33.33,1712289600000000000,90
SBIT,62153,42.87,42.198,42.87,40.855,1712289600000000000,408
SBLK,1968616,24.09,23.88,24.45,23.71,1712289600000000000,21550
SBND,93,18.275,18.275,18.275,18.275,1712289600000000000,4
SBOW,191208,33.81,33.77,34.18,33.45,1712289600000000000,4033
SBR,36787,66.75,68.09,68.21,66.64,1712289600000000000,706
SBRA,1627057,14.25,14.48,14.57,14.23,1712289600000000000,15771
SBS,579030,16.62,16.58,16.69,16.42,1712289600000000000,7324
SBSI,60307,27.43,27.68,27.73,27.43,1712289600000000000,1549
SBSW,4764908,5.04,5.18,5.195,5.01,1712289600000000000,16297
SBT,12190,4.89,4.91,4.94,4.89,1712289600000000000,186
SBUX,7161442,87.9,86.85,87.93,86.83,1712289600000000000,121986
SBXC,12727,10.51,10.5,10.51,10.49,1712289600000000000,53
SCAP,15180,32.72,33.32,33.32,32.72,1712289600000000000,53
SCC,2675,15.43,15.2259,15.43,15.04,1712289600000000000,25
SCCB,400,25.05,25.05,25.05,25.05,1712289600000000000,3
SCCC,3530,24.94,24.8999,24.94,24.86,1712289600000000000,30
SCCD,14023,22.6,22.6,22.796,22.6,1712289600000000000,51
SCCE,3636,22.33,22.39,22.7,22.33,1712289600000000000,95
SCCF,2280,22.6,22.72,22.82,22.3,1712289600000000000,34
SCCG,7006,23.55,23.6,23.6501,23.46,1712289600000000000,82
SCCO,876405,109.08,110.29,110.72,108.2469,1712289600000000000,17604
SCD,57712,15.16,15.16,15.35,15.07,1712289600000000000,271
SCDL,5,36.2233,36.2233,36.2233,36.2233,1712289600000000000,4
SCEpG,9004,21.3,21.38,21.4999,21.25,1712289600000000000,79
SCEpH,25298,25.17,25.15,25.2431,25.12,1712289600000000000,178
SCEpJ,18084,23.3901,23.43,23.475,23.3901,1712289600000000000,388
SCEpK,6676,23.95,24.005,24.11,23.91,1712289600000000000,206
SCEpL,11048,20.8,21.07,21.19,20.8,1712289600000000000,141
SCEpM,65496,26.68,26.66,26.74,26.6,1712289600000000000,387
SCHA,848266,47.65,47.94,48.17,47.56,1712289600000000000,6427
SCHB,719610,59.94,60.41,60.615,59.875,1712289600000000000,6925
SCHC,841223,35.37,35.56,35.63,35.29,1712289600000000000,1286
SCHD,3422404,78.77,79.01,79.2,78.3901,1712289600000000000,88953
SCHE,717789,25.39,25.44,25.4801,25.32,1712289600000000000,3937
SCHF,3410200,38.48,38.66,38.7399,38.4,1712289600000000000,10117
SCHG,1365356,91.45,92.37,92.795,91.33,1712289600000000000,14575
SCHH,3656447,19.56,19.71,19.75,19.505,1712289600000000000,8072
SCHI,253246,43.91,43.95,44.03,43.91,1712289600000000000,794
SCHJ,96043,48.23,48.08,48.23,48.07,1712289600000000000,378
SCHK,254885,49.78,50.17,50.34,49.73,1712289600000000000,1662
SCHL,111020,36.38,36.48,36.59,36.24,1712289600000000000,4212
SCHM,282770,79.52,80.1,80.28,79.401,1712289600000000000,2751
SCHO,1021960,48.01,47.99,48.035,47.98,1712289600000000000,3686
SCHP,758907,51.8,51.73,51.89,51.7257,1712289600000000000,3994
SCHQ,166922,32.75,32.64,32.88,32.64,1712289600000000000,1016
SCHR,805202,48.57,48.51,48.664,48.51,1712289600000000000,2139
SCHV,435480,74.34,74.76,74.94,74.22,1712289600000000000,3181
SCHW,4255194,71.48,71.89,72.125,71.21,1712289600000000000,50930
SCHWpD,12526,25.22,25.22,25.318,25.22,1712289600000000000,159
SCHWpJ,36770,21.22,21.27,21.37,21.18,1712289600000000000,272
SCHX,1398560,61.02,61.52,61.74,60.98,1712289600000000000,12784
SCHY,142697,23.97,24,24.05,23.9,1712289600000000000,872
SCHZ,461627,45.5,45.4,45.54,45.38,1712289600000000000,3991
SCI,535052,71.45,72.49,72.71,71.45,1712289600000000000,10508
SCIO,26,20.2805,20.2805,20.2805,20.2805,1712289600000000000,2
SCJ,40284,74.065,74.16,74.3,74.04,1712289600000000000,273
SCKT,18271,1.0994,1.0701,1.1,1.0601,1712289600000000000,84
SCL,43171,86.93,87.05,87.31,86.475,1712289600000000000,1467
SCLX,522150,1.53,1.53,1.565,1.48,1712289600000000000,2874
SCLXW,15856,0.35,0.38,0.3974,0.3319,1712289600000000000,48
SCLZ,0,50.2127,50.2127,50.2127,50.2127,1712289600000000000,0
SCM,75758,13.05,13.16,13.17,13.0269,1712289600000000000,1186
SCMB,51382,51.41,51.42,51.4921,51.4099,1712289600000000000,286
SCNI,36324,0.4705,0.47,0.48,0.4503,1712289600000000000,75
SCO,3056036,14.83,14.97,14.97,14.6642,1712289600000000000,7635
SCOR,37551,14.82,15.84,15.84,14.27,1712289600000000000,689
SCPH,202699,5.18,5.03,5.18,4.98,1712289600000000000,1442
SCPX,139129,0.164,0.1645,0.1649,0.16,1712289600000000000,387
SCRD,9,40.9917,40.9917,40.9917,40.9917,1712289600000000000,7
SCRM,15814,10.7,10.69,10.7,10.68,1712289600000000000,84
SCRMW,18872,0.48,0.475153,0.482,0.475,1712289600000000000,27
SCS,893241,12.93,12.89,13.04,12.86,1712289600000000000,6511
SCSC,205486,41.36,41.58,42.22,40.2301,1712289600000000000,4398
SCTL,514622,1.09,1.1,1.1,1.09,1712289600000000000,380
SCVL,199278,34.67,34.71,35,34.45,1712289600000000000,5236
SCWO,39825,1.23,1.2,1.23,1.2,1712289600000000000,329
SCWX,7737,6.34,6.32,6.4099,6.0401,1712289600000000000,210
SCX,23394,15.87,15.93,15.93,15.87,1712289600000000000,557
SCYB,46921,51.53,51.43,51.5399,51.43,1712289600000000000,400
SCYX,125497,1.69,1.71,1.79,1.6701,1712289600000000000,663
SCZ,2106814,62.57,62.82,62.9688,62.455,1712289600000000000,14684
SD,208041,15.04,15.08,15.155,14.95,1712289600000000000,2669
SDA,195969,7.69,7.05,7.73,7,1712289600000000000,938
SDAWW,27856,0.338599,0.27,0.364,0.25,1712289600000000000,184
SDCI,4535,19.4283,19.485,19.57,19.39,1712289600000000000,89
SDCP,0,25.74,25.74,25.74,25.74,1712289600000000000,0
SDD,1998,18.68,18.5845,18.77,18.5845,1712289600000000000,20
SDEM,7755,25.76,25.74,25.76,25.7,1712289600000000000,36
SDG,6615,76.54,76.92,77.08,76.45,1712289600000000000,160
SDGR,887088,25.89,26.92,27.01,25.6,1712289600000000000,12705
SDHC,61816,29,29.01,29.2455,28.66,1712289600000000000,1547
SDHY,33523,15.28,15.3,15.3299,15.28,1712289600000000000,182
SDIG,130155,3.61,3.56,3.7056,3.55,1712289600000000000,1081
SDIV,208015,21.42,21.36,21.42,21.24,1712289600000000000,2095
SDOG,62160,52.92,53.0128,53.075,52.6,1712289600000000000,381
SDOT,57811,0.3302,0.3236,0.3302,0.3101,1712289600000000000,175
SDOW,15163125,17.22,16.88,17.265,16.68,1712289600000000000,38814
SDP,8258,11.9701,11.6908,11.99,11.6908,1712289600000000000,63
SDPI,148144,1.07,1.12,1.12,1.05,1712289600000000000,725
SDRL,506967,52.51,53.16,53.58,51.83,1712289600000000000,6079
SDS,20670536,25.76,25.36,25.8,25.16,1712289600000000000,30745
SDSI,7292,50.78,50.72,50.78,50.7,1712289600000000000,17
SDVD,23305,21.4,21.64,21.66,21.4,1712289600000000000,95
SDVY,744491,33.99,34.22,34.31,33.9699,1712289600000000000,3418
SDY,253691,128.44,129.01,129.18,128.09,1712289600000000000,3807
SE,7152201,53.57,55.28,55.31,53.41,1712289600000000000,37565
SEA,3108,15.22,15.25,15.2799,15.2,1712289600000000000,45
SEALpA,14555,25.275,25.1,25.305,25.1,1712289600000000000,100
SEALpB,12609,25.1,25.1,25.19,25.05,1712289600000000000,77
SEAT,1365463,5.69,5.67,5.79,5.56,1712289600000000000,10691
SEATW,6858,0.8745,0.9965,1,0.82,1712289600000000000,54
SEB,2477,3170,3177.78,3199.54,3161.53,1712289600000000000,1156
SECO,8855,0.38,0.3819,0.3899,0.378,1712289600000000000,73
SECT,89947,49.49,49.87,49.98,49.45,1712289600000000000,327
SEDA.WS,2317,0.179,0.18,0.18,0.179,1712289600000000000,9
SEDG,1710489,67.45,66.69,68.82,65.4,1712289600000000000,28241
SEE,1447088,33.08,32.66,33.315,32.61,1712289600000000000,19870
SEED,33658,3.33,3.25,3.33,3.14,1712289600000000000,309
SEEL,313289,0.5396,0.5284,0.56,0.5103,1712289600000000000,1415
SEER,162149,1.74,1.72,1.76,1.685,1712289600000000000,1214
SEF,11935,10.39,10.35,10.415,10.32,1712289600000000000,144
SEIC,370535,69.92,70.64,70.84,69.8,1712289600000000000,7656
SEIM,20383,31.49,31.7508,31.82,31.42,1712289600000000000,80
SEIQ,9319,31.45,31.6235,31.69,31.4,1712289600000000000,49
SEIV,15885,30.4,30.6147,30.63,30.37,1712289600000000000,45
SEIX,26920,24.02,23.995,24.02,23.96,1712289600000000000,190
SELF,13577,4.35,4.335,4.35,4.31,1712289600000000000,168
SELV,4388,27.17,27.232,27.26,27.1085,1712289600000000000,14
SELX,78929,1.64,1.57,1.74,1.5,1712289600000000000,477
SEM,465985,29.37,30.16,30.24,29.37,1712289600000000000,5870
SEMI,1087,24.9199,25.0646,25.102,24.9101,1712289600000000000,37
SEMR,792020,13.13,13.32,13.34,12.89,1712289600000000000,5244
SENEA,24064,56.2,55.77,56.77,55.55,1712289600000000000,923
SENEB,128,58.49,58.49,58.49,58.49,1712289600000000000,10
SENS,2588045,0.4968,0.488,0.5139,0.488,1712289600000000000,4300
SEPAW,17787,0.147,0.1701,0.1701,0.147,1712289600000000000,16
SEPT,202,27.91,27.9397,27.9397,27.91,1712289600000000000,4
SEPW,2821,27.105,27.08,27.105,27.08,1712289600000000000,15
SEPZ,415,35.75,35.8083,35.8083,35.75,1712289600000000000,8
SER,3981,10.5,10.75,10.75,10.5,1712289600000000000,92
SERA,56829,9.38,9.46,9.8,9.36,1712289600000000000,908
SES,294083,1.55,1.5,1.55,1.46,1712289600000000000,2099
SETH,4297,20.53,20.2442,20.53,20.18,1712289600000000000,51
SETM,2362,17.925,18.0587,18.11,17.87,1712289600000000000,39
SEVN,39609,12.93,12.88,12.99,12.775,1712289600000000000,791
SEZL,26671,65.38,67.96,73,63,1712289600000000000,824
SF,338347,76.26,77.01,77.245,76.11,1712289600000000000,7420
SFpB,3248,24.7,24.73,24.8,24.6124,1712289600000000000,26
SFpC,9994,24.92,25.03,25.16,24.9028,1712289600000000000,151
SFpD,6886,18.94,18.7899,18.94,18.7,1712289600000000000,57
SFB,4228,23.51,23.5,23.6606,23.43,1712289600000000000,92
SFBC,655,40.25,40.6926,40.6926,40.2,1712289600000000000,41
SFBS,265117,62.35,62.87,63.105,61.55,1712289600000000000,3763
SFEB,48949,19.97,20.035,20.08,19.97,1712289600000000000,83
SFIG,676,47.6453,47.6149,47.65,47.6149,1712289600000000000,8
SFIX,1105199,2.35,2.26,2.355,2.25,1712289600000000000,8337
SFL,482648,13.08,12.97,13.08,12.89,1712289600000000000,3544
SFLO,509,26.7964,26.9871,26.9871,26.7964,1712289600000000000,17
SFLR,54904,29.5,29.71,29.7791,29.48,1712289600000000000,311
SFM,948061,62.83,63.46,63.53,62.58,1712289600000000000,15857
SFNC,412221,18.83,18.95,19.07,18.71,1712289600000000000,5478
SFST,25011,28.5,28.82,28.9,28.5,1712289600000000000,254
SFWL,1201101,1.735,1.93,2.229,1.7,1712289600000000000,4283
SFY,189502,18.35,18.5,18.56,18.32,1712289600000000000,1541
SFYF,623,31.9424,31.9424,31.9424,31.9424,1712289600000000000,89
SFYX,21106,13.66,13.79,13.82,13.66,1712289600000000000,305
SG,1620317,24.06,25.4,25.5,24,1712289600000000000,17128
SGA,13974,21.97,22.5,22.56,21.97,1712289600000000000,456
SGBX,69910,0.173,0.1725,0.175,0.167,1712289600000000000,266
SGC,52886,16.425,16.42,16.69,16.0949,1712289600000000000,1199
SGD,70929,0.78,0.76,0.79,0.729,1712289600000000000,396
SGDJ,61830,32.55,33.335,33.625,32.28,1712289600000000000,535
SGDM,35240,26.01,26.6465,26.8499,25.9599,1712289600000000000,262
SGE,15490,1.15,1.44,1.44,1.15,1712289600000000000,72
SGH,455053,25.51,25.75,25.88,25.3149,1712289600000000000,8001
SGHC,189584,3.28,3.25,3.28,3.23,1712289600000000000,1413
SGHT,244898,5.5,5.55,5.98,5.39,1712289600000000000,2927
SGLC,11009,33.115,33.18,33.26,33.1,1712289600000000000,144
SGLY,4681,5,4.87,5.08,4.87,1712289600000000000,141
SGMA,5022,3.56,3.6,3.6199,3.56,1712289600000000000,54
SGML,1003882,13.89,14.45,14.51,13.41,1712289600000000000,7599
SGMO,1173782,0.571,0.5612,0.5979,0.5411,1712289600000000000,4374
SGMT,268723,5.39,5.31,5.5,5.29,1712289600000000000,3336
SGN,2021023,0.2916,0.361,0.465,0.285,1712289600000000000,4197
SGOL,3077396,21.94,22.21,22.2751,21.91,1712289600000000000,7428
SGOV,3104232,100.39,100.38,100.39,100.38,1712289600000000000,13492
SGRP,329304,1.79,1.87,1.87,1.67,1712289600000000000,864
SGRY,511728,26.95,27.44,27.62,26.86,1712289600000000000,9325
SGU,67886,10.45,10.25,10.49,10.23,1712289600000000000,825
SH,29954875,12.09,11.98,12.1,11.94,1712289600000000000,11209
SHAG,2375,47.05,46.9968,47.05,46.9968,1712289600000000000,16
SHAK,601909,100.28,101.24,101.98,100.14,1712289600000000000,11078
SHBI,76797,10.92,10.9,11.04,10.77,1712289600000000000,718
SHC,1190554,11.34,11.34,11.52,11.255,1712289600000000000,11719
SHCO,146769,5.51,5.75,5.76,5.48,1712289600000000000,1584
SHCR,1772618,0.68,0.6776,0.7,0.6307,1712289600000000000,5048
SHDG,445,26.1253,26.2178,26.2178,26.1253,1712289600000000000,4
SHE,2015,104.32,105.2441,105.2441,104.32,1712289600000000000,148
SHEL,4968577,70.49,71.29,71.41,69.84,1712289600000000000,50362
SHEN,216601,16.45,16.01,16.475,16,1712289600000000000,3438
SHFS,88228,0.86,0.816,0.86,0.8,1712289600000000000,260
SHFSW,12512,0.0479,0.057,0.057,0.045,1712289600000000000,21
SHG,105149,32.91,33,33.07,32.72,1712289600000000000,1839
SHIM,65028,4.08,3.85,4.265,3.795,1712289600000000000,726
SHIP,186092,8.47,8.24,8.56,8.23,1712289600000000000,1577
SHLD,25235,33.01,33.17,33.2283,32.9,1712289600000000000,199
SHLS,3921475,10.53,10.38,10.5947,10.18,1712289600000000000,26777
SHLT,1419,5.95,5.73,5.95,5.73,1712289600000000000,28
SHM,388744,47.24,47.2,47.2525,47.1701,1712289600000000000,963
SHNY,21391,35.28,36.6188,36.9,35.2499,1712289600000000000,188
SHO,894702,10.88,10.91,10.97,10.84,1712289600000000000,7080
SHOpH,5172,21.6275,21.54,21.65,21.5,1712289600000000000,37
SHOpI,4811,20.44,20.45,20.45,19.99,1712289600000000000,56
SHOC,7153,43.64,43.9197,44.1,43.6,1712289600000000000,188
SHOO,497126,40.94,40.96,41.155,40.675,1712289600000000000,8579
SHOP,6588203,74.6,75.28,75.9916,73.69,1712289600000000000,59776
SHOT,613664,2.13,2.15,2.21,2.1,1712289600000000000,4003
SHOTW,6849,0.45,0.5,0.666,0.45,1712289600000000000,47
SHPH,49546,0.4195,0.4274,0.4275,0.384,1712289600000000000,337
SHPP,4,27.6548,27.6548,27.6548,27.6548,1712289600000000000,4
SHPW,10891,1.75,1.89,1.89,1.75,1712289600000000000,174
SHPWW,36798,0.0065,0.004099,0.0076,0.0031,1712289600000000000,33
SHRT,9111,8.26,8.252,8.26,8.24,1712289600000000000,28
SHRY,1065,37.36,37.5639,37.5639,37.36,1712289600000000000,16
SHUS,3,41.3763,41.3763,41.3763,41.3763,1712289600000000000,3
SHV,2037342,110.17,110.17,110.17,110.16,1712289600000000000,25596
SHW,870262,331.07,331.85,332.52,329.37,1712289600000000000,23528
SHY,3967127,81.43,81.39,81.475,81.38,1712289600000000000,9163
SHYD,33928,22.24,22.18,22.26,22.17,1712289600000000000,148
SHYF,244255,11.79,11.96,12.03,11.74,1712289600000000000,3467
SHYG,912257,42.11,42.1,42.1498,42.085,1712289600000000000,4225
SHYL,4569,44.0071,44.0238,44.06,44.0071,1712289600000000000,40
SIBN,267749,15.25,15.36,15.61,15.25,1712289600000000000,4498
SID,2730072,2.97,2.94,2.98,2.92,1712289600000000000,6724
SIDU,112372,3.4,3.49,3.55,3.32,1712289600000000000,1134
SIEB,975,2.07,2.06,2.09,2.06,1712289600000000000,30
SIF,804,3.16,3.21,3.21,3.16,1712289600000000000,31
SIFI,6,42.8712,42.8712,42.8712,42.8712,1712289600000000000,6
SIFY,19751,1.26,1.27,1.28,1.26,1712289600000000000,188
SIG,1013382,106.22,101.73,106.77,101.025,1712289600000000000,18664
SIGA,1103853,9.24,9.08,9.43,8.915,1712289600000000000,11901
SIGI,230289,104.32,104.5,105.195,104.06,1712289600000000000,5196
SIGIP,8009,19.21,19.1673,19.21,19.1225,1712289600000000000,49
SIHY,626,44.89,44.84,44.89,44.8,1712289600000000000,18
SII,150752,38.59,39.7,40.31,38.59,1712289600000000000,2217
SIJ,5162,9.4566,9.3597,9.4599,9.3597,1712289600000000000,54
SIL,1749316,30.11,31.05,31.19,29.82,1712289600000000000,8340
SILC,11157,15.21,15.2,15.4,15.115,1712289600000000000,248
SILJ,3700254,10.75,11.13,11.21,10.65,1712289600000000000,9340
SILK,472141,16.94,17.73,17.915,16.66,1712289600000000000,8673
SILO,39503,1.99,2.049,2.0598,1.96,1712289600000000000,246
SILV,2558314,7.05,7.17,7.35,6.772,1712289600000000000,13138
SIMO,250753,80.01,80.4,80.81,80.01,1712289600000000000,2813
SIMS,3248,33.83,33.9821,34.048,33.83,1712289600000000000,41
SING,529680,0.236,0.224,0.236,0.2203,1712289600000000000,551
SINT,29964226,0.0247,0.0245,0.0249,0.0223,1712289600000000000,19821
SIO,63,25.2544,25.2544,25.2544,25.2544,1712289600000000000,4
SIRI,14106083,3.55,3.49,3.555,3.48,1712289600000000000,29244
SISI,89572,0.75,0.69,0.75,0.66,1712289600000000000,251
SITC,1522446,13.99,14.12,14.2,13.9525,1712289600000000000,10702
SITCpA,7245,22.24,22.4,22.8,22.24,1712289600000000000,119
SITE,204222,165.66,169.72,169.93,165.66,1712289600000000000,7102
SITM,249504,86.74,83.52,87.83,83.36,1712289600000000000,5997
SIVR,1914816,25.63,26.19,26.31,25.53,1712289600000000000,6386
SIX,457223,25.09,25.32,25.455,24.88,1712289600000000000,7685
SIXA,1251,40.71,40.6872,40.73,40.6872,1712289600000000000,20
SIXF,191,25.9099,25.9099,25.9099,25.9099,1712289600000000000,4
SIXH,3509,35.44,35.4808,35.49,35.44,1712289600000000000,24
SIXJ,1764,27.73,27.7016,27.73,27.69,1712289600000000000,17
SIXL,1730,34.025,34.12,34.12,33.96,1712289600000000000,31
SIXO,21296,29.49,29.4482,29.49,29.3401,1712289600000000000,109
SIXP,5507,25.3,25.3648,25.375,25.3,1712289600000000000,41
SIXS,613,46.42,46.4721,46.4721,46.42,1712289600000000000,3
SIZE,12255,138.91,139.64,139.78,138.91,1712289600000000000,44
SJ,60250,1.03,1.01,1.04,1.01,1712289600000000000,187
SJB,147214,17.22,17.23,17.23,17.2,1712289600000000000,383
SJM,738300,118.42,117.22,118.76,116.99,1712289600000000000,16025
SJNK,6044216,24.96,24.95,24.97,24.93,1712289600000000000,11757
SJT,392737,5.45,5.51,5.55,5.4325,1712289600000000000,2669
SJW,160828,54.93,54.45,54.93,53.95,1712289600000000000,2892
SKE,109673,4.62,4.73,4.78,4.55,1712289600000000000,908
SKF,14475,12.36,12.17,12.36,12.1,1712289600000000000,88
SKGR,3032,11.07,11.06,11.07,11.03,1712289600000000000,47
SKGRW,2532,0.43,0.47,0.47,0.43,1712289600000000000,8
SKIL,35136,8.85,8.87,9.2,8.52,1712289600000000000,782
SKIN,845444,3.82,3.71,3.82,3.67,1712289600000000000,7467
SKLZ,94727,6.47,6.36,6.54,6.27,1712289600000000000,2254
SKM,286293,21.19,21.05,21.19,21.015,1712289600000000000,3196
SKOR,157328,47.39,47.3402,47.4,47.34,1712289600000000000,169
SKRE,8104,26.42,26.22,26.45,25.99,1712289600000000000,92
SKT,704829,27.87,27.64,28.04,27.6,1712289600000000000,9773
SKWD,465747,37.56,38.25,38.41,37.5,1712289600000000000,5979
SKX,1062187,58.13,58,58.65,57.955,1712289600000000000,15262
SKY,178492,79.02,80.4,81.17,79.02,1712289600000000000,4788
SKYH,36898,11.15,10.92,11.15,10.5,1712289600000000000,389
SKYH.WS,12630,1.52,1.3,1.52,1.3,1712289600000000000,24
SKYT,211886,10,10.25,10.27,9.85,1712289600000000000,3466
SKYU,1702,24.62,24.96,24.99,24.62,1712289600000000000,30
SKYW,362831,68.68,69.22,69.27,68.595,1712289600000000000,6962
SKYX,165527,1.08,1.07,1.1003,1.065,1712289600000000000,943
SKYY,78034,94.17,95.4,95.87,94.15,1712289600000000000,1692
SLAB,299110,131.85,131.22,132.835,130.64,1712289600000000000,8313
SLAM,514,11.05,11.015,11.05,11.015,1712289600000000000,17
SLAMW,9107,0.18,0.18,0.18,0.18,1712289600000000000,4
SLB,10016124,54.5,55.03,55.29,53.98,1712289600000000000,90761
SLCA,609284,13.2,13.18,13.38,13.045,1712289600000000000,6584
SLDB,148284,12.29,12.16,12.505,11.82,1712289600000000000,2411
SLDP,1493647,1.85,1.84,1.88,1.79,1712289600000000000,5733
SLDPW,300,0.205,0.2177,0.2177,0.205,1712289600000000000,6
SLE,32302,2.09,2.1,2.17,1.97,1712289600000000000,228
SLF,347171,52.94,53.39,53.575,52.87,1712289600000000000,4158
SLG,888753,50.55,51.73,52.04,50.38,1712289600000000000,11091
SLGpI,8283,22.4,22.27,22.52,22.27,1712289600000000000,55
SLGL,14790,0.99,0.9839,0.999599,0.95,1712289600000000000,58
SLGN,624436,47.47,48.09,48.22,47.45,1712289600000000000,9062
SLI,747595,1.19,1.18,1.19,1.15,1712289600000000000,2734
SLM,704723,21.09,21.22,21.37,21.08,1712289600000000000,9791
SLMBP,6823,75.14,74.16,76,74.16,1712289600000000000,103
SLN,203629,21.21,21.15,21.52,20.875,1712289600000000000,1689
SLNA,14582532,0.08,0.0551,0.08,0.055,1712289600000000000,8835
SLNAW,220,0.0125,0.0125,0.0125,0.0125,1712289600000000000,3
SLND,5782,5.1,5.01,5.17,5.01,1712289600000000000,272
SLNG,2508,4.205,4.1999,4.205,4.05,1712289600000000000,99
SLNH,134630,2.6,2.72,2.775,2.55,1712289600000000000,703
SLNHP,1485,2.945,2.75,2.945,2.75,1712289600000000000,14
SLNO,249968,41.1,41.8,41.92,39.5,1712289600000000000,4557
SLP,225168,46.16,47.7,48.41,45.2513,1712289600000000000,5675
SLQD,162677,49.03,49,49.0484,49,1712289600000000000,1545
SLQT,677684,1.94,1.98,2.045,1.85,1712289600000000000,1686
SLRC,128154,15.12,15.12,15.159,15.06,1712289600000000000,1785
SLRN,1717958,6.34,6.07,6.34,6.04,1712289600000000000,7895
SLRX,45705,0.4805,0.49,0.517,0.455,1712289600000000000,187
SLS,955624,1.3,1.34,1.35,1.26,1712289600000000000,2728
SLV,43238224,24.49,25.03,25.14,24.392,1712289600000000000,72530
SLVM,229096,60.58,60.26,60.635,59.94,1712289600000000000,5038
SLVO,12420,78.82,79.45,79.48,78.54,1712289600000000000,267
SLVP,283720,11.34,11.74,11.7613,11.24,1712289600000000000,1242
SLX,11414,71.64,72.07,72.33,71.63,1712289600000000000,249
SLYG,91501,85.14,85.8,86.06,85.05,1712289600000000000,1332
SLYV,173188,79.79,80,80.35,79.5329,1712289600000000000,2343
SM,1907840,52.47,52.76,53.26,51.83,1712289600000000000,22131
SMAR,2261364,38.04,38.26,38.36,37.745,1712289600000000000,22801
SMAY,2844,22.68,22.678,22.6839,22.67,1712289600000000000,31
SMB,33667,16.95,16.939,16.95,16.9301,1712289600000000000,100
SMBC,6072,42.67,41.97,42.67,41.69,1712289600000000000,431
SMBK,32256,20.47,20.65,20.77,20.38,1712289600000000000,756
SMCF,226,29.69,29.7957,29.7957,29.69,1712289600000000000,7
SMCI,5344482,968,948.02,981.99,932.02,1712289600000000000,160186
SMCO,944,23.41,23.4664,23.54,23.41,1712289600000000000,14
SMCP,4,30.7881,30.7881,30.7881,30.7881,1712289600000000000,3
SMDD,4291,10.98,10.7187,10.98,10.6862,1712289600000000000,40
SMDV,78508,61.69,61.9,62.11,61.5701,1712289600000000000,632
SMDY,1400,42.42,42.4602,42.4602,42.42,1712289600000000000,1
SMFG,765741,11.54,11.56,11.62,11.5,1712289600000000000,5141
SMFL,586408,0.501,0.499,0.52,0.4678,1712289600000000000,868
SMG,736750,73.87,74.95,75.51,73.84,1712289600000000000,13343
SMH,8103963,221.22,222.64,224.07,219.61,1712289600000000000,117048
SMHB,20998,6.37,6.29,6.37,6.2,1712289600000000000,179
SMHI,159064,14.61,14.47,14.62,14.28,1712289600000000000,3241
SMI,51,45.6655,45.6655,45.6655,45.6655,1712289600000000000,3
SMID,7205,44.58,45.75,45.75,44.58,1712289600000000000,484
SMIG,34475,26.46,26.55,26.6073,26.405,1712289600000000000,133
SMIN,217090,73.43,73.78,73.78,73.37,1712289600000000000,1197
SMIZ,12984,30.81,30.9424,30.99,30.81,1712289600000000000,114
SMLE,1,26.6046,26.6046,26.6046,26.6046,1712289600000000000,1
SMLF,46718,61.68,62.3,62.3,61.68,1712289600000000000,372
SMLP,21219,28.02,28.32,28.98,28.02,1712289600000000000,593
SMLR,57678,28.05,28.69,29.05,28.05,1712289600000000000,1318
SMLV,3197,108.1193,108.1475,108.4,107.8032,1712289600000000000,39
SMMD,53886,63.58,64.03,64.22,63.4819,1712289600000000000,353
SMMF,38570,26.1,26.01,26.14,25.85,1712289600000000000,502
SMMT,2436214,3.51,3.88,3.88,3.45,1712289600000000000,11601
SMMU,49863,49.79,49.78,49.82,49.7,1712289600000000000,195
SMMV,69680,36.66,36.79,36.87,36.56,1712289600000000000,488
SMN,1249,7.06,6.9598,7.06,6.9598,1712289600000000000,30
SMOG,3005,95.2,95.4338,95.86,95.2,1712289600000000000,73
SMOT,51097,33.02,33.175,33.225,32.9701,1712289600000000000,421
SMP,115108,33.47,33.92,33.95,33.22,1712289600000000000,3563
SMPL,1881533,32.9,32.2,32.9,31.7,1712289600000000000,16250
SMR,5538403,6.38,6.1,6.635,5.99,1712289600000000000,38317
SMR.WS,40190,0.9952,1.02,1.1,0.95,1712289600000000000,99
SMRI,6702,29.27,29.4525,29.4525,29.27,1712289600000000000,9
SMRT,1124772,2.56,2.56,2.6,2.5317,1712289600000000000,7119
SMSI,287066,0.315,0.3065,0.3198,0.305,1712289600000000000,9540
SMTC,3463365,32.84,32.54,33.78,32.1,1712289600000000000,33848
SMTH,93368,25.44,25.44,25.48,25.42,1712289600000000000,242
SMTI,14418,34.04,33.93,34.29,33.89,1712289600000000000,388
SMWB,158267,8.72,8.6,8.865,8.52,1712289600000000000,2445
SMX,8234088,0.1769,0.1602,0.19,0.155,1712289600000000000,8690
SMXT,135688,11.35,11.3,11.69,10.8997,1712289600000000000,1613
SN,965979,62.86,64.72,65.06,62.73,1712289600000000000,14528
SNA,210254,293.76,292.76,294.708,292.31,1712289600000000000,7905
SNAL,16208,1.0205,1.02,1.04,1,1712289600000000000,62
SNAP,14656723,10.9,11,11.15,10.89,1712289600000000000,62999
SNAV,746,28.97,29.1675,29.1675,28.97,1712289600000000000,18
SNAX,18853,1.1799,1.16,1.18,1.1404,1712289600000000000,71
SNAXW,1000,0.0058,0.0058,0.0058,0.0058,1712289600000000000,3
SNBR,430470,13.87,13.47,14.17,13.435,1712289600000000000,6025
SNCR,27744,7.98,8,8.2799,7.8,1712289600000000000,416
SNCRL,9535,21.1,20.9,21.23,20.9,1712289600000000000,157
SNCY,824790,14.05,14.56,14.61,13.89,1712289600000000000,8260
SND,480730,1.93,2.18,2.18,1.9299,1712289600000000000,1060
SNDA,23860,27.55,29.05,29.24,26.64,1712289600000000000,748
SNDL,9893157,2.17,2.2,2.27,2.12,1712289600000000000,24114
SNDR,836095,22.24,22.6,22.625,22.215,1712289600000000000,9216
SNDX,763895,22.45,22.89,23.06,22.11,1712289600000000000,8250
SNES,44120,0.683,0.6651,0.6865,0.665,1712289600000000000,186
SNEX,109775,67.07,66.78,68.79,66.6,1712289600000000000,3067
SNFCA,11755,7.37,7.38,7.4651,7.3142,1712289600000000000,276
SNGX,75490,0.5,0.4715,0.505,0.4701,1712289600000000000,213
SNN,493336,24.3,24.47,24.55,24.29,1712289600000000000,6304
SNOA,150460,0.165,0.1523,0.165,0.1501,1712289600000000000,381
SNOV,2332,21.51,21.545,21.545,21.5001,1712289600000000000,16
SNOW,5120008,152.48,153.86,155.55,152.17,1712289600000000000,65888
SNPD,102,26.2467,26.3504,26.3504,26.2467,1712289600000000000,3
SNPE,74725,46.97,47.32,47.48,46.9,1712289600000000000,509
SNPG,210,38.07,38.1325,38.1325,38.07,1712289600000000000,7
SNPO,16250,9.49,8.92,9.49,8.92,1712289600000000000,360
SNPS,774112,571.02,575.45,578.9,570.0801,1712289600000000000,25635
SNPV,2,30.2989,30.2989,30.2989,30.2989,1712289600000000000,1
SNPX,137673,4.15,4.9999,5.35,4.15,1712289600000000000,1104
SNSE,192558,0.97,1.01,1.08,0.952,1712289600000000000,795
SNSR,38541,35.15,35.57,35.59,35.15,1712289600000000000,217
SNT,61479,1.1999,1.25,1.33,1.19,1712289600000000000,202
SNTG,5030,2.36,2.25,2.36,2.23,1712289600000000000,76
SNTI,25876,0.38,0.3632,0.3811,0.3598,1712289600000000000,170
SNV,1772510,37.67,38.25,38.43,37.57,1712289600000000000,16778
SNVpD,16239,25.07,25.02,25.07,24.94,1712289600000000000,92
SNVpE,32790,24.76,24.8,24.85,24.76,1712289600000000000,126
SNX,3089614,116.18,117.72,118.01,115.59,1712289600000000000,41393
SNY,1289898,46.94,47.25,47.375,46.89,1712289600000000000,16697
SO,5302559,69.55,69.91,70.16,69.1583,1712289600000000000,44820
SOAR,58056,3.12,2.97,3.26,2.78,1712289600000000000,421
SOAR.WS,10693,0.0963,0.119,0.1696,0.0962,1712289600000000000,191
SOBR,72810,0.31,0.3286,0.3365,0.3001,1712289600000000000,244
SOC,63719,11.08,10.93,11.25,10.88,1712289600000000000,602
SOC.WS,178,2.55,2.55,2.55,2.55,1712289600000000000,2
SOCL,7227,40.24,40.63,40.6899,40.24,1712289600000000000,122
SOF,1137,100.37,100.37,100.37,100.36,1712289600000000000,50
SOFI,29257911,7.3,7.4,7.46,7.25,1712289600000000000,75847
SOGP,5141,3.4163,3.29,3.55,3.29,1712289600000000000,114
SOHO,15551,1.39,1.395,1.415,1.385,1712289600000000000,87
SOHOB,336,19,19,19,19,1712289600000000000,6
SOHON,1852,19.48,19.24,19.48,19.2,1712289600000000000,10
SOHOO,700,18.7,18.8,19,18.7,1712289600000000000,3
SOHU,32862,11.13,11.36,11.4624,11.02,1712289600000000000,513
SOI,202614,8.82,8.94,9,8.73,1712289600000000000,2154
SOJC,9343,24.2401,24.39,24.4699,24.2401,1712289600000000000,149
SOJD,71584,23.39,23.55,23.64,23.34,1712289600000000000,653
SOJE,117255,20.59,20.66,20.89,20.55,1712289600000000000,778
SOL,467872,2.12,2.08,2.1699,2.07,1712289600000000000,2807
SOLR,146,27.3893,27.3893,27.3893,27.3893,1712289600000000000,12
SOLV,4216625,65.97,70.06,70.15,65.175,1712289600000000000,41251
SON,417202,57.8,57.17,57.95,57.1,1712289600000000000,7076
SOND,114336,3.61,3.87,4.33,3.29,1712289600000000000,1294
SONM,36049,0.5824,0.599999,0.600001,0.5824,1712289600000000000,132
SONN,19079,1.96,2,2.06,1.96,1712289600000000000,150
SONO,1255948,18.63,18.3,18.685,18.3,1712289600000000000,13999
SONY,411298,84.5,84.82,85.2,84.29,1712289600000000000,10280
SOPA,173527,0.1692,0.159,0.17,0.156,1712289600000000000,332
SOPH,17458,4.85,5.03,5.07,4.84,1712289600000000000,357
SOR,6955,42.24,42.34,42.62,41.93,1712289600000000000,76
SOS,193690,1.29,1.3,1.35,1.26,1712289600000000000,1364
SOTK,1782,4.4302,4.41,4.4303,4.41,1712289600000000000,64
SOUN,28023492,5.33,5.18,5.44,5.1,1712289600000000000,78256
SOUNW,41243,2.85,2.72,2.86,2.71,1712289600000000000,286
SOVF,13467,28.89,28.98,29.0202,28.85,1712289600000000000,101
SOXL,71151437,42.7,43.62,44.53,41.94,1712289600000000000,533495
SOXQ,184808,37.61,37.95,38.16,37.475,1712289600000000000,2070
SOXS,158379680,3.47,3.39,3.54,3.3201,1712289600000000000,102888
SOXX,2428251,220,221.63,223,218.5825,1712289600000000000,42434
SOYB,30864,25.17,25.16,25.26,25.09,1712289600000000000,161
SP,113047,52.035,52,52.11,51.96,1712289600000000000,1432
SPAB,2272298,24.99,24.97,25.046,24.96,1712289600000000000,4311
SPAM,234,27.19,27.41,27.41,27.19,1712289600000000000,10
SPAQ,0,98.065,98.065,98.065,98.065,1712289600000000000,0
SPAX,3419,20.11,20.3285,20.3285,20.11,1712289600000000000,10
SPB,213804,84.73,84.41,85.47,83.89,1712289600000000000,4973
SPBC,3763,32.91,33.16,33.27,32.87,1712289600000000000,44
SPBO,205361,28.78,28.68,28.78,28.66,1712289600000000000,1260
SPC,6246,21.42,21.44,21.44,21.42,1712289600000000000,24
SPCB,88921876,0.279,0.288,0.345,0.2352,1712289600000000000,118672
SPCE,7919599,1.27,1.24,1.275,1.23,1712289600000000000,19179
SPCX,2051,23.34,23.43,23.43,23.19,1712289600000000000,22
SPCZ,0,26.234,26.234,26.234,26.234,1712289600000000000,0
SPD,17754,31.06,31.08,31.19,31.03,1712289600000000000,132
SPDG,446,33.8565,33.8565,33.8565,33.8565,1712289600000000000,67
SPDN,4551647,12.41,12.3,12.41,12.2575,1712289600000000000,2459
SPDV,4045,30.7899,30.8253,30.8253,30.7899,1712289600000000000,55
SPDW,2610375,35.34,35.53,35.6,35.285,1712289600000000000,6979
SPE,20518,12.68,12.65,12.69,12.644,1712289600000000000,132
SPEC,47590,0.6774,0.69,0.7095,0.661,1712289600000000000,213
SPECW,47010,0.045,0.0497,0.06,0.0396,1712289600000000000,107
SPEM,968295,36.33,36.45,36.5083,36.28,1712289600000000000,4553
SPEU,12842,41.63,41.8,41.8237,41.51,1712289600000000000,133
SPFF,33877,9.33,9.36,9.39,9.33,1712289600000000000,181
SPFI,10873,25.6,25.7,25.91,25.37,1712289600000000000,339
SPG,917963,148.02,150.15,150.57,147.67,1712289600000000000,20588
SPGpJ,3001,61.16,61.945,61.945,60.5,1712289600000000000,56
SPGC,15885,0.59,0.5661,0.6,0.562,1712289600000000000,78
SPGI,1158022,428.33,431.59,432.11,424.025,1712289600000000000,32611
SPGM,25238,58.8,59.19,59.29,58.79,1712289600000000000,512
SPGP,281979,105.25,105.89,106.1391,105.08,1712289600000000000,2381
SPH,175236,21.13,20.73,21.25,20.73,1712289600000000000,1707
SPHB,640083,84.74,85.14,85.58,84.495,1712289600000000000,6878
SPHD,935355,43.74,43.83,43.905,43.4601,1712289600000000000,9909
SPHQ,1207467,59.42,59.93,60.21,59.41,1712289600000000000,7723
SPHR,406960,46.5,46.8,47.08,46.315,1712289600000000000,8414
SPHY,3728806,23.17,23.16,23.19,23.15,1712289600000000000,5693
SPI,32139,0.555,0.5568,0.57872,0.5545,1712289600000000000,195
SPIB,3414482,32.48,32.41,32.48,32.41,1712289600000000000,5839
SPIP,439568,25.43,25.4,25.4706,25.39,1712289600000000000,649
SPIR,366827,11.77,11.94,12.1495,11.47,1712289600000000000,4637
SPKL,671,10.27,10.2734,10.2734,10.27,1712289600000000000,3
SPKLU,185,10.96,10.96,10.96,10.96,1712289600000000000,3
SPLB,573451,22.64,22.64,22.75,22.6101,1712289600000000000,2771
SPLG,10708880,60.5,60.98,61.2021,60.45,1712289600000000000,40994
SPLP,2162,37.14,37.63,37.76,37.1269,1712289600000000000,13
SPLPpA,3490,24.0462,24.04,24.05,24.005,1712289600000000000,36
SPLV,1941845,64.48,64.71,64.815,64.35,1712289600000000000,17190
SPMB,586022,21.45,21.42,21.51,21.41,1712289600000000000,1691
SPMD,1080054,51.96,52.35,52.53,51.9105,1712289600000000000,11571
SPMO,237463,79.45,80.45,80.7399,79.2243,1712289600000000000,6649
SPMV,6881,42.22,42.2626,42.2626,42.22,1712289600000000000,45
SPNS,682421,31.13,32.61,35.33,31.13,1712289600000000000,9840
SPNT,454725,12.62,12.75,12.775,12.57,1712289600000000000,4514
SPNTpB,5976,25.3503,25.3,25.3503,25.28,1712289600000000000,82
SPOK,152448,15.71,15.98,16.15,15.67,1712289600000000000,2255
SPOT,2988374,298.68,310.31,313.068,298.68,1712289600000000000,59146
SPPL,128748,0.76,0.7033,0.778,0.702,1712289600000000000,378
SPPP,124717,9.76,9.805,9.8296,9.6401,1712289600000000000,499
SPQ,271,28.67,28.8357,28.8357,28.67,1712289600000000000,7
SPR,2119809,34.11,34.39,34.94,33.9,1712289600000000000,21977
SPRB,249066,0.8295,0.84,0.8499,0.8211,1712289600000000000,871
SPRC,125927,1.91,1.81,1.91,1.81,1712289600000000000,748
SPRE,37108,19.69,19.78,19.789,19.5101,1712289600000000000,7579
SPRO,176082,1.7,1.65,1.75,1.65,1712289600000000000,739
SPRU,40391,3.58,3.46,3.6107,3.43,1712289600000000000,432
SPRX,42380,22.65,22.99,23.1699,22.64,1712289600000000000,405
SPRY,443028,9.46,9.87,10,9.43,1712289600000000000,5611
SPSB,1609359,29.68,29.64,29.68,29.63,1712289600000000000,3488
SPSC,164689,174.21,179.33,179.815,174.21,1712289600000000000,5077
SPSK,46026,17.71,17.79,17.79,17.7,1712289600000000000,7970
SPSM,2017034,41.68,41.89,42.069,41.61,1712289600000000000,7624
SPT,423904,55.78,55.9,56.855,55.54,1712289600000000000,9693
SPTE,1733,24.25,24.3666,24.3666,24.234,1712289600000000000,45
SPTI,1143463,27.9,27.87,27.955,27.87,1712289600000000000,1856
SPTL,3795005,27.12,27.07,27.26,27.05,1712289600000000000,8814
SPTM,286608,63.03,63.49,63.775,63.01,1712289600000000000,2456
SPTN,232226,19.25,18.91,19.31,18.8,1712289600000000000,4169
SPTS,695592,28.81,28.78,28.82,28.78,1712289600000000000,1750
SPUC,2869,38.14,38.4242,38.46,38.14,1712289600000000000,21
SPUS,76896,37.3,37.58,37.75,37.25,1712289600000000000,1417
SPUU,18546,119.04,120.92,121.505,119.04,1712289600000000000,259
SPVM,465,56.08,56.0641,56.08,56.0128,1712289600000000000,20
SPVU,9750,49.19,49.5404,49.67,49.14,1712289600000000000,113
SPWH,1291901,3.8,3.82,4.0295,3.61,1712289600000000000,11223
SPWO,1265,21.07,21.14,21.17,21.07,1712289600000000000,30
SPWR,4917486,2.79,2.66,2.81,2.655,1712289600000000000,18696
SPXB,501,74.3714,74.2782,74.3714,74.2782,1712289600000000000,15
SPXC,293943,120.3,121.07,122.19,120.03,1712289600000000000,5733
SPXE,1211,111.15,110.9778,111.15,110.8225,1712289600000000000,30
SPXL,6946089,127.1,129.93,131.48,126.74,1712289600000000000,90602
SPXN,4096,111.82,112.0128,112.12,111.79,1712289600000000000,29
SPXS,44438645,9.22,8.99,9.24,8.89,1712289600000000000,31752
SPXT,131,83.8138,83.8138,83.8138,83.8138,1712289600000000000,31
SPXU,40955179,6.82,6.65,6.83,6.5701,1712289600000000000,24139
SPXV,340,110.5831,110.5831,110.5831,110.5831,1712289600000000000,10
SPXX,41106,15.55,15.57,15.57,15.5,1712289600000000000,259
SPY,74546483,514.46,518.43,520.44,514.01,1712289600000000000,669740
SPYC,8049,34.29,34.56,34.7,34.26,1712289600000000000,56
SPYD,1064669,39.75,39.9,39.9735,39.49,1712289600000000000,10383
SPYG,1981547,72.29,73.03,73.35,72.24,1712289600000000000,16610
SPYI,385028,49.83,50.02,50.14,49.66,1712289600000000000,4374
SPYT,41127,19.79,19.8951,19.91,19.7585,1712289600000000000,544
SPYV,1804065,48.95,49.23,49.3499,48.8634,1712289600000000000,14002
SPYX,114512,42.02,42.33,42.49,42,1712289600000000000,793
SQ,8942170,72.9,77.17,77.33,72.77,1712289600000000000,98606
SQEW,14246,31.91,32.14,32.268,31.91,1712289600000000000,68
SQFT,27245,1.11,1.0455,1.11,1.01,1712289600000000000,283
SQFTP,707,16.74,17.0889,17.5,16.74,1712289600000000000,21
SQFTW,34246,0.0818,0.0671,0.0818,0.0666,1712289600000000000,29
SQLV,506,40.37,40.5,40.5,40.37,1712289600000000000,20
SQM,782531,47.34,47.61,48.44,47.11,1712289600000000000,9037
SQNS,567148,0.579,0.5,0.579,0.451,1712289600000000000,1387
SQQQ,191136716,11.02,10.74,11.09,10.53,1712289600000000000,187192
SQSP,368918,36.32,36.96,36.98,36.11,1712289600000000000,6148
SQY,31849,21.73,22.95,22.99,21.65,1712289600000000000,496
SR,285340,59.44,59.34,59.72,58.99,1712289600000000000,5754
SRpA,10216,24.86,24.84,24.86,24.7501,1712289600000000000,134
SRAD,140857,11.41,11.59,11.59,11.405,1712289600000000000,2968
SRBK,8274,9.4,9.4799,9.4799,9.4,1712289600000000000,34
SRCE,31361,50.19,50.33,50.53,50.12,1712289600000000000,1050
SRCL,299043,51.95,51.8,52.465,51.585,1712289600000000000,7493
SRDX,290234,27.0424,27.08,27.431,26.83,1712289600000000000,738
SRE,2796395,70.41,70.52,70.74,69.85,1712289600000000000,31231
SREA,31946,24.67,24.89,24.9,24.63,1712289600000000000,287
SRET,13953,19.8,19.94,19.95,19.75,1712289600000000000,429
SRFM,314325,0.91,0.8712,0.9248,0.825,1712289600000000000,1190
SRG,231805,9.64,9.58,9.67,9.5,1712289600000000000,2438
SRHQ,326,34.82,34.8323,34.8323,34.82,1712289600000000000,8
SRHR,250,56.4827,56.987,56.987,56.48,1712289600000000000,14
SRI,67391,17.4,17.54,17.66,17.29,1712289600000000000,1707
SRL,1222,6.37,6.25,6.38,6.1,1712289600000000000,38
SRLN,3020843,41.83,41.77,41.84,41.76,1712289600000000000,6519
SRM,133882,1.81,1.72,1.8499,1.6,1712289600000000000,715
SROI,53,27.8016,27.8016,27.8016,27.8016,1712289600000000000,4
SRPT,303511,125.43,126.08,127.64,123.85,1712289600000000000,8280
SRRK,491621,14.25,14.39,14.635,13.932,1712289600000000000,5819
SRS,58583,15.72,15.49,15.81,15.44,1712289600000000000,450
SRTS,38276,3.45,3.45,3.5,3.35,1712289600000000000,421
SRTY,1689692,28.17,27.6,28.26,27.12,1712289600000000000,8298
SRV,17090,43.5,44.22,44.3,43.3897,1712289600000000000,229
SRVR,45290,27.61,27.6,27.74,27.5103,1712289600000000000,605
SRZN,13041,10.86,11.13,11.13,10.75,1712289600000000000,197
SSB,443100,79.58,81.39,81.46,79.58,1712289600000000000,7742
SSBI,5638,10.74,10.34,10.74,10.1,1712289600000000000,100
SSBK,7838,25,24.85,25.07,24.75,1712289600000000000,271
SSD,160807,192.18,194.81,195.87,191.68,1712289600000000000,5560
SSFI,1768,21.14,21.005,21.14,21.005,1712289600000000000,18
SSG,259597,2.56,2.55,2.6201,2.5,1712289600000000000,577
SSIC,1260,9.91,9.8,9.91,9.74,1712289600000000000,36
SSKN,32703,0.477,0.499,0.50145,0.45,1712289600000000000,176
SSL,620700,8.23,8.16,8.27,8.095,1712289600000000000,5435
SSLY,0,44.0146,44.0146,44.0146,44.0146,1712289600000000000,0
SSNC,814125,62.5,62.73,62.91,62.3,1712289600000000000,14878
SSNT,24567,12.96,12.84,13,12.65,1712289600000000000,292
SSO,3967456,74.87,76.02,76.6,74.74,1712289600000000000,26637
SSP,752131,3.66,3.43,3.7,3.34,1712289600000000000,6640
SSPX,1041,26.23,26.3106,26.3106,26.23,1712289600000000000,9
SSPY,50,75.5972,75.5972,75.5972,75.5972,1712289600000000000,14
SSRM,3314758,4.76,4.86,4.92,4.66,1712289600000000000,15277
SSSS,39552,4.02,4.11,4.12,4.02,1712289600000000000,380
SSSSL,2153,23.9,23.9799,23.9799,23.9,1712289600000000000,13
SST,398861,2.18,2.19,2.23,2.06,1712289600000000000,4019
SSTI,97857,15.23,15.32,15.56,14.93,1712289600000000000,1366
SSTK,336402,43.3,43.53,44.29,43.03,1712289600000000000,9471
SSUS,32103,37.7321,38.01,38.09,37.7321,1712289600000000000,151
SSXU,238,28.32,28.3082,28.32,28.3082,1712289600000000000,13
SSY,29800,0.696,0.7221,0.725,0.675,1712289600000000000,101
SSYS,281134,10.83,10.81,11.02,10.8,1712289600000000000,3353
ST,783927,35.91,35.44,35.925,35.43,1712289600000000000,14708
STAA,1864832,45.68,48.68,48.83,44.7934,1712289600000000000,31054
STAF,68283,0.283,0.2975,0.302,0.28001,1712289600000000000,140
STAG,654058,37.11,37.51,37.525,37.02,1712289600000000000,10153
STAX,101,25.1,25.1,25.1,25.1,1712289600000000000,2
STBA,98875,31.06,30.89,31.19,30.83,1712289600000000000,1972
STBX,173832,0.224,0.2196,0.224,0.21055,1712289600000000000,153
STC,140645,63.5,63.49,64.2199,63.29,1712289600000000000,3984
STCE,31256,36.25,36,37.245,36,1712289600000000000,394
STCN,1062,9.18,9.18,9.18,9.18,1712289600000000000,82
STE,434668,213.67,213.48,215.14,212.96,1712289600000000000,13578
STEL,142092,23.05,23.22,23.32,23,1712289600000000000,1798
STEM,2703862,1.97,1.93,1.995,1.91,1712289600000000000,10794
STEP,341050,34.39,35.83,35.93,34.01,1712289600000000000,4926
STER,608806,15.9,15.89,15.94,15.85,1712289600000000000,5433
STEW,115155,14.73,14.79,14.8,14.69,1712289600000000000,630
STG,3609,9.74,9.23,10.0646,9.22,1712289600000000000,57
STGW,531679,5.75,5.77,5.83,5.655,1712289600000000000,5411
STHO,59802,12.48,12.62,12.67,12.3,1712289600000000000,808
STI,886019,2.98,3.35,3.43,2.93,1712289600000000000,4379
STIM,300418,4.03,4.08,4.2,3.9,1712289600000000000,1990
STIP,252580,99.43,99.38,99.49,99.38,1712289600000000000,2207
STIX,1395276,0.5,0.435,0.75,0.4307,1712289600000000000,2656
STIXW,837574,0.0066,0.0023,0.0069,0.0023,1712289600000000000,431
STK,80167,31.65,31.81,32.4335,31.63,1712289600000000000,503
STKH,21546,5.01,5.08,5.08,4.7001,1712289600000000000,286
STKL,669920,6.42,6.51,6.57,6.34,1712289600000000000,5161
STKS,151742,5.61,5.71,5.83,5.46,1712289600000000000,2168
STLA,5278182,26.6,26.64,26.8,26.47,1712289600000000000,28631
STLD,638541,146.15,147.27,147.66,145.63,1712289600000000000,14487
STLG,17524,46.905,47.34,47.46,46.905,1712289600000000000,176
STM,3409319,41.84,41.95,42.1,41.61,1712289600000000000,32638
STN,103152,81.75,82.54,83.15,81.17,1712289600000000000,1998
STNC,2190,29.89,29.9857,29.9857,29.89,1712289600000000000,15
STNE,4594642,16.83,16.83,17.02,16.5005,1712289600000000000,39459
STNG,478853,72.27,71.77,72.81,71.64,1712289600000000000,6944
STOK,635910,12.18,12.57,12.8599,11.8,1712289600000000000,7150
STOT,6083,46.77,46.79,46.8072,46.77,1712289600000000000,66
STPZ,82843,51.4,51.395,51.44,51.39,1712289600000000000,261
STR,780826,25.54,25.65,25.76,25.31,1712289600000000000,9177
STRA,89707,102.66,103.48,103.854,102.29,1712289600000000000,2864
STRC,1687743,1.86,2.46,2.62,1.86,1712289600000000000,6314
STRCW,24723,0.05015,0.05,0.0579,0.045,1712289600000000000,59
STRL,215866,105.16,107.55,108.295,105.16,1712289600000000000,7099
STRM,55960,0.484,0.46,0.484,0.4501,1712289600000000000,175
STRO,778241,4.87,4.88,4.98,4.72,1712289600000000000,6275
STRR,8704,0.93,0.92,0.94,0.91,1712289600000000000,58
STRRP,675,9.3511,9.36,9.36,9.3511,1712289600000000000,2
STRS,1458,22.27,22.27,22.27,22.27,1712289600000000000,67
STRT,1412,24.375,24.915,24.915,24.31,1712289600000000000,34
STRV,78313,33.04,33.36,33.44,33.03,1712289600000000000,542
STRW,6180,7.9,8,8,7.59,1712289600000000000,84
STSS,83422,0.35,0.3222,0.35,0.3122,1712289600000000000,174
STSSW,4087,0.059,0.0485,0.059,0.0485,1712289600000000000,9
STT,1644407,75.88,75.8,76.47,74.51,1712289600000000000,23811
STTpG,33948,24.38,24.45,24.55,24.38,1712289600000000000,337
STTK,92811,9.11,9.31,9.5,9.1,1712289600000000000,1647
STVN,493106,29.78,28.98,30.06,28.7,1712289600000000000,7063
STWD,1539709,19.56,19.67,19.75,19.465,1712289600000000000,12621
STX,2598087,91.38,89.99,91.38,89.65,1712289600000000000,35453
STXD,2579,30.4,30.4318,30.5,30.27,1712289600000000000,49
STXE,6705,28.68,28.8575,28.87,28.68,1712289600000000000,87
STXG,7812,36.85,37.2689,37.325,36.85,1712289600000000000,80
STXK,3558,29,29.1372,29.15,28.95,1712289600000000000,41
STXS,461990,3.09,3.2,3.29,3.06,1712289600000000000,3785
STXT,17871,20.0095,19.9954,20.03,19.9925,1712289600000000000,149
STXV,13253,28.23,28.6348,28.6348,28.23,1712289600000000000,71
STZ,1247914,264.24,265.63,265.69,262.54,1712289600000000000,25190
SU,2789417,38.5,39,39.02,38.2,1712289600000000000,27673
SUB,503252,104.31,104.36,104.39,104.31,1712289600000000000,1736
SUGP,14839,2.41,2.38,2.52,2.33,1712289600000000000,226
SUI,412557,122.25,122.93,123.7,122.03,1712289600000000000,8678
SUM,750374,42.5,43.11,43.17,42.42,1712289600000000000,9857
SUN,253928,58.99,58.11,59.07,58.04,1712289600000000000,3447
SUP,195098,3.32,3.55,3.56,3.27,1712289600000000000,549
SUPL,94,40.2139,40.2139,40.2139,40.2139,1712289600000000000,5
SUPN,243132,33.33,33.55,33.6,33.13,1712289600000000000,4868
SUPP,187,65.5429,65.5429,65.5429,65.5429,1712289600000000000,21
SUPV,1842631,5.7,5.95,6.03,5.64,1712289600000000000,6828
SURE,3,116.25,116.25,116.25,116.25,1712289600000000000,2
SURG,232512,4.03,3.93,4.09,3.85,1712289600000000000,1236
SURGW,19080,0.96,0.7,0.96,0.69,1712289600000000000,47
SURI,330851,24.18,24.102,24.255,24.02,1712289600000000000,17
SUSA,53255,106.79,107.47,107.83,106.79,1712289600000000000,590
SUSB,127149,24.38,24.36,24.39,24.35,1712289600000000000,570
SUSC,725287,22.68,22.69,22.73,22.6699,1712289600000000000,2881
SUSL,17198,91.87,92.63,93.0027,91.87,1712289600000000000,234
SUZ,1168817,12.55,12.38,12.55,12.26,1712289600000000000,9065
SVAL,6093,29.68,29.8019,29.865,29.66,1712289600000000000,46
SVC,993176,6.51,6.6,6.6491,6.48,1712289600000000000,7964
SVII,4214,10.98,10.99,10.9997,10.98,1712289600000000000,27
SVIIR,3544,0.115,0.1209,0.122,0.115,1712289600000000000,36
SVIX,1179595,38.8,38.55,39.84,38.19,1712289600000000000,9510
SVM,2594538,3.65,3.78,3.82,3.62,1712289600000000000,7956
SVMH,175315,0.21,0.2,0.21,0.2,1712289600000000000,8901
SVOL,839267,22.42,22.37,22.46,22.35,1712289600000000000,5126
SVRA,376038,4.59,4.78,4.82,4.5201,1712289600000000000,4076
SVRE,16805,1,0.9635,1.14,0.95,1712289600000000000,113
SVREW,232,0.07,0.0701,0.0701,0.07,1712289600000000000,2
SVT,19850,12.36,12.1,12.5,12,1712289600000000000,301
SVV,435984,18.85,18.38,18.88,18.14,1712289600000000000,6734
SVXY,1569123,107.77,107.56,109.5,107,1712289600000000000,19831
SWAG,10426,1.3,1.35,1.42,1.3,1712289600000000000,28
SWAGW,5400,0.06,0.07,0.07245,0.06,1712289600000000000,15
SWAN,5770,27.43,27.4746,27.56,27.424,1712289600000000000,90
SWAV,12437996,325.5,326.34,327.72,324.8,1712289600000000000,100999
SWBI,299406,17.55,17.73,17.99,17.54,1712289600000000000,6054
SWI,678955,11.31,11.3,11.41,11.28,1712289600000000000,6747
SWIM,119247,3.74,3.76,3.86,3.68,1712289600000000000,3127
SWIN,54521,6.2,6.16,6.42,6.12,1712289600000000000,855
SWK,589477,94.84,95.41,95.815,94.605,1712289600000000000,15050
SWKH,6876,16.9,17.02,17.64,16.9,1712289600000000000,363
SWKHL,601,25.15,25.15,25.15,25.105,1712289600000000000,6
SWKS,1395359,104.86,105.48,105.72,104.13,1712289600000000000,28979
SWN,18054698,7.52,7.51,7.54,7.36,1712289600000000000,44747
SWTX,821927,44.22,44.49,45.05,43.37,1712289600000000000,12553
SWVL,83752,15.04,17.19,18,15,1712289600000000000,1889
SWVLW,38597,0.0258,0.0227,0.0258,0.0175,1712289600000000000,41
SWX,231983,74.22,74.54,74.92,73.6121,1712289600000000000,4501
SWZ,19952,7.84,7.78,7.84,7.76,1712289600000000000,99
SXC,481879,11.15,11.18,11.25,11.065,1712289600000000000,5112
SXI,40435,171.13,172.17,174.925,171.13,1712289600000000000,1647
SXQG,611,28.0178,28.0224,28.0224,28.0178,1712289600000000000,31
SXT,110414,67.28,67.31,67.47,66.72,1712289600000000000,2636
SXTC,86821,1.68,1.69,1.73,1.67,1712289600000000000,427
SXTP,175099,0.28,0.275,0.293,0.265,1712289600000000000,228
SXTPW,535,0.11,0.11,0.11,0.11,1712289600000000000,6
SXUS,1132,17.32,17.3914,17.3914,17.31,1712289600000000000,8
SY,30997,1.14,1.16,1.18,1.13,1712289600000000000,229
SYBT,75155,46.59,46.16,47.15,45.98,1712289600000000000,1601
SYBX,8384,1.79,1.78,1.79,1.71,1712289600000000000,103
SYF,3670965,41.13,41.28,41.725,40.93,1712289600000000000,40413
SYFpA,136009,17.94,17.94,18.14,17.93,1712289600000000000,825
SYFpB,153023,24.55,24.55,24.73,24.525,1712289600000000000,608
SYII,0,46.5924,46.5924,46.5924,46.5924,1712289600000000000,0
SYK,686625,348.48,351.02,351.67,348.19,1712289600000000000,20693
SYLD,71975,72.28,72.58,72.8294,72.121,1712289600000000000,814
SYM,771117,42.43,44,44.6955,41.64,1712289600000000000,11526
SYNA,259189,92.27,93.32,93.55,91.68,1712289600000000000,7556
SYNB,4,30.3592,30.3592,30.3592,30.3592,1712289600000000000,1
SYNX,1810,3.08,3.29,3.29,3.05,1712289600000000000,77
SYPR,69449,1.7001,1.63,1.72,1.6,1712289600000000000,322
SYRA,37676,1.32,1.27,1.32,1.22,1712289600000000000,290
SYRE,162731,35.6,36.18,37.62,34.675,1712289600000000000,3568
SYRS,129845,4.82,4.67,4.85,4.66,1712289600000000000,1749
SYT,2029,3.093,2.75,3.093,2.73,1712289600000000000,42
SYTA,6881,3.4399,3.51,3.68,3.3,1712289600000000000,137
SYTAW,100,0.047499,0.047499,0.047499,0.047499,1712289600000000000,1
SYUS,0,47.5631,47.5631,47.5631,47.5631,1712289600000000000,0
SYY,3576147,76.36,76.67,76.92,75.54,1712289600000000000,47699
SZK,293,14.3675,14.3675,14.3675,14.3675,1712289600000000000,12
SZNE,5549,38.45,38.7844,38.7844,38.45,1712289600000000000,43
T,37768986,17.52,17.42,17.54,17.28,1712289600000000000,102182
TpA,39269,21.57,21.63,21.7,21.4299,1712289600000000000,488
TpC,80573,20.57,20.49,20.63,20.43,1712289600000000000,863
TAC,573589,6.35,6.34,6.36,6.26,1712289600000000000,3105
TACK,8359,25.9,26.0692,26.16,25.9,1712289600000000000,67
TACT,20123,4.9,4.91,4.94,4.85,1712289600000000000,170
TAFI,122878,25,24.98,25,24.97,1712289600000000000,126
TAFL,100,25.1096,25.1096,25.1096,25.1096,1712289600000000000,4
TAFM,1421,25.145,25.125,25.15,25.125,1712289600000000000,13
TAGG,2,41.8505,41.8505,41.8505,41.8505,1712289600000000000,2
TAGS,1286,28.13,28.165,28.165,28.0899,1712289600000000000,46
TAIL,17569,12.08,12,12.08,12,1712289600000000000,113
TAIT,22988,3.22,3.192,3.2367,3.19,1712289600000000000,83
TAK,1822690,13.52,13.62,13.62,13.44,1712289600000000000,8840
TAL,1965063,11.26,11.12,11.28,11.055,1712289600000000000,14523
TALK,1007675,3.63,3.65,3.665,3.55,1712289600000000000,7224
TALKW,859,0.215,0.225,0.225,0.2121,1712289600000000000,6
TALO,1281579,14.15,14.33,14.435,13.95,1712289600000000000,11964
TAN,569579,43.14,43.13,43.77,42.95,1712289600000000000,6897
TANH,58088,0.7,0.6764,0.7,0.6538,1712289600000000000,211
TAOP,17712,1.06,1.08,1.09,1.06,1712289600000000000,103
TAP,1222170,67.42,67.35,67.59,67.01,1712289600000000000,16899
TARA,8585958,4.7,3.63,5.24,3.56,1712289600000000000,57474
TARK,44600,69.89,70.62,71.76,69,1712289600000000000,849
TARO,28728,42.06,42.13,42.14,41.89,1712289600000000000,582
TARS,1052733,34.76,34.74,35.46,34.33,1712289600000000000,4534
TASK,248050,11.07,10.79,11.2,10.74,1712289600000000000,3966
TAST,344588,9.5,9.48,9.51,9.48,1712289600000000000,1991
TATT,2647,11.45,11.64,11.64,11.4,1712289600000000000,48
TAXF,19018,50.08,50.05,50.18,50.04,1712289600000000000,98
TAXX,1034,49.9,49.9,49.9,49.9,1712289600000000000,4
TAYD,48229,54.51,60.8,61.695,54.51,1712289600000000000,1543
TBB,55715,23.61,23.74,23.79,23.54,1712289600000000000,391
TBBB,412318,23.31,23.26,23.44,23.11,1712289600000000000,4249
TBBK,623208,31.54,31.97,32.3,31.54,1712289600000000000,10204
TBC,20273,24.79,24.75,24.89,24.715,1712289600000000000,253
TBF,197812,23.89,23.95,23.96,23.7599,1712289600000000000,922
TBFC,0,25.7095,25.7095,25.7095,25.7095,1712289600000000000,0
TBFG,4,26.4729,26.4729,26.4729,26.4729,1712289600000000000,2
TBG,21107,29.19,29.1575,29.1901,28.95,1712289600000000000,82
TBI,215575,11.93,11.8,11.96,11.77,1712289600000000000,3494
TBIL,810782,49.88,49.88,49.88,49.87,1712289600000000000,2446
TBIO,18935,0.4505,0.44,0.4678,0.44,1712289600000000000,146
TBJL,4812,19.47,19.644,19.74,19.47,1712289600000000000,20
TBLA,1004674,4.3,4.4,4.41,4.25,1712289600000000000,6815
TBLAW,1445,0.3781,0.33,0.3781,0.32,1712289600000000000,40
TBLD,55381,15.99,16.07,16.35,15.955,1712289600000000000,260
TBLL,74626,105.58,105.57,105.58,105.56,1712289600000000000,431
TBLT,107457,2.65,2.38,2.6735,2.36,1712289600000000000,1118
TBMCR,102,0.1297,0.1297,0.1297,0.1297,1712289600000000000,3
TBNK,9818,7.73,7.77,7.94,7.65,1712289600000000000,99
TBPH,346351,9.14,9.31,9.33,9.05,1712289600000000000,3535
TBRG,123387,8.32,8.87,8.89,8.28,1712289600000000000,1766
TBT,608515,34.96,35.16,35.16,34.56,1712289600000000000,7133
TBUX,7341,49.31,49.36,49.38,49.31,1712289600000000000,107
TBX,8600,29.68,29.71,29.71,29.637,1712289600000000000,76
TC,117356,2.28,2,2.28,1.92,1712289600000000000,774
TCAF,418505,29.74,30.01,30.0962,29.7,1712289600000000000,1456
TCBI,612213,58.04,58.65,59.135,57.9,1712289600000000000,8594
TCBIO,7687,20,19.78,20.05,19.78,1712289600000000000,92
TCBK,100981,34.27,34.08,34.27,33.91,1712289600000000000,1968
TCBP,1540629,1.83,1.9,2.01,1.76,1712289600000000000,8017
TCBPW,44661,0.0399,0.0223,0.0399,0.0202,1712289600000000000,85
TCBS,110,14.65,14.65,14.65,14.65,1712289600000000000,5
TCBX,13163,18.99,19.09,19.19,18.99,1712289600000000000,575
TCHI,3473,16.22,16.23,16.25,16.1701,1712289600000000000,26
TCHP,94674,34.89,35.27,35.42,34.86,1712289600000000000,508
TCI,6948,36.18,35.83,36.5,35.83,1712289600000000000,194
TCJH,16908,1.48,1.48,1.54,1.4798,1712289600000000000,135
TCMD,290939,15.36,15.8,16.05,15.31,1712289600000000000,4295
TCN,1448402,11.15,11.16,11.17,11.14,1712289600000000000,3456
TCOM,2136548,48.47,48.14,48.47,47.65,1712289600000000000,28705
TCON,1888731,0.26,0.2553,0.27,0.2302,1712289600000000000,2454
TCPC,311969,10.06,10.14,10.14,10.01,1712289600000000000,2889
TCRT,25584,1.77,1.71,1.8,1.6547,1712289600000000000,236
TCRX,105838,7.03,7.09,7.2,6.9968,1712289600000000000,1769
TCS,189635,1.09,1.1,1.13,1.08,1712289600000000000,478
TCTM,7677,2.525,2.35,2.525,2.35,1712289600000000000,72
TCX,40246,17.64,17.95,18.02,17.64,1712289600000000000,661
TD,4395712,59.66,59.32,59.67,58.88,1712289600000000000,17428
TDC,938033,38.27,38.21,38.65,38.13,1712289600000000000,11024
TDCX,49940,7.08,7.1,7.12,7.05,1712289600000000000,334
TDF,44126,7.93,7.94,8.0099,7.92,1712289600000000000,304
TDG,152933,1212.55,1235.28,1237.125,1212.55,1712289600000000000,9273
TDI,1954,28.71,28.96,28.96,28.71,1712289600000000000,18
TDIV,113318,68.79,69.12,69.49,68.68,1712289600000000000,1039
TDOC,7666705,14.04,14.49,14.72,13.59,1712289600000000000,59886
TDS,744417,15.64,15.67,15.82,15.51,1712289600000000000,10226
TDSpU,18731,18.28,18.35,18.54,18.28,1712289600000000000,197
TDSpV,33691,15.63,15.71,15.88,15.58,1712289600000000000,274
TDSB,6275,21.89,21.8838,21.9,21.86,1712289600000000000,41
TDSC,21732,23.81,23.92,23.99,23.81,1712289600000000000,148
TDTF,99517,23.44,23.42,23.4715,23.41,1712289600000000000,412
TDTT,151675,23.62,23.61,23.64,23.61,1712289600000000000,391
TDUP,472332,1.77,1.79,1.84,1.74,1712289600000000000,3994
TDV,9062,70.37,70.8408,70.955,70.37,1712289600000000000,164
TDVG,26658,37.25,37.5361,37.619,37.25,1712289600000000000,207
TDVI,7000,22.45,22.4713,22.48,22.423,1712289600000000000,24
TDW,1150269,98.49,98.7,99.28,97.02,1712289600000000000,13719
TDW.WS,1424,13.96,14.21,14.3,13.96,1712289600000000000,25
TDY,218624,415.62,416.86,418.87,413.11,1712289600000000000,7891
TEAF,32262,11.76,11.8,11.83,11.7,1712289600000000000,172
TEAM,1185247,191.31,196.62,199.105,191.31,1712289600000000000,25292
TECB,30064,46.89,47.34,47.6,46.86,1712289600000000000,421
TECH,1053192,67.02,66.99,68.36,66.85,1712289600000000000,17548
TECK,3780678,46.8,46.73,46.93,46.31,1712289600000000000,31343
TECL,2242236,76,77.69,78.85,75.4817,1712289600000000000,23736
TECS,20340746,8.06,7.89,8.14,7.7728,1712289600000000000,16180
TECTP,4257,10.3219,10.35,10.36,10.3064,1712289600000000000,36
TEF,422322,4.27,4.29,4.3,4.25,1712289600000000000,2206
TEI,141823,5.35,5.36,5.375,5.34,1712289600000000000,420
TEL,1105711,144.73,144.65,145.79,143.46,1712289600000000000,22511
TELA,234662,5.26,5.03,5.33,4.95,1712289600000000000,1334
TELL,24980031,0.57,0.5618,0.5895,0.545,1712289600000000000,26961
TELO,42583,7.99,7.1,7.99,7,1712289600000000000,523
TELZ,12871,13.95,13.58,13.95,12.99,1712289600000000000,304
TEMP,93,43.4575,43.4575,43.4575,43.4575,1712289600000000000,6
TENB,560958,47.44,48.31,48.5,47.44,1712289600000000000,10635
TENK,134,11.09,11.09,11.09,11.09,1712289600000000000,8
TENKR,759,0.2038,0.2087,0.2088,0.2038,1712289600000000000,7
TENX,49422,3.81,3.82,3.96,3.66,1712289600000000000,315
TEO,387798,7.99,8,8.1999,7.96,1712289600000000000,2201
TEQI,32791,39.03,39.211,39.2475,39.03,1712289600000000000,81
TER,1143894,105.87,107.27,107.73,105.7,1712289600000000000,25668
TERN,985184,5.38,5.38,5.6032,5.28,1712289600000000000,8068
TETE,123353,11.71,11.74,11.74,11.71,1712289600000000000,29
TEVA,9242741,14.2,14.25,14.3287,13.95,1712289600000000000,39686
TEX,549979,64.63,65.1,65.89,64.505,1712289600000000000,10137
TFC,6167530,37.59,38.09,38.245,37.57,1712289600000000000,43738
TFCpI,17062,21.89,21.93,21.98,21.852,1712289600000000000,104
TFCpO,29655,23.69,23.66,23.795,23.66,1712289600000000000,275
TFCpR,23903,21.2,21.11,21.2959,21.11,1712289600000000000,254
TFFP,43140,4.73,4.49,4.9061,4.251,1712289600000000000,269
TFI,806820,45.94,45.88,46,45.87,1712289600000000000,1700
TFII,116539,157.62,158.91,160.52,157.62,1712289600000000000,3442
TFIN,81071,76.52,77.04,77.54,76.38,1712289600000000000,2024
TFJL,2365,19.98,19.9,20,19.9,1712289600000000000,14
TFLO,1461716,50.5,50.49,50.5,50.49,1712289600000000000,4179
TFLR,5803,51.75,51.77,51.79,51.7216,1712289600000000000,64
TFPM,148739,15.04,15.54,15.57,15.04,1712289600000000000,2152
TFPN,5616,25.66,25.7211,25.87,25.58,1712289600000000000,102
TFSL,238736,12.19,12.23,12.355,12.19,1712289600000000000,4454
TFX,304373,211.08,216.77,217.86,210.535,1712289600000000000,8424
TG,76500,6.52,6.56,6.69,6.48,1712289600000000000,1230
TGAA,119,11.14,11.14,11.14,11.14,1712289600000000000,5
TGAN,56702,4.92,4.92,4.93,4.91,1712289600000000000,558
TGB,2628572,2.31,2.38,2.41,2.285,1712289600000000000,5834
TGHpA,2302,25.12,25.1301,25.1301,25.12,1712289600000000000,9
TGHpB,15181,25.1,25.1,25.17,25.1,1712289600000000000,86
TGI,535444,14.29,14.41,14.55,14.24,1712289600000000000,4709
TGL,131123,5.38,5.36,5.8,5.29,1712289600000000000,1400
TGLR,12359,26.76,26.8952,26.98,26.76,1712289600000000000,63
TGLS,540739,52.54,53.94,53.95,52.54,1712289600000000000,5661
TGNA,1796504,14.17,14.21,14.25,14.0806,1712289600000000000,13845
TGRT,7843,31.96,32.27,32.335,31.95,1712289600000000000,71
TGRW,2908,34,34.3708,34.4499,33.995,1712289600000000000,67
TGS,1089522,16.86,18.55,19.95,16.86,1712289600000000000,9194
TGT,2333972,171.62,171.77,172.54,170.03,1712289600000000000,45370
TGTX,2299596,14.36,14.52,14.645,14.19,1712289600000000000,19723
TH,325732,10.89,10.85,10.95,10.79,1712289600000000000,3617
THAR,434722,0.465,0.4462,0.465,0.4106,1712289600000000000,711
THC,727287,100.69,102.18,103.39,100.21,1712289600000000000,14463
THCH,116950,1.08,1.08,1.1,1.05,1712289600000000000,159
THCP,155,10.38,10.38,10.38,10.38,1712289600000000000,2
THCPW,1975,0.16,0.169,0.19,0.16,1712289600000000000,10
THD,35531,58.4,58.99,59.06,58.4,1712289600000000000,334
THFF,22153,36.69,36.66,36.8,36.41,1712289600000000000,828
THG,110999,130.7,130.07,131.05,129.717,1712289600000000000,3982
THLV,4867,26.8,26.9797,26.98,26.8,1712289600000000000,24
THM,151884,0.655,0.6842,0.7197,0.64,1712289600000000000,300
THMO,35293,0.91,0.84,0.92,0.8188,1712289600000000000,305
THNQ,19649,42.81,43.23,43.5316,42.81,1712289600000000000,182
THO,338074,111.02,112.47,113.35,111.02,1712289600000000000,9406
THQ,159510,19.33,19.51,19.55,19.28,1712289600000000000,1266
THR,317861,32.81,32.68,33.09,32.01,1712289600000000000,4347
THRD,111988,9.97,10.7,11,9.875,1712289600000000000,1663
THRM,129025,55.02,54.72,55.92,54.65,1712289600000000000,3511
THRY,105361,21.63,21.85,21.86,21.2,1712289600000000000,1808
THS,628786,37.19,37.48,37.65,36.931,1712289600000000000,8995
THTA,34192,20.168,20.176,20.19,20.14,1712289600000000000,217
THTX,14919,1.59,1.51,1.59,1.43,1712289600000000000,119
THW,161101,12.6,12.57,12.6799,12.51,1712289600000000000,1093
THY,1306,22.35,22.3445,22.35,22.3445,1712289600000000000,4
THYF,10714,51.64,51.645,51.645,51.6,1712289600000000000,51
TIGO,49469,20.28,20.13,20.28,20.06,1712289600000000000,1245
TIGR,846457,3.33,3.35,3.41,3.3,1712289600000000000,3578
TIL,9062,11.16,11.16,11.16,10.81,1712289600000000000,361
TILE,242202,16.47,16.65,16.81,16.42,1712289600000000000,3611
TILL,672,21.66,21.62,21.695,21.62,1712289600000000000,18
TILT,2419,193.92,195.36,195.83,193.92,1712289600000000000,59
TIMB,384989,18.53,18.34,18.55,18.19,1712289600000000000,4515
TIME,8092,26.1,26.0774,26.16,26.0602,1712289600000000000,41
TINT,122,33.4636,33.4636,33.4636,33.4636,1712289600000000000,15
TINY,1220,48.77,49.1978,49.53,48.77,1712289600000000000,31
TIP,1608842,106.76,106.63,106.96,106.62,1712289600000000000,9236
TIPT,53796,17.07,16.99,17.13,16.91,1712289600000000000,1916
TIPX,136602,18.48,18.48,18.5,18.47,1712289600000000000,380
TIPZ,3274,52.6901,52.63,52.71,52.63,1712289600000000000,86
TIRX,44761,0.448,0.449699,0.4499,0.435449,1712289600000000000,75
TISI,15259,8.97,9.295,9.33,8.72,1712289600000000000,202
TITN,143931,23.62,23.61,23.78,23.28,1712289600000000000,3793
TIVC,27298,1.15,1.19,1.2146,1.15,1712289600000000000,117
TIXT,85245,8.42,8.42,8.54,8.3,1712289600000000000,1196
TJUL,6954,26.2,26.25,26.2772,26.2,1712289600000000000,35
TJX,5866238,96.16,96.81,97.28,95.925,1712289600000000000,59562
TK,561354,7.62,7.48,7.68,7.46,1712289600000000000,4758
TKC,658373,5.58,5.69,5.69,5.39,1712289600000000000,3808
TKLF,32440,0.254,0.2449,0.254,0.24,1712289600000000000,145
TKNO,6026,2.42,2.565,2.57,2.4,1712289600000000000,102
TKO,789595,92.22,92.51,93.01,91.375,1712289600000000000,16291
TKR,435440,86.01,87.83,87.87,85.39,1712289600000000000,9690
TLF,2404,4.58,4.6899,4.7,4.58,1712289600000000000,24
TLGY,263262,11.33,11.34,11.35,11.33,1712289600000000000,76
TLGYW,7428,0.0288,0.029,0.029,0.0285,1712289600000000000,19
TLH,506965,102.26,102.05,102.7,102.01,1712289600000000000,3753
TLIS,6365,8.44,8.4,8.75,8.0101,1712289600000000000,87
TLK,246240,21.34,21.2,21.44,21.19,1712289600000000000,3791
TLPH,164923,1.12,1.2,1.24,1.12,1712289600000000000,498
TLRY,40067508,2.605,2.595,2.74,2.49,1712289600000000000,61482
TLS,320158,4.11,4.08,4.16,4.06,1712289600000000000,3438
TLSA,28574,0.4628,0.4506,0.463599,0.4208,1712289600000000000,166
TLSI,16640,9.8,9.8,9.8,9.6143,1712289600000000000,218
TLT,42495899,91.69,91.39,92.18,91.38,1712289600000000000,147458
TLTD,10799,70.98,71.2621,71.3899,70.83,1712289600000000000,67
TLTE,4736,51.58,51.634,51.67,51.51,1712289600000000000,38
TLTW,458008,25.86,25.775,25.97,25.77,1712289600000000000,4730
TLYS,41036,6.33,6.29,6.41,6.27,1712289600000000000,1031
TM,191129,239,240.74,241.83,238.58,1712289600000000000,8989
TMAT,11593,16.81,16.921,17.05,16.81,1712289600000000000,127
TMC,987791,1.69,1.69,1.71,1.62,1712289600000000000,3239
TMCI,226205,11.79,12.01,12.12,11.77,1712289600000000000,4720
TMCWW,129350,0.1799,0.169,0.185,0.1527,1712289600000000000,287
TMDV,131,47.06,47.1581,47.1581,47.06,1712289600000000000,4
TMDX,1118374,76.9,85.04,85.2783,76.43,1712289600000000000,20093
TME,5735074,11.2,11.65,11.65,11.13,1712289600000000000,24344
TMET,21,27.47,27.47,27.47,27.47,1712289600000000000,2
TMF,5445914,49.89,49.44,50.72,49.42,1712289600000000000,65270
TMFC,55342,48.82,49.3481,49.51,48.8044,1712289600000000000,591
TMFE,7984,22.79,23,23.0699,22.79,1712289600000000000,70
TMFG,9369,29.77,29.9499,30,29.72,1712289600000000000,47
TMFM,806,26.53,26.5277,26.5301,26.5277,1712289600000000000,17
TMFS,2510,30.57,30.9139,31,30.57,1712289600000000000,45
TMFX,3208,17.09,17.1605,17.175,17.09,1712289600000000000,61
TMHC,1078364,59.04,59.65,59.77,58.83,1712289600000000000,15139
TMO,1181253,570.22,579.46,583.84,569.06,1712289600000000000,33242
TMP,42597,47.25,46.85,47.335,46.5601,1712289600000000000,1382
TMQ,196772,0.4805,0.482,0.4979,0.4805,1712289600000000000,268
TMSL,6688,30.52,30.7576,30.8066,30.52,1712289600000000000,43
TMTC,414,10.785,10.78,10.785,10.78,1712289600000000000,16
TMTCR,200,0.18,0.18,0.18,0.18,1712289600000000000,2
TMUS,3180581,161.38,161.11,162.3201,160.3,1712289600000000000,53813
TMV,2864773,36.44,36.81,36.81,35.9,1712289600000000000,20404
TNA,16503961,38.5,39.26,39.95,38.35,1712289600000000000,83412
TNC,93030,121.87,121.8,122.92,120.85,1712289600000000000,2780
TNDM,812325,33,33.66,34.16,32.75,1712289600000000000,13285
TNET,175385,128.16,128.82,129.525,127.33,1712289600000000000,4957
TNGX,425811,7.53,7.38,7.76,7.245,1712289600000000000,5343
TNK,266268,59.59,58.86,59.955,58.86,1712289600000000000,5681
TNL,589874,46.5,46.62,47.13,46.36,1712289600000000000,11120
TNON,21872,0.9484,0.93,0.9484,0.9011,1712289600000000000,117
TNP,244121,26.74,26.38,26.85,26.35,1712289600000000000,4040
TNPpE,9791,26.09,26.14,26.38,26.03,1712289600000000000,80
TNPpF,5195,26.8501,26.88,26.9397,26.8,1712289600000000000,40
TNXP,5717649,0.1859,0.1734,0.1864,0.1711,1712289600000000000,8274
TNYA,372467,4.54,4.69,4.72,4.45,1712289600000000000,2432
TOI,77067,1.47,1.5,1.52,1.465,1712289600000000000,508
TOIIW,4654,0.217,0.2195,0.2203,0.1968,1712289600000000000,54
TOK,4089,105.61,106.4674,106.49,105.61,1712289600000000000,57
TOKE,9010,6.48,6.425,6.48,6.3101,1712289600000000000,109
TOL,765444,122.5,125.14,125.48,122.38,1712289600000000000,15253
TOLL,199,31.246,31.2766,31.2766,31.246,1712289600000000000,4
TOLZ,5389,45.08,45.179,45.2581,44.9079,1712289600000000000,61
TOMZ,84877,0.68,0.63,0.68,0.5225,1712289600000000000,140
TOON,186605,1.43,1.48,1.54,1.41,1712289600000000000,1074
TOP,69599,2.7,2.68,2.7,2.62,1712289600000000000,940
TOPS,13545,13.69,13.53,13.8115,13.4001,1712289600000000000,261
TORO,15498,4.94,4.89,5.0299,4.83,1712289600000000000,354
TOST,5849141,23.2,23.12,23.47,22.875,1712289600000000000,41884
TOTL,549590,39.58,39.56,39.65,39.55,1712289600000000000,1926
TOTR,2560,40.055,39.9969,40.09,39.9969,1712289600000000000,46
TOUR,272179,0.78,0.7737,0.815,0.7604,1712289600000000000,362
TOUS,4208,27.2,27.3299,27.3539,27.2,1712289600000000000,9
TOVX,21468,0.448,0.448,0.448,0.43,1712289600000000000,131
TOWN,196133,27.02,27.22,27.39,27,1712289600000000000,3254
TPB,60887,27.45,27.46,27.64,27.19,1712289600000000000,1792
TPC,575442,15.39,15.67,15.86,15.36,1712289600000000000,5765
TPCS,4242,3.31,3.34,3.39,3.31,1712289600000000000,35
TPET,31639599,0.1426,0.1797,0.187,0.1373,1712289600000000000,24728
TPG,729186,43.87,44.46,44.71,43.61,1712289600000000000,9662
TPGXL,6042,25.925,25.99,26.01,25.905,1712289600000000000,157
TPH,981170,36.88,37.26,37.52,36.88,1712289600000000000,9845
TPHD,67212,35.74,35.89,35.89,35.659,1712289600000000000,137
TPHE,2944,24.3,24.4599,24.4599,24.3,1712289600000000000,35
TPHS,312348,0.1438,0.14,0.14735,0.1322,1712289600000000000,388
TPIC,1027094,2.77,2.79,2.83,2.67,1712289600000000000,6170
TPIF,6644,26.8,26.98,27.03,26.79,1712289600000000000,107
TPL,49364,598.93,596.22,599.255,585,1712289600000000000,4469
TPLC,15668,41.2212,41.4896,41.4973,41.2212,1712289600000000000,171
TPLE,1654,24.58,24.7353,24.76,24.58,1712289600000000000,24
TPMN,2236,23.5,23.4663,23.51,23.4663,1712289600000000000,31
TPOR,9383,35.59,36.74,37.1601,35.59,1712289600000000000,204
TPR,3912048,43.22,42.93,43.35,42.64,1712289600000000000,45769
TPSC,17006,35.5937,35.8108,35.8857,35.5937,1712289600000000000,112
TPST,2519989,4.38,3.72,4.46,3.57,1712289600000000000,13223
TPTA,39847,12.1501,12.25,12.25,11.74,1712289600000000000,146
TPVG,189535,9.17,9.25,9.27,9.139,1712289600000000000,1820
TPX,1713249,53.51,53.7,54.01,53.11,1712289600000000000,20280
TPYP,15985,27.76,27.74,27.84,27.5968,1712289600000000000,131
TPZ,7487,15.63,15.59,15.65,15.521,1712289600000000000,66
TQQQ,77448632,58.4,59.86,60.9287,58.055,1712289600000000000,429788
TR,77200,31.43,31.35,31.43,30.89,1712289600000000000,2068
TRAK,119607,16.98,17.65,17.93,16.71,1712289600000000000,1425
TRAW,177465,0.84,0.8081,0.85,0.7901,1712289600000000000,985
TRC,50275,15.09,15.12,15.2,15.02,1712289600000000000,865
TRDA,104020,13.83,13.81,14.06,13.52,1712289600000000000,2480
TREE,135028,38.13,39.44,39.65,38.13,1712289600000000000,3501
TRES,4040,17.41,17.375,17.43,17.36,1712289600000000000,78
TREX,459506,95.22,96.33,96.79,94.27,1712289600000000000,10333
TRFK,7087,42.02,42.26,42.45,42.01,1712289600000000000,92
TRFM,2891,32.89,33.1188,33.287,32.89,1712289600000000000,25
TRGP,1177416,115,115.97,116.12,114.35,1712289600000000000,22600
TRI,228805,151.76,151.94,152.91,151.535,1712289600000000000,5299
TRIB,7843,2,1.98,2.1,1.97,1712289600000000000,73
TRIN,573686,14.41,14.46,14.5,14.4,1712289600000000000,5226
TRINL,4494,25.19,25.206,25.22,25.145,1712289600000000000,46
TRINZ,58642,25.28,25.33,25.4,25.27,1712289600000000000,307
TRIP,1100007,27.09,27.24,27.49,27.04,1712289600000000000,18663
TRIS,127,11.02,11.02,11.02,11.02,1712289600000000000,4
TRMB,2794043,61.25,61.45,61.74,60.85,1712289600000000000,34433
TRMD,518538,35.38,35.37,35.6798,35.25,1712289600000000000,6626
TRMK,237327,26.82,27.14,27.245,26.77,1712289600000000000,3830
TRML,211290,21.9,22.61,22.66,21.22,1712289600000000000,4159
TRN,455098,27.62,27.93,28.19,27.415,1712289600000000000,7545
TRND,726,31.16,31.326,31.33,31.16,1712289600000000000,11
TRNO,522666,62.75,63.35,63.48,62.505,1712289600000000000,11207
TRNR,146956,0.2475,0.2415,0.255,0.234,1712289600000000000,195
TRNS,25889,106.28,107.13,107.8,106.28,1712289600000000000,902
TRONW,3320,0.0998,0.0665,0.0998,0.05,1712289600000000000,18
TROO,10441,1.22,1.17,1.23,1.17,1712289600000000000,146
TROW,1197305,117.21,116.64,117.21,114.88,1712289600000000000,27370
TROX,892346,16.8,16.96,16.99,16.54,1712289600000000000,11459
TRP,2610887,38.55,38.21,38.67,38.045,1712289600000000000,16100
TRS,203295,26.31,26.42,26.555,26.23,1712289600000000000,2447
TRST,65425,27.16,26.98,27.16,26.8702,1712289600000000000,1866
TRT,2419,6.54,6.67,6.7,6.54,1712289600000000000,39
TRTL,2580,10.77,10.77,10.77,10.77,1712289600000000000,9
TRTL.WS,21333,0.102,0.14,0.1499,0.0936,1712289600000000000,47
TRTNpA,1092,25.5,25.6,25.615,25.5,1712289600000000000,13
TRTNpB,6614,25.17,25.18,25.23,25.1,1712289600000000000,59
TRTNpC,5200,24.82,24.8,24.84,24.7,1712289600000000000,58
TRTNpD,5025,23.79,23.68,24.57,23.66,1712289600000000000,59
TRTNpE,3569,20.32,20.2235,20.42,20.2098,1712289600000000000,22
TRTX,371509,7.58,7.63,7.6499,7.515,1712289600000000000,3647
TRTXpC,480,16.72,16.72,16.72,16.72,1712289600000000000,10
TRTY,2703,25.88,25.9526,26.02,25.86,1712289600000000000,35
TRU,2038923,76.3,77.85,78.16,76.11,1712289600000000000,22256
TRUE,170500,3.3,3.33,3.36,3.25,1712289600000000000,1267
TRUG,44022,1.37,1.4,1.41,1.33,1712289600000000000,213
TRUP,543164,25.13,26.1,26.11,24.1,1712289600000000000,8883
TRV,857048,230.46,230.89,231.605,229.24,1712289600000000000,21887
TRVG,29421,2.72,2.72,2.83,2.72,1712289600000000000,449
TRVI,334155,3.08,3.07,3.19,3.03,1712289600000000000,1024
TRVN,82577,0.404,0.417,0.42,0.399,1712289600000000000,317
TRX,525466,0.43,0.459001,0.4698,0.43,1712289600000000000,742
TS,1240469,40.03,39.94,40.15,39.625,1712289600000000000,15067
TSAT,29003,7.9868,7.88,8,7.85,1712289600000000000,282
TSBK,4621,25.47,25.75,25.75,25.26,1712289600000000000,192
TSBX,306155,3.23,3.21,3.49,2.93,1712289600000000000,2125
TSCO,1228550,252.51,252.49,254.3,250.68,1712289600000000000,22092
TSDD,340191,26.91,28.23,29.45,26.351,1712289600000000000,1857
TSE,402833,3.9,3.61,3.93,3.61,1712289600000000000,3635
TSEC,3251,25.87,25.855,25.87,25.855,1712289600000000000,1
TSEM,345056,32.9,32.64,33,32.28,1712289600000000000,5579
TSHA,1024971,2.66,2.68,2.72,2.605,1712289600000000000,6791
TSI,42769,4.7,4.705,4.73,4.7,1712289600000000000,203
TSL,242191,6.59,6.4,6.675,6.19,1712289600000000000,1503
TSLA,143157603,169.08,164.9,170.86,160.51,1712289600000000000,1549579
TSLH,2,22.6672,22.6672,22.6672,22.6672,1712289600000000000,2
TSLL,33961493,7.49,7.11,7.64,6.72,1712289600000000000,94944
TSLP,6061,18.59,18.8628,19.25,18.59,1712289600000000000,147
TSLQ,4003133,39.81,40.77,41.75,39.39,1712289600000000000,30839
TSLR,798024,11.25,10.68,11.48,10.1,1712289600000000000,2844
TSLS,3181888,26.46,27.08,27.75,26.1776,1712289600000000000,14493
TSLT,9289177,10.26,9.76,10.48,9.21,1712289600000000000,43885
TSLX,352710,20.92,20.98,21,20.85,1712289600000000000,3622
TSLY,1498293,15,14.65,15.09,14.29,1712289600000000000,18970
TSLZ,2182132,42.58,44.55,46.64,41.71,1712289600000000000,15689
TSM,8263641,140,141.36,142,138.92,1712289600000000000,126347
TSME,9067,33.8,34.1,34.14,33.8,1712289600000000000,68
TSN,1901411,59.41,59.05,59.41,58.72,1712289600000000000,25959
TSPA,44733,32.25,32.54,32.61,32.25,1712289600000000000,136
TSQ,90877,12,12.55,12.72,12,1712289600000000000,1120
TSVT,4392047,5.41,4.92,5.9,4.915,1712289600000000000,26329
TT,811443,299.96,304.67,305.59,298.93,1712289600000000000,22621
TTAC,288801,59.58,59.88,60.0357,59.4639,1712289600000000000,144
TTAI,323531,29.56,29.6211,29.68,29.45,1712289600000000000,134
TTC,360563,87.37,86.81,87.79,86.58,1712289600000000000,8649
TTD,1939098,84.58,85.83,86.93,84.12,1712289600000000000,32569
TTE,950619,72.64,72.87,72.91,72.17,1712289600000000000,14553
TTEC,876030,8.63,8.6,8.77,8.18,1712289600000000000,9968
TTEK,283627,190.37,193,193.84,189.25,1712289600000000000,8482
TTGT,48322,30.97,30.69,31.11,30.48,1712289600000000000,1379
TTI,2335787,4.7,4.93,4.995,4.6878,1712289600000000000,11742
TTMI,303772,14.57,14.6,14.69,14.515,1712289600000000000,5236
TTNP,4186,7.25,6.85,7.25,6.8225,1712289600000000000,164
TTOO,89991,2.92,2.83,2.99,2.75,1712289600000000000,825
TTP,2952,31.35,31.4485,31.8158,31.35,1712289600000000000,27
TTSH,121595,6.9,6.94,7.1,6.83,1712289600000000000,1313
TTT,5872,75.57,76.1108,76.1108,74.9835,1712289600000000000,123
TTWO,1357341,149.82,151.04,151.82,149.82,1712289600000000000,28393
TU,2707440,15.87,16.02,16.16,15.82,1712289600000000000,13001
TUA,315532,21.72,21.63,21.76,21.62,1712289600000000000,1069
TUG,25747,31.59,31.66,31.7599,31.5,1712289600000000000,130
TUGN,20350,23.6,23.42,23.6,23.3,1712289600000000000,98
TUP,757743,1.24,1.2,1.245,1.18,1712289600000000000,2082
TUR,214417,38.05,38.8,38.93,38,1712289600000000000,2521
TURB,13451,1.142,1.1663,1.17,1.14,1712289600000000000,28
TURN,24844,4.1701,4.17,4.2934,4.12,1712289600000000000,103
TUSI,12795,25.22,25.22,25.22,25.22,1712289600000000000,4
TUSK,49388,3.63,3.62,3.67,3.56,1712289600000000000,458
TUYA,96193,1.72,1.73,1.7768,1.71,1712289600000000000,731
TV,868594,3.23,3.28,3.31,3.1707,1712289600000000000,3982
TVAL,6770,29.6113,29.83,29.85,29.6113,1712289600000000000,54
TVC,6126,22.19,22.17,22.23,22.17,1712289600000000000,61
TVE,16192,21.96,21.77,21.96,21.67,1712289600000000000,187
TVGN,515561,3.44,2.92,3.44,2.84,1712289600000000000,3631
TVTX,715668,6.84,7.04,7.13,6.65,1712289600000000000,8341
TW,897027,100.67,102.4,102.45,100.05,1712289600000000000,11877
TWI,181183,12.37,12.33,12.44,12.26,1712289600000000000,3552
TWIN,29655,16.745,17.59,17.62,16.608,1712289600000000000,556
TWIO,11914,8.93,8.96,8.97,8.93,1712289600000000000,3
TWKS,444054,2.37,2.35,2.37,2.3382,1712289600000000000,4128
TWLO,1832577,60,60.08,60.62,59.63,1712289600000000000,26891
TWLVW,337326,0.0851,0.1001,0.10375,0.0556,1712289600000000000,461
TWM,5359176,11.26,11.11,11.27,10.98,1712289600000000000,5193
TWN,2727,40.405,40.4,40.4269,40.32,1712289600000000000,19
TWO,889352,12.36,12.35,12.4699,12.27,1712289600000000000,5577
TWOpA,2444,23.68,23.65,23.68,23.43,1712289600000000000,36
TWOpB,6885,23.25,23.37,23.48,23.25,1712289600000000000,65
TWOpC,3611,23.65,23.5658,23.65,23.54,1712289600000000000,50
TWOU,962770,0.37,0.352,0.3849,0.35,1712289600000000000,2658
TWST,631065,31.57,32.61,33.09,31.21,1712289600000000000,10202
TX,156820,42.03,42.28,42.405,41.805,1712289600000000000,1980
TXG,1294668,35.37,36.25,36.51,35.28,1712289600000000000,19231
TXMD,12991,2.26,2.205,2.26,2.205,1712289600000000000,223
TXN,5012314,168.57,167.5,169.25,167.14,1712289600000000000,83945
TXO,58946,18.28,18.27,18.64,17.75,1712289600000000000,519
TXRH,822745,148.8,149.99,152.11,148.4,1712289600000000000,17758
TXS,2280,27.73,27.9367,27.9866,27.73,1712289600000000000,50
TXSS,403,25.23,25.1869,25.23,25.18,1712289600000000000,5
TXT,926801,95.77,96.65,96.69,95.74,1712289600000000000,18046
TY,29250,30.2,30.37,30.467,30.07,1712289600000000000,328
TYA,8563,12.97,12.94,13.02,12.94,1712289600000000000,67
TYD,21473,25.1691,24.94,25.26,24.94,1712289600000000000,247
TYG,31860,31.21,31.43,31.43,30.96,1712289600000000000,246
TYGO,10501,1.04,1.025,1.04,0.9901,1712289600000000000,83
TYL,210306,415.28,415.18,419.88,413.97,1712289600000000000,8287
TYLD,1832,25.2096,25.2,25.21,25.2,1712289600000000000,22
TYLG,652,31.57,31.733,31.733,31.57,1712289600000000000,30
TYO,29183,14.45,14.49,14.49,14.31,1712289600000000000,253
TYRA,126673,18.09,18,18.25,17.74,1712289600000000000,2469
TZA,28882893,18.66,18.29,18.72,17.96,1712289600000000000,46285
TZOO,75848,9.74,9.95,10.1,9.7,1712289600000000000,1005
U,5461686,25.12,25.36,25.6,24.89,1712289600000000000,51354
UA,2213462,6.6,6.55,6.69,6.54,1712289600000000000,14023
UAA,5499577,6.89,6.82,6.965,6.82,1712289600000000000,23985
UAE,2777,14.88,14.96,14.96,14.86,1712289600000000000,52
UAL,7514026,43.22,43.19,43.5,42.76,1712289600000000000,61184
UAMY,831505,0.256,0.2426,0.26,0.2362,1712289600000000000,579
UAN,16140,81.05,80.65,81.41,79.975,1712289600000000000,512
UAPR,97166,27.93,28.06,28.08,27.905,1712289600000000000,281
UAUG,6115,32.42,32.49,32.55,32.42,1712289600000000000,47
UAVS,567189,0.659,0.6848,0.739899,0.65,1712289600000000000,1560
UBCP,1519,14.24,14.16,14.24,14.13,1712289600000000000,23
UBER,21572026,75.34,77.16,78.395,74.92,1712289600000000000,176269
UBFO,15049,7.44,7.35,7.44,7.2559,1712289600000000000,132
UBND,2374,21.37,21.36,21.37,21.3508,1712289600000000000,6
UBOT,17053,22.78,23.1,23.31,22.68,1712289600000000000,289
UBR,2612,27.131,27.1573,27.1573,27.0401,1712289600000000000,24
UBS,2397594,30.9,31.27,31.42,30.89,1712289600000000000,19300
UBSI,297962,33.88,34.06,34.27,33.71,1712289600000000000,6743
UBT,58053,19.12,19,19.25,18.96,1712289600000000000,337
UBX,117092,1.6,1.57,1.6,1.52,1712289600000000000,643
UBXG,98636,5.05,4.9806,5.2,4.9,1712289600000000000,365
UCAR,230118,5.3,4.7,5.45,4.7,1712289600000000000,9386
UCBI,372105,25.08,25.31,25.44,24.8701,1712289600000000000,6799
UCBIO,9130,24,23.76,24.3999,23.72,1712289600000000000,98
UCC,595,35.2903,35.2465,35.2903,35.2465,1712289600000000000,19
UCIB,6937,26.66,26.2749,27,25.285,1712289600000000000,31
UCL,6638,1.51,1.52,1.53,1.51,1712289600000000000,46
UCO,1081230,35.66,35.34,36.025,35.29,1712289600000000000,7879
UCON,300182,24.5,24.49,24.5286,24.49,1712289600000000000,1005
UCRD,0,20.8641,20.8641,20.8641,20.8641,1712289600000000000,0
UCTT,107817,45.09,45.68,46.04,45.09,1712289600000000000,2533
UCYB,1012,40.11,40.58,40.8275,40.11,1712289600000000000,31
UDEC,12490,33.33,33.3147,33.33,33.3,1712289600000000000,9
UDI,1,26.9628,26.9628,26.9628,26.9628,1712289600000000000,1
UDIV,238,39.95,39.9465,39.95,39.9465,1712289600000000000,8
UDMY,759782,10.46,10.49,10.625,10.42,1712289600000000000,7727
UDN,72818,18.01,18.0397,18.05,17.97,1712289600000000000,176
UDOW,3193776,77.73,79.29,80.25,77.619,1712289600000000000,30456
UDR,1530289,36.23,36.51,36.63,36.07,1712289600000000000,16147
UE,368964,16.59,16.63,16.68,16.46,1712289600000000000,3775
UEC,4980430,7.34,7.28,7.395,7.1601,1712289600000000000,22425
UEIC,19429,10.04,10.1,10.18,9.97,1712289600000000000,594
UEVM,2920,46.0101,46.1057,46.1057,46.0101,1712289600000000000,12
UFCS,144075,21.47,21.39,21.63,21.32,1712289600000000000,1214
UFEB,3973,30.6401,30.7066,30.76,30.6401,1712289600000000000,15
UFI,61054,5.88,5.83,5.91,5.73,1712289600000000000,366
UFIV,5062,48.07,48.0105,48.11,48,1712289600000000000,37
UFO,2857,16.04,16.04,16.11,16,1712289600000000000,167
UFPI,182775,118.4,118.81,120.02,117.94,1712289600000000000,4909
UFPT,55742,248.9,251.35,254.67,248.9,1712289600000000000,2589
UG,20467,7.75,7.6,7.75,7.35,1712289600000000000,218
UGA,20658,73.04,72.64,73.47,72.5301,1712289600000000000,393
UGE,469,16.4984,16.6588,16.6588,16.4984,1712289600000000000,35
UGI,1608370,24.78,25.1,25.15,24.56,1712289600000000000,18097
UGIC,2482,59.53,59.94,59.94,58.27,1712289600000000000,40
UGL,346082,76.98,78.84,79.38,76.79,1712289600000000000,2906
UGP,1431088,5.62,5.54,5.635,5.495,1712289600000000000,7188
UGRO,27083,1.63,1.64,1.7204,1.6,1712289600000000000,225
UHAL,71253,66.39,66.24,66.9499,65.92,1712289600000000000,2502
UHAL.B,335065,64.62,64.87,65.805,64.62,1712289600000000000,3928
UHG,10159,6.95,7.01,7.23,6.916,1712289600000000000,176
UHGWW,18310,1.08,1.045,1.14,0.7969,1712289600000000000,130
UHS,388934,172.82,173.43,173.95,171.82,1712289600000000000,10326
UHT,59903,34.25,34.28,34.7599,34.2001,1712289600000000000,2157
UI,77356,109.01,106.69,109.01,106.09,1712289600000000000,3143
UIS,416381,5.39,5.49,5.51,5.31,1712289600000000000,4056
UITB,88853,46,45.955,46.0867,45.95,1712289600000000000,344
UIVM,232,48.43,48.47,48.47,48.43,1712289600000000000,20
UJAN,5988,35.89,35.9616,36,35.89,1712289600000000000,18
UJB,82,67.7987,67.7987,67.7987,67.7987,1712289600000000000,19
UJUL,5015,31.76,31.76,31.775,31.76,1712289600000000000,16
UJUN,251,30.98,31.0097,31.0097,30.98,1712289600000000000,8
UK,8643,2.21,2.11,2.28,2.11,1712289600000000000,161
UL,2242539,48.48,48.44,48.5,48.245,1712289600000000000,19833
ULBI,31058,9.3,9.28,9.5,9.1,1712289600000000000,724
ULCC,966014,7.18,7.13,7.25,7.015,1712289600000000000,9694
ULE,3361,11.34,11.4268,11.4268,11.34,1712289600000000000,33
ULH,19581,35.82,34.63,36.33,34.43,1712289600000000000,529
ULST,66040,40.36,40.34,40.36,40.34,1712289600000000000,394
ULTA,1285887,447.23,444.75,455.4,441.42,1712289600000000000,34622
ULTR,21,47.93,47.93,47.93,47.93,1712289600000000000,2
ULTY,156195,17.88,17.949,18.1499,17.69,1712289600000000000,2059
ULVM,7,75.33,75.33,75.33,75.33,1712289600000000000,7
ULY,20762,1.75,1.792,1.8,1.655,1712289600000000000,93
UMAC,110305,1.75,1.9,2.08,1.71,1712289600000000000,408
UMAR,17084,32.415,32.51,32.54,32.415,1712289600000000000,46
UMAY,1985,30.2798,30.29,30.31,30.276,1712289600000000000,15
UMBF,178473,82.74,83.27,83.83,82.56,1712289600000000000,3346
UMC,4837902,7.99,8.06,8.08,7.94,1712289600000000000,15691
UMDD,5360,26.1,26.6623,26.76,25.95,1712289600000000000,86
UMH,311011,15.77,15.6,15.83,15.6,1712289600000000000,3613
UMHpD,5808,22.8017,22.765,22.86,22.65,1712289600000000000,105
UMI,19222,40.65,40.5154,40.65,40.33,1712289600000000000,82
UMMA,19101,23.74,23.83,23.8977,23.6,1712289600000000000,825
UNB,1158,30.01,29.67,30.01,29.56,1712289600000000000,59
UNCY,238124,1.48,1.42,1.49,1.37,1712289600000000000,739
UNF,114284,164.01,164,164.7,163.28,1712289600000000000,3048
UNFI,908989,10.46,10.43,10.53,10.27,1712289600000000000,7665
UNG,5235932,14.91,14.87,15.245,14.82,1712289600000000000,21447
UNH,5747375,450.685,455.74,457.75,450.01,1712289600000000000,121755
UNIT,1367904,5.7,5.62,5.72,5.59,1712289600000000000,8652
UNIY,0,48.32,48.32,48.32,48.32,1712289600000000000,0
UNL,19631,7.7,7.71,7.81,7.7,1712289600000000000,97
UNM,748293,53.74,53.73,53.94,53.5,1712289600000000000,13007
UNMA,12069,25.03,24.95,25.03,24.88,1712289600000000000,144
UNOV,563,32.63,32.635,32.635,32.63,1712289600000000000,11
UNP,1503722,241.57,242.01,242.81,240.72,1712289600000000000,33242
UNTY,4711,26.66,26.68,26.885,26.6,1712289600000000000,216
UOCT,5995,33.5,33.5299,33.5299,33.5,1712289600000000000,18
UONE,60168,2.35,2.38,2.46,2.2975,1712289600000000000,599
UONEK,27704,1.99,1.98,2.045,1.97,1712289600000000000,335
UP,552742,2.63,2.66,2.7,2.51,1712289600000000000,4660
UPAR,5826,13.62,13.59,13.6599,13.57,1712289600000000000,16
UPBD,306645,32.02,33,33,31.93,1712289600000000000,6742
UPC,95404,2.19,2.14,2.26,2.11,1712289600000000000,376
UPGD,3034,65.053,65.3842,65.44,65.053,1712289600000000000,30
UPGR,40,19.2999,19.2999,19.2999,19.2999,1712289600000000000,9
UPLD,97507,2.83,2.89,2.905,2.79,1712289600000000000,1068
UPRO,8073697,66.9,68.4,69.21,66.72,1712289600000000000,66821
UPS,3374041,149.69,151.36,151.71,148.18,1712289600000000000,57487
UPST,3015505,24.74,24.66,25.36,24.54,1712289600000000000,30420
UPV,525,61.69,61.8569,61.8569,61.69,1712289600000000000,4
UPW,914,54.5501,55.2894,55.2894,54.5501,1712289600000000000,19
UPWK,2128250,11.95,11.91,12.055,11.81,1712289600000000000,15346
UPXI,25334,0.55,0.595,0.6,0.5276,1712289600000000000,158
URA,2573559,30.44,30.54,31.015,30.0601,1712289600000000000,18152
URBN,1887933,40.48,39.75,40.72,39.43,1712289600000000000,25504
URE,1970,56.93,57.7233,57.7233,56.93,1712289600000000000,36
URG,2016605,1.72,1.77,1.79,1.705,1712289600000000000,3880
URGN,128770,13.54,13.6,13.98,13.214,1712289600000000000,1848
URI,275893,695.77,706.87,710.14,695.02,1712289600000000000,15231
URNJ,107920,27.01,27.38,27.95,26.875,1712289600000000000,795
URNM,388370,52.9,53.12,54.03,52.13,1712289600000000000,3910
UROY,1260365,2.56,2.57,2.6381,2.53,1712289600000000000,3865
URTH,159247,142.47,143.56,144,142.4,1712289600000000000,2046
URTY,539678,45.34,46.17,47,45.15,1712289600000000000,3302
USA,607503,7.08,7.08,7.12,7.05,1712289600000000000,1723
USAC,431207,27.8,26.48,27.8,26.42,1712289600000000000,4701
USAI,5845,31.75,31.7638,31.79,31.5599,1712289600000000000,77
USAP,110247,25.89,27,27.52,25.19,1712289600000000000,2111
USAS,3423879,0.25,0.255,0.2586,0.235,1712289600000000000,5268
USAU,95529,4.01,4.0934,4.1946,3.981,1712289600000000000,526
USB,4580870,42.75,43.03,43.295,42.66,1712289600000000000,52137
USBpA,19970,881.03,881.03,881.03,881.03,1712289600000000000,97
USBpH,89432,20.96,21.03,21.1199,20.96,1712289600000000000,508
USBpP,36597,24.52,24.56,24.66,24.52,1712289600000000000,335
USBpQ,12176,17.3,17.36,17.5,17.29,1712289600000000000,100
USBpR,23909,18.32,18.36,18.44,18.27,1712289600000000000,241
USBpS,22475,20.53,20.6,20.65,20.4501,1712289600000000000,246
USBF,14,83.0503,83.0503,83.0503,83.0503,1712289600000000000,3
USCA,155213,32.24,32.5143,32.5143,32.24,1712289600000000000,6
USCB,6688,11.11,11.07,11.11,11.07,1712289600000000000,275
USCF,201,28.63,28.73,28.74,28.63,1712289600000000000,3
USCI,9203,62.53,62.7237,62.99,62.4811,1712289600000000000,196
USCL,157,61.65,61.62,61.65,61.62,1712289600000000000,6
USCTW,67123,0.0137,0.0136,0.01371,0.0075,1712289600000000000,240
USD,454042,92.99,94.7,95.9889,91.39,1712289600000000000,6884
USDU,77280,26.24,26.16,26.24,26.1513,1712289600000000000,968
USDX,64391,25.12,25.14,25.65,25.12,1712289600000000000,120
USE,5,39.0469,39.0469,39.0469,39.0469,1712289600000000000,3
USEA,150076,2.53,2.43,2.545,2.33,1712289600000000000,753
USEG,118815,1.25,1.295,1.34,1.21,1712289600000000000,529
USEP,8509,32.76,32.8345,32.86,32.76,1712289600000000000,46
USFD,2342202,50.16,50.54,50.75,49.79,1712289600000000000,27489
USFI,11,23.95,23.95,23.95,23.95,1712289600000000000,2
USFR,3609077,50.35,50.35,50.36,50.3482,1712289600000000000,5555
USG,534,27.1799,27.106,27.1799,27.04,1712289600000000000,15
USGO,20889,6,6.63,6.9,6,1712289600000000000,197
USGOW,5405,1.78,1.3682,1.79,1.05,1712289600000000000,47
USHY,3936523,36.15,36.12,36.17,36.11,1712289600000000000,11428
USIG,1171029,50.1,50.09,50.225,50.06,1712289600000000000,7002
USIN,1329,49.38,49.3225,49.4,49.3225,1712289600000000000,6
USIO,16938,1.52,1.49,1.53,1.46,1712289600000000000,112
USL,38277,41.76,41.3984,41.82,41.37,1712289600000000000,154
USLM,23368,300.63,305,305.2,300.25,1712289600000000000,1424
USM,262204,35.99,35.5,36.1,35.38,1712289600000000000,3865
USMC,25377,50.26,50.62,50.81,50.25,1712289600000000000,189
USMF,9586,45.65,46.023,46.06,45.65,1712289600000000000,47
USML,0,34.1419,34.1419,34.1419,34.1419,1712289600000000000,0
USMV,1893660,81.96,82.34,82.565,81.87,1712289600000000000,15720
USNA,145602,45.92,45.97,46.0892,45.27,1712289600000000000,2575
USNZ,0,33.47,33.47,33.47,33.47,1712289600000000000,0
USO,3842792,82.58,82.4,83.25,82.12,1712289600000000000,36054
USOI,28654,78.62,78.53,78.65,78.2487,1712289600000000000,909
USPH,80237,105.76,106.43,108.16,104.37,1712289600000000000,2517
USPX,15569,45.18,45.48,45.62,45.18,1712289600000000000,157
USRD,454,29.01,29.08,29.16,29.01,1712289600000000000,8
USRT,160419,51.78,52.22,52.33,51.67,1712289600000000000,1493
USSE,4294,28.1322,28.18,28.245,28.1322,1712289600000000000,13
USSG,48723,48.28,48.71,48.83,48.28,1712289600000000000,653
USSH,250,50,50,50,50,1712289600000000000,3
UST,2639,42.18,42,42.18,42,1712289600000000000,51
USTB,36799,49.93,49.75,49.93,49.7,1712289600000000000,241
USVM,8065,78.67,78.58,78.75,78.55,1712289600000000000,93
USVN,0,47.3097,47.3097,47.3097,47.3097,1712289600000000000,0
USVT,123,31.3936,31.3936,31.3936,31.3936,1712289600000000000,8
USXF,49666,44.02,44.28,44.47,44.0065,1712289600000000000,455
UTEN,11771,43.32,43.27,43.46,43.27,1712289600000000000,115
UTES,4439,47.91,48.6,48.6044,47.91,1712289600000000000,72
UTF,192929,23.4,23.32,23.46,23.29,1712289600000000000,1445
UTG,323561,26.63,26.64,26.7299,26.4729,1712289600000000000,2246
UTHR,451684,233.15,233.56,237.43,230.91,1712289600000000000,11210
UTHY,11941,43.71,43.6094,43.75,43.6094,1712289600000000000,77
UTI,306032,14.73,14.78,14.935,14.7,1712289600000000000,4558
UTL,34116,50.58,50.44,51.015,49.73,1712289600000000000,1103
UTMD,20963,68.36,69.06,69.175,68.36,1712289600000000000,809
UTRE,280,48.67,48.67,48.67,48.67,1712289600000000000,14
UTRN,446,25.59,25.5954,25.5954,25.58,1712289600000000000,10
UTSI,6079,2.735,2.63,2.88,2.61,1712289600000000000,92
UTSL,136523,21.95,22.22,22.33,21.2601,1712289600000000000,1418
UTWO,138106,47.89,47.85,47.9,47.84,1712289600000000000,325
UTWY,4998,44.99,44.88,44.99,44.88,1712289600000000000,13
UTZ,657333,17.28,17.33,17.47,17.12,1712289600000000000,7621
UUP,469217,28.41,28.34,28.43,28.31,1712289600000000000,2127
UUU,37684,1.58,1.6131,1.62,1.52,1712289600000000000,179
UUUU,2922698,6.61,6.55,6.75,6.445,1712289600000000000,13487
UVE,131102,19.44,19.33,19.49,19.16,1712289600000000000,2861
UVIX,10533058,10.27,10.47,10.65,9.73,1712289600000000000,53768
UVSP,83254,19.56,19.48,19.75,19.44,1712289600000000000,1574
UVV,237533,49.2,47.92,49.48,47.74,1712289600000000000,4859
UVXY,39534220,7.15,7.22,7.34,6.8501,1712289600000000000,63077
UWM,851035,38,38.51,38.94,37.9,1712289600000000000,4210
UWMC,2191461,6.38,6.45,6.58,6.32,1712289600000000000,14621
UXI,613,34.39,34.4752,34.4752,34.39,1712289600000000000,25
UXIN,59665,1.96,1.86,2.06,1.84,1712289600000000000,553
UYG,32006,65.31,66.32,66.6,65.31,1712289600000000000,297
UYLD,55139,50.91,50.85,50.91,50.85,1712289600000000000,245
UYM,14737,28.42,28.9819,29.03,28.41,1712289600000000000,130
UZD,11219,19.78,19.74,19.8,19.6221,1712289600000000000,126
UZE,98822,18.05,18.04,18.19,17.9706,1712289600000000000,608
UZF,25827,18.05,18.05,18.2,18,1712289600000000000,187
V,4392050,276.1,277.14,277.957,275.03,1712289600000000000,79353
VABK,2706,29.32,29.01,29.32,29.01,1712289600000000000,77
VABS,0,23.9348,23.9348,23.9348,23.9348,1712289600000000000,0
VAC,471036,100.12,100.18,101.01,99.71,1712289600000000000,9584
VAL,1298471,72.43,73.71,74.36,71.99,1712289600000000000,16096
VAL.WS,4572,12.51,13.45,13.95,12.51,1712289600000000000,46
VALE,23086471,11.95,11.8,11.95,11.73,1712289600000000000,48654
VALN,1310,8.15,8.24,8.24,8.15,1712289600000000000,153
VALQ,1555,57.07,57.3304,57.42,57.07,1712289600000000000,35
VALU,2960,39.9,38.32,39.91,38.1,1712289600000000000,149
VAMO,415,29.54,29.5598,29.5598,29.54,1712289600000000000,75
VANI,161390,2.01,2,2.05,1.97,1712289600000000000,1008
VATE,373776,0.6665,0.6605,0.6894,0.6505,1712289600000000000,1507
VAW,59780,202.2,203.66,203.95,202,1712289600000000000,1050
VAXX,138007,0.675,0.6558,0.6793,0.65,1712289600000000000,723
VB,522646,221.81,223.55,224.21,221.46,1712289600000000000,11573
VBF,39441,15.59,15.54,15.625,15.5152,1712289600000000000,163
VBFC,3236,41.01,41.13,41.13,41.01,1712289600000000000,24
VBIV,237923,0.65,0.71,0.719,0.65,1712289600000000000,1026
VBK,262520,252.27,254.38,255.41,251.74,1712289600000000000,4135
VBND,8067,43.4,43.35,43.43,43.34,1712289600000000000,19
VBNK,213810,10.29,10.58,10.63,10.01,1712289600000000000,429
VBR,499496,186.62,187.63,188.159,186.3,1712289600000000000,5630
VBTX,335528,19.75,20.03,20.09,19.74,1712289600000000000,3690
VC,389513,110.5,109.91,111.2,109.09,1712289600000000000,7452
VCAR,1402,10,10.0975,10.16,10,1712289600000000000,43
VCEB,32401,61.86,61.91,62.01,61.86,1712289600000000000,263
VCEL,321181,50.08,51.07,51.71,49.61,1712289600000000000,5904
VCIG,99385,0.9804,1.03,1.06,0.9804,1712289600000000000,353
VCIT,5604748,79.58,79.53,79.725,79.42,1712289600000000000,21745
VCLN,3,17.2066,17.2066,17.2066,17.2066,1712289600000000000,2
VCLT,1463409,76.31,76.18,76.57,76.125,1712289600000000000,9580
VCNX,11322,6.92,6.81,7.57,6.81,1712289600000000000,245
VCR,63826,308.06,309.28,310.91,308.06,1712289600000000000,1509
VCRB,21979,75.63,75.5456,75.675,75.54,1712289600000000000,227
VCSA,32277,6.22,6.32,6.42,6.22,1712289600000000000,589
VCSH,5882397,76.92,76.93,77.015,76.92,1712289600000000000,14480
VCTR,333307,42.4,43.05,43.26,42.2713,1712289600000000000,5547
VCV,181454,9.78,9.73,9.78,9.73,1712289600000000000,210
VCYT,480469,19.87,20.12,20.355,19.72,1712289600000000000,7451
VDC,61697,198.05,198.52,198.8983,197.52,1712289600000000000,2134
VDE,427846,135.7,136.7,137.17,134.94,1712289600000000000,5926
VEA,13240967,49.49,49.71,49.8156,49.37,1712289600000000000,32352
VECO,201790,34.44,34.8,35.13,34.185,1712289600000000000,5573
VEEE,14742,0.9188,0.88,0.95,0.88,1712289600000000000,95
VEEV,890856,214.68,214.73,217.478,214.16,1712289600000000000,19499
VEGA,3021,40.98,40.8791,40.98,40.83,1712289600000000000,46
VEGI,10090,38.39,38.5,38.5607,38.27,1712289600000000000,174
VEGN,6725,45.59,45.9266,46.0312,45.59,1712289600000000000,120
VEL,16070,16.58,16.82,17.01,16.54,1712289600000000000,329
VEMY,2693,26.77,26.7849,26.85,26.77,1712289600000000000,19
VEON,9826,23.344,23.68,23.9999,23.344,1712289600000000000,199
VERA,936420,37.14,37.52,38.505,36.73,1712289600000000000,13252
VERB,4935775,0.2489,0.2387,0.2566,0.2335,1712289600000000000,5761
VERBW,232761,0.0262,0.0215,0.03,0.0203,1712289600000000000,158
VERI,2282147,6.5,6.535,6.94,6.16,1712289600000000000,13760
VERO,23134,0.68,0.729,0.729,0.67,1712289600000000000,110
VERS,23,40.7773,40.7773,40.7773,40.7773,1712289600000000000,3
VERU,2449070,0.83,0.9251,0.93,0.8299,1712289600000000000,5143
VERV,1384723,8.53,8.52,8.75,8.18,1712289600000000000,11366
VERX,964211,31.21,31.75,32.11,31.05,1712289600000000000,13164
VERY,1774,11.39,11.37,11.39,11.37,1712289600000000000,55
VET,963128,12.58,12.7,12.7795,12.465,1712289600000000000,7818
VETZ,219,19.88,19.8647,19.88,19.8647,1712289600000000000,17
VEU,1931031,58.07,58.32,58.443,57.9535,1712289600000000000,8356
VEV,59235,0.68,0.628,0.698,0.6252,1712289600000000000,257
VFC,4364559,13.71,13.76,13.895,13.68,1712289600000000000,33522
VFF,1314661,1.39,1.36,1.44,1.32,1712289600000000000,4240
VFH,284635,100.07,100.68,101.03,99.88,1712289600000000000,3438
VFL,40746,10.01,10.05,10.05,10.01,1712289600000000000,124
VFLO,59343,31.99,32.3258,32.3797,31.99,1712289600000000000,358
VFMF,5808,124.11,125.3129,125.4207,124.11,1712289600000000000,135
VFMO,25380,147.78,150.01,150.58,147.78,1712289600000000000,450
VFMV,2181,109.82,110.09,110.09,109.65,1712289600000000000,69
VFQY,12883,132.89,133.9004,134.2,132.89,1712289600000000000,179
VFS,3051908,4.36,4.16,4.36,3.96,1712289600000000000,14431
VFSWW,9237,0.6604,0.6849,0.6849,0.6,1712289600000000000,43
VFVA,23815,116.47,116.9376,117.24,116.36,1712289600000000000,329
VGAS,1966,4.18,4.19,4.2,3.88,1712289600000000000,116
VGI,23119,7.63,7.61,7.63,7.5671,1712289600000000000,186
VGIT,1775182,57.97,57.9,58.08,57.9,1712289600000000000,6787
VGK,1470284,66.45,66.76,66.87,66.27,1712289600000000000,10657
VGLT,1705136,57.51,57.36,57.8,57.35,1712289600000000000,11533
VGM,110275,9.63,9.65,9.65,9.62,1712289600000000000,466
VGR,605685,10.28,10.25,10.34,10.22,1712289600000000000,6178
VGSH,1879510,57.83,57.8,57.8697,57.7944,1712289600000000000,5901
VGSR,61057,9.49,9.53,9.55,9.44,1712289600000000000,109
VGT,736476,514.92,518.38,521,512.74,1712289600000000000,14572
VGZ,405821,0.575,0.5825,0.62,0.5601,1712289600000000000,748
VHAI,1040468,0.45,0.397,0.47,0.38,1712289600000000000,2124
VHAI.WS.A,115,0.5461,0.5461,0.5461,0.5461,1712289600000000000,2
VHAI.WS.B,5306,4.23,4.2,4.68,3.3,1712289600000000000,47
VHC,4752,6.11,6.18,6.2306,6.0501,1712289600000000000,66
VHI,4946,16.02,16.25,16.25,15.62,1712289600000000000,225
VHT,198387,259.97,262.38,263.2765,259.54,1712289600000000000,6784
VIA,2269,10.785,10.76,10.785,10.755,1712289600000000000,79
VIAO,11446,0.8,0.761,0.8,0.761,1712289600000000000,36
VIASP,20410,20.63,20.74,21.46,20.3201,1712289600000000000,144
VIAV,1089849,8.76,8.76,8.81,8.685,1712289600000000000,7949
VICE,148,28.9334,28.9334,28.9334,28.9334,1712289600000000000,18
VICI,5480498,29.25,29.32,29.34,28.96,1712289600000000000,36246
VICR,181260,36.84,36.32,37.0099,35.98,1712289600000000000,4951
VIDI,38333,24.89,24.91,24.97,24.89,1712289600000000000,37
VIG,673088,178.3,179.37,179.98,178.19,1712289600000000000,12340
VIGI,351359,80.04,80.35,80.49,79.91,1712289600000000000,2850
VIGL,49299,3.26,3.33,3.36,3.26,1712289600000000000,594
VINC,687152,5.92,5.55,6.07,4.83,1712289600000000000,3715
VINE,66205,0.76,0.799,0.8,0.7421,1712289600000000000,248
VINO,4157,0.450001,0.4899,0.4899,0.45,1712289600000000000,27
VINP,8641,11.2121,11.14,11.25,11.13,1712289600000000000,148
VIOG,30007,109.44,110.3618,110.65,109.44,1712289600000000000,393
VIOO,74508,98.33,98.83,99.1451,98.135,1712289600000000000,893
VIOT,65536,0.57,0.5502,0.58,0.5501,1712289600000000000,103
VIOV,35688,84.98,85.23,85.63,84.778,1712289600000000000,581
VIPS,1850513,16.97,17.06,17.27,16.97,1712289600000000000,17445
VIR,529004,9.29,9.34,9.46,9.2,1712289600000000000,6866
VIRC,73428,11.6,11.99,12,11.54,1712289600000000000,1221
VIRI,246674,0.4899,0.458,0.4899,0.4404,1712289600000000000,530
VIRS,11,35.3952,35.3952,35.3952,35.3952,1712289600000000000,10
VIRT,658562,20.77,20.76,20.825,20.47,1712289600000000000,8682
VIRX,65588,1.08,1.02,1.08,0.99,1712289600000000000,221
VIS,126779,240.71,243.18,243.7,240.71,1712289600000000000,1810
VISL,3588,3.24,3.18,3.29,3.15,1712289600000000000,77
VIST,628521,41.5,42.46,42.74,41.23,1712289600000000000,7978
VITL,783986,24.21,25.42,25.56,24.2,1712289600000000000,13365
VIV,1029720,10.27,10.19,10.3,10.095,1712289600000000000,7559
VIVK,15968,0.79,0.8092,0.82,0.7663,1712289600000000000,88
VIXM,56019,16.26,16.29,16.3429,16.12,1712289600000000000,517
VIXY,8159906,14.09,14.19,14.35,13.71,1712289600000000000,42563
VKI,94715,8.33,8.32,8.355,8.29,1712289600000000000,571
VKQ,132954,9.39,9.37,9.41,9.36,1712289600000000000,559
VKTX,2726464,73.69,76.45,77.7697,72.41,1712289600000000000,33246
VLCN,3751243,0.3925,0.3261,0.3999,0.321,1712289600000000000,9946
VLD,5253348,0.517,0.4644,0.517,0.4372,1712289600000000000,7624
VLD.WS,30648,0.0555,0.0652,0.07,0.055,1712289600000000000,37
VLGEA,13842,28.14,28.05,28.1599,27.92,1712289600000000000,286
VLN,294071,2.44,2.46,2.496,2.43,1712289600000000000,1002
VLN.WS,6818,0.048,0.048,0.0554,0.048,1712289600000000000,6
VLO,2418947,183,183.39,184.79,181.19,1712289600000000000,44857
VLRS,400903,7.72,7.86,7.9,7.61,1712289600000000000,3631
VLT,8993,10.66,10.5997,10.66,10.59,1712289600000000000,68
VLTO,1993784,86.96,87.09,87.58,86.59,1712289600000000000,21059
VLU,2929,172.16,173.2935,173.6299,172.0004,1712289600000000000,89
VLUE,204810,105.535,106.05,106.33,105.15,1712289600000000000,3796
VLY,2904835,7.38,7.51,7.58,7.365,1712289600000000000,19960
VLYPO,18645,23.35,23.57,23.57,23.05,1712289600000000000,102
VLYPP,15949,22.31,22.13,22.39,21.96,1712289600000000000,198
VMAR,56413,0.7192,0.6602,0.72,0.65,1712289600000000000,141
VMAX,44,47.0876,47.0876,47.0876,47.0876,1712289600000000000,2
VMBS,1165630,45.01,44.97,45.18,44.97,1712289600000000000,4746
VMC,454066,267.19,270.15,270.87,267.19,1712289600000000000,14280
VMCA,336,11.39,11.38,11.39,11.38,1712289600000000000,44
VMD,84542,8.85,8.5,8.87,8.45,1712289600000000000,1275
VMEO,2925331,3.81,3.76,3.83,3.735,1712289600000000000,11701
VMI,126277,220.96,224.19,224.555,220.4694,1712289600000000000,4395
VMO,93031,9.56,9.5,9.56,9.49,1712289600000000000,553
VMOT,435,25.616,25.58,25.616,25.58,1712289600000000000,9
VNAM,1704,17.25,17.2789,17.31,17.2001,1712289600000000000,34
VNCE,5612,2.95,2.95,2.98,2.95,1712289600000000000,57
VNDA,1669599,4.97,4.82,4.99,4.79,1712289600000000000,9732
VNET,457278,1.81,1.76,1.81,1.76,1712289600000000000,3030
VNLA,667943,48.4,48.32,48.41,48.32,1712289600000000000,1608
VNM,319901,13.37,13.37,13.4165,13.3,1712289600000000000,1631
VNMC,56,36.1638,36.1638,36.1638,36.1638,1712289600000000000,4
VNO,3600806,27.09,27.36,27.641,27.005,1712289600000000000,11530
VNOpL,41999,15.37,15.79,15.8015,15.37,1712289600000000000,187
VNOpM,20681,15.21,15.36,15.4099,15.21,1712289600000000000,189
VNOpN,4579,15.19,15.21,15.35,15.19,1712289600000000000,58
VNOpO,11670,13.1,13,13.1,12.8856,1712289600000000000,99
VNOM,867127,38.73,39.24,39.39,38.51,1712289600000000000,12288
VNQ,4789051,83.22,83.94,84.14,83.01,1712289600000000000,44294
VNQI,137523,41.26,41.41,41.59,41.1,1712289600000000000,1576
VNRX,162119,0.7595,0.7477,0.76,0.7232,1712289600000000000,370
VNSE,545,33.04,33.2593,33.2593,33.04,1712289600000000000,9
VNT,601769,42.83,43.09,43.42,42.83,1712289600000000000,10842
VO,744739,244.03,245.9,246.55,244,1712289600000000000,10822
VOC,29804,6.49,6.49,6.57,6.37,1712289600000000000,287
VOD,6400967,8.68,8.62,8.705,8.61,1712289600000000000,17601
VOE,239293,152.53,153.48,153.74,152.26,1712289600000000000,3660
VONE,52104,234.39,236.04,236.92,234.12,1712289600000000000,753
VONG,553766,85.34,86.11,86.52,85.22,1712289600000000000,7154
VONV,293982,76.99,77.6,77.79,76.99,1712289600000000000,1826
VOO,5588160,472.85,476.49,478.33,472.42,1712289600000000000,153436
VOOG,104566,301.04,304.11,305.305,300.79,1712289600000000000,4413
VOOV,90193,176.6,177.47,177.89,176.36,1712289600000000000,1802
VOR,329980,2.15,2.16,2.205,2.1,1712289600000000000,1218
VOT,154372,229.8,232.19,232.99,229.65,1712289600000000000,2999
VOTE,13924,60.15,60.7,60.8,60.15,1712289600000000000,173
VOX,155755,131.44,132.67,133.11,131.25,1712289600000000000,2537
VOXR,146585,2,2.1,2.1,2,1712289600000000000,285
VOXX,17630,8.12,8.29,8.355,8.12,1712289600000000000,466
VOYA,992450,71.6,71.12,71.87,71.05,1712289600000000000,15585
VOYApB,23928,23.94,24.06,24.37,23.7901,1712289600000000000,250
VPC,4650,22.44,22.22,22.44,22.07,1712289600000000000,68
VPG,23787,34.35,34.18,34.48,33.95,1712289600000000000,642
VPL,309959,74.85,75.05,75.23,74.6638,1712289600000000000,3844
VPLS,22299,76,75.75,76,75.75,1712289600000000000,286
VPU,234993,140.36,141.7,141.99,139.64,1712289600000000000,3212
VPV,5636,10.08,10.06,10.08,10.06,1712289600000000000,21
VRA,290920,6.57,6.7,6.77,6.57,1712289600000000000,3037
VRAI,433,23.99,24.0629,24.0629,23.99,1712289600000000000,14
VRAR,7505,1.19,1.24,1.26,1.17,1712289600000000000,110
VRAX,23366,0.840001,0.82,0.8809,0.7999,1712289600000000000,94
VRCA,480562,6.36,6.73,6.76,6.355,1712289600000000000,1444
VRDN,493963,16.1,16.32,16.62,15.71,1712289600000000000,6931
VRE,295523,14.32,14.39,14.499,14.2566,1712289600000000000,3577
VREX,229870,17.84,17.65,17.86,17.47,1712289600000000000,3212
VRIG,367606,25.13,25.13,25.14,25.11,1712289600000000000,778
VRM,43699,11.38,12.11,12.4299,11.33,1712289600000000000,1114
VRME,38926,1.53,1.4901,1.53,1.4797,1712289600000000000,168
VRMEW,1050,0.035195,0.035195,0.035195,0.035195,1712289600000000000,1
VRNA,569741,16.3,17.02,17.25,16.3,1712289600000000000,4387
VRNS,1048691,46.36,47.81,48.24,46.36,1712289600000000000,13051
VRNT,464763,30.87,30.54,31.085,30.4048,1712289600000000000,11739
VRP,172276,23.72,23.72,23.74,23.7,1712289600000000000,801
VRPX,16968,3.96,3.89,3.96,3.61,1712289600000000000,192
VRRM,1353402,24.37,24.45,24.595,24.225,1712289600000000000,9441
VRSK,579887,226.66,227.65,228.82,226.015,1712289600000000000,16217
VRSN,458607,187.4,187.82,190.06,187.4,1712289600000000000,13274
VRT,7984556,82.6,85.34,85.41,81.8,1712289600000000000,104253
VRTS,24405,239.29,241.38,242.41,238.8,1712289600000000000,1119
VRTX,695728,404.29,406.67,409.93,400.83,1712289600000000000,23250
VS,10294,1.9,1.81,1.9407,1.81,1712289600000000000,156
VSAT,869628,16.51,16.72,17.1,16.17,1712289600000000000,13115
VSCO,3094145,17.9,18.47,18.79,17.9,1712289600000000000,28731
VSDA,15582,49.28,49.4,49.47,49.1778,1712289600000000000,134
VSEC,51295,76.64,78.97,79.62,76.64,1712289600000000000,2154
VSGX,77974,56.79,56.94,57.14,56.68,1712289600000000000,600
VSH,1204690,21.8,21.89,21.98,21.79,1712289600000000000,9361
VSHY,18,21.51,21.51,21.51,21.51,1712289600000000000,4
VSLU,60600,32.12,32.32,32.4,32.12,1712289600000000000,52
VSME,42419,0.354,0.355,0.37,0.353068,1712289600000000000,376
VSMV,472,44.5202,44.5394,44.5394,44.5202,1712289600000000000,15
VSS,264572,116.26,116.82,117,116,1712289600000000000,3128
VSSYW,2558,0.057044,0.048,0.057044,0.045,1712289600000000000,7
VST,6099662,70.45,75.33,75.64,69.91,1712289600000000000,78839
VSTA,73297,4.1,4.07,4.1,3.95,1712289600000000000,266
VSTE,80190,6.61,7.26,7.7699,6.35,1712289600000000000,926
VSTEW,608,0.2386,0.22,0.2386,0.22,1712289600000000000,11
VSTM,88187,11.18,11.44,11.81,10.86,1712289600000000000,1596
VSTO,488883,33.5,33.44,33.85,33.3,1712289600000000000,8899
VSTS,1191397,18.83,19.12,19.185,18.73,1712289600000000000,11802
VT,1544170,108.91,109.61,109.94,108.78,1712289600000000000,19029
VTAK,8663,0.5,0.506,0.5201,0.5,1712289600000000000,61
VTC,40386,75.67,75.57,75.77,75.54,1712289600000000000,452
VTEB,4117096,49.98,49.96,50.0675,49.95,1712289600000000000,8792
VTEC,5813,99.4855,99.505,99.53,99.435,1712289600000000000,103
VTEI,5922,99.26,99.2828,99.5,99.26,1712289600000000000,98
VTES,27522,100.04,100.1285,100.1394,100.04,1712289600000000000,204
VTEX,196495,7.99,8.04,8.08,7.935,1712289600000000000,2428
VTGN,260388,5.25,5.04,5.25,4.97,1712289600000000000,1782
VTHR,9067,228.96,230.66,231.2484,228.96,1712289600000000000,233
VTI,4178477,255.11,257.18,258.2,255,1712289600000000000,72469
VTIP,838667,47.9,47.88,47.93,47.88,1712289600000000000,3100
VTLE,944028,54.76,56.78,57.1,54.3417,1712289600000000000,13046
VTMX,73926,39.74,40.14,40.28,39.59,1712289600000000000,3874
VTN,20745,10.63,10.631,10.7,10.63,1712289600000000000,74
VTNR,1636783,1.29,1.3,1.34,1.24,1712289600000000000,6579
VTOL,73882,27.15,27.09,27.465,27.07,1712289600000000000,1321
VTR,1745040,42.49,43.09,43.13,42.43,1712289600000000000,24837
VTRS,5794024,11.72,11.8,11.83,11.6345,1712289600000000000,28437
VTRU,1464,14.06,15.46,15.46,14.06,1712289600000000000,57
VTS,98851,23.53,23.52,23.74,23.3,1712289600000000000,2252
VTSI,712559,15.6,14.4,16.97,14.22,1712289600000000000,6995
VTV,2928154,159.59,160.61,161.06,159.38,1712289600000000000,17926
VTVT,3268,25.2683,25.18,25.2683,24.0532,1712289600000000000,213
VTWG,22085,189.83,191.19,192.11,189.5,1712289600000000000,385
VTWO,2705196,82.1,82.64,83.15,82.02,1712289600000000000,14701
VTWV,26279,135.425,136.15,136.789,135.39,1712289600000000000,400
VTYX,833196,4.94,4.84,5.13,4.68,1712289600000000000,6383
VUG,862280,339.46,342.78,344.215,339.11,1712289600000000000,18852
VUSB,624343,49.37,49.355,49.38,49.35,1712289600000000000,1580
VUSE,11496,53.16,53.63,53.65,53.16,1712289600000000000,51
VUZI,998241,1.39,1.42,1.4798,1.36,1712289600000000000,7055
VV,229006,236.08,238,238.8101,235.93,1712289600000000000,3598
VVI,48321,37.68,37.52,37.96,37.24,1712289600000000000,1272
VVOS,92580,2.96,3.01,3.1361,2.95,1712289600000000000,568
VVPR,1176003,5.72,5.69,5.9951,5.09,1712289600000000000,7662
VVR,831356,4.3,4.3,4.34,4.29,1712289600000000000,2128
VVV,684525,42.61,43.27,43.295,42.61,1712289600000000000,10202
VVX,99506,46.11,45.84,46.11,45.39,1712289600000000000,2042
VWE,496595,0.3233,0.313,0.3397,0.2941,1712289600000000000,785
VWEWW,12963,0.0101,0.01,0.01144,0.01,1712289600000000000,13
VWI,206,26.52,26.6243,26.6243,26.52,1712289600000000000,4
VWID,152,27.0208,27.0208,27.0208,27.0208,1712289600000000000,4
VWO,13412811,41.99,42.12,42.195,41.92,1712289600000000000,30833
VWOB,1267471,63.18,63.56,63.614,63.18,1712289600000000000,2798
VXF,402565,170.29,171.72,172.38,170.1,1712289600000000000,4779
VXRT,2028609,1.1,1.08,1.16,1.01,1712289600000000000,6795
VXUS,2846626,59.77,60.01,60.1291,59.635,1712289600000000000,17156
VXX,32734154,14.18,14.26,14.43,13.78,1712289600000000000,107051
VXZ,18427,14.09,14.208,14.208,14,1712289600000000000,113
VYGR,481497,9.15,9.33,9.34,8.97,1712289600000000000,5575
VYM,1096313,118.69,119.26,119.64,118.38,1712289600000000000,15816
VYMI,209117,68.47,68.6,68.7049,68.17,1712289600000000000,2537
VYNE,75932,2.86,2.83,2.97,2.76,1712289600000000000,640
VYX,1922246,12.09,12.26,12.27,12,1712289600000000000,13358
VZ,14338679,42.25,42.12,42.435,41.61,1712289600000000000,96088
VZIO,1834710,10.89,10.88,10.92,10.87,1712289600000000000,9499
VZLA,917390,1.39,1.45,1.475,1.38,1712289600000000000,2763
W,2596942,61.86,63.21,63.825,61.425,1712289600000000000,35229
WAB,1126085,148.55,150.5,151,148.41,1712289600000000000,26218
WABC,119466,47.17,47.53,47.8,47.05,1712289600000000000,2628
WABF,2,25.3138,25.3138,25.3138,25.3138,1712289600000000000,2
WAFD,228891,27.73,27.68,27.765,27.42,1712289600000000000,4868
WAFDP,20927,15.9,15.81,15.93,15.8,1712289600000000000,118
WAFU,5240,1.95,1.9002,1.95,1.87,1712289600000000000,72
WAL,711256,59.54,59.74,60.47,59.42,1712289600000000000,13091
WALpA,33062,18,18.12,18.15,17.95,1712289600000000000,150
WALD,41982,6.57,6.42,6.65,6.4,1712289600000000000,613
WANT,25085,32.23,32.54,33.0765,32.18,1712289600000000000,484
WASH,59715,25.1,25.13,25.325,25,1712289600000000000,1364
WAT,304419,335.69,335.94,339.73,333.65,1712289600000000000,10666
WATT,48898,1.93,1.91,2.0234,1.905,1712289600000000000,366
WAVD,11300,2.7266,2.87,3.06,2.7266,1712289600000000000,143
WAVE,9781,1.2,1.34,1.34,1.2,1712289600000000000,123
WAVS,335,10.7,10.7,10.7,10.62,1712289600000000000,8
WB,1763510,9.14,8.78,9.14,8.75,1712289600000000000,15262
WBA,10007876,18.8101,19.13,19.24,18.625,1712289600000000000,66265
WBAT,140,28.81,28.7819,28.81,28.7819,1712289600000000000,1
WBD,35236547,8.4,8.32,8.48,8.16,1712289600000000000,96761
WBIF,1602,30.0926,30.2873,30.3299,30.0926,1712289600000000000,6
WBIG,3017,24.85,24.9771,24.9771,24.85,1712289600000000000,20
WBIL,2140,34.3419,34.5309,34.63,34.3419,1712289600000000000,16
WBIY,6589,29.86,29.941,30,29.81,1712289600000000000,24
WBND,5682,19.92,19.8746,19.95,19.8746,1712289600000000000,112
WBS,756314,47.87,47.99,48.2252,47.77,1712289600000000000,12154
WBSpF,4107,20.62,20.49,20.63,20.4626,1712289600000000000,70
WBSpG,8840,23.1019,22.9609,23.19,22.84,1712289600000000000,77
WBUY,96619,0.4043,0.409,0.414,0.3951,1712289600000000000,363
WBX,334275,1.57,1.64,1.64,1.5,1712289600000000000,2350
WBX.WS,3725,0.12,0.1183,0.15,0.1183,1712289600000000000,16
WCBR,20900,24.98,25.29,25.38,24.95,1712289600000000000,306
WCC,270478,171.43,171.79,173,170.645,1712289600000000000,8231
WCCpA,21992,26.5,26.53,26.54,26.415,1712289600000000000,213
WCEO,1703,28.63,28.6246,28.63,28.6246,1712289600000000000,42
WCLD,206430,33.52,33.75,33.96,33.3688,1712289600000000000,753
WCN,474589,167.69,168.01,168.88,166.9,1712289600000000000,11304
WD,247150,95.14,96.14,97.66,95.14,1712289600000000000,3882
WDAY,1464299,269.51,268.32,269.72,265.54,1712289600000000000,31946
WDC,8263754,73.16,73.11,73.455,70.79,1712289600000000000,82827
WDFC,130525,251.82,251.05,251.82,245.74,1712289600000000000,5367
WDH,404934,1.25,1.27,1.3,1.25,1712289600000000000,930
WDI,150497,14.39,14.43,14.44,14.34,1712289600000000000,589
WDIV,13106,58.99,59.1642,59.215,58.785,1712289600000000000,164
WDNA,1054,16.4,16.5486,16.571,16.37,1712289600000000000,15
WDS,446458,20.17,20.24,20.3,20.005,1712289600000000000,5463
WEA,18405,10.66,10.63,10.693,10.63,1712289600000000000,139
WEAT,796987,5.47,5.46,5.5199,5.44,1712289600000000000,1965
WEAV,245663,11.86,11.94,12.07,11.78,1712289600000000000,3667
WEBL,759034,18.3,19.11,19.34,18.2001,1712289600000000000,7144
WEBS,990939,6.5,6.24,6.53,6.13,1712289600000000000,2920
WEC,1582900,80.36,80.28,80.6502,79.65,1712289600000000000,25158
WEED,12903,42.16,43.55,43.55,41.584,1712289600000000000,506
WEIX,169,28.697,28.697,28.697,28.697,1712289600000000000,5
WEL,1408,11.42,11.45,11.45,11.42,1712289600000000000,16
WELL,1728129,90.44,91.76,92.02,90.44,1712289600000000000,22822
WEN,3616046,18.15,18.44,18.505,18.075,1712289600000000000,30174
WERN,264918,37.97,38.13,38.25,37.87,1712289600000000000,6279
WES,957797,35.94,35.76,36.13,35.64,1712289600000000000,4889
WEST,94238,10.07,10.13,10.15,9.98,1712289600000000000,2211
WESTW,2038,2.09,2.0901,2.0901,2.09,1712289600000000000,9
WETH,19557,2.02,2.05,2.05,2,1712289600000000000,124
WEX,323606,238.55,239.58,242.44,238.34,1712289600000000000,8168
WEYS,4223,29.815,30.3,30.3,29.3,1712289600000000000,264
WF,77256,31.38,31.61,31.69,31.04,1712289600000000000,1576
WFC,11080968,56.63,57.4,57.62,56.57,1712289600000000000,94011
WFCpA,51663,21.25,21.28,21.36,21.2,1712289600000000000,339
WFCpC,82764,19.97,20,20.11,19.97,1712289600000000000,753
WFCpD,133546,19.11,19.16,19.24,19.1,1712289600000000000,541
WFCpL,3698,1202.2,1198.9,1202.2,1198.9,1712289600000000000,376
WFCpY,32247,24.42,24.56,24.6,24.3951,1712289600000000000,208
WFCpZ,94575,21.4,21.38,21.5,21.35,1712289600000000000,657
WFCF,2951,10.5,10.65,11.25,10.5,1712289600000000000,76
WFG,259475,81.96,81.4,82.61,80.37,1712289600000000000,4614
WFH,1278,56.0254,56.0468,56.11,56.0254,1712289600000000000,32
WFHY,15613,44.92,44.902,44.98,44.89,1712289600000000000,179
WFIG,70,43.9075,43.9075,43.9075,43.9075,1712289600000000000,1
WFRD,692717,123.21,123.67,124.96,122.795,1712289600000000000,14358
WGMI,191206,15.83,15.71,16.19,15.49,1712289600000000000,1328
WGO,571350,69.44,70.01,70.39,68.63,1712289600000000000,10401
WGS,159385,9.13,9.99,9.99,9.08,1712289600000000000,3857
WGSWW,166869,0.042182,0.0248,0.042182,0.0214,1712289600000000000,139
WH,787913,72.78,73.01,73.49,72.66,1712289600000000000,10450
WHD,377619,50.59,52.12,52.13,50.41,1712289600000000000,7352
WHF,109719,12.17,12.27,12.35,12.17,1712289600000000000,804
WHFCL,28462,25.11,25.278,25.278,25.0762,1712289600000000000,113
WHG,5913,13.24,13.01,13.24,12.91,1712289600000000000,114
WHLM,109,4.96,4.96,4.96,4.96,1712289600000000000,6
WHLR,793689,0.159,0.1452,0.159,0.1344,1712289600000000000,1315
WHLRD,2560,15.74,15.2,15.74,15.2,1712289600000000000,68
WHLRP,4699,1.49,1.47,1.49,1.455,1712289600000000000,35
WHR,683563,114.5,115.34,115.857,114,1712289600000000000,17052
WIA,52510,8.05,8.06,8.1133,8.05,1712289600000000000,141
WILC,353,9.67,9.7952,9.7952,9.67,1712289600000000000,14
WIMI,691851,0.7565,0.738,0.778899,0.712,1712289600000000000,1832
WINA,31854,333.96,340,340.77,333.96,1712289600000000000,1810
WINC,2146,23.8,23.81,23.85,23.8,1712289600000000000,97
WING,489331,353.8,350.43,358.67,348.2301,1712289600000000000,15440
WINN,52674,23.06,23.38,23.455,23.06,1712289600000000000,251
WINT,169865,0.3837,0.4237,0.4287,0.3837,1712289600000000000,405
WINV,4428,11.1,11.07,11.22,11.07,1712289600000000000,23
WINVR,3700,0.0405,0.0401,0.045,0.0401,1712289600000000000,12
WINVU,799,11.1,11,11.1,11,1712289600000000000,7
WINVW,300,0.011,0.011,0.011,0.011,1712289600000000000,2
WIP,39759,39.94,39.94,39.94,39.5,1712289600000000000,466
WIRE,173293,264.67,268.65,271.09,264.11,1712289600000000000,4495
WISA,57753119,0.0229,0.022,0.0229,0.0215,1712289600000000000,19831
WISE,8336,29.22,29.3,29.3985,29.15,1712289600000000000,87
WISH,577622,5.88,5.7,5.89,5.69,1712289600000000000,6156
WIT,2597285,5.71,5.76,5.79,5.7,1712289600000000000,10619
WIW,142097,8.56,8.54,8.61,8.53,1712289600000000000,599
WIX,290697,134.67,135.3,136.38,133.395,1712289600000000000,7854
WK,292260,80.36,80.64,81.96,80.36,1712289600000000000,6427
WKC,675461,26.36,26.3,26.44,26.12,1712289600000000000,5644
WKEY,8665,2.351,2.3,2.37,2.3,1712289600000000000,104
WKHS,15611246,0.2037,0.2057,0.2092,0.2002,1712289600000000000,14894
WKME,41086,8.2,8.21,8.3,8.16,1712289600000000000,542
WKSP,86783,0.605,0.61,0.63,0.581,1712289600000000000,334
WKSPW,22400,0.0348,0.0212,0.0359,0.0212,1712289600000000000,22
WLDN,35402,27.88,28.06,28.49,27.55,1712289600000000000,788
WLDR,8867,31.12,31.3824,31.3824,31.12,1712289600000000000,15
WLDS,255453,0.498,0.486,0.4998,0.4701,1712289600000000000,366
WLFC,3787,50.6,50.07,50.6,50,1712289600000000000,139
WLGS,59407,0.54,0.5103,0.56289,0.5,1712289600000000000,357
WLK,541866,156.79,160.47,160.94,156.29,1712289600000000000,10363
WLKP,10209,22.01,22.14,22.32,22.01,1712289600000000000,180
WLTG,2901,26.06,26.0343,26.06,26.0343,1712289600000000000,6
WLY,219966,37.9,38.39,38.54,37.9,1712289600000000000,5790
WM,2761269,207.71,206.93,207.86,206.26,1712289600000000000,54529
WMB,5382736,39.23,39.23,39.33,38.61,1712289600000000000,53761
WMG,2161770,33.34,33.33,33.485,32.52,1712289600000000000,23160
WMK,90628,62.57,62.38,62.605,61.94,1712289600000000000,2491
WMPN,8114,12.37,12.26,12.46,12.25,1712289600000000000,163
WMS,318926,166.73,170.97,171.06,166.73,1712289600000000000,9269
WMT,10335909,59.55,59.85,60.04,59.49,1712289600000000000,92342
WNC,399725,28.48,29.17,29.2425,28.48,1712289600000000000,5886
WNDY,2196,11.97,11.97,12.03,11.96,1712289600000000000,29
WNEB,12531,7.18,7.3,7.35,7.17,1712289600000000000,224
WNS,429220,48.01,48.54,48.87,46.89,1712289600000000000,4428
WNW,40904,0.9901,1,1,0.9702,1712289600000000000,253
WOLF,2997921,26.54,26.31,26.86,25.83,1712289600000000000,28600
WOMN,2685,35.5,35.7322,35.84,35.5,1712289600000000000,55
WOOD,37970,83.4932,83.8,83.9799,83.4932,1712289600000000000,653
WOOF,4253979,1.91,1.95,2,1.84,1712289600000000000,12695
WOR,279800,59.94,61.59,61.7,59.94,1712289600000000000,5227
WORX,67075,3.23,2.98,3.369,2.83,1712289600000000000,558
WOW,383165,3.66,3.71,3.725,3.63,1712289600000000000,3151
WPC,757239,54.81,55.27,55.39,54.53,1712289600000000000,14331
WPM,1946650,50.2,50.57,51.09,49.56,1712289600000000000,23343
WPP,135260,45.75,45.97,46.01,45.45,1712289600000000000,2638
WPRT,35107,6.25,6.17,6.29,6.05,1712289600000000000,592
WPS,383,27.85,27.8628,27.8628,27.85,1712289600000000000,19
WRAP,136915,2.28,2.24,2.3133,2.2101,1712289600000000000,889
WRB,1163666,87.09,87.26,87.63,86.93,1712289600000000000,19510
WRBpE,7679,24.51,24.64,24.8299,24.49,1712289600000000000,112
WRBpF,6867,22.53,22.6261,22.73,22.53,1712289600000000000,131
WRBpG,2681,19.95,20.075,20.075,19.95,1712289600000000000,49
WRBpH,13344,19.38,19.1952,19.38,19.1952,1712289600000000000,129
WRBY,1201373,13.12,13.03,13.4,13,1712289600000000000,10951
WRK,1213619,48.56,48.9,49.11,48.53,1712289600000000000,14278
WRLD,39947,135.21,139.32,139.61,134.63,1712289600000000000,1113
WRN,139007,1.49,1.54,1.56,1.49,1712289600000000000,416
WRND,1,28.4879,28.4879,28.4879,28.4879,1712289600000000000,1
WRNT,7107,0.453,0.45,0.47,0.4322,1712289600000000000,104
WS,127417,35.59,35.85,36.445,35.575,1712289600000000000,3374
WSBC,109059,28.37,28.42,28.56,28.23,1712289600000000000,2327
WSBCP,20767,24.1583,24.03,24.41,24.02,1712289600000000000,178
WSBF,72909,11.47,11.23,11.51,11.2,1712289600000000000,1099
WSC,1428830,44,44.01,45.01,43.78,1712289600000000000,18341
WSFS,115931,42.95,43.25,43.505,42.82,1712289600000000000,2592
WSM,541220,306,309.41,309.46,305,1712289600000000000,14984
WSO,253863,432.42,444.14,444.73,431.54,1712289600000000000,8285
WSR,187431,11.61,11.51,11.675,11.51,1712289600000000000,2436
WST,242330,387.69,394.03,394.73,387.69,1712289600000000000,9733
WT,1295301,9.53,9.6,9.655,9.44,1712289600000000000,7891
WTAI,76552,20.29,20.47,20.58,20.2,1712289600000000000,389
WTBA,9146,17.09,17.01,17.23,17,1712289600000000000,214
WTBN,1278,24.62,24.55,24.62,24.55,1712289600000000000,25
WTFC,286164,100.19,100.72,101.485,99.88,1712289600000000000,6929
WTFCM,6521,23.35,23.5,23.54,23.35,1712289600000000000,88
WTFCP,14540,24.8,24.83,24.99,24.8,1712289600000000000,133
WTI,1853576,2.75,2.74,2.78,2.68,1712289600000000000,6573
WTID,5362,12.83,12.4776,12.8301,12.4776,1712289600000000000,26
WTIU,12391,26.15,26.6994,26.8867,25.75,1712289600000000000,112
WTM,7336,1742.6001,1773.1,1773.1,1742.6001,1712289600000000000,1257
WTMAR,121128,0.17,0.1615,0.19,0.16,1712289600000000000,269
WTMF,28289,37.2,37.3463,37.38,37.2,1712289600000000000,236
WTO,396531,0.2289,0.185,0.23,0.18,1712289600000000000,643
WTRE,5490,17.41,17.4853,17.5,17.41,1712289600000000000,19
WTRG,1552470,36.3,35.83,36.3,35.635,1712289600000000000,16315
WTS,89766,204.62,206.14,207.41,204.62,1712289600000000000,3326
WTTR,1403236,9.5,9.52,9.74,9.41,1712289600000000000,13304
WTV,18989,74.46,74.8679,74.995,74.438,1712289600000000000,135
WTW,439668,265.99,270.94,271.02,265.9,1712289600000000000,10675
WU,2362077,13.47,13.5,13.52,13.37,1712289600000000000,17214
WUCT,1,32.3704,32.3704,32.3704,32.3704,1712289600000000000,1
WUGI,653,61.1354,61.6232,61.81,61.1354,1712289600000000000,33
WULF,9509885,2.3,2.35,2.43,2.27,1712289600000000000,16420
WVE,455940,5.8,5.91,5.99,5.65,1712289600000000000,4025
WVVI,2326,4.81,4.7,4.88,4.7,1712289600000000000,55
WVVIP,306,4.19,4.1875,4.19,4.1875,1712289600000000000,4
WW,3979335,1.62,1.66,1.76,1.56,1712289600000000000,12984
WWD,467693,155.17,158.24,158.78,155.09,1712289600000000000,6699
WWJD,29741,29.81,29.95,30.069,29.81,1712289600000000000,184
WWR,145212,0.477,0.4745,0.477,0.469,1712289600000000000,411
WWW,791372,9.79,9.69,9.89,9.68,1712289600000000000,14737
WY,2662542,34.55,34.59,34.62,34.275,1712289600000000000,28072
WYNN,1441760,105.81,107.46,108,105.65,1712289600000000000,26458
WYY,82939,2.26,2.34,2.45,2.11,1712289600000000000,350
WZRD,69755,25.2182,25.308,25.38,25.11,1712289600000000000,192
X,1634660,41.2,41.22,41.4358,41.035,1712289600000000000,20147
XAIR,89246,1.61,1.64,1.68,1.55,1712289600000000000,909
XAR,42378,137.12,137.95,138.29,136.92,1712289600000000000,1031
XAUG,3224,32.265,32.2582,32.2797,32.2358,1712289600000000000,19
XB,327,39.17,39.17,39.17,39.17,1712289600000000000,14
XBAP,38203,30.8018,31.05,31.13,30.8018,1712289600000000000,64
XBB,2358,39.8674,39.8736,39.97,39.8674,1712289600000000000,34
XBI,10380308,88.96,90.18,91.13,87.93,1712289600000000000,111159
XBIL,65366,49.96,49.95,49.96,49.94,1712289600000000000,373
XBIO,2487,4.48,4.63,4.6399,4.4105,1712289600000000000,22
XBIOW,106,7.55,7.55,7.55,7.55,1712289600000000000,5
XBIT,131613,9.3,8.21,9.71,8.06,1712289600000000000,1653
XBJA,1361,26.84,26.859,26.859,26.83,1712289600000000000,17
XBJL,26761,31.644,31.64,31.66,31.63,1712289600000000000,71
XBOC,1613,28.709,28.645,28.709,28.645,1712289600000000000,22
XBP,2247,2.09,2.01,2.09,1.932,1712289600000000000,92
XC,5233,30.78,30.91,30.91,30.78,1712289600000000000,14
XCCC,13721,38.29,38.2,38.41,38.17,1712289600000000000,143
XCEM,117283,31.08,31.18,31.26,31.015,1712289600000000000,641
XCLR,250,29.48,29.5114,29.5114,29.48,1712289600000000000,4
XCOR,442,60.92,61.0024,61.0024,60.92,1712289600000000000,7
XCUR,14893,0.56,0.5599,0.56,0.53,1712289600000000000,124
XDAP,1135,31.35,31.316,31.36,31.31,1712289600000000000,6
XDAT,2431,22.42,22.6202,22.6202,22.42,1712289600000000000,22
XDEC,84511,35.06,35.22,35.25,35.06,1712289600000000000,146
XDJA,936,26.0946,26.0946,26.0946,26.0946,1712289600000000000,5
XDJL,2102,31.57,31.541,31.57,31.51,1712289600000000000,11
XDOC,1183,28.41,28.4166,28.4166,28.41,1712289600000000000,6
XDQQ,5631,28.02,28.3,28.31,28.02,1712289600000000000,52
XDSQ,8102,30.799,31.03,31.03,30.77,1712289600000000000,35
XDTE,3298,51.85,52.1635,52.27,51.85,1712289600000000000,293
XEL,4483985,53.53,53.53,53.77,52.955,1712289600000000000,47886
XELA,153435,2.21,2.29,2.39,2.21,1712289600000000000,1049
XELAP,2448,2.08,2.06,2.09,1.955,1712289600000000000,49
XELB,55436,0.8339,0.8,0.8899,0.77785,1712289600000000000,110
XEMD,1851,41.4995,41.4716,41.4995,41.4716,1712289600000000000,24
XENE,183991,42.04,42.25,42.775,41.48,1712289600000000000,3954
XERS,1046861,2.04,2.04,2.0788,2.0114,1712289600000000000,4475
XES,44415,96.54,97.75,98.25,96.2,1712289600000000000,676
XFEB,4847,30.406,30.4389,30.46,30.406,1712289600000000000,12
XFIN,2250,10.95,10.95,10.955,10.95,1712289600000000000,12
XFIV,1694,48.04,47.97,48.04,47.97,1712289600000000000,27
XFIX,292,51.2597,51.2102,51.26,51.2102,1712289600000000000,3
XFLT,335627,7.13,7.11,7.13,7.1,1712289600000000000,1402
XFLTpA,4628,24.9066,24.8235,24.9066,24.76,1712289600000000000,44
XFLX,3299,24.17,24.1822,24.2,24.17,1712289600000000000,20
XFOR,1887644,1.44,1.37,1.45,1.36,1712289600000000000,4423
XGN,22183,1.47,1.5,1.5255,1.42,1712289600000000000,132
XHB,2684003,107.21,108.59,108.86,107.21,1712289600000000000,34719
XHE,21488,84.27,85.66,85.91,84.27,1712289600000000000,254
XHLF,150124,50.12,50.12,50.13,50.12,1712289600000000000,269
XHR,982469,15.06,15.26,15.325,15.05,1712289600000000000,9191
XHS,1614,90.65,90.7784,90.7784,90.63,1712289600000000000,44
XHYC,1027,37.1,37.02,37.2188,37.02,1712289600000000000,10
XHYD,256,37.45,37.36,37.45,37.36,1712289600000000000,6
XHYE,2364,38.81,38.85,39.04,38.81,1712289600000000000,39
XHYF,144,36.77,36.77,36.77,36.77,1712289600000000000,5
XHYH,49,33.9739,33.9739,33.9739,33.9739,1712289600000000000,9
XHYI,41,37.665,37.665,37.665,37.665,1712289600000000000,5
XHYT,122,33.58,33.58,33.58,33.58,1712289600000000000,7
XIDE,17474,30.28,30.2705,30.28,30.23,1712289600000000000,32
XIMR,19730,30.8853,30.9,30.92,30.87,1712289600000000000,41
XIN,3838,2.685,2.77,2.77,2.6,1712289600000000000,33
XISE,4427,30.4769,30.4707,30.5023,30.4662,1712289600000000000,22
XITK,1913,145.28,145.393,145.393,145.28,1712289600000000000,44
XJAN,5924,31.645,31.6715,31.7112,31.64,1712289600000000000,19
XJH,9725,39.87,40.2248,40.3025,39.87,1712289600000000000,105
XJR,2307,38.22,38.13,38.22,38.065,1712289600000000000,34
XJUL,6169,33.15,33.2101,33.2101,33.14,1712289600000000000,37
XJUN,10270,36.2141,36.19,36.2141,36.17,1712289600000000000,48
XLB,4902261,91.93,92.77,92.89,91.845,1712289600000000000,43819
XLC,6619541,81.85,82.52,82.91,81.69,1712289600000000000,38802
XLE,15597269,97.44,98.08,98.4667,96.85,1712289600000000000,132988
XLF,47540273,41.34,41.57,41.675,41.2,1712289600000000000,87724
XLG,1631423,41.54,41.85,42.03,41.4599,1712289600000000000,8908
XLI,10718638,124.35,125.67,125.995,124.29,1712289600000000000,90148
XLK,6404391,205,206.45,207.5,204.43,1712289600000000000,92852
XLO,734852,1.16,1.2,1.3,1.14,1712289600000000000,2037
XLP,11149022,74.15,74.33,74.56,73.9918,1712289600000000000,56432
XLRE,6055728,38.03,38.38,38.471,37.95,1712289600000000000,25178
XLSR,27672,49.0099,49.34,49.505,49.0099,1712289600000000000,231
XLU,16161182,64.55,65.16,65.335,64.235,1712289600000000000,89956
XLV,9073220,141.725,143.22,143.685,141.61,1712289600000000000,94044
XLY,5040947,178.44,178.84,180,178.07,1712289600000000000,74277
XMAR,77438,33.58,33.49,33.58,33.4302,1712289600000000000,152
XME,2277124,61.03,62.02,62.135,60.86,1712289600000000000,24180
XMHQ,414598,108.07,109.05,109.1399,107.88,1712289600000000000,3841
XMLV,23378,55.25,55.52,55.625,55.1305,1712289600000000000,224
XMMO,125692,112.31,114.21,114.6521,112.31,1712289600000000000,1322
XMPT,18754,21.235,21.15,21.235,21.15,1712289600000000000,124
XMTR,729057,17.42,17.86,18.42,17.38,1712289600000000000,9548
XMVM,12768,53.105,53.48,53.6007,52.98,1712289600000000000,155
XNAV,16,63.1951,63.1951,63.1951,63.1951,1712289600000000000,7
XNCR,287810,21.15,21.29,21.6,20.93,1712289600000000000,5262
XNET,43810,1.49,1.51,1.51,1.4819,1712289600000000000,491
XNOV,38,32.3469,32.3469,32.3469,32.3469,1712289600000000000,2
XNTK,21032,180.11,181.6132,182.13,180.11,1712289600000000000,238
XOCT,68,32.7939,32.7939,32.7939,32.7939,1712289600000000000,4
XOM,21720591,119.98,121.37,122.15,119.64,1712289600000000000,196956
XOMA,21855,25.67,25.34,26.4,23.99,1712289600000000000,624
XOMAO,1658,24.9902,24.9999,25,24.9902,1712289600000000000,19
XOMO,58837,18.54,18.5375,18.54,18.47,1712289600000000000,369
XONE,39472,49.42,49.43,49.44,49.42,1712289600000000000,168
XOP,3111364,159.76,160.59,161.125,158.33,1712289600000000000,49015
XOS,9635,9,9,9.1339,8.76,1712289600000000000,702
XOSWW,39252,0.033149,0.04,0.04,0.0275,1712289600000000000,53
XP,3742756,24.83,24.67,24.97,24.425,1712289600000000000,31047
XPEL,107024,58.37,59.05,59.69,58.18,1712289600000000000,3032
XPER,235439,10.97,10.79,11.04,10.76,1712289600000000000,3279
XPEV,15578864,7.36,7.39,7.7,7.32,1712289600000000000,61661
XPH,25390,41.47,41.7,41.8425,41.33,1712289600000000000,228
XPL,138193,0.7049,0.6806,0.712,0.671354,1712289600000000000,343
XPND,4978,26.15,26.39,26.45,26.1,1712289600000000000,27
XPO,1307440,123.6,128.16,128.25,123.6,1712289600000000000,23457
XPOF,544037,14.67,14.85,14.95,14.55,1712289600000000000,6464
XPON,8308,2.1,2.25,2.28,2.1,1712289600000000000,77
XPP,5645,13.24,13.2492,13.315,13.221,1712289600000000000,53
XPRO,564760,19.76,19.8,19.94,19.6,1712289600000000000,6768
XRAY,3348568,31.89,32.31,32.49,31.855,1712289600000000000,31510
XRLV,2106,48.989,49.1052,49.18,48.9766,1712289600000000000,29
XRLX,1136,39.89,39.98,39.98,39.89,1712289600000000000,13
XRMI,5375,19.22,19.3,19.35,19.22,1712289600000000000,73
XRT,5745433,74.43,74.67,74.97,74.28,1712289600000000000,38766
XRTX,16158,3.46,3.7,3.73,3.347,1712289600000000000,123
XRX,1189775,17.48,17.28,17.53,17.21,1712289600000000000,14623
XSD,15070,227.08,228.39,229.44,225.71,1712289600000000000,661
XSEP,6134,36.97,36.9842,37.0241,36.9402,1712289600000000000,30
XSHD,43226,14.97,14.965,15,14.85,1712289600000000000,306
XSHQ,17730,40.27,40.44,40.6,40.19,1712289600000000000,196
XSLV,14826,42.83,42.98,43.1427,42.83,1712289600000000000,125
XSMO,44945,58.65,59.27,59.5585,58.65,1712289600000000000,434
XSOE,117337,29.51,29.6,29.6599,29.45,1712289600000000000,942
XSVM,40064,55.71,55.99,56.25,55.65,1712289600000000000,483
XSVN,44123,46.82,46.7679,46.87,46.7527,1712289600000000000,159
XSW,9943,150.62,151.1877,151.93,150.62,1712289600000000000,306
XT,83962,58.19,58.44,58.68,58.01,1712289600000000000,655
XTAP,4,30.7501,30.7501,30.7501,30.7501,1712289600000000000,2
XTEN,6481,45.71,45.6455,45.829,45.6455,1712289600000000000,64
XTIA,1295646,3.66,2.78,3.83,2.42,1712289600000000000,10358
XTJA,3439,25.5501,25.5643,25.58,25.5501,1712289600000000000,12
XTJL,0,30.7498,30.7498,30.7498,30.7498,1712289600000000000,0
XTKG,94536,0.7073,0.71,0.7763,0.6902,1712289600000000000,738
XTL,2605,71.48,71.3228,71.621,71.3228,1712289600000000000,41
XTLB,107232,3.05,3.26,3.3135,3.05,1712289600000000000,453
XTN,2216,81.35,82.2344,82.33,81.35,1712289600000000000,124
XTNT,197836,0.9664,0.9463,1.0001,0.9101,1712289600000000000,951
XTOC,16326,27.69,27.6535,27.69,27.64,1712289600000000000,164
XTR,27,29.5668,29.5668,29.5668,29.5668,1712289600000000000,5
XTRE,550,48.5917,48.5469,48.5917,48.5469,1712289600000000000,19
XTWO,7270,48.84,48.83,48.8681,48.83,1712289600000000000,34
XTWY,1288,40.92,40.73,40.92,40.73,1712289600000000000,10
XUSP,5780,34.45,34.7248,34.74,34.45,1712289600000000000,26
XVOL,8155,20.43,20.492,20.492,20.39,1712289600000000000,44
XVV,7699,39.52,39.8,39.97,39.52,1712289600000000000,110
XWEL,4819,1.56,1.51,1.56,1.5,1712289600000000000,86
XXCH,588,26.905,26.8601,26.905,26.8601,1712289600000000000,6
XXII,72629821,1.67,3.56,4.31,1.62,1712289600000000000,287467
XXXX,2486713,36.34,37.43,37.99,36.21,1712289600000000000,7676
XYF,6951,3.84,3.83,3.85,3.72,1712289600000000000,64
XYL,753965,127.41,128.27,128.94,127,1712289600000000000,17185
XYLD,400984,40.61,40.72,40.787,40.6009,1712289600000000000,3182
XYLE,3,25.9813,25.9813,25.9813,25.9813,1712289600000000000,3
XYLG,2769,29.85,30.0777,30.1,29.85,1712289600000000000,96
YALA,133549,4.83,4.86,4.93,4.83,1712289600000000000,1511
YALL,16515,32.59,32.62,32.9,32.59,1712289600000000000,129
YANG,2162893,11.47,11.45,11.55,11.355,1712289600000000000,8626
YBTC,8269,55.1899,54.4484,55.38,54.4484,1712289600000000000,370
YCBD,45077,0.9328,0.9009,0.9616,0.8809,1712289600000000000,210
YCBDpA,1863,0.75,0.72,0.75,0.66,1712289600000000000,20
YCL,34999,23.25,23.24,23.27,23.2,1712289600000000000,289
YCS,8838,82.51,82.45,82.51,82.18,1712289600000000000,110
YDEC,8212,23.37,23.42,23.44,23.33,1712289600000000000,45
YEAR,181210,50.28,50.31,50.345,50.28,1712289600000000000,443
YELP,719475,40.23,40.46,40.585,40.13,1712289600000000000,9318
YETI,1171730,37.46,38,38.05,37.21,1712289600000000000,20116
YEXT,532447,5.9,5.91,6.005,5.895,1712289600000000000,6018
YGMZ,33858,0.4,0.3997,0.4,0.385,1712289600000000000,98
YHGJ,7976,1.595,1.57,1.6,1.567,1712289600000000000,34
YI,61721,1.14,1.12,1.1591,1.1,1712289600000000000,381
YIBO,439,2.92,2.92,2.92,2.92,1712289600000000000,21
YINN,3184832,19.28,19.35,19.535,19.21,1712289600000000000,19054
YJ,3605,0.77,0.7651,0.82,0.73,1712289600000000000,53
YJUN,8403,21.79,21.94,21.94,21.79,1712289600000000000,55
YLD,35647,19.13,18.95,19.13,18.93,1712289600000000000,249
YLDE,2142,46.315,46.4202,46.45,46.315,1712289600000000000,62
YMAB,436698,14.58,14.46,15.08,14.335,1712289600000000000,4046
YMAG,62413,20.36,20.4648,20.54,20.3101,1712289600000000000,691
YMAR,48042,22.945,23.03,23.06,22.945,1712289600000000000,288
YMAX,156253,21.18,21.34,21.39,21.12,1712289600000000000,1745
YMM,6086272,7.35,7.52,7.565,7.32,1712289600000000000,20310
YOLO,70487,4.14,4.24,4.269,4.13,1712289600000000000,630
YORW,71669,35,34.65,35.015,34.45,1712289600000000000,1899
YOSH,1035,4.07,3.9044,4.07,3.9044,1712289600000000000,26
YOTA,1632,10.79,10.64,10.7999,10.64,1712289600000000000,23
YOTAR,498,0.12,0.12,0.12,0.12,1712289600000000000,3
YOTAU,449,11.2,11.2,11.2,11.2,1712289600000000000,8
YOTAW,200,0.02,0.02,0.02,0.02,1712289600000000000,1
YOU,737569,19.16,19.22,19.46,19.12,1712289600000000000,11394
YPF,2406723,20.31,21.04,21.37,20.17,1712289600000000000,19900
YQ,1782,2.61,2.53,2.755,2.21,1712289600000000000,48
YRD,191111,4.66,4.9,4.935,4.6,1712289600000000000,1257
YS,59021,0.871,0.8817,0.95,0.8523,1712289600000000000,257
YSBPW,17461,0.09,0.0903,0.0921,0.075,1712289600000000000,33
YSEP,4066,21.3,21.4088,21.4088,21.3,1712289600000000000,6
YSG,375482,2.72,2.73,3,2.71,1712289600000000000,3294
YTEN,2641771,0.369,0.3871,0.39,0.3255,1712289600000000000,2999
YTRA,213286,1.63,1.63,1.65,1.6,1712289600000000000,942
YUM,1735606,136.33,136.1,136.87,135.14,1712289600000000000,28989
YUMC,2421477,39.25,38.67,39.25,38.43,1712289600000000000,23688
YXI,287,18.731,18.7231,18.731,18.72,1712289600000000000,12
YY,216273,33.92,34.06,34.36,33.7,1712289600000000000,4825
YYY,217361,11.92,11.94,11.965,11.92,1712289600000000000,787
Z,3958197,46.38,47.22,47.39,45.26,1712289600000000000,40999
ZALT,43347,27.31,27.3,27.35,27.257,1712289600000000000,110
ZAPP,42498,0.252,0.245,0.2595,0.2441,1712289600000000000,115
ZAPPW,2789,0.0198,0.0198,0.02,0.0111,1712289600000000000,17
ZBAO,46817,3.586,3.4,3.97,3.4,1712289600000000000,446
ZBH,791726,127.53,127.33,128.07,126.15,1712289600000000000,17398
ZBRA,216727,291.91,290.38,292.19,287.57,1712289600000000000,9390
ZBZX,0,25,25,25,25,1712289600000000000,0
ZCAR,182350,0.45,0.4565,0.47,0.446,1712289600000000000,852
ZCMD,410340,1.74,2.1,2.23,1.72,1712289600000000000,2885
ZD,244800,58.92,57.95,59.15,57.87,1712289600000000000,4885
ZDGE,138990,2.52,2.45,2.58,2.31,1712289600000000000,803
ZECP,111822,27.55,27.72,27.8,27.55,1712289600000000000,120
ZENV,81788,2.31,2.18,2.42,2.16,1712289600000000000,345
ZEO,5113,5.54,5.6,5.6,5.47,1712289600000000000,117
ZEPP,54647,0.97,0.95,0.98,0.95,1712289600000000000,356
ZETA,3350996,12.17,12.23,12.43,11.86,1712289600000000000,28654
ZEUS,34705,70.81,72.01,72.585,70.81,1712289600000000000,1876
ZEXIT,2000,10,10,10,10,1712289600000000000,1
ZFOX,138415,1.12,1.13,1.13,1.12,1712289600000000000,129
ZFOXW,16742,0.081,0.0801,0.0851,0.075447,1712289600000000000,18
ZG,849245,45.59,46.23,46.43,44.51,1712289600000000000,15004
ZGN,5040694,13.44,11.96,13.44,11.27,1712289600000000000,29271
ZH,437487,0.7251,0.7013,0.733,0.7013,1712289600000000000,1049
ZHDG,6,18.68,18.68,18.68,18.68,1712289600000000000,3
ZI,10995898,15.08,15.32,15.4475,14.9,1712289600000000000,65264
ZIEXT,1000,1,1,1,1,1712289600000000000,1
ZIG,2131,37,37.24,37.281,37,1712289600000000000,31
ZIM,2166491,11.18,11.16,11.35,11.06,1712289600000000000,14933
ZIMV,235446,16.73,16.82,17.07,16.71,1712289600000000000,4187
ZION,1446549,41.29,42.08,42.42,41.2,1712289600000000000,23505
ZIONL,940,25.43,25.43,25.43,25.43,1712289600000000000,3
ZIONO,53876,25.36,25.29,25.46,25.2701,1712289600000000000,651
ZIONP,996,19.94,20.09,20.09,19.92,1712289600000000000,17
ZIP,283936,11,11.14,11.15,11,1712289600000000000,3859
ZIVB,5489,21.91,21.8739,22.08,21.8739,1712289600000000000,67
ZJYL,218910,3.13,3.1,3.3,3.02,1712289600000000000,1655
ZKH,52527,16,16.16,16.5,15.45,1712289600000000000,644
ZKIN,6821,0.584,0.587,0.62,0.584,1712289600000000000,54
ZLAB,292394,15.37,15.52,15.87,15.24,1712289600000000000,4670
ZLS,170,10.87,10.87,10.87,10.87,1712289600000000000,7
ZLSWW,25300,0.0391,0.04,0.04,0.0391,1712289600000000000,4
ZM,2291561,63.07,62.94,63.42,62.6166,1712289600000000000,35087
ZNTL,377746,15.04,15.08,15.33,14.5,1712289600000000000,7396
ZOM,3406592,0.1432,0.1403,0.145,0.1371,1712289600000000000,4366
ZOOZ,365958,3.58,4.1,4.6,3.1,1712289600000000000,3300
ZOOZW,131398,0.0649,0.0999,0.1917,0.05175,1712289600000000000,247
ZPTA,2068776,3.46,2.95,3.76,2.85,1712289600000000000,21015
ZPTAW,148989,0.18,0.1378,0.194,0.13,1712289600000000000,424
ZROZ,396782,74.84,74.44,75.3079,74.4,1712289600000000000,1643
ZS,1809669,182.18,183.34,185.25,181.37,1712289600000000000,35337
ZSB,0,15.495,15.495,15.495,15.495,1712289600000000000,0
ZSC,0,24.1751,24.1751,24.1751,24.1751,1712289600000000000,0
ZSL,1379460,14.32,13.7,14.4,13.575,1712289600000000000,4807
ZTAX,1609,26.3,26.67,26.67,25.643,1712289600000000000,21
ZTEK,24549,1.16,1.13,1.17,1.11,1712289600000000000,149
ZTEN,825,49.45,49.37,49.45,49.3422,1712289600000000000,12
ZTEST,0,8662.955,8662.955,8662.955,8662.955,1712289600000000000,0
ZTO,4472308,21.14,20.9,21.18,20.68,1712289600000000000,26176
ZTR,224897,5.51,5.53,5.54,5.46,1712289600000000000,1008
ZTRE,300,49.87,49.82,49.87,49.82,1712289600000000000,2
ZTS,3663920,165.76,165.86,169.39,165.31,1712289600000000000,54897
ZTST,0,40.17,40.17,40.17,40.17,1712289600000000000,0
ZTWO,1,49.92,49.92,49.92,49.92,1712289600000000000,1
ZUMZ,141675,14.02,14.21,14.22,14,1712289600000000000,2693
ZUO,1162719,8.45,8.43,8.56,8.43,1712289600000000000,8956
ZURA,137901,2.91,2.73,2.94,2.72,1712289600000000000,1365
ZURAW,1098,0.285,0.285,0.285,0.285,1712289600000000000,3
ZVIA,79494,1.1,1.04,1.1,1.01,1712289600000000000,565
ZVRA,192243,4.94,4.82,4.975,4.8,1712289600000000000,1865
ZVSA,297461,0.7272,0.7336,0.75,0.72,1712289600000000000,817
ZVZZT,369592,28.41,40,56.95,12.13,1712289600000000000,3636
ZWS,642414,32.09,32.16,32.52,32.09,1712289600000000000,6628
ZXIET,2000,100,100,100,100,1712289600000000000,1
ZXZZT,8698,7.85,7.85,7.85,7.85,1712289600000000000,167
ZYME,475035,9.66,9.65,9.94,9.5,1712289600000000000,3497
ZYXI,121298,12.13,12.36,12.36,12.12,1712289600000000000,1631
ZZZ,3971,24.69,24.7034,24.7034,24.69,1712289600000000000,39
