ticker,volume,open,close,high,low,window_start,transactions
A,2882187,129.71,132.06,132.19,129.06,1732165200000000000,35586
AA,3125195,45.55,46.45,46.6,45.42,1732165200000000000,36406
AAA,1088,25.0653,25.1,25.1163,25.0601,1732165200000000000,28
AAAU,2379351,26.36,26.405,26.43,26.3001,1732165200000000000,4012
AACG,33371,1,1.01,1.02,0.99,1732165200000000000,169
AACT,387673,10.89,10.91,10.93,10.89,1732165200000000000,194
AACT.WS,778455,0.2499,0.24,0.2624,0.2375,1732165200000000000,284
AADI,196791,2.23,2.28,2.4,2.23,1732165200000000000,592
AADR,11,67.45,67.45,67.45,67.45,1732165200000000000,10
AAL,20758557,14.47,14.2,14.575,14.175,1732165200000000000,61264
AAM,4510,10.05,10.05,10.06,10.05,1732165200000000000,14
AAM.U,860,10.09,10.09,10.09,10.09,1732165200000000000,7
AAM.WS,2025,0.0501,0.0551,0.056,0.0501,1732165200000000000,14
AAME,2652,1.57,1.63,1.63,1.53,1732165200000000000,69
AAOI,6408349,36.99,35.5,38.86,34.86,1732165200000000000,56496
AAON,463614,132.54,135.56,137.2,132.54,1732165200000000000,11202
AAP,2346330,38.63,38.69,38.9789,38.19,1732165200000000000,26218
AAPB,30863,28.1,28.47,28.84,27.8105,1732165200000000000,510
AAPD,182297,16.81,16.83,17.0279,16.71,1732165200000000000,968
AAPL,42108327,228.88,228.52,230.155,225.7103,1732165200000000000,431685
AAPR,4638,26.27,26.335,26.35,26.27,1732165200000000000,25
AAPU,386637,36.11,35.99,36.4987,35.1243,1732165200000000000,3798
AAPX,17882,32.4,32.77,33.15,32.0855,1732165200000000000,296
AAPY,389,26.6495,26.6495,26.6495,26.6495,1732165200000000000,63
AAT,174173,27.7,27.84,28.1,27.61,1732165200000000000,4041
AAXJ,176289,74.02,74.12,74.21,73.77,1732165200000000000,1847
AB,332603,37.38,36.72,37.38,36.66,1732165200000000000,4336
ABAT,859776,0.7697,0.76,0.77,0.73,1732165200000000000,1636
ABBV,6847695,168.59,171.73,172.455,166.92,1732165200000000000,86207
ABCB,443193,68.85,69.74,70.23,68.36,1732165200000000000,7655
ABCL,1428359,2.66,2.72,2.77,2.61,1732165200000000000,5977
ABCS,1288,29.71,29.9448,29.95,29.71,1732165200000000000,17
ABEO,306554,5.79,5.79,5.987,5.62,1732165200000000000,3991
ABEQ,2064,32.8106,32.8483,32.88,32.8106,1732165200000000000,17
ABEV,22454797,2.14,2.15,2.17,2.14,1732165200000000000,15030
ABG,106312,252.98,258.16,259.405,252.14,1732165200000000000,5927
ABL,39342,8.85,8.71,8.93,8.66,1732165200000000000,519
ABLLL,3008,26.26,26.375,26.5,26.26,1732165200000000000,31
ABLLW,19256,1.4,1.38,1.41,1.35,1732165200000000000,147
ABLV,31746,0.86,0.86,0.89,0.8164,1732165200000000000,193
ABM,217388,55.72,56.38,56.61,55.2,1732165200000000000,5828
ABNB,4061137,134.18,133.26,134.95,132.58,1732165200000000000,73693
ABNY,14359,15.79,15.7015,15.79,15.6,1732165200000000000,199
ABOS,129047,2.4,2.31,2.4,2.25,1732165200000000000,1086
ABP,35734,3.34,3.18,3.67,3.09,1732165200000000000,393
ABR,2311276,14.58,14.5,14.62,14.47,1732165200000000000,14538
ABRpD,19359,18.4,18.392,18.94,18.28,1732165200000000000,173
ABRpE,3411,18.395,18.31,18.43,18.15,1732165200000000000,40
ABRpF,35596,20.5,20.61,20.7,20.5,1732165200000000000,187
ABSI,1673794,2.66,2.55,2.695,2.52,1732165200000000000,9628
ABT,5562006,115.68,117.26,117.64,115.14,1732165200000000000,62509
ABTS,41520,0.63,0.6399,0.65,0.625,1732165200000000000,144
ABUS,922812,3.44,3.46,3.56,3.428,1732165200000000000,7500
ABVC,89041,0.585,0.5499,0.59,0.53,1732165200000000000,787
ABVE,1202386,0.688,0.6121,0.69,0.582,1732165200000000000,3706
ABVEW,22033,0.0151,0.0181,0.02,0.0151,1732165200000000000,36
ABVX,75729,8.8,8.7,8.8,8.5089,1732165200000000000,749
AC,34049,35.55,36.63,37.35,35.55,1732165200000000000,615
ACA,361638,106.96,108.34,109.51,106.215,1732165200000000000,10348
ACAD,1209811,16.04,16.18,16.42,15.66,1732165200000000000,13435
ACB,1039122,4.26,4.3,4.41,4.195,1732165200000000000,6612
ACCD,1967462,3.57,3.71,3.725,3.515,1732165200000000000,12094
ACCO,376288,5.67,5.67,5.77,5.65,1732165200000000000,3989
ACDC,790312,7.26,7.55,7.78,7.25,1732165200000000000,9569
ACEL,115044,11.5,11.51,11.54,11.39,1732165200000000000,2152
ACES,34521,26.71,26.84,27.05,26.56,1732165200000000000,476
ACET,858214,0.9667,0.914,0.9802,0.9116,1732165200000000000,5189
ACGL,1923688,95.66,98.59,98.78,95.515,1732165200000000000,32727
ACGLN,16426,19.88,19.97,20.1198,19.83,1732165200000000000,210
ACGLO,20333,22.6,22.77,22.77,22.56,1732165200000000000,224
ACHC,1467286,38.78,38.59,38.946,37.9,1732165200000000000,16363
ACHL,96520,1.0505,1.07,1.08,1.05,1732165200000000000,248
ACHR,42379804,5.1,5.78,5.91,4.94,1732165200000000000,99911
ACHR.WS,978825,0.87,1.21,1.36,0.87,1732165200000000000,1923
ACHV,101404,4.25,4.33,4.37,4.19,1732165200000000000,898
ACI,1683089,19.12,19.06,19.165,18.96,1732165200000000000,12473
ACIC,116902,13.16,13.32,13.33,12.96,1732165200000000000,2905
ACIO,126013,40.63,40.7,40.77,40.35,1732165200000000000,566
ACIU,66964,3.23,3.29,3.3525,3.16,1732165200000000000,920
ACIW,529842,55.17,55.72,55.83,54.88,1732165200000000000,11458
ACLO,36,50.0451,50.0451,50.0451,50.0451,1732165200000000000,3
ACLS,582332,71.85,73.28,73.96,70.8,1732165200000000000,14573
ACLX,324140,87.91,87.22,89.37,85.875,1732165200000000000,9690
ACM,1159616,109.78,112.56,113.16,109.705,1732165200000000000,20664
ACMR,915993,18.74,19.18,19.61,18.59,1732165200000000000,13427
ACN,2240117,359.52,361.05,363.5,358.31,1732165200000000000,32740
ACNB,23481,47.5,47.62,48.3952,46.93,1732165200000000000,818
ACNT,20302,10.41,10.33,10.41,10.24,1732165200000000000,515
ACOG,102100,5.85,5.7538,5.85,5.7,1732165200000000000,137
ACON,83017,0.175,0.1789,0.17969,0.171,1732165200000000000,371
ACP,556837,6.44,6.41,6.46,6.4,1732165200000000000,2401
ACPpA,254,23.35,23.2,23.35,23.2,1732165200000000000,6
ACR,21114,16.75,16.74,16.76,16.55,1732165200000000000,286
ACRpC,4123,25.12,25.125,25.125,25.075,1732165200000000000,36
ACRpD,6430,23.13,22.93,23.165,22.93,1732165200000000000,48
ACRE,475050,7.12,7.16,7.2,7.09,1732165200000000000,3342
ACRS,2965742,4.25,4.32,4.55,4.07,1732165200000000000,16390
ACRV,27283,6.5,6.44,6.68,6.43,1732165200000000000,693
ACSI,61,61.0458,61.0458,61.0458,61.0458,1732165200000000000,37
ACT,256006,34.05,34.39,34.44,33.8516,1732165200000000000,6326
ACTG,131314,4.46,4.53,4.54,4.46,1732165200000000000,1680
ACTU,79353,8.862,9,9,8.7301,1732165200000000000,2417
ACTV,9341,32.62,33.12,33.12,32.611,1732165200000000000,93
ACU,5221,41.105,41.77,41.77,41.105,1732165200000000000,839
ACV,18179,22.11,22.13,22.16,21.9201,1732165200000000000,140
ACVA,2310526,21.51,21.54,22.22,21.1201,1732165200000000000,21571
ACVF,5362,45.214,45.3988,45.45,45.214,1732165200000000000,108
ACWI,3614953,119.95,120.01,120.265,119.105,1732165200000000000,21145
ACWV,224309,112.5,113.36,113.47,112.35,1732165200000000000,1253
ACWX,1407318,53.565,53.7,53.76,53.36,1732165200000000000,8132
ACXP,320088,1.47,1.3,1.47,1.26,1732165200000000000,1294
ADAG,24813,2.15,2.26,2.37,2.15,1732165200000000000,192
ADAP,789757,0.66,0.6366,0.6825,0.6309,1732165200000000000,2233
ADBE,2002094,502.1,504.44,508.57,493.1,1732165200000000000,65925
ADC,523657,76.92,77.12,77.33,76.165,1732165200000000000,10259
ADCpA,25249,18.95,19.0799,19.08,18.8301,1732165200000000000,205
ADCT,436762,1.99,1.94,2.035,1.94,1732165200000000000,3575
ADD,57147,5.75,5.41,6.49,5.4,1732165200000000000,1188
ADEA,678732,11.59,12.1,12.16,11.42,1732165200000000000,8150
ADFI,22134,8.49,8.44,8.4901,8.44,1732165200000000000,53
ADGM,88134,1.95,2.28,2.3,1.9,1732165200000000000,675
ADI,2540586,212.29,213.96,215.01,210.05,1732165200000000000,46872
ADIL,58053,1.01,1.02,1.02,0.9997,1732165200000000000,429
ADIV,820,15.565,15.59,15.59,15.55,1732165200000000000,9
ADM,2943452,53.05,53.19,53.63,52.87,1732165200000000000,35701
ADMA,2265386,21.6,21.3,21.7,20.87,1732165200000000000,22812
ADME,10704,47.3,47.4475,47.5699,46.99,1732165200000000000,93
ADN,98430,7.02,7.61,7.91,6.9,1732165200000000000,989
ADNT,1496670,18.84,19.09,19.09,18.53,1732165200000000000,18031
ADNWW,276012,0.011,0.0129,0.013,0.0096,1732165200000000000,171
ADP,1810633,300,304.57,304.96,298.81,1732165200000000000,36048
ADPT,1586050,4.39,4.37,4.49,4.27,1732165200000000000,12768
ADPV,13722,37.06,37.0776,37.26,36.98,1732165200000000000,98
ADSE,66991,13.64,13.68,13.9,13.44,1732165200000000000,1299
ADSEW,2681,3.15,3.3,3.3,3.15,1732165200000000000,33
ADSK,1602211,310,315.41,317.45,308.25,1732165200000000000,36381
ADT,4503432,7.57,7.54,7.5788,7.475,1732165200000000000,19073
ADTN,904870,7.85,8.16,8.225,7.78,1732165200000000000,6229
ADTX,942423,0.3385,0.3245,0.3388,0.3161,1732165200000000000,1442
ADUR,76533,5.52,5.54,5.55,5.3,1732165200000000000,528
ADUS,125032,121.53,120.84,121.53,118.305,1732165200000000000,4387
ADV,352834,3.395,3.44,3.49,3.32,1732165200000000000,3991
ADVE,1,33.9339,33.9339,33.9339,33.9339,1732165200000000000,1
ADVM,873746,6.11,5.75,6.16,5.7,1732165200000000000,5553
ADVWW,726,0.027,0.027,0.027,0.027,1732165200000000000,7
ADX,923132,22.51,22.43,22.53,22.32,1732165200000000000,3975
ADXN,29246,7.81,8.11,8.605,7.47,1732165200000000000,386
AE,6143,37.24,37.24,37.24,37.2,1732165200000000000,236
AEE,1426419,92.36,93.97,94.21,91.95,1732165200000000000,21253
AEF,97832,5.22,5.19,5.2425,5.18,1732165200000000000,482
AEFC,30512,21.32,21.497,21.53,21.26,1732165200000000000,252
AEG,3343267,6.2,6.26,6.28,6.2,1732165200000000000,6271
AEHL,746473,0.251,0.254,0.254,0.2133,1732165200000000000,826
AEHR,732814,11.42,11.7,11.91,11.22,1732165200000000000,8558
AEI,11950,1.15,1.1,1.15,1.1,1732165200000000000,126
AEIS,155541,111.53,112.53,114.025,110.84,1732165200000000000,6111
AEM,1409008,83.45,83.57,83.65,82.36,1732165200000000000,21392
AEMD,97486,0.383,0.3854,0.3949,0.38,1732165200000000000,237
AENT,52108,4.64,4.58,4.76,4.22,1732165200000000000,560
AEO,6530815,17.32,17.22,17.4,16.875,1732165200000000000,45608
AEON,112118,0.5569,0.559,0.589399,0.55,1732165200000000000,467
AEP,2849792,97.11,98.08,98.15,96.405,1732165200000000000,38611
AER,1354362,96,97.72,98.27,95.09,1732165200000000000,12612
AERT,1716,1.215,1.15,1.215,1.15,1732165200000000000,146
AES,21346591,13.26,13.25,13.375,13.04,1732165200000000000,74965
AESI,419566,21.37,21.51,21.73,21.21,1732165200000000000,7066
AESR,24746,17.4,17.6166,17.65,17.4,1732165200000000000,37
AETH,32907,42.78,42.8314,43.1835,41.48,1732165200000000000,289
AEVA,321712,3.44,3.77,3.845,3.4,1732165200000000000,3909
AEVA.WS,5250,0.0582,0.0601,0.065,0.0541,1732165200000000000,17
AEYE,127378,25.35,25.24,26.2199,24.56,1732165200000000000,3019
AFB,106902,11.3,11.23,11.3,11.18,1732165200000000000,449
AFBI,15529,21.41,21.46,21.5199,21.35,1732165200000000000,163
AFCG,103651,9.7,9.67,9.7,9.6,1732165200000000000,1494
AFG,377378,141.09,143.79,144.29,140.08,1732165200000000000,10088
AFGB,10591,24.5675,24.71,24.7879,24.5675,1732165200000000000,137
AFGC,4800,22.01,22.12,22.3012,21.9926,1732165200000000000,88
AFGD,7695,24.32,24.335,24.4781,24.1789,1732165200000000000,79
AFGE,4571,19.44,19.62,19.65,19.43,1732165200000000000,83
AFIF,11432,9.17,9.17,9.17,9.16,1732165200000000000,38
AFJK,699401,10.6,10.6094,10.6094,10.59,1732165200000000000,327
AFK,15604,16.02,16.07,16.07,15.91,1732165200000000000,126
AFL,1331411,111,111.73,112.33,110.42,1732165200000000000,28590
AFLG,26344,35.56,35.62,35.68,35.2075,1732165200000000000,83
AFMC,7388,33.52,33.8119,33.8892,33.52,1732165200000000000,46
AFMD,287139,2.83,2.64,2.96,2.64,1732165200000000000,1470
AFRI,6960,10.35,10.18,10.35,10.06,1732165200000000000,388
AFRIW,600,1.16,1.15,1.16,1.15,1732165200000000000,7
AFRM,10112445,63.23,65.74,66.6107,62.53,1732165200000000000,104105
AFSM,6318,31.91,32.19,32.252,31.91,1732165200000000000,58
AFYA,78301,16.37,16.26,16.55,16.205,1732165200000000000,2309
AG,7769134,6.59,6.44,6.61,6.38,1732165200000000000,18222
AGAE,15961,1.03,1.04,1.1,1.03,1732165200000000000,239
AGCO,1302150,92.57,97.45,99.07,92.31,1732165200000000000,21829
AGD,91935,10.03,10.03,10.06,10,1732165200000000000,388
AGEN,540698,2.76,2.86,2.875,2.61,1732165200000000000,4059
AGFY,740544,27.01,35.98,36.87,25.14,1732165200000000000,14917
AGG,6348553,97.85,97.74,98.01,97.6701,1732165200000000000,21415
AGGH,41813,20.72,20.82,20.85,20.69,1732165200000000000,272
AGGS,0,41.075,41.075,41.075,41.075,1732165200000000000,0
AGGY,118268,43.39,43.35,43.47,43.32,1732165200000000000,563
AGI,1772986,18.87,18.86,18.99,18.66,1732165200000000000,13920
AGIH,4,24.57,24.57,24.57,24.57,1732165200000000000,1
AGIO,368873,55,55.54,56.27,53.928,1732165200000000000,8807
AGIX,1644,27.85,28.1,28.11,27.7893,1732165200000000000,39
AGL,4078730,1.66,1.78,1.82,1.64,1732165200000000000,17159
AGM,45634,203.18,203.84,205,202.095,1732165200000000000,2012
AGMpD,7122,23.35,23.56,23.56,23.21,1732165200000000000,83
AGMpE,1354,23.32,23.32,23.37,23.26,1732165200000000000,8
AGMpF,14128,21.05,21.3,21.3795,21.05,1732165200000000000,117
AGMpG,8591,19.91,19.85,19.995,19.66,1732165200000000000,98
AGMH,5206,1.76,1.7,1.7987,1.7,1732165200000000000,54
AGMI,6,28.2029,28.2029,28.2029,28.2029,1732165200000000000,3
AGNC,10568267,9.655,9.7,9.74,9.655,1732165200000000000,30987
AGNCL,8198,25.1116,25.15,25.3,25.1116,1732165200000000000,39
AGNCM,8006,25.07,25.1415,25.19,25.07,1732165200000000000,148
AGNCN,19842,25.75,25.7279,25.81,25.7244,1732165200000000000,177
AGNCO,23550,25.4,25.37,25.48,25.3299,1732165200000000000,213
AGNCP,27726,24.815,24.67,24.9267,24.65,1732165200000000000,323
AGNG,1939,30.84,30.98,30.98,30.83,1732165200000000000,58
AGO,251638,91.53,92.11,92.33,90.9,1732165200000000000,6559
AGOX,29300,29.2584,29.2405,29.29,28.91,1732165200000000000,128
AGQ,1317917,39.23,38.67,39.25,38.27,1732165200000000000,5433
AGQI,26356,13.83,13.87,13.895,13.83,1732165200000000000,67
AGR,706699,36.08,36.23,36.29,36.05,1732165200000000000,5535
AGRH,50,25.96,25.96,25.96,25.96,1732165200000000000,11
AGRI,28623966,0.0432,0.0406,0.0432,0.0396,1732165200000000000,9047
AGRO,389498,10.98,11.07,11.26,10.96,1732165200000000000,4322
AGS,73892,11.67,11.65,11.67,11.65,1732165200000000000,1349
AGX,253410,147.61,154.08,156.19,147.61,1732165200000000000,9086
AGYS,270903,127,131.98,132.34,126.8741,1732165200000000000,6934
AGZ,36751,108.49,108.28,108.5399,108.12,1732165200000000000,359
AGZD,18300,22.46,22.5131,22.58,22.44,1732165200000000000,94
AHCO,539709,9.73,9.89,9.92,9.651,1732165200000000000,8955
AHG,12375,0.915,0.8805,0.915,0.8303,1732165200000000000,100
AHH,575371,10.9,10.89,10.968,10.815,1732165200000000000,6121
AHHpA,10717,22.9,23.46,23.46,22.81,1732165200000000000,102
AHLpC,47592,25.6,25.43,25.6,25.42,1732165200000000000,307
AHLpD,47679,20.61,21.22,21.22,20.61,1732165200000000000,347
AHLpE,27014,20.16,20.69,20.72,19.8301,1732165200000000000,243
AHLT,26746,22.64,22.78,22.78,22.63,1732165200000000000,109
AHOY,252,25.05,25.1977,25.1977,25.05,1732165200000000000,5
AHR,1989429,27.61,28.35,28.625,27.48,1732165200000000000,17519
AHT,64345,8.8,9.63,9.69,7.52,1732165200000000000,1506
AHTpD,357,15.8,16.24,16.24,15.8,1732165200000000000,7
AHTpF,854,15.16,15.642,15.642,15.01,1732165200000000000,7
AHTpG,737,14.4285,14.23,14.4285,14.23,1732165200000000000,6
AHTpI,127,14.62,14.62,14.62,14.62,1732165200000000000,4
AHYB,3963,46.11,46.1236,46.155,46.01,1732165200000000000,45
AI,13031433,33.5,34.99,36,32.41,1732165200000000000,109647
AIA,72480,69.72,69.66,69.84,69.32,1732165200000000000,886
AIBD,47,16.5573,16.5573,16.5573,16.5573,1732165200000000000,9
AIBU,5670,34.89,34.7636,35,34.075,1732165200000000000,103
AIEQ,7140,40.68,41,41,40.57,1732165200000000000,178
AIEV,86636,0.2951,0.2891,0.3,0.271,1732165200000000000,201
AIFD,4362,29.09,29.22,29.29,28.93,1732165200000000000,71
AIFF,25674,3,2.93,3.1949,2.89,1732165200000000000,227
AIFU,48802,1.27,1.25,1.305,1.21,1732165200000000000,280
AIG,4108036,74.66,75.98,76.24,74.53,1732165200000000000,45244
AIHS,10152,0.96,0.9251,0.97,0.925,1732165200000000000,42
AILE,1151653,1.26,1.33,1.45,1.2,1732165200000000000,4045
AILEW,137076,0.1,0.093,0.1249,0.0713,1732165200000000000,134
AIM,794071,0.2,0.2117,0.215,0.1926,1732165200000000000,1151
AIMAU,267,11.8,11.8,11.8,11.8,1732165200000000000,9
AIMD,142203,0.4201,0.4447,0.4884,0.4201,1732165200000000000,198
AIN,312505,84.31,82.53,85.25,82.21,1732165200000000000,6561
AIO,75175,23,23.34,23.5,22.85,1732165200000000000,385
AIOT,2226050,6.52,6.64,6.8,6.36,1732165200000000000,18305
AIP,150151,8.15,8.45,8.46,8.0413,1732165200000000000,2128
AIPI,108179,51.41,51.49,51.69,50.9,1732165200000000000,1176
AIQ,440864,38.43,38.5,38.668,38.1,1732165200000000000,3060
AIR,169566,68.27,67.84,69,67.57,1732165200000000000,5927
AIRE,59984,1,1.05,1.12,0.9815,1732165200000000000,343
AIRG,34415,8.52,8.58,8.78,8.24,1732165200000000000,443
AIRI,65424,4.46,4.35,4.68,4.31,1732165200000000000,440
AIRJ,31363,7.65,7.94,7.99,7.28,1732165200000000000,4729
AIRJW,5446,0.67,0.68,0.68,0.67,1732165200000000000,15
AIRL,206,29.04,28.9053,29.04,28.9053,1732165200000000000,7
AIRR,625631,82.96,84.16,84.7257,82.66,1732165200000000000,4133
AIRS,130363,6.49,6.78,7,6.392,1732165200000000000,1936
AIRT,11986,17.2,18.32,18.5445,17.2,1732165200000000000,232
AIRTP,3453,17.2,17.35,17.4,17.2,1732165200000000000,17
AISP,1601224,2.55,2.44,2.64,2.25,1732165200000000000,8839
AISPW,175256,0.3201,0.4476,0.455,0.2801,1732165200000000000,243
AIT,262261,267.65,269.23,272.92,265.88,1732165200000000000,8612
AIV,425164,8.79,8.78,8.88,8.77,1732165200000000000,5918
AIVC,1137,49.59,50.2363,50.2363,49.59,1732165200000000000,26
AIVI,887,40.3,40.3193,40.33,40.2796,1732165200000000000,15
AIVL,2453,111.73,112.69,112.8391,111.73,1732165200000000000,49
AIXI,66388,5.57,5.8,5.8,5.34,1732165200000000000,465
AIYY,328934,9.51,9.84,9.987,9.4,1732165200000000000,2723
AIZ,295847,221.37,225.22,225.47,220.72,1732165200000000000,12218
AIZN,13411,21.48,21.38,21.74,21.37,1732165200000000000,139
AJAN,2827,26.1589,26.1691,26.1691,26.14,1732165200000000000,26
AJG,1032889,297.14,302.44,303.67,294.83,1732165200000000000,23815
AJUL,2073,26.88,26.945,26.945,26.85,1732165200000000000,24
AJX,148784,2.95,3,3.05,2.95,1732165200000000000,1162
AKA,13303,18.5,20.26,20.3,18.5,1732165200000000000,1061
AKAM,2083308,88.42,91.08,91.2,88,1732165200000000000,34161
AKAN,40395,1.39,1.34,1.39,1.3,1732165200000000000,363
AKBA,1444269,1.81,1.82,1.83,1.75,1732165200000000000,5060
AKO.A,898,13.18,13.18,13.18,13.18,1732165200000000000,36
AKO.B,2451,17.98,17.69,18.09,17.53,1732165200000000000,79
AKR,1405196,25.05,25,25.12,24.88,1732165200000000000,8968
AKRO,534958,30.88,31.2,31.27,29.97,1732165200000000000,8570
AKTS,211191617,0.1093,0.1044,0.1093,0.0931,1732165200000000000,140978
AKTX,178046,1.45,1.24,1.45,1.1,1732165200000000000,834
AKYA,136325,2.19,2.12,2.25,2.09,1732165200000000000,1347
AL,736033,48.57,49.8,50.02,48.31,1732165200000000000,11516
ALAB,9198942,102.34,104.12,108.37,101.32,1732165200000000000,97218
ALAI,8432,26.249,26.16,26.249,25.9299,1732165200000000000,77
ALAR,228657,12.6,13.29,13.5,12.53,1732165200000000000,3120
ALB,1598004,107.01,108.98,110.07,106.47,1732165200000000000,31126
ALBpA,17869,49,49.11,49.35,48.65,1732165200000000000,741
ALBT,40058,2.78,2.65,2.9,2.63,1732165200000000000,2369
ALC,405476,85.38,85.57,85.97,85.165,1732165200000000000,8289
ALCE,183161,1.34,1.43,1.44,1.16,1732165200000000000,1053
ALCO,51605,25.4,26.28,26.31,25.175,1732165200000000000,1083
ALCY,3801,11.1,11.1,11.4603,11.1,1732165200000000000,11
ALCYW,30200,0.0802,0.0802,0.081448,0.0802,1732165200000000000,7
ALDFU,304277,10.01,10,10.01,10,1732165200000000000,46
ALDX,392932,4.81,4.81,5.005,4.66,1732165200000000000,3922
ALE,384113,64.49,64.35,64.54,64.285,1732165200000000000,5388
ALEC,789738,3.65,3.76,3.8,3.49,1732165200000000000,6979
ALEX,260587,19.55,19.33,19.68,19.33,1732165200000000000,4370
ALF,31401,10.04,10.04,10.0421,10.03,1732165200000000000,208
ALFUW,21017,0.1,0.1,0.106,0.1,1732165200000000000,34
ALG,76010,193.09,196.36,197.345,193.09,1732165200000000000,2868
ALGM,6258513,20.27,20.75,21.15,20,1732165200000000000,29040
ALGN,475059,225,228.21,229.29,224.43,1732165200000000000,17340
ALGS,638852,18.17,19.79,19.9799,17.26,1732165200000000000,6146
ALGT,315412,72.58,75.17,76.03,72.56,1732165200000000000,8807
ALHC,2243547,11.97,12.1,12.195,11.55,1732165200000000000,18083
ALIT,9320880,7.75,7.88,7.925,7.69,1732165200000000000,21291
ALK,1234818,53.06,52.3,53.26,52.202,1732165200000000000,18055
ALKS,1873627,28.13,27.7,28.18,27.49,1732165200000000000,19641
ALKT,1096152,37.99,38.74,39.3,37.51,1732165200000000000,16240
ALL,2437310,199.64,203.48,203.54,197.88,1732165200000000000,27293
ALLpB,17862,26.16,26.09,26.24,26.06,1732165200000000000,179
ALLpH,86693,22.23,22.37,22.4,22.1772,1732165200000000000,755
ALLpI,18772,20.79,20.91,21.1149,20.79,1732165200000000000,185
ALLpJ,31765,26.97,27,27.1799,26.91,1732165200000000000,341
ALLE,783984,139.8,141.41,141.78,139.155,1732165200000000000,16157
ALLK,453130,0.9157,0.9069,0.939299,0.89,1732165200000000000,2533
ALLO,1895548,2.06,2.11,2.14,2.005,1732165200000000000,8674
ALLR,161387,1.23,1.26,1.28,1.2,1732165200000000000,792
ALLT,483500,3.91,4.39,4.545,3.91,1732165200000000000,2869
ALLY,3771988,35.66,37.19,37.46,35.56,1732165200000000000,32283
ALMS,80146,9.7,9.44,9.86,9.255,1732165200000000000,2151
ALNT,87090,24.98,24.62,25.19,24.56,1732165200000000000,3410
ALNY,687266,247.46,246.8,250.71,245.32,1732165200000000000,16390
ALOT,11855,14.42,15,15,14.42,1732165200000000000,181
ALRM,316918,60.54,60.78,60.83,59.99,1732165200000000000,9848
ALRN,104309,2.73,2.58,2.8501,2.5,1732165200000000000,466
ALRS,70913,21.54,21.89,21.995,21.46,1732165200000000000,1471
ALSA,13027,11.94,11.83,12.05,11.8,1732165200000000000,83
ALSN,446303,116.68,118.11,119.19,115.5501,1732165200000000000,10947
ALT,4408312,8.06,8.405,9.055,7.91,1732165200000000000,29378
ALTG,293347,7.56,7.51,7.69,7.38,1732165200000000000,3475
ALTGpA,115,25.75,25.75,25.75,25.75,1732165200000000000,5
ALTI,121582,4.13,4.29,4.36,4.13,1732165200000000000,1028
ALTL,17828,38.93,39.25,39.2699,38.93,1732165200000000000,119
ALTM,5363273,5.19,5.28,5.3,5.185,1732165200000000000,12374
ALTO,493068,1.38,1.42,1.45,1.38,1732165200000000000,1787
ALTR,919776,104.64,104.35,104.68,104.22,1732165200000000000,12414
ALTS,185625,2.22,2.15,2.2438,2.09,1732165200000000000,676
ALTY,9770,11.94,11.97,12.03,11.94,1732165200000000000,91
ALUR,950908,0.4527,0.5109,0.5699,0.4527,1732165200000000000,1953
ALUR.WS,25707,0.0316,0.0416,0.048851,0.0316,1732165200000000000,20
ALV,828428,96.32,97.8,98.295,95.34,1732165200000000000,12367
ALVO,19315,12.36,12.44,12.44,12.3,1732165200000000000,415
ALVOW,5704,3.17,3.35,3.49,3.06,1732165200000000000,40
ALVR,322440,0.57,0.57,0.591,0.5461,1732165200000000000,439
ALX,7861,218.66,219.23,223.634,218.66,1732165200000000000,605
ALXO,449390,1.22,1.29,1.33,1.21,1732165200000000000,2584
ALZN,139575,1.29,1.3,1.32,1.27,1732165200000000000,813
AM,2541998,15.5,15.78,15.85,15.49,1732165200000000000,21829
AMAL,218553,35.95,36.02,36.34,35.5,1732165200000000000,5256
AMAT,8917431,171.22,175.75,177.07,171.0501,1732165200000000000,114857
AMAX,4291,7.99,7.97,7.99,7.93,1732165200000000000,49
AMBA,397272,60,61.3,61.835,59.07,1732165200000000000,10879
AMBC,409595,12.47,12.31,12.61,12.24,1732165200000000000,5498
AMBI,10539,5.59,5.16,5.9037,5.03,1732165200000000000,124
AMBI.WS,10445,0.3675,0.321,0.37,0.321,1732165200000000000,36
AMBO,15408,1.38,1.43,1.505,1.36,1732165200000000000,173
AMBP,1329882,3.61,3.71,3.71,3.58,1732165200000000000,4823
AMBP.WS,600,0.0505,0.05,0.055,0.05,1732165200000000000,5
AMC,7842489,4.46,4.49,4.53,4.4,1732165200000000000,28596
AMCR,28083819,10.475,10.47,10.495,10.24,1732165200000000000,121659
AMCX,902232,9.63,9.82,10.03,9.31,1732165200000000000,9768
AMD,29311442,138.87,137.49,140.2799,134.93,1732165200000000000,344816
AMDL,4326227,10.35,10.17,10.58,9.81,1732165200000000000,11404
AMDS,14709,13.89,14.05,14.3,13.81,1732165200000000000,106
AMDY,425126,11.6,11.5,11.6049,11.315,1732165200000000000,3970
AME,1136313,194.44,195.76,195.9699,193.01,1732165200000000000,19964
AMED,410690,90,90.16,90.21,89.78,1732165200000000000,6686
AMG,141361,186.48,186.59,188.44,185.66,1732165200000000000,6111
AMGN,3553436,288.18,289.9,291.11,284.1435,1732165200000000000,54430
AMH,1202721,37.53,37.63,37.79,37.4,1732165200000000000,12456
AMHpG,6784,23.85,23.58,23.87,23.53,1732165200000000000,61
AMHpH,1462,24.84,24.3561,24.84,24.3561,1732165200000000000,44
AMID,1978,36.3554,36.72,36.72,36.3554,1732165200000000000,12
AMIX,43162,13.16,13.52,14.06,13.16,1732165200000000000,1845
AMJB,37124,30.44,30.54,30.67,30.333,1732165200000000000,156
AMKR,891629,25.57,26.35,26.47,25.45,1732165200000000000,15942
AMLI,493961,0.7299,0.7203,0.77,0.702,1732165200000000000,990
AMLP,1477052,48.76,49.13,49.2,48.533,1732165200000000000,10210
AMLX,1889364,5.23,5.19,5.416,4.98,1732165200000000000,13609
AMN,716136,24.74,25.7,25.72,24.39,1732165200000000000,9871
AMNA,50,56.4508,56.4508,56.4508,56.4508,1732165200000000000,1
AMND,0,55.351,55.351,55.351,55.351,1732165200000000000,0
AMOM,14184,45.82,45.6378,45.84,45.2317,1732165200000000000,120
AMP,411964,566.49,570.21,573.44,563.12,1732165200000000000,16139
AMPD,604,20.62,20.736,20.74,20.62,1732165200000000000,5
AMPG,36901,0.85,0.849,0.88,0.8155,1732165200000000000,110
AMPGW,39804,0.0151,0.0116,0.0151,0.0106,1732165200000000000,19
AMPH,364171,44.22,44.55,44.71,43.71,1732165200000000000,8840
AMPL,363368,10.43,10.48,10.63,10.265,1732165200000000000,5720
AMPS,780636,3.99,4.06,4.165,3.92,1732165200000000000,5577
AMPX,1421825,1.95,1.98,2.025,1.9,1732165200000000000,7599
AMPX.WS,217673,0.1648,0.18,0.18,0.16,1732165200000000000,47
AMPY,248071,6.74,6.77,6.79,6.59,1732165200000000000,3534
AMR,186991,245,251.73,253.43,242.1,1732165200000000000,7880
AMRC,292303,26.67,26.13,27.215,26.03,1732165200000000000,4887
AMRK,208516,30.85,29.91,31,29.84,1732165200000000000,5730
AMRN,1889799,0.5,0.5249,0.525,0.4925,1732165200000000000,2432
AMRX,796883,8.4,8.32,8.4743,8.28,1732165200000000000,8686
AMS,36251,3.01,3.16,3.1999,3.01,1732165200000000000,222
AMSC,1968278,31.6,33.96,35.09,31.6,1732165200000000000,23589
AMSF,76673,58.23,58.07,58.62,57.89,1732165200000000000,2821
AMST,27227,2.36,2.36,2.3798,2.34,1732165200000000000,71
AMT,1961716,200.32,202.81,203.51,198.71,1732165200000000000,32335
AMTB,385106,24.16,24.92,25,24.16,1732165200000000000,5836
AMTD,18904,1.15,1.19,1.2,1.14,1732165200000000000,127
AMTM,2891963,23.44,24.76,25.29,23.35,1732165200000000000,29184
AMTR,2,80.7873,80.7873,80.7873,80.7873,1732165200000000000,2
AMTX,941902,3.9,4.09,4.22,3.875,1732165200000000000,6756
AMUB,2425,17.7,19.2741,19.3,17.7,1732165200000000000,6
AMWD,322432,95,94.74,96.41,92.63,1732165200000000000,9970
AMWL,26327,7.8,8.01,8.05,7.72,1732165200000000000,929
AMX,2129253,14.91,15.18,15.23,14.9,1732165200000000000,11275
AMZA,42032,44.05,44.85,44.85,43.86,1732165200000000000,535
AMZD,42686,12.6,12.89,13.049,12.6,1732165200000000000,309
AMZN,58800042,203.49,198.38,203.49,195.75,1732165200000000000,736592
AMZP,7613,31.01,29.8195,31.01,29.75,1732165200000000000,138
AMZU,1668294,37.43,35.69,37.44,34.72,1732165200000000000,12097
AMZY,813371,18.99,18.5,18.99,18.26,1732165200000000000,8859
AMZZ,209989,30.1,28.71,30.1,27.93,1732165200000000000,2005
AN,429238,166.88,170.05,171.58,166.28,1732165200000000000,9680
ANAB,364685,20.41,21.17,21.64,20.23,1732165200000000000,5914
ANDE,146640,47.71,47.89,48.38,47.46,1732165200000000000,5639
ANEB,13923,1.25,1.5,1.68,1.25,1732165200000000000,100
ANET,3296412,392,404.97,405.34,391.03,1732165200000000000,64744
ANEW,127,45.6697,45.9796,45.9796,45.6697,1732165200000000000,2
ANF,1622581,136.99,141.57,142.39,134.5001,1732165200000000000,30373
ANGpA,24620,25.02,25.11,25.1867,25.02,1732165200000000000,129
ANGpB,8760,25,25.13,25.13,25,1732165200000000000,112
ANGH,6224,0.75,0.72,0.77,0.72,1732165200000000000,51
ANGI,945387,1.95,1.96,1.995,1.91,1732165200000000000,6824
ANGL,371775,29,28.96,29.02,28.96,1732165200000000000,2298
ANGO,327974,6.81,6.95,6.96,6.71,1732165200000000000,4225
ANIK,83891,17.21,17.43,17.59,17.03,1732165200000000000,1865
ANIP,181916,55.6,55.86,56.38,54.75,1732165200000000000,5224
ANIX,27263,3.04,3.06,3.13,3.0201,1732165200000000000,256
ANL,1766,2.6084,2.61,2.765,2.6084,1732165200000000000,48
ANNX,2221374,5.16,5.17,5.44,5.06,1732165200000000000,16804
ANRO,779048,4.33,4.09,4.33,3.845,1732165200000000000,4088
ANSC,171109,10.42,10.425,10.4488,10.42,1732165200000000000,103
ANSCW,22255,0.32,0.38,0.38,0.26,1732165200000000000,31
ANSS,636558,345,348.94,350.1,342.375,1732165200000000000,17303
ANTE,49003,0.44,0.4918,0.5299,0.44,1732165200000000000,142
ANTX,3802884,1.3,1.23,1.46,1.2,1732165200000000000,7266
ANVS,151156,6.53,6.79,6.89,6.367,1732165200000000000,1389
ANY,2100174,1.42,1.3,1.49,1.28,1732165200000000000,5517
AOA,113514,78.02,78.14,78.26,77.676,1732165200000000000,737
AOCT,13756,24.84,24.8297,24.89,24.8167,1732165200000000000,156
AOD,321502,8.6,8.67,8.68,8.6,1732165200000000000,1086
AOHY,84102,11.1016,11.07,11.12,11.07,1732165200000000000,141
AOK,127262,37.84,37.86,37.87,37.7605,1732165200000000000,664
AOM,122362,44.15,44.14,44.24,44.06,1732165200000000000,679
AOMN,24924,25.01,24.9504,25.1499,24.81,1732165200000000000,148
AOMR,87241,9.26,9.4,9.44,9.21,1732165200000000000,718
AON,758761,381.69,382.62,383.39,377.97,1732165200000000000,17505
AOR,270934,58.35,58.37,58.43,58.14,1732165200000000000,1090
AORT,312219,27.24,28.03,28.41,27.11,1732165200000000000,4576
AOS,975888,71.75,72.97,73.57,71.69,1732165200000000000,16981
AOSL,1788031,30.71,40.4,41.4,30.56,1732165200000000000,27745
AOTG,74,46.18,46.18,46.18,46.18,1732165200000000000,10
AOUT,53084,9.28,9.58,9.6087,9.23,1732165200000000000,791
AP,22658,1.75,1.75,1.75,1.68,1732165200000000000,310
AP.WS,12433,0.0602,0.04,0.07,0.04,1732165200000000000,54
APA,5505244,22.27,22.44,22.59,22.210209,1732165200000000000,48100
APAM,331370,47.2,47.46,47.95,46.93,1732165200000000000,5754
APCB,47200,29.46,29.4331,29.4877,29.4132,1732165200000000000,141
APCX,233327,0.51,0.52,0.52,0.49,1732165200000000000,412
APCXW,1001,0.18,0.1998,0.1998,0.18,1732165200000000000,7
APD,1972041,326.86,328.88,330.19,325.91,1732165200000000000,24151
APDN,3763034,0.1667,0.1583,0.168,0.152,1732165200000000000,5029
APEI,92413,19.21,19.61,19.85,19.21,1732165200000000000,2777
APG,1747462,36.28,37,37.1,36.03,1732165200000000000,12243
APGE,472460,45.26,42.86,46.365,42.85,1732165200000000000,11290
APH,6144032,72.17,73.24,73.905,72,1732165200000000000,72398
API,841134,4.53,4.56,4.79,4.36,1732165200000000000,5317
APIE,53896,28.47,28.8,28.81,28.47,1732165200000000000,153
APLD,21171753,9.2,9.15,9.615,8.51,1732165200000000000,92368
APLE,1060601,15.46,15.74,15.785,15.415,1732165200000000000,10887
APLM,11698996,0.12,0.101,0.1225,0.0959,1732165200000000000,53270
APLMW,24635,0.0082,0.0099,0.01,0.0082,1732165200000000000,11
APLS,1536257,26.996,27.75,28.14,26.62,1732165200000000000,21330
APLT,1025978,9.55,9.27,9.5601,9.1668,1732165200000000000,13013
APLY,59134,17.53,17.46,17.53,17.28,1732165200000000000,1075
APM,28663,0.6845,0.736,0.739,0.65,1732165200000000000,109
APMU,6528,24.8479,24.84,24.85,24.82,1732165200000000000,18
APO,5784447,164.51,165.02,165.95,162.31,1732165200000000000,56520
APOpA,63749,86.44,87.02,87.475,85.99,1732165200000000000,502
APOC,2987,25.3924,25.405,25.42,25.36,1732165200000000000,23
APOG,88518,81.89,82.11,83.375,81.36,1732165200000000000,3543
APOS,26430,26.92,27.16,27.16,26.85,1732165200000000000,278
APP,8502478,325.62,318.24,329.19,307.7,1732165200000000000,130223
APPF,103461,231.35,236.73,236.99,230.8025,1732165200000000000,6488
APPN,412660,36.41,38.55,38.695,36.14,1732165200000000000,10094
APPS,4629991,1.448,1.47,1.52,1.39,1732165200000000000,10869
APRD,734,24.9847,25.0102,25.05,24.96,1732165200000000000,9
APRE,4339,2.922,2.9228,3,2.9,1732165200000000000,68
APRH,3505,24.91,24.9041,24.9499,24.86,1732165200000000000,26
APRJ,5465,24.86,24.8601,24.8601,24.8,1732165200000000000,25
APRP,100,27.48,27.5964,27.5964,27.48,1732165200000000000,1
APRQ,3157,24.75,24.7999,24.82,24.74,1732165200000000000,21
APRT,3185,38.5,38.6755,38.73,38.43,1732165200000000000,31
APRW,7701,32.67,32.7593,32.77,32.66,1732165200000000000,56
APRZ,1302,35.45,35.5018,35.5018,35.42,1732165200000000000,26
APT,22004,5.24,5.38,5.4499,5.18,1732165200000000000,216
APTO,806452,0.3018,0.244,0.3018,0.2316,1732165200000000000,1479
APTV,3048792,52.49,53.36,53.51,52.05,1732165200000000000,38452
APUE,108395,36.45,36.54,36.6297,36.19,1732165200000000000,209
APVO,1650835,0.2836,0.2668,0.2898,0.26,1732165200000000000,2952
APWC,49435,1.91,1.91,2.0134,1.905,1732165200000000000,227
APYX,29314,1.43,1.42,1.44,1.33,1732165200000000000,280
AQB,31138,0.97,0.971001,0.99,0.952,1732165200000000000,292
AQMS,223427,1.44,1.81,1.8785,1.43,1732165200000000000,1183
AQN,6157816,4.71,4.77,4.8,4.68,1732165200000000000,10766
AQNB,9511,25.8275,25.78,25.95,25.7,1732165200000000000,181
AQST,1264333,4.69,4.51,4.69,4.44,1732165200000000000,7910
AQU,1723,11.09,11.1,11.1,11.09,1732165200000000000,14
AQWA,3874,17.99,18.05,18.16,17.95,1732165200000000000,45
AR,6866532,33.99,33.4,34.58,33.25,1732165200000000000,52665
ARAY,729576,1.81,1.89,1.9,1.81,1732165200000000000,4467
ARB,9682,27.81,27.9117,27.9204,27.81,1732165200000000000,79
ARBB,220113,0.498,0.55,0.58,0.482,1732165200000000000,662
ARBE,86115,1.8,1.75,1.83,1.7301,1732165200000000000,592
ARBEW,3940,0.1485,0.169,0.1751,0.1485,1732165200000000000,73
ARBK,1497191,1.15,1.12,1.16,1.06,1732165200000000000,4507
ARBKL,11769,8.5,8.7325,8.8,8.08,1732165200000000000,98
ARC,500246,3.4,3.39,3.4,3.39,1732165200000000000,452
ARCB,203352,107.94,109,110.26,106.77,1732165200000000000,6651
ARCC,4388396,21.81,21.78,21.87,21.72,1732165200000000000,24295
ARCH,350656,168.44,174.69,175.19,168.14,1732165200000000000,8321
ARCM,26,100.5369,100.5369,100.5369,100.5369,1732165200000000000,7
ARCO,1422961,8.48,8.33,8.49,8.315,1732165200000000000,11854
ARCT,407729,16.22,17.07,17.3,15.5047,1732165200000000000,8183
ARDC,117244,15.24,15.28,15.33,15.14,1732165200000000000,924
ARDT,274111,16.35,15.8,16.42,15.58,1732165200000000000,5287
ARDX,3746602,4.94,5.12,5.24,4.82,1732165200000000000,15931
ARE,1186074,104.36,105.89,106.25,104.145,1732165200000000000,16696
AREA,2,20.0096,20.0096,20.0096,20.0096,1732165200000000000,2
AREB,53775,2.17,2.23,2.25,2.12,1732165200000000000,415
AREBW,242,0.0081,0.0081,0.0081,0.0081,1732165200000000000,2
AREC,343084,1.07,1.08,1.15,1.04,1732165200000000000,1199
AREN,338193,1.53,1.51,1.5874,1.4,1732165200000000000,1482
ARES,1114588,172,175.01,176.31,171.1,1732165200000000000,20224
ARESpB,68409,55.21,55.5047,55.8,54.56,1732165200000000000,122
ARGD,1792,21.9235,22.13,22.22,21.9235,1732165200000000000,24
ARGOpA,11886,25.01,25.04,25.09,25.01,1732165200000000000,112
ARGT,393823,82.16,81.47,82.16,80.5,1732165200000000000,5511
ARGX,417736,587.39,596.74,601.95,582.07,1732165200000000000,13461
ARHS,1221093,9.71,9.62,9.82,9.495,1732165200000000000,12522
ARI,822109,9.09,9.2,9.23,9.08,1732165200000000000,5487
ARIS,628225,26.85,27.43,27.58,25.99,1732165200000000000,8269
ARKA,22635,66.34,66.9528,67.1301,65.35,1732165200000000000,158
ARKB,2355016,97.22,98.11,99.01,95.485,1732165200000000000,16908
ARKC,1061,43.29,43.6451,43.6451,43.17,1732165200000000000,30
ARKD,7178,53.59,52.9248,53.59,52.1,1732165200000000000,66
ARKF,585322,38.52,38.35,38.81,37.84,1732165200000000000,5070
ARKG,1702451,23.44,23.22,23.5168,22.845,1732165200000000000,16787
ARKK,8010883,55.77,54.77,55.77,54.04,1732165200000000000,56767
ARKO,213856,6.67,6.83,6.88,6.62,1732165200000000000,3423
ARKOW,40000,0.5,0.5,0.5,0.45,1732165200000000000,84
ARKQ,98991,70.15,71.69,71.94,69.5,1732165200000000000,1871
ARKR,3476,10.1601,10.09,10.1601,9.85,1732165200000000000,102
ARKW,130892,107.09,106.43,107.38,105.11,1732165200000000000,2223
ARKX,230701,18.11,18.51,18.59,17.98,1732165200000000000,1808
ARKY,7784,40.31,39.7801,40.31,38.9799,1732165200000000000,77
ARKZ,11036,37.99,38.06,38.3,36.98,1732165200000000000,85
ARL,13755,14.45,15.26,15.39,14.4134,1732165200000000000,136
ARLO,521473,11.81,11.89,12.04,11.62,1732165200000000000,5721
ARLP,443902,27.63,27.88,28.05,27.5,1732165200000000000,3449
ARLU,1504,27.61,27.6432,27.7,27.61,1732165200000000000,12
ARM,4127617,136.25,133.14,138.2,131.13,1732165200000000000,66828
ARMK,3332974,38.96,40.42,40.45,38.96,1732165200000000000,27534
ARMN,198327,4.17,4.17,4.19,4.09,1732165200000000000,1673
ARMP,8544,2.19,2.1,2.19,2.1,1732165200000000000,63
AROC,1404070,24.55,25.74,25.85,24.42,1732165200000000000,17478
AROW,41480,32.75,32.7,33.03,32.3624,1732165200000000000,1170
ARP,1390,28.79,28.7577,28.8,28.7577,1732165200000000000,22
ARQ,162242,7.6,7.57,7.67,7.52,1732165200000000000,3270
ARQQ,900378,7.59,10.67,10.9,7.4098,1732165200000000000,9247
ARQQW,158290,0.1497,0.199,0.2275,0.14,1732165200000000000,373
ARQT,1480056,10.26,10.24,10.72,10.03,1732165200000000000,12219
ARR,1374351,18.39,18.7,18.76,18.36,1732165200000000000,13757
ARRpC,8084,22.4,22.3702,22.46,22.3637,1732165200000000000,96
ARRY,4407242,6.33,6.33,6.595,6.22,1732165200000000000,23987
ARTL,18578,1.15,1.13,1.1702,1.13,1732165200000000000,82
ARTNA,46284,34.305,33.92,34.415,33.65,1732165200000000000,1081
ARTV,25650,11.26,10.875,11.52,10.74,1732165200000000000,1236
ARTW,7891,1.66,1.66,1.72,1.65,1732165200000000000,51
ARTY,130710,36.42,36.85,36.999,36.215,1732165200000000000,1199
ARVN,817765,22.78,25.11,25.37,22.57,1732165200000000000,13087
ARVR,5740,38.49,38.4184,38.49,38.39,1732165200000000000,37
ARW,294695,114.5,116.95,117.63,114.495,1732165200000000000,7411
ARWR,759757,18.75,18.28,18.825,18.21,1732165200000000000,13910
AS,5152233,21.14,23.69,23.99,21.14,1732165200000000000,43085
ASA,53824,20.05,20,20.13,19.88,1732165200000000000,309
ASAI,989530,5.86,6.01,6.095,5.8,1732165200000000000,4670
ASAN,1599671,14.08,14.72,14.8795,14,1732165200000000000,19582
ASB,1758058,26.77,26.71,26.98,26.5,1732165200000000000,18986
ASBpE,2368,22.5429,22.5,22.5429,22.5,1732165200000000000,27
ASBpF,23754,21,21.12,21.2399,20.88,1732165200000000000,151
ASBA,12702,24.4377,24.34,24.4377,24.3166,1732165200000000000,81
ASC,1278307,12.16,11.89,12.29,11.62,1732165200000000000,10823
ASEA,9606,16.62,16.62,16.62,16.57,1732165200000000000,163
ASET,430,31.73,31.8,31.8,31.73,1732165200000000000,12
ASG,268883,5.69,5.73,5.745,5.67,1732165200000000000,821
ASGI,103961,19.69,19.61,19.96,19.56,1732165200000000000,766
ASGN,1609674,85.2,84.5,85.9,84.46,1732165200000000000,16094
ASH,309571,76.15,77.64,77.98,75.66,1732165200000000000,7341
ASHR,4564402,27.57,27.52,27.575,27.45,1732165200000000000,7515
ASHS,8748,29.69,29.56,29.69,29.53,1732165200000000000,74
ASIA,5531,27.1,27.2301,27.28,27.1,1732165200000000000,28
ASIX,159833,30.05,31.13,31.26,29.9,1732165200000000000,3778
ASLE,486169,6.23,6.4,6.45,6.18,1732165200000000000,4848
ASM,1234092,1.1,1.14,1.16,1.095,1732165200000000000,2713
ASMB,63870,13.41,14.72,15.36,13.41,1732165200000000000,815
ASMF,1225,23.82,23.9645,23.97,23.8,1732165200000000000,24
ASML,2859043,653.915,672.16,673.06,649.02,1732165200000000000,86824
ASND,282569,123.45,122.64,124.63,122.425,1732165200000000000,5153
ASNS,67841,1.19,1.19,1.2241,1.17,1732165200000000000,298
ASO,1575854,45.33,45.79,45.85,44.78,1732165200000000000,25523
ASPCU,12893,10,9.9971,10,9.9901,1732165200000000000,20
ASPI,4475773,7.15,7.71,7.765,6.87,1732165200000000000,27602
ASPN,2161695,14.19,14,14.46,13.91,1732165200000000000,18501
ASPS,132824,0.8148,0.7483,0.83,0.731,1732165200000000000,422
ASR,50520,266.34,266.09,269.25,261.99,1732165200000000000,1812
ASRT,743936,0.95,0.9657,0.9661,0.89551,1732165200000000000,2154
ASRV,4047,2.87,3.04,3.05,2.83,1732165200000000000,252
ASST,394455,0.6491,0.6245,0.66,0.6203,1732165200000000000,969
ASTC,28337,7.31,7.61,7.7999,7.31,1732165200000000000,885
ASTE,102335,36.27,37.01,37.1599,36.08,1732165200000000000,2710
ASTH,269627,41.61,42.11,42.38,40.84,1732165200000000000,5936
ASTI,57766,2.53,2.48,2.6,2.3,1732165200000000000,412
ASTL,343343,11.25,11.37,11.6,11.2,1732165200000000000,4571
ASTLW,30350,2.17,2.25,2.27,2.17,1732165200000000000,193
ASTS,11425128,24.07,24.14,24.93,23.21,1732165200000000000,71076
ASUR,100877,9.04,9.52,9.64,9.04,1732165200000000000,1949
ASX,8291124,9.77,9.81,9.83,9.625,1732165200000000000,17169
ASYS,16021,5.69,5.71,5.87,5.6831,1732165200000000000,335
ATAI,1265874,1.59,1.52,1.6,1.51,1732165200000000000,5489
ATAT,1103019,25.99,25.35,25.99,25.03,1732165200000000000,12411
ATCH,2069743,0.2281,0.2307,0.2339,0.2034,1732165200000000000,1768
ATCOL,1032,24.91,25.05,25.05,24.91,1732165200000000000,11
ATCOpD,4306,25.01,25.0687,25.08,25,1732165200000000000,46
ATCOpH,23005,25,24.9749,25.02,24.9,1732165200000000000,82
ATEC,1639128,9.93,10.21,10.275,9.8136,1732165200000000000,14894
ATEK,1511,11.75,11.75,11.76,11.75,1732165200000000000,22
ATEK.U,103,11.81,11.81,11.81,11.81,1732165200000000000,3
ATEN,755871,16.59,16.56,16.73,16.46,1732165200000000000,8748
ATER,331428,2.37,2.4,2.77,2.22,1732165200000000000,1340
ATEX,117787,33.03,33.23,33.54,32.82,1732165200000000000,3309
ATFV,11358,25.05,25.0906,25.1208,24.98,1732165200000000000,56
ATGE,299075,88.09,88.82,89.3,87.82,1732165200000000000,8070
ATGL,19192,11.47,12.16,13.1,11.47,1732165200000000000,1921
ATHpA,41223,25.09,25.2,25.2289,24.97,1732165200000000000,487
ATHpB,27605,21.65,21.79,21.9999,21.65,1732165200000000000,179
ATHpC,67361,25.28,25.35,25.35,25.225,1732165200000000000,374
ATHpD,35274,18.96,19.15,19.31,18.95,1732165200000000000,517
ATHpE,12778,26.75,26.91,26.91,26.65,1732165200000000000,230
ATHA,461371,0.65,0.6591,0.7,0.6204,1732165200000000000,905
ATHE,9597,1.09,1.07,1.1,1.07,1732165200000000000,95
ATHM,404352,28.22,28.05,28.51,27.83,1732165200000000000,6010
ATHS,44786,25.59,25.5,25.59,25.44,1732165200000000000,309
ATI,1152384,58.1,58.16,59.21,57.74,1732165200000000000,17060
ATIF,1660,0.6597,0.653264,0.66,0.653264,1732165200000000000,30
ATIP,78328,1.56,1.51,1.63,1.465,1732165200000000000,399
ATKR,2337975,76.49,85.14,88.53,76.01,1732165200000000000,28694
ATLC,36693,52.13,54.3,54.5,52.09,1732165200000000000,1093
ATLCL,3014,24,23.96,24.025,23.96,1732165200000000000,23
ATLCP,5276,23.71,23.8878,23.89,23.67,1732165200000000000,52
ATLCZ,65904,24.939,24.91,25.03,24.9,1732165200000000000,260
ATLO,20899,17.8,17.735,17.96,17.56,1732165200000000000,423
ATLX,79594,7.83,7.77,7.83,7.42,1732165200000000000,1080
ATMC,169,11.31,11.31,11.31,11.31,1732165200000000000,4
ATMCW,2500,0.02,0.02,0.02,0.02,1732165200000000000,3
ATMP,180555,29.09,29.79,29.85,29.09,1732165200000000000,112
ATMU,563908,43.41,43.77,43.98,43.04,1732165200000000000,10448
ATMVR,518,0.171301,0.171301,0.171301,0.171301,1732165200000000000,5
ATNF,109037,2.35,2.28,2.45,2.21,1732165200000000000,584
ATNFW,9569,0.008,0.01,0.01,0.008,1732165200000000000,120
ATNI,141120,20.16,20.3,20.775,19.725,1732165200000000000,2282
ATNM,277831,1.41,1.47,1.47,1.365,1732165200000000000,1735
ATO,697220,147.99,150.26,150.38,147.215,1732165200000000000,16068
ATOM,332728,5.33,5.815,5.99,5.33,1732165200000000000,3313
ATOS,929685,1.19,1.19,1.22,1.17,1732165200000000000,3464
ATPC,6266,1.45,1.52,1.52,1.4477,1732165200000000000,142
ATR,205056,168.69,169.88,170.23,167.74,1732165200000000000,6798
ATRA,81183,10.73,10.61,10.73,10.03,1732165200000000000,1223
ATRC,311417,36.33,35.68,36.445,35.67,1732165200000000000,6802
ATRO,301452,17.37,17.14,17.5,17.05,1732165200000000000,5356
ATS,146975,29.6,29.24,29.9,28.79,1732165200000000000,2230
ATSG,410358,21.98,21.96,22,21.96,1732165200000000000,5198
ATUS,4747080,2.41,2.59,2.6099,2.405,1732165200000000000,8554
ATXG,8629,0.6,0.57,0.6,0.5606,1732165200000000000,84
ATXI,6630,1.95,2.01,2.06,1.95,1732165200000000000,99
ATXS,214358,9.61,9.34,9.83,9.2,1732165200000000000,5021
ATYR,1571589,2.96,2.98,3.11,2.88,1732165200000000000,5769
AU,6510672,25.2,25.2,25.2,24.42,1732165200000000000,39827
AUB,448437,41.64,41.89,42.4675,41.35,1732165200000000000,10330
AUBpA,12957,25.1,25,25.17,25,1732165200000000000,80
AUBN,5590,22.3101,23.5248,23.903,22.3101,1732165200000000000,89
AUDC,119143,8.68,8.77,8.81,8.675,1732165200000000000,1508
AUGM,4858,31.745,31.8044,31.85,31.72,1732165200000000000,39
AUGP,0,27.1364,27.1364,27.1364,27.1364,1732165200000000000,0
AUGT,10898,30.974,31.1796,31.2176,30.91,1732165200000000000,22
AUGU,0,26.5132,26.5132,26.5132,26.5132,1732165200000000000,0
AUGW,37156,29.23,29.21,29.27,29.02,1732165200000000000,120
AUGZ,218,40.5599,40.6246,40.64,40.5599,1732165200000000000,2
AUID,37395,6.63,6.74,6.76,6.473,1732165200000000000,1281
AUMI,2253,37.59,38.16,38.16,37.35,1732165200000000000,14
AUMN,117755,0.2574,0.2699,0.27,0.2574,1732165200000000000,250
AUNA,44010,7.09,7.12,7.19,6.69,1732165200000000000,702
AUPH,2417356,8.311,8.77,8.83,8.3,1732165200000000000,13815
AUR,10301018,6.1,5.94,6.29,5.84,1732165200000000000,40626
AURA,608763,8.77,9.03,9.11,8.71,1732165200000000000,3516
AUROW,16444,0.92,0.93,0.96,0.9,1732165200000000000,75
AUSF,23982,43.54,44.07,44.185,43.5356,1732165200000000000,183
AUST,93706,1.76,1.9,1.94,1.73,1732165200000000000,474
AUTL,3816188,2.83,2.84,2.895,2.69,1732165200000000000,10935
AUUD,22399,0.549,0.565,0.58,0.5448,1732165200000000000,98
AVA,381715,38.44,39.04,39.13,38.36,1732165200000000000,8107
AVAH,236045,5.81,5.8,5.9999,5.47,1732165200000000000,3735
AVAL,19576,2.11,2.12,2.13,2.11,1732165200000000000,169
AVAV,537372,198.14,194.26,204.52,193,1732165200000000000,15775
AVB,453417,229.12,230.63,232.01,227.88,1732165200000000000,12461
AVBP,187134,27.56,26.59,27.81,26.53,1732165200000000000,4129
AVD,259782,6.25,6.13,6.25,6.08,1732165200000000000,2649
AVDE,392564,62.82,63,63.08,62.64,1732165200000000000,1345
AVDL,1619633,10.74,11.66,11.72,10.68,1732165200000000000,15834
AVDS,4950,52.52,52.5906,52.5906,52.49,1732165200000000000,40
AVDV,451921,66.35,66.5,66.61,66.1713,1732165200000000000,3218
AVDX,1713611,10.75,10.87,10.96,10.75,1732165200000000000,20489
AVEE,3467,54.9201,55.172,55.25,54.9201,1732165200000000000,35
AVEM,532436,60.87,60.93,61.07,60.64,1732165200000000000,2260
AVES,66696,48.75,48.71,48.86,48.5501,1732165200000000000,442
AVGE,12645,74.99,75.16,75.32,74.5252,1732165200000000000,288
AVGO,24835252,166.25,163.94,166.34,160.6,1732165200000000000,258845
AVGR,11480,0.799,0.789,0.806743,0.7647,1732165200000000000,114
AVGV,3945,63.5,63.93,64.01,63.3405,1732165200000000000,68
AVGX,266032,18.44,17.94,18.44,17.201,1732165200000000000,1517
AVIE,42,64.9569,64.9569,64.9569,64.9569,1732165200000000000,3
AVIG,337031,41.08,41,41.105,40.98,1732165200000000000,495
AVIR,146044,3.17,3.25,3.255,3.155,1732165200000000000,1392
AVIV,87500,53.03,53.15,53.18,52.8633,1732165200000000000,355
AVK,217529,11.96,11.86,11.96,11.84,1732165200000000000,1581
AVL,29712,19.41,18.94,19.41,18.171,1732165200000000000,227
AVLC,14017,68.8299,69.29,69.4292,68.69,1732165200000000000,85
AVLV,337611,69.21,69.71,69.8199,68.8614,1732165200000000000,1345
AVMA,423,59.85,60.1267,60.1267,59.85,1732165200000000000,11
AVMC,8386,67.95,68.6901,68.84,67.95,1732165200000000000,81
AVMU,19021,46.48,46.56,46.57,46.38,1732165200000000000,110
AVMV,4008,69.27,69.63,69.74,69.27,1732165200000000000,91
AVNM,291461,56.4443,56.5186,56.57,56.3198,1732165200000000000,246
AVNS,312551,18.02,18.02,18.365,17.8354,1732165200000000000,5978
AVNT,414457,50.17,51.17,51.345,50.06,1732165200000000000,10047
AVNV,199,57.0822,57.0822,57.0822,57.0822,1732165200000000000,8
AVNW,193970,14.38,15.12,15.22,14.29,1732165200000000000,3731
AVO,133551,13.01,13.08,13.24,12.94,1732165200000000000,3994
AVPT,2086436,17.685,18.3,18.33,17.61,1732165200000000000,25744
AVPTW,107182,6.88,7.15,7.18,6.68,1732165200000000000,444
AVRE,34334,44.64,44.84,44.96,44.5445,1732165200000000000,197
AVS,1,28.2515,28.2515,28.2515,28.2515,1732165200000000000,1
AVSC,67230,56.92,57.47,57.62,56.75,1732165200000000000,555
AVSD,11287,56.87,57.04,57.07,56.75,1732165200000000000,28
AVSE,7828,52.2,52.2756,52.36,52.12,1732165200000000000,43
AVSF,71317,46.37,46.34,46.3999,46.325,1732165200000000000,410
AVSU,16147,67.0261,67.6935,67.81,66.9301,1732165200000000000,63
AVT,509630,53.03,53.73,54.12,52.94,1732165200000000000,12724
AVTE,128284,2.65,2.61,2.68,2.57,1732165200000000000,1466
AVTR,6278391,20.03,20.36,20.465,19.9101,1732165200000000000,35031
AVTX,88475,10.69,9.65,10.88,9.6,1732165200000000000,1750
AVUS,268845,99.55,99.95,100.17,98.94,1732165200000000000,1881
AVUV,813731,101.58,102.77,103.05,101.31,1732165200000000000,7801
AVXC,12223,51.1196,51.2122,51.3,51.05,1732165200000000000,50
AVXL,1522703,8.49,9.02,9.39,8.23,1732165200000000000,12771
AVY,809391,197.77,199.59,199.76,197.34,1732165200000000000,15554
AWAY,6939,21.24,21.405,21.405,21.1223,1732165200000000000,187
AWEG,21,27.0185,27.0185,27.0185,27.0185,1732165200000000000,5
AWF,422732,10.82,10.85,10.88,10.802,1732165200000000000,1241
AWH,33997,0.73,0.7478,0.749,0.7,1732165200000000000,127
AWI,149325,154.89,157.09,157.24,154.89,1732165200000000000,5936
AWK,953026,138.42,138.79,139.08,136.7,1732165200000000000,17657
AWP,210369,4.31,4.32,4.32,4.27,1732165200000000000,667
AWR,344346,84.76,84.05,84.76,83.78,1732165200000000000,8661
AWRE,31558,1.4704,1.5,1.53,1.4704,1732165200000000000,127
AWX,4413,3.3,3.275,3.35,3.22,1732165200000000000,57
AX,406395,80.67,82.12,83.45,80.21,1732165200000000000,9673
AXDX,28766,1.63,1.67,1.7,1.63,1732165200000000000,148
AXGN,154836,12.98,13.1,13.19,12.73,1732165200000000000,3189
AXIL,15480,3.66,4,4.07,3.66,1732165200000000000,131
AXL,1386151,6.24,6.38,6.4,6.14,1732165200000000000,8481
AXON,885468,621.99,631.27,640.51,611,1732165200000000000,29997
AXP,2410469,289.82,293,294.07,287.53,1732165200000000000,57923
AXR,21425,37.66,36.86,39.02,36.6301,1732165200000000000,2803
AXS,307718,87,88.11,88.29,86.97,1732165200000000000,7326
AXSpE,16541,22.5,22.62,22.65,22.49,1732165200000000000,184
AXSM,787729,95.08,98.19,99.35,94.24,1732165200000000000,15792
AXTA,1148647,38.9,39.78,39.79,38.895,1732165200000000000,14537
AXTI,290941,1.82,1.91,1.93,1.79,1732165200000000000,1743
AY,475246,22.14,22.14,22.165,22.13,1732165200000000000,2878
AYI,224127,316.36,320.41,323.23,315.7,1732165200000000000,7180
AYRO,37355,0.7759,0.75,0.78,0.728,1732165200000000000,262
AYTU,26883,1.51,1.5082,1.55,1.45,1732165200000000000,128
AZ,100771,6.51,6.425,6.6535,6.22,1732165200000000000,997
AZEK,2454040,48.22,49.81,49.91,47.29,1732165200000000000,30753
AZI,1532674,1.85,1.86,2.05,1.77,1732165200000000000,5272
AZN,8659467,63.89,64.26,64.34,63.53,1732165200000000000,61912
AZNH,2001,43.09,43.54,43.54,43.09,1732165200000000000,18
AZO,92355,3083.39,3068.69,3083.39,3055.0224,1732165200000000000,9423
AZPN,450846,246.08,248.49,249,246.04,1732165200000000000,6920
AZTA,1347001,44.84,45.53,46.46,44.415,1732165200000000000,20343
AZTD,102,24.41,24.4265,24.4265,24.41,1732165200000000000,3
AZTR,121622,0.457,0.47,0.476,0.4521,1732165200000000000,359
AZUL,1179603,2.51,2.52,2.57,2.5,1732165200000000000,3950
AZZ,510895,88.49,95.41,95.66,88.15,1732165200000000000,8867
B,914915,46.75,46.74,46.8,46.715,1732165200000000000,7165
BA,7845135,146.39,143.41,146.42,141.34,1732165200000000000,104643
BApA,1091304,52.75,51.9,52.75,51.3,1732165200000000000,657
BAB,168765,26.59,26.63,26.645,26.53,1732165200000000000,1092
BABA,15869218,86.98,85.58,87.0395,85.445,1732165200000000000,143752
BABO,20383,18.73,18.27,18.73,18.25,1732165200000000000,602
BABX,149422,17.22,16.74,17.31,16.69,1732165200000000000,1104
BAC,45336463,46.39,46.46,47.05,46.3,1732165200000000000,155831
BACpB,69012,25.09,25.08,25.17,25.08,1732165200000000000,423
BACpE,33853,24.1331,24.11,24.31,24.091,1732165200000000000,233
BACpK,45321,24.97,25.06,25.07,24.91,1732165200000000000,491
BACpL,5050,1236.78,1242.04,1242.7799,1236.78,1732165200000000000,365
BACpM,179356,23.66,23.71,23.87,23.66,1732165200000000000,947
BACpN,190991,21.98,22.06,22.15,21.8887,1732165200000000000,941
BACpO,75712,19.28,19.44,19.56,19.28,1732165200000000000,497
BACpP,59650,18.3,18.43,18.49,18.2,1732165200000000000,414
BACpQ,94738,18.6,18.76,18.8599,18.6,1732165200000000000,606
BACpS,137734,21.07,21.095,21.1946,21,1732165200000000000,370
BACK,21593,1.02,1.12,1.13,0.9801,1732165200000000000,118
BACQU,3694,10.01,10,10.01,10,1732165200000000000,64
BAER,188137,2.82,2.7,2.82,2.58,1732165200000000000,1188
BAERW,5100,0.11125,0.08,0.11125,0.08,1732165200000000000,5
BAFE,45479,25.16,25.415,25.43,25.16,1732165200000000000,22
BAFN,4917,11.98,12.85,13.17,11.98,1732165200000000000,74
BAH,3797329,143.37,149.88,151.04,142.94,1732165200000000000,53546
BAI,60739,26.36,26.62,26.79,26.1723,1732165200000000000,417
BAK,1175359,5,4.96,5.0289,4.92,1732165200000000000,4613
BALI,57955,30.9878,31.0439,31.12,30.746269,1732165200000000000,285
BALL,1402164,60.07,60.83,61.1384,59.6,1732165200000000000,22262
BALT,85701,31.17,31.22,31.25,31.1462,1732165200000000000,513
BALY,448261,17.8,17.76,17.86,17.76,1732165200000000000,2683
BALY.T,7936,18.25,22.07,22.17,17.91,1732165200000000000,79
BAM,699082,55.12,55.56,55.81,54.6871,1732165200000000000,11010
BAMA,6171,31.0201,31.08,31.14,31.0201,1732165200000000000,100
BAMB,3577,25.67,25.89,25.93,25.67,1732165200000000000,33
BAMD,12901,34.1536,34.2922,34.325,34.1536,1732165200000000000,40
BAMG,16410,34.82,34.93,34.97,34.81,1732165200000000000,57
BAMO,2885,30.5903,30.67,30.73,30.5903,1732165200000000000,26
BAMU,3598,25.21,25.455,25.46,25.21,1732165200000000000,29
BAMV,9684,32.535,32.54,32.65,32.535,1732165200000000000,32
BAMY,5769,27.21,27.31,27.33,27.21,1732165200000000000,44
BANC,2344613,16.23,16.36,16.47,16.12,1732165200000000000,15872
BANCpF,29018,24.2,24.5,24.5,24.1,1732165200000000000,366
BAND,470790,18.09,19.23,19.47,18.05,1732165200000000000,6015
BANF,119471,121.74,122.98,125.25,120.72,1732165200000000000,4054
BANFP,300,25.7,25.7,25.7,25.7,1732165200000000000,1
BANL,12004,0.935,1,1,0.935,1732165200000000000,48
BANR,147522,72.95,73.18,74.47,72.48,1732165200000000000,4654
BANX,15533,20.6,20.8,20.9899,20.6,1732165200000000000,301
BAOS,13131,1.7732,1.97,1.97,1.7732,1732165200000000000,87
BAP,362261,193.27,198.65,200,193.11,1732165200000000000,7111
BAPR,4354,44.2092,44.4383,44.48,44.2092,1732165200000000000,39
BAR,925690,26.33,26.36,26.3807,26.2679,1732165200000000000,1492
BARK,948202,1.58,1.68,1.7,1.58,1732165200000000000,3278
BARK.WS,267,0.0983,0.0983,0.0983,0.0983,1732165200000000000,4
BASE,287860,20.66,21.02,21.35,20.535,1732165200000000000,7114
BATL,163758,3.14,3.5,3.51,3.14,1732165200000000000,965
BATRA,65590,41.48,41.37,41.86,41.21,1732165200000000000,1262
BATRK,419406,39.61,39.61,39.89,39.24,1732165200000000000,7440
BATT,33609,9.22,9.27,9.325,9.22,1732165200000000000,260
BAUG,8632,43.52,43.692,43.735,43.505,1732165200000000000,79
BAX,3782850,32.49,32.99,33.15,32.33,1732165200000000000,31224
BAYA,3000,10.63,10.62,10.63,10.62,1732165200000000000,6
BB,9412584,2.31,2.32,2.35,2.3,1732165200000000000,12360
BBAG,262693,45.65,45.59,45.72,45.555,1732165200000000000,670
BBAI,19668409,2.16,2.19,2.3,2.08,1732165200000000000,33088
BBAI.WS,95133,0.2425,0.29,0.295,0.2401,1732165200000000000,173
BBAR,1121015,17.68,16.4,18.235,16.0208,1732165200000000000,10087
BBAX,329253,51.68,51.89,52.03,51.57,1732165200000000000,1211
BBBI,9739,50.639,50.77,51,50.53,1732165200000000000,31
BBBL,7428,49.13,48.9689,49.14,48.937,1732165200000000000,24
BBBS,12533,50.7334,50.67,50.74,50.66,1732165200000000000,87
BBC,1861,25.98,26.1212,26.32,25.91,1732165200000000000,41
BBCA,173937,74.06,74.83,74.89,73.74,1732165200000000000,2363
BBCB,3587,45.3875,45.2996,45.3875,45.2996,1732165200000000000,47
BBCP,89163,5.79,5.9,5.97,5.741,1732165200000000000,1783
BBD,38004304,2.36,2.39,2.4,2.36,1732165200000000000,48177
BBDC,423664,10.07,10.01,10.08,10,1732165200000000000,2988
BBDO,27715,2.15,2.17,2.17,2.11,1732165200000000000,168
BBEM,3875,52.35,52.44,52.53,52.35,1732165200000000000,18
BBEU,613233,56.64,56.68,56.74,56.385,1732165200000000000,1911
BBGI,10552,8.05,8.0866,8.38,7.82,1732165200000000000,93
BBH,10970,160.85,162.345,162.345,159.275,1732165200000000000,178
BBHY,108387,46.79,46.74,46.82,46.72,1732165200000000000,945
BBIB,1736,97,96.85,97,96.81,1732165200000000000,15
BBIN,51946,58,58.07,58.23,57.87,1732165200000000000,540
BBIO,2069373,23.04,23.24,23.63,22.82,1732165200000000000,20640
BBJP,542964,55.89,55.89,56.045,55.68,1732165200000000000,2736
BBLB,459,85.62,85.5135,85.6201,85.5135,1732165200000000000,25
BBLG,35204,1.27,1.23,1.2918,1.21,1732165200000000000,194
BBLU,51635,13.16,13.21,13.24,13.085,1732165200000000000,330
BBMC,5215,101.5,101.941,102.3392,101.26,1732165200000000000,130
BBN,208248,16.17,16.27,16.33,16.17,1732165200000000000,1067
BBP,10691,62.8312,62.0581,63.15,62,1732165200000000000,71
BBRE,7255,99.66,99.89,100.2367,99.235,1732165200000000000,160
BBSB,215,98.1023,98.14,98.14,98.1023,1732165200000000000,9
BBSC,4772,71.48,72.36,72.5,71.48,1732165200000000000,30
BBSI,242621,42.5,42.23,42.835,42.1,1732165200000000000,3217
BBU,9809,23.74,24.6899,24.6899,23.31,1732165200000000000,117
BBUC,28040,25.43,26,26.13,25.4,1732165200000000000,649
BBUS,129786,107.33,107.48,107.7725,106.42,1732165200000000000,926
BBVA,1465872,9.69,9.69,9.74,9.6198,1732165200000000000,6765
BBW,229545,36.08,36.7,36.77,35.63,1732165200000000000,5559
BBWI,5367629,30.42,30.75,30.89,29.77,1732165200000000000,47027
BBY,3295315,86.8,86.51,87.875,86.11,1732165200000000000,46374
BC,448098,78.64,81.13,81.31,78.1,1732165200000000000,10248
BCpA,14643,24.05,24.25,24.3259,24.01,1732165200000000000,132
BCpB,8539,24.345,24.6088,24.6675,24.345,1732165200000000000,80
BCpC,6570,24.12,24.15,24.2484,24.08,1732165200000000000,67
BCAB,1970966,1.45,1.39,1.5,1.33,1732165200000000000,5374
BCAL,49381,17.39,17.6,17.67,17.22,1732165200000000000,1292
BCAN,1687,8,8.0001,8.125,8,1732165200000000000,57
BCAT,250192,15.97,16.03,16.09,15.91,1732165200000000000,1574
BCAX,560410,18.41,17.77,18.83,17.41,1732165200000000000,7260
BCBP,21204,13.07,13.19,13.28,13.07,1732165200000000000,846
BCC,246035,137.98,140.36,141.615,137.07,1732165200000000000,5369
BCD,24496,32.41,32.33,32.41,32.272,1732165200000000000,157
BCDA,37371,2.04,2.135,2.15,1.98,1732165200000000000,284
BCDF,1327,29.69,29.64,29.69,29.4982,1732165200000000000,17
BCE,5627370,26.97,26.68,26.97,26.45,1732165200000000000,29507
BCG,114617,2.57,2.48,2.78,2.3101,1732165200000000000,1307
BCGWW,3500,0.065,0.0644,0.0651,0.0644,1732165200000000000,7
BCH,451143,23.38,23.41,23.46,23.22,1732165200000000000,4313
BCHP,4098,33.88,33.9715,33.99,33.8293,1732165200000000000,35
BCI,185458,20.4,20.31,20.4,20.25,1732165200000000000,568
BCIL,522,25.94,25.9944,26.03,25.94,1732165200000000000,3
BCIM,24603,22.89,22.8153,22.89,22.8,1732165200000000000,58
BCLI,69545,1.27,1.24,1.29,1.21,1732165200000000000,379
BCML,20801,27.83,27.58,27.83,27.4426,1732165200000000000,624
BCO,237388,92.95,93.26,93.9,92.63,1732165200000000000,6779
BCOV,253182,3,3.01,3.02,2.97,1732165200000000000,1966
BCOW,7984,9.9,10,10,9.9,1732165200000000000,119
BCPC,96044,179.18,180.31,180.56,178.49,1732165200000000000,3558
BCRX,1948148,7.3,7.49,7.51,7.02,1732165200000000000,13492
BCS,16163070,13.2,13.32,13.41,13.15,1732165200000000000,18576
BCSF,152756,16.64,16.64,16.7421,16.6101,1732165200000000000,2116
BCTX,4082074,0.6185,0.789,0.8212,0.61,1732165200000000000,9143
BCTXW,251044,0.3,0.3101,0.4175,0.29,1732165200000000000,429
BCUS,2502,31.77,31.9886,32.06,31.77,1732165200000000000,19
BCV,23081,18.46,18.52,18.63,18.37,1732165200000000000,181
BCVpA,8580,23.94,24.1,24.2232,23.92,1732165200000000000,168
BCX,171280,9.25,9.31,9.32,9.225,1732165200000000000,676
BCYC,962940,20.45,20.26,20.71,19.85,1732165200000000000,3521
BDC,190422,119.55,120.64,122.17,119.2209,1732165200000000000,5270
BDCX,4502,31.24,31.154,31.24,31.154,1732165200000000000,19
BDCZ,131,18.8748,18.8332,18.8748,18.8332,1732165200000000000,6
BDEC,10166,43.65,43.69,43.7,43.6401,1732165200000000000,30
BDGS,3210,31.65,31.59,31.675,31.57,1732165200000000000,19
BDIV,755,20.3384,20.33,20.3384,20.33,1732165200000000000,13
BDJ,513479,8.75,8.85,8.86,8.67,1732165200000000000,1845
BDL,9251,24.73,24.84,24.97,24.5,1732165200000000000,372
BDMD,11288,2.36,2.36,2.49,2.36,1732165200000000000,804
BDMDW,36561,0.0266,0.03,0.03,0.0265,1732165200000000000,8
BDN,1558490,5.4,5.54,5.62,5.37,1732165200000000000,9963
BDRX,5816860,4.3,4.4,7.47,4.18,1732165200000000000,45146
BDRY,77483,7.5,7.5,7.5699,7.41,1732165200000000000,597
BDSX,5233571,1.16,1.2,1.275,1.14,1732165200000000000,4851
BDTX,584970,2.44,2.43,2.47,2.31,1732165200000000000,3569
BDVG,11524,11.92,11.99,12,11.87,1732165200000000000,120
BDX,1618785,222.05,225.45,225.8,221.03,1732165200000000000,29427
BE,9669019,24.76,23.94,25.01,23.5147,1732165200000000000,76384
BEAGU,71784,10.01,10,10.02,10,1732165200000000000,169
BEAM,1010234,24.53,23.58,24.71,23.33,1732165200000000000,15100
BEAT,479650,2.47,2.83,3.11,2.44,1732165200000000000,1620
BEATW,28291,0.69,0.75,0.7586,0.65,1732165200000000000,129
BECN,956055,109.11,108.58,110.83,108.46,1732165200000000000,15609
BEDU,1290,1.86,1.83,1.86,1.83,1732165200000000000,15
BEDZ,83,33.2118,33.2118,33.2118,33.2118,1732165200000000000,12
BEEM,130387,4.11,4.08,4.25,4.02,1732165200000000000,1070
BEEP,23144,3.15,3.1,3.15,2.95,1732165200000000000,243
BEEZ,772,32.8396,32.81,32.84,32.81,1732165200000000000,12
BEKE,11141866,19.25,19.98,20.518,18.85,1732165200000000000,70856
BELFA,13873,96,94.05,96.19,92.57,1732165200000000000,555
BELFB,59970,75.56,77.15,77.715,74.85,1732165200000000000,2379
BELT,234,30.04,30.36,30.36,30.04,1732165200000000000,10
BEMB,2076,52.61,52.55,52.62,52.55,1732165200000000000,24
BEN,2499959,21.79,21.72,21.835,21.555,1732165200000000000,23875
BENF,2358950,0.84,0.88,0.9,0.79,1732165200000000000,6395
BENFW,17676,0.009,0.008599,0.009,0.008,1732165200000000000,73
BEP,441886,24.95,25.53,25.6199,24.85,1732165200000000000,4281
BEPpA,2164,19.99,19.72,19.99,19.72,1732165200000000000,42
BEPC,915916,31.4,31.77,31.805,31.07,1732165200000000000,13362
BEPH,13854,16.5,16.66,16.74,16.5,1732165200000000000,135
BEPI,12986,17.49,17.59,17.68,17.49,1732165200000000000,155
BEPJ,28796,26.59,26.3,26.6,26.23,1732165200000000000,199
BERY,3368723,69.72,70.93,71.07,69.36,1732165200000000000,44139
BERZ,36576,14.18,14.33,14.9799,14.18,1732165200000000000,200
BEST,25248,2.6701,2.6646,2.6701,2.65,1732165200000000000,79
BETE,33648,83.81,84.0432,84.63,81.73,1732165200000000000,196
BETH,28753,91.04,92.0108,92.49,89.83,1732165200000000000,213
BETR,50523,12.43,13.02,13.52,11.9,1732165200000000000,846
BETZ,20584,19.88,19.9712,20.0782,19.75,1732165200000000000,230
BF.A,103673,39.8,40.15,40.36,39.73,1732165200000000000,2340
BF.B,1858347,40.7,40.69,40.971,40.25,1732165200000000000,23800
BFAM,591833,108.43,111.05,111.24,108.22,1732165200000000000,11466
BFC,13311,103.07,104.84,106.05,103.07,1732165200000000000,964
BFEB,11527,41.9,42.735,42.735,41.9,1732165200000000000,36
BFH,906248,57.66,56.8,58.1925,56.01,1732165200000000000,17777
BFIN,10691,12.63,12.54,12.63,12.51,1732165200000000000,507
BFIX,124,24.9972,24.9972,24.9972,24.9972,1732165200000000000,6
BFK,67328,10.14,10.155,10.17,10.1389,1732165200000000000,448
BFLY,4091204,3.34,3.29,3.55,3.18,1732165200000000000,16357
BFLY.WS,53091,0.17,0.16,0.19,0.16,1732165200000000000,95
BFOR,2866,76.78,77.6511,77.82,76.78,1732165200000000000,39
BFRG,121367,2.08,2.01,2.135,1.97,1732165200000000000,723
BFRGW,2442,0.17,0.1845,0.1845,0.16,1732165200000000000,9
BFRI,72588,0.746,0.759,0.78,0.7388,1732165200000000000,327
BFRIW,19624,0.0515,0.065,0.065,0.0455,1732165200000000000,6
BFS,23894,39.76,39.78,39.925,39.59,1732165200000000000,1062
BFSpD,143,22.39,22.39,22.39,22.39,1732165200000000000,2
BFSpE,1320,22.562,22.5,22.562,22.5,1732165200000000000,16
BFST,70686,27.9,27.95,28.36,27.65,1732165200000000000,3003
BFZ,135668,11.48,11.49,11.5086,11.47,1732165200000000000,582
BG,1165501,87.97,88.37,89.37,87.3,1732165200000000000,20934
BGB,81178,12.42,12.4,12.46,12.39,1732165200000000000,515
BGC,2804296,10.2,10.16,10.265,10.03,1732165200000000000,16143
BGFV,80471,1.61,1.64,1.655,1.6,1732165200000000000,920
BGH,84980,15.45,15.68,15.68,15.445,1732165200000000000,406
BGI,46381,1.61,1.6099,1.72,1.5288,1732165200000000000,195
BGIG,6649,29.94,30.1134,30.15,29.9305,1732165200000000000,38
BGLC,40796,0.3,0.2919,0.3,0.29,1732165200000000000,134
BGLD,5495,23.18,23.1902,23.26,23.1201,1732165200000000000,62
BGM,3091,7.09,7,7.09,6.74,1732165200000000000,54
BGNE,221472,196.09,194.56,197.48,191.41,1732165200000000000,7207
BGR,91751,13.53,13.7,13.76,13.53,1732165200000000000,644
BGRN,22608,47.12,47.06,47.15,47.02,1732165200000000000,227
BGRO,649,33.45,33.5489,33.5901,33.27,1732165200000000000,20
BGS,1687191,6.25,6.38,6.465,6.12,1732165200000000000,13769
BGSF,23135,5.56,5.75,5.77,5.56,1732165200000000000,319
BGT,182553,12.98,12.92,12.98,12.84,1732165200000000000,655
BGX,38862,12.75,12.74,12.83,12.71,1732165200000000000,520
BGY,344650,5.49,5.63,5.69,5.475,1732165200000000000,1555
BH,7864,209.64,208.5,213.95,200.01,1732165200000000000,627
BHAT,684332,0.133,0.16,0.17,0.1194,1732165200000000000,784
BHB,30231,34.89,35.4,35.86,34.89,1732165200000000000,1663
BHC,579530,8.16,8.18,8.215,8.11,1732165200000000000,4595
BHE,275895,47.2,47.65,48.265,46.99,1732165200000000000,5254
BHF,314568,50.3,50.45,50.87,49.9,1732165200000000000,9366
BHFAL,14951,24.2143,24.27,24.4399,24.09,1732165200000000000,117
BHFAM,26384,16.83,17.02,17.0633,16.78,1732165200000000000,192
BHFAN,47411,19.15,19.34,19.4499,19.15,1732165200000000000,377
BHFAO,37012,23.61,24.1,24.19,23.61,1732165200000000000,275
BHFAP,20608,23.4512,23.69,23.77,23.325,1732165200000000000,237
BHIL,20301,4.39,4.08,4.515,4.08,1732165200000000000,421
BHK,150260,11.04,11.2,11.23,11.04,1732165200000000000,639
BHLB,168640,30.23,30.4,30.85,30.135,1732165200000000000,4921
BHM,2166,14.16,14.15,14.43,14.15,1732165200000000000,75
BHP,2214424,51.69,52.02,52.075,51.49,1732165200000000000,25663
BHR,164111,3.31,3.38,3.38,3.27,1732165200000000000,1314
BHRpB,1466,14.45,14.81,14.85,14.41,1732165200000000000,22
BHRpD,3045,20.3138,20.68,20.9494,20.3138,1732165200000000000,19
BHRB,45109,68.51,68.69,70.16,68.49,1732165200000000000,1852
BHST,8848,6.4,6.18,6.4,6,1732165200000000000,86
BHV,3649,11.1048,11.13,11.13,11.1,1732165200000000000,15
BHVN,646099,46.82,45.19,47.66,45,1732165200000000000,10355
BHYB,142,54.29,54.2689,54.29,54.2689,1732165200000000000,3
BIAF,188278,1.33,1.235,1.33,1.2,1732165200000000000,528
BIAFW,101,0.7003,0.7003,0.7003,0.7003,1732165200000000000,2
BIB,11335,54.39,55.1,55.44,53.42,1732165200000000000,230
BIBL,241006,41.32,41.6888,41.75,41.16,1732165200000000000,655
BIDD,477565,24.81,24.95,25.0245,24.81,1732165200000000000,1975
BIDU,8366607,82.65,81.63,82.69,80.22,1732165200000000000,107390
BIGC,869550,6.4581,6.94,7.115,6.36,1732165200000000000,10166
BIGY,18692,50.31,50.1533,50.31,49.45,1732165200000000000,556
BIGZ,540955,7.68,7.77,7.82,7.65,1732165200000000000,1819
BIIB,1886119,157.17,158.01,159.1,154.74,1732165200000000000,31645
BIL,5889666,91.69,91.69,91.69,91.68,1732165200000000000,14752
BILD,9,25.8578,25.8578,25.8578,25.8578,1732165200000000000,4
BILI,3611522,18.8,18.83,19.33,18.63,1732165200000000000,36033
BILL,1633602,88.54,89.98,90.48,87.66,1732165200000000000,24114
BILS,247237,99.36,99.34,99.36,99.34,1732165200000000000,1279
BILZ,87676,101.12,101.11,101.12,101.11,1732165200000000000,148
BINC,836654,52.63,52.61,52.665,52.6,1732165200000000000,3953
BINV,15103,30.27,30.2898,30.31,30.17,1732165200000000000,30
BIO,159589,323.03,325.58,326.45,320.32,1732165200000000000,7354
BIOA,216649,18.35,18.44,19.3933,18.1,1732165200000000000,4008
BIOR,53022,1.6,1.63,1.67,1.55,1732165200000000000,502
BIOX,167014,6.55,6.44,6.552,6.38,1732165200000000000,1943
BIP,323835,33.94,34.86,35.1,33.86,1732165200000000000,3748
BIPpA,18122,19.1932,19.1,19.1932,18.98,1732165200000000000,111
BIPpB,15507,18.48,18.48,18.6,18.41,1732165200000000000,130
BIPC,505481,43.82,44.21,44.29,43.38,1732165200000000000,7429
BIPH,15762,18.73,18.65,18.77,18.6114,1732165200000000000,161
BIPI,14003,18.39,18.4,18.66,18.2,1732165200000000000,176
BIPJ,3947,25.77,25.92,25.94,25.608,1732165200000000000,33
BIRD,30363,8.02,8.04,8.15,7.72,1732165200000000000,631
BIRK,470650,46.69,47.41,47.44,46.08,1732165200000000000,8947
BIS,10779,17.495,17.1408,17.495,17,1732165200000000000,133
BIT,300212,14.66,14.56,14.67,14.47,1732165200000000000,1246
BITB,2942932,53.09,53.51,54.034,52.0899,1732165200000000000,17669
BITC,25555,71.51,72.1422,72.5701,70.5627,1732165200000000000,442
BITF,70554869,2.265,2.05,2.295,2,1732165200000000000,45190
BITI,5027146,23.33,23.13,23.82,22.89,1732165200000000000,22457
BITO,20992514,26.2,26.43,26.705,25.72,1732165200000000000,90343
BITQ,384653,22,19.7,22.1501,19.4,1732165200000000000,4206
BITS,16211,99.01,95.76,99.1899,94.06,1732165200000000000,296
BITU,5898561,57,58.02,59.12,54.97,1732165200000000000,54137
BITX,17547707,61.97,62.87,64.16,59.61,1732165200000000000,124646
BIV,1180423,75.46,75.36,75.595,75.31,1732165200000000000,4937
BIVI,3210722,3.36,3.11,3.4278,3,1732165200000000000,11532
BIZD,928485,16.5,16.48,16.53,16.46,1732165200000000000,3179
BJ,5782381,89.49,92.79,94.6698,85.38,1732165200000000000,65694
BJAN,3752,47.41,47.4799,47.495,47.36,1732165200000000000,34
BJDX,116014,3.26,3.5,3.7901,3.2,1732165200000000000,1177
BJK,1835,43.65,44,44,43.65,1732165200000000000,52
BJRI,210751,34.12,34.52,34.92,33.98,1732165200000000000,5548
BJUL,6297,44.67,44.7348,44.8199,44.6435,1732165200000000000,34
BJUN,3286,41.46,41.5324,41.55,41.46,1732165200000000000,25
BK,2844402,78.5,78.88,79.1999,78.1063,1732165200000000000,41442
BKAG,331292,41.68,41.61,41.73,41.6,1732165200000000000,327
BKCH,86945,69.5,65.28,70.21,63.2,1732165200000000000,1718
BKCI,14708,48.72,48.9307,48.98,48.65,1732165200000000000,66
BKD,1203685,5.22,5.33,5.355,5.2,1732165200000000000,9109
BKDV,96,26.1367,26.1367,26.1367,26.1367,1732165200000000000,2
BKE,405642,47.25,47.65,47.7,46.77,1732165200000000000,11934
BKEM,6789,59.95,60.1034,60.9854,59.8501,1732165200000000000,87
BKF,1559,37.425,37.4457,37.4457,37.425,1732165200000000000,550
BKGI,2755,31.6788,31.8857,31.895,31.6788,1732165200000000000,25
BKH,363332,62.47,63.29,63.48,62.419064,1732165200000000000,7189
BKHA,135096,10.34,10.32,10.34,10.32,1732165200000000000,124
BKHY,18112,48.395,48.3187,48.42,48.29,1732165200000000000,108
BKIE,24120,73.78,73.9092,74.03,73.4907,1732165200000000000,196
BKIV,148,36.07,36.5654,36.5654,36.07,1732165200000000000,4
BKKT,2591235,32.49,31.1,33.68,29.5441,1732165200000000000,31712
BKKT.WS,541293,0.488,0.4052,0.51,0.3937,1732165200000000000,839
BKLC,97816,113.5,113.58,113.79,112.4,1732165200000000000,714
BKLN,9756053,21.1,21.1,21.1,21.07,1732165200000000000,9335
BKMC,19135,106.54,107.5403,107.62,106.51,1732165200000000000,90
BKN,48742,11.95,11.93,11.99,11.88,1732165200000000000,254
BKNG,242884,5050.62,5210.92,5211.66,5016.44,1732165200000000000,26105
BKR,6019131,44.535,44.88,45.17,44.15,1732165200000000000,67793
BKSE,2711,105.875,107.0421,107.1581,105.875,1732165200000000000,44
BKSY,1517654,9.8,10.67,10.89,9.4501,1732165200000000000,10116
BKSY.WS,296731,0.0548,0.0547,0.0572,0.0488,1732165200000000000,295
BKT,39008,11.7,11.72,11.75,11.6336,1732165200000000000,262
BKTI,28649,34.16,33.76,36.772,33.71,1732165200000000000,1389
BKU,616741,41.28,41.8,42.22,40.95,1732165200000000000,8358
BKUI,7879,49.68,49.685,49.7,49.68,1732165200000000000,21
BKV,476965,21.5,21.54,22.16,21.28,1732165200000000000,5398
BKWO,0,35.2597,35.2597,35.2597,35.2597,1732165200000000000,0
BKYI,59235,0.82,0.8361,0.88,0.79,1732165200000000000,171
BL,973166,59.67,61.69,62.23,59.2552,1732165200000000000,17022
BLAC,813,11.601,11.62,11.675,11.601,1732165200000000000,8
BLACR,1000,0.14,0.14,0.14,0.14,1732165200000000000,4
BLBD,1122834,39.81,40.08,40.98,39.25,1732165200000000000,14834
BLBX,3876,2.6731,2.71,2.7401,2.5629,1732165200000000000,35
BLCN,18916,29.32,28.66,29.4978,28.2482,1732165200000000000,210
BLCO,243674,19.41,19.81,19.825,19.32,1732165200000000000,3153
BLCR,120,32.2654,32.2654,32.2654,32.2654,1732165200000000000,8
BLCV,11581,32.99,33.2633,33.32,32.96,1732165200000000000,80
BLD,239945,352.75,361.25,367.98,350.04,1732165200000000000,9533
BLDE,783105,3.24,3.3,3.385,3.205,1732165200000000000,5763
BLDEW,348147,0.2235,0.31,0.32,0.22,1732165200000000000,275
BLDG,5263,26.33,26.5002,26.57,26.33,1732165200000000000,53
BLDP,3211628,1.26,1.28,1.33,1.26,1732165200000000000,6510
BLDR,1508629,176,175.91,177.59,172.79,1732165200000000000,26211
BLE,120411,10.79,10.72,10.7968,10.71,1732165200000000000,620
BLES,7243,38.52,38.66,38.78,38.5,1732165200000000000,64
BLEUR,580760,0.0065,0.0111,0.0192,0.0054,1732165200000000000,301
BLEUW,711494,0.001,0.001,0.0025,0.001,1732165200000000000,148
BLFS,693989,25.1,25.39,26.115,24.32,1732165200000000000,11482
BLFY,30803,11.13,11.2,11.25,10.345,1732165200000000000,1157
BLIN,9258,1.095,1.1,1.1,1.09,1732165200000000000,54
BLK,473229,1034.73,1028,1039.43,1024.6,1732165200000000000,26805
BLKB,261287,83.02,85.37,86.01,82.485,1732165200000000000,6871
BLKC,6982,27.695,27.5195,27.98,27.23,1732165200000000000,26
BLLD,9,50.82,50.82,50.82,50.82,1732165200000000000,3
BLMN,2030386,12.62,12.79,13.16,12.62,1732165200000000000,19438
BLMZ,707281,0.5713,0.5657,0.61,0.5303,1732165200000000000,1920
BLND,6011705,5.05,5.21,5.29,4.94,1732165200000000000,25742
BLNK,3456364,1.53,1.52,1.56,1.49,1732165200000000000,7887
BLOK,494129,50.86,48.42,50.9899,47.94,1732165200000000000,4853
BLRX,10657845,0.4344,0.32325,0.4344,0.31975,1732165200000000000,15106
BLTE,81037,82.89,82.45,82.89,81.1,1732165200000000000,964
BLUE,3872344,0.31,0.2979,0.3139,0.29,1732165200000000000,4684
BLV,530251,70.37,70.23,70.64,70.0841,1732165200000000000,4931
BLW,57841,14.25,14.16,14.25,14.13,1732165200000000000,364
BLX,74921,33.5,33.64,33.99,33.38,1732165200000000000,1813
BLZE,3538863,5.8,5.63,6.05,5.5,1732165200000000000,23911
BMA,359902,82.4,80.01,82.76,78.85,1732165200000000000,6113
BMAR,3179,45.95,46.0893,46.0893,45.94,1732165200000000000,36
BMAY,354,40.05,40.2201,40.2201,40.05,1732165200000000000,16
BMBL,1596224,7.88,7.91,7.98,7.69,1732165200000000000,13735
BMDL,1,24.915,24.915,24.915,24.915,1732165200000000000,1
BME,63716,38.76,38.84,38.9,38.65,1732165200000000000,513
BMEA,465688,6.28,6.38,6.5,6.0919,1732165200000000000,5809
BMED,700,25.07,25.3094,25.3094,25.0699,1732165200000000000,10
BMEZ,231588,15.08,15.14,15.2,14.98,1732165200000000000,995
BMI,189504,218.1,219.23,221.695,216.83,1732165200000000000,6741
BMLpG,6316,22.51,22.6808,22.82,22.51,1732165200000000000,18
BMLpH,32570,22.53,22.84,23.02,22.53,1732165200000000000,275
BMLpJ,9828,23.53,23.6529,23.7152,23.53,1732165200000000000,62
BMLpL,19891,24.09,24.16,24.23,24.02,1732165200000000000,120
BMN,7937,25.1873,25.319,25.3599,25.1873,1732165200000000000,43
BMO,578226,94.23,94.63,95.19,93.84,1732165200000000000,10638
BMR,160483,2.62,2.75,2.8,2.59,1732165200000000000,933
BMRA,400845,0.315,0.3235,0.34,0.3055,1732165200000000000,686
BMRC,54328,25.74,25.705,26.105,25.4,1732165200000000000,1359
BMRN,1362616,62.4,63.45,63.76,61.41,1732165200000000000,21864
BMTX,59729,4.8,4.77,4.8,4.76,1732165200000000000,699
BMTX.WS,102633,0.4101,0.45,0.45,0.4101,1732165200000000000,31
BMVP,158,49.74,49.829,49.829,49.74,1732165200000000000,12
BMY,7441383,58.16,58.23,58.48,57.47,1732165200000000000,68597
BN,1522222,56.65,57.53,57.78,56.1,1732165200000000000,19484
BNAI,143562,0.835001,0.874,0.96,0.791013,1732165200000000000,388
BNAIW,21512,0.0222,0.0209,0.05,0.0205,1732165200000000000,98
BND,5115656,72.595,72.56,72.74,72.5,1732165200000000000,25878
BNDC,121801,19.9,21.9647,22.01,19.9,1732165200000000000,80
BNDD,7068,13.94,13.98,13.98,13.925,1732165200000000000,83
BNDI,21162,47,46.999,47.1,46.9,1732165200000000000,61
BNDW,56390,69.06,69.1,69.22,69.06,1732165200000000000,815
BNDX,2737535,49.91,49.92,49.99,49.9,1732165200000000000,8791
BNED,314673,9.66,9.91,10.02,9.41,1732165200000000000,3151
BNGE,757,28.08,28.0414,28.08,28.01,1732165200000000000,13
BNGO,3329746,0.2079,0.2191,0.2198,0.2,1732165200000000000,6232
BNH,20708,18.24,17.9,18.24,17.87,1732165200000000000,193
BNIX,303,11.24,11.24,11.24,11.24,1732165200000000000,5
BNIXW,5900,0.0273,0.0285,0.0295,0.0185,1732165200000000000,20
BNJ,10659,16.81,16.89,17.03,16.7729,1732165200000000000,120
BNL,780973,17.01,17.18,17.285,17.01,1732165200000000000,6024
BNO,449583,29.51,29.57,29.58,29.26,1732165200000000000,2925
BNOV,29462,39.38,39.3613,39.45,39.1377,1732165200000000000,94
BNOX,337951,0.3,0.2779,0.3,0.273173,1732165200000000000,486
BNR,17787,4.99,5.38,5.4,4.8,1732165200000000000,247
BNRG,58465,0.7186,0.72,0.739603,0.7,1732165200000000000,201
BNS,1108510,56.43,56.22,56.71469,56.05,1732165200000000000,12337
BNT,17033,56.9,57.54,57.72,56.24,1732165200000000000,222
BNTC,32281,10.41,10.2,10.505,9.99,1732165200000000000,965
BNTX,1033381,102.38,108.23,108.74,101.26,1732165200000000000,16680
BNY,22050,10.51,10.49,10.53,10.48,1732165200000000000,141
BNZI,176110,1.53,1.55,1.56,1.4601,1732165200000000000,795
BOAT,9363,32.77,32.43,32.77,32.2801,1732165200000000000,191
BOC,69251,14.7,14.74,14.89,14.61,1732165200000000000,2020
BOCN,20616,11.48,11.45,11.48,11.44,1732165200000000000,88
BOCNW,9865,0.035,0.035,0.035,0.0331,1732165200000000000,37
BOCT,14572,43.2992,43.38,43.4299,43.19,1732165200000000000,73
BODI,15501,6.2,6.11,6.5753,6.1,1732165200000000000,626
BOE,115064,11.24,11.24,11.31,11.16,1732165200000000000,687
BOF,59557,1.76,1.74,1.83,1.68,1732165200000000000,322
BOH,236793,76.43,77.95,78.8,76.34,1732165200000000000,6135
BOHpA,11533,16.58,16.75,16.82,16.5,1732165200000000000,71
BOHpB,11318,26.66,26.61,26.7276,26.56,1732165200000000000,183
BOIL,4170858,52.89,51.38,53.7,49.0801,1732165200000000000,39414
BOKF,123755,114.81,115.65,117.53,114.33,1732165200000000000,4800
BOLD,96280,2.74,2.57,2.74,2.5,1732165200000000000,815
BOLT,80916,0.5655,0.5668,0.585,0.5513,1732165200000000000,266
BON,50421,1.41,1.58,1.65,1.41,1732165200000000000,254
BOND,242888,91.48,91.38,91.5513,91.25,1732165200000000000,1385
BOOM,354675,7.27,7.57,7.77,7.16,1732165200000000000,4141
BOOT,593268,133.11,136.29,137.283,132.49,1732165200000000000,12223
BORR,4404127,3.94,3.95,4.03,3.88,1732165200000000000,12648
BOSC,10479,3.24,3.31,3.34,3.24,1732165200000000000,94
BOTJ,15409,14.44,14.6,14.6,14.145,1732165200000000000,184
BOTT,182,27.23,27.49,27.49,27.23,1732165200000000000,7
BOTZ,622962,32.89,33.19,33.31,32.7,1732165200000000000,4988
BOUT,5164,39.54,40.14,40.1856,39.54,1732165200000000000,70
BOW,196100,35.38,34.79,35.95,34.75,1732165200000000000,4280
BOWL,495991,11.7,11.83,12.04,11.59,1732165200000000000,6750
BOWNR,8204,0.1511,0.1511,0.2508,0.1511,1732165200000000000,5
BOX,4735245,33.46,33.51,33.5898,33.25,1732165200000000000,19352
BOXL,22861,0.41,0.4141,0.4345,0.4002,1732165200000000000,138
BOXX,366470,109.64,109.64,109.66,109.64,1732165200000000000,2963
BP,18619661,29.36,29.52,29.535,29.16,1732165200000000000,49707
BPAY,98,26.8534,26.8534,26.8534,26.8534,1732165200000000000,5
BPMC,778933,94.98,96.62,98.13,92.97,1732165200000000000,12034
BPOP,401116,97,98.04,99.48,96.65,1732165200000000000,9494
BPOPM,1216,25.53,25.56,25.56,25.53,1732165200000000000,27
BPRN,13589,35.93,36.89,36.89,35.75,1732165200000000000,460
BPT,135413,1.12,1.14,1.14,1.08,1732165200000000000,520
BPTH,46828,0.78,0.799,0.845,0.7425,1732165200000000000,246
BPYPM,25703,16.7,16.55,16.76,16.52,1732165200000000000,207
BPYPN,16528,14.09,14.4,14.505,14.05,1732165200000000000,172
BPYPO,6222,15.78,15.7698,15.99,15.75,1732165200000000000,76
BPYPP,21577,16,15.98,16.0791,15.7349,1732165200000000000,170
BQ,482250,0.54,0.509,0.54,0.47,1732165200000000000,2268
BR,974932,226.7,227.47,228.69,224.96,1732165200000000000,18222
BRACR,270900,0.124,0.13,0.13,0.124,1732165200000000000,13
BRAG,22558,3.3,3.24,3.3138,3.2,1732165200000000000,223
BRAZ,315,22.81,22.7551,22.81,22.7551,1732165200000000000,4
BRBR,1196272,75.07,76.49,76.68,74.885,1732165200000000000,21196
BRBS,583034,3.56,3.6,3.69,3.56,1732165200000000000,3804
BRC,320077,70.73,71.15,71.66,70,1732165200000000000,5761
BRCC,882777,2.85,2.93,2.99,2.85,1732165200000000000,5066
BRDG,468177,9.78,9.92,9.99,9.68,1732165200000000000,2285
BREA,82658,0.61,0.6,0.62,0.56,1732165200000000000,271
BRF,1710,13.46,13.47,13.49,13.43,1732165200000000000,60
BRFH,32944,2.85,2.7,2.9431,2.62,1732165200000000000,283
BRFS,3389387,4.16,4.32,4.37,4.16,1732165200000000000,6904
BRHY,169,51.52,51.56,51.56,51.52,1732165200000000000,5
BRID,10202,8.91,9,9.25,8.86,1732165200000000000,100
BRK.A,1509,704176.15,707250,711778,699578.05,1732165200000000000,1466
BRK.B,4116801,469.445,472.06,474.66,467,1732165200000000000,76463
BRKHW,20400,0.16,0.17,0.17,0.145,1732165200000000000,41
BRKL,335237,12.1,12.26,12.39,12.03,1732165200000000000,5076
BRKR,2660201,53.15,56.22,56.37,52.59,1732165200000000000,39249
BRLN,2379,52.85,52.82,52.85,52.61,1732165200000000000,57
BRLS,3057,5.48,5.67,5.67,5.47,1732165200000000000,58
BRLSW,1400,0.0712,0.0666,0.0757,0.0666,1732165200000000000,5
BRLT,63923,1.6,1.65,1.69,1.58,1732165200000000000,363
BRN,9279,1.68,1.69,1.7101,1.65,1732165200000000000,129
BRNS,39802,0.899,0.98826,0.99,0.899,1732165200000000000,130
BRNY,37418,42.5161,42.7418,42.8,42.49,1732165200000000000,17
BRO,1085012,109.89,110.75,111.38,109.475,1732165200000000000,20591
BROG,7511,1.27,1.26,1.33,1.2009,1732165200000000000,85
BROS,2560621,51.4,52.07,52.88,51.19,1732165200000000000,31283
BRRR,230865,27.58,27.8,28.07,27.0824,1732165200000000000,1599
BRSP,425247,6.17,6.18,6.245,6.16,1732165200000000000,4193
BRT,53584,19.436,19.74,19.98,19.35,1732165200000000000,885
BRTR,6288,50.318,50.23,50.318,50.1743,1732165200000000000,47
BRTX,41449,1.4353,1.445,1.47,1.32,1732165200000000000,151
BRW,78881,7.57,7.59,7.6,7.56,1732165200000000000,447
BRX,1450165,29.63,29.73,29.8,29.5653,1732165200000000000,13849
BRY,1594953,4.25,4.26,4.34,4.195,1732165200000000000,11469
BRZE,1547668,37.11,37.98,39.15,37.11,1732165200000000000,22656
BRZU,179051,57.12,57.37,57.79,56.6,1732165200000000000,1655
BSAC,147242,19.52,19.46,19.65,19.382,1732165200000000000,2851
BSBK,3632,8.045,7.9998,8.095,7.8991,1732165200000000000,115
BSBR,311599,4.36,4.37,4.37,4.32,1732165200000000000,2297
BSCO,612630,21.09,21.09,21.1,21.09,1732165200000000000,1321
BSCP,880768,20.61,20.61,20.63,20.61,1732165200000000000,1867
BSCQ,1025943,19.4,19.38,19.4,19.38,1732165200000000000,1410
BSCR,702914,19.45,19.43,19.46,19.43,1732165200000000000,909
BSCS,1125181,20.18,20.16,20.19,20.14,1732165200000000000,989
BSCT,406900,18.38,18.355,18.39,18.34,1732165200000000000,925
BSCU,453135,16.44,16.41,16.45,16.4,1732165200000000000,682
BSCV,468611,16.16,16.12,16.18,16.11,1732165200000000000,499
BSCW,70168,20.44,20.24,20.44,20.22,1732165200000000000,388
BSCX,484649,20.81,20.77,20.8269,20.7321,1732165200000000000,516
BSCY,15781,20.38,20.35,20.41,20.3255,1732165200000000000,169
BSEP,10974,42.99,42.98,43.055,42.76,1732165200000000000,64
BSET,6299,14.37,14.39,14.6,14.24,1732165200000000000,269
BSFC,1101765,0.211,0.221,0.235,0.201,1732165200000000000,1557
BSGM,555682,1.88,1.93,1.96,1.56,1732165200000000000,1634
BSIG,136561,30.49,30.53,30.765,30.2,1732165200000000000,4201
BSII,3175,9.86,9.86,9.86,9.85,1732165200000000000,15
BSIIU,2259,10.02,10.02,10.02,10.02,1732165200000000000,9
BSJO,84339,22.62,22.61,22.6399,22.61,1732165200000000000,352
BSJP,435299,23.08,23.08,23.09,23.06,1732165200000000000,939
BSJQ,789170,23.37,23.37,23.39,23.32,1732165200000000000,863
BSJR,273265,22.54,22.56,22.595,22.52,1732165200000000000,851
BSJS,52084,22.02,21.96,22.04,21.9,1732165200000000000,394
BSJT,55861,21.61,21.62,21.64,21.5031,1732165200000000000,301
BSJU,12807,25.94,25.965,26.01,25.94,1732165200000000000,207
BSJV,958,26.341,26.3692,26.439,26.341,1732165200000000000,12
BSJW,1625,25.41,25.4175,25.4175,25.41,1732165200000000000,77
BSL,43527,14.44,14.42,14.525,14.4101,1732165200000000000,262
BSLK,498215,0.2989,0.369001,0.39,0.278934,1732165200000000000,1099
BSLKW,80808,0.0162,0.0145,0.0162,0.0102,1732165200000000000,67
BSM,634629,15.19,15.35,15.38,15.11,1732165200000000000,4012
BSMC,8475,31.3092,31.5079,31.55,31.3092,1732165200000000000,16
BSMO,20324,24.85,24.84,24.8524,24.7901,1732165200000000000,134
BSMP,31953,24.57,24.56,24.57,24.5029,1732165200000000000,134
BSMQ,28927,23.63,23.58,23.66,23.56,1732165200000000000,131
BSMR,30051,23.74,23.69,23.81,23.67,1732165200000000000,240
BSMS,82677,23.47,23.44,23.54,23.33,1732165200000000000,323
BSMT,31799,23.09,23.08,23.1,23.0601,1732165200000000000,189
BSMU,124080,21.93,21.92,21.93,21.8701,1732165200000000000,177
BSMV,11250,21.1,21.09,21.1,21.07,1732165200000000000,112
BSMW,7508,25.34,25.32,25.34,25.2309,1732165200000000000,85
BSMY,654,24.68,24.69,24.69,24.68,1732165200000000000,12
BSR,100,30.46,30.3839,30.46,30.3839,1732165200000000000,1
BSRR,45810,30.98,31.72,31.72,30.695,1732165200000000000,1542
BSSX,3424,25.9465,26,26,25.9465,1732165200000000000,75
BST,98344,36.3,36.52,36.685,36.26,1732165200000000000,1060
BSTP,3979,33.3028,33.3797,33.43,33.1831,1732165200000000000,33
BSTZ,99020,20.89,20.95,21,20.7109,1732165200000000000,730
BSV,1547288,77.36,77.31,77.4381,77.3,1732165200000000000,6206
BSVN,32453,47.4665,47.84,48.255,47.3411,1732165200000000000,1103
BSVO,106478,22.9,23.1537,23.21,22.88,1732165200000000000,251
BSX,4195288,90.65,91.5,91.72,90.23,1732165200000000000,49346
BSY,1654226,46.74,47.78,47.9,46.74,1732165200000000000,20861
BTA,33021,10.3,10.25,10.42,10.245,1732165200000000000,392
BTAI,195083,0.571,0.5706,0.5801,0.565,1732165200000000000,819
BTAL,132474,19.35,19.2,19.35,19.1,1732165200000000000,1388
BTBD,10613,1.5989,1.6092,1.625,1.59,1732165200000000000,19
BTBDW,8000,0.0507,0.0944,0.0944,0.05,1732165200000000000,10
BTBT,23890434,4.33,3.99,4.43,3.81,1732165200000000000,55736
BTC,2695902,43.2,43.6,43.98,42.4,1732165200000000000,16375
BTCI,23870,62.64,62.8612,63.31,61.87,1732165200000000000,565
BTCL,280880,57.85,58.9,60.15,55.95,1732165200000000000,2963
BTCM,324982,2.98,2.79,2.99,2.7395,1732165200000000000,2342
BTCO,219352,97.36,98.13,99.12,95.67,1732165200000000000,3001
BTCS,3465693,4.13,3.77,4.35,3.71,1732165200000000000,15067
BTCT,2864988,19.18,17.85,19.83,16.5,1732165200000000000,31595
BTCTW,153621,0.0889,0.08,0.09,0.0661,1732165200000000000,229
BTCW,104520,103.42,104.29,105.13,101.64,1732165200000000000,1247
BTCZ,833135,5.94,5.81,6.16,5.69,1732165200000000000,3219
BTDR,7714528,12.84,11.19,12.85,11.04,1732165200000000000,39600
BTE,13010409,3.02,3.02,3.09,3.01,1732165200000000000,10215
BTF,69789,22.89,22.98,23.18,22.31,1732165200000000000,904
BTFX,55761,61.01,62.13,63.16,59.28,1732165200000000000,870
BTG,12238349,2.85,2.86,2.87,2.8,1732165200000000000,15393
BTGD,80440,28.86,29.14,29.2798,28.4215,1732165200000000000,1452
BTI,2998425,36.97,36.98,37.04,36.82,1732165200000000000,21679
BTM,1079992,1.98,1.88,2.01,1.81,1732165200000000000,4381
BTMD,147209,6.1,6.14,6.15,5.79,1732165200000000000,2057
BTMWW,124750,0.09,0.06125,0.09,0.06,1732165200000000000,169
BTO,32111,37.81,38.23,38.34,37.5101,1732165200000000000,322
BTOC,313829,5.99,5.9,6.28,5.43,1732165200000000000,1657
BTOG,165004,1.5,1.36,1.635,1.28,1732165200000000000,1113
BTOP,19643,58.09,58.539,58.89,57.21,1732165200000000000,96
BTR,107,27.61,27.5385,27.61,27.5385,1732165200000000000,2
BTRN,118,36.1595,36.1595,36.1595,36.1595,1732165200000000000,12
BTSG,659001,19.12,18.75,19.13,18.72,1732165200000000000,9757
BTSGU,772,69.31,69.31,69.31,69.31,1732165200000000000,30
BTT,225962,21.09,21.04,21.11,21,1732165200000000000,804
BTTR,32470,1.78,1.7017,1.84,1.69,1732165200000000000,190
BTU,3282693,26.88,28.14,28.28,26.745,1732165200000000000,23459
BTZ,229887,10.72,10.75,10.78,10.68,1732165200000000000,809
BUCK,137505,24.69,24.74,24.74,24.63,1732165200000000000,242
BUD,2537701,54.74,54.69,55.11,54.51,1732165200000000000,28133
BUFB,103569,32.25,32.38,32.38,32.2,1732165200000000000,109
BUFC,12956,39.13,39.1,39.13,39.05,1732165200000000000,12
BUFD,212585,25.47,25.5,25.6,25.37,1732165200000000000,551
BUFF,45655,44.91,44.89,44.91,44.73,1732165200000000000,243
BUFG,49504,24.58,24.53,24.6,24.41,1732165200000000000,124
BUFP,6178,26.74,26.705,26.74,26.705,1732165200000000000,11
BUFQ,82336,31.17,31.14,31.17,30.89,1732165200000000000,276
BUFR,887285,30.48,30.43,30.48,29.69,1732165200000000000,2891
BUFS,14111,21.72,21.85,21.87,21.685,1732165200000000000,96
BUFT,7463,22.32,22.3599,22.38,22.32,1732165200000000000,19
BUFY,1876,18.9283,18.9708,18.99,18.9283,1732165200000000000,6
BUFZ,62129,23.86,23.88,23.89,23.78,1732165200000000000,295
BUG,519510,32.74,33.36,33.6168,32.7175,1732165200000000000,4308
BUI,40920,23.31,23.41,23.4499,23.1798,1732165200000000000,213
BUJA,11155,11.03,11.03,11.04,11.03,1732165200000000000,62
BUJAR,9001,0.1012,0.135,0.24,0.1012,1732165200000000000,26
BUJAW,5300,0.0252,0.044,0.044,0.0205,1732165200000000000,50
BUL,7337,48.17,48.5697,48.7,48.065,1732165200000000000,120
BULD,128,21.65,21.65,21.65,21.65,1732165200000000000,10
BULZ,99096,163.65,161.85,164.75,154,1732165200000000000,2338
BUR,682905,13.69,13.73,13.83,13.51,1732165200000000000,7812
BURL,998575,269.34,272.86,274.05,263.26,1732165200000000000,19429
BURU,1004363,0.443,0.4599,0.477499,0.4414,1732165200000000000,1557
BUSA,21239,32.99,33.34,33.41,32.99,1732165200000000000,32
BUSE,161130,26.66,26.85,27.14,26.545,1732165200000000000,4440
BUXX,161986,20.36,20.34,20.36,20.32,1732165200000000000,318
BUYO,51,26.3772,26.3772,26.3772,26.3772,1732165200000000000,4
BUYW,128534,13.92,13.93,13.93,13.87,1732165200000000000,251
BUYZ,7378,37.5033,37.7482,37.79,37.5033,1732165200000000000,20
BUZZ,39903,25.1,24.64,25.18,24.46,1732165200000000000,513
BV,879135,15.78,16.66,16.81,15.77,1732165200000000000,8419
BVFL,49995,15.8611,16.19,16.34,15.85,1732165200000000000,879
BVN,717862,12.48,12.28,12.48,12.095,1732165200000000000,7854
BVS,291286,11.33,11.51,11.58,11.17,1732165200000000000,5616
BW,862833,1.99,1.89,1.995,1.885,1732165200000000000,4988
BWpA,11128,12.95,13.07,13.2795,12.95,1732165200000000000,98
BWA,1541009,33.17,33.76,33.87,33.03,1732165200000000000,21703
BWAY,31384,9.75,9.84,9.99,9.6614,1732165200000000000,453
BWB,100606,14.98,15,15.155,14.9,1732165200000000000,1781
BWBBP,10295,19.4455,18.5,19.4455,18.4,1732165200000000000,85
BWEB,1153,56.23,56.9781,57.0764,56.23,1732165200000000000,29
BWEN,168108,1.54,1.55,1.58,1.54,1732165200000000000,867
BWET,18,12.11,12.11,12.11,12.11,1732165200000000000,2
BWFG,22336,32.28,32.42,32.91,32.155,1732165200000000000,678
BWG,35936,8.36,8.34,8.36,8.32,1732165200000000000,137
BWIN,525862,45.81,46.77,47.155,45.33,1732165200000000000,11575
BWLP,369889,13.44,13.47,13.7,13.32,1732165200000000000,4140
BWMN,71702,26.76,27.26,27.6781,26.54,1732165200000000000,1933
BWMX,16173,12,12.1,12.23,12,1732165200000000000,255
BWNB,11585,21.25,21.39,21.61,21.25,1732165200000000000,139
BWSN,11853,23.87,24.02,24.09,23.87,1732165200000000000,90
BWTG,915,34.96,35.19,35.2,34.96,1732165200000000000,10
BWX,171067,21.71,21.67,21.805,21.6645,1732165200000000000,571
BWXT,1105278,131,133.28,134.501,130.3001,1732165200000000000,21054
BWZ,92945,25.805,25.7451,25.87,25.69,1732165200000000000,171
BX,4400577,186.5,194.01,194.64,185,1732165200000000000,68563
BXC,52985,122.67,123.36,126,122.67,1732165200000000000,2488
BXMT,1223630,18.54,18.78,18.84,18.54,1732165200000000000,11126
BXMX,132527,13.91,13.87,13.9243,13.84,1732165200000000000,889
BXP,792410,80,80.77,81.68,79.645,1732165200000000000,15720
BXSL,909418,31.55,31.31,31.55,31.23,1732165200000000000,8067
BY,140283,31.28,31.33,31.65,31.05,1732165200000000000,3876
BYD,810043,71.76,71.52,72.1,71.17,1732165200000000000,15544
BYFC,4203,6.8825,7.09,7.09,6.8542,1732165200000000000,73
BYLD,65968,22.42,22.43,22.468,22.41,1732165200000000000,195
BYM,61179,11.35,11.32,11.38,11.31,1732165200000000000,343
BYND,2060960,5.15,5.01,5.21,5.0005,1732165200000000000,13205
BYNO,655,11.4301,11.4301,11.4301,11.4301,1732165200000000000,14
BYNOW,2919,0.04,0.0352,0.04,0.0352,1732165200000000000,16
BYON,2722220,5.77,5.75,6,5.57,1732165200000000000,17481
BYRE,587,26.055,26.0204,26.06,26.0204,1732165200000000000,11
BYRN,460084,19.55,20.31,20.34,18.8573,1732165200000000000,5594
BYSI,21250,1.68,1.74,1.74,1.66,1732165200000000000,150
BZ,4555700,13.33,12.92,13.3625,12.665,1732165200000000000,43623
BZFD,1557669,3.05,3.25,3.33,3.05,1732165200000000000,7354
BZFDW,38034,0.1783,0.1801,0.1801,0.165,1732165200000000000,32
BZH,209922,32.86,33.03,33.48,32.6708,1732165200000000000,5908
BZQ,4549,15.23,15.1844,15.29,15.1,1732165200000000000,102
BZUN,555912,2.57,2.38,2.6,2.32,1732165200000000000,3393
C,11390318,68.8,68.95,69.465,68.41,1732165200000000000,96917
CpN,34071,30.2,30.2,30.29,30.15,1732165200000000000,296
CA,600,25.27,25.19,25.27,25.19,1732165200000000000,3
CAAA,42,20.165,20.165,20.165,20.165,1732165200000000000,3
CAAP,444675,18.77,17.99,18.955,17.67,1732165200000000000,5470
CAAS,20164,4.44,4.44,4.59,4.3251,1732165200000000000,301
CABA,6625660,2.28,1.87,2.3,1.76,1732165200000000000,20625
CABO,68227,403.04,402.85,409.8,400.085,1732165200000000000,4112
CAC,39395,46.65,46.755,47.56,45.01,1732165200000000000,2119
CACC,143500,451.48,460.02,470.095,447.82,1732165200000000000,6757
CACI,527539,454.93,475.48,479.48,454.93,1732165200000000000,16193
CADE,1184152,37.44,37.97,38.32,37.27,1732165200000000000,15601
CADEpA,12950,20.82,20.94,21.2599,20.82,1732165200000000000,100
CADL,444981,4.02,4.135,4.2999,3.965,1732165200000000000,3911
CAE,701786,22.79,23.31,23.46,22.62,1732165200000000000,7048
CAF,32660,12.81,12.695,12.8299,12.68,1732165200000000000,164
CAFG,8073,26.53,26.76,26.91,26.4989,1732165200000000000,52
CAFX,26584,24.59,24.56,24.595,24.5,1732165200000000000,21
CAG,4379662,27.19,27.17,27.5,26.95,1732165200000000000,34488
CAH,2008227,120.1,123.42,123.51,119.4,1732165200000000000,32761
CAKE,740735,46.45,46.34,46.8693,46.09,1732165200000000000,13343
CAL,401100,29.85,30.46,30.7,29.46,1732165200000000000,8799
CALC,18341,3.45,3.45,3.46,3.4,1732165200000000000,223
CALF,1188547,46.49,47.04,47.2,46.33,1732165200000000000,9234
CALI,11879,50.346,50.34,50.49,50.26,1732165200000000000,78
CALM,263865,94.95,95.78,96.5,94.07,1732165200000000000,8840
CALX,1097394,30.66,32.12,32.22,30.1,1732165200000000000,16428
CAML,24181,34.7086,34.94,35.01,34.7086,1732165200000000000,36
CAMP,65122,6,5.78,6.47,5.49,1732165200000000000,1195
CAMT,319283,75.77,75.51,76.8,74.7,1732165200000000000,6714
CAMX,9,30.2611,30.2611,30.2611,30.2611,1732165200000000000,7
CAN,35166149,1.79,1.82,1.88,1.53,1732165200000000000,64403
CANC,2638,26.43,26.5218,26.65,26.3608,1732165200000000000,36
CANE,37815,12.5753,12.6178,12.65,12.55,1732165200000000000,184
CANF,53873,2.02,1.97,2.0438,1.97,1732165200000000000,357
CANG,315265,4.04,3.9,4.21,3.9,1732165200000000000,1674
CANQ,104,27.32,27.3747,27.3747,27.32,1732165200000000000,4
CAOS,3985,87.12,87.19,87.2,87.095,1732165200000000000,67
CAPE,69511,31.27,31.2862,31.3201,31.07,1732165200000000000,130
CAPL,23043,19.8671,20.22,20.355,19.8659,1732165200000000000,225
CAPN,17694,9.99,10,10,9.98,1732165200000000000,32
CAPNR,210648,0.126,0.1201,0.126,0.12,1732165200000000000,36
CAPR,2198775,18.76,17.79,20.03,17.02,1732165200000000000,18223
CAPT,297456,0.77,0.793,0.7998,0.7002,1732165200000000000,939
CAR,506521,99.25,101.64,104.45,98.63,1732165200000000000,13619
CARA,173944,0.3019,0.31,0.315,0.3,1732165200000000000,569
CARD,2510,7.99,7.8771,8.0218,7.8771,1732165200000000000,26
CARE,61684,18.75,18.84,18.94,18.675,1732165200000000000,1321
CARG,716548,35.07,35.73,36,34.78,1732165200000000000,14114
CARK,31,40.1528,40.1528,40.1528,40.1528,1732165200000000000,6
CARM,169648,0.88,0.8478,0.88,0.825,1732165200000000000,694
CARR,9423388,74.8,76.01,76.52,74.465,1732165200000000000,58576
CARS,897314,18.42,18.47,18.545,18.22,1732165200000000000,9320
CART,5506829,41.93,43.25,43.31,41.66,1732165200000000000,57929
CARU,950,26.62,26.8308,26.8308,26.62,1732165200000000000,9
CARV,10126,1.62,1.63,1.6399,1.6,1732165200000000000,77
CARY,76041,20.84,20.79,20.84,20.76,1732165200000000000,176
CARZ,4356,57.27,57.13,57.29,56.8345,1732165200000000000,86
CASH,136448,80.57,80.78,82.35,79.725,1732165200000000000,5010
CASI,11943,5.2,5.25,5.32,5.2,1732165200000000000,178
CASS,30154,44.3,44.3,45.098,44.25,1732165200000000000,1235
CASY,162103,416.38,416.4,418.82,410.28,1732165200000000000,9835
CAT,1833547,383.92,389.59,392.02,379,1732165200000000000,49297
CATF,3459,50.41,50.415,50.55,50.41,1732165200000000000,6
CATH,29534,72.28,72.35,72.48,71.5891,1732165200000000000,172
CATO,212270,5.5,4.96,5.5,4.73,1732165200000000000,2798
CATX,12632282,4.47,3,4.59,2.94,1732165200000000000,57164
CATY,205334,50.99,51.51,52.08,50.82,1732165200000000000,5370
CAVA,3542551,140.1,144.8,145.2,137.27,1732165200000000000,47552
CB,1415989,284.25,285.11,285.62,282.7,1732165200000000000,34005
CBAN,55006,17.02,17.19,17.41,16.94,1732165200000000000,1174
CBAT,179295,0.8621,0.8694,0.8795,0.8518,1732165200000000000,623
CBFV,15289,29.7,29.9,30,28.8,1732165200000000000,234
CBL,380552,29.09,29.5,30.1299,29.09,1732165200000000000,5521
CBLL,220087,24.81,25.23,25.79,24.81,1732165200000000000,3563
CBLS,10782,26.9,26.8273,26.9,26.8273,1732165200000000000,6
CBNA,15059,24.2,24.2,24.4,23.92,1732165200000000000,1004
CBNK,21994,27.98,28.27,28.3499,27.98,1732165200000000000,666
CBOE,845191,210.18,210.98,211.21,208.5,1732165200000000000,17169
CBON,1498,22.06,22.08,22.1099,22.05,1732165200000000000,28
CBRE,2095561,132.73,131.65,132.77,131.49,1732165200000000000,27985
CBRL,558568,46.54,47.64,48.54,46.01,1732165200000000000,12906
CBSE,4982,33.62,34.0636,34.09,33.62,1732165200000000000,17
CBSH,348415,71.08,71.81,72.43,71.05,1732165200000000000,10224
CBT,336451,107.65,108.67,109.45,107.34,1732165200000000000,7363
CBU,171372,68.18,68.91,70.3,68.18,1732165200000000000,4677
CBUS,93512,4.03,4.37,4.375,3.94,1732165200000000000,1337
CBZ,345259,78.42,79.43,79.75,77.84,1732165200000000000,5980
CC,2740207,19.37,20.8,20.99,19.305,1732165200000000000,26971
CCAP,65587,19.03,19.06,19.15,19,1732165200000000000,1355
CCB,72594,75,75.33,76.72,74.95,1732165200000000000,3378
CCBG,36716,38.35,38.44,39.08,38.35,1732165200000000000,1837
CCCC,1504703,4.03,4.01,4.32,3.89,1732165200000000000,11434
CCCS,3194152,12.11,12.34,12.37,12.05,1732165200000000000,23325
CCD,34507,24.51,24.53,24.59,24.29,1732165200000000000,519
CCEC,3372,18.5,18.67,18.92,18.5,1732165200000000000,78
CCEF,734,28.53,28.5549,28.5549,28.53,1732165200000000000,73
CCEL,15508,7.96,8.3,8.43,7.87,1732165200000000000,376
CCEP,1275478,76.54,78.11,78.21,76.465,1732165200000000000,21673
CCG,100580,0.914,0.87,0.914,0.8611,1732165200000000000,232
CCI,1456021,104.16,104.5,105.01,103.38,1732165200000000000,24593
CCIA,1899,25.96,25.97,25.9941,25.94,1732165200000000000,14
CCIF,191871,8.31,8.22,8.31,8.16,1732165200000000000,535
CCIRU,169406,10,10.0001,10.0189,9.99,1732165200000000000,242
CCIX,126712,10.21,10.2,11.17,10.15,1732165200000000000,135
CCIXU,1437,10.28,10.2944,10.2944,10.28,1732165200000000000,7
CCIXW,4072,0.41,0.41,0.41,0.41,1732165200000000000,26
CCJ,6295761,58.74,60.93,60.98,58.02,1732165200000000000,65935
CCK,1481159,90.1,91.01,91.21,89.91,1732165200000000000,20766
CCL,19109452,25.13,25.35,25.6,25,1732165200000000000,90789
CCLD,108990,2.72,2.85,2.87,2.59,1732165200000000000,681
CCLDO,4069,16.7,17.0783,17.33,16.69,1732165200000000000,53
CCLDP,24859,16.6523,16.37,16.7813,16.05,1732165200000000000,157
CCM,6122,4.2476,4.45,5.21,4.2476,1732165200000000000,194
CCMG,16192,28.27,28.46,28.5,28.26,1732165200000000000,33
CCNE,63096,27.5,27.58,27.97,27.4,1732165200000000000,1479
CCNEP,1537,25.02,24.92,25.0479,24.92,1732165200000000000,8
CCNR,0,25.0941,25.0941,25.0941,25.0941,1732165200000000000,0
CCO,1592790,1.56,1.59,1.63,1.555,1732165200000000000,4720
CCOI,525263,81.53,83.79,84.16,81.2699,1732165200000000000,9910
CCOR,9373,26.36,26.4701,26.5499,26.36,1732165200000000000,51
CCRD,47924,18.71,18.65,19.205,18.37,1732165200000000000,1112
CCRN,252658,10.29,10.38,10.39,10,1732165200000000000,5238
CCRV,9953,20.93,20.905,20.93,20.855,1732165200000000000,62
CCS,275368,87.01,87.24,88.9,87,1732165200000000000,7236
CCSB,1315,20.41,20.365,20.42,20.365,1732165200000000000,10
CCSI,74830,23.71,23.75,24.085,23.14,1732165200000000000,2444
CCSO,840,21.2501,21.42,21.42,21.25,1732165200000000000,18
CCTG,10685,1.71,1.72,1.7899,1.685,1732165200000000000,109
CCU,92884,10.94,11.07,11.115,10.89,1732165200000000000,1726
CCZ,4095,60.1,60,60.1001,59.7,1732165200000000000,47
CDC,18462,65.79,66.53,66.63,65.74,1732165200000000000,185
CDE,9031237,6.62,6.63,6.635,6.4207,1732165200000000000,31331
CDEI,48,72.2362,72.2362,72.2362,72.2362,1732165200000000000,6
CDIO,1077427,0.24,0.2474,0.267,0.2301,1732165200000000000,1038
CDIOW,782,0.03,0.0411,0.0411,0.0275,1732165200000000000,8
CDL,14598,68.87,69.4761,69.525,68.65,1732165200000000000,93
CDLR,42283,24,23.89,24.07,23.81,1732165200000000000,1295
CDLX,530868,3.69,3.8,3.855,3.54,1732165200000000000,4442
CDMO,2454736,12.2,12.25,12.33,12.18,1732165200000000000,8459
CDNA,600281,22.52,22.58,22.85,22,1732165200000000000,11067
CDNS,1132000,306.11,306.51,308.454,300.95,1732165200000000000,33640
CDP,830338,30.72,31.16,31.22,30.68,1732165200000000000,9739
CDRpB,2103,15.31,15.585,16.4535,15.29,1732165200000000000,33
CDRpC,6047,13.99,14.1,14.18,13.98,1732165200000000000,41
CDRE,316484,32.5,32.8,33.12,32.46,1732165200000000000,5138
CDRO,81793,7.2,7.3,7.44,7.03,1732165200000000000,815
CDROW,4689,0.84,0.785,0.8609,0.785,1732165200000000000,15
CDT,579981150,0.14465,0.1079,0.1579,0.1021,1732165200000000000,261375
CDTG,46352,3.23,3.33,3.44,3.1239,1732165200000000000,889
CDTTW,47888,0.0147,0.0089,0.0217,0.0084,1732165200000000000,128
CDTX,451789,18.98,17.45,19.9799,17.1669,1732165200000000000,5313
CDW,1503634,176.45,178.17,179.28,175.42,1732165200000000000,23794
CDX,29252,23.45,23.3994,23.47,23.32,1732165200000000000,134
CDXC,1010291,7.56,7.63,7.85,7.37,1732165200000000000,7861
CDXS,676173,4.4,4.33,4.525,4.295,1732165200000000000,6247
CDZI,124868,3.15,3.21,3.22,3.09,1732165200000000000,1134
CDZIP,4019,16.16,16.2,16.2,16.16,1732165200000000000,27
CE,5050436,72.84,75,76.17,72.335,1732165200000000000,39860
CEAD,11257,5.75,5.97,6.055,5.71,1732165200000000000,111
CEADW,4205,0.0137,0.0087,0.0149,0.0087,1732165200000000000,5
CECO,288024,30,30.2,30.86,29.33,1732165200000000000,6789
CEE,3262,11.93,12.1408,12.18,11.93,1732165200000000000,25
CEF,499565,24.77,24.73,24.77,24.5845,1732165200000000000,1554
CEFA,4025,30.28,30.4425,30.4425,30.28,1732165200000000000,18
CEFD,1209,20.02,20.0971,20.1129,20,1732165200000000000,80
CEFS,55491,22.053,22.16,22.2199,22.01,1732165200000000000,250
CEG,3586407,237.31,251.84,252.19,234.11,1732165200000000000,69045
CEIX,558258,127.57,132.64,133.12,126.59,1732165200000000000,12102
CELC,205506,12.99,12.73,13.0423,12.46,1732165200000000000,3540
CELGr,7862,0.0525,0.059775,0.0598,0.0427,1732165200000000000,20
CELH,7732958,27.55,29.05,29.25,27.03,1732165200000000000,75722
CELU,97131,2.93,2.85,2.9799,2.72,1732165200000000000,639
CELUW,11000,0.0152,0.0224,0.0225,0.0152,1732165200000000000,3
CELZ,19959,2.51,2.55,2.67,2.44,1732165200000000000,297
CEMB,20525,44.95,44.91,44.97,44.9,1732165200000000000,175
CENN,96783,1.25,1.23,1.25,1.2108,1732165200000000000,1209
CENT,155052,37.54,38.36,38.49,37.54,1732165200000000000,4800
CENTA,250168,32.32,32.89,33,32.23,1732165200000000000,6345
CENX,1100778,23.12,22.61,23.19,22.4,1732165200000000000,16361
CEP,5831,10.25,10.265,10.305,10.25,1732165200000000000,67
CEPU,534097,13.79,13.85,14.15,13.51,1732165200000000000,3860
CERO,15189837,0.2427,0.2479,0.286,0.2375,1732165200000000000,11716
CEROW,302245,0.0223,0.023101,0.0275,0.0223,1732165200000000000,654
CERS,924254,1.67,1.67,1.705,1.65,1732165200000000000,4012
CERT,1265465,9.58,9.77,9.8,9.41,1732165200000000000,15682
CERY,195504,25.98,26,26.04,25.9157,1732165200000000000,8
CET,39649,46.1501,46.64,46.7,46.1501,1732165200000000000,346
CETH,282575,16.77,16.78,16.95,16.22,1732165200000000000,1390
CETX,9387003,0.215,0.1967,0.215,0.184,1732165200000000000,9745
CETY,1144816,0.69,0.672101,0.7299,0.544,1732165200000000000,3334
CEV,43731,10.34,10.41,10.4247,10.34,1732165200000000000,154
CEVA,125844,28.28,28.67,28.81,27.76,1732165200000000000,4679
CEW,280,18.07,18.015,18.07,17.99,1732165200000000000,7
CF,1734594,89.89,90.64,91.06,89.51,1732165200000000000,24473
CFA,7879,88.76,89.4794,89.569,88.405,1732165200000000000,88
CFB,120034,17.4,17.51,17.705,17.26,1732165200000000000,2649
CFBK,29244,25.99,27.95,29.6,25.99,1732165200000000000,624
CFFI,16472,74.65,74.92,76.25,73.515,1732165200000000000,1380
CFFN,479309,6.67,6.69,6.785,6.655,1732165200000000000,7359
CFFS,18895,11.165,11.17,11.18,11.165,1732165200000000000,54
CFFSW,65900,0.067,0.08,0.08,0.067,1732165200000000000,16
CFG,3589523,46.61,46.77,47.32,46.44,1732165200000000000,41771
CFGpE,22625,20.48,20.65,20.69,20.48,1732165200000000000,239
CFGpH,39267,27.03,27,27.0705,26.91,1732165200000000000,335
CFLT,9293855,29.84,30.61,30.88,29.68,1732165200000000000,78410
CFO,4151,71.74,72.5173,72.62,71.74,1732165200000000000,51
CFR,271302,138.8,139.53,141.16,138.44,1732165200000000000,7982
CFRpB,4673,19.34,19.54,19.6371,19.34,1732165200000000000,67
CFSB,8498,6.7723,6.72,6.7723,6.63,1732165200000000000,59
CG,4177491,51.41,52.79,53,51.24,1732165200000000000,28511
CGA,38460,1.9016,2.08,2.15,1.9,1732165200000000000,167
CGABL,17283,19.2,19.24,19.45,19.18,1732165200000000000,208
CGAU,814351,6.15,6.26,6.275,6.13,1732165200000000000,4539
CGBD,137055,16.53,16.67,16.85,16.53,1732165200000000000,2222
CGBDL,3725,25.54,25.47,25.69,25.465,1732165200000000000,23
CGBL,647329,31.54,31.5,31.5498,31.3,1732165200000000000,2012
CGBS,511923,0.3415,0.325,0.348,0.3101,1732165200000000000,962
CGBSW,9405,0.0364,0.0301,0.044703,0.0301,1732165200000000000,67
CGC,5598449,3.78,3.86,4.04,3.7622,1732165200000000000,13684
CGCB,532614,26.05,26.04,26.09,25.995,1732165200000000000,1020
CGCP,666256,22.41,22.4,22.44,22.38,1732165200000000000,1619
CGCV,698998,27.31,27.4898,27.535,27.1961,1732165200000000000,246
CGDG,216514,30.17,30.26,30.2878,30.04,1732165200000000000,887
CGDV,2594939,36.3,36.36,36.44,36.07,1732165200000000000,8090
CGEM,644800,12.53,12.22,12.84,12.04,1732165200000000000,7600
CGEN,145843,1.43,1.45,1.52,1.41,1732165200000000000,762
CGGE,14711,25.79,25.9,25.9466,25.79,1732165200000000000,39
CGGO,718761,29.64,29.66,29.71,29.38,1732165200000000000,2563
CGGR,2807208,37.52,37.25,37.52,36.9679,1732165200000000000,9279
CGHM,37308,25.65,25.615,25.65,25.61,1732165200000000000,65
CGIB,3861,25.51,25.505,25.51,25.505,1732165200000000000,5
CGIC,26060,24.51,24.5686,24.59,24.43,1732165200000000000,69
CGIE,79138,27.93,28.015,28.04,27.88,1732165200000000000,407
CGMS,745465,27.46,27.51,27.51,27.43,1732165200000000000,1190
CGMU,270635,27.17,27.18,27.19,27.13,1732165200000000000,902
CGNG,68886,25.08,25.09,25.11,24.96,1732165200000000000,174
CGNT,607632,7.42,8.13,8.24,7.375,1732165200000000000,4740
CGNX,905663,39.13,39.2,39.5,38.52,1732165200000000000,15094
CGO,18947,11.73,11.89,11.9399,11.66,1732165200000000000,118
CGON,588670,32.55,32.34,33.155,31.28,1732165200000000000,8311
CGRO,224,22.9918,22.9918,22.9918,22.9918,1732165200000000000,10
CGSD,219064,25.69,25.67,25.69,25.66,1732165200000000000,846
CGSM,74199,26.12,26.13,26.135,26.1168,1732165200000000000,136
CGTX,513574,0.44,0.4398,0.4458,0.4283,1732165200000000000,1415
CGUI,6985,25.26,25.25,25.26,25.25,1732165200000000000,5
CGUS,814680,35.05,34.97,35.06,34.72,1732165200000000000,4150
CGV,18792,12.88,12.8919,12.9,12.86,1732165200000000000,20
CGW,31297,58.62,58.8,58.9673,58.36,1732165200000000000,380
CGXU,974711,25.23,25.37,25.4199,25.14,1732165200000000000,1848
CHARU,14018,9.99,9.99,9.99,9.98,1732165200000000000,25
CHAT,26289,40.02,40.12,40.3,39.4649,1732165200000000000,474
CHAU,509956,15.85,15.8,15.87,15.72,1732165200000000000,2088
CHCI,15937,9.255,9.64,9.8053,9.0782,1732165200000000000,249
CHCO,43333,128.92,129.96,131.615,128.92,1732165200000000000,2317
CHCT,237654,18.37,18.53,18.67,18.17,1732165200000000000,3953
CHD,1808275,111.84,112.25,112.85,110.91,1732165200000000000,26439
CHDN,341830,139.89,142.38,142.62,139.27,1732165200000000000,9489
CHE,120420,551.03,563.28,565.4,551.03,1732165200000000000,5684
CHEB,291372,10.04,10.04,10.04,10.04,1732165200000000000,10
CHEF,454513,44.04,43.86,44.245,43.09,1732165200000000000,8014
CHEK,16499,0.79,0.8101,0.819752,0.765,1732165200000000000,121
CHGG,2917776,1.75,1.8,1.81,1.6578,1732165200000000000,8700
CHGX,4320,39.32,39.69,39.74,39.1889,1732165200000000000,58
CHH,202635,147.47,149.3,149.7039,146.2664,1732165200000000000,6442
CHI,130487,12.06,12.04,12.148,12.02,1732165200000000000,602
CHIQ,29253,19.62,19.61,19.7151,19.56,1732165200000000000,444
CHKP,765689,177.92,181.99,183.51,177.45,1732165200000000000,15745
CHMG,13172,51,50.635,51.17,50.635,1732165200000000000,406
CHMI,459966,2.6,2.54,2.61,2.51,1732165200000000000,1814
CHMIpA,11101,23.5,22.2774,23.5,22.0001,1732165200000000000,187
CHMIpB,22238,24.62,24.16,24.62,24.05,1732165200000000000,201
CHN,18167,12.03,11.91,12.03,11.872,1732165200000000000,94
CHNR,36564,0.665,0.646,0.6908,0.62,1732165200000000000,86
CHPS,1607,30.29,30.5,30.5,29.9122,1732165200000000000,21
CHPT,12171991,1.09,1.13,1.15,1.05,1732165200000000000,23041
CHR,3577,2.58,2.56,2.6399,2.56,1732165200000000000,36
CHRD,961894,131,132.36,132.95,130.2426,1732165200000000000,18144
CHRO,53888,0.649,0.6312,0.665,0.5099,1732165200000000000,147
CHRS,5076616,1.07,1.1,1.17,1.01,1732165200000000000,15080
CHRW,774029,109.37,108.54,109.55,108.24,1732165200000000000,18809
CHSCL,12703,26.07,26.19,26.22,26.07,1732165200000000000,172
CHSCM,11464,25.133,25.26,25.3903,25.133,1732165200000000000,120
CHSCN,10684,25.6474,25.61,25.7325,25.52,1732165200000000000,160
CHSCO,7705,26.83,26.98,27.01,26.83,1732165200000000000,120
CHSCP,8837,29.07,29.17,29.5599,29.07,1732165200000000000,109
CHSN,155830,7.67,7.2,8,6.69,1732165200000000000,1586
CHT,97702,37.82,37.88,37.94,37.73,1732165200000000000,1583
CHTR,960576,388.52,383.84,389.935,383.06,1732165200000000000,22577
CHW,301909,7,6.97,7,6.925,1732165200000000000,963
CHWY,3791441,35,35.87,35.87,34.63,1732165200000000000,38941
CHX,1223364,31.11,31.28,31.57,30.83,1732165200000000000,14058
CHY,114475,12.24,12.2,12.28,12.2,1732165200000000000,445
CI,1520437,324.92,330.07,331.07,322.21,1732165200000000000,29798
CIA,74914,4.69,4.8,4.88,4.62,1732165200000000000,1062
CIB,184557,33.3,32.76,33.61,32.76,1732165200000000000,3303
CIBR,1023157,62.37,63.21,63.56,62.21,1732165200000000000,7398
CICB,15511,25.31,25.2739,25.31,25.23,1732165200000000000,76
CIEN,1286108,67.41,68.17,68.8799,66.96,1732165200000000000,17927
CIF,152854,1.7101,1.71,1.72,1.71,1732165200000000000,310
CIFR,10170492,6.88,6.19,7.051,6.03,1732165200000000000,55783
CIFRW,118832,2.12,1.7,2.33,1.68,1732165200000000000,574
CIG,2240950,2.01,1.99,2.04,1.97,1732165200000000000,4121
CIG.C,1563,2.53,2.495,2.53,2.47,1732165200000000000,33
CIGI,91553,142.1,143.98,144.095,142.1,1732165200000000000,2403
CII,65202,19.68,19.73,19.78,19.61,1732165200000000000,444
CIK,441079,2.96,2.98,2.98,2.96,1732165200000000000,947
CIL,45,42.9034,42.9034,42.9034,42.9034,1732165200000000000,8
CIM,342747,14.52,14.62,14.67,14.49,1732165200000000000,4527
CIMpA,36487,23.31,23.4,23.7999,23.205,1732165200000000000,207
CIMpB,10982,25.345,25.33,25.49,25.32,1732165200000000000,187
CIMpC,19901,24.02,24.2,24.3755,24.01,1732165200000000000,209
CIMpD,26147,24.95,24.95,25.15,24.9449,1732165200000000000,257
CIMN,37017,25.04,25.0142,25.05,24.95,1732165200000000000,250
CIMO,52833,25.15,25.1,25.3,25.01,1732165200000000000,388
CINF,478106,152.71,154.85,155.25,151.77,1732165200000000000,13500
CING,99647,4.79,4.65,4.9,4.43,1732165200000000000,753
CINGW,183244,0.05,0.037768,0.085,0.037768,1732165200000000000,91
CINT,97661,6.98,6.83,7.01,6.73,1732165200000000000,1019
CIO,317172,4.93,5.08,5.095,4.88,1732165200000000000,3028
CIOpA,602309,18.65,18.74,18.95,17.66,1732165200000000000,204
CION,293802,11.45,11.54,11.61,11.41,1732165200000000000,2506
CISO,128843,1.023,1.2,1.217,1.02,1732165200000000000,361
CISS,306462,0.81,0.8372,0.8699,0.81,1732165200000000000,1007
CITE,3131,11.59,11.58,11.59,11.55,1732165200000000000,11
CITEW,234362,0.175,0.25,0.3236,0.1749,1732165200000000000,146
CIVB,28916,22.5,22.54,22.785,22.43,1732165200000000000,1195
CIVI,938921,52.16,52.28,52.785,52,1732165200000000000,15304
CIX,3004,28.21,27.81,28.26,27.81,1732165200000000000,407
CJET,15729,1.9785,1.95,1.9999,1.93,1732165200000000000,77
CJJD,6776,2.02,1.98,2.02,1.9001,1732165200000000000,66
CKPT,479745,3.37,3.47,3.56,3.33,1732165200000000000,3504
CL,3642839,94.15,94.25,94.92,93.3,1732165200000000000,43331
CLAR,238899,4.28,4.38,4.385,4.2,1732165200000000000,2189
CLB,329339,20.76,21.12,21.58,20.69,1732165200000000000,6885
CLBK,50695,18.11,18.19,18.33,18.025,1732165200000000000,1819
CLBR,82371,10.64,10.6,10.7,10.55,1732165200000000000,210
CLBR.WS,34677,0.53,0.61,0.6212,0.52,1732165200000000000,54
CLBT,1957695,19.09,20.18,20.25,19.09,1732165200000000000,14596
CLCO,2100493,9.09,9.22,9.64,8.82,1732165200000000000,16031
CLDI,1981845,2.2,2.15,2.29,2.02,1732165200000000000,7006
CLDL,80839,16.97,15.6793,16.97,15.38,1732165200000000000,471
CLDT,200400,8.83,9.07,9.08,8.83,1732165200000000000,3676
CLDTpA,382,23.53,23.54,23.54,23.53,1732165200000000000,3
CLDX,720414,26.6,26.22,27.09,26.19,1732165200000000000,12228
CLEU,164692,0.2108,0.207,0.2198,0.2058,1732165200000000000,254
CLF,10326363,11.74,11.88,11.995,11.44,1732165200000000000,43809
CLFD,134139,29.6,30.06,30.09,29.14,1732165200000000000,3931
CLGN,4513,4.28,4.165,4.33,4.139904,1732165200000000000,37
CLH,201979,247.81,250.03,251.81,246.12,1732165200000000000,6841
CLIK,29509,1.22,1.2282,1.2699,1.1692,1732165200000000000,78
CLIP,153991,100.33,100.34,100.34,100.31,1732165200000000000,720
CLIR,825838,0.98,1.13,1.28,0.98,1732165200000000000,1796
CLIX,989,46.43,46.2427,46.52,46.2427,1732165200000000000,27
CLLS,49023,1.9,1.86,1.9,1.8187,1732165200000000000,150
CLM,2008681,8.63,8.7,8.73,8.58,1732165200000000000,5238
CLMB,47750,134.81,136.55,141.88,134.725,1732165200000000000,2719
CLMT,341887,20.87,21.52,21.63,20.862,1732165200000000000,5071
CLNE,1711575,2.66,2.71,2.73,2.63,1732165200000000000,7524
CLNN,129703,4.1,4.01,4.18,3.9,1732165200000000000,779
CLNR,125,22.77,22.7862,22.7862,22.77,1732165200000000000,2
CLOA,63908,51.9,51.93,51.94,51.8999,1732165200000000000,487
CLOB,4485,50.65,50.6551,50.67,50.65,1732165200000000000,71
CLOD,171,31.98,32.0395,32.0395,31.98,1732165200000000000,4
CLOI,209370,53.08,53.05,53.08,53.035,1732165200000000000,919
CLOU,383412,23.44,24.13,24.185,23.44,1732165200000000000,3017
CLOV,3746625,3.34,3.36,3.41,3.28,1732165200000000000,12003
CLOX,17125,25.4812,25.5,25.51,25.47,1732165200000000000,63
CLOZ,382343,27.02,27.04,27.05,27.02,1732165200000000000,699
CLPR,43355,5.08,5.09,5.19,5.01,1732165200000000000,657
CLPS,11778,1.14,1.13,1.15,1.13,1732165200000000000,153
CLPT,94558,11.08,11.09,11.19,10.85,1732165200000000000,1871
CLRB,1346099,1.58,1.58,1.595,1.385,1732165200000000000,2565
CLRO,11762,0.4913,0.4967,0.5,0.4825,1732165200000000000,134
CLS,3552144,88.54,91.44,93.15,88.53,1732165200000000000,49041
CLSD,226778,1.06,1.02,1.08,1.01,1732165200000000000,1063
CLSE,122333,23.72,23.68,23.73,23.44,1732165200000000000,362
CLSK,62190618,14.6,12.965,15.28,12.6,1732165200000000000,260989
CLSKW,7139714,0.9,0.68,1.63,0.45,1732165200000000000,6976
CLSM,28451,21.69,21.76,21.8,21.6,1732165200000000000,53
CLST,3476,11.475,11.6,11.6,11.475,1732165200000000000,50
CLVT,7890464,5.11,5.14,5.26,5.035,1732165200000000000,23238
CLW,346629,26.09,26.71,27.18,26.01,1732165200000000000,5336
CLWT,1866,1.39,1.45,1.45,1.39,1732165200000000000,22
CLX,1218060,168.35,169.15,169.21,166.76,1732165200000000000,21079
CLYM,164570,3.09,3,3.1199,2.9,1732165200000000000,1329
CM,809252,64.88,65.21,65.485,64.61,1732165200000000000,10204
CMA,3091766,67.99,68.9,70.445,64.01,1732165200000000000,39583
CMAX,211773,0.7502,0.6669,0.83,0.6669,1732165200000000000,619
CMAXW,122123,0.0052,0.0056,0.011,0.0052,1732165200000000000,1107
CMBM,175814,1.07,1.11,1.12,1.07,1732165200000000000,607
CMBS,14162,47.53,47.42,47.53,47.2801,1732165200000000000,191
CMBT,157308,12.2,11.84,12.2,11.76,1732165200000000000,1563
CMC,454239,59.74,60.44,60.84,59.38,1732165200000000000,10551
CMCI,2048,25.2785,25.1156,25.2785,25.1156,1732165200000000000,9
CMCL,68755,11.06,11.19,11.22,10.9,1732165200000000000,1751
CMCM,17448,4.8,4.61,4.8,4.6,1732165200000000000,110
CMCO,177839,36.21,37.14,37.21,36.063,1732165200000000000,4301
CMCSA,15647161,43.1,43.5,43.73,42.51,1732165200000000000,93919
CMCT,837738,0.2262,0.247,0.2499,0.2122,1732165200000000000,1140
CMDT,32353,26.02,26.01,26.0493,25.9398,1732165200000000000,84
CMDY,13021,49.61,49.51,49.61,49.32,1732165200000000000,153
CME,1864641,229.18,226.56,229.18,226.02,1732165200000000000,34732
CMF,339269,57.51,57.5,57.57,57.455,1732165200000000000,1675
CMG,7508499,58.91,59.98,60.065,58.71,1732165200000000000,68623
CMI,514097,362.2,368.86,370.64,360.04,1732165200000000000,18825
CMLS,31788,0.717,0.735,0.748,0.7,1732165200000000000,228
CMMB,75823,1.65,1.6,1.68,1.55,1732165200000000000,305
CMND,35227,1.36,1.34,1.37,1.3,1732165200000000000,237
CMP,479561,14.76,14.7,14.91,14.3301,1732165200000000000,7348
CMPO,992645,15.4,15.52,15.79,15.31,1732165200000000000,13124
CMPOW,124548,4.75,4.79,4.93,4.66,1732165200000000000,1279
CMPR,140372,78.81,81.25,81.49,78.56,1732165200000000000,3977
CMPS,608375,4.66,4.45,4.6883,4.4,1732165200000000000,5628
CMPX,348947,1.37,1.38,1.41,1.34,1732165200000000000,2316
CMRE,312529,14.35,14.06,14.36,13.91,1732165200000000000,4880
CMREpB,368,25.6,25.7,25.7,25.6,1732165200000000000,2
CMREpC,2394,26.33,26.3277,26.35,26.1,1732165200000000000,21
CMREpD,4122,26.15,25.95,26.17,25.9,1732165200000000000,49
CMRX,143090,0.87,0.9137,0.9426,0.87,1732165200000000000,515
CMS,1512432,68.74,69.21,69.255,68.265,1732165200000000000,21687
CMSpB,345,81,80.97,81.25,80.72,1732165200000000000,14
CMSpC,41241,18.75,18.99,19.05,18.65,1732165200000000000,305
CMSA,10305,24.4629,24.76,24.8,24.4629,1732165200000000000,157
CMSC,11448,24.6999,24.64,24.7,24.5501,1732165200000000000,160
CMSD,37734,24.25,24.445,24.4999,24.25,1732165200000000000,364
CMT,63618,16.0335,16.88,16.95,15.89,1732165200000000000,1586
CMTG,388141,6.5,6.43,6.62,6.37,1732165200000000000,4289
CMTL,420649,3.06,3.16,3.23,3.02,1732165200000000000,3227
CMU,71006,3.57,3.575,3.575,3.56,1732165200000000000,1132
CNA,174015,49.01,49.23,49.51,48.78,1732165200000000000,4904
CNAV,3325,28.07,28.0872,28.1004,28.06,1732165200000000000,10
CNBS,27420,3.37,3.2763,3.38,3.2,1732165200000000000,176
CNC,6849309,59.4,60.35,60.43,58.5,1732165200000000000,50180
CNCR,7791,13.32,13.22,13.41,13.09,1732165200000000000,61
CNDT,970539,3.59,3.64,3.685,3.58,1732165200000000000,9058
CNEQ,9881,25.26,25.5979,25.6592,25.26,1732165200000000000,60
CNET,20770,1.56,1.59,1.6099,1.47,1732165200000000000,219
CNEY,147102,0.311,0.329,0.34,0.311,1732165200000000000,280
CNF,37252,0.97,0.95,1,0.93,1732165200000000000,162
CNFR,8803,1.1294,1.2,1.2,1.0812,1732165200000000000,111
CNH,14295136,11.41,11.92,12.0299,11.34,1732165200000000000,48639
CNI,1038178,107.04,109.2,109.26,106.785,1732165200000000000,14691
CNK,3441835,32.79,32.25,32.86,31.88,1732165200000000000,34301
CNL,804,3.5564,3.45,3.58,3.45,1732165200000000000,14
CNM,2672588,44.92,44.57,45.44,43.79,1732165200000000000,35060
CNMD,316200,70.97,71.71,71.88,70.0511,1732165200000000000,7179
CNNE,226959,20.6,20.77,20.94,20.46,1732165200000000000,5090
CNO,452638,39.25,39.38,39.64,39.13,1732165200000000000,9875
CNOpA,1073,20.21,20.6201,20.6201,20.21,1732165200000000000,15
CNOB,133131,26.87,27.25,27.41,26.72,1732165200000000000,4105
CNOBP,4244,21.65,21.7899,21.8,21.65,1732165200000000000,24
CNP,5115564,31.39,31.73,31.805,30.92,1732165200000000000,35607
CNQ,6300548,34.02,34.55,34.685,33.81,1732165200000000000,26899
CNRG,11572,61.85,62.1317,62.701,61.85,1732165200000000000,227
CNS,112787,100.01,101.99,102.89,99.51,1732165200000000000,3916
CNSL,568096,4.64,4.63,4.64,4.62,1732165200000000000,3319
CNSP,33636163,0.132,0.13,0.145,0.127,1732165200000000000,22936
CNTA,629378,16.77,18.19,18.29,15.43,1732165200000000000,6552
CNTB,14214,0.95,0.9901,1.05,0.95,1732165200000000000,96
CNTM,117888,0.91,0.8752,0.9349,0.83,1732165200000000000,365
CNTX,590207,1.53,1.5,1.5849,1.3201,1732165200000000000,2459
CNTY,106188,4.38,4.42,4.55,4.33,1732165200000000000,1056
CNVS,484944,3.88,3.71,4.17,3.61,1732165200000000000,2706
CNX,1615711,40.75,40.64,41.07,40.26,1732165200000000000,20865
CNXC,593702,39.81,39.56,40.3041,39.24,1732165200000000000,10553
CNXN,57707,70.91,71.73,72.13,70.81,1732165200000000000,2920
CNXT,23914,29.69,29.7498,29.84,29.6592,1732165200000000000,219
CNYA,116324,29.31,29.4,29.43,29.29,1732165200000000000,882
COAL,5551,24.1,24.5462,24.5462,24.0978,1732165200000000000,60
COCH,37064,2.14,2.2,2.26,2.04,1732165200000000000,249
COCHW,11384,0.0645,0.0628,0.065,0.062799,1732165200000000000,9
COCO,411907,36.9,36.63,37.05,36.21,1732165200000000000,8307
COCP,18685,2.04,2.15,2.2,2.0011,1732165200000000000,176
CODA,40370,9.8,9.47,9.8899,9.33,1732165200000000000,383
CODI,217320,23.1,23.02,23.22,22.9124,1732165200000000000,2897
CODIpA,6272,23.05,23.025,23.0762,22.8053,1732165200000000000,89
CODIpB,18324,23.69,23.675,23.8775,23.6705,1732165200000000000,146
CODIpC,15973,24.01,23.95,24.0299,23.93,1732165200000000000,148
CODX,64747,1.04,1.06,1.0799,1.03,1732165200000000000,436
COE,1839,15.47,15.31,15.47,14.772,1732165200000000000,61
COEP,268291,0.1917,0.1899,0.195,0.1878,1732165200000000000,237
COF,3628190,181.72,182.64,184.102,180.76,1732165200000000000,49774
COFpI,89571,20.09,20.3,20.4279,20.07,1732165200000000000,800
COFpJ,97111,19.21,19.3,19.4086,19.0701,1732165200000000000,714
COFpK,5219,19.01,19.2118,19.3,19.01,1732165200000000000,52
COFpL,51614,18.16,18.3,18.435,18.1401,1732165200000000000,397
COFpN,19575,17.37,17.49,17.5597,17.37,1732165200000000000,141
COFS,60092,36.32,36.5,36.65,35.95,1732165200000000000,1544
COGT,859694,9.12,8.98,9.27,8.95,1732165200000000000,9303
COHN,7309,9.69,9.7108,9.83,9.67,1732165200000000000,163
COHR,2794176,105.57,105.72,109.88,105.06,1732165200000000000,40191
COHU,208141,25.81,26.1,26.33,25.48,1732165200000000000,5659
COIN,25187378,329.95,295.23,330.5,288.55,1732165200000000000,395298
COKE,29824,1236.22,1246.18,1256.49,1236.22,1732165200000000000,4467
COLB,1204531,30.14,30.67,31.06,30.03,1732165200000000000,17372
COLD,2499870,22.78,22.88,23.195,22.69,1732165200000000000,18399
COLL,457600,29.99,30.41,30.95,29.96,1732165200000000000,8613
COLM,312867,80.6,80.99,81.65,80.01,1732165200000000000,9620
COM,15064,28.77,28.81,28.81,28.7501,1732165200000000000,136
COMB,13917,20.43,20.4,20.43,20.31,1732165200000000000,123
COMM,3282570,4.33,4.38,4.565,4.22,1732165200000000000,16945
COMP,3612047,6.44,6.73,6.8,6.32,1732165200000000000,19483
COMT,97394,26.33,26.32,26.35,26.1902,1732165200000000000,753
CON,621291,21.32,21.48,21.6,21.06,1732165200000000000,9751
CONw,1234,21.5,21.8,21.8,21.42,1732165200000000000,13
CONI,937234,9.47,10.54,10.75,9.47,1732165200000000000,5564
CONL,18466595,68.01,54.06,68.18,51.41,1732165200000000000,287185
CONY,5518608,17.22,15.99,17.22,15.64,1732165200000000000,65401
COO,992419,99.08,99.91,100.035,98.13,1732165200000000000,17137
COOK,119634,2.86,2.91,2.925,2.8,1732165200000000000,1661
COOP,267362,97.59,98.33,99.15,97.59,1732165200000000000,6936
COOT,6383,0.8989,0.93,0.93,0.89,1732165200000000000,48
COP,12535797,114.27,111.9,115.38,111.5,1732165200000000000,121744
COPA,286,25.48,25.4639,25.48,25.4639,1732165200000000000,5
COPJ,2487,21.74,21.97,22.12,21.74,1732165200000000000,30
COPP,12127,23.5,23.5,23.55,23.33,1732165200000000000,73
COPX,812557,42.53,42.79,42.915,42.32,1732165200000000000,5632
COR,1000921,242.97,245.69,245.83,241.435,1732165200000000000,19587
CORN,34692,18.25,18.0758,18.25,18.03,1732165200000000000,284
CORP,47322,96.22,96.14,96.3549,96.1059,1732165200000000000,389
CORT,600062,56.16,55.92,57.24,55.34,1732165200000000000,12394
CORZ,10514138,17.54,17.55,18.355,16.775,1732165200000000000,78842
CORZW,893779,11.35,11.44,12.145,10.72,1732165200000000000,4372
CORZZ,176840,17.59,17.5,18.29,17,1732165200000000000,996
COSM,438980,0.729,0.76,0.7815,0.7005,1732165200000000000,1407
COST,2320548,935,955.65,958.4899,930,1732165200000000000,90656
COTY,3948374,7.12,7.19,7.21,7.09,1732165200000000000,20761
COUR,2314652,7,6.98,7.03,6.87,1732165200000000000,13071
COWG,422852,32.9,33.05,33.15,32.6098,1732165200000000000,1566
COWS,3441,30.865,31.2803,31.2803,30.865,1732165200000000000,47
COWZ,2000967,59.39,59.96,60.0775,59.15,1732165200000000000,11244
COYA,47731,6.05,6.08,6.44,6.05,1732165200000000000,405
CP,3300081,73.7,75.19,75.59,73.375,1732165200000000000,28999
CPA,1410671,97.07,92.76,97.77,91.46,1732165200000000000,26276
CPAC,37740,6,5.93,6,5.77,1732165200000000000,284
CPAI,2144,35.41,35.8104,35.815,35.34,1732165200000000000,10
CPAY,418792,368.97,375.46,377.97,367.92,1732165200000000000,12900
CPB,2188501,43.78,44.46,44.65,43.4,1732165200000000000,25582
CPBI,9169,14.51,14.52,14.53,14.51,1732165200000000000,146
CPER,71737,25.99,25.9,26.0072,25.76,1732165200000000000,533
CPF,183110,30.89,31.37,31.65,30.89,1732165200000000000,4988
CPHC,808,19.8,19.8,19.8,19.8,1732165200000000000,49
CPHI,109220,0.1919,0.199,0.203,0.19,1732165200000000000,275
CPII,0,19.66,19.66,19.66,19.66,1732165200000000000,0
CPIX,28135,1.1,1.08,1.1299,1.05,1732165200000000000,110
CPK,82228,130.2,130.39,130.72,129.1,1732165200000000000,3278
CPLS,2378,35.21,35.21,35.3,35.2098,1732165200000000000,18
CPNG,8133336,24.05,24,24.25,23.84,1732165200000000000,44262
CPNJ,913,24.661,24.7251,24.7251,24.66,1732165200000000000,13
CPNS,2082,25.19,25.2315,25.2315,25.19,1732165200000000000,12
CPOP,62019,1.23,1.21,1.23,1.19,1732165200000000000,236
CPRI,2925778,20.03,19.7,20.13,19.65,1732165200000000000,21789
CPRJ,331,25.581,25.6396,25.6396,25.581,1732165200000000000,5
CPRO,3036,25.0093,25.0371,25.05,25.0093,1732165200000000000,10
CPRT,8778804,55.94,56.9,57.17,55.34,1732165200000000000,69200
CPRX,807742,21.21,21.12,21.21,20.87,1732165200000000000,10986
CPS,121205,14.12,14.08,14.43,13.5401,1732165200000000000,1970
CPSA,103,25.01,25.01,25.01,25.01,1732165200000000000,4
CPSH,66644,1.42,1.46,1.47,1.39,1732165200000000000,285
CPSJ,62,24.9649,24.9649,24.9649,24.9649,1732165200000000000,2
CPSL,14923,25.57,25.4803,25.57,25.4646,1732165200000000000,30
CPSM,4818,26.5958,26.57,26.6,26.57,1732165200000000000,39
CPSN,2232,25.2599,25.2289,25.2599,25.2289,1732165200000000000,8
CPSO,100,25.32,25.39,25.39,25.32,1732165200000000000,1
CPSS,86628,10.5,10.66,10.74,10.18,1732165200000000000,727
CPST,0,25.22,25.22,25.22,25.22,1732165200000000000,0
CPT,477548,120.59,121.99,122.47,120.375,1732165200000000000,9562
CPTN,4541,3.11,3.13,3.14,3.11,1732165200000000000,91
CPTNW,8030,0.011,0.0109,0.011,0.0109,1732165200000000000,35
CPZ,64799,15.53,15.55,15.57,15.37,1732165200000000000,230
CQP,96848,53.53,53.94,54.09,53.01,1732165200000000000,1709
CQQQ,113661,40.71,40.64,40.82,40.53,1732165200000000000,1699
CR,263924,178.99,183.16,183.24,177.8,1732165200000000000,7905
CRAI,41007,194.68,189.38,194.68,188.57,1732165200000000000,2115
CRAK,21936,31.55,31.4563,31.55,31.275,1732165200000000000,76
CRBG,6451924,30.75,31.47,31.64,30.61,1732165200000000000,36892
CRBN,4898,196.71,198.1468,198.3268,196.71,1732165200000000000,223
CRBP,245804,16.08,16.73,17.01,16.08,1732165200000000000,4345
CRBU,1143830,2,1.98,2.0389,1.91,1732165200000000000,6198
CRC,585115,58.99,59.58,59.97,58.6,1732165200000000000,14184
CRCT,199748,5.13,5.18,5.23,5.085,1732165200000000000,3171
CRD.A,73954,11.73,11.8,12.105,11.59,1732165200000000000,1162
CRD.B,19898,9.91,10.8,11.1023,9.91,1732165200000000000,289
CRDF,477185,2.55,2.5,2.59,2.465,1732165200000000000,3731
CRDL,678592,1.59,1.58,1.595,1.49,1732165200000000000,2642
CRDO,3090824,44.45,46.28,47.53,44.37,1732165200000000000,35924
CRDT,994,25.06,25.11,25.11,25.06,1732165200000000000,16
CRED,921,23.5156,23.4875,23.53,23.4875,1732165200000000000,15
CREG,12038,0.6804,0.7098,0.7137,0.674,1732165200000000000,69
CRESW,8848,0.8315,0.8215,0.85,0.743101,1732165200000000000,38
CRESY,177650,11.49,11.24,11.6499,11.15,1732165200000000000,2143
CREV,9762,2.71,2.73,3.036269,2.65,1732165200000000000,164
CREVW,100,0.0258,0.0258,0.0258,0.0258,1732165200000000000,1
CREX,70283,3.26,3.37,3.4,3.14,1732165200000000000,491
CRF,488383,8.8,8.91,8.92,8.75,1732165200000000000,2612
CRGO,206951,1.95,2.4,2.47,1.95,1732165200000000000,800
CRGOW,500,0.159,0.179,0.179,0.159,1732165200000000000,5
CRGX,105599,15.62,15.73,16.15,15.28,1732165200000000000,2961
CRGY,3434962,14.76,15.18,15.53,14.62,1732165200000000000,27898
CRH,2825156,100.13,100.5,101.18,99.76,1732165200000000000,35207
CRI,765081,51.26,52.43,52.5,50.75,1732165200000000000,14425
CRIS,87988,3.7,4.1,4.15,3.6745,1732165200000000000,776
CRIT,973,18.36,18.3575,18.37,18.35,1732165200000000000,16
CRK,3888918,15.38,15.23,15.84,15.09,1732165200000000000,27566
CRKN,18005581,0.9,0.798,1.04,0.79,1732165200000000000,51241
CRL,502262,189.2,194.19,194.88,186.62,1732165200000000000,14647
CRM,8364165,331.35,335.78,342.9396,328.6,1732165200000000000,129195
CRMD,688977,10.63,10.33,10.8,10.32,1732165200000000000,8884
CRML,7864,5.57,5.86,5.86,5.5,1732165200000000000,233
CRMT,132956,42.29,43.07,43.335,41.97,1732165200000000000,3553
CRNC,77555939,3.4,5.83,6.41,3.3914,1732165200000000000,308209
CRNT,1183348,3.16,3.23,3.37,3.16,1732165200000000000,7275
CRNX,681383,56,57.03,58.035,55.305,1732165200000000000,13370
CRON,1252972,2.005,2.05,2.1,2,1732165200000000000,4361
CROX,1479260,98.98,101.81,102.4,97.2921,1732165200000000000,29167
CRPT,140702,20.58,19.6082,20.7999,18.8469,1732165200000000000,1334
CRS,527158,181.21,180.71,182.74,179.0101,1732165200000000000,12087
CRSH,181240,8.13,8.17,8.25,7.9791,1732165200000000000,1353
CRSP,2094587,47.21,46.29,47.21,45.51,1732165200000000000,33458
CRSR,430313,6.82,7.22,7.2392,6.7711,1732165200000000000,7047
CRT,56005,10.49,11.1,11.28,10.4,1732165200000000000,507
CRTC,29744,32.115,32.2733,32.34,32.115,1732165200000000000,18
CRTO,287167,37.96,38.615,38.86,37.74,1732165200000000000,4490
CRUS,467359,101.17,102.55,102.98,100.38,1732165200000000000,10770
CRUZ,4114,26.49,26.4306,26.5,26.34,1732165200000000000,92
CRVL,37009,356.74,360.19,361.9,355.395,1732165200000000000,2860
CRVO,62610,9.72,9.58,9.8,9.35,1732165200000000000,1294
CRVS,823621,8.24,8.94,9.05,8.0367,1732165200000000000,6358
CRWD,4553885,354.5,357.55,362.3999,351.5,1732165200000000000,97549
CRWL,35298,26.53,27,27.609,26.31,1732165200000000000,290
CRWS,14340,4.5,4.5,4.515,4.46,1732165200000000000,112
CSA,27,78.5043,78.5043,78.5043,78.5043,1732165200000000000,7
CSAN,1041383,7.36,7.22,7.41,7.22,1732165200000000000,5816
CSB,29081,62.3,62.8529,62.95,62.09,1732165200000000000,180
CSBR,5806,4.39,4.27,4.67,4.27,1732165200000000000,73
CSCI,18177,2.82,2.99,2.99,2.62,1732165200000000000,164
CSCO,16162444,57.29,57.56,57.93,57.1,1732165200000000000,119616
CSD,2487,87.89,86.65,87.89,85.02,1732165200000000000,49
CSF,862,58.25,58.34,58.34,58.25,1732165200000000000,15
CSGP,2001125,76.82,77,77.2,74.9,1732165200000000000,31132
CSGS,153468,54.75,55.2,55.32,54.42,1732165200000000000,4397
CSHI,193930,49.78,49.78,49.8066,49.76,1732165200000000000,745
CSHP,0,100.565,100.565,100.565,100.565,1732165200000000000,0
CSIQ,1915443,11.71,11.3,11.71,11.24,1732165200000000000,14407
CSL,418171,432.79,441.52,444.559,430.17,1732165200000000000,13087
CSLMR,2414986,0.2397,0.24,0.275,0.2,1732165200000000000,84
CSLR,683819,1.94,1.94,2.0399,1.88,1732165200000000000,3125
CSLRW,14664,0.0909,0.105,0.1159,0.065,1732165200000000000,52
CSM,11475,66.92,67.4539,67.4539,66.755,1732165200000000000,70
CSMD,47629,30.7,31.25,31.33,30.7,1732165200000000000,62
CSPI,66190,13.82,14.19,14.6553,13.21,1732165200000000000,923
CSQ,333020,17.8,17.93,18,17.74,1732165200000000000,1570
CSR,51478,72.9,73.03,73.54,72.35,1732165200000000000,2244
CSTE,15436,3.85,3.98,4,3.8,1732165200000000000,315
CSTL,424765,28.56,28.88,29.705,28.38,1732165200000000000,8167
CSTM,1371045,11.67,12.01,12.055,11.49,1732165200000000000,11045
CSV,67362,38.46,38.96,39.34,38.0101,1732165200000000000,1790
CSWC,344846,23.04,22.97,23.16,22.96,1732165200000000000,3601
CSWCZ,5586,25.7,25.67,25.83,25.62,1732165200000000000,88
CSWI,83889,412.84,415.66,420.4,410.15,1732165200000000000,5516
CSX,12036181,34.7,35.34,35.36,34.6,1732165200000000000,51397
CTA,145525,27.48,27.77,27.78,27.42,1732165200000000000,692
CTApA,2123,57.25,57,57.25,57,1732165200000000000,42
CTApB,2026,73.23,73.49,73.4984,73.23,1732165200000000000,46
CTAS,1060945,219.23,221.49,221.8291,218.125,1732165200000000000,23526
CTBB,70957,18.26,18.14,18.48,18.1139,1732165200000000000,958
CTBI,38041,57.63,58.65,59.19,57.63,1732165200000000000,1836
CTCX,73513,0.245,0.247799,0.2499,0.2378,1732165200000000000,186
CTDD,76031,18.5,18.44,18.79,18.3301,1732165200000000000,1010
CTEC,13032,7.02,6.995,7.0744,6.96,1732165200000000000,118
CTEX,677,21.55,21.6702,21.88,21.55,1732165200000000000,8
CTGO,50019,19.29,19.22,19.29,18.6578,1732165200000000000,991
CTHR,4644,1.33,1.33,1.38,1.29,1732165200000000000,43
CTKB,598021,6.2,6.46,6.54,6.02,1732165200000000000,8123
CTLP,323925,8.92,9,9.1,8.76,1732165200000000000,5264
CTLT,1190016,59.09,59.66,59.84,58.915,1732165200000000000,12670
CTM,214519,0.1553,0.1604,0.1639,0.155,1732165200000000000,220
CTMX,508127,0.87,0.8665,0.8817,0.835,1732165200000000000,1702
CTNM,55449,13.77,14.34,14.51,13.49,1732165200000000000,1654
CTNT,138714,1.74,1.93,2,1.7,1732165200000000000,1269
CTO,273976,19.48,19.66,19.8,19.48,1732165200000000000,5454
CTOpA,2010,24,23.53,24.16,23.53,1732165200000000000,42
CTOR,34888,1.03,0.9759,1.03,0.9639,1732165200000000000,168
CTOS,533978,5.19,5.25,5.335,5.15,1732165200000000000,5950
CTRA,7443766,27.115,27.44,27.54,27.045,1732165200000000000,53343
CTRE,1303491,30.95,30.74,30.95,30.59,1732165200000000000,13494
CTRI,534934,21.25,21.26,21.61,21.12,1732165200000000000,4938
CTRM,33110,3.43,3.46,3.54,3.43,1732165200000000000,596
CTRN,89119,17.91,17.89,18.19,17.55,1732165200000000000,2119
CTS,143781,53.17,53.18,53.94,52.56,1732165200000000000,4225
CTSH,5436374,77.8,78.86,79.05,77.39,1732165200000000000,34664
CTSO,142122,0.91,0.89,0.96,0.89,1732165200000000000,813
CTV,58198354,2.9901,3.01,3.05,2.98,1732165200000000000,72006
CTV.WS,576659,0.141,0.0841,0.1525,0.0637,1732165200000000000,439
CTVA,4520564,59.33,60.76,61.07,58.89,1732165200000000000,48367
CTXR,4591330,0.1694,0.1651,0.1801,0.1529,1732165200000000000,5851
CUB,8297,10.0352,10.03,10.04,10.03,1732165200000000000,10
CUBA,122031,2.45,2.44,2.45,2.4,1732165200000000000,191
CUBB,7388,19.81,19.7,20.37,19.5,1732165200000000000,38
CUBE,1085518,48.16,48.6,48.99,48.04,1732165200000000000,16553
CUBI,329950,54.47,55.28,56.05,54.1,1732165200000000000,7209
CUBIpE,3175,26.1,26.125,26.28,26.0999,1732165200000000000,25
CUBIpF,277,25.8,25.8,25.8,25.8,1732165200000000000,6
CUBWU,353,10.1,10.07,10.1,10.07,1732165200000000000,5
CUBWW,5261,0.074,0.07,0.074,0.0696,1732165200000000000,35
CUE,489139,1.09,1.03,1.095,1.02,1732165200000000000,2114
CUK,1522389,22.66,22.85,23.075,22.56,1732165200000000000,8777
CULP,16957,4.9675,5.09,5.09,4.9675,1732165200000000000,212
CURB,204816,24.07,23.94,24.34,23.8635,1732165200000000000,3765
CURE,69362,103.96,106.38,106.6,102.3352,1732165200000000000,1594
CURI,101847,1.61,1.62,1.64,1.5904,1732165200000000000,1125
CURIW,2213,0.0203,0.0203,0.0302,0.0203,1732165200000000000,13
CURV,299723,3.96,3.92,3.97,3.86,1732165200000000000,3009
CUT,1350,33.85,34.1519,34.1519,33.85,1732165200000000000,51
CUTR,324567,0.2932,0.316,0.3198,0.2845,1732165200000000000,1083
CUZ,1025107,31.2,31.52,31.715,31.11,1732165200000000000,12729
CVAC,278678,2.5,2.56,2.59,2.41,1732165200000000000,1862
CVAR,3,27.3347,27.3347,27.3347,27.3347,1732165200000000000,2
CVBF,696632,22.72,23.19,23.29,22.65,1732165200000000000,11305
CVCO,75229,475.41,493.96,500.16,475.41,1732165200000000000,5075
CVE,9882644,16.29,16.2,16.47,16.19,1732165200000000000,24575
CVE.WS,17067,12.11,11.5,12.46,11.39,1732165200000000000,131
CVEO,76602,24.015,23.94,24.1851,23.85,1732165200000000000,1431
CVGI,304842,2.4,2.41,2.425,2.35,1732165200000000000,3000
CVGW,91855,27.14,27.15,27.24,26.73,1732165200000000000,2870
CVI,907318,18.7,18.74,19.23,18.45,1732165200000000000,13266
CVIE,2571,56.21,56.4263,56.4523,56.21,1732165200000000000,30
CVKD,34662,14.39,14.01,14.9899,14,1732165200000000000,1500
CVLC,99953,73.895,74.8,74.8,73.895,1732165200000000000,107
CVLG,33220,56.8,56.96,57.93,56.8,1732165200000000000,1731
CVLT,280738,171.98,170.69,172.9,170.32,1732165200000000000,9546
CVM,216821,0.6192,0.6045,0.63,0.5911,1732165200000000000,754
CVMC,574,62.76,62.7205,62.8,62.7205,1732165200000000000,31
CVNA,1525302,244.4,248.38,249.71,243.51,1732165200000000000,36625
CVR,12679,18,18.25,19,17.94,1732165200000000000,163
CVRD,266,19.5437,19.5786,19.5786,19.5437,1732165200000000000,6
CVRT,15690,32.17,32.0356,32.595,31.85,1732165200000000000,63
CVRX,313631,13.59,14.77,14.8,13.38,1732165200000000000,4698
CVS,7243215,56.8,57.1,57.15,56.4,1732165200000000000,77307
CVSB,31592,50.81,50.821,50.91,50.795,1732165200000000000,90
CVSE,816,70.2072,70.0703,70.23,70.0703,1732165200000000000,25
CVU,34732,3.65,3.61,3.77,3.58,1732165200000000000,317
CVV,13323,3.12,3.1,3.1483,3.0281,1732165200000000000,250
CVX,7945531,162.02,161.63,162.65,161.29,1732165200000000000,107502
CVY,4892,26.6928,26.7224,26.7982,26.6928,1732165200000000000,109
CW,152813,362.63,367.55,369.8,362.58,1732165200000000000,8195
CWAN,2071917,31.11,31.75,31.96,31.005,1732165200000000000,23289
CWB,1493346,81.1,80.56,81.23,80.370232,1732165200000000000,11672
CWBC,132845,20.93,21.21,21.3736,20.93,1732165200000000000,2076
CWCO,63832,26.43,26.29,26.6999,26.1,1732165200000000000,1960
CWD,30873,0.4912,0.537,0.537,0.4912,1732165200000000000,85
CWEB,617010,34.73,34.88,35.25,34.3232,1732165200000000000,5416
CWEN,914688,27.81,28.35,28.47,27.68,1732165200000000000,11191
CWEN.A,348044,26.11,26.65,26.74,26.1,1732165200000000000,4052
CWH,1015348,22.96,23.8,24.025,22.77,1732165200000000000,16102
CWI,293663,28.52,28.63,28.7,28.43,1732165200000000000,633
CWK,1162736,13.94,14.14,14.185,13.83,1732165200000000000,10470
CWS,15876,69.71,70.2641,70.336,69.53,1732165200000000000,128
CWST,346743,109.25,111.33,112.64,109.15,1732165200000000000,8710
CWT,310971,51.27,51.37,51.49,51.007082,1732165200000000000,4903
CX,9557107,5.48,5.45,5.525,5.38,1732165200000000000,19296
CXAI,533085,1.3,1.35,1.36,1.2502,1732165200000000000,2218
CXAIW,96329,0.2149,0.2273,0.239999,0.201,1732165200000000000,243
CXDO,153970,5.18,5.03,5.18,4.97,1732165200000000000,1121
CXE,21853,3.78,3.79,3.8,3.78,1732165200000000000,34
CXH,18085,8.28,8.16,8.28,8.16,1732165200000000000,49
CXM,3168322,7.88,8.04,8.1391,7.815,1732165200000000000,12660
CXSE,16520,30.83,30.83,30.9,30.71,1732165200000000000,247
CXT,323296,57.43,58.24,58.84,57.3033,1732165200000000000,6962
CXW,702130,21.54,21.8,21.89,21.22,1732165200000000000,10153
CYBN,965777,11.25,10.16,11.39,9.95,1732165200000000000,8639
CYBR,687414,317.3,329.15,332.05,317.3,1732165200000000000,20386
CYCC,364995,0.3607,0.3473,0.377,0.3241,1732165200000000000,794
CYCN,696933,1.98,1.42,2.01,1.42,1732165200000000000,1479
CYD,12994,9.28,9.41,9.45,9.15,1732165200000000000,263
CYH,2072528,3.77,3.75,3.78,3.5,1732165200000000000,13690
CYN,85229,6.33,6.53,6.7497,6.16,1732165200000000000,889
CYRX,509706,6.58,6.52,6.66,6.31,1732165200000000000,6455
CYTH,10826,0.692,0.699,0.7051,0.675,1732165200000000000,86
CYTK,1822948,50.33,47.67,50.45,47.56,1732165200000000000,23752
CYTO,24210,0.424,0.4375,0.4469,0.4058,1732165200000000000,95
CZA,3151,110.28,111.4879,111.52,110.28,1732165200000000000,52
CZAR,470,29.42,29.565,29.6448,29.42,1732165200000000000,7
CZFS,21950,68.72,70.88,70.98,68.72,1732165200000000000,1215
CZNC,23737,20.14,20.08,20.2932,20.01,1732165200000000000,709
CZR,2464419,37.59,37.56,38.16,36.945,1732165200000000000,29091
CZWI,27011,14.92,15.62,15.6801,14.92,1732165200000000000,468
D,3871872,58,58.37,58.43,57.53,1732165200000000000,38655
DAC,103177,84.79,84.61,84.889,83.02,1732165200000000000,3483
DADA,831871,1.41,1.37,1.415,1.36,1732165200000000000,2840
DAIO,24394,2.54,2.6,2.62,2.54,1732165200000000000,133
DAKT,287547,14.51,14.34,14.6,14.29,1732165200000000000,6416
DAL,9931515,64.7,63.34,65.05,63.29,1732165200000000000,81293
DALI,2652,26.57,26.77,26.78,26.545,1732165200000000000,18
DALN,9703,5.43,5.6,5.733,5.1601,1732165200000000000,144
DAN,3266209,7.99,8.28,8.37,7.92,1732165200000000000,16227
DAO,74720,5.24,5.21,5.31,5.05,1732165200000000000,815
DAPP,509454,19.14,17.45,19.34,17.08,1732165200000000000,3952
DAPR,2730,37.02,37.0398,37.0398,37.0001,1732165200000000000,28
DAR,2173916,41.47,41.16,41.675,41.03,1732165200000000000,15443
DARE,52179,3.19,3.23,3.31,3.18,1732165200000000000,341
DARP,322,33.05,33.4497,33.4497,33,1732165200000000000,6
DASH,2278049,172.5,173.17,173.965,170.09,1732165200000000000,40979
DAT,4304,44.91,44.3141,45.35,44.0501,1732165200000000000,101
DATS,154700,1.96,1.9,1.99,1.88,1732165200000000000,1310
DAUG,3248,39.59,39.701,39.7025,39.5891,1732165200000000000,28
DAVA,552902,26.95,28.48,29.35,26.45,1732165200000000000,6819
DAVE,428670,80,82.42,83.75,77.72,1732165200000000000,9436
DAVEW,51204,0.1397,0.1078,0.1397,0.0931,1732165200000000000,46
DAWN,1127117,13.55,13.34,13.7,13.3,1732165200000000000,10862
DAX,2578,32.61,32.6068,32.651,32.495,1732165200000000000,65
DAY,1166092,76.11,78.7,78.73,76.075,1732165200000000000,16987
DB,1715155,16.77,16.8,16.87,16.68,1732165200000000000,11410
DBA,331879,26.34,26.31,26.35,26.235,1732165200000000000,2057
DBAW,4048,34.05,34.22,34.22,34.05,1732165200000000000,54
DBB,58565,20.03,20.07,20.095,19.9801,1732165200000000000,584
DBC,619861,22.57,22.54,22.57,22.4,1732165200000000000,1987
DBD,128791,43.15,44.23,44.33,43,1732165200000000000,3032
DBE,10268,19.53,19.5294,19.5423,19.35,1732165200000000000,93
DBEF,727121,41.22,41.44,41.455,41,1732165200000000000,4279
DBEM,10021,25.3,25.3652,25.407,25.21,1732165200000000000,41
DBEU,29559,40.72,41.0452,41.0569,40.63,1732165200000000000,228
DBEZ,1722,44.96,45.0621,45.075,44.96,1732165200000000000,19
DBGI,27945692,0.1151,0.127,0.142,0.1151,1732165200000000000,13713
DBI,1499544,4.7,4.89,4.9293,4.635,1732165200000000000,10344
DBJP,18639,72.95,73.2698,73.51,72.93,1732165200000000000,123
DBL,57822,15.33,15.3,15.4276,15.285,1732165200000000000,257
DBMF,277689,27.02,27.13,27.2,27.005,1732165200000000000,1261
DBND,18306,45.7696,45.71,45.7696,45.6533,1732165200000000000,127
DBO,160548,14.55,14.57,14.585,14.42,1732165200000000000,1010
DBP,10363,64.1618,64.365,64.45,64.1618,1732165200000000000,70
DBRG,7976522,11.78,11.97,11.98,11.61,1732165200000000000,34258
DBRGpH,15650,24.57,24.75,24.88,24.4,1732165200000000000,155
DBRGpI,11507,23.99,24.38,24.4506,23.99,1732165200000000000,107
DBRGpJ,5508,24,24.32,24.5,24,1732165200000000000,105
DBVT,38259,0.5078,0.4881,0.5078,0.4753,1732165200000000000,377
DBX,2418943,27,27.64,27.67,26.91,1732165200000000000,27871
DC,291137,2.23,2.25,2.25,2.18,1732165200000000000,1697
DC.WS,5000,0.5,0.4601,0.5,0.4601,1732165200000000000,11
DCAP,0,21.325,21.325,21.325,21.325,1732165200000000000,0
DCBO,268089,48.24,48.52,48.54,47.865,1732165200000000000,2001
DCGO,265452,4.12,4.12,4.25,4.11,1732165200000000000,3556
DCI,679662,75.25,76.01,76.18,74.81,1732165200000000000,9563
DCMT,1030,25.615,25.6368,25.67,25.6094,1732165200000000000,21
DCO,114255,65.66,65.15,66.015,65,1732165200000000000,2370
DCOM,529339,34.85,35,35.75,34.61,1732165200000000000,7362
DCOMG,3141,27,27.19,27.19,26.9999,1732165200000000000,22
DCOMP,10680,19.5999,19.37,19.5999,19.11,1732165200000000000,71
DCOR,67027,65.93,66.095,66.24,65.51,1732165200000000000,259
DCRE,92977,51.3902,51.405,51.49,51.39,1732165200000000000,122
DCTH,370550,9.59,9.85,9.98,9.59,1732165200000000000,5475
DD,2470136,81.87,82.75,83.09,81.77,1732165200000000000,22708
DDC,913698,0.177,0.2,0.2,0.17,1732165200000000000,1035
DDD,2562646,3.13,3.22,3.295,3.0707,1732165200000000000,12366
DDEC,3708,40,40.0352,40.0612,39.9716,1732165200000000000,38
DDI,26902,14.58,14.32,14.795,14.26,1732165200000000000,558
DDIV,8307,40.02,40.49,40.594,40.02,1732165200000000000,77
DDL,1496396,4.28,4.11,4.29,3.91,1732165200000000000,7785
DDLS,24297,34.48,34.61,34.61,34.3643,1732165200000000000,158
DDM,375792,100.5,101.95,102.65,99.53,1732165200000000000,3578
DDOG,8671809,142,143.86,145.55,139.89,1732165200000000000,115705
DDS,103949,417.24,434.02,434.33,415.14,1732165200000000000,6469
DDT,6195,25.725,25.76,25.898,25.722,1732165200000000000,83
DDWM,25869,34.28,34.3461,34.39,34.1699,1732165200000000000,122
DE,4148994,412.75,437.54,442.05,410.9593,1732165200000000000,89841
DEA,1190476,12.18,12.47,12.56,12.16,1732165200000000000,11154
DEC,433196,16.13,16.19,16.4342,16.115,1732165200000000000,3552
DECK,2663995,176.63,181.91,181.98,175.12,1732165200000000000,37090
DECO,2355,40,37.6424,40,37.09,1732165200000000000,37
DECP,1000,26.7903,26.79,26.7903,26.79,1732165200000000000,1
DECT,4650,32.295,32.2951,32.3399,32.295,1732165200000000000,46
DECW,5834,30.59,30.59,30.63,30.59,1732165200000000000,42
DECZ,5572,37.92,38.23,38.25,37.92,1732165200000000000,52
DEED,15909,20.75,20.71,20.8687,20.71,1732165200000000000,96
DEEF,2557,28.8,28.9037,29,28.8,1732165200000000000,15
DEEP,1311,36.54,36.5882,36.67,36.245,1732165200000000000,41
DEFI,1941,110.9109,111.8193,112.33,110.25,1732165200000000000,154
DEHP,10470,25.1167,25.2002,25.2397,25.11,1732165200000000000,124
DEI,942143,18.75,19.03,19.171,18.75,1732165200000000000,10294
DELL,6619719,136.14,138.92,140.1399,134.45,1732165200000000000,89028
DEM,253053,41.36,41.4,41.4437,41.26,1732165200000000000,1468
DEMZ,873,36.7,36.73,36.73,36.7,1732165200000000000,38
DENN,684028,6.28,6.39,6.465,6.22,1732165200000000000,6886
DEO,1306434,118.44,118.1,119.1,117.72,1732165200000000000,16188
DERM,71980,5.26,5.2,5.38,5.05,1732165200000000000,593
DES,103207,36.18,36.62,36.76,36.15,1732165200000000000,865
DESK,569,44.8955,44.9702,44.9899,44.8955,1732165200000000000,14
DESP,3287044,18,18.49,19,17.92,1732165200000000000,24074
DEUS,2092,56.9471,56.9982,57.02,56.93,1732165200000000000,40
DEVS,1269472,0.59,0.502,0.59,0.4803,1732165200000000000,2178
DEW,4692,54.7155,54.9473,54.9473,54.7155,1732165200000000000,48
DEXC,16450,49.68,49.8194,49.89,49.6058,1732165200000000000,58
DFAC,1498137,35.65,35.82,35.8901,35.42,1732165200000000000,3574
DFAE,829604,25.81,25.83,25.8599,25.67,1732165200000000000,3232
DFAI,1060349,29.66,29.74,29.785,29.5699,1732165200000000000,3719
DFAR,123188,24.89,25.03,25.12,24.89,1732165200000000000,567
DFAS,394303,67.98,68.78,68.96,67.78,1732165200000000000,1808
DFAT,171212,58.55,59.22,59.34,58.31,1732165200000000000,1145
DFAU,367896,41.27,41.36,41.4672,40.94,1732165200000000000,1806
DFAW,34275,64.19,64.39,64.4776,63.7501,1732165200000000000,313
DFAX,523453,25.34,25.4,25.43,25.275,1732165200000000000,1789
DFCA,9293,50.38,50.375,50.3899,50.23,1732165200000000000,72
DFCF,748588,41.73,41.72,41.8089,41.6701,1732165200000000000,1976
DFE,27968,56.9,57.0431,57.07,56.73,1732165200000000000,102
DFEB,13300,42.41,42.46,42.52,42.38,1732165200000000000,73
DFEM,512683,26.53,26.58,26.6179,26.4701,1732165200000000000,2181
DFEN,274195,36.27,36.71,37.35,35.68,1732165200000000000,3154
DFEV,108027,26.83,26.87,26.9031,26.78,1732165200000000000,417
DFGP,113498,53.44,53.47,53.63,53.44,1732165200000000000,428
DFGR,176219,27.46,27.59,27.669,27.3601,1732165200000000000,671
DFGX,63780,52.92,52.825,52.92,52.8,1732165200000000000,209
DFH,2223508,30.87,30.56,32.38,30.43,1732165200000000000,28992
DFHY,1443,21.31,21.261,21.31,21.261,1732165200000000000,14
DFIC,960156,26.28,26.345,26.37,26.192,1732165200000000000,3862
DFIN,137711,60.68,61.49,61.52,59.77,1732165200000000000,4285
DFIP,70953,41.01,40.91,41.0599,40.89,1732165200000000000,327
DFIS,242372,24.8,24.8,25.45,24.6901,1732165200000000000,1055
DFIV,778809,36.36,36.44,36.48,36.2401,1732165200000000000,2602
DFJ,30353,75.21,75.3358,75.48,75.14,1732165200000000000,222
DFLI,1541184,0.3999,0.3695,0.4018,0.3288,1732165200000000000,59729
DFLIW,11192,0.018,0.0178,0.018,0.0104,1732165200000000000,29
DFLV,249418,31.89,32.15,32.255,31.82,1732165200000000000,759
DFND,2363,41.9001,43.3002,43.36,41.9001,1732165200000000000,23
DFNL,21091,40.03,40.2056,40.37,39.88,1732165200000000000,151
DFNM,121712,48.06,48.0248,48.075,48.01,1732165200000000000,408
DFNV,860,36.52891,36.5209,36.64,36.5209,1732165200000000000,21
DFP,66367,20.17,20.17,20.19,20.1,1732165200000000000,453
DFRA,1043,32.14,32.1352,32.14,32.12,1732165200000000000,10
DFS,1904756,173.79,174.91,176.12,172.49,1732165200000000000,20447
DFSB,32174,51.68,51.62,51.749,51.56,1732165200000000000,157
DFSD,490119,47.1,47.1,47.14,47.09,1732165200000000000,1171
DFSE,26521,33.52,33.56,33.69,33.48,1732165200000000000,134
DFSI,65225,33.18,33.29,33.3097,33.0801,1732165200000000000,166
DFSU,46671,38.545,38.82,38.91,38.42,1732165200000000000,172
DFSV,646251,32.47,32.75,32.84,32.3201,1732165200000000000,2486
DFUS,299296,64.75,64.84,65.01,64.185524,1732165200000000000,1348
DFUV,224888,43.22,43.6,43.74,43.13,1732165200000000000,827
DFVE,1741,29.88,29.9,29.91,29.88,1732165200000000000,19
DFVX,32512,67.54,67.58,67.68,67.0499,1732165200000000000,180
DG,3162302,73.47,73.92,74.43,73.27,1732165200000000000,41749
DGCB,55188,53.1,53.085,53.28,53.06,1732165200000000000,233
DGHI,258917,2.13,1.86,2.13,1.81,1732165200000000000,974
DGICA,105219,15.9,15.94,16,15.73,1732165200000000000,1523
DGICB,147,14.3511,14.3511,14.3511,14.3511,1732165200000000000,8
DGII,283607,31.42,31.48,32.06,31.32,1732165200000000000,6547
DGIN,11035,42.955,43.2091,43.31,42.91,1732165200000000000,117
DGLY,832699,0.7496,0.966,0.98,0.73,1732165200000000000,3726
DGP,10302,68.1,68.45,68.72,68,1732165200000000000,118
DGRE,13592,25.46,25.58,25.6487,25.42,1732165200000000000,98
DGRO,1410711,63.27,63.77,63.8958,63.06,1732165200000000000,10910
DGRS,25125,54.24,54.77,54.9412,54.225,1732165200000000000,292
DGRW,1644761,83.5,83.92,84.0762,83.11,1732165200000000000,5773
DGS,367840,50.17,50.19,50.28,50.08,1732165200000000000,2823
DGT,5486,135.56,136.0758,136.271,134.8,1732165200000000000,130
DGX,651540,161.32,163.89,164.25,160.33,1732165200000000000,16246
DGZ,706,8.72,8.36,8.72,8.36,1732165200000000000,16
DH,300823,4.14,4.25,4.29,4.13,1732165200000000000,4679
DHAI,7110,0.9263,1,1,0.9263,1732165200000000000,48
DHAIW,5509,0.0555,0.044,0.0555,0.03,1732165200000000000,30
DHC,698468,2.45,2.44,2.47,2.4,1732165200000000000,4078
DHCNI,15472,14.8206,14.68,15.05,14.68,1732165200000000000,181
DHCNL,12112,15.8,15.66,15.91,15.61,1732165200000000000,106
DHDG,596,30.68,30.7447,30.7447,30.66,1732165200000000000,8
DHF,252529,2.64,2.64,2.65,2.63,1732165200000000000,482
DHI,2255094,163.77,161.86,164.33,161.76,1732165200000000000,38553
DHIL,19591,171.49,169.65,171.49,169.36,1732165200000000000,924
DHR,2537010,233.92,235.05,235.18,230.38,1732165200000000000,44080
DHS,20807,98.3,99.4177,99.5499,98.3,1732165200000000000,553
DHT,1950272,10.44,10.37,10.48,10.2113,1732165200000000000,16126
DHX,94877,1.76,1.75,1.76,1.685,1732165200000000000,853
DHY,703385,2.2,2.22,2.22,2.19,1732165200000000000,2486
DIA,7557979,435.86,438.97,440.54,433.63,1732165200000000000,70979
DIAL,39299,17.77,17.8,17.822,17.77,1732165200000000000,153
DIAX,50098,15.31,15.39,15.41,15.2877,1732165200000000000,308
DIBS,89552,3.79,3.92,3.975,3.755,1732165200000000000,978
DIEM,1158,26.9,26.9391,26.97,26.9,1732165200000000000,20
DIG,93363,45.93,46.35,47.04,45.91,1732165200000000000,1317
DIHP,446825,25.51,25.58,25.6,25.4201,1732165200000000000,1350
DIM,16193,61.9,62.0677,62.0899,61.9,1732165200000000000,65
DIN,342448,32.39,32.73,32.85,32.27,1732165200000000000,9097
DINO,1051439,41.97,42.03,42.63,41.75,1732165200000000000,15294
DINT,10793,23.28,23.34,23.4,23.28,1732165200000000000,49
DIOD,378152,56.18,59.17,59.24,55.81,1732165200000000000,9948
DIPS,68954,13.33,13.53,13.949,13,1732165200000000000,483
DIS,10260983,114.15,114.72,116.25,113.8343,1732165200000000000,119073
DISO,32179,17.45,17.48,17.4993,17.25,1732165200000000000,306
DISV,202108,26.86,26.93,26.97,26.6792,1732165200000000000,865
DIV,186899,18.84,19.09,19.1,18.84,1732165200000000000,1381
DIVB,69729,49.66,50.1,50.18,49.5,1732165200000000000,733
DIVD,1881,33.0201,33.1,33.14,33.02,1732165200000000000,43
DIVG,101,32.4144,32.4144,32.4144,32.4144,1732165200000000000,15
DIVI,157579,30.48,30.49,30.57,30.3559,1732165200000000000,621
DIVL,26,22.5264,22.5264,22.5264,22.5264,1732165200000000000,9
DIVO,275243,41.76,41.97,42.0988,41.63,1732165200000000000,2086
DIVP,102,26.88,26.8992,26.8992,26.88,1732165200000000000,3
DIVS,8771,29.2,29.2534,29.2534,29.0601,1732165200000000000,17
DIVY,3075,26.5245,26.7736,26.8,26.5245,1732165200000000000,25
DIVZ,9727,33.74,33.9988,34.06,33.74,1732165200000000000,63
DJAN,2651,38.69,38.72,38.762,38.69,1732165200000000000,32
DJCB,1613,20.8,20.745,21.5,20.745,1732165200000000000,58
DJCO,13858,568.01,580.97,580.97,566,1732165200000000000,1618
DJD,18249,52.35,52.88,52.98,52.31,1732165200000000000,264
DJIA,24364,23.31,23.3916,23.4675,23.29,1732165200000000000,211
DJP,40579,32.11,32.01,32.14,31.9165,1732165200000000000,174
DJT,20050104,30.04,30.49,31.8793,28.76,1732165200000000000,142900
DJTWW,190265,20.66,21.177175,22.21,20.2,1732165200000000000,1522
DJUL,10249,41.95,42.07,42.07,41.8937,1732165200000000000,62
DJUN,7240,43.22,43.357,43.357,43.22,1732165200000000000,41
DK,641557,18.29,18.39,18.67,17.97,1732165200000000000,11038
DKL,107041,39.49,39.76,39.89,39.385,1732165200000000000,1653
DKNG,6107679,43.8,43.55,44.48,43.42,1732165200000000000,63373
DKS,1585584,194.48,201.63,202.51,192.41,1732165200000000000,30541
DLB,1374251,81.12,80.25,81.23,78.38,1732165200000000000,24098
DLHC,23420,8.37,8.51,8.52,8.31,1732165200000000000,882
DLN,145209,80.37,80.87,81.05,80.0235,1732165200000000000,818
DLNG,51688,4.19,4.25,4.32,4.1,1732165200000000000,237
DLNGpA,8322,25.24,25.25,25.49,25.1,1732165200000000000,72
DLNGpB,7802,25.5,25.68,25.78,25.5,1732165200000000000,65
DLO,1852630,10.63,10.74,10.92,10.52,1732165200000000000,17095
DLPN,82057,1.09,1.08,1.14,1.061,1732165200000000000,746
DLR,1886363,186.4,187.37,188.17,185.03,1732165200000000000,31289
DLRpJ,31466,22.91,23.1,23.19,22.91,1732165200000000000,253
DLRpK,7668,24.67,24.62,24.7996,24.62,1732165200000000000,137
DLRpL,12548,22.71,22.78,23.01,22.71,1732165200000000000,201
DLS,31265,63.59,63.74,63.769,63.4301,1732165200000000000,256
DLTH,31947,3.65,3.66,3.7,3.6,1732165200000000000,786
DLTR,4060259,63.39,65.76,65.87,62.87,1732165200000000000,51875
DLX,252150,22.53,22.95,22.96,22.35,1732165200000000000,6619
DLY,188676,16.21,16.27,16.29,16.1,1732165200000000000,789
DM,136011,4.37,4.4,4.57,4.33,1732165200000000000,1645
DMA,10122,8.75,8.76,8.82,8.73,1732165200000000000,48
DMAC,1081956,4.04,4.18,4.33,4.03,1732165200000000000,761
DMAR,22200,38.05,38.0691,38.08,37.96,1732165200000000000,113
DMAT,308,15.87,15.98,15.98,15.87,1732165200000000000,14
DMAY,7624,40.65,40.7839,40.7966,40.6,1732165200000000000,48
DMB,315856,10.65,10.82,10.8785,10.6472,1732165200000000000,909
DMBS,36967,48.58,48.58,48.59,48.46,1732165200000000000,176
DMCY,680,25.43,25.5,25.52,25.4299,1732165200000000000,55
DMF,41591,7.22,7.225,7.24,7.17,1732165200000000000,264
DMLP,89574,33.67,33.5,33.9497,33.26,1732165200000000000,1184
DMN,439416,1.44,1.31,1.46,1.23,1732165200000000000,1957
DMO,41272,11.93,11.94,12.0301,11.9001,1732165200000000000,203
DMRC,72540,31.63,31.37,32.31,31.29,1732165200000000000,2688
DMXF,52398,66.03,66.04,66.23,65.7401,1732165200000000000,322
DMYY,104,10.64,10.64,10.64,10.64,1732165200000000000,3
DMYY.WS,13800,0.1681,0.15,0.2167,0.15,1732165200000000000,37
DNA,787712,6.46,6.59,6.7,6.26,1732165200000000000,7428
DNB,2008164,12.33,12.38,12.52,12.28,1732165200000000000,18129
DNL,74032,36.27,36.3709,36.42,36.16,1732165200000000000,269
DNLI,1477768,24.38,24.22,24.79,23.8,1732165200000000000,15597
DNMR,93618,5.7,5.06,5.82,5,1732165200000000000,1984
DNN,23589058,2.29,2.36,2.39,2.27,1732165200000000000,18530
DNOV,116006,42.94,42.99,43.03,42.72,1732165200000000000,504
DNOW,504709,14.72,14.71,14.895,14.66,1732165200000000000,7274
DNP,512740,9.34,9.45,9.45,9.34,1732165200000000000,1632
DNTH,293431,20.88,20.27,20.98,19.845,1732165200000000000,4051
DNUT,828696,10.9,11.04,11.11,10.8,1732165200000000000,9115
DOC,3879317,21.29,21.71,21.82,21.28,1732165200000000000,31447
DOCN,762285,38.01,38.87,39.47,37.61,1732165200000000000,15411
DOCS,2732279,49.9,48,50.135,47.6606,1732165200000000000,30439
DOCT,58763,39.36,39.45,39.46,39.22,1732165200000000000,351
DOCU,1772036,79.44,80.15,80.6,78.44,1732165200000000000,31757
DOG,2688752,26.2,26.01,26.33,25.925,1732165200000000000,5210
DOGG,7905,19.58,19.7708,19.82,19.57,1732165200000000000,43
DOGZ,54757,44.52,44.61,46.51,43.09,1732165200000000000,5456
DOL,41812,50.27,50.15,50.3,49.9701,1732165200000000000,370
DOLE,375850,15.18,15.26,15.285,14.97,1732165200000000000,5160
DOMH,9283,1.56,1.63,1.64,1.5,1732165200000000000,129
DOMO,178300,8.88,9.08,9.19,8.88,1732165200000000000,4044
DON,161126,53.67,54.31,54.4489,53.59,1732165200000000000,1107
DOOO,122897,47.78,48.29,48.37,46.845,1732165200000000000,2480
DORM,151579,135.67,137.02,137.3,134.335,1732165200000000000,4952
DOUG,1229889,2.4,2.5,2.57,2.33,1732165200000000000,9156
DOV,718627,199.04,202.49,203.14,198.244,1732165200000000000,13102
DOW,6158155,43.81,44.81,45.14,43.6201,1732165200000000000,56664
DOX,513574,84.03,85.2,85.32,83.975,1732165200000000000,11873
DOYU,83257,9.72,9.72,9.88,9.4,1732165200000000000,1480
DPG,204058,12.06,12.16,12.19,12.02,1732165200000000000,975
DPRO,59299,2.28,2.31,2.502,2.21,1732165200000000000,414
DPST,764179,142.31,146.09,151.29,141.42,1732165200000000000,9747
DPZ,487161,440.42,445.85,450.16,438,1732165200000000000,17512
DQ,520743,19.4,19.21,19.72,19.01,1732165200000000000,5778
DRAG,37168,21.28,21.13,21.29,21.13,1732165200000000000,290
DRAI,66,23.7088,23.7088,23.7088,23.7088,1732165200000000000,4
DRCT,159354,1.28,1.19,1.36,1.15,1732165200000000000,1196
DRD,270006,9.74,9.68,9.75,9.45,1732165200000000000,4631
DRH,1015199,9.01,9.14,9.19,8.99,1732165200000000000,9343
DRHpA,8778,26.05,26.0206,26.105,26.02,1732165200000000000,63
DRI,1252984,161.95,164.56,164.8,161.31,1732165200000000000,21060
DRIO,44576,0.914,0.8299,0.9354,0.8006,1732165200000000000,262
DRIP,4356471,9.02,8.99,9.1,8.86,1732165200000000000,7553
DRIV,70347,23.32,23.42,23.4455,23.165,1732165200000000000,807
DRLL,88428,30.65,30.66,30.9091,30.6,1732165200000000000,827
DRMA,78801,1.18,1.15,1.24,1.1,1732165200000000000,321
DRN,524477,12.12,12.22,12.346,11.88,1732165200000000000,2974
DRRX,101619,0.86,0.8626,0.889,0.84105,1732165200000000000,364
DRS,415808,35.1,35.7,36.21,35.07,1732165200000000000,9152
DRSK,131612,27.68,27.61,28.6769,27.58,1732165200000000000,736
DRTS,45435,2.26,2.295,2.32,2.2,1732165200000000000,156
DRTSW,12307,0.17,0.1631,0.1717,0.1631,1732165200000000000,11
DRUG,317046,32.85,32.38,33.3315,30.67,1732165200000000000,9652
DRUP,314,56.5808,56.5808,56.5808,56.5808,1732165200000000000,20
DRV,126812,25.04,24.72,25.41,24.43,1732165200000000000,1392
DRVN,499128,15.8,16.1,16.27,15.645,1732165200000000000,7116
DSCF,501,22.81,22.78,22.81,22.78,1732165200000000000,6
DSEP,8960,40.526,40.5732,40.5911,40.36,1732165200000000000,50
DSGN,100173,5.57,5.57,5.725,5.43,1732165200000000000,1754
DSGR,31604,37.7,37.77,38.5,37.58,1732165200000000000,1394
DSGX,139876,114.77,114.33,114.985,113.72,1732165200000000000,5580
DSI,101330,113.29,113.33,113.6,112.0006,1732165200000000000,896
DSL,364611,12.56,12.63,12.63,12.51,1732165200000000000,1442
DSM,133738,5.98,5.96,6,5.95,1732165200000000000,622
DSMC,6711,36.87,37.26,37.29,36.87,1732165200000000000,78
DSP,437186,18.31,19.02,19.07,18.1,1732165200000000000,6677
DSS,19282,1.04,1.02,1.05,1.0008,1732165200000000000,130
DSTL,478091,57.1,57.79,57.79,56.8704,1732165200000000000,576
DSTX,1076,23.48,23.4623,23.48,23.4623,1732165200000000000,6
DSU,146889,10.87,10.83,10.87,10.8,1732165200000000000,853
DSWL,12338,2.55,2.6234,2.65,2.55,1732165200000000000,96
DSX,794306,2.15,2.1,2.15,2.07,1732165200000000000,3263
DSXpB,1925,26.4,26.11,26.4,26.11,1732165200000000000,28
DSX.WS,32407,0.182,0.1805,0.195,0.1805,1732165200000000000,90
DSY,26179,2.34,2.3,2.58,2.26,1732165200000000000,311
DSYWW,6534,0.0441,0.0362,0.0441,0.0303,1732165200000000000,25
DT,4770796,51.73,52.47,52.71,51.19,1732165200000000000,48428
DTAN,0,24.3628,24.3628,24.3628,24.3628,1732165200000000000,0
DTB,28608,19.2,19.36,19.4479,19.13,1732165200000000000,251
DTC,495045,1.11,1.19,1.2,1.0799,1732165200000000000,2456
DTCK,14253,0.913,0.9653,0.9699,0.9,1732165200000000000,89
DTCR,94190,17.18,17.31,17.3894,17.06,1732165200000000000,459
DTD,20023,78.73,79.33,79.43,78.53,1732165200000000000,299
DTE,1550615,122.39,123.98,124.09,121.85,1732165200000000000,19419
DTEC,2253,45.14,45.5498,45.64,45.14,1732165200000000000,65
DTF,22462,11.27,11.24,11.285,11.11,1732165200000000000,75
DTG,27825,19.18,19.24,19.3995,19.0919,1732165200000000000,287
DTH,16172,38.34,38.45,38.49,38.32,1732165200000000000,152
DTI,101398,3.36,3.46,3.46,3.07,1732165200000000000,1320
DTIL,224751,7.07,6.5,7.12,6.41,1732165200000000000,2227
DTM,1552665,103.93,108.41,108.56,103.93,1732165200000000000,27773
DTRE,4491,40.73,40.7863,40.7863,40.72,1732165200000000000,20
DTSQ,612,10.04,10.04,10.04,10.04,1732165200000000000,10
DTSQU,578,10.2,10.2,10.2,10.2,1732165200000000000,3
DTSS,30038,2.56,2.462,2.56,2.45,1732165200000000000,244
DTST,57069,3.95,3.92,4.12,3.81,1732165200000000000,389
DTSTW,14151,0.47,0.46,0.475001,0.35,1732165200000000000,40
DTW,31483,22.95,23.03,23.14,22.885,1732165200000000000,274
DUBS,12607,32.72,32.8952,32.98,32.5302,1732165200000000000,67
DUET,1401,11.38,11.3312,11.385,11.31,1732165200000000000,11
DUETW,600,0.03,0.035,0.035,0.03,1732165200000000000,6
DUG,22725,33.26,32.88,33.26,32.41,1732165200000000000,363
DUHP,639686,34.73,34.94,35.03,34.52,1732165200000000000,2259
DUK,3095291,114.13,114.86,115.04,113.15,1732165200000000000,33541
DUKpA,54793,24.8,24.9299,24.99,24.8,1732165200000000000,555
DUKB,41620,24.68,24.7,24.78,24.62,1732165200000000000,379
DUKH,2754,25.56,25.535,25.5697,25.535,1732165200000000000,8
DUKQ,6523,27.1,27.35,27.39,27.1,1732165200000000000,48
DUKX,215,24.6703,24.737,24.737,24.6703,1732165200000000000,6
DUKZ,7136,25.7296,25.695,25.75,25.695,1732165200000000000,19
DULL,10295,8.26,8.2371,8.33,8.23,1732165200000000000,67
DUO,1221873,0.6,0.5707,0.6,0.568,1732165200000000000,2586
DUOL,559515,338.15,341.6,342.51,330,1732165200000000000,18939
DUOT,104474,5.3,4.89,5.3954,4.8,1732165200000000000,917
DURA,4267,34.34,34.7052,34.72,34.34,1732165200000000000,35
DUSA,20006,43.92,44.07,44.2621,43.705,1732165200000000000,165
DUSB,163711,50.68,50.675,50.7,50.64,1732165200000000000,460
DUSL,27666,68.7352,70.66,71.28,68.7352,1732165200000000000,446
DUST,836346,56.69,56.63,58.3299,56.5,1732165200000000000,10253
DV,1515788,19.57,20,20.065,19.44,1732165200000000000,18805
DVA,707763,161.4,164.14,164.87,161.375,1732165200000000000,16256
DVAL,9735,14.6,14.7503,14.78,14.6,1732165200000000000,58
DVAX,1867903,12.26,12.36,12.445,12.11,1732165200000000000,13770
DVDN,2124,27.8099,27.7569,27.8099,27.7569,1732165200000000000,5
DVLU,55,31.97,31.97,31.97,31.97,1732165200000000000,7
DVN,7169039,38.55,38.7,38.995,38.4,1732165200000000000,56052
DVND,79,32.0551,32.0551,32.0551,32.0551,1732165200000000000,9
DVOL,3071,36.05,36.0119,36.0594,36.0119,1732165200000000000,19
DVY,399335,139.2,140.8,140.98,138.965,1732165200000000000,3625
DVYA,1762,37.52,37.56,37.56,37.46,1732165200000000000,44
DVYE,53355,27.51,27.47,27.559,27.39,1732165200000000000,331
DWAS,71639,99.5,100.69,101.18,98.93,1732165200000000000,295
DWAT,3748,11.35,11.8995,11.8995,11.35,1732165200000000000,7
DWAW,918,41.1567,41.3066,41.33,41.1567,1732165200000000000,8
DWCR,18,28.3789,28.3789,28.3789,28.3789,1732165200000000000,3
DWLD,6758,38.19,38.3899,38.48,38.19,1732165200000000000,81
DWM,14884,53.7,53.8295,53.883,53.6219,1732165200000000000,111
DWMF,2720,26.94,26.9956,26.9956,26.92,1732165200000000000,8
DWSH,49538,7.39,7.26,7.39,7.24,1732165200000000000,143
DWSN,11900,1.45,1.39,1.6085,1.37,1732165200000000000,133
DWTX,136025,2.36,2.71,2.85,2.09,1732165200000000000,1153
DWUS,601,49.35,49.219,49.355,49.219,1732165200000000000,7
DWX,23126,36.21,36.2666,36.29,36.12,1732165200000000000,173
DX,2884276,12.44,12.49,12.49,12.36,1732165200000000000,11315
DXpC,1793,25.4228,25.4314,25.46,25.415,1732165200000000000,26
DXC,886449,21.36,21.82,21.895,21.0143,1732165200000000000,12085
DXCM,3231191,74.83,74.46,75.76,74.14,1732165200000000000,42012
DXD,1178811,26.04,25.66,26.3,25.48,1732165200000000000,4296
DXIV,3668,48.99,48.8811,48.99,48.88,1732165200000000000,16
DXJ,500027,109.09,109.14,109.5,108.41,1732165200000000000,3688
DXJS,5545,34.1001,34.25,34.4,34.1001,1732165200000000000,69
DXLG,360951,2.5,2.58,2.645,2.5,1732165200000000000,3897
DXPE,75575,68.6,69.12,69.865,68.315,1732165200000000000,3319
DXR,37489,9.05,8.93,9.05,8.511,1732165200000000000,260
DXUV,4495,54.61,55.0715,55.15,54.54,1732165200000000000,79
DXYZ,2322864,39.5,39.48,40.54,36.85,1732165200000000000,30155
DY,776286,182.11,183.24,187.93,178.3625,1732165200000000000,18945
DYAI,171413,1.47,1.67,1.685,1.25,1732165200000000000,781
DYCQ,120,10.38,10.38,10.38,10.38,1732165200000000000,1
DYFI,4019,23.68,23.665,23.69,23.665,1732165200000000000,43
DYLD,4615,22.68,22.685,22.74,22.65,1732165200000000000,43
DYLG,1158,29.7699,29.8123,29.8123,29.7699,1732165200000000000,12
DYN,976059,30.42,29.73,30.85,29.35,1732165200000000000,12443
DYNF,1202939,52.17,52.05,52.186461,51.53,1732165200000000000,4513
DYNI,11346,29.234,29.33,29.43,29.22,1732165200000000000,39
DYNXU,5061332,9.97,9.96,9.98,9.95,1732165200000000000,2127
DYTA,2295,31.505,31.6,31.6,31.505,1732165200000000000,75
DZZ,2759,1.68,1.62,1.69,1.62,1732165200000000000,18
E,206107,29.04,28.89,29.14,28.86,1732165200000000000,2760
EA,1186420,167.24,167.97,168.065,165.5,1732165200000000000,30392
EAD,177061,6.85,6.89,6.89,6.835,1732165200000000000,932
EAF,1999843,2.11,2.08,2.11,1.935,1732165200000000000,9714
EAFG,0,19.1934,19.1934,19.1934,19.1934,1732165200000000000,0
EAGG,227844,46.93,46.88,46.99,46.85,1732165200000000000,965
EAGL,75304,28.71,28.5843,28.71,28.52,1732165200000000000,131
EAI,15448,22.04,22.0899,22.2,22,1732165200000000000,175
EALT,11718,32.53,32.5188,32.56,32.29,1732165200000000000,49
EAOA,237,36.38,36.4403,36.4403,36.38,1732165200000000000,8
EAOK,76,25.845,25.845,25.845,25.845,1732165200000000000,8
EAOM,1783,27.86,27.87,27.88,27.8543,1732165200000000000,16
EAOR,7750,31.91,31.89,31.91,31.83,1732165200000000000,33
EAPR,8079,26.1,26.19,26.23,26.08,1732165200000000000,58
EARN,238242,6.6,6.65,6.66,6.55,1732165200000000000,2132
EASG,1364,29.9,29.913,29.913,29.9,1732165200000000000,8
EAST,127389,0.49,0.5482,0.55,0.48495,1732165200000000000,276
EAT,1167735,125.25,123.71,125.26,122.3101,1732165200000000000,21250
EATV,833,17.31,17.57,17.57,17.31,1732165200000000000,18
EATZ,1309,28.91,29.0458,29.0458,28.9099,1732165200000000000,55
EB,1223959,3.48,3.58,3.62,3.41,1732165200000000000,8621
EBAY,3527778,60.98,61.41,61.9926,60.44,1732165200000000000,45479
EBC,531746,18.45,18.53,18.82,18.38,1732165200000000000,9469
EBF,224048,20.76,20.76,21.01,20.63,1732165200000000000,2808
EBIT,9187,34.77,34.9706,35.1,34.6204,1732165200000000000,59
EBIZ,7397,27.9,28.25,28.28,27.9,1732165200000000000,87
EBMT,23168,16.45,16.56,16.605,16.35,1732165200000000000,1004
EBND,168013,19.98,19.93,20.01,19.914,1732165200000000000,835
EBON,70575,7.26,7.0497,7.39,6.9,1732165200000000000,623
EBR,1142088,6.05,6.07,6.1,6.0248,1732165200000000000,5851
EBR.B,10936,6.78,6.77,6.8,6.735,1732165200000000000,122
EBS,1279158,8.95,9.4,9.78,8.83,1732165200000000000,11655
EBTC,15843,35.9,36.43,36.5,35.4601,1732165200000000000,516
EBUF,152,25.4751,25.4751,25.4751,25.4751,1732165200000000000,4
EC,2454290,8.1,8.19,8.24,8.1,1732165200000000000,10644
ECAT,267423,17.1,17.03,17.15,17,1732165200000000000,1602
ECBK,5777,15.05,14.99,15.05,14.96,1732165200000000000,230
ECC,1093201,8.99,8.94,9.03,8.92,1732165200000000000,3234
ECCpD,29517,19.91,19.85,19.91,19.83,1732165200000000000,222
ECCC,3715,23.57,23.6706,23.68,23.5,1732165200000000000,22
ECCF,11163,24.88,24.8802,24.9442,24.86,1732165200000000000,79
ECCV,1020,23.15,23.2,23.22,23.15,1732165200000000000,12
ECCW,1105,24.55,24.5679,24.5679,24.55,1732165200000000000,14
ECCX,923,24.73,24.895,24.895,24.73,1732165200000000000,11
ECDA,118081,0.9305,0.9799,1.01,0.901,1732165200000000000,181
ECF,86866,9.74,9.8,9.85,9.73,1732165200000000000,341
ECFpA,1580,23.27,23.1,23.3,23.1,1732165200000000000,16
ECG,820622,60.39,64.28,64.35,59.985,1732165200000000000,8684
ECH,188734,25.49,25.57,25.61,25.455,1732165200000000000,1351
ECL,1751075,241.72,243.42,243.525,241.45,1732165200000000000,32324
ECLN,1280,30.46,30.9141,30.9141,30.46,1732165200000000000,18
ECML,217,35.3885,35.3885,35.3885,35.3885,1732165200000000000,11
ECNS,5797,25.84,25.83,25.92,25.83,1732165200000000000,84
ECO,213556,23.79,23.33,24.135,23.1086,1732165200000000000,2585
ECON,4180,21.24,21.3,21.3,21.24,1732165200000000000,28
ECOR,65471,9.93,9.92,10.42,9.778,1732165200000000000,782
ECOW,19544,20.52,20.51,20.57,20.451,1732165200000000000,113
ECPG,115425,48.1,48.04,48.7,47.92,1732165200000000000,2925
ECVT,1187028,8.05,8.12,8.125,7.95,1732165200000000000,10296
ECX,23027,1.6331,1.65,1.67,1.63,1732165200000000000,146
ED,1470557,97.93,98.7,98.71,97.35,1732165200000000000,24892
EDAP,53225,2.47,2.49,2.62,2.4501,1732165200000000000,269
EDBL,1437290,0.154,0.1589,0.164259,0.143,1732165200000000000,1462
EDC,50388,30.73,30.93,31.0154,30.54,1732165200000000000,498
EDD,182563,4.65,4.61,4.65,4.61,1732165200000000000,786
EDEN,8183,111.53,111.71,111.91,111.17,1732165200000000000,147
EDF,111544,4.96,4.97,4.98,4.94,1732165200000000000,490
EDGF,16856,24.63,24.62,24.63,24.61,1732165200000000000,18
EDGH,15085,24.78,24.8,24.8,24.78,1732165200000000000,22
EDGI,3725,23.19,23.1627,23.19,23.1601,1732165200000000000,9
EDGU,17426,25.67,25.8787,25.93,25.62,1732165200000000000,35
EDIT,2893139,2.45,2.37,2.47,2.3,1732165200000000000,11594
EDIV,53917,35.61,35.61,35.667,35.5028,1732165200000000000,333
EDN,172988,36.9,35.91,37.98,35.35,1732165200000000000,3050
EDOC,23910,9.66,9.72,9.79,9.62,1732165200000000000,191
EDOG,848,21.54,21.5612,21.5612,21.54,1732165200000000000,19
EDOW,11534,36.635,37.0403,37.17,36.6102,1732165200000000000,81
EDR,1203522,29.25,29.55,29.57,29.25,1732165200000000000,6962
EDRY,10029,14.47,14.4103,14.7,13.8,1732165200000000000,106
EDSA,13545,2.1,2.11,2.1611,2.05,1732165200000000000,101
EDTK,1454,1.02,1.01,1.02,1.01,1732165200000000000,16
EDU,1449603,56.7,57.71,58.28,56.27,1732165200000000000,19271
EDUC,4588,1.78,1.82,2,1.78,1732165200000000000,71
EDV,557013,71.11,70.95,71.55,70.61,1732165200000000000,4338
EDZ,176399,8.72,8.68,8.78,8.6401,1732165200000000000,883
EE,353290,29.5,30.42,30.54,29.5,1732165200000000000,6292
EEA,6151,8.36,8.36,8.3964,8.265,1732165200000000000,35
EEFT,186978,103.98,104.92,105.35,102.995,1732165200000000000,6878
EEIQ,12292,1.02,1,1.04,0.9421,1732165200000000000,60
EELV,50147,24.48,24.47,24.5613,24.45,1732165200000000000,190
EEM,16086867,43.22,43.27,43.31,43.07,1732165200000000000,24244
EEMA,17612,73.75,73.63,73.775,73.412,1732165200000000000,160
EEMO,139716,16.35,16.43,16.47,16.31,1732165200000000000,127
EEMS,14923,59.41,59.5711,59.85,59.3861,1732165200000000000,211
EEMV,171753,59.53,59.55,59.57,59.36,1732165200000000000,1375
EEMX,3617,33.36,33.4591,33.53,33.26,1732165200000000000,88
EES,11418,56.09,56.8513,56.92,56.065,1732165200000000000,144
EET,1352,53.4791,53.3538,53.489,53.3538,1732165200000000000,36
EETH,161017,67.4,67.33,68.09,65.05,1732165200000000000,2176
EEV,6849,16.95,16.96,16.98,16.8602,1732165200000000000,129
EEX,87774,4.65,4.86,4.905,4.65,1732165200000000000,1477
EFA,9161202,77.12,77.26,77.3801,76.8518,1732165200000000000,31559
EFAA,2179,47.28,47.3998,47.46,47.2799,1732165200000000000,30
EFAD,5574,38.01,38.0599,38.09,37.9897,1732165200000000000,51
EFAS,408,14.4,14.4046,14.4046,14.4,1732165200000000000,17
EFAV,308859,72.21,72.28,72.3998,72.07,1732165200000000000,2966
EFAX,39196,40.34,40.4472,40.48,40.29,1732165200000000000,154
EFC,536868,12.28,12.4,12.4288,12.255,1732165200000000000,6423
EFCpA,2489,25.25,25.2743,25.3,25.2016,1732165200000000000,16
EFCpB,2436,23.0588,23.09,23.095,23.03,1732165200000000000,10
EFCpC,3083,25,25.08,25.42,25,1732165200000000000,44
EFCpE,5883,25.45,25.475,25.475,25.45,1732165200000000000,20
EFG,588288,98.07,98.37,98.52,97.72,1732165200000000000,4452
EFIV,89189,57.53,57.6,57.71,56.93,1732165200000000000,913
EFIX,1721,16.254,16.255,16.255,16.2051,1732165200000000000,22
EFNL,5226,33.04,33.0963,33.15,33.04,1732165200000000000,95
EFO,9,42.5828,42.5828,42.5828,42.5828,1732165200000000000,8
EFOI,6874,1.284,1.275,1.2925,1.2,1732165200000000000,156
EFR,41069,12.88,12.9,12.9389,12.87,1732165200000000000,188
EFRA,172,32.93,33.1853,33.1853,32.93,1732165200000000000,4
EFSC,234418,59.29,59.77,60.72,59.27,1732165200000000000,5280
EFSCP,3118,20.26,20.5,20.5999,20.26,1732165200000000000,43
EFSH,3335467,0.3827,0.3564,0.3827,0.3406,1732165200000000000,5842
EFT,47816,13.35,13.32,13.3672,13.28,1732165200000000000,243
EFU,975,15.87,15.9297,15.9297,15.87,1732165200000000000,12
EFV,1636939,53.85,53.89,54.005,53.655,1732165200000000000,7510
EFX,1010773,247.08,252.9,253.27,246.3,1732165200000000000,24060
EFXT,381079,9.17,9.24,9.24,9.04,1732165200000000000,2891
EFZ,13906,16.73,16.65,16.73,16.6411,1732165200000000000,136
EG,446049,379.54,385.15,388.2,375.8301,1732165200000000000,15906
EGAN,52501,5.01,5.16,5.28,5.01,1732165200000000000,661
EGBN,143254,28.58,28.75,29.41,28.455,1732165200000000000,3935
EGF,836,9.6608,9.6608,9.6608,9.6608,1732165200000000000,7
EGHT,2724178,2.91,2.95,3.005,2.84,1732165200000000000,7840
EGO,904810,16.39,16.66,16.68,16.18,1732165200000000000,9309
EGP,459658,170.82,169.28,172.3613,169,1732165200000000000,9636
EGUS,35,43.6769,43.6769,43.6769,43.6769,1732165200000000000,6
EGY,998264,5.34,5.41,5.46,5.28,1732165200000000000,8691
EH,8886724,13.79,13.29,13.88,12.015,1732165200000000000,57098
EHAB,440059,7.46,7.47,7.48,7.26,1732165200000000000,6323
EHC,695862,98.48,99.4,99.65,98.09,1732165200000000000,13568
EHGO,14788,3.98,3.9995,4.06,3.821,1732165200000000000,192
EHI,116603,6.66,6.67,6.67,6.63,1732165200000000000,517
EHLS,765,22.93,23.1225,23.2,22.93,1732165200000000000,11
EHTH,149105,5.15,4.95,5.2125,4.87,1732165200000000000,2084
EIC,184231,15.7,15.72,15.73,15.66,1732165200000000000,783
EICA,1518,23.76,23.856,23.87,23.76,1732165200000000000,5
EICB,3434,24.985,24.96,25.0024,24.95,1732165200000000000,39
EICC,6330,25.125,25.1,25.1416,25.05,1732165200000000000,39
EIDO,350530,19.9,19.86,19.9,19.8,1732165200000000000,2049
EIG,92978,52.89,52.79,53.25,52.74,1732165200000000000,2772
EIIA,3526,24.97,24.98,25.09,24.97,1732165200000000000,16
EIM,171181,10.43,10.41,10.44,10.3708,1732165200000000000,761
EINC,3110,99.09,100.215,100.91,98.21,1732165200000000000,110
EIPI,151102,20.28,20.62,20.67,20.28,1732165200000000000,334
EIPX,13216,26.12,26.4,26.44,26.12,1732165200000000000,106
EIRL,6116,59.06,59.4028,59.44,59.06,1732165200000000000,112
EIS,14772,71.66,72.62,72.63,71.64,1732165200000000000,408
EIX,2094668,86.23,87.09,87.09,85.83,1732165200000000000,28058
EJAN,17804,30.0644,30.05,30.11,30.005,1732165200000000000,111
EJH,308041,0.7124,0.7167,0.746,0.67,1732165200000000000,1049
EJUL,20914,24.65,24.8412,24.855,24.65,1732165200000000000,77
EKG,458,17.32,17.2877,17.32,17.27,1732165200000000000,9
EKSO,75861,0.73,0.72,0.734506,0.7,1732165200000000000,288
EL,4159294,65.63,66.84,67.45,65.16,1732165200000000000,52594
ELA,10918,6.41,6.5,6.5,6.3197,1732165200000000000,578
ELAB,256252917,0.0209,0.0202,0.0209,0.02,1732165200000000000,24623
ELAN,4564612,13.4,13.4,13.575,13.26,1732165200000000000,22560
ELBM,114139,0.508,0.504,0.5251,0.4743,1732165200000000000,238
ELC,15472,21.89,22,22.075,21.89,1732165200000000000,156
ELCV,177642,26.7,27.0085,27.79,26.7,1732165200000000000,554
ELD,11694,26.495,26.15,26.495,26.05,1732165200000000000,130
ELDN,152200,3.84,4.07,4.085,3.81,1732165200000000000,1949
ELEV,499335,0.598,0.6052,0.6178,0.5713,1732165200000000000,1113
ELF,4224752,120.51,122.47,127.07,118.1,1732165200000000000,63791
ELLO,12950,14.98,16.6,17.5,14.94,1732165200000000000,159
ELMD,126840,29,28.07,29,27.77,1732165200000000000,3109
ELME,414579,15.8,15.87,15.97,15.72,1732165200000000000,5003
ELP,357789,6.48,6.43,6.515,6.4205,1732165200000000000,3003
ELPC,7584,5.77,5.78,5.79,5.7214,1732165200000000000,116
ELQD,10,81.4992,81.4992,81.4992,81.4992,1732165200000000000,9
ELS,869782,70.78,70.84,71.11,70.53,1732165200000000000,11645
ELSE,3338,4.25,4.1963,4.25,4.16,1732165200000000000,30
ELTK,50588,11.65,10.93,11.65,10.8201,1732165200000000000,627
ELTX,23975,5.01,5.12,5.4781,5.01,1732165200000000000,224
ELUT,40909,4.27,4.4,4.4,4.02,1732165200000000000,490
ELV,1380830,398.94,403.6,403.83,397.74,1732165200000000000,30185
ELVA,30271,2.4,2.32,2.4,2.26,1732165200000000000,131
ELVN,140271,25.59,25.41,25.76,24.69,1732165200000000000,4019
ELWS,61880,2.636,2.64,2.82,2.5314,1732165200000000000,597
EM,47767,0.72,0.72,0.729,0.6975,1732165200000000000,124
EMB,4023368,90.97,90.96,91.11,90.895,1732165200000000000,18230
EMBC,229130,13.67,14,14.2,13.67,1732165200000000000,5266
EMBD,11109,23.09,23.14,23.14,22.911,1732165200000000000,68
EMC,5617,26.39,26.5066,26.53,26.39,1732165200000000000,47
EMCB,2619,65.665,65.665,65.81,65.53,1732165200000000000,58
EMCC,37,24.1951,24.1951,24.1951,24.1951,1732165200000000000,3
EMCR,1043,30.86,30.8653,30.8653,30.8486,1732165200000000000,20
EMCS,204,26.65,26.6813,26.6813,26.65,1732165200000000000,11
EMD,191764,9.77,9.83,9.86,9.75,1732165200000000000,844
EMDM,553,22.16,22.1449,22.16,22.1449,1732165200000000000,5
EMDV,42,44.4133,44.4133,44.4133,44.4133,1732165200000000000,4
EME,398226,520,526.95,532.3799,518.5,1732165200000000000,19406
EMEQ,59,25.17,25.17,25.17,25.17,1732165200000000000,4
EMF,50024,12.64,12.52,12.64,12.46,1732165200000000000,388
EMGF,35943,47.02,47.05,47.1717,46.9266,1732165200000000000,240
EMHC,15259,24.28,24.28,24.31,24.2733,1732165200000000000,191
EMHY,47368,38.74,38.68,38.7699,38.68,1732165200000000000,578
EMIF,934,21.81,21.8122,21.8122,21.78,1732165200000000000,11
EMKR,172866,2.95,2.96,2.9803,2.94,1732165200000000000,1406
EML,13212,28.82,28.19,28.83,28.11,1732165200000000000,714
EMLC,818005,23.77,23.72,23.795,23.675,1732165200000000000,3148
EMLP,350090,36.99,37.66,37.7,36.9004,1732165200000000000,1772
EMM,2098,27.3617,27.3555,27.4185,27.3555,1732165200000000000,17
EMMF,30432,27.04,27.075,27.0999,26.98,1732165200000000000,99
EMN,1249431,101.35,103.6,103.72,100.525,1732165200000000000,20857
EMNT,24823,98.8184,98.77,98.8184,98.76,1732165200000000000,159
EMO,53177,48.43,49.22,49.3814,48.24,1732165200000000000,611
EMOT,433,21.1,21.3145,21.3145,21.1,1732165200000000000,9
EMP,8803,21.87,21.98,22.06,21.87,1732165200000000000,126
EMQQ,26911,37.03,37.13,37.245,36.8486,1732165200000000000,336
EMR,2810270,129.03,128.27,130.1,128.07,1732165200000000000,42659
EMSF,3972,25.74,25.9008,25.9008,25.74,1732165200000000000,6
EMTL,8271,42.68,42.7001,42.73,42.68,1732165200000000000,90
EMTY,2346,13.6,13.3547,13.6,13.3547,1732165200000000000,43
EMX,223814,1.75,1.74,1.76,1.73,1732165200000000000,467
EMXC,1266831,57.64,57.78,57.8199,57.44,1732165200000000000,8290
EMXF,7899,38.68,38.72,38.74,38.57,1732165200000000000,54
ENB,3765197,42.81,43.49,43.55,42.77,1732165200000000000,24722
ENFN,714228,9.95,10.1,10.19,9.9,1732165200000000000,5189
ENFR,93539,32.39,32.94,32.98,32.29,1732165200000000000,608
ENG,16171,1.35,1.2568,1.35,1.21,1732165200000000000,270
ENGN,58901,7.51,7.67,7.97,7.435,1732165200000000000,643
ENGNW,5090,1.8,1.74,1.8,1.49,1732165200000000000,58
ENIC,255672,2.8,2.8,2.83,2.77,1732165200000000000,1676
ENJ,2840,22.52,22.99,22.99,22.52,1732165200000000000,20
ENLC,2038243,15.57,15.67,15.69,15.48,1732165200000000000,14104
ENLT,3947,15.615,16.01,16.11,15.615,1732165200000000000,108
ENLV,427729,0.9986,0.841,1.02,0.8101,1732165200000000000,870
ENO,2344,23.23,23.4,23.4,23.1129,1732165200000000000,53
ENOR,3253,24.25,24.357,24.36,24.2002,1732165200000000000,39
ENOV,647627,44.92,46.17,46.38,44.795,1732165200000000000,11670
ENPH,4191363,63.23,63.57,65.55,62.72,1732165200000000000,53829
ENR,907509,37.75,38.09,38.42,37.45,1732165200000000000,14276
ENS,317401,94.48,95.04,95.675,93.66,1732165200000000000,4701
ENSC,1990455,0.64,0.5924,0.654951,0.57,1732165200000000000,4527
ENSG,278170,145,147.35,147.61,143.15,1732165200000000000,8156
ENTA,264386,9.02,9.31,9.42,8.72,1732165200000000000,2884
ENTG,3473917,101.3,105.24,105.84,100.89,1732165200000000000,40176
ENTO,27528,0.398,0.415,0.42,0.3881,1732165200000000000,179
ENTX,42302,1.55,1.62,1.69,1.5373,1732165200000000000,248
ENV,3444973,63.1,63.09,63.16,63.04,1732165200000000000,8410
ENVA,148050,100.91,102.02,102.31,100.51,1732165200000000000,4407
ENVB,279161,0.3249,0.3369,0.3395,0.3051,1732165200000000000,469
ENVX,4056387,9.08,9.1,9.41,8.7103,1732165200000000000,24485
ENX,133457,9.84,9.81,9.84,9.76,1732165200000000000,536
ENZ,163691,0.98,0.97,1.02,0.9602,1732165200000000000,430
ENZL,5461,47.2746,47.52,47.53,47.1901,1732165200000000000,75
EOCT,20265,26.06,26.0362,26.114,25.96,1732165200000000000,118
EOD,223310,4.92,4.92,4.92,4.85,1732165200000000000,520
EOG,2875444,136.92,135.5,137.72,135.19,1732165200000000000,49736
EOI,78771,21.53,21.51,21.574,21.31,1732165200000000000,599
EOLS,901976,12.69,13.04,13.2,12.53,1732165200000000000,10713
EONR,94671,1.01,1,1.05,0.982,1732165200000000000,258
EOS,113261,22.99,23.03,23.08,22.9,1732165200000000000,795
EOSE,6944312,2.28,2.51,2.61,2.23,1732165200000000000,16343
EOSEW,431965,0.17,0.21,0.2138,0.164,1732165200000000000,651
EOT,60602,17.22,17.2,17.39,17.19,1732165200000000000,313
EP,19486,5.45,5.68,5.7,5.45,1732165200000000000,630
EPpC,6561,48.16,48.38,48.44,48.1501,1732165200000000000,51
EPAC,227429,47.73,47.89,48.65,47.73,1732165200000000000,5249
EPAM,742828,235.42,245.22,245.715,234.95,1732165200000000000,19904
EPC,298863,34.95,35.01,35.18,34.62,1732165200000000000,5748
EPD,4194206,31.84,32.35,32.555,31.8,1732165200000000000,25034
EPHE,74529,26.17,26.26,26.26,26.1,1732165200000000000,534
EPI,1087851,45.76,45.78,45.81,45.51,1732165200000000000,6989
EPIX,273142,1.74,1.76,1.82,1.74,1732165200000000000,1206
EPM,305137,5.95,6.11,6.12,5.9,1732165200000000000,3394
EPOL,163732,21.57,21.49,21.6129,21.34,1732165200000000000,1071
EPOW,4547,0.88,0.8501,0.88405,0.8501,1732165200000000000,34
EPP,184252,47.09,47.27,47.4,46.98,1732165200000000000,2308
EPR,393638,44.38,44.8,44.97,44.3059,1732165200000000000,8611
EPRpC,29650,21.06,21.22,21.25,20.93,1732165200000000000,148
EPRpE,4601,29.12,29.0245,29.24,28.85,1732165200000000000,57
EPRpG,5311,21.88,21.9534,21.9534,21.8,1732165200000000000,57
EPRF,19879,19.06,19.1067,19.15,19.01,1732165200000000000,97
EPRT,1006517,33.67,33.5,33.98,33.44,1732165200000000000,10192
EPRX,34613,3.5,3.37,3.69,3.27,1732165200000000000,310
EPS,23545,62.35,62.55,62.6584,61.9964,1732165200000000000,257
EPSN,29180,5.97,6.02,6.05,5.855,1732165200000000000,349
EPU,7093,43.5,43.63,43.8,43.4273,1732165200000000000,107
EPV,13312,41.35,41.08,41.57,40.9302,1732165200000000000,275
EQ,124290,0.69,0.72,0.730001,0.68,1732165200000000000,333
EQAL,22212,50.4,50.8706,50.96,50.4,1732165200000000000,250
EQBK,30119,47.06,47.62,48.33,46.565,1732165200000000000,1913
EQC,2179197,20.17,20.08,20.17,20.075,1732165200000000000,11177
EQCpD,9167,25.01,25.02,25.026,25,1732165200000000000,63
EQH,2905456,47.17,46.8,47.2,46.475,1732165200000000000,30335
EQHpA,57043,22.19,22.29,22.47,22.15,1732165200000000000,397
EQHpC,19593,18.59,18.79,18.81,18.37,1732165200000000000,246
EQIN,12277,47.05,47.5106,47.639,47.05,1732165200000000000,78
EQIX,508063,914,923.6,930.15,913.76,1732165200000000000,13854
EQL,4778,130.95,131.1258,131.28,130.88,1732165200000000000,119
EQLS,3444,20.97,21.07,21.07,20.97,1732165200000000000,18
EQLT,0,24.0413,24.0413,24.0413,24.0413,1732165200000000000,0
EQNR,4662107,25.06,24.89,25.16,24.81,1732165200000000000,30478
EQR,1275718,74.15,75.05,75.28,73.88,1732165200000000000,20086
EQRR,1131,62,62.1024,62.2,62,1732165200000000000,26
EQS,351,1.18,1.18,1.18,1.18,1732165200000000000,12
EQT,11367846,47.64,46.89,48.02,46.805,1732165200000000000,109404
EQTY,26411,23.835,24.0483,24.1,23.83,1732165200000000000,57
EQV,126682,9.9382,9.93,9.94,9.93,1732165200000000000,175
EQV.U,300,10,9.99,10.0001,9.99,1732165200000000000,3
EQV.WS,12286,0.176,0.17,0.18,0.17,1732165200000000000,27
EQWL,33660,104.86,105.5,105.92,104.67,1732165200000000000,513
EQX,4248016,5.51,5.72,5.73,5.51,1732165200000000000,12032
ERAS,1640107,2.66,2.6,2.67,2.51,1732165200000000000,10872
ERC,106022,9.01,9.02,9.05,9.0023,1732165200000000000,478
ERET,117,27.2559,27.2559,27.2559,27.2559,1732165200000000000,6
ERH,12601,10.93,11.08,11.0939,10.93,1732165200000000000,61
ERIC,17608314,7.94,8.01,8.02,7.91,1732165200000000000,25185
ERIE,156313,420.93,425.03,426.54,417.3457,1732165200000000000,7546
ERII,3087617,15.65,15.63,15.695,15.1,1732165200000000000,8831
ERJ,1031700,37.71,38.82,38.99,37.63,1732165200000000000,13369
ERNA,315620,0.6,0.5322,0.643999,0.5251,1732165200000000000,961
ERNZ,4804,24.74,24.78,24.85,24.735,1732165200000000000,49
ERO,295459,16.11,15.89,16.28,15.79,1732165200000000000,3748
ERTH,7971,41.3,41.2462,41.46,41.14,1732165200000000000,123
ERX,313726,70.95,71.48,72.5599,70.67,1732165200000000000,2793
ERY,365803,20.15,19.95,20.17,19.64,1732165200000000000,2771
ES,1452775,61.68,62.75,62.8,61.39,1732165200000000000,22237
ESAB,370567,122.62,125.46,125.83,121.78,1732165200000000000,7995
ESBA,13641,11.25,10.75,11.25,10.4801,1732165200000000000,80
ESCA,40178,14.7,15.15,15.42,14.7,1732165200000000000,710
ESE,105865,148.33,148.52,150.21,148,1732165200000000000,4280
ESEA,106191,43,39.45,43.02,39.16,1732165200000000000,2129
ESG,1573,138.43,139.2484,139.3501,138.04,1732165200000000000,47
ESGA,14091,71.48,71.5884,71.6808,70.935,1732165200000000000,94
ESGB,2684,21.03,21.03,21.05,21.0199,1732165200000000000,19
ESGD,304439,77.49,77.67,77.7769,77.23,1732165200000000000,2958
ESGE,534555,34.49,34.53,34.575,34.37,1732165200000000000,3555
ESGG,290,169.29,169.928,169.928,169.29,1732165200000000000,18
ESGL,5396,1.7622,1.7485,1.7699,1.7113,1732165200000000000,44
ESGLW,200,0.0138,0.0183,0.0183,0.0138,1732165200000000000,2
ESGR,90435,323.99,324.51,325,323.895,1732165200000000000,2810
ESGRO,68931,19.83,20,20,19.44,1732165200000000000,320
ESGRP,20427,19.45,19.91,19.91,19.31,1732165200000000000,216
ESGU,699283,130.52,130.89,131.189,129.515,1732165200000000000,4486
ESGV,230151,105.59,105.62,105.9,104.5,1732165200000000000,2354
ESGX,17,25.7885,25.7885,25.7885,25.7885,1732165200000000000,3
ESGY,113,57.0991,57.0991,57.0991,57.0991,1732165200000000000,6
ESHA,10110,10.68,10.67,10.68,10.67,1732165200000000000,15
ESHAR,36766,0.0737,0.0666,0.0737,0.061,1732165200000000000,18
ESI,1094464,27.7,28.56,28.57,27.7,1732165200000000000,14431
ESIX,901,33.4085,33.3621,33.41,33.3621,1732165200000000000,12
ESLA,22378,0.890001,0.89,0.9289,0.89,1732165200000000000,121
ESLT,17101,249.11,249.31,250.3899,246.69,1732165200000000000,1454
ESML,98560,43.92,44.46,44.566,43.81,1732165200000000000,1063
ESMV,985,29.14,29.3917,29.419,29.14,1732165200000000000,8
ESN,11726,15.395,15.51,15.5303,15.38,1732165200000000000,35
ESNT,508296,55.98,55.93,56.17,55.45,1732165200000000000,9980
ESOA,187009,14.57,15.06,15.44,14.4318,1732165200000000000,3016
ESP,71180,30.16,28.94,30.35,28.3,1732165200000000000,9180
ESPO,15350,82.81,82.34,82.81,81.6,1732165200000000000,817
ESPR,3108215,2.39,2.47,2.51,2.35,1732165200000000000,6563
ESQ,18092,73.65,74,74.68,72.86,1732165200000000000,851
ESRT,797388,10.82,10.84,10.96,10.8,1732165200000000000,8873
ESS,241516,300.62,304.34,306.16,299.91,1732165200000000000,8490
ESSA,15126,20.18,20.15,20.35,19.94,1732165200000000000,310
ESTA,552326,41.9,42.61,43.54,41.445,1732165200000000000,8028
ESTC,5324914,92.3,94.13,94.6799,91.47,1732165200000000000,63926
ESUS,2,35.0955,35.0955,35.0955,35.0955,1732165200000000000,1
ET,42715228,18.36,18.97,19.07,18.315,1732165200000000000,96826
ETpI,65380,12.17,12.02,12.17,11.96,1732165200000000000,378
ETB,42089,14.82,14.8,14.83,14.704,1732165200000000000,208
ETD,172224,29,29.31,29.39,28.79,1732165200000000000,4807
ETEC,295,19.8292,19.755,19.8292,19.755,1732165200000000000,7
ETG,111413,18.93,18.94,19.11,18.82,1732165200000000000,706
ETH,7464303,31.66,31.64,31.9979,30.61,1732165200000000000,34134
ETHA,13119206,25.41,25.44,25.72,24.57,1732165200000000000,48148
ETHD,135052,25.62,25.71,27.85,24.94,1732165200000000000,1407
ETHE,6515281,28.16,28.18,28.52,27.25,1732165200000000000,33501
ETHO,5346,61.69,62.3587,62.5351,61.69,1732165200000000000,94
ETHT,1195516,24.25,24.21,24.73,22.74,1732165200000000000,4783
ETHU,39575030,8.77,8.76,8.94,8.18,1732165200000000000,126589
ETHV,187131,49.18,49.19,49.7199,47.585,1732165200000000000,1279
ETHW,403920,24.09,24.1,24.3899,23.3,1732165200000000000,1958
ETIp,9769,24.7323,24.6775,24.741,24.11,1732165200000000000,47
ETJ,206010,9.26,9.21,9.29,9.194,1732165200000000000,588
ETN,1632179,364.49,370.95,373.39,362.45,1732165200000000000,42330
ETNB,480710,8.08,8.38,8.57,7.8,1732165200000000000,7343
ETO,32664,25.75,25.56,25.86,25.39,1732165200000000000,298
ETON,279187,10.24,10.75,10.7862,10.2,1732165200000000000,2457
ETQ,6931,11.54,11.49,12.42,11.349,1732165200000000000,111
ETR,1693099,150.53,151.55,152.76,149.7812,1732165200000000000,26251
ETSY,2337731,51.19,51.99,52.19,50.62,1732165200000000000,38726
ETU,58663,41.74,42.03,42.73,39.5583,1732165200000000000,540
ETV,117243,14.23,14.2,14.23,14.1,1732165200000000000,579
ETW,248760,8.51,8.49,8.51,8.46,1732165200000000000,811
ETWO,714299,3.07,2.99,3.095,2.98,1732165200000000000,6373
ETWO.WS,18262,0.0555,0.055125,0.0555,0.052,1732165200000000000,23
ETX,17141,18.12,18.15,18.2117,18.12,1732165200000000000,79
ETY,260942,14.93,14.94,14.9799,14.7458,1732165200000000000,1244
EU,1386918,3.83,3.94,3.955,3.8,1732165200000000000,8238
EUAD,12,24.9048,24.9048,24.9048,24.9048,1732165200000000000,2
EUDA,101826,4.4755,4.67,4.7,4.39,1732165200000000000,346
EUDG,6060,30.13,30.1581,30.16,30,1732165200000000000,35
EUDV,6,47.7539,47.7539,47.7539,47.7539,1732165200000000000,2
EUFN,530240,23.62,23.65,23.725,23.55,1732165200000000000,1912
EUM,18548,26.64,26.63,26.71,26.591,1732165200000000000,330
EUO,33398,33.63,34.0199,34.0463,33.55,1732165200000000000,208
EURK,12136,10.12,10.12,10.13,10.12,1732165200000000000,89
EURL,17477,21.18,21.3407,21.4684,20.99,1732165200000000000,158
EUSA,29375,99.56,100.25,100.435,99.03,1732165200000000000,321
EUSB,18484,42.89,42.88,42.9499,42.58,1732165200000000000,201
EUSC,3122,37.52,37.7147,37.72,37.47,1732165200000000000,17
EV,56,25.3176,25.3176,25.3176,25.3176,1732165200000000000,3
EVAV,21562,17.4369,19.0693,19.445,17.4369,1732165200000000000,189
EVAX,26732,1.38,1.37,1.4806,1.3,1732165200000000000,191
EVBN,9194,42.69,43.6,43.99,42.69,1732165200000000000,365
EVC,160101,2.4,2.47,2.48,2.375,1732165200000000000,1484
EVCM,127806,11.34,11.65,11.68,11.25,1732165200000000000,1945
EVE.U,212,11.5,11.5,11.5,11.5,1732165200000000000,16
EVER,810561,18.93,19.36,19.67,18.45,1732165200000000000,10783
EVEX,444227,3.05,3.29,3.46,3.04,1732165200000000000,4610
EVEX.WS,256613,0.2375,0.3,0.36,0.2375,1732165200000000000,216
EVF,19355,6.23,6.24,6.25,6.2101,1732165200000000000,67
EVG,10074,11,11.01,11.0399,10.9885,1732165200000000000,59
EVGN,176401,1.61,1.6,1.64,1.44,1732165200000000000,694
EVGO,6148087,6,6.25,6.45,5.87,1732165200000000000,34849
EVGOW,166604,0.969899,1.0892,1.14,0.9,1732165200000000000,283
EVH,2987159,11.23,11.59,11.69,11.17,1732165200000000000,19394
EVHY,682,53.45,53.4345,53.4501,53.4345,1732165200000000000,27
EVI,12123,18.7,19,19.07,17.7724,1732165200000000000,361
EVIM,2620,52.61,52.62,52.62,52.5501,1732165200000000000,12
EVLN,39961,50.61,50.63,50.66,50.61,1732165200000000000,142
EVLU,40,24.9467,24.9467,24.9467,24.9467,1732165200000000000,2
EVLV,3664996,2.7,2.99,3.04,2.7,1732165200000000000,13908
EVLVW,121415,0.1725,0.195,0.2,0.17,1732165200000000000,197
EVM,109025,9.35,9.35,9.37,9.34,1732165200000000000,200
EVMT,243,15.38,15.38,15.38,15.38,1732165200000000000,14
EVN,101061,10.47,10.39,10.47,10.36,1732165200000000000,346
EVNT,2767,10.6482,10.6502,10.655,10.64,1732165200000000000,8
EVO,87470,5.2,5.35,5.37,5.16,1732165200000000000,572
EVOK,29774,4.58,4.5,4.6,4.5,1732165200000000000,158
EVR,234278,303.8,309.53,312.595,302.16,1732165200000000000,9006
EVRG,1780879,63.7,64.56,64.69,63.38,1732165200000000000,22366
EVRI,847048,13.33,13.39,13.4,13.33,1732165200000000000,5028
EVSB,2499,50.7904,50.8,50.8,50.77,1732165200000000000,33
EVSD,5629,50.5,50.43,50.5143,50.43,1732165200000000000,21
EVSM,136626,50.0899,50.06,50.21,50.02,1732165200000000000,147
EVT,82472,24.97,25.2,25.29,24.8596,1732165200000000000,551
EVTC,279121,36.13,36.06,36.49,35.55,1732165200000000000,6098
EVTL,47161,4.47,4.8,4.89,4.411,1732165200000000000,631
EVTR,127650,50.32,50.26,50.3996,50.25,1732165200000000000,329
EVTV,14158,1.71,1.61,1.72,1.61,1732165200000000000,88
EVUS,128,30.48,30.5066,30.5066,30.48,1732165200000000000,5
EVV,303231,10.1,10.08,10.1,10.03,1732165200000000000,1505
EVX,1763,186.07,187.61,188.3,186.07,1732165200000000000,65
EW,3734694,69.65,70.38,70.88,69.16,1732165200000000000,43047
EWA,900817,26.1,26.24,26.295,26.01,1732165200000000000,3928
EWBC,724037,106.29,106.83,108.5,105.9598,1732165200000000000,16435
EWC,5089391,42.44,42.94,42.94,42.27,1732165200000000000,16485
EWCZ,484350,5.73,5.89,5.915,5.66,1732165200000000000,7402
EWD,133875,37.61,37.8,37.825,37.47,1732165200000000000,1709
EWG,286877,31.26,31.27,31.34,31.13,1732165200000000000,1976
EWH,1160885,17.29,17.24,17.29,17.2001,1732165200000000000,5003
EWI,265997,35.92,35.96,36.05,35.81,1732165200000000000,1848
EWJ,3260729,67.44,67.47,67.69,67.235,1732165200000000000,19247
EWJV,43111,31.56,31.61,31.74,31.56,1732165200000000000,227
EWK,3077,18.79,18.7811,18.79,18.74,1732165200000000000,61
EWL,224336,47.1,47.19,47.22,46.98,1732165200000000000,2715
EWM,325385,24.25,24.28,24.28,24.16,1732165200000000000,1806
EWN,25188,44.33,44.62,44.7,44.3001,1732165200000000000,332
EWO,8619,20.88,20.8858,20.8858,20.84,1732165200000000000,141
EWP,259115,32.61,32.57,32.67,32.455,1732165200000000000,2419
EWQ,298255,35.8,35.86,35.955,35.6538,1732165200000000000,2016
EWS,383850,22.78,22.87,22.89,22.745,1732165200000000000,2171
EWT,1830590,53.58,53.74,53.835,53.26,1732165200000000000,16407
EWTX,377039,32.37,31.98,32.8,31.71,1732165200000000000,8330
EWU,1402205,34.81,34.95,34.97,34.71,1732165200000000000,3503
EWUS,6561,35.46,35.6616,35.6616,35.39,1732165200000000000,13
EWV,1409,43.42,43.0839,43.42,43.02,1732165200000000000,62
EWW,1111120,50.3,50.1,50.54,50,1732165200000000000,12577
EWX,49560,60.2,60.25,60.3392,60.08,1732165200000000000,288
EWY,2262866,58.12,58.01,58.17,57.69,1732165200000000000,15745
EWZ,20185864,26.86,26.92,27.03,26.74,1732165200000000000,35143
EWZS,34869,11.35,11.36,11.4,11.31,1732165200000000000,258
EXAS,2578516,52.77,53.07,54.06,52.17,1732165200000000000,23227
EXC,7606376,38.72,39.31,39.36,38.5,1732165200000000000,48065
EXE,3853065,100,100.97,101.27,99.07,1732165200000000000,51984
EXEEL,2143,86.36,87.63,87.63,86.03,1732165200000000000,68
EXEEW,100,94.65,94.65,94.65,94.65,1732165200000000000,1
EXEL,1414305,34.75,34.83,35,34.4,1732165200000000000,18974
EXFY,824720,3.14,3.32,3.335,3,1732165200000000000,6127
EXG,768872,8.38,8.39,8.41,8.33,1732165200000000000,2380
EXI,21668,146.84,148.0575,148.4371,146.84,1732165200000000000,921
EXK,4253259,4.55,4.5,4.55,4.42,1732165200000000000,15108
EXLS,758249,44.3,45.66,45.74,44.3,1732165200000000000,13781
EXP,248262,301.8,309.11,309.795,301.8,1732165200000000000,11142
EXPD,1567454,119,120.7,121.02,118.96,1732165200000000000,16384
EXPE,986753,180,183.51,183.8,178.42,1732165200000000000,26998
EXPI,960064,12.71,13.25,13.355,12.4,1732165200000000000,14922
EXPO,211866,95.43,95.87,96.38,94.03,1732165200000000000,5619
EXR,685998,165.06,166.88,168.19,163.97,1732165200000000000,12466
EXTO,13145,3.84,3.8,3.84,3.8,1732165200000000000,45
EXTR,952456,15.5,15.66,15.73,15.33,1732165200000000000,9992
EYE,897299,11.39,11.55,11.575,11.2,1732165200000000000,12682
EYEG,1,35.725,35.725,35.725,35.725,1732165200000000000,1
EYEN,27691067,0.0888,0.1051,0.1075,0.0875,1732165200000000000,15703
EYLD,46872,32.78,32.89,32.91,32.7401,1732165200000000000,367
EYPT,2640524,9,8.35,9.065,8.25,1732165200000000000,12744
EZA,219708,48.1,48.09,48.28,47.76,1732165200000000000,2218
EZBC,252422,56.45,57,57.45,55.51,1732165200000000000,2194
EZET,89847,25.49,25.55,25.779,24.84,1732165200000000000,565
EZFL,9842,2.65,2.5,2.674,2.25,1732165200000000000,451
EZGO,77328,0.9,0.949999,0.9797,0.8837,1732165200000000000,250
EZJ,1171,36.39,36.7425,36.7535,36.39,1732165200000000000,32
EZM,15371,65.2,65.9235,66.1324,65.2,1732165200000000000,159
EZPW,402072,12.07,12.09,12.175,11.99,1732165200000000000,5636
EZU,985253,46.94,47,47.0719,46.76,1732165200000000000,6854
F,53409527,10.78,10.8,10.85,10.61,1732165200000000000,123250
FpB,21009,24.12,24.4,24.42,24.12,1732165200000000000,171
FpC,24882,23.83,24.14,24.1727,23.7809,1732165200000000000,369
FpD,28437,25.08,25.15,25.2,25.0001,1732165200000000000,266
FA,520287,18.42,18.55,18.685,18.275,1732165200000000000,8705
FAAR,18977,27.813,27.8,27.9125,27.74,1732165200000000000,174
FAAS,174149,0.602,0.539,0.64505,0.5,1732165200000000000,676
FAASW,75160,0.085,0.10901,0.125,0.0775,1732165200000000000,74
FAB,1797,87.6855,87.7783,87.9274,87.659692,1732165200000000000,34
FAD,18557,144.55,146.35,146.8928,144.55,1732165200000000000,90
FAF,403148,66.41,66.42,66.72,66.165,1732165200000000000,9824
FAI,1352,30.12,30.1837,30.27,30.12,1732165200000000000,14
FAIL,273,16.18,16.42,16.42,16.18,1732165200000000000,6
FALN,265769,27.06,27.03,27.085,27.0225,1732165200000000000,1422
FAMI,291230,0.262,0.294,0.3162,0.262,1732165200000000000,669
FAN,71869,15.53,15.57,15.6151,15.53,1732165200000000000,295
FANG,2140416,183.25,182.7,185.68,182.5,1732165200000000000,31750
FAPR,23303,41.0672,41.1358,41.19,41.02,1732165200000000000,96
FARM,87029,2,2.1,2.1,2,1732165200000000000,706
FARO,178001,25.69,26.3,26.36,25.425,1732165200000000000,3969
FAS,789336,166.62,170.21,172.42,165.22,1732165200000000000,10104
FAST,1575081,82.29,82.36,82.79,81.665,1732165200000000000,27280
FAT,39242,5.221,5.3636,5.53,5.221,1732165200000000000,288
FATBB,9261,4.93,4.4,4.93,4.25,1732165200000000000,166
FATBP,15480,9.25,9.25,9.31,9.16,1732165200000000000,158
FATBW,6523,3.18,2.96,3.24,2.96,1732165200000000000,96
FATE,2009063,2.23,2.07,2.2799,2.01,1732165200000000000,12107
FAUG,23549,46.57,46.61,46.66,46.3985,1732165200000000000,125
FAX,308791,15.8,15.7,15.865,15.6,1732165200000000000,1950
FAZ,13392571,5.89,5.75,5.9265,5.67,1732165200000000000,10160
FBCG,322141,45.66,45.37,45.66,44.68,1732165200000000000,1831
FBCV,15342,33.13,33.56,33.59,33.12,1732165200000000000,130
FBIN,1240136,74.94,75.76,75.97,74.33,1732165200000000000,17916
FBIO,266520,1.63,1.57,1.6399,1.55,1732165200000000000,1647
FBIOP,18821,5.25,5.27,5.3,5.13,1732165200000000000,90
FBIZ,23017,50.23,50.25,50.6,50.15,1732165200000000000,854
FBK,116401,54.87,55.12,55.91,54.82,1732165200000000000,3980
FBL,673003,31.66,30.97,31.72,29.44,1732165200000000000,5023
FBLA,224817,12.24,12.11,12.5,12.09,1732165200000000000,2274
FBLG,149993,2.22,2.41,2.465,2.15,1732165200000000000,1495
FBMS,102693,36.31,36.89,37.145,35.93,1732165200000000000,2558
FBNC,325737,45.17,46.69,46.855,45.06,1732165200000000000,6201
FBND,2481086,45.47,45.39,45.51,45.35,1732165200000000000,5174
FBOT,10789,27.48,27.59,27.59,27.3501,1732165200000000000,108
FBP,1020806,20.8,21.02,21.21,20.71,1732165200000000000,11556
FBRT,228352,12.9,12.86,12.9,12.78,1732165200000000000,4479
FBRTpE,12598,21.51,21.82,21.94,21.51,1732165200000000000,160
FBRX,1272458,12.25,15.64,15.95,10.1101,1732165200000000000,13140
FBT,41207,165.4,166.46,166.79,164,1732165200000000000,621
FBTC,8725086,85.15,85.88,86.7,83.5705,1732165200000000000,78505
FBUF,240,27.4185,27.4185,27.4185,27.4185,1732165200000000000,11
FBY,101886,18.75,18.71,18.75,18.27,1732165200000000000,1712
FBYD,873,9,9.41,9.42,9,1732165200000000000,73
FBYDW,322,1.0691,1.0691,1.0691,1.0691,1732165200000000000,4
FBZ,654,10.38,10.4209,10.4209,10.38,1732165200000000000,12
FC,53208,35.34,36.03,36.28,35.34,1732165200000000000,1791
FCA,1904,19.85,19.97,19.97,19.8018,1732165200000000000,15
FCAL,17957,49.83,49.91,49.92,49.75,1732165200000000000,69
FCAP,790,32.925,32.47,32.925,32.47,1732165200000000000,66
FCBC,31595,45.6,45.76,46.34,45.44,1732165200000000000,1604
FCCO,18405,24.55,24.94,25.005,24.355,1732165200000000000,720
FCEF,897,22.11,22.11,22.11,22.107,1732165200000000000,32
FCEL,947184,8.23,7.92,8.6999,7.81,1732165200000000000,10846
FCF,577304,18.74,18.74,19.01,18.58,1732165200000000000,8017
FCFS,231492,105.27,102.97,105.27,102.84,1732165200000000000,7422
FCFY,25,25.0894,25.0894,25.0894,25.0894,1732165200000000000,4
FCG,431018,26.23,26.33,26.53,26.215,1732165200000000000,2513
FCLD,34385,28.77,28.716,29.16,28.2,1732165200000000000,394
FCN,171383,198.62,198.18,200.59,197.87,1732165200000000000,6815
FCNCA,92742,2265.75,2324.23,2325.84,2264.305,1732165200000000000,9077
FCNCO,11026,23.56,23.965,23.965,23.56,1732165200000000000,112
FCNCP,30176,22.42,22.94,22.94,22.42,1732165200000000000,254
FCO,56530,5.93,5.92,5.97,5.89,1732165200000000000,282
FCOM,61197,58.19,57.99,58.19,57.1021,1732165200000000000,995
FCOR,36576,47.04,46.86,47.13,46.81,1732165200000000000,262
FCPI,31219,45.54,45.799,45.9151,45.2151,1732165200000000000,263
FCPT,413295,29.04,29.17,29.44,28.9,1732165200000000000,5625
FCRX,1136,24.5,24.5366,24.55,24.5,1732165200000000000,26
FCSH,1,24.125,24.125,24.125,24.125,1732165200000000000,1
FCT,68310,10.37,10.37,10.41,10.34,1732165200000000000,353
FCTE,38745,26.54,26.66,26.69,26.33,1732165200000000000,306
FCTR,3198,34.313,34.4219,34.5412,34.313,1732165200000000000,51
FCUS,12566,34.4,34.3111,34.42,34.3111,1732165200000000000,36
FCUV,101590,0.24,0.255,0.2581,0.2361,1732165200000000000,1112
FCVT,9378,37.93,37.92,38.2,37.81,1732165200000000000,80
FCX,8872131,43.77,43.76,44.11,43.26,1732165200000000000,65852
FDAT,1065,23.2432,23.3907,23.412,23.2432,1732165200000000000,11
FDBC,7975,54.87,53.71,54.87,53.71,1732165200000000000,333
FDCE,1750,13.05,13.1575,13.17,13.04,1732165200000000000,28
FDCF,8449,38.24,38.44,38.5185,38.16,1732165200000000000,68
FDD,23500,11.62,11.57,11.62,11.56,1732165200000000000,87
FDEC,51566,44.45,44.4957,44.54,44.43,1732165200000000000,96
FDEM,25499,25.67,25.7257,25.87,25.6383,1732165200000000000,601
FDEV,11326,28,28.0589,28.08,27.9439,1732165200000000000,625
FDFF,3876,38.01,37.7007,38.0276,37.7007,1732165200000000000,139
FDG,57918,102.96,102.78,103.069,101.58,1732165200000000000,267
FDGR,1907,13.6,13.6793,13.6793,13.5499,1732165200000000000,25
FDHT,1070,19.87,20.1077,20.1077,19.87,1732165200000000000,32
FDHY,28018,48.77,48.89,48.99,48.77,1732165200000000000,440
FDIF,3053,31.74,31.87,32.01,31.74,1732165200000000000,72
FDIG,127518,38.86,36.54,39,35.5469,1732165200000000000,2313
FDIS,49054,94.23,94.29,94.405,93.4936,1732165200000000000,1278
FDIV,6080,28.0882,28.4,28.42,28.0882,1732165200000000000,27
FDL,424166,42.42,42.83,42.93,42.36,1732165200000000000,2492
FDLO,80973,61.56,61.68,61.8115,61.19,1732165200000000000,601
FDLS,10085,33.17,33.5,33.57,33.17,1732165200000000000,87
FDM,3762,69.84,70.66,70.66,69.84,1732165200000000000,61
FDMO,18592,71.26,71.0156,71.26,70.3511,1732165200000000000,188
FDMT,942815,8.41,7.99,8.48,7.825,1732165200000000000,8697
FDN,192913,237.64,238.44,239.225,235.51,1732165200000000000,3650
FDND,4828,22.05,22.0045,22.08,22.0045,1732165200000000000,15
FDNI,2681,27.81,28.45,28.52,27.81,1732165200000000000,30
FDP,198899,34,33.6,34.015,33.59,1732165200000000000,5479
FDRR,16284,52.9,53.0817,53.1636,52.5015,1732165200000000000,243
FDRV,7731,13.33,13.4523,13.46,13.32,1732165200000000000,94
FDS,257486,476.68,485.77,486.57,474.34,1732165200000000000,10508
FDSB,12003,12.5,12.4997,12.54,12.4708,1732165200000000000,130
FDT,61390,55.7,55.95,55.960934,55.6889,1732165200000000000,173
FDTB,1364,9.4338,9.425,9.4338,9.4202,1732165200000000000,5
FDTS,0,40.7406,40.7406,40.7406,40.7406,1732165200000000000,0
FDTX,6812,35.5,35.65,35.79,35.3138,1732165200000000000,108
FDUS,195516,20.75,20.77,20.81,20.65,1732165200000000000,2113
FDV,250364,27.79,28.0647,28.1899,27.79,1732165200000000000,72
FDVL,14691,12.84,12.95,12.9757,12.84,1732165200000000000,95
FDVV,499992,51.97,52.13,52.25,51.6265,1732165200000000000,4718
FDWM,103,23.574,23.574,23.574,23.574,1732165200000000000,9
FDX,1596920,288.05,295.16,295.54,288.05,1732165200000000000,33933
FE,1966089,41.89,42.2,42.2,41.575,1732165200000000000,22285
FEAC,4824,25.38,25.3344,25.39,25,1732165200000000000,78
FEAM,68328,0.442,0.46,0.4707,0.4335,1732165200000000000,192
FEBO,31503,2.07,2.19,2.19,1.98,1732165200000000000,326
FEBP,28,28.185,28.185,28.185,28.185,1732165200000000000,2
FEBT,25,33.5649,33.5649,33.5649,33.5649,1732165200000000000,1
FEBW,1215,30.75,30.7764,30.7764,30.73,1732165200000000000,9
FEBZ,1,36.0861,36.0861,36.0861,36.0861,1732165200000000000,1
FEDL,102,54.89,54.8756,54.89,54.8756,1732165200000000000,3
FEDM,2112,48.98,49.1557,49.1557,48.98,1732165200000000000,7
FEDU,809,11.74,11.28,11.74,11,1732165200000000000,33
FEIG,481,40.99,40.9346,40.99,40.9,1732165200000000000,7
FEIM,15264,13.28,13.14,13.39,13.14,1732165200000000000,529
FELC,954511,33.26,33.28,33.37,32.91,1732165200000000000,2888
FELE,122964,104.95,106.64,106.835,104.89,1732165200000000000,4080
FELG,448153,34.7,34.52,34.7,34.05,1732165200000000000,1723
FELV,98205,31.96,32.26,32.31,31.9,1732165200000000000,439
FEM,211893,22.42,22.49,22.54,22.36,1732165200000000000,325
FEMB,48174,26.95,26.93,27.02,26.7227,1732165200000000000,334
FEMR,11073,25.04,25.0421,25.08,24.9801,1732165200000000000,46
FEMS,23444,38.84,38.89,38.9999,38.6554,1732165200000000000,145
FEMY,98779,0.98,1.01,1.03,0.96,1732165200000000000,492
FENC,212672,4.68,4.72,5.19,4.6,1732165200000000000,1637
FENG,2540,2.44,2.47,2.64,2.44,1732165200000000000,28
FENI,173102,27.89,27.96,28.0094,27.7492,1732165200000000000,836
FENY,554580,26.69,26.8,26.9275,26.58,1732165200000000000,3120
FEP,15659,36.36,36.4377,36.4994,36.3,1732165200000000000,94
FEPI,135951,52,51.96,52.14,51.3,1732165200000000000,2034
FER,48680,38.45,38.55,38.67,38.35,1732165200000000000,1020
FERG,896597,202.94,206.45,206.8,201.35,1732165200000000000,20383
FESM,418517,34.33,34.59,34.6999,34.08,1732165200000000000,925
FET,93479,14.76,14.89,14.955,14.71,1732165200000000000,1586
FETH,1966965,33.59,33.59,33.94,32.44,1732165200000000000,9973
FEUS,7749,66,66.6352,66.67,66,1732165200000000000,3
FEUZ,429,40.74,40.8276,40.8623,40.65,1732165200000000000,20
FEX,11370,110.13,110.9228,111.155,109.7883,1732165200000000000,220
FEZ,2102775,47.59,47.72,47.7801,47.41,1732165200000000000,10291
FF,218364,5.14,5.14,5.2011,5.07,1732165200000000000,2358
FFA,16373,20.59,20.63,20.67,20.4101,1732165200000000000,91
FFBC,491713,28.96,29.36,29.67,28.9,1732165200000000000,6701
FFC,145127,15.65,15.54,15.66,15.49,1732165200000000000,1012
FFDI,2155,26.97,25.01,26.97,24.8,1732165200000000000,44
FFEB,30574,49.46,49.5101,49.6,49.41,1732165200000000000,195
FFEM,1183,27.09,24.8993,27.09,24.8,1732165200000000000,31
FFGX,1971,27.03,25.0521,27.03,24.83,1732165200000000000,37
FFIC,138880,17.13,17.42,17.53,17.11,1732165200000000000,3503
FFIE,6641491,1.5,1.57,1.57,1.4,1732165200000000000,14697
FFIEW,47402,0.0143,0.014916,0.017,0.0143,1732165200000000000,153
FFIN,355435,41.01,41.43,41.86,40.75,1732165200000000000,7785
FFIU,2017,21.81,21.71,21.81,21.71,1732165200000000000,6
FFIV,318259,243.46,244.29,245.91,242.22,1732165200000000000,11473
FFLC,209317,47,47.14,47.2529,46.655,1732165200000000000,737
FFLG,36149,25.26,25.09,26.0168,24.85,1732165200000000000,197
FFLS,3720,23.91,23.89,23.91,23.87,1732165200000000000,19
FFLV,136,22.9372,22.9372,22.9372,22.9372,1732165200000000000,14
FFND,1585,25.75,25.8906,25.8906,25.7499,1732165200000000000,22
FFNW,20120,22.49,22.47,22.62,22.42,1732165200000000000,693
FFOG,8676,39.4611,39.5125,39.56,38.945,1732165200000000000,53
FFSM,28673,28.37,28.75,28.83,28.37,1732165200000000000,176
FFTY,184674,30.23,30.76,30.8999,29.96,1732165200000000000,1833
FFWM,297292,7.67,7.76,7.93,7.61,1732165200000000000,5408
FG,55100,45.85,47.1,47.32,45.85,1732165200000000000,2540
FGB,46660,4.25,4.23,4.27,4.21,1732165200000000000,182
FGBI,11324,12.84,12.99,13.01,12.483,1732165200000000000,398
FGBIP,4225,21.89,22.14,22.14,21.89,1732165200000000000,48
FGD,65402,23.56,23.6386,23.6599,23.54,1732165200000000000,226
FGDL,36059,35.79,35.81,35.9,35.66,1732165200000000000,339
FGEN,1329269,0.3365,0.3872,0.3888,0.3365,1732165200000000000,4234
FGF,44116,30,31,32.24,26.05,1732165200000000000,1717
FGFPP,20581,17.97,17.41,19.84,17,1732165200000000000,290
FGI,11654,0.82,0.8135,0.8218,0.796,1732165200000000000,78
FGL,38001,2.4,2.31,2.43,2.3,1732165200000000000,223
FGM,31,37.54,37.54,37.54,37.54,1732165200000000000,6
FGN,8080,26.77,26.92,26.9999,26.77,1732165200000000000,129
FHB,592481,27.04,27.29,27.47,27.015,1732165200000000000,8751
FHDG,0,30.625,30.625,30.625,30.625,1732165200000000000,0
FHEQ,11811,27.83,27.7898,27.83,27.7,1732165200000000000,27
FHI,501358,41.53,41.71,41.87,41.2621,1732165200000000000,7613
FHLC,226813,67.83,68.46,68.53,67.531,1732165200000000000,1587
FHN,3988699,20.05,20.17,20.25,19.905,1732165200000000000,30177
FHNpB,6428,25.2714,25.22,25.3,25.22,1732165200000000000,47
FHNpC,5161,25.1499,25.1,25.1999,25.1,1732165200000000000,31
FHNpE,7544,23.99,23.93,24.18,23.91,1732165200000000000,114
FHNpF,12089,18.63,18.8273,19,18.63,1732165200000000000,137
FHTX,70529,8,7.72,8.2451,7.7,1732165200000000000,1885
FHYS,10317,23.19,23.185,23.2283,23.185,1732165200000000000,57
FI,2832341,218.33,217.41,219.11,217.21,1732165200000000000,43312
FIAT,308070,8.31,8.98,9.08,8.31,1732165200000000000,3222
FIAX,15747,19.33,19.3732,19.385,19.3024,1732165200000000000,77
FIBK,386583,33.59,33.83,34.2,33.425,1732165200000000000,7636
FIBR,2664,87.32,87.2994,87.36,87.2994,1732165200000000000,36
FICO,95208,2317.2,2337.83,2353.01,2297.525,1732165200000000000,10454
FICS,20829,34.85,35,35,34.7899,1732165200000000000,92
FID,17582,16.87,16.87,16.9341,16.7301,1732165200000000000,96
FIDI,16298,20.2,20.2401,20.26,20.165,1732165200000000000,173
FIDU,59576,74.89,75.61,75.8199,74.65,1732165200000000000,784
FIG,9239,21.8738,22.13,22.14,21.8738,1732165200000000000,42
FIGB,14614,42.7,42.66,42.7898,42.55,1732165200000000000,677
FIGS,3125211,4.65,4.71,4.825,4.61,1732165200000000000,19328
FIHL,565736,20,20.53,20.675,19.79,1732165200000000000,5733
FIIG,144559,20.65,20.63,20.6856,20.6,1732165200000000000,553
FILL,5050,25.54,25.6074,25.644869,25.5021,1732165200000000000,106
FINE,160,20.57,20.7129,20.7129,20.57,1732165200000000000,6
FINS,75714,12.67,12.56,12.67,12.52,1732165200000000000,561
FINV,498862,6.25,6.29,6.375,6.21,1732165200000000000,5020
FINW,10417,17.69,17.71,17.8498,17.51,1732165200000000000,281
FINX,47067,33.11,33.26,33.6,32.94,1732165200000000000,463
FIP,1773769,8.58,8.46,8.72,8.42,1732165200000000000,15429
FIRI,2440,20.27,20.1901,20.27,20.1901,1732165200000000000,11
FIRS,3056,20.34,20.3201,20.42,20.3,1732165200000000000,21
FIS,4287069,86.54,85.5,86.71,84.53,1732165200000000000,52844
FISI,49492,26.54,27.46,27.49,26.54,1732165200000000000,1628
FISK,5501,10.89,10.85,10.89,10.85,1732165200000000000,16
FISR,31310,25.59,25.53,25.71,25.53,1732165200000000000,187
FITB,3512573,46.24,47.12,47.555,46.24,1732165200000000000,45777
FITBI,25150,25.63,25.56,25.7091,25.56,1732165200000000000,339
FITBO,13539,23.13,23.19,23.3,23.02,1732165200000000000,221
FITBP,3871,24.75,24.78,24.9,24.75,1732165200000000000,76
FITE,3581,66.15,67.4003,67.55,66.15,1732165200000000000,122
FIVA,78129,24.82,24.85,24.9299,24.78,1732165200000000000,190
FIVE,1082501,83.1,83.49,84.495,82,1732165200000000000,20779
FIVN,1416647,38.38,38.46,39.04,37.8,1732165200000000000,18206
FIW,32113,107.49,108.58,108.86,107.3,1732165200000000000,670
FIX,312028,480.41,489.97,494.37,477.5101,1732165200000000000,12491
FIXD,772417,43.33,43.26,43.395,43.2205,1732165200000000000,3062
FIZZ,109772,47.43,47.52,47.67,46.91,1732165200000000000,3742
FJAN,7576,45.435,45.4902,45.5396,45.3981,1732165200000000000,67
FJP,7505,51.96,51.65,52.1079,51.3801,1732165200000000000,98
FJUL,22771,48.95,48.99,49.0967,48.775,1732165200000000000,149
FJUN,13692,51.51,51.5999,51.6,51.235,1732165200000000000,74
FKU,3293,38.83,38.97,38.97,38.81,1732165200000000000,51
FKWL,14524,4.24,4.3,4.38,4.15,1732165200000000000,119
FL,4141633,22.22,22.45,22.81,21.88,1732165200000000000,34219
FLAO,807,27.47,27.555,27.555,27.47,1732165200000000000,10
FLAU,792,30.84,30.9712,30.9712,30.84,1732165200000000000,23
FLAX,354,23.27,23.33,23.33,23.27,1732165200000000000,16
FLBL,1799178,24.38,24.38,24.4,24.355,1732165200000000000,1457
FLBR,13663,16.48,16.51,16.5601,16.415,1732165200000000000,188
FLC,34931,16.45,16.5,16.5681,16.45,1732165200000000000,205
FLCA,59445,38.58,39.05,39.0691,38.58,1732165200000000000,142
FLCB,191330,21.29,21.23,21.29,21.2201,1732165200000000000,324
FLCC,5561,28.6,28.6016,28.6016,28.304,1732165200000000000,9
FLCG,2980,28.4,28.2984,28.4,28.2984,1732165200000000000,14
FLCH,59407,18.87,18.87,18.9076,18.8009,1732165200000000000,427
FLCO,41252,21.37,21.324,21.3862,21.31,1732165200000000000,129
FLCV,68,28.6441,28.6441,28.6441,28.6441,1732165200000000000,2
FLD,283157,10.94,10.99,11.05,10.94,1732165200000000000,643
FLDB,81,50.53,50.53,50.53,50.53,1732165200000000000,6
FLDDW,581070,0.27,0.3505,0.384,0.27,1732165200000000000,1327
FLDR,133301,50.15,50.13,50.15,50.12,1732165200000000000,775
FLDZ,0,29.5913,29.5913,29.5913,29.5913,1732165200000000000,0
FLEE,1069,28.15,28.23,28.23,28.13,1732165200000000000,25
FLEU,3907,24.105,24.145,24.18,24.105,1732165200000000000,33
FLEX,8881720,40.12,40.53,41.5,39.83,1732165200000000000,73500
FLG,3371523,10.85,10.78,11.17,10.705,1732165200000000000,26786
FLGpA,19444,21.25,21.46,21.8543,21.25,1732165200000000000,502
FLGpU,2441,38.5,39.5,39.505,38.5,1732165200000000000,41
FLGB,774271,26.85,26.96,27,26.84,1732165200000000000,838
FLGC,382212,1.24,1.31,1.36,1.205,1732165200000000000,1266
FLGR,5322,24.54,24.5949,24.68,24.5399,1732165200000000000,45
FLGT,260232,17.31,16.95,17.71,16.92,1732165200000000000,5587
FLGV,68760,20.3229,20.285,20.3229,20.2747,1732165200000000000,99
FLHK,1486,17.805,17.7654,17.8179,17.7654,1732165200000000000,52
FLHY,73679,24.11,24.1,24.16,24.1,1732165200000000000,361
FLIA,212907,20.73,20.73,20.7492,20.72,1732165200000000000,182
FLIC,88486,13.66,14.03,14.06,13.61,1732165200000000000,1737
FLIN,315137,38.03,38.19,38.19,37.9201,1732165200000000000,2238
FLJH,8853,31.11,31.2,31.21,30.945,1732165200000000000,154
FLJJ,132,28.495,28.495,28.495,28.495,1732165200000000000,2
FLJP,879664,28.63,28.59,28.71,28.53,1732165200000000000,2664
FLKR,25082,19.32,19.2839,19.32,19.18,1732165200000000000,176
FLL,290540,4.82,4.98,5.11,4.79,1732165200000000000,2365
FLLA,24114,19.1,19.0951,19.16,19.0432,1732165200000000000,156
FLMB,2794,24.16,24.146,24.17,24.09,1732165200000000000,39
FLMI,110994,24.79,24.77,24.79,24.7,1732165200000000000,313
FLMX,74275,24.89,24.75,24.93,24.69,1732165200000000000,182
FLN,2322,16.58,16.57,16.6665,16.57,1732165200000000000,30
FLNC,1573007,21.72,21.18,22.14,21.16,1732165200000000000,27888
FLNG,384868,26.2,26.18,26.36,25.8201,1732165200000000000,5417
FLNT,14648,2.86,2.82,2.94,2.82,1732165200000000000,139
FLO,1188120,22.07,22.22,22.3,22.025,1732165200000000000,13103
FLOT,1318490,51.02,51.02,51.03,51.01,1732165200000000000,3173
FLOW,20,33.208,33.208,33.208,33.208,1732165200000000000,6
FLQL,58648,59.55,59.63,59.77,58.98,1732165200000000000,222
FLQM,155926,56.86,57.35,57.41,56.5748,1732165200000000000,709
FLQS,2546,44.01,44.51,44.51,44.01,1732165200000000000,35
FLR,2479930,53.02,54.72,55.01,52.8,1732165200000000000,26062
FLRG,12025,35.07,35.25,35.3001,34.8401,1732165200000000000,221
FLRN,712359,30.81,30.8,30.82,30.79,1732165200000000000,1250
FLRT,156210,47.55,47.53,47.55,47.4897,1732165200000000000,699
FLS,1859876,60,60.05,60.465,59.57,1732165200000000000,18984
FLSA,591,35.49,35.5,35.5,35.4204,1732165200000000000,19
FLSP,16699,23.98,24.18,24.22,23.95,1732165200000000000,80
FLSW,2737,32.72,32.794,32.829,32.72,1732165200000000000,30
FLTB,9772,49.68,49.7348,49.8138,49.68,1732165200000000000,64
FLTR,725330,25.49,25.49,25.49,25.48,1732165200000000000,1705
FLTW,15919,47.81,47.96,48.05,47.65,1732165200000000000,300
FLUD,380,24.92,24.91,24.92,24.91,1732165200000000000,9
FLUT,1331739,263.69,266.72,270.9544,262.73,1732165200000000000,22572
FLUX,122032,2.22,2.37,2.42,2.0657,1732165200000000000,829
FLV,7103,70.7272,70.6964,70.7272,70.66,1732165200000000000,41
FLWS,330350,7.54,7.63,7.68,7.489,1732165200000000000,5409
FLX,12107,8.11,8.05,8.594,8,1732165200000000000,709
FLXR,86347,38.82,38.83,38.8399,38.75,1732165200000000000,251
FLXS,49831,58.66,59.01,60.145,57.46,1732165200000000000,2564
FLYD,173,14.4642,14.4642,14.4642,14.4642,1732165200000000000,20
FLYE,392380,0.519,0.48,0.519,0.43,1732165200000000000,1053
FLYU,3140,63.1093,63.7228,63.8996,62.969,1732165200000000000,71
FLYW,1580245,22.36,22.93,23.09,22.1,1732165200000000000,13659
FLYX,13280,2.19,2.12,2.28,2.0623,1732165200000000000,179
FLYX.WS,601,0.1272,0.125899,0.1272,0.120589,1732165200000000000,4
FM,16168,27.68,27.68,27.6999,27.65,1732165200000000000,169
FMAG,36483,31.57,31.53,31.6,31.2358,1732165200000000000,280
FMAO,19462,31.77,32.42,32.75,31.77,1732165200000000000,869
FMAR,34244,43.01,43.18,43.21,42.955,1732165200000000000,118
FMAT,26986,53.22,53.64,53.6471,53.0647,1732165200000000000,440
FMAY,11393,47.2728,47.4572,47.5181,47.2728,1732165200000000000,40
FMB,264353,51.34,51.3,51.38,51.29,1732165200000000000,1131
FMBH,48153,41.56,42.01,42.6,41.56,1732165200000000000,2276
FMC,1379328,57.1,58.33,58.6,57.01,1732165200000000000,21188
FMCE,4,25.2379,25.2379,25.2379,25.2379,1732165200000000000,4
FMCX,0,32.1499,32.1499,32.1499,32.1499,1732165200000000000,0
FMDE,177000,34.22,34.57,34.635,34.07,1732165200000000000,1426
FMED,3259,25.16,25.24,25.295,25.1101,1732165200000000000,71
FMET,19600,29.8,30.12,30.16,29.765,1732165200000000000,152
FMF,5512,47.7293,47.9635,48.005,47.615,1732165200000000000,137
FMHI,49997,48.84,48.81,48.84,48.72,1732165200000000000,251
FMN,51270,11.08,11.135,11.15,11.08,1732165200000000000,479
FMNB,77857,15.15,15.44,15.46,15.11,1732165200000000000,1765
FMNY,1566,26.83,26.8948,26.8948,26.83,1732165200000000000,11
FMQQ,357,13.43,13.46,13.46,13.43,1732165200000000000,11
FMS,246238,21.89,21.98,22.03,21.71,1732165200000000000,4814
FMST,12380,1.8,1.67,1.87,1.65,1732165200000000000,136
FMX,833090,86.57,86.64,87.535,86.13,1732165200000000000,9293
FMY,950,11.89,11.85,11.98,11.8115,1732165200000000000,15
FN,1291251,212,230.01,235.67,210.43,1732165200000000000,25914
FNA,587952,10.25,10.43,10.73,10.17,1732165200000000000,7711
FNB,2607894,16.55,16.76,16.94,16.5,1732165200000000000,20505
FNCL,179665,71.14,71.68,71.95,70.9484,1732165200000000000,1540
FND,1818371,104.84,107.02,107.47,104.255,1732165200000000000,26763
FNDA,991539,31,31.38,31.46,30.96,1732165200000000000,4365
FNDB,60661,24.06,24.23,24.27,23.96,1732165200000000000,393
FNDC,133556,35.18,35.22,35.3033,35.13,1732165200000000000,681
FNDE,539512,30.66,30.7,30.74,30.58,1732165200000000000,2898
FNDF,1127043,34.83,34.89,34.94,34.7224,1732165200000000000,3287
FNDX,1342110,24.49,24.64,24.7,24.3701,1732165200000000000,3534
FNF,1260764,60.08,60.66,61.04,59.9,1732165200000000000,13379
FNGD,2974232,16.25,16.52,17.305,16.22,1732165200000000000,12177
FNGG,19263,166.5,163.33,166.5,159.18,1732165200000000000,325
FNGO,18217,83.8991,82.89,84.17,81,1732165200000000000,311
FNGR,303626,1.92,2.06,2.15,1.87,1732165200000000000,1485
FNGS,139203,54,53.53,54.01,52.86,1732165200000000000,1011
FNGU,1179797,517.23,506.42,519.48,486.226,1732165200000000000,23476
FNK,14940,55.81,56.3666,56.48,55.8039,1732165200000000000,150
FNKO,332558,10.38,10.33,10.5,10.21,1732165200000000000,6073
FNLC,11081,28.38,28.6,28.95,28.38,1732165200000000000,557
FNOV,140783,48.05,48.01,50.45,47.72,1732165200000000000,499
FNV,409110,122.28,123.23,123.34,120.83,1732165200000000000,10963
FNWB,10773,10.72,11.07,11.07,10.72,1732165200000000000,238
FNWD,1099,30.85,31,31.08,30.85,1732165200000000000,53
FNX,17129,121.87,123.49,123.6339,121.87,1732165200000000000,252
FNY,4792,85.39,85.9884,86.19,85.2,1732165200000000000,115
FOA,123409,19.5,20.74,21.25,18.4001,1732165200000000000,2331
FOCT,20398,42.7,42.84,42.8999,42.5202,1732165200000000000,100
FOF,70582,12.75,13.01,13.025,12.75,1732165200000000000,525
FOLD,1610657,9.62,9.5,9.64,9.39,1732165200000000000,14085
FONR,45205,14.9,16.45,16.45,14.89,1732165200000000000,335
FOR,135816,28.97,28.77,29.77,28.715,1732165200000000000,3752
FORA,13677,2.04,2.09,2.1,2,1732165200000000000,250
FORD,12813,3.91,3.82,3.91,3.67,1732165200000000000,262
FORH,686,22.63,22.7074,22.7074,22.63,1732165200000000000,8
FORL,7278,11.25,11.1,11.29,11.08,1732165200000000000,23
FORLW,106310,0.0564,0.053699,0.07,0.0519,1732165200000000000,46
FORM,440081,40,40.78,41.005,39.72,1732165200000000000,12193
FORR,82634,17.02,16.76,17.29,16.69,1732165200000000000,1784
FOSL,469477,1.18,1.15,1.193,1.02,1732165200000000000,1177
FOSLL,2591,13.63,13.38,13.63,13.3318,1732165200000000000,46
FOUR,3466430,101.93,109.28,109.76,101.5,1732165200000000000,40567
FOVL,455,73.0747,73.5735,73.5735,73.0747,1732165200000000000,21
FOX,1733505,43.37,44.12,44.265,43.08,1732165200000000000,12750
FOXA,2510983,45.7,46.64,46.81,45.48,1732165200000000000,32328
FOXF,476676,32.15,32.22,32.87,31.7232,1732165200000000000,9933
FOXO,2939896,0.6826,0.5989,0.699,0.5752,1732165200000000000,5600
FOXX,21031,6.31,5.63,6.55,5.63,1732165200000000000,284
FOXXW,11072,0.1797,0.2,0.203,0.1797,1732165200000000000,81
FPA,349,29.7011,29.77,29.77,29.7011,1732165200000000000,6
FPAG,30705,30.73,30.98,30.98,30.73,1732165200000000000,70
FPAS,0,24.8194,24.8194,24.8194,24.8194,1732165200000000000,0
FPAY,37131,1.69,1.66,1.7199,1.65,1732165200000000000,334
FPE,1416845,17.81,17.82,17.83,17.79,1732165200000000000,2345
FPEI,242806,18.76,18.73,18.76,18.705,1732165200000000000,1088
FPF,115721,18.64,18.68,18.72,18.5984,1732165200000000000,420
FPFD,6814,21.89,21.92,21.95,21.89,1732165200000000000,79
FPH,177003,3.87,3.96,4.03,3.87,1732165200000000000,1238
FPI,1557483,12.47,12.35,12.56,12.33,1732165200000000000,3607
FPRO,1810,23.7061,23.71,23.751,23.7061,1732165200000000000,40
FPX,39314,124.94,126.18,127.1089,124.93,1732165200000000000,365
FPXE,801,26.005,25.97,26.005,25.96,1732165200000000000,16
FPXI,51060,48.7,49.095,49.24,48.7,1732165200000000000,119
FQAL,20533,66.73,66.98,67.059,66.1601,1732165200000000000,223
FR,592073,52.73,52.69,53.16,52.55,1732165200000000000,10052
FRA,104604,13.95,13.89,13.95,13.86,1732165200000000000,487
FRAF,4581,33.6,33.49,33.715,33.49,1732165200000000000,798
FRBA,34733,14.56,14.49,14.76,14.4,1732165200000000000,897
FRD,22797,13.76,13.56,13.8523,13.4,1732165200000000000,495
FRDM,149338,33.88,33.98,34.11,33.77,1732165200000000000,397
FREL,126951,28.73,28.91,29.0009,28.65,1732165200000000000,1150
FRES,30530,1.23,1.2665,1.46,1.21,1732165200000000000,229
FREY,7976116,2.22,2.53,2.66,2.22,1732165200000000000,20247
FREY.WS,31440,0.1547,0.125,0.16,0.125,1732165200000000000,41
FRGE,436299,0.9981,0.9667,1.01,0.9463,1732165200000000000,2029
FRGT,43473,1.48,1.43,1.48,1.393,1732165200000000000,388
FRHC,158379,122.49,117.3,123.1735,117.095,1732165200000000000,3190
FRI,24126,29.168,29.3604,29.4466,29.12,1732165200000000000,132
FRME,173143,42.83,43.4,43.99,42.59,1732165200000000000,4927
FRMEP,687,25.29,25.35,25.54,25.28,1732165200000000000,15
FRNW,4024,14.17,14.043,14.19,14.043,1732165200000000000,77
FRO,1851345,19.75,19.53,19.82,19.36,1732165200000000000,20200
FROG,568840,30.86,31.94,32.18,30.85,1732165200000000000,11758
FRPH,73808,31.23,31.7,31.865,31.23,1732165200000000000,1281
FRPT,451812,152.53,156.57,156.93,152.01,1732165200000000000,10813
FRSH,5101557,15.5,16.54,16.57,15.37,1732165200000000000,36294
FRST,76551,12.3,12.41,12.57,12.21,1732165200000000000,1070
FRSX,76803,0.67,0.644,0.67,0.64,1732165200000000000,282
FRT,463383,113.3,114.4,114.57,112.98,1732165200000000000,10529
FRTpC,13479,22.03,21.9375,22.1091,21.84,1732165200000000000,88
FRTY,162148,19.48,19.74,19.7899,19.48,1732165200000000000,205
FSBC,33601,32.58,32.58,33,32.505,1732165200000000000,1630
FSBD,1770,46.91,46.805,46.91,46.805,1732165200000000000,23
FSBW,10709,46.36,46.11,46.95,46.11,1732165200000000000,512
FSCC,4,27.391,27.391,27.391,27.391,1732165200000000000,2
FSCO,551824,6.55,6.51,6.55,6.47,1732165200000000000,1309
FSCS,3296,37.2402,37.5622,37.6149,37.24,1732165200000000000,32
FSEA,1817,9.095,9.09,9.19,9.03,1732165200000000000,19
FSEC,621264,42.91,42.79,42.99,42.76,1732165200000000000,625
FSEP,73310,45.73,45.78,45.8699,45.55,1732165200000000000,181
FSFG,26762,29.125,29,29.31,28.95,1732165200000000000,849
FSHP,1980,10.11,10.14,10.14,10.11,1732165200000000000,12
FSHPU,578,10.42,10.43,10.43,10.42,1732165200000000000,7
FSI,53809,3.99,3.95,3.99,3.9,1732165200000000000,392
FSIG,369589,18.89,18.87,18.9,18.87,1732165200000000000,1039
FSK,1448351,21.51,21.54,21.69,21.49,1732165200000000000,7912
FSLD,220,50.71,50.346,50.71,50.346,1732165200000000000,11
FSLR,2101286,184.6,181.95,188.23,181.83,1732165200000000000,44189
FSLY,5253658,6.54,7.61,7.61,6.5,1732165200000000000,30627
FSM,7060277,4.9,5,5.02,4.8412,1732165200000000000,13046
FSMB,230967,19.94,19.92,19.94,19.89,1732165200000000000,337
FSMD,102104,43.1,43.76,43.76,43.059,1732165200000000000,537
FSP,448860,1.81,1.95,1.98,1.79,1732165200000000000,2603
FSS,346105,92.48,94.82,94.89,91.97,1732165200000000000,8038
FSST,1242,27.83,27.8085,27.86,27.8085,1732165200000000000,42
FSTA,124337,50.42,50.94,50.963,50.25,1732165200000000000,1217
FSTR,30721,26.06,27.27,27.31,26.06,1732165200000000000,1151
FSUN,78480,37.99,37,37.99,36.55,1732165200000000000,1137
FSV,88367,189.5,191.99,192.25,188.65,1732165200000000000,2400
FSYD,5752,47.97,47.97,48.01,47.91,1732165200000000000,103
FSZ,508,64.82,64.49,64.82,64.46,1732165200000000000,25
FT,28072,7.59,7.6,7.64,7.5524,1732165200000000000,76
FTA,57464,81.22,81.97,82.22,81.18,1732165200000000000,376
FTAG,2438,23.91,24.32,24.33,23.91,1732165200000000000,21
FTAI,1041985,173.24,174.96,176.01,171.3,1732165200000000000,20970
FTAIM,5809,27.3699,26.975,27.46,26.975,1732165200000000000,41
FTAIN,5298,25.8937,26.0581,26.3,25.8937,1732165200000000000,51
FTAIO,19500,25.44,25.41,25.46,25.4,1732165200000000000,278
FTBD,1724,48.93,48.87,48.93,48.741,1732165200000000000,38
FTC,50764,144.68,145.1,145.67,143.96,1732165200000000000,275
FTCB,55396,20.73,20.735,20.78,20.69,1732165200000000000,206
FTCE,3139,20.4,20.5723,20.62,20.39,1732165200000000000,11
FTCI,779802,0.39,0.413,0.4456,0.381,1732165200000000000,1479
FTCS,588618,91.52,92.17,92.21,91.115,1732165200000000000,2440
FTDR,445060,56.79,57.44,57.58,56.01,1732165200000000000,10164
FTDS,885,53.8218,54.2193,54.2259,53.8218,1732165200000000000,34
FTEC,197072,184.5,184.25,185.4,181.35,1732165200000000000,5957
FTEK,403185,1.07,1.15,1.15,1.03,1732165200000000000,1077
FTEL,283750,30,23.85,31.38,22.48,1732165200000000000,5876
FTF,125163,6.52,6.55,6.56,6.5101,1732165200000000000,606
FTFT,263428,0.4463,0.4399,0.489,0.4,1732165200000000000,807
FTGC,229770,23.84,23.77,23.9,23.7,1732165200000000000,1319
FTGS,162669,32.6,32.82,32.89,32.41,1732165200000000000,1074
FTHF,0,22.4294,22.4294,22.4294,22.4294,1732165200000000000,0
FTHI,288055,23.65,23.58,23.65,23.4134,1732165200000000000,1418
FTHM,25567,1.84,1.85,1.8949,1.8386,1732165200000000000,222
FTHY,88300,14.65,14.72,14.75,14.6498,1732165200000000000,335
FTI,3354761,29.31,30.02,30.23,29.285,1732165200000000000,32206
FTIF,103,23.736,23.736,23.736,23.736,1732165200000000000,2
FTII,105,10.99,10.99,10.99,10.99,1732165200000000000,3
FTK,390704,7.85,8.06,8.26,7.54,1732165200000000000,3149
FTLF,5803,31.88,32.01,32.25,31.88,1732165200000000000,235
FTLS,119815,65.52,65.59,65.75,65.1201,1732165200000000000,652
FTNT,4379697,93,94.02,94.35,92.52,1732165200000000000,70360
FTQI,307876,20.85,20.77,20.85,20.65,1732165200000000000,1187
FTRB,82529,24.96,24.96,25.1,24.9401,1732165200000000000,148
FTRE,948685,19.01,19.5,19.94,18.7606,1732165200000000000,12730
FTRI,40512,13.02,13.12,13.1299,13.02,1732165200000000000,182
FTS,262861,44.66,44.82,44.86,44.31,1732165200000000000,4916
FTSD,39879,90.4,90.3856,90.4299,90.31,1732165200000000000,222
FTSL,260821,46.26,46.22,46.45,46.19,1732165200000000000,1164
FTSM,590467,59.92,59.9,59.92,59.9,1732165200000000000,1836
FTV,3926800,76.03,76.95,77.025,75.54,1732165200000000000,38569
FTWO,33478,31.03,31.73,31.7699,31.03,1732165200000000000,293
FTXG,10595,23.89,24.14,24.15,23.89,1732165200000000000,107
FTXH,7712,27.41,27.7834,27.815,27.41,1732165200000000000,54
FTXL,40028,87.85,88.64,88.8862,86.36,1732165200000000000,1198
FTXN,32500,32.07,32.2029,32.369,32,1732165200000000000,178
FTXO,142061,33.91,34.17,34.43,33.89,1732165200000000000,558
FTXR,875,35.695,35.8442,35.8442,35.695,1732165200000000000,25
FUBO,11151716,1.43,1.53,1.56,1.4,1732165200000000000,15634
FUFU,179492,5.35,5.01,5.3898,5,1732165200000000000,1435
FUFUW,985,0.4547,0.45,0.4547,0.45,1732165200000000000,6
FUL,211210,74.97,74.87,75.315,74.235,1732165200000000000,6439
FULC,460986,3.02,2.97,3.08,2.955,1732165200000000000,4638
FULT,1322100,20.93,21.24,21.5,20.9,1732165200000000000,14544
FULTP,18601,19.96,20.24,20.25,19.89,1732165200000000000,171
FUMB,172871,20.09,20.0851,20.0903,20.07,1732165200000000000,402
FUN,1068335,46.32,45.3,46.57,45.24,1732165200000000000,13771
FUNC,28237,34.39,34.41,34.57,34.18,1732165200000000000,777
FUND,14613,7.88,7.98,7.9817,7.88,1732165200000000000,91
FUNL,2090,44.16,44.1468,44.16,44.1468,1732165200000000000,19
FURY,87389,0.4011,0.407,0.4169,0.4,1732165200000000000,95
FUSB,3062,12.35,12.65,12.65,12.285,1732165200000000000,86
FUSI,145,50.81,50.81,50.81,50.81,1732165200000000000,6
FUTU,2970304,87.2,84.69,87.69,84.58,1732165200000000000,36986
FUTY,172348,51.87,52.63,52.67,51.6,1732165200000000000,1824
FV,98356,60.02,60.59,60.66,59.5875,1732165200000000000,667
FVAL,41313,62.9,63.03,63.1882,62.465,1732165200000000000,288
FVC,5235,36.85,37.335,37.365,36.85,1732165200000000000,37
FVCB,15229,13.39,13.82,13.86,13.2475,1732165200000000000,532
FVD,449656,45.47,45.94,45.945,45.38,1732165200000000000,2626
FVN,221150,9.97,9.97,9.97,9.96,1732165200000000000,12
FVR,115276,18.35,18.71,18.81,18.27,1732165200000000000,1846
FVRR,655932,30.65,31.83,31.9,30.42,1732165200000000000,9701
FWD,33893,82.46,83.45,83.45,81.85,1732165200000000000,292
FWONA,71006,77.04,78.15,78.93,76.795,1732165200000000000,2182
FWONK,916833,84.01,85.13,86.24,83.81,1732165200000000000,13620
FWRD,385427,35.26,35.68,36.11,34.86,1732165200000000000,8142
FWRG,687339,17.4,17.75,17.918,17.23,1732165200000000000,9980
FXA,1338,64.57,64.5224,64.57,64.48,1732165200000000000,53
FXB,3580,121.55,121.2288,121.55,121.1601,1732165200000000000,115
FXC,11328,70.09,70.007,70.19,69.99,1732165200000000000,122
FXD,17240,64.73,65.41,65.48,64.4,1732165200000000000,332
FXE,32446,97.21,96.76,97.31,96.6599,1732165200000000000,547
FXED,3487,18.73,18.75,18.79,18.6801,1732165200000000000,38
FXF,3318,100.43,100.1955,100.62,100.18,1732165200000000000,113
FXG,9692,68.01,68.43,68.4445,67.6548,1732165200000000000,178
FXH,27257,108.19,108.83,109.0227,107.71,1732165200000000000,373
FXI,22478041,30.33,30.35,30.42,30.24,1732165200000000000,43284
FXL,11748,150.63,151.43,152.1636,149.82,1732165200000000000,325
FXN,206120,17.84,17.95,18.035,17.82,1732165200000000000,979
FXNC,9215,22.9,22.55,23.09,22.55,1732165200000000000,423
FXO,156486,56.81,57.42,57.6071,56.72,1732165200000000000,566
FXP,5681,19.46,19.3823,19.52,19.24,1732165200000000000,77
FXR,48563,79.99,81.27,81.33,79.88,1732165200000000000,382
FXU,49767,39.73,40.38,40.38,39.5735,1732165200000000000,344
FXY,69986,59.8,59.73,59.9682,59.675,1732165200000000000,736
FXZ,16567,64.09,64.85,65.02,63.89,1732165200000000000,210
FYBR,2453257,34.72,34.8,34.88,34.65,1732165200000000000,16820
FYC,60809,81.17,81.91,82.25,80.7099,1732165200000000000,233
FYEE,934,27.02,27.2867,27.2867,27.02,1732165200000000000,12
FYLD,49522,25.96,26.18,26.19,25.96,1732165200000000000,217
FYLG,261,29.215,29.1739,29.215,29.1739,1732165200000000000,7
FYT,6575,57.694,58.35,58.6039,57.694,1732165200000000000,91
FYX,24377,106.33,107.12,107.4199,105.35,1732165200000000000,268
G,1268541,44.61,45.82,45.96,44.53,1732165200000000000,16959
GAA,4355,29.17,29.223,29.29,29.16,1732165200000000000,45
GAB,512114,5.59,5.62,5.63,5.57,1732165200000000000,947
GABpG,2209,22.52,22.59,23.1047,22.52,1732165200000000000,21
GABpH,4798,23.15,23.1,23.15,22.7527,1732165200000000000,56
GABpK,1390,22.8001,22.85,22.85,22.8001,1732165200000000000,31
GABC,81599,45,45.08,45.92,44.99,1732165200000000000,2669
GABF,13745,48.96,49.41,49.51,48.7452,1732165200000000000,195
GAEM,390,26.09,26.0892,26.09,26.0892,1732165200000000000,4
GAIA,65236,5.96,6.33,6.43,5.96,1732165200000000000,570
GAIN,132938,13.6,13.5,13.65,13.3836,1732165200000000000,1691
GAINL,4230,25.7564,25.75,25.99,25.75,1732165200000000000,48
GAINN,2193,24.62,24.4977,24.62,24.4654,1732165200000000000,19
GAINZ,412,23.245,23.37,23.37,23.245,1732165200000000000,14
GAL,15885,45.0659,45.08,45.134,45.01,1732165200000000000,131
GALT,141317,2.85,2.72,2.8992,2.71,1732165200000000000,1296
GAM,29358,49.73,49.93,50.195,49.51,1732165200000000000,325
GAMpB,701,25.935,25.85,25.935,25.85,1732165200000000000,12
GAMB,383351,12.91,13,13.19,12.54,1732165200000000000,5747
GAME,118540,0.8991,0.89,0.9244,0.88,1732165200000000000,339
GAMR,19070,65.71,65.105,65.71,65.105,1732165200000000000,50
GAN,440552,1.8,1.82,1.84,1.8,1732165200000000000,1373
GANX,194627,1.65,1.62,1.75,1.56,1732165200000000000,717
GAP,20166204,20.96,22.04,22.14,20.43,1732165200000000000,114273
GAPR,7093,37.3,37.2699,37.3,37.1925,1732165200000000000,40
GARP,39238,55.3,55.41,55.61,54.7052,1732165200000000000,278
GASS,117082,5.97,6.005,6.01,5.755,1732165200000000000,1519
GAST,1,28.4623,28.4623,28.4623,28.4623,1732165200000000000,1
GATE,279,11.15,11.13,11.15,11.13,1732165200000000000,9
GATO,387742,16.65,16.18,16.65,16.06,1732165200000000000,3438
GATX,204492,154.74,158.9,160.06,153.97,1732165200000000000,5697
GAU,781093,1.42,1.39,1.425,1.36,1732165200000000000,2427
GAUG,23812,35.34,35.3,35.34,35.1,1732165200000000000,106
GAUZ,31770,7.7,8.03,8.24,7.3,1732165200000000000,1208
GB,129937,5.66,6.25,6.25,5.61,1732165200000000000,1132
GB.WS,282154,0.045,0.045,0.0669,0.0402,1732165200000000000,75
GBAB,118897,15.64,15.62,15.71,15.57,1732165200000000000,598
GBBK,679,11.1,11.1,11.1,11.1,1732165200000000000,9
GBBKR,9500,0.108,0.1089,0.1089,0.095,1732165200000000000,6
GBBKW,2851,0.034,0.034,0.034,0.0339,1732165200000000000,8
GBCI,586463,56,57.09,58,55.68,1732165200000000000,11339
GBDC,1806452,15.24,15.15,15.27,15.09,1732165200000000000,12306
GBF,3081,103.47,103.11,103.47,103.06,1732165200000000000,58
GBIL,593285,100.07,100.05,100.07,100.05,1732165200000000000,2167
GBIO,187136,1.38,1.32,1.38,1.24,1732165200000000000,1391
GBLD,144928,16.78,16.8032,16.84,16.78,1732165200000000000,40
GBLI,3553,34.55,34,34.55,34,1732165200000000000,36
GBR,3694,1.16,1.2,1.2099,1.16,1732165200000000000,41
GBTC,6899254,77.37,78.05,78.81,75.96,1732165200000000000,52328
GBTG,771944,9,9.08,9.185,8.95,1732165200000000000,7780
GBUY,2398,35.395,35.4349,35.5,35.395,1732165200000000000,43
GBX,320211,64.63,65.95,66.06,64.63,1732165200000000000,5549
GCAD,432,35.28,35.2639,35.3224,35.2639,1732165200000000000,22
GCAL,601,50.6,50.555,50.61,50.555,1732165200000000000,7
GCBC,13393,30.745,30.87,31.95,30.745,1732165200000000000,487
GCC,16558,18.97,18.915,18.9799,18.865,1732165200000000000,150
GCI,990310,5.02,5.15,5.23,5.02,1732165200000000000,6760
GCLN,14,36.7334,36.7334,36.7334,36.7334,1732165200000000000,2
GCMG,766606,12.48,12.24,12.58,12.17,1732165200000000000,3987
GCMGW,967454,1.22,1.1,1.4,1.1,1732165200000000000,160
GCO,84946,29,28.95,29.67,28.695,1732165200000000000,3279
GCOR,30339,40.82,40.83,40.8736,40.74,1732165200000000000,141
GCOW,233068,34.76,34.86,34.9103,34.6436,1732165200000000000,916
GCT,881347,23.4,24.12,24.59,22.86,1732165200000000000,11522
GCTK,474061,0.2581,0.2499,0.2581,0.216,1732165200000000000,862
GCTS,127698,2.26,2.23,2.27,2.12,1732165200000000000,1204
GCTS.WS,4899,0.0585,0.06,0.06,0.05,1732165200000000000,12
GCV,120251,3.99,3.95,4.01,3.94,1732165200000000000,344
GD,1832227,280.7,279.93,283.5,279.01,1732165200000000000,38444
GDC,89561,2.6,2.74,2.82,2.59,1732165200000000000,495
GDDY,884540,191.03,193.01,193.26,190.01,1732165200000000000,21609
GDE,5083,37.91,38.0976,38.2896,37.8194,1732165200000000000,132
GDEC,5152,33.69,33.6302,33.69,33.561,1732165200000000000,35
GDEN,342822,34.04,33.69,34.75,32.9,1732165200000000000,6301
GDEV,8606,25,24.5,25.3,24.5,1732165200000000000,3137
GDEVW,1100,0.03,0.03,0.03,0.03,1732165200000000000,3
GDHG,72122,1.53,1.48,1.54,1.4,1732165200000000000,435
GDIV,15989,15.3183,15.479,15.5,15.3183,1732165200000000000,64
GDL,19538,8.11,8.07,8.11,8.02,1732165200000000000,89
GDLpC,1867,50.095,50.05,50.095,50.0297,1732165200000000000,17
GDMA,4734,32.68,32.86,32.86,32.68,1732165200000000000,11
GDMN,7608,31.82,32.0533,32.0713,31.69,1732165200000000000,49
GDO,42600,11.55,11.5,11.6014,11.49,1732165200000000000,286
GDOC,88,33.219,33.219,33.219,33.219,1732165200000000000,2
GDOT,504072,10.24,10.25,10.368,10.135,1732165200000000000,6582
GDRX,2424479,4.31,4.29,4.395,4.185,1732165200000000000,18712
GDS,2288960,18.04,18.4,18.99,17.82,1732165200000000000,22324
GDSTW,1083,0.035,0.0351,0.0368,0.035,1732165200000000000,13
GDTC,2959,2.25,2.2,2.27,2.19,1732165200000000000,47
GDV,328824,24.87,24.89,24.9499,24.6,1732165200000000000,1345
GDVpH,2940,24.7899,24.5653,24.7899,24.5653,1732165200000000000,15
GDVpK,7479,20.15,20.05,20.15,19.95,1732165200000000000,61
GDX,21175779,38.12,38.14,38.2,37.59,1732165200000000000,82658
GDXD,720005,13.23,13.22,13.8,13.13,1732165200000000000,2163
GDXJ,6456632,48.24,48.43,48.51,47.62,1732165200000000000,42254
GDXU,1450869,38.95,39.02,39.2814,37.4,1732165200000000000,12775
GDXY,63218,15.74,15.83,15.8309,15.7,1732165200000000000,573
GDYN,720069,16.96,17.71,17.79,16.72,1732165200000000000,10766
GE,4531958,178.41,178.7,180.94,177.34,1732165200000000000,50566
GECC,7745,10.075,10.13,10.1555,10.075,1732165200000000000,109
GECCZ,3874,25.5163,25.515,25.5163,25.5,1732165200000000000,14
GEF,163218,69.83,69.44,70.28,69.18,1732165200000000000,5115
GEF.B,16229,74.15,74.11,74.49,73.1301,1732165200000000000,473
GEG,55889,1.7801,1.79,1.79,1.75,1732165200000000000,120
GEHC,4930589,84.6,82,85.26,81.84,1732165200000000000,62607
GEL,382240,11.52,11.6,11.64,11.35,1732165200000000000,3047
GELS,27870,1.5,1.57,1.73,1.5,1732165200000000000,190
GEM,92054,33.14,33.19,33.24,33.0559,1732165200000000000,685
GEMD,4903,40.8,40.8,40.8351,40.8,1732165200000000000,168
GEN,2393359,29.54,29.81,30.04,29.37,1732165200000000000,25982
GENC,10741,21,21.61,21.895,21,1732165200000000000,407
GENI,2618782,9.16,8.92,9.17,8.89,1732165200000000000,18043
GENK,116757,8.2102,7.76,8.2102,7.68,1732165200000000000,988
GENM,4,10.175,10.175,10.175,10.175,1732165200000000000,3
GENT,10681,10.2,10.19,10.2,10.19,1732165200000000000,4
GEO,4146887,28.07,28.73,29.48,27.66,1732165200000000000,32761
GEOS,68651,12.58,13.62,13.705,12.58,1732165200000000000,1281
GERN,6806708,4.04,4.02,4.05,3.96,1732165200000000000,23034
GES,691456,16.28,16.63,16.63,16.12,1732165200000000000,9705
GETY,535913,2.85,2.81,2.86,2.78,1732165200000000000,3696
GEV,2671849,349.9,339.85,357.09,339.38,1732165200000000000,56133
GEVO,3840068,1.36,1.39,1.42,1.32,1732165200000000000,9517
GF,23025,7.99,7.97,8.015,7.94,1732165200000000000,114
GFAI,325816,1.09,1.1,1.1359,1.03,1732165200000000000,887
GFAIW,8512,0.1,0.095,0.13,0.095,1732165200000000000,33
GFEB,22935,37.01,37.1,37.1299,37.01,1732165200000000000,125
GFF,480160,80.16,81.28,82.26,79.94,1732165200000000000,11424
GFGF,204,31.566,31.8174,31.8174,31.566,1732165200000000000,6
GFI,2406595,15.23,15.07,15.235,14.855,1732165200000000000,21854
GFL,932123,45.33,45.77,46.09,44.7,1732165200000000000,8804
GFOF,1692,25.7,25.6061,25.71,25.45,1732165200000000000,61
GFR,235045,6.99,7.38,7.38,6.99,1732165200000000000,1393
GFS,1241045,42.18,42,42.55,41.52,1732165200000000000,20000
GGAL,1425243,57.72,55.93,58.079,55.12,1732165200000000000,15436
GGB,6110284,3.3,3.39,3.41,3.3,1732165200000000000,6611
GGG,521212,88.48,89.6,89.66,88.07,1732165200000000000,12148
GGLL,2478925,40.05,37.17,40.1,35.34,1732165200000000000,22876
GGLS,96839,13.54,13.97,14.269,13.54,1732165200000000000,436
GGM,0,29.6727,29.6727,29.6727,29.6727,1732165200000000000,0
GGME,1520,51.34,51.7681,51.7681,51.34,1732165200000000000,30
GGN,475809,4.2,4.19,4.21,4.1572,1732165200000000000,929
GGNpB,1716,21.86,21.85,21.89,21.7701,1732165200000000000,21
GGR,608413,0.464,0.484,0.5019,0.461,1732165200000000000,1556
GGROW,10775,0.0189,0.0198,0.0198,0.0189,1732165200000000000,18
GGRW,146,30.1801,30.1801,30.1801,30.1801,1732165200000000000,8
GGT,76701,4.85,4.83,4.85,4.81,1732165200000000000,220
GGTpE,1092,23.4,23.22,23.4787,23.1871,1732165200000000000,21
GGUS,1087,53.8901,53.9272,54.0598,53.8901,1732165200000000000,24
GGZ,16164,12.57,12.79,12.79,12.57,1732165200000000000,67
GH,1694789,31,30.98,31.16,30.3,1732165200000000000,23374
GHC,10610,910.26,918.05,918.83,908.1,1732165200000000000,1673
GHG,9725,2.84,2.67,2.84,2.62,1732165200000000000,110
GHI,53438,11.7,11.87,11.9,11.7,1732165200000000000,304
GHIX,8001,10.53,10.51,10.53,10.51,1732165200000000000,35
GHIXW,82720,0.0427,0.04,0.0465,0.0381,1732165200000000000,47
GHLD,30416,13.95,13.75,14.01,13.71,1732165200000000000,364
GHM,61891,43,43.35,44,42.13,1732165200000000000,2014
GHMS,10080,26.08,26.1,26.19,26.04,1732165200000000000,33
GHRS,103741,11.07,9.62,11.07,9.45,1732165200000000000,2129
GHTA,341,29.1758,29.1758,29.1758,29.1758,1732165200000000000,15
GHY,148436,12.58,12.69,12.69,12.56,1732165200000000000,914
GHYB,8442,45.13,45.045,45.1399,45.03,1732165200000000000,197
GHYG,9177,44.7,44.6695,44.75,44.65,1732165200000000000,226
GIAX,30675,19.81,19.9397,19.97,19.805,1732165200000000000,242
GIB,211331,110.4,111.97,112,109.66,1732165200000000000,3912
GIC,70039,27.57,27.93,28.03,27.38,1732165200000000000,1821
GIFI,68200,6.91,7.1,7.25,6.91,1732165200000000000,1326
GIFT,32717,1.64,1.48,1.68,1.42,1732165200000000000,158
GIG,8701,9.95,9.95,9.95,9.95,1732165200000000000,9
GIGB,114433,45.73,45.63,45.765,45.6,1732165200000000000,453
GIGGU,37540,10.02,10.02,10.02,10.02,1732165200000000000,3
GIGGW,30200,0.06,0.06,0.06,0.06,1732165200000000000,5
GIGM,35448,1.49,1.49,1.5,1.48,1732165200000000000,89
GII,20075,62.27,62.8117,62.8139,62.09,1732165200000000000,189
GIII,450864,28.66,29.22,29.43,28.58,1732165200000000000,10753
GIL,466712,48.96,49.48,49.54,48.63,1732165200000000000,6135
GILD,4057424,89.065,89.76,89.94,88.07,1732165200000000000,58561
GILT,90683,5.27,5.205,5.2999,5.2,1732165200000000000,1198
GINN,1020,62.63,62.9148,62.9148,62.63,1732165200000000000,34
GINX,7015,26.59,26.5903,26.68,26.52,1732165200000000000,69
GIPR,24440,1.8146,1.8192,1.8368,1.74,1732165200000000000,182
GIS,3659300,63.7,64.12,64.16,62.88,1732165200000000000,36971
GJAN,13851,38.24,38.34,38.47,38.16,1732165200000000000,61
GJP,990,24.73,24.8459,24.8459,24.6275,1732165200000000000,7
GJUL,11089,36.68,36.6513,36.68,36.472,1732165200000000000,52
GJUN,38892,36.06,36.04,36.06,35.87,1732165200000000000,110
GK,2269,22.29,22.35,22.45,22.29,1732165200000000000,40
GKOS,241846,141.86,140.83,144.14,140.69,1732165200000000000,6916
GL,553500,109.62,108.99,109.79,108.2142,1732165200000000000,12652
GLpD,20258,16.88,17.04,17.14,16.87,1732165200000000000,369
GLAC,36365,10.755,10.6,10.84,10.6,1732165200000000000,89
GLACU,525,10.8,10.8,10.8,10.8,1732165200000000000,3
GLAD,85669,26.14,26.51,26.5595,26.063,1732165200000000000,2153
GLADZ,15466,25.21,25.21,25.225,25.15,1732165200000000000,118
GLBE,4083357,48.5,49.89,50.7,47.85,1732165200000000000,46484
GLBL,0,21.1742,21.1742,21.1742,21.1742,1732165200000000000,0
GLBS,52606,1.44,1.31,1.47,1.3,1732165200000000000,471
GLBZ,9652,5.35,5.775,5.9999,5.35,1732165200000000000,71
GLD,7646429,246.23,246.66,246.81,245.69,1732165200000000000,64453
GLDD,727984,12.27,12.32,12.405,11.97,1732165200000000000,5807
GLDG,712911,0.883,0.92,0.92,0.872,1732165200000000000,1315
GLDI,980,154.9563,154.83,154.9563,154.83,1732165200000000000,84
GLDM,2368636,52.85,52.93,52.9606,52.7101,1732165200000000000,8521
GLE,35783,4.1894,4.37,4.49,4.02,1732165200000000000,1252
GLIN,21742,50.31,50.4,50.42,50.03,1732165200000000000,259
GLL,197349,17,16.93,17.06,16.915,1732165200000000000,733
GLLI,513,11.44,11.44,11.44,11.44,1732165200000000000,8
GLMD,45437,2.94,2.8,2.94,2.75,1732165200000000000,391
GLNG,1273731,36.1,36.86,36.97,35.54,1732165200000000000,15405
GLO,325120,5.27,5.265,5.27,5.22,1732165200000000000,1232
GLOB,574806,215.7,222.69,223.11,214.9531,1732165200000000000,14002
GLOF,1798,44.38,44.5084,44.5084,44.15,1732165200000000000,22
GLOPpA,2169,25.9,25.9,25.9,25.9,1732165200000000000,11
GLOPpB,1816,25.7,25.768,25.7945,25.7,1732165200000000000,6
GLOPpC,13858,25.5,25.45,25.5,25.4,1732165200000000000,39
GLOV,40821,50.56,50.8,51,50.56,1732165200000000000,82
GLOW,320,26.29,26.3827,26.3827,26.29,1732165200000000000,2
GLP,49260,50.81,51.85,52.55,50.7174,1732165200000000000,795
GLPpB,5978,26.13,26.11,26.13,26,1732165200000000000,45
GLPG,273177,25.37,25.22,25.68,25.03,1732165200000000000,4513
GLPI,752344,50.51,50.65,50.77,50.27,1732165200000000000,12548
GLQ,173204,6.82,6.815,6.82,6.735,1732165200000000000,835
GLRE,85438,14.79,15,15.01,14.79,1732165200000000000,1570
GLRY,8861,31.9894,32.2202,32.329251,31.9894,1732165200000000000,117
GLSI,39060,12.97,12.97,13.4427,12.5106,1732165200000000000,1917
GLST,25872,11.43,11.4,11.43,11.337,1732165200000000000,12
GLTO,3679,5.8439,5.845,6.0169,5.75,1732165200000000000,134
GLTR,30402,114.26,113.98,114.26,113.54,1732165200000000000,384
GLU,25318,16.5,16.48,16.63,16.24,1732165200000000000,322
GLUpB,4449,50.48,50.46,50.48,50.33,1732165200000000000,68
GLUE,743580,8.35,8.35,8.9,8.17,1732165200000000000,9478
GLV,38717,5.69,5.7,5.73,5.672,1732165200000000000,200
GLW,4348001,47.35,47.84,48.05,47.175,1732165200000000000,42603
GLXG,2450697,3.83,1.81,4.11,1.51,1732165200000000000,10888
GLYC,1007739,0.318,0.32,0.3265,0.3056,1732165200000000000,1756
GM,11326720,55.2,55.68,55.81,54.73,1732165200000000000,89579
GMAB,1513364,20.53,20.47,20.62,20.34,1732165200000000000,11259
GMAR,9299,37.37,37.29,37.37,37.18,1732165200000000000,63
GMAY,6606,36.9,36.8637,36.9199,36.7066,1732165200000000000,49
GME,10587186,29.09,27.82,29.17,27.18,1732165200000000000,81453
GMED,1750251,83.55,84.91,85.01,83.08,1732165200000000000,19997
GMET,2941,23.89,23.98,24.02,23.854,1732165200000000000,146
GMF,42439,116.81,116.927,117.11,116.4702,1732165200000000000,82
GMGI,113751,2.57,2.77,2.7999,2.42,1732165200000000000,898
GMM,351878,0.2781,0.27,0.2781,0.2378,1732165200000000000,465
GMMA,5025,20.43,20.5301,20.566,20.43,1732165200000000000,4
GMNY,0,50.28,50.28,50.28,50.28,1732165200000000000,0
GMOI,24058,24.21,24.2641,24.2939,24.2051,1732165200000000000,89
GMOM,5755,29.64,30.0381,30.0381,29.5908,1732165200000000000,104
GMOV,8935,25.335,25.5698,25.6,25.33,1732165200000000000,34
GMRE,266206,8.64,8.73,8.775,8.625,1732165200000000000,3179
GMREpA,1881,25.2538,25.4,25.4,25.2538,1732165200000000000,9
GMS,362109,99.49,99.1,100.25,98.935,1732165200000000000,8943
GMUB,1,50.295,50.295,50.295,50.295,1732165200000000000,1
GMUN,0,49.675,49.675,49.675,49.675,1732165200000000000,0
GNE,37383,15.72,15.9,15.94,15.67,1732165200000000000,1390
GNFT,705,4.24,4.24,4.24,4.24,1732165200000000000,35
GNK,545608,17.09,16.73,17.09,16.59,1732165200000000000,8468
GNL,1240857,7.28,7.28,7.325,7.24,1732165200000000000,8827
GNLpA,10504,22.4,22.91,22.92,22.4,1732165200000000000,104
GNLpB,17526,21.5974,21.805,21.805,21.4,1732165200000000000,61
GNLpD,3221,23.13,23,23.19,22.99,1732165200000000000,52
GNLpE,4595,22.03,22.52,22.7213,22.03,1732165200000000000,65
GNLN,90581,1.75,1.79,1.85,1.7199,1732165200000000000,446
GNLX,164791,2.56,2.46,2.56,2.34,1732165200000000000,945
GNMA,14551,43.62,43.3,43.62,43.02,1732165200000000000,107
GNOM,47855,9.74,9.83,9.93,9.69,1732165200000000000,339
GNOV,296789,36.32,35.01,36.32,34.8,1732165200000000000,518
GNPX,748972,1.1,1.14,1.2,1.08,1732165200000000000,2422
GNR,96302,54.73,54.95,54.995,54.56,1732165200000000000,736
GNRC,494127,180.5,183.52,185.83,179.12,1732165200000000000,14068
GNS,12267716,1.05,0.9215,1.05,0.85,1732165200000000000,24920
GNSS,137786,3.82,3.72,3.9,3.705,1732165200000000000,1168
GNT,29119,5.75,5.75,5.805,5.74,1732165200000000000,147
GNTpA,992,22.62,22.6201,22.6201,22.62,1732165200000000000,10
GNTA,5641,4.96,4.8,5,4.6,1732165200000000000,52
GNTX,781674,29.6,29.88,29.91,29.48,1732165200000000000,14810
GNTY,14840,36.5,36.77,37.12,36.5,1732165200000000000,696
GNW,3330658,7.5,7.62,7.66,7.49,1732165200000000000,15253
GO,2080977,18.46,18.65,18.855,17.92,1732165200000000000,24183
GOAU,5321,21.39,21.335,21.39,21.18,1732165200000000000,82
GOCO,17180,11.25,11.5,11.58,11.2029,1732165200000000000,309
GOCT,18586,35.07,35.0663,35.09,34.887,1732165200000000000,56
GOEV,5574535,0.48,0.4515,0.4901,0.4327,1732165200000000000,11256
GOEVW,71892,0.0224,0.022113,0.0236,0.0221,1732165200000000000,55
GOEX,3014,32.64,32.6562,32.66,32.35,1732165200000000000,90
GOF,958030,15.77,15.82,15.83,15.73,1732165200000000000,2949
GOGL,1733461,11.18,11.19,11.25,11.005,1732165200000000000,13520
GOGO,978450,7.79,8.28,8.4,7.65,1732165200000000000,13093
GOLD,25000274,18.09,18.12,18.18,17.83,1732165200000000000,65211
GOLF,231262,69.24,71.39,71.65,69.015,1732165200000000000,5529
GOLY,7456,25.05,24.7744,25.05,24.76,1732165200000000000,86
GOOD,244174,16.85,17.03,17.07,16.82,1732165200000000000,3773
GOODN,6368,24.01,23.97,24.36,23.97,1732165200000000000,99
GOODO,5896,22.02,21.7628,22.1702,21.7628,1732165200000000000,53
GOOG,38839431,175.455,169.24,175.58,165.31,1732165200000000000,531715
GOOGL,59734379,173.9,167.63,174.13,163.7,1732165200000000000,832139
GOOP,4768,27.69,27.7139,27.7667,27.1,1732165200000000000,162
GOOS,721076,9.33,9.5,9.5296,9.229,1732165200000000000,5481
GOOX,74528,31.73,29.45,31.73,28.12,1732165200000000000,1016
GOOY,385183,15.04,14.47,15.04,14.205,1732165200000000000,3469
GORO,755578,0.15,0.1484,0.15,0.1417,1732165200000000000,1106
GORV,237409,0.95,0.9499,0.97,0.8,1732165200000000000,776
GOSS,1144802,0.7112,0.6646,0.7199,0.6617,1732165200000000000,2675
GOTU,1763382,2.6,2.61,2.61,2.53,1732165200000000000,7040
GOVI,82296,27.49,27.44,27.5494,27.395,1732165200000000000,326
GOVT,5139880,22.655,22.63,22.69,22.61,1732165200000000000,6251
GOVX,612143,2.62,2.7,2.74,2.59,1732165200000000000,2334
GOVXW,2055,0.1265,0.1355,0.174515,0.1265,1732165200000000000,13
GOVZ,250395,10.45,10.415,10.51,10.365,1732165200000000000,554
GP,56132,0.81,0.8182,0.8195,0.799999,1732165200000000000,256
GPAT,10593,10.0847,10.09,10.1,10.0847,1732165200000000000,9
GPATW,44044,0.1,0.11,0.11,0.1,1732165200000000000,30
GPC,973485,121.52,122.69,122.767,120.29,1732165200000000000,20337
GPCR,822574,33.08,30.1,33.75,29.925,1732165200000000000,9814
GPI,318070,405.26,408.66,411.655,400,1732165200000000000,7462
GPIQ,65930,48.87,48.85,48.95,48.26,1732165200000000000,1068
GPIX,98414,50.1,50.04,50.12,49.6227,1732165200000000000,1050
GPJA,21388,22.81,22.85,22.94,22.68,1732165200000000000,269
GPK,1492786,28.54,28.81,29.09,28.35,1732165200000000000,17714
GPMT,331244,3.48,3.52,3.57,3.48,1732165200000000000,2193
GPMTpA,13040,17.5799,17.5469,17.81,17.355,1732165200000000000,88
GPN,1573302,115.78,116.33,117.08,114.91,1732165200000000000,26737
GPOR,345023,181.77,177.69,183.59,177.5,1732165200000000000,8372
GPOW,3182,56.0094,56.6184,56.6184,56.0094,1732165200000000000,27
GPRE,966723,10.9,11.085,11.27,10.79,1732165200000000000,9973
GPRF,297,50.94,51.29,51.29,50.94,1732165200000000000,7
GPRK,271158,8.06,8.27,8.4,8.03,1732165200000000000,3824
GPRO,3459629,1.13,1.2,1.22,1.13,1732165200000000000,9866
GPUS,3887427,0.1817,0.1759,0.1829,0.16,1732165200000000000,6215
GPUSpD,776,26.02,25.63,26.02,25.63,1732165200000000000,6
GQI,9085,54.72,55.0099,55.06,54.72,1732165200000000000,107
GQQQ,1771,25.39,25.6588,25.6588,25.39,1732165200000000000,14
GQRE,10860,60.25,60.676,60.78,60.25,1732165200000000000,71
GRAB,52984852,5.495,5.67,5.72,5.47,1732165200000000000,88453
GRABW,59870,0.51,0.5,0.54,0.478,1732165200000000000,100
GRAF,74438,10.01,10.02,10.03,10.01,1732165200000000000,86
GRAF.WS,16474,0.11,0.11,0.124251,0.11,1732165200000000000,34
GRAL,752705,15.1,16.38,16.54,15.1,1732165200000000000,8899
GRBK,231057,69.14,68.66,70.0346,68.59,1732165200000000000,6756
GRBKpA,3162,24.1,24.05,24.1898,23.85,1732165200000000000,29
GRC,57048,41.22,41.99,42.15,40.995,1732165200000000000,1819
GRCE,30061,3.25,3.23,3.36,3.128,1732165200000000000,301
GRDN,229157,21.8,22.07,23,21.685,1732165200000000000,3574
GREE,1796588,2.5,2.12,2.53,2.07,1732165200000000000,9414
GREEL,16477,10.99,10.6516,10.99,10.63,1732165200000000000,49
GREI,685,35.83,35.7826,35.84,35.7826,1732165200000000000,4
GREK,13860,39,39.0893,39.2099,38.71,1732165200000000000,227
GRF,116,10.5,10.5,10.5,10.5,1732165200000000000,8
GRFS,632310,8.44,8.54,8.59,8.18,1732165200000000000,5825
GRFX,87892,0.2152,0.1989,0.2153,0.1961,1732165200000000000,137
GRI,316190,0.64,0.689,0.6997,0.6299,1732165200000000000,744
GRID,217056,123.77,124.56,125.0499,123.2,1732165200000000000,2488
GRMN,577273,207.54,209.11,210.06,207.14,1732165200000000000,15465
GRN,1824,28.07,28.1016,28.1719,27.98,1732165200000000000,25
GRNB,30114,23.9385,23.915,24,23.91,1732165200000000000,152
GRND,312186,14.75,14.93,15,14.42,1732165200000000000,4921
GRND.WS,3356,4.5,4.82,4.85,4.5,1732165200000000000,30
GRNQ,250123,1.0384,1.3,1.32,1.01,1732165200000000000,645
GRNT,829618,6.59,6.61,6.72,6.51,1732165200000000000,6568
GRNY,1307632,20.46,20.5,20.565,20.3,1732165200000000000,4422
GROV,62661,1.32,1.34,1.39,1.315,1732165200000000000,369
GROW,25186,2.42,2.44,2.46,2.405,1732165200000000000,290
GROY,1043956,1.3,1.31,1.32,1.28,1732165200000000000,2386
GROY.WS,51745,0.34,0.34,0.34,0.327501,1732165200000000000,44
GRP.U,565,52.7,52.87,52.935,52.7,1732165200000000000,15
GRPM,23912,120.92,122.23,122.6653,120.7982,1732165200000000000,291
GRPN,1696980,8.53,9.2,9.39,8.42,1732165200000000000,16261
GRPZ,27,27.6674,27.6674,27.6674,27.6674,1732165200000000000,8
GRRR,935754,4,4.35,4.53,3.86,1732165200000000000,4266
GRRRW,28875,0.0549,0.0559,0.0574,0.0478,1732165200000000000,37
GRVY,45104,65.11,65,66.08,64.73,1732165200000000000,1198
GRW,11118,38.2526,38.51,38.51,38.1494,1732165200000000000,54
GRWG,1207765,1.82,1.85,1.93,1.81,1732165200000000000,4968
GRX,22395,10.14,10.1,10.21,10.1,1732165200000000000,122
GRYP,1250078,0.72,0.6551,0.7354,0.64,1732165200000000000,2394
GS,2282297,586.51,596.11,600.7,584.51,1732165200000000000,58218
GSpA,40271,23.5,23.84,23.84,23.4301,1732165200000000000,458
GSpC,27785,23.7,24.2,24.2,23.7,1732165200000000000,130
GSpD,55946,22.76,22.97,23.09,22.76,1732165200000000000,497
GSAT,11198386,1.64,1.77,1.785,1.64,1732165200000000000,21251
GSBC,23346,61.78,62.62,63.045,61.523,1732165200000000000,1367
GSBD,833822,12.86,12.75,12.89,12.7307,1732165200000000000,5393
GSC,32813,54.5,54.55,54.73,53.915,1732165200000000000,177
GSEE,16,45.5598,45.5598,45.5598,45.5598,1732165200000000000,4
GSEP,10146,35.08,35.09,35.09,35.0136,1732165200000000000,26
GSEU,60483,35.0097,35.1278,35.2197,34.94,1732165200000000000,255
GSEW,46286,80.79,81.38,81.4905,80.67,1732165200000000000,328
GSFP,1,32.3034,32.3034,32.3034,32.3034,1732165200000000000,1
GSG,116325,21.42,21.41,21.42,21.2895,1732165200000000000,636
GSHD,163211,120.72,122.18,124.405,119.79,1732165200000000000,5961
GSIB,185,33.42,33.5262,33.5262,33.42,1732165200000000000,5
GSID,67,54.8824,54.8824,54.8824,54.8824,1732165200000000000,4
GSIE,247667,33.85,33.96,34.015,33.78,1732165200000000000,1119
GSIG,2616,46.96,46.9646,46.9646,46.92,1732165200000000000,14
GSIT,131487,2.76,2.95,3,2.6989,1732165200000000000,1195
GSIW,64827,0.721,0.7065,0.721,0.67301,1732165200000000000,299
GSJY,21613,37.5263,37.6168,37.68,37.4801,1732165200000000000,173
GSK,7030641,33.4,33.7,33.7,33.175,1732165200000000000,37965
GSL,531195,23.33,22.85,23.33,22.73,1732165200000000000,6323
GSLpB,5358,26.32,26.1,26.38,26.1,1732165200000000000,52
GSLC,224245,117.43,117.73,117.98,116.4921,1732165200000000000,1857
GSM,817757,4.46,4.52,4.55,4.4,1732165200000000000,6800
GSPY,28368,32.36,32.57,32.63,32.22,1732165200000000000,309
GSRTU,3387,9.99,9.99,9.9929,9.99,1732165200000000000,13
GSSC,39756,72.79,73.8243,74.0206,72.79,1732165200000000000,455
GSST,419568,50.36,50.36,50.3896,50.35,1732165200000000000,671
GSUN,5534,2.96,2.89,3.0989,2.8135,1732165200000000000,216
GSUS,24122,81.35,81.86,82.02,81.05,1732165200000000000,134
GSY,251181,50.02,50,50.02,50,1732165200000000000,1209
GT,3986498,9.1,9.29,9.32,8.955,1732165200000000000,20092
GTBP,5753,3.19,3.01,3.19,2.97,1732165200000000000,611
GTE,318376,6.22,6.26,6.35,6.18,1732165200000000000,3291
GTEC,24233,2.25,2.22,2.31,2.2,1732165200000000000,321
GTEK,5488,32.72,33.0986,33.24,32.62,1732165200000000000,74
GTES,3435122,21.15,21.39,21.47,21.035,1732165200000000000,28667
GTI,14529,3.1,2.92,3.1999,2.9,1732165200000000000,122
GTIM,5360,2.6507,2.68,2.7199,2.65,1732165200000000000,126
GTIP,5707,48.8497,48.745,48.8497,48.7004,1732165200000000000,168
GTLB,4650895,64.1,64.8,66.45,63.87,1732165200000000000,45932
GTLS,651308,170.02,176.08,178.1,168.54,1732165200000000000,15154
GTLSpB,34119,65.2,66.57,67.11,65.2,1732165200000000000,315
GTN,2348899,4.31,4.36,4.415,4.24,1732165200000000000,10143
GTN.A,2964,7.99,7.38,7.99,7.325,1732165200000000000,140
GTO,165867,46.73,46.72,46.79,46.67,1732165200000000000,796
GTR,1867,24.83,25,25.08,24.78,1732165200000000000,17
GTX,2468746,7.85,8.2,8.21,7.81,1732165200000000000,8454
GTY,209872,32.86,32.7,33.09,32.67,1732165200000000000,4662
GUG,49169,15.62,15.62,15.68,15.57,1732165200000000000,503
GUMI,12602,50.1599,50.105,50.16,50.105,1732165200000000000,15
GUNR,6351719,39.4,39.65,39.705,39.34,1732165200000000000,11129
GUNZ,485,28.19,28.4291,28.4291,28.19,1732165200000000000,14
GURE,27003,0.57,0.57,0.6,0.57,1732165200000000000,73
GURU,1080,51.697692,51.9389,52.0783,51.697692,1732165200000000000,51
GUSA,104,51.7254,51.7254,51.7254,51.7254,1732165200000000000,17
GUSH,770266,34.25,34.56,35.02,34.13,1732165200000000000,6278
GUT,460021,5.38,5.35,5.38,5.3,1732165200000000000,1288
GUTpC,3646,24.3,24.69,24.78,24.14,1732165200000000000,33
GUTS,209299,2.08,2.06,2.19,2.01,1732165200000000000,1939
GV,198894,1.5,1.59,1.63,1.5,1732165200000000000,849
GVA,357978,98.29,98.21,99.24,97.86,1732165200000000000,10558
GVAL,16071,20.89,20.99,21.0335,20.88,1732165200000000000,120
GVH,123651,0.7401,0.69,0.7592,0.6825,1732165200000000000,459
GVI,179623,104.46,104.51,104.7,104.46,1732165200000000000,672
GVIP,2791,126.85,127.1046,127.53,126.85,1732165200000000000,74
GVLU,3644,25.05,25.3458,25.3885,25.05,1732165200000000000,22
GVUS,63,50.4358,50.4358,50.4358,50.4358,1732165200000000000,8
GWAV,1172255,0.2923,0.305,0.316985,0.29,1732165200000000000,2854
GWH,79324,5.2,5.19,5.4058,5.0374,1732165200000000000,848
GWRE,423934,197.72,199.86,201.595,197.25,1732165200000000000,13051
GWRS,24418,12.96,13.09,13.0913,12.83,1732165200000000000,485
GWW,156996,1182.67,1194.41,1199.44,1173.275,1732165200000000000,9591
GWX,40833,31.54,31.61,31.7,31.54,1732165200000000000,331
GXAI,380015,1.21,1.28,1.35,1.2,1732165200000000000,2178
GXC,66237,77.54,77.56,77.76,77.335,1732165200000000000,631
GXG,42316,23.6,23.7015,23.93,23.475,1732165200000000000,153
GXO,605844,58.58,60,60.08,58.58,1732165200000000000,10644
GXTG,1056,24.81,24.93,24.93,24.81,1732165200000000000,23
GXUS,13,44.6038,44.6038,44.6038,44.6038,1732165200000000000,6
GYLD,10608,12.82,12.85,12.85,12.8,1732165200000000000,23
GYRE,91312,12.87,11.75,12.91,11.7,1732165200000000000,2179
GYRO,530,9.71,8.7401,9.71,8.7401,1732165200000000000,11
H,384520,155,156,156.78,153.71,1732165200000000000,10333
HACK,95732,71.95,73.25,73.64,71.865,1732165200000000000,1658
HAE,566874,85.25,85.43,86.68,84.42,1732165200000000000,11066
HAFC,124841,25.6,25.75,25.99,25.43,1732165200000000000,3923
HAFN,2734399,5.61,5.49,5.6266,5.44,1732165200000000000,8454
HAIA,7982,11.53,11.55,11.57,11.5,1732165200000000000,31
HAIAW,29510,0.0127,0.0127,0.0127,0.0112,1732165200000000000,26
HAIL,3525,27.39,27.6597,27.74,27.3751,1732165200000000000,99
HAIN,2339822,7.32,8.05,8.155,7.17,1732165200000000000,17604
HAL,11476292,31.45,31.87,32.29,31.3,1732165200000000000,81096
HALO,1297846,45.85,45.7,46.115,44.8,1732165200000000000,20586
HAO,4022866,0.2269,0.249,0.26,0.2152,1732165200000000000,3526
HAP,998,50.34,50.6773,50.7114,50.34,1732165200000000000,31
HAPI,2250,35.81,36.18,36.185,35.81,1732165200000000000,18
HAPR,0,25.2,25.2,25.2,25.2,1732165200000000000,0
HAPS,19,31.081,31.081,31.081,31.081,1732165200000000000,5
HAPY,5,24.965,24.965,24.965,24.965,1732165200000000000,2
HARD,1321,25.59,25.6027,25.64,25.555,1732165200000000000,33
HART,30,31.1553,31.1553,31.1553,31.1553,1732165200000000000,3
HAS,1495453,61.9,61.91,62.145,61.49,1732165200000000000,26198
HASI,1021518,28.46,28.59,28.81,28.02,1732165200000000000,11663
HAUS,1478,19.57,19.7744,19.8199,19.57,1732165200000000000,30
HAUZ,220596,20.84,20.88,20.93,20.8185,1732165200000000000,356
HAWX,6852,32.46,32.599,32.66,32.46,1732165200000000000,92
HAYW,2283772,15.81,15.99,16.1,15.81,1732165200000000000,22263
HBAN,21905794,17.51,17.62,17.825,17.4,1732165200000000000,75488
HBANL,14572,25.98,26.11,26.13,25.96,1732165200000000000,186
HBANM,23945,22.96,23.2,23.2,22.96,1732165200000000000,220
HBANP,53710,19,19.11,19.4316,19,1732165200000000000,478
HBB,20993,19.17,19.15,19.45,19.11,1732165200000000000,1014
HBCP,12895,48.62,48.91,49.19,48.62,1732165200000000000,638
HBI,6341768,8.4,8.19,8.475,8.12,1732165200000000000,28430
HBIO,244481,2.19,2.16,2.19,2.09,1732165200000000000,1428
HBM,2709805,9.06,9.13,9.155,8.945,1732165200000000000,11252
HBNC,239638,18.23,18.28,18.49,18.145,1732165200000000000,6446
HBT,31672,23.62,23.88,24.2,23.62,1732165200000000000,839
HCA,2322055,327.17,332.24,332.81,320.17,1732165200000000000,41394
HCAT,653399,7.42,7.66,7.68,7.31,1732165200000000000,8051
HCC,938339,70.77,72.8,74.58,70.71,1732165200000000000,17568
HCI,274002,109.07,110.26,110.89,107.919,1732165200000000000,6056
HCKT,71982,30.77,30.68,30.8,30.44,1732165200000000000,2828
HCM,61886,17.81,17.68,17.82,17.52,1732165200000000000,1072
HCMT,40964,36.99,37.16,37.3107,36.3448,1732165200000000000,230
HCOM,5,15.043,15.043,15.043,15.043,1732165200000000000,5
HCOW,3159,27.1029,27.2204,27.2204,27.1029,1732165200000000000,26
HCP,794593,33.81,33.85,33.985,33.81,1732165200000000000,9015
HCRB,11072,34.92,34.9,34.95,34.88,1732165200000000000,70
HCSG,344468,11.43,11.52,11.72,11.38,1732165200000000000,6259
HCTI,20704,1.22,1.07,1.22,1.04,1732165200000000000,199
HCVI,101,10.52,10.52,10.52,10.52,1732165200000000000,2
HCWB,3964655,0.8623,0.7096,0.8694,0.695,1732165200000000000,7318
HCWC,54053,1.66,1.58,1.69,1.54,1732165200000000000,746
HD,3722586,401.33,410.45,411.39,400.38,1732165200000000000,61612
HDB,1831995,63.48,63.58,63.72,63.16,1732165200000000000,15322
HDEF,220024,24.79,24.86,24.87,24.69,1732165200000000000,895
HDG,450,50.215,50.2603,50.3499,50.215,1732165200000000000,22
HDGE,35589,17.52,17.2452,17.52,17.21,1732165200000000000,193
HDL,53873,16.47,16.48,16.83,16.11,1732165200000000000,303
HDLB,1324,15.34,15.3176,15.365,15.3176,1732165200000000000,22
HDMV,3156,29.48,29.4698,29.4862,29.37,1732165200000000000,28
HDRO,3404,34.04,33.7442,34.04,33.7442,1732165200000000000,108
HDSN,635832,5.91,6.03,6.06,5.89,1732165200000000000,5244
HDUS,6625,57.5,57.88,57.9353,57.38,1732165200000000000,60
HDV,292223,119.08,120.14,120.34,118.72,1732165200000000000,3991
HE,1781135,10.46,10.5,10.64,10.358,1732165200000000000,11567
HEAR,125232,14.8,15.12,15.32,14.8,1732165200000000000,3193
HEAT,1,26.4962,26.4962,26.4962,26.4962,1732165200000000000,1
HECO,1980,39,36.62,39,35.99,1732165200000000000,29
HEDJ,59962,42.66,42.91,43.045,42.57,1732165200000000000,504
HEEM,12312,27.47,27.52,27.58,27.415,1732165200000000000,45
HEES,233818,55.48,56.68,56.92,55.39,1732165200000000000,5031
HEFA,746781,34.77,34.87,34.93,34.6024,1732165200000000000,2992
HEGD,70964,22.69,22.73,22.76,22.5501,1732165200000000000,214
HEI,350470,278.46,277.35,281.97,276,1732165200000000000,13402
HEI.A,175054,215.21,215.42,218.165,213.82,1732165200000000000,5003
HEJD,56,26.4434,26.4434,26.4434,26.4434,1732165200000000000,5
HELE,492771,66.8,69.06,69.69,66.4,1732165200000000000,11000
HELO,344687,62.58,62.55,62.65,62.19,1732165200000000000,1181
HELX,1360,29.19,29.5285,29.54,29.19,1732165200000000000,19
HEPA,13670,0.7,0.69,0.72,0.68,1732165200000000000,91
HEPS,830151,2.83,2.79,2.83,2.71,1732165200000000000,3625
HEQ,30056,10.82,10.84,10.9876,10.81,1732165200000000000,118
HEQT,51636,29.5774,29.72,29.75,29.5724,1732165200000000000,325
HERD,19995,39.42,39.7576,39.8125,39.42,1732165200000000000,76
HERO,19874,22.52,23.47,23.6324,22.31,1732165200000000000,200
HES,1502502,148.35,147.98,149.38,147.3,1732165200000000000,23402
HESM,690754,36.4,36.82,37.05,36.4,1732165200000000000,9807
HEWJ,15337,41.92,41.88,42.03,41.7,1732165200000000000,112
HEZU,26154,35.05,35.285,35.3199,35,1732165200000000000,117
HF,33,23.065,23.065,23.065,23.065,1732165200000000000,5
HFBL,714,12.28,12.29,12.48,12.28,1732165200000000000,17
HFFG,41146,3.44,3.41,3.535,3.4,1732165200000000000,953
HFGO,3770,23.13,23.0989,23.14,22.97,1732165200000000000,41
HFND,13027,22.66,22.78,22.81,22.43,1732165200000000000,60
HFRO,420827,5.2,5.25,5.28,5.16,1732165200000000000,1539
HFROpA,23917,18.58,18.46,18.585,18.27,1732165200000000000,184
HFSP,100,19.69,19.505,19.69,19.505,1732165200000000000,1
HFWA,142851,25.69,25.79,26.22,25.5,1732165200000000000,3585
HFXI,108740,26.3,26.3819,26.42,26.16,1732165200000000000,617
HG,300701,18.74,18.55,18.81,18.55,1732165200000000000,4482
HGBL,36812,1.63,1.61,1.64,1.6011,1732165200000000000,310
HGER,19036,22.69,22.7416,23.49,22.65,1732165200000000000,119
HGLB,41683,7.52,7.58,7.595,7.52,1732165200000000000,215
HGTY,219164,11.09,11.51,11.52,11.07,1732165200000000000,3146
HGV,753068,40.93,41.44,41.74,40.48,1732165200000000000,10831
HHH,296688,79.95,82.15,82.92,79.86,1732165200000000000,7107
HHS,14430,5.76,5.65,5.9,5.5904,1732165200000000000,133
HI,399995,31.97,32.97,33.7,31.97,1732165200000000000,7383
HIBL,93817,45.7,47.11,47.6799,44.84,1732165200000000000,1185
HIBS,294765,18.27,17.58,18.6161,17.42,1732165200000000000,1736
HIDE,2531,23.2005,23.205,23.2198,23.2,1732165200000000000,17
HIDV,209,73.5857,73.5857,73.5857,73.5857,1732165200000000000,13
HIFS,11792,273.71,274.5,276,272.94,1732165200000000000,1000
HIG,903890,118.85,119.64,120.06,117.835,1732165200000000000,21618
HIGpG,22853,25,25.02,25.12,24.99,1732165200000000000,221
HIGH,192120,23.56,23.65,23.65,23.56,1732165200000000000,510
HIHO,4066,1.9142,1.93,1.9398,1.91,1732165200000000000,72
HII,564260,191.9,195.3,195.6,190,1732165200000000000,12571
HIMS,24054422,21.9,24.15,24.58,21.36,1732165200000000000,135999
HIMX,548814,5.23,5.24,5.275,5.155,1732165200000000000,4101
HIO,477965,3.96,3.95,3.97,3.94,1732165200000000000,1041
HIPO,481719,28.8,32.06,32.13,28.5267,1732165200000000000,7977
HIPS,30397,13.04,13.095,13.1,13.03,1732165200000000000,155
HISF,7838,44.06,44.0757,44.24,44.041,1732165200000000000,59
HITI,494576,2.7,2.67,2.75,2.645,1732165200000000000,2111
HIVE,8513953,4.36,4,4.45,3.91,1732165200000000000,23465
HIW,1178770,31.7,31.89,32.12,31.59,1732165200000000000,11531
HIX,316960,4.42,4.41,4.44,4.39,1732165200000000000,636
HIYS,110,25.72,25.715,25.72,25.715,1732165200000000000,4
HJAN,0,24.69,24.69,24.69,24.69,1732165200000000000,0
HJUL,0,24.04,24.04,24.04,24.04,1732165200000000000,0
HKD,218331,2.97,3,3,2.87,1732165200000000000,1058
HKIT,26320,1.3,1.293,1.34,1.27,1732165200000000000,286
HKND,314,32.77,33.0675,33.0675,32.77,1732165200000000000,14
HL,9878173,5.66,5.69,5.74,5.59,1732165200000000000,22985
HLpB,201,54.2,54.2,54.2,54.2,1732165200000000000,5
HLAL,48224,52.47,52.3,52.47,51.8893,1732165200000000000,1712
HLF,1962018,8.49,8.5,8.56,8.185,1732165200000000000,18499
HLGE,2201,32.38,32.37,32.42,32.37,1732165200000000000,14
HLI,298629,188.05,188.66,191.39,186.52,1732165200000000000,10018
HLIO,177961,50.45,52.31,52.435,50.27,1732165200000000000,4582
HLIT,1447995,12.11,12.39,12.44,12.08,1732165200000000000,16290
HLLY,264996,2.66,2.74,2.76,2.655,1732165200000000000,4297
HLLY.WS,405,0.030982,0.030982,0.030982,0.030982,1732165200000000000,2
HLMN,939007,10.85,11.07,11.13,10.77,1732165200000000000,11256
HLN,5160612,9.52,9.55,9.58,9.51,1732165200000000000,10987
HLNE,211850,196,198.17,200.395,195.22,1732165200000000000,8323
HLP,20437,1.27,1.25,1.31,1.22,1732165200000000000,83
HLT,1174371,251.02,251.83,252.405,249.78,1732165200000000000,23195
HLVX,91962,1.81,1.82,1.82,1.78,1732165200000000000,1075
HLX,1165904,11.05,11.19,11.25,10.93,1732165200000000000,11576
HMC,862866,26.15,26.23,26.31,26.1,1732165200000000000,9665
HMN,154721,40.75,40.93,41.246,40.57,1732165200000000000,3545
HMOP,23338,39.84,38.98,39.84,38.92,1732165200000000000,114
HMST,143173,11.28,11.29,11.715,11.26,1732165200000000000,2422
HMY,5529535,9.72,9.57,9.725,9.3701,1732165200000000000,21511
HNDL,85890,21.75,21.91,21.95,21.75,1732165200000000000,411
HNI,430222,55.3,55.56,56.41,55.04,1732165200000000000,6901
HNNA,2932,10.47,10.49,10.49,10.2593,1732165200000000000,53
HNNAZ,952,23.85,24,24,23.85,1732165200000000000,23
HNRG,458489,12.97,12.91,13.35,12.68,1732165200000000000,7401
HNST,4241326,7.25,7.65,7.805,7.25,1732165200000000000,26883
HNVR,34145,22.38,23.3,25.8,20.57,1732165200000000000,1006
HNW,15873,12.28,12.21,12.28,12.175,1732165200000000000,100
HOCT,378,23.95,23.92,23.95,23.92,1732165200000000000,5
HODL,318519,110.21,111.11,112.29,108.26,1732165200000000000,3462
HOFT,23643,17.59,18.9,19.05,17.59,1732165200000000000,1116
HOFV,35641,0.98,0.928,0.98,0.89,1732165200000000000,352
HOFVW,16474,0.004,0.008,0.008,0.004,1732165200000000000,14
HOG,856954,32.52,32.83,32.99,32.305,1732165200000000000,14841
HOLO,2294523,2.13,2.05,2.132,2.01,1732165200000000000,8675
HOLOW,5894,0.0342,0.0369,0.037,0.0315,1732165200000000000,18
HOLX,1438377,78.18,78.72,79.04,77.48,1732165200000000000,27521
HOMB,799987,30.75,30.75,31.01,30.45,1732165200000000000,12198
HOMZ,1057,49.3408,49.4035,49.455,49.3408,1732165200000000000,35
HON,5630844,228,226.09,228.87,224.82,1732165200000000000,59274
HOND,296,10,10,10,10,1732165200000000000,3
HONDU,3338,10.07,10.0794,10.1,10.03,1732165200000000000,69
HONDW,63200,0.09,0.0901,0.102,0.09,1732165200000000000,15
HONE,311926,13.05,12.96,13.16,12.94,1732165200000000000,5167
HOOD,27042355,37.125,35.09,37.125,34.63,1732165200000000000,246461
HOOK,171914,2.66,2.3,2.75,2.19,1732165200000000000,1191
HOPE,516754,13.47,13.5,13.7,13.4,1732165200000000000,7366
HOTH,1023982,0.835,0.8308,0.854,0.7701,1732165200000000000,3801
HOUR,11604,1.55,1.47,1.55,1.47,1732165200000000000,85
HOUS,1127561,4.28,4.36,4.375,4.18,1732165200000000000,7950
HOV,90045,172.87,175.38,184.1,172.87,1732165200000000000,3835
HOVNP,8008,17.67,17.6,17.67,17.5,1732165200000000000,72
HOVR,637548,0.4733,0.465,0.49,0.4505,1732165200000000000,1082
HOVRW,3715,0.0135,0.0112,0.0175,0.0112,1732165200000000000,10
HOWL,569387,1.69,1.78,1.85,1.63,1732165200000000000,2780
HP,1298705,34.12,34.43,35.26,33.73,1732165200000000000,18200
HPAI,52433,6.14,5.47,6.14,5.29,1732165200000000000,2360
HPE,12939852,21.32,21.74,21.96,21.3,1732165200000000000,59351
HPEpC,1405183,61.25,62.63,63.04,61.25,1732165200000000000,728
HPF,36013,17.09,17.06,17.2,17.04,1732165200000000000,205
HPH,96287,0.31,0.3153,0.329999,0.301,1732165200000000000,251
HPI,50846,17.4,17.29,17.45,17.2001,1732165200000000000,242
HPK,329722,15.22,15.48,15.69,15.17,1732165200000000000,5451
HPKEW,704,4.7,4.7,4.7,4.7,1732165200000000000,8
HPP,3665751,3.22,3.05,3.24,3.04,1732165200000000000,14983
HPPpC,49158,13.68,13.86,14.03,13.68,1732165200000000000,282
HPQ,5969606,36.77,37.91,37.96,36.73,1732165200000000000,46600
HPS,46663,15.47,15.54,15.6025,15.47,1732165200000000000,280
HQGO,6,52.7164,52.7164,52.7164,52.7164,1732165200000000000,6
HQH,242175,17.28,17.18,17.315,17.09,1732165200000000000,1543
HQI,19127,14.45,14.99,14.99,14.38,1732165200000000000,616
HQL,115189,13.8,13.83,13.88,13.68,1732165200000000000,793
HQY,696062,103.62,104.65,105.48,102.45,1732165200000000000,13608
HR,1982399,17.57,17.8,17.82,17.43,1732165200000000000,14016
HRB,2584802,56.53,56.87,57.47,55.85,1732165200000000000,27637
HRI,259019,214.13,217.76,218.14,212.92,1732165200000000000,8251
HRL,2093617,30.19,30.5,30.56,30.01,1732165200000000000,26966
HRMY,200979,32.85,33.23,33.31,32.33,1732165200000000000,5560
HROW,396181,42.79,43.88,44.2877,42.15,1732165200000000000,10357
HROWL,2897,25.4016,25.43,25.43,25.35,1732165200000000000,23
HROWM,1956,26.33,26.3501,26.53,26.33,1732165200000000000,36
HRTG,165589,12.24,12.3,12.57,12.15,1732165200000000000,3453
HRTS,17727,30.94,30.77,31.0727,30.69,1732165200000000000,119
HRTX,1576661,1.1,1.06,1.12,1.05,1732165200000000000,5375
HRYU,241922,0.2128,0.2152,0.2254,0.2103,1732165200000000000,359
HRZN,283639,9.22,9.22,9.285,9.22,1732165200000000000,3163
HSAI,417958,4.42,4.61,4.6291,4.4,1732165200000000000,2678
HSBC,922850,46.26,46.32,46.47,46.13,1732165200000000000,10275
HSBH,2710,52.81,53.0059,53.06,52.81,1732165200000000000,22
HSCS,12962,2.55,2.62,2.67,2.533,1732165200000000000,122
HSCSW,1255,0.0338,0.0301,0.0338,0.0301,1732165200000000000,3
HSCZ,23038,31.93,31.99,32.04,31.8052,1732165200000000000,103
HSDT,58117,0.455,0.4302,0.4699,0.4151,1732165200000000000,173
HSHP,137128,6.97,6.91,6.97,6.798,1732165200000000000,1446
HSIC,1568442,73.6,73.77,73.97,71.98,1732165200000000000,28342
HSII,139016,45.27,46.59,46.745,45.08,1732165200000000000,4220
HSMV,2710,37.5975,38.0869,38.1,37.5975,1732165200000000000,22
HSON,3587,15,14.24,15,14.24,1732165200000000000,227
HSPTU,6450,9.99,9.99,9.9906,9.99,1732165200000000000,19
HSRT,22049,39.11,39.11,39.19,39.11,1732165200000000000,76
HST,4364739,17.54,17.89,17.99,17.46,1732165200000000000,34275
HSTM,134542,31.33,31.82,31.93,31.2101,1732165200000000000,3744
HSUN,1460,34.8366,34.85,34.85,34.835,1732165200000000000,5
HSY,1225324,174,174.95,175.66,173.21,1732165200000000000,24666
HTAB,121833,19.63,19.61,19.6696,19.59,1732165200000000000,344
HTBI,39579,37.34,37.44,37.99,37.34,1732165200000000000,1307
HTBK,330604,10.59,10.71,10.84,10.535,1732165200000000000,4344
HTCO,199334,1.25,1.21,1.3064,1.08,1732165200000000000,508
HTCR,40416,1.2,1.3,1.3099,1.2,1732165200000000000,237
HTD,91318,23.15,23.36,23.41,23,1732165200000000000,512
HTEC,1482,28.38,28.5282,28.555,28.37,1732165200000000000,57
HTFB,491,24.5499,24.53,24.5499,24.53,1732165200000000000,4
HTFC,1124,24.35,24.35,24.35,24.35,1732165200000000000,4
HTGC,1635797,18.85,18.53,18.9,18.51,1732165200000000000,14142
HTH,192606,31.53,31.65,31.9,31.4,1732165200000000000,4491
HTHT,794914,35.66,35.92,35.92,35.26,1732165200000000000,10164
HTIA,3463,15.85,15.99,16,15.8301,1732165200000000000,31
HTIBP,1537,15.3,15.5,15.5,15.3,1732165200000000000,6
HTLD,301535,12.37,12.22,12.37,12.14,1732165200000000000,5721
HTLF,118592,65.32,66.3,67.22,65.175,1732165200000000000,3019
HTLFP,1274,25.3199,25.3199,25.3199,25.3199,1732165200000000000,19
HTLM,18933,4.09,3.97,4.1,3.95,1732165200000000000,480
HTOO,504882,0.314,0.294,0.32,0.2825,1732165200000000000,1285
HTOOW,33905,0.0143,0.01,0.0155,0.0083,1732165200000000000,62
HTRB,138255,33.74,33.72,33.775,33.6801,1732165200000000000,735
HTUS,2564,45.653,45.7661,45.88,45.51,1732165200000000000,54
HTZ,6689901,3.76,3.885,3.94,3.63,1732165200000000000,23070
HTZWW,296916,2.09,2.2,2.25,2.09,1732165200000000000,918
HUBB,455040,449.74,456.48,464.59,446.65,1732165200000000000,13445
HUBC,209691,0.54,0.53,0.55,0.515,1732165200000000000,983
HUBCW,1196,0.0145,0.0144,0.0145,0.0116,1732165200000000000,25
HUBCZ,38271,0.01,0.011,0.011,0.01,1732165200000000000,15
HUBG,819627,50.38,49.95,50.85,49.47,1732165200000000000,11440
HUBS,659351,699,720,728.8962,698.47,1732165200000000000,24301
HUDI,5692,1.9427,1.95,1.9799,1.9321,1732165200000000000,51
HUHU,238277,4.01,4.15,4.35,4,1732165200000000000,1286
HUIZ,39301,0.7399,0.6747,0.7399,0.67,1732165200000000000,470
HUM,1214847,293.21,295.71,296.52,291.63,1732165200000000000,29879
HUMA,2970410,4.47,4.38,4.63,4.365,1732165200000000000,17466
HUMAW,9978,1.47,1.58,1.65,1.47,1732165200000000000,63
HUN,1400931,19.36,19.62,19.735,19.21,1732165200000000000,17474
HURA,53807,3.46,3.35,3.46,2.99,1732165200000000000,1077
HURC,34741,21.36,22.89,23.29,21.36,1732165200000000000,794
HURN,81193,121.57,122.01,123.165,120.975,1732165200000000000,2876
HUSA,165790,1.47,1.42,1.5096,1.41,1732165200000000000,1049
HUSV,6151,38.95,39.0828,39.11,38.95,1732165200000000000,58
HUT,8789065,26.05,23.48,26.32,22.54,1732165200000000000,69636
HUYA,875903,3.04,3.02,3.075,2.985,1732165200000000000,5437
HVT,174270,22.67,23.13,23.3,22.47,1732165200000000000,4108
HWAY,119,28.75,28.941,28.941,28.75,1732165200000000000,3
HWBK,6414,30.45,30.89,31.39,29.785,1732165200000000000,392
HWC,306530,57.69,57.9,58.87,57.565,1732165200000000000,8488
HWCPZ,8774,24.07,24.47,24.47,24.07,1732165200000000000,103
HWH,1750,0.65,0.728,0.728,0.65,1732165200000000000,37
HWKN,89687,127.4,128.03,129.855,127.2366,1732165200000000000,3886
HWM,2592866,118.1,116.98,119.28,116.94,1732165200000000000,35983
HXL,571897,58.6,59.52,59.8,58.27,1732165200000000000,12483
HY,66001,54.62,55.42,56.115,54.46,1732165200000000000,2327
HYAC,41450,10.71,10.71,10.72,10.71,1732165200000000000,10
HYAC.WS,383,0.12,0.12,0.12,0.12,1732165200000000000,5
HYB,69864,8.31,8.26,8.31,8.26,1732165200000000000,322
HYBB,58398,46.6,46.58,46.6798,46.58,1732165200000000000,429
HYBI,240207,10.35,10.355,10.37,10.33,1732165200000000000,390
HYBL,197324,28.6,28.595,28.64,28.5901,1732165200000000000,946
HYBX,18291,30.806,30.5566,30.8101,30.42,1732165200000000000,86
HYD,393833,52.29,52.32,52.415,52.29,1732165200000000000,2061
HYDB,471130,47.63,47.58,47.6696,47.58,1732165200000000000,2235
HYDR,16110,23.33,23,23.5601,22.92,1732165200000000000,328
HYDW,2103,46.63,46.605,46.68,46.5706,1732165200000000000,35
HYEM,40329,19.64,19.62,19.7399,19.4801,1732165200000000000,329
HYFI,26123,37.24,37.26,37.37,37.24,1732165200000000000,126
HYFM,267652,0.6103,0.639,0.66499,0.6103,1732165200000000000,549
HYG,28039998,79.54,79.51,79.64,79.47,1732165200000000000,51973
HYGH,55411,86.84,87.0764,87.26,86.8001,1732165200000000000,460
HYGI,89,26.9,26.9,26.9,26.9,1732165200000000000,17
HYGV,147949,41.24,41.24,41.27,41.22,1732165200000000000,533
HYGW,27388,32.34,32.33,32.45,32.3121,1732165200000000000,184
HYHG,20299,65.87,65.82,66.13,65.79,1732165200000000000,194
HYI,42908,12.05,12.14,12.14,12.045,1732165200000000000,308
HYIN,67548,18.54,18.505,18.54,18.45,1732165200000000000,354
HYKE,0,26.715,26.715,26.715,26.715,1732165200000000000,0
HYLB,884776,36.55,36.52,36.58,36.51,1732165200000000000,3515
HYLG,639,24.65,24.7054,24.7054,24.65,1732165200000000000,13
HYLN,5182719,3.11,3.71,3.8,3.05,1732165200000000000,29624
HYLS,220382,41.7,41.59,41.7,41.54,1732165200000000000,1329
HYMB,876184,26,25.97,26.0285,25.96,1732165200000000000,1515
HYMC,100363,2.43,2.39,2.44,2.39,1732165200000000000,974
HYMCL,1400,0.023899,0.0201,0.023899,0.0201,1732165200000000000,5
HYMCW,154203,0.012,0.011999,0.013,0.011,1732165200000000000,26
HYMU,134471,23,22.97,23.049,22.9617,1732165200000000000,442
HYPR,220350,0.9,0.9756,1,0.88,1732165200000000000,424
HYRM,3545,23.78,23.7684,23.79,23.7612,1732165200000000000,5
HYS,169151,94.83,94.7,94.8738,94.57,1732165200000000000,4013
HYSA,20253,15.13,15.17,15.25,15.13,1732165200000000000,86
HYSD,0,20.095,20.095,20.095,20.095,1732165200000000000,0
HYT,625188,9.86,9.86,9.88,9.81,1732165200000000000,2613
HYTR,5024,21.95,21.955,21.955,21.95,1732165200000000000,34
HYUP,246,42.38,42.4141,42.4141,42.38,1732165200000000000,10
HYXF,6123,46.86,46.73,46.86,46.73,1732165200000000000,71
HYXU,15162,49.64,49.7098,49.8,49.6333,1732165200000000000,213
HYZD,10205,22.53,22.5,22.54,22.47,1732165200000000000,74
HYZN,185905,1.64,1.71,1.77,1.58,1732165200000000000,1397
HYZNW,16618,0.0131,0.0138,0.014151,0.013,1732165200000000000,29
HZO,121550,29.01,29.71,29.765,28.97,1732165200000000000,2849
IAC,1059705,47.31,47.73,48.09,47.16,1732165200000000000,18811
IAE,23812,6.21,6.2,6.265,6.2,1732165200000000000,97
IAF,52482,4.48,4.5,4.5189,4.4762,1732165200000000000,187
IAG,4937007,5.67,5.7,5.72,5.55,1732165200000000000,11733
IAGG,522430,51.73,51.71,51.78,51.71,1732165200000000000,2369
IAI,64525,150.94,150.77,151.525,149.52,1732165200000000000,1389
IAK,71736,133.14,134.89,135.03,132.825,1732165200000000000,976
IAPR,169657,26.83,26.7545,26.85,26.54,1732165200000000000,483
IART,2834348,23.06,23,23.14,22.66,1732165200000000000,12719
IAS,832136,10.85,11.2,11.23,10.765,1732165200000000000,10130
IAT,745079,54.41,54.96,55.52,54.41,1732165200000000000,3654
IAU,3074361,50.35,50.44,50.4651,50.24,1732165200000000000,14344
IAUG,13885,24.21,24.27,24.2971,24.21,1732165200000000000,42
IAUM,1666500,26.6,26.65,26.665,26.5479,1732165200000000000,3161
IAUX,18717913,0.57,0.6677,0.6734,0.55,1732165200000000000,20709
IBAC,24718,10.14,10.06,10.14,10.05,1732165200000000000,33
IBACR,10348,0.0651,0.07,0.07,0.06,1732165200000000000,22
IBAT,235,23.39,23.3857,23.39,23.3857,1732165200000000000,7
IBB,1324386,135.51,136.1,136.62,133.615,1732165200000000000,21125
IBBQ,7870,22.22,22.29,22.42,22.07,1732165200000000000,73
IBCP,59494,37.26,37.72,38.04,37.2,1732165200000000000,2306
IBD,47179,23.71,23.59,23.73,23.49,1732165200000000000,307
IBDP,496431,25.17,25.17,25.18,25.17,1732165200000000000,1178
IBDQ,482727,25.08,25.08,25.09,25.07,1732165200000000000,1111
IBDR,408102,24.1,24.08,24.1,24.08,1732165200000000000,1078
IBDS,367070,24.03,24,24.04,24,1732165200000000000,927
IBDT,356416,25.06,25.02,25.06,25.015,1732165200000000000,896
IBDU,613255,22.94,22.93,22.9699,22.91,1732165200000000000,1182
IBDV,269089,21.52,21.48,21.61,21.47,1732165200000000000,821
IBDW,209180,20.55,20.53,20.5853,20.515,1732165200000000000,618
IBDX,147765,24.87,24.83,24.905,24.815,1732165200000000000,685
IBDY,132228,25.42,25.39,25.47,25.35,1732165200000000000,651
IBDZ,53581,25.8,25.63,25.8,25.62,1732165200000000000,131
IBEX,453899,20,21.13,21.63,19.825,1732165200000000000,4750
IBG,12971891,0.859,1.17,1.29,0.785001,1732165200000000000,38263
IBGA,5286,25.09,24.97,25.1,24.9179,1732165200000000000,51
IBGK,120,24.6783,24.6783,24.6783,24.6783,1732165200000000000,5
IBHD,399275,23.22,23.2428,23.25,23.22,1732165200000000000,197
IBHE,86043,23.24,23.25,23.25,23.22,1732165200000000000,371
IBHF,159797,23.275,23.25,23.35,23.24,1732165200000000000,645
IBHG,41311,22.46,22.435,22.47,22.43,1732165200000000000,193
IBHH,35479,23.58,23.57,23.62,23.57,1732165200000000000,158
IBHI,43788,23.7,23.705,23.76,23.7,1732165200000000000,272
IBHJ,8296,26.51,26.48,26.5535,26.48,1732165200000000000,41
IBHK,6296,25.74,25.69,25.75,25.69,1732165200000000000,40
IBIB,5880,25.43,25.42,25.43,25.4,1732165200000000000,48
IBIC,9443,25.57,25.555,25.57,25.55,1732165200000000000,36
IBID,8023,25.68,25.65,25.68,25.65,1732165200000000000,21
IBIE,5640,25.59,25.59,25.62,25.58,1732165200000000000,40
IBIF,4973,25.622,25.605,25.64,25.6,1732165200000000000,42
IBIG,6306,25.5911,25.545,25.61,25.54,1732165200000000000,35
IBIH,5796,25.5,25.475,25.52,25.4553,1732165200000000000,58
IBII,650,25.26,25.225,25.26,25.225,1732165200000000000,6
IBIJ,3647,25.38,25.305,25.38,25.2871,1732165200000000000,60
IBIK,13682,25.243,25.1704,25.26,25.155,1732165200000000000,81
IBIO,150888,2.19,2.45,2.46,2.19,1732165200000000000,601
IBIT,93957586,55.41,55.9,56.505,54.41,1732165200000000000,433289
IBKR,1285796,190.99,191.71,192.25,188.53,1732165200000000000,27521
IBLC,21153,42.72,40.14,43.62,39.3,1732165200000000000,454
IBM,5236434,215.81,222.4,222.63,215.2701,1732165200000000000,83340
IBMM,126163,26.1,26.15,26.15,26.07,1732165200000000000,175
IBMN,46601,26.62,26.6398,26.64,26.62,1732165200000000000,185
IBMO,41008,25.53,25.525,25.54,25.52,1732165200000000000,234
IBMP,47724,25.2871,25.28,25.29,25.27,1732165200000000000,92
IBMQ,36907,25.35,25.36,25.36,25.3317,1732165200000000000,138
IBMR,22677,25.14,25.15,25.163,25.11,1732165200000000000,83
IBMS,11551,25.52,25.54,25.54,25.5099,1732165200000000000,51
IBN,2652062,29.765,29.82,29.875,29.6,1732165200000000000,17013
IBND,69302,28.89,28.8,28.97,28.755,1732165200000000000,289
IBO,28499,2.83,2.62,2.83,2.3929,1732165200000000000,193
IBOC,152692,70.58,71.66,72.03,70.22,1732165200000000000,5468
IBOT,3931,42.82,43.05,43.135,42.66,1732165200000000000,41
IBP,248832,209.91,211.24,215.3699,209.64,1732165200000000000,9104
IBRN,409,26.12,26.1682,26.1682,26.12,1732165200000000000,11
IBRX,3367901,4.91,5.035,5.15,4.8383,1732165200000000000,14036
IBTA,436567,63,67.7,68.48,63,1732165200000000000,7135
IBTE,321861,23.95,23.95,23.96,23.95,1732165200000000000,803
IBTF,525380,23.33,23.33,23.33,23.32,1732165200000000000,1235
IBTG,390754,22.8,22.79,22.81,22.78,1732165200000000000,1070
IBTH,281739,22.22,22.2,22.23,22.1901,1732165200000000000,810
IBTI,188327,21.95,21.92,21.9699,21.92,1732165200000000000,413
IBTJ,164543,21.435,21.405,21.46,21.402,1732165200000000000,362
IBTK,46245,19.34,19.305,19.3591,19.29,1732165200000000000,203
IBTL,80357,19.99,19.955,20.0173,19.94,1732165200000000000,219
IBTM,52550,22.44,22.425,22.4899,22.4,1732165200000000000,294
IBTO,58410,23.95,23.925,24.01,23.8928,1732165200000000000,179
IBTP,6260,25.2149,25.14,25.22,25.1382,1732165200000000000,28
IBTX,237549,63.7,64.67,64.95,63.385,1732165200000000000,4189
IBUF,309,25.4,25.3801,25.4,25.3801,1732165200000000000,5
IBUY,7444,64.51,65.3463,65.52,64.28,1732165200000000000,145
ICAD,223490,1.54,1.54,1.6,1.49,1732165200000000000,799
ICAP,3757,27.98,27.737,27.98,27.55,1732165200000000000,82
ICCC,16922,3.56,3.66,3.76,3.56,1732165200000000000,125
ICCH,20147,23.11,23.0701,23.1101,23.07,1732165200000000000,60
ICCM,874755,0.5985,0.5984,0.61,0.56,1732165200000000000,1670
ICCT,2531501,0.1711,0.175,0.1827,0.1711,1732165200000000000,2102
ICE,2514284,156.7,158.35,159.035,155.51,1732165200000000000,38886
ICF,119175,64.085,64.53,64.78,63.91,1732165200000000000,1315
ICFI,174772,137.91,135.53,138.55,135.3,1732165200000000000,5892
ICG,54663,4.37,4.13,4.4,4.11,1732165200000000000,305
ICHR,189860,31.44,32.56,32.76,31.245,1732165200000000000,4668
ICL,669226,4.45,4.62,4.62,4.45,1732165200000000000,3761
ICLK,76783,3.91,4.1,4.1,3.81,1732165200000000000,334
ICLN,2642176,12.03,12.02,12.12,12.01,1732165200000000000,6802
ICLO,192098,25.61,25.6,25.61,25.6,1732165200000000000,434
ICLR,2425429,204.84,212.76,213.365,204,1732165200000000000,39095
ICMB,34066,3.1,3.21,3.2171,3.04,1732165200000000000,232
ICON,5983,2.2,2.17,2.2,2.13,1732165200000000000,71
ICOP,18948,28.65,28.78,28.78,28.58,1732165200000000000,148
ICOW,436855,29.9,29.91,30.01,29.8119,1732165200000000000,1109
ICRpA,6214,20.9,20.78,20.9,20.61,1732165200000000000,57
ICSH,1662224,50.58,50.565,50.58,50.56,1732165200000000000,2878
ICU,123257,2.22,2.2,2.25,2.15,1732165200000000000,787
ICUCW,18758,0.026,0.0319,0.0319,0.026,1732165200000000000,871
ICUI,172045,168.08,168.84,169.84,167.24,1732165200000000000,5549
ICVT,247285,88.64,87.94,88.805,87.8,1732165200000000000,2094
IDA,281747,117.84,118.8,119.21,117.77,1732165200000000000,10554
IDAI,335568,0.1745,0.1876,0.1898,0.1721,1732165200000000000,446
IDAT,412,32.1331,32.1331,32.1331,32.1331,1732165200000000000,21
IDCC,316975,183.26,183.42,186.46,182.28,1732165200000000000,12353
IDE,62147,11.57,11.63,11.6492,11.475,1732165200000000000,283
IDEC,480,26.46,26.4917,26.4917,26.46,1732165200000000000,4
IDEV,629681,66.06,66.3,66.345,65.87,1732165200000000000,4512
IDGT,9959,78.01,79.45,79.57,77.8283,1732165200000000000,162
IDHQ,69971,28.8,28.91,28.99,28.696,1732165200000000000,305
IDLV,5177,28.72,28.795,28.88,28.72,1732165200000000000,81
IDMO,27465,41.53,41.69,41.815,41.32,1732165200000000000,217
IDN,84640,2.38,2.59,2.7,2.37,1732165200000000000,455
IDNA,44278,23.22,23.3,23.44,23,1732165200000000000,297
IDOG,31713,29.14,29.12,29.14,28.98,1732165200000000000,188
IDR,290148,12.2,11.93,12.32,11.71,1732165200000000000,5135
IDRV,28392,29.18,29.29,29.44,29.1,1732165200000000000,428
IDT,71468,49.57,50.22,50.315,49.015,1732165200000000000,2675
IDU,84770,102.55,104.03,104.03,102.1899,1732165200000000000,744
IDUB,19086,20.51,20.66,20.72,20.51,1732165200000000000,71
IDV,400725,28.31,28.345,28.42,28.2111,1732165200000000000,2291
IDVO,17982,30.5283,30.64,30.72,30.5283,1732165200000000000,262
IDX,24876,16.03,16.03,16.03,15.955,1732165200000000000,185
IDXX,537101,409.55,418.55,419.79,398.5,1732165200000000000,21080
IDYA,1776790,25.64,26.6,26.88,25.2,1732165200000000000,14832
IE,342295,9.08,9.48,9.5,9.08,1732165200000000000,6248
IEDI,5158,53.1105,53.7477,53.7477,53.1105,1732165200000000000,77
IEF,5098247,93.66,93.54,93.83,93.42,1732165200000000000,18552
IEFA,16897105,71.87,71.97,72.09,71.6124,1732165200000000000,30783
IEI,1118004,116.11,115.96,116.24,115.905,1732165200000000000,5844
IEMG,8264727,54.11,54.15,54.22,53.925,1732165200000000000,19589
IEO,82035,101.11,100.8726,102.0399,100.76,1732165200000000000,1477
IEP,730812,11,11.015,11.19,10.93,1732165200000000000,4964
IESC,183755,269.65,270.47,278,262.64,1732165200000000000,9329
IETC,15150,82.26,81.98,82.32,81.17,1732165200000000000,261
IEUR,505178,55,55.07,55.135,54.8082,1732165200000000000,5757
IEUS,1970,53.94,54.05,54.05,53.903,1732165200000000000,39
IEV,311576,52.76,52.84,52.9,52.59,1732165200000000000,1274
IEX,507138,223.35,227.45,228.3,223.15,1732165200000000000,11178
IEZ,106230,21.6,21.92,22.06,21.56,1732165200000000000,974
IFBD,14795,1.72,1.77,1.8269,1.72,1732165200000000000,192
IFEB,0,25.645,25.645,25.645,25.645,1732165200000000000,0
IFED,1239,41.98,42.0478,42.0478,41.98,1732165200000000000,6
IFF,1165064,88.39,89.78,89.97,87.92,1732165200000000000,20094
IFGL,25496,20.08,20.03,20.08,20.03,1732165200000000000,66
IFN,412121,16.89,16.76,16.92,16.68,1732165200000000000,2620
IFRA,321924,50.18,50.87,50.9517,50,1732165200000000000,3174
IFRX,312815,2.05,2.06,2.14,1.97,1732165200000000000,1861
IFS,133082,28.94,28.98,29.23,28.875,1732165200000000000,2222
IFV,8409,19.5,19.36,19.5091,19.3101,1732165200000000000,115
IG,5974,20.7009,20.68,20.723987,20.6748,1732165200000000000,29
IGA,55270,9.64,9.62,9.65,9.5637,1732165200000000000,143
IGBH,20172,24.36,24.3781,24.4089,24.3588,1732165200000000000,104
IGC,174932,0.3339,0.3525,0.3588,0.3302,1732165200000000000,942
IGCB,5,45.3549,45.3549,45.3549,45.3549,1732165200000000000,2
IGD,329596,5.57,5.56,5.58,5.52,1732165200000000000,1163
IGE,31645,47.54,47.81,47.92,47.5305,1732165200000000000,342
IGEB,116882,44.93,44.85,45.0163,44.825,1732165200000000000,916
IGF,774505,54.78,55.34,55.34,54.57,1732165200000000000,5442
IGHG,8393,77.92,77.89,78.6099,77.63,1732165200000000000,117
IGI,5195,16.63,16.61,16.65,16.61,1732165200000000000,28
IGIB,1958184,52.06,51.97,52.13,51.935,1732165200000000000,4154
IGIC,312459,25.55,26.02,26.93,25.12,1732165200000000000,3785
IGLB,1469884,50.69,50.61,50.86,50.515,1732165200000000000,4777
IGLD,63789,21.34,21.41,21.52,21.34,1732165200000000000,341
IGM,187896,101.19,100.87,101.34,99.39,1732165200000000000,2021
IGMS,417056,9.77,8.89,9.82,8.68,1732165200000000000,4034
IGOV,26221,39.39,39.24,39.46,39.1023,1732165200000000000,279
IGPT,41011,47.45,47.31,47.53,46.53,1732165200000000000,487
IGR,399643,5.54,5.54,5.56,5.5,1732165200000000000,1224
IGRO,52737,69.87,70.21,70.23,69.574,1732165200000000000,405
IGSB,4399866,51.86,51.82,51.91,51.81,1732165200000000000,4979
IGT,876248,18.69,18.99,19,18.56,1732165200000000000,10723
IGTA,8392,11.6698,11.68,11.68,11.66,1732165200000000000,32
IGTAR,28876,0.1686,0.159,0.1686,0.1137,1732165200000000000,36
IGTAW,400,0.069,0.0689,0.069,0.0689,1732165200000000000,4
IGTR,31086,25.63,25.6102,25.68,25.56,1732165200000000000,106
IGV,6883454,104.59,104.54,105.75,103.695,1732165200000000000,70035
IH,116870,1.62,1.548,1.635,1.47,1732165200000000000,233
IHAK,82572,49.2,50.0044,50.23,49.2,1732165200000000000,733
IHD,124685,5.12,5.09,5.1626,5.08,1732165200000000000,365
IHDG,285246,43.39,43.67,43.7,43.24,1732165200000000000,1993
IHE,46382,67.45,68.06,68.23,67.1,1732165200000000000,1371
IHF,63033,52.94,53.42,53.42,52.76,1732165200000000000,573
IHG,127522,122.71,123.96,124.0899,122.26,1732165200000000000,3460
IHI,497799,59.93,60.4,60.51,59.77,1732165200000000000,6041
IHRT,892909,2.34,2.45,2.495,2.24,1732165200000000000,5523
IHS,412669,2.86,2.87,2.89,2.71,1732165200000000000,4328
IHT,3770,2.0498,2.035,2.05,2.0099,1732165200000000000,42
IHTA,24312,7.53,7.55,7.55,7.53,1732165200000000000,112
IHY,5584,20.76,20.76,20.78,20.74,1732165200000000000,51
IHYF,2574,22.59,22.61,22.63,22.5804,1732165200000000000,64
IIF,46236,27.59,27.44,27.59,27.38,1732165200000000000,274
IIGD,4704,24.27,24.21,24.27,24.21,1732165200000000000,24
III,80818,3.24,3.335,3.3695,3.24,1732165200000000000,1116
IIIN,97229,29.9,30.11,30.29,29.81,1732165200000000000,2930
IIIV,285101,24.39,23.38,24.54,23.325,1732165200000000000,6304
IIM,165481,12.28,12.23,12.2899,12.21,1732165200000000000,813
IINN,356960,1.35,1.35,1.45,1.32,1732165200000000000,944
IINNW,30244,0.3,0.59,0.59,0.285,1732165200000000000,155
IIPR,284384,105.24,105.77,107.83,104.8481,1732165200000000000,7004
IIPRpA,1034,26.46,26.4214,26.46,26.33,1732165200000000000,12
IJAN,6809,30.781,30.889,30.9398,30.78,1732165200000000000,40
IJH,7450514,64.94,65.73,65.9,64.765,1732165200000000000,31932
IJJ,284620,129.72,131.3,131.6,129.4212,1732165200000000000,2072
IJK,195472,95.16,96.25,96.45,94.78,1732165200000000000,2164
IJR,3651209,121.55,122.98,123.36,121.31,1732165200000000000,39055
IJS,355157,112.19,113.72,114.0296,112.07,1732165200000000000,3728
IJT,132046,144.44,145.95,146.3811,144.09,1732165200000000000,1719
IJUL,15228,27.82,27.83,27.8999,27.81,1732165200000000000,68
IJUN,4407,24.69,24.67,24.7,24.63,1732165200000000000,22
IKNA,80296,1.69,1.73,1.771,1.69,1732165200000000000,599
IKT,257164,1.98,2.01,2.025,1.75,1732165200000000000,1590
ILAG,4358,1.0599,1.0499,1.0599,1.02,1732165200000000000,74
ILCB,19363,82.31,82.36,82.571,81.69,1732165200000000000,151
ILCG,67502,89.52,89.14,89.52,88.14,1732165200000000000,595
ILCV,10702,83.44,83.8918,84.05,83.1,1732165200000000000,167
ILDR,4277,25.96,26.0479,26.065,25.77,1732165200000000000,27
ILF,2807512,23.89,23.87,24.035,23.79,1732165200000000000,7077
ILIT,7525,11.2,11.38,11.38,11.2,1732165200000000000,44
ILLR,369960,3.69,3.85,3.86,3.58,1732165200000000000,2155
ILLRW,28026,0.2192,0.2,0.2192,0.181,1732165200000000000,30
ILMN,2026178,131.35,136.99,137.19,130.11,1732165200000000000,31893
ILOW,26858,34.74,34.85,34.85,34.63,1732165200000000000,34
ILPT,275592,3.66,3.66,3.685,3.57,1732165200000000000,2331
ILTB,72578,50.13,49.93,50.23,49.8279,1732165200000000000,623
IMAB,340099,0.98,0.959,1,0.9145,1732165200000000000,1270
IMAR,9879,25.32,25.3092,25.35,25.3092,1732165200000000000,10
IMAX,303605,24.69,24.71,24.9,24.5301,1732165200000000000,5654
IMAY,40,25.1493,25.1493,25.1493,25.1493,1732165200000000000,2
IMCB,15289,80.08,80.6029,80.7916,80.0296,1732165200000000000,189
IMCC,6013,2.77,2.81,2.918,2.77,1732165200000000000,198
IMCG,130092,78.41,78.87,79.0998,77.97,1732165200000000000,1311
IMCR,170016,32.57,32.12,32.7,31.74,1732165200000000000,3688
IMCV,5227,79.14,79.6415,79.81,79.0395,1732165200000000000,157
IMFL,30235,23.85,23.97,23.99,23.79,1732165200000000000,77
IMG,108881,0.57,0.5205,0.57,0.52,1732165200000000000,410
IMKTA,64538,69.9,70.33,70.7,69.03,1732165200000000000,3247
IMMP,110359,1.93,1.84,1.93,1.81,1732165200000000000,684
IMMR,609102,8.4,8.66,8.7,8.27,1732165200000000000,7443
IMMX,373273,1.8,1.68,1.89,1.65,1732165200000000000,1274
IMNM,663056,9.43,9.42,9.7123,9.05,1732165200000000000,8432
IMNN,237133,0.6635,0.693,0.6986,0.64,1732165200000000000,596
IMO,274609,76.02,77.09,77.43,76.02,1732165200000000000,4963
IMOM,3785,27.79,27.9042,27.91,27.74,1732165200000000000,45
IMOS,48319,19.5,19.4,19.51,19.39,1732165200000000000,562
IMPP,107951,3.44,3.4,3.47,3.39,1732165200000000000,958
IMPPP,903,25.2832,25.3001,25.3001,25.2832,1732165200000000000,11
IMRN,8234,1.9,1.9091,1.96,1.82,1732165200000000000,35
IMRX,478916,2.03,2.11,2.23,2.03,1732165200000000000,1781
IMSI,1547,51.26,51.215,51.26,51.21,1732165200000000000,10
IMTB,5449,42.82,42.86,42.93,42.82,1732165200000000000,53
IMTE,8377,1.13,1.203,1.2199,1.13,1732165200000000000,60
IMTM,485572,38.39,38.54,38.59,38.3,1732165200000000000,1324
IMTX,780544,7.8,7.58,8.04,7.58,1732165200000000000,7113
IMUX,466882,1.08,1.11,1.125,1.05,1732165200000000000,1843
IMVT,645747,26.43,26.54,26.78,25.9,1732165200000000000,12723
IMXI,178136,21.22,21.2,21.49,21.06,1732165200000000000,3813
INAB,547222,0.3226,0.32,0.35,0.3036,1732165200000000000,1107
INAQW,26496,0.103,0.0321,0.115,0.0312,1732165200000000000,123
INBK,26522,39.96,40.75,40.85,39.73,1732165200000000000,1215
INBKZ,5406,25.34,25.34,25.34,25.08,1732165200000000000,35
INBS,317975,1.51,1.64,1.735,1.495,1732165200000000000,1791
INBX,68462,14.14,13.98,14.625,13.64,1732165200000000000,1770
INCE,15249,58.22,58.4982,58.4982,57.99,1732165200000000000,106
INCM,128174,26.8,26.9,26.96,26.8,1732165200000000000,976
INCO,51392,66.82,66.93,66.93,66.584,1732165200000000000,554
INCR,22602,1.38,1.34,1.38,1.29,1732165200000000000,301
INCY,2145323,71.33,70.39,71.4,69.3,1732165200000000000,31484
INDA,6067041,53.13,53.19,53.2,52.89,1732165200000000000,26606
INDB,306267,71.21,72.14,72.9484,70.76,1732165200000000000,5163
INDE,6836,29.67,29.7333,29.7333,29.44,1732165200000000000,27
INDF,1054,37.52,37.6287,37.76,37.3701,1732165200000000000,47
INDH,3116,41.64,41.65,41.69,41.53,1732165200000000000,44
INDI,2170081,4.585,4.65,4.73,4.4,1732165200000000000,15102
INDL,53971,61.58,61.46,61.58,60.85,1732165200000000000,997
INDO,391946,3.32,3.23,3.3795,3.16,1732165200000000000,1911
INDP,9063,1.05,1.045,1.06,1.02,1732165200000000000,90
INDS,15099,38.31,38.2561,38.445,38.1,1732165200000000000,158
INDV,1003262,10.52,10.76,10.78,10.445,1732165200000000000,4257
INDY,115292,51.5,51.41,51.508,51.21,1732165200000000000,1227
INEQ,1561,30.04,30.0214,30.05,29.99,1732165200000000000,5
INFA,1603079,26,26.45,26.83,25.93,1732165200000000000,17482
INFL,118494,41.33,41.75,41.8416,41.31,1732165200000000000,983
INFN,1703726,6.64,6.61,6.69,6.595,1732165200000000000,4232
INFO,403,20.91,20.71,20.91,20.53,1732165200000000000,7
INFR,10,24.195,24.195,24.195,24.195,1732165200000000000,1
INFU,41057,9.05,9.24,9.24,8.96,1732165200000000000,697
INFY,6121492,21.82,21.96,22.04,21.77,1732165200000000000,20915
ING,2930530,15.58,15.64,15.67,15.5001,1732165200000000000,11242
INGM,226242,21.99,21.47,22.07,21.25,1732165200000000000,2674
INGN,149700,9.47,9.21,9.49,9.2,1732165200000000000,3695
INGR,369443,142.31,144.36,145.01,142.31,1732165200000000000,10425
INHD,44565,4.95,5.06,5.19,4.75,1732165200000000000,2508
INKM,9288,32.37,32.4261,32.444,32.37,1732165200000000000,40
INKT,24484,0.6829,0.69005,0.71,0.67,1732165200000000000,531
INLX,7904,15.64,14.8008,16.5,14.65,1732165200000000000,202
INM,52062,4.19,4.65,4.99,4.09,1732165200000000000,695
INMB,186960,4.56,4.76,4.86,4.47,1732165200000000000,1680
INMD,949888,18.35,18.485,18.74,18.28,1732165200000000000,14221
INMU,5108,23.77,23.7547,23.79,23.7547,1732165200000000000,15
INN,983377,6.11,6.23,6.24,6.08,1732165200000000000,4606
INNpE,3011,20.93,20.82,20.93,20.63,1732165200000000000,63
INNpF,2501,20.71,20.6701,20.71,20.6701,1732165200000000000,23
INNO,5360,16.905,17.07,17.13,16.905,1732165200000000000,10
INNV,39182,4.7,4.63,4.85,4.51,1732165200000000000,701
INO,565955,4.01,4.06,4.24,3.97,1732165200000000000,3715
INOD,2145437,46.99,46.23,47.69,43.7,1732165200000000000,29100
INOV,2273,28.57,28.8201,28.88,28.57,1732165200000000000,18
INQQ,29198,15.81,15.9,15.95,15.775,1732165200000000000,179
INRO,893,28.1001,28.2663,28.32,28,1732165200000000000,10
INSE,115733,9.97,9.95,10.115,9.82,1732165200000000000,1691
INSG,197097,12.42,12.21,12.6,11.9,1732165200000000000,3668
INSI,3829,17.31,17.2,17.31,17.16,1732165200000000000,37
INSM,1373716,73.12,73.81,74.09,70.935,1732165200000000000,20961
INSP,406408,184.88,186.19,187.17,182.14,1732165200000000000,11144
INSW,530549,41.6,41.35,41.75,40.86,1732165200000000000,8842
INTA,665099,59.09,59.15,59.77,58.51,1732165200000000000,13955
INTC,58928410,24.08,24.44,24.77,23.83,1732165200000000000,205199
INTF,115360,29.27,29.33,29.38,29.1901,1732165200000000000,348
INTG,2328,14.01,13.98,14.09,13.65,1732165200000000000,40
INTJ,6721,0.8699,0.8388,0.8699,0.8362,1732165200000000000,66
INTL,15324,22.51,22.53,22.59,22.48,1732165200000000000,120
INTR,3534609,5.73,5.54,5.75,5.465,1732165200000000000,16530
INTS,91567,2.86,2.7,2.95,2.5,1732165200000000000,494
INTT,45357,7.43,7.79,7.94,7.37,1732165200000000000,838
INTU,2318306,659.78,678.7,681.5894,656.75,1732165200000000000,77492
INTZ,61969,0.62,0.6207,0.6273,0.610272,1732165200000000000,210
INUV,650896,0.2346,0.2299,0.2347,0.2193,1732165200000000000,836
INV,34633,11.42,10.66,11.43,10.37,1732165200000000000,2653
INVA,655846,19.2,19.06,19.3,18.98,1732165200000000000,6968
INVE,86249,3.94,3.95,3.95,3.82,1732165200000000000,781
INVH,2912104,33.76,33.82,33.93,33.51,1732165200000000000,24097
INVX,517178,17,17.36,17.66,16.76,1732165200000000000,8248
INVZ,1105077,0.5224,0.53,0.53,0.5,1732165200000000000,2846
INVZW,8409,0.060001,0.0451,0.07,0.045,1732165200000000000,28
INZY,371491,2.8,2.69,2.8037,2.61,1732165200000000000,3086
IOBT,5135672,0.83,0.682,0.86025,0.66,1732165200000000000,3215
IOCT,15061,29.32,29.34,29.43,29.32,1732165200000000000,80
ION,1980,28.7,28.7122,28.73,28.56,1732165200000000000,22
IONQ,43881811,28.8,32.78,33.8013,28.48,1732165200000000000,374057
IONQ.WS,605612,17.2202,21.27,22.29,17.12,1732165200000000000,10081
IONR,26637,5.62,5.65,5.76,5.4385,1732165200000000000,279
IONS,1954500,35.62,33.94,35.65,33.63,1732165200000000000,25905
IOO,226851,99.78,99.14,99.9117,98.0801,1732165200000000000,2407
IOPP,5616,28.3135,28.42,28.42,28.3135,1732165200000000000,44
IOSP,119225,118.81,118.34,119.22,117.76,1732165200000000000,3193
IOT,2854446,53.01,54.88,55.39,52.93,1732165200000000000,39808
IOVA,4416234,8.15,8.24,8.38,7.98,1732165200000000000,26545
IP,4166357,58.2,59.18,59.53,57.94,1732165200000000000,44869
IPA,398795,0.38,0.3484,0.415,0.3248,1732165200000000000,640
IPAC,41326,62.78,62.92,63.04,62.69,1732165200000000000,362
IPAR,108532,128.03,130.655,131.13,126.49,1732165200000000000,4674
IPAV,2,23.5394,23.5394,23.5394,23.5394,1732165200000000000,2
IPAY,41171,59.82,60.11,60.61,59.49,1732165200000000000,353
IPB,1311,25.99,25.8,25.99,25.8,1732165200000000000,10
IPDN,85969,0.73,0.748,0.77,0.5937,1732165200000000000,246
IPDP,13,20.5645,20.5645,20.5645,20.5645,1732165200000000000,3
IPG,5054906,28.41,29.15,29.26,28.27,1732165200000000000,40558
IPGP,192958,73.99,74.81,75.6,73.195,1732165200000000000,7336
IPHA,1303,1.65,1.7,1.7,1.56,1732165200000000000,15
IPI,276291,26.63,26.8,27.24,25.1,1732165200000000000,2865
IPKW,4818,41.13,41.2,41.212,40.98,1732165200000000000,55
IPO,60435,45.06,45.56,45.72,44.8951,1732165200000000000,655
IPOS,960,12.14,12.1551,12.1551,12.125,1732165200000000000,24
IPPP,227,10.265,10.3229,10.3229,10.265,1732165200000000000,5
IPSC,325950,1.28,1.24,1.28,1.2,1732165200000000000,2407
IPW,345101,0.62,0.69,0.73,0.61,1732165200000000000,572
IPWR,76314,5.96,6.77,6.9,5.96,1732165200000000000,1588
IPX,112581,26.51,28.4,28.425,26.07,1732165200000000000,1085
IPXX,1157,10.715,10.715,10.75,10.7,1732165200000000000,19
IPXXW,97146,0.3001,0.32,0.32,0.3,1732165200000000000,8
IQ,40478604,2,2.02,2.03,1.92,1732165200000000000,59653
IQDE,1193,21.67,21.6729,21.6729,21.67,1732165200000000000,11
IQDF,25037,24.38,24.47,24.48,24.365,1732165200000000000,179
IQDG,55434,34.88,34.97,35.0066,34.77,1732165200000000000,236
IQDY,4529,28.68,28.7476,28.7476,28.631,1732165200000000000,48
IQHI,84,26.78,26.78,26.78,26.78,1732165200000000000,1
IQI,134888,10,9.97,10,9.96,1732165200000000000,421
IQLT,1070308,37.93,38.08,38.095,37.805,1732165200000000000,2750
IQM,5520,66.64,67.5085,67.7799,66.64,1732165200000000000,42
IQQQ,11410,42.35,42.77,42.8942,42.269,1732165200000000000,155
IQRA,1,27.2285,27.2285,27.2285,27.2285,1732165200000000000,1
IQSI,3376,28.8299,28.8633,28.8799,28.77,1732165200000000000,22
IQSM,192,34.1853,34.2945,34.2945,34.1853,1732165200000000000,1
IQSU,971,49.13,49.2321,49.2321,49.13,1732165200000000000,73
IQV,1858637,195.17,197.6,197.93,191.821,1732165200000000000,33652
IR,2180895,103.33,103.04,103.8685,102.41,1732165200000000000,31715
IRBT,1187408,6.65,6.96,7.12,6.64,1732165200000000000,10161
IRD,83206,0.98,0.9841,1,0.97,1732165200000000000,375
IRDM,813881,27.82,28.47,28.605,27.47,1732165200000000000,16794
IREN,22627109,10.62,9.72,10.83,9.34,1732165200000000000,92749
IRET,602,21.79,21.7378,21.79,21.7378,1732165200000000000,9
IRIX,11579,1.73,1.72,1.7803,1.69,1732165200000000000,76
IRM,1475902,116.31,118.73,119.5059,116.09,1732165200000000000,22072
IRMD,41606,52.35,53.23,54.81,52.07,1732165200000000000,2434
IROH,1528,10.31,10.31,10.32,10.31,1732165200000000000,5
IROHU,1800,10.755,10.755,10.755,10.755,1732165200000000000,1
IROHW,11421,0.054,0.0451,0.054,0.0451,1732165200000000000,36
IRON,362395,63,63.505,64.2,61.36,1732165200000000000,7249
IROQ,1471,21.31,21.1775,21.31,21.1775,1732165200000000000,26
IRS,205511,16.76,16.29,16.7644,15.97,1732165200000000000,2847
IRS.WS,38385,1.9,1.8077,1.94,1.8077,1732165200000000000,188
IRT,1059291,21.45,21.48,21.705,21.37,1732165200000000000,11045
IRTC,469923,73.92,73.9,75.145,72.615,1732165200000000000,10719
IRTR,7935,28.63,28.63,28.67,28.63,1732165200000000000,52
IRVH,117,20.2339,20.2339,20.2339,20.2339,1732165200000000000,6
IRWD,2566595,3.53,3.34,3.74,3.31,1732165200000000000,14080
ISCB,4243,62.0035,62.2373,62.4964,62.0035,1732165200000000000,60
ISCF,10633,32.87,32.9284,32.9699,32.7901,1732165200000000000,136
ISCG,27036,51.86,52.33,52.4957,51.45,1732165200000000000,277
ISCV,6691,66.4075,67.07,67.2548,66.4075,1732165200000000000,96
ISD,122396,13.84,13.87,13.92,13.73,1732165200000000000,511
ISDB,1054,24.9,24.88,24.9,24.88,1732165200000000000,8
ISDR,11881,9.6,9.7656,9.7656,9.4101,1732165200000000000,136
ISEP,25769,27.6,27.65,27.65,27.58,1732165200000000000,79
ISHG,319,69.85,69.85,69.85,69.85,1732165200000000000,25
ISHP,757,36.35,36.46,36.46,36.35,1732165200000000000,6
ISMD,16507,38.98,39.42,39.47,38.73,1732165200000000000,127
ISPC,114203,4.61,4.58,4.84,4.41,1732165200000000000,897
ISPO,27888,3.72,3.6,3.72,3.4342,1732165200000000000,284
ISPOW,2461,0.0185,0.0123,0.0186,0.0123,1732165200000000000,12
ISPR,102465,6.29,6.25,6.56,6.1,1732165200000000000,1586
ISPY,279846,45.12,45.26,45.3,44.8101,1732165200000000000,1279
ISRA,2727,41.735,42.1167,42.21,41.735,1732165200000000000,73
ISRG,1396346,544.85,550.62,551.78,540.355,1732165200000000000,42817
ISRL,7391,11.28,11.28,11.28,11.26,1732165200000000000,130
ISSC,68233,7.7,7.47,7.7899,7.465,1732165200000000000,393
ISTB,166445,47.86,47.85,47.9,47.83,1732165200000000000,875
ISTR,18073,23.38,23.39,23.745,23.3,1732165200000000000,504
ISVL,740,35.361,35.4289,35.44,35.361,1732165200000000000,18
ISWN,1420,18.33,18.3592,18.3592,18.33,1732165200000000000,7
IT,526040,520.19,519.24,523.7,516.44,1732165200000000000,16407
ITA,390974,152.3,152.92,153.92,151.6,1732165200000000000,6393
ITAN,5221,31.51,31.6963,31.6963,31.5099,1732165200000000000,15
ITB,1380413,118.1,118.45,119.545,117.6,1732165200000000000,23983
ITCI,390176,85.51,85.45,86.05,84.375,1732165200000000000,9489
ITDB,6894,30.1381,30.228,30.2599,30.1381,1732165200000000000,59
ITDC,6401,30.79,30.7973,30.83,30.66,1732165200000000000,69
ITDD,598,31.35,31.3633,31.3633,31.35,1732165200000000000,23
ITDE,2851,31.78,31.88,31.9,31.695,1732165200000000000,43
ITDF,1840,32.21,32.25,32.26,32.07,1732165200000000000,32
ITDG,2516,32.22,32.3554,32.405,32.2199,1732165200000000000,35
ITDH,1277,32.29,32.37,32.37,32.28,1732165200000000000,48
ITDI,2198,32.2928,32.3633,32.3952,32.2928,1732165200000000000,43
ITDJ,31,24.9013,24.9013,24.9013,24.9013,1732165200000000000,4
ITEQ,9518,50.62,51.65,51.84,50.62,1732165200000000000,118
ITGR,136686,134.26,135.88,136.67,133.59,1732165200000000000,4513
ITIC,16170,277.26,281.6,284.38,277.26,1732165200000000000,1103
ITM,393985,46.05,46.145,46.21,46.05,1732165200000000000,2106
ITOS,825649,7.8,8.13,8.23,7.54,1732165200000000000,5411
ITOT,1042949,130.88,131.04,131.3456,129.653,1732165200000000000,10867
ITP,53038,0.23,0.223,0.23,0.22,1732165200000000000,299
ITRG,177996,0.95,0.9334,0.9667,0.92,1732165200000000000,208
ITRI,572020,115.32,116.37,118.25,114.5575,1732165200000000000,11608
ITRM,1883844,1.71,1.77,1.83,1.56,1732165200000000000,4704
ITRN,96777,27.62,28.5,29.47,27.62,1732165200000000000,2890
ITT,231984,152.72,155.46,156,151.56,1732165200000000000,6517
ITUB,24940335,5.88,5.86,5.92,5.845,1732165200000000000,28842
ITW,763966,266.38,269.85,271.185,265.46,1732165200000000000,19009
ITWO,2637,42.4,42.6378,42.6378,42.4,1732165200000000000,73
IUS,41549,51.25,51.44,51.51,50.9,1732165200000000000,331
IUSB,3920638,45.39,45.59,45.7,45.39,1732165200000000000,5170
IUSG,727667,137.96,137.27,137.96,135.51,1732165200000000000,6864
IUSV,407150,97.3,98.15,98.34,97,1732165200000000000,3197
IVA,14169,2.64,2.66,2.67,2.51,1732165200000000000,105
IVAC,100741,2.58,2.65,2.65,2.55,1732165200000000000,803
IVAL,13395,24.17,24.17,24.24,24.0925,1732165200000000000,93
IVCAW,100,0.0651,0.0651,0.0651,0.0651,1732165200000000000,1
IVCB,208,11.53,11.52,11.53,11.52,1732165200000000000,8
IVCP,1251,11.08,11.08,11.08,11.08,1732165200000000000,13
IVDA,824335,2,2.29,2.43,1.93,1732165200000000000,4055
IVDAW,43102,0.034,0.0499,0.0499,0.034,1732165200000000000,67
IVE,442781,200.45,202.23,202.707,199.98,1732165200000000000,7725
IVEG,554,20.7199,20.66,20.72,20.66,1732165200000000000,6
IVLU,245788,27.64,27.67,27.72,27.58,1732165200000000000,1213
IVOG,26290,118.8,119.95,120.24,118.24,1732165200000000000,401
IVOL,953453,17.98,17.91,18,17.88,1732165200000000000,1468
IVOO,73836,110.03,111.38,111.6,109.735,1732165200000000000,683
IVOV,18042,100.41,101.7668,102,100.41,1732165200000000000,238
IVP,1297517,0.2242,0.2163,0.23,0.2106,1732165200000000000,1656
IVR,668529,8.08,8.11,8.19,8.07,1732165200000000000,6328
IVRpB,121715,25.3552,25.31,25.3552,25.29,1732165200000000000,310
IVRpC,12069,24.3,23.7,24.3,23.5,1732165200000000000,174
IVRA,2797,16.6703,16.6665,16.6703,16.6621,1732165200000000000,67
IVRS,301,35.048,35.2803,35.2803,35.048,1732165200000000000,9
IVT,309484,30.98,30.91,31.18,30.905,1732165200000000000,4433
IVV,4175410,596.36,596.48,598.02,590.32,1732165200000000000,53192
IVVB,9477,30.865,31.02,31.03,30.85,1732165200000000000,53
IVVD,730998,0.7636,0.6998,0.7736,0.6956,1732165200000000000,2961
IVVM,17718,30.99,31.1,31.3,30.919,1732165200000000000,110
IVVW,8155,49.93,50.11,50.22,49.8859,1732165200000000000,62
IVW,1890592,100.14,99.63,100.325,98.38,1732165200000000000,19192
IVZ,2362986,17.55,17.68,17.85,17.455,1732165200000000000,24568
IWB,593248,327.03,327.44,328.205,324.18,1732165200000000000,7608
IWC,21585,131.02,132.54,133.19,130.39,1732165200000000000,500
IWD,1873663,194.56,196.11,196.62,194.06,1732165200000000000,13638
IWDL,0,43.0796,43.0796,43.0796,43.0796,1732165200000000000,0
IWF,1522953,395.28,393.72,395.93,388.405,1732165200000000000,20502
IWFG,28,48.7492,48.7492,48.7492,48.7492,1732165200000000000,9
IWFL,6,46.8147,46.8147,46.8147,46.8147,1732165200000000000,2
IWL,43402,145.5,145.43,145.835,143.97,1732165200000000000,547
IWLG,1259,47.48,47.7,47.82,47.48,1732165200000000000,41
IWM,28679385,232.16,234.44,235.57,231.11,1732165200000000000,178686
IWMI,68137,52.39,52.52,52.61,52.0808,1732165200000000000,720
IWML,3968,23.58,24.1029,24.12,23.58,1732165200000000000,51
IWMW,2967,48.2,47.6227,48.2,47.18,1732165200000000000,60
IWMY,72717,32.51,32.56,32.56,32.375,1732165200000000000,1849
IWN,1372999,173.71,175.26,176.0249,173.32,1732165200000000000,15309
IWO,431039,300.92,304.85,306.21,299.5,1732165200000000000,5914
IWP,1486342,131.2,132.29,132.74,130.38,1732165200000000000,8603
IWR,1338378,92.76,93.49,93.725,92.37,1732165200000000000,13128
IWS,447411,136.35,137.38,137.7201,135.91,1732165200000000000,4341
IWTR,139,31.25,31.26,31.26,31.25,1732165200000000000,6
IWV,214659,340.02,340.51,341.43,337.27,1732165200000000000,1944
IWX,91896,82.98,83.64,83.88,82.83,1732165200000000000,542
IWY,200022,230.01,228.67,230.18,225.56,1732165200000000000,3921
IX,37679,107.42,107.82,108.35,107.2,1732165200000000000,892
IXC,235102,42.77,42.97,43.19,42.68,1732165200000000000,3058
IXG,13836,99.29,99.9729,100.21,99.29,1732165200000000000,115
IXHL,19532,2.11,1.97,2.11,1.96,1732165200000000000,155
IXJ,113225,89.74,90.16,90.3,89.32,1732165200000000000,2324
IXN,232144,83.27,83.15,83.52,82.12,1732165200000000000,3164
IXP,30416,96.42,95.4,96.42,94.465,1732165200000000000,232
IXUS,1412725,67.95,68.12,68.16,67.72,1732165200000000000,7346
IYC,49906,94.32,94.68,94.8,93.84,1732165200000000000,642
IYE,147034,50.98,51.18,51.47,50.82,1732165200000000000,1156
IYF,165919,115.47,116.4,116.86,115.21,1732165200000000000,2055
IYG,42393,79.92,80.47,80.835,79.84,1732165200000000000,1416
IYH,204235,60.17,60.65,60.7566,59.9,1732165200000000000,1984
IYJ,82600,139.67,140.8,141.27,139.33,1732165200000000000,648
IYK,58736,68.79,69.4,69.4799,68.64,1732165200000000000,692
IYLD,22469,20.13,20.139,20.17,20.09,1732165200000000000,110
IYM,7898,145.12,146.0391,146.16,144.7188,1732165200000000000,191
IYR,3826251,99.05,99.62,99.925,98.63,1732165200000000000,44968
IYT,568541,72.42,72.61,72.92,72.24,1732165200000000000,5436
IYW,484552,159.55,158.97,160.25,156.545,1732165200000000000,6808
IYY,22532,145.32,145.45,145.69,144.06,1732165200000000000,410
IYZ,1072083,27.04,27.18,27.37,27,1732165200000000000,6040
IZEA,49882,2.86,2.89,2.94,2.682,1732165200000000000,378
IZM,46699,2.23,2.28,2.29,2.2101,1732165200000000000,340
IZRL,6033,21.13,21.39,21.59,21.13,1732165200000000000,154
IZTC,32153,13.58,14.5,14.5,13.5,1732165200000000000,473
J,1034876,133.05,135.43,136.26,132.24,1732165200000000000,18483
JAAA,3316733,50.95,50.94,50.95,50.9201,1732165200000000000,6853
JACK,1248762,45.83,47.8,48.42,44.13,1732165200000000000,22908
JADE,268,47.7,47.799,47.8045,47.7,1732165200000000000,6
JAGX,103832,0.9742,0.9847,0.9993,0.96,1732165200000000000,592
JAJL,5721,26.96,27.0201,27.0201,26.96,1732165200000000000,24
JAKK,143574,28.54,27.74,28.615,27.195,1732165200000000000,2708
JAMF,789302,14.11,14.36,14.59,14.02,1732165200000000000,9835
JAND,3280,25.03,25.02,25.03,25.0101,1732165200000000000,8
JANH,0,24.935,24.935,24.935,24.935,1732165200000000000,0
JANJ,4915,24.87,24.89,24.89,24.86,1732165200000000000,10
JANP,0,28.5993,28.5993,28.5993,28.5993,1732165200000000000,0
JANQ,30,24.855,24.855,24.855,24.855,1732165200000000000,1
JANT,809,35.74,35.755,35.755,35.721,1732165200000000000,7
JANW,5277,33.39,33.39,33.41,33.365,1732165200000000000,37
JANX,785995,49.04,46.5,49.78,45.95,1732165200000000000,11442
JANZ,4290,35.55,35.6152,35.69,35.53,1732165200000000000,46
JAVA,185140,66.82,67.38,67.54,66.59,1732165200000000000,1237
JAZZ,980138,121.84,125.1,125.64,120.07,1732165200000000000,15967
JBBB,321794,49.32,49.35,49.357,49.32,1732165200000000000,891
JBDI,305260,0.61,0.655,0.662501,0.6,1732165200000000000,635
JBGS,632530,15.5,15.61,15.83,15.5,1732165200000000000,8467
JBHT,793127,182.75,181.57,185.6,179.88,1732165200000000000,18331
JBI,898212,7.17,7.19,7.34,7.1126,1732165200000000000,8823
JBK,214,26.26,26.26,26.26,26.26,1732165200000000000,2
JBL,948627,128.98,130.64,131.79,128.535,1732165200000000000,20383
JBLU,14607093,6.02,6.15,6.25,5.975,1732165200000000000,30731
JBND,203616,52.76,52.67,52.7994,52.6,1732165200000000000,642
JBSS,54655,82.04,82.65,83.2097,82,1732165200000000000,2731
JBT,332632,118.06,119.18,119.49,117.66,1732165200000000000,7436
JCE,17848,15.44,15.47,15.48,15.2887,1732165200000000000,90
JCHI,1217,44.78,44.7635,44.88,44.7635,1732165200000000000,20
JCI,3040107,83.45,83.99,84.75,83.08,1732165200000000000,30592
JCPB,837755,46.57,46.52,46.6299,46.48,1732165200000000000,2469
JCPI,8564,47.06,46.995,47.069,46.9772,1732165200000000000,60
JCSE,8844,1.15,1.13,1.15,1.13,1732165200000000000,38
JCTC,32030,4.07,4.41,4.41,4.07,1732165200000000000,170
JCTR,765,80.34,80.7752,80.91,80.23,1732165200000000000,9
JD,9256761,35.18,35.38,35.76,35.1,1732165200000000000,64929
JDIV,364,47.28,47.2097,47.28,47.2097,1732165200000000000,11
JDOC,95,55.75,55.75,55.75,55.75,1732165200000000000,6
JDST,900930,26.21,26.09,26.92,25.97,1732165200000000000,5762
JDVI,1,26.4178,26.4178,26.4178,26.4178,1732165200000000000,1
JDZG,90447,0.7156,0.689,0.72,0.665,1732165200000000000,404
JEF,1319650,75.56,76.77,77.525,75.31,1732165200000000000,24743
JELD,645390,10.33,10.49,10.74,10.33,1732165200000000000,7479
JEMA,20179,38.62,38.5925,38.66,38.4632,1732165200000000000,267
JEMB,1505,50.19,50.815,51.22,50.19,1732165200000000000,19
JEPI,3310247,59.73,59.91,59.9603,59.4201,1732165200000000000,21128
JEPQ,3229835,56.47,56.47,56.55,55.8,1732165200000000000,24347
JEQ,23518,5.66,5.68,5.74,5.65,1732165200000000000,85
JETD,114,13.2403,13.2403,13.2403,13.2403,1732165200000000000,26
JETS,1986215,23.94,23.97,24.19,23.88,1732165200000000000,9138
JETU,564,27.3,27.0628,27.43,27.0628,1732165200000000000,5
JFBR,307412,2.89,3.08,3.3759,2.75,1732165200000000000,3199
JFBRW,3418,0.04,0.0299,0.0401,0.0231,1732165200000000000,24
JFIN,52663,5.62,5.78,6.01,5.57,1732165200000000000,704
JFR,289677,8.97,8.95,8.97,8.93,1732165200000000000,946
JFU,13766,1.24,1.33,1.3702,1.2201,1732165200000000000,96
JFWD,35,12.1485,12.1485,12.1485,12.1485,1732165200000000000,6
JG,146265,8.91,8.22,9.23,8.1,1732165200000000000,1646
JGH,37378,13,13.01,13.05,12.9944,1732165200000000000,228
JGLO,108031,62.54,62.55,62.67,62.0538,1732165200000000000,694
JGRO,394136,81.01,80.93,81.1501,79.9144,1732165200000000000,2103
JGRW,12272,26.33,26.57,26.57,26.31,1732165200000000000,65
JHAC,27,15.2094,15.2094,15.2094,15.2094,1732165200000000000,7
JHCB,1420,21.29,21.225,21.29,21.22,1732165200000000000,29
JHDV,26,37.4301,37.4301,37.4301,37.4301,1732165200000000000,5
JHEM,12093,26.745,26.7259,26.7795,26.7245,1732165200000000000,76
JHG,824515,44,44.73,45.05,43.91,1732165200000000000,12346
JHHY,131,26.05,26.055,26.055,26.05,1732165200000000000,4
JHI,19760,14.12,14.09,14.1641,14,1732165200000000000,101
JHID,0,28.5624,28.5624,28.5624,28.5624,1732165200000000000,0
JHMB,59633,21.6893,21.6625,21.69,21.63,1732165200000000000,43
JHMD,30225,32.76,32.83,32.89,32.66,1732165200000000000,149
JHML,31494,71.62,72,72.11,71.2612,1732165200000000000,320
JHMM,474543,62.68,63.4,63.5,62.49,1732165200000000000,1647
JHMU,5227,26.565,26.57,26.57,26.56,1732165200000000000,60
JHPI,30339,22.9994,23.0556,23.0556,22.9994,1732165200000000000,21
JHS,4726,11.47,11.54,11.57,11.4044,1732165200000000000,24
JHSC,14011,41.88,42.3,42.457,41.88,1732165200000000000,248
JHX,55925,34.95,34.93,35.49,34.84,1732165200000000000,1616
JIG,10639,63.81,64.0322,64.09,63.62,1732165200000000000,142
JIII,91,50.0339,50.0339,50.0339,50.0339,1732165200000000000,3
JILL,79446,24.6,25.33,25.465,24.49,1732165200000000000,2228
JIRE,153345,60.67,60.87,60.929,60.525,1732165200000000000,690
JIVE,11386,57.08,57.0435,57.11,56.7701,1732165200000000000,87
JJSF,59251,165.25,167.61,167.93,164.79,1732165200000000000,3265
JKHY,445045,171.32,172.5,173.1699,170.5,1732165200000000000,12329
JKS,676750,21.94,21.67,22.3,21.49,1732165200000000000,7867
JL,130288,0.28,0.281,0.2866,0.273,1732165200000000000,456
JLL,274826,258.75,258.92,260.27,257.16,1732165200000000000,9299
JLQD,2,41.6742,41.6742,41.6742,41.6742,1732165200000000000,2
JLS,6690,18.16,18.135,18.2089,18.1047,1732165200000000000,47
JMBS,444284,44.75,44.76,44.82,44.63,1732165200000000000,1775
JMEE,228578,63.76,64.44,64.58,63.52,1732165200000000000,1261
JMHI,16745,50.72,50.675,50.75,50.67,1732165200000000000,94
JMIA,2933086,3.81,3.64,3.83,3.635,1732165200000000000,12535
JMID,9493,28.96,29.07,29.17,28.96,1732165200000000000,74
JMM,7695,6.01,6.02,6.02,6,1732165200000000000,32
JMOM,194571,60.27,60.59,60.75,60.015,1732165200000000000,231
JMSB,12793,22.14,22.98,23.54,22.1,1732165200000000000,388
JMSI,15611,50.55,50.66,50.66,50.5001,1732165200000000000,96
JMST,339530,50.83,50.82,50.84,50.81,1732165200000000000,996
JMUB,215339,50.58,50.55,50.62,50.53,1732165200000000000,706
JNEU,0,27.5933,27.5933,27.5933,27.5933,1732165200000000000,0
JNJ,10141056,153.62,155.5,156.06,152.81,1732165200000000000,102869
JNK,3637992,96.72,96.65,96.85,96.645,1732165200000000000,10626
JNPR,5471983,35.6,35.43,35.9,35.075,1732165200000000000,36180
JNUG,765370,44.96,45.38,45.38,43.79,1732165200000000000,8001
JNVR,35372,0.48,0.47434,0.4927,0.4703,1732165200000000000,95
JOB,166634,0.2585,0.2458,0.2585,0.239801,1732165200000000000,302
JOBY,31336966,6.2,6.8,7.08,6.1,1732165200000000000,93345
JOBY.WS,284937,1.14,1.32,1.44,1.12,1732165200000000000,791
JOE,254681,50.21,49.96,50.21,49.65,1732165200000000000,5901
JOET,68423,39.71,39.94,40.06,39.4714,1732165200000000000,292
JOF,43362,7.51,7.55,7.5699,7.47,1732165200000000000,143
JOJO,133,14.4234,14.4234,14.4234,14.4234,1732165200000000000,6
JOUT,32271,32.13,32.51,32.635,31.92,1732165200000000000,1304
JPAN,462,30.3,30.4122,30.4122,30.3,1732165200000000000,6
JPC,1260893,8.05,8.08,8.08,8.005,1732165200000000000,3188
JPEF,118057,68.44,68.39,68.5583,67.8099,1732165200000000000,789
JPEM,15230,53.53,53.4617,53.545,53.33,1732165200000000000,197
JPI,44106,20.35,20.2,20.38,20.14,1732165200000000000,141
JPIB,30932,47.67,47.66,47.7281,47.6101,1732165200000000000,287
JPIE,365015,45.8,45.75,45.8,45.72,1732165200000000000,1812
JPIN,8185,55.56,55.6311,55.69,55.49,1732165200000000000,86
JPLD,74791,51.57,51.59,51.6199,51.54,1732165200000000000,230
JPM,8783516,243.23,244.76,245.49,242.105,1732165200000000000,114974
JPMpC,144450,25.26,25.4,25.44,25.26,1732165200000000000,777
JPMpD,59621,25.05,25.19,25.19,25.0155,1732165200000000000,503
JPMpJ,71304,21.99,22.145,22.27,21.99,1732165200000000000,463
JPMpK,123539,20.62,20.74,20.84,20.62,1732165200000000000,747
JPMpL,300157,21.17,21.25,21.34,21.13,1732165200000000000,1427
JPMpM,140795,19.29,19.36,19.47,19.26,1732165200000000000,1066
JPMB,9614,39.05,39.025,39.05,38.94,1732165200000000000,100
JPME,9240,107.86,108.81,108.9486,107.3301,1732165200000000000,233
JPMO,9714,18.68,18.86,18.92,18.68,1732165200000000000,203
JPRE,9444,50.06,50.14,50.31,49.82,1732165200000000000,166
JPSE,31490,49.74,50.39,50.39,49.6752,1732165200000000000,286
JPST,4419732,50.52,50.5,50.52,50.5,1732165200000000000,8088
JPSV,4887,61.97,62.69,62.8,61.97,1732165200000000000,62
JPUS,4421,120.7142,121.6929,121.86,120.627,1732165200000000000,68
JPXN,5349,71.7,71.7763,71.97,71.55,1732165200000000000,109
JQC,322416,5.78,5.77,5.78,5.75,1732165200000000000,1321
JQUA,1319984,58.25,58.69,58.794,57.945,1732165200000000000,4319
JRE,2573,25.36,25.2336,25.37,25.19,1732165200000000000,28
JRI,128479,13.24,13.23,13.28,13.18,1732165200000000000,832
JRS,32820,9.28,9.3,9.3,9.244,1732165200000000000,184
JRSH,47819,3.26,3.33,3.3305,3.222553,1732165200000000000,244
JRVR,333702,4.56,4.48,4.618,4.4,1732165200000000000,3888
JSCP,29536,46.79,46.76,46.8164,46.7214,1732165200000000000,128
JSI,64568,51.92,51.9,51.9799,51.88,1732165200000000000,259
JSM,14570,19.788,20.02,20.08,19.788,1732165200000000000,114
JSMD,14584,79.04,79.67,79.984802,78.51,1732165200000000000,120
JSML,14841,70.19,70.91,71,69.9441,1732165200000000000,111
JSPR,158745,21,21.84,22.13,20.625,1732165200000000000,4622
JSPRW,273,0.22,0.222,0.222,0.22,1732165200000000000,5
JSTC,13116,18.95,19.08,19.08,18.93,1732165200000000000,23
JTAI,71859,6.25,6.09,6.3421,5.9,1732165200000000000,1655
JTEK,54529,75.48,75.83,76.155,74.7464,1732165200000000000,425
JUCY,202797,23.05,22.97,23.116,22.94,1732165200000000000,435
JULD,0,25.3116,25.3116,25.3116,25.3116,1732165200000000000,0
JULH,0,25.19,25.19,25.19,25.19,1732165200000000000,0
JULJ,842,25.1372,25.125,25.14,25.1,1732165200000000000,10
JULM,1037,31.3115,31.34,31.34,31.3115,1732165200000000000,2
JULP,106,27.11,27.16,27.16,27.11,1732165200000000000,3
JULQ,82,25.065,25.065,25.065,25.065,1732165200000000000,2
JULT,282,39.55,39.5649,39.5649,39.55,1732165200000000000,9
JULU,11132,26.61,26.8209,26.8288,26.61,1732165200000000000,8
JULW,1174,34.96,35.0601,35.0601,34.96,1732165200000000000,17
JULZ,1142,43.34,43.4282,43.4757,43.34,1732165200000000000,26
JUNE,16926,4.93,4.99,5.06,4.905,1732165200000000000,510
JUNM,9123,31.59,31.6704,31.72,31.59,1732165200000000000,34
JUNP,1374,26.95,27.0843,27.0843,26.95,1732165200000000000,1
JUNT,76,32.31,32.31,32.31,32.31,1732165200000000000,2
JUNW,14237,29.9,29.999,30.01,29.89,1732165200000000000,45
JUNZ,245,30.96,31.1169,31.1169,30.96,1732165200000000000,6
JUST,14664,83.95,84.3906,84.5283,83.8136,1732165200000000000,66
JVA,225684,3.42,3.625,3.77,3.42,1732165200000000000,1286
JVAL,83212,44.39,44.76,44.8899,44.345,1732165200000000000,331
JWEL,94378,3.34,3.21,3.48,3.06,1732165200000000000,642
JWN,859767,22.25,22.37,22.4107,22.1,1732165200000000000,13490
JXI,8381,68.31,69.04,69.04,68.27,1732165200000000000,119
JXJT,57740,1.21,1.19,1.24,1.11,1732165200000000000,302
JXN,619797,99.56,98.89,99.98,97.09,1732165200000000000,15075
JXNpA,52734,26.84,27.04,27.1964,26.84,1732165200000000000,470
JYD,26504,1.01,1.01,1.03,0.9359,1732165200000000000,57
JYNT,36713,11.35,11.57,11.61,11.01,1732165200000000000,1155
JZ,5586,1.1,1.1589,1.16,1.06,1732165200000000000,73
JZXN,4584,1.36,1.37,1.38,1.36,1732165200000000000,58
K,1833276,80.71,81.02,81.09,80.69,1732165200000000000,17426
KACL,13677,12.45,12.46,12.46,12.4499,1732165200000000000,55
KACLW,413,0.02,0.02,0.0224,0.02,1732165200000000000,7
KAI,70315,395.86,408.42,408.76,394.67,1732165200000000000,3594
KALA,23739,6.145,6.55,6.55,6.1,1732165200000000000,293
KALL,765,21.0401,21.0868,21.0899,21.0401,1732165200000000000,18
KALU,98865,79.76,81.18,82.295,79.76,1732165200000000000,3076
KALV,493279,9.02,9.325,9.33,8.75,1732165200000000000,5936
KAPA,248668,1.46,1.5,1.549,1.37,1732165200000000000,1277
KAPR,2840,33.59,33.7115,33.731,33.5,1732165200000000000,22
KAR,532065,19.63,19.84,19.95,19.44,1732165200000000000,7636
KARO,12053,39.9,40.51,40.95,39.4245,1732165200000000000,500
KARS,6459,22.2,22.1669,22.3,21.81,1732165200000000000,123
KAUG,38405,25.785,25.8916,25.95,25.75,1732165200000000000,38
KAVL,60480,0.81,0.8033,0.827,0.79,1732165200000000000,211
KB,119749,69.96,69.13,69.96,68.99,1732165200000000000,2664
KBA,82962,24.48,24.48,24.49,24.37,1732165200000000000,695
KBDC,90291,16.2,16.35,16.45,16.15,1732165200000000000,631
KBE,2287060,59.75,60.28,60.83,59.63,1732165200000000000,28893
KBH,797717,78.3,77.79,79.25,77.74,1732165200000000000,16748
KBR,3807519,58.32,60.23,60.595,57.785,1732165200000000000,29696
KBUF,162,28.39,28.3822,28.39,28.3822,1732165200000000000,1
KBWB,1704436,68.86,69.54,69.98,68.84,1732165200000000000,12542
KBWD,136954,15.13,15.2,15.23,15.11,1732165200000000000,929
KBWP,21401,121.96,123.33,123.49,121.325,1732165200000000000,279
KBWR,5582,64.86,65.53,65.9414,64.86,1732165200000000000,55
KBWY,98577,19.48,19.63,19.675,19.43,1732165200000000000,933
KC,7287643,6.49,5.78,6.49,5.4392,1732165200000000000,38354
KCAI,119,27.44,27.4572,27.4572,27.44,1732165200000000000,3
KCCA,96839,20.02,19.91,20.02,19.71,1732165200000000000,735
KCE,58372,144.9,145.78,146.315,144.45,1732165200000000000,700
KCSH,0,25.17,25.17,25.17,25.17,1732165200000000000,0
KD,6817901,29.38,32.49,33.26,29.26,1732165200000000000,62124
KDLY,154737,0.93,0.97,1.1972,0.92,1732165200000000000,408
KDLYW,388,0.1499,0.13,0.1499,0.13,1732165200000000000,4
KDP,7192659,32.01,32.24,32.3,31.87,1732165200000000000,49600
KDRN,0,23.42,23.42,23.42,23.42,1732165200000000000,0
KE,82848,19.3,19.55,19.68,19.25,1732165200000000000,2164
KEAT,3017,26.68,26.7647,26.82,26.68,1732165200000000000,19
KELYA,474200,14.27,13.92,14.41,13.71,1732165200000000000,9573
KEM,5,27.1884,27.1884,27.1884,27.1884,1732165200000000000,2
KEMQ,1886,17.31,17.3491,17.36,17.25,1732165200000000000,15
KEMX,4083,29.56,29.6266,29.6266,29.49,1732165200000000000,50
KEN,18134,28.66,28.26,28.66,27.72,1732165200000000000,356
KEP,53717,8.55,8.58,8.585,8.51,1732165200000000000,748
KEQU,14944,42.41,42.77,43.77,41.88,1732165200000000000,1218
KEUA,4936,23.56,23.54,23.67,23.51,1732165200000000000,33
KEX,457565,129.82,128.81,131.13,128.48,1732165200000000000,9556
KEY,6311840,19.1,19.22,19.46,19.05,1732165200000000000,37946
KEYpI,18487,24.78,25,25.0461,24.78,1732165200000000000,234
KEYpJ,18090,22.8901,23.19,23.2612,22.8901,1732165200000000000,197
KEYpK,42295,23.54,23.68,23.8,23.525,1732165200000000000,438
KEYpL,147503,24.82,24.84,25.03,24.81,1732165200000000000,1315
KEYS,1917386,165.39,170.43,170.522,162.83,1732165200000000000,37602
KF,37789,20,20.05,20.1,19.99,1732165200000000000,278
KFFB,5697,2.642,2.58,2.6512,2.58,1732165200000000000,46
KFRC,88016,58.4,58.52,59.14,57.55,1732165200000000000,2601
KFS,46554,9.09,9.01,9.14,8.94,1732165200000000000,473
KFY,239999,76.05,76.98,77.06,75.92,1732165200000000000,7512
KGC,14046840,10.11,10.08,10.11,9.92,1732165200000000000,28726
KGEI,6508,3.94,3.98,3.98,3.8205,1732165200000000000,168
KGRN,4118,22.68,22.7,22.74,22.57,1732165200000000000,69
KGS,553922,39.4,41.05,41.175,39.24,1732165200000000000,10228
KHC,14034357,30.8,31.09,31.15,30.7,1732165200000000000,69099
KHPI,20180,25.61,25.67,25.68,25.47,1732165200000000000,72
KHYB,8103,24.99,24.96,24.99,24.96,1732165200000000000,114
KIDS,190795,25.6,26.47,26.73,25.355,1732165200000000000,5130
KIE,899918,59.81,60.36,60.51,59.59,1732165200000000000,7824
KIM,3796363,25.15,25.31,25.345,25.09,1732165200000000000,22222
KIMpL,6325,22.08,22.11,22.2,21.96,1732165200000000000,120
KIMpM,15460,22.59,22.62,22.7873,22.45,1732165200000000000,210
KIMpN,41467,62.34,62.52,62.61,62.33,1732165200000000000,82
KIND,1663509,2.49,2.47,2.53,2.455,1732165200000000000,7538
KINS,294404,14,13.83,14.1271,13.37,1732165200000000000,3733
KIO,94675,13.48,13.43,13.4899,13.41,1732165200000000000,411
KIRK,87292,1.57,1.59,1.61,1.55,1732165200000000000,395
KITT,1603372,0.96,1.06,1.1,0.9004,1732165200000000000,7733
KITTW,82247,0.0121,0.0113,0.013,0.0111,1732165200000000000,43
KJAN,17679,38.53,38.8294,38.9197,38.53,1732165200000000000,92
KJUL,17793,29.84,29.9746,30.0294,29.84,1732165200000000000,59
KJUN,36,27.4661,27.4661,27.4661,27.4661,1732165200000000000,1
KKR,4027547,153.83,157.67,158.46,152.34,1732165200000000000,48781
KKRS,12770,19.1,19.22,19.25,19.1,1732165200000000000,147
KLAC,1386198,627.8,633.16,637.96,620,1732165200000000000,36331
KLC,1974378,22,19.37,22.92,19.02,1732165200000000000,12880
KLG,1361247,16.95,18,18.03,16.83,1732165200000000000,13256
KLIC,563054,47.09,48.46,48.56,46.58,1732165200000000000,13033
KLIP,128808,11.31,11.27,11.33,11.26,1732165200000000000,950
KLMT,0,26.5876,26.5876,26.5876,26.5876,1732165200000000000,0
KLTO,81640,0.3401,0.3683,0.37,0.32,1732165200000000000,327
KLTOW,12114,0.05,0.0399,0.05,0.0203,1732165200000000000,39
KLTR,614518,2.05,2.2,2.2499,2.03,1732165200000000000,2813
KLXE,125247,6.15,6.12,6.15,5.875,1732165200000000000,2304
KLXY,2254,22,22.0062,22.0062,22,1732165200000000000,19
KMB,1618496,136.5,137.03,137.99,136.05,1732165200000000000,27963
KMDA,23357,5.86,5.85,5.89,5.79,1732165200000000000,247
KMI,14617977,28.03,28.54,28.67,27.98,1732165200000000000,60440
KMID,3459,25.28,25.6013,25.6013,25.28,1732165200000000000,37
KMLM,79240,27.61,27.7,27.788,27.581,1732165200000000000,581
KMPB,8265,23.68,23.6304,23.68,23.54,1732165200000000000,89
KMPR,463213,70.71,72.1,72.82,70.62,1732165200000000000,8951
KMT,841656,28.37,28.83,29.12,28.25,1732165200000000000,13511
KMX,3318121,77.91,80.63,81.33,77.5,1732165200000000000,40975
KN,354280,18.33,18.58,18.765,18.2,1732165200000000000,7155
KNCT,74,103.9652,103.9652,103.9652,103.9652,1732165200000000000,13
KNDI,214291,1.09,1.15,1.23,1.09,1732165200000000000,1034
KNF,292735,99.05,100.52,100.915,98.71,1732165200000000000,6979
KNG,590934,53.04,53.39,53.43,52.77,1732165200000000000,3525
KNGS,4901,28.41,28.6842,28.6842,28.41,1732165200000000000,34
KNGZ,3871,34.05,34.45,34.6,34.05,1732165200000000000,44
KNO,7100,44.23,44.4031,44.4031,44.19,1732165200000000000,67
KNOP,64548,6.2,6.22,6.24,6.13,1732165200000000000,595
KNOV,9649,25.93,26.0043,26.06,25.93,1732165200000000000,52
KNOW,7,11.1549,11.1549,11.1549,11.1549,1732165200000000000,3
KNSA,247570,21.27,21.09,21.38,20.71,1732165200000000000,4284
KNSL,148420,482.56,489.92,492.285,476.87,1732165200000000000,7970
KNTK,521884,61.2,62.14,62.55,60.6501,1732165200000000000,9098
KNW,188418,0.235,0.2402,0.2499,0.22,1732165200000000000,258
KNX,1579634,56.07,56.21,57.35,55.87,1732165200000000000,18397
KO,17292300,63.15,63.76,63.81,62.95,1732165200000000000,142955
KOCG,1220,28.48,28.5686,28.5686,28.47,1732165200000000000,19
KOCT,44701,31.22,31.2739,31.3096,31.0976,1732165200000000000,175
KOD,251008,5.79,5.9,6.03,5.66,1732165200000000000,2874
KODK,1130836,5.56,5.17,5.58,5.13,1732165200000000000,10651
KOF,218150,77.72,77.92,78.83,77.6,1732165200000000000,3214
KOKU,284,102.48,102.4515,102.48,102.4515,1732165200000000000,10
KOLD,4413208,53.47,55.4,58.0792,52.4808,1732165200000000000,44851
KOMP,75782,52.29,52.63,52.9,51.89,1732165200000000000,706
KONG,1042,30.37,30.4405,30.5,30.37,1732165200000000000,6
KOOL,1427,11.165,11.224,11.224,11.165,1732165200000000000,10
KOP,127838,37.99,37.78,38.64,37.72,1732165200000000000,2644
KOPN,1169146,1.01,0.9925,1.04,0.943,1732165200000000000,3149
KORE,36387,1.75,1.95,2.1191,1.75,1732165200000000000,327
KORP,31406,46.51,46.42,46.5919,46.42,1732165200000000000,206
KORU,1161782,4.95,4.97,5,4.88,1732165200000000000,4166
KOS,4015882,3.94,4,4.07,3.94,1732165200000000000,11825
KOSS,188596,7.08,7.37,7.41,6.9682,1732165200000000000,1795
KPLT,16575,6.04,6.26,6.33,5.95,1732165200000000000,693
KPLTW,122051,0.005997,0.006,0.0063,0.0053,1732165200000000000,206
KPOP,292,13.87,13.7958,13.87,13.7958,1732165200000000000,19
KPRO,1900,27.03,27.1054,27.1054,27,1732165200000000000,21
KPRX,3199,3.4119,3.31,3.4119,3.31,1732165200000000000,101
KPTI,282431,0.76,0.7776,0.798,0.76,1732165200000000000,795
KQQQ,3191,27.05,26.27,27.05,25.9,1732165200000000000,97
KR,2573605,57.92,58.58,58.85,57.45,1732165200000000000,35389
KRBN,76490,31.98,31.75,32,31.645,1732165200000000000,727
KRC,762967,39.05,39.74,40.2,39.01,1732165200000000000,12305
KRE,15814021,65.45,66.13,66.93,65.39,1732165200000000000,106287
KREF,356738,11.48,11.58,11.615,11.44,1732165200000000000,4769
KREFpA,58497,20.31,21.2,21.39,20.11,1732165200000000000,391
KRG,1745475,27.21,27.19,27.29,27.075,1732165200000000000,12287
KRKR,10822,3.14,3.16,3.36,3.12,1732165200000000000,96
KRMA,5128,39.98,40.11,40.11,39.7173,1732165200000000000,57
KRMD,99230,3.66,3.58,3.6972,3.4953,1732165200000000000,831
KRNT,314246,31.31,31.32,31.845,31.185,1732165200000000000,5562
KRNY,225163,8.11,8.19,8.32,8.1,1732165200000000000,4560
KRO,133661,11.35,11.61,11.7,11.28,1732165200000000000,3068
KRON,198458,0.877,0.8743,0.92,0.8511,1732165200000000000,535
KROP,2950,10.03,10.29,10.3,10.03,1732165200000000000,37
KROS,349157,54.62,53.84,55.51,53.09,1732165200000000000,6551
KRP,367768,16.09,16.04,16.1,15.94,1732165200000000000,3285
KRRO,62144,48.12,50.62,51.5,47.4133,1732165200000000000,2312
KRT,63755,28.75,29.6,29.635,28.695,1732165200000000000,2194
KRUS,177062,90.29,95.54,95.91,89.93,1732165200000000000,5454
KRUZ,13951,32.83,33.0114,33.13,32.67,1732165200000000000,349
KRYS,185178,179.98,182.29,183.45,175.09,1732165200000000000,7681
KSA,408657,41.33,41.46,41.55,41.21,1732165200000000000,4363
KSCP,334940,16.28,18.29,18.3,16.28,1732165200000000000,8877
KSEA,0,27.4174,27.4174,27.4174,27.4174,1732165200000000000,0
KSEP,962,26.3,26.3098,26.33,26.2901,1732165200000000000,5
KSPI,278869,106.3,103.83,106.3,102.23,1732165200000000000,5667
KSPY,1955,25.9393,25.98,25.98,25.9393,1732165200000000000,31
KSS,8228971,16.3,16.4,16.57,16.12,1732165200000000000,45990
KSTR,26367,13.56,13.56,13.6299,13.5,1732165200000000000,269
KT,2830866,16.1,16.34,16.4,16.08,1732165200000000000,11971
KTB,496458,88.07,87.85,88.65,87.12,1732165200000000000,9338
KTCC,35225,5.76,5.6,5.76,5.48,1732165200000000000,330
KTEC,6580,13.3,13.34,13.34,13.27,1732165200000000000,38
KTF,112579,9.99,9.9,10,9.87,1732165200000000000,413
KTN,1114,26.89,26.7546,27,26.7546,1732165200000000000,10
KTOS,1114733,25.36,26.24,26.36,25.02,1732165200000000000,17153
KTTA,45972,3.09,3.18,3.32,3.055,1732165200000000000,433
KTTAW,22699,0.0201,0.02,0.0293,0.02,1732165200000000000,23
KUKE,224334,0.32,0.3562,0.375,0.3,1732165200000000000,694
KULR,16740026,0.4,0.417,0.43,0.3875,1732165200000000000,18320
KURA,17538925,11.8,10.06,12.24,9.68,1732165200000000000,88584
KURE,10193,15.18,15.18,15.3,15.1005,1732165200000000000,67
KVAC,9700,10.87,10.87,10.87,10.87,1732165200000000000,8
KVACW,3777,0.0624,0.0606,0.064,0.058,1732165200000000000,19
KVHI,59796,5.15,5.31,5.32,5.1337,1732165200000000000,534
KVLE,970,27.42,27.66,27.7,27.42,1732165200000000000,14
KVUE,8331338,23.79,24.09,24.24,23.69,1732165200000000000,44253
KVYO,1899992,35.16,36.62,36.93,34.61,1732165200000000000,16326
KW,413802,11.05,10.97,11.13,10.91,1732165200000000000,4820
KWE,194213,0.6553,0.7702,0.798,0.655,1732165200000000000,611
KWEB,17717311,30.63,30.7,30.87,30.47,1732165200000000000,81936
KWESW,2453,0.0114,0.0114,0.0165,0.0114,1732165200000000000,7
KWR,54535,166.15,166.45,167.34,163.98,1732165200000000000,2606
KWT,16524,32.6735,32.82,32.82,32.6735,1732165200000000000,27
KXI,18374,62.01,62.47,62.52,62.01,1732165200000000000,784
KXIN,384724,2.48,2.33,2.6,2.33,1732165200000000000,2613
KYMR,510847,44.05,43.51,44.805,42.87,1732165200000000000,8703
KYN,588165,13.12,13.37,13.455,13.07,1732165200000000000,2146
KYTX,325124,4.17,3.99,4.17,3.95,1732165200000000000,2888
KZIA,17965,5.63,5.53,5.8731,5.3688,1732165200000000000,354
KZR,58513,7.5,7.62,7.65,7.47,1732165200000000000,1172
L,1057367,84.7,85.17,85.36,84.225,1732165200000000000,17297
LAAC,1045665,3.18,3.37,3.38,3.18,1732165200000000000,5512
LAB,1958048,1.62,1.62,1.67,1.5606,1732165200000000000,10949
LABD,20802457,6.56,6.55,6.87,6.305,1732165200000000000,18347
LABU,2010032,106.55,106.77,110.73,101.69,1732165200000000000,24695
LAC,6410539,3.66,3.88,3.94,3.65,1732165200000000000,15291
LAD,220918,373.68,382.5,384.69,370.64,1732165200000000000,9233
LADR,345033,11.63,11.75,11.785,11.62,1732165200000000000,4315
LAES,2326261,0.43,0.4645,0.48,0.4121,1732165200000000000,2300
LAKE,20250,21.56,21.99,22.1,21.46,1732165200000000000,871
LALT,1914,21.125,21.1866,21.1866,21.125,1732165200000000000,54
LAMR,238172,128.32,129.27,129.54,127.81,1732165200000000000,8719
LANC,126907,179.76,181.98,182.38,178.35,1732165200000000000,5048
LAND,236000,11.9,11.82,11.94,11.78,1732165200000000000,4144
LANDM,2211,24.77,24.8913,24.8913,24.77,1732165200000000000,8
LANDO,32622,21.95,22.04,22.12,21.95,1732165200000000000,214
LANDP,21470,21.885,21.99,22.0884,21.885,1732165200000000000,115
LANV,5066,1.54,1.56,1.7,1.4997,1732165200000000000,70
LANV.WS,100,0.0051,0.0051,0.0051,0.0051,1732165200000000000,1
LAPR,0,25.165,25.165,25.165,25.165,1732165200000000000,0
LARK,238,22.79,22.79,22.79,22.79,1732165200000000000,38
LASE,488403,5.55,6.05,6.07,5.55,1732165200000000000,2926
LASR,179363,10.88,11.11,11.13,10.83,1732165200000000000,4434
LAUR,753775,18.98,19.27,19.29,18.845,1732165200000000000,8625
LAW,74311,5.46,5.55,5.61,5.45,1732165200000000000,1423
LAZ,1055953,55.47,57.12,57.13,55.47,1732165200000000000,8609
LAZR,2326555,10.84,10.86,11.27,9.5101,1732165200000000000,24954
LB,449862,66.5,67.45,68.5699,65.78,1732165200000000000,7875
LBAY,3751,26.23,26.4515,26.4515,26.2,1732165200000000000,54
LBGJ,30852,3.5,3.4801,3.86,3.4758,1732165200000000000,318
LBO,206,34.0499,33.9998,34.0499,33.9998,1732165200000000000,7
LBPH,1118089,59.77,59.77,59.8,59.76,1732165200000000000,7549
LBRDA,77027,86.62,85.9,87.17,85.84,1732165200000000000,3227
LBRDK,735856,87.41,86.49,87.9,86.37,1732165200000000000,15853
LBRDP,17782,23.9088,23.945,24,23.85,1732165200000000000,151
LBRT,2336135,17.73,18.35,18.555,17.73,1732165200000000000,22566
LBTYA,3689819,13.28,13.26,13.367,12.97,1732165200000000000,25360
LBTYB,1344,13.03,13.03,13.03,13.03,1732165200000000000,66
LBTYK,1575692,13.42,13.5,13.51,13.18,1732165200000000000,14134
LC,1717317,15.2,15.9,15.97,15.001,1732165200000000000,16877
LCDS,34,57.4368,57.4368,57.4368,57.4368,1732165200000000000,2
LCF,14,36.864,36.864,36.864,36.864,1732165200000000000,3
LCFY,45526,6.42,7,7.2,6.42,1732165200000000000,2050
LCG,4621,30.19,30.2077,30.2214,30.17,1732165200000000000,10
LCID,62707506,2.03,2.06,2.13,2,1732165200000000000,58820
LCII,241359,116.47,119.35,120.4,115.555,1732165200000000000,6344
LCLG,10,52.8999,52.8999,52.8999,52.8999,1732165200000000000,3
LCNB,27985,17.05,16.89,17.25,16.89,1732165200000000000,583
LCR,97841,35.79,35.7583,35.8,35.08,1732165200000000000,207
LCTD,4044,44.815,44.8676,44.934807,44.74,1732165200000000000,84
LCTU,21050,64.38,64.9847,65.07,64.3001,1732165200000000000,195
LCTX,3726834,0.67,0.6,0.67,0.5601,1732165200000000000,8494
LCUT,38211,5.51,5.68,5.69,5.4802,1732165200000000000,850
LDEM,1163,47.03,46.96,47.065,46.96,1732165200000000000,15
LDI,859492,2.28,2.33,2.37,2.265,1732165200000000000,4081
LDOS,2079925,163,164.69,167.72,162.15,1732165200000000000,37759
LDP,68366,20.91,21.01,21.13,20.89,1732165200000000000,233
LDRC,0,24.96,24.96,24.96,24.96,1732165200000000000,0
LDRH,1,24.98,24.98,24.98,24.98,1732165200000000000,1
LDRI,400,25.01,24.9995,25.01,24.9995,1732165200000000000,6
LDRT,4361,25,24.97,25.15,24.97,1732165200000000000,15
LDSF,21964,18.76,18.81,18.83,18.76,1732165200000000000,80
LDTC,89236,0.3156,0.3024,0.3299,0.2857,1732165200000000000,142
LDTCW,414,0.0184,0.0184,0.0184,0.0184,1732165200000000000,7
LDUR,24307,95.22,95.18,95.22,95.03,1732165200000000000,215
LDWY,51539,3.66,3.85,4.5,3.66,1732165200000000000,193
LE,131657,14.86,14.95,15.2243,14.66,1732165200000000000,3295
LEA,623981,93.51,96.37,96.67,93.235,1732165200000000000,13801
LEAD,863,69.867015,69.8203,69.88,69.8203,1732165200000000000,80
LECO,307857,204.5,208.51,209.6,202.35,1732165200000000000,8973
LEDS,46030,1.28,1.35,1.4,1.28,1732165200000000000,187
LEE,26334,16,16.1,16.66,15.86,1732165200000000000,1404
LEG,1250642,11.24,11.41,11.49,11.16,1732165200000000000,15609
LEGH,87702,25.3,25.61,25.77,25.235,1732165200000000000,2350
LEGN,1760904,40.18,39.75,40.73,39.09,1732165200000000000,18792
LEGR,2705,46.585,46.83,46.89,46.585,1732165200000000000,46
LEGT,30275,10.26,10.285,10.285,10.26,1732165200000000000,36
LEGT.WS,775,0.1442,0.1361,0.1442,0.1361,1732165200000000000,4
LEMB,28762,36.5601,36.37,36.61,36.37,1732165200000000000,295
LEN,2004265,169.03,168.07,170.41,167.52,1732165200000000000,28349
LEN.B,22511,158.97,159.17,160.85,158.65,1732165200000000000,1465
LENZ,85102,34,34.32,34.62,33.1,1732165200000000000,2431
LEO,117263,6.24,6.21,6.25,6.2,1732165200000000000,504
LESL,5314185,2.76,2.87,2.88,2.69,1732165200000000000,28492
LEU,1269488,76.09,79.9,82.14,72.92,1732165200000000000,18548
LEV,5672836,0.1824,0.2387,0.2683,0.180501,1732165200000000000,6679
LEVI,2010801,15.8,15.97,15.99,15.62,1732165200000000000,18201
LEXI,5440,30.96,31.21,31.2344,30.96,1732165200000000000,27
LEXX,101049,2.19,2.16,2.2334,2.12,1732165200000000000,586
LFAE,9216,12.31,12.3,12.34,12.28,1732165200000000000,94
LFAF,0,12.81,12.81,12.81,12.81,1732165200000000000,0
LFAI,1,13.32,13.32,13.32,13.32,1732165200000000000,1
LFAJ,0,13.795,13.795,13.795,13.795,1732165200000000000,0
LFAK,0,14.2651,14.2651,14.2651,14.2651,1732165200000000000,0
LFAL,0,14.71,14.71,14.71,14.71,1732165200000000000,0
LFAN,0,15.1051,15.1051,15.1051,15.1051,1732165200000000000,0
LFAO,0,15.5151,15.5151,15.5151,15.5151,1732165200000000000,0
LFAQ,0,15.9051,15.9051,15.9051,15.9051,1732165200000000000,0
LFAR,0,16.2851,16.2851,16.2851,16.2851,1732165200000000000,0
LFAU,0,16.6251,16.6251,16.6251,16.6251,1732165200000000000,0
LFAV,0,16.9521,16.9521,16.9521,16.9521,1732165200000000000,0
LFAW,1600,17.34,17.327,17.34,17.327,1732165200000000000,4
LFAX,0,17.6751,17.6751,17.6751,17.6751,1732165200000000000,0
LFAZ,0,17.987,17.987,17.987,17.987,1732165200000000000,0
LFBB,6000,18.3,18.2943,18.3,18.29,1732165200000000000,12
LFCR,375196,7.47,6.98,7.99,6.83,1732165200000000000,3685
LFEQ,169,50.3832,50.3832,50.3832,50.3832,1732165200000000000,5
LFLY,38791,1.58,1.51,1.64,1.5054,1732165200000000000,213
LFLYW,38986,0.0272,0.0259,0.0274,0.02,1732165200000000000,60
LFMD,481335,5.47,5.69,5.77,5.4,1732165200000000000,6007
LFMDP,1502,22.34,22,22.34,22,1732165200000000000,24
LFSC,5125,25.23,25.4353,25.55,25.23,1732165200000000000,9
LFST,2106408,7.24,7.31,7.38,7.175,1732165200000000000,15687
LFT,52824,2.55,2.55,2.55,2.5109,1732165200000000000,520
LFTpA,250,22.45,22.45,22.45,22.45,1732165200000000000,4
LFUS,102983,237.7,238.66,240.66,234.89,1732165200000000000,5871
LFVN,60958,12.94,13.16,13.71,12.8,1732165200000000000,1493
LFWD,24456,1.85,1.86,1.95,1.81,1732165200000000000,276
LGCB,159838,0.2274,0.2276,0.232,0.22,1732165200000000000,236
LGCL,1094904,1.02,0.8777,1.055,0.85,1732165200000000000,1179
LGCY,101612,7.5,7.57,7.59,7.1,1732165200000000000,1712
LGF.A,741683,7.91,8.16,8.18,7.82,1732165200000000000,9501
LGF.B,1051589,7.07,7.22,7.245,6.92,1732165200000000000,11000
LGH,23644,52.7949,53.04,53.2104,52.3266,1732165200000000000,132
LGHL,727057,0.1911,0.196,0.205,0.1911,1732165200000000000,1080
LGHLW,7087,0.0075,0.0076,0.0076,0.0075,1732165200000000000,27
LGHT,100,10.3453,10.3453,10.3453,10.3453,1732165200000000000,4
LGI,68823,16.37,16.49,16.599,16.33,1732165200000000000,346
LGIH,151905,102.54,102.73,104.37,102.24,1732165200000000000,5018
LGL,3947,6.0452,6.15,6.15,6.03,1732165200000000000,62
LGLV,13286,172.95,174.27,174.42,172.3599,1732165200000000000,206
LGMK,443778,2.19,2.02,2.4199,2,1732165200000000000,3196
LGND,83407,112.8,116.55,118.1242,112.06,1732165200000000000,3920
LGO,87027,1.98,2.04,2.06,1.98,1732165200000000000,325
LGOV,191526,21.13,21.06,21.145,21.015,1732165200000000000,1102
LGRO,1591,34.64,34.7233,34.79,34.64,1732165200000000000,14
LGTY,201551,11.18,11.2,11.25,11.0796,1732165200000000000,3160
LGVN,269492,1.88,1.87,1.9,1.81,1732165200000000000,1386
LH,302725,237.66,240.17,240.8,235,1732165200000000000,10263
LHX,858941,244.41,246.6,248.47,243.5101,1732165200000000000,22769
LI,4142841,22.51,22.6,22.71,22.385,1732165200000000000,43035
LIAB,0,15.705,15.705,15.705,15.705,1732165200000000000,0
LIAC,0,16.53,16.53,16.53,16.53,1732165200000000000,0
LIAE,0,17.33,17.33,17.33,17.33,1732165200000000000,0
LIAF,0,18.12,18.12,18.12,18.12,1732165200000000000,0
LIAG,0,18.9001,18.9001,18.9001,18.9001,1732165200000000000,0
LIAJ,0,19.67,19.67,19.67,19.67,1732165200000000000,0
LIAK,0,20.3998,20.3998,20.3998,20.3998,1732165200000000000,0
LIAM,0,21.1643,21.1643,21.1643,21.1643,1732165200000000000,0
LIAO,0,21.9201,21.9201,21.9201,21.9201,1732165200000000000,0
LIAP,0,22.6052,22.6052,22.6052,22.6052,1732165200000000000,0
LIAQ,0,23.3252,23.3252,23.3252,23.3252,1732165200000000000,0
LIAT,0,23.995,23.995,23.995,23.995,1732165200000000000,0
LIAU,0,24.735,24.735,24.735,24.735,1732165200000000000,0
LIAV,0,25.4399,25.4399,25.4399,25.4399,1732165200000000000,0
LIAW,0,26.1495,26.1495,26.1495,26.1495,1732165200000000000,0
LIAX,423,26.8,26.8195,26.8195,26.8,1732165200000000000,1
LICN,2818768,1.91,2.04,2.06,1.9,1732165200000000000,3790
LICY,593780,2.14,2.08,2.14,2.06,1732165200000000000,3977
LIDR,81130,0.92,0.9202,0.94,0.9005,1732165200000000000,481
LIDRW,190260,0.011,0.0123,0.015,0.010801,1732165200000000000,74
LIEN,5389,12.935,12.91,13,12.83,1732165200000000000,37
LIF,302524,42.84,42.47,43.255,42,1732165200000000000,7189
LIFW,166667,1.58,1.48,1.6,1.4401,1732165200000000000,1367
LIFWW,539770,0.0016,0.0021,0.0023,0.0016,1732165200000000000,35
LII,268468,631.6,650.6,657.6,631.075,1732165200000000000,12596
LILA,220226,7.1,7.04,7.145,6.94,1732165200000000000,2823
LILAK,675041,6.96,6.97,7.07,6.86,1732165200000000000,7394
LIMI,200,31.13,31.4228,31.4228,31.13,1732165200000000000,2
LIN,2072800,451.85,455.07,455.14,449.605,1732165200000000000,37634
LINC,275087,15.49,15.6,15.78,15.25,1732165200000000000,3820
LIND,202489,12.83,12.77,13,12.69,1732165200000000000,3823
LINE,957779,63.49,62.95,63.87,62.9,1732165200000000000,11755
LINK,16162,4.916801,4.5699,4.935,4.4,1732165200000000000,263
LION,172006,6.98,7.05,7.09,6.8,1732165200000000000,2462
LIPO,193115,2.42,2.42,2.75,2.4001,1732165200000000000,1253
LIQT,22364,1.62,1.64,1.6595,1.62,1732165200000000000,86
LIT,178917,45.3,45.57,45.66,45.1002,1732165200000000000,2641
LITB,16726,1.86,2.06,2.06,1.8401,1732165200000000000,116
LITE,3656638,86.32,85.61,90.51,84.72,1732165200000000000,41518
LITM,291720,0.21,0.2146,0.2199,0.206,1732165200000000000,402
LITP,4642,8.3527,8.46,8.48,8.3527,1732165200000000000,47
LIVE,809,9.839,9.77,9.839,9.74,1732165200000000000,73
LIVN,585259,50.14,51.7,51.8,49.66,1732165200000000000,10911
LIVR,19229,25.58,25.5001,25.58,25.36,1732165200000000000,157
LIXT,27791,1.48,1.52,1.6,1.4501,1732165200000000000,192
LIXTW,3200,0.021,0.0279,0.0279,0.0208,1732165200000000000,11
LJAN,1094,24.65,24.665,24.665,24.6209,1732165200000000000,6
LJUL,0,23.9891,23.9891,23.9891,23.9891,1732165200000000000,0
LKCO,14219,1.7156,1.67,1.7451,1.6475,1732165200000000000,287
LKFN,117703,72.3,73.61,74.41,72.17,1732165200000000000,3943
LKOR,3517,43.1,42.9591,43.1,42.9399,1732165200000000000,40
LKQ,1457489,37.45,37.88,37.9839,37.23,1732165200000000000,20768
LLDR,801,46.27,46.141,46.295,46.141,1732165200000000000,9
LLY,4143204,746.12,749.92,752.9999,735,1732165200000000000,105850
LLYVA,332230,67.83,70.19,70.45,67.62,1732165200000000000,6664
LLYVK,380350,69.55,71.31,71.67,69.05,1732165200000000000,6194
LLYX,159440,17.3,17.51,17.6499,16.805,1732165200000000000,1716
LMAT,177902,104.26,105.87,106.985,102.94,1732165200000000000,5040
LMB,144294,97.49,99,102.3296,97.49,1732165200000000000,4904
LMBO,12004,29.85,28.24,29.855,27.13,1732165200000000000,131
LMBS,473839,48.66,48.61,48.66,48.57,1732165200000000000,2176
LMFA,498205,3.3,3.09,3.4,2.85,1732165200000000000,2684
LMND,9914388,46.36,50.36,52.22,45,1732165200000000000,109744
LMND.WS,309752,0.09,0.113,0.134,0.064999,1732165200000000000,377
LMNR,76476,26.54,27.52,27.67,26.41,1732165200000000000,1532
LMT,1321954,535.14,542.01,544.68,533.715,1732165200000000000,41988
LNC,1152112,34.56,34.82,35.155,34.31,1732165200000000000,12399
LNCpD,18675,27.64,27.81,27.81,27.4935,1732165200000000000,344
LND,41083,4.11,4.12,4.1355,4.0801,1732165200000000000,240
LNG,1982077,221.5,224.99,225.27,218.56,1732165200000000000,34842
LNGG,3365,25.77,26.0385,26.0385,25.77,1732165200000000000,38
LNGZ,119,28.7899,28.9148,28.9148,28.7899,1732165200000000000,6
LNKB,58406,7.28,7.33,7.49,7.175,1732165200000000000,771
LNN,82519,128.86,130.72,130.905,128.125,1732165200000000000,2850
LNSR,90366,7.5,7.45,8.17,7.3582,1732165200000000000,1673
LNT,1367365,62.23,63.2,63.27,62.01,1732165200000000000,18265
LNTH,1483919,86.82,87.32,88.52,85.24,1732165200000000000,27386
LNW,966674,92.72,94.41,94.99,92.67,1732165200000000000,17227
LNZA,631143,1.07,1.14,1.21,1.04,1732165200000000000,3953
LNZAW,48837,0.099,0.0998,0.100032,0.099,1732165200000000000,48
LOAN,14573,5.25,5.25,5.3051,5.25,1732165200000000000,191
LOAR,255417,88.2,90.74,93.17,87.6953,1732165200000000000,7930
LOB,192352,46.23,47.42,47.8,46.23,1732165200000000000,5863
LOBO,39694,2.1,2.32,2.32,1.89,1732165200000000000,259
LOCL,24036,1.76,1.75,1.835,1.62,1732165200000000000,184
LOCO,86716,12.02,12.09,12.17,11.99,1732165200000000000,2237
LOCT,571,23.89,23.86,23.89,23.86,1732165200000000000,3
LODE,1175913,0.3485,0.3425,0.358,0.335,1732165200000000000,2220
LOGC,294427,6.86,6.96,6.97,6.605,1732165200000000000,5301
LOGI,479384,79.06,79.46,79.71,78.68,1732165200000000000,8734
LOMA,1434496,11.02,10.41,11.23,10.28,1732165200000000000,11002
LONZ,33483,51.44,51.43,51.45,51.36,1732165200000000000,230
LOOP,24269,1.2648,1.32,1.32,1.2648,1732165200000000000,148
LOPE,188862,161.82,162.13,163.63,160.7,1732165200000000000,7103
LOPP,2,29.4534,29.4534,29.4534,29.4534,1732165200000000000,2
LOT,301142,4.55,4.31,4.5753,3.9603,1732165200000000000,2133
LOUP,17017,54.43,55.46,55.55,54.35,1732165200000000000,220
LOVE,309948,33,35.4,35.58,33,1732165200000000000,6692
LOW,1844990,264.06,265.22,265.69,262.26,1732165200000000000,40895
LOWV,2097,71.28,71.43,71.53,71.28,1732165200000000000,23
LPA,16727,6.15,6.22,6.24,6.01,1732165200000000000,458
LPAA,247103,10,10.015,10.0151,10,1732165200000000000,107
LPAAU,3494,10.05,10.0501,10.07,10.05,1732165200000000000,24
LPAAW,2850,0.09,0.0801,0.09,0.0801,1732165200000000000,5
LPBBU,127622,9.99,9.98,10,9.98,1732165200000000000,105
LPCN,13635,4.71,5.0001,5.15,4.7087,1732165200000000000,426
LPG,1181176,25.55,25.21,25.6287,24.91,1732165200000000000,14015
LPL,99599,3.49,3.51,3.51,3.48,1732165200000000000,687
LPLA,485804,318,323.24,326.7599,317.09,1732165200000000000,12782
LPRO,221372,6.28,6.36,6.415,6.2,1732165200000000000,3364
LPSN,856845,0.83,0.8184,0.849,0.8001,1732165200000000000,2499
LPTH,79004,1.49,1.5,1.54,1.49,1732165200000000000,295
LPTX,219181,2.58,2.58,2.61,2.49,1732165200000000000,1261
LPX,456230,111.67,114.4,114.648,111.575,1732165200000000000,10714
LQAI,104,34.7482,34.7482,34.7482,34.7482,1732165200000000000,12
LQD,22507415,108.47,108.3,108.75,108.205,1732165200000000000,59283
LQDA,567314,10.12,10.15,10.35,9.93,1732165200000000000,7893
LQDB,4179,86.07,85.92,86.07,85.8111,1732165200000000000,74
LQDH,42897,93.13,93.16,93.3161,93.13,1732165200000000000,364
LQDI,1586,26.0101,26.06,26.14,26.0101,1732165200000000000,27
LQDT,118199,25.07,25.18,25.44,24.74,1732165200000000000,3897
LQDW,37128,27.13,27.12,27.1484,27.09,1732165200000000000,225
LQIG,1157,95.24,95.0302,95.24,95.03,1732165200000000000,21
LQR,252815,1.28,1.1857,1.3096,1.15,1732165200000000000,799
LRCX,14509043,71.19,73.13,73.45,70.83,1732165200000000000,139881
LRE,8926,2.13,2.17,2.24,2.13,1732165200000000000,63
LRFC,2668,24.77,25.39,25.39,24.77,1732165200000000000,51
LRGC,11137,68.66,68.74,68.87,68.4,1732165200000000000,28
LRGE,15877,76.23,76.3541,76.5,75.8,1732165200000000000,191
LRGF,69619,61.4,61.66,61.76,60.98,1732165200000000000,483
LRGG,3512,27.62,27.7986,27.84,27.62,1732165200000000000,31
LRHC,164752,0.77,0.77,0.777,0.74,1732165200000000000,367
LRMR,686926,6.12,6.13,6.29,5.68,1732165200000000000,6990
LRN,627417,103.43,103.41,104.68,102.56,1732165200000000000,13198
LRND,2,33.7508,33.7508,33.7508,33.7508,1732165200000000000,1
LRNZ,11272,41.43,41.8259,42.0745,41.41,1732165200000000000,182
LSAF,11811,42.74,43.2219,43.3641,42.74,1732165200000000000,50
LSAK,9014,5.35,5.3,5.35,5.25,1732165200000000000,95
LSAT,9670,42.4901,43.0138,43.11,42.4901,1732165200000000000,90
LSB,21279,2.63,2.57,2.94,2.25,1732165200000000000,252
LSBK,3858,13.46,13.75,13.9,13.4599,1732165200000000000,113
LSCC,1431599,50.86,52.26,52.68,50.52,1732165200000000000,24181
LSEA,151358,10.54,10.85,11.02,10.42,1732165200000000000,2375
LSEAW,11269,0.2036,0.22,0.22,0.1911,1732165200000000000,27
LSEQ,94,29.0712,29.0712,29.0712,29.0712,1732165200000000000,2
LSF,178074,7.85,8.37,8.5,7.4,1732165200000000000,1595
LSGR,517,38.36,38.5689,38.5689,38.36,1732165200000000000,15
LSH,15481,2.59,2.54,2.71,2.43,1732165200000000000,218
LSPD,676508,17.71,17.67,17.845,17.44,1732165200000000000,8187
LSTA,6006,2.92,2.8438,2.93,2.8206,1732165200000000000,102
LSTR,157322,180.05,179.45,181.895,179.4,1732165200000000000,4928
LTBR,2103465,6.48,6.81,6.91,5.84,1732165200000000000,8894
LTC,237742,38.24,38.7,38.78,38.15,1732165200000000000,4929
LTH,1191262,24.09,24.38,24.66,23.995,1732165200000000000,15454
LTL,1587,83.4,84.5829,84.64,82.53,1732165200000000000,55
LTM,322668,28.45,27.71,28.45,27.5,1732165200000000000,2718
LTPZ,226191,53.89,53.86,54.085,53.63,1732165200000000000,632
LTRN,89046,2.9,2.95,2.98,2.79,1732165200000000000,517
LTRX,359852,2.92,2.92,2.9591,2.87,1732165200000000000,3139
LTRY,48715,0.33,0.3266,0.33,0.3111,1732165200000000000,183
LTRYW,173704,0.0111,0.010195,0.0111,0.0079,1732165200000000000,109
LU,1014883,2.37,2.34,2.39,2.28,1732165200000000000,3452
LUCD,315753,1,0.999,1.02,0.98,1732165200000000000,1362
LUCY,8398,6.9,6.72,6.9,6.66,1732165200000000000,280
LUCYW,3045,0.0399,0.035,0.043463,0.035,1732165200000000000,12
LULU,1521574,306.19,315.14,316.49,304.44,1732165200000000000,42646
LUMN,12711766,7.6,7.85,8.145,7.52,1732165200000000000,52645
LUMO,229805,4.32,4.33,4.38,4.31,1732165200000000000,669
LUNA,143364,1.63,1.64,1.7469,1.62,1732165200000000000,1598
LUNG,203786,6.3,6.42,6.5799,6.12,1732165200000000000,2829
LUNR,35652381,12.16,13.995,14.8,11.66,1732165200000000000,181395
LUNRW,942877,4.351,5.22,5.55,4.17,1732165200000000000,2897
LUV,5153470,31.74,31.79,32.235,31.61,1732165200000000000,42008
LUX,2968,21.71,21.77,21.7982,21.59,1732165200000000000,25
LUXH,367455,1.56,1.31,1.64,1.22,1732165200000000000,2406
LUXHP,6120,16.19,15,16.49,15,1732165200000000000,90
LUXX,553,23.51,23.5775,23.5775,23.45,1732165200000000000,20
LVHD,23058,40.2,40.61,40.62,40.2,1732165200000000000,317
LVHI,345618,31.17,31.29,31.3,30.9739,1732165200000000000,1394
LVLU,41909,1.2639,1.21,1.3,1.18,1732165200000000000,264
LVO,174466,0.7564,0.831,0.8499,0.7564,1732165200000000000,560
LVOL,77,55.68,55.68,55.68,55.68,1732165200000000000,1
LVRO,1788,4.6,4.85,4.88,4.6,1732165200000000000,18
LVS,3347344,49.41,50.07,50.245,49.17,1732165200000000000,37829
LVTX,44251,1.5,1.48,1.58,1.46,1732165200000000000,269
LVWR,22729,6.47,6.44,6.69,6.235,1732165200000000000,390
LVWR.WS,12143,0.079799,0.08,0.086701,0.072,1732165200000000000,39
LW,1266043,76.35,76.75,77.02,75.44,1732165200000000000,22404
LWAY,67936,23.73,24.18,24.44,23.73,1732165200000000000,1928
LWLG,653093,2.77,2.845,2.95,2.77,1732165200000000000,4938
LX,1586122,3.33,3.3,3.4149,3.235,1732165200000000000,5455
LXEH,15783,2.1,2.06,2.1,1.95,1732165200000000000,85
LXEO,155899,6.17,6.2,6.35,5.94,1732165200000000000,2480
LXFR,139378,14.15,13.98,14.26,13.94,1732165200000000000,3090
LXP,1243151,9.24,9.2,9.34,9.18,1732165200000000000,8500
LXPpC,1223,50,49.06,50,49.06,1732165200000000000,28
LXRX,3658063,0.8043,0.7717,0.8346,0.7633,1732165200000000000,6990
LXU,198980,8.55,8.81,8.82,8.47,1732165200000000000,3485
LYB,3462720,82.55,82.8,83.23,82.14,1732165200000000000,32914
LYEL,1266920,1.01,0.9166,1.04,0.9165,1732165200000000000,5229
LYFT,11761996,16.77,16.29,16.82,16.2601,1732165200000000000,68813
LYG,6468714,2.77,2.77,2.79,2.75,1732165200000000000,8964
LYLD,1146,27.5,27.5027,27.5548,27.5,1732165200000000000,9
LYRA,2988750,0.178,0.1819,0.1925,0.174501,1732165200000000000,3583
LYT,41107,1.56,1.61,1.68,1.5262,1732165200000000000,307
LYTS,72650,20.21,20.23,20.41,20.09,1732165200000000000,2655
LYV,2219122,136.68,138.57,139.19,135.4962,1732165200000000000,34595
LZ,1145083,7.65,7.76,7.83,7.585,1732165200000000000,11119
LZB,439376,42.94,43.4,43.55,42.1501,1732165200000000000,9109
LZM,109252,6.73,6.86,6.9889,6.48,1732165200000000000,1011
LZM.WS,9395,0.79,0.79,0.79,0.713,1732165200000000000,38
M,4824970,14.63,15.07,15.08,14.5105,1732165200000000000,30537
MA,3077464,513.23,515.1,520.12,511.58,1732165200000000000,72106
MAA,565504,157.51,158.53,159.38,157.3,1732165200000000000,10964
MAApI,399,58,58,58,58,1732165200000000000,11
MAC,887154,19.52,19.56,19.75,19.395,1732165200000000000,10040
MACI,7100,10.0327,10.05,10.05,10.03,1732165200000000000,12
MACIU,2539,10.13,10.14,10.15,10.1145,1732165200000000000,35
MACIW,3185,0.0966,0.0951,0.0966,0.0921,1732165200000000000,17
MADE,5134,25.91,26.27,26.3401,25.91,1732165200000000000,72
MAG,599881,15.87,15.62,15.93,15.41,1732165200000000000,6126
MAGA,3886,51.362,51.7,51.719,51.3392,1732165200000000000,113
MAGG,3057,20.31,20.305,20.31,20.305,1732165200000000000,14
MAGN,1379686,18.4,19.14,19.21,18.2,1732165200000000000,9402
MAGQ,16,18.73,18.73,18.73,18.73,1732165200000000000,7
MAGS,1209064,52.03,51.1,52.1,50.35,1732165200000000000,8743
MAGX,69316,42.69,41.29,42.789,39.8199,1732165200000000000,1188
MAIA,96235,2.27,2.15,2.27,2.11,1732165200000000000,595
MAIN,256781,53.1,53.18,53.495,52.9601,1732165200000000000,6101
MAKX,1,41.4694,41.4694,41.4694,41.4694,1732165200000000000,1
MAMA,349091,8.49,8.67,8.78,8.26,1732165200000000000,4066
MAMB,58159,22.55,22.53,22.55,22.5,1732165200000000000,301
MAMO,161932,2.83,2.88,2.93,2.71,1732165200000000000,633
MAN,378879,60.48,60.8,60.88,60.24,1732165200000000000,9200
MANH,394743,274.44,271.89,275.5,271.37,1732165200000000000,13226
MANU,592641,16.72,17.46,17.489,16.57,1732165200000000000,6030
MAPP,1,23.6,23.6,23.6,23.6,1732165200000000000,1
MAPS,835969,1.19,1.17,1.19,1.11,1732165200000000000,4282
MAPSW,74919,0.031,0.031433,0.0346,0.0275,1732165200000000000,106
MAR,944564,281.92,283.44,283.825,280.27,1732165200000000000,23399
MARA,166260619,25.21,24.18,25.75,22.5,1732165200000000000,766387
MARB,7191,19.66,19.7239,19.75,19.6,1732165200000000000,65
MARM,9079,30.13,30.7944,30.8091,30.13,1732165200000000000,31
MARPS,4139,3.99,3.9986,4,3.97,1732165200000000000,54
MART,4323,33.55,33.6069,33.6363,33.54,1732165200000000000,32
MARW,5402,30.9076,30.925,30.925,30.89,1732165200000000000,25
MARX,2024,11.09,11.0899,11.09,11.0899,1732165200000000000,7
MARXR,3000,0.31,0.31,0.31,0.31,1732165200000000000,3
MARZ,1342,33.0223,33.1022,33.1444,33.0223,1732165200000000000,44
MAS,1740667,76.9,78.33,78.49,76.71,1732165200000000000,25876
MASI,543291,164.95,169.12,169.9,163.8,1732165200000000000,12382
MASS,543857,2.58,2.74,2.82,2.52,1732165200000000000,4137
MAT,10050095,18.37,18.38,18.545,18.255,1732165200000000000,41644
MATH,119201,1.23,0.96,1.23,0.92,1732165200000000000,241
MATV,546774,12.39,12.72,12.85,12.39,1732165200000000000,4705
MATW,341429,24.37,25.49,26.14,24.37,1732165200000000000,9463
MATX,196543,151.87,152.64,153.225,150.33,1732165200000000000,7907
MAV,36515,8.62,8.67,8.68,8.61,1732165200000000000,122
MAX,521158,12.25,12.75,12.92,12.16,1732165200000000000,6192
MAXI,79674,32.94,33.03,33.1396,31.8484,1732165200000000000,1021
MAXJ,4416,26.29,26.265,26.29,26.22,1732165200000000000,52
MAXN,666407,8.48,8.2,8.86,8.02,1732165200000000000,6632
MAYP,0,27.7914,27.7914,27.7914,27.7914,1732165200000000000,0
MAYT,667,33.1,33.1297,33.1297,33.0501,1732165200000000000,8
MAYU,738,28.7149,28.8207,28.8207,28.7149,1732165200000000000,1
MAYW,2630,30.3713,30.4148,30.42,30.37,1732165200000000000,8
MAYZ,0,30.9552,30.9552,30.9552,30.9552,1732165200000000000,0
MBAV,544,10.03,10.03,10.03,10.03,1732165200000000000,3
MBAVU,10403,10.38,10.15,10.39,10.1231,1732165200000000000,96
MBAVW,8209,0.15,0.15,0.15,0.15,1732165200000000000,15
MBB,2439122,92.27,92.41,92.59,92.27,1732165200000000000,14050
MBBB,57,21.415,21.415,21.415,21.415,1732165200000000000,3
MBC,691442,16.54,16.71,16.94,16.505,1732165200000000000,9631
MBCC,27913,35.3922,35.52,35.59,35.3922,1732165200000000000,160
MBCN,8533,30.78,30.83,31.26,30.54,1732165200000000000,368
MBI,507863,6.63,6.58,6.6905,6.44,1732165200000000000,5776
MBIN,232336,38,39.4,40.06,38,1732165200000000000,5663
MBINM,7053,25.87,26.04,26.04,25.87,1732165200000000000,77
MBINN,7731,22.01,22.21,22.25,22.01,1732165200000000000,83
MBINO,14343,25.3999,25.39,25.4,25.38,1732165200000000000,66
MBIO,377494,0.21,0.2079,0.2144,0.201,1732165200000000000,754
MBLY,4231553,16.87,17.29,17.45,16.46,1732165200000000000,35679
MBND,32434,27.6536,27.665,27.73,27.6536,1732165200000000000,5
MBNE,617,29.809,29.77,29.809,29.77,1732165200000000000,6
MBOT,99896,0.95,0.9297,0.95,0.89,1732165200000000000,380
MBOX,19099,34.67,34.77,34.78,34.67,1732165200000000000,43
MBRX,19411,2.64,2.83,2.84,2.63,1732165200000000000,175
MBS,58441,8.58,8.57,8.585,8.56,1732165200000000000,252
MBSD,5841,20.43,20.415,20.43,20.4,1732165200000000000,82
MBSF,14678,25.62,25.5905,25.63,25.5531,1732165200000000000,64
MBUU,124833,40.55,42.06,42.14,40.55,1732165200000000000,3649
MBWM,41566,48.56,49.04,49.67,48.56,1732165200000000000,2138
MBX,116023,16.22,16.51,16.61,15.65,1732165200000000000,3473
MC,521542,74.02,74.64,75.44,73.27,1732165200000000000,10990
MCB,84819,63.14,63.15,64.12,62.42,1732165200000000000,3329
MCBS,37785,33.75,34.32,34.5599,33.75,1732165200000000000,1362
MCD,4475662,285,288.47,288.6,283.46,1732165200000000000,81097
MCDS,49,58.8448,58.8448,58.8448,58.8448,1732165200000000000,10
MCFT,100408,20.63,21,21.05,20.61,1732165200000000000,2509
MCH,4236,22.82,22.856,22.86,22.81,1732165200000000000,24
MCHI,1904019,47.64,47.59,47.79,47.51,1732165200000000000,11827
MCHP,7146743,65.91,66.51,66.835,65.23,1732165200000000000,83950
MCHS,647,27.03,27.13,27.16,27.03,1732165200000000000,5
MCHX,28622,1.67,1.7,1.7397,1.67,1732165200000000000,260
MCI,37130,19.6,19.57,19.6,19.34,1732165200000000000,274
MCK,499090,622.11,628.27,629.73,616.9801,1732165200000000000,19291
MCN,67601,7.02,7.01,7.0357,6.98,1732165200000000000,214
MCO,723641,477.5,477.92,479.42,474.28,1732165200000000000,21151
MCR,82767,6.2,6.24,6.26,6.2,1732165200000000000,182
MCRB,4168655,0.83,0.7318,0.8795,0.7227,1732165200000000000,7645
MCRI,93728,83.62,83.62,84.49,82.8,1732165200000000000,2841
MCS,205264,21.69,21.82,22.12,21.65,1732165200000000000,4340
MCSE,3722,13.16,13.2243,13.2243,13.15,1732165200000000000,8
MCVT,8808,1.78,1.85,1.85,1.77,1732165200000000000,213
MCW,1162425,7.73,7.88,7.885,7.6,1732165200000000000,9088
MCY,267827,74.39,76.46,76.61,74.21,1732165200000000000,5910
MD,744900,14.45,14.75,14.76,14.36,1732165200000000000,8333
MDAI,1123635,1.06,1.14,1.14,1.01,1732165200000000000,2944
MDAIW,119059,0.1496,0.1085,0.1496,0.1,1732165200000000000,154
MDB,4191543,306.22,315.44,331.1948,305.08,1732165200000000000,83508
MDBH,20081,8.34,8.95,9.42,8.34,1732165200000000000,157
MDCP,13,30.46,30.46,30.46,30.46,1732165200000000000,9
MDCX,36849,2,2.2,2.2,1.8,1732165200000000000,297
MDCXW,4071,0.747,0.5,0.747,0.5,1732165200000000000,59
MDEV,2,21.008,21.008,21.008,21.008,1732165200000000000,1
MDGL,423638,318.42,329.24,329.93,315.15,1732165200000000000,13310
MDIA,28408,1.2001,1.27,1.28,1.1607,1732165200000000000,174
MDIV,73022,16.41,16.67,16.69,16.41,1732165200000000000,340
MDJH,1652864,0.172,0.1686,0.1729,0.163,1732165200000000000,1043
MDLV,5801,27.21,27.2058,27.25,27.2058,1732165200000000000,14
MDLZ,6971787,64.43,64.79,64.91,63.95,1732165200000000000,63639
MDPL,145,27.1335,27.1335,27.1335,27.1335,1732165200000000000,6
MDRR,7490,12.4,12.3999,12.4,12.23,1732165200000000000,48
MDRRP,2116,26.9,25.9,26.9,24.99,1732165200000000000,57
MDST,17389,27.97,27.9241,27.9882,27.75,1732165200000000000,151
MDT,5699821,84.2,84.74,85.13,83.92,1732165200000000000,60476
MDU,1695556,18.91,19.28,19.33,18.8,1732165200000000000,15620
MDV,33243,16.04,16.12,16.285,15.91,1732165200000000000,476
MDVpA,2276,24.6776,24.7,24.99,24.6776,1732165200000000000,19
MDWD,44681,16.79,16.76,16.81,16.56,1732165200000000000,853
MDXG,699631,9.12,9.22,9.34,9.08,1732165200000000000,8099
MDXH,356375,1.62,1.71,1.725,1.61,1732165200000000000,555
MDY,807699,593.37,600.66,601.98,591.67,1732165200000000000,10885
MDYG,102288,90.86,91.94,92.1182,90.5188,1732165200000000000,1055
MDYV,201629,83.44,84.47,84.67,83.3,1732165200000000000,1445
ME,301266,3.15,3.23,3.39,3.1,1732165200000000000,3601
MEAR,128266,50.2,50.18,50.23,50.17,1732165200000000000,614
MEC,95024,16.27,16.56,16.65,16.2401,1732165200000000000,1904
MED,269600,18.16,18.3,18.68,18.06,1732165200000000000,4018
MEDI,184,25.47,25.5313,25.5313,25.47,1732165200000000000,11
MEDP,423581,327.25,341.82,342.35,324.55,1732165200000000000,15173
MEDX,670,27.1109,27.3667,27.371,27.1109,1732165200000000000,8
MEG,1261913,18.03,18.82,20.22,17.76,1732165200000000000,12325
MEGI,112095,13.39,13.5,13.5,13.3109,1732165200000000000,423
MEGL,44757,0.4857,0.4899,0.4899,0.4806,1732165200000000000,161
MEI,325909,9.03,9.72,9.76,8.97,1732165200000000000,5766
MEIP,19057,2.78,2.81,2.9052,2.77,1732165200000000000,159
MELI,385694,1917.01,1968.15,1970.555,1880,1732165200000000000,26768
MEM,4868,31.8,31.8841,31.9499,31.7,1732165200000000000,56
MEMS,12360,24.72,24.7281,24.7281,24.72,1732165200000000000,3
MEMX,5606,29.6581,29.8185,29.8401,29.6581,1732165200000000000,28
MEOH,259112,44.55,45.45,45.58,44.33,1732165200000000000,4062
MERpK,61186,26.03,26.24,26.245,26.01,1732165200000000000,347
MERC,263785,6.28,6.36,6.41,6.23,1732165200000000000,4615
MESA,129674,0.85,0.865,0.8799,0.85,1732165200000000000,284
MESO,231854,10.05,10.18,10.2498,9.99,1732165200000000000,2372
MET,3678183,83.16,85.19,85.425,83,1732165200000000000,47783
METpA,41843,24.38,24.45,24.54,24.33,1732165200000000000,211
METpE,94193,24.18,24.2,24.4305,24.12,1732165200000000000,500
METpF,52291,21.06,21.17,21.2658,21.06,1732165200000000000,410
META,11154749,569.52,563.09,570,549.05,1732165200000000000,228107
METC,609062,12.42,13.145,13.69,12.34,1732165200000000000,7416
METCB,116978,9.79,9.86,10.127,9.57,1732165200000000000,775
METCL,5357,25.65,25.5,25.65,25.49,1732165200000000000,69
METD,32677,20.59,20.83,21.34,20.59,1732165200000000000,296
METU,275771,32.25,31.63,32.3246,30.04,1732165200000000000,1588
METV,396525,14.14,14.18,14.25,13.99,1732165200000000000,2312
MEXX,52393,10.8,10.65,10.88,10.59,1732165200000000000,342
MFA,743689,10.84,10.93,10.95,10.795,1732165200000000000,6563
MFApB,27677,22.08,22.1,22.22,21.78,1732165200000000000,237
MFApC,18168,24.6,24.49,24.677,24.37,1732165200000000000,133
MFAN,4689,25.15,25.18,25.22,25.12,1732165200000000000,40
MFAO,21458,25.2499,25.13,25.2499,25.12,1732165200000000000,196
MFC,2174558,32.7,32.68,32.97,32.39,1732165200000000000,17983
MFDX,14346,30.1,30.2079,30.24,30.08,1732165200000000000,114
MFEM,10702,19.63,19.6453,19.66,19.58,1732165200000000000,62
MFG,861636,4.99,5.02,5.055,4.99,1732165200000000000,4076
MFH,89536,3.98,4.1,4.37,3.6,1732165200000000000,803
MFI,48440,0.705,0.73,0.7377,0.705,1732165200000000000,233
MFIC,378389,13.84,13.82,13.94,13.78,1732165200000000000,3551
MFICL,5783,25.67,25.6101,25.71,25.61,1732165200000000000,35
MFIN,57596,9.51,9.57,9.703262,9.5023,1732165200000000000,834
MFLX,2511,17.191,17.23,17.23,17.19,1732165200000000000,34
MFM,132586,5.52,5.53,5.54,5.5,1732165200000000000,542
MFUL,12120,21.94,21.9839,22.01,21.94,1732165200000000000,33
MFUS,2769,51.18,51.53,51.5701,51.12,1732165200000000000,50
MFUT,1079,16.7,16.73,16.73,16.7,1732165200000000000,12
MG,128984,9.03,9.15,9.3,9.03,1732165200000000000,4700
MGA,1968962,42.65,44.14,44.25,42.65,1732165200000000000,19325
MGC,61241,213.62,213.47,214.06,211.28,1732165200000000000,1323
MGEE,126868,104.22,104.13,104.67,103.2,1732165200000000000,4362
MGF,48728,3.08,3.09,3.09,3.05,1732165200000000000,124
MGIC,18593,10.96,10.99,11.12,10.83,1732165200000000000,598
MGIH,9474,1.57,1.5977,1.5999,1.5301,1732165200000000000,60
MGK,281613,337.56,335.86,338.325,331.5,1732165200000000000,6700
MGLD,107410,1.38,1.55,1.6,1.38,1732165200000000000,635
MGM,2569600,37.54,38.01,38.08,37.26,1732165200000000000,28683
MGMT,10466,42.15,43.1209,43.17,42.15,1732165200000000000,109
MGNI,2573318,16.08,16.55,16.75,15.7,1732165200000000000,26989
MGNR,12878,32.38,32.7,32.72,32.31,1732165200000000000,156
MGNX,499678,3.25,3.21,3.328,3.16,1732165200000000000,4907
MGOL,7986,2.36,2.35,2.39,2.3352,1732165200000000000,94
MGOV,13853,20.0093,19.9565,20.0093,19.89,1732165200000000000,68
MGPI,303777,46.61,46.75,47.09,46.155,1732165200000000000,8289
MGR,27484,23.59,23.63,23.8748,23.59,1732165200000000000,336
MGRB,10451,19.17,19.28,19.5853,19.17,1732165200000000000,172
MGRC,183171,118.31,119.46,119.9,118.31,1732165200000000000,4052
MGRD,7299,17.19,17.24,17.33,17.0101,1732165200000000000,50
MGRE,27700,25.36,25.3,25.47,25.27,1732165200000000000,348
MGRM,79501,2.02,1.98,2.05,1.9184,1732165200000000000,520
MGRO,679,31.08,31.0799,31.08,31.0799,1732165200000000000,10
MGRX,132904,2.42,2.5,2.59,2.38,1732165200000000000,1521
MGTX,155557,5.86,5.92,6.02,5.74,1732165200000000000,2547
MGV,242757,130.12,131.25,131.57,129.86,1732165200000000000,3047
MGX,667785,1.67,1.82,1.8623,1.66,1732165200000000000,3246
MGY,1498383,28,28.23,28.32,27.885,1732165200000000000,16126
MGYR,5578,13.25,13.25,13.25,13.165,1732165200000000000,94
MHD,82676,12.16,12.15,12.17,12.1253,1732165200000000000,380
MHF,48074,7.09,7.07,7.12,7.0473,1732165200000000000,174
MHH,63591,13.5,14.08,14.09,13.1733,1732165200000000000,1514
MHI,65536,9.42,9.4,9.45,9.39,1732165200000000000,291
MHK,409651,136.67,137.49,139.45,135.83,1732165200000000000,11744
MHLA,3043,16.95,16.9301,17.93,16.9,1732165200000000000,35
MHLD,111574,1.75,1.67,1.75,1.6516,1732165200000000000,615
MHN,33724,10.67,10.61,10.67,10.6097,1732165200000000000,127
MHNC,9369,17,17.42,17.49,16.8,1732165200000000000,81
MHO,165881,155.4,156.19,158.96,155.24,1732165200000000000,6892
MHUA,558573,0.6668,0.6867,0.7351,0.610931,1732165200000000000,976
MI,37538,3.04,3.18,3.35,2.89,1732165200000000000,451
MID,4343,62.64,63.07,63.19,62.64,1732165200000000000,56
MIDD,638511,136.8,138.66,139.51,135.74,1732165200000000000,11422
MIDE,1319,32.4412,32.4301,32.45,32.4301,1732165200000000000,9
MIDU,85472,60.51,62.71,63.1592,60.2797,1732165200000000000,989
MIG,6983,21.44,21.4,21.44,21.3409,1732165200000000000,15
MIGI,753913,1.83,1.67,1.91,1.66,1732165200000000000,3053
MILN,3671,45.56,45.92,45.92,45.34,1732165200000000000,115
MIN,160300,2.68,2.68,2.68,2.65,1732165200000000000,522
MIND,56153,3.8,3.88,3.88,3.78,1732165200000000000,546
MINN,2018,22.325,22.2158,22.325,22.21,1732165200000000000,5
MINO,41144,45.66,45.5,45.66,45.5,1732165200000000000,119
MINT,784159,100.58,100.58,100.6,100.57,1732165200000000000,3389
MINV,3292,28.27,28.4054,28.47,28.231,1732165200000000000,33
MIO,32372,12.05,12.0301,12.1,12.03,1732165200000000000,105
MIR,1411611,16.12,16.28,16.3799,15.93,1732165200000000000,14494
MIRA,458429,1.26,1.26,1.329,1.19,1732165200000000000,1476
MIRM,351968,43.92,43.48,44.115,42.27,1732165200000000000,7470
MISL,33526,31.72,31.86,32.0488,31.71,1732165200000000000,174
MIST,269725,1.85,1.85,1.8828,1.8,1732165200000000000,765
MITAW,60714,0.05,0.08,0.094251,0.04,1732165200000000000,70
MITK,561813,8.85,9.1,9.135,8.84,1732165200000000000,8181
MITN,5466,25.02,25.0647,25.12,25,1732165200000000000,59
MITP,33875,24.99,24.9,25.1299,24.678,1732165200000000000,294
MITQ,24281,0.6102,0.65,0.6673,0.6102,1732165200000000000,101
MITT,378688,6.68,6.66,6.74,6.61,1732165200000000000,2715
MITTpA,10825,22.45,22.34,22.45,22.27,1732165200000000000,82
MITTpB,12353,22.43,22.38,22.4599,22.182,1732165200000000000,55
MITTpC,11118,25.4895,25.3,25.4895,25.3,1732165200000000000,74
MIY,83336,11.61,11.63,11.66,11.59,1732165200000000000,240
MJ,1191735,2.56,2.54,2.63,2.5,1732165200000000000,2866
MJUS,56863,1.03,0.989,1.03,0.9732,1732165200000000000,283
MKAM,349,29.59,29.5571,29.61,29.5571,1732165200000000000,6
MKC,2024317,77.14,77.95,78.27,76.96,1732165200000000000,23574
MKC.V,2132,77.25,78.13,78.13,77.25,1732165200000000000,28
MKDW,45835,0.94,0.9359,1.05,0.92,1732165200000000000,375
MKFG,127290,4.22,4.4,4.44,4.22,1732165200000000000,1109
MKL,40090,1700,1718.45,1725.65,1677.3047,1732165200000000000,6313
MKOR,5190,23.54,23.562,23.598,23.48,1732165200000000000,36
MKSI,834343,109.64,113.71,114.42,109.14,1732165200000000000,18170
MKTW,227230,0.531,0.5568,0.5569,0.531,1732165200000000000,635
MKTX,508993,267.24,260.31,267.24,257.09,1732165200000000000,14275
MKZR,70395,3.29,3.16,3.3,3,1732165200000000000,218
ML,137975,80.11,80.24,82.95,77.19,1732165200000000000,4637
ML.WS,13260,0.09,0.095,0.095,0.0805,1732165200000000000,22
MLAB,67489,98.85,100.86,102.92,98.72,1732165200000000000,2648
MLCO,2012721,6,6.06,6.065,5.905,1732165200000000000,11866
MLDR,0,48.3099,48.3099,48.3099,48.3099,1732165200000000000,0
MLEC,1775,0.851,0.851,0.875001,0.85,1732165200000000000,32
MLGO,5411415,0.1671,0.1687,0.1731,0.1665,1732165200000000000,5285
MLI,571583,91.7,91.7,93.01,90.8,1732165200000000000,13339
MLKN,534729,23.51,23.73,23.855,23.33,1732165200000000000,11500
MLM,347848,588.73,590.6,593.73,584.24,1732165200000000000,14443
MLN,892252,17.93,17.97,17.99,17.93,1732165200000000000,1551
MLNK,272541,22.22,22.43,22.605,22.19,1732165200000000000,6313
MLP,6379,23.44,23.75,24.13,22.451,1732165200000000000,250
MLPA,128619,49.92,50.315,50.3156,49.5634,1732165200000000000,971
MLPB,5049,25.67,25.7935,25.7935,25.66,1732165200000000000,30
MLPD,2288,26.15,26.0449,26.15,26.02,1732165200000000000,21
MLPR,250,61.43,61.8753,61.8753,61.43,1732165200000000000,10
MLPX,200997,63.02,64.01,64.17,62.8,1732165200000000000,1970
MLR,75066,67.14,67.25,67.8,66.6,1732165200000000000,2947
MLSS,120683,0.704,0.708,0.72,0.65,1732165200000000000,453
MLTX,252005,50.07,51.86,52.09,48.91,1732165200000000000,4653
MLYS,230393,12.7,11.87,12.78,11.78,1732165200000000000,3082
MMA,137460,2.02,1.81,2.15,1.8,1732165200000000000,843
MMC,1526913,221.96,224.42,225.145,221.22,1732165200000000000,26184
MMCA,184,21.54,21.5463,21.5463,21.54,1732165200000000000,5
MMD,146811,15.7,15.75,15.86,15.7,1732165200000000000,644
MMI,74816,40.2,40.58,40.8955,40.2,1732165200000000000,2344
MMIN,50433,24.01,24.22,24.2362,24.01,1732165200000000000,117
MMIT,71871,24.28,24.28,24.28,24.2403,1732165200000000000,290
MMKT,2098,100.46,100.45,100.46,100.4441,1732165200000000000,33
MMLG,10619,30.39,30.3799,30.46,30.07,1732165200000000000,60
MMLP,71832,3.98,3.99,4,3.98,1732165200000000000,636
MMM,2544777,127.73,127.32,128.58,126.32,1732165200000000000,39822
MMS,1987125,75.53,74.96,76.9595,73.8301,1732165200000000000,27899
MMSC,20564,22.02,22.2,22.26,22.0199,1732165200000000000,28
MMSI,399341,104.55,105.03,105.44,103.25,1732165200000000000,7541
MMT,60335,4.69,4.69,4.7,4.66,1732165200000000000,162
MMTM,2229,263.4347,264.2482,264.4382,263.4347,1732165200000000000,93
MMU,101249,10.44,10.43,10.47,10.41,1732165200000000000,529
MMV,196234,0.36,0.3701,0.38,0.3501,1732165200000000000,322
MMYT,511346,106.49,109.69,110.07,105.01,1732165200000000000,10881
MNA,14934,32.71,32.78,32.8,32.71,1732165200000000000,116
MNBD,6399,25.78,25.7847,25.8,25.78,1732165200000000000,19
MNDO,5663,1.95,1.9582,1.9676,1.95,1732165200000000000,79
MNDR,688878,0.265,0.2843,0.2977,0.2566,1732165200000000000,1163
MNDY,1191939,263.27,276.26,278.1986,263.27,1732165200000000000,24648
MNKD,3628718,6.89,6.9,6.98,6.74,1732165200000000000,15633
MNMD,1078680,7.4,7.09,7.58,6.99,1732165200000000000,9099
MNOV,81403,1.92,2,2.05,1.92,1732165200000000000,518
MNPR,48401,19.03,19.71,20,19.03,1732165200000000000,1696
MNR,155623,16.6,16.63,16.8,16.5,1732165200000000000,1612
MNRO,318217,26.92,26.73,27.08,26.4,1732165200000000000,8174
MNSB,16188,18.21,18.35,18.4,18,1732165200000000000,218
MNSBP,460,23.98,24.25,24.25,23.98,1732165200000000000,4
MNSO,1565295,17.2,16.99,17.3575,16.7,1732165200000000000,13085
MNST,4846508,53.6,53.98,54.02,53,1732165200000000000,50090
MNTK,559074,4.01,4.43,4.48,3.965,1732165200000000000,5285
MNTL,261,25.32,25.1915,25.32,25.1915,1732165200000000000,4
MNTN,4717,11.4,11.36,11.825,11.34,1732165200000000000,26
MNTS,1337504,0.56,0.5802,0.59,0.5334,1732165200000000000,2507
MNTSW,99098,0.0133,0.0149,0.017,0.0133,1732165200000000000,59
MNTX,45277,5.73,5.73,5.74,5.73,1732165200000000000,314
MNY,55466,1.22,1.15,1.27,1.15,1732165200000000000,312
MNYWW,11236,0.0378,0.0388,0.0472,0.0375,1732165200000000000,948
MO,5333623,55.99,56.03,56.48,55.72,1732165200000000000,57027
MOAT,823174,95.57,96.33,96.53,95.24,1732165200000000000,7172
MOB,147102,1.32,1.31,1.35,1.28,1732165200000000000,175
MOBBW,25635,0.160101,0.15,0.160101,0.15,1732165200000000000,18
MOBX,217204,0.64,0.58,0.64,0.58,1732165200000000000,969
MOD,728958,135.73,140.49,142.12,134.66,1732165200000000000,13555
MODD,604045,2.05,1.94,2.09,1.85,1732165200000000000,1504
MODG,2648954,8.12,8.6,8.64,8.01,1732165200000000000,21192
MODL,19863,40.45,40.54,40.6,40.18,1732165200000000000,99
MODV,157307,16.38,17.47,17.66,16.24,1732165200000000000,2964
MOFG,58807,32.24,32.75,32.86,32.235,1732165200000000000,1994
MOG.A,81416,218.97,220.32,222.44,217.05,1732165200000000000,4401
MOGO,111789,1.6,1.52,1.6,1.46,1732165200000000000,721
MOGU,7511,1.98,2.13,2.14,1.9301,1732165200000000000,92
MOH,727739,293.64,296.07,298.885,288.05,1732165200000000000,19757
MOLN,11685,5.48,5.42,5.48,5.16,1732165200000000000,102
MOMO,1269579,6.62,6.56,6.675,6.45,1732165200000000000,11273
MOND,124351,0.9649,0.9826,1.02,0.9301,1732165200000000000,726
MOO,39768,70.25,71.15,71.29,70.06,1732165200000000000,935
MOOD,5795,30.55,30.67,30.7,30.55,1732165200000000000,31
MORN,118377,338,340.07,341.34,334.34,1732165200000000000,4800
MORT,230277,11.11,11.23,11.23,11.11,1732165200000000000,838
MOS,4545184,25.55,26.05,26.14,25.48,1732165200000000000,39735
MOTE,0,29.3192,29.3192,29.3192,29.3192,1732165200000000000,0
MOTG,78,38.9457,38.9457,38.9457,38.9457,1732165200000000000,2
MOTI,12818,31.77,31.755,32.26,31.6511,1732165200000000000,123
MOTO,164,42.58,42.7635,42.7635,42.58,1732165200000000000,7
MOV,106366,18.75,19.07,19.13,18.65,1732165200000000000,3255
MOVE,29430,2.98,3.18,3.26,2.8,1732165200000000000,181
MP,1592199,18.18,18.73,19.12,18.01,1732165200000000000,19154
MPA,19895,12.145,12.09,12.145,12.01,1732165200000000000,57
MPAA,106857,6.5,6.95,7.15,6.5,1732165200000000000,1303
MPAY,521,25.71,25.7631,25.8199,25.71,1732165200000000000,27
MPB,55825,31.45,31.65,32.135,31.25,1732165200000000000,1932
MPC,1505501,160.29,159.29,161.61,158.46,1732165200000000000,29368
MPLN,83486,6.5,7.02,7.05,6.12,1732165200000000000,1321
MPLX,1740961,47.75,48.27,48.485,47.6826,1732165200000000000,12747
MPRO,63702,29.4402,29.54,29.55,29.43,1732165200000000000,338
MPTI,53508,59.06,62.3,62.4999,58.0818,1732165200000000000,2519
MPU,65354,1.58,1.63,1.66,1.58,1732165200000000000,690
MPV,37742,16.32,16.33,16.4,16.16,1732165200000000000,193
MPW,10895336,4.25,4.24,4.36,4.19,1732165200000000000,21920
MPWR,1021937,570.07,572.47,574.01,551.785,1732165200000000000,32313
MPX,21586,9.55,9.84,9.91,9.55,1732165200000000000,489
MQ,4578331,3.9267,3.96,3.975,3.79,1732165200000000000,15498
MQQQ,1290,27.2,27.61,27.64,27.2,1732165200000000000,41
MQT,51318,10.37,10.32,10.37,10.31,1732165200000000000,383
MQY,197770,12.34,12.26,12.3448,12.22,1732165200000000000,1522
MRAM,129552,6.09,6.08,6.1667,5.98,1732165200000000000,1547
MRBK,23816,14.29,14.5,14.5,14.29,1732165200000000000,1388
MRC,459440,13.87,13.99,14.18,13.84,1732165200000000000,6614
MRCC,45339,8.525,8.44,8.55,8.43,1732165200000000000,355
MRCP,1000,27.95,27.9639,27.9639,27.95,1732165200000000000,8
MRCY,336636,39,39.98,40.1899,38.475,1732165200000000000,8021
MREO,864936,3.6,3.68,3.6875,3.4474,1732165200000000000,5753
MRGR,528,42.0857,42.0857,42.0857,42.0857,1732165200000000000,63
MRIN,17272,1.96,1.9813,2.02,1.94,1732165200000000000,121
MRK,15670302,97.72,99.86,100.48,96.95,1732165200000000000,142052
MRKR,41903,3.11,2.9517,3.2,2.9101,1732165200000000000,287
MRM,1276,2.9,2.8814,2.9,2.764,1732165200000000000,29
MRNA,8964055,36.55,38.25,38.82,35.96,1732165200000000000,94180
MRNO,6345,9.2,9.87,9.87,9.2,1732165200000000000,366
MRNS,860147,0.302,0.3223,0.3249,0.302,1732165200000000000,1263
MRNY,349462,5.01,5.13,5.1671,4.909,1732165200000000000,3085
MRO,37029766,29.11,28.55,29.37,28.43,1732165200000000000,57866
MRSK,20224,33.25,33.34,33.48,33.25,1732165200000000000,42
MRSN,1013243,2.23,1.98,2.29,1.97,1732165200000000000,5119
MRT,20831,1.98,1.9403,1.98,1.94,1732165200000000000,197
MRTN,648495,16.68,16.65,16.92,16.52,1732165200000000000,7294
MRUS,1110081,45.07,44.355,45.7599,43.2,1732165200000000000,13452
MRVI,1244848,4.85,4.96,5.039,4.745,1732165200000000000,9792
MRVL,9535140,91.765,92.94,93.49,90.07,1732165200000000000,108911
MRX,563719,29,29.67,29.8,28.7,1732165200000000000,7252
MS,5547725,133.2,134.99,135.575,133.14,1732165200000000000,71493
MSpA,38292,23.29,23.5,23.64,23.29,1732165200000000000,292
MSpE,61964,25.31,25.34,25.35,25.3,1732165200000000000,427
MSpF,38041,25.33,25.33,25.3493,25.29,1732165200000000000,371
MSpI,128910,25.43,25.5,25.553,25.33,1732165200000000000,633
MSpK,64377,24.93,25.17,25.1899,24.93,1732165200000000000,556
MSpL,15755,22.53,22.72,22.79,22.53,1732165200000000000,166
MSpO,55016,18.96,19.16,19.16,18.9362,1732165200000000000,503
MSpP,42320,26.21,26.33,26.34,26.1982,1732165200000000000,374
MSpQ,48542,26.35,26.46,26.5415,26.35,1732165200000000000,426
MSA,223477,171.79,171.78,173.685,170.8,1732165200000000000,6542
MSAI,53188,1.66,1.66,1.71,1.55,1732165200000000000,280
MSAIW,5350,0.0296,0.0387,0.0387,0.0204,1732165200000000000,14
MSB,18397,25.99,26.54,26.6,25.75,1732165200000000000,246
MSBI,72445,26.44,26.77,27.17,26.44,1732165200000000000,2590
MSBIP,8024,24.97,25.1,25.1,24.95,1732165200000000000,89
MSC,7421,6.33,6.49,7,6.33,1732165200000000000,58
MSCI,685575,587.99,581.34,587.99,580.02,1732165200000000000,23107
MSD,68789,7.61,7.66,7.67,7.6044,1732165200000000000,239
MSDL,360848,20.52,20.63,20.65,20.42,1732165200000000000,2028
MSEX,65197,66.15,65.85,66.33,65.12,1732165200000000000,2387
MSFD,69156,13.87,14.11,14.17,13.87,1732165200000000000,207
MSFL,92103,23.35,22.63,23.35,22.3606,1732165200000000000,822
MSFO,37414,18.67,18.57,18.69,18.404,1732165200000000000,813
MSFT,20780162,419.5,412.87,419.78,410.2887,1732165200000000000,335479
MSFU,325628,41.21,39.96,41.2998,39.4844,1732165200000000000,3592
MSFX,45267,26.31,25.58,26.34,25.38,1732165200000000000,381
MSFY,1187,25.2,25.0242,25.2,24.94,1732165200000000000,60
MSGE,412305,35.5,36.22,36.65,35.3901,1732165200000000000,6108
MSGM,10428,1.08,1.13,1.13,1.08,1732165200000000000,100
MSGS,97026,223.89,228.49,228.95,222.92,1732165200000000000,5028
MSI,688968,494.66,494.84,496.2712,491.3,1732165200000000000,21015
MSM,521258,81.53,84.13,84.9,81.205,1732165200000000000,10986
MSMR,11745,30.84,31.0045,31.12,30.84,1732165200000000000,104
MSN,5332,0.45,0.459,0.459159,0.441,1732165200000000000,46
MSOS,11891103,4.69,4.57,4.89,4.43,1732165200000000000,25792
MSOX,6267538,0.7406,0.6876,0.7801,0.6451,1732165200000000000,4715
MSS,6933,1,0.9796,1,0.94,1732165200000000000,120
MSSAR,4143,0.0462,0.0522,0.0522,0.0462,1732165200000000000,7
MSSAW,38657,0.0488,0.0347,0.0488,0.0156,1732165200000000000,129
MSSS,3837,29.05,29.0308,29.05,29.01,1732165200000000000,24
MSTB,1926,34.41,34.5664,34.6499,34.41,1732165200000000000,25
MSTI,2871,20.535,20.5287,20.545,20.52,1732165200000000000,34
MSTQ,199,33.48,33.4525,33.48,33.4525,1732165200000000000,4
MSTR,100443991,535.63,397.28,543,371.8401,1732165200000000000,1939797
MSTU,18356030,312.52,184.51,314.9997,165,1732165200000000000,420417
MSTX,21207771,215.71,118.51,220.99,105.21,1732165200000000000,393474
MSTY,9587758,43.7,33.74,44.2,32.15,1732165200000000000,138477
MSTZ,1432147731,0.616,1.07,1.16,0.6,1732165200000000000,515185
MSVX,111,21.6594,21.6594,21.6594,21.6594,1732165200000000000,3
MT,1266932,25.03,25.29,25.38,24.971,1732165200000000000,11875
MTA,374534,3.13,3.1,3.13,3.015,1732165200000000000,2191
MTAL,558980,11.77,12.46,12.47,11.77,1732165200000000000,4583
MTB,751858,213.63,216.62,218.92,212.98,1732165200000000000,20088
MTBpH,22625,24.74,24.7959,25.0064,24.68,1732165200000000000,254
MTBpJ,56137,27.14,27.08,27.21,27.05,1732165200000000000,402
MTBA,177989,50.12,50.06,50.17,50.05,1732165200000000000,851
MTC,401247,0.315,0.3078,0.326,0.303,1732165200000000000,870
MTCH,5616177,30.48,31.5,31.62,30.22,1732165200000000000,51551
MTD,164708,1166.9,1196.82,1197.87,1156.88,1732165200000000000,10051
MTDR,1004037,59.87,60.16,60.69,59.58,1732165200000000000,16038
MTEK,2966,1.7215,1.75,1.75,1.7101,1732165200000000000,47
MTEM,13770286,0.4,0.38,0.4,0.361,1732165200000000000,24694
MTEN,16554,5.9,5.67,5.94,5.67,1732165200000000000,700
MTG,875846,24.86,24.97,25.055,24.71,1732165200000000000,12926
MTGP,6050,43.63,43.685,43.72,43.63,1732165200000000000,21
MTH,267950,179.61,177.68,181.71,177.47,1732165200000000000,8696
MTLS,171600,7.16,7.48,7.54,7.14,1732165200000000000,1395
MTN,556920,177.18,181.17,182.1,176.09,1732165200000000000,11701
MTNB,120244,0.556,0.5799,0.5799,0.5282,1732165200000000000,378
MTR,51458,7.04,7.24,7.49,7.025,1732165200000000000,260
MTRN,62660,113.36,112.97,115.055,112.82,1732165200000000000,2843
MTRX,223784,13.5,13.24,13.58,13.23,1732165200000000000,3067
MTSI,589551,129.71,131.33,132.46,129,1732165200000000000,13992
MTTR,2652886,4.7,4.78,4.82,4.675,1732165200000000000,11825
MTUL,6,31.3414,31.3414,31.3414,31.3414,1732165200000000000,1
MTUM,912933,213.21,213.81,214.495,211.7851,1732165200000000000,13124
MTUS,247317,14.68,15.05,15.23,14.63,1732165200000000000,5105
MTW,258676,10.08,10.57,10.63,10.045,1732165200000000000,4075
MTX,141553,80.47,82.43,82.48,80.15677,1732165200000000000,4148
MTZ,984466,142.01,142.06,144.31,141.195,1732165200000000000,17354
MU,18915150,100.095,102.76,103.2864,98.062,1732165200000000000,195822
MUA,37348,11.99,12,12,11.9,1732165200000000000,107
MUB,2441344,107.56,107.54,107.61,107.46,1732165200000000000,10948
MUC,240349,10.94,10.97,10.99,10.94,1732165200000000000,909
MUD,70,24.3651,24.3651,24.3651,24.3651,1732165200000000000,7
MUE,72370,10.58,10.56,10.599,10.52,1732165200000000000,205
MUFG,1007981,11.68,11.72,11.79,11.675,1732165200000000000,6051
MUI,608764,12.48,12.53,12.62,12.475,1732165200000000000,1642
MUJ,193706,11.62,11.63,11.71,11.56,1732165200000000000,859
MULL,5020,21.199,22.0588,22.1837,21.17,1732165200000000000,44
MULN,3295275,2.67,3.2,3.43,2.67,1732165200000000000,14300
MUNI,243950,52.15,52.12,52.19,52.11,1732165200000000000,827
MUR,1572942,33.28,33.15,33.57,33.1,1732165200000000000,19230
MURA,98619,3.39,3.37,3.4201,3.26,1732165200000000000,599
MUSA,118511,528.52,531.34,541.115,528.52,1732165200000000000,6786
MUSE,101,50.17,50.1183,50.17,50.1183,1732165200000000000,2
MUSI,10658,43.6201,43.61,43.64,43.5901,1732165200000000000,53
MUSQ,1059,23.9,23.8527,23.9,23.78,1732165200000000000,28
MUST,74655,20.65,20.63,20.65,20.53,1732165200000000000,163
MUU,148370,23.3,24.58,24.8,22.51,1732165200000000000,740
MUX,499290,8.5,8.52,8.6,8.32,1732165200000000000,6524
MVAL,0,33.5157,33.5157,33.5157,33.5157,1732165200000000000,0
MVBF,26633,21.53,21.72,22,21.53,1732165200000000000,848
MVF,77830,7.31,7.36,7.38,7.28,1732165200000000000,395
MVFD,18090,27.3925,27.52,27.58,27.3925,1732165200000000000,57
MVFG,9108,27.36,27.3861,27.42,27.3599,1732165200000000000,52
MVIS,1845909,0.93,0.969,0.9764,0.9152,1732165200000000000,6071
MVO,43182,9.15,9.14,9.17,9.07,1732165200000000000,208
MVPA,5346,36.29,35.9065,36.29,35.884,1732165200000000000,44
MVPL,1,32.2174,32.2174,32.2174,32.2174,1732165200000000000,1
MVPS,65,24.1401,24.1401,24.1401,24.1401,1732165200000000000,3
MVRL,2916,16.21,16.6208,16.6208,16.21,1732165200000000000,67
MVST,9037184,0.565,0.5904,0.6347,0.55,1732165200000000000,8723
MVSTW,73237,0.065,0.0626,0.074899,0.0517,1732165200000000000,61
MVT,55646,10.89,10.92,10.95,10.873,1732165200000000000,212
MVV,107784,74.31,75.95,76.265,73.83,1732165200000000000,1041
MWA,927191,24.96,24.97,25.17,24.79,1732165200000000000,9996
MWG,102655,0.24,0.2459,0.2552,0.24,1732165200000000000,126
MX,226412,3.64,3.67,3.7501,3.6041,1732165200000000000,1756
MXC,8831,12.04,12.06,12.34,12.04,1732165200000000000,248
MXCT,651511,3.48,3.45,3.51,3.36,1732165200000000000,8910
MXE,11668,8.41,8.38,8.49,8.38,1732165200000000000,82
MXF,46808,13.47,13.43,13.52,13.4,1732165200000000000,256
MXI,10640,85.19,85.68,85.74,84.95,1732165200000000000,138
MXL,1028255,14.8,15.74,16.2,14.73,1732165200000000000,12115
MYCF,668,24.96,24.965,24.965,24.96,1732165200000000000,3
MYCG,201,24.75,24.73,24.75,24.73,1732165200000000000,3
MYCH,262,24.62,24.6091,24.62,24.6091,1732165200000000000,3
MYCI,271,24.49,24.475,24.49,24.475,1732165200000000000,3
MYCJ,465,24.38,24.3441,24.38,24.3441,1732165200000000000,3
MYCK,201,24.35,24.315,24.35,24.315,1732165200000000000,2
MYCL,200,24.26,24.225,24.26,24.225,1732165200000000000,1
MYCM,511,24.27,24.21,24.27,24.21,1732165200000000000,3
MYCN,321,24.19,24.1501,24.19,24.1501,1732165200000000000,1
MYD,79928,11.2,11.13,11.2,11.08,1732165200000000000,388
MYE,642746,11.75,11.23,11.76,11.15,1732165200000000000,9281
MYFW,14520,20.95,20.82,21.05,20.74,1732165200000000000,303
MYGN,891595,15.33,15.12,15.61,14.935,1732165200000000000,9570
MYI,168157,11.34,11.3,11.365,11.28,1732165200000000000,709
MYLD,5334,27.62,27.65,27.65,27.6,1732165200000000000,49
MYMF,23826,25.01,25.01,25.01,25.01,1732165200000000000,5
MYMG,3215,24.92,24.92,24.92,24.92,1732165200000000000,1
MYMH,3235,24.77,24.77,24.77,24.77,1732165200000000000,1
MYMI,3581,24.79,24.795,24.81,24.79,1732165200000000000,26
MYMJ,3535,24.82,24.825,24.825,24.8,1732165200000000000,4
MYN,50399,10.32,10.34,10.38,10.31,1732165200000000000,185
MYNA,34328,1.43,1.4,1.43,1.36,1732165200000000000,237
MYND,35716,1.63,1.55,1.63,1.51,1732165200000000000,512
MYNZ,4730464,0.218,0.2124,0.2239,0.2015,1732165200000000000,4129
MYO,96670,4.93,4.8,4.93,4.685,1732165200000000000,931
MYPS,202595,1.73,1.85,1.86,1.72,1732165200000000000,2299
MYPSW,23216,0.0133,0.017,0.017,0.0132,1732165200000000000,22
MYRG,140505,145,147.86,150.105,145,1732165200000000000,5984
MYSZ,133690,1.1208,1.12,1.23,1.095,1732165200000000000,631
MYTE,201806,7.34,7.02,7.34,6.81,1732165200000000000,2866
MYY,3234,18.4,18.232,18.4,18.2003,1732165200000000000,39
MZZ,372,8.9156,8.9156,8.9156,8.9156,1732165200000000000,17
NA,76509,4.2,4.37,4.49,4.2,1732165200000000000,13111
NAAS,185150,3.11,3.21,3.29,3.01,1732165200000000000,1401
NABL,447731,10.56,10.28,10.56,10.17,1732165200000000000,6888
NAC,254298,11.35,11.37,11.4,11.34,1732165200000000000,557
NACP,2075,42.479,42.6171,42.64,42.29,1732165200000000000,68
NAD,476420,11.97,12,12.025,11.97,1732165200000000000,1150
NAII,10394,4.45,4.25,4.45,4.13,1732165200000000000,117
NAIL,232073,130.09,131.29,134.7248,128.4,1732165200000000000,3972
NAK,2960177,0.4579,0.4676,0.49,0.4551,1732165200000000000,3666
NAMS,1183332,20.22,20.12,21.65,19.89,1732165200000000000,11500
NAMSW,9692,10.17,9.02,10.29,9.02,1732165200000000000,122
NAN,94655,11.56,11.51,11.56,11.48,1732165200000000000,317
NANC,62332,39.47,39.54,39.64,39,1732165200000000000,1039
NANR,11900,57.775,58.002,58.08,57.775,1732165200000000000,141
NAOV,29446,0.61,0.65,0.67,0.61,1732165200000000000,161
NAPA,661024,11.06,11.05,11.06,11.04,1732165200000000000,3063
NAPR,1986,49.68,49.77,49.8091,49.66,1732165200000000000,25
NARI,536583,48.71,49.75,50.36,48.71,1732165200000000000,9854
NAT,2606294,3,2.99,3.005,2.95,1732165200000000000,8372
NATH,4101,83.66,84.31,85.23,83.5,1732165200000000000,309
NATL,532933,30.54,31.24,31.42,30.54,1732165200000000000,7292
NATO,653,26.46,26.4091,26.46,26.4091,1732165200000000000,64
NATR,41874,16.06,15.665,16.06,15.56,1732165200000000000,1482
NAUG,187,25.47,25.4852,25.4852,25.47,1732165200000000000,2
NAUT,101746,2.36,2.38,2.43,2.28,1732165200000000000,971
NAVI,2097805,14.78,14.93,15.12,14.72,1732165200000000000,15596
NAYA,52313,0.8705,0.875,0.935,0.861,1732165200000000000,281
NAZ,17831,12.05,12.1,12.2,12.04,1732165200000000000,81
NB,92107,1.37,1.36,1.3899,1.35,1732165200000000000,598
NBB,104022,15.77,15.7,15.81,15.7,1732165200000000000,486
NBBK,107886,20.13,20.18,20.4,20,1732165200000000000,3031
NBCC,84,24.8795,24.8795,24.8795,24.8795,1732165200000000000,5
NBCE,600,25.37,25.4035,25.41,25.37,1732165200000000000,4
NBCM,466052,21.92,21.86,21.92,21.805,1732165200000000000,172
NBCR,2804,27.16,27.3431,27.41,27.1,1732165200000000000,15
NBDS,401,30.88,31.1253,31.1253,30.88,1732165200000000000,6
NBET,1168,33.87,34.3138,34.3138,33.87,1732165200000000000,33
NBFC,2,51.1742,51.1742,51.1742,51.1742,1732165200000000000,2
NBGR,765,27.91,27.9757,27.9757,27.91,1732165200000000000,6
NBH,70705,10.73,10.68,10.73,10.66,1732165200000000000,294
NBHC,267595,47.41,48.01,48.7,47.05,1732165200000000000,4797
NBIS,3639761,20.65,22,22,19.64,1732165200000000000,30646
NBIX,1201857,123.27,125,126.13,122.37,1732165200000000000,19104
NBJP,0,24.1521,24.1521,24.1521,24.1521,1732165200000000000,0
NBN,49300,96.71,97.73,99,96.71,1732165200000000000,2622
NBOS,21228,26.49,26.66,26.67,26.49,1732165200000000000,89
NBR,674860,73.21,75.43,76.71,73.21,1732165200000000000,8587
NBSD,7574,50.7594,50.76,50.85,50.7438,1732165200000000000,32
NBSM,10708,27.07,27.37,27.4,27.0678,1732165200000000000,61
NBTB,150934,48.9,49.33,50.04,48.85,1732165200000000000,4063
NBTX,5469,4.0043,3.83,4.0043,3.77,1732165200000000000,50
NBXG,213731,13.12,13.15,13.24,13.02,1732165200000000000,797
NBY,40587,0.7097,0.7198,0.728,0.68,1732165200000000000,226
NC,16356,30.15,32.07,32.27,30.15,1732165200000000000,462
NCA,84830,8.7,8.71,8.73,8.68,1732165200000000000,288
NCDL,230037,17,16.95,17.09,16.94,1732165200000000000,2220
NCI,43626,0.588,0.579,0.6042,0.5564,1732165200000000000,205
NCL,445814,0.27,0.2811,0.289,0.265,1732165200000000000,976
NCLH,9635325,26.2,26.76,26.815,25.9,1732165200000000000,57267
NCMI,396524,6.69,6.81,6.845,6.655,1732165200000000000,5323
NCNA,100983,1.28,1.27,1.29,1.25,1732165200000000000,449
NCNC,4276886,0.1376,0.1294,0.1379,0.123,1732165200000000000,6178
NCNCW,25300,0.0099,0.0098,0.0099,0.007,1732165200000000000,5
NCNO,564329,40.42,40.45,41.02,40.255,1732165200000000000,11440
NCPB,871,25.07,25.085,25.085,25.0699,1732165200000000000,12
NCPL,601857,1.72,1.85,1.92,1.7,1732165200000000000,2376
NCRA,4520,0.99,0.99,1.06,0.99,1732165200000000000,99
NCSM,2702,23.9,23.71,23.955,23.71,1732165200000000000,118
NCTY,131790,11.24,10.56,11.66,10.53,1732165200000000000,1341
NCV,1092796,3.6,3.64,3.65,3.585,1732165200000000000,2253
NCVpA,5888,22.01,22.08,22.1,22,1732165200000000000,57
NCZ,681821,3.25,3.26,3.27,3.23,1732165200000000000,1148
NCZpA,6163,21.09,21.1,21.22,21.0018,1732165200000000000,34
NDAA,562,20.05,20.0234,20.05,20.01,1732165200000000000,6
NDAQ,2264469,80.71,80.88,81.13,80.01,1732165200000000000,38752
NDIA,2415,30.15,30.045,30.15,29.9,1732165200000000000,52
NDIV,2137,29.4,29.7706,29.7706,29.4,1732165200000000000,28
NDLS,102629,0.72,0.7148,0.776,0.7,1732165200000000000,1171
NDMO,181604,10.58,10.52,10.6,10.5,1732165200000000000,568
NDOW,437,24.97,25.0204,25.0204,24.97,1732165200000000000,8
NDP,10263,44.62,45.32,45.4,44.62,1732165200000000000,108
NDRA,84201,4.89,5.27,5.39,4.72,1732165200000000000,1003
NDSN,135180,253.12,256.58,258.37,252.5652,1732165200000000000,6730
NDVG,253,33.24,33.24,33.24,33.24,1732165200000000000,19
NE,1693234,34.65,34.7,35.09,34.65,1732165200000000000,19310
NEA,622605,11.62,11.6,11.65,11.58,1732165200000000000,1311
NEAR,855193,50.61,50.64,50.77,50.59,1732165200000000000,1506
NECB,41212,29.58,29.4,29.82,29.355,1732165200000000000,1182
NEE,8908942,76.79,77.36,77.51,76.36,1732165200000000000,67286
NEEpN,40199,24.54,24.71,24.76,24.525,1732165200000000000,424
NEEpR,139324,43.5,44.11,44.12,43.5,1732165200000000000,680
NEEpS,1100751,51.74,52.23,52.25,51.74,1732165200000000000,283
NEEpT,109259,48.04,47.91,48.09,47.91,1732165200000000000,92
NEGG,598559,0.5785,0.5701,0.5999,0.5611,1732165200000000000,1110
NEM,8421064,43.23,43.32,43.54,42.85,1732165200000000000,61332
NEO,454497,15.41,15.39,15.52,14.995,1732165200000000000,8788
NEOG,1377808,15,14.58,15.31,14.56,1732165200000000000,14573
NEON,147188,6.57,7,7,6.24,1732165200000000000,2346
NEOV,390983,5.13,5.49,5.52,5,1732165200000000000,2926
NEOVW,14039,2.1,2.35,2.35,2.1,1732165200000000000,42
NEP,1395149,16.06,16.35,16.51,16.06,1732165200000000000,10342
NEPH,15305,1.51,1.5,1.598,1.48,1732165200000000000,204
NERD,1419,19.72,19.66,19.74,19.64,1732165200000000000,52
NERV,17723,2.145,2.21,2.2299,2.14,1732165200000000000,100
NESR,109880,8.52,8.49,8.64,8.1601,1732165200000000000,1439
NESRW,610,0.5892,0.59,0.59,0.5697,1732165200000000000,8
NET,5690514,99.76,104.24,104.49,99.33,1732165200000000000,76745
NETD,109252,10.72,10.73,10.73,10.72,1732165200000000000,34
NETDW,318154,0.12,0.1059,0.1291,0.1,1732165200000000000,137
NETL,9942,25.39,25.4893,25.5711,25.39,1732165200000000000,35
NETZ,40588,77.02,77.54,78.0289,76.75,1732165200000000000,169
NEU,24711,538.65,536.33,538.83,533.77,1732165200000000000,2197
NEUE,5082,5.23,5.065,5.23,4.83,1732165200000000000,68
NEWP,127103,1.57,1.53,1.58,1.49,1732165200000000000,642
NEWT,79360,13.93,14.08,14.17,13.8,1732165200000000000,1741
NEWTG,9684,25.6899,25.6199,25.7699,25.55,1732165200000000000,95
NEWTH,37817,25.34,25.14,25.43,25.12,1732165200000000000,576
NEWTI,4951,25.34,25.27,25.45,25.08,1732165200000000000,47
NEWTZ,2056,24.8,24.8,24.8,24.8,1732165200000000000,19
NEWZ,2739,29.26,29.4352,29.5,29.26,1732165200000000000,29
NEXA,28399,7.6,7.62,7.67,7.43,1732165200000000000,648
NEXN,284070,9.52,9.91,10.09,9.38,1732165200000000000,2321
NEXT,2521590,7.47,7.29,7.47,7.2,1732165200000000000,14849
NFBK,140549,13.19,13.3,13.5,13.1,1732165200000000000,3708
NFE,4282295,9.19,9.51,9.7182,9.1,1732165200000000000,31092
NFG,696060,62.1,63.51,63.69,62.07,1732165200000000000,12204
NFGC,1260406,1.65,1.62,1.675,1.51,1732165200000000000,4359
NFJ,315861,12.91,12.99,12.99,12.88,1732165200000000000,893
NFLP,4105,34.98,35.2984,35.38,34.98,1732165200000000000,63
NFLT,53834,22.66,22.59,22.66,22.5314,1732165200000000000,81
NFLU,55593,37.51,38.28,39.16,36.91,1732165200000000000,473
NFLX,4511263,883.93,897.48,908,877.24,1732165200000000000,132267
NFLY,54172,18.96,19.13,19.31,18.8499,1732165200000000000,852
NFRA,61198,57.46,57.9,57.92,57.28,1732165200000000000,303
NFTY,81941,57.49,57.49,57.68,57.11,1732165200000000000,1306
NFXL,112312,37.4,38.96,39.39,36.89,1732165200000000000,1037
NFXS,37510,20.01,19.65,20.0499,19.4,1732165200000000000,280
NG,1245734,3.64,3.6,3.655,3.5,1732165200000000000,4563
NGD,8172955,2.82,2.88,2.88,2.81,1732165200000000000,11050
NGG,898430,63.1,63.1,63.15,62.52,1732165200000000000,10879
NGL,102389,4.49,4.45,4.52,4.4101,1732165200000000000,583
NGLpB,26550,23.45,23.45,23.55,23.33,1732165200000000000,208
NGLpC,3021,23.5542,23.3999,23.74,23.25,1732165200000000000,31
NGNE,397982,15.06,15.59,16.15,14.44,1732165200000000000,6341
NGS,282989,26.5,27.23,27.8,26.25,1732165200000000000,4829
NGVC,123137,34.77,36.25,36.285,34.7,1732165200000000000,3826
NGVT,211768,46.57,48.41,48.65,46.33,1732165200000000000,5352
NHC,43451,124.62,125.85,126.48,124.03,1732165200000000000,2784
NHI,204440,76.98,77.87,78.09,76.975,1732165200000000000,4396
NHS,137938,7.68,7.68,7.69,7.64,1732165200000000000,890
NHTC,26508,5.48,5.6,5.65,5.44,1732165200000000000,313
NI,3023172,37.31,37.85,37.935,37.22,1732165200000000000,25956
NIC,51721,110.78,110.57,112.15,110,1732165200000000000,2218
NICE,548803,171.83,171.31,174.3125,168.69,1732165200000000000,13395
NIE,71510,24.05,24.07,24.1399,23.82,1732165200000000000,494
NIKL,12677,11.92,11.83,11.92,11.77,1732165200000000000,175
NIM,57433,9.02,8.91,9.02,8.87,1732165200000000000,140
NINE,1595106,1.22,1.26,1.28,1.17,1732165200000000000,6070
NIO,54962295,4.58,4.7,4.805,4.5,1732165200000000000,65943
NIOBW,1357,0.1177,0.1,0.1177,0.1,1732165200000000000,8
NIPG,99645,5.91,6.03,6.162,5.78,1732165200000000000,649
NISN,115353,8.48,8.4,9.0999,8.4,1732165200000000000,708
NITE,834,28.79,28.8783,28.9812,28.79,1732165200000000000,18
NITO,951852,0.1939,0.2099,0.2124,0.1936,1732165200000000000,1393
NIU,377954,1.81,1.8,1.84,1.79,1732165200000000000,1492
NIVF,967501,0.576,0.5432,0.605,0.5,1732165200000000000,2801
NIVFW,11320,0.0375,0.0388,0.04,0.02,1732165200000000000,16
NIXT,33694,26.58,26.82,26.8781,26.38,1732165200000000000,617
NIXX,411347,2.57,2.91,2.99,2.45,1732165200000000000,2368
NIXXW,45039,0.0196,0.0144,0.037,0.0144,1732165200000000000,59
NJAN,23791,47.47,47.4252,47.4951,47.32,1732165200000000000,49
NJNK,899,20.09,20.07,20.12,20.07,1732165200000000000,8
NJR,460200,49.09,49.85,49.98,48.91,1732165200000000000,9249
NJUL,8306,62.0018,62.0001,62.21,61.94,1732165200000000000,24
NJUN,0,26.9868,26.9868,26.9868,26.9868,1732165200000000000,0
NKE,12818637,73.36,75.1,75.56,73.2,1732165200000000000,127699
NKGN,3836236,0.32,0.3375,0.439,0.32,1732165200000000000,5881
NKLA,6427550,1.92,2.03,2.04,1.83,1732165200000000000,22441
NKSH,23053,30.97,30.715,31.55,30.715,1732165200000000000,577
NKTR,1455425,1,1.01,1.04,0.9793,1732165200000000000,5031
NKTX,675828,2.48,2.44,2.51,2.395,1732165200000000000,5941
NKX,87148,12.88,12.9,12.92,12.87,1732165200000000000,261
NL,15616,7.96,8.03,8.17,7.96,1732165200000000000,297
NLOP,66883,31.21,31.09,31.375,30.99,1732165200000000000,1975
NLR,388252,93.37,95.97,96.16,92,1732165200000000000,4350
NLSP,33462,3.3,3.365,3.51,3.1901,1732165200000000000,562
NLY,4359185,19.5,19.78,19.81,19.48,1732165200000000000,24742
NLYpF,47592,25.94,25.93,26,25.86,1732165200000000000,305
NLYpG,14222,25.56,25.54,25.62,25.5,1732165200000000000,184
NLYpI,19490,25.9,25.854,25.94,25.84,1732165200000000000,394
NMAI,78254,12.48,12.57,12.62,12.48,1732165200000000000,549
NMB,5620,25.23,25.265,25.265,25.22,1732165200000000000,50
NMCO,235051,11,11.05,11.09,11,1732165200000000000,536
NMFC,443317,11.52,11.53,11.65,11.495,1732165200000000000,5959
NMFCZ,4989,25.47,25.4,25.47,25.4,1732165200000000000,107
NMG,92220,1.29,1.25,1.29,1.23,1732165200000000000,772
NMHI,655695,1.86,2.2,2.33,1.85,1732165200000000000,4058
NMHIW,62235,0.014,0.0097,0.0196,0.0097,1732165200000000000,74
NMI,30077,9.52,9.5,9.5699,9.5,1732165200000000000,146
NMIH,541710,38.11,38.27,38.53,37.87,1732165200000000000,8940
NML,192422,9.16,9.28,9.339,9.15,1732165200000000000,729
NMM,358800,52.46,51.38,52.95,50.58,1732165200000000000,3141
NMR,408800,5.99,6.05,6.09,5.98,1732165200000000000,2365
NMRA,604233,9.88,9.69,10.13,9.5,1732165200000000000,8713
NMRK,1011761,14.78,14.96,15.01,14.62,1732165200000000000,14041
NMS,22592,13.3588,13.3,13.39,13.09,1732165200000000000,73
NMT,14786,11.67,11.68,11.8023,11.65,1732165200000000000,77
NMTC,152311,0.724184,0.6998,0.75388,0.6709,1732165200000000000,505
NMZ,241909,11.15,11.15,11.19,11.12,1732165200000000000,921
NN,975359,15.58,15.54,15.77,15.12,1732165200000000000,11546
NNAVW,20801,6.04,6.09,6.64,5.78,1732165200000000000,92
NNBR,79907,3.8,3.95,3.99,3.8,1732165200000000000,989
NNDM,1669981,2.15,2.16,2.19,2.09,1732165200000000000,6233
NNE,10171980,24.03,29.25,31,23.6,1732165200000000000,90490
NNI,46554,105,105.92,106.78,105,1732165200000000000,2568
NNN,1789711,43.8,43.69,44.08,43.405,1732165200000000000,17897
NNOV,14246,25.71,25.5511,25.71,25.485,1732165200000000000,28
NNOX,2136777,6.04,6.16,6.21,5.2701,1732165200000000000,14209
NNVC,56262,1.33,1.28,1.34,1.28,1732165200000000000,393
NNY,52921,8.28,8.31,8.35,8.28,1732165200000000000,150
NOA,52023,19.66,19.74,19.91,19.59,1732165200000000000,1325
NOAH,101751,11.55,11.77,11.84,11.55,1732165200000000000,1218
NOBL,496070,105.15,106.34,106.37,104.8801,1732165200000000000,5197
NOC,609791,493.9,496.41,496.9,489.17,1732165200000000000,20761
NOCT,32210,50.66,50.89,50.9386,50.47,1732165200000000000,81
NODK,33609,16,16.49,16.49,15.99,1732165200000000000,269
NOEMU,1522430,9.97,9.98,10,9.97,1732165200000000000,479
NOG,1026823,42.01,42.34,42.5799,41.8,1732165200000000000,16622
NOK,27973973,4.11,4.13,4.19,4.07,1732165200000000000,32809
NOM,207,10.6832,10.6832,10.6832,10.6832,1732165200000000000,5
NOMD,1167475,17.03,17.59,17.59,16.9237,1732165200000000000,8395
NORW,6366,25.38,25.44,25.47,25.32,1732165200000000000,65
NOTE,535445,0.79,0.8675,0.9,0.78,1732165200000000000,1874
NOTE.WS,20740,0.0323,0.0384,0.0384,0.032,1732165200000000000,18
NOTV,755625,3.2,3.41,3.65,3.19,1732165200000000000,5926
NOV,3483435,16.38,16.4,16.61,16.26,1732165200000000000,27082
NOVA,13086906,4.21,4.37,4.6,4.07,1732165200000000000,42053
NOVM,26049,32.27,30.5353,32.28,30.48,1732165200000000000,167
NOVP,1035,27.23,27.205,27.23,27.205,1732165200000000000,10
NOVT,321576,166.3,164.72,166.84,164.59,1732165200000000000,8877
NOVZ,711,41.64,41.7198,41.7198,41.64,1732165200000000000,20
NOW,1111297,1033.63,1047.05,1053.26,1030.9885,1732165200000000000,43999
NPCE,45236,9.22,9,9.22,8.76,1732165200000000000,1210
NPCT,128379,11.06,11.08,11.11,11.04,1732165200000000000,305
NPFD,115876,18.84,18.85,19,18.84,1732165200000000000,782
NPFI,704,25.77,25.77,25.78,25.77,1732165200000000000,9
NPK,35959,75.24,76.52,77.9699,75.24,1732165200000000000,1605
NPO,91142,175,180.13,180.7,174.67,1732165200000000000,3560
NPV,44327,13.2,13.24,13.3624,13.155,1732165200000000000,110
NPWR,1156707,12.6,12.55,13.04,12.55,1732165200000000000,9638
NPWR.WS,10136,4.29,4.13,4.29,4.1196,1732165200000000000,53
NQP,62982,11.7661,11.78,11.81,11.765,1732165200000000000,408
NR,811591,7.41,7.77,7.955,7.375,1732165200000000000,8364
NRBO,12312,2.35,2.35,2.49,2.33,1732165200000000000,372
NRC,86900,18.75,19.46,19.49,18.62,1732165200000000000,2817
NRDS,753134,12.91,13.97,14.11,12.91,1732165200000000000,10519
NRDY,1599258,1.24,1.32,1.35,1.21,1732165200000000000,5584
NREF,47970,16.73,17.03,17.14,16.73,1732165200000000000,514
NREFpA,4697,23.15,23.57,24.25,23.15,1732165200000000000,30
NRES,0,26.22,26.22,26.22,26.22,1732165200000000000,0
NRG,2477878,94.95,96.89,97.47,94.3975,1732165200000000000,32356
NRGV,1734688,1.49,1.54,1.56,1.43,1732165200000000000,2213
NRIM,26211,82.5,85.08,85.68,82.5,1732165200000000000,1288
NRIX,729264,22.74,22.37,23.09,22.105,1732165200000000000,8108
NRK,121191,10.9,10.9,10.94,10.9,1732165200000000000,360
NRO,92751,3.79,3.8,3.82,3.78,1732165200000000000,303
NRP,39492,104.78,106.75,108.62,103.75,1732165200000000000,742
NRSH,129,23.22,23.1402,23.22,23.1402,1732165200000000000,6
NRSN,143515,0.9801,0.92,1.0199,0.9108,1732165200000000000,275
NRSNW,324,0.2649,0.2649,0.2649,0.2649,1732165200000000000,8
NRT,36943,3.97,4.2,4.25,3.97,1732165200000000000,289
NRUC,10363,23.72,23.91,23.98,23.72,1732165200000000000,149
NRXP,96648,1.2,1.23,1.23,1.1895,1732165200000000000,481
NRXPW,3279,0.0502,0.051,0.052,0.05,1732165200000000000,27
NRXS,10722,3.15,3.1334,3.19,3.11,1732165200000000000,146
NSA,521946,43.84,44.16,44.8,43.6066,1732165200000000000,9453
NSApA,8459,23.0258,23.09,23.23,23,1732165200000000000,238
NSApB,947,22.24,22.18,22.24,22.18,1732165200000000000,29
NSC,1199237,259.01,264.26,264.73,258.15,1732165200000000000,22970
NSCR,0,29.1202,29.1202,29.1202,29.1202,1732165200000000000,0
NSCS,15,30.3149,30.3149,30.3149,30.3149,1732165200000000000,15
NSEP,5826,25.4,25.4261,25.47,25.4,1732165200000000000,16
NSI,400,26.766,26.7927,26.8315,26.695,1732165200000000000,4
NSIT,378732,150,149.95,151.76,149.49,1732165200000000000,10741
NSP,235656,73.68,73.84,74.525,72.5331,1732165200000000000,7299
NSPR,18864,2.6067,2.58,2.63,2.5516,1732165200000000000,177
NSSC,219979,37.05,37.34,37.66,36.95,1732165200000000000,5400
NSTS,5855,11.22,11.19,11.22,11.1656,1732165200000000000,170
NSYS,1353,10.36,10.39,10.39,10.25,1732165200000000000,38
NTAP,4469427,125,126.68,128.04,123.56,1732165200000000000,67262
NTB,132388,37.6,38.28,38.37,37.4,1732165200000000000,2752
NTCT,389610,21.33,21.56,21.71,21.28,1732165200000000000,6786
NTES,1228461,87.49,88.64,88.85,87.335,1732165200000000000,19682
NTEST,15780,25,25,25,25,1732165200000000000,280
NTEST.H,2000,25.03,25.03,25.03,25.03,1732165200000000000,38
NTEST.I,1920,25.05,25.07,25.07,25.05,1732165200000000000,39
NTG,11350,56.56,57.53,57.74,56.11,1732165200000000000,147
NTGR,241564,24.15,23.91,24.3,23.88,1732165200000000000,5783
NTIC,16257,14.02,14.24,14.345,13.56,1732165200000000000,592
NTIP,15342,1.3544,1.37,1.39,1.35,1732165200000000000,70
NTLA,3970945,13.23,13.8,14.39,13.23,1732165200000000000,30891
NTNX,1665959,70.93,70.94,71.96,70,1732165200000000000,29987
NTR,2075335,45.87,46.87,46.89,45.85,1732165200000000000,18942
NTRA,1292813,170,169.36,171.9499,164.4004,1732165200000000000,27699
NTRB,9210,4.91,4.94,5.14,4.71,1732165200000000000,206
NTRBW,1111,1.75,1.5,1.75,1,1732165200000000000,12
NTRP,2616,1.61,1.5963,1.62,1.57,1732165200000000000,57
NTRS,761505,108.84,108.94,109.42,107.84,1732165200000000000,20326
NTRSO,18512,21.45,21.5022,21.7042,21.45,1732165200000000000,253
NTSE,3639,29.62,29.62,29.63,29.5201,1732165200000000000,52
NTSI,20940,35.52,35.6139,35.6787,35.47,1732165200000000000,83
NTST,632202,16.04,16.2,16.28,15.98,1732165200000000000,6638
NTSX,50648,47.58,47.66,48,47.225,1732165200000000000,445
NTWK,39706,2.6,2.64,2.64,2.5501,1732165200000000000,178
NTWOU,59003,9.96,9.96,9.96,9.96,1732165200000000000,15
NU,33683173,13.425,13.4,13.56,13.25,1732165200000000000,86176
NUAG,12420,20.93,20.8951,20.94,20.89,1732165200000000000,28
NUBD,91770,21.95,21.92,21.98,21.9,1732165200000000000,406
NUDM,44667,31.22,31.33,31.349,31.11,1732165200000000000,289
NUDV,2030,29.98,30.31,30.34,29.98,1732165200000000000,36
NUE,1738927,148,149.99,150.845,146.61,1732165200000000000,24095
NUEM,58099,29.65,29.66,29.84,29.54,1732165200000000000,562
NUGO,1280,33.85,33.91,33.915,33.615,1732165200000000000,31
NUGT,2047115,44.35,44.4,44.58,43.18,1732165200000000000,16874
NUHY,27937,21.48,21.4248,21.48,21.42,1732165200000000000,174
NUKK,130064,1.74,1.8,1.96,1.68,1732165200000000000,1053
NUKKW,7425,0.0092,0.0089,0.0092,0.0089,1732165200000000000,12
NUKZ,120490,45,46.51,46.745,44.2,1732165200000000000,1309
NULC,442,48.15,48.2328,48.29,48.15,1732165200000000000,7
NULG,50678,88.46,88.27,88.5392,87.1832,1732165200000000000,430
NULV,124583,41.94,42.4,42.4802,41.9,1732165200000000000,725
NUMG,22425,48.93,49.37,49.56,48.64,1732165200000000000,164
NUMV,35250,37.125,37.41,37.5,37.12,1732165200000000000,190
NURE,6942,33.185,33.5609,33.6273,33.185,1732165200000000000,55
NURO,7357,4.2,4.15,4.4616,4.13,1732165200000000000,69
NUS,723231,7.49,7.3,7.5199,6.88,1732165200000000000,11104
NUSA,5220,23.01,22.99,23.01,22.99,1732165200000000000,24
NUSB,3,25.26,25.26,25.26,25.26,1732165200000000000,3
NUSC,55160,44.27,44.65,44.76,44.125,1732165200000000000,380
NUSI,45437,25.85,25.91,25.93,25.6525,1732165200000000000,409
NUTX,57099,30.17,31.89,32.545,29.43,1732165200000000000,1782
NUV,716025,8.79,8.73,8.8,8.71,1732165200000000000,1916
NUVB,4547923,2.57,2.7,2.7388,2.545,1732165200000000000,14783
NUVB.WS,3836,0.15,0.1572,0.21,0.15,1732165200000000000,32
NUVL,396825,91.44,92.73,94.58,90.115,1732165200000000000,10052
NUW,34112,13.8,13.86,13.89,13.7837,1732165200000000000,222
NUWE,353226,1.3,1.24,1.32,1.19,1732165200000000000,1524
NVA,18822,7.94,8.04,8.3642,7.6501,1732165200000000000,416
NVAWW,271,2.43,2.43,2.43,2.43,1732165200000000000,17
NVAX,3155022,8,8.04,8.34,7.955,1732165200000000000,26321
NVBT,6269,32.66,32.7471,32.819,32.65,1732165200000000000,40
NVBU,12527,25.7315,25.8548,25.9,25.71,1732165200000000000,19
NVBW,20738,30.88,30.9061,30.94,30.835,1732165200000000000,76
NVCR,809718,16.97,17.09,17.22,16.3,1732165200000000000,11305
NVCT,151779,5.05,4.9,5.1155,4.685,1732165200000000000,1344
NVD,5503969,27.15,28.13,30.48,25.74,1732165200000000000,25526
NVDA,400946570,149.35,146.67,152.89,140.7,1732165200000000000,2913666
NVDD,10824689,5.9,6,6.2599,5.75,1732165200000000000,9535
NVDL,37828392,84.32,81.42,88.31,74.885,1732165200000000000,368469
NVDQ,77934542,2.91,3.02,3.27,2.76,1732165200000000000,48702
NVDS,3474324,25.07,25.77,27.365,24.15,1732165200000000000,16971
NVDU,2014618,136,131.56,142.52,120.99,1732165200000000000,26548
NVDW,13417,34.22,33.8513,34.5,32.39,1732165200000000000,105
NVDX,19229040,20.44,19.75,21.4079,18.16,1732165200000000000,62863
NVDY,2323453,26.34,26.4,26.8299,25.425,1732165200000000000,20740
NVEC,14638,75.55,78.42,78.42,75.55,1732165200000000000,1271
NVEE,380378,22.05,21.81,22.18,21.79,1732165200000000000,6937
NVFY,15588,0.6,0.6,0.6001,0.56405,1732165200000000000,105
NVG,436267,12.85,12.74,12.86,12.72,1732165200000000000,1192
NVGS,154480,16.02,15.92,16.2,15.85,1732165200000000000,2231
NVIR,3,32.9977,32.9977,32.9977,32.9977,1732165200000000000,2
NVMI,402977,175.19,179.72,181.42,174.14,1732165200000000000,9415
NVNI,9958,0.814,0.82,0.86,0.8,1732165200000000000,383
NVNO,159437,3.37,3.3,3.38,3.23,1732165200000000000,500
NVO,6185447,103.18,102.63,103.22,101.5113,1732165200000000000,73773
NVR,22290,9045,8946.53,9174.97,8917.99,1732165200000000000,5490
NVRI,630871,7.28,7.14,7.33,7.04,1732165200000000000,7904
NVRO,422782,4.28,4.36,4.47,4.2,1732165200000000000,3723
NVS,1528050,103.16,103.85,103.93,103.03,1732165200000000000,21779
NVST,1955288,20.36,21.39,21.45,20.36,1732165200000000000,24313
NVT,1924806,75.2,77.96,78.75,74.56,1732165200000000000,27429
NVTS,2851424,1.85,2.02,2.045,1.81,1732165200000000000,9205
NVVE,7314,3.27,3.32,3.33,3.2221,1732165200000000000,147
NVVEW,7021,0.024,0.025,0.025,0.024,1732165200000000000,11
NVX,21873,1.94,1.92,1.95,1.9,1732165200000000000,119
NWBI,504111,14.59,14.63,14.79,14.49,1732165200000000000,8926
NWE,255049,55.92,56.51,56.54,55.5,1732165200000000000,7329
NWFL,6815,29.3,29.83,29.89,29.3,1732165200000000000,560
NWG,1837121,10.12,10.21,10.245,10.085,1732165200000000000,5959
NWGL,1328,1.4791,1.4022,1.4997,1.39,1732165200000000000,33
NWL,10358468,8.73,8.94,8.965,8.73,1732165200000000000,19168
NWLG,7,33.7065,33.7065,33.7065,33.7065,1732165200000000000,7
NWN,229939,42.39,43.21,43.3,42.0811,1732165200000000000,4666
NWPX,36025,54.58,55.21,55.425,54.2,1732165200000000000,1402
NWS,1170153,31.7,32.11,32.295,31.33,1732165200000000000,12873
NWSA,3105420,29.25,29.54,29.62,28.72,1732165200000000000,30759
NWTN,35671,1.22,1.2,1.22,1.14065,1732165200000000000,132
NWTNW,2844,0.0471,0.0491,0.0491,0.0471,1732165200000000000,10
NX,251292,29.79,30.07,30.24,29.785,1732165200000000000,5574
NXC,5261,13.35,13.34,13.3814,13.31,1732165200000000000,30
NXDT,103459,5.21,5.2,5.29,5.16,1732165200000000000,877
NXDTpA,1792,16.12,16.1757,16.18,16.11,1732165200000000000,14
NXE,7814819,8.45,8.73,8.75,8.38,1732165200000000000,24194
NXG,26290,48,49.06,49.18,48,1732165200000000000,312
NXGL,37586,3.26,3.27,3.3958,3.14,1732165200000000000,154
NXGLW,14696,0.491099,0.51,0.53,0.4251,1732165200000000000,83
NXJ,94043,12.21,12.21,12.27,12.21,1732165200000000000,239
NXL,481743,3.71,3.9,3.95,3.7,1732165200000000000,2866
NXN,6117,11.97,11.81,11.97,11.81,1732165200000000000,24
NXP,43196,14.69,14.68,14.74,14.62,1732165200000000000,213
NXPI,1769699,222.11,224.57,226.29,219.7817,1732165200000000000,33437
NXPL,148822,0.9,0.9,1.01,0.7501,1732165200000000000,360
NXRT,84149,45.9,46.18,46.31,45.78,1732165200000000000,3085
NXST,296848,166.55,169.12,169.31,164.945,1732165200000000000,11454
NXT,1703836,37.6,37.4,38.16,37.14,1732165200000000000,21167
NXTC,48152,1.32,1.29,1.33,1.28,1732165200000000000,162
NXTE,5677,32.14,32.4595,32.52,32.14,1732165200000000000,27
NXTG,8622,84,84.5,84.56,83.765,1732165200000000000,116
NXTI,5,30.1423,30.1423,30.1423,30.1423,1732165200000000000,1
NXTT,531315,2.24,2.31,2.48,2.1,1732165200000000000,4490
NXTV,2689,28.51,28.45,28.51,28.45,1732165200000000000,512
NXU,529909,0.25,0.259,0.27,0.238,1732165200000000000,957
NYAX,7955,28.8,28.69,28.83,27.1927,1732165200000000000,157
NYC,1364,8.7,8.73,8.865,8.7,1732165200000000000,35
NYF,76813,53.79,53.75,53.84,53.7,1732165200000000000,223
NYMT,589314,5.82,5.89,5.92,5.79,1732165200000000000,5811
NYMTI,25406,25.31,25.05,25.31,25.03,1732165200000000000,295
NYMTL,7439,22.58,22.61,22.63,22.45,1732165200000000000,56
NYMTM,9295,25.05,25.12,25.14,25,1732165200000000000,97
NYMTN,4980,23.17,22.58,23.17,22.58,1732165200000000000,84
NYMTZ,804,19.6709,19.82,19.82,19.6709,1732165200000000000,12
NYT,1673667,52.15,53.25,53.35,51.9,1732165200000000000,20095
NYXH,13553,8.4,8.28,8.435,8.06,1732165200000000000,223
NZAC,5487,37.1,37.11,37.215,36.92,1732165200000000000,70
NZF,259152,12.63,12.62,12.65,12.5917,1732165200000000000,602
NZUS,161,33.2,33.3554,33.3554,33.2,1732165200000000000,6
O,2953103,56.715,57.39,57.51,56.56,1732165200000000000,52410
OABI,309816,3.93,3.85,3.95,3.84,1732165200000000000,3189
OABIW,1588,0.3075,0.285,0.3075,0.285,1732165200000000000,11
OACCU,10154,10.08,10.06,10.08,10.06,1732165200000000000,23
OACP,6801,22.76,22.76,22.78,22.731,1732165200000000000,27
OAEM,76155,29.48,29.7446,29.92,29.36,1732165200000000000,279
OAIM,6919,32.91,32.98,33.08,32.77,1732165200000000000,35
OAKpA,16410,23.49,23.65,23.7,23.45,1732165200000000000,138
OAKpB,16973,22.5,22.61,23.1,22.495,1732165200000000000,178
OAKUR,27016,0.2,0.2001,0.22,0.2,1732165200000000000,34
OAKUU,483,11.41,11.4,11.41,11.4,1732165200000000000,6
OAKUW,14822,0.03,0.034749,0.039499,0.03,1732165200000000000,32
OALC,21717,30.5045,30.373,30.5045,30.16,1732165200000000000,62
OARK,149203,10.79,10.67,10.79,10.53,1732165200000000000,824
OASC,3246,28.78,28.93,28.9723,28.659,1732165200000000000,23
OB,213452,4.98,5.1,5.145,4.9771,1732165200000000000,2247
OBDC,1646999,15.12,15.07,15.12,14.98,1732165200000000000,8738
OBDE,660094,14.75,14.75,14.8,14.7,1732165200000000000,3836
OBE,275053,5.9,5.86,5.98,5.84,1732165200000000000,2400
OBIL,27806,50.05,50.03,50.05,50.02,1732165200000000000,130
OBIO,37031,5.29,5.44,5.64,5.23,1732165200000000000,580
OBK,73123,34.23,34.25,34.72,33.78,1732165200000000000,2393
OBLG,63952,3.22,3.29,3.4,3.173,1732165200000000000,286
OBND,1791,25.98,25.975,25.995,25.975,1732165200000000000,14
OBOR,4433,22.28,22.275,22.28,22.25,1732165200000000000,17
OBT,16169,58.65,58.87,59.5928,57.12,1732165200000000000,1409
OC,544907,194.32,197.58,198.419,194,1732165200000000000,15405
OCC,683,2.33,2.4,2.4,2.33,1732165200000000000,42
OCCI,244757,7.11,7.07,7.15,7.06,1732165200000000000,819
OCCIM,8118,24.96,24.9,25,24.9,1732165200000000000,36
OCCIN,1932,23.955,24,24,23.9,1732165200000000000,14
OCCIO,478,24.7449,24.7449,24.7449,24.7449,1732165200000000000,1
OCEA,64844,0.69,0.7129,0.7129,0.68,1732165200000000000,132
OCEN,12,21.0841,21.0841,21.0841,21.0841,1732165200000000000,3
OCFC,184780,20.1,20.14,20.51,19.985,1732165200000000000,4397
OCFCP,729,25.25,25.25,25.25,25.25,1732165200000000000,3
OCFS,82,28.0772,28.0772,28.0772,28.0772,1732165200000000000,6
OCFT,15821,2.16,2.22,2.3,2.16,1732165200000000000,198
OCG,2592,1.44,1.28,1.45,1.28,1732165200000000000,57
OCGN,2977485,0.9138,0.9009,0.9381,0.891,1732165200000000000,7844
OCIO,161,34.3626,34.3626,34.3626,34.3626,1732165200000000000,4
OCS,45126,14.76,14.75,15.38,14.4964,1732165200000000000,400
OCSAW,24725,3.81,4.4,4.87,3.81,1732165200000000000,214
OCSL,1144288,15.65,15.56,15.6974,15.46,1732165200000000000,10098
OCTA,172,18.55,18.5678,18.5678,18.55,1732165200000000000,4
OCTD,85,24.195,24.195,24.195,24.195,1732165200000000000,1
OCTH,2159,24.04,24.115,24.14,24.04,1732165200000000000,7
OCTJ,308,23.9801,24.035,24.035,23.9801,1732165200000000000,3
OCTM,0,30.4622,30.4622,30.4622,30.4622,1732165200000000000,0
OCTO,37453,1.75,1.62,1.75,1.6,1732165200000000000,253
OCTP,0,26.8102,26.8102,26.8102,26.8102,1732165200000000000,0
OCTQ,2158,23.955,23.955,23.96,23.955,1732165200000000000,8
OCTT,9673,38.28,38.325,38.4299,38.12,1732165200000000000,33
OCTU,19828,25.57,25.6057,25.6594,25.56,1732165200000000000,22
OCTW,42272,35.45,35.52,35.55,35.445,1732165200000000000,138
OCTZ,66,40.2225,40.2225,40.2225,40.2225,1732165200000000000,2
OCUL,1085510,8.84,8.52,8.88,8.21,1732165200000000000,11836
OCX,11335,2.8,2.67,2.8,2.56,1732165200000000000,135
ODC,14807,69.04,69.65,69.9799,68.715,1732165200000000000,842
ODD,542393,40.73,43.12,43.35,40.29,1732165200000000000,9737
ODDS,1381,26.0193,25.98,26.079,25.98,1732165200000000000,10
ODFL,1229695,216.2,218.39,219.78,214.12,1732165200000000000,27396
ODP,356594,26.08,26.63,26.67,25.745,1732165200000000000,8867
ODV,2257054,1.69,1.9,2.02,1.64,1732165200000000000,6442
ODVWZ,39859,0.28,0.2299,0.3,0.2001,1732165200000000000,44
OEC,368537,17.73,18,18.12,17.56,1732165200000000000,7246
OEF,247714,287.24,286.47,287.58,283.25,1732165200000000000,4357
OESX,62589,0.86,0.8368,0.8674,0.831,1732165200000000000,323
OEUR,2562,28.54,28.6075,28.6101,28.54,1732165200000000000,28
OFG,211704,43.77,44.41,44.84,43.7,1732165200000000000,5336
OFIX,315304,18.98,18.68,19.04,18.44,1732165200000000000,4272
OFLX,17516,49.555,48.74,50,48.61,1732165200000000000,837
OFOS,2194,24.9,24.9327,24.9327,24.9,1732165200000000000,10
OFS,76894,8.01,8.04,8.0741,7.96,1732165200000000000,738
OGCP,5250,10.6,10.85,10.85,10.6,1732165200000000000,21
OGE,568623,43.11,43.81,43.87,43.07,1732165200000000000,9409
OGEN,406645,0.28,0.2706,0.2935,0.265,1732165200000000000,637
OGI,864279,1.48,1.51,1.55,1.46,1732165200000000000,2837
OGIG,5940,46.53,46.7784,46.91,46.4007,1732165200000000000,124
OGN,2219395,14.77,14.89,15.05,14.75,1732165200000000000,18313
OGS,213704,76.52,76.88,76.9738,76.08,1732165200000000000,5452
OGSP,751,10.08,10.095,10.095,10.08,1732165200000000000,2
OHI,1395756,39.52,40.14,40.31,39.52,1732165200000000000,15150
OI,1031350,12.65,12.85,13.0063,12.515,1732165200000000000,13750
OIA,40549,6.51,6.49,6.54,6.48,1732165200000000000,86
OIH,888943,300.82,303.86,306.35,299.52,1732165200000000000,13307
OII,508035,28.15,28.81,29.15,28.15,1732165200000000000,9715
OILD,63081,13.08,12.8908,13.08,12.6,1732165200000000000,362
OILK,136686,43.62,43.59,43.62,43.24,1732165200000000000,189
OILT,1797,26.93,26.7523,26.98,26.7501,1732165200000000000,42
OILU,104290,38.6,39.08,39.9092,38.6,1732165200000000000,807
OIS,474027,5.42,5.44,5.53,5.39,1732165200000000000,3826
OKE,3104358,113.9,116.75,117.24,113.82,1732165200000000000,45498
OKLO,24754717,21.01,25.23,25.33,20.05,1732165200000000000,151143
OKTA,6452906,74.16,75.45,77.26,74.16,1732165200000000000,56888
OKUR,20625,16.01,15.99,16.15,15.47,1732165200000000000,1101
OKYO,35345,1.08,1.07,1.08,1.0301,1732165200000000000,157
OLB,179374,1.62,1.98,2.08,1.57,1732165200000000000,843
OLED,796942,167.13,167.06,168.9667,164.83,1732165200000000000,18354
OLLI,948132,88.65,90.75,91.52,87.65,1732165200000000000,16913
OLMA,1230828,8.28,7.87,8.36,7.675,1732165200000000000,9645
OLN,1130689,40.91,42.02,42.09,40.74,1732165200000000000,16606
OLO,2558377,6.49,7,7.035,6.455,1732165200000000000,20302
OLP,32618,28.61,28.59,28.8771,28.2021,1732165200000000000,634
OLPX,2715316,1.84,2,2.015,1.82,1732165200000000000,8138
OM,393440,0.72,0.7604,0.7732,0.7,1732165200000000000,1294
OMAB,68407,65.2,65.71,65.975,64.49,1732165200000000000,1641
OMC,1261969,99.04,101.94,102.19,98.57,1732165200000000000,21347
OMCC,14556,5.93,6.085,6.29,5.7314,1732165200000000000,125
OMCL,1251299,42.23,44.11,44.17,42.08,1732165200000000000,14384
OMER,1632002,6.09,7.73,7.85,6.06,1732165200000000000,11770
OMEX,307914,0.38,0.3936,0.4003,0.38,1732165200000000000,857
OMF,799589,55.18,55.57,56.01,54.94,1732165200000000000,15982
OMFL,297533,54.49,54.64,54.7464,54.05,1732165200000000000,2438
OMFS,14502,42.3101,42.85,42.91,42.25,1732165200000000000,200
OMGA,375625,0.7897,0.776,0.8169,0.7663,1732165200000000000,1143
OMH,31145,0.4,0.41,0.4193,0.3951,1732165200000000000,111
OMI,376669,11.82,12.23,12.27,11.75,1732165200000000000,6530
OMIC,6958,21.355,21.9,21.9,21.03,1732165200000000000,211
ON,4724630,67.9,68.47,69.12,66.45,1732165200000000000,70516
ONB,1828313,21.02,21.16,21.39,21.02,1732165200000000000,21423
ONBPO,6974,24.99,25.25,25.25,24.93,1732165200000000000,68
ONBPP,5741,24.98,25.44,25.44,24.98,1732165200000000000,82
ONCO,63125,1.1,1.13,1.1698,1.05,1732165200000000000,386
ONCT,19689,1.14,1.16,1.2,1.1149,1732165200000000000,152
ONCY,289759,0.9985,0.98,0.9985,0.98,1732165200000000000,584
OND,35,34.3774,34.3774,34.3774,34.3774,1732165200000000000,5
ONDS,1043504,0.72,0.8113,0.8639,0.72,1732165200000000000,2382
ONEO,23,125.607,125.607,125.607,125.607,1732165200000000000,5
ONEQ,646301,75.2,74.78,75.4073,73.76,1732165200000000000,3687
ONEV,4197,131.35,132.6086,132.68,131.35,1732165200000000000,128
ONEW,103541,18.66,20.02,20.12,18.605,1732165200000000000,2451
ONEY,12744,114.05,115.2287,115.2999,113.99,1732165200000000000,179
ONFO,6058,1.21,1.19,1.26,1.18,1732165200000000000,87
ONFOW,17081,0.185,0.2,0.2,0.17,1732165200000000000,40
ONIT,31342,30.39,30.79,30.81,29.8979,1732165200000000000,1173
ONL,396341,3.85,4.01,4.12,3.815,1732165200000000000,3322
ONLN,13021,44.58,44.71,44.9599,44.43,1732165200000000000,182
ONMD,92759,0.8265,0.8425,0.87,0.8079,1732165200000000000,322
ONMDW,10788,0.0153,0.0308,0.0308,0.0153,1732165200000000000,6
ONOF,6187,35.42,35.6284,35.7,35.42,1732165200000000000,26
ONON,4838836,54.98,56.19,56.66,54.56,1732165200000000000,52200
ONTF,88466,6.25,6.43,6.47,6.25,1732165200000000000,2049
ONTO,1063966,164.64,166.5,168,162.6701,1732165200000000000,18560
ONVO,133838,0.35,0.3499,0.3599,0.321,1732165200000000000,414
OOMA,102113,13.75,13.8,14.16,13.63,1732165200000000000,2188
OOSP,0,10.16,10.16,10.16,10.16,1732165200000000000,0
OOTO,36036,19.3519,19.5,19.5987,19.195,1732165200000000000,184
OP,12711,1.43,1.46,1.49,1.41,1732165200000000000,203
OPAD,18975,3.54,3.83,3.8671,3.5093,1732165200000000000,394
OPAL,40149,3.64,3.7,3.76,3.64,1732165200000000000,365
OPBK,34085,16.5,16.8,16.845,16.31,1732165200000000000,1014
OPCH,2285944,21.81,22.49,22.52,21.665,1732165200000000000,22693
OPEN,44170484,1.63,1.7,1.73,1.56,1732165200000000000,28671
OPER,1307,100.36,100.385,100.405,100.36,1732165200000000000,25
OPFI,682889,7.11,7.22,7.54,6.9917,1732165200000000000,5040
OPFI.WS,62997,0.6299,0.685,0.69,0.6001,1732165200000000000,94
OPHC,84679,4.87,4.89,4.9166,4.81,1732165200000000000,608
OPI,978283,1.1,1.14,1.16,1.09,1732165200000000000,4767
OPINL,5720,11,10.9859,11.03,10.98,1732165200000000000,58
OPK,1902684,1.57,1.56,1.585,1.56,1732165200000000000,5447
OPOF,9862,20.52,20.78,20.99,20.52,1732165200000000000,181
OPP,152181,8.45,8.42,8.46,8.4,1732165200000000000,615
OPPpA,2479,18.65,18.66,18.6692,18.5065,1732165200000000000,24
OPPpB,1800,19.73,19.75,19.7914,19.64,1732165200000000000,21
OPRA,375396,19.7,19.3,19.8271,19.1097,1732165200000000000,5069
OPRT,128076,3.14,3.03,3.14,3.03,1732165200000000000,815
OPRX,309176,4.47,4.49,4.5,4.3216,1732165200000000000,3291
OPT,14361,3.32,3.13,3.32,3.1,1732165200000000000,103
OPTN,1380381,0.38,0.395,0.4505,0.36,1732165200000000000,3800
OPTT,1859888,0.15,0.154,0.154,0.15,1732165200000000000,8034
OPTX,61295,0.92725,0.898,0.9479,0.88,1732165200000000000,287
OPTXW,19200,0.0338,0.04,0.04,0.033,1732165200000000000,33
OPTZ,566,30.5538,30.625,30.64,30.5538,1732165200000000000,3
OPXS,56402,9.13,8.19,9.21,8.1,1732165200000000000,578
OPY,19091,60.285,61.47,61.86,60.275,1732165200000000000,986
OR,675544,20,19.86,20.02,19.69,1732165200000000000,5263
ORA,364774,79.22,80.08,80.52,78.922,1732165200000000000,10354
ORC,1280584,7.83,7.87,7.89,7.8,1732165200000000000,6286
ORCL,11394263,191.94,192.43,196.04,191.6401,1732165200000000000,134231
ORGN,3744286,1.1,1.19,1.26,1.1,1732165200000000000,9143
ORGNW,132104,0.0792,0.1,0.1049,0.0652,1732165200000000000,143
ORGO,755479,4,4.02,4.085,3.95,1732165200000000000,5577
ORI,852850,37.86,38.22,38.3,37.7593,1732165200000000000,14112
ORIC,317031,8.94,9.12,9.305,8.515,1732165200000000000,5911
ORIS,333213,6.15,6.4112,6.52,6.1,1732165200000000000,7779
ORKA,278789,23.06,20.5,23.79,19.835,1732165200000000000,5628
ORKT,62776,2.71,2.81,2.94,2.7,1732165200000000000,444
ORLA,860235,4.38,4.6,4.62,4.38,1732165200000000000,4942
ORLY,344179,1206.43,1204.74,1206.43,1185.12,1732165200000000000,15142
ORMP,126024,2.27,2.31,2.355,2.27,1732165200000000000,548
ORN,307902,8.83,8.73,8.94,8.675,1732165200000000000,3614
ORRF,83237,39.85,39.95,40.35,39.6699,1732165200000000000,3496
OS,1184794,30.7,31.05,31.41,30.38,1732165200000000000,12894
OSBC,205353,18.5,18.51,18.79,18.37,1732165200000000000,4127
OSCR,4721874,17.09,16.31,17.21,15.99,1732165200000000000,36269
OSCV,37820,39.67,39.94,40.16,39.65,1732165200000000000,283
OSEA,221215,26.35,26.463,26.4799,26.24,1732165200000000000,54
OSIS,332473,159.2,165.33,165.749,158.67,1732165200000000000,9421
OSK,626727,108.87,109.33,110.025,107.97,1732165200000000000,8077
OSPN,372807,17.28,17.67,17.87,17,1732165200000000000,6703
OSS,59891,2.38,2.44,2.45,2.25,1732165200000000000,357
OST,33605,0.21,0.218,0.2212,0.2051,1732165200000000000,294
OSTX,38527,1.75,1.857,1.936,1.72,1732165200000000000,253
OSUR,883849,3.8,3.85,3.91,3.8,1732165200000000000,6975
OSW,360413,18.93,19.1,19.1,18.725,1732165200000000000,6384
OTEX,571578,29.01,29.18,29.44,28.98,1732165200000000000,9574
OTIS,2564191,99.88,99.95,100.54,99.15,1732165200000000000,33746
OTLK,215399,5.22,5.13,5.29,5.06,1732165200000000000,2463
OTLY,2840990,0.6526,0.7044,0.7051,0.6402,1732165200000000000,4910
OTRK,47476,1.86,1.83,1.88,1.75,1732165200000000000,382
OTTR,236838,80.25,80.58,81.81,79.58,1732165200000000000,6008
OUNZ,927855,25.74,25.77,25.8,25.6779,1732165200000000000,1528
OUSA,22338,53.95,54.21,54.28,53.7001,1732165200000000000,273
OUSM,139986,45.38,45.76,45.873939,45.2082,1732165200000000000,517
OUST,716140,8.97,8.97,9.01,8.59,1732165200000000000,7822
OUST.WS,58632,0.0589,0.0588,0.0599,0.05,1732165200000000000,41
OUST.WS.A,2464,0.02,0.0299,0.0299,0.02,1732165200000000000,8
OUT,1407775,18.85,18.94,19.22,18.79,1732165200000000000,12623
OVB,707,20.68,20.6653,20.68,20.65,1732165200000000000,26
OVBC,2151,27,27.84,27.97,26.75,1732165200000000000,70
OVF,449,24.26,24.3196,24.3196,24.25,1732165200000000000,6
OVID,123658,1.05,1.06,1.07,1.01,1732165200000000000,720
OVL,1120,46.9701,47.6457,47.75,46.9701,1732165200000000000,27
OVLH,51,34.5626,34.5626,34.5626,34.5626,1732165200000000000,3
OVLY,9396,29.05,30.17,30.27,29.05,1732165200000000000,366
OVM,3318,22.185,22.2385,22.24,22.185,1732165200000000000,56
OVS,260,37.6001,37.6427,37.6427,37.6001,1732165200000000000,5
OVT,534,22.22,22.2474,22.25,22.2116,1732165200000000000,7
OVV,3319808,46.1,46.59,47.18,45.91,1732165200000000000,37176
OWL,9469937,23.7,24.33,24.62,23.585,1732165200000000000,53221
OWLT,20788,4.34,4.55,4.59,4.34,1732165200000000000,302
OWNS,2237,17.08,17.0552,17.08,17.03,1732165200000000000,28
OXBR,15396,3.09,3.09,3.23,2.93,1732165200000000000,118
OXBRW,2872,0.18,0.2,0.205,0.1799,1732165200000000000,7
OXLC,4705306,5.23,5.21,5.25,5.2,1732165200000000000,6284
OXLCI,3896,26.05,25.87,26.069,25.87,1732165200000000000,45
OXLCL,352,23.8391,23.815,23.8391,23.815,1732165200000000000,5
OXLCN,10305,24.285,24,24.285,24,1732165200000000000,63
OXLCO,222,23.04,23.04,23.04,23.04,1732165200000000000,8
OXLCP,2560,24.16,24.0799,24.16,24.045,1732165200000000000,15
OXLCZ,402,23.769,23.6573,23.769,23.6401,1732165200000000000,6
OXM,268125,74.97,76.25,76.445,74.87,1732165200000000000,6818
OXSQ,479938,2.65,2.64,2.66,2.63,1732165200000000000,2477
OXSQG,1100,23.105,23.21,23.2399,23.105,1732165200000000000,11
OXSQZ,498,24.795,24.67,24.795,24.67,1732165200000000000,4
OXY,8156055,51,51.54,51.81,50.89,1732165200000000000,79266
OXY.WS,76652,28.9,29.55,29.79,28.9,1732165200000000000,959
OZ,12593,69.88,69,70.5,69,1732165200000000000,102
OZEM,16088,25.45,25.29,25.5668,25.22,1732165200000000000,235
OZK,723508,47.91,48.35,48.95,47.79,1732165200000000000,18951
OZKAP,31633,17.11,17.07,17.2463,16.98,1732165200000000000,261
PAA,3508234,17.62,17.82,17.88,17.57,1732165200000000000,16769
PAAA,432148,51.31,51.33,51.33,51.31,1732165200000000000,703
PAAS,2372952,22.87,22.91,22.92,22.38,1732165200000000000,18587
PAB,42893,41.88,41.905,41.905,41.88,1732165200000000000,8
PABD,103,52.72,52.9242,52.9242,52.72,1732165200000000000,4
PABU,2057,65.03,65.1487,65.17,64.95,1732165200000000000,32
PAC,66458,183.58,185.02,186.82,182.48,1732165200000000000,2281
PACB,8049503,1.74,1.77,1.84,1.695,1732165200000000000,17800
PACK,271844,7.14,7.32,7.44,7.1,1732165200000000000,4824
PACS,1291942,17.25,16.55,17.4699,16.53,1732165200000000000,15097
PAG,133023,157.52,160.91,162.06,155.95,1732165200000000000,5509
PAGP,1952931,18.92,19.19,19.24,18.84,1732165200000000000,14713
PAGS,4459507,7.58,7.51,7.66,7.48,1732165200000000000,19828
PAHC,199666,23.69,23.76,24.74,23.13,1732165200000000000,4186
PAI,6574,12.63,12.4131,12.7743,12.39,1732165200000000000,57
PAL,144944,9.42,9.54,9.605,9.21,1732165200000000000,2293
PALC,9453,51.67,51.96,52.06,51.49,1732165200000000000,122
PALI,96023,2.59,2.44,2.6999,2.35,1732165200000000000,573
PALL,336830,94.67,94.4,95.39,93.4,1732165200000000000,2162
PALT,20037,1.73,1.776,1.82,1.73,1732165200000000000,160
PAM,345072,83,82.28,83.59,80.5001,1732165200000000000,6719
PAMC,2630,48.95,49.445,49.56,48.95,1732165200000000000,34
PAMT,13959,17.51,17.92,18.24,17.4,1732165200000000000,344
PANL,191472,5.95,5.97,6.03,5.93,1732165200000000000,2634
PANW,7433769,386.2,397.7,404,380.55,1732165200000000000,150848
PAPI,23239,27.83,27.85,27.88,27.52,1732165200000000000,82
PAPL,69907,0.4825,0.46,0.4989,0.451,1732165200000000000,187
PAPR,21696,36.49,36.61,36.6953,36.48,1732165200000000000,109
PAR,554206,76.25,77.18,77.77,75.19,1732165200000000000,13487
PARA,11221071,10.53,11.09,11.12,10.53,1732165200000000000,43544
PARAA,131206,22.15,23.3,23.77,22.0643,1732165200000000000,1994
PARR,878044,17.48,17.37,17.86,17.18,1732165200000000000,10130
PASG,123581,0.52,0.536,0.547,0.508001,1732165200000000000,304
PATH,11343517,13.11,13.68,13.76,13.05,1732165200000000000,59995
PATK,278807,131.52,133.26,134.3307,130.5325,1732165200000000000,8048
PATN,5,19.4709,19.4709,19.4709,19.4709,1732165200000000000,1
PAUG,26408,38.42,38.45,38.5165,38.35,1732165200000000000,127
PAVE,1351889,44.25,44.81,45.01,44.07,1732165200000000000,9281
PAVM,42920,1.03,1.01,1.085,1.005,1732165200000000000,231
PAVS,10648,0.92,0.93,0.93,0.92,1732165200000000000,24
PAWZ,3393,56.45,57.1345,57.1345,56.27,1732165200000000000,90
PAX,375599,12.08,12.31,12.34,11.99,1732165200000000000,5516
PAXS,253835,16.35,16.47,16.5,16.31,1732165200000000000,1331
PAY,333923,36.35,36.31,37,35.92,1732165200000000000,5939
PAYC,396846,221.5,227.02,227.66,220.9,1732165200000000000,14465
PAYO,2361620,10.88,10.78,10.89,10.71,1732165200000000000,15422
PAYS,146596,3.4,3.44,3.54,3.3831,1732165200000000000,1258
PAYX,1089607,142.89,144.09,144.19,141.7,1732165200000000000,25997
PB,428995,82.19,82.34,83.62,81.82,1732165200000000000,9936
PBA,649561,42.66,43.17,43.19,42.56,1732165200000000000,8202
PBAP,0,27.1514,27.1514,27.1514,27.1514,1732165200000000000,0
PBAU,0,26.8142,26.8142,26.8142,26.8142,1732165200000000000,0
PBD,65102,11.68,11.79,11.8289,11.63,1732165200000000000,372
PBDC,34160,33.87,33.81,33.89,33.7402,1732165200000000000,269
PBDE,0,26.47,26.47,26.47,26.47,1732165200000000000,0
PBE,9815,68.03,68.56,68.8078,67.41,1732165200000000000,195
PBF,1721627,31.94,32.15,32.72,31.45,1732165200000000000,18135
PBFB,0,27.5192,27.5192,27.5192,27.5192,1732165200000000000,0
PBFR,14560,26.38,26.39,26.44,26.38,1732165200000000000,39
PBFS,16652,11.73,11.8,11.85,11.615,1732165200000000000,351
PBH,303877,83.05,84.14,84.28,82.56,1732165200000000000,6594
PBHC,3332,18.49,17.9,18.49,17.9,1732165200000000000,43
PBI,1653415,7.5,7.69,7.7,7.39,1732165200000000000,9809
PBIpB,9782,20.92,21.35,21.35,20.92,1732165200000000000,120
PBJ,4584,47.58,47.9963,47.9963,47.42,1732165200000000000,139
PBJA,0,27.77,27.77,27.77,27.77,1732165200000000000,0
PBJL,0,26.7742,26.7742,26.7742,26.7742,1732165200000000000,0
PBJN,0,26.7061,26.7061,26.7061,26.7061,1732165200000000000,0
PBL,9014,30.13,30.255,30.36,30.13,1732165200000000000,5
PBM,7699532,0.05,0.047,0.05,0.044,1732165200000000000,6845
PBMR,0,27.3851,27.3851,27.3851,27.3851,1732165200000000000,0
PBMWW,56010,0.0093,0.008799,0.0093,0.006,1732165200000000000,54
PBMY,1,27.2251,27.2251,27.2251,27.2251,1732165200000000000,1
PBNV,0,26.7742,26.7742,26.7742,26.7742,1732165200000000000,0
PBOC,0,26.4488,26.4488,26.4488,26.4488,1732165200000000000,0
PBP,14064,22.98,23.01,23.06,22.9579,1732165200000000000,153
PBPB,102528,9.73,9.97,10.03,9.58,1732165200000000000,2266
PBR,15162610,14.12,14.15,14.305,14.035,1732165200000000000,31507
PBR.A,6764607,13,13.03,13.13,12.905,1732165200000000000,12679
PBSE,0,26.5515,26.5515,26.5515,26.5515,1732165200000000000,0
PBT,287299,13.3,13.76,13.82,13.18,1732165200000000000,2080
PBTP,3763,25.47,25.4549,25.48,25.45,1732165200000000000,46
PBUS,7832,59.67,59.72,59.8506,59.3331,1732165200000000000,130
PBW,199174,19.58,20.16,20.34,19.5,1732165200000000000,1431
PBYI,404795,2.88,2.9,2.985,2.792,1732165200000000000,2788
PC,29113,0.74,0.7125,0.7534,0.7053,1732165200000000000,110
PCAR,1620633,111.44,114.05,114.52,110.83,1732165200000000000,33340
PCB,28606,20.92,20.8,21.23,20.6,1732165200000000000,756
PCCE,2,11.3295,11.3295,11.3295,11.3295,1732165200000000000,2
PCEF,127520,19.43,19.43,19.43,19.3403,1732165200000000000,576
PCEM,0,10.138,10.138,10.138,10.138,1732165200000000000,0
PCF,208781,6.7,6.71,6.75,6.7,1732165200000000000,1979
PCG,21879240,21.17,21.23,21.365,21.025,1732165200000000000,63511
PCGpA,1814,25.0499,24.82,25.0499,24.78,1732165200000000000,51
PCGpE,2544,19.32,19.4,19.51,19.32,1732165200000000000,18
PCGpH,101,18.37,18.37,18.37,18.37,1732165200000000000,2
PCGpI,1401,18.4,18.25,18.4,18.25,1732165200000000000,10
PCGG,120618,11.74,11.83,11.8463,11.74,1732165200000000000,66
PCH,264817,41.56,41.72,41.96,41.2811,1732165200000000000,4838
PCIG,1365,9.355,9.4602,9.4602,9.355,1732165200000000000,12
PCK,108084,5.87,5.86,5.875,5.85,1732165200000000000,385
PCM,30378,8,7.99,8.047,7.99,1732165200000000000,175
PCN,128255,13.92,13.97,13.97,13.91,1732165200000000000,588
PCOR,3393564,70.75,75.23,76.41,70.1701,1732165200000000000,40475
PCQ,30563,9.55,9.52,9.55,9.51,1732165200000000000,84
PCRB,72482,48.33,48.3349,48.3349,48.29,1732165200000000000,5
PCRX,397629,17.15,17.38,17.55,17.02,1732165200000000000,8228
PCSA,16253,0.919,0.88,0.919,0.87,1732165200000000000,129
PCSC,153,10.1,10.1,10.1,10.1,1732165200000000000,8
PCT,1490718,12.01,11.69,12.24,11.67,1732165200000000000,17062
PCTTW,8359,4.185,4.22,4.62,4.145,1732165200000000000,70
PCTY,490486,197.58,201.75,202.485,195.53,1732165200000000000,14115
PCVX,1981453,85.78,88.39,92.87,85.33,1732165200000000000,25924
PCY,865243,20.42,20.4,20.435,20.36,1732165200000000000,4239
PCYO,75487,13.27,13.8,13.8,13.07,1732165200000000000,1217
PD,749939,18.935,19.84,19.9,18.925,1732165200000000000,15528
PDBA,10479,37.945,38.06,38.06,37.92,1732165200000000000,125
PDBC,3145849,13.61,13.59,13.63,13.52,1732165200000000000,5380
PDCO,681212,20.12,20.28,20.47,19.8201,1732165200000000000,11530
PDD,33970413,104.43,104.09,110.144,103.95,1732165200000000000,327633
PDEC,66585,38.84,38.78,38.84,38.7,1732165200000000000,136
PDEX,39767,47.02,42.33,47.02,42.07,1732165200000000000,2100
PDFS,190807,30.49,30.79,31.23,30.15,1732165200000000000,5877
PDI,1163272,19.23,19.19,19.24,19.18,1732165200000000000,3782
PDLB,36386,12.79,12.59,12.8,12.57,1732165200000000000,952
PDM,786516,9.45,9.51,9.53,9.385,1732165200000000000,7749
PDN,14915,32.22,32.3093,32.32,32.1801,1732165200000000000,160
PDO,309713,13.48,13.55,13.56,13.465,1732165200000000000,1104
PDP,27597,113.13,114.3,114.63,113.13,1732165200000000000,315
PDS,81105,66,66.13,67.05,65.48,1732165200000000000,2329
PDSB,381013,2.02,2.2,2.2,2.015,1732165200000000000,2400
PDT,85628,12.88,12.97,12.992,12.86,1732165200000000000,722
PDX,98131,26.34,26.17,26.35,26.15,1732165200000000000,470
PDYN,6361761,2.3,2,2.71,1.98,1732165200000000000,24289
PDYNW,911251,0.0876,0.0825,0.184,0.074,1732165200000000000,1734
PEB,2545309,12.55,13,13.01,12.5,1732165200000000000,16437
PEBpE,1556,21.765,21.96,21.96,21.5581,1732165200000000000,26
PEBpF,5244,22.13,22.13,22.18,22.1,1732165200000000000,47
PEBpG,10725,20.95,21.51,21.64,20.95,1732165200000000000,84
PEBpH,1277,19.27,19.23,19.27,19.21,1732165200000000000,42
PEBK,5142,30.45,30.25,30.81,30.25,1732165200000000000,285
PEBO,108528,35,35.23,35.78,34.7993,1732165200000000000,3444
PECO,415723,38.91,39.05,39.185,38.84,1732165200000000000,8472
PED,76169,0.89,0.8899,0.89,0.87,1732165200000000000,307
PEG,2162909,90.75,92.35,92.41,90.36,1732165200000000000,28773
PEGA,366293,87.75,89.5,89.94,87.68,1732165200000000000,11662
PEJ,24399,52.57,53.3,53.4,52.37,1732165200000000000,609
PEMX,6,53.6789,53.6789,53.6789,53.6789,1732165200000000000,5
PEN,203330,237.29,240.49,241,235.93,1732165200000000000,8485
PENG,711117,17.16,17.41,17.76,17.09,1732165200000000000,12087
PENN,1694553,19.98,20.22,20.305,19.47,1732165200000000000,20392
PEO,45600,24.52,24.76,24.79,24.46,1732165200000000000,405
PEP,5976987,158.39,160.34,160.5,157.95,1732165200000000000,79904
PEPG,82113,4.37,4.32,4.6,4.25,1732165200000000000,1781
PEPS,207,24.88,24.9879,25.04,24.88,1732165200000000000,6
PERF,20505,1.86,1.89,1.92,1.86,1732165200000000000,414
PERI,254479,8.41,8.43,8.495,8.308,1732165200000000000,3520
PESI,320306,14.82,14.81,15.57,14.4819,1732165200000000000,4847
PET,57742936,0.2599,0.1974,0.265,0.1796,1732165200000000000,77795
PETS,151715,4.63,4.64,4.69,4.525,1732165200000000000,2547
PETWW,805188,0.021,0.021975,0.045,0.015601,1732165200000000000,666
PETZ,12872,1.19,1.2,1.24,1.19,1732165200000000000,65
PEV,845061,0.34,0.3236,0.3402,0.313,1732165200000000000,1531
PEX,7479,28.1919,28.2494,28.349,28.19,1732165200000000000,59
PEXL,1161,49.661,49.9732,49.9732,49.66,1732165200000000000,18
PEY,232589,22.17,22.38,22.405,22.0778,1732165200000000000,1248
PEZ,2469,107,108.0544,108.15,107,1732165200000000000,57
PFBC,42425,93.34,93.76,95,93.34,1732165200000000000,2867
PFC,128734,27.57,28.26,28.59,27.57,1732165200000000000,2787
PFD,46073,11.2,11.16,11.22,11.1,1732165200000000000,161
PFE,45048363,24.87,25.13,25.215,24.775,1732165200000000000,143926
PFEB,52633,36.52,36.53,36.57,36.51,1732165200000000000,67
PFF,5856843,32.4,32.64,32.655,32.39,1732165200000000000,18657
PFFA,735916,22.25,22.4,22.47,22.21,1732165200000000000,2631
PFFD,709498,20.2,20.3,20.34,20.1999,1732165200000000000,2854
PFFL,2027,9.86,9.9281,9.94,9.86,1732165200000000000,43
PFFR,208647,18.87,18.99,19.2,18.56,1732165200000000000,491
PFFV,24175,24.04,24.07,24.07,23.91,1732165200000000000,173
PFG,1050055,84.66,84.7,84.91,84.16,1732165200000000000,22824
PFGC,674892,84.46,86.4,86.61,84.04,1732165200000000000,13003
PFH,26049,19.35,19.47,19.58,19.3,1732165200000000000,277
PFI,4911,61.53,62.51,62.6193,61.53,1732165200000000000,64
PFIE,212862,2.51,2.52,2.52,2.51,1732165200000000000,549
PFIG,4872,23.59,23.555,23.6549,23.54,1732165200000000000,38
PFIS,57232,52.75,54.85,54.99,52.75,1732165200000000000,2251
PFIX,36676,50.05,50.02,50.61,49.2,1732165200000000000,630
PFL,42077,8.41,8.41,8.44,8.4,1732165200000000000,238
PFLD,126600,20.98,21.06,21.06,20.91,1732165200000000000,273
PFLT,704533,11.05,11.04,11.1299,11.02,1732165200000000000,5417
PFM,33036,46.91,47.29,47.4,46.83,1732165200000000000,220
PFMT,153295,2.93,3.08,3.1,2.91,1732165200000000000,1738
PFN,284021,7.47,7.47,7.48,7.43,1732165200000000000,732
PFO,54150,9.02,9.0163,9.0568,9,1732165200000000000,206
PFRL,45625,50.855,50.85,51.06,50.85,1732165200000000000,316
PFS,480133,20.89,20.85,21.22,20.7,1732165200000000000,8081
PFSI,152693,103.61,103.95,104.33,103.14,1732165200000000000,5366
PFTA,14312,10.87,10.88,10.88,10.33,1732165200000000000,64
PFTAW,4175,0.0168,0.0166,0.0168,0.0104,1732165200000000000,54
PFUT,38068,26.03,26.1155,26.1155,25.99,1732165200000000000,6
PFX,1358,46.5,46.5,46.8649,46.23,1732165200000000000,33
PFXF,440266,17.94,17.99,18.035,17.9,1732165200000000000,1524
PFXNZ,1480,22.7873,22.85,22.85,22.7873,1732165200000000000,3
PG,6240403,171.66,172.75,173.51,170.22,1732165200000000000,90074
PGC,325857,36.94,35.76,37.52,35.5,1732165200000000000,6055
PGEN,795756,0.84,0.9029,0.93,0.8317,1732165200000000000,2625
PGF,418330,14.9,15.07,15.1,14.9,1732165200000000000,1692
PGHL,47626,10.19,10.18,10.35,9.685,1732165200000000000,1161
PGHY,32402,19.86,19.87,19.9894,19.84,1732165200000000000,215
PGJ,49657,25.51,25.54,25.62,25.3517,1732165200000000000,437
PGNY,1647082,13.92,14.97,15.13,13.92,1732165200000000000,22340
PGP,34270,8.02,8,8.03,7.97,1732165200000000000,136
PGR,2280517,259.4,263.44,263.51,257.2,1732165200000000000,37581
PGRE,739695,4.76,4.72,4.76,4.7,1732165200000000000,4587
PGRO,2407,38.02,37.72,38.02,37.3597,1732165200000000000,87
PGRU,101141,6.64,6.63,6.64,6.63,1732165200000000000,744
PGX,5183502,11.79,11.94,11.95,11.79,1732165200000000000,6869
PGY,1552433,8.82,9,9.33,8.68,1732165200000000000,13224
PGYWW,171317,0.1012,0.105,0.11,0.1011,1732165200000000000,361
PGZ,19411,10.5,10.51,10.58,10.5,1732165200000000000,185
PH,655503,695,702.68,707.71,692.365,1732165200000000000,18587
PHAR,13678,7.4,7.76,7.8,7.31,1732165200000000000,179
PHAT,1098131,8.67,9.45,9.62,8.61,1732165200000000000,11531
PHB,83131,18.23,18.23,18.26,18.22,1732165200000000000,364
PHD,36361,9.8,9.7843,9.8129,9.78,1732165200000000000,210
PHDG,4483,38.15,38.15,38.3931,37.85,1732165200000000000,41
PHEQ,4522,29.4,29.4301,29.4472,29.355,1732165200000000000,48
PHG,553237,26.22,26.38,26.42,26.19,1732165200000000000,7720
PHGE,125354,0.511,0.4918,0.544,0.48,1732165200000000000,574
PHI,55179,22.72,22.66,22.85,22.64,1732165200000000000,802
PHIN,534519,52.89,54.19,54.55,52.89,1732165200000000000,11462
PHIO,32863,2.38,2.53,2.5506,2.3601,1732165200000000000,223
PHK,437637,4.99,4.96,4.99,4.95,1732165200000000000,1133
PHM,1510559,128.53,128.12,130.135,127.895,1732165200000000000,25860
PHO,126282,69.75,70.38,70.57,69.41,1732165200000000000,1273
PHR,254493,18.6,19,19.13,18.195,1732165200000000000,4968
PHT,114936,7.76,7.78,7.79,7.73,1732165200000000000,618
PHUN,1860015,4.76,4.4,4.86,4.38,1732165200000000000,8384
PHVS,58762,20.71,21.04,21.34,20.17,1732165200000000000,1453
PHX,78524,3.71,3.74,3.75,3.6225,1732165200000000000,597
PHYD,19857,51.39,51.4,51.41,51.3,1732165200000000000,39
PHYL,64128,35.28,35.295,35.33,35.2671,1732165200000000000,228
PHYS,3763629,20.53,20.57,20.62,20.51,1732165200000000000,6644
PI,384601,187.03,188.3,191.685,183.671,1732165200000000000,11023
PICB,50112,21.92,21.9,22.02,21.8979,1732165200000000000,107
PICK,138673,39.21,39.29,39.3817,39.02,1732165200000000000,1312
PID,59648,19.07,19.18,19.18,18.9601,1732165200000000000,308
PIE,39120,19.965,19.9274,19.965,19.73,1732165200000000000,58
PIEQ,4314,24.365,24.4598,24.51,24.33,1732165200000000000,17
PIFI,4803,93.24,93.1,93.24,93.07,1732165200000000000,28
PII,571884,65.38,66.92,67.08,65.08,1732165200000000000,10345
PIII,381619,0.2038,0.215,0.2207,0.201,1732165200000000000,588
PIK,29386,2.39,2.23,2.47,2.21,1732165200000000000,165
PILL,51232,8.63,8.96,9.065,8.4847,1732165200000000000,457
PIM,35467,3.22,3.23,3.24,3.22,1732165200000000000,156
PIN,157978,27.91,27.87,27.99,27.83,1732165200000000000,996
PINC,490435,22.32,22.42,22.5,22.195,1732165200000000000,11456
PINE,79674,17.71,17.89,17.95,17.6,1732165200000000000,1469
PINK,83622,30.86,30.91,31.04,30.6229,1732165200000000000,271
PINS,12172853,29.3,29.31,29.34,28.42,1732165200000000000,82079
PIO,8417,40.67,40.92,40.9882,40.67,1732165200000000000,101
PIPR,83825,337.73,340.34,343.83,336.79,1732165200000000000,4427
PIRS,11223,15.3901,15.934,16.01,15.3901,1732165200000000000,497
PIT,368,48.55,48.7284,48.7284,48.55,1732165200000000000,10
PITA,18900,1.06,1.03,1.06,0.95,1732165200000000000,93
PITAW,945,0.068,0.0679,0.068,0.0679,1732165200000000000,5
PIZ,11141,37.24,37.37,37.45,37.15,1732165200000000000,72
PJAN,17791,41.91,41.87,41.96,41.85,1732165200000000000,132
PJBF,101,60.9007,60.9007,60.9007,60.9007,1732165200000000000,4
PJFG,1749,94.47,93.9915,94.47,93.57,1732165200000000000,81
PJFM,0,61.7246,61.7246,61.7246,61.7246,1732165200000000000,0
PJFV,85,73.6053,73.6053,73.6053,73.6053,1732165200000000000,1
PJIO,1078,53.82,53.8379,53.8379,53.805,1732165200000000000,12
PJP,4095,84.78,85.6128,85.66,84.78,1732165200000000000,92
PJT,318594,157.34,160.81,162.22,156.7,1732165200000000000,5844
PJUL,137192,40.98,41.1,41.18,40.9644,1732165200000000000,91
PJUN,45050,37.4,37.41,37.4446,37.29,1732165200000000000,161
PK,2291394,14.2,14.68,14.785,14.2,1732165200000000000,20108
PKB,19186,84.29,84.99,85.44,84.265,1732165200000000000,329
PKBK,24537,22.84,23.03,23.18,22.72,1732165200000000000,747
PKE,48203,14.9,15.03,15.05,14.8601,1732165200000000000,924
PKG,677884,242.55,245.3,245.61,242.36,1732165200000000000,17006
PKOH,31389,32.47,32.28,32.47,31.99,1732165200000000000,906
PKST,132360,12.79,12.73,13.14,12.69,1732165200000000000,1896
PKW,39025,121.56,122.92,123.0566,121.16,1732165200000000000,335
PKX,291212,54.26,54.4,54.71,54.24,1732165200000000000,3752
PL,5005536,3.22,3.32,3.41,3.17,1732165200000000000,16475
PL.WS,41238,0.34,0.34,0.3775,0.32,1732165200000000000,118
PLAB,331808,24.4,24.44,24.654,24.12,1732165200000000000,7138
PLAG,154121,3.18,3.28,3.6,3.11,1732165200000000000,632
PLAY,1145310,33.99,34.1,35.35,33.5701,1732165200000000000,18527
PLBC,10430,46.48,46.93,47.36,46.48,1732165200000000000,463
PLBY,349399,1.15,1.15,1.17,1.11,1732165200000000000,1508
PLCE,523973,14.61,16.3,16.8,14.51,1732165200000000000,5960
PLD,2626646,114.51,113.97,114.99,113.6,1732165200000000000,37737
PLDR,62343,34.11,34.2649,34.2649,34.08,1732165200000000000,16
PLG,444805,1.71,1.69,1.7364,1.635,1732165200000000000,2476
PLL,1391953,10.79,12.05,12.64,10.63,1732165200000000000,16394
PLMJ,4500,11.07,11.14,11.14,11.07,1732165200000000000,18
PLMR,118925,108.7,108.67,109.86,107.54,1732165200000000000,5084
PLNT,1224499,98.68,100.02,100.63,97.8643,1732165200000000000,21650
PLOW,127335,24.79,24.77,25.23,24.68,1732165200000000000,2577
PLPC,15760,136.03,136.2,136.4875,135,1732165200000000000,1645
PLRX,691731,12.81,12.85,13.26,12.52,1732165200000000000,5669
PLRZ,43393,0.95,0.92,0.97,0.86,1732165200000000000,169
PLSE,80583,16.04,16.12,16.53,15.62,1732165200000000000,2089
PLTK,452836,8.54,8.6,8.635,8.4224,1732165200000000000,6446
PLTM,39414,9.27,9.32,9.35,9.25,1732165200000000000,193
PLTR,56336740,62.04,61.36,63.4,60.895,1732165200000000000,430675
PLTY,14647,63.43,62.4716,63.47,62.2745,1732165200000000000,436
PLUG,43313147,1.9,1.89,1.96,1.88,1732165200000000000,37692
PLUR,11803,4.97,4.7,4.99,4.5715,1732165200000000000,179
PLUS,126327,81.6,80.33,82.765,80.1,1732165200000000000,4888
PLX,532185,1.7,1.66,1.71,1.6,1732165200000000000,2171
PLXS,267901,158.05,159.63,160.285,157.63,1732165200000000000,8180
PLYA,735504,9.51,9.58,9.645,9.25,1732165200000000000,8630
PLYM,329239,18.75,18.78,19.07,18.68,1732165200000000000,4128
PM,3605103,130.5,131.21,132.12,130.41,1732165200000000000,45056
PMAR,10032,39.94,39.91,39.9501,39.83,1732165200000000000,65
PMAX,6755,3.12,3.03,3.17,3.03,1732165200000000000,310
PMAY,6410,35.6779,35.71,35.8,35.67,1732165200000000000,58
PMBS,5343,48.411,48.4,48.411,48.35,1732165200000000000,74
PMCB,7592,1.7248,1.75,1.81,1.67,1732165200000000000,97
PMD,24513,2.35,2.34,2.35,2.33,1732165200000000000,91
PMEC,22773,0.71,0.75,0.774999,0.68,1732165200000000000,93
PMF,85060,9.6,9.55,9.64,9.51,1732165200000000000,339
PMIO,2,51.05,51.05,51.05,51.05,1732165200000000000,1
PML,241291,8.66,8.56,8.66,8.56,1732165200000000000,936
PMM,115189,6.19,6.19,6.22,6.175,1732165200000000000,533
PMN,12049,0.99,0.955,0.99,0.95,1732165200000000000,103
PMNT,17770,0.765,0.75,0.765,0.7,1732165200000000000,83
PMO,124481,10.4,10.4,10.4701,10.38,1732165200000000000,894
PMT,518461,13.21,13.34,13.36,13.155,1732165200000000000,4918
PMTpA,40546,24.73,24.6881,24.8682,24.64,1732165200000000000,326
PMTpB,53314,24.4599,24.46,24.66,24.35,1732165200000000000,341
PMTpC,13699,20.74,20.58,20.7428,20.48,1732165200000000000,213
PMTS,34939,28,28.57,29,27.755,1732165200000000000,1065
PMTU,890,25.52,25.51,25.55,25.51,1732165200000000000,10
PMVP,80858,1.56,1.61,1.65,1.56,1732165200000000000,630
PMX,107236,7.8,7.735,7.815,7.735,1732165200000000000,516
PNBK,8153,1.77,1.92,1.99,1.77,1732165200000000000,51
PNC,3183070,203.95,205.75,207.905,203.95,1732165200000000000,41764
PNF,9819,7.96,7.96,8.03,7.94,1732165200000000000,60
PNFP,395267,122,122.46,124.465,121.62,1732165200000000000,10514
PNFPP,5779,24.85,24.85,24.8699,24.7,1732165200000000000,85
PNI,39592,7.4,7.3801,7.43,7.33,1732165200000000000,127
PNNT,269149,6.97,6.94,6.99,6.92,1732165200000000000,2160
PNOV,141607,37.84,37.89,37.9233,37.686,1732165200000000000,305
PNQI,91767,46.4,46.34,46.51434,45.88,1732165200000000000,1632
PNR,1220563,104.27,106.05,106.5,104,1732165200000000000,18977
PNRG,5012,201.62,206,206.64,201.62,1732165200000000000,568
PNST,25955,0.9,0.8764,0.9,0.7797,1732165200000000000,146
PNST.WS,7420,0.0201,0.027842,0.02939,0.0201,1732165200000000000,23
PNTG,282582,30.96,30.5,31.29,30.3,1732165200000000000,6705
PNW,1074228,91.72,93.62,93.65,91.47,1732165200000000000,18336
POAI,37639,0.68,0.689,0.689,0.656481,1732165200000000000,226
POCI,11794,5.2,5.09,5.38,5.048,1732165200000000000,108
POCT,31127,39.43,39.51,39.61,39.4191,1732165200000000000,124
PODC,105563,1.77,1.9153,1.98,1.7372,1732165200000000000,405
PODD,738921,267.43,262,267.43,261.92,1732165200000000000,16699
POET,921146,3.98,4.04,4.13,3.8501,1732165200000000000,4236
POLA,46114,2.84,2.99,3,2.82,1732165200000000000,948
POLE,165733,9.97,9.955,9.9786,9.95,1732165200000000000,116
POLEU,654,10.08,10.01,10.08,10.01,1732165200000000000,4
POLEW,641,0.1196,0.1,0.1196,0.1,1732165200000000000,10
POOL,254603,362.97,364.36,368.4,362.52,1732165200000000000,11381
POR,863827,47,47.6,47.64,46.85,1732165200000000000,11255
POST,683296,110.33,112.93,113.03,109.36,1732165200000000000,14106
POWA,2625,85.373,85.5912,85.6,85.373,1732165200000000000,54
POWI,272693,61.84,62.41,62.85,60.78,1732165200000000000,8548
POWL,771656,270.4,287.99,295.53,259,1732165200000000000,25958
POWW,755643,1.22,1.26,1.26,1.19,1732165200000000000,2822
POWWP,7323,21,22,22.45,21,1732165200000000000,76
PP,26287,25.85,25.9889,26.09,25.795,1732165200000000000,156
PPA,298561,119.04,119.55,120.1893,118.51,1732165200000000000,2490
PPBI,479576,27.8,27.91,28.45,27.66,1732165200000000000,7780
PPBT,25695,2.51,2.54,2.61,2.42,1732165200000000000,947
PPC,577129,52.34,52.25,52.57,51.58,1732165200000000000,12824
PPEM,3978,21.9935,22.0095,22.0095,21.95,1732165200000000000,4
PPG,1017183,121.3,122.68,122.78,120.76,1732165200000000000,19610
PPH,103391,87.46,87.94,88.05,87,1732165200000000000,1770
PPI,7406,15.51,15.6415,15.679,15.5046,1732165200000000000,33
PPIE,27905,23.31,23.3744,23.3744,23.27,1732165200000000000,7
PPIH,58474,15.51,15.4,16.32,15.04,1732165200000000000,1211
PPL,4976220,34.35,34.85,34.89,34.185,1732165200000000000,35786
PPLT,171882,88,88.33,88.57,87.365,1732165200000000000,1803
PPSI,80988,6.05,6.18,6.26,5.95,1732165200000000000,828
PPT,257377,3.53,3.52,3.5399,3.52,1732165200000000000,916
PPTA,442181,9.7,9.8,9.9,9.54,1732165200000000000,4979
PPTY,12228,33.71,33.8658,33.9591,33.63,1732165200000000000,58
PQDI,2194,19.1,19.09,19.11,19.06,1732165200000000000,16
PR,11103280,15.65,15.99,16.04,15.5,1732165200000000000,49462
PRA,284683,16.43,16.55,16.79,16.3,1732165200000000000,3709
PRAA,267948,21.09,20.88,21.855,20.64,1732165200000000000,5420
PRAE,285,34.18,34.4058,34.4058,34.18,1732165200000000000,5
PRAX,307264,74.21,73.06,74.21,72.327,1732165200000000000,8704
PRAY,1354,30.25,30.5089,30.5899,30.25,1732165200000000000,19
PRCH,4959019,3.56,3.56,4.205,3.445,1732165200000000000,22952
PRCT,388958,93.72,94.45,95.36,92.45,1732165200000000000,10761
PRDO,752794,26.43,26.82,27.18,26.37,1732165200000000000,8464
PRE,14742,4.52,4.42,4.7,4.42,1732165200000000000,98
PREF,262583,18.74,18.71,18.74,18.6821,1732165200000000000,809
PRENW,4391,0.0087,0.012,0.012,0.0087,1732165200000000000,40
PRF,164962,41.84,42.12,42.1913,41.6514,1732165200000000000,948
PRFD,26130,50.77,50.82,50.9,50.72,1732165200000000000,214
PRFX,476928,3.31,3.2,3.9,3,1732165200000000000,7237
PRFZ,70413,43.54,43.94,44.0293,43.31,1732165200000000000,499
PRG,440851,47.39,46.34,47.72,46.04,1732165200000000000,8572
PRGO,1289504,27.08,27.08,27.35,26.7,1732165200000000000,14734
PRGS,421807,67.51,68.73,69.62,67.51,1732165200000000000,11034
PRH,9177,25.47,25.55,25.55,25.42,1732165200000000000,196
PRI,78843,295.95,296.87,298.61,293.5474,1732165200000000000,4411
PRIFpD,201,24.15,24.15,24.15,24.15,1732165200000000000,5
PRIFpF,860,24.27,24.2501,24.27,24.25,1732165200000000000,5
PRIFpG,400,24.4034,24.41,24.41,24.4034,1732165200000000000,4
PRIFpI,510,23.6,23.5,23.6,23.5,1732165200000000000,8
PRIFpJ,609,23.25,23.61,23.61,23.25,1732165200000000000,14
PRIFpK,525,22.62,22.2601,22.62,22.2601,1732165200000000000,5
PRIFpL,863,23.66,23.95,23.95,23.66,1732165200000000000,17
PRIM,580613,81.21,83.26,83.81,80.48,1732165200000000000,11411
PRK,50102,192.15,193.76,196.435,192.15,1732165200000000000,2963
PRKS,605652,57.21,56.84,57.99,56.77,1732165200000000000,11208
PRLB,288735,39.01,39.74,40,38.8801,1732165200000000000,7279
PRLD,179524,0.96,0.9672,0.97355,0.94,1732165200000000000,998
PRM,628882,13.64,12.97,13.64,12.96,1732165200000000000,7455
PRMB,2463691,28.35,28.32,28.4,27.74,1732165200000000000,21773
PRME,991867,3,2.97,3.07,2.85,1732165200000000000,9282
PRMN,496,29.16,29.1251,29.17,29.1251,1732165200000000000,8
PRN,34517,173.52,175.23,176.1,171.79,1732165200000000000,549
PRNT,20690,21.32,21.56,21.6998,21.1978,1732165200000000000,251
PRO,525058,22.73,23.63,23.85,22.37,1732165200000000000,7718
PROC,2586602,0.59,1.11,1.134,0.59,1732165200000000000,8374
PROCW,69971,0.01,0.0133,0.0141,0.0052,1732165200000000000,118
PROF,23147,7.63,7.52,7.7652,7.4101,1732165200000000000,242
PROK,253953,1.66,1.74,1.8,1.65,1732165200000000000,2572
PROP,75694,8.05,8.21,8.2717,7.7,1732165200000000000,1048
PROV,1826,15.9,15.86,15.9,15.68,1732165200000000000,95
PRPH,270426,0.77,0.7769,0.779,0.7401,1732165200000000000,540
PRPL,298181,0.83,0.8485,0.86,0.8257,1732165200000000000,1186
PRPO,2081,6,6,6.03,5.98,1732165200000000000,52
PRQR,235610,3.67,3.61,3.696,3.59,1732165200000000000,1365
PRS,40408,24.55,24.73,24.75,24.55,1732165200000000000,319
PRSO,95870,0.845,0.7953,0.845,0.751,1732165200000000000,405
PRT,29572,3.97,3.9876,4.01,3.97,1732165200000000000,203
PRTA,291886,14.51,14.44,14.7,14.195,1732165200000000000,4729
PRTC,1924,21.81,21.78,21.87,21.78,1732165200000000000,27
PRTG,51649,4.68,4.52,4.7,4.19,1732165200000000000,778
PRTH,129648,8.61,8.35,8.885,8.25,1732165200000000000,2259
PRTS,488300,1,1.11,1.12,1,1732165200000000000,1697
PRU,1452141,125,126.26,127.29,124.3701,1732165200000000000,28678
PRVA,337617,20.9,21.08,21.26,20.56,1732165200000000000,7442
PRZO,67365,0.5692,0.5756,0.5798,0.55,1732165200000000000,155
PSA,481453,331.6,335.85,339.06,330.63,1732165200000000000,13425
PSApF,41412,23.21,23.19,23.42,23.19,1732165200000000000,285
PSApG,10942,23.335,23.36,23.5084,23.33,1732165200000000000,168
PSApH,11102,24.74,24.76,24.86,24.7103,1732165200000000000,199
PSApI,29157,21.84,22.13,22.18,21.84,1732165200000000000,198
PSApJ,6208,20.91,21.145,21.2569,20.91,1732165200000000000,80
PSApK,13373,21.21,21.28,21.41,21.03,1732165200000000000,151
PSApL,30754,20.65,20.75,20.8841,20.56,1732165200000000000,274
PSApM,10049,18.75,18.8,18.88,18.6784,1732165200000000000,112
PSApN,10202,17.2,17.35,17.4,17.2,1732165200000000000,115
PSApO,9459,17.33,17.53,17.56,17.33,1732165200000000000,108
PSApP,89437,17.82,17.93,17.93,17.7265,1732165200000000000,404
PSApQ,4601,17.59,17.5798,17.6585,17.57,1732165200000000000,38
PSApR,38653,17.96,17.96,18.0654,17.85,1732165200000000000,302
PSApS,17665,18.53,18.61,18.71,18.49,1732165200000000000,168
PSBD,69368,15.85,15.57,15.97,15.5,1732165200000000000,523
PSC,18283,54.19,54.74,55.0812,54.19,1732165200000000000,141
PSCC,2670,38.6,39.1244,39.1244,38.6,1732165200000000000,69
PSCD,89,110.5495,110.5495,110.5495,110.5495,1732165200000000000,16
PSCE,45552,52.77,53.69,53.95,52.61,1732165200000000000,747
PSCF,1495,59.65,59.8265,60.0338,59.4901,1732165200000000000,26
PSCH,7958,45.2,45.92,46.035,45.2,1732165200000000000,126
PSCI,10409,143.9366,145.28,145.6,143.9366,1732165200000000000,241
PSCJ,45184,26.74,26.69,26.76,26.69,1732165200000000000,11
PSCM,417,83.0893,83.2397,83.43,83.0893,1732165200000000000,9
PSCQ,1872,26.54,26.46,26.54,26.46,1732165200000000000,3
PSCT,14210,47.93,48.78,49.0156,47.93,1732165200000000000,119
PSCU,2562,64.4281,64.4964,64.5813,64.4281,1732165200000000000,16
PSCW,4677,26.32,26.17,26.33,26.17,1732165200000000000,5
PSCX,956,27.46,27.46,27.46,27.46,1732165200000000000,1
PSDM,75935,50.875,50.86,50.91,50.84,1732165200000000000,33
PSEC,4104283,4.63,4.65,4.66,4.58,1732165200000000000,11652
PSECpA,20424,18.5648,19.049,19.15,18.51,1732165200000000000,217
PSEP,34808,39.01,39.05,39.13,38.93,1732165200000000000,82
PSET,898,72.0576,72.27,72.27,72.0576,1732165200000000000,24
PSF,40931,20.31,20.29,20.37,20.28,1732165200000000000,316
PSFD,3263,32.99,32.83,32.99,32.83,1732165200000000000,8
PSFE,1273439,17.13,17.5,17.75,17.13,1732165200000000000,13020
PSFE.WS,69987,0.03,0.028699,0.03,0.0265,1732165200000000000,93
PSFF,346576,29.18,29.27,29.31,29.12,1732165200000000000,1366
PSFJ,1638,29.175,29.21,29.27,29.175,1732165200000000000,9
PSFM,1624,29.77,29.66,29.77,29.66,1732165200000000000,4
PSFO,1480,28.82,28.75,28.82,28.75,1732165200000000000,3
PSH,2533,50.73,50.6434,50.73,50.6,1732165200000000000,27
PSHG,43271,1.85,1.85,1.855,1.82,1732165200000000000,131
PSI,140924,55.28,56.38,56.72,54.94,1732165200000000000,1808
PSIG,8309,0.55,0.54,0.580933,0.535,1732165200000000000,85
PSIL,8943,11.86,11.9051,11.9582,11.8,1732165200000000000,140
PSK,222845,34.14,34.41,34.43,34.14,1732165200000000000,720
PSL,1882,105.72,107.56,107.56,105.72,1732165200000000000,61
PSLV,6670482,10.45,10.35,10.45,10.31,1732165200000000000,7360
PSMD,189988,29.0899,28.93,29.09,28.92,1732165200000000000,941
PSMJ,5814,28.4,28.4,28.4,28.34,1732165200000000000,13
PSMO,44426,27.5,27.57,27.67,27.5,1732165200000000000,19
PSMR,3986,27.888,27.85,27.888,27.85,1732165200000000000,5
PSMT,134343,88.31,88.48,88.67,87.57,1732165200000000000,3681
PSN,1417430,95.4,99.39,100.6899,95.06,1732165200000000000,23077
PSNL,709196,3.5,3.38,3.5,3.28,1732165200000000000,7403
PSNY,3797699,1.04,1.1,1.1,1.01,1732165200000000000,9409
PSNYW,197582,0.1495,0.1388,0.1495,0.1247,1732165200000000000,326
PSO,340869,15.1,15.11,15.17,15.07,1732165200000000000,3196
PSP,25133,69.64,70.35,70.4,69.0952,1732165200000000000,304
PSQ,5223862,38.32,38.41,38.975,38.26,1732165200000000000,8601
PSQA,1,20.2901,20.2901,20.2901,20.2901,1732165200000000000,1
PSQH,98346,2.2,2.19,2.22,2.1682,1732165200000000000,550
PSQH.WS,600,0.202,0.2217,0.2217,0.2,1732165200000000000,7
PSQO,278493,20.1501,20.2457,20.29,20.1501,1732165200000000000,7
PSR,8580,96.22,96.7387,97.05,96.22,1732165200000000000,120
PST,638,23.875,23.93,23.93,23.875,1732165200000000000,19
PSTG,1940550,50.39,51.56,52.3,50.105,1732165200000000000,27853
PSTL,89495,13.83,13.8,13.98,13.77,1732165200000000000,1257
PSTP,9273,31.9706,32.0239,32.08,31.8639,1732165200000000000,44
PSTR,5205,28.29,28.3731,28.43,28.225,1732165200000000000,17
PSTV,26960,1.22,1.2,1.22,1.16,1732165200000000000,185
PSTX,297611,2.75,2.71,2.81,2.65,1732165200000000000,3315
PSWD,494,33.85,33.7118,33.85,33.7118,1732165200000000000,21
PSX,2218846,131.62,131.41,133.16,131.16,1732165200000000000,37729
PT,7066,0.99,0.96,1.0068,0.95,1732165200000000000,36
PTA,170358,20.07,20.35,20.5,20.07,1732165200000000000,872
PTBD,60464,20.2,20.1804,20.2279,20.17,1732165200000000000,244
PTC,677700,190.76,192.75,193.835,189.1,1732165200000000000,17221
PTCT,599104,42.09,42.89,43.41,41.21,1732165200000000000,8330
PTEC,35,35.2475,35.2475,35.2475,35.2475,1732165200000000000,4
PTEN,6043423,8.22,8.36,8.47,8.19,1732165200000000000,30435
PTEU,9482,25.15,25.214,25.22,24.95,1732165200000000000,45
PTF,63370,74.35,74.1,74.75,73.19,1732165200000000000,519
PTGX,936453,40.98,41.65,43.38,40.72,1732165200000000000,17988
PTH,5789,45,45.5,45.73,44.906,1732165200000000000,54
PTHL,43121,5.05,4.74,5.05,4.7,1732165200000000000,849
PTIN,12415,28.88,28.94,29.02,28.8219,1732165200000000000,56
PTIR,419770,91.86,89.72,95.62,88.33,1732165200000000000,8798
PTIX,31545,0.63,0.608,0.63,0.586,1732165200000000000,121
PTL,52923,221.28,222.6084,228.2227,221.02,1732165200000000000,461
PTLC,181387,54.37,54.36,54.5027,53.8,1732165200000000000,882
PTLE,158499,4.06,4.18,4.378,4.06,1732165200000000000,715
PTLO,1195300,10.64,10.79,10.91,10.54,1732165200000000000,12416
PTMC,32874,38.76,39.18,39.24,38.63,1732165200000000000,198
PTMN,39596,16.97,17.03,17.19,16.95,1732165200000000000,467
PTN,108560,0.92,0.9385,0.9669,0.91,1732165200000000000,504
PTNQ,34587,74.91,74.72,74.94,74.2983,1732165200000000000,331
PTON,20850661,8.32,9.06,9.195,8.26,1732165200000000000,73849
PTPI,315266,0.265,0.257,0.265,0.232,1732165200000000000,659
PTRB,102229,41.5,41.405,41.52,41.3701,1732165200000000000,178
PTVE,326420,13,13,13.22,12.64,1732165200000000000,4800
PTY,485112,14.58,14.58,14.58,14.55,1732165200000000000,1701
PUBM,615869,15.28,16.2,16.25,15.1,1732165200000000000,9431
PUI,1358,41.49,42.36,42.36,41.465,1732165200000000000,26
PUK,1072575,15.96,16.06,16.075,15.92,1732165200000000000,6619
PULM,266032,5.76,6.11,6.45,5.6301,1732165200000000000,1221
PULS,1220340,49.71,49.7,49.71,49.7,1732165200000000000,3559
PULT,10950,50.59,50.595,50.5979,50.59,1732165200000000000,21
PUMP,1262609,7.88,8.22,8.3,7.84,1732165200000000000,10745
PUSH,481,50.31,50.296,50.31,50.296,1732165200000000000,8
PUTD,7,23.7849,23.7849,23.7849,23.7849,1732165200000000000,5
PUTW,25086,34.02,33.95,34.0799,33.66,1732165200000000000,255
PVAL,483464,39.08,39.3,39.42,38.9,1732165200000000000,1873
PVBC,55511,11.07,11.16,11.25,11,1732165200000000000,1080
PVH,455255,96.75,99.46,99.55,96.72,1732165200000000000,11128
PVI,6565,25.26,24.745,25.26,24.71,1732165200000000000,22
PVL,46826,1.53,1.54,1.56,1.53,1732165200000000000,186
PW,44600,1.03,1.07,1.09,1.03,1732165200000000000,165
PWpA,828,3.57,3.69,4.05,3.57,1732165200000000000,39
PWB,11055,104.18,104.47,104.66,103.685,1732165200000000000,230
PWER,0,29.3372,29.3372,29.3372,29.3372,1732165200000000000,0
PWM,34348,1.03,1.03,1.05,0.9971,1732165200000000000,213
PWOD,40037,29.8,30.13,30.695,29.5,1732165200000000000,1036
PWP,571834,25.15,25.77,25.965,25,1732165200000000000,9968
PWR,988426,335.92,340.01,342.28,334.7,1732165200000000000,26107
PWS,45,31.0875,31.0875,31.0875,31.0875,1732165200000000000,4
PWUPU,101,11.45,11.45,11.45,11.45,1732165200000000000,2
PWUPW,12982,0.0212,0.0212,0.0212,0.0211,1732165200000000000,11
PWV,19203,60.26,60.93,61.1053,60.26,1732165200000000000,190
PWZ,89348,24.87,24.93,25,24.83,1732165200000000000,413
PX,1761162,13.25,13.6,13.67,12.97,1732165200000000000,11542
PXE,23787,32.33,32.44,32.75,32.28,1732165200000000000,254
PXF,46666,48.83,48.84,48.99,48.675,1732165200000000000,274
PXH,357825,20.76,20.82,20.8689,20.75,1732165200000000000,1337
PXI,3753,49.95,50.64,50.87,49.95,1732165200000000000,51
PXJ,8224,29.73,30.1599,30.2948,29.58,1732165200000000000,162
PXLW,232214,0.71,0.737,0.74,0.7085,1732165200000000000,417
PXS,20320,4.12,4.02,4.1806,4.02,1732165200000000000,204
PY,3054,51.443,51.5733,51.65,51.443,1732165200000000000,32
PYCR,862410,16.5,17.13,17.22,16.4103,1732165200000000000,12194
PYLD,1034505,26.07,26.08,26.08,26.02,1732165200000000000,3109
PYN,35534,5.9,5.93,5.98,5.9,1732165200000000000,123
PYPD,4781,3.3,3.43,3.49,3.3,1732165200000000000,40
PYPL,7250051,85.16,84.82,85.49,84.21,1732165200000000000,107263
PYPY,81873,18,18.15,18.29,18,1732165200000000000,595
PYXS,15188134,2.17,2.1,2.39,1.9,1732165200000000000,59742
PYZ,1230,96.07,97.0425,97.0425,96.03,1732165200000000000,31
PZA,734484,23.84,23.87,23.8999,23.825,1732165200000000000,1932
PZC,33098,7.05,7.07,7.1,7.05,1732165200000000000,83
PZG,32439,0.3706,0.377,0.3789,0.3706,1732165200000000000,170
PZT,10482,23.02,23.075,23.14,23.02,1732165200000000000,98
PZZA,780301,47.43,47.86,48.19,46.75,1732165200000000000,14213
QABA,15204,60.33,60.87,61.32,60.22,1732165200000000000,146
QAI,37930,32.24,32.4,32.4199,32.24,1732165200000000000,249
QARP,3243,53.1,53.511,53.6,53.1,1732165200000000000,32
QAT,86304,18.37,18.4,18.4,18.2326,1732165200000000000,405
QBER,9724,25.11,25.03,25.11,24.9501,1732165200000000000,47
QBTS,33057528,1.81,1.97,2.04,1.71,1732165200000000000,56278
QBTS.WS,554221,0.24,0.32,0.3465,0.2391,1732165200000000000,525
QBUF,3587,25.76,25.86,25.91,25.76,1732165200000000000,40
QBUL,5677,25.3901,25.4639,25.5099,25.39,1732165200000000000,45
QCAP,1278,21.9001,21.945,21.946,21.9001,1732165200000000000,2
QCJL,13860,20.68,20.7901,20.7998,20.67,1732165200000000000,38
QCLN,115600,33.42,33.64,34,33.25,1732165200000000000,1117
QCLR,5,31.0805,31.0805,31.0805,31.0805,1732165200000000000,5
QCOC,7353,19.92,20,20.005,19.89,1732165200000000000,8
QCOM,10685785,155.16,155.46,156.94,153.59,1732165200000000000,150483
QCON,98644,46.79,46.86,46.925,46.5,1732165200000000000,113
QCRH,40338,89.91,90.94,91.75,89.85,1732165200000000000,2157
QD,472985,2.48,2.43,2.5265,2.42,1732165200000000000,2177
QDCC,247,26.305,26.305,26.305,26.305,1732165200000000000,10
QDEC,6487,27.33,27.3746,27.375,27.33,1732165200000000000,43
QDEF,4661,72.22,72.55,72.61,71.755,1732165200000000000,141
QDEL,1219286,37.82,37.89,38.35,37.47,1732165200000000000,18397
QDF,63707,71.97,72.39,72.57,71.62,1732165200000000000,165
QDIV,3077,36.4588,36.6475,36.655,36.4588,1732165200000000000,63
QDPL,148780,39.24,39.26,39.4867,38.8898,1732165200000000000,1118
QDTE,398951,42.54,42.48,42.555,41.8324,1732165200000000000,5974
QDVO,7917,26.94,26.9783,27.08,26.7499,1732165200000000000,135
QEFA,21114,74.35,74.485,74.59,74.1489,1732165200000000000,206
QEMM,2296,59.54,59.5526,59.5876,59.39,1732165200000000000,32
QETA,101727,10.51,10.5,10.51,10.5,1732165200000000000,57
QETAR,1048,1.51,1.5,1.6,1.5,1732165200000000000,11
QETH,16530,33.58,33.5534,33.67,32.5,1732165200000000000,163
QFIN,1263535,35.25,35.21,35.35,34.8,1732165200000000000,14494
QFLR,32731,28.55,28.6,28.67,28.27,1732165200000000000,153
QGEN,960301,42.22,42.33,42.48,42.04,1732165200000000000,13142
QGRO,58058,100.45,101.4,101.6,100.07,1732165200000000000,431
QGRW,71945,48.57,48.32,48.57,47.63,1732165200000000000,485
QH,12195,1.32,1.34,1.38,1.32,1732165200000000000,111
QHDG,1299,26.15,26.17,26.22,26.15,1732165200000000000,12
QHY,15612,45.82,45.7791,45.8586,45.7791,1732165200000000000,121
QID,7167754,33.82,33.99,35,33.7224,1732165200000000000,17428
QIG,697,44.467,44.4395,44.467,44.39,1732165200000000000,12
QINT,12226,48.77,49.0041,49.0529,48.77,1732165200000000000,71
QIPT,99902,2.42,2.36,2.435,2.34,1732165200000000000,955
QIS,2097,24.6,24.54,24.6,24.54,1732165200000000000,20
QJUN,21732,27.71,27.71,27.7635,27.4101,1732165200000000000,91
QLC,41368,67.09,67.3,67.46,66.802,1732165200000000000,61
QLD,2683460,106.96,106.45,107.23,103.3495,1732165200000000000,24083
QLGN,84555,3.96,4.42,4.5,3.8154,1732165200000000000,831
QLTA,92115,47.43,47.34,47.48,47.295,1732165200000000000,700
QLTI,3916,23.0235,23.175,23.18,23.0235,1732165200000000000,19
QLTY,317532,32.34,32.45,32.565,32.19,1732165200000000000,2146
QLV,77665,66.6,66.81,66.94,66.6,1732165200000000000,66
QLVD,78,27.0977,27.0977,27.0977,27.0977,1732165200000000000,4
QLVE,3335,25.64,25.6618,25.72,25.64,1732165200000000000,36
QLYS,292621,148.29,150.18,151.31,147.665,1732165200000000000,10760
QMAG,8721,20.65,20.6746,20.6746,20.6,1732165200000000000,40
QMAR,6996,29.42,29.4051,29.44,29.22,1732165200000000000,44
QMCO,1447722,3.36,4.02,4.63,3.04,1732165200000000000,10546
QMID,474,29.1,29.0872,29.1,29.0872,1732165200000000000,7
QMMM,2936116,0.62,0.5832,0.64,0.54,1732165200000000000,7373
QMMY,29730,21.36,21.3894,21.4,21.24,1732165200000000000,12
QMNV,91110,20.07,20.0299,20.09,19.8999,1732165200000000000,179
QMOM,40300,69.17,70.36,70.52,69.155,1732165200000000000,500
QNCX,313749,1.85,2.08,2.14,1.8,1732165200000000000,1100
QNRX,47221,0.606,0.62,0.65,0.606,1732165200000000000,223
QNST,466507,21.68,22.47,22.72,21.55,1732165200000000000,8087
QNTM,17193,5,5.1,5.17,4.9701,1732165200000000000,320
QNXT,6969,25.32,25.5715,25.6,25.22,1732165200000000000,82
QOWZ,1024,34.09,34.3153,34.43,34.09,1732165200000000000,22
QPFF,19485,37.02,37.44,37.44,37.02,1732165200000000000,125
QPX,2007,36.12,36.0508,36.13,36.0508,1732165200000000000,18
QQA,20238,49.65,50.07,50.07,49.23,1732165200000000000,196
QQEW,31246,128.68,129.71,129.7929,127.7201,1732165200000000000,587
QQH,23783,64.61,65.28,65.51,64.1048,1732165200000000000,210
QQJG,899,23.75,23.94,23.94,23.75,1732165200000000000,17
QQMG,8724,34.39,34.65,34.69,34.1066,1732165200000000000,154
QQQ,34526738,506.24,504.98,506.96,497.56,1732165200000000000,347733
QQQA,1162,45.975,46.2,46.2699,45.975,1732165200000000000,19
QQQD,423,18.21,18.2177,18.2177,18.21,1732165200000000000,17
QQQE,443340,92.38,93.26,93.45,91.99,1732165200000000000,3433
QQQG,4908,21.46,21.6297,21.65,21.28,1732165200000000000,27
QQQI,290097,51.93,51.99,52.08,51.4701,1732165200000000000,3016
QQQJ,137159,31,31.37,31.4281,30.9664,1732165200000000000,783
QQQM,3740998,208.36,207.88,208.65,204.8,1732165200000000000,35342
QQQP,2986,26.03,26.41,26.54,25.925,1732165200000000000,45
QQQS,2385,27.32,27.63,27.64,27.15,1732165200000000000,53
QQQT,12666,19.32,19.2944,19.3499,19.08,1732165200000000000,192
QQQU,29950,43.51,41.85,43.51,40.53,1732165200000000000,497
QQQW,2832,27.17,27.3577,27.39,26.6,1732165200000000000,40
QQQX,115015,25.96,25.76,26.0679,25.6901,1732165200000000000,1183
QQQY,493022,33.01,33.12,33.205,32.62,1732165200000000000,3793
QQXT,1065,96.245,96.6989,96.6989,96.245,1732165200000000000,37
QRFT,3183,53.62,54.19,54.23,53.62,1732165200000000000,30
QRHC,50003,7,7.05,7.21,6.97,1732165200000000000,826
QRMI,5573,17.05,16.97,17.05,16.885,1732165200000000000,59
QRTEA,3306225,0.36,0.368,0.3703,0.35,1732165200000000000,4822
QRTEB,4041,2.89,3.02,3.15,2.8,1732165200000000000,91
QRTEP,53374,40,40,40.4999,39.1,1732165200000000000,1122
QRVO,3630684,66.05,67.87,67.93,65.28,1732165200000000000,59576
QS,7919995,5.13,5.04,5.14,4.96,1732165200000000000,23997
QSG,23077,2.84,2.8,2.85,2.77,1732165200000000000,210
QSI,21959140,1.35,1.21,1.36,1.17,1732165200000000000,66025
QSIAW,254041,0.12,0.153001,0.177968,0.118,1732165200000000000,453
QSIG,3584,48.31,48.2544,48.37,48.23,1732165200000000000,34
QSIX,724,33.33,33.2024,33.33,33.19,1732165200000000000,57
QSML,345,28.865,28.7959,28.865,28.7959,1732165200000000000,5
QSPT,18844,27.39,27.39,27.41,27.22,1732165200000000000,77
QSR,1698099,69.15,69.78,69.975,68.51,1732165200000000000,17205
QSWN,0,21.822,21.822,21.822,21.822,1732165200000000000,0
QTAP,1608,36.93,36.9638,36.9638,36.93,1732165200000000000,15
QTEC,131912,194,195.46,196.37,192.35,1732165200000000000,1323
QTI,321659,0.57,0.513,0.59,0.47,1732165200000000000,666
QTJA,28868,24.87,24.8657,24.87,24.8619,1732165200000000000,21
QTJL,1,32.0335,32.0335,32.0335,32.0335,1732165200000000000,1
QTOC,4566,28.95,28.92,28.95,28.878,1732165200000000000,36
QTOP,19339,25.64,25.47,25.64,25.11,1732165200000000000,587
QTR,113,31.22,31.22,31.22,31.22,1732165200000000000,6
QTRX,417579,11.13,11.72,11.795,10.82,1732165200000000000,5184
QTTB,168050,27.19,27.04,28.38,26.14,1732165200000000000,3657
QTUM,147929,66.86,66.8,67.35,65.61,1732165200000000000,3304
QTWO,712668,102.47,104.95,105.73,101.56,1732165200000000000,14356
QUAD,338827,6.69,6.79,7.03,6.69,1732165200000000000,3484
QUAL,934241,181.52,182.08,182.48,180.135,1732165200000000000,14328
QUBT,134168595,4.24,4.76,5.31,4.03,1732165200000000000,405554
QUIK,165923,7.16,7.52,7.6,7.05,1732165200000000000,2165
QULL,73,50.5361,50.5361,50.5361,50.5361,1732165200000000000,6
QURE,686773,5.73,5.845,5.92,5.5101,1732165200000000000,7182
QUS,17107,160.07,160.9931,161.2293,159.435,1732165200000000000,243
QUVU,4428,26.52,26.6911,26.738,26.5,1732165200000000000,37
QVAL,17489,45.67,46.14,46.23,45.48,1732165200000000000,146
QVCC,37736,12.75,12.98,13,12.61,1732165200000000000,347
QVCD,18657,12.98,13.12,13.15,12.67,1732165200000000000,163
QVML,452,35.12,35.0565,35.13,35.0565,1732165200000000000,13
QVMM,45,30.4558,30.4558,30.4558,30.4558,1732165200000000000,6
QVMS,149,28.9019,28.9019,28.9019,28.9019,1732165200000000000,26
QVOY,47777,28.41,28.49,28.49,28.41,1732165200000000000,31
QWLD,1842,127.32,127.9678,128.07,127.26,1732165200000000000,39
QXO,2891964,16.17,16.64,17,15.9593,1732165200000000000,24635
QXQ,1049,27.1,27.16,27.16,27.1,1732165200000000000,44
QYLD,3351365,18.05,18.07,18.09,17.945,1732165200000000000,9644
QYLE,1377,27.5299,27.68,27.68,27.5299,1732165200000000000,22
QYLG,9591,32.74,32.62,32.74,32.46,1732165200000000000,176
R,310708,160.09,161.21,162.89,158.291,1732165200000000000,8374
RA,254999,13.28,13.29,13.33,13.2501,1732165200000000000,1301
RAAX,5337,30.01,30.32,30.32,30.01,1732165200000000000,126
RACE,217456,427.32,429.51,431.332,425.21,1732165200000000000,8820
RAFE,19514,37.36,37.4704,37.55,37.34,1732165200000000000,59
RAIL,598073,10.43,9.65,10.43,9.5404,1732165200000000000,4867
RAMP,600660,29.53,30.39,30.535,29.425,1732165200000000000,12327
RAND,6915,16.14,16.4,16.4213,16.06,1732165200000000000,87
RANI,340314,2.04,2.04,2.08,2.01,1732165200000000000,1677
RAPP,102132,22.33,22.52,23.4423,21.885,1732165200000000000,2814
RAPT,546961,1.05,1.05,1.07,1,1732165200000000000,3190
RARE,525621,46.02,46.02,47.14,45.905,1732165200000000000,11109
RATE,6048,19.86,19.9515,20.01,19.73,1732165200000000000,47
RAVE,35792,2.86,2.8475,2.9,2.675,1732165200000000000,232
RAVI,56977,75.43,75.4287,75.44,75.42,1732165200000000000,197
RAY,8400,1.64,1.55,1.64,1.5061,1732165200000000000,116
RAYA,7084,1.1599,1.205,1.24,1.1512,1732165200000000000,47
RAYC,14489,14.89,14.88,14.91,14.84,1732165200000000000,53
RAYD,1940,32.14,32.31,32.33,32.14,1732165200000000000,14
RAYE,4264,24.99,25.115,25.12,24.99,1732165200000000000,19
RAYJ,205,26.88,26.92,26.92,26.88,1732165200000000000,5
RAYS,7278,9.96,9.91,10,9.89,1732165200000000000,38
RBA,706871,94.25,95.34,95.65,93.44,1732165200000000000,11863
RBB,30556,23.99,24.19,24.36,23.79,1732165200000000000,1163
RBBN,540389,3.91,3.9,3.93,3.87,1732165200000000000,4762
RBC,180884,320.54,324.45,326.26,320.54,1732165200000000000,7220
RBCAA,14999,75.86,76.01,76.49,75.32,1732165200000000000,1293
RBKB,13391,9.95,9.83,9.99,9.7,1732165200000000000,105
RBLD,396,72.18,72.1394,72.18,72.1394,1732165200000000000,1
RBLX,15731639,51.035,49.35,51.4,48.1,1732165200000000000,138622
RBOT,30543,9.15,10.29,10.49,9.06,1732165200000000000,701
RBOT.WS,13081,0.0408,0.0356,0.0408,0.0351,1732165200000000000,52
RBRK,1848321,46,49.12,49.73,46,1732165200000000000,24026
RBUF,2262,26.88,26.9391,27,26.88,1732165200000000000,66
RC,1757553,7.23,7.25,7.31,7.195,1732165200000000000,8123
RCpC,1021,18.2227,18.25,18.25,18.12,1732165200000000000,11
RCpE,8088,18.825,18.9176,18.95,18.825,1732165200000000000,68
RCAT,14742017,7.06,7.3,7.86,6.56,1732165200000000000,75670
RCB,2219,24.465,24.3799,24.465,24.35,1732165200000000000,29
RCEL,121805,13.18,12.87,13.45,12.58,1732165200000000000,2138
RCG,6417,2.36,2.37,2.37,2.36,1732165200000000000,54
RCI,798795,35.22,35.21,35.475,34.95,1732165200000000000,7140
RCKT,1337008,13.12,12.79,13.38,12.66,1732165200000000000,15494
RCKTW,33954,0.044,0.0251,0.0572,0.0251,1732165200000000000,108
RCKY,51426,20.93,20.91,21.0579,20.45,1732165200000000000,1401
RCL,1403505,235.85,237.57,239.39,235.38,1732165200000000000,32023
RCMT,55040,21.33,21.53,21.76,21.23,1732165200000000000,1149
RCON,4026,2.06,2.215,2.24,2.06,1732165200000000000,88
RCS,116061,7.67,7.85,7.9,7.67,1732165200000000000,563
RCUS,676303,14.71,14.28,14.71,14.15,1732165200000000000,5940
RDACU,50025,10.07,10.07,10.07,10.07,1732165200000000000,9
RDCM,34174,11.46,11.78,11.84,11.3,1732165200000000000,371
RDDT,12275538,141.27,158.02,158.49,139.57,1732165200000000000,148599
RDFI,16702,24.14,24.15,24.1688,24.1,1732165200000000000,72
RDFN,5187557,7.93,8.16,8.28,7.76,1732165200000000000,29665
RDHL,16922,6.37,6.74,6.79,6.37,1732165200000000000,438
RDI,32030,1.34,1.35,1.4291,1.26,1732165200000000000,135
RDIB,6999,7,6.49,7,6.325,1732165200000000000,209
RDIV,27336,51.25,51.733,51.781,51.2001,1732165200000000000,335
RDN,826292,33.87,34.02,34.17,33.645,1732165200000000000,13077
RDNT,315559,82.8,81.3,83,81.15,1732165200000000000,9338
RDOG,416,40.69,40.6649,40.69,40.595,1732165200000000000,19
RDTE,128647,43.91,44.23,44.28,43.7101,1732165200000000000,1829
RDUS,267980,18.61,19.74,19.895,18.55,1732165200000000000,4966
RDVI,585516,25.75,25.88,25.9199,25.64,1732165200000000000,2639
RDVT,148293,35.1,36.53,37.24,34.96,1732165200000000000,1607
RDVY,720325,62.66,63.08,63.216369,62.425,1732165200000000000,5282
RDW,505744,11.12,11.68,11.815,10.61,1732165200000000000,6531
RDW.WS,45283,3.58,3.8,3.91,3.4512,1732165200000000000,206
RDWR,141258,23,23.18,23.34,22.92,1732165200000000000,4014
RDY,1590982,14.05,13.99,14.25,13.925,1732165200000000000,10505
RDZN,38045,0.79,0.8399,0.842,0.7704,1732165200000000000,447
REAI,47,22.0944,22.0944,22.0944,22.0944,1732165200000000000,6
REAL,2807582,4.35,4.48,4.58,4.12,1732165200000000000,19392
REAX,979155,4.95,5.22,5.29,4.925,1732165200000000000,7967
REBN,242716,1.17,1.39,1.5,1.17,1732165200000000000,795
RECS,343766,35.51,35.53,35.6,35.13,1732165200000000000,2328
RECT,3203,3.55,3.55,3.55,3.45,1732165200000000000,28
REE,39240,6.49,7.17,7.25,6.48,1732165200000000000,522
REET,669356,25.62,25.72,25.805,25.52,1732165200000000000,2981
REFI,73705,15.9,15.97,16,15.885,1732165200000000000,899
REFR,28910,1.97,1.95,2.02,1.9472,1732165200000000000,81
REG,758920,74.7,74.46,74.84,74.41,1732165200000000000,15477
REGCO,13791,23.67,23.65,23.735,23.54,1732165200000000000,115
REGCP,2489,24.2874,24.4,24.54,24.25,1732165200000000000,27
REGL,38070,85.4,86.17,86.34,85.2021,1732165200000000000,417
REGN,973061,744.87,744.5,757.555,735.9548,1732165200000000000,25998
REI,2197915,1.56,1.59,1.6,1.55,1732165200000000000,4193
REIT,3242,28.89,28.9,28.9799,28.73,1732165200000000000,144
REK,3256,16.59,16.5698,16.66,16.54,1732165200000000000,91
REKR,550755,0.933,0.9715,0.97649,0.9127,1732165200000000000,2088
REKT,897,21.81,22.0402,22.0402,21.7432,1732165200000000000,21
RELI,403676,1.35,1.3,1.355,1.2199,1732165200000000000,1507
RELIW,100,0.0316,0.0316,0.0316,0.0316,1732165200000000000,1
RELL,38774,14.16,14.12,14.315,14.065,1732165200000000000,856
RELX,724226,45.37,45.76,45.76,45.19,1732165200000000000,8901
RELY,2056233,20.37,20.68,21,20.23,1732165200000000000,17177
REM,297489,22.66,22.88,22.88,22.66,1732165200000000000,2070
REMX,32551,46.03,46.56,46.6166,45.8,1732165200000000000,568
RENB,431183,0.5021,0.5008,0.538929,0.4901,1732165200000000000,1266
RENT,66899,9.39,9.68,9.76,9.1805,1732165200000000000,1166
RENW,21,13.5733,13.5733,13.5733,13.5733,1732165200000000000,4
REPL,882273,11.14,11.05,11.3545,11,1732165200000000000,7115
REPX,103138,35.2,35.87,36.24,35.2,1732165200000000000,2766
RERE,1121052,2.74,2.8,2.85,2.65,1732165200000000000,5144
RES,1122551,6.03,6.15,6.25,5.99,1732165200000000000,10314
RETL,217648,9.38,9.69,9.69,9.2,1732165200000000000,1440
RETO,17816,0.87,0.91,0.93,0.87,1732165200000000000,119
REVB,45076,0.7936,0.753,0.7936,0.7409,1732165200000000000,272
REVBW,9985,0.012,0.012,0.0129,0.012,1732165200000000000,43
REVG,279249,29.42,29.82,30.07,29.265,1732165200000000000,5958
REVS,2646,26.34,26.4943,26.559,26.34,1732165200000000000,31
REW,90179,10.2,10.26,10.5931,10.17,1732165200000000000,491
REX,91193,45.34,45.54,45.91,44.84,1732165200000000000,3580
REXR,1610825,42.58,41.97,43.035,41.96,1732165200000000000,17600
REXRpB,4399,23.0175,22.99,23.0175,22.77,1732165200000000000,42
REXRpC,1997,22.81,22.8,23.13,22.8,1732165200000000000,11
REYN,437481,27.59,27.61,27.83,27.525,1732165200000000000,7119
REZ,55152,87.08,87.52,87.79,86.555,1732165200000000000,799
REZI,914529,26.57,26.37,26.71,26.26,1732165200000000000,14804
RF,6853987,26.49,26.74,26.92,26.32,1732165200000000000,39775
RFpC,19688,24.51,24.61,24.6999,24.455,1732165200000000000,270
RFpE,34683,19.07,19.35,19.35,19.0681,1732165200000000000,294
RFpF,44107,25.92,25.91,25.97,25.77,1732165200000000000,547
RFAI,8563,10.17,10.195,10.23,10.17,1732165200000000000,24
RFAIR,292617,0.0538,0.054,0.06,0.0511,1732165200000000000,64
RFAIU,666,10.22,10.26,10.26,10.22,1732165200000000000,8
RFCI,1255,22.4,22.33,22.427,22.32,1732165200000000000,14
RFDA,1564,57.36,57.6093,57.69,57.36,1732165200000000000,16
RFDI,2681,62.64,62.9876,62.9876,62.64,1732165200000000000,33
RFEM,3038,63.88,63.9756,64.02,63.8204,1732165200000000000,33
RFEU,228,61.485,61.28,61.485,61.28,1732165200000000000,5
RFFC,724,59.26,59.5948,59.5948,59.26,1732165200000000000,18
RFG,10446,51.16,51.7853,51.86,51.16,1732165200000000000,128
RFI,45520,12.64,12.665,12.72,12.6013,1732165200000000000,175
RFIL,15814,3.95,4.14,4.1659,3.95,1732165200000000000,107
RFL,44139,1.96,2.03,2.03,1.94,1732165200000000000,132
RFLR,6998,26.509,26.768,26.8,26.509,1732165200000000000,44
RFM,23147,15.69,15.6684,15.721,15.64,1732165200000000000,108
RFMZ,41956,13.9801,14,14.11,13.98,1732165200000000000,236
RFV,6463,125.3934,126.73,127.0699,125.3934,1732165200000000000,143
RGA,358581,228.15,229.17,230.2734,226.605,1732165200000000000,10341
RGC,24350,5.89,5.65,6.0828,5.6,1732165200000000000,364
RGCO,9116,20.27,21.37,21.37,20.26,1732165200000000000,367
RGEF,12363,24.76,24.9186,24.9186,23.78,1732165200000000000,17
RGEN,660080,139.61,141.76,142.11,136.54,1732165200000000000,15428
RGF,249800,0.245,0.24,0.245,0.23,1732165200000000000,616
RGLD,322956,149.31,148.18,149.9836,147.23,1732165200000000000,11414
RGLS,270751,1.41,1.4,1.43,1.3,1732165200000000000,1535
RGNX,699728,9.38,9.18,9.7,9.08,1732165200000000000,8430
RGP,217284,8.37,8.4,8.455,8.28,1732165200000000000,3648
RGR,144175,37.35,37.53,37.795,37.18,1732165200000000000,4666
RGS,90320,19.01,21.41,21.99,19,1732165200000000000,2052
RGT,30035,11.5,11.54,11.5584,11.34,1732165200000000000,180
RGTI,34339116,1.48,1.48,1.55,1.37,1732165200000000000,68532
RGTIW,61972,0.42,0.3901,0.425,0.3622,1732165200000000000,110
RH,475760,340,344.73,345.5,335.6501,1732165200000000000,14061
RHCB,703,45.75,45.8096,45.8096,45.75,1732165200000000000,10
RHE,6949,1.48,1.4,1.48,1.3684,1732165200000000000,54
RHI,806016,72.63,73.7,74.45,72.18,1732165200000000000,17383
RHP,288958,112.91,113.77,114.7,112.1844,1732165200000000000,7543
RHRX,755,16.04,16.0895,16.1,16.04,1732165200000000000,5
RHTX,1778,16.68,16.685,16.7175,16.64,1732165200000000000,11
RICK,65266,48.9,50.43,50.795,48.73,1732165200000000000,2860
RIET,51476,10.55,10.62,10.655,10.545,1732165200000000000,320
RIG,19082531,4.24,4.34,4.39,4.225,1732165200000000000,24118
RIGL,159398,24.35,25.04,25.37,23.74,1732165200000000000,2536
RIGS,11532,22.71,22.8901,22.98,20.66,1732165200000000000,104
RILY,495551,4.85,4.83,4.91,4.7301,1732165200000000000,4659
RILYG,32359,12.13,12.45,12.5,12.13,1732165200000000000,577
RILYK,10402,18.72,19.31,19.46,18.72,1732165200000000000,250
RILYL,6411,7.5,7.53,7.53,7.25,1732165200000000000,165
RILYM,31352,22.63,22.84,22.9495,22.5959,1732165200000000000,186
RILYN,33619,12.45,12.75,12.86,12.3,1732165200000000000,333
RILYP,9648,7.6499,7.25,7.6499,7.1,1732165200000000000,111
RILYT,19279,9.55,9.83,9.85,9.55,1732165200000000000,249
RILYZ,60673,9.4,9.5,9.75,9.31,1732165200000000000,1555
RIME,488111,0.221,0.2486,0.255,0.212,1732165200000000000,880
RINC,1525,23.056,23.1548,23.2083,23.056,1732165200000000000,23
RINF,4006,33.18,33.3,33.33,33.18,1732165200000000000,31
RING,479308,31.29,31.3,31.41,30.86,1732165200000000000,2272
RIO,1964511,62.31,62.57,62.675,62,1732165200000000000,23158
RIOT,55190467,12.77,11.76,13.13,10.9,1732165200000000000,242782
RISN,3139,27.53,27.81,27.86,27.53,1732165200000000000,27
RISR,34557,35.76,35.87,35.99,35.76,1732165200000000000,116
RITA,80,20.5966,20.5966,20.5966,20.5966,1732165200000000000,19
RITM,3206719,10.68,10.79,10.81,10.68,1732165200000000000,14423
RITMpA,19108,25.4,25.48,25.48,25.25,1732165200000000000,174
RITMpB,12153,25.29,25.29,25.34,25.25,1732165200000000000,131
RITMpC,29067,24.62,24.55,24.62,24.45,1732165200000000000,298
RITMpD,8463,24.28,24.3,24.3,24.19,1732165200000000000,129
RITR,123991,4.41,4.68,4.9899,4.41,1732165200000000000,2117
RIV,64268,12.46,12.48,12.48,12.38,1732165200000000000,340
RIVpA,5252,23.7003,23.89,23.92,23.7003,1732165200000000000,36
RIVN,35472287,10.02,10.02,10.39,9.92,1732165200000000000,110324
RJF,742597,163,163.78,164.71,162.11,1732165200000000000,15509
RJFpB,2096,25.2201,25.25,25.25,25.2201,1732165200000000000,3
RJMG,2405,24.29,24.5345,24.56,24.29,1732165200000000000,17
RKDA,3980,2.63,2.593,2.63,2.57,1732165200000000000,91
RKLB,28114890,20.4,22.41,22.48,19.75,1732165200000000000,178239
RKT,3050168,13.7,13.61,14.03,13.56,1732165200000000000,25851
RL,799007,202.25,207.12,207.42,201.63,1732165200000000000,16480
RLAY,1769394,4.66,4.64,4.76,4.48,1732165200000000000,13695
RLGT,113617,7.17,7.22,7.26,7.1,1732165200000000000,1487
RLI,145181,176.88,178.03,179.0933,175.36,1732165200000000000,5765
RLJ,1041530,9.68,9.8,9.865,9.63,1732165200000000000,8658
RLJpA,28104,25.01,25.05,25.15,25.01,1732165200000000000,219
RLMD,250662,2.84,2.75,2.915,2.735,1732165200000000000,2658
RLTY,120440,15.95,16.08,16.16,15.95,1732165200000000000,628
RLX,5471290,1.8,1.78,1.85,1.77,1732165200000000000,11036
RLY,86367,28.7,28.73,28.74,28.56,1732165200000000000,292
RLYB,15983,1,0.9886,1.05,0.9803,1732165200000000000,165
RM,13839,29.46,29.7,30.01,29.25,1732165200000000000,592
RMAX,146054,11.54,11.61,11.73,11.33,1732165200000000000,2873
RMBI,11261,13.4,13.58,13.58,13.35,1732165200000000000,289
RMBL,134971,6.25,6.21,6.37,6.02,1732165200000000000,3454
RMBS,630132,53.99,54.49,54.89,53.08,1732165200000000000,14459
RMCA,2881,25.05,25.0544,25.0544,25.05,1732165200000000000,1
RMCF,27313,2.64,2.66,2.73,2.52,1732165200000000000,208
RMCO,2791,1.04,1.09,1.09,1.04,1732165200000000000,31
RMD,455006,242.52,243.6,243.73,240.685,1732165200000000000,13432
RMI,20822,15.66,15.6801,15.77,15.66,1732165200000000000,52
RMIF,2444,25.45,25.4157,25.46,25.4157,1732165200000000000,12
RMM,60091,15.29,15.25,15.3754,15.25,1732165200000000000,235
RMMZ,25464,15.6333,15.58,15.7,15.56,1732165200000000000,87
RMNI,150454,1.97,1.93,1.97,1.925,1732165200000000000,1339
RMNY,1882,25.25,25.26,25.26,25.25,1732165200000000000,4
RMOP,15680,25.72,25.6849,25.72,25.67,1732165200000000000,21
RMR,115058,22.04,22.15,22.265,21.9,1732165200000000000,2777
RMSG,4946539,4.51,4.19,4.75,3.26,1732165200000000000,84790
RMSGW,67797,0.0501,0.0462,0.055,0.027,1732165200000000000,142
RMT,133700,9.91,10.03,10.0986,9.9008,1732165200000000000,669
RMTI,1069775,2.33,2.2,2.36,2.15,1732165200000000000,3581
RNA,759582,43.86,42.56,44.68,42.3,1732165200000000000,13876
RNAC,94138,16.9,16.62,17.675,16.5,1732165200000000000,2015
RNAZ,526968,0.331,0.38,0.388,0.331,1732165200000000000,878
RND,821,24.25,24.22,24.28,24.22,1732165200000000000,28
RNEM,311,51.0117,51.0117,51.0117,51.0117,1732165200000000000,8
RNEW,110,25.2914,25.2914,25.2914,25.2914,1732165200000000000,4
RNG,1516233,35.21,34.87,35.5,34.42,1732165200000000000,22139
RNGR,241336,16.72,16.7,17.04,16.48,1732165200000000000,3822
RNP,85409,22.6,22.77,22.82,22.5,1732165200000000000,760
RNR,346173,264.39,264.64,266.5299,262.7,1732165200000000000,10024
RNRpF,13917,24.44,24.43,24.57,24.3014,1732165200000000000,147
RNRpG,18133,18.07,18.09,18.18,17.9567,1732165200000000000,224
RNRG,12357,9.08,9.07,9.18,9.03,1732165200000000000,171
RNSC,2242,31.26,31.69,31.69,31.26,1732165200000000000,22
RNST,406553,36.63,37.3,37.62,36.59,1732165200000000000,6853
RNW,1174705,5.55,5.63,5.95,5.43,1732165200000000000,8208
RNWWW,23787,0.2156,0.1892,0.2794,0.185,1732165200000000000,120
RNWZ,44,22.4153,22.4153,22.4153,22.4153,1732165200000000000,5
RNXT,115384,1.18,1.2101,1.2727,1.08,1732165200000000000,599
ROAD,899508,90,96.85,100.47,88.38,1732165200000000000,19394
ROAM,11359,23.82,23.8215,23.86,23.74,1732165200000000000,56
ROBO,71381,56.37,56.92,57.02,56.27,1732165200000000000,949
ROBT,32370,45.88,46.14,46.325,45.47,1732165200000000000,422
ROCK,169193,69.14,69.72,70.115,68.03,1732165200000000000,4404
ROCL,64739,11.32,11.525,11.74,11.32,1732165200000000000,442
ROCLU,404,11.15,11.25,11.25,11.15,1732165200000000000,6
ROCLW,1076833,0.1899,0.3649,0.4008,0.1831,1732165200000000000,1284
RODE,2536,28.67,28.6001,28.72,28.6001,1732165200000000000,8
RODM,200447,29.36,29.4431,29.4898,29.3113,1732165200000000000,267
ROE,17259,31.2414,31.6156,31.68,31.2414,1732165200000000000,66
ROG,69565,103.72,104.75,105.44,102.51,1732165200000000000,3317
ROIC,1103235,17.37,17.38,17.42,17.37,1732165200000000000,5556
ROIS,10,49.8842,49.8842,49.8842,49.8842,1732165200000000000,3
ROIV,7197593,11.65,11.82,11.97,11.62,1732165200000000000,32800
ROK,992381,281.79,278.3,281.79,276.94,1732165200000000000,23858
ROKT,4696,56.38,57.38,57.4,56,1732165200000000000,92
ROKU,2716757,69.52,68.68,69.8531,68.15,1732165200000000000,41717
ROL,1359032,49.28,49.63,49.66,48.68,1732165200000000000,16915
ROLR,38747,6.93,5.75,7.5,5.5,1732165200000000000,645
ROM,30243,70.13,70.74,71.35,68.65,1732165200000000000,389
ROMA,18667,0.6343,0.6613,0.698,0.6343,1732165200000000000,91
ROMO,1435,32,32.126,32.2012,32,1732165200000000000,21
ROOT,602118,103.07,109.4,111.26,97.01,1732165200000000000,13869
ROP,536874,550.38,554.26,555.28,547.69,1732165200000000000,19309
RORO,1800,18.1499,18.1047,18.1499,18.1047,1732165200000000000,18
ROSC,1566,46.03,46.0548,46.2,46.03,1732165200000000000,18
ROST,5871241,140.88,142.96,143.22,139.27,1732165200000000000,85671
ROUS,31619,53.07,53.44,53.53,52.9157,1732165200000000000,195
RPAR,27410,19.45,19.47,19.51,19.43,1732165200000000000,130
RPAY,1193758,8.09,8.03,8.24,8.01,1732165200000000000,8336
RPD,1168541,41.31,42.44,42.88,41.31,1732165200000000000,20405
RPG,349092,42.28,42.59,42.67,41.96,1732165200000000000,1859
RPHS,21282,10.59,10.6527,10.68,10.52,1732165200000000000,49
RPID,25490,1.18,1.11,1.1899,1.08,1732165200000000000,138
RPM,395835,134.52,136.31,136.565,134.21,1732165200000000000,9856
RPRX,4329564,26.26,26.4,26.665,26.23,1732165200000000000,25228
RPTX,114773,2.9,2.97,3.07,2.82,1732165200000000000,1000
RPV,125627,94.02,95.06,95.24,93.92,1732165200000000000,1103
RQI,203876,13.29,13.45,13.48,13.2871,1732165200000000000,1174
RR,3630797,0.54,0.5725,0.59,0.52215,1732165200000000000,4409
RRBI,8020,58.69,58.74,59.19,58.505322,1732165200000000000,293
RRC,3594046,35.89,35.57,36.48,35.22,1732165200000000000,36280
RRGB,237907,5,4.92,5.0993,4.8403,1732165200000000000,2745
RRR,895370,49.77,50.03,50.7999,49.505,1732165200000000000,10559
RRX,246582,172.45,173.74,175.61,170.26,1732165200000000000,8016
RS,326311,312.45,316.43,318.33,312.45,1732165200000000000,9202
RSBT,11739,16.59,16.6989,16.73,16.5667,1732165200000000000,38
RSBY,6067,18.3,18.232,18.3299,18.17,1732165200000000000,26
RSEE,3245,31.1811,31.3824,31.41,31.1811,1732165200000000000,28
RSF,14003,15.15,15.1539,15.2,15.15,1732165200000000000,52
RSG,1108214,213,214.06,215.24,211.29,1732165200000000000,23498
RSHO,21172,40.1,40.4861,40.595,39.9389,1732165200000000000,150
RSI,3337395,12.2,13.48,13.71,12.07,1732165200000000000,27217
RSJN,16429,32.77,32.7667,32.78,32.75,1732165200000000000,110
RSKD,600936,4.42,4.58,4.625,4.41,1732165200000000000,4273
RSLS,103527,5.18,5.58,5.8,4.98,1732165200000000000,613
RSMC,3108,26.1807,26.43,26.43,26.1807,1732165200000000000,13
RSP,5642623,182.4,184.08,184.4097,181.74,1732165200000000000,44277
RSPA,8089,52.19,52.615,52.74,52.19,1732165200000000000,121
RSPC,22172,34.7386,35.3096,35.33,34.7386,1732165200000000000,60
RSPD,98306,52.91,53.45,53.5,52.91,1732165200000000000,260
RSPE,6810,27.528,27.7862,27.82,27.528,1732165200000000000,40
RSPF,9390,75.5,76.1771,76.3638,75.44,1732165200000000000,139
RSPG,28949,85.59,85.96,86.59,85.59,1732165200000000000,492
RSPH,115576,30.33,30.57,30.61,30.16,1732165200000000000,498
RSPM,21488,36.01,36.3923,36.42,35.99,1732165200000000000,136
RSPN,72002,53.43,53.87,54.05,53.18,1732165200000000000,484
RSPR,7880,37.28,37.5444,37.6305,37.1,1732165200000000000,166
RSPS,24497,30.7,30.98,31,30.6601,1732165200000000000,202
RSPT,312894,37.95,38.35,38.475,37.8,1732165200000000000,1929
RSPU,35718,69.58,70.745,70.745,69.5237,1732165200000000000,386
RSSB,56545,24.09,24.1,24.1699,23.9664,1732165200000000000,195
RSSE,70384,20.22,20.368,20.4,20.22,1732165200000000000,214
RSSL,26932,92.8,92.45,92.81,92.45,1732165200000000000,300
RSSS,121395,2.99,3.08,3.1,2.93,1732165200000000000,469
RSST,59019,23.74,23.94,24.05,23.477,1732165200000000000,240
RSSY,7890,20.27,20.17,20.28,20.0972,1732165200000000000,46
RSVR,32104,8.9,8.99,9.1,8.74,1732165200000000000,711
RSVRW,1357,1.21,1.25,1.25,1.05,1732165200000000000,12
RTAI,759,21.85,21.84,21.87,21.84,1732165200000000000,6
RTC,31628,8.93,9.18,9.25,8.9,1732165200000000000,597
RTH,1627,221.28,222.64,222.87,221.28,1732165200000000000,128
RTO,945922,25.42,25.62,25.69,25.385,1732165200000000000,11751
RTRE,281,25.21,25.21,25.21,25.21,1732165200000000000,9
RTX,4848286,119.6,120.53,120.88,118.86,1732165200000000000,49236
RULE,2568,22.94,23.1857,23.2274,22.93,1732165200000000000,14
RUM,5771668,6.09,6.42,6.66,5.91,1732165200000000000,31699
RUMBW,43030,1.86,1.88,1.95,1.6801,1732165200000000000,177
RUN,8388803,10.1,10.22,10.74,9.93,1732165200000000000,48421
RUNN,83338,34.55,34.75,34.79,34.36,1732165200000000000,426
RUSHA,386366,58.89,59.32,59.44,58.285,1732165200000000000,8271
RUSHB,10661,52.61,54.39,54.45,52.61,1732165200000000000,512
RVER,1032,29.22,29.2977,29.386,29.22,1732165200000000000,17
RVLV,1156286,34.05,34.82,35.275,33.79,1732165200000000000,18706
RVMD,864886,57.53,56.78,58.825,56.5,1732165200000000000,13808
RVMDW,931,0.3982,0.38,0.42,0.38,1732165200000000000,12
RVNC,683345,3.77,3.84,3.88,3.76,1732165200000000000,3863
RVNU,16793,25.54,25.7051,25.7312,25.54,1732165200000000000,58
RVP,43115,0.61,0.5975,0.6108,0.585,1732165200000000000,150
RVPH,351447,1.2,1.24,1.29,1.18,1732165200000000000,1512
RVPHW,14986,0.1875,0.2074,0.2201,0.1875,1732165200000000000,33
RVRB,106,31,31.2566,31.2566,31,1732165200000000000,3
RVSB,23789,5.15,5.42,5.42,5.08,1732165200000000000,427
RVSN,289304,0.43,0.4393,0.4525,0.43,1732165200000000000,726
RVSNW,106,0.04,0.04,0.04,0.04,1732165200000000000,2
RVT,309559,15.97,16.23,16.25,15.97,1732165200000000000,1615
RVTY,1374995,111.38,111.11,114.13,109.715,1732165200000000000,24058
RVYL,125178,1.29,1.07,1.29,1.04,1732165200000000000,506
RWAY,282329,10.3,10.31,10.37,10.23,1732165200000000000,4282
RWAYL,4897,24.96,24.905,25.0792,24.905,1732165200000000000,51
RWAYZ,11251,25.06,24.92,25.06,24.9,1732165200000000000,133
RWJ,120971,46.91,47.45,47.5773,46.79,1732165200000000000,730
RWK,11895,120.57,122.1862,122.4306,120.57,1732165200000000000,188
RWL,136624,101.64,102.32,102.42,101.24,1732165200000000000,1830
RWM,6799828,18.09,17.89,18.16,17.8179,1732165200000000000,5636
RWO,64844,45.36,45.47,45.65,45.19,1732165200000000000,674
RWR,719663,105.11,105.56,105.97,104.6,1732165200000000000,1885
RWT,948167,7.05,7.11,7.115,7.0146,1732165200000000000,6235
RWTpA,2053,25.79,25.6096,25.79,25.6,1732165200000000000,26
RWTN,16019,25.07,24.92,25.15,24.92,1732165200000000000,255
RWTO,7716,25.19,25.07,25.2,25.0515,1732165200000000000,51
RWX,97903,24.08,24.06,24.1159,24,1732165200000000000,872
RXD,28376,11.08,10.9749,11.23,10.9,1732165200000000000,200
RXI,7789,178.32,178.7389,178.812,178.2,1732165200000000000,108
RXL,7572,47.75,48.4382,48.4382,47.22,1732165200000000000,93
RXO,537797,27.76,27.91,28.245,27.67,1732165200000000000,10689
RXRX,12353677,6.02,5.75,6.03,5.62,1732165200000000000,55252
RXST,242399,44.94,45.05,45.8458,44.63,1732165200000000000,7853
RXT,554962,2.33,2.38,2.445,2.315,1732165200000000000,6196
RY,788218,122.46,125.09,125.13,122.21,1732165200000000000,12864
RYAAY,850721,43.75,42.88,43.815,42.85,1732165200000000000,12114
RYAM,347299,8.92,8.91,8.965,8.79,1732165200000000000,4721
RYAN,788416,71.21,71.73,71.77,69.94,1732165200000000000,15181
RYDE,205661,0.41,0.4137,0.428299,0.402701,1732165200000000000,652
RYI,131448,24.53,24.78,25.11,24.515,1732165200000000000,3839
RYLD,485998,16.45,16.53,16.545,16.4315,1732165200000000000,2173
RYLG,2393,26.9864,26.9929,27.1,26.94,1732165200000000000,37
RYN,492165,30.25,30.28,30.48,30.12,1732165200000000000,7123
RYSE,121,23.99,23.99,23.99,23.99,1732165200000000000,9
RYTM,278371,59.4,59.03,60.324,57.995,1732165200000000000,7506
RZB,16858,24.92,25.02,25.05,24.92,1732165200000000000,162
RZC,20626,26.47,26.5,26.6,26.44,1732165200000000000,249
RZG,2716,53.19,53.7635,53.9911,53.09,1732165200000000000,54
RZLT,283082,5,4.86,5.14,4.82,1732165200000000000,2537
RZLV,1362631,2,1.74,2,1.63,1732165200000000000,7156
RZLVW,31415,0.136,0.0952,0.136,0.0945,1732165200000000000,76
RZV,29529,113.33,114.8526,115.27,113.33,1732165200000000000,188
S,3100131,27.56,28.13,28.41,27.36,1732165200000000000,31280
SA,465548,14.85,15.09,15.09,14.68,1732165200000000000,6576
SAA,8062,29.51,29.5549,29.72,29.4609,1732165200000000000,79
SABA,33504,8.6445,8.7,8.7323,8.6445,1732165200000000000,124
SABR,3580677,3.59,3.67,3.72,3.53,1732165200000000000,10594
SABS,27187,3.25,3.07,3.25,2.95,1732165200000000000,243
SABSW,8532,0.085,0.0669,0.085,0.0505,1732165200000000000,39
SACC,7654,25.06,25.07,25.1,25.05,1732165200000000000,35
SACH,500595,1.7,1.59,1.76,1.58,1732165200000000000,2532
SACHpA,12545,19.85,19.72,19.85,19.2253,1732165200000000000,218
SAEF,1834,28.28,28.5806,28.64,28.28,1732165200000000000,30
SAFE,265585,20.66,20.46,20.88,20.46,1732165200000000000,4581
SAFT,54953,84,84.77,85.36,83.67,1732165200000000000,2450
SAG,92344,2.68,2.69,2.83,2.5169,1732165200000000000,687
SAGE,1485496,5.02,4.85,5.19,4.8,1732165200000000000,11114
SAGP,1864,29.97,30.1569,30.1893,29.97,1732165200000000000,25
SAH,158433,61.77,63.2,63.82,61.77,1732165200000000000,4362
SAIA,588457,537.77,549.19,560.82,537.77,1732165200000000000,16164
SAIC,535752,123.41,124.78,126.98,122.86,1732165200000000000,15343
SAIH,1085297,0.9357,1.02,1.18,0.9357,1732165200000000000,2007
SAIHW,100,0.1485,0.1485,0.1485,0.1485,1732165200000000000,1
SAJ,10980,25.12,25.02,25.15,25.02,1732165200000000000,7
SAM,124281,307.07,307.18,310.8,305.095,1732165200000000000,6055
SAMG,15117,17.8,18.29,18.29,17.74,1732165200000000000,416
SAMM,2832,28.63,28.8163,28.9,28.63,1732165200000000000,24
SAMT,6406,29.82,30.22,30.232,29.82,1732165200000000000,49
SAN,2513010,4.73,4.74,4.77,4.71,1732165200000000000,6141
SANA,1373356,2.52,2.35,2.6,2.33,1732165200000000000,8274
SAND,3785886,5.73,5.8,5.82,5.69,1732165200000000000,7851
SANG,5664,6.06,6.098,6.25,6.06,1732165200000000000,62
SANM,207425,78.05,79.52,80.01,78.05,1732165200000000000,6797
SANW,122731,4.86,5.2,5.29,4.03,1732165200000000000,1306
SAP,947160,234.54,236.03,236.65,233.26,1732165200000000000,16726
SAR,49129,25.55,25.68,25.91,25.55,1732165200000000000,846
SARK,413228,17.69,18.29,18.75,17.69,1732165200000000000,2532
SARO,1219138,28.32,28.88,29.23,28.32,1732165200000000000,11070
SASR,303296,36.8,37.17,37.74,36.68,1732165200000000000,7899
SAT,9789,24.55,24.25,24.6,24.25,1732165200000000000,98
SATL,205964,1.32,1.27,1.34,1.2,1732165200000000000,976
SATO,21041,24.33,22.8963,24.33,22.46,1732165200000000000,232
SATS,1323970,23.35,23.57,24.415,23.1988,1732165200000000000,20594
SATX,37529,0.801,0.8172,0.83,0.78171,1732165200000000000,99
SAUG,10448,24.44,24.11,24.44,24.01,1732165200000000000,60
SAVA,4650645,26.13,32.18,33.98,26.03,1732165200000000000,43515
SAWG,5,19.9003,19.9003,19.9003,19.9003,1732165200000000000,1
SAWS,41,21.2619,21.2619,21.2619,21.2619,1732165200000000000,8
SAY,2315,25.15,25.14,25.18,25.14,1732165200000000000,17
SB,878151,4.22,4.12,4.225,4.0442,1732165200000000000,5200
SBpC,190,25.51,25.51,25.51,25.51,1732165200000000000,3
SBpD,869,25.69,25.7612,25.7612,25.69,1732165200000000000,12
SBAC,688565,217.86,219.43,219.93,217.25,1732165200000000000,17287
SBB,40,13.9834,13.9834,13.9834,13.9834,1732165200000000000,10
SBBA,1573,25.38,25.3,25.38,25.3,1732165200000000000,14
SBC,84540,6.64,6.5,6.64,6.4,1732165200000000000,2817
SBCF,460625,29.42,30.01,30.3,29.28,1732165200000000000,8236
SBCWW,45222,0.2645,0.2625,0.265,0.25555,1732165200000000000,63
SBET,12194,0.621,0.64,0.68,0.62,1732165200000000000,71
SBEV,313607,0.223,0.21,0.223,0.2002,1732165200000000000,481
SBFG,16671,20.85,20.75,21.3,20.6101,1732165200000000000,285
SBFM,49926,2.18,2.12,2.2,2.1056,1732165200000000000,429
SBFMW,430,0.21,0.21,0.21,0.21,1732165200000000000,4
SBGI,245838,16.5,17.17,17.22,16.5,1732165200000000000,4568
SBH,1881225,13.17,12.97,13.19,12.88,1732165200000000000,14730
SBI,30111,8.02,8.02,8.09,8.0162,1732165200000000000,116
SBIO,15730,37.3,37.2012,37.46,36.755,1732165200000000000,147
SBIT,6943107,11.74,11.53,12.17,11.2501,1732165200000000000,22742
SBLK,2685496,19.01,18.71,19.02,18.52,1732165200000000000,25035
SBND,937,18.54,18.54,18.547,18.54,1732165200000000000,9
SBR,41166,62.16,62.68,62.98,61.6,1732165200000000000,701
SBRA,1265682,18.35,18.35,18.42,18.1601,1732165200000000000,13125
SBS,1148757,16.59,16.66,16.69,16.495,1732165200000000000,10563
SBSI,94837,35.13,34.98,35.59,34.71,1732165200000000000,2999
SBSW,4058987,4.23,4.27,4.29,4.14,1732165200000000000,10990
SBT,49590,4.83,4.79,4.85,4.77,1732165200000000000,1613
SBUX,6760622,99.5,100.06,100.33,98.49,1732165200000000000,94067
SBXD,41175,10.09,10.03,10.09,10.01,1732165200000000000,48
SBXD.WS,888,0.1504,0.15,0.1504,0.15,1732165200000000000,11
SCAP,454,37.0606,37.0765,37.0765,37.0606,1732165200000000000,11
SCC,9790,10.35,10.3,10.3501,10.26,1732165200000000000,94
SCCC,7646,24.41,24.4,24.48,24.4,1732165200000000000,48
SCCD,10283,21.5,21.42,21.55,21.2948,1732165200000000000,171
SCCE,7610,21.16,21.06,21.35,21.06,1732165200000000000,142
SCCF,21009,21.31,21.17,21.4754,20.76,1732165200000000000,370
SCCG,39252,22.23,21.62,22.249,21.35,1732165200000000000,475
SCCO,1215732,102.78,100.68,103.025,99.85,1732165200000000000,20001
SCD,19818,17.07,17.3,17.449,16.9801,1732165200000000000,122
SCDL,13,43.3243,43.3243,43.3243,43.3243,1732165200000000000,3
SCDS,2,58.2968,58.2968,58.2968,58.2968,1732165200000000000,1
SCEpG,10634,21,21.2,21.2777,21,1732165200000000000,141
SCEpH,192293,25.39,25.39,25.4,25.38,1732165200000000000,1380
SCEpJ,23815,24.7,24.75,24.93,24.63,1732165200000000000,356
SCEpK,5530,24.65,24.71,24.87,24.64,1732165200000000000,91
SCEpL,14408,20.66,20.81,20.87,20.64,1732165200000000000,175
SCEpM,18605,26.65,26.73,26.8,26.64,1732165200000000000,199
SCEpN,15650,26.33,26.23,26.43,26.19,1732165200000000000,151
SCHA,1247278,27.03,27.38,27.476,26.965,1732165200000000000,6553
SCHB,3056619,23.09,23.12,23.17,22.87,1732165200000000000,6820
SCHC,529178,35.86,35.98,36.01,35.74,1732165200000000000,2121
SCHD,11132514,28.74,28.98,29.04,28.6819,1732165200000000000,62179
SCHE,976922,27.59,27.61,27.6382,27.4899,1732165200000000000,4395
SCHF,7388562,19.16,19.2,19.23,19.08,1732165200000000000,9155
SCHG,6227902,27.57,27.45,27.6099,27.11,1732165200000000000,23551
SCHH,4080191,22.45,22.59,22.6699,22.38,1732165200000000000,7506
SCHI,765588,22.31,22.29,22.35,22.2602,1732165200000000000,1455
SCHJ,83348,24.45,24.44,24.4594,24.42,1732165200000000000,472
SCHK,356098,28.75,28.78,28.85,28.495,1732165200000000000,1595
SCHL,151645,24.82,25.3,25.33,24.49,1732165200000000000,4141
SCHM,643412,28.95,29.3,29.36,28.87,1732165200000000000,2849
SCHO,2026005,24.16,24.16,24.17,24.15,1732165200000000000,2943
SCHP,3520400,26.19,26.16,26.22,26.13,1732165200000000000,7778
SCHQ,216303,32.43,32.38,32.55,32.2808,1732165200000000000,1516
SCHR,1201895,24.46,24.43,24.4899,24.4,1732165200000000000,2553
SCHV,813123,27.3,27.58,27.65,27.26,1732165200000000000,3123
SCHW,5081846,80.59,80.8,81.695,80.22,1732165200000000000,64575
SCHWpD,28246,25.11,25.1099,25.2378,25.0514,1732165200000000000,268
SCHWpJ,24797,20.6,20.66,20.76,20.585,1732165200000000000,290
SCHX,7110969,23.52,23.54,23.61,23.315,1732165200000000000,11095
SCHY,167982,24.03,24.05,24.0899,23.9593,1732165200000000000,825
SCHZ,1106617,22.93,22.92,22.985,22.91,1732165200000000000,2900
SCI,607158,85.13,86.13,86.42,84.69,1732165200000000000,12571
SCIO,2,20.26,20.26,20.26,20.26,1732165200000000000,1
SCJ,50733,73.33,73.28,73.41,73.05,1732165200000000000,612
SCKT,31326,1.5,1.48,1.5,1.4499,1732165200000000000,243
SCL,67116,75.54,76,76.28,75.205,1732165200000000000,2606
SCLX,1391995,0.58,0.5515,0.5831,0.54505,1732165200000000000,2673
SCLZ,122,54.3,54.2399,54.3,54.2399,1732165200000000000,5
SCM,82724,13.9,13.8,13.92,13.78,1732165200000000000,1260
SCMB,131124,25.93,25.89,25.9399,25.88,1732165200000000000,674
SCNI,10477,2.94,3.02,3.1227,2.94,1732165200000000000,116
SCNX,3969,8.37,8.1,8.37,7.8,1732165200000000000,105
SCO,956297,17.59,17.59,17.925,17.575,1732165200000000000,4344
SCOR,26503,7.435,7.65,7.65,6.9601,1732165200000000000,371
SCPH,267725,3.36,3.46,3.4989,3.28,1732165200000000000,2963
SCPX,154409,0.709,0.66,0.709,0.6262,1732165200000000000,337
SCS,738666,13.07,13.04,13.24,12.94,1732165200000000000,9202
SCSC,126244,49.44,49.89,50.54,49.24,1732165200000000000,5219
SCUS,60390,25.12,25.15,25.15,25.12,1732165200000000000,286
SCVL,623435,34,33.85,35.97,33.65,1732165200000000000,13049
SCWO,337363,1.06,1.02,1.08,1,1732165200000000000,1192
SCWX,405714,8.38,8.36,8.38,8.36,1732165200000000000,1522
SCYB,308041,26.46,26.44,26.495,26.43,1732165200000000000,1414
SCYX,103305,1.16,1.19,1.21,1.1598,1732165200000000000,382
SCZ,1057853,61.95,62.05,62.2,61.85,1732165200000000000,7359
SD,390623,11.82,11.75,11.88,11.7,1732165200000000000,4689
SDA,299284,9.5,9.56,9.85,9.32,1732165200000000000,2194
SDAWW,12970,0.26,0.38,0.38,0.26,1732165200000000000,46
SDCI,8313,20.11,20.0551,20.25,20.02,1732165200000000000,66
SDCP,0,25.7941,25.7941,25.7941,25.7941,1732165200000000000,0
SDD,1024,13.78,13.8035,13.8035,13.78,1732165200000000000,36
SDEM,11709,24.22,24.205,24.25,24.15,1732165200000000000,56
SDFI,35441,35.43,35.405,35.43,35.38,1732165200000000000,13
SDG,4067,75.19,75.2,75.32,75.0003,1732165200000000000,67
SDGR,805169,19.24,20.37,20.59,18.84,1732165200000000000,14049
SDHC,65453,30.85,31.52,32.19,30.85,1732165200000000000,1987
SDHY,64598,16.53,16.57,16.59,16.53,1732165200000000000,410
SDIG,793601,5.36,4.9,5.5038,4.765,1732165200000000000,4978
SDIV,187728,21.62,21.66,21.66,21.55,1732165200000000000,1820
SDOG,30744,59.52,60.15,60.1904,59.35,1732165200000000000,391
SDOT,36290,3.81,3.53,3.81,3.4,1732165200000000000,393
SDOW,5753930,48.1,47.1,48.86,46.555,1732165200000000000,32945
SDP,29054,15.11,14.74,15.11,14.68,1732165200000000000,164
SDRL,1255513,41.28,40.31,41.52,40.27,1732165200000000000,12231
SDS,16908026,19.55,19.53,19.9401,19.43,1732165200000000000,15543
SDSI,3916,51.035,51.075,51.1,51.035,1732165200000000000,33
SDST,13994,6.96,7.04,7.4999,6.91,1732165200000000000,235
SDSTW,2151,0.22,0.23,0.23,0.22,1732165200000000000,7
SDVD,111734,23.12,23.29,23.35,23,1732165200000000000,617
SDVY,1736299,38.48,38.91,39.02,38.335,1732165200000000000,6377
SDY,156033,139.9,141.28,141.36,139.46,1732165200000000000,2833
SE,5085389,113.85,116.33,117.85,111.7001,1732165200000000000,48843
SEA,25942,16.1699,16.132,16.2,16.09,1732165200000000000,217
SEALpA,2706,25.6078,25.6001,25.7599,25.6001,1732165200000000000,21
SEALpB,3052,25.5342,25.54,25.58,25.51,1732165200000000000,42
SEAT,1361848,3.67,3.61,3.686,3.53,1732165200000000000,10007
SEB,2015,2678.9,2672.73,2682.18,2640.57,1732165200000000000,911
SECR,4912,25.79,25.79,25.81,25.77,1732165200000000000,49
SECT,61380,55.64,55.81,55.9589,55.05,1732165200000000000,163
SEDG,3254776,10.845,10.73,11.2434,10.5391,1732165200000000000,25251
SEE,1328384,34.85,35.53,35.54,34.68,1732165200000000000,17822
SEED,9865,2.4,2.46,2.4819,2.301,1732165200000000000,91
SEEM,12800,23.85,23.755,23.91,23.7,1732165200000000000,57
SEER,186478,2.3,2.38,2.429,2.3,1732165200000000000,1779
SEF,24575,34.551,34.5757,34.58,34.4401,1732165200000000000,106
SEG,125365,30.27,31.19,31.63,30.02,1732165200000000000,2563
SEI,760219,20.47,21.75,22.11,20.3201,1732165200000000000,9165
SEIC,465076,79.79,80.16,80.62,79.5,1732165200000000000,12690
SEIE,27053,23.91,23.9437,23.99,23.85,1732165200000000000,80
SEIM,40699,39.7258,39.86,39.922323,39.3955,1732165200000000000,107
SEIQ,9971,35.58,35.7602,35.8,35.47,1732165200000000000,47
SEIS,13486,26.9201,27.3132,27.39,26.9201,1732165200000000000,101
SEIV,20932,34.16,34.4542,34.52,34.16,1732165200000000000,43
SEIX,143002,23.92,23.91,23.92,23.89,1732165200000000000,837
SELF,23970,5.35,5.3099,5.3699,5.23,1732165200000000000,275
SELV,3232,30.06,30.29,30.33,30.06,1732165200000000000,18
SELX,23402,1.49,1.47,1.62,1.19,1732165200000000000,391
SEM,975715,37.98,39.07,39.24,37.6035,1732165200000000000,14971
SEMw,4635,20.67,21.9,21.9,20.67,1732165200000000000,44
SEMI,10272,25.02,25.1628,25.3,24.84,1732165200000000000,88
SEMR,426753,14.33,14.76,15.1,14.06,1732165200000000000,8459
SENEA,25351,70.56,71.97,72.88,70.52,1732165200000000000,1276
SENEB,696,71.26,71.26,71.26,71.26,1732165200000000000,36
SENS,4535458,0.31,0.3227,0.329,0.31,1732165200000000000,6179
SEPM,910,29.74,29.75,29.7772,29.7174,1732165200000000000,13
SEPN,153746,22.76,21.79,23.295,21.665,1732165200000000000,2456
SEPP,0,26.8752,26.8752,26.8752,26.8752,1732165200000000000,0
SEPT,11065,30.59,30.6882,30.69,30.5803,1732165200000000000,42
SEPU,100,26.11,26.0708,26.11,26.0708,1732165200000000000,1
SEPW,20526,28.92,28.84,28.93,28.65,1732165200000000000,50
SEPZ,563,39.7,39.9217,39.99,39.7,1732165200000000000,4
SER,20794,5.47,4.9,5.65,4.9,1732165200000000000,1390
SERA,59953,6.08,6.11,6.32,5.9,1732165200000000000,1717
SERV,3380898,8.78,8.46,8.94,8.44,1732165200000000000,18483
SES,3009713,0.3049,0.3,0.3198,0.2925,1732165200000000000,5406
SETH,103257,15.9891,15.82,16.49,15.64,1732165200000000000,291
SETM,11685,17.5624,17.91,18.05,17.5624,1732165200000000000,58
SEVN,32873,12.99,13,13.08,12.89,1732165200000000000,538
SEZL,165922,402.28,446.05,461.15,402.27,1732165200000000000,8306
SF,417035,113.41,115.01,115.375,113.41,1732165200000000000,8518
SFpB,5857,24.8,25,25.07,24.6729,1732165200000000000,45
SFpC,10635,24.6,24.82,24.83,24.6,1732165200000000000,121
SFpD,15823,19.61,19.71,19.9121,19.55,1732165200000000000,133
SFB,9779,21.9,22.08,22.1195,21.89,1732165200000000000,144
SFBC,2627,52.81,54,54,52.78,1732165200000000000,104
SFBS,198307,93.63,93.25,95.54,92.815,1732165200000000000,5374
SFEB,3188,22.44,22.1242,22.44,21.96,1732165200000000000,15
SFHG,275665,12.33,13.1,13.3,12.19,1732165200000000000,3826
SFIX,1913881,3.88,4.2,4.24,3.88,1732165200000000000,9542
SFL,1010347,10.75,10.89,10.94,10.71,1732165200000000000,8045
SFLO,17982,27.63,27.69,27.76,27.37,1732165200000000000,97
SFLR,115050,32.97,32.96,33.14,32.6882,1732165200000000000,381
SFM,1456633,143.52,145.89,146.57,142.956,1732165200000000000,23981
SFNC,686103,24.25,24.2,24.59,24.15,1732165200000000000,10558
SFST,16264,43.11,43.28,43.85,43.11,1732165200000000000,685
SFWL,24105,1.22,1.16,1.23,1.15,1732165200000000000,200
SFY,45508,111.12,110.99,111.36,109.48,1732165200000000000,1199
SFYF,6981,42.21,41.86,42.21,41.5785,1732165200000000000,208
SFYX,18177,15.12,15.3393,15.36,15.12,1732165200000000000,289
SG,3740815,38.31,41.25,41.29,37.14,1732165200000000000,34169
SGA,16724,12.25,12.62,12.77,12.23,1732165200000000000,368
SGBX,64160,0.5273,0.513,0.538,0.512,1732165200000000000,261
SGC,41656,16.36,16.46,16.63,16.22,1732165200000000000,1328
SGD,64222,1.82,1.79,1.97,1.75,1732165200000000000,586
SGDJ,25761,37.65,37.9213,37.9355,37.32,1732165200000000000,317
SGDM,18209,29.9,30.06,30.1699,29.7748,1732165200000000000,195
SGHC,440364,5.95,5.93,6,5.89,1732165200000000000,4353
SGHT,115858,3.76,3.76,3.805,3.72,1732165200000000000,1705
SGLC,2621,36.18,36.3012,36.331,36.18,1732165200000000000,76
SGLY,27295,1.59,1.5,1.6,1.41,1732165200000000000,252
SGMA,28292,2.59,2.75,2.79,2.59,1732165200000000000,219
SGML,647303,14.08,14.65,14.71,13.89,1732165200000000000,8583
SGMO,3300531,1.95,1.96,2.03,1.89,1732165200000000000,12487
SGMT,502833,4.46,4.5,4.76,4.27,1732165200000000000,3204
SGN,16143,6.98,6.3,6.98,6.05,1732165200000000000,1205
SGOL,3713969,25.46,25.51,25.52,25.4025,1732165200000000000,4337
SGOV,4410667,100.57,100.56,100.57,100.56,1732165200000000000,20502
SGRP,54771,2.21,2.25,2.3,2.18,1732165200000000000,410
SGRY,948575,22.31,23.35,23.44,21.975,1732165200000000000,12898
SGU,15102,12.2,12.48,12.55,12.115,1732165200000000000,159
SH,5990104,42.37,42.35,42.79,42.24,1732165200000000000,9483
SHAG,1796,47.38,47.35,47.38,47.34,1732165200000000000,25
SHAK,875634,119.58,122.45,122.73,117.46,1732165200000000000,17408
SHBI,53482,16.17,16.17,16.425,16.08,1732165200000000000,1683
SHC,3113649,13.06,12.41,13.12,12.3075,1732165200000000000,21453
SHCO,69035,4.73,5.06,5.08,4.73,1732165200000000000,1034
SHDG,6632,29.54,29.6292,29.7,29.54,1732165200000000000,30
SHE,3031,118.74,119.47,119.47,118.74,1732165200000000000,218
SHEH,32841,50.44,50.7916,50.7916,50.44,1732165200000000000,217
SHEL,3951162,65.98,66.27,66.385,65.8479,1732165200000000000,41080
SHEN,260120,12.43,12.59,12.685,12.01,1732165200000000000,5362
SHFS,1354433,0.31,0.403,0.49,0.3009,1732165200000000000,2043
SHFSW,1200,0.0373,0.0348,0.0376,0.0346,1732165200000000000,7
SHG,59319,39.86,39.66,39.86,39.61,1732165200000000000,1521
SHIM,25825,2.1,2.1,2.17,2.02,1732165200000000000,233
SHIP,423054,8.5,8.32,8.55,8.16,1732165200000000000,4668
SHLD,264395,39.25,39.41,39.6,39.09,1732165200000000000,1758
SHLS,3806539,4.41,4.4,4.595,4.34,1732165200000000000,23573
SHLT,175,2.6988,2.6988,2.6988,2.6988,1732165200000000000,12
SHM,257828,47.7,47.72,47.75,47.68,1732165200000000000,727
SHMD,24076,2.39,2.54,2.6,2.25,1732165200000000000,290
SHMDW,9426,0.23,0.25,0.25,0.23,1732165200000000000,28
SHNY,44154,45.21,45.36,45.4355,44.84,1732165200000000000,585
SHO,2381454,10.07,10.18,10.37,10.025,1732165200000000000,11753
SHOpH,3639,22.64,22.28,22.64,22.28,1732165200000000000,40
SHOpI,1948,21.11,21.3686,21.3686,21.03,1732165200000000000,25
SHOC,40070,46.25,46.14,46.3,44.98,1732165200000000000,819
SHOO,535315,41.87,42.82,42.95,41.43,1732165200000000000,10036
SHOP,10624691,103.74,106.48,108.21,103.26,1732165200000000000,110508
SHOT,799116,0.8655,0.8748,0.9,0.86,1732165200000000000,1631
SHOTW,3220,0.11,0.16,0.16,0.1001,1732165200000000000,14
SHPH,56588,0.9,0.882,0.9,0.84,1732165200000000000,235
SHPP,6,27.7847,27.7847,27.7847,27.7847,1732165200000000000,6
SHRT,266,7.56,7.5651,7.5651,7.56,1732165200000000000,8
SHRY,1725,42.1,42.4259,42.5398,42.1,1732165200000000000,10
SHUS,102,44.29,44.29,44.29,44.29,1732165200000000000,3
SHV,5298081,110.38,110.37,110.38,110.36,1732165200000000000,31301
SHW,2588483,373.09,383.32,383.42,369.485,1732165200000000000,36639
SHY,2565852,82.05,82.02,82.09,82,1732165200000000000,7204
SHYD,119364,22.73,22.74,22.7599,22.58,1732165200000000000,219
SHYF,223761,13.19,13.28,13.5,12.85,1732165200000000000,4036
SHYG,3300494,43.09,43.05,43.145,43.03,1732165200000000000,6413
SHYL,26234,45.34,45.2853,45.34,45.17,1732165200000000000,257
SIBN,284663,12.16,12.29,12.3699,11.7,1732165200000000000,6609
SID,2363767,1.96,1.96,1.975,1.94,1732165200000000000,4928
SIDU,632940,1.23,1.3,1.31,1.22,1732165200000000000,2415
SIEB,14939,2.69,2.75,2.79,2.68,1732165200000000000,162
SIF,12626,3.7005,3.88,3.9599,3.7005,1732165200000000000,85
SIFI,14,43.75,43.75,43.75,43.75,1732165200000000000,3
SIFY,221412,3.02,3.35,3.4,3.01,1732165200000000000,1305
SIG,929115,97.67,100.17,100.25,96.56,1732165200000000000,18235
SIGA,324440,6.26,6.27,6.44,6.2,1732165200000000000,4141
SIGI,369957,96.17,96.38,96.96,95.58,1732165200000000000,9877
SIGIP,11633,18.7,18.88,18.9,18.6955,1732165200000000000,97
SIHY,23155,46.38,46.1839,46.3999,46,1732165200000000000,97
SII,57533,43.99,44.01,44.55,43.96,1732165200000000000,1154
SIJ,2893,7.55,7.5148,7.569,7.48,1732165200000000000,37
SIL,699813,36.28,36.29,36.46,35.88,1732165200000000000,4734
SILA,296589,25.4,25.59,25.83,25.2001,1732165200000000000,5227
SILC,5369,14.54,14.53,14.87,14.49,1732165200000000000,104
SILJ,1945718,12.07,12.1,12.1695,11.9111,1732165200000000000,4260
SILO,101938,0.93,0.91,0.95,0.91,1732165200000000000,284
SILV,1243590,10.33,10.42,10.47,10.105,1732165200000000000,11614
SIM,779,26.095,27.1999,27.1999,25.7849,1732165200000000000,29
SIMA,38112,10,10,10.01,9.99,1732165200000000000,75
SIMAW,6593,0.084,0.09,0.09,0.0826,1732165200000000000,35
SIMO,448484,53.79,54.8,55.2,53.175,1732165200000000000,7413
SIMS,335,36.42,36.3496,36.42,36.3496,1732165200000000000,18
SINT,720194,3.99,4.3,4.3,3.75,1732165200000000000,5129
SIO,72303,25.83,25.835,25.8499,25.83,1732165200000000000,63
SIRI,4630707,25.13,25.77,26.04,24.64,1732165200000000000,47719
SISI,78718,2.402,2.61,2.64,2.4,1732165200000000000,776
SITC,585321,16.11,16.16,16.3391,16.035,1732165200000000000,7751
SITCpA,4783,25.14,25.18,25.18,25.14,1732165200000000000,86
SITE,278422,140.08,143.14,144.14,139.13,1732165200000000000,8683
SITM,174563,213.03,210.5,215.52,206.97,1732165200000000000,8001
SIVR,520947,29.63,29.4,29.64,29.2599,1732165200000000000,2350
SIXA,2274,45.45,45.75,45.82,45.45,1732165200000000000,28
SIXD,5831,26.82,26.7753,28.16,26.75,1732165200000000000,21
SIXF,9204,28.1087,28.1454,28.1454,28.1087,1732165200000000000,30
SIXG,33237,45.14,45.6985,45.91,45.02,1732165200000000000,440
SIXH,1912,37.54,37.5842,37.63,37.54,1732165200000000000,30
SIXJ,29829,29.96,30.03,30.035,29.92,1732165200000000000,61
SIXL,481,38.61,38.6957,38.6957,38.61,1732165200000000000,5
SIXO,28105,32.3,32.36,32.43,32.24,1732165200000000000,108
SIXP,15746,27.681,27.7948,27.7948,27.681,1732165200000000000,71
SIXS,1141,51.39,51.3622,51.39,51.3622,1732165200000000000,6
SIXZ,594,27.6099,27.5852,27.6099,27.5852,1732165200000000000,7
SIZE,2195,154.81,156.06,156.1409,154.81,1732165200000000000,48
SJ,8365,0.94,0.97,0.97,0.91,1732165200000000000,53
SJB,381244,16.3,16.36,16.36,16.3,1732165200000000000,773
SJCP,0,25.0314,25.0314,25.0314,25.0314,1732165200000000000,0
SJLD,1109,25.19,25.1478,25.19,25.1478,1732165200000000000,14
SJM,1050199,112.06,113.89,113.95,110.85,1732165200000000000,18569
SJNK,1786151,25.54,25.53,25.5737,25.53,1732165200000000000,3711
SJT,337867,3.89,4.04,4.0628,3.87,1732165200000000000,1617
SJW,259086,55.14,55.35,55.58,54.665,1732165200000000000,4827
SKE,190957,8.71,9,9,8.63,1732165200000000000,2789
SKF,28858,33.7361,33.1172,33.8599,32.91,1732165200000000000,161
SKGR,53917,11.5,11.5,11.51,11.5,1732165200000000000,133
SKGRW,17010,0.35,0.32,0.35,0.28,1732165200000000000,94
SKIL,21198,14.49,14.41,14.9749,13.9599,1732165200000000000,690
SKIN,757363,1.5,1.39,1.5,1.36,1732165200000000000,3773
SKK,40473245,7.01,1.1,11.45,0.77,1732165200000000000,163869
SKLZ,121705,5.01,5.29,5.39,5.01,1732165200000000000,1737
SKM,234860,22.62,22.66,22.67,22.51,1732165200000000000,3692
SKOR,26247,48.045,47.9898,48.08,47.9701,1732165200000000000,145
SKRE,11287,11.88,11.77,11.88,11.53,1732165200000000000,127
SKT,579459,36.63,36.67,36.81,36.35,1732165200000000000,10017
SKWD,191593,51.68,52.12,52.73,51.68,1732165200000000000,5393
SKX,1320985,59.67,61.01,61.11,59.4,1732165200000000000,21949
SKY,591019,98.45,100.08,102.095,98.26,1732165200000000000,8667
SKYE,100875,4.31,4.17,4.49,4.1598,1732165200000000000,996
SKYH,42746,11.29,11.41,11.58,11.15,1732165200000000000,974
SKYH.WS,1500,2.23,2.415,2.415,2.22,1732165200000000000,12
SKYQ,224466,1.13,1.18,1.24,1.1201,1732165200000000000,684
SKYT,293698,8.48,8.67,8.71,8.348,1732165200000000000,4063
SKYU,4497,36.47,37.52,37.87,36.31,1732165200000000000,81
SKYW,236454,109.86,109.56,110.73,108.86,1732165200000000000,7578
SKYX,215126,0.9678,0.9762,0.9999,0.9281,1732165200000000000,990
SKYY,195504,119.44,120.94,121.67,119.03,1732165200000000000,3080
SLAB,195575,102.74,103.44,104.29,101.48,1732165200000000000,6804
SLB,11529016,43.85,44.06,44.55,43.64,1732165200000000000,88656
SLDB,458404,5.02,5.23,5.38,4.94,1732165200000000000,4689
SLDP,1644245,1.04,1.07,1.1,1.03,1732165200000000000,4059
SLDPW,26009,0.091,0.1051,0.1098,0.091,1732165200000000000,49
SLDR,100,49.91,49.9428,49.9428,49.91,1732165200000000000,1
SLE,251644,0.5854,0.609,0.65,0.57,1732165200000000000,529
SLF,272057,60.61,61.37,61.625,60.47,1732165200000000000,4892
SLG,580695,78.08,79.15,80.065,78.08,1732165200000000000,10890
SLGpI,42753,23.54,23.74,23.85,23.54,1732165200000000000,303
SLGL,70012,0.4255,0.4751,0.517,0.4255,1732165200000000000,184
SLGN,690914,54.77,55.6,55.91,54.31,1732165200000000000,12259
SLI,1089213,1.65,1.66,1.745,1.64,1732165200000000000,4396
SLM,2189662,24.13,24.86,25.095,24.13,1732165200000000000,23648
SLMBP,110929,74.35,74.83,75.04,74.32,1732165200000000000,279
SLN,1124253,6.87,7.68,7.79,6.43,1732165200000000000,8934
SLND,54440,2.99,3.07,3.1,2.96,1732165200000000000,656
SLND.WS,17762,0.4,0.1775,0.4,0.1576,1732165200000000000,201
SLNG,31220,4.95,4.59,4.95,4.4,1732165200000000000,312
SLNH,253307,3.66,3.51,3.8371,3.38,1732165200000000000,1469
SLNHP,8430,11.59,11.99,12.4303,11.2,1732165200000000000,436
SLNO,333890,55,54.63,55.97,53.4,1732165200000000000,7729
SLNZ,18164,47.56,47.4198,47.56,46.57,1732165200000000000,50
SLP,379707,27.76,30.04,30.09,27.76,1732165200000000000,6552
SLQD,174336,49.88,49.8,49.88,49.8,1732165200000000000,841
SLQT,813353,2.59,2.61,2.72,2.555,1732165200000000000,4216
SLRC,162566,16.43,16.32,16.43,16.32,1732165200000000000,2689
SLRN,338045,4.26,4.33,4.51,4.24,1732165200000000000,3185
SLRX,35480,1.45,1.46,1.48,1.4,1732165200000000000,176
SLS,801936,1.25,1.22,1.255,1.16,1732165200000000000,2071
SLSR,139678,3.06,3.01,3.16,2.99,1732165200000000000,842
SLV,11030532,28.27,28.04,28.3,27.92,1732165200000000000,24559
SLVM,158855,87.86,88.7,89.3,87.4641,1732165200000000000,5165
SLVO,21027,78.3,77.84,78.7602,77.6819,1732165200000000000,452
SLVP,84974,13.22,13.18,13.25,13.0454,1732165200000000000,444
SLX,2488,69.6949,70.43,70.72,69.6949,1732165200000000000,107
SLXN,5979534,0.27,0.3204,0.33,0.24,1732165200000000000,13038
SLXNW,11239,0.0253,0.0252,0.048,0.0251,1732165200000000000,30
SLYG,111777,96.53,97.43,97.8778,96.2672,1732165200000000000,1696
SLYV,237975,90.52,91.53,91.88,90.37,1732165200000000000,1964
SM,1060440,45.47,45.46,46.09,45.2,1732165200000000000,15732
SMAP,260,25.5338,25.9492,25.9492,25.5338,1732165200000000000,4
SMAR,3437357,55.96,55.87,56.01,55.85,1732165200000000000,18037
SMAX,16086,25.17,25.15,25.18,25.12,1732165200000000000,48
SMAY,3384,25.3,25.3949,25.42,25.3,1732165200000000000,24
SMB,78823,17.17,17.17,17.1762,17.16,1732165200000000000,201
SMBC,25073,65,65.26,66.49,64.35,1732165200000000000,1774
SMBK,42014,35.75,36.05,36.53,35.75,1732165200000000000,1720
SMBS,11707,25.1,25.108,25.14,25.08,1732165200000000000,145
SMC,83099,35.75,36,36.53,35.75,1732165200000000000,2094
SMCF,333,33.91,33.92,33.98,33.91,1732165200000000000,8
SMCI,118032643,27.68,29.7,30.5,26.51,1732165200000000000,616302
SMCO,4667,26.6183,26.7677,26.82,26.6183,1732165200000000000,10
SMCP,1398,34.78,34.6561,34.78,34.64,1732165200000000000,10
SMCX,3787426,39.15,44.46,46.535,36,1732165200000000000,35146
SMCY,204259,26.3,27.01,27.57,25.2893,1732165200000000000,2618
SMDD,39868,8.05,7.81,8.11,7.7499,1732165200000000000,227
SMDV,24042,73,73.7,73.9192,72.8908,1732165200000000000,301
SMFG,654610,14.03,14.06,14.12,14.01,1732165200000000000,5657
SMG,892621,75.3,76.48,76.99,74.28,1732165200000000000,15371
SMH,8825388,245.52,246.1,248.1899,239.6,1732165200000000000,122348
SMHB,52011,5.6,5.58,5.62,5.49,1732165200000000000,269
SMHI,221129,6.5,6.86,6.87,6.48,1732165200000000000,2948
SMHX,60877,27.38,27.49,27.6625,26.9221,1732165200000000000,336
SMI,1,46.4647,46.4647,46.4647,46.4647,1732165200000000000,1
SMID,21432,42.04,44.98,44.98,41.671,1732165200000000000,2992
SMIG,129255,31.02,31.29,31.335,30.805,1732165200000000000,397
SMIN,368206,79.55,79.56,79.855,79.0801,1732165200000000000,3742
SMIZ,43371,35.24,35.78,35.83,35.24,1732165200000000000,88
SMLF,78425,71.11,71.68,72.0572,70.8527,1732165200000000000,583
SMLL,138,22.4195,22.4195,22.4195,22.4195,1732165200000000000,3
SMLR,3305591,76,66.43,76.98,61.63,1732165200000000000,52809
SMLV,13431,135.56,136.942,137.4024,135.56,1732165200000000000,70
SMMD,563690,71.01,71.87,72.0298,70.8094,1732165200000000000,824
SMMT,2025302,18.74,18.42,19.14,18.03,1732165200000000000,23313
SMMU,66638,50.06,50,50.1,49.97,1732165200000000000,208
SMMV,33642,43.13,43.55,43.6099,43.05,1732165200000000000,266
SMN,5735,13.89,13.7302,13.9,13.72,1732165200000000000,115
SMOG,3049,99.99,100.1604,100.64,99.61,1732165200000000000,66
SMOT,34873,36,36.37,36.41,35.84,1732165200000000000,245
SMP,118042,31.7,32.17,32.26,31.52,1732165200000000000,3269
SMPL,1582631,39.12,39.11,39.26,38.4524,1732165200000000000,16938
SMR,11882033,25.8,27.67,28.74,24.54,1732165200000000000,113356
SMR.WS,947993,14,16.44,17.150315,13.07,1732165200000000000,14810
SMRI,162292,33.05,33.3101,33.4,33.05,1732165200000000000,15
SMRT,1237909,1.51,1.57,1.57,1.47,1732165200000000000,5617
SMSI,94202,0.7789,0.7602,0.7805,0.735,1732165200000000000,454
SMST,71452262,3.6,6.4,6.915,3.47,1732165200000000000,111081
SMTC,1219676,49.37,50.9,52.25,49.37,1732165200000000000,24833
SMTH,1055980,25.69,25.67,25.73,25.63,1732165200000000000,1389
SMTI,20024,37.91,37.32,37.91,36.9,1732165200000000000,932
SMTK,9081,3.03,3.1,3.1,2.92,1732165200000000000,443
SMWB,810061,12.28,12.5,12.72,12.21,1732165200000000000,7357
SMX,1587367,0.2534,0.2562,0.2562,0.2376,1732165200000000000,2079
SMXT,44704,1.02,1.06,1.07,0.9718,1732165200000000000,374
SMXWW,18163,0.0149,0.0136,0.0149,0.009987,1732165200000000000,46
SN,2182057,94.66,100.44,100.67,92.37,1732165200000000000,29137
SNA,354688,356.05,361.4,361.78,356.05,1732165200000000000,10017
SNAL,24152,0.9367,0.9384,0.94095,0.8802,1732165200000000000,175
SNAP,21430697,10.56,10.63,10.695,10.4,1732165200000000000,57050
SNAV,4653,31.67,31.6699,31.74,31.6699,1732165200000000000,69
SNAX,38035,0.91,0.93,0.96,0.880201,1732165200000000000,176
SNAXW,1000,0.0079,0.0079,0.0079,0.0079,1732165200000000000,1
SNBR,367715,11.86,12.35,12.54,11.42,1732165200000000000,7089
SNCR,43121,9.42,8.93,9.4499,8.8998,1732165200000000000,1154
SNCRL,16552,24.839,24.9,25,24.6901,1732165200000000000,151
SNCY,410159,13.96,13.91,14.115,13.805,1732165200000000000,8830
SND,101627,2.3,2.32,2.33,2.3,1732165200000000000,984
SNDA,103933,24.07,24.5,25.07,23.63,1732165200000000000,2439
SNDL,3025295,1.95,1.98,2.06,1.94,1732165200000000000,8331
SNDR,504520,31.23,31.41,31.8,30.98,1732165200000000000,10702
SNDX,4631284,16.06,15.6,16.27,15,1732165200000000000,30019
SNES,13864,2.21,2.264,2.264,2.1,1732165200000000000,154
SNEX,182594,102.85,102.42,104.2,101.725,1732165200000000000,6683
SNFCA,94275,11.9505,12.62,12.72,11.86,1732165200000000000,1032
SNGX,11135,3.51,3.36,3.51,3.36,1732165200000000000,214
SNN,664873,25.14,25.04,25.17,24.93,1732165200000000000,5855
SNOA,347448,2.86,2.91,3.07,2.7,1732165200000000000,2762
SNOV,60047,23.51,23.65,23.67,23.46,1732165200000000000,246
SNOW,55121595,161.26,171.35,174.6484,161.16,1732165200000000000,582767
SNOY,63415,21.09,22,22.42,20.9099,1732165200000000000,1014
SNPD,9,27.4985,27.4985,27.4985,27.4985,1732165200000000000,4
SNPE,163394,54.32,54.33,54.45,53.72,1732165200000000000,924
SNPG,480,45.1162,45.1162,45.1162,45.1162,1732165200000000000,36
SNPS,864811,549.06,557.94,560.55,543.54,1732165200000000000,27902
SNPV,35,33.1701,33.1701,33.1701,33.1701,1732165200000000000,11
SNPX,3256,2.6,2.565,2.6,2.56,1732165200000000000,48
SNRE,4276788,46.59,46.65,47.26,46.1601,1732165200000000000,34820
SNSE,193789,0.4912,0.484,0.509,0.4689,1732165200000000000,348
SNSR,21108,35,35.36,35.431,34.88,1732165200000000000,169
SNT,77918,2.9,2.96,3.0395,2.89,1732165200000000000,550
SNTG,3296,1.95,1.985,1.985,1.932,1732165200000000000,46
SNTI,7290,2.14,2.12,2.2348,2.1,1732165200000000000,96
SNV,838535,55.32,56.02,56.61,55.24,1732165200000000000,15125
SNVpD,17922,25.36,25.44,25.46,25.31,1732165200000000000,194
SNVpE,59069,26.32,26.35,26.41,26.2317,1732165200000000000,306
SNX,446076,116.69,116.57,117.33,116.03,1732165200000000000,12920
SNY,1829999,47.64,47.98,48.04,47.56,1732165200000000000,16667
SNYR,22906,6.1,6.02,7.03,6,1732165200000000000,252
SO,5635644,87.85,88.14,88.41,87.37,1732165200000000000,48573
SOAR,6687816,0.3431,0.31,0.35,0.2877,1732165200000000000,12585
SOBO,550641,26.94,26.66,27.13,26.53,1732165200000000000,6921
SOBR,23059,4.05,3.96,4.0999,3.934,1732165200000000000,240
SOC,1327956,22.21,23.02,23.265,21.59,1732165200000000000,12692
SOCL,3449,41.74,41.67,41.9,41.24,1732165200000000000,91
SOFI,60802783,14.86,15.01,15.55,14.67,1732165200000000000,196368
SOFR,2308,100.45,100.4551,100.4551,100.45,1732165200000000000,48
SOGP,6448,1.68,1.69,1.7,1.66,1732165200000000000,61
SOHO,74164,0.97,1.01,1.01,0.97,1732165200000000000,148
SOHOB,550,17.71,17.97,17.97,17.71,1732165200000000000,9
SOHON,2376,17.8,18.1,18.1,17.8,1732165200000000000,22
SOHU,80181,12.42,12.17,12.435,12.09,1732165200000000000,1553
SOJC,15178,23.85,23.9,24.12,23.85,1732165200000000000,222
SOJD,68411,21.74,21.91,21.93,21.74,1732165200000000000,527
SOJE,47865,19.8,19.81,19.9328,19.76,1732165200000000000,392
SOL,148720,1.9,1.82,1.9,1.8,1732165200000000000,1046
SOLR,681,26.41,26.4188,26.4188,26.41,1732165200000000000,9
SOLV,799914,68.19,69.63,69.93,68.19,1732165200000000000,16778
SON,857338,49.67,50.15,50.21,49.47,1732165200000000000,10807
SOND,57451,3.69,3.68,3.9,3.6,1732165200000000000,495
SONDW,31241,0.0086,0.0111,0.0111,0.0086,1732165200000000000,69
SONM,15756,3.145,3.295,3.42,3.0291,1732165200000000000,172
SONN,63469,2.88,2.89,3.08,2.88,1732165200000000000,439
SONO,2158170,12.86,13.5,13.55,12.74,1732165200000000000,22477
SONY,1707766,19.08,19.07,19.15,18.965,1732165200000000000,16476
SOPA,21165,0.93,0.9449,0.95495,0.93,1732165200000000000,120
SOPH,18801,3.16,3.13,3.19,3.13,1732165200000000000,209
SOR,3397,44.55,44.4431,44.55,43.9287,1732165200000000000,38
SOS,88279,8.05,8.32,8.5499,7.5,1732165200000000000,1460
SOTK,2138,4.46,4.4899,4.54,4.4515,1732165200000000000,46
SOUN,71597524,6.59,6.98,7.28,6.38,1732165200000000000,178536
SOUNW,73142,2.32,2.32,2.44,2.21,1732165200000000000,430
SOVF,2772,32.15,32.27,32.3099,31.69,1732165200000000000,31
SOWG,373328,3.6,3.98,4.01,3.595,1732165200000000000,2492
SOXL,106013212,28.05,28.49,28.92,26.47,1732165200000000000,565121
SOXM,4223,21.23,21.42,21.6204,20.52,1732165200000000000,74
SOXQ,334854,38.94,39.12,39.3,38.18,1732165200000000000,3176
SOXS,43589029,23.77,23.43,25.25,23.03,1732165200000000000,159336
SOXW,3344,20.41,20.675,20.71,20.25,1732165200000000000,18
SOXX,4245358,215.05,216.08,217.26,210.895,1732165200000000000,53995
SOYB,49474,21.3,21.02,21.3,20.94,1732165200000000000,379
SPAB,2196077,25.26,25.23,25.2986,25.21,1732165200000000000,3390
SPAI,43341916,6.1767,4.47,6.4999,4.1,1732165200000000000,359899
SPAM,407,29.9,30.1195,30.1349,29.9,1732165200000000000,9
SPAQ,60,100.3888,100.3888,100.3888,100.3888,1732165200000000000,5
SPAX,359,20.29,20.2697,20.32,20.2697,1732165200000000000,17
SPB,465072,89.07,90.26,90.43,88.35,1732165200000000000,9158
SPBC,7664,39.42,39.5654,39.635,39.3343,1732165200000000000,85
SPBO,495601,29.02,28.99,29.07,28.955,1732165200000000000,1401
SPC,35057,21.71,21.71,21.72,21.68,1732165200000000000,78
SPCB,30464,3.47,3.52,3.53,3.38,1732165200000000000,1654
SPCE,1340231,6.75,6.72,6.88,6.57,1732165200000000000,12130
SPCX,2677,23.6,23.585,23.605,23.52,1732165200000000000,16
SPCZ,0,26.759,26.759,26.759,26.759,1732165200000000000,0
SPD,3252,34.27,34.3,34.43,34.0088,1732165200000000000,97
SPDG,136,38.2962,38.2962,38.2962,38.2962,1732165200000000000,15
SPDN,16908752,10.95,10.95,11.0599,10.91,1732165200000000000,6281
SPDV,2021,34.24,34.5952,34.5952,34.24,1732165200000000000,64
SPDW,4203090,35.03,35.15,35.185,34.925,1732165200000000000,10124
SPE,70626,14.68,14.79,14.85,14.65,1732165200000000000,267
SPEM,1363717,39.23,39.31,39.32,39.11,1732165200000000000,6100
SPEU,77797,40.16,40.25,40.279,40.05,1732165200000000000,377
SPFF,42156,9.61,9.67,9.685,9.61,1732165200000000000,246
SPFI,31535,38.29,38.32,38.89,38,1732165200000000000,1202
SPG,883830,180.97,181.8,182.76,180.2858,1732165200000000000,18879
SPGpJ,659,62.31,61.98,62.31,61.98,1732165200000000000,18
SPGC,11668,1.55,1.61,1.643313,1.55,1732165200000000000,174
SPGI,1159515,508.01,511.37,513.56,504.32,1732165200000000000,28890
SPGM,92772,64.71,64.85,64.9225,64.32,1732165200000000000,996
SPGP,162435,109.76,110.42,110.76,109.4083,1732165200000000000,1604
SPH,168842,17.72,18.15,18.15,17.6001,1732165200000000000,1606
SPHB,141376,90.4,91.61,91.88,89.98,1732165200000000000,2108
SPHD,461217,50.31,50.87,50.9,50.17,1732165200000000000,6678
SPHL,59475,4.36,4.8,4.94,4.36,1732165200000000000,496
SPHQ,875446,67.44,67.95,68.101,67.1,1732165200000000000,7738
SPHR,593186,42.03,41.04,42.64,40.95,1732165200000000000,7151
SPHY,5648306,23.8,23.76,23.81,23.75,1732165200000000000,5945
SPI,84664,0.3109,0.317,0.32,0.305,1732165200000000000,312
SPIB,5602002,32.96,32.93,33.0099,32.91,1732165200000000000,7056
SPIN,1200,31.39,31.5089,31.58,31.39,1732165200000000000,10
SPIP,147893,25.64,25.59,25.665,25.5742,1732165200000000000,618
SPIR,701314,14.69,15.59,15.6,14.34,1732165200000000000,6091
SPKL,17461,10.6478,10.56,10.8074,10.55,1732165200000000000,68
SPKLW,2900,0.11,0.11,0.11,0.11,1732165200000000000,1
SPLB,1382405,22.83,22.79,22.91,22.73,1732165200000000000,2181
SPLG,6652197,69.8,69.83,69.9984,69.11,1732165200000000000,30653
SPLP,2328,40.95,41,41,40.95,1732165200000000000,23
SPLPpA,4536,24.56,24.545,24.5601,24.51,1732165200000000000,29
SPLV,2650755,73.06,73.67,73.725,72.78,1732165200000000000,18899
SPMA,24048,24.755,24.7399,24.83,24.7,1732165200000000000,199
SPMB,1232198,21.73,21.72,21.79,21.705,1732165200000000000,2351
SPMC,14953,20.45,20.38,20.45,20.22,1732165200000000000,56
SPMD,1192230,57.01,57.67,57.8,56.82,1732165200000000000,6496
SPMO,732111,95.27,95.52,95.7999,94.39,1732165200000000000,10082
SPMV,101,47.4097,47.4097,47.4097,47.4097,1732165200000000000,6
SPNS,127472,27.23,27.55,27.79,27.1457,1732165200000000000,3758
SPNT,426125,15.39,15.37,15.737,15.37,1732165200000000000,6373
SPNTpB,17797,25.21,25.31,25.31,25.21,1732165200000000000,118
SPOK,79299,15.91,16.05,16.124,15.885,1732165200000000000,1696
SPOT,2181792,468.22,470.7,473.62,465.5035,1732165200000000000,42556
SPPL,422623,1.22,1.15,1.23,1.11,1732165200000000000,1786
SPPP,118933,9.81,9.86,9.93,9.775,1732165200000000000,517
SPQ,187,31.89,31.9113,31.9113,31.89,1732165200000000000,4
SPR,2548076,31.92,31.38,32,31.295,1732165200000000000,11082
SPRB,188357,0.476,0.491,0.5039,0.476,1732165200000000000,378
SPRC,2373105,0.2381,0.289,0.29,0.234,1732165200000000000,2416
SPRE,22664,20.93,21.007,21.17,20.8336,1732165200000000000,1469
SPRO,195487,1.19,1.19,1.21,1.15,1732165200000000000,468
SPRU,59790,2.33,2.33,2.4,2.31,1732165200000000000,397
SPRX,38025,25.67,26.16,26.28,25.57,1732165200000000000,282
SPRY,768758,13.55,13.38,13.74,13.01,1732165200000000000,9131
SPSB,1244345,29.96,29.92,29.96,29.91,1732165200000000000,3779
SPSC,206257,180.87,186.32,186.55,180.75,1732165200000000000,8223
SPSK,68837,18,18.05,18.1573,18,1732165200000000000,1650
SPSM,1585656,47.24,47.84,47.99,47.2,1732165200000000000,7640
SPT,359109,30.05,30.32,30.61,29.28,1732165200000000000,8007
SPTB,70432,30.245,30.2,30.36,30.16,1732165200000000000,266
SPTE,4221,27.61,27.5113,27.69,27.234,1732165200000000000,113
SPTI,2803018,28.09,28.06,28.135,28.04,1732165200000000000,2321
SPTL,2734182,26.95,26.91,27.065,26.83,1732165200000000000,6668
SPTM,340486,72.49,72.6,72.79,71.875,1732165200000000000,3198
SPTN,206978,18.15,18.58,18.63,18.09,1732165200000000000,4501
SPTS,1559780,29.02,29,29.03,29,1732165200000000000,1517
SPUC,4007,43.82,44.0496,44.07,43.42,1732165200000000000,24
SPUS,167965,42.59,42.36,42.61,41.89,1732165200000000000,1975
SPUU,118897,151.74,152.13,152.8884,149.07,1732165200000000000,1053
SPVM,2686,61.44,62.05,62.21,61.3867,1732165200000000000,46
SPVU,2433,52.72,53.1473,53.264,52.72,1732165200000000000,49
SPWH,510072,2.1,2.04,2.16,2.02,1732165200000000000,4127
SPWO,3594,22.1894,22.29,22.29,22.1699,1732165200000000000,264
SPXC,169496,169.78,172.55,173.85,167.95,1732165200000000000,6622
SPXE,2688,63.36,63.9217,64.01,63.3315,1732165200000000000,56
SPXL,4258700,177.02,177.16,178.5187,171.75,1732165200000000000,36650
SPXN,350,63.06,63.4741,63.4741,63.06,1732165200000000000,25
SPXS,84674907,6.1,6.08,6.28,6.04,1732165200000000000,34238
SPXT,1518,93.54,93.764,93.82,93.4005,1732165200000000000,41
SPXU,12048208,22.19,22.16,22.875,22,1732165200000000000,18906
SPXV,911,64.155,64.2788,64.47,64.155,1732165200000000000,29
SPXX,23234,17.33,17.27,17.33,17.11,1732165200000000000,152
SPY,46750285,593.4,593.67,595.12,587.45,1732165200000000000,450141
SPYB,261,26.78,27.181,27.181,26.78,1732165200000000000,12
SPYC,1905,39.08,39.2414,39.2414,38.63,1732165200000000000,28
SPYD,752282,45.96,46.4,46.47,45.83,1732165200000000000,7772
SPYG,2627437,86.83,86.3,86.89,85.2,1732165200000000000,22275
SPYI,858801,51.8,51.77,51.87,51.49,1732165200000000000,6801
SPYM,802,27.4,27.3172,27.4,27.3172,1732165200000000000,44
SPYQ,3661,26.05,26.4365,26.5,26.05,1732165200000000000,38
SPYT,75594,19.99,20.05,20.09,19.86,1732165200000000000,658
SPYU,993919,50.64,50.68,51.2,48.68,1732165200000000000,5469
SPYV,1827974,53.74,54.26,54.36,53.62,1732165200000000000,10842
SPYX,121282,48.62,48.64,48.79,48.15,1732165200000000000,678
SQ,14160511,90.735,92.7,93.96,89.624,1732165200000000000,138124
SQEW,7137,35.27,35.6117,35.7499,35.27,1732165200000000000,115
SQFT,78155,0.4901,0.4885,0.5,0.47,1732165200000000000,318
SQFTP,876,14.4,14.405,14.405,14.3246,1732165200000000000,26
SQFTW,12701,0.0306,0.03,0.04,0.03,1732165200000000000,36
SQLV,1232,43.86,44.3823,44.409,43.86,1732165200000000000,18
SQM,1219491,38.53,39.63,39.63,37.83,1732165200000000000,13850
SQNS,119502,2.8,2.8,2.815,2.7222,1732165200000000000,878
SQQQ,61874800,33.14,33.39,34.89,33,1732165200000000000,145389
SQY,158302,19.86,20.09,20.25,19.6101,1732165200000000000,1882
SR,405323,69.14,70.66,70.73,68.44,1732165200000000000,10321
SRpA,24452,24.66,24.69,24.85,24.66,1732165200000000000,223
SRAD,881137,17.75,17.495,17.75,17.41,1732165200000000000,10930
SRBK,25506,11,11.04,11.06,10.9996,1732165200000000000,193
SRCE,62362,64.78,65.02,65.895,64.355,1732165200000000000,2829
SRDX,124543,39.19,39.19,39.235,39.08,1732165200000000000,1615
SRE,2541423,92.91,94.69,94.86,92.46,1732165200000000000,35521
SREA,30339,23.94,24.17,24.2,23.87,1732165200000000000,275
SRET,17270,21.03,21.1,21.1,20.96,1732165200000000000,351
SRFM,826614,2.05,2.51,2.75,2.025,1732165200000000000,3772
SRG,517213,4.01,4.18,4.2,4.01,1732165200000000000,3492
SRGpA,211519,21.78,21.98,22,21.78,1732165200000000000,47
SRHQ,586,38.2645,38.2706,38.2706,38.2645,1732165200000000000,3
SRHR,70,59.6132,59.6132,59.6132,59.6132,1732165200000000000,28
SRI,293800,6.15,6.41,6.52,6.14,1732165200000000000,4939
SRL,20640,7.06,7.24,7.47,7.06,1732165200000000000,132
SRLN,3312908,41.97,41.99,41.99,41.93,1732165200000000000,5886
SRM,327850,0.65,0.71,0.72,0.59,1732165200000000000,700
SROI,55,29.5304,29.5304,29.5304,29.5304,1732165200000000000,8
SRPT,917373,110.87,110.5,111.78,109.0304,1732165200000000000,19592
SRRK,818925,28.2,26.67,28.2,25.88,1732165200000000000,15394
SRS,7226,47.27,46.52,47.39,46.23,1732165200000000000,198
SRTS,317071,9.01,8.93,9.1,8.4101,1732165200000000000,3139
SRTY,3100091,16.81,16.29,17.04,16.08,1732165200000000000,8396
SRV,41399,45.26,44.75,45.2758,44.695,1732165200000000000,605
SRVR,39563,30.77,30.92,30.99,30.61,1732165200000000000,413
SRZN,22696,9.66,9.3,9.75,8.79,1732165200000000000,492
SRZNW,590,0.0104,0.0104,0.0104,0.0104,1732165200000000000,2
SSB,342813,105.82,106.83,107.88,105.15,1732165200000000000,9432
SSBI,9356,7.3,7.3,7.35,7.1002,1732165200000000000,1057
SSBK,12781,36.43,36.83,37.32,36.39,1732165200000000000,507
SSD,116378,178.94,181.26,181.645,177.8,1732165200000000000,5550
SSFI,497,21.245,21.2457,21.2457,21.245,1732165200000000000,18
SSG,130643,26.48,27.06,28.5,25.72,1732165200000000000,574
SSKN,697,3.1,3.1,3.1,3.1,1732165200000000000,18
SSL,482296,5.44,5.47,5.495,5.41,1732165200000000000,3159
SSNC,1394191,73.94,75.16,75.315,73.745,1732165200000000000,22321
SSO,2394970,95.32,95.38,95.865,93.43,1732165200000000000,16972
SSP,532717,1.89,1.97,1.9893,1.83,1732165200000000000,3469
SSPX,0,28.0674,28.0674,28.0674,28.0674,1732165200000000000,0
SSPY,814,81.25,81.25,81.2501,81.25,1732165200000000000,19
SSRM,1743181,5.8,5.99,6.01,5.725,1732165200000000000,11788
SSSS,73953,4.91,4.91,4.98,4.8948,1732165200000000000,404
SSSSL,200,24.47,24.47,24.47,24.47,1732165200000000000,1
SST,148869,0.95,0.9631,0.9919,0.93,1732165200000000000,692
SST.WS,6700,0.0119,0.0169,0.0223,0.0118,1732165200000000000,15
SSTI,26988,11.63,11.74,12.04,11.4743,1732165200000000000,1079
SSTK,357746,30.48,30.04,30.53,29.5,1732165200000000000,9149
SSUS,24132,43.02,43.14,43.225,42.7202,1732165200000000000,160
SSXU,932,28.98,28.99,28.99,28.98,1732165200000000000,17
SSY,5007,0.8215,0.793,0.8215,0.793,1732165200000000000,36
SSYS,526641,9.31,9.39,9.62,9.12,1732165200000000000,6281
ST,1966076,30.62,30.87,31.09,30.48,1732165200000000000,16056
STAA,507107,26.34,26.63,27,25.93,1732165200000000000,9465
STAF,54657,2.42,2.39,2.52,2.37,1732165200000000000,385
STAG,880984,36,36.12,36.4603,35.93,1732165200000000000,14042
STAX,2,25.365,25.365,25.365,25.365,1732165200000000000,1
STBA,121882,42.41,42.52,43.09,42.0075,1732165200000000000,4087
STBF,169,25.21,25.205,25.21,25.205,1732165200000000000,3
STBX,20778,1.18,1.24,1.2767,1.18,1732165200000000000,979
STC,110928,72.89,73.79,74.425,72.625,1732165200000000000,3588
STCE,116416,55.18,49.67,55.42,49.12,1732165200000000000,1665
STCN,10391,10.29,10,10.29,9.805,1732165200000000000,103
STE,1041613,212.24,215.77,216.1737,210.79,1732165200000000000,18643
STEC,35738,1.08,1.07,1.1,1.04,1732165200000000000,198
STEL,126904,29.66,29.7,30.24,29.465,1732165200000000000,3716
STEM,5970674,0.3364,0.3596,0.37,0.332,1732165200000000000,7743
STEP,390034,66.13,66.01,66.73,65,1732165200000000000,9307
STEW,129418,16.18,16.2,16.29,16.12,1732165200000000000,670
STFS,392581,4.26,4.54,4.6,4.25,1732165200000000000,5940
STG,12062,7.03,6.6,7.14,6.6,1732165200000000000,198
STGW,583401,7.63,7.86,7.895,7.61,1732165200000000000,6582
STHO,35753,11.18,11.21,11.475,11.18,1732165200000000000,530
STI,2907375,0.468,0.4441,0.5,0.431,1732165200000000000,6330
STIM,425660,0.8027,0.8354,0.84,0.76,1732165200000000000,857
STIP,496570,100.86,100.77,100.915,100.74,1732165200000000000,2532
STK,22448,33.32,33.57,33.6496,33.19,1732165200000000000,196
STKH,90828,2.46,2.32,2.46,2.19,1732165200000000000,413
STKL,447320,7.56,7.7,7.71,7.52,1732165200000000000,5962
STKS,154128,3.13,3.3,3.33,3.11,1732165200000000000,1070
STLA,7018150,12.68,12.85,12.905,12.68,1732165200000000000,26193
STLD,1672631,143.72,144.96,147.18,143.18,1732165200000000000,28073
STM,5638354,24.06,24.54,24.6,23.955,1732165200000000000,39663
STN,109121,84.68,86.03,86.03,84.3035,1732165200000000000,1772
STNC,286,31.48,31.7,31.7,31.48,1732165200000000000,12
STNE,4929658,9.15,9.27,9.4,9.07,1732165200000000000,35100
STNG,862497,54.17,52.91,54.17,52.0746,1732165200000000000,14285
STOK,237313,11.26,11.27,11.73,11.13,1732165200000000000,5452
STOT,36517,47.0079,47.02,47.02,46.97,1732165200000000000,88
STPZ,51565,52.47,52.43,52.505,52.4203,1732165200000000000,242
STR,962940,24.76,24.64,24.97,24.64,1732165200000000000,8573
STRA,137412,96.12,96.66,97.115,95.81,1732165200000000000,4593
STRL,308817,191.97,197.41,198.83,190.625,1732165200000000000,12111
STRM,14060,2.92,3.02,3.11,2.92,1732165200000000000,209
STRO,925336,2.66,2.53,2.7677,2.52,1732165200000000000,4398
STRR,3898,3.11,2.9301,3.11,2.93,1732165200000000000,102
STRRP,419,9.35,9.35,9.35,9.35,1732165200000000000,6
STRS,5787,26.41,27,27,26.125,1732165200000000000,227
STRT,24485,39.71,41.67,42.3,39.71,1732165200000000000,1291
STRV,96526,38.26,38.28,38.3798,37.92,1732165200000000000,562
STRW,8043,12.75,12.43,12.75,12.3625,1732165200000000000,214
STSB,0,25.3234,25.3234,25.3234,25.3234,1732165200000000000,0
STSS,95372,3.15,3.53,3.59,3.0406,1732165200000000000,872
STSSW,30200,0.034,0.0325,0.035,0.0325,1732165200000000000,9
STT,1326896,95.88,96.34,96.695,95.42,1732165200000000000,28568
STTpG,30768,24.42,24.646,24.7229,24.42,1732165200000000000,370
STTK,332993,1.11,1.01,1.14,0.99,1732165200000000000,1619
STVN,290786,18.34,19.62,19.67,18.17,1732165200000000000,4050
STWD,1567946,19.75,19.91,19.93,19.75,1732165200000000000,12277
STX,1744754,98.75,99.92,100.21,98.07,1732165200000000000,30634
STXD,4048,33.04,33.3,33.33,33.01,1732165200000000000,109
STXE,30927,28.7,28.8116,28.8116,28.63,1732165200000000000,121
STXG,10248,43.42,43.3857,43.49,42.91,1732165200000000000,110
STXI,1002,24.82,24.967,24.967,24.82,1732165200000000000,27
STXK,14351,32.72,33.0762,33.16,32.69,1732165200000000000,89
STXM,3482,27.25,27.578,27.63,27.2448,1732165200000000000,39
STXS,828613,2.02,2.05,2.11,2.02,1732165200000000000,3962
STXT,18334,20.03,19.9978,20.03,19.951,1732165200000000000,157
STXV,6818,31.24,31.436,31.48,31.24,1732165200000000000,52
STZ,1060413,240.36,240.76,241.36,238.475,1732165200000000000,22862
SU,4195124,41.12,41.13,41.36,40.85,1732165200000000000,31571
SUB,394814,105.6,105.57,105.61,105.51,1732165200000000000,1530
SUGP,50145,1.82,1.72,1.8456,1.652,1732165200000000000,325
SUI,761562,125.83,128.52,128.67,125.78,1732165200000000000,13123
SUM,4709881,48.66,51.16,53.49,48.21,1732165200000000000,44695
SUN,286397,53.34,54.02,54.19,53.2388,1732165200000000000,3761
SUNE,71057,2.86,2.76,2.89,2.72,1732165200000000000,843
SUNS,20416,15.01,14.875,15.1999,14.68,1732165200000000000,1645
SUP,59933,2.44,2.43,2.455,2.41,1732165200000000000,330
SUPL,0,41.6515,41.6515,41.6515,41.6515,1732165200000000000,0
SUPN,231925,36.3,35.82,36.53,35.535,1732165200000000000,5510
SUPP,686,67.44,67.46,67.51,67.44,1732165200000000000,14
SUPV,1535533,11.5,10.7,11.62,10.615,1732165200000000000,12530
SURE,84,124.003,124.003,124.003,124.003,1732165200000000000,10
SURG,19600449,1.62,1.8,2.59,1.62,1732165200000000000,72076
SURI,1315,23.12,23.1451,23.1451,23.12,1732165200000000000,24
SUSA,86199,123.6,124.26,124.46,122.7401,1732165200000000000,772
SUSB,199004,24.77,24.77,24.818227,24.76,1732165200000000000,1015
SUSC,171455,23.01,22.98,23.05,22.9508,1732165200000000000,765
SUSL,41363,104.56,105.68,105.845,104.41,1732165200000000000,467
SUUN,22963,2.6,2.73,2.78,2.6,1732165200000000000,195
SUZ,2517939,10.4,10.56,10.59,10.3745,1732165200000000000,13138
SVAL,40345,34.66,35.09,35.185,34.66,1732165200000000000,143
SVC,1776310,2.6,2.72,2.74,2.6,1732165200000000000,10050
SVCO,195043,7.6,7.54,7.71,7.465,1732165200000000000,3236
SVIIR,120460,0.06,0.064,0.064,0.06,1732165200000000000,4
SVIIW,107215,0.03,0.03,0.05,0.0291,1732165200000000000,177
SVIX,2259234,27.02,26.53,27.1599,25.59,1732165200000000000,12727
SVM,11768062,3.41,3.37,3.4975,3.2801,1732165200000000000,26818
SVMH,29732599,0.0285,0.0241,0.0285,0.0236,1732165200000000000,6989
SVMHW,5303,0.0127,0.0108,0.0127,0.01,1732165200000000000,25
SVOL,753171,21.75,21.76,21.79,21.635,1732165200000000000,2957
SVRA,1633007,3.17,3.24,3.3,3.15,1732165200000000000,9858
SVRE,159605,1.15,1.07,1.19,1,1732165200000000000,622
SVREW,7040,0.0176,0.01,0.0176,0.01,1732165200000000000,24
SVT,1472,11.4,11.449,11.449,11.4,1732165200000000000,43
SVV,797695,8.6,8.66,8.695,8.53,1732165200000000000,6747
SVXY,2317207,50.76,50.27,50.9,49.4,1732165200000000000,24348
SW,4499799,54.62,56.37,56.39,54.4,1732165200000000000,41354
SWAG,13581,1.09,1.12,1.15,1.09,1732165200000000000,103
SWAGW,171,0.0107,0.0107,0.0107,0.0107,1732165200000000000,2
SWAN,11977,30.5,30.2092,30.5,30.055,1732165200000000000,151
SWBI,437741,12.97,13.25,13.27,12.87,1732165200000000000,7051
SWI,425826,13.02,13.05,13.2194,13.005,1732165200000000000,6685
SWIM,485981,5.84,6.32,6.35,5.76,1732165200000000000,6944
SWIN,209061,2.56,2.54,2.6,2.38,1732165200000000000,590
SWK,1693065,85.415,87.67,88.43,85.25,1732165200000000000,27050
SWKH,29025,15.66,15.25,15.66,15.14,1732165200000000000,373
SWKHL,150,25.5001,25.5001,25.5001,25.5001,1732165200000000000,1
SWKS,2190340,84.15,85.05,85.6299,83.28,1732165200000000000,33313
SWP,2417,25.9,26.0477,26.07,25.9,1732165200000000000,16
SWTX,1475887,37.34,36.3,37.55,36.13,1732165200000000000,14524
SWVL,90389,5.69,6.47,7.1,5.61,1732165200000000000,1350
SWVLW,47598,0.018,0.018,0.018,0.0156,1732165200000000000,29
SWX,352838,77.03,77.47,77.61,76.49,1732165200000000000,6717
SWZ,14710,7.78,7.8181,7.8181,7.78,1732165200000000000,82
SXC,605760,12.6,12.62,12.795,12.56,1732165200000000000,7871
SXI,82419,200.28,201.8,204.01,198.425,1732165200000000000,3593
SXQG,2923,32.09,32.25,32.285,32.09,1732165200000000000,45
SXT,128176,76.92,77.19,77.71,76.52,1732165200000000000,3988
SXTC,126838,0.387,0.39,0.39,0.3721,1732165200000000000,238
SXTP,34839,0.95,0.874,0.95,0.8724,1732165200000000000,178
SY,39087,0.89,0.899,0.923,0.87,1732165200000000000,255
SYBT,71773,73.76,73.795,75.175,73.34,1732165200000000000,3908
SYBX,4547,1.42,1.405,1.42,1.3701,1732165200000000000,58
SYF,2881167,64.86,65.14,65.43,64.4,1732165200000000000,42058
SYFpA,62605,20.09,20.52,20.52,20.0279,1732165200000000000,628
SYFpB,44655,26.08,26.04,26.26,25.86,1732165200000000000,318
SYFI,88733,35.78,35.77,35.89,35.76,1732165200000000000,374
SYK,1136399,387.19,390.14,390.365,384.57,1732165200000000000,24394
SYLD,55454,73.4,74.07,74.21,73.1918,1732165200000000000,699
SYM,2088980,36.73,36.27,36.96,34.02,1732165200000000000,29536
SYNA,635852,73.18,74.64,76.25,72.5,1732165200000000000,10185
SYNB,8,30.2851,30.2851,30.2851,30.2851,1732165200000000000,3
SYNX,858,2.55,2.69,2.69,2.55,1732165200000000000,19
SYPR,5448,1.4,1.4,1.4199,1.37,1732165200000000000,65
SYRA,55566,0.37,0.378,0.3798,0.3639,1732165200000000000,338
SYRE,820948,27.59,27,29.09,26.76,1732165200000000000,10947
SYRS,5341223,0.2898,0.26,0.2898,0.26,1732165200000000000,7975
SYT,5152,1.67,1.67,1.73,1.61,1732165200000000000,73
SYTA,577468,1.04,1.05,1.08,1,1732165200000000000,1478
SYTAW,225,0.05096,0.05096,0.05096,0.05096,1732165200000000000,2
SYY,3309668,74.14,75.08,75.3459,73.66,1732165200000000000,40628
SZK,2930,12.5115,12.2594,12.5115,12.23,1732165200000000000,43
SZNE,1443,38.46,38.5055,38.56,38.46,1732165200000000000,18
T,23080891,22.8,22.98,23.15,22.73,1732165200000000000,80872
TpA,74986,21.3,21.44,21.5885,21.3,1732165200000000000,611
TpC,111943,20.18,20.38,20.5173,20.17,1732165200000000000,801
TAC,2408457,10.28,10.92,10.93,10.25,1732165200000000000,17152
TACK,35254,28.4,28.64,28.6599,28.337,1732165200000000000,207
TACT,17086,3.925,3.91,3.99,3.87,1732165200000000000,227
TAFI,156225,25.15,25.12,25.15,25.11,1732165200000000000,195
TAFL,0,25.465,25.465,25.465,25.465,1732165200000000000,0
TAFM,86537,25.52,25.52,25.53,25.5,1732165200000000000,15
TAGG,107,42.29,42.29,42.29,42.29,1732165200000000000,6
TAGS,861,25.67,25.545,25.67,25.545,1732165200000000000,28
TAIL,47681,11.35,11.36,11.42,11.3298,1732165200000000000,150
TAIT,63249,2.62,2.64,2.64,2.5741,1732165200000000000,226
TAK,4011234,13.28,13.33,13.35,13.245,1732165200000000000,11817
TAL,6538772,10,9.81,10.05,9.61,1732165200000000000,29814
TALK,1918973,3.16,3.31,3.37,3.13,1732165200000000000,10132
TALKW,166161,0.1585,0.149,0.165,0.1302,1732165200000000000,434
TALO,2542615,11.59,11.57,11.73,11.445,1732165200000000000,17384
TAN,858626,34.31,34.33,34.81,34.23,1732165200000000000,8061
TANH,3486673,0.1576,0.1484,0.1647,0.1451,1732165200000000000,2052
TAOP,73792,0.3548,0.3548,0.37,0.3406,1732165200000000000,217
TAP,1331498,60.41,60.47,60.85,60.315,1732165200000000000,21952
TARA,64861,2.34,2.29,2.4,2.28,1732165200000000000,422
TARK,16637,86.2,83.39,86.4018,81.3,1732165200000000000,505
TARS,445178,46.86,46.4,47.6,45.1901,1732165200000000000,9258
TASK,142493,14.31,14.74,14.96,14.3,1732165200000000000,3095
TATT,74865,21,21.73,22,20.6,1732165200000000000,764
TAXE,0,50.535,50.535,50.535,50.535,1732165200000000000,0
TAXF,34837,50.82,50.68,50.82,50.62,1732165200000000000,242
TAXX,122830,50.51,50.5495,50.5495,50.49,1732165200000000000,19
TAYD,29993,45.23,46.49,48,44.66,1732165200000000000,1589
TBB,86690,23.75,23.95,24.03,23.7,1732165200000000000,719
TBBB,671194,32.84,33.4,33.61,32.27,1732165200000000000,4155
TBBK,381915,55.37,55.9,56.71,54.79,1732165200000000000,8882
TBC,436897,25.06,25.07,25.08,25.06,1732165200000000000,1619
TBF,66348,24.01,24.09,24.17,23.96,1732165200000000000,442
TBFC,0,26.8944,26.8944,26.8944,26.8944,1732165200000000000,0
TBFG,0,27.7725,27.7725,27.7725,27.7725,1732165200000000000,0
TBG,34380,33.1,33.47,33.52,33,1732165200000000000,222
TBI,121885,6.92,7.03,7.1,6.9,1732165200000000000,2186
TBIL,903665,49.97,49.97,49.97,49.96,1732165200000000000,2163
TBJL,896,19.91,19.8999,19.93,19.88,1732165200000000000,11
TBLA,2953332,3.5,3.61,3.67,3.48,1732165200000000000,12162
TBLAW,208625,0.1637,0.1794,0.22,0.14,1732165200000000000,129
TBLD,85895,16.43,16.46,16.6199,16.43,1732165200000000000,331
TBLL,69373,105.39,105.4,105.4,105.39,1732165200000000000,414
TBLU,1493,49.1501,49.42,49.52,49.1501,1732165200000000000,41
TBMCR,335875,0.18,0.17,0.22,0.1698,1732165200000000000,68
TBN,10729,18.08,18.58,19.1223,18.08,1732165200000000000,321
TBNK,17640,10.68,10.82,10.88,10.68,1732165200000000000,293
TBPH,264218,9.92,9.61,9.97,9.59,1732165200000000000,3928
TBRG,81409,16.4,16.01,16.8,15.73,1732165200000000000,2253
TBT,352665,34.89,35.08,35.2399,34.61,1732165200000000000,2589
TBUX,56755,49.94,49.79,49.97,49.7869,1732165200000000000,299
TBX,3244,29.6,29.6898,29.75,29.59,1732165200000000000,50
TC,682603,0.93,0.91,1.0596,0.87,1732165200000000000,2212
TCAF,760419,33.93,33.85,33.93,33.5,1732165200000000000,2391
TCBI,877797,84.41,85.08,85.59,83.19,1732165200000000000,12507
TCBIO,12740,20.58,21.05,21.05,20.58,1732165200000000000,130
TCBK,130484,46.78,47.43,47.75,46.7,1732165200000000000,3914
TCBP,446759,0.6098,0.6298,0.6403,0.591,1732165200000000000,990
TCBPW,4600,0.0111,0.0165,0.0165,0.0095,1732165200000000000,34
TCBX,67382,35.66,35.27,35.74,35.02,1732165200000000000,2740
TCHI,2628,18.21,18.1944,18.21,18.1671,1732165200000000000,25
TCHP,205822,41.9,41.65,42.01,41.12,1732165200000000000,749
TCI,1222,27.806,28.13,28.2586,27.806,1732165200000000000,66
TCMD,257918,15.5,15.94,15.99,15.22,1732165200000000000,4279
TCOM,3301134,64.24,65.17,65.58,64.08,1732165200000000000,37657
TCPC,358226,8.99,8.99,9.09,8.965,1732165200000000000,3221
TCRT,15718,2.15,2.32,2.34,2.15,1732165200000000000,173
TCRX,235480,4.13,3.94,4.1679,3.92,1732165200000000000,2465
TCS,161951,3.9,3.88,4.34,3.685,1732165200000000000,1105
TCTM,21578,0.8529,0.81,0.876,0.8025,1732165200000000000,82
TCX,50113,15.91,16.27,16.305,15.64,1732165200000000000,1486
TD,1854509,55.55,55.9,56.21,54.78,1732165200000000000,19254
TDC,871291,30.23,30.37,30.77,30.0606,1732165200000000000,14218
TDF,123197,8.62,8.55,8.62,8.52,1732165200000000000,403
TDG,567350,1305.2,1240.13,1311.01,1237.46,1732165200000000000,27284
TDI,3769,29.2505,29.28,29.3,29.2505,1732165200000000000,30
TDIV,79296,79.06,79.67,79.8998,78.785,1732165200000000000,1169
TDOC,10447530,9.1,10.4,10.45,9.05,1732165200000000000,60088
TDS,767232,31.54,33,33.06,31.54,1732165200000000000,11610
TDSpU,29706,22,22.13,22.13,21.8154,1732165200000000000,394
TDSpV,57103,19.3,19.43,19.659,19.3,1732165200000000000,927
TDSB,16311,22.595,22.645,22.67,22.595,1732165200000000000,36
TDSC,29256,25.6,25.8181,25.84,25.6,1732165200000000000,85
TDTF,201169,23.54,23.48,23.545,23.47,1732165200000000000,372
TDTH,18034,2.35,2.18,2.37,2.17,1732165200000000000,395
TDTT,968096,23.77,23.75,23.79,23.74,1732165200000000000,957
TDUP,1023958,1.31,1.34,1.35,1.26,1732165200000000000,4803
TDV,10415,76.43,77.03,77.1117,76.3,1732165200000000000,124
TDVG,445270,40.92,41.14,41.22,40.775,1732165200000000000,246
TDVI,10714,24.29,24.4511,24.56,24.23,1732165200000000000,62
TDW,1151445,51.5,52.53,52.93,50.35,1732165200000000000,17507
TDY,269875,472.61,480.22,481.84,471.67,1732165200000000000,13005
TEAF,33799,12.57,12.57,12.59,12.56,1732165200000000000,154
TEAM,2142369,246.45,253.97,255.87,246.45,1732165200000000000,36555
TECB,53773,54.54,54.648,54.9105,54.09,1732165200000000000,503
TECH,1338452,68.6,71.05,71.32,68.42,1732165200000000000,24551
TECK,2218717,46.9,47.21,47.425,46.68,1732165200000000000,21983
TECL,1439528,93.32,93.61,94.84,89.21,1732165200000000000,18007
TECS,898842,48,47.86,50.1,47.12,1732165200000000000,11478
TECTP,9592,10.31,10.376,10.376,10.27,1732165200000000000,39
TECX,105755,43.9,44.89,45.9941,43.0349,1732165200000000000,3161
TEF,575606,4.47,4.43,4.49,4.4,1732165200000000000,2103
TEI,151143,5.38,5.31,5.38,5.3,1732165200000000000,1172
TEK,10005,25.75,25.6824,25.75,25.4699,1732165200000000000,80
TEKX,1765,33.5001,33.5294,34.1001,32.9,1732165200000000000,29
TEL,1088385,148,150.52,150.98,147.33,1732165200000000000,20888
TELA,171512,2.89,2.89,2.95,2.84,1732165200000000000,1455
TELO,219342,4.47,4.47,4.9478,4.36,1732165200000000000,2036
TEM,1739078,58.04,52.48,58.86,52.09,1732165200000000000,26738
TEMP,468,46.9099,46.79,46.9099,46.79,1732165200000000000,21
TEN,321364,20.38,20.14,20.38,19.765,1732165200000000000,4828
TENpE,4037,26.36,26.35,26.4749,26.35,1732165200000000000,24
TENpF,1985,26.37,26.51,26.51,26.37,1732165200000000000,13
TENB,825036,41.04,41.85,42,41.04,1732165200000000000,13328
TENX,36480,4.79,4.85,4.9595,4.6546,1732165200000000000,311
TEO,196080,12.86,12.85,13.5,12.805,1732165200000000000,2249
TEQI,15182,42.58,42.91,43.04,42.58,1732165200000000000,135
TER,2568542,104.54,105.52,105.965,103.4,1732165200000000000,34500
TERN,1578914,5.56,5.71,5.79,5.46,1732165200000000000,10245
TETE,46346,11.89,12.21,12.21,11.89,1732165200000000000,51
TEVA,8347192,17.05,17.08,17.17,16.9012,1732165200000000000,28715
TEX,559678,52.75,52.89,53.38,51.965,1732165200000000000,11654
TFC,9356000,46.36,46.81,47.15,46.26,1732165200000000000,68130
TFCpI,18791,23.27,23.46,23.738,23.1041,1732165200000000000,124
TFCpO,110836,22.7,22.9863,23.01,22.65,1732165200000000000,400
TFCpR,56158,20.5,20.68,20.73,20.4226,1732165200000000000,561
TFFP,15152320,0.398,0.3504,0.535,0.33835,1732165200000000000,19668
TFI,391135,46.12,46.1,46.1583,46.061,1732165200000000000,1479
TFII,228580,145.92,148.04,150.21,144.55,1732165200000000000,4793
TFIN,127966,99.01,102.19,102.75,97.41,1732165200000000000,4812
TFINP,5589,22.5,22.9,23,22.5,1732165200000000000,38
TFJL,5457,20.025,20.0052,20.025,19.9905,1732165200000000000,27
TFLO,1518990,50.58,50.58,50.58,50.57,1732165200000000000,5723
TFLR,34617,52.05,52.06,52.1,51.9901,1732165200000000000,182
TFPM,338137,16.66,16.77,16.795,16.48,1732165200000000000,3170
TFPN,2534,25.2901,25.554,25.78,25.2901,1732165200000000000,26
TFSL,216245,14.13,14.38,14.43,14.115,1732165200000000000,5014
TFX,360672,188.21,190.64,191.23,187.47,1732165200000000000,10891
TG,63444,7.13,7.12,7.18,7.03,1732165200000000000,1310
TGAA,201,11.32,11.32,11.32,11.32,1732165200000000000,3
TGB,2299311,2.1,2.09,2.105,2.03,1732165200000000000,4598
TGI,766401,19.3,19.1,19.55,19.07,1732165200000000000,8797
TGL,87422,0.301,0.3122,0.3169,0.2927,1732165200000000000,338
TGLR,3820,30.34,30.58,30.64,30.34,1732165200000000000,30
TGLS,374607,75.76,77.83,78.24,75.33,1732165200000000000,6687
TGNA,1290805,18.2,18.52,18.54,18.155,1732165200000000000,16325
TGRT,16695,37.83,37.66,37.83,37.42,1732165200000000000,122
TGRW,15139,39.68,39.46,39.68,39.0475,1732165200000000000,58
TGS,372582,29.08,29.56,29.6,28.29,1732165200000000000,4455
TGT,19616656,122.09,121.59,124.1,120.59,1732165200000000000,221534
TGTX,5838882,31.61,34.55,36.4,31.36,1732165200000000000,53147
TH,222584,8.64,8.77,8.82,8.6,1732165200000000000,3695
THAR,102563,2.42,2.61,2.73,2.36,1732165200000000000,901
THC,2251708,149,147.92,150.06,142.79,1732165200000000000,38118
THCH,678369,0.9998,1.01,1.01,0.920001,1732165200000000000,687
THCP,93728,11.4,11.525,11.675,11.4,1732165200000000000,415
THCPW,44374,1.25,1.5,2,1.25,1732165200000000000,243
THD,24900,63.25,63.17,63.25,62.955,1732165200000000000,359
THFF,33096,48.41,48.92,49.58,48.11,1732165200000000000,2296
THG,158292,160.88,162.74,164.24,160.88,1732165200000000000,5482
THIR,6242,26.1,26.0957,26.1,26.08,1732165200000000000,5
THLV,8578,29.01,29.27,29.28,28.97,1732165200000000000,73
THM,137056,0.4648,0.4485,0.4648,0.44,1732165200000000000,192
THNQ,7524,49,49.3,49.5293,48.8804,1732165200000000000,140
THNR,476,23.22,23.1477,23.22,23.1477,1732165200000000000,12
THO,561292,108.62,110.53,111.64,108.62,1732165200000000000,9891
THQ,134535,19.71,19.72,19.8195,19.62,1732165200000000000,813
THR,211472,31,31.18,31.555,30.445,1732165200000000000,5441
THRD,215985,11.62,11.45,12.09,11.36,1732165200000000000,3747
THRM,181810,41.56,42.63,42.63,41.425,1732165200000000000,4438
THRO,8346,34.16,34.3787,34.46,34.03,1732165200000000000,83
THRY,500098,13.8,14.46,14.555,13.6752,1732165200000000000,9106
THS,507208,34.245,35.35,35.46,34.115,1732165200000000000,8983
THTA,30070,18.94,19,19.045,18.92,1732165200000000000,295
THTX,8211,1.21,1.21,1.21,1.19,1732165200000000000,89
THW,172508,11.85,11.95,12.06,11.85,1732165200000000000,878
THY,5156,22.76,22.711,22.76,22.68,1732165200000000000,17
THYF,7200,52.88,52.592,52.88,52.5317,1732165200000000000,71
TIGO,109327,26.15,26.29,26.4,26.06,1732165200000000000,1897
TIGR,3896062,5.65,5.6,5.72,5.52,1732165200000000000,15135
TIL,131968,24,24.76,24.99,22.5257,1732165200000000000,6069
TILE,306577,25.5,25.21,25.92,25.17,1732165200000000000,6255
TILL,2004,19.5283,19.455,19.5283,19.455,1732165200000000000,68
TILT,52753,221.07,222.23,222.8,220.31,1732165200000000000,70
TIMB,455542,13.77,13.69,13.88,13.68,1732165200000000000,3462
TIME,13499,30.3986,30.3,30.49,30.29,1732165200000000000,109
TINT,83,30.8896,30.8896,30.8896,30.8896,1732165200000000000,7
TINY,1300,45,45.5136,45.5136,45,1732165200000000000,27
TIP,2007319,107.83,107.69,107.98,107.59,1732165200000000000,9938
TIPT,67398,21.5,21.35,21.58,21.32,1732165200000000000,2110
TIPX,254561,18.66,18.64,18.675,18.625,1732165200000000000,330
TIPZ,12198,52.6,52.52,52.6017,52.485,1732165200000000000,225
TIRX,16050,1.77,1.74,1.83,1.69,1732165200000000000,138
TISI,20769,16.62,16,16.725,15.68,1732165200000000000,938
TITN,243355,14.05,14.47,14.69,13.96,1732165200000000000,5433
TIVC,509979,0.255,0.2422,0.2599,0.2415,1732165200000000000,907
TIXT,217364,3.52,3.59,3.6,3.48,1732165200000000000,1539
TJUL,12189,27.63,27.6664,27.7,27.62,1732165200000000000,45
TJX,5204293,119.87,119.77,119.91,117.7801,1732165200000000000,65220
TK,1466583,8.04,7.9,8.055,7.77,1732165200000000000,8236
TKC,693752,6.84,6.83,6.9,6.815,1732165200000000000,2498
TKLF,110593,3.46,3.22,3.8,3.2,1732165200000000000,444
TKNO,417206,7.61,7.28,7.6425,6.93,1732165200000000000,4008
TKO,1257989,133.17,136.89,137.25,132.71,1732165200000000000,22018
TKR,458378,74.18,75.22,75.56,74.0055,1732165200000000000,8608
TLF,9013,4.19,4.1972,4.1985,4.06,1732165200000000000,53
TLGY,56042,11.64,11.64,11.64,11.64,1732165200000000000,17
TLH,648851,102.13,101.94,102.48,101.72,1732165200000000000,5316
TLK,709918,17,16.95,17.125,16.84,1732165200000000000,6960
TLN,1096650,211,219.89,222.05,207,1732165200000000000,19739
TLPH,66000,0.7299,0.6992,0.73,0.6731,1732165200000000000,291
TLRY,30417728,1.3,1.31,1.36,1.28,1732165200000000000,28691
TLS,844196,3.2,3.32,3.33,3.2,1732165200000000000,7138
TLSA,108593,0.99,0.97,1,0.95,1732165200000000000,218
TLSI,26412,4.22,4.43,4.5,4.19,1732165200000000000,254
TLT,28365740,90.45,90.34,90.85,90,1732165200000000000,97650
TLTD,6406,69.98,70.243,70.31,69.92,1732165200000000000,67
TLTE,3582,53.55,53.5899,53.6401,53.43,1732165200000000000,51
TLTM,3,21.09,21.09,21.09,21.09,1732165200000000000,2
TLTP,1895,24.86,24.7999,24.86,24.76,1732165200000000000,14
TLTQ,100,21.7,21.515,21.7,21.515,1732165200000000000,1
TLTW,414060,24.82,24.81,24.9099,24.76,1732165200000000000,3324
TLX,12180,14.8,14.768,14.8,14.4399,1732165200000000000,141
TLYS,46926,3.66,3.78,3.83,3.635,1732165200000000000,832
TM,314749,173.05,173.38,174.26,172.98,1732165200000000000,9156
TMAT,10406,20.77,21.0334,21.1609,20.53,1732165200000000000,117
TMC,2017115,0.895,0.8825,0.95,0.875,1732165200000000000,5144
TMCI,309621,8.06,7.94,8.06,7.735,1732165200000000000,5216
TMCWW,502493,0.074,0.085899,0.087,0.0663,1732165200000000000,1799
TMDV,501,49.68,50.3386,50.3386,49.68,1732165200000000000,2
TMDX,1533763,77.2,79.34,80.89,76.6,1732165200000000000,25724
TME,6382082,11.33,11.52,11.73,11.26,1732165200000000000,28194
TMET,2,28.55,28.55,28.55,28.55,1732165200000000000,2
TMF,8259190,44.82,44.61,45.43,44.17,1732165200000000000,65576
TMFC,117712,59.37,59.11,59.37,58.4046,1732165200000000000,900
TMFE,44370,26.74,27.04,27.04,26.59,1732165200000000000,249
TMFG,14456,32.57,32.8503,32.855,32.57,1732165200000000000,69
TMFM,26145,31.91,32.2325,32.3199,31.9099,1732165200000000000,94
TMFS,86847,37.85,38.07,38.1569,37.61,1732165200000000000,655
TMFX,25639,20,20.26,20.27,20,1732165200000000000,167
TMHC,611576,69.81,69.44,70.6,69.33,1732165200000000000,10999
TMO,1956777,514.12,516.1,516.22,507.46,1732165200000000000,47640
TMP,60871,73.74,75.42,76.59,73.74,1732165200000000000,5385
TMQ,601662,1.15,1.35,1.39,1.12,1732165200000000000,2860
TMSL,128873,33.62,34.1,34.26,33.62,1732165200000000000,364
TMTC,530138,5.22,2.2,5.5,2.106,1732165200000000000,4404
TMTCR,1622879,0.4,0.38,0.52,0.35,1732165200000000000,1242
TMTCU,15445,6.19,2.89,6.79,2.79,1732165200000000000,294
TMUS,2490056,235.67,236.58,237.325,233.935,1732165200000000000,48739
TMV,2118510,36.51,36.7,37.02,36,1732165200000000000,19508
TNA,12961391,49.61,51.1,51.74,48.9794,1732165200000000000,63970
TNC,86204,86.19,87.89,88.55,86.1,1732165200000000000,3214
TNDM,1881542,30.71,30.74,32.38,30.335,1732165200000000000,27355
TNET,335179,94.48,92.31,94.86,91.91,1732165200000000000,8425
TNFA,24601,1.22,1.36,1.4,1.19,1732165200000000000,164
TNGX,2869604,4.07,3.63,4.22,3.58,1732165200000000000,11503
TNK,506172,42.49,41.86,42.73,41.36,1732165200000000000,8819
TNL,395852,53.11,54.16,54.28,53.035,1732165200000000000,9401
TNON,142225,2.58,2.63,2.66,2.48,1732165200000000000,850
TNXP,76516380,0.1708,0.2042,0.212,0.1685,1732165200000000000,41439
TNYA,2858925,2.24,2.16,2.24,2.08,1732165200000000000,10111
TOAK,312,27.085,27.085,27.0898,27.083,1732165200000000000,6
TOGA,39251,30.699,30.9,30.92,30.65,1732165200000000000,60
TOI,13378443,0.137,0.155,0.168,0.1253,1732165200000000000,12970
TOIIW,976,0.014374,0.0122,0.0147,0.0121,1732165200000000000,16
TOK,1828,118.39,118.7054,118.7054,117.83,1732165200000000000,50
TOKE,15851,5.44,5.44,5.595,5.42,1732165200000000000,102
TOL,925927,153,152.36,154.85,152.2,1732165200000000000,20449
TOLL,241,32.64,33.0201,33.0201,32.64,1732165200000000000,8
TOLZ,8005,51.65,52.0842,52.0992,51.5187,1732165200000000000,78
TOMZ,17138,0.7502,0.745001,0.798,0.6812,1732165200000000000,156
TOON,156522,0.742,0.7699,0.7733,0.7409,1732165200000000000,668
TOP,232475,1.6,1.66,1.7199,1.54,1732165200000000000,748
TOPS,9069,7.6541,7.7,7.9,7.6,1732165200000000000,268
TOPT,129634,25.5,25.27,25.5,24.94,1732165200000000000,1577
TORO,21032,2.75,2.72,2.7697,2.6616,1732165200000000000,396
TOST,15695536,42.25,42.36,43.29,42.01,1732165200000000000,82567
TOTL,934691,39.94,39.89,39.9887,39.86,1732165200000000000,1353
TOTR,5174,40.42,40.3799,40.42,40.3467,1732165200000000000,42
TOUR,194938,1.01,1.02,1.04,1.01,1732165200000000000,459
TOUS,6223,27.1,27.18,27.215,27.1,1732165200000000000,35
TOVX,53505,1.28,1.28,1.32,1.2315,1732165200000000000,372
TOWN,181745,34.94,35.31,35.7,34.94,1732165200000000000,5024
TOYO,12055,2.9512,2.76,3.03,2.71,1732165200000000000,439
TPB,188278,62.61,61.84,63.51,61.23,1732165200000000000,5888
TPC,418265,29.03,28.69,29.89,28.54,1732165200000000000,7413
TPCS,12155,3.15,3.07,3.18,3.07,1732165200000000000,111
TPET,174328,1.23,1.17,1.2301,1.1201,1732165200000000000,859
TPG,1556751,68.88,69.7,70.39,67.71,1732165200000000000,20674
TPGXL,13485,26.06,26.2,26.2097,26.05,1732165200000000000,194
TPH,528462,41.89,41.97,42.39,41.77,1732165200000000000,10080
TPHD,16177,38.5433,39.0648,39.1212,38.52,1732165200000000000,142
TPHE,3859,26.29,26.6215,26.6215,26.271,1732165200000000000,47
TPIC,605739,1.98,1.95,2.02,1.92,1732165200000000000,4364
TPIF,9733,26.97,27.0196,27.06,26.96,1732165200000000000,103
TPL,199847,1458.79,1515.53,1526.04,1442.6571,1732165200000000000,13339
TPLC,52556,44.98,45.42,45.54,44.98,1732165200000000000,520
TPLE,54,27.1343,27.1343,27.1343,27.1343,1732165200000000000,11
TPMN,5576,24.02,24.0112,24.02,23.97,1732165200000000000,41
TPOR,15386,36.63,37.07,37.3689,36.45,1732165200000000000,198
TPR,2504041,55.32,56.41,56.63,54.98,1732165200000000000,32052
TPSC,5945,41.1,41.577,41.67,41.0801,1732165200000000000,80
TPST,696344,0.89,0.8936,0.9185,0.8656,1732165200000000000,2366
TPTA,465,17.79,17.675,17.79,17.675,1732165200000000000,6
TPVG,220366,7.94,8.04,8.08,7.94,1732165200000000000,2081
TPX,955296,53.64,54.4,54.48,53.11,1732165200000000000,15672
TPYP,32614,36.08,36.64,36.71,36.005,1732165200000000000,336
TPZ,11699,20.5,20.77,20.79,20.47,1732165200000000000,83
TQQQ,54932767,78.55,77.96,78.88,74.56,1732165200000000000,369204
TR,123835,32.29,32.94,32.94,32.28,1732165200000000000,3606
TRAK,79898,23.99,22.67,24,22.63,1732165200000000000,1939
TRAW,3869,4.32,4.51,4.85,4.32,1732165200000000000,168
TRC,107036,15.75,15.63,15.75,15.53,1732165200000000000,2381
TRDA,85051,17.85,18.05,18.4,17.6,1732165200000000000,3182
TREE,280664,43.54,43.65,44.45,42.705,1732165200000000000,5648
TREX,970037,68.85,70.34,70.72,68.07,1732165200000000000,14361
TRFK,19715,51.55,51.3895,51.88,51.07,1732165200000000000,86
TRFM,20583,38.65,38.794,38.96,38.38,1732165200000000000,30
TRGP,1175548,205,207.69,208.15,202.845,1732165200000000000,28227
TRI,429737,161.02,161.84,162.23,159.62,1732165200000000000,5489
TRIB,22590,1.28,1.3,1.32,1.2701,1732165200000000000,122
TRIN,327680,14.26,14.26,14.3399,14.23,1732165200000000000,4663
TRINI,30719,25.4,25.28,25.43,25.26,1732165200000000000,232
TRINL,604,25.358,25.35,25.358,25.35,1732165200000000000,23
TRINZ,23945,25.36,25.33,25.3601,25.2499,1732165200000000000,110
TRIP,1644766,13.37,13.45,13.53,13.26,1732165200000000000,23021
TRMB,1643403,70.5,71.43,72.13,70.4,1732165200000000000,21405
TRMD,2288389,22.4,21.71,22.4,21.52,1732165200000000000,20368
TRMK,309137,37.67,38.2,38.74,37.67,1732165200000000000,6416
TRML,188865,23.86,22.72,24.365,22.57,1732165200000000000,4739
TRN,456385,37.15,37.17,37.73,36.96,1732165200000000000,7697
TRND,3561,33.72,33.7111,33.76,33.7012,1732165200000000000,24
TRNO,1283860,59.84,60.23,60.9,59.79,1732165200000000000,10036
TRNR,9383780,4.09,4,4.31,3.59,1732165200000000000,80043
TRNS,70731,104.02,106.79,107.97,102.585,1732165200000000000,2921
TROO,9972,1.84,1.73,1.84,1.65,1732165200000000000,79
TROW,1476953,118.19,118.18,118.85,116.89,1732165200000000000,21022
TROX,1013571,11.72,12.11,12.13,11.63,1732165200000000000,11251
TRP,2567908,49.35,50.23,50.295,49.06,1732165200000000000,23303
TRS,150173,26.34,26.59,26.905,26.19,1732165200000000000,4202
TRSG,4185,2.2142,2.16,2.32,2.16,1732165200000000000,108
TRST,71721,36.34,36.77,37.08,36.335,1732165200000000000,2969
TRSY,5,30.155,30.155,30.155,30.155,1732165200000000000,1
TRT,22845,6.84,7.19,7.1901,6.67,1732165200000000000,125
TRTNpA,1849,25.85,25.71,25.85,25.71,1732165200000000000,16
TRTNpB,4359,25.3373,25.29,25.3373,25.29,1732165200000000000,64
TRTNpC,16364,24.69,24.91,25.0048,24.62,1732165200000000000,167
TRTNpD,7150,24.3,24.2999,24.32,24.06,1732165200000000000,85
TRTNpE,9978,21.55,21.9307,22.06,21.17,1732165200000000000,144
TRTX,314660,8.76,8.78,8.84,8.7,1732165200000000000,4559
TRTXpC,976,19.2,19.2,19.225,19.2,1732165200000000000,16
TRTY,7206,26,26.1557,26.1557,25.9999,1732165200000000000,53
TRU,1534515,96.76,98.7,99.375,96.04,1732165200000000000,23872
TRUE,220528,3.92,3.97,4.005,3.82,1732165200000000000,2202
TRUG,140663,0.44,0.449,0.4492,0.4159,1732165200000000000,2562
TRUP,484931,52.08,52.65,54.13,50.75,1732165200000000000,10393
TRV,1285463,257.19,260.81,262.15,255.09,1732165200000000000,25489
TRVG,55819,1.66,1.69,1.69,1.65,1732165200000000000,329
TRVI,139872,2.77,2.73,2.83,2.73,1732165200000000000,1592
TRX,483374,0.3558,0.3541,0.3595,0.35065,1732165200000000000,563
TS,1263262,36.93,37,37.28,36.8303,1732165200000000000,15277
TSAT,27253,11.04,11.71,11.99,11.04,1732165200000000000,960
TSBK,13441,32.77,33.05,33.145,32.615,1732165200000000000,688
TSBX,150605,0.4611,0.4695,0.4825,0.443,1732165200000000000,257
TSCO,863581,272.45,273.63,275.04,270.54,1732165200000000000,21411
TSDD,14694227,2.6,2.66,2.73,2.54,1732165200000000000,7568
TSE,172729,3.26,3.46,3.505,3.2241,1732165200000000000,2054
TSEC,130,26.14,26.14,26.14,26.14,1732165200000000000,4
TSEM,522250,46.8,47.81,47.9,46.36,1732165200000000000,9545
TSEP,915,19.8,19.7602,19.8,19.7602,1732165200000000000,10
TSHA,5278203,2.03,2.18,2.2,1.98,1732165200000000000,10347
TSI,14751,4.96,4.94,4.97,4.94,1732165200000000000,57
TSL,266249,14.93,14.71,15.15,14.5,1732165200000000000,1582
TSLA,58011719,343.81,339.64,347.9899,335.28,1732165200000000000,894804
TSLL,47486094,21.355,20.83,21.86,20.305,1732165200000000000,204340
TSLP,6532,27.24,26.9879,27.24,26.85,1732165200000000000,136
TSLQ,17514172,7.31,7.5,7.68,7.135,1732165200000000000,28943
TSLR,838377,33.09,32.21,33.82,31.43,1732165200000000000,4415
TSLS,6015750,9.84,9.98,10.0899,9.73,1732165200000000000,6586
TSLT,3235739,29.1,28.39,29.79,27.66,1732165200000000000,23176
TSLW,3060,47.7,46.9138,48,46.57,1732165200000000000,38
TSLX,242137,20.5,20.56,20.6475,20.46,1732165200000000000,4199
TSLY,2136946,15.37,15.28,15.51,15.1,1732165200000000000,19618
TSLZ,26125484,3.995,4.1,4.2021,3.9,1732165200000000000,20178
TSM,18137330,189.41,191.24,192.3,186.74,1732165200000000000,185133
TSME,24387,38.73,39.34,39.4768,38.699,1732165200000000000,214
TSMU,12341,23.78,24.0382,24.289,23.27,1732165200000000000,90
TSMX,308205,28,28.41,28.7399,27.2,1732165200000000000,3404
TSMY,39546,19.79,19.83,19.8599,19.43,1732165200000000000,601
TSMZ,422,22.79,22.74,22.79,22.74,1732165200000000000,19
TSN,3172734,63.24,63.77,64.37,63.0001,1732165200000000000,29592
TSPA,154138,37.44,37.37,37.4694,37.015,1732165200000000000,1368
TSPY,5622,25.82,25.86,25.86,25.56,1732165200000000000,123
TSQ,42068,9.8,9.99,10.02,9.8,1732165200000000000,604
TSSI,1124891,7.65,7.31,7.9,7.29,1732165200000000000,4379
TSVT,230617,3.11,3.16,3.17,3.02,1732165200000000000,2585
TT,1088948,412.04,415.39,418.2,410.57,1732165200000000000,22727
TTAC,47589,68.15,68.7419,68.79,67.8899,1732165200000000000,49
TTAI,26154,29.328186,29.3902,29.45,29.3,1732165200000000000,51
TTC,459783,81.9,83.81,83.96,81.685,1732165200000000000,9785
TTD,4378121,125.34,127.35,128.55,122.31,1732165200000000000,55487
TTE,2649638,60.25,60.03,60.43,59.63,1732165200000000000,24408
TTEC,384218,4.5,4.81,4.84,4.472,1732165200000000000,4246
TTEK,3007101,40.36,40.79,41.2,40.06,1732165200000000000,30217
TTEQ,1284,25.64,25.7513,25.83,25.49,1732165200000000000,11
TTGT,136492,30.06,30.95,31.365,29.78,1732165200000000000,2549
TTI,741909,4,4.04,4.08,3.97,1732165200000000000,5616
TTMI,769734,23.52,23.64,23.81,23.18,1732165200000000000,13147
TTNP,71161,3.7,3.93,4.34,3.54,1732165200000000000,443
TTOO,543546,0.455,0.4258,0.4796,0.4156,1732165200000000000,1922
TTP,3539,50.65,51.942,52.035,50.65,1732165200000000000,38
TTSH,92765,6.31,6.47,6.51,6.16,1732165200000000000,1110
TTT,1520,75.72,75.8476,76,75.72,1732165200000000000,94
TTWO,1168954,187.31,186.58,187.31,184.91,1732165200000000000,30070
TU,3297256,15.49,15.32,15.49,15.1798,1732165200000000000,10241
TUA,171846,21.35,21.28,21.39,21.28,1732165200000000000,529
TUG,8705,34.5,34.65,34.65,34.41,1732165200000000000,62
TUGN,15214,23.72,23.75,23.8167,23.5301,1732165200000000000,96
TUR,114123,35.13,35.3,35.3987,35.0997,1732165200000000000,1482
TURB,6748,1.47,1.5,1.5707,1.4601,1732165200000000000,72
TURN,43436,3.34,3.32,3.35,3.265,1732165200000000000,105
TUSI,23141,25.42,25.425,25.4498,25.402,1732165200000000000,37
TUSK,79952,3.26,3.23,3.29,3.21,1732165200000000000,670
TUYA,574340,1.57,1.61,1.62,1.55,1732165200000000000,1887
TV,2685820,2,2.06,2.07,1.9535,1732165200000000000,6426
TVAL,17203,32.69,32.91,32.98,32.668,1732165200000000000,103
TVC,12934,22.82,22.95,22.97,22.82,1732165200000000000,113
TVE,16184,22.27,22.43,22.4311,22.27,1732165200000000000,184
TVGN,4277958,1.4,1.64,1.7,1.3605,1732165200000000000,12012
TVGNW,49400,0.063,0.055,0.063,0.0422,1732165200000000000,132
TVTX,905934,17.96,18.26,18.64,17.89,1732165200000000000,11372
TW,999371,135.24,135.07,135.83,132.03,1732165200000000000,17234
TWFG,136516,32.56,33.41,33.81,32.15,1732165200000000000,2760
TWG,1327745,0.28,0.2767,0.2863,0.2702,1732165200000000000,2574
TWI,492590,6.81,7.09,7.135,6.765,1732165200000000000,6102
TWIN,26509,10.91,11.17,11.36,10.88,1732165200000000000,1155
TWIO,6710,9.21,9.26,9.31,9.21,1732165200000000000,28
TWLO,4216449,98.62,102.07,102.49,98.6,1732165200000000000,59150
TWM,234245,41.17,40.31,41.52,39.96,1732165200000000000,1962
TWN,43936,41.78,42.3,42.89,41.2167,1732165200000000000,288
TWO,650815,11.46,11.56,11.58,11.435,1732165200000000000,6578
TWOpA,4756,24.3701,24.23,24.53,24.1259,1732165200000000000,37
TWOpB,13140,23.8854,23.7166,24.17,23.6,1732165200000000000,169
TWOpC,13875,24.663,24.83,24.8423,24.663,1732165200000000000,146
TWST,804156,41.18,41.66,42.99,39.81,1732165200000000000,14429
TX,81899,33.5,33.38,33.69,33.265,1732165200000000000,2692
TXG,1626218,13.3,13.29,13.51,13.015,1732165200000000000,20400
TXMD,13215,1.32,1.33,1.38,1.32,1732165200000000000,276
TXN,8080302,198.25,198.2,200.43,195.9,1732165200000000000,111265
TXNM,612386,47.87,48.47,48.59,47.63,1732165200000000000,8458
TXO,110972,18.05,18.01,18.26,17.85,1732165200000000000,861
TXRH,553114,193.72,192.56,194.56,192.39,1732165200000000000,16773
TXS,4002,34.26,34.3993,34.5,34.15,1732165200000000000,98
TXSS,6,29.21,29.21,29.21,29.21,1732165200000000000,4
TXT,1194248,82.25,83.96,84.11,81.79,1732165200000000000,19169
TY,30752,33.73,33.78,33.86,33.65,1732165200000000000,396
TYp,1726,46.2,46.24,46.24,46.2,1732165200000000000,16
TYA,20323,12.73,12.67,12.8,12.66,1732165200000000000,132
TYD,24629,24.62,24.43,24.6598,24.35,1732165200000000000,253
TYG,57923,44.23,45.21,45.3369,44.23,1732165200000000000,583
TYGO,36239,1.022,0.96,1.0362,0.96,1732165200000000000,193
TYL,322682,605.57,597.21,605.72,596.77,1732165200000000000,12085
TYLD,1364,25.325,25.34,25.34,25.325,1732165200000000000,10
TYLG,1048,33.73,33.6363,33.74,33.6363,1732165200000000000,39
TYO,43257,14.37,14.4706,14.51,14.34,1732165200000000000,189
TYRA,102209,15.87,15.36,16.0945,15.33,1732165200000000000,2695
TZA,35982749,11.41,11.04,11.56,10.8971,1732165200000000000,40289
TZOO,84030,18.41,19.11,19.28,18.41,1732165200000000000,2287
TZUP,105477,3.84,4.05,4.43,3.7801,1732165200000000000,809
U,15567432,21.71,22.46,22.8,21.58,1732165200000000000,107206
UA,3937625,8.34,8.43,8.475,8.22,1732165200000000000,14864
UAA,8310882,9.13,9.24,9.32,9,1732165200000000000,36992
UAE,266092,15.38,15.47,15.52,15.36,1732165200000000000,1324
UAL,6126981,95,94.4,95.99,93.71,1732165200000000000,79655
UAMY,534509,0.7383,0.72,0.74,0.7,1732165200000000000,1223
UAN,32306,71.2,71.62,72.4,71,1732165200000000000,759
UAPR,12383,30.75,30.8449,30.8767,30.7,1732165200000000000,29
UAUG,24274,35.46,35.5661,35.61,35.425,1732165200000000000,269
UAVS,1506724,3.51,3.2,3.54,3.11,1732165200000000000,6993
UBCP,13418,12.4136,12.6131,12.81,12.41,1732165200000000000,145
UBER,25657713,70.25,69.64,70.87,68.8,1732165200000000000,173592
UBFO,33519,9.48,9.54,9.69,9.48,1732165200000000000,699
UBND,98718,21.55,21.58,21.58,21.53,1732165200000000000,152
UBOT,12256,24.715,24.93,25.08,24.22,1732165200000000000,192
UBR,1177,18.859,18.7683,18.859,18.7683,1732165200000000000,12
UBRL,21556,22.43,22.09,22.72,21.6,1732165200000000000,226
UBS,1249597,31.83,31.74,31.9012,31.605,1732165200000000000,12635
UBSI,467540,41.66,41.74,42.3,41.425,1732165200000000000,8414
UBT,21924,18.19,18.14,18.3435,18.05,1732165200000000000,243
UBX,51730,1.15,1.16,1.17,1.14,1732165200000000000,487
UBXG,387399,0.3,0.3,0.31,0.285,1732165200000000000,850
UCAR,22166,6.39,6.625,6.625,6.3023,1732165200000000000,2298
UCB,546821,32.81,33.13,33.4,32.7,1732165200000000000,10242
UCBpI,14256,24.85,24.8,25,24.75,1732165200000000000,135
UCC,1639,47.86,47.9751,47.9751,47.29,1732165200000000000,29
UCIB,11422,26.5,25.475,26.5,24.42,1732165200000000000,81
UCL,23184,1.28,1.25,1.28,1.25,1732165200000000000,106
UCO,1794452,26.61,26.64,26.674,26.17,1732165200000000000,11213
UCON,775098,24.71,24.66,24.71,24.63,1732165200000000000,1733
UCRD,204,21.21,21.165,21.21,21.165,1732165200000000000,4
UCTT,256260,36.01,37.2,37.37,35.865,1732165200000000000,6464
UCYB,2786,47.42,48.25,48.53,47.42,1732165200000000000,53
UDEC,14741,35.32,35.3852,35.42,35.31,1732165200000000000,36
UDI,15,30.683,30.683,30.683,30.683,1732165200000000000,3
UDIV,8434,45.78,46.2354,46.2885,45.78,1732165200000000000,36
UDMY,836472,7.502,7.55,7.57,7.37,1732165200000000000,8735
UDN,76928,17.89,17.81,17.905,17.78,1732165200000000000,368
UDOW,2977678,102.84,105,106.1151,101.29,1732165200000000000,32012
UDR,1086940,44.44,44.81,45.07,44.23,1732165200000000000,13658
UE,1007996,23,22.95,23.085,22.87,1732165200000000000,10875
UEC,6755018,8.35,8.4,8.46,8.115,1732165200000000000,32959
UEIC,72074,11.83,11.67,11.93,11.435,1732165200000000000,1363
UEVM,2761,47.16,47.24,47.25,47.16,1732165200000000000,25
UFCS,229171,27.85,29.75,29.77,27.7,1732165200000000000,4927
UFEB,2541,33.01,33.0102,33.0102,32.96,1732165200000000000,25
UFI,80947,5.57,5.72,5.93,5.57,1732165200000000000,1108
UFIV,1894,48.16,48.105,48.16,48.105,1732165200000000000,52
UFO,25086,21.51,22.23,22.3724,21.3766,1732165200000000000,419
UFPI,160339,129.42,130.52,131.55,129.05,1732165200000000000,5553
UFPT,53167,303.38,304.79,306.36,296.85,1732165200000000000,3606
UG,15404,9.9,9.75,10.16,9.71,1732165200000000000,174
UGA,47136,62.8,62.84,62.985,62.12,1732165200000000000,315
UGE,10818,18.85,19.18,19.2099,18.84,1732165200000000000,103
UGI,2267303,24.31,24.78,24.845,24.23,1732165200000000000,23493
UGL,184521,97.26,97.38,97.75,96.82,1732165200000000000,2506
UGP,4532046,3.12,3.15,3.1883,3.12,1732165200000000000,8353
UGRO,41031,1.6,1.64,1.64,1.4,1732165200000000000,194
UHAL,100701,67.55,69.3,69.855,67.55,1732165200000000000,4080
UHAL.B,305100,60.52,61.65,62.28,60.3,1732165200000000000,5965
UHG,20191,6.2,6.04,6.515,5.935,1732165200000000000,316
UHGWW,404,0.9503,0.9101,0.9503,0.9101,1732165200000000000,9
UHS,999460,195,197.61,197.785,189.41,1732165200000000000,18407
UHT,54861,40.44,40.65,40.865,40.19,1732165200000000000,2249
UI,100392,343.15,345.72,353.7,340,1732165200000000000,7033
UIS,408558,7.49,7.8,7.855,7.45,1732165200000000000,6775
UITB,147739,46.39,46.37,46.45,46.31,1732165200000000000,409
UIVM,73,47.2195,47.2195,47.2195,47.2195,1732165200000000000,8
UJAN,7040,38.75,38.65,38.75,38.5906,1732165200000000000,39
UJB,1376,73.59,73.5212,73.62,73.5212,1732165200000000000,9
UJUL,3573,34.57,34.547,34.5739,34.385,1732165200000000000,26
UJUN,2973,33.6956,33.7798,33.7798,33.65,1732165200000000000,18
UK,10706,1.18,1.22,1.23,1.1793,1732165200000000000,96
UKOMW,2253,0.01,0.01,0.01,0.01,1732165200000000000,14
UL,2930273,57.22,57.63,57.6555,57.17,1732165200000000000,26485
ULBI,65444,7.22,7.32,7.52,7.155,1732165200000000000,1259
ULCC,2374240,5.47,5.55,5.68,5.44,1732165200000000000,17536
ULE,30577,10.74,10.74,10.74,10.68,1732165200000000000,129
ULH,39560,48.27,49.14,49.59,48.235,1732165200000000000,1885
ULS,563117,52.54,53.12,53.51,52.38,1732165200000000000,7599
ULST,70950,40.53,40.53,40.545,40.52,1732165200000000000,240
ULTA,1296277,339.24,338.78,339.84,331.74,1732165200000000000,39469
ULTY,1420849,9.9,9.94,9.98,9.81,1732165200000000000,6644
ULVM,173,85.51,85.9147,85.9147,85.51,1732165200000000000,13
ULY,158180,0.4704,0.445,0.4844,0.4115,1732165200000000000,673
UMAC,402470,3.84,3.81,4.06,3.22,1732165200000000000,2791
UMAR,3631,35.45,35.5552,35.5552,35.438968,1732165200000000000,28
UMAY,4668,33.43,33.51,33.51,33.4,1732165200000000000,13
UMBF,220850,123.2,123.13,124.71,121.05,1732165200000000000,6645
UMC,11842572,6.84,6.77,6.845,6.71,1732165200000000000,23449
UMDD,18428,30.5,31.69,31.855,30.385,1732165200000000000,143
UMH,279646,19.16,19.29,19.33,19.015,1732165200000000000,5540
UMHpD,21209,23.1,23.12,23.25,23.07,1732165200000000000,208
UMI,45005,52.58,53.6138,53.6599,52.5054,1732165200000000000,676
UMMA,16414,23.8,24.02,24.03,23.77,1732165200000000000,746
UNB,2819,31.02,31.035,31.45,30.99,1732165200000000000,63
UNCY,874189,0.52,0.5278,0.536,0.5,1732165200000000000,1915
UNF,75466,193.47,196.07,197,192.01,1732165200000000000,3963
UNFI,674813,22.94,23.61,23.68,22.558,1732165200000000000,8642
UNG,11904813,15.39,15.15,15.52,14.81,1732165200000000000,27996
UNH,2722929,600,597.49,604,596.73,1732165200000000000,63600
UNIT,2701340,5.68,5.9,5.915,5.65,1732165200000000000,10610
UNIY,2,48.585,48.585,48.585,48.585,1732165200000000000,2
UNL,204019,7.79,7.73,7.81,7.641,1732165200000000000,435
UNM,2064510,74.5,75.43,75.93,74.1,1732165200000000000,24967
UNMA,15148,24.93,25.09,25.149,24.93,1732165200000000000,115
UNOV,19599,34.56,34.66,34.6899,34.5,1732165200000000000,67
UNP,3490763,234.07,239.02,239.93,233.67,1732165200000000000,43672
UNTY,17145,45.4,45.88,46.33,45.28,1732165200000000000,981
UOCT,6584,35.2009,35.311,35.35,35.165,1732165200000000000,50
UONE,52198,1.37,1.45,1.47,1.37,1732165200000000000,289
UONEK,10761,0.9212,1.01,1.01,0.9212,1732165200000000000,148
UP,1201091,2.1,2.18,2.235,2.06,1732165200000000000,6059
UPAR,1079,13.67,13.72,13.75,13.67,1732165200000000000,17
UPB,292679,17.26,17.8,20,17.0885,1732165200000000000,5445
UPBD,261365,32.43,32.99,33.19,32.2945,1732165200000000000,6322
UPC,40495,1.82,1.79,1.8458,1.7101,1732165200000000000,795
UPGD,1682,73.2933,73.9687,74,73.2933,1732165200000000000,26
UPGR,8,18.52,18.52,18.52,18.52,1732165200000000000,3
UPLD,589525,3.85,3.28,3.86,3.12,1732165200000000000,3849
UPRO,4944499,93.07,93.17,93.8499,90.2917,1732165200000000000,38284
UPS,3014861,131.77,131.37,132.55,131.01,1732165200000000000,44785
UPSD,2533,25.09,25.2132,25.2132,24.9797,1732165200000000000,16
UPST,6850446,71.335,71.43,75.19,69.8816,1732165200000000000,69575
UPV,5,56.3075,56.3075,56.3075,56.3075,1732165200000000000,3
UPW,5711,81.36,84.0615,84.0615,80.74,1732165200000000000,111
UPWK,2072087,15.03,15.38,15.39,14.77,1732165200000000000,16985
UPXI,129987,4.4,5.21,5.25,4.4,1732165200000000000,1184
URA,3154863,32.18,33.1,33.16,31.8,1732165200000000000,21349
URAA,34829,25.9201,27.55,27.55,25.64,1732165200000000000,311
URAN,7914,33.16,34.1014,34.13,32.43,1732165200000000000,112
URAX,34796,17.41,18.7,18.72,17.2118,1732165200000000000,214
URBN,1489329,37.24,37.36,37.53,36.48,1732165200000000000,23461
URE,1685,71.291,72.1854,72.2902,71.291,1732165200000000000,62
URG,4524071,1.33,1.36,1.4,1.33,1732165200000000000,7698
URGN,549662,11.53,11.55,11.82,11.31,1732165200000000000,4567
URI,711813,824,840.74,843.525,819.01,1732165200000000000,24698
URNJ,96774,23.71,24.16,24.1899,23.19,1732165200000000000,1164
URNM,385154,48.58,49.74,49.82,48.05,1732165200000000000,4588
UROY,1807811,2.65,2.68,2.7197,2.6,1732165200000000000,5232
URTH,288846,158.38,158.57,158.9,157.3001,1732165200000000000,1725
URTY,1471782,58.39,60.1,60.89,57.65,1732165200000000000,7450
USA,496117,7.19,7.19,7.22,7.15,1732165200000000000,1432
USAC,269783,23.78,23.85,24.0515,23.61,1732165200000000000,2457
USAF,65039,27.1389,25.195,27.1392,25.11,1732165200000000000,297
USAI,10083,41.05,41.7748,41.7991,40.9615,1732165200000000000,72
USAP,112130,44.2,44.17,44.24,44.01,1732165200000000000,2621
USAS,670196,0.3796,0.3798,0.384,0.3606,1732165200000000000,1331
USAU,190890,7.85,7.88,8.1499,7.785,1732165200000000000,2417
USB,8218027,50.85,51.39,52.08,50.8,1732165200000000000,73982
USBpA,1544,858,860,860,858,1732165200000000000,95
USBpH,74697,22.14,22.25,22.37,22.14,1732165200000000000,611
USBpP,72654,24.61,24.8,24.83,24.4821,1732165200000000000,765
USBpQ,31696,16.93,17.15,17.21,16.9101,1732165200000000000,268
USBpR,77951,18.09,18.25,18.3,18.0006,1732165200000000000,518
USBpS,122454,20.96,20.95,21.07,20.8305,1732165200000000000,710
USCA,230,37.5774,37.5774,37.5774,37.5774,1732165200000000000,34
USCB,47586,19.91,20.17,20.2,19.02,1732165200000000000,1475
USCF,422,31.37,31.5461,31.5461,31.3549,1732165200000000000,5
USCI,8022,64.6,64.4086,64.603,64.22,1732165200000000000,124
USCL,1275,71.09,71.3731,71.3731,71.08,1732165200000000000,27
USD,1116044,69.15,67.84,71.28,63.49,1732165200000000000,15716
USDU,716452,28.08,28.09,28.16,27.99,1732165200000000000,2302
USDX,42768,26.24,26.21,26.265,26.2,1732165200000000000,133
USE,5,36.9735,36.9735,36.9735,36.9735,1732165200000000000,2
USEA,32605,2.17,2.11,2.17,2.1,1732165200000000000,369
USEG,113035,1.74,1.85,1.8799,1.73,1732165200000000000,580
USEP,1712,35.26,35.19,35.26,35.08,1732165200000000000,18
USFD,2108545,66.6,67.92,68.08,66.46,1732165200000000000,22145
USFI,22,24.39,24.39,24.39,24.39,1732165200000000000,2
USFR,2940076,50.42,50.43,50.43,50.42,1732165200000000000,5167
USG,3969,29.96,29.9422,30,29.9008,1732165200000000000,30
USGO,38526,10.48,10.12,10.48,9.52,1732165200000000000,1495
USGOW,11201,2.15,1.78,2.16,1.74,1732165200000000000,131
USHY,16908726,37.29,37.25,37.42,37.23,1732165200000000000,11433
USIG,854232,50.85,50.82,50.99,50.7801,1732165200000000000,5116
USIN,475,49.32,49.3341,49.3341,49.31,1732165200000000000,5
USIO,16579,1.45,1.485,1.49,1.42,1732165200000000000,371
USL,2525,37.32,37.3372,37.34,37.11,1732165200000000000,56
USLM,171010,141.65,150.33,151.47,141.16,1732165200000000000,6051
USM,153225,63.2,63.94,64.23,62.615,1732165200000000000,3470
USMC,109118,59.18,59.12,59.325,58.56,1732165200000000000,387
USMF,17071,51.17,51.7975,51.825,51.17,1732165200000000000,119
USML,0,42.1955,42.1955,42.1955,42.1955,1732165200000000000,0
USMV,1744528,92.16,92.96,93.035,91.8,1732165200000000000,10876
USNA,64073,39.7,39.36,39.99,39.32,1732165200000000000,2280
USNZ,4,37.7909,37.7909,37.7909,37.7909,1732165200000000000,2
USO,1848051,73.13,73.2,73.26,72.39,1732165200000000000,17702
USOI,55771,64.12,64.52,64.67,64.06,1732165200000000000,591
USOY,23508,14.91,14.9,14.94,14.87,1732165200000000000,313
USPH,125883,94.22,96.94,97.33,93.55,1732165200000000000,4681
USPX,63050,52,52.1652,52.24,51.68,1732165200000000000,63
USRD,417,31.1863,31.4806,31.5,31.1863,1732165200000000000,5
USRT,738879,60.66,61.01,61.24,60.5,1732165200000000000,1601
USSE,26923,32.49,32.68,32.7759,32.49,1732165200000000000,53
USSG,88966,55.3935,55.34,55.51,54.859,1732165200000000000,230
USSH,1000,50.2336,50.22,50.2336,50.2001,1732165200000000000,3
UST,4127,42.185,41.91,42.215,41.91,1732165200000000000,57
USTB,72010,50.23,50.28,50.29,50.23,1732165200000000000,357
USVM,4340,88.85,89.7892,89.93,88.85,1732165200000000000,61
USVN,164,47.35,47.37,47.37,47.35,1732165200000000000,16
USXF,72028,51.71,51.87,52.0383,51.12,1732165200000000000,476
UTEN,41928,43.23,43.16,43.31,43.1,1732165200000000000,317
UTES,152762,67.84,69.69,69.71,67.5,1732165200000000000,1446
UTF,163274,25.39,25.6,25.63,25.35,1732165200000000000,880
UTG,261000,33.96,34.39,34.39,33.8,1732165200000000000,1903
UTHR,202012,367.2,367.36,370.34,361.58,1732165200000000000,8324
UTHY,2941,43.11,43.03,43.26,42.9008,1732165200000000000,57
UTI,1765908,22.26,23.61,24.44,22.1,1732165200000000000,19991
UTL,73441,59.33,60.23,61.01,59.11,1732165200000000000,3049
UTMD,18620,64.2,64.57,64.57,63.96,1732165200000000000,1007
UTRE,280,48.9795,48.94,48.9795,48.94,1732165200000000000,28
UTRN,2,31.6983,31.6983,31.6983,31.6983,1732165200000000000,2
UTSI,5859,2.99,2.85,2.99,2.73,1732165200000000000,54
UTSL,170477,38.6,40.44,40.5699,38.05,1732165200000000000,1903
UTWO,76795,48.12,48.085,48.14,48.08,1732165200000000000,360
UTWY,438,44.43,44.45,44.45,44.43,1732165200000000000,19
UTZ,528478,16.71,16.91,17.09,16.52,1732165200000000000,7228
UUP,706186,30.06,30.17,30.195,29.99,1732165200000000000,2407
UUU,37810,2.11,2.155,2.17,2.11,1732165200000000000,122
UUUU,4071667,7.02,7.06,7.13,6.875,1732165200000000000,20874
UVE,75403,22.43,22.59,22.76,22.25,1732165200000000000,2514
UVIX,33215741,3.84,4.02,4.3,3.81,1732165200000000000,44780
UVSP,80958,30.72,30.92,31.32,30.61,1732165200000000000,2713
UVV,255270,55.11,55.68,56.16,55.03,1732165200000000000,3996
UVXY,11890321,22.1,22.77,23.99,21.92,1732165200000000000,93950
UWM,607053,46.67,47.64,48.0201,46.3021,1732165200000000000,2854
UWMC,1889371,6.08,6.02,6.21,6,1732165200000000000,15639
UWMC.WS,15668,0.1685,0.1767,0.187,0.1685,1732165200000000000,20
UXI,4283,40.6,41.2768,41.4364,40.6,1732165200000000000,101
UXIN,199443,5.45,5.89,6.08,5.38,1732165200000000000,1771
UXOC,206,30.9044,30.9044,30.9044,30.9044,1732165200000000000,4
UYG,26550,91.31,92.5559,93.22,90.82,1732165200000000000,495
UYLD,167501,51.17,51.18,51.19,51.17,1732165200000000000,240
UYM,1480,27.74,28.21,28.21,27.4513,1732165200000000000,56
UZD,48533,23.72,23.76,23.99,23.72,1732165200000000000,506
UZE,27866,22.71,22.7,23.021,22.675,1732165200000000000,674
UZF,17941,22.74,22.77,23.14,22.69,1732165200000000000,297
V,5757406,307.3,309.9,310.92,306.65,1732165200000000000,97250
VABK,7073,41.8,42.2,42.21,41.645,1732165200000000000,246
VABS,391,24.16,24.1672,24.17,24.16,1732165200000000000,4
VAC,238525,90.53,91.93,92.3,90.36,1732165200000000000,7688
VACH,8991,10.015,10.02,10.02,10.01,1732165200000000000,41
VACHU,649,10.08,10.08,10.08,10.08,1732165200000000000,2
VACHW,69397,0.08,0.08,0.08,0.08,1732165200000000000,2
VAL,3683623,47.67,47.69,47.96,46.91,1732165200000000000,32221
VAL.WS,18318,8.12,8.1602,8.31,8.11,1732165200000000000,91
VALE,28912905,9.87,9.96,9.97,9.84,1732165200000000000,41062
VALN,15038,4.55,4.42,4.56,4.2701,1732165200000000000,185
VALQ,9033,62.42,63.18,63.2,62.36,1732165200000000000,56
VALU,2935,51.605,51.32,51.605,51.04,1732165200000000000,167
VAMO,2604,31.63,31.7802,31.85,31.63,1732165200000000000,64
VANI,117921,1.3,1.33,1.33,1.29,1732165200000000000,496
VATE,134436,3.83,4.82,5.07,3.83,1732165200000000000,875
VAW,25559,206.96,209.38,209.38,206.7,1732165200000000000,1063
VB,680564,251.19,253.78,254.64,250.4,1732165200000000000,15024
VBF,25477,15.71,15.72,15.89,15.68,1732165200000000000,198
VBK,322706,290.19,292.61,294.17,289.1441,1732165200000000000,6092
VBND,25458,43.427,43.41,43.46,43.3504,1732165200000000000,93
VBNK,10955,17.1,17.03,17.26,17.03,1732165200000000000,139
VBR,730891,208.44,211.2,211.63,208.1,1732165200000000000,9056
VBTX,316081,29.1,29.37,29.74,29.035,1732165200000000000,4987
VC,268312,87.5,90.34,90.34,87,1732165200000000000,6907
VCAR,27505,18.85,18.05,18.85,17.8,1732165200000000000,234
VCEB,38655,62.72,62.6744,62.83,62.57,1732165200000000000,123
VCEL,560324,57.63,56.71,58.49,56.19,1732165200000000000,10301
VCIC,200,9.99,9.99,9.99,9.99,1732165200000000000,1
VCIG,612509,1.89,2.15,2.35,1.77,1732165200000000000,3057
VCIT,5668116,81.13,80.96,81.2267,80.91,1732165200000000000,16480
VCLN,1407,17.7565,17.6892,17.7565,17.6892,1732165200000000000,2
VCLT,2972778,76.72,76.6,77.04,76.485,1732165200000000000,11800
VCNX,44858,3.7,3.6,3.9499,3.37,1732165200000000000,554
VCR,24158,362.97,362.68,363.7825,360.8001,1732165200000000000,1086
VCRB,83235,76.62,76.86,76.86,76.57,1732165200000000000,554
VCRM,14004,75.22,75.32,75.64,75.165,1732165200000000000,109
VCSA,44983,2.73,2.91,2.94,2.665,1732165200000000000,939
VCSH,2260293,78.23,78.17,78.3,78.13,1732165200000000000,7238
VCTR,414023,66.98,68.5,69,66.81,1732165200000000000,9697
VCV,112992,10.27,10.27,10.28,10.214,1732165200000000000,378
VCYT,634453,39.38,38.94,39.81,38.728,1732165200000000000,11661
VDC,85691,215.54,217.87,218.168,214.955,1732165200000000000,1998
VDE,370078,135.39,136.1,136.845,135.07,1732165200000000000,5313
VEA,12278549,49.16,49.28,49.33,48.98,1732165200000000000,33268
VECO,413563,26.59,26.54,26.75,26.15,1732165200000000000,9013
VEEA,5511536,2.89,2.49,3.09,2.3,1732165200000000000,61007
VEEAW,308,0.17,0.17,0.17,0.17,1732165200000000000,3
VEEE,6159,0.4082,0.4396,0.44,0.4082,1732165200000000000,83
VEEV,909521,210.32,214.54,216.07,209.6,1732165200000000000,15879
VEGA,3394,43.86,44.22,44.31,43.86,1732165200000000000,16
VEGI,17523,36.93,37.78,37.9218,36.93,1732165200000000000,267
VEGN,646,54.16,54.47,54.47,54.16,1732165200000000000,46
VEL,33560,20.24,20.29,20.44,20.15,1732165200000000000,740
VEMY,884,27.4458,27.4458,27.4458,27.4458,1732165200000000000,28
VEON,22786,30.79,31,32.1179,30.75,1732165200000000000,287
VERA,407802,47.16,47.03,48.28,46.16,1732165200000000000,7894
VERB,57912,7.67,8.24,8.4016,7.41,1732165200000000000,1066
VERI,518869,2.72,2.735,2.75,2.63,1732165200000000000,3700
VERO,360761,0.295,0.2898,0.3194,0.2772,1732165200000000000,823
VERS,110,44.6264,44.6264,44.6264,44.6264,1732165200000000000,7
VERU,1041013,0.6293,0.6279,0.6398,0.61,1732165200000000000,2462
VERV,1398157,4.55,4.6,4.69,4.44,1732165200000000000,13433
VERX,861161,52.38,53.44,53.77,52.38,1732165200000000000,14727
VET,1496935,10.38,10.84,10.85,10.36,1732165200000000000,9031
VETZ,157,19.89,19.89,19.89,19.89,1732165200000000000,24
VEU,2230492,58.88,59.03,59.0869,58.704,1732165200000000000,11200
VFC,4267900,18.59,18.79,19.005,18.44,1732165200000000000,30896
VFF,374832,0.77,0.7696,0.7798,0.75,1732165200000000000,972
VFH,887750,122.48,123.25,123.839,122.07,1732165200000000000,5461
VFL,34368,10.57,10.57,10.6,10.56,1732165200000000000,163
VFLO,1073189,36.1,36.33,36.43,35.87,1732165200000000000,2431
VFMF,3285,137.099,137.9,137.955,137.099,1732165200000000000,96
VFMO,52020,173.71,174.69,175.35,172.65,1732165200000000000,858
VFMV,7637,124.94,125.762,125.83,124.94,1732165200000000000,124
VFQY,8628,143.7252,145.31,145.58,143.7252,1732165200000000000,142
VFS,536318,4.01,3.95,4.03,3.915,1732165200000000000,3928
VFSWW,928,0.37,0.36,0.37,0.36,1732165200000000000,7
VFVA,20206,125.25,126.519,126.76,125.05,1732165200000000000,187
VGAS,19918,4.3,4.26,4.4,4.09,1732165200000000000,327
VGASW,400,0.25,0.2499,0.25,0.2499,1732165200000000000,3
VGI,21139,7.87,7.89,7.92,7.87,1732165200000000000,113
VGIT,1864816,58.4,58.34,58.489,58.3,1732165200000000000,4810
VGK,2630078,64.44,64.57,64.655,64.26,1732165200000000000,11453
VGLT,2922497,57.04,56.93,57.27,56.785,1732165200000000000,10633
VGM,190445,10.22,10.16,10.22,10.15,1732165200000000000,815
VGSH,1454543,58.24,58.21,58.27,58.2,1732165200000000000,4510
VGSR,53336,10.6652,10.74,10.7599,10.6652,1732165200000000000,116
VGT,463215,619.56,619.28,623.26,609.5,1732165200000000000,17124
VGZ,419336,0.5757,0.587,0.594,0.54,1732165200000000000,467
VHC,14933,4.54,5.01,5.1601,4.54,1732165200000000000,123
VHI,23116,27.11,26.81,27.9147,26.71,1732165200000000000,1006
VHT,256734,263.16,265.37,265.78,261.926,1732165200000000000,5590
VIASP,9960,22.4,22.3443,22.46,22.2701,1732165200000000000,110
VIAV,1389315,9.93,9.9,10.16,9.89,1732165200000000000,12660
VICE,1665,33.191,33.3179,33.3179,33.19,1732165200000000000,46
VICI,2945210,32.17,32.37,32.475,32.02,1732165200000000000,24886
VICR,257887,53.91,54.23,54.91,53.49,1732165200000000000,6314
VIDI,16380,25.901,25.975,26,25.901,1732165200000000000,42
VIG,773239,199.5,201,201.47,198.77,1732165200000000000,12405
VIGI,201802,81.68,81.9,81.98,81.38,1732165200000000000,2074
VIGL,20014,3.07,3,3.07,2.96,1732165200000000000,304
VIK,1849108,44.3,44.91,45.107,43.72,1732165200000000000,17364
VINC,320019,0.2756,0.256,0.2756,0.248,1732165200000000000,803
VINE,164018,0.609,0.6399,0.65,0.59,1732165200000000000,493
VINO,285736,1.55,1.39,1.55,1.25,1732165200000000000,1383
VINP,73978,10.09,10.21,10.22,9.88,1732165200000000000,1284
VIOG,27658,124.27,125.43,125.95,123.86,1732165200000000000,527
VIOO,88045,112.7,113.86,114.17,112.33,1732165200000000000,1181
VIOT,156848,1.452,1.53,1.54,1.452,1732165200000000000,221
VIOV,80309,96.56,97.67,98.03,96.405,1732165200000000000,719
VIPS,4174879,13.2,13.48,13.49,12.92,1732165200000000000,35712
VIR,1848265,6.74,6.95,6.995,6.56,1732165200000000000,13150
VIRC,78131,15.68,16.11,16.2,15.31,1732165200000000000,1706
VIRT,933442,37.01,37.83,37.89,36.985,1732165200000000000,11492
VIRX,425250,0.148,0.1519,0.1549,0.1445,1732165200000000000,459
VIS,79486,270.62,273.32,274.01,269.78,1732165200000000000,1820
VISL,13093,4.23,4.33,4.45,4.14,1732165200000000000,200
VIST,1354514,51.32,51.77,52.17,50.41,1732165200000000000,11700
VITL,705844,30.02,31.03,31.12,29,1732165200000000000,12142
VIV,813803,8.71,8.71,8.78,8.665,1732165200000000000,6893
VIVK,29211,1.51,1.68,1.695,1.5,1732165200000000000,235
VIXM,118428,14.06,14.19,14.3567,14,1732165200000000000,1440
VIXY,898487,45.92,46.97,48.55,45.74,1732165200000000000,9297
VKI,142349,8.99,8.925,9.015,8.92,1732165200000000000,698
VKQ,221245,9.99,9.86,10.0084,9.86,1732165200000000000,739
VKTX,3288990,51.3,51.63,54.2799,50.5265,1732165200000000000,36630
VLCN,68379,4.54,4.8563,4.9435,4.36,1732165200000000000,1069
VLGEA,13141,31.27,31.92,31.92,31.27,1732165200000000000,575
VLLU,0,21.8135,21.8135,21.8135,21.8135,1732165200000000000,0
VLN,261946,1.99,2.07,2.135,1.94,1732165200000000000,1507
VLN.WS,5430,0.035201,0.0351,0.039,0.0351,1732165200000000000,14
VLO,1600051,142.08,141.11,143,140.72,1732165200000000000,32771
VLRS,737979,8.06,7.98,8.105,7.945,1732165200000000000,4467
VLT,18537,11.14,11.21,11.22,11.11,1732165200000000000,137
VLTO,1317070,104.89,106.01,106.42,103.88,1732165200000000000,19392
VLU,3649,191.14,192.3,192.5689,191.13,1732165200000000000,112
VLUE,160498,111.56,112.86,113.16,111.47,1732165200000000000,2968
VLY,5778474,10.23,10.25,10.39,10.15,1732165200000000000,26182
VLYPN,22793,26.13,26.29,26.4,26.13,1732165200000000000,203
VLYPO,1497,25.2301,25.18,25.27,25.18,1732165200000000000,34
VLYPP,2706,24.8185,24.85,24.98,24.8185,1732165200000000000,55
VMAR,447348,2.83,2.77,2.98,2.7328,1732165200000000000,3872
VMAX,447,51.4341,51.373,51.4441,51.373,1732165200000000000,7
VMBS,1847390,45.68,45.66,45.75,45.54,1732165200000000000,4891
VMC,792619,279.49,281.18,282.41,277.16,1732165200000000000,19027
VMD,119077,8.69,8.71,8.8,8.44,1732165200000000000,2265
VMEO,740332,6.55,6.66,6.715,6.42,1732165200000000000,7316
VMI,201020,340.49,338.74,342.655,338.08,1732165200000000000,8380
VMO,154157,9.92,9.87,9.92,9.84,1732165200000000000,663
VMOT,976,27.0848,27.0888,27.0888,27.0846,1732165200000000000,16
VNAM,105,15.2903,15.2903,15.2903,15.2903,1732165200000000000,14
VNCE,2927,1.67,1.7,1.71,1.67,1732165200000000000,55
VNDA,344865,4.91,4.94,4.94,4.83,1732165200000000000,4188
VNET,4835630,4.05,4.33,4.38,3.94,1732165200000000000,22051
VNLA,327400,48.96,48.97,49,48.96,1732165200000000000,1234
VNM,255882,11.6,11.63,11.6499,11.575,1732165200000000000,1411
VNO,748926,41.04,41.42,42.12,41.04,1732165200000000000,12311
VNOpL,16348,17.64,17.77,17.9106,17.64,1732165200000000000,144
VNOpM,81570,17.5,17.6,17.61,17.43,1732165200000000000,543
VNOpN,20767,17.68,17.81,17.81,17.5403,1732165200000000000,157
VNOpO,10523,15.69,15.82,15.9,15.61,1732165200000000000,102
VNOM,709087,54.73,54.69,55.24,54.35,1732165200000000000,9209
VNQ,2988836,94.84,95.52,95.805,94.45,1732165200000000000,34242
VNQI,238450,42.25,42.26,42.34,42.14,1732165200000000000,2321
VNRX,194438,0.8,0.811,0.84,0.7506,1732165200000000000,689
VNSE,2,34.8791,34.8791,34.8791,34.8791,1732165200000000000,2
VNT,953100,37.74,38.32,38.48,37.34,1732165200000000000,13504
VO,665283,277.25,279.28,279.87,275.93,1732165200000000000,12666
VOC,40358,5,5.01,5.1,4.98,1732165200000000000,276
VOD,5493050,8.93,8.84,8.945,8.81,1732165200000000000,14060
VOE,226911,171.22,173.09,173.37,170.79,1732165200000000000,3953
VONE,52079,270.26,270.72,271.53,268.27,1732165200000000000,603
VONG,895042,101.66,101.32,101.84,99.95,1732165200000000000,9077
VONV,551711,85.49,86.14,86.29,85.17,1732165200000000000,2526
VOO,4530619,545.58,545.64,547.07,540.04,1732165200000000000,122548
VOOG,256980,361.05,359.28,361.6,354.7956,1732165200000000000,7810
VOOV,76241,193.8,195.58,195.89,193.338,1732165200000000000,1829
VOR,359203,0.8108,0.7961,0.8108,0.7537,1732165200000000000,554
VOT,155926,264.28,265.17,266.3362,262.35,1732165200000000000,3174
VOTE,53323,69.66,69.74,69.8895,69.06,1732165200000000000,425
VOX,72303,153.84,153.12,153.84,150.81,1732165200000000000,1725
VOXR,83951,2.69,2.75,2.76,2.63,1732165200000000000,496
VOXX,190441,6.63,7.74,7.75,6.63,1732165200000000000,2199
VOYA,561266,80.5,80.68,80.87,79.55,1732165200000000000,11711
VOYApB,22127,25.44,25.21,25.48,25.16,1732165200000000000,259
VPC,5560,22.42,22.42,22.4697,22.352,1732165200000000000,66
VPG,67834,21.66,21.67,21.755,21.32,1732165200000000000,2289
VPL,341428,73.71,73.76,73.925,73.44,1732165200000000000,3457
VPLS,36485,76.79,76.845,76.95,76.72,1732165200000000000,218
VPU,221260,174.02,176.73,176.87,173.32,1732165200000000000,5065
VPV,71163,11.02,11.1,11.14,11.02,1732165200000000000,782
VRA,152359,5.16,5.27,5.28,5.07,1732165200000000000,2284
VRAI,559,24.6701,24.6378,24.68,24.6378,1732165200000000000,18
VRAR,57096,0.6029,0.6072,0.61,0.6,1732165200000000000,165
VRAX,111451,1.86,1.94,1.9606,1.82,1732165200000000000,525
VRCA,2804153,0.896,0.99,1.09,0.85,1732165200000000000,5726
VRDN,1341975,19.85,19.62,20.41,19.46,1732165200000000000,12436
VRE,227178,18.34,18.39,18.48,18.27,1732165200000000000,4504
VREX,1193474,15.54,16.51,16.56,15.42,1732165200000000000,13350
VRIG,125507,25.08,25.08,25.08,25.07,1732165200000000000,478
VRM,77722,5.39,5.36,5.6581,5.1836,1732165200000000000,2414
VRME,82776,0.75,0.7,0.764988,0.680101,1732165200000000000,362
VRN,5455980,5.43,5.4,5.545,5.39,1732165200000000000,10508
VRNA,815116,39.38,37.86,39.575,37.86,1732165200000000000,9287
VRNS,2199834,50.31,50.2,51.11,50.145,1732165200000000000,24777
VRNT,641258,23.51,23.84,24.05,23.29,1732165200000000000,13815
VRP,658854,24.31,24.35,24.35,24.3,1732165200000000000,1661
VRPX,14062392,0.5985,0.5897,0.72,0.5822,1732165200000000000,37871
VRRM,808934,23.06,23.19,23.235,22.88,1732165200000000000,12415
VRSK,518119,285.93,287.56,287.78,283.3,1732165200000000000,14181
VRSN,456524,182.27,184.9,185.15,180.7,1732165200000000000,15566
VRT,10137178,138.98,141.49,145.67,137.28,1732165200000000000,118950
VRTS,29314,236.73,239.4,240.62,232.51,1732165200000000000,1900
VRTX,1507791,454.24,450.37,455.43,445,1732165200000000000,35993
VS,34470,1.53,1.59,1.63,1.53,1732165200000000000,241
VSAT,9422596,7,8.33,8.92,6.835,1732165200000000000,71602
VSCO,1726966,36.08,34.97,36.08,34.5,1732165200000000000,21765
VSDA,14894,53.3289,53.8276,53.91,53.3289,1732165200000000000,111
VSDM,7567,75.1497,75.185,75.38,75.135,1732165200000000000,70
VSEC,149519,115.22,114.26,117.1,113.69,1732165200000000000,5492
VSEE,23769,1.35,1.37,1.3917,1.3,1732165200000000000,274
VSGX,102127,57.79,57.89,57.93,57.5548,1732165200000000000,534
VSH,1551169,15.23,15.5,15.599,15.13,1732165200000000000,17669
VSHY,7,21.9,21.9,21.9,21.9,1732165200000000000,3
VSLU,10427,36.53,36.7427,36.85,36.35,1732165200000000000,48
VSME,14996,1.11,1.08,1.12,1.06,1732165200000000000,125
VSMV,46985,49.39,49.8105,49.88,49.39,1732165200000000000,67
VSS,297482,117.66,118.08,118.2,117.52,1732165200000000000,2378
VSSYW,844,0.054059,0.0541,0.0541,0.054059,1732165200000000000,6
VST,7868541,157.74,166.61,167.6,156.86,1732165200000000000,117938
VSTA,8262,2.535,2.51,2.535,2.5,1732165200000000000,76
VSTE,286186,1.55,1.45,1.55,1.35,1732165200000000000,1052
VSTEW,33037,0.05101,0.0603,0.0669,0.041,1732165200000000000,69
VSTM,868113,3.8,3.93,4.15,3.72,1732165200000000000,6103
VSTO,433217,44.16,44.25,44.255,44.15,1732165200000000000,6848
VSTS,5026477,13.29,15.62,15.695,13.26,1732165200000000000,37555
VT,996124,119.89,120.07,120.29,119.145,1732165200000000000,15003
VTAK,151374,0.44,0.426,0.44,0.412,1732165200000000000,425
VTC,33446,76.96,76.56,76.96,76.5,1732165200000000000,371
VTEB,3682905,50.58,50.56,50.6099,50.52,1732165200000000000,8631
VTEC,43834,100.45,100.35,100.5473,100.32,1732165200000000000,269
VTEI,29957,100.04,100,100.08,99.95,1732165200000000000,246
VTES,22896,100.79,100.77,100.89,100.72,1732165200000000000,201
VTEX,351791,6.29,6.38,6.44,6.19,1732165200000000000,4160
VTGN,195027,2.6,2.53,2.6465,2.53,1732165200000000000,1208
VTHR,10937,264.43,264.54,265.37,262.43,1732165200000000000,305
VTI,2560659,294.53,295.05,295.77,291.95,1732165200000000000,51022
VTIP,1132792,48.92,48.86,48.93,48.86,1732165200000000000,3152
VTLE,709211,33.12,32.8,33.92,32.79,1732165200000000000,10656
VTMX,122014,25.18,24.44,25.18,24.39,1732165200000000000,1478
VTN,95574,11.36,11.36,11.365,11.32,1732165200000000000,773
VTOL,135115,37.6,37.99,38.1075,37.56,1732165200000000000,4307
VTR,2060570,64.23,64.3,64.56,63.77,1732165200000000000,23888
VTRS,6961746,13.2,13.25,13.325,13.1,1732165200000000000,36060
VTS,154936,27.93,27.82,28.2,27.4401,1732165200000000000,3861
VTSI,74561,7.47,7.46,7.58,7.35,1732165200000000000,1164
VTV,1742054,177.08,178.77,179.18,176.68,1732165200000000000,20579
VTVT,5057,15.41,14.83,15.41,14.83,1732165200000000000,1486
VTWG,28329,218.46,221.79,222.92,218.29,1732165200000000000,514
VTWO,2495543,93.9,94.85,95.28,93.5,1732165200000000000,16182
VTWV,34810,152.88,154.76,155.0262,152.6,1732165200000000000,508
VTYX,1553059,1.73,1.73,1.77,1.67,1732165200000000000,7748
VUG,823404,406,403.95,406.67,398.92,1732165200000000000,22056
VUSB,673749,49.72,49.71,49.73,49.71,1732165200000000000,1643
VUSE,9164,60.36,60.675,60.7953,60.36,1732165200000000000,59
VUZI,1263657,1.12,1.3,1.31,1.1,1732165200000000000,3889
VV,204512,273.09,273.33,273.92,270.51,1732165200000000000,4236
VVI,135940,42.38,43.19,43.37,41.86,1732165200000000000,3744
VVOS,106586,2.89,2.95,2.99,2.8,1732165200000000000,434
VVPR,358058,0.84,0.8978,0.9386,0.8012,1732165200000000000,1270
VVR,528909,3.9,3.88,3.9,3.87,1732165200000000000,1456
VVV,1936554,38.33,38.56,38.83,37.97,1732165200000000000,21715
VVX,158760,62.13,61.16,62.14,60.45,1732165200000000000,5113
VWI,3012,27.37,27.355,27.37,27.33,1732165200000000000,9
VWID,503,27.15,27.195,27.195,27.15,1732165200000000000,7
VWO,7958452,45.37,45.4,45.445,45.19,1732165200000000000,24219
VWOB,366707,64.55,64.45,64.59,64.4208,1732165200000000000,2198
VXF,386991,198.24,200,201.098,197.555,1732165200000000000,4915
VXRT,1385171,0.61,0.5993,0.62,0.5852,1732165200000000000,2704
VXUS,3751519,60.58,60.7,60.81,60.405,1732165200000000000,15677
VXX,5656180,46.58,47.65,49.27,46.43,1732165200000000000,131667
VXZ,4762,49.51,49.2059,49.5689,49.18,1732165200000000000,132
VYGR,483366,5.35,5.43,5.49,5.19,1732165200000000000,5485
VYM,1206651,131.2,132.5,132.73,130.88,1732165200000000000,17438
VYMI,261777,69.94,70.07,70.14,69.69,1732165200000000000,2568
VYNE,106176,2.81,2.9,2.95,2.79,1732165200000000000,1132
VYX,1394673,14.27,14.56,14.74,14.24,1732165200000000000,13610
VZ,12534057,42.22,42.5,42.745,42.005,1732165200000000000,82268
VZIO,1308999,11.3,11.31,11.345,11.29,1732165200000000000,6479
VZLA,2213268,1.86,1.88,1.89,1.82,1732165200000000000,5197
W,3206268,42.07,42.63,42.91,41.64,1732165200000000000,35164
WAB,693291,195.57,198.03,198.59,193.87,1732165200000000000,18729
WABC,88896,56.14,56.51,56.8335,55.96,1732165200000000000,3199
WABF,174,25.385,25.385,25.385,25.385,1732165200000000000,9
WAFD,303511,36.16,36.35,36.82,35.99,1732165200000000000,6821
WAFDP,13052,17.22,17.455,17.52,17.22,1732165200000000000,135
WAFU,5437,1.63,1.65,1.6962,1.62,1732165200000000000,43
WAI,32342,0.3672,0.3655,0.4226,0.3606,1732165200000000000,97
WAL,865609,90.05,91.28,92.63,89.47,1732165200000000000,18306
WALpA,88073,21.51,21.37,21.66,21.3,1732165200000000000,255
WALD,281969,3.7,3.44,4,3.33,1732165200000000000,2114
WALDW,200,0.1387,0.1387,0.1387,0.1387,1732165200000000000,1
WANT,30213,48.59,48.96,49.29,47.8787,1732165200000000000,624
WASH,131536,36.78,36.6,37.4,36.5,1732165200000000000,4537
WAT,430294,359.42,368.5,368.57,357.41,1732165200000000000,13344
WATT,166529,0.48,0.465,0.5,0.45,1732165200000000000,361
WAVE,70857,9.12,9.24,9.7344,8.58,1732165200000000000,1761
WAVS,5413,11.06,11.05,11.43,11.02,1732165200000000000,56
WAY,469165,30.9,31.14,31.25,30.42,1732165200000000000,9803
WB,1861328,9.14,8.97,9.15,8.84,1732165200000000000,13258
WBA,19346762,8.26,8.3,8.33,8.08,1732165200000000000,74604
WBAT,182,27.6,27.6728,27.6728,27.6,1732165200000000000,6
WBD,38932167,9.975,10.23,10.3,9.92,1732165200000000000,94049
WBIF,67,30.0719,30.0719,30.0719,30.0719,1732165200000000000,8
WBIG,116,25.065,25.065,25.065,25.065,1732165200000000000,5
WBIL,6,36.6738,36.6738,36.6738,36.6738,1732165200000000000,3
WBIY,797,31.55,31.7861,31.7861,31.52,1732165200000000000,17
WBND,776,19.96,19.895,19.96,19.89,1732165200000000000,62
WBS,771364,59.75,60.49,60.93,59.6,1732165200000000000,12363
WBSpF,12922,21,21,21.21,20.9014,1732165200000000000,147
WBSpG,1677,24.3,24.3501,24.5799,24.3,1732165200000000000,19
WBTN,283649,11.91,11.81,12.24,11.63,1732165200000000000,5344
WBUY,3616764,0.19,0.1912,0.203,0.1852,1732165200000000000,3717
WBX,928442,0.61,0.677,0.6884,0.60555,1732165200000000000,2673
WCBR,14989,27.82,28.61,28.64,27.78,1732165200000000000,227
WCC,585289,200.8,207.41,209.5599,200.8,1732165200000000000,15093
WCCpA,21295,26.1,26.11,26.15,26.09,1732165200000000000,228
WCEO,51,31.992,31.992,31.992,31.992,1732165200000000000,3
WCLD,371151,37.74,38.65,38.8,37.6869,1732165200000000000,2331
WCME,0,13.575,13.575,13.575,13.575,1732165200000000000,0
WCMI,15606,15.225,15.2794,15.28,15.225,1732165200000000000,10
WCN,753173,186.46,189.01,189.48,185.305,1732165200000000000,14698
WCT,2343104,3.05,1.25,3.3,0.94,1732165200000000000,7482
WD,98554,106.68,106.81,107.755,106.165,1732165200000000000,3751
WDAY,2190055,263.41,268.07,269.825,261.55,1732165200000000000,46035
WDC,4039511,64.47,65.88,66.51,63.9,1732165200000000000,55085
WDFC,64408,278.17,278.04,281.02,276.02,1732165200000000000,3519
WDH,17739,1.15,1.13,1.15,1.1,1732165200000000000,184
WDI,310308,14.69,14.69,14.74,14.64,1732165200000000000,1047
WDIV,7093,65.03,65.3188,65.3927,64.98,1732165200000000000,125
WDNA,0,15.1468,15.1468,15.1468,15.1468,1732165200000000000,0
WDS,852674,15.97,16.19,16.285,15.97,1732165200000000000,7227
WDTE,23446,40.85,41.04,41.0894,40.7,1732165200000000000,660
WEA,24447,11.02,11.08,11.19,10.98,1732165200000000000,96
WEAT,555942,5.01,4.97,5.025,4.95,1732165200000000000,1078
WEAV,1084148,13.84,13.44,13.88,13.38,1732165200000000000,10804
WEBL,467569,25.47,25.77,26.0565,24.86,1732165200000000000,3162
WEBS,54171,38.96,38.15,39.67,37.8401,1732165200000000000,2018
WEC,1928774,99.05,100.96,101,98.65,1732165200000000000,27144
WEED,7711,20.33,19.6724,20.33,19.25,1732165200000000000,261
WEEI,1242,24.3,24.2301,24.3,24.2187,1732165200000000000,17
WEEL,213,20.659,20.715,20.715,20.659,1732165200000000000,8
WEIX,82936,26.72,26.7161,26.73,26.48,1732165200000000000,168
WEL,21519,11.85,11.88,11.9,11.85,1732165200000000000,54
WELL,1831042,137.27,137.88,138.34,136.82,1732165200000000000,25068
WEN,3475762,17.92,18.11,18.13,17.7,1732165200000000000,29007
WERN,382042,39.08,39.3,39.715,38.99,1732165200000000000,8181
WES,1277690,37.45,37.93,38.13,37.26,1732165200000000000,11473
WEST,319852,6.91,7.35,7.39,6.8,1732165200000000000,4237
WETH,530247,1.65,1.795,1.82,1.62,1732165200000000000,1439
WEX,352495,181.68,181.73,183.96,180.93,1732165200000000000,8797
WEYS,8847,35,36.03,36.09,35,1732165200000000000,375
WF,32553,35.66,35.95,36.02,35.66,1732165200000000000,637
WFC,20068239,73.935,74.83,76.04,73.935,1732165200000000000,148889
WFCpA,62783,20.47,20.55,20.58,20.41,1732165200000000000,428
WFCpC,91046,19.25,19.38,19.48,19.2265,1732165200000000000,683
WFCpD,103060,19.16,19.22,19.35,19.07,1732165200000000000,629
WFCpL,2712,1223.77,1229,1229,1223.77,1732165200000000000,442
WFCpY,108021,24.73,24.78,24.89,24.6727,1732165200000000000,312
WFCpZ,403797,20.4,20.57,20.58,20.4,1732165200000000000,1175
WFCF,1356,11.3015,11.3373,11.4832,11.2988,1732165200000000000,29
WFG,170201,94.22,95.51,96.54,94.22,1732165200000000000,4185
WFH,1075,63.4565,64.147,64.3,63.4565,1732165200000000000,27
WFRD,850124,82.84,85.32,85.72,82.84,1732165200000000000,15104
WGMI,1174592,27.84,25.79,28.1938,24.88,1732165200000000000,6440
WGO,584254,57.7,58.5,59.7499,57.17,1732165200000000000,11414
WGS,675502,69.16,72.07,75.4899,69.0001,1732165200000000000,14170
WGSWW,85209,0.1365,0.1735,0.1754,0.0947,1732165200000000000,145
WH,563318,94.93,96.39,97.19,94.435,1732165200000000000,9555
WHD,797852,65.91,68.45,69.47,65.71,1732165200000000000,14346
WHF,123027,10.5,10.49,10.53,10.42,1732165200000000000,1087
WHFCL,2086,25.5,25.5427,25.5427,25.5,1732165200000000000,39
WHG,40224,17,16.7,17.18,16.2,1732165200000000000,5407
WHLM,49419,3.76,3.8416,3.91,3.68,1732165200000000000,291
WHLR,57537,9.01,8.69,9.6926,8.6,1732165200000000000,1014
WHLRD,29309,26.15,25.97,26.49,25.23,1732165200000000000,338
WHLRP,15134,3.12,3.24,3.54,3.01,1732165200000000000,311
WHR,367384,109.97,111.18,111.77,109.16,1732165200000000000,10487
WIA,48070,8.1,8.16,8.2,8.09,1732165200000000000,286
WILC,32573,13.83,14.5,14.8,13.5,1732165200000000000,435
WIMI,159777,0.7611,0.7801,0.8,0.7607,1732165200000000000,420
WINA,12400,393.7,399.62,399.78,393.7,1732165200000000000,1722
WINC,267,24.005,24.005,24.005,24.005,1732165200000000000,64
WING,529713,331.69,338.41,338.62,322.82,1732165200000000000,14617
WINN,80803,26.93,26.8,26.93,26.48,1732165200000000000,323
WINT,244378,0.52,0.5093,0.52,0.49,1732165200000000000,520
WINV,379,11.86,11.77,11.87,11.77,1732165200000000000,6
WIP,21042,37.43,37.25,37.57,37.1814,1732165200000000000,203
WISA,284701,1.89,1.84,1.92,1.75,1732165200000000000,1542
WISE,3642,32.34,32.77,32.88,32,1732165200000000000,68
WIT,2437415,6.78,6.79,6.81,6.75,1732165200000000000,9609
WIW,342788,8.51,8.55,8.59,8.51,1732165200000000000,1154
WIX,989647,211,219.19,220.22,208.4947,1732165200000000000,24634
WK,336297,93.06,94.87,95,92.45,1732165200000000000,9991
WKC,497461,28.11,28.02,28.3799,27.95,1732165200000000000,10211
WKEY,21557,2.03,1.94,2.03,1.87,1732165200000000000,141
WKHS,5010311,1.05,0.9612,1.08,0.8777,1732165200000000000,13887
WKSP,4257057,0.56,0.58,0.65,0.5301,1732165200000000000,6634
WLACU,104127,9.95,9.95,9.955,9.95,1732165200000000000,88
WLDN,102540,41.83,41.78,42.59,41.515,1732165200000000000,3173
WLDR,2406,34.2002,34.465,34.76,34.2002,1732165200000000000,19
WLDS,71906,1.52,1.45,1.55,1.3224,1732165200000000000,768
WLDSW,1388,0.1401,0.14,0.1631,0.14,1732165200000000000,10
WLFC,50466,190.29,199.14,201.9999,190.29,1732165200000000000,2641
WLGS,26845,4.18,3.92,4.18,3.79,1732165200000000000,235
WLK,409379,128.18,129.16,129.43,126.86,1732165200000000000,7799
WLKP,50116,22.75,23.07,23.1,22.7,1732165200000000000,372
WLTG,92,30.2339,30.2339,30.2339,30.2339,1732165200000000000,10
WLY,213722,50.07,50.95,51.25,49.944,1732165200000000000,6109
WM,1651793,218.9,221.53,222.27,217.4,1732165200000000000,26563
WMB,5397169,58.7,59.74,60.045,58.52,1732165200000000000,52290
WMG,7891803,33.71,31.18,34.2,29.9601,1732165200000000000,60920
WMK,44496,70.75,70.75,71.305,69.93,1732165200000000000,2790
WMPN,8536,13.015,13.02,13.2,13.005,1732165200000000000,160
WMS,862759,128.21,128.41,131.36,127.625,1732165200000000000,17721
WMT,18729222,87.45,88.39,88.64,86.93,1732165200000000000,175995
WNC,323233,18.53,18.91,19.01,18.45,1732165200000000000,8875
WNDY,372,11.39,11.42,11.42,11.39,1732165200000000000,20
WNEB,45675,9.04,9.07,9.2,8.9735,1732165200000000000,806
WNS,510962,50.56,51.9,52.26,50.22,1732165200000000000,7511
WNW,47079,0.805,0.83,0.837425,0.78,1732165200000000000,155
WOK,11673,5.89,5.76,6.16,5.729,1732165200000000000,420
WOLF,10570922,6.4,6.44,6.74,6.1,1732165200000000000,50706
WOMN,206,39.5959,39.5959,39.5959,39.5959,1732165200000000000,15
WOOD,6131,79.31,79.59,79.6499,79.26,1732165200000000000,172
WOOF,2536606,4,4.17,4.19,3.95,1732165200000000000,16497
WOR,163187,38.8,39.57,39.93,38.8,1732165200000000000,5118
WORX,144385787,1.66,2.12,2.75,1.5801,1732165200000000000,588908
WOW,199194,5.24,5.13,5.24,5.08,1732165200000000000,2779
WPC,727099,56.5,56.85,57.02,56.36,1732165200000000000,11717
WPM,1093657,63.47,63.48,63.52,62.8484,1732165200000000000,13502
WPP,133384,51.29,51.48,51.5999,51.14,1732165200000000000,3730
WPRT,46016,4.29,4.32,4.44,4.23,1732165200000000000,308
WRAP,294391,1.51,1.5,1.59,1.47,1732165200000000000,1051
WRB,1830005,61.24,62.14,62.26,60.9,1732165200000000000,19112
WRBpE,7475,24.625,24.6548,24.7645,24.5101,1732165200000000000,99
WRBpF,17031,21.95,22.0459,22.18,21.95,1732165200000000000,207
WRBpG,8999,18.6,18.86,18.86,18.6,1732165200000000000,84
WRBpH,8711,18.36,18.32,18.48,18.2518,1732165200000000000,147
WRBY,1470517,23.27,23.27,23.27,22.64,1732165200000000000,19686
WRD,89216,18.2,18.2,18.59,17.7,1732165200000000000,1473
WRLD,14312,117.5,117.57,117.57,116.1313,1732165200000000000,1325
WRN,86938,1.15,1.14,1.16,1.12,1732165200000000000,394
WRND,37,29.03,29.03,29.03,29.03,1732165200000000000,4
WS,197414,44.36,43.95,44.75,43.88,1732165200000000000,5196
WSBC,289109,35.59,36.06,36.44,35.38,1732165200000000000,8761
WSBCP,3710,25.1999,25.2,25.21,25.165,1732165200000000000,34
WSBF,36784,15.27,15.38,15.38,15.1514,1732165200000000000,1172
WSC,2049250,35.07,35.44,35.71,34.75,1732165200000000000,28812
WSFS,326065,57.97,58.71,59.215,57.57,1732165200000000000,7571
WSM,3253536,176.06,172.49,176.4997,169.4,1732165200000000000,49856
WSO,178013,534.65,546.24,549.7388,531.53,1732165200000000000,9129
WSO.B,208,535,535,535,535,1732165200000000000,5
WSR,183378,14.46,14.66,14.66,14.4217,1732165200000000000,3135
WST,431387,313.12,320.88,321.17,308.455,1732165200000000000,14641
WT,2182678,11.92,12,12.14,11.775,1732165200000000000,18485
WTAI,40123,21.49,21.72,21.7697,21.353,1732165200000000000,282
WTBA,22230,23.75,24.07,24.23,23.7,1732165200000000000,706
WTBN,110967,25.04,25.09,25.29,25.04,1732165200000000000,272
WTFC,312212,131.42,133.63,134.54,130.93,1732165200000000000,10240
WTFCM,3178,25.11,25.09,25.1249,25.077,1732165200000000000,67
WTFCP,18916,25.2,25.22,25.24,25.2,1732165200000000000,127
WTI,3230102,2.05,1.98,2.05,1.97,1732165200000000000,5212
WTID,1342,14.92,15.32,15.32,14.92,1732165200000000000,33
WTIU,28214,16.48,16.35,16.85,16.3,1732165200000000000,192
WTM,7412,1937.21,1971.32,1971.85,1937.21,1732165200000000000,1238
WTMA,101,11.25,11.25,11.25,11.25,1732165200000000000,2
WTMF,38780,35.38,36.99,36.99,35.36,1732165200000000000,246
WTO,156669,0.332,0.337,0.343589,0.3286,1732165200000000000,602
WTRE,2042,18.3154,18.33,18.3772,18.3154,1732165200000000000,20
WTRG,1026149,38.94,39.36,39.47,38.89,1732165200000000000,13246
WTS,105380,208.25,210.8,212.39,207.785,1732165200000000000,5171
WTTR,909972,14.41,14.58,14.755,14.235,1732165200000000000,9663
WTV,77503,86.99,87.69,87.825,86.53,1732165200000000000,192
WTW,615823,309.8,314.16,315.665,307.14,1732165200000000000,18049
WU,2978989,10.745,10.86,10.92,10.7006,1732165200000000000,18080
WUCT,0,35.8634,35.8634,35.8634,35.8634,1732165200000000000,0
WUGI,12450,74.676,74.7318,74.885,73.8416,1732165200000000000,62
WULF,28215909,7.45,6.99,7.5575,6.54,1732165200000000000,117326
WUSA,2484,26,26.15,26.15,26,1732165200000000000,19
WVE,1264830,14.24,14.35,15,13.87,1732165200000000000,13231
WVVI,948,3.315,3.364,3.364,3.26,1732165200000000000,36
WW,3117045,0.9381,1.01,1.05,0.9104,1732165200000000000,4478
WWD,557874,172.68,172.54,174.41,171.86,1732165200000000000,12871
WWJD,31787,29.72,29.75,29.8913,29.6408,1732165200000000000,199
WWR,175208,0.54,0.54,0.55,0.5261,1732165200000000000,623
WWW,717932,22.19,22.88,23.15,22.01,1732165200000000000,12002
WY,2763630,30.62,30.6,30.77,30.42,1732165200000000000,23962
WYNN,1612685,91.01,91.74,91.91,89.69,1732165200000000000,29959
WYY,163841,4.79,4.78,5.2,4.63,1732165200000000000,1418
X,7837119,38.5,40.51,42,38.38,1732165200000000000,71053
XAIR,325685,0.49,0.5193,0.5216,0.49,1732165200000000000,766
XAIX,52859,34.09,34.11,34.19,33.68,1732165200000000000,395
XAPR,3082,32.15,32.165,32.21,32.1064,1732165200000000000,26
XAR,185892,168.63,170.17,170.8563,167.2832,1732165200000000000,2335
XAUG,15145,34.1,34.0898,34.1,34,1732165200000000000,66
XB,809,39.86,39.7918,39.86,39.79,1732165200000000000,13
XBAP,950,33.86,33.9125,33.94,33.86,1732165200000000000,15
XBB,2736,40.64,40.55,40.65,40.55,1732165200000000000,29
XBI,11716988,94.11,94.3,95.44,92.74,1732165200000000000,103590
XBIL,70462,50.12,50.115,50.12,50.11,1732165200000000000,260
XBIO,5190,3.81,4.0126,4.02,3.81,1732165200000000000,43
XBIT,30677,6.55,6.62,6.85,6.44,1732165200000000000,800
XBJA,12509,28.605,28.6252,28.6594,28.58,1732165200000000000,35
XBJL,11237,34.06,34.0611,34.08,34.02,1732165200000000000,18
XBOC,6226,30.2499,30.2024,30.2645,30.16,1732165200000000000,16
XBP,79101,1.35,1.26,1.37,1.2101,1732165200000000000,289
XBPEW,2425,0.0339,0.0339,0.0339,0.0339,1732165200000000000,2
XC,2446,31.2751,31.3979,31.4101,31.2751,1732165200000000000,37
XCCC,24304,39.52,39.57,39.6826,39.52,1732165200000000000,130
XCEM,197925,31.07,31.13,31.21,30.915,1732165200000000000,596
XCH,53846,16.81,14.6967,16.85,14.28,1732165200000000000,1203
XCLR,203,33.13,33.0308,33.13,33.0308,1732165200000000000,5
XCNY,0,24.4406,24.4406,24.4406,24.4406,1732165200000000000,0
XCOR,14547,70.7,70.81,71.04,70.7,1732165200000000000,17
XCUR,1019698,10.64,10.86,12,8.43,1732165200000000000,11762
XDAP,50,35.3202,35.3202,35.3202,35.3202,1732165200000000000,4
XDAT,1038,26.08,26.3857,26.39,26.08,1732165200000000000,23
XDEC,14969,37.09,37.1301,37.1681,36.94,1732165200000000000,85
XDJA,1061,28.28,28.3102,28.3102,28.28,1732165200000000000,9
XDJL,497,34.69,34.7243,34.7243,34.69,1732165200000000000,6
XDOC,115,30.3892,30.3892,30.3892,30.3892,1732165200000000000,2
XDQQ,5978,33.31,33.328,33.38,33.11,1732165200000000000,58
XDSQ,32572,36.26,36.3989,36.46,36.26,1732165200000000000,210
XDTE,190973,52.5,52.6,52.66,52.045,1732165200000000000,3128
XEL,2645011,70.4741,71.38,71.43,69.82,1732165200000000000,38622
XELB,5925,0.7,0.6951,0.7,0.69,1732165200000000000,32
XEMD,9241,42.1103,42.18,42.2009,42.11,1732165200000000000,61
XENE,305496,39.39,39.8,41,38.71,1732165200000000000,5869
XERS,1296805,3.08,3.04,3.12,3.03,1732165200000000000,8470
XES,63943,84.11,85.79,86.27,84.0007,1732165200000000000,665
XFEB,2108,32.4355,32.4897,32.52,32.41,1732165200000000000,15
XFIV,17032,48.34,48.2202,48.35,48.1999,1732165200000000000,94
XFIX,1,52.01,52.01,52.01,52.01,1732165200000000000,1
XFLT,1416509,6.91,6.9,6.92,6.86,1732165200000000000,1501
XFLTpA,409,25.1608,25.1608,25.1608,25.1608,1732165200000000000,8
XFLX,734,25.085,25.0902,25.0902,25.085,1732165200000000000,2
XFOR,1642963,0.34,0.3684,0.3725,0.3336,1732165200000000000,2889
XGN,153897,4.72,3.92,4.83,3.85,1732165200000000000,1302
XHB,1023734,117.18,117.91,118.849,116.81,1732165200000000000,16824
XHE,9937,89.91,90.78,91,89.91,1732165200000000000,273
XHG,41704,1.45,1.5,1.5699,1.3641,1732165200000000000,368
XHLF,97846,50.28,50.26,50.28,50.26,1732165200000000000,332
XHR,566914,14.87,15.02,15.09,14.84,1732165200000000000,8664
XHS,2685,92.86,94.4412,94.4412,92.77,1732165200000000000,73
XHYC,4,37.6236,37.6236,37.6236,37.6236,1732165200000000000,4
XHYD,776,38.04,38.1257,38.14,38.04,1732165200000000000,16
XHYE,26,39.0673,39.0673,39.0673,39.0673,1732165200000000000,5
XHYF,63,37.685,37.685,37.685,37.685,1732165200000000000,6
XHYH,125,35.2629,35.2629,35.2629,35.2629,1732165200000000000,7
XHYI,45,38.1644,38.1644,38.1644,38.1644,1732165200000000000,7
XHYT,369,35.06,35.0368,35.06,35.0368,1732165200000000000,22
XIDE,1507,30.2783,30.2801,30.29,30.24,1732165200000000000,10
XIJN,35,30.82,30.82,30.82,30.82,1732165200000000000,2
XIMR,3161,31.14,31.1101,31.1499,31.0965,1732165200000000000,17
XIN,17731,3.51,3.22,3.57,3.22,1732165200000000000,163
XISE,13165,30.265,30.2906,30.33,30.24,1732165200000000000,74
XITK,2323,175.06,177.3977,177.9,175.06,1732165200000000000,74
XJAN,3246,33.47,33.5402,33.57,33.47,1732165200000000000,20
XJH,26343,43.7585,44.3,44.3586,43.7585,1732165200000000000,96
XJR,8799,43.885,43.8948,44.0192,43.8014,1732165200000000000,44
XJUL,1627,35.311,35.4029,35.4295,35.31,1732165200000000000,10
XJUN,14746,38.51,38.5296,38.5296,38.4125,1732165200000000000,70
XLB,4201154,92.46,93.57,93.5999,92.19,1732165200000000000,40684
XLC,3833972,97.29,97.09,97.34,95.76,1732165200000000000,32510
XLE,16770514,96.78,97.12,97.85,96.54,1732165200000000000,127894
XLF,50881767,49.79,50.17,50.3951,49.66,1732165200000000000,100122
XLG,1669198,49.42,49.12,49.45,48.53,1732165200000000000,10769
XLI,9677406,139.62,140.69,141.18,139.08,1732165200000000000,90169
XLK,5295868,233.37,233.48,234.57,229.8003,1732165200000000000,60178
XLO,202186,0.9411,0.92,0.9411,0.851,1732165200000000000,432
XLP,8185848,80.31,81.09,81.18,80.09,1732165200000000000,48228
XLRE,3070245,43.51,43.76,43.905,43.32,1732165200000000000,19916
XLSR,48934,53.96,54.17,54.3022,53.6,1732165200000000000,381
XLU,10882034,80.61,81.89,81.99,80.225,1732165200000000000,77289
XLV,7969570,142.88,144.03,144.23,142.14,1732165200000000000,79706
XLY,2734286,215.27,215,215.54,213.34,1732165200000000000,43674
XMAG,35086,20.2,20.41,20.4351,20.15,1732165200000000000,141
XMAR,5679,35.94,35.9568,35.9627,35.9,1732165200000000000,27
XMAY,2820,31.39,31.4398,31.4398,31.39,1732165200000000000,13
XME,1244145,67.35,68.48,68.77,66.92,1732165200000000000,16869
XMHQ,367047,104.6,105.3,105.64,103.7919,1732165200000000000,3178
XMLV,15985,63.69,64.32,64.36,63.565,1732165200000000000,191
XMMO,570912,130.68,132.25,132.74,130.1323,1732165200000000000,6171
XMPT,26678,22.25,22.26,22.36,22.25,1732165200000000000,81
XMTR,514525,29.99,31.07,31.7573,29.46,1732165200000000000,10967
XMVM,15220,59.06,59.93,60.11,59.06,1732165200000000000,143
XNAV,310,72.3,72.1433,72.3,72.1433,1732165200000000000,13
XNCR,774158,23.51,24.1,24.2025,23.5,1732165200000000000,11053
XNET,60079,1.87,1.86,1.9199,1.86,1732165200000000000,289
XNOV,11471,34.12,34.0529,34.12,33.99,1732165200000000000,87
XNTK,4944,202.6356,205.367,205.8687,202.47,1732165200000000000,186
XOCT,19393,34.08,34.1891,34.24,34.07,1732165200000000000,68
XOM,14675422,121.08,121.93,122.5547,120.27,1732165200000000000,132067
XOMA,24239,30.43,30.07,30.49,29.8,1732165200000000000,1369
XOMAO,2354,25.39,25.33,25.39,25.2801,1732165200000000000,23
XOMAP,611,25.69,25.69,25.69,25.69,1732165200000000000,10
XOMO,17452,17.01,17,17.07,16.8,1732165200000000000,367
XONE,50749,49.6099,49.6,49.62,49.5901,1732165200000000000,230
XOP,2498933,146.28,146.91,148.005,146.09,1732165200000000000,32666
XOS,73001,3.81,4.06,4.37,3.79,1732165200000000000,872
XOSWW,395268,0.008,0.01,0.01,0.0075,1732165200000000000,989
XOVR,284334,18.22,18.19,18.2499,17.98,1732165200000000000,51
XP,5200040,15.47,15.52,15.835,15.46,1732165200000000000,39326
XPAY,1878,58.49,58.7203,58.76,58.1799,1732165200000000000,97
XPEL,112979,43.43,44.85,44.96,42.53,1732165200000000000,3748
XPER,532983,8.7,8.7,8.82,8.5131,1732165200000000000,5714
XPEV,12557927,12.12,12.29,12.39,11.88,1732165200000000000,62329
XPH,9273,45.7,46.34,46.55,45.5433,1732165200000000000,186
XPL,51945,0.57,0.59,0.6,0.57,1732165200000000000,164
XPND,2158,30.39,30.42,30.42,30.09,1732165200000000000,36
XPO,1097638,147.21,149.69,152.225,147.21,1732165200000000000,19839
XPOF,1967088,14.54,14.37,14.59,13.74,1732165200000000000,20258
XPON,250224,2.59,2.46,2.59,2.42,1732165200000000000,1125
XPP,11634,18.19,18.3345,18.3345,18.161,1732165200000000000,79
XPRO,1067670,13.2,13.61,13.73,13.09,1732165200000000000,11053
XRAY,1698747,18.5,18.64,18.79,18.32,1732165200000000000,18111
XRLV,910,55.3783,55.8145,55.8145,55.3783,1732165200000000000,21
XRLX,458,44.23,44.1855,44.23,44.1855,1732165200000000000,6
XRMI,20279,18.95,19.0004,19.04,18.92,1732165200000000000,97
XRT,4499730,77.89,78.92,78.97,77.56,1732165200000000000,32938
XRTX,7124,1.26,1.265,1.2814,1.23,1732165200000000000,84
XRX,1856388,8.36,8.75,8.83,8.27,1732165200000000000,17249
XSD,39175,234.12,237.43,239.13,231.995,1732165200000000000,1060
XSEP,8883,38.701,38.79,38.8106,38.7,1732165200000000000,55
XSHD,43169,15.22,15.31,15.34,15.1083,1732165200000000000,362
XSHQ,402664,45.68,46.09,46.19,45.49,1732165200000000000,266
XSLV,8868,49.78,50.21,50.275,49.78,1732165200000000000,76
XSMO,592375,71.29,71.83,72.045,70.98,1732165200000000000,4901
XSOE,230551,31.15,31.25,31.255,31.06,1732165200000000000,1493
XSVM,43006,57.95,58.55,58.7018,57.9401,1732165200000000000,383
XSVN,17682,46.87,46.8,46.95,46.765,1732165200000000000,156
XSW,28500,189.38,189.92,191.41,187.82,1732165200000000000,836
XT,181923,60.02,60.4,60.55,59.75,1732165200000000000,978
XTAP,617,34.29,34.396,34.45,34.29,1732165200000000000,9
XTEN,9091,45.8158,45.6596,45.82,45.595,1732165200000000000,96
XTIA,96113456,0.0469,0.0489,0.0529,0.0469,1732165200000000000,19628
XTJA,227,27.5881,27.594,27.594,27.5881,1732165200000000000,2
XTJL,804,33.65,33.6163,33.65,33.6163,1732165200000000000,6
XTKG,21344997,0.0856,0.108,0.1139,0.076,1732165200000000000,82061
XTL,9068,105.96,107.7,107.88,105.73,1732165200000000000,217
XTLB,6083,1.68,1.83,1.83,1.6743,1732165200000000000,61
XTN,247176,90.82,91.39,91.75,90.82,1732165200000000000,2779
XTNT,243260,0.4127,0.4147,0.4249,0.4102,1732165200000000000,436
XTOC,2709,29.55,29.4511,29.55,29.35,1732165200000000000,15
XTR,98,33.3303,33.3303,33.3303,33.3303,1732165200000000000,22
XTRE,13999,48.9157,48.86,48.9299,48.84,1732165200000000000,67
XTWO,10895,49.169,49.13,49.1799,49.13,1732165200000000000,99
XTWY,5022,40.06,39.98,40.25,39.96,1732165200000000000,55
XUSP,9668,40.77,41.233,41.32,40.7,1732165200000000000,87
XVOL,782,23.32,23.7358,23.7358,23.3,1732165200000000000,12
XVV,13260,45.71,45.8099,45.85,45.2404,1732165200000000000,106
XWEL,14325,1.49,1.4466,1.5,1.4149,1732165200000000000,182
XXCH,6,25.3377,25.3377,25.3377,25.3377,1732165200000000000,3
XXII,10914438,0.0921,0.099,0.1071,0.0921,1732165200000000000,5320
XYF,5278,6.25,6.25,6.4,6.25,1732165200000000000,78
XYL,1686184,122.9,125.36,126.97,122.9,1732165200000000000,27102
XYLD,239369,41.77,41.85,41.8699,41.655,1732165200000000000,2232
XYLE,129,27.14,27.02,27.14,27.02,1732165200000000000,5
XYLG,6651,32.68,32.789,32.8694,32.04,1732165200000000000,142
XYLO,4957,3.1747,3.14,3.2,3.0623,1732165200000000000,77
YALA,323529,4.29,4.23,4.29,4.16,1732165200000000000,1327
YALL,15001,39.96,39.6336,39.989,39.37,1732165200000000000,150
YANG,499592,79.13,78.86,79.77,78.46,1732165200000000000,8716
YBIT,249170,15.82,15.66,15.835,15.6,1732165200000000000,2422
YBTC,38939,53.89,53.78,53.89,52.6621,1732165200000000000,705
YCBD,67568,0.4478,0.4604,0.475,0.44,1732165200000000000,259
YCBDpA,13878,0.67,0.699,0.7,0.62,1732165200000000000,44
YCL,99884,21.15,21.1599,21.31,21.11,1732165200000000000,368
YCS,4482,45.385,45.5383,45.6,45.23,1732165200000000000,163
YDEC,3197,23.08,23.0623,23.09,22.9906,1732165200000000000,21
YEAR,66575,50.56,50.57,50.57,50.5309,1732165200000000000,160
YELP,837196,35.89,35.58,35.95,34.44,1732165200000000000,13047
YETH,8406,52.13,53.075,53.8099,52.13,1732165200000000000,138
YETI,1154714,37.48,38.5,38.56,37.22,1732165200000000000,19394
YEXT,599813,7.8,7.95,7.98,7.73,1732165200000000000,7055
YGMZ,12573,1.14,1.1,1.18,1.1,1732165200000000000,81
YHGJ,786,0.6877,0.69385,0.69385,0.6877,1732165200000000000,22
YHNA,119193,10.01,10.01,10.01,10,1732165200000000000,29
YHNAR,250000,0.12,0.12,0.12,0.12,1732165200000000000,2
YI,70704,0.6087,0.613,0.6509,0.59,1732165200000000000,166
YIBO,22020,4.05,3.74,4.08,3.61,1732165200000000000,262
YINN,4365330,28.04,28.13,28.32,27.82,1732165200000000000,25279
YJ,16792,1.72,1.64,1.86,1.56,1732165200000000000,127
YJUN,16724,21.73,21.78,21.79,21.67,1732165200000000000,72
YLD,361350,19.47,19.47,19.49,19.4,1732165200000000000,535
YLDE,6625,52.115,52.6297,52.655,52.115,1732165200000000000,47
YMAB,245874,10.56,10.1,10.915,9.847,1732165200000000000,4828
YMAG,793440,19.53,19.33,19.58,19.11,1732165200000000000,5575
YMAR,12641,22.93,22.8909,22.93,22.8817,1732165200000000000,40
YMAX,988853,18.19,18.13,18.31,17.92,1732165200000000000,7729
YMM,18458137,9.64,9.7,9.74,9.38,1732165200000000000,81221
YOLO,87082,2.62,2.59,2.666,2.58,1732165200000000000,592
YORW,50658,35.71,35.47,35.735,35.3,1732165200000000000,1874
YOSH,14096,3.71,3.4058,3.71,3.4058,1732165200000000000,969
YOTA,210,11.24,11.24,11.24,11.24,1732165200000000000,7
YOTAR,100,0.0911,0.0911,0.0911,0.0911,1732165200000000000,1
YOTAW,939754,0.095,0.05,0.095,0.041,1732165200000000000,69
YOU,2091008,26.74,25.89,26.82,25.85,1732165200000000000,24210
YPF,5340543,37.99,37.47,38.45,36.7,1732165200000000000,39214
YQ,11450,1.86,1.9,1.905,1.75,1732165200000000000,150
YQQQ,14591,17.77,17.85,18.01,17.77,1732165200000000000,216
YRD,198146,4.87,4.84,5.13,4.57,1732165200000000000,1326
YSEP,5835,21.775,21.7902,21.84,21.74,1732165200000000000,22
YSG,626846,4.36,4.46,4.615,4.3,1732165200000000000,5512
YTRA,60252,1.3901,1.475,1.48,1.3901,1732165200000000000,568
YUM,1031088,133.16,134.22,134.43,131.78,1732165200000000000,22571
YUMC,2139228,47.02,47.09,47.32,46.58,1732165200000000000,25697
YXI,2481,14.22,14.2105,14.2364,14.161,1732165200000000000,74
YXT,9979,2.06,2.1,2.15,2.05,1732165200000000000,105
YY,228035,35.78,36.03,36.23,35.78,1732165200000000000,5248
YYAI,571290,5.02,4.71,5.3,4.41,1732165200000000000,2348
YYGH,23461,1.9,1.92,1.92,1.84,1732165200000000000,172
YYY,299863,12.01,12.1,12.11,12.01,1732165200000000000,855
Z,5310559,78.13,82.15,82.6784,77.3,1732165200000000000,65340
ZALT,96126,29.79,29.76,29.85,29.6675,1732165200000000000,374
ZAPP,233174,1.8,1.94,2.07,1.78,1732165200000000000,1091
ZAPPW,114731,0.0093,0.0095,0.01,0.0087,1732165200000000000,179
ZAUG,7623,24.77,24.83,24.83,24.74,1732165200000000000,127
ZBAO,23478,2.99,2.67,2.9999,2.355,1732165200000000000,160
ZBH,1508186,109.42,108.4,109.59,108.28,1732165200000000000,28090
ZBIO,273555,12.85,10.44,13.39,10.045,1732165200000000000,4079
ZBRA,368386,386.86,392.31,395.14,382.78,1732165200000000000,10042
ZBZX,0,25,25,25,25,1732165200000000000,0
ZCAR,101684,6.84,6.51,7.09,6.4,1732165200000000000,1594
ZCARW,26230,0.0177,0.0188,0.0189,0.0131,1732165200000000000,88
ZCMD,10664,1.13,1.06,1.1599,1.05,1732165200000000000,61
ZD,334938,56.14,57.22,57.52,55.435,1732165200000000000,9448
ZDGE,88882,2.67,2.55,2.806,2.55,1732165200000000000,801
ZECP,38434,31.42,31.58,31.65,31.32,1732165200000000000,114
ZENA,7816824,1.81,1.65,1.85,1.45,1732165200000000000,34911
ZENV,156041,1.36,1.36,1.5,1.3,1732165200000000000,676
ZEO,13237,1.3,1.33,1.36,1.3,1732165200000000000,92
ZEPP,11344,2.68,2.5,2.68,2.5,1732165200000000000,118
ZETA,11737070,23.07,21.72,23.2599,21.22,1732165200000000000,103876
ZEUS,187002,40.69,40.76,41.32,40.58,1732165200000000000,3525
ZEXIT,2000,10,10,10,10,1732165200000000000,1
ZG,742982,75.54,79.26,79.75,74.54,1732165200000000000,16233
ZGN,922668,7.38,7.67,7.69,7.34,1732165200000000000,7072
ZH,65669,3.67,3.57,3.67,3.555,1732165200000000000,954
ZHDG,0,21.0844,21.0844,21.0844,21.0844,1732165200000000000,0
ZI,17097500,10.67,10.37,10.79,10.35,1732165200000000000,66735
ZIEXT,1000,1,1,1,1,1732165200000000000,1
ZIG,2394,41.98,42.57,42.8184,41.98,1732165200000000000,47
ZIM,17386007,26,24.23,26.11,23.31,1732165200000000000,92369
ZIMV,73909,13.56,13.74,13.75,13.44,1732165200000000000,2307
ZION,1160723,58.93,59.14,60.01,58.675,1732165200000000000,20048
ZIONL,6756,25.4577,25.45,25.47,25.45,1732165200000000000,49
ZIONO,36504,25.48,25.4993,25.55,25.46,1732165200000000000,167
ZIONP,4882,23.31,23.5,23.5,23.31,1732165200000000000,21
ZIP,373166,8.77,9.15,9.23,8.7,1732165200000000000,5044
ZIVB,34533,20.67,20.5,20.67,20.29,1732165200000000000,283
ZJK,12853,5.37,5.39,5.39,5.17,1732165200000000000,491
ZJUL,10087,26.92,26.9865,26.9865,26.92,1732165200000000000,33
ZJYL,348013,1,1.07,1.09,0.99,1732165200000000000,1306
ZK,717288,22.25,22.1,22.39,21.32,1732165200000000000,7424
ZKH,78110,3.74,3.81,3.89,3.7,1732165200000000000,672
ZKIN,19422,0.51,0.521,0.5699,0.51,1732165200000000000,118
ZLAB,2700269,26.335,25.7,26.545,25.33,1732165200000000000,13635
ZM,3961971,78.96,81.2,81.65,78.9,1732165200000000000,54309
ZNOV,35248,25.03,25.0497,25.08,25.0029,1732165200000000000,46
ZNTL,1088559,3.12,3.18,3.25,2.99,1732165200000000000,7899
ZOCT,3236,25.14,25.205,25.23,25.14,1732165200000000000,25
ZOM,4101808,0.1319,0.1312,0.1354,0.13,1732165200000000000,4002
ZONE,77012,1.35,1.5,1.52,1.2601,1732165200000000000,393
ZOOZ,19092,2.77,2.77,2.93,2.6399,1732165200000000000,128
ZOOZW,2317,0.05195,0.0404,0.05195,0.0404,1732165200000000000,6
ZROZ,273021,72.76,72.57,73.22,72.1301,1732165200000000000,1753
ZS,1836332,202.43,207.3,210.71,202.35,1732165200000000000,38182
ZSB,238,13.86,13.81,13.86,13.81,1732165200000000000,10
ZSC,33,23.12,23.12,23.12,23.12,1732165200000000000,8
ZSEP,815,24.96,25.025,25.025,24.96,1732165200000000000,17
ZSL,210201,37.42,37.89,38.26,37.35,1732165200000000000,898
ZTAX,1791,26.97,27.2,28.4,26.43,1732165200000000000,37
ZTEK,56045,1.19,1.135,1.19,1.08,1732165200000000000,324
ZTEN,918,50.14,50.14,50.17,50.14,1732165200000000000,11
ZTEST,0,8662.955,8662.955,8662.955,8662.955,1732165200000000000,0
ZTO,5111056,19.68,19.82,20.12,19.62,1732165200000000000,34204
ZTR,333386,5.99,6.025,6.03,5.99,1732165200000000000,956
ZTRE,1341,50.46,50.43,50.46,50.43,1732165200000000000,15
ZTS,2019562,175.7,176.71,177.66,174.55,1732165200000000000,30363
ZTST,0,40.17,40.17,40.17,40.17,1732165200000000000,0
ZTWO,1,50.3646,50.3646,50.3646,50.3646,1732165200000000000,1
ZUMZ,215876,21.53,22,22.28,21.26,1732165200000000000,4906
ZUO,6365228,9.9,9.9,9.9,9.87,1732165200000000000,8115
ZURA,239856,2.94,2.93,2.99,2.905,1732165200000000000,1993
ZVIA,294499,2.05,2.05,2.15,1.9901,1732165200000000000,1632
ZVRA,460347,9.04,9.13,9.3,8.9,1732165200000000000,6107
ZVSA,244860,1.14,1.14,1.1784,1.11,1732165200000000000,1123
ZVZZT,337782,28.91,11.3,28.91,11.3,1732165200000000000,1587
ZWS,611425,39.1,39.35,39.56,38.65,1732165200000000000,9273
ZXIET,2000,100,100,100,100,1732165200000000000,1
ZXZZT,7790,8.1,8.1,8.1,8.1,1732165200000000000,176
ZYME,714021,14.8,13.68,15,13.4,1732165200000000000,8627
ZYXI,65810,7.89,8.11,8.14,7.8,1732165200000000000,1054
ZZZ,1701,27.94,28.1438,28.22,27.94,1732165200000000000,34
